:020000041000EA
:10000000002008205D0100101301001015010010F0
:100010001101001011010010110100101101001058
:10002000110100101101001011010010FD7D0010E0
:1000300011010010110100107D7D0010D97A00100F
:100040001D0100101D0100101D0100101D010010F8
:100050001D0100101D0100101D0100101D010010E8
:100060001D0100101D0100101D0100101D010010D8
:100070001D0100101D0100101D0100101D010010C8
:100080001D0100101D0100101D0100101D010010B8
:100090001D0100101D0100101D0100101D010010A8
:1000A0001D0100101D0100101D0100101D01001098
:1000B0001D0100101D0100101D0100101D01001088
:1000C0001D0100101D0100101D0100101D01001078
:1000D0001D0100101D0100101D0100101D01001068
:1000E0001D0100101D0100101D0100101D01001058
:1000F0001D0100101D0100101D0100101D01001048
:100100001D0100101D0100101D0100101D01001037
:1001100000BE00BE00BE00BE00BE00BEEFF3058004
:10012000103800BEF2EB8871A0940010C494001047
:10013000A801001090A31AE7D3DEFFFF42012110AF
:10014000FF010000FCA90000793512AB4FF0000060
:100150002049086006C881F3088810474FF05040D6
:10016000006810B14FF00000F2E70FA40ECC002998
:1001700002D000F015F8F9E71749184A002000E00E
:1001800001C19142FCD1002080F30A8814498847BC
:10019000144988471449884700BEFDE701C901C2D8
:1001A0009A42FBD3704700BFC49400101001002096
:1001B0008017002034AB0010000008200000082049
:1001C00034AB0010001008200010082000000000D0
:1001D0007047000008ED00E080170020DC260020BA
:1001E00069340010D105001061340010F8B500BF6B
:1001F000064B0749C91A891048BF0131491003D07D
:10020000044B0BB101481847704700BF801700200E
:10021000801700200000000008B5054B1BB1054900
:100220000548AFF30080BDE80840FFF7E1BF00BF1D
:100230000000000000250020D489001080B54E4841
:100240008AB003F07DFA4D4D4D4E4E4FDFF864817C
:1002500046E04D4803F074FA4FF4FA7006F062FF7E
:100260004A4803F06DFA4FF47A71306806F0C4F929
:10027000012843D0464803F063FA4FF0000E454C86
:100280000DF1040C0FCCACE80F0094E803004CF81F
:10029000040BACF80010CDF81AE0CDF81EE001F028
:1002A00055F9002960D04FF47A72002308F054FB0E
:1002B00002460023099238681A4601A905F0E4FEB7
:1002C000002328681A46194605F0DEFE324803F07E
:1002D00037FA324803F034FA40F2DC5006F022FFDD
:1002E0002F4803F02DFA4FF47A71286806F084F94C
:1002F0000128AED02B4803F023FAEAE72A4803F09E
:100300001FFA2A4803F01CFAC82006F00BFF4FF032
:10031000000EDFF8A4C001ACBCE80F000FC49CE8DD
:10032000070003C4130C24F8022B2370ADF81FE060
:100330008DF821E001F00AF9D1B14FF47A7200236F
:1003400008F00AFB0246002301A9099238681A4600
:1003500005F09AFE002330681A46194605F094FE0F
:10036000134803F0EDF9ABE7A8FB00329209A0E7D0
:10037000A8FB00329209E6E7D88900107026002019
:100380007426002038260020148A0010408A0010AD
:10039000D88A0010C8910010048B00104C8B0010FC
:1003A000EC890010208B0010688A0010908A0010E1
:1003B000BC8A0010D34D6210A891001080B54E4841
:1003C0008AB003F0BDF94D4D4D4E4E4FDFF86481BC
:1003D00046E04D4803F0B4F94FF4FA7006F0A2FE7F
:1003E0004A4803F0ADF94FF47A71306806F004F929
:1003F000012843D0464803F0A3F94FF0000E454CC6
:100400000DF1040C0FCCACE80F0094E803004CF89D
:10041000040BACF80010CDF81AE0CDF81EE001F0A6
:1004200095F8002960D04FF47A72002308F094FA0E
:1004300002460023099238681A4601A905F024FEF5
:10044000002328681A46194605F01EFE324803F0BC
:1004500077F9324803F074F940F2DC5006F062FE9E
:100460002F4803F06DF94FF47A71286806F0C4F84C
:100470000128AED02B4803F063F9EAE72A4803F0DD
:100480005FF92A4803F05CF9C82006F04BFE4FF0F4
:10049000000EDFF8A4C001ACBCE80F000FC49CE85C
:1004A000070003C4130C24F8022B2370ADF81FE0DF
:1004B0008DF821E001F04AF8D1B14FF47A720023AF
:1004C00008F04AFA0246002301A9099238681A4640
:1004D00005F0DAFD002330681A46194605F0D4FD10
:1004E000134803F02DF9ABE7A8FB00329209A0E70F
:1004F000A8FB00329209E6E77C8B001074260020EE
:100500007026002038260020B88B0010E48B0010E5
:100510007C8C001008920010A88C0010F08C001049
:10052000908B0010C48C00100C8C0010348C0010C8
:10053000608C0010D34D6210E89100102DE9F0415D
:100540001C488AB003F0FCF800251B4E1B4F1BE033
:100550004FF47A72002308F0FFF9044640F6B833EE
:10056000A4EB050898450BD955B1154803F0E8F8F8
:100570004146144803F064F9134803F0E1F82546B6
:100580004FF4FA7006F0CEFD6422306801A905F040
:10059000EFFE012807D000F0D9FF0029D8D1A7FB32
:1005A0000034A409DAE70948099A01A903F048F9D7
:1005B000099DF0E7208D001038260020D34D6210F1
:1005C000648D0010908D0010AC8D00104C8D0010CB
:1005D00030B583B003F070F84FF4FA6000F0C4FE59
:1005E000344803F0ADF8012005F08EFE0346324C8E
:1005F0000120236005F088FE0346304D00222421AF
:100600000A202B6005F004FD2D4A23681060002BA2
:1006100049D02B68002B46D0002844D00024022566
:10062000284803F08DF8284803F08AF8274803F09B
:1006300087F8274803F084F8264803F081F8264815
:1006400003F07EF8254803F07BF84FF40072234650
:10065000CDE900542249234806F0BAFBCDE9005405
:1006600001254FF4007223461F49204806F0B0FBD5
:100670004FF4007223461E49CDE900541D4806F090
:10068000A7FB1D4803F05CF81C4803F059F81C4810
:1006900003F056F81B4803F053F81B4803F050F8DA
:1006A00006F018FCFEE7194803F04AF8012003B0F1
:1006B00030BD00BFD88D00107026002074260020A9
:1006C00038260020448E0010648E0010788E0010B2
:1006D0009C8E0010B48E0010D88E0010FC8E00107E
:1006E000288F00103D020010308F0010BD03001055
:1006F000388F00103D050010408F0010708F0010E3
:10070000908F0010BC8F0010EC8F00100C8E00102A
:100710000FB400B583B0049C074803F011F83CB156
:1007200005A92046019102F06BFE044803F008F889
:10073000012002F07DFE00BF18900010988E00107E
:1007400070B58646EFF3108572B6124CD4E8CF6FC1
:100750000120002EFAD1C4E8460F002EF6D1BFF3D7
:100760005F8F4FF0010CC80801F007030CFA03F388
:100770001EF800C01CEA030608D14CEA030C0EF870
:1007800000C0C4E88F6F85F3108870BD1046FFF776
:10079000BFFF00BF771C0020F8B5EFF3108772B6DB
:1007A0001C4ED6E8CF5F0124002DFAD1C6E8454F94
:1007B000002DF6D1BFF35F8F9A421BD8012502E0CE
:1007C0000132934222D3D40810F804E002F0070C5F
:1007D00005FA0CFC1EEA0C0FF2D14EEA0C0E00F8E2
:1007E00004E010460023C6E88F3F87F31088984244
:1007F00007DBF8BD0023C6E88F3F87F310884FF072
:10080000FF300029F5D00698FFF782FF4FF0FF3048
:10081000E8E700BF771C0020044A1078431CDBB2D5
:10082000182B28BF10231370704700BF80110020C1
:1008300010B5054C82B001461F23182200940348CE
:10084000FFF7AAFF02B010BD2890001088200020FA
:100850004FF0E022936843F000539360704700BF6D
:100860000021044B03F12002C3E88F1F01339342A0
:10087000FAD170476C1C00204FF0E0234FF080321B
:10088000C3F80024C3F80424C3F80824C3F80C24D4
:10089000C3F81024C3F81424C3F81824C3F81C2484
:1008A000C3F82024C3F82424C3F82824C3F82C2434
:1008B000C3F83024704700BF012300F01F029340AB
:1008C000400941B1800000F1604000F56140C0F88E
:1008D000803103607047024A203042F82030704770
:1008E00000E100E00123064A410952F8212000F00E
:1008F0001F0003FA00F01040003818BF01207047B5
:1009000000E100E001224309034900F01F0082409A
:10091000403341F82320704700E100E0054A1030E1
:100920009268054B52F82000C01A2F288CBF002077
:100930000120704700ED00E084110020F8B50D465D
:10094000EFF3108772B6124ED6E8CF2F0123002A9C
:10095000FAD1C6E8423F002AF6D1BFF35F8F0D4BB4
:1009600000F110049B680C4A53F82430934203D0E2
:10097000994201D000F078FF064B9B6843F8245061
:10098000BFF35F8F0023C6E88F3F87F31088F8BD61
:10099000751C002000ED00E01D0100102DE9F04F56
:1009A00081468B46164683B0EFF3108372B6DFF8AC
:1009B000D0A10093DAE8CF1F01230029FAD1CAE8B9
:1009C000413F0029F6D1BFF35F8F664B93F900409A
:1009D000002CC0F2A080644D04EB440705EB8708AF
:1009E00098F8061009F110091970604BBF009B6858
:1009F00053F829006300411B2F292FD95C498842F5
:100A000040F0A4801C445B4B02372F44043BDB1BAB
:100A1000C3F34A036FEAC3434FF421416FEAD34360
:100A200025F8241005EB840463804BF60153A38062
:100A3000FF2348F00100E671C4F808B0A3714B4BE6
:100A40009B6843F82900BFF35F8F0023CAE88F3FFC
:100A5000009B83F3108803B0BDE8F08F20F0010EF7
:100A60009EF80710B1422ED84FF42143EB53414B6F
:100A7000B91C2944043B04375B1A2F44AEF104012E
:100A8000C91BC1F34A043C49C3F34A030B43214346
:100A9000A8F804103949A8F802304AF6AA2073468B
:100AA0005B1B5B415843000D88F8076088F806001F
:100AB000C8F808B048F00100CEF80010BFE7D179BF
:100AC000B1422ED996469EF906C00CEB4C02BCF101
:100AD000000F05EB8202F2DA4BF601510EF104022F
:100AE000A8F10407BF1AC7F34A076FEAC7476FEABE
:100AF000D7478EF8064003EB0408204C05EB88032B
:100B0000AEF8047045F82840998083F806C0DE717D
:100B1000C3F808B093E700F0A7FE124B93F900402A
:100B200059E7724632F8041F490514D449150231B9
:100B300002EB410101916FF00701C91B019F491BA5
:100B40003944C1F34A0141F46041C9E7019300F01F
:100B50008BFE019B56E701F5FF1101F5FF511F3197
:100B6000E4E700BFD72600208411002000ED00E05C
:100B70001D010010B411002000E0FFFF0148804774
:100B8000751C0020F0B5EFF30585EDB2EFF3108C86
:100B900072B62649D1E8CF2F0123002AFAD1C1E845
:100BA000423F002AF6D1BFF35F8F214E40F0010E85
:100BB000B4684AF6AA2354F825701E4A0446A41ABB
:100BC000644163431B0D77455BB21BD092F906402D
:100BD0009C421CD092F912409C4223D092F91E40B4
:100BE0009C4221D092F92A409C4208BF03240FD096
:100BF000114A0024157813708571C1E88F4F8CF36A
:100C00001088F0BDB2680D4C42F82540F0E7002492
:100C100004EB440402EB8402FF2494714BF601546C
:100C20009480E5E70124F3E70224F1E7751C002036
:100C300000ED00E084110020D72600201D010010E7
:100C400010B5074C82B001460523002200940548E8
:100C5000FFF7A2FD0028A8BFC0F1330002B010BD0D
:100C600044900010DB260020014B0B4403607047CA
:100C70006C1C002070B5104C104DAC420ED2FF26FB
:100C8000236863B1FFF7C8FD01462046FFF7ECFF7C
:100C9000A680BFF35F8F0834AC42F1D370BDFFF77D
:100CA000BBFD01462046FFF7DFFF2671BFF35F8FD4
:100CB0000834AC42E4D370BD7817002080170020C0
:100CC00010B50446FFF7A8FD01462046FFF7CCFF0C
:100CD000FF232371BFF35F8F10BD00BF10B5044623
:100CE0000120FFF7A5FD034B03442360BFF35F8F93
:100CF00010BD00BF6C1C0020024B0B440360BFF30F
:100D00005F8F70476C1C00200D4B1A68EFF3108149
:100D100072B6D2E8CFCF0120BCF1000FF9D1C2E802
:100D20004C0FBCF1000FF4D1BFF35F8F00221B68A2
:100D3000C3E88F2F81F3108840BF00200021704747
:100D4000D8250020000000002DE9F04F2DED028B8A
:100D500085B0EFF30583DBB2103B9A0818BF012280
:100D60004FF0010103F0030B18BFAF4DAF4B08BFAD
:100D7000AF4D0BEB820253F8226001FA0BF205F53E
:100D800041539FEDA78B01925A602FE0B3881C045A
:100D900040F19380B379002B40F0DD80B6F9082054
:100DA000002AC0F21E81736902EB420203EBC20308
:100DB000D3E90247B7F1FF3F08BFB4F1FF3F0ED0C0
:100DC00005EB8B01AB6A0A69D21AE31A934205D389
:100DD00001232A6A03FA0BF3134200D10C6128465F
:100DE00000F0ACFBA042B941C0F2FB80B6F908307C
:100DF000019A002B0093EA63C8DBD6F8148003EB5A
:100E00004309284608EBC907D7E9024A00F096FBD8
:100E1000A04271EB0A01B9DBBAF1000FC0F2C38046
:100E2000D7E90431834A934200F0ED807A88B6F91D
:100E3000080092B242EA0040984702460B4652EA46
:100E4000030100F0B080002B80F2D180B4EB020EE1
:100E50006AEB030A38F93930C7E902EA002B95DB5F
:100E6000716903EB430201EBC202D2E90270BE4595
:100E70007AEB000C4FEA430288DBB4462CF8083FBB
:100E800006E003EB430001EBC0005A00D0E902701A
:100E9000BE451A447AEB000001EBC20404DB31F9D1
:100EA0003230A446002BECDA28F83930009BACF83D
:100EB0000030B3881C043FF56DAF3369EFF3108247
:100EC00072B6D3E8CF0F01210028FAD1C3E8401F42
:100ED0000028F6D1BFF35F8F4FF6FF74B088002370
:100EE000316900B2B480C1E88F3F82F31088984224
:100EF000FFF650AF0746A946746906F1080807EBEC
:100F0000470E04EBCE03D3E90250B6F90830C446CD
:100F1000002B13DBB246009704E034F936309446D8
:100F2000002B09DB03EB430604EBC602D2E9027196
:100F3000BD4270EB0101F0DA5646009FACF800703C
:100F400034F93E7024F83E30002FD8DAB3794D469C
:100F5000002B3FF423AF0023B371B6F9083006F13C
:100F60000808581C3DD01A46776903E08046591C92
:100F70003FF416AF03EB430107EBC100B0F802C02A
:100F80001C461CF4004F9E4637F93130EED0944297
:100F900080ED028B05D0A8F80030328927F8312087
:100FA00034817246E3E738F8393033813369EFF33F
:100FB000108272B6D3E8CF0F01210028FAD1C3E81E
:100FC000401F0028F6D1BFF35F8F7388316928F87E
:100FD0003930009B73800023C1E88F3F82F3108873
:100FE000D4E640BF05B0BDEC028BBDE8F08F2846CB
:100FF000CDE9022300F0A2FA029A039B10EB020E45
:1010000043EB010A26E708460B690291984700283E
:10101000C9D00299D1E9002311E700BFAFF30080E6
:10102000FFFFFFFFFFFFFFFF00800B402025002098
:1010300000000B40490D00102DE9F84F364C256992
:101040002DB1BDE8F84F0A213448FFF70DBEDFF897
:10105000E4800321404600F05FFA0326C4F80C80C8
:10106000FFF7DAFB4FF0504C2D4B26700344236101
:10107000DCF800300F216370636961801D834FF0DD
:101080000405A3F878504FF00505A3F890504FF0F1
:101090000605A3F8A8504FF007050E214FF6FF7282
:1010A00008274FF00A0EA3F8C0504FF001094FF087
:1010B0000C0C4FF0020B4FF0090A0D204FF00B05FE
:1010C000A3F868111749A280A3F808E1A160A3F86A
:1010D00048B0A3F8F0A0A3F82051A3F838C1A3F8B2
:1010E0005001A3F83090A3F86060A3F8D8701A807C
:1010F0000D4B3046C8F820700C49DC60FFF71EFC31
:1011000049463046FFF7D8FB094B0A211F640348C4
:10111000BDE8F84FFFF7A8BDCC110020D82500206E
:101120006C1C0020FFFF100020250020490D00103E
:1011300000200B4000000B4000487047CC110020FD
:10114000F8B59DF82050044617461E4635B900F004
:10115000FDF9874266EB010100295CDB2169EFF3B1
:10116000108372B6D1E8CF0F01220028FAD1C1E86E
:10117000402F0028F6D1BFF35F8FB4F902206569D4
:1011800002EB4201002A4FEAC10C206905EBC101C4
:1011900039DB35F80CE0A4F802E04FF0000EC0E8AF
:1011A0008FEF83F310884888069B0130C0F30E0050
:1011B000012838BF01200B61079B48804B61C1E9C2
:1011C000027640EA02402369EFF3108172B6D3E859
:1011D000CF7F0126002FFAD1C3E8476F002FF6D149
:1011E000BFF35F8FA38825F80C30A2802369C3E882
:1011F0008FEF81F310880122E368217803F5015312
:101200008A405A60F8BD0022C0E88F2F83F310880F
:101210004FF0FF30F8BD2846F8BD00BF0146F0B5DD
:101220000069EFF3108772B6D0E8CF5F0124002D7C
:10123000FAD1C0E8454F002DF6D1BFF35F8FB1F969
:1012400002E04C690EEB4E0CBEF1000F4FEACC05EC
:10125000086904EBCC0C3CDB665B4E800026C0E8E2
:101260008F6F87F31088BCF80200CCE902230130AD
:10127000C0F30E00012838BF0120059BACF8020026
:10128000CCF81030069B40EA0E40CCF814300B69C5
:10129000EFF3108272B6D3E8CFCF0127BCF1000F75
:1012A000F9D1C3E84C7FBCF1000FF4D1BFF35F8FDD
:1012B0008B886353A1F804E00B69C3E88F6F82F356
:1012C00010880122CB68097803F501538A405A60DF
:1012D000F0BD0023C0E88F3F87F310884FF0FF3048
:1012E000F0BD00BF03464089B0EB214F37DD5869A0
:1012F0000A1402EB420210B500EBC2001C69EFF3C6
:10130000108C72B6D4E8CFEF0122BEF1000FF9D1F4
:10131000C4E84E2FBEF1000FF4D1BFF35F8F4288B7
:1013200089B292B28A4207D000221B69C3E88F2F8C
:101330008CF31088002010BD42F40042428001214D
:10134000002218699971C0E88F2F8CF310881C78DF
:10135000DA68084602F50153A140596010BD00202B
:10136000704700BF407870472DE9F04182B00646D3
:1013700000F0ECF84FF47A7304464FF0FF306FF052
:101380000042E6FB0341A04272EB01033ABF044670
:1013900015460D46A61F45F1FF37B44275EB07030E
:1013A0003CBF0026374600F0D1F8301A67EB010148
:1013B000012871F1000106DA2046294602B0BDE895
:1013C000F04100F0CDB800F0C1F8864267EB0101B2
:1013D00000290ADB0021174B3246009316483B4692
:1013E0000191FFF71BFF0130E6D04FF0000C134ACC
:1013F0001349536A9F4204D8906AB042DCD29F429C
:10140000DAD10B68EFF3108072B6D3E8CF8F5FF0BC
:10141000010EB8F1000FF8D1C3E848EFB8F1000FA2
:10142000F3D1BFF35F8F0B68C3E88FCF80F31088D1
:1014300020BFDEE7090D0010CC11002000000B409A
:10144000D82500202DE9F04306460D4683B0EFF382
:101450000584E4B23CB12D4B5A6AAA421CD200204A
:1014600003B0BDE8F0832A4FD7F80C9097F80080BE
:10147000484600F063F808F1040859F828301B1AB0
:10148000301A65EB0101984271F1000110DB20BFB9
:101490001E4B5A6AAA42E2D314BF012400249B6A5D
:1014A000B34234BF204644F0010003B0BDE8F083EE
:1014B00000F04CF8864265EB0101002914DB154B66
:1014C0003846CDE9003432462B46FFF7A7FE011E11
:1014D0000ADD0E4B5A6AAA4216D39B6AB34211D355
:1014E0000B48FFF7FFFEB6E7084B5C6AAC42B6D389
:1014F000641B18BF01249B6AB34234BF204644F0EA
:101500000100ADE7AA42EBD120BFE9E700000B40A4
:10151000CC110020090D001010B4054B054C064AF3
:10152000A04214BF1846581C5DF8044BFFF708B9D9
:101530008C20002000800B40609000100346416A20
:101540000A46986A596A8A42FAD17047034B596A27
:101550000A46986A596A9142FAD1704700000B40D6
:10156000074A536A9942FCD8994207D1044B02E0DA
:101570005A6A914202D19A6A9042F9D8704700BFE4
:1015800000000B4000EB400C4FEA8C0C0CF1804C3F
:101590000CF5803CF0B51646DCF80420051FB2F5CA
:1015A000803F38BF4FF48032EDB238BFCCF8042012
:1015B000012D2AD94FF40067254C0CF540521760D5
:1015C00054F82020B2B9DCF80020012D82EA46123E
:1015D00002F0E0020CF5805632602AD94FF4006127
:1015E00044F820304FF480330CF500521160CCF8F1
:1015F0000430F0BD6769B7FBF2FE0EF1010E0EEB91
:101600004E0EBEF1030EFCD2DDE70129D2D1032438
:101610000CF540521460DCF80820D207FBD5DCF84A
:1016200000200B4C82EA461202F0E0020CF58056D4
:1016300032600122DCF800504D4005F003053560B2
:1016400002FA01F1DCF808200A42FBD0C6E700BF2D
:1016500090200020014B53F820007047902000207C
:1016600070B4039D04682D0345EA03451B4B002C11
:10167000B3FBF1F3B2FBF3F61FDB194A194B9042AF
:1016800014BF4FF480424FF40042174C1A6003F528
:1016900080531A60A36832EA0303FBD1212200F5CC
:1016A00040530433016086601A600268002AFCDA45
:1016B0000822C5601A6070BC7047036803F03F03DE
:1016C0008B42DAD18368C3F30B03B342D5D1C3682D
:1016D00003F4EE23AB42D0D1EDE700BF001BB7000F
:1016E00000800540002002400000024030B44FF06E
:1016F00080441C4B1C60E0B11B4CA3F54053DC61E3
:101700001A4C40F0010044401C62596298624FF04C
:1017100080454FF0E061134B1548164C1D60846006
:1017200019604AB930BC4FF00042A3F580531A60EB
:101730007047114BD861EAE74FF47A7303FB02F26A
:10174000B2F1807F2ABF6FF07F4313461A464FF0F5
:1017500080410A4C08482360094B426030BC196044
:10176000704700BF00B00D40D3C007B02D3FF84F09
:1017700000A00140F3FFFF0100800D40F82400208D
:1017800000A00D40012300EB4000800000F18040EC
:1017900000F5841041600360704700BF002370B5FE
:1017A000DB8A04460D46002242E800F2520254BF92
:1017B0001021042144F25220984786462B462246A7
:1017C000F446BDE870400A214FF48170604700BFC5
:1017D0000023DB8A002242E800F2520201D41021E9
:1017E00018470421184700BF08B503460846191ECC
:1017F00002DB1AB140F03000FFF7D0FF40F02000CC
:10180000FAE700BF034AD2F82838002BFBD0BFF319
:101810005F8F704700000E400021044B044ABFF365
:101820005F8F43F8041B9342F9D170470C080E40B8
:101830002C080E4010B44FF48D704FF42A64064A01
:10184000064B07491460D06019605368002BFCDA1E
:101850005DF8044B704700BF0080044000A00440C6
:1018600000B0FA00704700BF08B50148FEF750FF0E
:101870008490001038B5054C054DAC4204D254F8A4
:10188000043B9847AC42FAD338BD00BF88890010AA
:10189000C889001010B40748074C084B084A09498A
:1018A00004601A608B6832EA0303FBD15DF8044BD5
:1018B000704700BF002002407F3BEFEF0030024046
:1018C000F6FFF30300000240044BDB6CB3F5004F5E
:1018D00003D14FF48022024BDA64704700001150AC
:1018E000002011504FF0E022044BD2F8881D0B432A
:1018F000C2F8883D10EE3004704700BF030330008B
:101900006FF06041044B054A19609368DB4333F084
:101910006043FAD1704700BF00300240000002402F
:1019200010B545F25320FFF753FFBDE810400346C2
:101930000420184710B545F25320FFF749FFBDE8D2
:101940001040034601201847FEF78ABF10B5054B2B
:10195000054C4FF488721846A16806F0F5FDA060AA
:1019600010BD00BF0000002000ED00E0002370B5B6
:101970002B4C82B0C4F88430FFF75CFF0122294B66
:10198000DA63636C012BFCD10321264A244B1163DB
:101990009C6B012CFCD10226052521460523224AF9
:1019A00022480096FFF75CFE21462B46204A21483C
:1019B0000095FFF755FE0022042031461E4BFFF72D
:1019C000E1FD2146284600221C4BFFF7DBFD0022EB
:1019D000082011461A4BFFF7D5FD002209201146B9
:1019E000174BFFF7CFFD002206201146134BFFF7E0
:1019F000C9FD0022114B07201146FFF7C3FD04204B
:101A0000FFF728FE00240F4BA3FB0035AD0CE0B21E
:101A100029460134FFF7B6FE062CF8D102B070BD9E
:101A20000000014000300140002F685900000540CF
:101A3000008C864700800540001BB70080D1F0086D
:101A4000006CDC0283DE1B4386B003B451FC080447
:101A5000CDE9020151FC0904CDE9040151EC0A046D
:101A6000CDE9060103BCF047BDE800504EEC00C4D0
:101A7000BDE800504EEC01C4BDE800504EEC02C47D
:101A800000BD000000B5FFF7DFFF02E010FE30F4FC
:101A9000F8D441EC100443EC112400EE010410EEE4
:101AA000010480EE200451EC1004704700B5FFF7EC
:101AB000CBFF02E010FE30F4F8D441EC100443EC0C
:101AC000112400EE010410EE210480EE200451ECFC
:101AD0003004704700B5FFF7B7FF02E010FE30F4A6
:101AE000F8D410B541EC100443EC112451EC04047B
:101AF00053EC0524A0FB024C5FF0000EE0FB03CE8C
:101B0000E1FB02CE4CEC20440024E1FB03E444EC76
:101B100030E480EE200451EC5004BDE810407047E2
:101B200000B5FFF791FF02E010FE30F4F8D441EC6D
:101B3000100443EC112451EC2104A0FB01126FEAC4
:101B4000820252FB100052FB12F252FB1000A0EB7B
:101B5000D07C53EC04245CFB13F153EC1524A1FB63
:101B6000022001FB030053EC4424A2EB000050FBD5
:101B70001CF24FEA111312EB017043EBE27140EAE1
:101B8000515020EA915020F0070053EC7524A0FB3F
:101B9000023C53EC752400FB03CC01FB02CC53EC5C
:101BA0000424ACEB824C40EA5C70A0F1010041ECF3
:101BB000400480EE200451EC7004704700B5FFF73C
:101BC00043FF02E010FE30F4F8D440EC700400EE65
:101BD000010410EE210480EE200451EC3004704723
:101BE00000B5FFF731FF02E010FE30F4F8D440EC0E
:101BF000600400EE010410EE210480EE200451EC9C
:101C00003004704700B5FFF71FFF02E010FE30F40C
:101C1000F8D441EC800400EE010410EE010480EEE3
:101C2000400410EE1304704700B5FFF70DFF02E00B
:101C300010FE30F4F8D441EC800400EE010410EE04
:101C4000010480EE400410EE3304704700B5FFF746
:101C5000FBFE02E010FE30F4F8D441EC100443EC3B
:101C6000112400EE010410EE3004C0F30070704740
:101C700000B5FFF7E9FE02E010FE30F4F8D443ECC3
:101C8000102441EC110400EE010410EE30F48CBF7E
:101C900001200020704700BF00B5FFF7D5FE02E02D
:101CA00010FE30F4F8D443EC102441EC110400EEA3
:101CB000010410EE30F42CBF01200020704700BF5B
:101CC00000B5FFF7C1FE02E010FE30F4F8D441EC9D
:101CD000100443EC112400EE010410EE30F42CBF8C
:101CE00001200020704700BF00B5FFF7ADFE02E005
:101CF00010FE30F4F8D441EC100443EC112400EE53
:101D0000010410EE30F48CBF01200020704700BFAA
:101D100010B5044606F0C8F828B10346034A234428
:101D2000934200D810BD0248FEF7F2FC00000820E4
:101D30009090001006F0C0B8704700BF2DE9F04F3A
:101D400083B09946DDE90DAB0F9B884611469A0793
:101D5000074616D1DA453AD20C460D46ABEB0A06D9
:101D60000E4422464B46414620200134B847B44237
:101D7000F7D12946BAF1000F08D1204603B0BDE8DB
:101D8000F08F0C46BAF1000F10D00E4655460C9B52
:101D90002E449A440191721B4B46013D41461AF86C
:101DA000010D3446B847002DF5D101990F9B9B07D3
:101DB000E3D5651AAB45E0D922464B464146202083
:101DC0000135B8475D4504F10104F5D3D5E70C466C
:101DD000BAF1000FD9D1D0E72DE9F04F0F9FDDF810
:101DE000248017F0020F0A9C9DF82CA00E9DDDE9BF
:101DF0000C9644D1F5BBB44241D207F0010B04F17B
:101E0000FF3C4FF0300EC44404E00134A6420CF80D
:101E100001EF01D9202CF8D1BBF1000F00F0888030
:101E2000A5422CD904F1FF3C4FF0300EC44404E02D
:101E30000134AC420CF801EF21D0202CF8D117F07E
:101E4000100F0ED017F4806F54D1A64263D0A54274
:101E500061D0B9F1100F50D0B9F1020F56D0202C3B
:101E600029D12024CDE90B57CDE90984BDE8F04FF5
:101E7000FFF764BF17F0010B34D1B442BFD317F0A2
:101E8000100F1ED017F4806FE3D1002CDDD1B9F113
:101E9000100F63D0B9F1020F77D0302488F80040DA
:101EA0000124BAF1000F11D17E0748D52B2608F87E
:101EB00004600134D6E7264601344FF0300C08F8B0
:101EC00006C0202CCDD0BAF1000FEDD02D2608F899
:101ED00004600134CDE90B57CDE90984BDE8F04F2A
:101EE000FFF72CBFBAF1000F30D0B44205F1FF3537
:101EF00085D395E7B9F1100FB3D1BE063BD5202CA1
:101F0000AFD0582608F804600134A8E7202CA8D0E8
:101F10002646013407E0661EB9D0B9F1100F36D05D
:101F2000B9F1020FC9D14FF0620C08F806C096E76C
:101F300017F0100FC5D017F4806F86D089E73E07E1
:101F400090D5202608F8046001348BE717F00C0FB9
:101F500000D0013DB442FFF452AF61E7BC0612D499
:101F6000782488F80040302488F801400224BAF12F
:101F7000000F99D0AAE7202C3FF473AF782608F819
:101F8000046001346BE75824EBE76224E9E717F0BB
:101F9000200FA4F1020C04D04FF0580E08F80CE00A
:101FA0008BE74FF0780E08F80CE086E700B9704731
:101FB00001F084BB10B1D1E900311847704700BF70
:101FC0002DE9F04F97B09DED207BDDE9225B0746C0
:101FD000884651EC170B249C99460C920B460246FE
:101FE0008DED047B0794FFF735FE002840F0F48167
:101FF000DDE904014FF0FF326FF48013FFF73CFE80
:10200000002840F01B81DDE904014FF0FF32AC4BAA
:10201000FFF76EFE002840F0EE80DDE90401A4A386
:10202000D3E90023FFF764FE002840F0D380DDE908
:102030000401A1A3D3E90023FFF71EFE002840F00E
:10204000C980DDE9040100220023FFF715FE002806
:1020500040F0E88023460D9013F4806F08BF0625FA
:1020600030212B460EAAA5F1200605E0013BB34224
:1020700002F8011B00F09381092BF7D81E46ED1AD8
:10208000DDE90401FFF7C2FD8E4B044603EBC603F6
:1020900093ED007B8DED087BFFF794FD02460B4628
:1020A000DDE90401FFF706FDDDE90823FFF716FD72
:1020B00002460B46CDE90A23FFF7BAFD8246FFF739
:1020C00093FD02460B46DDE90A01FFF7F3FC0246E9
:1020D0000B46CDE90A2300227B4BFFF709FE0028BF
:1020E00000F0FE800AF1010A5046FFF77DFD02462E
:1020F0000B46DDE90801FFF7D3FD10B14FF0000AF0
:102100000134002E00F0FD80681E0EABDFF8CCC15C
:1021100018440FE0ACFB0A21C90801EB8102AAEBCD
:1021200042023032BAF1090F00F8012F40F21C814F
:102130008A461D46202D05F1010306F1FF36E9D13F
:102140002025691E0EAB6148194410E080FB046233
:10215000C3EBA20303EB8302A4EB420404F13002BD
:1021600001351C4601F8012F002B00F0EB80202DDB
:102170004FEAE473EAD1079B03F00303012B18D164
:10218000BBF1000F15D00D9B002B00F00A810BF165
:10219000FF3BBBF1200F0CD96B1E0EA930220B4464
:1021A00005E001355D4503F8012F80F0D180202D39
:1021B000F7D1079B0EACCDE902B341464B463846FA
:1021C0000C9A01950094FFF7B9FD8246504617B06E
:1021D000BDE8F08F079B9DED047BCDE923B341461D
:1021E0004B4638460C9A8DED207B229517B0BDE802
:1021F000F04F00F045B9610723464CBF0423032389
:102200004146219338464B46079A48BF304CCDE9AA
:1022100022B258BF2F4C0C9A209417B0BDE8F04F53
:10222000FFF78CBDDDE9042300200021FFF742FC0D
:102230000123CDE904010D9323460DE723469C07B6
:1022400040F0AA80BBF1040F40F2A6800C9B1D4613
:102250001C1F04EB0B0A2A464B4641462020013541
:10226000B847AA45F7D155461B4C261F14F8010D57
:102270002A464B464146B847B44205F10105F5D11F
:10228000079B0AF1040A9807A0D50C9CAAEB04034B
:102290009B459BD952464B46414620200AF1010AF4
:1022A000B847AAEB04035B45F4D38FE7AFF3008094
:1022B0000000000065CDCD410000000065CDCDC11E
:1022C000FFFFEF7F889200100000E03F67666666C0
:1022D000E4900010EC900010F8900010CDCCCCCC25
:1022E0000022DDE90A01634BFFF7C6FC00287FF4FA
:1022F00008AFBAF1000F6AD10AF1010A002E7FF48B
:1023000003AF2046FFF75EFC02460B46DDE9040101
:10231000FFF7D0FB02460B46CDE904230022554BC4
:10232000FFF7AAFC00287FF40CAFDDE904010022CE
:10233000504BFFF7DDFC00287FF403AF013424F09D
:102340000104FEE6079B03F00303012B00F08280EB
:10235000202D3FF42EAF0D9B7BB32D220DEB0503FB
:1023600083F83820013524E7202B3FF4E9AE0EAA8C
:1023700015441E44302204E0202B05F8012F3FF4C1
:10238000DFAE9E4203F10103F6D12E220DEB0603D0
:1023900083F83820751CD4E6DDF830A063E72025EB
:1023A0006EE6079B13F00C0F50D00BF1FF3BAB45D3
:1023B0003FF6F2AE202D3FF4FCAE079B5A0701D545
:1023C0002B22CBE71B077FF5F4AE2022C6E71AF0DD
:1023D000010F3FF496AE8FE7A60734D1BBF1030F90
:1023E00031D90C9B1D46DC1E04EB0B0A2A464B46DA
:1023F000414620200135B8475545F7D155461E4C7A
:10240000E61E14F8010D2A464B464146B847A6423F
:1024100005F10105F5D1079B0AF1030A9D077FF538
:10242000D5AE0C9CAAEB04039B457FF6CFAE52467B
:102430004B46414620200AF1010AB847AAEB0403A3
:102440009B45F4D8C2E6DDF830A0D7E7AB453FF6B0
:10245000A3AEAEE6BBF1000F3FF47AAF0D9B002BAD
:102460009FD00BF1FF3B5D45FFF496AE202D7FF42E
:1024700074AF9EE60000E03FF39000100000000003
:102480002DE9F04F9FB02A9EDDE928450746934687
:102490000891099322462B46204629460E96DDE9EF
:1024A0002BA6FFF7D7FB002840F0BE802046294628
:1024B0004FF0FF32784BFFF71BFC002840F0B48050
:1024C000204629464FF0FF326FF48013FFF7D4FB0C
:1024D000002840F0A9802046294600220023FFF76B
:1024E000CBFB002840F0D581CDE90A45DDE90A2380
:1024F0009046994606F4006216F480630F92139397
:1025000040F0A18058EA090340F0CA80002A40F058
:10251000E38106230E9316F00202109240F0D4815C
:102520005346042B38BF04230C920422043B12921E
:102530000F932046294600220023FFF79DFB002829
:1025400040F0F3819DED0A7B0F9B5A4603930E9B4F
:102550008DED007B029326F4006304933846099BBB
:102560000899FFF72DFD024616F0200F099B0899E8
:102570000CBF6520452002F10108B8470C9A129B58
:1025800016AC5D1E82EAE273A3EBE273D10F002664
:1025900022469946DFF804C101E0202E10D0CE4635
:1025A000ACFB0930C00800EB8003A9EB43033033D8
:1025B000BEF1090F814606F1010602F8013BECD895
:1025C0000523002006930A2305950094099D089C85
:1025D0004246CDE90330CDE901612B46214638461C
:1025E000FFF7FAFB109A8046D2B1A0EB0B06B2457A
:1025F00016D90BEB06022B46214620200136B847A0
:10260000B245F6D80BF1FF335344CBF10102A3EBF3
:1026100008034244924538BF002308F1010898445A
:1026200040461FB0BDE8F08F5A463846CDE92845F0
:10263000CDE92BA60E9C099B08992A941FB0BDE8F2
:10264000F04FFFF7BDBC58EA09032BD1002A3FF435
:1026500062AF00230C930E9B0C9A934200F3B98156
:102660004FF000082046294600220023FFF704FB14
:10267000002840F013819DED0A7B26F4006646F4A5
:1026800080668DED287B5A463846CDE92A8A099B1B
:1026900008992C96D2E700BFFFFFEF7FCDCCCCCCC2
:1026A00006230E93C9F30A50A0F2FF30FFF78AFA0F
:1026B000C1A3D3E90023FFF711FAC1A3D3E9002393
:1026C000FFF7E4F9C9F31309CDE90C0149F07F5193
:1026D00040460022B24B41F44011FFF7EBF9A4A3AE
:1026E000D3E90023FFF7FAF902460B46DDE90C01B6
:1026F000FFF7CCF9FFF78AFA0C90FFF763FA9EA375
:10270000D3E9002380468946FFF7E8F90022A54B6C
:10271000FFF7BCF9FFF77AFA0346494640461293A1
:1027200097A3D3E90023FFF7D9F980461298894689
:10273000FFF748FA94A3D3E90023FFF7CFF9024645
:102740000B4640464946FFF7B5F902460B46804620
:102750008946FFF7C3F942464B46CDE91001404692
:102760004946FFF793F90022CDE91401DDE9100194
:102770008D4BFFF7D9F900228C4BFFF787F9024602
:102780000B46DDE91001FFF7CFF90022884BFFF778
:102790007DF902460B46DDE91001FFF7C5F9424617
:1027A0004B468046894600204FF08041FFF782F972
:1027B00002460B4640464946FFF768F902460B467B
:1027C000DDE91401FFF7B0F900227A4BFFF75EF95B
:1027D000129B002203F2FF3C4FEA0C53FFF77EF9F5
:1027E00080468946DDE90A0142464B46FFF744FA36
:1027F00050B10C9B4046013B49460C9300226B4B69
:10280000FFF792F9804689460C9A43466332C62AFE
:1028100006F00202109249460F9A2CD8002A5ED088
:10282000042212920B433FF416AFDDE90A0158A3CC
:10283000D3E90023FFF748FA48B1DDE90A0156A3BE
:10284000D3E90023FFF718FA00287FF404AF0E9BAA
:10285000002B50D0139A002A7DD0013B0E93129B7F
:102860009A4505D9109B002B00F0AE8002231093EF
:1028700000230F9344E022BBBAF1050F4FD906F0B5
:102880000203002B49D105231293AAF105030F93EC
:102890003AE005F100430A940B9327E626F400661C
:1028A00046F4806638462C96DDE90A67344607F11F
:1028B00000455A46CDE92A8ACDE92845099B089961
:1028C000BCE605221292ADE700230222CDE90F32C9
:1028D00004220C9312922CE64FF00508C2E6BAF1DE
:1028E000040F1FD9109B002B78D104231293AAF157
:1028F00004030F9304E0129B9A4531D80E9B0F936B
:102900000C9B002B3FF415AEDDE90A0142464B4615
:10291000FFF70AF9CDE90A010BE60223109305231C
:102920001293F1E704231293EAE7DDE90A45A04692
:102930000F9B05F1004903930E9B5A46029326F420
:10294000006304933846CDE90089099B0899FFF795
:1029500037FB024608E6129B9A4544D80F92CFE710
:10296000109B8BB30E9B0F9302231093C8E700BFFD
:1029700061436F63A787D23F71A379094F930A40E0
:102980001655B5BBB16B0240EF39FAFE422EE63F59
:102990002D431CEBE2361A3F0000000080842E41DC
:1029A0000000F83F0000E03F00002C400000244001
:1029B000000018400000F03FFB799F501344D33FC4
:1029C000B3C8608B288AC63F129BAAEB03030F9300
:1029D00096E7A3EB020808F1FF3843E604231293BD
:1029E000022310938CE7109B002BEDD002230F9253
:1029F000109385E72DE9F04F9BB0249C954D0A94E8
:102A0000954CB1F1000A18BF834625601878934CA5
:102A1000914608BFA3460993002800F093824FF027
:102A200000080AE042464B46514608F10108D847E3
:102A3000099B1878002800F0CE80099B252803F117
:102A400001030993EED11C460023224612F8010B24
:102A5000A0F1200110290AD8DFE801F04009093C63
:102A60000909090909090938093409093000A0F1DF
:102A700030010929099440F28A802A2800F0F08068
:102A800000252E2800F096800026A0F1680112296A
:102A90002DD8DFE811F049012C0043012C0038014A
:102AA0002C002C002C002C002C002C002C002700CB
:102AB0002C002C002C002C002C002700144643F086
:102AC0000103C2E7144643F00203BEE7144643F095
:102AD0000403BAE7144643F01003B6E7144643F084
:102AE0000803B2E70999487843F4807301326728F4
:102AF00009927ED8242840F2C180A0F12502422A02
:102B000000F2BC80DFE812F05001BA00BA00BA004F
:102B1000BA00BA00BA00BA00BA00BA00BA00BA00E5
:102B2000BA00BA00BA00BA00BA00BA00BA00BA00D5
:102B3000BA00BA00BA00BA00BA00BA00BA00BA00C5
:102B4000BA00BA00BA00BA00190137011901BA0077
:102B5000BA00BA00BA00BA00BA00BA00BA00BA00A5
:102B6000BA00BA00BA00BA00BA00BA00BA00BC0192
:102B7000BA00BA00BA00BA00BA00BA00BA00BA0085
:102B8000BA00BC015801BC01190137011901002527
:102B900000E0013205EB850500EB45051078303D7E
:102BA000A0F130010929F4D92E28099202F101027D
:102BB0007FF46AAF099943F4806348781146A0F125
:102BC0003006092E40F221812A2800F02F81099237
:102BD0000026013259E74446C14501D809F1FF38C2
:102BE0004B46424651460020D84720461BB0BDE820
:102BF000F08FA0F16902D2B20F2A3FD8012149F229
:102C000041079140394040F0F3800A2A3DD0072A1D
:102C100034D10A9D55F8042B002A00F0138143F0AB
:102C2000210012AB1F460B9303E0202900F0148112
:102C30001A4602F00F042346092C94BF3033373371
:102C40000F2A07F8013B01F101014FEA1213ECD8FA
:102C500002E100BFF5290010F4240020391D001006
:102C60000A99099851F8045B4078002DCDE90921B3
:102C7000BCBF43F002036D42013202E742464B46BD
:102C8000514608F10108D847D2E60A99002E51F8BA
:102C9000047B18BF3246387808BF4FF0FF32002857
:102CA00000F07B83BC18A4463A4604E012F8014FBA
:102CB000002C00F03F819445F8D16446E41B5A058E
:102CC00040F12281B44228BF344613F0020300F0E1
:102CD00088820223CDE90A5142461D46464408E057
:102CE0004B465146D84717F8010F08F1010810B1BB
:102CF00042464645F4D12B460B990A9D002B40F0E5
:102D000041810A9194E6099948786C287FF4ECAEE9
:102D10000A46887843F440730332E8E6099943F49D
:102D2000007348780132E2E609994878682800F093
:102D3000038143F080030132D9E6672800F0D9808F
:102D4000472800F0DC80452800F0DB80CDE9035304
:102D50000A9B0296073323F007031C464246F4E819
:102D600002674B4651465846CDE900670A94FFF783
:102D700087FB80465CE6462808BF43F02003CDE988
:102D800003530A9B0296073323F007031C4642466F
:102D9000F4E802674B4651465846CDE900670A946D
:102DA000FFF70EF9804643E642464B465146252042
:102DB00008F10108D8473BE60A9A990702F1040492
:102DC00008F1010640F1C68010784B464246514654
:102DD000D847012D88BFA84440F2BD8132464B46FA
:102DE000514620200136D8474645F7D10A941FE6C0
:102DF0006F2800F0818040F24882782800F09081AE
:102E00000A2723F01003BC4641E0002606EB8606A5
:102E100000EB4600A0F1300611F8010FA0F13002DE
:102E2000092AF3D90A46099101322EE6DDE9092182
:102E300051F8046B9078023209920A91013226EA25
:102E4000E67622E623F0100013F4806240F02100C1
:102E50003FF4E7AE12AB0B930B9B06900093082355
:102E60001020059300234246CDE9023001914B46E4
:102E7000514658460496FEF7AFFF0A958046D7E5BF
:102E8000582862D0622840F08F800227BC4613F495
:102E9000806000F0DD8023F00D0313F4007240F039
:102EA00081810A990F1D13F4807140F037825C060E
:102EB0000A9A40F13B811278002A40F04E8123F0BB
:102EC0001003002800F04981114612AA0B92CDE9A7
:102ED0000553CDE903C601910B9B424600930023A5
:102EE0005146029358464B46FEF776FF0A978046B6
:102EF0009EE543F4006329E70827BC46C7E743F48F
:102F0000006343F0200321E713F0020300F08E81F9
:102F100002230A951E460D4642464B465146D84767
:102F200017F8010F08F101080028F5D129463346AA
:102F30000A9DE3E6D41BC2E60A46887843F0C00344
:102F40000332D4E50446804646E6102743F02003CA
:102F5000BC469CE7012D40F2F880464608F1FF3759
:102F60002F4432464B46514620200136D847BE42B8
:102F7000F7D10A9B3246187851464B46D847A844A9
:102F80000A9455E54646A5427FF6BBAEA844A8EB99
:102F900004080C4632464B46514620200136D8479D
:102FA0004645F7D12146ACE613F4806200F0BB80C1
:102FB0004FF4806223F0110C1CF400770A9B4AD175
:102FC0001CF4807003F1040440F034811CF0400FC5
:102FD00040F0A3801CF0800F00F0D381B3F9001003
:102FE00081EAE177A7EBE177BFB2CB0F002900F0D0
:102FF00056813A4612A90F46DFF8D8E30B910A939F
:103000000C9501E020280FD01546AEFB0213DB081B
:1030100003EB8301A2EB41013031092D1A4600F187
:10302000010007F8011BEDD80A9B0C9DCDE9055C5A
:10303000CDE9010304960B9B424600930A235146B7
:10304000039358464B46FEF7C7FE0A948046EFE4CA
:1030500023F00C0321E7073323F007031946084642
:103060005B6850F8081BDF0F0A9051EA030062D139
:10307000002A40F09F811346114612AACDE90C7533
:1030800000201546CDE90E68DFF848E30B9201E019
:1030900020282DD05A1842F10002AEFB027828F009
:1030A000030707EB9807D21B1E469B1A61F1000726
:1030B0000C464FF0CC3101FB03F10EFB0711A3FBD3
:1030C0000E731944052307F00108A8FB03389B1869
:1030D0000A2E03F130034FEA570774F1000405F894
:1030E000013B00F1010047EAC1734FEA5101CFD221
:1030F000DDE90C75DDE90E680B9B424600930A235F
:10310000CDE9055CCDE90107049603934B46514692
:103110005846FEF761FE80468AE419780F4664E758
:103120001027BC46B3E623F0100C45E71C064CBF45
:1031300012881268C0E60A46191E01DB13469CE796
:103140005242134661EB410197E713465146187806
:1031500042464B46D847B04648E613F0200F14BF0E
:103160004120612012ACA6460B940A93A0F10A04F8
:103170000C9502E0202912D02A46B2FBFCF50CFB8C
:103180001520C3B2092803F130008ABF1B19C3B24E
:10319000DBB262450EF8013B01F10101EAD20A9B64
:1031A0000C9D94E60A9A073222F00702516852F801
:1031B000084B8E460A9254EA010276D123F010039E
:1031C000002872D00022114612AA0B92CDE90553B5
:1031D0000B9B424600930023CDE903C60191029365
:1031E00094E7A54298BF01347FF674AD4FF4806335
:1031F000CDE90A7505EB08021F460D46141B424631
:103200004B465146202008F10108D847A045F6D189
:103210003B460A9F294638780B9D6C1C00283FF4DA
:1032200070AD002B3FF475AE002353E5A542DFD807
:1032300001346EE61968CB0F002900F0A88081EAFE
:10324000E172A2EBE17212A90846DFF888E10B9166
:103250000A930C9501E0202F0FD01546AEFB021308
:10326000DB0803EB8301A2EB41013031092D1A4643
:1032700007F1010700F8011BEDD80A9B0C9DCDE971
:10328000055CCDE901730496D5E6692823F0100C9E
:1032900040F08C8013F480623FF48EAE88E6002A02
:1032A0003FF4A8AE12AA0B92C0E613F0200F14BF91
:1032B00041226122002012A90A3ACDE90E68CDE927
:1032C0000C35CDF844B006468846754693460B91BA
:1032D000CDF840C003E0202E17D004460D46294605
:1032E0003A460023204605F037FBD2B2092A02F104
:1032F000300388BF02EB0B03BC42DBB275F1000563
:1033000008F8013B06F10106E5D23146DDE90C354E
:10331000DDE910CBDDF83C800E9E57E70A9909687D
:1033200051B923F0100338B112A90B91CDE905531F
:10333000CDE903C60192CFE513F0200F14BF412061
:10334000612012ACA6460B940A93A0F10A040C95D6
:1033500002E0202A12D02946B1FBFCF50CFB151027
:10336000C3B2092803F130008ABF1B19C3B2DBB214
:1033700061450EF8013B02F10102EAD20A9B0C9D65
:10338000D4E7196881EAE177A7EBE1772DE6002A17
:103390003FF459AF12AA0B9271E713F480640DD079
:1033A00013F0020412D004464646ECE50A276346B1
:1033B000BC466CE512AB00200B939DE613F00203B4
:1033C0007FF4E0AD002D7FF413AF9AE4002D7FF47D
:1033D0000DAF96E4CDCCCCCC70B594461E460546D8
:1033E0000C4684B04FF0FF32634602A900960348B2
:1033F000CDE90254FFF7FEFA04B070BDB51F00100E
:1034000010B5094B84B01C684CB1034600914FF0D5
:10341000FF3203A90548A047012004B010BD00F009
:103420008FF9204604B010BDF4240020AD1F001019
:1034300000BEFDE7074A0346106838B10649034459
:103440008B428CBF4FF0FF30136070470349084632
:103450001160F3E7F020002000000820DC260020A7
:1034600008B5FFF7E5FF00BF38B5064C064DFEF77F
:1034700001FAAC4204D254F8043B9847AC42FAD368
:1034800038BD00BFC8890010D48900100368084601
:10349000114618472DE9F0411546427D07468846FA
:1034A000002A46D0002D1DDD0B780A2B23D0012DDC
:1034B0004FF0000C18D04646012416F8012F214683
:1034C0000A2A04F1010422D0A542F6D165450BDC9D
:1034D00008EB050313F8013CA3F10D03B3FA83F3E2
:1034E0005B093B75BDE8F0813B68A5EB0C0108EB7F
:1034F0000C009847ECE7037D002BD8D1036802212C
:103500000F489847012DE3D04FF0010CD3E716F890
:10351000013C0D2BD8D08C4508EB0C00A1EB0C0125
:1035200001DA3B689847022105483B689847A44662
:10353000CAE7294640463B68BDE8F041184700BF4E
:10354000D89200100B682DE9F041802B0D460646FD
:1035500005D05A1C2B442A601E71BDE8F0810F4B28
:103560001C68A4B10E4F01F1040801E0246974B194
:103570002368002BFAD03B680BB1A342F6D120465A
:1035800041462A68FFF786FF2469002CF0D100230A
:1035900001222B442A601E71BDE8F081E02000204A
:1035A000EC2000202DE9F04782B00D4691461C46E4
:1035B0000646FDF7CBFF4FF0FF3C6FF000472E4A69
:1035C000821841F10003944577EB03013CBF62464A
:1035D0003B462A4805F0D0F96B1C804640D00CB31E
:1035E000274F284B1C68B4B1B9F1000F1CD1DFF88C
:1035F0009C9001E0246974B12368002BFAD0D9F8BB
:1036000000300BB19C42F5D120462A463146B847DE
:103610002469002CF0D1B8F1000F26D1284602B061
:10362000BDE8F087184FDCE74FF00A0ADFF85C903E
:1036300002E02469002CEED02368002BF9D0D9F8E1
:1036400000300BB1A342F4D12A4631462046B84798
:10365000012220460DF107018DF807A0B847E8E7E1
:10366000304604F0E7FF0546B9E7044805F078F96D
:10367000284602B0BDE8F08740420F0078170020CE
:1036800095340010E02000208D340010EC20002044
:10369000084A136823B90AE003F110021B6933B129
:1036A0008342F9D129B9186910601961704701B1D5
:1036B00010607047E020002000F0DEBAF0B583B063
:1036C00006468DF80700FDF741FF4FF0FF356FF01C
:1036D0000044174A821841F10003954274EB03013C
:1036E0003CBF23462A46134805F046F9124B0746CD
:1036F0001C689CB1114D01E024697CB12368002B4A
:10370000FAD02B680BB19C42F6D1204601220DF174
:103710000701FFF7BFFE2469002CEFD117B930462F
:1037200003B0F0BD034805F01BF9304603B0F0BD0F
:1037300040420F0078170020E0200020EC200020FD
:1037400038B5044604F076FF012305461A462046A4
:103750002946FFF727FF084B1C682CB163682BB183
:1037600098472469002CF9D1284638BD2469002CDB
:10377000F4D1284638BD00BFE02000202DE9F041FB
:10378000A2B004460D46FDF7E1FE4FF0FF376FF0A3
:103790000046264ADFF8A480821841F100039742D0
:1037A00076EB03013CBF3A463346214805F0E4F886
:1037B00000272B462246064601A91E480197FFF71F
:1037C0000BFE019B0546D8F80040C3B1002C2BD05E
:1037D000194F01E0246974B12368002BFAD03B68CB
:1037E0000BB1A342F6D12046019A02A9FFF752FE7F
:1037F0002469002CF0D10023D8F8004001932CB1AB
:10380000636843B198472469002CF9D12EB9284642
:1038100022B0BDE8F0812469F1E7054805F0A0F881
:10382000284622B0BDE8F0810194EFE740420F0046
:103830007817002045350010EC200020E020002003
:103840000FB400B583B004A951F8040B0191FFF740
:1038500095FF03B05DF804EB04B07047704700BFFC
:103860000022014B1A707047D82600204B79FF2B9D
:103870000BD1887948B9CB79012B07D1082A05D912
:10388000034B8A7809201A7070470020704700BFE8
:10389000D826002001207047012901D0012070475F
:1038A00008B5104B91881B78994201D0002008BDC3
:1038B0005378012B08D0022BF8D10021642208464E
:1038C000FDF714FF012008BD5188CB0548BF480A09
:1038D000C1F3402258BF4FF0FF3001F07F01FDF7E8
:1038E00083FF00BFD826002000487047A493001033
:1038F000012907D15378012B02D19388072B03D0DC
:1039000000207047012070471146A623014A01F0AC
:1039100039BA00BFFC9200100346012201481A7018
:10392000704700BFDC92001008B50B68B3F5966FC6
:1039300000D008BD00224FF0FF301146FDF754FFC4
:10394000024A034B10601960704700BF80200020BE
:1039500084200020184B70B51A68002A28D0EFF395
:10396000108172B6D2E8CF4F0120002CFAD1C2E804
:10397000440F002CF6D1BFF35F8F00220F4C186864
:1039800059602270C0E88F2F81F310880024002531
:103990000B4E3078FCF7A6FF20B900240025204606
:1039A000294670BD3078FCF7ADFF2046294670BD32
:1039B0004FF47A740025EBE718250020DA26002062
:1039C000D9260020014B1878FCF79CBFD92600208F
:1039D00038B5044600200D4601F004FBA8B30020D2
:1039E00001F016FB88B3FDF7B1FD4FF0FF3E6FF01D
:1039F000004C174A821841F1000396457CEB030105
:103A00003CBF72466346134804F0B6FFE8B100209D
:103A100001F0E8FA58B900214FF0FF3000F00AFD3C
:103A20006FF002040B4804F09BFF204638BD0020D5
:103A300001F0EEFA0028EED021462A46002001F0DF
:103A4000F1FA04460028EDD1EAE76FF00204ECE752
:103A500040420F00DC25002008B5FDF777FD4FF050
:103A6000FF3E6FF0004C0F4A821841F1000396456B
:103A70007CEB03013CBF724663460B4804F07CFFBD
:103A800070B14FF0FF30002100F0D4FC002001F0B5
:103A900011FB0028F5D1BDE80840034804F060BFE1
:103AA00008BD00BF40420F00DC2500202DE9F8438F
:103AB00080460F46FDF74AFD4FF0FF356FF000449A
:103AC000334A821841F10003954274EB03013CBF75
:103AD0002A4623462F4804F04FFF08B9BDE8F88373
:103AE000002001F07FFA002847D0002F40DD00259C
:103AF000DFF8A890284E13E02246002001F020FBBA
:103B0000002104464FF0FF3000F094FC002001F04B
:103B1000D1FAFDF71BFDC9E900012544AF4227DDBD
:103B2000002001F02DFB7C1B8442A8BF044608EB5B
:103B30000501002CE0D121464FF0FF3000F07AFC67
:103B4000204601F0B7FA204601F04CFA80B1204639
:103B500001F016FB0028E1D1FDF7F8FCD9F80030A0
:103B6000D9F804209B1942F1000283428A41D5D240
:103B70000848BDE8F84304F0F3BE00200021074BDD
:103B8000C3E90001BDE8F843024804F0E9BE00BF04
:103B900040420F00DC25002020A107000019002072
:103BA00030B5002185B02E4804F0EAFEF0B92D4B67
:103BB0001A68CAB1EFF3108172B6D2E8CF5F012460
:103BC000002DFAD1C2E8454F002DF6D1BFF35F8F2B
:103BD000254C1D6822785960D3B201222270C5E8B5
:103BE0008F0F81F31088CBB105B030BD00214FF0AD
:103BF000FF3000F01FFC002001F00AFA04461848CC
:103C000004F0AEFE002CEFD0184B1B68002BEBD05D
:103C1000174A106805B0BDE830401847FDF78CFA28
:103C20000446FDF793FC4FF0FF3C6FF0004510F5A4
:103C30007A7241F10003944575EB030138BF2B46BE
:103C40004FF000014FF0010520460A4C38BF624694
:103C5000CDE901150094FDF773FA05B030BD00BF42
:103C6000DC25002018250020DA26002080200020F6
:103C700084200020553900104FF0504330B585B0F6
:103C80001C68FDF759FAFDF76DFBA04202D0002039
:103C900005B030BD00212A4B08461B7801F038FDE5
:103CA00028480368002B47D00120FCF7C9FF0346D2
:103CB000254C2649C0B22370FCF740FE2078012134
:103CC000FCF7FAFD0E20FCF729FE40BB204B012536
:103CD000C3E90000FDF730FA0446FDF737FC4FF06A
:103CE000FF3E6FF0004C10F57A7241F100039645EB
:103CF0007CEB03014FF000012046164C3CBF72469E
:103D00006346CDE901150094FDF71AFA0028BEDBE1
:103D100001211148FFF7BCFC012005B030BD012096
:103D2000FCF786FD01460A48FCF7E6FF00220E205C
:103D30000A49FCF733FEEBE7FCF7C2FFB4E700BF2C
:103D4000C0940010DC250020D9260020A13B0010E3
:103D50001825002055390010E4110020C539001045
:103D6000004870474094001000487047EC930010E2
:103D700038B5184B04461A780AB344B940F20942E0
:103D80004FF44173144D6A8013482B8038BD052CC5
:103D90001DD8124B104D53F824102846002301392A
:103DA00003E0132B20F8022F0ED011F8012F01335E
:103DB000DBB2002AF5D15B0043F44073E4E7112144
:103DC000184600F025F8D8E74FF44A73DCE70020E6
:103DD00038BD00BFE8250020B8200020D493001093
:103DE00000B545F247308BB0FDF7F2FC01220346E7
:103DF000092101A89847DDE90332044912BA1BBA28
:103E0000C1E900230BB05DF804FB00BFD025002002
:103E1000012901F1FF3300F0B3805D490A784FEAD0
:103E2000121C9F2A8CBF0CF1370C0CF1300C012BAB
:103E300080F800C000F0A78002F00F02092A8CBFB2
:103E400037323032022B427000F09D804A784FEAC0
:103E5000121C9F2A8CBF0CF1370C0CF1300C032B79
:103E600080F802C000F08F8002F00F02092A8CBF98
:103E700037323032042BC27000F085808A784FEAE6
:103E8000121C9F2A8CBF0CF1370C0CF1300C052B47
:103E900080F804C077D002F00F02092A8CBF3732B5
:103EA0003032062B42716ED0CA784FEA121C9F2A1C
:103EB0008CBF0CF1370C0CF1300C072B80F806C0CE
:103EC00061D002F00F02092A8CBF37323032082B42
:103ED000C27158D00A794FEA121C9F2A8CBF0CF18C
:103EE000370C0CF1300C092B80F808C04BD002F0D5
:103EF0000F02092A8CBF373230320A2B427242D06D
:103F00004A794FEA121C9F2A8CBF0CF1370C0CF136
:103F1000300C0B2B80F80AC035D002F00F02092AB2
:103F20008CBF373230320C2BC2722CD08A794FEAD8
:103F3000121C9F2A8CBF0CF1370C0CF1300C0D2B8E
:103F400080F80CC01FD002F00F02092A8CBF373254
:103F500030320E2B427316D0CA7911099F2A8CBFBA
:103F6000373130310F2B81730DD002F00F02092A47
:103F700094BF30323732102BC27318BF103002D0CA
:103F8000002303707047184400230370704700BF7C
:103F9000D025002070B500F02DF90C234026194CD7
:103FA000FF22A3670E201849FCF7F8FC32460021D7
:103FB000164804F051FA0125002380211348144AC1
:103FC000418445700683068782604360136042F82F
:103FD000043C80F8213080F83B3043620D4B4FF0B9
:103FE0000056C360C362803B836204F0B1FC4FF4AF
:103FF00080320949094B25642846E664C4F89010CC
:10400000DA6470BD000011509D030020F4200020F0
:10401000840010500001105010D0010000201150F9
:1040200001210E20FCF748BC00220248114600F096
:1040300001B900BF14210020044B197021B14FF4C5
:104040000032034BC3F89020704700BFD5260020F4
:10405000002011500B785B0602D14B78052B00D065
:1040600070474B88014ADBB2136070470000115063
:10407000CB782DE9F04103F0030EBEF1010FC3F33D
:1040800001005BD0002791F802C0344C0CF07F0295
:104090005600898806EBDC1304EB43134FEADC156A
:1040A000D876C1F30A0185F0010083F802C01983B4
:1040B0005870DF70D3008DBB2948043304EB821C99
:1040C00003EB0008CCF808801F5082B3254BD200C8
:1040D0001344CCF80430244B3F311A6821F03F01DF
:1040E000BEF1020F08BF4900114419601F4B771938
:1040F00004EB47179942FA602BD82E4404EB461381
:10410000D97E82F0A04282F480125B6842EA81622A
:1041100042F000421A600120BDE8F081104804EB33
:10412000821C0344CCF8283040F832704AB900228F
:104130000F4904EB4513D9605A60ECE70020BDE855
:10414000F081D20002F1A04202F58012CCF82420C6
:10415000C1E7FDF789FBFA68CFE700BFF420002034
:104160008000105004001050FC240020FF0F10505D
:104170000001105004F0ECBB8C4608B5114607480E
:104180001A460CF07F034FEADC1C0CEB430C00EBEF
:104190004C1000F04FF8012008BD00BFF4200020B3
:1041A00011F07F0205D100290CBF02200120064B2F
:1041B0009866C909054B01EB420003EB40104FF430
:1041C0000062002104F0D4BB00201150F420002034
:1041D00011F07F0300D17047002205485B0003EB1C
:1041E000D11300EB43106FF40061C27004F0C0BB48
:1041F000F42000204FF0805209480A4908B50A4BC4
:1042000002600A609968C94311F08051FAD14FF4F5
:104210008052064804F020F90922054B5A6708BD70
:104220000020024000300240000002400000105018
:104230000000115000234FF0010C10B580F81AC097
:104240008282C3820161044604F07EFB20B14FF4F8
:104250000032074BC3F89020204604F085FB10B1D4
:104260000123237710BD2046BDE8104004F068BB51
:10427000002011502DE9F04100241D4E0546234633
:104280003278DFF878801B4F0DE03B6813EB441366
:1042900024D0DB682846984732780134E4B2511CB8
:1042A000A142234606DBA242A3EB0203EDD808EBB2
:1042B0004313EEE7542200210F4804F0CDF84FF0ED
:1042C000FF330D482022041D4360C4E90133E3603D
:1042D000FF21BDE8F041143004F0BEB84FF0E023F8
:1042E000D3F8F03DDB0700D500BEBDE8F08100BF8C
:1042F000D4260020C81A0020981C002054940010D6
:10430000704700BF704700BF002070470020704713
:10431000704700BF704700BF704700BF704700BFC5
:10432000024B5878003818BF01207047981C0020B5
:10433000024B1878C0F38000704700BF981C002023
:104340002DE9F047DFF8E4A09AF80030FF2B56D1B2
:104350000E4600293ED0002154220746294804F089
:104360007BF80022284C294B20461A70FCF7A8FC49
:10437000274B28481C60284CFCF7B0FC204601F075
:10438000ABFD264A264B146023B12648FFF7C4FA3A
:10439000254B18600024234D23462A78DFF890909F
:1043A000DFF884800EE0D8F8003013EB441311D00E
:1043B0005B687BB198472A780134E4B2511CA14272
:1043C000234611DBA242EED89B1A09EB43135B682C
:1043D000002BEFD14FF0E023D3F8F03DDB0700D501
:1043E00000BE0020BDE8F087314638468AF80070EC
:1043F000FFF7D0FD0028EDD03846FFF711FE012071
:10440000BDE8F087981C0020901C0020D6260020D4
:10441000EC1C002010120020FC110020F01C0020D9
:1044200019390010D4260020C81A002018120020C4
:10443000549400102DE9F04FDFF8C8928BB099F832
:104440000030FF2B00F0F180A84CA94DDFF8B0A29E
:10445000DFF8B4B226687369EFF3108272B6D3E85E
:10446000CF0F01210028FAD1C3E8401F0028F6D160
:10447000BFF35F8FB261304607A901F077FB0023DD
:104480007269C2E88F3FB36983F31088002800F097
:10449000CC809DF81D30013B072B00F27D83DFE8C7
:1044A00003F0A7B1959D8E350A04089B002BD1D04F
:1044B00009989847CEE79DF8201001F07F0605EB9C
:1044C000460000EBD11090F8343023F0010380F85F
:1044D000343090F8343023F0040380F83430002E68
:1044E00000F0A680037D9AF80020934280F093802C
:1044F000804A126812EB431300F090809E699DF889
:104500002120099B9DF81C00B047A3E79BF80030D1
:10451000002B00F083809BF80030013BDBB28BF86E
:1045200000309BF8003003F0FF00002B92D1704F59
:104530009DF81C803B7843F001033B7097F83430C2
:1045400060F3000387F8343097F8343060F3820367
:1045500087F8343097F8353060F3000387F835304A
:1045600097F8353060F3820387F8353000F06CFC43
:104570009DF8203003F06002602A6CD0402A7CD085
:1045800003F01F03012B00F0C180022B00F081809B
:10459000002B60D1202A00F0E981002A5BD19DF830
:1045A0002130092B57D8DFE813F0B001A2015600E3
:1045B000C101560095016B0156006001F4002B7893
:1045C000D9077FF547AFFFF7A9FE43E7EB78DA0796
:1045D0007FF540AF0898FFF795FE3BE72B78D807AB
:1045E0007FF538AF2878C0F3C000FFF795FE31E7BC
:1045F0009DF81C00FFF73EFE00F01CFC9DF82030EB
:10460000AB7027E79DF81C00FFF734FE00F012FCAA
:10461000FFF780FE1EE7501C984211DA4FF0E023AE
:10462000D3F8F03DDC0700D500BE0BB0BDE8F08F3D
:10463000099B9DF821209DF81C0000F019FC09E75A
:104640009B1A2D4A02EB431358E7FFF78DFB0246F6
:10465000002840F082814FF0E023D3F8F03DDE07E0
:1046600000D500BE9DF81C000021FFF799FD8021B8
:104670009DF81C00FFF794FDECE6204800F0E4FBF9
:104680000121404608AAFFF733F900287FF4E2AE83
:10469000E8E79DF8241011F0700FDCD101F07F06DF
:1046A00007EB4600164B00EBD1101B78007D76001F
:1046B000019698424FEAD116009659D35E1C864265
:1046C000C0F26681C01A0C4B03EB4016002A00F0C2
:1046D0006381706900F0B8FB01214046736908AA44
:1046E000984700287FF4B6AEBCE700BFF01C00205E
:1046F000981C0020C81A002054940010F1380010B3
:10470000D426002018120020D62600209DF8243040
:104710000F2BA7D8AE4A3B441B791278934232D371
:10472000511C99429EDBAB4E9B1A06EB43167069F7
:1047300000F08AFB01214046736908AA98470028C7
:104740007FF488AE9DF8203013F060068AD19DF882
:1047500021300A3B012B85D800F076FB9DF82130F3
:104760000A2B00F0F281404608A900F0F1FA71E648
:10477000994B1B6803EB4016002A00F00D81002EB8
:104780003FF470AFA5E7944A166816EB4316CED1F6
:1047900068E77B789DF822609E4200F04F817B782D
:1047A000002B40F0BE817E70002E00F04581701E0F
:1047B000C0B2FFF7D9FA0346002800F05F814278C3
:1047C000022A40F05B81C17903F10906C1F340126E
:1047D0001201C1F3801142EA41123146387820F0CB
:1047E000300002433A705A88CDF80C809A18019232
:1047F000019B8B4240F2A4814A780B2A00F0AF81E2
:104800000123042A40F03A810026019A0096521AA8
:1048100092B202926E4A049312781DE06E4B1B68AE
:1048200013EB461800F02A81029AD8F8103003984A
:104830000591984708280246059906F1010303D916
:104840000298904280F0FF80DEB2614B00961A78A9
:10485000531C9E4200F31281009BB242A3EB020262
:10486000DCD85C4B03EB4218DEE77B7840468DF8E2
:104870001A300DF11A02012308A900F083FAE9E5C4
:10488000BDF82200030A013B020AC0B20E2B3FF61C
:10489000E9AE01A151F823F0AD4A001049490010DA
:1048A000E94A00106546001065460010CB4A00102A
:1048B0004949001065460010654600106546001025
:1048C00065460010654600106546001065460010FC
:1048D0009F4A001008A800F0BDFA40469DF822103B
:1048E000FFF7A2FB3B7843F002033B70B2E5BDF853
:1048F0002230012B7FF4B6AE3B78404623F008030C
:1049000008A93B7000F024FAA4E540463B789A08D9
:1049100002F00202C3F340131343ADF81A300DF155
:104920001A02022308A900F02DFA93E5BDF82230FF
:10493000012B7FF497AE3B78404643F0080308A96B
:104940003B7000F005FA85E5022A3FF47EAEFFF7E2
:10495000DDFC024600283FF485AE4046538808A996
:1049600000F010FA00287FF475AD7BE69DF8243046
:104970000F2B3FF677AE164A3B441B7912789342D1
:104980001DD2154A166816EB43167FF4A2AE69E6EF
:10499000002A7FF467AE00269DF8212002F0FD0377
:1049A000012B1BD0002A7FF456AE019B009A3B449A
:1049B000134493F834304046C3F34003ADE7511C31
:1049C0009942FFF64FAE034E9B1A06EB431680E664
:1049D000D426002054940010C81A0020BDF82230BC
:1049E000B3B9012A99F8000000F08680FFF7D8FBE0
:1049F000019B009A3B44134493F8342042F0020296
:104A000083F8342093F8342042F0010283F83420F4
:104A1000002E3FF41FAD706900F016FA7369012192
:104A200008AA40469847002000F00EFA97F8353063
:104A3000DF073FF50FAD96E6FFF76CFC404608A98F
:104A400000F086F906E5049B012B00F09E80002B08
:104A500000F08A80002091F8028005E08CF8046064
:104A60005FFA80FC63457FD908EB000C57FA8CFC99
:104A70009CF804E00130BEF1FF0FEFD04FF0E023CF
:104A8000D3F8F03DDA0700D500BE4FF0E023D3F8AD
:104A9000F03DDB0700D500BE00237B70E2E5FEF7AA
:104AA00023FF024600287FF458AFDBE5FFF758F9F3
:104AB000024600283FF4CFAD4046122308A900F07B
:104AC00061F900287FF4C6ACCCE5FFF71DFC024677
:104AD00000283FF4C7AD4046137808A900F052F90A
:104AE00000287FF4B7ACBDE5BDF82410FFF740F90E
:104AF00002460028EFD1B5E50293FFF769FB019A62
:104B0000009B3A441A4492F83410029B63F341012B
:104B100082F8341092F8341063F3000182F83410F4
:104B200076E700214046FFF787FA4046FFF722FB71
:104B3000BB7840460093FFF79DFB009BBB7032E6BD
:104B4000DDF80C80FFF7E4FB78E74046012308A975
:104B50000DF11A028DF81A6000F014F97AE40A785F
:104B6000CB7811444A784CE63346104804920291BF
:104B700000F076FE0E4B049A02991B781144009ABD
:104B800001339342BFF634AE78E7D8F810C0094835
:104B9000844508BF02235DE74FF0E023D3F8F03DE2
:104BA000DB077FF557AC00BE54E400BFAC1C00200F
:104BB000D4260020815200102DE9F84F0A9F002AC8
:104BC00040D00C461E4615464FF0000ADFF87C9098
:104BD000DFF87C8018E0204698F8021099F800B0C1
:104BE00000F00EFEE0B121465846FFF741FAF0B161
:104BF000A2780AF1010AD10916BF0B9B3A701A700C
:104C00002278AA4514441DD06278052A0FD1E17894
:104C100001F00301B1420AD1A27812F0700FDAD08C
:104C20004FF0E023D3F8F03DDA0700D500BE4FF097
:104C3000E023D3F8F03DDB0702D40020BDE8F88F75
:104C400000BEFAE70120BDE8F88F00BF181200206F
:104C5000981C002038B58B7813F0700F08D04FF0F7
:104C6000E023D3F8F03DDB0700D500BE002038BDBF
:104C7000074A084B0C46084691781D7800F0C0FDA5
:104C80000028ECD021462846BDE83840FFF7F0B9AF
:104C9000981C0020181200200B46064A064811688E
:104CA000DA09343203F07F0302EB4303184400F0C7
:104CB00061BD00BFEC1C0020981C00200B46064A7A
:104CC00006481168DA09343203F07F0302EB43032C
:104CD000184400F079BD00BFEC1C0020981C002097
:104CE00010B5194801F07F0C00EB4C0000EBD1101F
:104CF00090F834C01CF0010F08D04FF0E023D3F837
:104D0000F03DDA0700D500BE002010BD00F13004F0
:104D100094F804C00D484CF0010C007884F804C0ED
:104D2000FFF72AFA0028F0D14FF0E021227960F352
:104D300000022271227960F382022271D1F8F03DE3
:104D4000DB07E1D500BEDFE7981C00201812002029
:104D500030B50B4C8C46A6460546086849680023CA
:104D6000AEE803009CF800102846C943C4E90233AA
:104D7000BDE830401A4601F08001FFF7B1BF00BF27
:104D8000581C00202DE9F041284F4FF00008BE4686
:104D90008C46064608684968BA60AEE80300A7F882
:104DA0000E801546BCF80620934228BF1346BB81EF
:104DB0009AB11C4633B3DDB197F90030402C28BFBF
:104DC0004024002B29DB414623463046184AFFF792
:104DD00087FF68B10120BDE8F0819CF80010134600
:104DE000C943304601F08001FFF77AFF0028F1D176
:104DF0004FF0E023D3F8F03DDB0700D500BE0020E4
:104E0000BDE8F0811A46397801F08001234630462A
:104E1000FFF766FF0028DDD1EAE72246294604486D
:104E200003F092FB8021024AF0E700BF581C0020EB
:104E3000181C00200022034BC3E90022C3E9022210
:104E40001A617047581C0020014B1861704700BF61
:104E5000581C002030B40246044C0025234600684C
:104E60005168C4E9025530BC03C37047581C002088
:104E700070B53D4CC90922780646B1EBD21F1D46DC
:104E800082B017D053B14FF0E023D3F8F03DDB07E9
:104E900002D4002002B070BD00BEFAE72146FFF741
:104EA000D9F823691BB122460321304698470120D7
:104EB00002B070BD94F90030002B06DBA06800281A
:104EC000E7D02A46294903F03FFBE089A168E3883F
:104ED000284480B229448342E081A16016D03F2D4E
:104EE00014D9A28994F90040131A9BB2402B28BF11
:104EF0004023002C27DB90424FF0000131D01B4AA9
:104F00003046FFF7EDFE0028D1D1BCE7236923B17D
:104F100002213046144A984760B121780023C943E2
:104F200030461A4601F08001FFF7DAFE0028AAD0C9
:104F30000120BDE701463046FFF732F980213046B7
:104F4000FFF72EF9B3E7904208D01A4607480193BD
:104F500003F0FAFA8021054A019BD1E78021002263
:104F6000CEE70A46CCE700BF581C0020181C0020E2
:104F70002DE9F0410446FFF7D3F908B9BDE8F08107
:104F8000FFF7D6F905460028F8D1C82304FB03F340
:104F9000124EF718F9780029F0D010331E4430462D
:104FA00000F0D2FD3F28E9D92846F978FFF774FED2
:104FB0000028E3D0304600F0C7FD3F28F97808D933
:104FC000074A284602EBC4124023BDE8F041FFF730
:104FD00087BE2846BDE8F041FFF770BE501B002099
:104FE000CC1A002010B50446FFF79AF908B9002042
:104FF00010BDFFF79DF90028F9D1C822034B02FB31
:105000000433187900F0010010BD00BF501B0020D0
:10501000C82208B5024B02FB003000F07BFD08BD42
:10502000601B00202DE9F8434FF6FF73C8249A4215
:1050300028BF1A4600FB04F4DFF8748004F1100561
:105040004544064692B2284600F0DAFD0746FFF7CF
:1050500067F910B93846BDE8F883FFF769F981466A
:105060000028F7D1A04498F80330002BF2D028464E
:1050700000F06AFD3F28EDD9484698F80310FFF785
:105080000BFE0028E6D0284600F05EFD3F2898F889
:10509000031007D9054A4846402302EBC612FFF722
:1050A0001FFED7E74846FFF709FED3E7CC1A0020DA
:1050B000501B00202DE9F0410446FFF731F910B9EB
:1050C0000020BDE8F081FFF733F905460028F7D14D
:1050D000C82604FB06F6DFF8648006F1240747447F
:1050E000384600F017FD0028EAD0B044284698F86A
:1050F0000210FFF7D1FD0028E2D00F4E384606EB34
:10510000C4163146402200F07BFD98F80210044698
:1051100068B1034632462846FFF7E2FD50B94FF02A
:10512000E023D3F8F03DDB07CAD500BEC8E7FFF7A0
:10513000C5FDC5E72046C4E70C1B0020501B00201E
:1051400038B54FF6FF75C823AA4228BF2A460B4C34
:1051500092B203FB00440546204600F00FFE0346D2
:1051600020461C4600F0D6FC3F2801D8204638BD1A
:105170002846FFF79FFF204638BD00BF741B002064
:10518000C82208B5024B02FB003000F0DDFC08BD70
:10519000741B0020F0B5002483B0C82200211748FA
:1051A00003F05AF9FF234FF4E13108221448047048
:1051B00012480094074643718160827300F1380100
:1051C00001234022103000F075FC0123402207F13A
:1051D0007801009307F1B80607F1240000F06AFC9B
:1051E00007F1C0053046FBF76BFD2846FBF768FD6D
:1051F000C7E90746C7E90C5403B0F0BD501B0020B7
:105200004C1B00200A4A116B136A61B13BB10023A9
:10521000C2E90C33D36100231362012070470120DF
:10522000C2E90C337047002BF7D0D161F3E700BF20
:10523000501B0020002210B50E4C0F48237802604E
:105240000271DA0707D59B070BD5BDE81040012195
:105250000A4800F05DBE103000F03EFE23789B0748
:10526000F3D4064800F038FEBDE8104001210348A1
:1052700000F04EBE4C1B0020501B0020741B002071
:10528000F0B54B7983B0022B02D18B79022B03D07E
:105290000025284603B0F0BD274FBB783BB14FF047
:1052A000E023D3F8F03DDB07F2D500BEF0E78B78C2
:1052B00006463B700B78CC186178242908BF092575
:1052C00007D036E023781C4461782B4424299DB212
:1052D00007D1AA42F6D20020FFF74AFE284603B0C3
:1052E000F0BD0B46052916D0042BF4D163790A2BA7
:1052F000F1D1124B277801930133009302233046FA
:105300001A46E119FFF758FC0028C8D00E3517FAE5
:1053100085F5ADB2DFE721463046FFF79BFC00285C
:10532000BDD0A3787B7023785A191C44637895B25A
:10533000DAE70B460925D5E7501B0020521B002059
:10534000137803F06003202B08D170B5264C9388A6
:1053500094F800C09C4503D0002070BD0020704729
:105360005378203B032BF7D8DFE803F027230D0207
:1053700001292ED003291ED11C4BE3B100205188F6
:10538000AFF3008017E0012923D0032913D15588FA
:10539000174805F0010686F00101257100F0B8FDFF
:1053A000144B43B131460020C5F34002AFF30080F7
:1053B00001E0012911D0012070BD01290DD0032980
:1053C000F9D10D4B002BF6D000200C49FEF7ACFABA
:1053D000F1E71146FFF7BCFCEDE711460723074A4A
:1053E000FFF7D0FCE7E700BF501B002000000000E3
:1053F000741B00200000000029390010581B0020F9
:105400002DE9F843354E0C46F27807468A421D4690
:105410003DD0B3788B4212D04FF0E023D3F8F03D6B
:10542000DB0732D40020BDE8F8832D4B23B12D4893
:1054300000F080FB00284DD00020FFF799FDB378E5
:10544000A34201D00120EEE7274B13B10020AFF3B8
:1054500000800020FFF72EFE0028F3D1234800F043
:1054600059FB0028EED1002DECD015F03F05E9D115
:105470003846B178FFF710FC0028E3D02B462A46C7
:105480003846B178FFF72CFCDCE700BECAE79AB2D9
:10549000174906F1100000F071FC164B002BC4D028
:1054A0007379FF2BC1D0002DBFD0DFF8448008EB0B
:1054B000050902E0C845B8D0737918F8012B9A4263
:1054C000F8D1084800F036FB0028F3D17179AFF32A
:1054D0000080EFE7AFF30080AEE700BF501B002075
:1054E00000000000601B002000000000741B002072
:1054F000CC1A002000000000F0B54FF4137285B004
:105500000021124802F0A8FF402600234FF48075C6
:105510000E4F0F4C07F5A6721946CDE902460092D0
:1055200001951A4607F5947000F0C6F90023384635
:1055300007F128013444009101221946CDE90246C1
:105540000195043000F0B8F905B0F0BD341E00201C
:10555000B41D002008B5054800F0DAF9034BA3F5A7
:10556000927000F0D5F9012008BD00BF5C1F00203B
:1055700038B50025064C04F59870257000F0ACFC99
:1055800004F10C0000F0A8FC84F82951657138BDC5
:10559000341E00202DE9F8434B79FF2B51D1354EB5
:1055A00096F82931002B4CD196F80580B8F1000F00
:1055B00047D18B780C7833700B790F460C44ABB322
:1055C0008146A51803E0A54230D923781C446378AE
:1055D000052BF8D1AC4229D221464846FFF73AFBC9
:1055E00040B3A378DB092FD1234800F075FCA378E2
:1055F00096F8282186F82931A3884846C3F30A0380
:10560000A3F50073B3FA83F35B0963F341021B490B
:1056100086F8282100F0EAF960B123783A7908F198
:1056200001081C445FFA88F39A42D0D8E11B88B283
:10563000BDE8F8834FF0E023D3F8F03DDB0700D559
:1056400000BE0020BDE8F8830D4800F045FCA378BB
:1056500032797371A3880B49C3F30A03A3F500736E
:10566000B3FA83F35B0963F341020020327100F067
:1056700085F9D2E7341E0020641F00205C1F002043
:10568000401E0020381E002070B51B4C064694F8C2
:1056900029C11D468C4511D063798B4201D0002071
:1056A00070BD164B1BB10020A9B2AFF3008030468D
:1056B000134900F063F9C8B1012070BDB4F834316A
:1056C00063B9104B23B100200F49AAB2AFF3008099
:1056D00030460E4900F08AF90120EEE7D4F82C118B
:1056E000AAB204F5987000F049FBEAE72A46304672
:1056F000034900F00FF9DFE7341E0020000000002E
:10570000381E002000000000B41D00205C1F002097
:1057100010B582B0C9B101280CD80B7853B1144C24
:10572000012B235402D0012002B010BDFEF708FE69
:105730000028F8D14FF0E023D3F8F03DDB0702D486
:10574000002002B010BD00BEFAE70124084601A9FE
:10575000ADF80440FEF7F4FD38B94FF0E023D3F87C
:10576000F03DDA07EDD500BEEBE7014B1C70E8E732
:105770008C1C0020F8B5037813F001041AD10378CB
:1057800005465A07C3F3800701D52046F8BD0E46EB
:105790004FF0FF31304603F0CFF82B7813F00104BF
:1057A0000BD12B785B0709D42B78012443F0040339
:1057B0002B7003E000242046F8BD3C46304603F041
:1057C000CFF82046F8BD00BF70B50C4605464FF037
:1057D000FF31204603F0B0F82B78C3F380065B0757
:1057E00008D52B7813F0010311BF00262A7863F344
:1057F00082022A70204603F0B3F8304670BD00BF25
:10580000C378828803F003000228C2F30A0215D08D
:1058100003280AD001281CD1022940F2FF3308BF17
:105820004FF4806393420DD37047022914BF402385
:105830004FF48063934205D30120704702290AD0B8
:10584000402AF9D94FF0E023D3F8F03DDB0700D52B
:1058500000BE00207047B2F5007FEDD0F2E700BF38
:105860000A44914226D291F801C0BCF1050F05D03F
:1058700091F800C061448A42F5D8704700B591F8AC
:1058800002C00CF07F0E00EB4E0E4FEADC1C0EF84F
:105890000C3091F800C061448A4209D991F801C0E6
:1058A000BCF1050FEBD091F800C061448A42F5D8F5
:1058B0005DF804FB704700BF2DE9F0418E4682B0D1
:1058C000009390F800C0089EBDF824706EF3000CA1
:1058D00004461546012331463A4600F808CBBDF888
:1058E0002C8000F0E7F806B13FB901200A9BA4F82C
:1058F0000280636002B0BDE8F08104F11C0630460E
:10590000FBF7DEF90DB135460026C4E90556ECE794
:1059100001207047F8B50746084640F2FF131546C8
:1059200010F8082B0C4612F0020F0CBF3F261E4643
:1059300000F0F0F828B925B12E4202D12378DA0719
:1059400001D50020F8BD38466178FFF7A5F9002899
:10595000F7D0237813F0010307D04FF0E023D3F8FA
:10596000F03DDB07EDD500BEEBE71A46384661781F
:10597000FFF7B6F90028F0D0F8BD00BF70B501F10F
:105980000805064628460C4600F0C4F810B12378F6
:10599000DA0701D5002070BD30466178FFF77CF949
:1059A0000028F7D028466288616800F029F923783A
:1059B000054603F0010340B173B14FF0E023D3F883
:1059C000F03DDB07E6D500BEE4E7002BE2D1304630
:1059D0006178FFF773F9DDE7034662683046617866
:1059E000FFF77EF90028E8D0284670BD8A892DE9A6
:1059F000F0410B780C46064622B9DD0734D500206D
:105A0000BDE8F08104F108079907384647BF4FF415
:105A10007E484FF400754FF6C078402500F094F8AA
:105A20008542ECD82378DA07E9D430466178FFF76D
:105A300033F90028E3D0384600F086F82378854211
:105A400003F001032DD8BBB9658808EA0008454575
:105A500028BF454661785DB362682B463046FFF744
:105A60003FF948B12846CBE74978FFF715F90028F8
:105A7000C5D02378D80707D54FF0E023D3F8F03D01
:105A8000DB07BCD500BEBAE7638861783BB16268CA
:105A90003046FFF725F90028EED06088B0E71A46B7
:105AA000F6E7002BABD130466178FFF707F9A6E7A0
:105AB0002A46D2E72DE9F041B2F5004F9DF8188053
:105AC00024D80446C06817460E461D4618B14FF04C
:105AD000FF3102F031FF206918B14FF0FF3102F0C1
:105AE0002BFF0022C5F30E03E06843EAC83362814E
:105AF0002660A780E380228108B102F031FF20698F
:105B000008B102F02DFF0120BDE8F0810020BDE8C2
:105B1000F08100BF038942899BB292B28088934290
:105B200036BFC2EB40029B1A9B189BB2984228BF1B
:105B3000184670470289438990B29BB2C01AB0FAE6
:105B400080F04009704700BF038942899BB280887A
:105B500092B2934236BFC2EB40029B1A9B189BB293
:105B6000984286BFC01A80B20020704738B50446FC
:105B700000690D4618B14FF0FF3102F0DDFE2189BA
:105B8000638989B29BB2A288994236BFC3EB4200B7
:105B9000C81A401880B250B3824209D291422CBF39
:105BA000891A89188BB29A42638103D89B1A9BB2D7
:105BB0009A42FBD9E2882168C2F30E0202FB03116C
:105BC000284602F0C1FC6189012589B24B1C9BB2B9
:105BD0009942A2880ED9002302FA05F15B1A9BB202
:105BE0002069638108B102F0BBFE284638BD054636
:105BF00063899BB2B3EB420F4FEA4201F0DBEDE762
:105C00002DE9F047064600698846914618B14FF0E5
:105C1000FF3102F091FE338974899BB2A4B2B5883A
:105C2000A34236BFC4EB45071F1BFF18BFB2002FAE
:105C30004AD0BD4240D3B94528BFB946A5421FFA54
:105C400089F703D8641BA4B2A542FBD9B6F806A015
:105C50002B1B31689BB2CAF30E029F42924602FB95
:105C6000041123D913FB02F31FFA83F94A46404675
:105C70007D1B02F069FC621912FB0AF2316808EB25
:105C8000090092B202F060FC7289B58892B2D31911
:105C90009BB29A421AD96A009B1A9BB230697381EF
:105CA00008B102F05DFE3846BDE8F087404607FBCC
:105CB00002F202F049FCE7E7AB422CBF5B1B5B1929
:105CC0009CB22F467481B6E773899BB2B3EB450F44
:105CD0004FEA4502E2DBDFE7F8B50446C0680E464E
:105CE00018B14FF0FF3102F027FE25892389618921
:105CF0009BB289B2A2888B4236BFC1EB42015B1ACC
:105D00005B189BB29A42ADB208D8E779FF0905D17A
:105D1000E06808B102F024FE3846F8BD954228BF7D
:105D20002B4618D39B1A9BB29342FBD2E288206881
:105D3000C2F30E0202FB0300314602F005FC6B1CAD
:105D40009BB29D42A28812D9002351005B1A9BB2DC
:105D500001272381DCE7E2882068C2F30E0205FBFD
:105D60000200314602F0F0FB0135A288ABB2B3EB82
:105D7000420F4FEA4201EBDBE8E700BF2DE9F04FAD
:105D8000174683B0002A75D00646C068894618B108
:105D90004FF0FF3102F0D0FDF379B6F80880728938
:105DA000DB09B5881FFA88F892B23CD1904536BF1E
:105DB000C2EB4502A8EB0202424492B2AA425ED272
:105DC000AA1A92B2BA4228BF3A46B6F806B097B2BB
:105DD0007B1B08EB070ACBF30E0B9BB21FFA8AFA68
:105DE000A845444603D3641BA4B2AC42FBD22D1B8E
:105DF0003068ADB2BD420BFB040057D349460BFBE4
:105E000007F202F0A1FBB288D0454FEA420302D864
:105E1000BAEB420F03DBAAEB03031FFA83FA3D46FA
:105E2000A6F808A02CE0B6F806B0AF42CBF30E0BF4
:105E30002FD2904536BFC2EB4501A8EB0201414489
:105E400089B2680039447B1B81429BB20DDB02EBB7
:105E5000050A1FFA8AFAAAEB07081FFA88F84245D2
:105E600037D9A8EB00001FFA80F807EB080A1FFAE1
:105E70008AFAB5E71546284603B0BDE8F08F00253D
:105E8000F0680028F7D002F06BFD284603B0BDE8AB
:105E9000F08F002DF4D07F1B02EB050A0BFB079956
:105EA00090462F4600231FFA8AFA99E715FB0BF557
:105EB000ADB22A464946019302F046FB019B306889
:105EC000E21812FB0BF209EB050192B202F03CFB67
:105ED00099E7404584DCC4E710B50446C06818B1B2
:105EE0004FF0FF3102F028FD206918B14FF0FF316B
:105EF00002F022FD0023E0686381238108B102F0F3
:105F00002FFD206908B102F02BFD012010BD00BF5C
:105F100038B50446C0680D4618B14FF0FF3102F0A5
:105F20000BFD206918B14FF0FF3102F005FDE37958
:105F3000E06865F3C713E37108B102F011FD206951
:105F400008B102F00DFD012038BD00BFF8B50446D0
:105F50000D46EFF3108772B60C4B9B6853F8206028
:105F6000B14204D00A4B9E420BD2FBF77DFC074B9B
:105F70009B6843F82450BFF35F8F87F31088304647
:105F8000F8BD044B9E42F2D3EFE700BF00ED00E006
:105F9000100100101C01001070B51646026C04467A
:105FA000856B2AB9066801354EB31046A56370BDEE
:105FB0008EB9406802F0C8FA6368216CA2680B448D
:105FC0009342636028BF236805F1010528BF636021
:105FD0000020A56370BDC06802F0B6FA226CE368C9
:105FE00051429B1A2268E360934202D2A3680B4499
:105FF000E360022E08D001350020A56370BD8068E3
:1060000001F0DEFAA660D1E7012D38BF0125DFE7F8
:1060100070B5A0B3A1FB002305460E467BBB01FB78
:1060200000F010F1490F2AD8483001F02FFD044646
:1060300028B33EB300F148032360C4E90F5601F0D2
:106040007FFD0023FF20A363216CE36B226801FB2B
:1060500003F3591A626013440A44C4E9023284F813
:10606000440084F8450004F1100001F0E1FE04F161
:10607000240001F0DDFE01F071FD204670BD00241A
:10608000204670BD0346D7E72DE9F043044685B0AE
:106090001F460192884601F053FDA26BE36B9A42C2
:1060A00079D3022F77D0002204F12406019B002B24
:1060B00000F0D480002A00F0CD8001F04FFD00F008
:1060C00069FF01F03DFD94F84430FF2B04BF00232D
:1060D00084F8443094F84530FF2B04BF002384F843
:1060E000453001F03BFD02A801A901F0EBF90028C1
:1060F00040F0BA8001F024FDA26BE36B9A425CD0C1
:1061000001F02CFD01F01CFD94F8452055B2002D46
:1061100004DC11E06A1ED3B255B26BB1636A5BB1A5
:10612000304601F05BF90028F4D001F0FBF96A1E5B
:10613000D3B255B2002BF1D1FF2384F8453001F0E2
:106140000DFD01F0FDFC94F8442055B2002D14DD46
:1061500004F1100903E06A1ED3B255B26BB1236992
:106160005BB1484601F03AF90028F4D001F0DAF9C1
:106170006A1ED3B255B2002BF1D1FF2384F844300C
:1061800001F0ECFC00F00EFF01F0DAFCA16BE36B18
:10619000012299428AD23A4641462046FFF7FCFE48
:1061A000636A002B40F0A880002840F0A28001F034
:1061B000D5FC012005B0BDE8F08304F1100901F021
:1061C000CDFC4846019901F057F801F0B9FC94F86C
:1061D00045305DB2002D04DC11E06B1EDAB25DB219
:1061E0006AB1636A5BB1304601F0F8F80028F4D078
:1061F00001F098F96B1EDAB25DB2002AF1D1FF23EB
:1062000084F8453001F0AAFC01F09AFC94F844307F
:106210005DB2002D04DC11E06B1EDAB25DB26AB132
:1062200023695BB1484601F0D9F80028F4D001F0A9
:1062300079F96B1EDAB25DB2002AF1D1FF2384F83E
:10624000443001F08BFC00F0ADFE00289CD101F041
:106250006BFC99E702A801F029F92EE701F07EFC1A
:10626000002005B0BDE8F08301F06AFC94F84530E9
:106270005DB2002D14DD04F1240603E06B1EDAB2DA
:106280005DB26AB1636A5BB1304601F0A7F80028DD
:10629000F4D001F047F96B1EDAB25DB2002AF1D1F9
:1062A000FF2384F8453001F059FC01F049FC94F8D3
:1062B00044305DB2002D14DD04F1100603E06B1EC6
:1062C000DAB25DB26AB123695BB1304601F086F89B
:1062D0000028F4D001F026F96B1EDAB25DB2002A74
:1062E000F1D1FF2384F8443001F038FC00F05AFE6D
:1062F000B6E701F019FC5AE704F1240001F06EF84A
:1063000000283FF454AFF4E738B5482001F0BEFB55
:10631000044650B3002501232060C0E90F3501F089
:106320000FFCD4E90F31FF2001FB03F32268591A57
:10633000626013440A44C4E90232A56384F844004D
:1063400084F8450004F1100001F072FD04F124000E
:1063500001F06EFD01F002FC2B462A46294620463C
:10636000A5602560E560FFF78FFE204638BD00BFC1
:106370002DE9F043044685B08846019201F0E0FB28
:10638000A56B002D40F01781019B002B00F0C6800B
:1063900002A801F08BF82F4604F1240601F0DEFB81
:1063A00000F0F8FD01F0CCFB94F84430FF2B08BF5F
:1063B00084F8447094F84530FF2B08BF84F845708A
:1063C00001F0CCFB01A902A801F07CF8002854D10F
:1063D00001F0B6FBA36B002B40F0A68004F124096A
:1063E00001F0BCFB4846019900F046FF01F0A8FB14
:1063F00094F845305DB2002D04DC11E06B1EDAB27A
:106400005DB26AB1636A5BB1484600F0E7FF0028FD
:10641000F4D001F087F86B1EDAB25DB2002AF1D138
:10642000FF2384F8453001F099FB01F089FB94F8D3
:1064300044305DB2002D14DD04F1100903E06B1E41
:10644000DAB25DB26AB123695BB1484600F0C6FFBB
:106450000028F4D001F066F86B1EDAB25DB2002AB3
:10646000F1D1FF2384F8443001F078FB00F09AFD6D
:1064700000284AD101F058FB47E001F061FB94F895
:1064800045305DB2002D04DC11E06B1EDAB25DB266
:106490006AB1636A5BB1304600F0A0FF0028F4D017
:1064A00001F040F86B1EDAB25DB2002AF1D1FF2391
:1064B00084F8453001F052FB01F042FB94F844307F
:1064C0005DB2002D14DD04F1100903E06B1EDAB299
:1064D0005DB26AB123695BB1484600F07FFF0028D6
:1064E000F4D001F01FF86B1EDAB25DB2002AF1D1D0
:1064F000FF2384F8443001F031FB00F053FD01F03C
:106500001FFBA36B53B101F029FB01F019FBA56B35
:10651000002D50D1019B002B7FF440AF01F01EFBFA
:10652000002005B0BDE8F08301F018FB01F008FB86
:1065300094F845305DB2002D14DD04F1240903E028
:106540006B1EDAB25DB26AB1636A5BB1484600F0B5
:1065500045FF0028F4D000F0E5FF6B1EDAB25DB213
:10656000002AF1D1FF2384F8453001F0F7FA01F059
:10657000E7FA94F844305DB2002D14DD04F11009FF
:1065800003E06B1EDAB25DB26AB123695BB14846C3
:1065900000F024FF0028F4D000F0C4FF6B1EDAB234
:1065A0005DB2002AF1D1FF2384F8443001F0D6FA1D
:1065B00000F0F8FCA9E7226C5AB1E168A368114425
:1065C0009942E16028BF2168404628BFE16001F0A0
:1065D000BBFF2369013DA5632BB901F0BFFA012080
:1065E00005B0BDE8F08304F1100000F0F7FE0028CC
:1065F000F3D001F099FAF0E72DE9F043044685B0B5
:10660000019101F09DFAA56B002D40F03B81019BAB
:10661000002B00F0818002A800F048FF2F46A8461A
:1066200004F1240601F09AFA00F0B4FC01F088FAB3
:1066300094F84430FF2B08BF84F8448094F8453028
:10664000FF2B08BF84F8458001F088FA01A902A851
:1066500000F038FF002862D101F072FAA36B002B22
:1066600040F0AC8001F07AFA2368002B00F0018141
:1066700004F124094846019900F0FEFD01F060FA9A
:1066800094F845305DB2002D04DC11E06B1EDAB2E7
:106690005DB26AB1636A5BB1484600F09FFE0028B4
:1066A000F4D000F03FFF6B1EDAB25DB2002AF1D1E8
:1066B000FF2384F8453001F051FA01F041FA94F8D3
:1066C00044305DB2002D14DD04F1100903E06B1EAF
:1066D000DAB25DB26AB123695BB1484600F07EFE72
:1066E0000028F4D000F01EFF6B1EDAB25DB2002A63
:1066F000F1D1FF2384F8443001F030FA00F052FC6D
:10670000002800F0A58001F01BFAA56B002D40F0D9
:10671000B980019B002B85D101F020FA4AE001F0FD
:106720000FFA94F845305DB2002D04DC11E06B1EC9
:10673000DAB25DB26AB1636A5BB1304600F04EFE18
:106740000028F4D000F0EEFE6B1EDAB25DB2002A33
:10675000F1D1FF2384F8453001F000FA01F0F0F99F
:1067600094F844305DB2002D14DD04F1100903E00B
:106770006B1EDAB25DB26AB123695BB1484600F0C4
:106780002DFE0028F4D000F0CDFE6B1EDAB25DB213
:10679000002AF1D1FF2384F8443001F0DFF900F042
:1067A00001FC01F0CDF9A36B002B4ED101F0D6F91D
:1067B000002F50D1002005B0BDE8F08301F0CEF9E4
:1067C00001F0BEF994F845305DB2002D14DD04F1FE
:1067D000240903E06B1EDAB25DB26AB1636A5BB191
:1067E000484600F0FBFD0028F4D000F09BFE6B1E35
:1067F000DAB25DB2002AF1D1FF2384F8453001F00E
:10680000ADF901F09DF994F844305DB2002D14DD2E
:1068100004F1100903E06B1EDAB25DB26AB12369BC
:106820005BB1484600F0DAFD0028F4D000F07AFEB3
:106830006B1EDAB25DB2002AF1D1FF2384F8443036
:1068400001F08CF900F0AEFB5DE701F087F95AE743
:1068500001F06AF957E701F073F9616A19B1236B26
:106860001968C1F10601A06800F0E0FE01F076F9B8
:10687000A0E701F065F9A06800F05AFE074601F0B4
:106880006DF9F5E62368013DA56383B123692BB952
:1068900001F064F9012005B0BDE8F08304F11000B7
:1068A00000F09CFD0028F3D001F03EF9F0E700F085
:1068B000F9FEA060EAE700BF00296BD0564B5A688A
:1068C000904200F08B801A6810B4002A3BD0DA683E
:1068D000904200F09E809A68002A55D05A699042F2
:1068E00000F095801A69002A55D0DA69904200F0CC
:1068F00082809A69002A54D05A6A904256D01A6A05
:10690000002A57D0DA6A904277D09A6A002A56D085
:106910005A6B904273D01A6B002A55D0DA6B9042B2
:106920006FD09A6B002A54D05A6C90426BD01A6C7C
:10693000002A59D0DA6C904267D09B6C002B58D05B
:106940005DF8044B7047DA68904262D05A69904211
:106950005DD01A46DC69A0424DD05C6AA04225D0C9
:10696000DC6AA04249D05C6BA04248D0DC6BA042FC
:1069700047D05C6CA04246D0DC6CA04245D0C2E956
:1069800000105DF8044B70475A6990423FD003F104
:106990000802DFE77047DA6990422CD003F1100259
:1069A000DBE75A6A904201D01C4AD9E7042203EB84
:1069B000C202E4E7DA6A90421FD0194AD3E75A6B61
:1069C00090421CD0174AD1E7DA6B904219D0164A90
:1069D000CFE75A6C904216D0144ACDE7002203EB61
:1069E000C202C2E900107047DA6C90420DD0104A22
:1069F000C5E7104AC3E70322D9E70522D7E70622F5
:106A0000D5E70722D3E70822D1E70922CFE7022200
:106A1000CDE70122CBE700BF081900202019002094
:106A200028190020301900203819002040190020B2
:106A3000481900205019002070B505460E4614462E
:106A400001F07EF895F84430FF2B04BF002385F851
:106A5000443095F84530FF2B04BF002385F84530BE
:106A600001F07CF8AB6B002B43D001F069F895F88E
:106A700045305CB2002C14DD05F1240603E0631EF2
:106A8000DAB25CB26AB16B6A5BB1304600F0A6FC68
:106A90000028F4D000F046FD631EDAB25CB2002A92
:106AA000F1D1FF2385F8453001F058F801F048F89E
:106AB00095F844305CB2002C14DD05F1100603E0BB
:106AC000631EDAB25CB26AB12B695BB1304600F08A
:106AD00085FC0028F4D000F025FD631EDAB25CB21C
:106AE000002AF1D1FF2385F84430BDE8704001F061
:106AF00035B82246314605F1240000F009FCB4E720
:106B00002DE9F041044601F01BF8364A364E136871
:106B1000013313603368002B34D0344FE36A3A6892
:106B20004AB3334D334934480A6804F1040C013246
:106B30000A6002689A4238BF036003EB830305EBE7
:106B4000830041689B00EA58D1F808E0A160C4F8CE
:106B50000CE00132CEF804C0C1F808C06061EA5010
:106B600000F0FCFF3B6823B13268E36AD26A9A42C4
:106B700010D3BDE8F08132681D4DD26A9A4298BFA9
:106B80003460CFE734601368012B07D0E36A184DF7
:106B9000164FC7E7BDE8F04100F0C6BF144D2F46C1
:106BA00005F178083846143701F042F94745F9D124
:106BB000DFF86080114F404601F03AF9384601F0A5
:106BC00037F90F4801F034F90E4801F031F90E4859
:106BD00001F02EF90D4BC3F800800D4B1F60E36AE6
:106BE000024F9FE7FC250020442500209826002026
:106BF00058250020082600200C26002050260020C2
:106C000084260020B02600209C2600204C25002051
:106C1000502500203C26002080B5124D124F134E07
:106C2000DFF84C8014E000F08BFFFB68DC68201D6F
:106C300001F026F93368013B33602B68013B2B6080
:106C400000F08CFF206B00F02DFF204600F02AFFA3
:106C50002B68002BE7D1D8F80030012BF8D900F0D1
:106C600063FFF5E700260020B0260020FC25002069
:106C7000582500202DE9F04F4C4B83B01D6801359D
:106C80001D60002D67D04A490B689D4277D3494E5D
:106C900033681868002800F084800020AA46074660
:106CA0008146DFF828E1444C019147E05869D3E977
:106CB000022CC2F808C0CCF8042042688A4202685C
:106CC00008BFC0F804C0013A5F610260986A70B101
:106CD000D3E9072CC2F808C0CCF804204268AA42C5
:106CE000026808BFC0F804C0013A9F620260DA6A15
:106CF000DEF8000002EB820C04EB8C088242D8F82C
:106D0000040054F82C50D0F808B09860C3F80CB0C8
:106D1000CBF804108160C3F81480284B88BFCEF8EC
:106D2000002019680135336844F82C50C96A1B6883
:106D30008A4288BF49F00109002B30D03368DB68F4
:106D4000DB685A68191D924503F11805AED2019906
:106D500048460A6014E0174B194A18681168196010
:106D6000184910600A6801320A601A68126882B90C
:106D70004FF0FF330E490B600B689D4287D2002015
:106D8000114B1B68002B18BF40F0010003B0BDE899
:106D9000F08F1B680649DB681B680B6074E7484688
:106DA00001994FF0FF330B60EAE700BFC4260020D3
:106DB000782600204C25002058250020442500205E
:106DC000502500207C260020D02600200C26002004
:106DD0002DE9F8439500804628460F46994600F075
:106DE00055FE002872D00646702000F04FFE044683
:106DF000002868D0043D70220021354401F02CFBAE
:106E000025F007052663002F3BD03B7884F834300B
:106E1000002B36D07B7884F8353093B3BB7884F878
:106E2000363073B3FB7884F8373053B33B7984F84A
:106E3000383033B37B7984F8393013B3BB7984F8B5
:106E40003A30F3B1FB7984F83B30D3B13B7A84F824
:106E50003C30B3B17B7A84F83D3093B1BB7A84F88F
:106E60003E3073B1FB7A84F83F3053B13B7B84F8FA
:106E7000403033B17B7B84F8413013B1BB7B84F865
:106E80004230089F201D052F28BF0527E762676451
:106E900000F0DAFFC7F1060704F1180000F0D4FF94
:106EA0004B4642462846216BA7612461646200F08C
:106EB00077FE099B206003B11C602046FFF720FE8F
:106EC0000120BDE8F883304600F0ECFD4FF0FF30C4
:106ED000BDE8F8832DE9F8434FF4007000F0D6FDCB
:106EE00088B30646702000F0D1FD044678B3002731
:106EF000DFF898903946702201F0AEFA06F5FE757B
:106F0000C4E90C690626201D00F09EFF25F0070548
:106F100004F1180000F098FF3B46174A216B284601
:106F20002461A661646200F03BFE0346DFF86080E6
:106F3000236020460127C8F80040FFF7E1FD00F07C
:106F400063FDB8420AD00D4B1B68BDE8F88330469C
:106F500000F0A8FD094B1B68BDE8F88300F0FAFEBD
:106F60004FF0FF3400220649064B074804600F60CB
:106F70001A6000F051FEE6E7196C001094940010BE
:106F800098260020C42600207826002049444C453D
:106F900068260020024A136801331360704700BF5F
:106FA000042600202DE9F04FDFF86C8183B000F05B
:106FB000C7FDD8F80030013BC8F80030D8F800E031
:106FC000BEF1000F40F081804C4B1B68002B7CD041
:106FD000DFF848C1DCF80030002B00F08B80484B14
:106FE000DFF83C91474E0193DCF80C30DB689A6A7D
:106FF000D3E9070154688160486003F118008442B6
:1070000008BF51601168C3F828E0013911605A695E
:10701000D3E90241A1604C6054681D1DAC4208BF19
:1070200051601168D9F8000001391160DA6A8242B2
:10703000354802EB820188BFC9F80020006806EBE2
:1070400081077C68D0F82CA056F82100D4F808B04D
:10705000013052459C60C3F80CB0CBF80450A560D9
:107060005F6146F8210037D90122019B1A60DCF8E4
:107070000030002BB8D1254B1A681268002A34D092
:107080001A68234BD26812681A60224D2C689CB192
:107090000126019F05E0FFF7EDFD00B13E60013CD8
:1070A00009D0D8F80030002BF5D02B68013C03F153
:1070B00001032B60F5D12C60019B1B682BB1124B97
:1070C00001241B6800F030FD00E0002400F046FDC4
:1070D000204603B0BDE8F08FDCF80030002B83D1F0
:1070E0000A4B1A681268002ACAD14FF0FF32084BC7
:1070F0001A60CAE7024B0193C7E700BFFC250020D6
:10710000D026002058250020442500204C250020B2
:1071100078260020802600200426002084260020D7
:107120000C26002008B900F0FFBC194A2DE9F041F7
:1071300013680446013313601649174B174D184A5C
:107140000E681768D3F800802868043000F098FEB5
:107150002B68A41929685C600DD23846043100F010
:1071600077FE104B1A68944238BF1C60FFF71AFF75
:1071700048B1BDE8F0814046043100F069FEFFF7F8
:1071800011FF0028F5D1BDE8F04100F0CDBC00BFF3
:1071900004260020C426002050250020442500207D
:1071A0004C25002078260020014B1868704700BF4E
:1071B000C4260020054B1B680BB9FFF75BBD044AD2
:1071C0000020136801331360704700BF04260020BD
:1071D00080260020234B1B681BB10122224B1A6022
:1071E0007047214A30B4214C13602068204A00EBDC
:1071F000800352F8233081008BBB431E03EB8305D1
:1072000052F825509900B5B9831E03EB830552F857
:10721000255099007DB9C31E03EB830552F8255014
:10722000990045B9031F03EB830552F825509900D7
:107230000DB9431F9900194402EB810002464168D1
:10724000083249689142416008BFC168094A08BFD5
:107250004160C96811602360136830BC7047034601
:10726000E9E700BF04260020D02600200C260020DD
:1072700058250020442500202DE9F0410C461E4DE4
:107280002968183100F0E4FD1C4B1D491D4A0E68A9
:107290001768D3F800802868043000F0F1FD631C03
:1072A00015D02B68A41929685C600AD238460431CD
:1072B00000F0CEFD144B1A68944238BF1C60BDE844
:1072C000F0814046BDE8F041043100F0C1BD0F4BF4
:1072D00029685A681C688A602E6801342868296801
:1072E0001C602D68946804300431F4606060916023
:1072F0006B61BDE8F08100BF4425002050250020CF
:10730000C42600204C250020782600209C26002042
:1073100094462DE9F0412B4C0D4623684168D4F882
:107320000080D9612768036826688A68D4F800E07D
:10733000013318371836C8F8202057608E60224A6B
:10734000CEF8280021490360214BBCF1000F1AD070
:10735000096812681B682068043000F091FD1D4B1D
:1073600019685A6801311960216890688A6021683B
:10737000C86021680431416021682068043191604F
:107380004361BDE8F0810E681768D3F8008020687B
:10739000043000F075FD2368AD1921685D6005D3E8
:1073A0004046BDE8F041043100F052BD384604319A
:1073B00000F04EFD084B1A68954238BF1D60BDE8CD
:1073C000F08100BF442500204C250020C426002069
:1073D000502500209C26002078260020F0B40026AE
:1073E000C368DB689A6AD3E9070181604860506826
:1073F00003F11804A042274808BF516011680568CE
:107400000139D86A9E621160002D2FD1D3E9024163
:107410005A69A1604C6054681E1DB44208BF516097
:107420001168013911601C4A116881421B4938BF3B
:10743000106000EB800201EB82077D689200D5F8B6
:1074400008C08C589D60C3F80CC0CCF80460AE60D6
:107450005F61134B01341B688C50DB6A834215D289
:10746000F0BC01230F4A1846136070470E4A156896
:107470005168013515608D68D9611D626C608C6042
:107480009A62074B1B68DB6A8342E9D3F0BC002099
:10749000704700BF042600200C260020582500203D
:1074A00044250020D026002084260020034A044BD7
:1074B00012681B68C0E90023704700BF7C260020CB
:1074C000C4260020F8B50D46044600F039FB2B68B1
:1074D000124A581C11681BD0D4E90060DFF840C084
:1074E000DCF80070BE4208D0884206D80023012490
:1074F0002B6000F033FB2046F8BD0F1ABB42F5D9D4
:107500005B1ADCF80010126803442B60C4E9001217
:10751000002400F023FB2046F8BD00BFC426002055
:107520007C2600200122014B1A607047D0260020E3
:10753000F8B50446C8B11F4DC36A2A68D26A93429F
:1075400014D28269002A04DB2A68D26AC2F10602D8
:107550008261194E626903EB830306EB83039A424F
:107560000CD02B68DB6AE3620120F8BD2B68406C0D
:10757000DB6A98422CBF00200120F8BD271D384649
:1075800000F07EFC2B680D4ADB6A1168E3628B42D7
:1075900088BF136003EB8303980006EB83035968ED
:1075A00032588D680132A160E5606F608F60636161
:1075B0003250D9E744250020582500200C26002011
:1075C00058B1F8B5C16A836C426C013B91420446E4
:1075D000836400D01BB10020F8BD00207047061D59
:1075E000304600F04DFC636C0E4AC3F10600A0610A
:1075F00001201168E3628B4288BF13600A4A03EBE3
:1076000083034FEA830C02EB83035D6852F80C108E
:10761000AF680144A560E7607E60AE60636142F8D8
:107620000C10F8BD0C2600205825002060B1426CDB
:10763000F8B5914238BF1146C36A04468B4202D066
:10764000826C012A01D0F8BD70478269134D002A6F
:1076500003EB83034269C16205EB8303A4BFC1F15D
:10766000060181619A42EED1061D304600F008FC09
:107670000B4AE36A11688B4288BF136003EB8303F4
:10768000980005EB830359682A588F680132A1607E
:10769000E7607E608E6063612A50F8BD5825002047
:1076A0000C260020034B186810B1836C01338364EF
:1076B000704700BF442500202DE9F04FB74FDFF899
:1076C000E4B2DFF8E482B64D87B03B681C68002C5A
:1076D00040F01D81FFF75EFCFFF766FDDBF8003030
:1076E0008146834248D8D8F80030CBF800001A68A9
:1076F000B2FA82F252092868A4EB0901FFF79CF95B
:10770000FFF750FC002800F024810023CDE902336C
:10771000CDE904330022286802A9FEF729FE0028DB
:10772000D3D0029B0498002BC0F2E980DDF810A0B2
:10773000DAF814301BB10AF1040000F0A1FBFFF7E6
:1077400033FDDBF800300190984243D3DDE901239B
:10775000013BCBF80020082BDCD8DFE803F06161A7
:10776000C0A5C76161C0A50022F001028AF82420EB
:107770005046DAF8203098473B681A68002A00F033
:10778000D880DA68D2F80CA014680AF104063046F2
:1077900000F076FB9AF824205107E5D503E0504627
:1077A000DAF820209047DAF81820CAF810A011194A
:1077B000A418CAF80410F2D33146D8F8000000F03B
:1077C00047FBD5E721F0010189F824104846D9F894
:1077D000203098473B681968002900F0B480D968C8
:1077E000D1F80C900C6809F10406304600F048FB13
:1077F00099F824104807E5D503E04846D9F8201049
:107800008847D9F81810C9F8109008196418C9F8F1
:107810000400F2D33146D8F8000000F019FBD5E798
:107820009AF824000399DAF81840019A0B1940F0ED
:1078300001068AF824602CBF012600269342CAF86C
:107840000430CAF810A000F28780511A8C423FD849
:10785000410712D420F001008AF824005046DAF8DB
:107860002030984756E78C4200F2C680DAF8203084
:10787000504698473346DAF81840019AE6182CBF6C
:1078800001200020B242A2EB0301CAF80460CAF84A
:1078900010A0E8D29A4201D20028E7D038680AF155
:1078A000040100F0D5FAD9E70399019A9AF8243037
:1078B000881843F0010390428AF82430CAF818105F
:1078C000CAF80400CAF810A04BD800293FF422AF30
:1078D000D8F800000AF1040100F0BAFA1AE79AF8A1
:1078E000243023F001038AF8243013E79AF8243077
:1078F0009A0777D523F001038AF824300AE7039B1F
:1079000005999847029B002BFFF604AF0EE7DB6852
:107910001C68FFF73FFBFFF747FCDBF800308146B0
:1079200083423FF629AF8442CBF800001FD90022E2
:10793000E1E6D8F80020CBF800903A60C8F80030B3
:10794000FFF730FBE1E6D8F80010C8F800303960E6
:10795000FCE600F0E9F8D8E6914202D9002E3FF4A7
:1079600077AF38680AF1040100F072FAD2E6FFF747
:1079700019FB3B68DB68DE68331D1846019300F095
:107980007FFA96F82420530716D422F0010286F8D5
:1079900024203046336A9847B7E600BF48250020C8
:1079A000C82600206C2600205425002081421DD8C6
:1079B0003046316A88475446B169A9EB040014EB9C
:1079C000010A2CBF01230023CA45C6F804A0366172
:1079D000ECD94C4501D9002BEAD00199386800F068
:1079E00037FAD6E7504600F05DF893E60199D8F8EB
:1079F000000000F02DFACCE7D8F800000AF10401ED
:107A000000F026FA2AE700BFF0B5174C83B000F06B
:107A100097F825687DB100F0A1F8206848B10324EB
:107A20001248002301908022114912480094FFF768
:107A3000CFF903B0F0BD104E104F304600F0F8F90A
:107A4000384600F0F5F90E4A0E4B176010212A4611
:107A50000A201E60FEF7DCFA20600028DBD00A490D
:107A6000FEF72AFFD7E700BFC8260020CC2600205B
:107A7000A0910010B97600101026002024260020C6
:107A800054250020482500209891001010B5044688
:107A9000FFF780FA2046FAF73BF90446FFF782FA2F
:107AA000204610BD50B110B50446FFF773FA2046CA
:107AB000FAF740F9BDE81040FFF774BA704700BF0D
:107AC000002300B583B0019300F044F9019B002B23
:107AD000FCD003B05DF804FB10B500F03BF90446A0
:107AE000FFF768FB28B14FF0E0234FF08052C3F856
:107AF000042D2046BDE8104000F038B910B504222E
:107B00004FF0E024002322610520A361F9F7A2FDD4
:107B10000721044BA3FB00239B09013B6361216107
:107B200010BD00BFD34D62104FF0E0234FF08052E4
:107B3000C3F8042DBFF34F8FBFF36F8F704700BFA3
:107B400008B500F007F9044A136801331360BFF366
:107B50004F8FBFF36F8F08BD1C120020044B1A68B3
:107B6000013A1A60186800B1704700F0FFB800BF12
:107B70001C120020836913F8023C662B00D070476A
:107B80004FF0E023D3F8882D42F47002C3F8882D1B
:107B9000D3F8342F42F04042C3F8342F00F0BCB881
:107BA0002DE9F04F4FF0113E4FF0807440E909E3AA
:107BB0004FF0073340F8044C164C40F8343C40E991
:107BC00003424FF005334FF006324FF0123B40E9CD
:107BD0000F324FF0033A4FF002394FF001384FF0B7
:107BE00010374FF009364FF008354FF004346FF07E
:107BF000020340E905AB40E9078940E90B6740F81B
:107C0000305C40F8404C40F8443C40F8481DBDE82A
:107C1000F08F00BFC17A00104FF0E0234FF07F4299
:107C2000002110B584B00291C3F81C2DD3F81C3D7F
:107C30001B0E8DF807309DF807309DF807301A06A7
:107C40000CD5029B013302939DF807305B00DBB239
:107C50008DF807309DF807301B06F2D4029B082BE5
:107C60003AD0029AC2F10702120202F4E0624FF027
:107C7000E023002419490E200A60D3F8202D18496A
:107C800042F47F02C3F8202DD3F8202D42F07F422A
:107C9000C3F8202DC3F81C4DFEF758F911490F20E9
:107CA000FEF754F910490B20FEF750F9FFF726FFB5
:107CB0004FF050420D490E4B0C6012681A7000F0E4
:107CC00041F8FFF787FA039400F044F8039B002B78
:107CD000FCD0002004B010BD0022C8E7E42500203D
:107CE0007D7D0010D97A0010FD7D00101C1200204F
:107CF0001912002008B5F8F78FFD044B044A03441D
:107D0000136000F087F8034B186008BD6C1C00205E
:107D10004025002064260020094A1168086806C82A
:107D200081F30B88022181F31488203080F30988C5
:107D3000BFF36F8F4FF0000080F3118810470000F1
:107D40004425002062B661B6BFF34F8FBFF36F8F3B
:107D500066DF00BFEFF311804FF0100181F311884F
:107D6000BFF34F8FBFF36F8F704700BF80F3118851
:107D7000BFF34F8FBFF36F8F704700BFEFF30981E1
:107D80001EF0100F08BF21ED108AEFF30B8273462F
:107D900021E9FC0F55FC084457FC096459FC0A848E
:107DA00001E9F003144A136819604FF0100181F3E0
:107DB0001188BFF34F8FBFF36F8FFFF70BFA4FF0B0
:107DC000000080F311880C4A116808681838B0E880
:107DD000F00345EC004447EC016449EC0284B0E850
:107DE000FC0F13F0100F08BFB0EC108A82F30B8861
:107DF00080F3098818470000442500201EF0040F76
:107E00000CBFEFF30880EFF3098001490847000039
:107E1000757B001010B51820FFF738FE044620B11E
:107E2000002340F8043B00F003F8204610BD00BFDB
:107E30004FF0FF31002200F10803C0E90131C0E931
:107E400003330260704700BF00230361704700BF27
:107E500030B40D686B1C10D000F108031C465B6841
:107E60001A68AA42FAD902684B60013299608C60A4
:107E70006160086130BC0260704704696368F2E7C2
:107E80000346026910B45468406899689C42816056
:107E9000486008BF5160002110685DF8044B01384C
:107EA00019611060704700BF024B0146186800F06E
:107EB0000BB800BF30160020024B0146186800F0D6
:107EC00043BC00BF3016002001F10B03162B2DE937
:107ED000F04F074683B023D8102900F2AF8000F09E
:107EE000AFFA102518230220BA4E33445C68A3F180
:107EF0000802944200F056816368384623F0030379
:107F0000D4E902122344CA6091605A68083442F0EE
:107F100001025A6000F09AFA204603B0BDE8F08FE3
:107F2000002B23F00705C0F28980A94200F2868069
:107F300000F086FAB5F5FC7FC0F07B826B0A00F09A
:107F40008480042B00F26281AB0903F1390003F154
:107F5000380EC3009F4E3344A3F1080C5C68A4455F
:107F600007D10DE0002AE16880F216818C450C46AD
:107F700006D0636823F003035A1B0F2AF2DD704614
:107F8000DFF868823469444500F0F280636823F0CA
:107F9000030CACEB05030F2B00F37481002BC6E937
:107FA000048880F26381BCF5007FD6F804E080F09D
:107FB000FF804FEADC0301224FEA5C1C013302FA26
:107FC0000CF256F833104EEA020E06EBC302083AE2
:107FD000C6F804E0C4E9021246F83340CC608310CE
:107FE0004FF0010C0CFA03FCF44534D81CEA0E0FD8
:107FF00007D120F003004FEA4C0C04301CEA0E0FAE
:10800000F9D006EBC00A8146D646DEF80C300BE00C
:108010005A681C46DB6822F00302511B0F2900F34B
:108020000181002980F215819E45F1D109F10109F4
:108030000EF1080E19F0030FE7D158E10C233B6055
:108040000024204603B0BDE8F08F4FF400734020B9
:108050004FF03F0E7EE7B468636823F00309A9453B
:10806000A9EB050302D30F2B00F385805A4B0820A0
:108070001B6803F1100804EB0903009300F056FAA3
:10808000564AA84483461368013305D008F1FF38E7
:108090004342804403EA08084146384600F02AFA81
:1080A000B0F1FF3F82464D4A00F0078104EB09031F
:1080B000834200F200814A4B0BF1FF3C18684044B8
:1080C000186000F064811168013100F06C8104EBEC
:1080D0000902AAEB020202441A601AF00702CDE973
:1080E000002300F02781C2F10802384692445A4426
:1080F000D04408EA0C01521A02EA0C0B594600F06F
:10810000F9F9421C019B00F06A81A0EB0A0000EB28
:108110000B08186848F00102B442C6F808A0584499
:10812000CAF80420186017D0B9F10F0F40F23E8151
:108130006168A9F10C024FF0050C22F0070201F072
:10814000010111430F2A616004EB0201C1E901CC76
:1081500000F24D81DAF80420224B5446196881421E
:1081600038BF1860204B1968814238BF1860A6E0FC
:10817000D6F804E033E7621945F0010543F0010346
:10818000083444F8045C3846B260536000F05EF98D
:10819000204603B0BDE8F08FA26823443846D16082
:1081A0008A60B2E6DC68A3427FF4A6AE0230E7E65E
:1081B000BCF5206F4FEA5C2276D3142A00F2CD8002
:1081C00002F15C035B32DB00F118F3580839994285
:1081D00011D1A5E0281200208C19002020120020C7
:1081E0005C1900208419002088190020301200201A
:1081F0009B68994204D05A6822F003026245F7D87E
:10820000D968C4E902318C60DC60E8E6142B63D9DC
:10821000542B00F2AB802B0B03F16F0003F16E0EB9
:10822000C30097E6D4F808C03846671945F0010541
:108230006560CCF80C30C3F808C041F00103C6E912
:108240000477C7E902887B60A150083400F0FEF88B
:10825000F7E622443846516841F00101516054F874
:10826000082FD3609A6000F0F1F8EAE6A44438469B
:108270000834DCF8043043F00103CCF8043000F09B
:10828000E5F8DEE6621943F0010145F001053846E4
:108290006560C6E90422C2E90288516044F80C30E6
:1082A000083400F0D3F8CCE64FEA9C1202F139030F
:1082B0003832DB0088E7B44262D0B468626822F0EA
:1082C0000308A845A8EB050302D30F2B3FF753AFD4
:1082D000384600F0BBF8B3E603F15C0003F15B0E37
:1082E000C30037E65AF80839534540F0A08010F033
:1082F000030F00F1FF30F5D1736823EA0C037360BC
:108300004FEA4C0C0CF1FF329A4204D3A3E64FEA39
:108310004C0C09F104091CEA030FF8D0484670E63A
:1083200092104FF0010C0CFA02F24EEA020EC6F85F
:1083300004E066E70AEB0802384602EA0C02ABEBFF
:10834000020B0BEA0C0B594600F0D4F8431C019BBE
:108350007FF4DBAEDDF800B0DBE6542A2AD84FEA22
:108360001C3202F16F036E32DB002DE7B3F5AA7FFA
:108370002AD8EB0B03F1780003F1770EC300E9E58F
:108380002E4B0BF1FF3C1868404418609BE61AEA3C
:108390000C0F7FF498AEC844D6F808A048F001024C
:1083A000CAF80420D8E6C2F800A096E60123CAF86D
:1083B00004308DE7B2F5AA7F24D84FEADC3202F10F
:1083C00078037732DB00FFE640F25452934224D820
:1083D000AB0C03F17D0003F17C0EC300BAE5009AFB
:1083E0004FF0000B083A9044A8EB0A0891E6384693
:1083F00004F10801009300F0A7F9009BD6F808A04B
:108400001868A7E640F254539A420CD84FEA9C42AF
:1084100002F17D037C32DB00D6E64FF47E737F20D1
:108420004FF07E0E96E54FF47E737E22CCE67368A5
:1084300066E7E80805F1080356E500BF5C1900206F
:10844000014800F06FB800BF58190020014800F043
:108450006BB800BF58190020830730B546D0841888
:10846000844604E003F8011B9D0704D09C46A44504
:108470006346F7D130BD013A0244A2EB0C02032A55
:1084800029D9CCB20F2A04EB042404EB04442FD9DD
:10849000A2F1100C03F110052CF00F0CAC44C3E951
:1084A0000044C3E9024410336345F8D112F00C0FC5
:1084B00002F00F0E18D02EF0030CAEF104051A4690
:1084C0009C4442F8044B6245FBD125F0030404337D
:1084D0000EF003022344002ACCD0C9B21A4403F898
:1084E000011B9342FBD130BD7246F4E70346C6E759
:1084F0009646E0E738B50022064D044608462A6055
:10850000FAF798FF431C00D038BD2B68002BFBD036
:10851000236038BDE8200020014B1868704700BF79
:1085200030160020704700BF704700BF082802D1F6
:108530004FF48050704708B5FFF7EEFF1622034650
:108540004FF0FF301A6008BD844641EA000313F083
:10855000030349D1403A23D30B6803604B6843605F
:108560008B688360CB68C3600B6903614B694361AF
:108570008B698361CB69C3610B6A03624B6A436297
:108580008B6A8362CB6AC3620B6B03634B6B43637F
:108590008B6B8363CB6BC36340304031403ADBD29B
:1085A00030320BD30B6803604B6843608B68836089
:1085B000CB68C36010301031103AF3D20C3205D3BF
:1085C00051F8043B40F8043B043AF9D2043208D095
:1085D000D2071CBF11F8013B00F8013B01D30B8807
:1085E00003806046704700BF082A13D38B07B1D0C1
:1085F00010F00303AED0C3F10403D21ADB071CBF93
:1086000011F8013B00F8013BA4D331F8023B20F8FC
:10861000023B9FE7043AD9D3013A11F8013B00F835
:10862000013BF9D20B7803704B7843708B788370E1
:108630006046704720F0030110F00300C0F1000015
:1086400051F8043B00F1040C4FEACC0C6FF000022F
:108650001CBF22FA0CF213434FF0010C4CEA0C2C15
:108660004CEA0C4CA3EB0C0222EA030212EACC12F5
:1086700004BF51F8043B0430F4D0C2F1000102EA17
:108680000102B2FA82F2C2F11F0200EBD20070477F
:108690002DE9F8430646DFF8AC8008208946FFF74D
:1086A00045FF05463046FFF7CBFED8F808305F6837
:1086B00027F00307A7F11104A4EB09042C44B4FB31
:1086C000F5F4013C05FB04F4A54208DC002130462A
:1086D000FFF710FFD8F808303B44984205D03046E9
:1086E000FFF7B4FE0020BDE8F88361423046FFF793
:1086F00001FF01300FD03F1B104AD8F80830304638
:1087000047F001075F6013681B1B1360FFF79EFEB5
:108710000120BDE8F88300213046FFF7EBFED8F8D2
:108720000820831A0F2BDADD43F00103034953605D
:10873000034B1B68C01A0860D1E700BF5C1900201A
:10874000201200202812002000295AD0F8B50C462B
:108750000746FFF775FE734D54F804CCA4F10802E8
:10876000A8682CF001030CF0010ED1184E68884265
:1087700026F003067CD088194E60406800F00100A6
:10878000BEF1000F2ED154F8084C05F1080C121B55
:1087900023449468644560D0D2F80CE0C4F80CE03F
:1087A000CEF8084000287DD043F0010050600B60F7
:1087B000B3F5007F2ED25809D90801238340686899
:1087C0000131034355F831006B6005EBC103083BF1
:1087D000C2E9020345F83120C2603846BDE8F840DE
:1087E000FFF734BE70B9334405F1080C886843F0D4
:1087F000010460456ED0C968C16088605460D35080
:10880000D6E770474CF00101B3F5007F44F8041C33
:10881000D350D0D3B3F5206F4FEA532144D29909F6
:1088200001F1390001F13804C100681869580838AD
:10883000884203D155E08968884204D04C6824F00E
:1088400003049C42F7D8C868C2E902108260384627
:10885000CA60BDE8F840FFF7F9BD80BB1E44D1E90E
:108860000213CB60996046F0010353609651B4E760
:108870001E44BEF1000F07D154F8083CD21A1E4422
:10888000D2E90213CB60996046F001035360264B96
:10889000AA601B68B342A0D8244B38461968FFF77A
:1088A000F7FE9AE73344A1E714290DD954291FD8BC
:1088B000190B01F16F0001F16E04C100B5E743F03F
:1088C000010050600B6088E701F15C0001F15B047E
:1088D000C100AAE7C5E90422C2E902CC5460D35022
:1088E0007BE7A4100123A3406C6823436B60ABE7D4
:1088F000B1F5AA7F06D8D90B01F1780001F1770410
:10890000C10092E740F25450814206D8990C01F11F
:108910007D0001F17C04C10087E74FF47E717E2465
:1089200083E700BF28120020241200208C190020A9
:10893000F8B500BF000000005FF800F0350200202D
:108940005FF800F00D0B00205FF800F06D0A0020CA
:108950005FF800F0A90200205FF800F0D10D0020C0
:108960005FF800F06D0200205FF800F0950A00202B
:108970005FF800F0C90A00205FF800F0CD01002088
:108980005FF800F011010020211900109518001067
:10899000C91800106D1900100119001019180010E5
:1089A0004919001005180010750C00104D19001021
:1089B000391000106518001035190010E518001066
:1089C000510800107908001019020010E13D001054
:0489D000F57C001022
:1089D800546172656120313A20496E696369616446
:1089E80061000000546172656120313A20496E745B
:1089F800656E74616E646F20746F6D6172204D7561
:108A080074657820412E2E2E000000005461726596
:108A18006120313A204D75746578204120746F6D5E
:108A280061646F2E204573706572616E646F2035C6
:108A380030306D732E2E2E00546172656120313AEC
:108A480020496E74656E74616E646F20746F6D6119
:108A580072204D7574657820422E2E2E000000007D
:108A6800546172656120313A20C2A1C389584954C2
:108A78004F2120416D626F73206D75746578207485
:108A88006F6D61646F730000546172656120313AE3
:108A980020456A65637574616E646F2073656363EE
:108AA80069C3B36E206372C3AD746963612E2E2EE1
:108AB80000000000546172656120313A204D7574E0
:108AC80065782042206C6962657261646F000000FD
:108AD800546172656120313A2046414C4C4F202D3B
:108AE800204E6F207365207075646F20746F6D6100
:108AF80072204D75746578204200000054617265DB
:108B08006120313A204D757465782041206C696286
:108B1800657261646F000000546172656120313ACA
:108B28002046414C4C4F202D204E6F2073652070FD
:108B380075646F20746F6D6172204D75746578204F
:108B480041000000546172656120313A2043696335
:108B58006C6F20636F6D706C657461646F2E204557
:108B680073706572616E646F20312E35732E2E2EF0
:108B78000A000000546172656120323A20496E692A
:108B88006369616461000000546172656120323A72
:108B980020496E74656E74616E646F20746F6D61C8
:108BA80072204D7574657820422E2E2E000000002C
:108BB800546172656120323A204D7574657820429F
:108BC80020746F6D61646F2E204573706572616EDD
:108BD800646F203530306D732E2E2E00546172650F
:108BE8006120323A20496E74656E74616E646F203C
:108BF800746F6D6172204D7574657820412E2E2E2C
:108C080000000000546172656120323A20C2A1C39D
:108C1800895849544F2120416D626F73206D7574D6
:108C2800657820746F6D61646F73000054617265BC
:108C38006120323A20456A65637574616E646F20FD
:108C48007365636369C3B36E206372C3AD7469638C
:108C5800612E2E2E00000000546172656120323AA8
:108C6800204D757465782041206C69626572616475
:108C78006F000000546172656120323A2046414C11
:108C88004C4F202D204E6F207365207075646F2027
:108C9800746F6D6172204D75746578204100000015
:108CA800546172656120323A204D757465782042AE
:108CB800206C6962657261646F00000054617265BE
:108CC8006120323A2046414C4C4F202D204E6F20D7
:108CD8007365207075646F20746F6D6172204D75B7
:108CE8007465782042000000546172656120323A50
:108CF800204369636C6F20636F6D706C6574616489
:108D08006F2E204573706572616E646F20312E3549
:108D1800732E2E2E0A0000004D6F6E69746F723A22
:108D280020496E69636961646F2E204465746563C8
:108D380074616E646F20646561646C6F636B732E1D
:108D48002E2E00004556454E544F3A202573205B81
:108D5800256C75206D735D0A000000000AC2A1C26F
:108D6800A1C2A120414C45525441204445204445CC
:108D780041444C4F434B2044455445435441444F90
:108D880020212121000000005469656D706F207357
:108D9800696E206576656E746F733A20256C756D03
:108DA800730A00004C6173207461726561732065F9
:108DB8007374C3A16E20626C6F71756561646173B1
:108DC800206D757475616D656E74650A000000002C
:108DD8000A3D3D3D2044454D4F535452414349C3FC
:108DE800934E20444520444541444C4F434B202852
:108DF80050554E544F204D554552544F29203D3D16
:108E08003D0A00004572726F723A204E6F207365FA
:108E1800207075646965726F6E2063726561722077
:108E28006C6F73207265637572736F732064656C01
:108E38002073697374656D61000000005265637585
:108E480072736F732063726561646F7320657869EC
:108E5800746F73616D656E74653A00002D204D75F1
:108E680074657820412079204D757465782042001A
:108E78002D20436F6C61206465206576656E746F84
:108E8800732028313020656C656D656E746F7329A9
:108E98000A000000455343454E4152494F2044457E
:108EA80020444541444C4F434B3A0000546172659D
:108EB8006120313A20546F6D61204120E286922072
:108EC800496E74656E746120746F6D617220420022
:108ED800546172656120323A20546F6D61204220DE
:108EE800E2869220496E74656E746120746F6D61BC
:108EF80072204100524553554C5441444F3A204149
:108F08006D62617320736520626C6F717565616E47
:108F1800206D757475616D656E74650A00000000DA
:108F280054617265612031005461726561203200BC
:108F38004D6F6E69746F7200546172656173206958
:108F48006E696369616461732E204F62736572761E
:108F58006172206C612073616C6964612073657251
:108F680069616C2E2E2E0000456C20646561646C6E
:108F78006F636B206F637572726972C3A12063752A
:108F8800616E646F3A000000312E20546172656191
:108F9800203120746F6D65204D75746578204120EF
:108FA800792073656120696E74657272756D706978
:108FB80064610000322E2054617265612032207491
:108FC8006F6D65204D757465782042206520696E47
:108FD80074656E746520746F6D6172204D7574656B
:108FE80078204100332E205461726561203120724F
:108FF80065696E74656E74652079206E6563657346
:10900800697465204D7574657820420A0000000077
:109018000A2A2A2A2050414E4943202A2A2A0A008D
:109028004E6F207370696E6C6F636B73206172652D
:1090380020617661696C61626C6500004E6F207515
:10904800736572204952517320617265206176619F
:10905800696C61626C650000486172647761726571
:1090680020616C61726D20256420616C7265616499
:109078007920636C61696D65640000004861726401
:1090880020617373657274004F7574206F66206D6C
:10909800656D6F727900000052656C6561736500DB
:1090A800626F6F74325F773235713038300000008C
:1090B800302E3100322E312E310000007069636F7E
:1090C800320000006669726D776172650000000009
:1090D800417567203234203230323500666E692B94
:1090E80000000000666E69006E616E00666E692D94
:1090F8000000000055534220737464696E202F20CD
:109108007374646F75740000526173706265727273
:1091180079205069000000005069636F000000006A
:10912800426F6172642043444300000052657365D6
:1091380074000000556E68616E646C656420495265
:109148005120307825780A00657020253032582063
:1091580077617320616C72656164792061766169F9
:109168006C61626C6500000043616E277420636F58
:109178006E74696E75652078666572206F6E2069F9
:109188006E616374697665206570202530325800F9
:10919800546D725100000000546D722053766300C4
:1091A8005461726561313A205265637572736F73E9
:1091B800206F6274656E69646F73000000000000C0
:1091C8005461726561313A2046616C6C6F204D754F
:1091D80074657820420000000000000000000000D4
:1091E8005461726561323A205265637572736F73A8
:1091F800206F6274656E69646F7300000000000080
:109208005461726561323A2046616C6C6F204D750D
:109218007465782041000000000000000000000094
:1092280006005250D3F07542A0900010060052502C
:10923800E182887FA8900010060052503ABCA9111C
:10924800B890001006005250ABB36053BC900010A9
:1092580006005250BBFF3CB6C490001006005250A6
:10926800861C0302CC900010060052505422A29D86
:10927800D890001005005250DE65F46848AB001025
:10928800000000000000F03F000000000000244043
:1092980000000000000059400000000000408F401E
:1092A800000000000088C34000000000006AF84089
:1092B8000000000080842E4100000000D0126341AD
:1092C8000000000084D797410000000065CDCD4123
:1092D8000D0A0000000000005D38001000000000CA
:1092E800613800106D38001099380010953800105A
:1092F800000000000A00000000000306A6000800A5
:10930800020002009C001400030057494E555342C6
:1093180000000000000000000000800004000100C0
:109328002800440065007600690063006500490074
:109338006E007400650072006600610063006500DD
:10934800470055004900440000004E007B006200C1
:1093580063003700330039003800630031002D0006
:1093680037003300630064002D003400630062009E
:1093780037002D0039003800620038002D00390010
:109388003100330061003800660063006100370077
:109398006200660036007D0000000000050F210015
:1093A800011C100500DF60DDD88945C74C9CD265DB
:1093B8009D9E648A9F00000306A60001000000002D
:1093C8000600525053B4F4A1FC90001000000000B5
:1093D8001091001020910010E8250020289100101D
:1093E8003491001009025400030100807D080B002D
:1093F8000202020000090400000102020004052420
:1094080000200105240100010424020605240600A9
:10941800010705810308001009040100020A000081
:10942800000705020240000007058202400000090B
:1094380004020000FF00010512011002EF020140C2
:109448008A2E09000001010203010000000000004B
:10945800955100100552001035520010815200102D
:1094680041530010015400100000000000000000EB
:10947800F9540010555500107155001095550010FD
:10948800F1380010895600100000000005000000A7
:08949800B0F0FF7F01000000AD
:1094A0002892001034920010409200104C9200104C
:1094B0005892001064920010709200107C9200107C
:0494C000C89300103D
:1094C400034600B50268EFF3108C72B6D2E8CFEF12
:1094D4000120BEF1000FF9D1C2E84E0FBEF1000F1A
:1094E400F4D1BFF35F8F93F90420002A0ADB01B1A2
:1094F4000A60002000221B68C3E88F2F8CF31088B9
:109504005DF804FB4FF05042126801201A71F1E734
:109514004FF050412DE9F0410027044616461D4600
:10952400D1F8008008E0C1E88F7F8CF310883046C2
:10953400294600F0F1FFE8B92168EFF3108C72B608
:10954400D1E8CF2F0123002AFAD1C1E8423F002AF3
:10955400F6D1BFF35F8F94F904302168002BE2DA6F
:10956400002384F80480C1E88F3F8CF31088012025
:10957400BDE8F0810020BDE8F08100BF30B504688B
:10958400EFF3108C72B6D4E8CFEF0125BEF1000FD3
:10959400F9D1C4E84E5FBEF1000FF4D1BFF35F8F81
:1095A40090F904400568002C10DB0021C5E88F1FEA
:1095B4008CF310884FF0504595F90050A54201D125
:1095C400084630BDBDE83040FFF7A2BF4FF050421F
:1095D400126800230271C5E88F3F8CF310880120C4
:1095E40030BD00BF70B505460C4600F099FF024639
:1095F4000B464FF47A704FF0FF3E6FF0004CE4FBE3
:10960400002396457CEB030138BF72462846BDE82B
:10961400704038BF6346FFF77BBF00BF0368EFF3BA
:10962400108272B6D3E8CFCF0121BCF1000FF9D17B
:10963400C3E84C1FBCF1000FF4D1BFF35F8F4FF0B0
:10964400FF0C0023016880F804C0C1E88F3F82F357
:10965400108840BF704700BF002108B5134B4FF47A
:10966400707299601248D960196159619961D96120
:10967400196259629962D962196359639963D9630A
:10968400196459649964D964196559659965D965EA
:10969400196659669966D966196759679967D967CA
:1096A40000F02EFF034B044A1A6008BD000010505E
:1096B40034210020FC240020800110502DE9F04FBB
:1096C4001F4B85B0D3F858A0BAF1000F22D0002464
:1096D40001254FF4E069DFF870801A4F01E0202C77
:1096E40018D00AEA0502611C2346AB46CCB26D00D1
:1096F400002AF4D004F0010203F0FE06164407EB3E
:1097040046163046C8F858B000F00AFC28B93AEAC0
:109714000B0AE4D105B0BDE8F08F00238DF80930C1
:10972400B37801A88DF80830F38A0121ADF80490CC
:10973400039300F013FC304600F098FBE7E700BF0A
:1097440000001150F420002000301150F0B5BB4B44
:1097540085B0D3F8985015F4003674D0B84BB94C92
:10976400996A94F83B30B84A022B116000F0D48017
:10977400002694F87B30022B00F03B8194F8BB3038
:10978400022B00F07D8194F8FB30022B00F06C81F9
:1097940094F83B31022B00F0448194F87B31022B86
:1097A40000F0338194F8BB31022B00F0B68194F8B9
:1097B400FB31022B00F0A68194F83B32022B00F01F
:1097C400968194F87B32022B00F0868194F8BB32A8
:1097D400022B00F0768194F8FB32022B00F06681B4
:1097E40094F83B33022B00F0568194F87B33022B20
:1097F40000F0A48094F8BB33022B00F0998194F814
:10980400FB33022B00F0B4803EB9904B1B7823B994
:109814004FF400328E4BC3F890204FF44072874BC4
:1098240001219B6C01A8C3F30A03ADF80420029341
:1098340000F094FBEA064FF40036864C07D5FFF798
:109844003DFF264603E0EA064FF01004F7D4EB038D
:1098540022D57C4C46F48036A37E002B40F09980C0
:10986400012394F83A20E370002A40F0AD800123EC
:109874004FF4C061784A84F82330ADF8041092E8BC
:10988400030004AA02E90300194601A800F066FBDC
:109894004FF400326E4B1A65E90408D46A041DD4EF
:1098A4002B042AD4AE4240F0C58105B0F0BD00249B
:1098B400624B46F480561C60FFF7CEFE4FF4807373
:1098C400012101A8ADF804308DF8084000F046FBF2
:1098D4004FF400225E4B1A656A04E1D54FF48063AD
:1098E400012101A8ADF8043000F038FB1022584BD8
:1098F40046F480461A652B04D4D54FF4A0630121A5
:1099040001A8ADF8043000F029FB4FF40062504B7D
:1099140046F400461A65C5E794F83A60002E3FF411
:1099240028AF94F83C30002B3FF423AF002304F11C
:10993400200084F83C3000F0C1FA1AE794F87A73F6
:10994400002F3FF457AF94F87C33002B40F0648130
:1099540094F8BB33022B40F0F48094F8BA33002B14
:1099640040F0EB8094F8FB33022B7FF456AF3E4675
:1099740094F8FA33002B3FF447AF94F8FC33002BF0
:109984003FF44BAF0023354884F8FC3300F096FADB
:1099940043E70221324B294A1966536E9F07FCD5CF
:1099A4004FF440520021274800F066FA254800F0A1
:1099B4005DFA0222264B5A661A66012394F83A206D
:1099C400E370002A3FF453AF254A1366A2F5005210
:1099D400536ED807FCD54FF440520021214800F0C3
:1099E4004BFA204800F042FA0122194B5A661A66D3
:1099F4003DE794F87A70002F3FF4C0AE94F87C30C1
:109A0400002B40F001813E46B8E694F87A71002FAD
:109A14003FF4C8AE94F87C31002B40F0ED803E4614
:109A2400C0E694F83A71002F3FF4B7AE94F83C3195
:109A3400002B40F0D9803E46AFE600BF0000115035
:109A440000000B40F4200020E4200020D526002054
:109A5400003011501000020000001050D4240020E7
:109A6400002011501421002094F8FA70002F3FF4C4
:109A74008FAE94F8FC30002B40F08E803E4687E693
:109A840094F8BA70002F3FF47EAE94F8BC30002BEB
:109A94007AD13E4677E694F83A73002F3FF4A5AEA8
:109AA40094F83C33002B57D13E469EE694F8FA7264
:109AB400002F3FF495AE94F8FC32002B5CD13E4667
:109AC4008EE694F8BA72002F3FF485AE94F8BC3257
:109AD400002B49D13E467EE694F87A72002F3FF47B
:109AE40075AE94F87C32002B76D13E466EE694F83F
:109AF4003A72002F3FF465AE94F83C32002B63D1E8
:109B04003E465EE694F8FA71002F3FF455AE94F8A1
:109B1400FC31002B50D13E464EE694F8BA71002F2A
:109B24003FF445AE94F8BC31002B3DD13E463EE6B1
:109B340094F8BA33002B3FF462AE94F8BC33002B94
:109B440071D194F8FB33022B7FF467AE94F8FA33A7
:109B5400002B3FF462AE10E70023394884F83C330D
:109B64003E4600F0ABF940E60023364884F8BC32A8
:109B74003E4600F0A3F92EE60023334884F8FC3275
:109B84003E4600F09BF92BE60023304884F8BC30B5
:109B94003E4600F093F9F6E500232D4884F8FC30A6
:109BA4003E4600F08BF9F3E500232A4884F8BC31E3
:109BB4003E4600F083F9FAE50023274884F8FC3197
:109BC4003E4600F07BF9F7E50023244884F83C3254
:109BD4003E4600F073F9F4E50023214884F87C3212
:109BE4003E4600F06BF9F1E500231E4884F83C3151
:109BF4003E4600F063F9D0E500231B4884F87C312D
:109C04003E4600F05BF9CDE50023184884F87C302B
:109C14003E4600F053F9B1E50023154884F87C333F
:109C240000F04CF994E60023124884F8BC3300F0A9
:109C340045F986E7104886EA050100F075FC00BF87
:109C44001424002094230020D423002094210020F5
:109C5400D421002094220020D422002014230020A8
:109C640054230020142200205422002054210020D8
:109C740054240020942400203C9100102DE9F04746
:109C8400848A058BC278A54228BF2546171E18BFB3
:109C94000127641B467882F00102A4B20346C27015
:109CA400848245F4806040EA4730A6BBD3E90326AA
:109CB4006F1E02EB811E55B3052F98BF721C31D95C
:109CC40002EB811C721CACEB0204022C2AD9324632
:109CD4004FEA95094FEA890A06EB890852F8044BC2
:109CE40042454CF8044BF9D15545A7EB0A070EEB56
:109CF4000A040AD016F829600EF829602FB15678A4
:109D0400012F667001D09278A2701E699C8A2E443D
:109D14001E6140F400400CB940F4804001B10004DD
:109D2400BDE8F0870EF1FF3E2E4400E0013212F848
:109D3400014CB2420EF8014FF8D1E6E783680246BF
:109D4400186801B1000C5378C0F30900002B3CD013
:109D54002DE9F041D2E90334461E03EB811E40B3E2
:109D6400052E3BD989014D1C1D44651B022D35D997
:109D74007346214600F47F774FEA9008FD1853F8A4
:109D840004CBAB4241F804CBF9D1B842A6EB0706A9
:109D940004EB07030EEB07010AD01EF8285004F861
:109DA40028502EB14C78012E5C7001D089789970BE
:109DB4001469D38A04440344D382138B1461834209
:109DC40084BF00239382BDE8F081D38A0344D38205
:109DD400138B834284BF002393827047013C0EEBB4
:109DE40000011EF8013B714504F8013FF9D1DFE79A
:109DF40010B50446836800211B68FFF79FFF636862
:109E04001B685B0002D5238B834200D010BD204623
:109E1400BDE810400121FFF791BF00BF084B1B6C48
:109E240013F0020302D18278D20901D100207047D5
:109E3400C07EA0F10200B0FA80F04009704700BF74
:109E44000000115008B5FFF7E9FF50B1054A064B71
:109E5400906A1B68A0F54870C01AC6288CBF002001
:109E6400012008BD00000B40E42000200023C0E9CD
:109E740004338376704700BF10B5836809B11C684A
:109E8400214082B1114352050DD51A6854050CD4F2
:109E9400084A21F480641C60126C920703D40C23DA
:109EA400033BFDD28368196010BD8178024800F03D
:109EB4003BFB00BF000011505091001030B54368C7
:109EC400002183B004461D68FFF7D8FE134B40F40D
:109ED4008052196CA37889070ED55B060ED025F045
:109EE400A04545F000550021204663681D6003B07D
:109EF400BDE83040FFF7C0BFDB09F0D0A38A002BD8
:109F0400EDD0012120460192FFF7B8FE019A25F019
:109F14000055024345F0A045E5E700BF000011509D
:109F240038B5857E044695B1FFF762FFA38A0BB965
:109F3400284638BD2046FFF785FF20B1012323774B
:109F44000025284638BD2046FFF7B8FFF8E781789A
:109F5400014800F0E9FA00BF709100102DE9F043C8
:109F640043788146023B0D4685B0042B13D8DFE8C5
:109F740003F0034A6A73440000217B4B1A7822F0F1
:109F840001021A701A7822F002021A7059701A78B3
:109F940061F382021A70754B1C686369EFF31082D7
:109FA40072B6D3E8CF0F01210028FAD1C3E8401FCD
:109FB4000028F6D1BFF35F8FA2614946204600F026
:109FC400A3FA00236269C2E88F3FA36983F3108870
:109FD40048B94FF0E023D3F8F03DDB070AD500BEC3
:109FE40005B0BDE8F0832A4699F8011099F80000FD
:109FF40000F08EFA05B0BDE8F0835D4A13780133B2
:10A00400DBB21370C7E700245A4E23463178DFF8D9
:10A014006C81594F11E03B6813EB441307D0DB69A3
:10A024002BB1D9F8041099F800009847317801341D
:10A03400E4B24A1CA242234617DBA142EBD85B1AC6
:10A0440008EB4313EBE7484B1A78D607D2D51A78B6
:10A0540042F004021A709EE7434B1A78D407C9D51C
:10A064001A7822F004021A7095E73F4C23785807B7
:10A074003AD4E378DA07BDD5032300263B4A99F89E
:10A0840000101468D9F804208DF804108DF80530F8
:10A094006369CDF80660CDF80A60ADF80E600292EF
:10A0A400EFF3108272B6D3E8CF0F01210028FAD162
:10A0B400C3E8401F0028F6D1BFF35F8F2046A2619A
:10A0C40001A900F021FA6369C3E88F6FA36983F3E0
:10A0D400108800283FF47DAF2A469DF805109DF8AE
:10A0E400040000F015FA85E72378002723F0040321
:10A0F400237005231D4A8DF80530166899F8002051
:10A10400ADF80E708DF804207369CDF80670CDF8A3
:10A114000A70EFF3108272B6D3E8CF0F0121002842
:10A12400FAD1C3E8401F0028F6D1BFF35F8F304651
:10A13400B26101A900F0E8F97369C3E88F7FB369DC
:10A1440083F3108838B94FF0E023D3F8F03DD907F2
:10A154008FD500BE8DE72A469DF805109DF80400B2
:10A1640000F0D6F985E700BF981C0020F01C002001
:10A17400D6260020D4260020C81A002054940010AB
:10A1840053B94AB9002908BF00281CBF4FF0FF315A
:10A194004FF0FF3000F0B2B9ADF1080C6DE904CE18
:10A1A40000F006F8DDF804E0DDE9022304B07047AE
:10A1B4002DE9F04F8C46099E04460F46002B48D1EA
:10A1C4008A4215465ED9B2FA82F33BB1C3F120024A
:10A1D4009F409D409C4020FA02F217434FEA154EDF
:10A1E4001FFA85FC220CB7FBFEF10EFB117701FB75
:10A1F4000CF042EA0742904207D9AA1801F1FF374E
:10A2040002D2904200F258813946121AA4B2B2FB2B
:10A21400FEF00EFB102200FB0CFC44EA0244A445B1
:10A224000BD92C1900F1FF322CBF01270027A445BC
:10A2340002D9002F00F04381104640EA0140A4EB0C
:10A244000C0400211EB1DC400023C6E90043BDE834
:10A25400F08F8B4206D90EB1C6E9000100210846F1
:10A26400BDE8F08FB3FA83F1002951D16345C0F002
:10A274001681824240F213810846002EE7D0C6E9D7
:10A284000047E4E7002A00F0AF80B2FA82F3002B23
:10A2940040F0C2808A1A4FEA154EAFB20121200C59
:10A2A400B2FBFEFC0EFB1C2240EA024207FB0CF050
:10A2B40090420ED9AA180CF1FF382CBF4FF00109B7
:10A2C4004FF00009904203D9B9F1000F00F0F0807B
:10A2D400C446121AA4B2B2FBFEF00EFB102200FB1D
:10A2E40007F744EA0244A7420ED92C1900F1FF32C1
:10A2F4002CBF4FF0010E4FF0000EA74203D9BEF160
:10A30400000F00F0D2801046E41B40EA0C4099E7AD
:10A31400C1F120058B400CFA01F400FA01F922FA8C
:10A3240005F72CFA05FC8A401F4320FA05F3380C84
:10A3340023431FFA87FE1C0CBCFBF0F800FB18CC6F
:10A3440044EA0C4408FB0EFCA4450ED93C1908F160
:10A35400FF3A2CBF4FF0010B4FF0000BA44503D97B
:10A36400BBF1000F00F0B880D046A4EB0C041FFA38
:10A3740083FCB4FBF0F300FB134403FB0EFE4CEA36
:10A384000444A6450ED93C1903F1FF302CBF4FF00D
:10A39400010C4FF0000CA64503D9BCF1000F00F0EE
:10A3A4009F80034643EA0840A4EB0E04A0FB02ECA2
:10A3B40064457346E04602D307D1F14505D2BEEBAE
:10A3C40002036CEB070C0138E0465EB1B9EB030203
:10A3D40064EB080404FA05F522FA01F3CC401D43AA
:10A3E400C6E90054002132E742082F464B08AC4628
:10A3F40042EAC172AE46C407110C92B241EA03416B
:10A4040042EA0142B1FBF5F1B3FBF5F01F23A2EBE5
:10A414000C0241EA004142E79D40C3F12002994009
:10A424009C402CFA02FC4FEA154E20FA02F2AFB21D
:10A43400BCFBFEF80A430EFB18CC110C41EA0C419C
:10A4440008FB07FC8C4550D9691808F1FF302CBF74
:10A454004FF001094FF000098C4502D9B9F1000F02
:10A4640030D0A1EB0C01B1FBFEF808FB07FC0EFB9E
:10A47400181192B242EA0142624534D2AA1808F194
:10A48400FF312CBF4FF001094FF000096245BED2E5
:10A49400B9F1000FBBD1A8F102012A44B7E7841A2D
:10A4A4006CEB030201201746E7E62C4402382BE745
:10A4B400ACF1020C2A440CE702392A44A5E62C44E8
:10A4C4000238BAE6A5EB0C0CA8F102006144B1FB1A
:10A4D400FEF808FB07FCCAE7A8F102083C4444E77D
:10A4E400023B3C445EE7414691E7A1EB0C01404648
:10A4F400B1FBFEF808FB07FCB9E700BF704700BFDB
:10A504005FF800F0598400105FF800F0D95C001087
:10A514005FF800F0014300105FF800F045140010EC
:10A524005FF800F04D1500105FF800F011070010FF
:10A534001000000000000000000001000000000006
:10A544000000000000000200000000000000000005
:10A554000000030000000000000000000000FF00F5
:10A564000000000001B5486801318E46004770467E
:10A5740009380149884701BD850B0010000000001F
:10A5840000000000000000000000000000000000C7
:10A5940080170020AD3A0010593A0010D13900104C
:10A5A400413900100000000000010000F41C0020EC
:10A5B40010000C000000000000000000000000007B
:10A5C4000000000000000000FFFF0000AAAAAAAAE1
:10A5D400FFFFFFFF00000200000000000000000079
:10A5E40028120020281200203012002030120020EF
:10A5F400381200203812002040120020401200209F
:10A60400481200204812002050120020501200204E
:10A6140058120020581200206012002060120020FE
:10A6240068120020681200207012002070120020AE
:10A63400781200207812002080120020801200205E
:10A64400881200208812002090120020901200200E
:10A654009812002098120020A0120020A0120020BE
:10A66400A8120020A8120020B0120020B01200206E
:10A67400B8120020B8120020C0120020C01200201E
:10A68400C8120020C8120020D0120020D0120020CE
:10A69400D8120020D8120020E0120020E01200207E
:10A6A400E8120020E8120020F0120020F01200202E
:10A6B400F8120020F81200200013002000130020DC
:10A6C400081300200813002010130020101300208A
:10A6D400181300201813002020130020201300203A
:10A6E40028130020281300203013002030130020EA
:10A6F400381300203813002040130020401300209A
:10A704004813002048130020501300205013002049
:10A7140058130020581300206013002060130020F9
:10A7240068130020681300207013002070130020A9
:10A734007813002078130020801300208013002059
:10A744008813002088130020901300209013002009
:10A754009813002098130020A0130020A0130020B9
:10A76400A8130020A8130020B0130020B013002069
:10A77400B8130020B8130020C0130020C013002019
:10A78400C8130020C8130020D0130020D0130020C9
:10A79400D8130020D8130020E0130020E013002079
:10A7A400E8130020E8130020F0130020F013002029
:10A7B400F8130020F81300200014002000140020D7
:10A7C4000814002008140020101400201014002085
:10A7D4001814002018140020201400202014002035
:10A7E40028140020281400203014002030140020E5
:10A7F4003814002038140020401400204014002095
:10A804004814002048140020501400205014002044
:10A8140058140020581400206014002060140020F4
:10A8240068140020681400207014002070140020A4
:10A834007814002078140020801400208014002054
:10A844008814002088140020901400209014002004
:10A854009814002098140020A0140020A0140020B4
:10A86400A8140020A8140020B0140020B014002064
:10A87400B8140020B8140020C0140020C014002014
:10A88400C8140020C8140020D0140020D0140020C4
:10A89400D8140020D8140020E0140020E014002074
:10A8A400E8140020E8140020F0140020F014002024
:10A8B400F8140020F81400200015002000150020D2
:10A8C4000815002008150020101500201015002080
:10A8D4001815002018150020201500202015002030
:10A8E40028150020281500203015002030150020E0
:10A8F4003815002038150020401500204015002090
:10A90400481500204815002050150020501500203F
:10A9140058150020581500206015002060150020EF
:10A92400681500206815002070150020701500209F
:10A93400781500207815002080150020801500204F
:10A9440088150020881500209015002090150020FF
:10A954009815002098150020A0150020A0150020AF
:10A96400A8150020A8150020B0150020B01500205F
:10A97400B8150020B8150020C0150020C01500200F
:10A98400C8150020C8150020D0150020D0150020BF
:10A99400D8150020D8150020E0150020E01500206F
:10A9A400E8150020E8150020F0150020F01500201F
:10A9B400F8150020F81500200016002000160020CD
:10A9C400081600200816002010160020101600207B
:10A9D400181600201816002020160020201600202B
:10A9E400381600200000000000000000901900202C
:10A9F400F8190020601A0020000000000000000088
:10AA04000000000000000000000000000000000042
:10AA14000000000000000000000000000000000032
:10AA24000000000000000000000000000000000022
:10AA34000000000000000000000000000000000012
:10AA44000000000000000000000000000000000002
:10AA540000000000000000000000000000000000F2
:10AA640000000000000000000000000000000000E2
:10AA740000000000000000000000000000000000D2
:10AA840001000000000000000E33CDAB34126DE66F
:10AA9400ECDE05000B0000000000000000000000D8
:10AAA40000000000000000000000000000000000A2
:10AAB4000000000000000000000000000000000092
:10AAC4000000000000000000000000000000000082
:10AAD4000000000000000000000000000000000072
:10AAE4000000000000000000000000000000000062
:10AAF4000000000000000000000000000000000052
:10AB04000000000000000000000000000000000041
:10AB14000000000000000000000000000000000031
:10AB24000000000000000000000000000000000021
:10AB3400D3DEFFFFFE010000FF0100000456FFFF0B
:04AB4400793512ABA2
:040000051000014D99
:00000001FF
