
C:/Users/nahue/Desktop/Accesos Directos/GitHUB/Practicas_Rasberry/Practicas_FreeRTOS/Mutex/Punto Muerto/Src/build/firmware.elf:     file format elf32-littlearm

Sections:
Idx Name          Size      VMA       LMA       File off  Algn
  0 .text         000089d4  10000000  10000000  00001000  2**3
                  CONTENTS, ALLOC, LOAD, READONLY, CODE
  1 .rodata       00000ac0  100089d8  100089d8  000099d8  2**3
                  CONTENTS, ALLOC, LOAD, READONLY, DATA
  2 .ARM.exidx    00000008  10009498  10009498  0000a498  2**2
                  CONTENTS, ALLOC, LOAD, READONLY, DATA
  3 .binary_info  00000024  100094a0  100094a0  0000a4a0  2**2
                  CONTENTS, ALLOC, LOAD, READONLY, DATA
  4 .ram_vector_table 00000110  20000000  20000000  0000d000  2**2
                  ALLOC
  5 .uninitialized_data 00000000  20000110  20000110  0000cb48  2**0
                  CONTENTS
  6 .data         00001670  20000110  100094c4  0000b110  2**3
                  CONTENTS, ALLOC, LOAD, READONLY, CODE
  7 .tdata        00000000  20001780  20001780  0000cb48  2**0
                  CONTENTS, ALLOC, LOAD, DATA, THREAD_LOCAL
  8 .tbss         00000000  20001780  20001780  00000000  2**0
                  ALLOC, THREAD_LOCAL
  9 .bss          00000f5c  20001780  1000ab34  0000d780  2**3
                  ALLOC
 10 .heap         00000800  200026dc  200026dc  0000cb48  2**2
                  CONTENTS, READONLY
 11 .scratch_x    00000000  20080000  20080000  0000d348  2**0
                  CONTENTS
 12 .scratch_y    00000000  20081000  20081000  0000d348  2**0
                  CONTENTS
 13 .stack_dummy  00000800  20081000  20081000  0000d360  2**5
                  CONTENTS, READONLY
 14 .flash_end    00000014  1000ab34  1000ab34  0000cb34  2**2
                  CONTENTS, ALLOC, LOAD, READONLY, DATA
 15 .ARM.attributes 00000034  00000000  00000000  0000db60  2**0
                  CONTENTS, READONLY
 16 .comment      00000045  00000000  00000000  0000db94  2**0
                  CONTENTS, READONLY
 17 .debug_info   0003c4f6  00000000  00000000  0000dbd9  2**0
                  CONTENTS, READONLY, DEBUGGING, OCTETS
 18 .debug_abbrev 0000a343  00000000  00000000  0004a0cf  2**0
                  CONTENTS, READONLY, DEBUGGING, OCTETS
 19 .debug_loclists 0001d46a  00000000  00000000  00054412  2**0
                  CONTENTS, READONLY, DEBUGGING, OCTETS
 20 .debug_aranges 00001708  00000000  00000000  00071880  2**3
                  CONTENTS, READONLY, DEBUGGING, OCTETS
 21 .debug_rnglists 00004d97  00000000  00000000  00072f88  2**0
                  CONTENTS, READONLY, DEBUGGING, OCTETS
 22 .debug_line   000287a9  00000000  00000000  00077d1f  2**0
                  CONTENTS, READONLY, DEBUGGING, OCTETS
 23 .debug_str    0000b204  00000000  00000000  000a04c8  2**0
                  CONTENTS, READONLY, DEBUGGING, OCTETS
 24 .debug_frame  000042e4  00000000  00000000  000ab6cc  2**2
                  CONTENTS, READONLY, DEBUGGING, OCTETS
 25 .debug_line_str 000002ca  00000000  00000000  000af9b0  2**0
                  CONTENTS, READONLY, DEBUGGING, OCTETS

C:/Users/nahue/Desktop/Accesos Directos/GitHUB/Practicas_Rasberry/Practicas_FreeRTOS/Mutex/Punto Muerto/Src/build/firmware.elf:     file format elf32-littlearm


Disassembly of section .text:

10000000 <__VECTOR_TABLE>:
10000000:	20082000 	.word	0x20082000
10000004:	1000015d 	.word	0x1000015d
10000008:	10000113 	.word	0x10000113
1000000c:	10000115 	.word	0x10000115
10000010:	10000111 	.word	0x10000111
10000014:	10000111 	.word	0x10000111
10000018:	10000111 	.word	0x10000111
1000001c:	10000111 	.word	0x10000111
10000020:	10000111 	.word	0x10000111
10000024:	10000111 	.word	0x10000111
10000028:	10000111 	.word	0x10000111
1000002c:	10007dfd 	.word	0x10007dfd
10000030:	10000111 	.word	0x10000111
10000034:	10000111 	.word	0x10000111
10000038:	10007d7d 	.word	0x10007d7d
1000003c:	10007ad9 	.word	0x10007ad9
10000040:	1000011d 	.word	0x1000011d
10000044:	1000011d 	.word	0x1000011d
10000048:	1000011d 	.word	0x1000011d
1000004c:	1000011d 	.word	0x1000011d
10000050:	1000011d 	.word	0x1000011d
10000054:	1000011d 	.word	0x1000011d
10000058:	1000011d 	.word	0x1000011d
1000005c:	1000011d 	.word	0x1000011d
10000060:	1000011d 	.word	0x1000011d
10000064:	1000011d 	.word	0x1000011d
10000068:	1000011d 	.word	0x1000011d
1000006c:	1000011d 	.word	0x1000011d
10000070:	1000011d 	.word	0x1000011d
10000074:	1000011d 	.word	0x1000011d
10000078:	1000011d 	.word	0x1000011d
1000007c:	1000011d 	.word	0x1000011d
10000080:	1000011d 	.word	0x1000011d
10000084:	1000011d 	.word	0x1000011d
10000088:	1000011d 	.word	0x1000011d
1000008c:	1000011d 	.word	0x1000011d
10000090:	1000011d 	.word	0x1000011d
10000094:	1000011d 	.word	0x1000011d
10000098:	1000011d 	.word	0x1000011d
1000009c:	1000011d 	.word	0x1000011d
100000a0:	1000011d 	.word	0x1000011d
100000a4:	1000011d 	.word	0x1000011d
100000a8:	1000011d 	.word	0x1000011d
100000ac:	1000011d 	.word	0x1000011d
100000b0:	1000011d 	.word	0x1000011d
100000b4:	1000011d 	.word	0x1000011d
100000b8:	1000011d 	.word	0x1000011d
100000bc:	1000011d 	.word	0x1000011d
100000c0:	1000011d 	.word	0x1000011d
100000c4:	1000011d 	.word	0x1000011d
100000c8:	1000011d 	.word	0x1000011d
100000cc:	1000011d 	.word	0x1000011d
100000d0:	1000011d 	.word	0x1000011d
100000d4:	1000011d 	.word	0x1000011d
100000d8:	1000011d 	.word	0x1000011d
100000dc:	1000011d 	.word	0x1000011d
100000e0:	1000011d 	.word	0x1000011d
100000e4:	1000011d 	.word	0x1000011d
100000e8:	1000011d 	.word	0x1000011d
100000ec:	1000011d 	.word	0x1000011d
100000f0:	1000011d 	.word	0x1000011d
100000f4:	1000011d 	.word	0x1000011d
100000f8:	1000011d 	.word	0x1000011d
100000fc:	1000011d 	.word	0x1000011d
10000100:	1000011d 	.word	0x1000011d
10000104:	1000011d 	.word	0x1000011d
10000108:	1000011d 	.word	0x1000011d
1000010c:	1000011d 	.word	0x1000011d

10000110 <isr_invalid>:
10000110:	be00      	bkpt	0x0000

10000112 <isr_nmi>:
10000112:	be00      	bkpt	0x0000

10000114 <isr_hardfault>:
10000114:	be00      	bkpt	0x0000
10000116:	be00      	bkpt	0x0000
10000118:	be00      	bkpt	0x0000
1000011a:	be00      	bkpt	0x0000

1000011c <__unhandled_user_irq>:
1000011c:	f3ef 8005 	mrs	r0, IPSR
10000120:	3810      	subs	r0, #16

10000122 <unhandled_user_irq_num_in_r0>:
10000122:	be00      	bkpt	0x0000

10000124 <binary_info_header>:
10000124:	7188ebf2 	.word	0x7188ebf2
10000128:	100094a0 	.word	0x100094a0
1000012c:	100094c4 	.word	0x100094c4
10000130:	100001a8 	.word	0x100001a8
10000134:	e71aa390 	.word	0xe71aa390

10000138 <__binary_info_header_end>:
10000138:	ffffded3 	.word	0xffffded3
1000013c:	10210142 	.word	0x10210142
10000140:	000001ff 	.word	0x000001ff
10000144:	0000a9fc 	.word	0x0000a9fc
10000148:	ab123579 	.word	0xab123579

1000014c <_entry_point>:
1000014c:	f04f 0000 	mov.w	r0, #0

10000150 <_enter_vtable_in_r0>:
10000150:	4920      	ldr	r1, [pc, #128]	@ (100001d4 <data_cpy_table+0x2c>)
10000152:	6008      	str	r0, [r1, #0]
10000154:	c806      	ldmia	r0!, {r1, r2}
10000156:	f381 8808 	msr	MSP, r1
1000015a:	4710      	bx	r2

1000015c <_reset_handler>:
1000015c:	f04f 4050 	mov.w	r0, #3489660928	@ 0xd0000000
10000160:	6800      	ldr	r0, [r0, #0]
10000162:	b110      	cbz	r0, 1000016a <hold_non_core0_in_bootrom+0x6>

10000164 <hold_non_core0_in_bootrom>:
10000164:	f04f 0000 	mov.w	r0, #0
10000168:	e7f2      	b.n	10000150 <_enter_vtable_in_r0>
1000016a:	a40f      	add	r4, pc, #60	@ (adr r4, 100001a8 <data_cpy_table>)
1000016c:	cc0e      	ldmia	r4!, {r1, r2, r3}
1000016e:	2900      	cmp	r1, #0
10000170:	d002      	beq.n	10000178 <hold_non_core0_in_bootrom+0x14>
10000172:	f000 f815 	bl	100001a0 <data_cpy>
10000176:	e7f9      	b.n	1000016c <hold_non_core0_in_bootrom+0x8>
10000178:	4917      	ldr	r1, [pc, #92]	@ (100001d8 <data_cpy_table+0x30>)
1000017a:	4a18      	ldr	r2, [pc, #96]	@ (100001dc <data_cpy_table+0x34>)
1000017c:	2000      	movs	r0, #0
1000017e:	e000      	b.n	10000182 <bss_fill_test>

10000180 <bss_fill_loop>:
10000180:	c101      	stmia	r1!, {r0}

10000182 <bss_fill_test>:
10000182:	4291      	cmp	r1, r2
10000184:	d1fc      	bne.n	10000180 <bss_fill_loop>

10000186 <platform_entry>:
10000186:	2000      	movs	r0, #0
10000188:	f380 880a 	msr	MSPLIM, r0
1000018c:	4914      	ldr	r1, [pc, #80]	@ (100001e0 <data_cpy_table+0x38>)
1000018e:	4788      	blx	r1
10000190:	4914      	ldr	r1, [pc, #80]	@ (100001e4 <data_cpy_table+0x3c>)
10000192:	4788      	blx	r1
10000194:	4914      	ldr	r1, [pc, #80]	@ (100001e8 <data_cpy_table+0x40>)
10000196:	4788      	blx	r1
10000198:	be00      	bkpt	0x0000
1000019a:	e7fd      	b.n	10000198 <platform_entry+0x12>

1000019c <data_cpy_loop>:
1000019c:	c901      	ldmia	r1!, {r0}
1000019e:	c201      	stmia	r2!, {r0}

100001a0 <data_cpy>:
100001a0:	429a      	cmp	r2, r3
100001a2:	d3fb      	bcc.n	1000019c <data_cpy_loop>
100001a4:	4770      	bx	lr
100001a6:	bf00      	nop

100001a8 <data_cpy_table>:
100001a8:	100094c4 	.word	0x100094c4
100001ac:	20000110 	.word	0x20000110
100001b0:	20001780 	.word	0x20001780
100001b4:	1000ab34 	.word	0x1000ab34
100001b8:	20080000 	.word	0x20080000
100001bc:	20080000 	.word	0x20080000
100001c0:	1000ab34 	.word	0x1000ab34
100001c4:	20081000 	.word	0x20081000
100001c8:	20081000 	.word	0x20081000
100001cc:	00000000 	.word	0x00000000
100001d0:	4770      	bx	lr
100001d2:	0000      	.short	0x0000
100001d4:	e000ed08 	.word	0xe000ed08
100001d8:	20001780 	.word	0x20001780
100001dc:	200026dc 	.word	0x200026dc
100001e0:	10003469 	.word	0x10003469
100001e4:	100005d1 	.word	0x100005d1
100001e8:	10003461 	.word	0x10003461

100001ec <_init>:
100001ec:	b5f8      	push	{r3, r4, r5, r6, r7, lr}
100001ee:	bf00      	nop

100001f0 <register_tm_clones>:
100001f0:	4b06      	ldr	r3, [pc, #24]	@ (1000020c <register_tm_clones+0x1c>)
100001f2:	4907      	ldr	r1, [pc, #28]	@ (10000210 <register_tm_clones+0x20>)
100001f4:	1ac9      	subs	r1, r1, r3
100001f6:	1089      	asrs	r1, r1, #2
100001f8:	bf48      	it	mi
100001fa:	3101      	addmi	r1, #1
100001fc:	1049      	asrs	r1, r1, #1
100001fe:	d003      	beq.n	10000208 <register_tm_clones+0x18>
10000200:	4b04      	ldr	r3, [pc, #16]	@ (10000214 <register_tm_clones+0x24>)
10000202:	b10b      	cbz	r3, 10000208 <register_tm_clones+0x18>
10000204:	4801      	ldr	r0, [pc, #4]	@ (1000020c <register_tm_clones+0x1c>)
10000206:	4718      	bx	r3
10000208:	4770      	bx	lr
1000020a:	bf00      	nop
1000020c:	20001780 	.word	0x20001780
10000210:	20001780 	.word	0x20001780
10000214:	00000000 	.word	0x00000000

10000218 <frame_dummy>:
10000218:	b508      	push	{r3, lr}
1000021a:	4b05      	ldr	r3, [pc, #20]	@ (10000230 <frame_dummy+0x18>)
1000021c:	b11b      	cbz	r3, 10000226 <frame_dummy+0xe>
1000021e:	4905      	ldr	r1, [pc, #20]	@ (10000234 <frame_dummy+0x1c>)
10000220:	4805      	ldr	r0, [pc, #20]	@ (10000238 <frame_dummy+0x20>)
10000222:	f3af 8000 	nop.w
10000226:	e8bd 4008 	ldmia.w	sp!, {r3, lr}
1000022a:	f7ff bfe1 	b.w	100001f0 <register_tm_clones>
1000022e:	bf00      	nop
10000230:	00000000 	.word	0x00000000
10000234:	20002500 	.word	0x20002500
10000238:	100089d4 	.word	0x100089d4

1000023c <vTarea1>:
1000023c:	b580      	push	{r7, lr}
1000023e:	484e      	ldr	r0, [pc, #312]	@ (10000378 <vTarea1+0x13c>)
10000240:	b08a      	sub	sp, #40	@ 0x28
10000242:	f003 fa7d 	bl	10003740 <__wrap_puts>
10000246:	4d4d      	ldr	r5, [pc, #308]	@ (1000037c <vTarea1+0x140>)
10000248:	4e4d      	ldr	r6, [pc, #308]	@ (10000380 <vTarea1+0x144>)
1000024a:	4f4e      	ldr	r7, [pc, #312]	@ (10000384 <vTarea1+0x148>)
1000024c:	f8df 8164 	ldr.w	r8, [pc, #356]	@ 100003b4 <vTarea1+0x178>
10000250:	e046      	b.n	100002e0 <vTarea1+0xa4>
10000252:	484d      	ldr	r0, [pc, #308]	@ (10000388 <vTarea1+0x14c>)
10000254:	f003 fa74 	bl	10003740 <__wrap_puts>
10000258:	f44f 70fa 	mov.w	r0, #500	@ 0x1f4
1000025c:	f006 ff62 	bl	10007124 <vTaskDelay>
10000260:	484a      	ldr	r0, [pc, #296]	@ (1000038c <vTarea1+0x150>)
10000262:	f003 fa6d 	bl	10003740 <__wrap_puts>
10000266:	f44f 717a 	mov.w	r1, #1000	@ 0x3e8
1000026a:	6830      	ldr	r0, [r6, #0]
1000026c:	f006 f9c4 	bl	100065f8 <xQueueSemaphoreTake>
10000270:	2801      	cmp	r0, #1
10000272:	d043      	beq.n	100002fc <vTarea1+0xc0>
10000274:	4846      	ldr	r0, [pc, #280]	@ (10000390 <vTarea1+0x154>)
10000276:	f003 fa63 	bl	10003740 <__wrap_puts>
1000027a:	f04f 0e00 	mov.w	lr, #0
1000027e:	4c45      	ldr	r4, [pc, #276]	@ (10000394 <vTarea1+0x158>)
10000280:	f10d 0c04 	add.w	ip, sp, #4
10000284:	cc0f      	ldmia	r4!, {r0, r1, r2, r3}
10000286:	e8ac 000f 	stmia.w	ip!, {r0, r1, r2, r3}
1000028a:	e894 0003 	ldmia.w	r4, {r0, r1}
1000028e:	f84c 0b04 	str.w	r0, [ip], #4
10000292:	f8ac 1000 	strh.w	r1, [ip]
10000296:	f8cd e01a 	str.w	lr, [sp, #26]
1000029a:	f8cd e01e 	str.w	lr, [sp, #30]
1000029e:	f001 f955 	bl	1000154c <time_us_64>
100002a2:	2900      	cmp	r1, #0
100002a4:	d060      	beq.n	10000368 <vTarea1+0x12c>
100002a6:	f44f 727a 	mov.w	r2, #1000	@ 0x3e8
100002aa:	2300      	movs	r3, #0
100002ac:	f008 fb54 	bl	10008958 <____aeabi_uldivmod_veneer>
100002b0:	4602      	mov	r2, r0
100002b2:	2300      	movs	r3, #0
100002b4:	9209      	str	r2, [sp, #36]	@ 0x24
100002b6:	6838      	ldr	r0, [r7, #0]
100002b8:	461a      	mov	r2, r3
100002ba:	a901      	add	r1, sp, #4
100002bc:	f005 fee4 	bl	10006088 <xQueueGenericSend>
100002c0:	2300      	movs	r3, #0
100002c2:	6828      	ldr	r0, [r5, #0]
100002c4:	461a      	mov	r2, r3
100002c6:	4619      	mov	r1, r3
100002c8:	f005 fede 	bl	10006088 <xQueueGenericSend>
100002cc:	4832      	ldr	r0, [pc, #200]	@ (10000398 <vTarea1+0x15c>)
100002ce:	f003 fa37 	bl	10003740 <__wrap_puts>
100002d2:	4832      	ldr	r0, [pc, #200]	@ (1000039c <vTarea1+0x160>)
100002d4:	f003 fa34 	bl	10003740 <__wrap_puts>
100002d8:	f240 50dc 	movw	r0, #1500	@ 0x5dc
100002dc:	f006 ff22 	bl	10007124 <vTaskDelay>
100002e0:	482f      	ldr	r0, [pc, #188]	@ (100003a0 <vTarea1+0x164>)
100002e2:	f003 fa2d 	bl	10003740 <__wrap_puts>
100002e6:	f44f 717a 	mov.w	r1, #1000	@ 0x3e8
100002ea:	6828      	ldr	r0, [r5, #0]
100002ec:	f006 f984 	bl	100065f8 <xQueueSemaphoreTake>
100002f0:	2801      	cmp	r0, #1
100002f2:	d0ae      	beq.n	10000252 <vTarea1+0x16>
100002f4:	482b      	ldr	r0, [pc, #172]	@ (100003a4 <vTarea1+0x168>)
100002f6:	f003 fa23 	bl	10003740 <__wrap_puts>
100002fa:	e7ea      	b.n	100002d2 <vTarea1+0x96>
100002fc:	482a      	ldr	r0, [pc, #168]	@ (100003a8 <vTarea1+0x16c>)
100002fe:	f003 fa1f 	bl	10003740 <__wrap_puts>
10000302:	482a      	ldr	r0, [pc, #168]	@ (100003ac <vTarea1+0x170>)
10000304:	f003 fa1c 	bl	10003740 <__wrap_puts>
10000308:	20c8      	movs	r0, #200	@ 0xc8
1000030a:	f006 ff0b 	bl	10007124 <vTaskDelay>
1000030e:	f04f 0e00 	mov.w	lr, #0
10000312:	f8df c0a4 	ldr.w	ip, [pc, #164]	@ 100003b8 <vTarea1+0x17c>
10000316:	ac01      	add	r4, sp, #4
10000318:	e8bc 000f 	ldmia.w	ip!, {r0, r1, r2, r3}
1000031c:	c40f      	stmia	r4!, {r0, r1, r2, r3}
1000031e:	e89c 0007 	ldmia.w	ip, {r0, r1, r2}
10000322:	c403      	stmia	r4!, {r0, r1}
10000324:	0c13      	lsrs	r3, r2, #16
10000326:	f824 2b02 	strh.w	r2, [r4], #2
1000032a:	7023      	strb	r3, [r4, #0]
1000032c:	f8ad e01f 	strh.w	lr, [sp, #31]
10000330:	f88d e021 	strb.w	lr, [sp, #33]	@ 0x21
10000334:	f001 f90a 	bl	1000154c <time_us_64>
10000338:	b1d1      	cbz	r1, 10000370 <vTarea1+0x134>
1000033a:	f44f 727a 	mov.w	r2, #1000	@ 0x3e8
1000033e:	2300      	movs	r3, #0
10000340:	f008 fb0a 	bl	10008958 <____aeabi_uldivmod_veneer>
10000344:	4602      	mov	r2, r0
10000346:	2300      	movs	r3, #0
10000348:	a901      	add	r1, sp, #4
1000034a:	9209      	str	r2, [sp, #36]	@ 0x24
1000034c:	6838      	ldr	r0, [r7, #0]
1000034e:	461a      	mov	r2, r3
10000350:	f005 fe9a 	bl	10006088 <xQueueGenericSend>
10000354:	2300      	movs	r3, #0
10000356:	6830      	ldr	r0, [r6, #0]
10000358:	461a      	mov	r2, r3
1000035a:	4619      	mov	r1, r3
1000035c:	f005 fe94 	bl	10006088 <xQueueGenericSend>
10000360:	4813      	ldr	r0, [pc, #76]	@ (100003b0 <vTarea1+0x174>)
10000362:	f003 f9ed 	bl	10003740 <__wrap_puts>
10000366:	e7ab      	b.n	100002c0 <vTarea1+0x84>
10000368:	fba8 3200 	umull	r3, r2, r8, r0
1000036c:	0992      	lsrs	r2, r2, #6
1000036e:	e7a0      	b.n	100002b2 <vTarea1+0x76>
10000370:	fba8 3200 	umull	r3, r2, r8, r0
10000374:	0992      	lsrs	r2, r2, #6
10000376:	e7e6      	b.n	10000346 <vTarea1+0x10a>
10000378:	100089d8 	.word	0x100089d8
1000037c:	20002670 	.word	0x20002670
10000380:	20002674 	.word	0x20002674
10000384:	20002638 	.word	0x20002638
10000388:	10008a14 	.word	0x10008a14
1000038c:	10008a40 	.word	0x10008a40
10000390:	10008ad8 	.word	0x10008ad8
10000394:	100091c8 	.word	0x100091c8
10000398:	10008b04 	.word	0x10008b04
1000039c:	10008b4c 	.word	0x10008b4c
100003a0:	100089ec 	.word	0x100089ec
100003a4:	10008b20 	.word	0x10008b20
100003a8:	10008a68 	.word	0x10008a68
100003ac:	10008a90 	.word	0x10008a90
100003b0:	10008abc 	.word	0x10008abc
100003b4:	10624dd3 	.word	0x10624dd3
100003b8:	100091a8 	.word	0x100091a8

100003bc <vTarea2>:
100003bc:	b580      	push	{r7, lr}
100003be:	484e      	ldr	r0, [pc, #312]	@ (100004f8 <vTarea2+0x13c>)
100003c0:	b08a      	sub	sp, #40	@ 0x28
100003c2:	f003 f9bd 	bl	10003740 <__wrap_puts>
100003c6:	4d4d      	ldr	r5, [pc, #308]	@ (100004fc <vTarea2+0x140>)
100003c8:	4e4d      	ldr	r6, [pc, #308]	@ (10000500 <vTarea2+0x144>)
100003ca:	4f4e      	ldr	r7, [pc, #312]	@ (10000504 <vTarea2+0x148>)
100003cc:	f8df 8164 	ldr.w	r8, [pc, #356]	@ 10000534 <vTarea2+0x178>
100003d0:	e046      	b.n	10000460 <vTarea2+0xa4>
100003d2:	484d      	ldr	r0, [pc, #308]	@ (10000508 <vTarea2+0x14c>)
100003d4:	f003 f9b4 	bl	10003740 <__wrap_puts>
100003d8:	f44f 70fa 	mov.w	r0, #500	@ 0x1f4
100003dc:	f006 fea2 	bl	10007124 <vTaskDelay>
100003e0:	484a      	ldr	r0, [pc, #296]	@ (1000050c <vTarea2+0x150>)
100003e2:	f003 f9ad 	bl	10003740 <__wrap_puts>
100003e6:	f44f 717a 	mov.w	r1, #1000	@ 0x3e8
100003ea:	6830      	ldr	r0, [r6, #0]
100003ec:	f006 f904 	bl	100065f8 <xQueueSemaphoreTake>
100003f0:	2801      	cmp	r0, #1
100003f2:	d043      	beq.n	1000047c <vTarea2+0xc0>
100003f4:	4846      	ldr	r0, [pc, #280]	@ (10000510 <vTarea2+0x154>)
100003f6:	f003 f9a3 	bl	10003740 <__wrap_puts>
100003fa:	f04f 0e00 	mov.w	lr, #0
100003fe:	4c45      	ldr	r4, [pc, #276]	@ (10000514 <vTarea2+0x158>)
10000400:	f10d 0c04 	add.w	ip, sp, #4
10000404:	cc0f      	ldmia	r4!, {r0, r1, r2, r3}
10000406:	e8ac 000f 	stmia.w	ip!, {r0, r1, r2, r3}
1000040a:	e894 0003 	ldmia.w	r4, {r0, r1}
1000040e:	f84c 0b04 	str.w	r0, [ip], #4
10000412:	f8ac 1000 	strh.w	r1, [ip]
10000416:	f8cd e01a 	str.w	lr, [sp, #26]
1000041a:	f8cd e01e 	str.w	lr, [sp, #30]
1000041e:	f001 f895 	bl	1000154c <time_us_64>
10000422:	2900      	cmp	r1, #0
10000424:	d060      	beq.n	100004e8 <vTarea2+0x12c>
10000426:	f44f 727a 	mov.w	r2, #1000	@ 0x3e8
1000042a:	2300      	movs	r3, #0
1000042c:	f008 fa94 	bl	10008958 <____aeabi_uldivmod_veneer>
10000430:	4602      	mov	r2, r0
10000432:	2300      	movs	r3, #0
10000434:	9209      	str	r2, [sp, #36]	@ 0x24
10000436:	6838      	ldr	r0, [r7, #0]
10000438:	461a      	mov	r2, r3
1000043a:	a901      	add	r1, sp, #4
1000043c:	f005 fe24 	bl	10006088 <xQueueGenericSend>
10000440:	2300      	movs	r3, #0
10000442:	6828      	ldr	r0, [r5, #0]
10000444:	461a      	mov	r2, r3
10000446:	4619      	mov	r1, r3
10000448:	f005 fe1e 	bl	10006088 <xQueueGenericSend>
1000044c:	4832      	ldr	r0, [pc, #200]	@ (10000518 <vTarea2+0x15c>)
1000044e:	f003 f977 	bl	10003740 <__wrap_puts>
10000452:	4832      	ldr	r0, [pc, #200]	@ (1000051c <vTarea2+0x160>)
10000454:	f003 f974 	bl	10003740 <__wrap_puts>
10000458:	f240 50dc 	movw	r0, #1500	@ 0x5dc
1000045c:	f006 fe62 	bl	10007124 <vTaskDelay>
10000460:	482f      	ldr	r0, [pc, #188]	@ (10000520 <vTarea2+0x164>)
10000462:	f003 f96d 	bl	10003740 <__wrap_puts>
10000466:	f44f 717a 	mov.w	r1, #1000	@ 0x3e8
1000046a:	6828      	ldr	r0, [r5, #0]
1000046c:	f006 f8c4 	bl	100065f8 <xQueueSemaphoreTake>
10000470:	2801      	cmp	r0, #1
10000472:	d0ae      	beq.n	100003d2 <vTarea2+0x16>
10000474:	482b      	ldr	r0, [pc, #172]	@ (10000524 <vTarea2+0x168>)
10000476:	f003 f963 	bl	10003740 <__wrap_puts>
1000047a:	e7ea      	b.n	10000452 <vTarea2+0x96>
1000047c:	482a      	ldr	r0, [pc, #168]	@ (10000528 <vTarea2+0x16c>)
1000047e:	f003 f95f 	bl	10003740 <__wrap_puts>
10000482:	482a      	ldr	r0, [pc, #168]	@ (1000052c <vTarea2+0x170>)
10000484:	f003 f95c 	bl	10003740 <__wrap_puts>
10000488:	20c8      	movs	r0, #200	@ 0xc8
1000048a:	f006 fe4b 	bl	10007124 <vTaskDelay>
1000048e:	f04f 0e00 	mov.w	lr, #0
10000492:	f8df c0a4 	ldr.w	ip, [pc, #164]	@ 10000538 <vTarea2+0x17c>
10000496:	ac01      	add	r4, sp, #4
10000498:	e8bc 000f 	ldmia.w	ip!, {r0, r1, r2, r3}
1000049c:	c40f      	stmia	r4!, {r0, r1, r2, r3}
1000049e:	e89c 0007 	ldmia.w	ip, {r0, r1, r2}
100004a2:	c403      	stmia	r4!, {r0, r1}
100004a4:	0c13      	lsrs	r3, r2, #16
100004a6:	f824 2b02 	strh.w	r2, [r4], #2
100004aa:	7023      	strb	r3, [r4, #0]
100004ac:	f8ad e01f 	strh.w	lr, [sp, #31]
100004b0:	f88d e021 	strb.w	lr, [sp, #33]	@ 0x21
100004b4:	f001 f84a 	bl	1000154c <time_us_64>
100004b8:	b1d1      	cbz	r1, 100004f0 <vTarea2+0x134>
100004ba:	f44f 727a 	mov.w	r2, #1000	@ 0x3e8
100004be:	2300      	movs	r3, #0
100004c0:	f008 fa4a 	bl	10008958 <____aeabi_uldivmod_veneer>
100004c4:	4602      	mov	r2, r0
100004c6:	2300      	movs	r3, #0
100004c8:	a901      	add	r1, sp, #4
100004ca:	9209      	str	r2, [sp, #36]	@ 0x24
100004cc:	6838      	ldr	r0, [r7, #0]
100004ce:	461a      	mov	r2, r3
100004d0:	f005 fdda 	bl	10006088 <xQueueGenericSend>
100004d4:	2300      	movs	r3, #0
100004d6:	6830      	ldr	r0, [r6, #0]
100004d8:	461a      	mov	r2, r3
100004da:	4619      	mov	r1, r3
100004dc:	f005 fdd4 	bl	10006088 <xQueueGenericSend>
100004e0:	4813      	ldr	r0, [pc, #76]	@ (10000530 <vTarea2+0x174>)
100004e2:	f003 f92d 	bl	10003740 <__wrap_puts>
100004e6:	e7ab      	b.n	10000440 <vTarea2+0x84>
100004e8:	fba8 3200 	umull	r3, r2, r8, r0
100004ec:	0992      	lsrs	r2, r2, #6
100004ee:	e7a0      	b.n	10000432 <vTarea2+0x76>
100004f0:	fba8 3200 	umull	r3, r2, r8, r0
100004f4:	0992      	lsrs	r2, r2, #6
100004f6:	e7e6      	b.n	100004c6 <vTarea2+0x10a>
100004f8:	10008b7c 	.word	0x10008b7c
100004fc:	20002674 	.word	0x20002674
10000500:	20002670 	.word	0x20002670
10000504:	20002638 	.word	0x20002638
10000508:	10008bb8 	.word	0x10008bb8
1000050c:	10008be4 	.word	0x10008be4
10000510:	10008c7c 	.word	0x10008c7c
10000514:	10009208 	.word	0x10009208
10000518:	10008ca8 	.word	0x10008ca8
1000051c:	10008cf0 	.word	0x10008cf0
10000520:	10008b90 	.word	0x10008b90
10000524:	10008cc4 	.word	0x10008cc4
10000528:	10008c0c 	.word	0x10008c0c
1000052c:	10008c34 	.word	0x10008c34
10000530:	10008c60 	.word	0x10008c60
10000534:	10624dd3 	.word	0x10624dd3
10000538:	100091e8 	.word	0x100091e8

1000053c <vTareaMonitor>:
1000053c:	e92d 41f0 	stmdb	sp!, {r4, r5, r6, r7, r8, lr}
10000540:	481c      	ldr	r0, [pc, #112]	@ (100005b4 <vTareaMonitor+0x78>)
10000542:	b08a      	sub	sp, #40	@ 0x28
10000544:	f003 f8fc 	bl	10003740 <__wrap_puts>
10000548:	2500      	movs	r5, #0
1000054a:	4e1b      	ldr	r6, [pc, #108]	@ (100005b8 <vTareaMonitor+0x7c>)
1000054c:	4f1b      	ldr	r7, [pc, #108]	@ (100005bc <vTareaMonitor+0x80>)
1000054e:	e01b      	b.n	10000588 <vTareaMonitor+0x4c>
10000550:	f44f 727a 	mov.w	r2, #1000	@ 0x3e8
10000554:	2300      	movs	r3, #0
10000556:	f008 f9ff 	bl	10008958 <____aeabi_uldivmod_veneer>
1000055a:	4604      	mov	r4, r0
1000055c:	f640 33b8 	movw	r3, #3000	@ 0xbb8
10000560:	eba4 0805 	sub.w	r8, r4, r5
10000564:	4598      	cmp	r8, r3
10000566:	d90b      	bls.n	10000580 <vTareaMonitor+0x44>
10000568:	b155      	cbz	r5, 10000580 <vTareaMonitor+0x44>
1000056a:	4815      	ldr	r0, [pc, #84]	@ (100005c0 <vTareaMonitor+0x84>)
1000056c:	f003 f8e8 	bl	10003740 <__wrap_puts>
10000570:	4641      	mov	r1, r8
10000572:	4814      	ldr	r0, [pc, #80]	@ (100005c4 <vTareaMonitor+0x88>)
10000574:	f003 f964 	bl	10003840 <__wrap_printf>
10000578:	4813      	ldr	r0, [pc, #76]	@ (100005c8 <vTareaMonitor+0x8c>)
1000057a:	f003 f8e1 	bl	10003740 <__wrap_puts>
1000057e:	4625      	mov	r5, r4
10000580:	f44f 70fa 	mov.w	r0, #500	@ 0x1f4
10000584:	f006 fdce 	bl	10007124 <vTaskDelay>
10000588:	2264      	movs	r2, #100	@ 0x64
1000058a:	6830      	ldr	r0, [r6, #0]
1000058c:	a901      	add	r1, sp, #4
1000058e:	f005 feef 	bl	10006370 <xQueueReceive>
10000592:	2801      	cmp	r0, #1
10000594:	d007      	beq.n	100005a6 <vTareaMonitor+0x6a>
10000596:	f000 ffd9 	bl	1000154c <time_us_64>
1000059a:	2900      	cmp	r1, #0
1000059c:	d1d8      	bne.n	10000550 <vTareaMonitor+0x14>
1000059e:	fba7 3400 	umull	r3, r4, r7, r0
100005a2:	09a4      	lsrs	r4, r4, #6
100005a4:	e7da      	b.n	1000055c <vTareaMonitor+0x20>
100005a6:	4809      	ldr	r0, [pc, #36]	@ (100005cc <vTareaMonitor+0x90>)
100005a8:	9a09      	ldr	r2, [sp, #36]	@ 0x24
100005aa:	a901      	add	r1, sp, #4
100005ac:	f003 f948 	bl	10003840 <__wrap_printf>
100005b0:	9d09      	ldr	r5, [sp, #36]	@ 0x24
100005b2:	e7f0      	b.n	10000596 <vTareaMonitor+0x5a>
100005b4:	10008d20 	.word	0x10008d20
100005b8:	20002638 	.word	0x20002638
100005bc:	10624dd3 	.word	0x10624dd3
100005c0:	10008d64 	.word	0x10008d64
100005c4:	10008d90 	.word	0x10008d90
100005c8:	10008dac 	.word	0x10008dac
100005cc:	10008d4c 	.word	0x10008d4c

100005d0 <main>:
100005d0:	b530      	push	{r4, r5, lr}
100005d2:	b083      	sub	sp, #12
100005d4:	f003 f870 	bl	100036b8 <stdio_init_all>
100005d8:	f44f 60fa 	mov.w	r0, #2000	@ 0x7d0
100005dc:	f000 fec4 	bl	10001368 <sleep_ms>
100005e0:	4834      	ldr	r0, [pc, #208]	@ (100006b4 <main+0xe4>)
100005e2:	f003 f8ad 	bl	10003740 <__wrap_puts>
100005e6:	2001      	movs	r0, #1
100005e8:	f005 fe8e 	bl	10006308 <xQueueCreateMutex>
100005ec:	4603      	mov	r3, r0
100005ee:	4c32      	ldr	r4, [pc, #200]	@ (100006b8 <main+0xe8>)
100005f0:	2001      	movs	r0, #1
100005f2:	6023      	str	r3, [r4, #0]
100005f4:	f005 fe88 	bl	10006308 <xQueueCreateMutex>
100005f8:	4603      	mov	r3, r0
100005fa:	4d30      	ldr	r5, [pc, #192]	@ (100006bc <main+0xec>)
100005fc:	2200      	movs	r2, #0
100005fe:	2124      	movs	r1, #36	@ 0x24
10000600:	200a      	movs	r0, #10
10000602:	602b      	str	r3, [r5, #0]
10000604:	f005 fd04 	bl	10006010 <xQueueGenericCreate>
10000608:	4a2d      	ldr	r2, [pc, #180]	@ (100006c0 <main+0xf0>)
1000060a:	6823      	ldr	r3, [r4, #0]
1000060c:	6010      	str	r0, [r2, #0]
1000060e:	2b00      	cmp	r3, #0
10000610:	d049      	beq.n	100006a6 <main+0xd6>
10000612:	682b      	ldr	r3, [r5, #0]
10000614:	2b00      	cmp	r3, #0
10000616:	d046      	beq.n	100006a6 <main+0xd6>
10000618:	2800      	cmp	r0, #0
1000061a:	d044      	beq.n	100006a6 <main+0xd6>
1000061c:	2400      	movs	r4, #0
1000061e:	2502      	movs	r5, #2
10000620:	4828      	ldr	r0, [pc, #160]	@ (100006c4 <main+0xf4>)
10000622:	f003 f88d 	bl	10003740 <__wrap_puts>
10000626:	4828      	ldr	r0, [pc, #160]	@ (100006c8 <main+0xf8>)
10000628:	f003 f88a 	bl	10003740 <__wrap_puts>
1000062c:	4827      	ldr	r0, [pc, #156]	@ (100006cc <main+0xfc>)
1000062e:	f003 f887 	bl	10003740 <__wrap_puts>
10000632:	4827      	ldr	r0, [pc, #156]	@ (100006d0 <main+0x100>)
10000634:	f003 f884 	bl	10003740 <__wrap_puts>
10000638:	4826      	ldr	r0, [pc, #152]	@ (100006d4 <main+0x104>)
1000063a:	f003 f881 	bl	10003740 <__wrap_puts>
1000063e:	4826      	ldr	r0, [pc, #152]	@ (100006d8 <main+0x108>)
10000640:	f003 f87e 	bl	10003740 <__wrap_puts>
10000644:	4825      	ldr	r0, [pc, #148]	@ (100006dc <main+0x10c>)
10000646:	f003 f87b 	bl	10003740 <__wrap_puts>
1000064a:	f44f 7200 	mov.w	r2, #512	@ 0x200
1000064e:	4623      	mov	r3, r4
10000650:	e9cd 5400 	strd	r5, r4, [sp]
10000654:	4922      	ldr	r1, [pc, #136]	@ (100006e0 <main+0x110>)
10000656:	4823      	ldr	r0, [pc, #140]	@ (100006e4 <main+0x114>)
10000658:	f006 fbba 	bl	10006dd0 <xTaskCreate>
1000065c:	e9cd 5400 	strd	r5, r4, [sp]
10000660:	2501      	movs	r5, #1
10000662:	f44f 7200 	mov.w	r2, #512	@ 0x200
10000666:	4623      	mov	r3, r4
10000668:	491f      	ldr	r1, [pc, #124]	@ (100006e8 <main+0x118>)
1000066a:	4820      	ldr	r0, [pc, #128]	@ (100006ec <main+0x11c>)
1000066c:	f006 fbb0 	bl	10006dd0 <xTaskCreate>
10000670:	f44f 7200 	mov.w	r2, #512	@ 0x200
10000674:	4623      	mov	r3, r4
10000676:	491e      	ldr	r1, [pc, #120]	@ (100006f0 <main+0x120>)
10000678:	e9cd 5400 	strd	r5, r4, [sp]
1000067c:	481d      	ldr	r0, [pc, #116]	@ (100006f4 <main+0x124>)
1000067e:	f006 fba7 	bl	10006dd0 <xTaskCreate>
10000682:	481d      	ldr	r0, [pc, #116]	@ (100006f8 <main+0x128>)
10000684:	f003 f85c 	bl	10003740 <__wrap_puts>
10000688:	481c      	ldr	r0, [pc, #112]	@ (100006fc <main+0x12c>)
1000068a:	f003 f859 	bl	10003740 <__wrap_puts>
1000068e:	481c      	ldr	r0, [pc, #112]	@ (10000700 <main+0x130>)
10000690:	f003 f856 	bl	10003740 <__wrap_puts>
10000694:	481b      	ldr	r0, [pc, #108]	@ (10000704 <main+0x134>)
10000696:	f003 f853 	bl	10003740 <__wrap_puts>
1000069a:	481b      	ldr	r0, [pc, #108]	@ (10000708 <main+0x138>)
1000069c:	f003 f850 	bl	10003740 <__wrap_puts>
100006a0:	f006 fc18 	bl	10006ed4 <vTaskStartScheduler>
100006a4:	e7fe      	b.n	100006a4 <main+0xd4>
100006a6:	4819      	ldr	r0, [pc, #100]	@ (1000070c <main+0x13c>)
100006a8:	f003 f84a 	bl	10003740 <__wrap_puts>
100006ac:	2001      	movs	r0, #1
100006ae:	b003      	add	sp, #12
100006b0:	bd30      	pop	{r4, r5, pc}
100006b2:	bf00      	nop
100006b4:	10008dd8 	.word	0x10008dd8
100006b8:	20002670 	.word	0x20002670
100006bc:	20002674 	.word	0x20002674
100006c0:	20002638 	.word	0x20002638
100006c4:	10008e44 	.word	0x10008e44
100006c8:	10008e64 	.word	0x10008e64
100006cc:	10008e78 	.word	0x10008e78
100006d0:	10008e9c 	.word	0x10008e9c
100006d4:	10008eb4 	.word	0x10008eb4
100006d8:	10008ed8 	.word	0x10008ed8
100006dc:	10008efc 	.word	0x10008efc
100006e0:	10008f28 	.word	0x10008f28
100006e4:	1000023d 	.word	0x1000023d
100006e8:	10008f30 	.word	0x10008f30
100006ec:	100003bd 	.word	0x100003bd
100006f0:	10008f38 	.word	0x10008f38
100006f4:	1000053d 	.word	0x1000053d
100006f8:	10008f40 	.word	0x10008f40
100006fc:	10008f70 	.word	0x10008f70
10000700:	10008f90 	.word	0x10008f90
10000704:	10008fbc 	.word	0x10008fbc
10000708:	10008fec 	.word	0x10008fec
1000070c:	10008e0c 	.word	0x10008e0c

10000710 <panic>:
10000710:	b40f      	push	{r0, r1, r2, r3}
10000712:	b500      	push	{lr}
10000714:	b083      	sub	sp, #12
10000716:	9c04      	ldr	r4, [sp, #16]
10000718:	4807      	ldr	r0, [pc, #28]	@ (10000738 <panic+0x28>)
1000071a:	f003 f811 	bl	10003740 <__wrap_puts>
1000071e:	b13c      	cbz	r4, 10000730 <panic+0x20>
10000720:	a905      	add	r1, sp, #20
10000722:	4620      	mov	r0, r4
10000724:	9101      	str	r1, [sp, #4]
10000726:	f002 fe6b 	bl	10003400 <weak_raw_vprintf>
1000072a:	4804      	ldr	r0, [pc, #16]	@ (1000073c <panic+0x2c>)
1000072c:	f003 f808 	bl	10003740 <__wrap_puts>
10000730:	2001      	movs	r0, #1
10000732:	f002 fe7d 	bl	10003430 <_exit>
10000736:	bf00      	nop
10000738:	10009018 	.word	0x10009018
1000073c:	10008e98 	.word	0x10008e98

10000740 <hw_claim_or_assert>:
10000740:	b570      	push	{r4, r5, r6, lr}
10000742:	4686      	mov	lr, r0
10000744:	f3ef 8510 	mrs	r5, PRIMASK
10000748:	b672      	cpsid	i
1000074a:	4c12      	ldr	r4, [pc, #72]	@ (10000794 <hw_claim_or_assert+0x54>)
1000074c:	e8d4 6fcf 	ldaexb	r6, [r4]
10000750:	2001      	movs	r0, #1
10000752:	2e00      	cmp	r6, #0
10000754:	d1fa      	bne.n	1000074c <hw_claim_or_assert+0xc>
10000756:	e8c4 0f46 	strexb	r6, r0, [r4]
1000075a:	2e00      	cmp	r6, #0
1000075c:	d1f6      	bne.n	1000074c <hw_claim_or_assert+0xc>
1000075e:	f3bf 8f5f 	dmb	sy
10000762:	f04f 0c01 	mov.w	ip, #1
10000766:	08c8      	lsrs	r0, r1, #3
10000768:	f001 0307 	and.w	r3, r1, #7
1000076c:	fa0c f303 	lsl.w	r3, ip, r3
10000770:	f81e c000 	ldrb.w	ip, [lr, r0]
10000774:	ea1c 0603 	ands.w	r6, ip, r3
10000778:	d108      	bne.n	1000078c <hw_claim_or_assert+0x4c>
1000077a:	ea4c 0c03 	orr.w	ip, ip, r3
1000077e:	f80e c000 	strb.w	ip, [lr, r0]
10000782:	e8c4 6f8f 	stlb	r6, [r4]
10000786:	f385 8810 	msr	PRIMASK, r5
1000078a:	bd70      	pop	{r4, r5, r6, pc}
1000078c:	4610      	mov	r0, r2
1000078e:	f7ff ffbf 	bl	10000710 <panic>
10000792:	bf00      	nop
10000794:	20001c77 	.word	0x20001c77

10000798 <hw_claim_unused_from_range>:
10000798:	b5f8      	push	{r3, r4, r5, r6, r7, lr}
1000079a:	f3ef 8710 	mrs	r7, PRIMASK
1000079e:	b672      	cpsid	i
100007a0:	4e1c      	ldr	r6, [pc, #112]	@ (10000814 <hw_claim_unused_from_range+0x7c>)
100007a2:	e8d6 5fcf 	ldaexb	r5, [r6]
100007a6:	2401      	movs	r4, #1
100007a8:	2d00      	cmp	r5, #0
100007aa:	d1fa      	bne.n	100007a2 <hw_claim_unused_from_range+0xa>
100007ac:	e8c6 4f45 	strexb	r5, r4, [r6]
100007b0:	2d00      	cmp	r5, #0
100007b2:	d1f6      	bne.n	100007a2 <hw_claim_unused_from_range+0xa>
100007b4:	f3bf 8f5f 	dmb	sy
100007b8:	429a      	cmp	r2, r3
100007ba:	d81b      	bhi.n	100007f4 <hw_claim_unused_from_range+0x5c>
100007bc:	2501      	movs	r5, #1
100007be:	e002      	b.n	100007c6 <hw_claim_unused_from_range+0x2e>
100007c0:	3201      	adds	r2, #1
100007c2:	4293      	cmp	r3, r2
100007c4:	d322      	bcc.n	1000080c <hw_claim_unused_from_range+0x74>
100007c6:	08d4      	lsrs	r4, r2, #3
100007c8:	f810 e004 	ldrb.w	lr, [r0, r4]
100007cc:	f002 0c07 	and.w	ip, r2, #7
100007d0:	fa05 fc0c 	lsl.w	ip, r5, ip
100007d4:	ea1e 0f0c 	tst.w	lr, ip
100007d8:	d1f2      	bne.n	100007c0 <hw_claim_unused_from_range+0x28>
100007da:	ea4e 0e0c 	orr.w	lr, lr, ip
100007de:	f800 e004 	strb.w	lr, [r0, r4]
100007e2:	4610      	mov	r0, r2
100007e4:	2300      	movs	r3, #0
100007e6:	e8c6 3f8f 	stlb	r3, [r6]
100007ea:	f387 8810 	msr	PRIMASK, r7
100007ee:	4298      	cmp	r0, r3
100007f0:	db07      	blt.n	10000802 <hw_claim_unused_from_range+0x6a>
100007f2:	bdf8      	pop	{r3, r4, r5, r6, r7, pc}
100007f4:	2300      	movs	r3, #0
100007f6:	e8c6 3f8f 	stlb	r3, [r6]
100007fa:	f387 8810 	msr	PRIMASK, r7
100007fe:	f04f 30ff 	mov.w	r0, #4294967295
10000802:	2900      	cmp	r1, #0
10000804:	d0f5      	beq.n	100007f2 <hw_claim_unused_from_range+0x5a>
10000806:	9806      	ldr	r0, [sp, #24]
10000808:	f7ff ff82 	bl	10000710 <panic>
1000080c:	f04f 30ff 	mov.w	r0, #4294967295
10000810:	e7e8      	b.n	100007e4 <hw_claim_unused_from_range+0x4c>
10000812:	bf00      	nop
10000814:	20001c77 	.word	0x20001c77

10000818 <next_striped_spin_lock_num>:
10000818:	4a04      	ldr	r2, [pc, #16]	@ (1000082c <next_striped_spin_lock_num+0x14>)
1000081a:	7810      	ldrb	r0, [r2, #0]
1000081c:	1c43      	adds	r3, r0, #1
1000081e:	b2db      	uxtb	r3, r3
10000820:	2b18      	cmp	r3, #24
10000822:	bf28      	it	cs
10000824:	2310      	movcs	r3, #16
10000826:	7013      	strb	r3, [r2, #0]
10000828:	4770      	bx	lr
1000082a:	bf00      	nop
1000082c:	20001180 	.word	0x20001180

10000830 <spin_lock_claim_unused>:
10000830:	b510      	push	{r4, lr}
10000832:	4c05      	ldr	r4, [pc, #20]	@ (10000848 <spin_lock_claim_unused+0x18>)
10000834:	b082      	sub	sp, #8
10000836:	4601      	mov	r1, r0
10000838:	231f      	movs	r3, #31
1000083a:	2218      	movs	r2, #24
1000083c:	9400      	str	r4, [sp, #0]
1000083e:	4803      	ldr	r0, [pc, #12]	@ (1000084c <spin_lock_claim_unused+0x1c>)
10000840:	f7ff ffaa 	bl	10000798 <hw_claim_unused_from_range>
10000844:	b002      	add	sp, #8
10000846:	bd10      	pop	{r4, pc}
10000848:	10009028 	.word	0x10009028
1000084c:	20002088 	.word	0x20002088

10000850 <spinlock_set_extexclall>:
10000850:	f04f 22e0 	mov.w	r2, #3758153728	@ 0xe000e000
10000854:	6893      	ldr	r3, [r2, #8]
10000856:	f043 5300 	orr.w	r3, r3, #536870912	@ 0x20000000
1000085a:	6093      	str	r3, [r2, #8]
1000085c:	4770      	bx	lr
1000085e:	bf00      	nop

10000860 <spin_locks_reset>:
10000860:	2100      	movs	r1, #0
10000862:	4b04      	ldr	r3, [pc, #16]	@ (10000874 <spin_locks_reset+0x14>)
10000864:	f103 0220 	add.w	r2, r3, #32
10000868:	e8c3 1f8f 	stlb	r1, [r3]
1000086c:	3301      	adds	r3, #1
1000086e:	4293      	cmp	r3, r2
10000870:	d1fa      	bne.n	10000868 <spin_locks_reset+0x8>
10000872:	4770      	bx	lr
10000874:	20001c6c 	.word	0x20001c6c

10000878 <runtime_init_per_core_irq_priorities>:
10000878:	f04f 23e0 	mov.w	r3, #3758153728	@ 0xe000e000
1000087c:	f04f 3280 	mov.w	r2, #2155905152	@ 0x80808080
10000880:	f8c3 2400 	str.w	r2, [r3, #1024]	@ 0x400
10000884:	f8c3 2404 	str.w	r2, [r3, #1028]	@ 0x404
10000888:	f8c3 2408 	str.w	r2, [r3, #1032]	@ 0x408
1000088c:	f8c3 240c 	str.w	r2, [r3, #1036]	@ 0x40c
10000890:	f8c3 2410 	str.w	r2, [r3, #1040]	@ 0x410
10000894:	f8c3 2414 	str.w	r2, [r3, #1044]	@ 0x414
10000898:	f8c3 2418 	str.w	r2, [r3, #1048]	@ 0x418
1000089c:	f8c3 241c 	str.w	r2, [r3, #1052]	@ 0x41c
100008a0:	f8c3 2420 	str.w	r2, [r3, #1056]	@ 0x420
100008a4:	f8c3 2424 	str.w	r2, [r3, #1060]	@ 0x424
100008a8:	f8c3 2428 	str.w	r2, [r3, #1064]	@ 0x428
100008ac:	f8c3 242c 	str.w	r2, [r3, #1068]	@ 0x42c
100008b0:	f8c3 2430 	str.w	r2, [r3, #1072]	@ 0x430
100008b4:	4770      	bx	lr
100008b6:	bf00      	nop

100008b8 <irq_set_enabled>:
100008b8:	2301      	movs	r3, #1
100008ba:	f000 021f 	and.w	r2, r0, #31
100008be:	4093      	lsls	r3, r2
100008c0:	0940      	lsrs	r0, r0, #5
100008c2:	b141      	cbz	r1, 100008d6 <irq_set_enabled+0x1e>
100008c4:	0080      	lsls	r0, r0, #2
100008c6:	f100 4060 	add.w	r0, r0, #3758096384	@ 0xe0000000
100008ca:	f500 4061 	add.w	r0, r0, #57600	@ 0xe100
100008ce:	f8c0 3180 	str.w	r3, [r0, #384]	@ 0x180
100008d2:	6003      	str	r3, [r0, #0]
100008d4:	4770      	bx	lr
100008d6:	4a02      	ldr	r2, [pc, #8]	@ (100008e0 <irq_set_enabled+0x28>)
100008d8:	3020      	adds	r0, #32
100008da:	f842 3020 	str.w	r3, [r2, r0, lsl #2]
100008de:	4770      	bx	lr
100008e0:	e000e100 	.word	0xe000e100

100008e4 <irq_is_enabled>:
100008e4:	2301      	movs	r3, #1
100008e6:	4a06      	ldr	r2, [pc, #24]	@ (10000900 <irq_is_enabled+0x1c>)
100008e8:	0941      	lsrs	r1, r0, #5
100008ea:	f852 2021 	ldr.w	r2, [r2, r1, lsl #2]
100008ee:	f000 001f 	and.w	r0, r0, #31
100008f2:	fa03 f000 	lsl.w	r0, r3, r0
100008f6:	4010      	ands	r0, r2
100008f8:	3800      	subs	r0, #0
100008fa:	bf18      	it	ne
100008fc:	2001      	movne	r0, #1
100008fe:	4770      	bx	lr
10000900:	e000e100 	.word	0xe000e100

10000904 <irq_set_pending>:
10000904:	2201      	movs	r2, #1
10000906:	0943      	lsrs	r3, r0, #5
10000908:	4903      	ldr	r1, [pc, #12]	@ (10000918 <irq_set_pending+0x14>)
1000090a:	f000 001f 	and.w	r0, r0, #31
1000090e:	4082      	lsls	r2, r0
10000910:	3340      	adds	r3, #64	@ 0x40
10000912:	f841 2023 	str.w	r2, [r1, r3, lsl #2]
10000916:	4770      	bx	lr
10000918:	e000e100 	.word	0xe000e100

1000091c <irq_has_shared_handler>:
1000091c:	4a05      	ldr	r2, [pc, #20]	@ (10000934 <irq_has_shared_handler+0x18>)
1000091e:	3010      	adds	r0, #16
10000920:	6892      	ldr	r2, [r2, #8]
10000922:	4b05      	ldr	r3, [pc, #20]	@ (10000938 <irq_has_shared_handler+0x1c>)
10000924:	f852 0020 	ldr.w	r0, [r2, r0, lsl #2]
10000928:	1ac0      	subs	r0, r0, r3
1000092a:	282f      	cmp	r0, #47	@ 0x2f
1000092c:	bf8c      	ite	hi
1000092e:	2000      	movhi	r0, #0
10000930:	2001      	movls	r0, #1
10000932:	4770      	bx	lr
10000934:	e000ed00 	.word	0xe000ed00
10000938:	20001184 	.word	0x20001184

1000093c <irq_set_exclusive_handler>:
1000093c:	b5f8      	push	{r3, r4, r5, r6, r7, lr}
1000093e:	460d      	mov	r5, r1
10000940:	f3ef 8710 	mrs	r7, PRIMASK
10000944:	b672      	cpsid	i
10000946:	4e12      	ldr	r6, [pc, #72]	@ (10000990 <irq_set_exclusive_handler+0x54>)
10000948:	e8d6 2fcf 	ldaexb	r2, [r6]
1000094c:	2301      	movs	r3, #1
1000094e:	2a00      	cmp	r2, #0
10000950:	d1fa      	bne.n	10000948 <irq_set_exclusive_handler+0xc>
10000952:	e8c6 3f42 	strexb	r2, r3, [r6]
10000956:	2a00      	cmp	r2, #0
10000958:	d1f6      	bne.n	10000948 <irq_set_exclusive_handler+0xc>
1000095a:	f3bf 8f5f 	dmb	sy
1000095e:	4b0d      	ldr	r3, [pc, #52]	@ (10000994 <irq_set_exclusive_handler+0x58>)
10000960:	f100 0410 	add.w	r4, r0, #16
10000964:	689b      	ldr	r3, [r3, #8]
10000966:	4a0c      	ldr	r2, [pc, #48]	@ (10000998 <irq_set_exclusive_handler+0x5c>)
10000968:	f853 3024 	ldr.w	r3, [r3, r4, lsl #2]
1000096c:	4293      	cmp	r3, r2
1000096e:	d003      	beq.n	10000978 <irq_set_exclusive_handler+0x3c>
10000970:	4299      	cmp	r1, r3
10000972:	d001      	beq.n	10000978 <irq_set_exclusive_handler+0x3c>
10000974:	f000 ff78 	bl	10001868 <hard_assertion_failure>
10000978:	4b06      	ldr	r3, [pc, #24]	@ (10000994 <irq_set_exclusive_handler+0x58>)
1000097a:	689b      	ldr	r3, [r3, #8]
1000097c:	f843 5024 	str.w	r5, [r3, r4, lsl #2]
10000980:	f3bf 8f5f 	dmb	sy
10000984:	2300      	movs	r3, #0
10000986:	e8c6 3f8f 	stlb	r3, [r6]
1000098a:	f387 8810 	msr	PRIMASK, r7
1000098e:	bdf8      	pop	{r3, r4, r5, r6, r7, pc}
10000990:	20001c75 	.word	0x20001c75
10000994:	e000ed00 	.word	0xe000ed00
10000998:	1000011d 	.word	0x1000011d

1000099c <irq_add_shared_handler>:
1000099c:	e92d 4ff0 	stmdb	sp!, {r4, r5, r6, r7, r8, r9, sl, fp, lr}
100009a0:	4681      	mov	r9, r0
100009a2:	468b      	mov	fp, r1
100009a4:	4616      	mov	r6, r2
100009a6:	b083      	sub	sp, #12
100009a8:	f3ef 8310 	mrs	r3, PRIMASK
100009ac:	b672      	cpsid	i
100009ae:	f8df a1d0 	ldr.w	sl, [pc, #464]	@ 10000b80 <irq_add_shared_handler+0x1e4>
100009b2:	9300      	str	r3, [sp, #0]
100009b4:	e8da 1fcf 	ldaexb	r1, [sl]
100009b8:	2301      	movs	r3, #1
100009ba:	2900      	cmp	r1, #0
100009bc:	d1fa      	bne.n	100009b4 <irq_add_shared_handler+0x18>
100009be:	e8ca 3f41 	strexb	r1, r3, [sl]
100009c2:	2900      	cmp	r1, #0
100009c4:	d1f6      	bne.n	100009b4 <irq_add_shared_handler+0x18>
100009c6:	f3bf 8f5f 	dmb	sy
100009ca:	4b66      	ldr	r3, [pc, #408]	@ (10000b64 <irq_add_shared_handler+0x1c8>)
100009cc:	f993 4000 	ldrsb.w	r4, [r3]
100009d0:	2c00      	cmp	r4, #0
100009d2:	f2c0 80a0 	blt.w	10000b16 <irq_add_shared_handler+0x17a>
100009d6:	4d64      	ldr	r5, [pc, #400]	@ (10000b68 <irq_add_shared_handler+0x1cc>)
100009d8:	eb04 0744 	add.w	r7, r4, r4, lsl #1
100009dc:	eb05 0887 	add.w	r8, r5, r7, lsl #2
100009e0:	f898 1006 	ldrb.w	r1, [r8, #6]
100009e4:	f109 0910 	add.w	r9, r9, #16
100009e8:	7019      	strb	r1, [r3, #0]
100009ea:	4b60      	ldr	r3, [pc, #384]	@ (10000b6c <irq_add_shared_handler+0x1d0>)
100009ec:	00bf      	lsls	r7, r7, #2
100009ee:	689b      	ldr	r3, [r3, #8]
100009f0:	f853 0029 	ldr.w	r0, [r3, r9, lsl #2]
100009f4:	0063      	lsls	r3, r4, #1
100009f6:	1b41      	subs	r1, r0, r5
100009f8:	292f      	cmp	r1, #47	@ 0x2f
100009fa:	d92f      	bls.n	10000a5c <irq_add_shared_handler+0xc0>
100009fc:	495c      	ldr	r1, [pc, #368]	@ (10000b70 <irq_add_shared_handler+0x1d4>)
100009fe:	4288      	cmp	r0, r1
10000a00:	f040 80a4 	bne.w	10000b4c <irq_add_shared_handler+0x1b0>
10000a04:	441c      	add	r4, r3
10000a06:	4b5b      	ldr	r3, [pc, #364]	@ (10000b74 <irq_add_shared_handler+0x1d8>)
10000a08:	3702      	adds	r7, #2
10000a0a:	442f      	add	r7, r5
10000a0c:	3b04      	subs	r3, #4
10000a0e:	1bdb      	subs	r3, r3, r7
10000a10:	f3c3 034a 	ubfx	r3, r3, #1, #11
10000a14:	ea6f 43c3 	mvn.w	r3, r3, lsl #19
10000a18:	f44f 4121 	mov.w	r1, #41216	@ 0xa100
10000a1c:	ea6f 43d3 	mvn.w	r3, r3, lsr #19
10000a20:	f825 1024 	strh.w	r1, [r5, r4, lsl #2]
10000a24:	eb05 0484 	add.w	r4, r5, r4, lsl #2
10000a28:	8063      	strh	r3, [r4, #2]
10000a2a:	f64b 5301 	movw	r3, #48385	@ 0xbd01
10000a2e:	80a3      	strh	r3, [r4, #4]
10000a30:	23ff      	movs	r3, #255	@ 0xff
10000a32:	f048 0001 	orr.w	r0, r8, #1
10000a36:	71e6      	strb	r6, [r4, #7]
10000a38:	f8c4 b008 	str.w	fp, [r4, #8]
10000a3c:	71a3      	strb	r3, [r4, #6]
10000a3e:	4b4b      	ldr	r3, [pc, #300]	@ (10000b6c <irq_add_shared_handler+0x1d0>)
10000a40:	689b      	ldr	r3, [r3, #8]
10000a42:	f843 0029 	str.w	r0, [r3, r9, lsl #2]
10000a46:	f3bf 8f5f 	dmb	sy
10000a4a:	2300      	movs	r3, #0
10000a4c:	e8ca 3f8f 	stlb	r3, [sl]
10000a50:	9b00      	ldr	r3, [sp, #0]
10000a52:	f383 8810 	msr	PRIMASK, r3
10000a56:	b003      	add	sp, #12
10000a58:	e8bd 8ff0 	ldmia.w	sp!, {r4, r5, r6, r7, r8, r9, sl, fp, pc}
10000a5c:	f020 0e01 	bic.w	lr, r0, #1
10000a60:	f89e 1007 	ldrb.w	r1, [lr, #7]
10000a64:	42b1      	cmp	r1, r6
10000a66:	d82e      	bhi.n	10000ac6 <irq_add_shared_handler+0x12a>
10000a68:	f44f 4321 	mov.w	r3, #41216	@ 0xa100
10000a6c:	53eb      	strh	r3, [r5, r7]
10000a6e:	4b41      	ldr	r3, [pc, #260]	@ (10000b74 <irq_add_shared_handler+0x1d8>)
10000a70:	1cb9      	adds	r1, r7, #2
10000a72:	4429      	add	r1, r5
10000a74:	3b04      	subs	r3, #4
10000a76:	3704      	adds	r7, #4
10000a78:	1a5b      	subs	r3, r3, r1
10000a7a:	442f      	add	r7, r5
10000a7c:	f1ae 0104 	sub.w	r1, lr, #4
10000a80:	1bc9      	subs	r1, r1, r7
10000a82:	f3c1 044a 	ubfx	r4, r1, #1, #11
10000a86:	493c      	ldr	r1, [pc, #240]	@ (10000b78 <irq_add_shared_handler+0x1dc>)
10000a88:	f3c3 034a 	ubfx	r3, r3, #1, #11
10000a8c:	430b      	orrs	r3, r1
10000a8e:	4321      	orrs	r1, r4
10000a90:	f8a8 1004 	strh.w	r1, [r8, #4]
10000a94:	4939      	ldr	r1, [pc, #228]	@ (10000b7c <irq_add_shared_handler+0x1e0>)
10000a96:	f8a8 3002 	strh.w	r3, [r8, #2]
10000a9a:	f64a 20aa 	movw	r0, #43690	@ 0xaaaa
10000a9e:	4673      	mov	r3, lr
10000aa0:	1b5b      	subs	r3, r3, r5
10000aa2:	415b      	adcs	r3, r3
10000aa4:	4358      	muls	r0, r3
10000aa6:	0d00      	lsrs	r0, r0, #20
10000aa8:	f888 6007 	strb.w	r6, [r8, #7]
10000aac:	f888 0006 	strb.w	r0, [r8, #6]
10000ab0:	f8c8 b008 	str.w	fp, [r8, #8]
10000ab4:	f048 0001 	orr.w	r0, r8, #1
10000ab8:	f8ce 1000 	str.w	r1, [lr]
10000abc:	e7bf      	b.n	10000a3e <irq_add_shared_handler+0xa2>
10000abe:	79d1      	ldrb	r1, [r2, #7]
10000ac0:	42b1      	cmp	r1, r6
10000ac2:	d92e      	bls.n	10000b22 <irq_add_shared_handler+0x186>
10000ac4:	4696      	mov	lr, r2
10000ac6:	f99e c006 	ldrsb.w	ip, [lr, #6]
10000aca:	eb0c 024c 	add.w	r2, ip, ip, lsl #1
10000ace:	f1bc 0f00 	cmp.w	ip, #0
10000ad2:	eb05 0282 	add.w	r2, r5, r2, lsl #2
10000ad6:	daf2      	bge.n	10000abe <irq_add_shared_handler+0x122>
10000ad8:	f64b 5101 	movw	r1, #48385	@ 0xbd01
10000adc:	f10e 0204 	add.w	r2, lr, #4
10000ae0:	f1a8 0704 	sub.w	r7, r8, #4
10000ae4:	1abf      	subs	r7, r7, r2
10000ae6:	f3c7 074a 	ubfx	r7, r7, #1, #11
10000aea:	ea6f 47c7 	mvn.w	r7, r7, lsl #19
10000aee:	ea6f 47d7 	mvn.w	r7, r7, lsr #19
10000af2:	f88e 4006 	strb.w	r4, [lr, #6]
10000af6:	eb03 0804 	add.w	r8, r3, r4
10000afa:	4c20      	ldr	r4, [pc, #128]	@ (10000b7c <irq_add_shared_handler+0x1e0>)
10000afc:	eb05 0388 	add.w	r3, r5, r8, lsl #2
10000b00:	f8ae 7004 	strh.w	r7, [lr, #4]
10000b04:	f845 4028 	str.w	r4, [r5, r8, lsl #2]
10000b08:	8099      	strh	r1, [r3, #4]
10000b0a:	f883 c006 	strb.w	ip, [r3, #6]
10000b0e:	71de      	strb	r6, [r3, #7]
10000b10:	f8c3 b008 	str.w	fp, [r3, #8]
10000b14:	e793      	b.n	10000a3e <irq_add_shared_handler+0xa2>
10000b16:	f000 fea7 	bl	10001868 <hard_assertion_failure>
10000b1a:	4b12      	ldr	r3, [pc, #72]	@ (10000b64 <irq_add_shared_handler+0x1c8>)
10000b1c:	f993 4000 	ldrsb.w	r4, [r3]
10000b20:	e759      	b.n	100009d6 <irq_add_shared_handler+0x3a>
10000b22:	4672      	mov	r2, lr
10000b24:	f832 1f04 	ldrh.w	r1, [r2, #4]!
10000b28:	0549      	lsls	r1, r1, #21
10000b2a:	d414      	bmi.n	10000b56 <irq_add_shared_handler+0x1ba>
10000b2c:	1549      	asrs	r1, r1, #21
10000b2e:	3102      	adds	r1, #2
10000b30:	eb02 0141 	add.w	r1, r2, r1, lsl #1
10000b34:	9101      	str	r1, [sp, #4]
10000b36:	f06f 0107 	mvn.w	r1, #7
10000b3a:	1bc9      	subs	r1, r1, r7
10000b3c:	9f01      	ldr	r7, [sp, #4]
10000b3e:	1b49      	subs	r1, r1, r5
10000b40:	4439      	add	r1, r7
10000b42:	f3c1 014a 	ubfx	r1, r1, #1, #11
10000b46:	f441 4160 	orr.w	r1, r1, #57344	@ 0xe000
10000b4a:	e7c9      	b.n	10000ae0 <irq_add_shared_handler+0x144>
10000b4c:	9301      	str	r3, [sp, #4]
10000b4e:	f000 fe8b 	bl	10001868 <hard_assertion_failure>
10000b52:	9b01      	ldr	r3, [sp, #4]
10000b54:	e756      	b.n	10000a04 <irq_add_shared_handler+0x68>
10000b56:	f501 11ff 	add.w	r1, r1, #2088960	@ 0x1fe000
10000b5a:	f501 51ff 	add.w	r1, r1, #8160	@ 0x1fe0
10000b5e:	311f      	adds	r1, #31
10000b60:	e7e4      	b.n	10000b2c <irq_add_shared_handler+0x190>
10000b62:	bf00      	nop
10000b64:	200026d7 	.word	0x200026d7
10000b68:	20001184 	.word	0x20001184
10000b6c:	e000ed00 	.word	0xe000ed00
10000b70:	1000011d 	.word	0x1000011d
10000b74:	200011b4 	.word	0x200011b4
10000b78:	ffffe000 	.word	0xffffe000
10000b7c:	47804801 	.word	0x47804801
10000b80:	20001c75 	.word	0x20001c75

10000b84 <irq_add_tail_to_free_list>:
10000b84:	b5f0      	push	{r4, r5, r6, r7, lr}
10000b86:	f3ef 8505 	mrs	r5, IPSR
10000b8a:	b2ed      	uxtb	r5, r5
10000b8c:	f3ef 8c10 	mrs	ip, PRIMASK
10000b90:	b672      	cpsid	i
10000b92:	4926      	ldr	r1, [pc, #152]	@ (10000c2c <irq_add_tail_to_free_list+0xa8>)
10000b94:	e8d1 2fcf 	ldaexb	r2, [r1]
10000b98:	2301      	movs	r3, #1
10000b9a:	2a00      	cmp	r2, #0
10000b9c:	d1fa      	bne.n	10000b94 <irq_add_tail_to_free_list+0x10>
10000b9e:	e8c1 3f42 	strexb	r2, r3, [r1]
10000ba2:	2a00      	cmp	r2, #0
10000ba4:	d1f6      	bne.n	10000b94 <irq_add_tail_to_free_list+0x10>
10000ba6:	f3bf 8f5f 	dmb	sy
10000baa:	4e21      	ldr	r6, [pc, #132]	@ (10000c30 <irq_add_tail_to_free_list+0xac>)
10000bac:	f040 0e01 	orr.w	lr, r0, #1
10000bb0:	68b4      	ldr	r4, [r6, #8]
10000bb2:	f64a 23aa 	movw	r3, #43690	@ 0xaaaa
10000bb6:	f854 7025 	ldr.w	r7, [r4, r5, lsl #2]
10000bba:	4a1e      	ldr	r2, [pc, #120]	@ (10000c34 <irq_add_tail_to_free_list+0xb0>)
10000bbc:	4604      	mov	r4, r0
10000bbe:	1aa4      	subs	r4, r4, r2
10000bc0:	4164      	adcs	r4, r4
10000bc2:	4363      	muls	r3, r4
10000bc4:	0d1b      	lsrs	r3, r3, #20
10000bc6:	4577      	cmp	r7, lr
10000bc8:	b25b      	sxtb	r3, r3
10000bca:	d01b      	beq.n	10000c04 <irq_add_tail_to_free_list+0x80>
10000bcc:	f992 4006 	ldrsb.w	r4, [r2, #6]
10000bd0:	429c      	cmp	r4, r3
10000bd2:	d01c      	beq.n	10000c0e <irq_add_tail_to_free_list+0x8a>
10000bd4:	f992 4012 	ldrsb.w	r4, [r2, #18]
10000bd8:	429c      	cmp	r4, r3
10000bda:	d023      	beq.n	10000c24 <irq_add_tail_to_free_list+0xa0>
10000bdc:	f992 401e 	ldrsb.w	r4, [r2, #30]
10000be0:	429c      	cmp	r4, r3
10000be2:	d021      	beq.n	10000c28 <irq_add_tail_to_free_list+0xa4>
10000be4:	f992 402a 	ldrsb.w	r4, [r2, #42]	@ 0x2a
10000be8:	429c      	cmp	r4, r3
10000bea:	bf08      	it	eq
10000bec:	2403      	moveq	r4, #3
10000bee:	d00f      	beq.n	10000c10 <irq_add_tail_to_free_list+0x8c>
10000bf0:	4a11      	ldr	r2, [pc, #68]	@ (10000c38 <irq_add_tail_to_free_list+0xb4>)
10000bf2:	2400      	movs	r4, #0
10000bf4:	7815      	ldrb	r5, [r2, #0]
10000bf6:	7013      	strb	r3, [r2, #0]
10000bf8:	7185      	strb	r5, [r0, #6]
10000bfa:	e8c1 4f8f 	stlb	r4, [r1]
10000bfe:	f38c 8810 	msr	PRIMASK, ip
10000c02:	bdf0      	pop	{r4, r5, r6, r7, pc}
10000c04:	68b2      	ldr	r2, [r6, #8]
10000c06:	4c0d      	ldr	r4, [pc, #52]	@ (10000c3c <irq_add_tail_to_free_list+0xb8>)
10000c08:	f842 4025 	str.w	r4, [r2, r5, lsl #2]
10000c0c:	e7f0      	b.n	10000bf0 <irq_add_tail_to_free_list+0x6c>
10000c0e:	2400      	movs	r4, #0
10000c10:	eb04 0444 	add.w	r4, r4, r4, lsl #1
10000c14:	eb02 0284 	add.w	r2, r2, r4, lsl #2
10000c18:	24ff      	movs	r4, #255	@ 0xff
10000c1a:	7194      	strb	r4, [r2, #6]
10000c1c:	f64b 5401 	movw	r4, #48385	@ 0xbd01
10000c20:	8094      	strh	r4, [r2, #4]
10000c22:	e7e5      	b.n	10000bf0 <irq_add_tail_to_free_list+0x6c>
10000c24:	2401      	movs	r4, #1
10000c26:	e7f3      	b.n	10000c10 <irq_add_tail_to_free_list+0x8c>
10000c28:	2402      	movs	r4, #2
10000c2a:	e7f1      	b.n	10000c10 <irq_add_tail_to_free_list+0x8c>
10000c2c:	20001c75 	.word	0x20001c75
10000c30:	e000ed00 	.word	0xe000ed00
10000c34:	20001184 	.word	0x20001184
10000c38:	200026d7 	.word	0x200026d7
10000c3c:	1000011d 	.word	0x1000011d

10000c40 <user_irq_claim_unused>:
10000c40:	b510      	push	{r4, lr}
10000c42:	4c07      	ldr	r4, [pc, #28]	@ (10000c60 <user_irq_claim_unused+0x20>)
10000c44:	b082      	sub	sp, #8
10000c46:	4601      	mov	r1, r0
10000c48:	2305      	movs	r3, #5
10000c4a:	2200      	movs	r2, #0
10000c4c:	9400      	str	r4, [sp, #0]
10000c4e:	4805      	ldr	r0, [pc, #20]	@ (10000c64 <user_irq_claim_unused+0x24>)
10000c50:	f7ff fda2 	bl	10000798 <hw_claim_unused_from_range>
10000c54:	2800      	cmp	r0, #0
10000c56:	bfa8      	it	ge
10000c58:	f1c0 0033 	rsbge	r0, r0, #51	@ 0x33
10000c5c:	b002      	add	sp, #8
10000c5e:	bd10      	pop	{r4, pc}
10000c60:	10009044 	.word	0x10009044
10000c64:	200026db 	.word	0x200026db

10000c68 <lock_init>:
10000c68:	4b01      	ldr	r3, [pc, #4]	@ (10000c70 <lock_init+0x8>)
10000c6a:	440b      	add	r3, r1
10000c6c:	6003      	str	r3, [r0, #0]
10000c6e:	4770      	bx	lr
10000c70:	20001c6c 	.word	0x20001c6c

10000c74 <runtime_init_mutex>:
10000c74:	b570      	push	{r4, r5, r6, lr}
10000c76:	4c10      	ldr	r4, [pc, #64]	@ (10000cb8 <runtime_init_mutex+0x44>)
10000c78:	4d10      	ldr	r5, [pc, #64]	@ (10000cbc <runtime_init_mutex+0x48>)
10000c7a:	42ac      	cmp	r4, r5
10000c7c:	d20e      	bcs.n	10000c9c <runtime_init_mutex+0x28>
10000c7e:	26ff      	movs	r6, #255	@ 0xff
10000c80:	6823      	ldr	r3, [r4, #0]
10000c82:	b163      	cbz	r3, 10000c9e <runtime_init_mutex+0x2a>
10000c84:	f7ff fdc8 	bl	10000818 <next_striped_spin_lock_num>
10000c88:	4601      	mov	r1, r0
10000c8a:	4620      	mov	r0, r4
10000c8c:	f7ff ffec 	bl	10000c68 <lock_init>
10000c90:	80a6      	strh	r6, [r4, #4]
10000c92:	f3bf 8f5f 	dmb	sy
10000c96:	3408      	adds	r4, #8
10000c98:	42ac      	cmp	r4, r5
10000c9a:	d3f1      	bcc.n	10000c80 <runtime_init_mutex+0xc>
10000c9c:	bd70      	pop	{r4, r5, r6, pc}
10000c9e:	f7ff fdbb 	bl	10000818 <next_striped_spin_lock_num>
10000ca2:	4601      	mov	r1, r0
10000ca4:	4620      	mov	r0, r4
10000ca6:	f7ff ffdf 	bl	10000c68 <lock_init>
10000caa:	7126      	strb	r6, [r4, #4]
10000cac:	f3bf 8f5f 	dmb	sy
10000cb0:	3408      	adds	r4, #8
10000cb2:	42ac      	cmp	r4, r5
10000cb4:	d3e4      	bcc.n	10000c80 <runtime_init_mutex+0xc>
10000cb6:	bd70      	pop	{r4, r5, r6, pc}
10000cb8:	20001778 	.word	0x20001778
10000cbc:	20001780 	.word	0x20001780

10000cc0 <mutex_init>:
10000cc0:	b510      	push	{r4, lr}
10000cc2:	4604      	mov	r4, r0
10000cc4:	f7ff fda8 	bl	10000818 <next_striped_spin_lock_num>
10000cc8:	4601      	mov	r1, r0
10000cca:	4620      	mov	r0, r4
10000ccc:	f7ff ffcc 	bl	10000c68 <lock_init>
10000cd0:	23ff      	movs	r3, #255	@ 0xff
10000cd2:	7123      	strb	r3, [r4, #4]
10000cd4:	f3bf 8f5f 	dmb	sy
10000cd8:	bd10      	pop	{r4, pc}
10000cda:	bf00      	nop

10000cdc <critical_section_init>:
10000cdc:	b510      	push	{r4, lr}
10000cde:	4604      	mov	r4, r0
10000ce0:	2001      	movs	r0, #1
10000ce2:	f7ff fda5 	bl	10000830 <spin_lock_claim_unused>
10000ce6:	4b03      	ldr	r3, [pc, #12]	@ (10000cf4 <critical_section_init+0x18>)
10000ce8:	4403      	add	r3, r0
10000cea:	6023      	str	r3, [r4, #0]
10000cec:	f3bf 8f5f 	dmb	sy
10000cf0:	bd10      	pop	{r4, pc}
10000cf2:	bf00      	nop
10000cf4:	20001c6c 	.word	0x20001c6c

10000cf8 <critical_section_init_with_lock_num>:
10000cf8:	4b02      	ldr	r3, [pc, #8]	@ (10000d04 <critical_section_init_with_lock_num+0xc>)
10000cfa:	440b      	add	r3, r1
10000cfc:	6003      	str	r3, [r0, #0]
10000cfe:	f3bf 8f5f 	dmb	sy
10000d02:	4770      	bx	lr
10000d04:	20001c6c 	.word	0x20001c6c

10000d08 <sleep_until_callback>:
10000d08:	4b0d      	ldr	r3, [pc, #52]	@ (10000d40 <sleep_until_callback+0x38>)
10000d0a:	681a      	ldr	r2, [r3, #0]
10000d0c:	f3ef 8110 	mrs	r1, PRIMASK
10000d10:	b672      	cpsid	i
10000d12:	e8d2 cfcf 	ldaexb	ip, [r2]
10000d16:	2001      	movs	r0, #1
10000d18:	f1bc 0f00 	cmp.w	ip, #0
10000d1c:	d1f9      	bne.n	10000d12 <sleep_until_callback+0xa>
10000d1e:	e8c2 0f4c 	strexb	ip, r0, [r2]
10000d22:	f1bc 0f00 	cmp.w	ip, #0
10000d26:	d1f4      	bne.n	10000d12 <sleep_until_callback+0xa>
10000d28:	f3bf 8f5f 	dmb	sy
10000d2c:	2200      	movs	r2, #0
10000d2e:	681b      	ldr	r3, [r3, #0]
10000d30:	e8c3 2f8f 	stlb	r2, [r3]
10000d34:	f381 8810 	msr	PRIMASK, r1
10000d38:	bf40      	sev
10000d3a:	2000      	movs	r0, #0
10000d3c:	2100      	movs	r1, #0
10000d3e:	4770      	bx	lr
10000d40:	200025d8 	.word	0x200025d8
10000d44:	00000000 	.word	0x00000000

10000d48 <alarm_pool_irq_handler>:
10000d48:	e92d 4ff0 	stmdb	sp!, {r4, r5, r6, r7, r8, r9, sl, fp, lr}
10000d4c:	ed2d 8b02 	vpush	{d8}
10000d50:	b085      	sub	sp, #20
10000d52:	f3ef 8305 	mrs	r3, IPSR
10000d56:	b2db      	uxtb	r3, r3
10000d58:	3b10      	subs	r3, #16
10000d5a:	089a      	lsrs	r2, r3, #2
10000d5c:	bf18      	it	ne
10000d5e:	2201      	movne	r2, #1
10000d60:	f04f 0101 	mov.w	r1, #1
10000d64:	f003 0b03 	and.w	fp, r3, #3
10000d68:	bf18      	it	ne
10000d6a:	4daf      	ldrne	r5, [pc, #700]	@ (10001028 <alarm_pool_irq_handler+0x2e0>)
10000d6c:	4baf      	ldr	r3, [pc, #700]	@ (1000102c <alarm_pool_irq_handler+0x2e4>)
10000d6e:	bf08      	it	eq
10000d70:	4daf      	ldreq	r5, [pc, #700]	@ (10001030 <alarm_pool_irq_handler+0x2e8>)
10000d72:	eb0b 0282 	add.w	r2, fp, r2, lsl #2
10000d76:	f853 6022 	ldr.w	r6, [r3, r2, lsl #2]
10000d7a:	fa01 f20b 	lsl.w	r2, r1, fp
10000d7e:	f505 5341 	add.w	r3, r5, #12352	@ 0x3040
10000d82:	ed9f 8ba7 	vldr	d8, [pc, #668]	@ 10001020 <alarm_pool_irq_handler+0x2d8>
10000d86:	9201      	str	r2, [sp, #4]
10000d88:	605a      	str	r2, [r3, #4]
10000d8a:	e02f      	b.n	10000dec <alarm_pool_irq_handler+0xa4>
10000d8c:	88b3      	ldrh	r3, [r6, #4]
10000d8e:	041c      	lsls	r4, r3, #16
10000d90:	f140 8093 	bpl.w	10000eba <alarm_pool_irq_handler+0x172>
10000d94:	79b3      	ldrb	r3, [r6, #6]
10000d96:	2b00      	cmp	r3, #0
10000d98:	f040 80dd 	bne.w	10000f56 <alarm_pool_irq_handler+0x20e>
10000d9c:	f9b6 2008 	ldrsh.w	r2, [r6, #8]
10000da0:	2a00      	cmp	r2, #0
10000da2:	f2c0 811e 	blt.w	10000fe2 <alarm_pool_irq_handler+0x29a>
10000da6:	6973      	ldr	r3, [r6, #20]
10000da8:	eb02 0242 	add.w	r2, r2, r2, lsl #1
10000dac:	eb03 03c2 	add.w	r3, r3, r2, lsl #3
10000db0:	e9d3 4702 	ldrd	r4, r7, [r3, #8]
10000db4:	f1b7 3fff 	cmp.w	r7, #4294967295
10000db8:	bf08      	it	eq
10000dba:	f1b4 3fff 	cmpeq.w	r4, #4294967295
10000dbe:	d00e      	beq.n	10000dde <alarm_pool_irq_handler+0x96>
10000dc0:	eb05 018b 	add.w	r1, r5, fp, lsl #2
10000dc4:	6aab      	ldr	r3, [r5, #40]	@ 0x28
10000dc6:	690a      	ldr	r2, [r1, #16]
10000dc8:	1ad2      	subs	r2, r2, r3
10000dca:	1ae3      	subs	r3, r4, r3
10000dcc:	4293      	cmp	r3, r2
10000dce:	d305      	bcc.n	10000ddc <alarm_pool_irq_handler+0x94>
10000dd0:	2301      	movs	r3, #1
10000dd2:	6a2a      	ldr	r2, [r5, #32]
10000dd4:	fa03 f30b 	lsl.w	r3, r3, fp
10000dd8:	4213      	tst	r3, r2
10000dda:	d100      	bne.n	10000dde <alarm_pool_irq_handler+0x96>
10000ddc:	610c      	str	r4, [r1, #16]
10000dde:	4628      	mov	r0, r5
10000de0:	f000 fbac 	bl	1000153c <timer_time_us_64>
10000de4:	42a0      	cmp	r0, r4
10000de6:	41b9      	sbcs	r1, r7
10000de8:	f2c0 80fb 	blt.w	10000fe2 <alarm_pool_irq_handler+0x29a>
10000dec:	f9b6 3008 	ldrsh.w	r3, [r6, #8]
10000df0:	9a01      	ldr	r2, [sp, #4]
10000df2:	2b00      	cmp	r3, #0
10000df4:	9300      	str	r3, [sp, #0]
10000df6:	63ea      	str	r2, [r5, #60]	@ 0x3c
10000df8:	dbc8      	blt.n	10000d8c <alarm_pool_irq_handler+0x44>
10000dfa:	f8d6 8014 	ldr.w	r8, [r6, #20]
10000dfe:	eb03 0943 	add.w	r9, r3, r3, lsl #1
10000e02:	4628      	mov	r0, r5
10000e04:	eb08 07c9 	add.w	r7, r8, r9, lsl #3
10000e08:	e9d7 4a02 	ldrd	r4, sl, [r7, #8]
10000e0c:	f000 fb96 	bl	1000153c <timer_time_us_64>
10000e10:	42a0      	cmp	r0, r4
10000e12:	eb71 010a 	sbcs.w	r1, r1, sl
10000e16:	dbb9      	blt.n	10000d8c <alarm_pool_irq_handler+0x44>
10000e18:	f1ba 0f00 	cmp.w	sl, #0
10000e1c:	f2c0 80c3 	blt.w	10000fa6 <alarm_pool_irq_handler+0x25e>
10000e20:	e9d7 3104 	ldrd	r3, r1, [r7, #16]
10000e24:	4a83      	ldr	r2, [pc, #524]	@ (10001034 <alarm_pool_irq_handler+0x2ec>)
10000e26:	4293      	cmp	r3, r2
10000e28:	f000 80ed 	beq.w	10001006 <alarm_pool_irq_handler+0x2be>
10000e2c:	887a      	ldrh	r2, [r7, #2]
10000e2e:	f9b6 0008 	ldrsh.w	r0, [r6, #8]
10000e32:	b292      	uxth	r2, r2
10000e34:	ea42 4000 	orr.w	r0, r2, r0, lsl #16
10000e38:	4798      	blx	r3
10000e3a:	4602      	mov	r2, r0
10000e3c:	460b      	mov	r3, r1
10000e3e:	ea52 0103 	orrs.w	r1, r2, r3
10000e42:	f000 80b0 	beq.w	10000fa6 <alarm_pool_irq_handler+0x25e>
10000e46:	2b00      	cmp	r3, #0
10000e48:	f280 80d1 	bge.w	10000fee <alarm_pool_irq_handler+0x2a6>
10000e4c:	ebb4 0e02 	subs.w	lr, r4, r2
10000e50:	eb6a 0a03 	sbc.w	sl, sl, r3
10000e54:	f938 3039 	ldrsh.w	r3, [r8, r9, lsl #3]
10000e58:	e9c7 ea02 	strd	lr, sl, [r7, #8]
10000e5c:	2b00      	cmp	r3, #0
10000e5e:	db95      	blt.n	10000d8c <alarm_pool_irq_handler+0x44>
10000e60:	6971      	ldr	r1, [r6, #20]
10000e62:	eb03 0243 	add.w	r2, r3, r3, lsl #1
10000e66:	eb01 02c2 	add.w	r2, r1, r2, lsl #3
10000e6a:	e9d2 7002 	ldrd	r7, r0, [r2, #8]
10000e6e:	45be      	cmp	lr, r7
10000e70:	eb7a 0c00 	sbcs.w	ip, sl, r0
10000e74:	ea4f 0243 	mov.w	r2, r3, lsl #1
10000e78:	db88      	blt.n	10000d8c <alarm_pool_irq_handler+0x44>
10000e7a:	46b4      	mov	ip, r6
10000e7c:	f82c 3f08 	strh.w	r3, [ip, #8]!
10000e80:	e006      	b.n	10000e90 <alarm_pool_irq_handler+0x148>
10000e82:	eb03 0043 	add.w	r0, r3, r3, lsl #1
10000e86:	eb01 00c0 	add.w	r0, r1, r0, lsl #3
10000e8a:	005a      	lsls	r2, r3, #1
10000e8c:	e9d0 7002 	ldrd	r7, r0, [r0, #8]
10000e90:	45be      	cmp	lr, r7
10000e92:	441a      	add	r2, r3
10000e94:	eb7a 0000 	sbcs.w	r0, sl, r0
10000e98:	eb01 04c2 	add.w	r4, r1, r2, lsl #3
10000e9c:	db04      	blt.n	10000ea8 <alarm_pool_irq_handler+0x160>
10000e9e:	f931 3032 	ldrsh.w	r3, [r1, r2, lsl #3]
10000ea2:	46a4      	mov	ip, r4
10000ea4:	2b00      	cmp	r3, #0
10000ea6:	daec      	bge.n	10000e82 <alarm_pool_irq_handler+0x13a>
10000ea8:	f828 3039 	strh.w	r3, [r8, r9, lsl #3]
10000eac:	9b00      	ldr	r3, [sp, #0]
10000eae:	f8ac 3000 	strh.w	r3, [ip]
10000eb2:	88b3      	ldrh	r3, [r6, #4]
10000eb4:	041c      	lsls	r4, r3, #16
10000eb6:	f53f af6d 	bmi.w	10000d94 <alarm_pool_irq_handler+0x4c>
10000eba:	6933      	ldr	r3, [r6, #16]
10000ebc:	f3ef 8210 	mrs	r2, PRIMASK
10000ec0:	b672      	cpsid	i
10000ec2:	e8d3 0fcf 	ldaexb	r0, [r3]
10000ec6:	2101      	movs	r1, #1
10000ec8:	2800      	cmp	r0, #0
10000eca:	d1fa      	bne.n	10000ec2 <alarm_pool_irq_handler+0x17a>
10000ecc:	e8c3 1f40 	strexb	r0, r1, [r3]
10000ed0:	2800      	cmp	r0, #0
10000ed2:	d1f6      	bne.n	10000ec2 <alarm_pool_irq_handler+0x17a>
10000ed4:	f3bf 8f5f 	dmb	sy
10000ed8:	f64f 74ff 	movw	r4, #65535	@ 0xffff
10000edc:	88b0      	ldrh	r0, [r6, #4]
10000ede:	2300      	movs	r3, #0
10000ee0:	6931      	ldr	r1, [r6, #16]
10000ee2:	b200      	sxth	r0, r0
10000ee4:	80b4      	strh	r4, [r6, #4]
10000ee6:	e8c1 3f8f 	stlb	r3, [r1]
10000eea:	f382 8810 	msr	PRIMASK, r2
10000eee:	4298      	cmp	r0, r3
10000ef0:	f6ff af50 	blt.w	10000d94 <alarm_pool_irq_handler+0x4c>
10000ef4:	4607      	mov	r7, r0
10000ef6:	46a9      	mov	r9, r5
10000ef8:	6974      	ldr	r4, [r6, #20]
10000efa:	f106 0808 	add.w	r8, r6, #8
10000efe:	eb07 0e47 	add.w	lr, r7, r7, lsl #1
10000f02:	eb04 03ce 	add.w	r3, r4, lr, lsl #3
10000f06:	e9d3 5002 	ldrd	r5, r0, [r3, #8]
10000f0a:	f9b6 3008 	ldrsh.w	r3, [r6, #8]
10000f0e:	46c4      	mov	ip, r8
10000f10:	2b00      	cmp	r3, #0
10000f12:	db13      	blt.n	10000f3c <alarm_pool_irq_handler+0x1f4>
10000f14:	46b2      	mov	sl, r6
10000f16:	9700      	str	r7, [sp, #0]
10000f18:	e004      	b.n	10000f24 <alarm_pool_irq_handler+0x1dc>
10000f1a:	f934 3036 	ldrsh.w	r3, [r4, r6, lsl #3]
10000f1e:	4694      	mov	ip, r2
10000f20:	2b00      	cmp	r3, #0
10000f22:	db09      	blt.n	10000f38 <alarm_pool_irq_handler+0x1f0>
10000f24:	eb03 0643 	add.w	r6, r3, r3, lsl #1
10000f28:	eb04 02c6 	add.w	r2, r4, r6, lsl #3
10000f2c:	e9d2 7102 	ldrd	r7, r1, [r2, #8]
10000f30:	42bd      	cmp	r5, r7
10000f32:	eb70 0101 	sbcs.w	r1, r0, r1
10000f36:	daf0      	bge.n	10000f1a <alarm_pool_irq_handler+0x1d2>
10000f38:	4656      	mov	r6, sl
10000f3a:	9f00      	ldr	r7, [sp, #0]
10000f3c:	f8ac 7000 	strh.w	r7, [ip]
10000f40:	f934 703e 	ldrsh.w	r7, [r4, lr, lsl #3]
10000f44:	f824 303e 	strh.w	r3, [r4, lr, lsl #3]
10000f48:	2f00      	cmp	r7, #0
10000f4a:	dad8      	bge.n	10000efe <alarm_pool_irq_handler+0x1b6>
10000f4c:	79b3      	ldrb	r3, [r6, #6]
10000f4e:	464d      	mov	r5, r9
10000f50:	2b00      	cmp	r3, #0
10000f52:	f43f af23 	beq.w	10000d9c <alarm_pool_irq_handler+0x54>
10000f56:	2300      	movs	r3, #0
10000f58:	71b3      	strb	r3, [r6, #6]
10000f5a:	f9b6 3008 	ldrsh.w	r3, [r6, #8]
10000f5e:	f106 0808 	add.w	r8, r6, #8
10000f62:	1c58      	adds	r0, r3, #1
10000f64:	d03d      	beq.n	10000fe2 <alarm_pool_irq_handler+0x29a>
10000f66:	461a      	mov	r2, r3
10000f68:	6977      	ldr	r7, [r6, #20]
10000f6a:	e003      	b.n	10000f74 <alarm_pool_irq_handler+0x22c>
10000f6c:	4680      	mov	r8, r0
10000f6e:	1c59      	adds	r1, r3, #1
10000f70:	f43f af16 	beq.w	10000da0 <alarm_pool_irq_handler+0x58>
10000f74:	eb03 0143 	add.w	r1, r3, r3, lsl #1
10000f78:	eb07 00c1 	add.w	r0, r7, r1, lsl #3
10000f7c:	f8b0 c002 	ldrh.w	ip, [r0, #2]
10000f80:	461c      	mov	r4, r3
10000f82:	f41c 4f00 	tst.w	ip, #32768	@ 0x8000
10000f86:	469e      	mov	lr, r3
10000f88:	f937 3031 	ldrsh.w	r3, [r7, r1, lsl #3]
10000f8c:	d0ee      	beq.n	10000f6c <alarm_pool_irq_handler+0x224>
10000f8e:	4294      	cmp	r4, r2
10000f90:	ed80 8b02 	vstr	d8, [r0, #8]
10000f94:	d005      	beq.n	10000fa2 <alarm_pool_irq_handler+0x25a>
10000f96:	f8a8 3000 	strh.w	r3, [r8]
10000f9a:	8932      	ldrh	r2, [r6, #8]
10000f9c:	f827 2031 	strh.w	r2, [r7, r1, lsl #3]
10000fa0:	8134      	strh	r4, [r6, #8]
10000fa2:	4672      	mov	r2, lr
10000fa4:	e7e3      	b.n	10000f6e <alarm_pool_irq_handler+0x226>
10000fa6:	f838 3039 	ldrh.w	r3, [r8, r9, lsl #3]
10000faa:	8133      	strh	r3, [r6, #8]
10000fac:	6933      	ldr	r3, [r6, #16]
10000fae:	f3ef 8210 	mrs	r2, PRIMASK
10000fb2:	b672      	cpsid	i
10000fb4:	e8d3 0fcf 	ldaexb	r0, [r3]
10000fb8:	2101      	movs	r1, #1
10000fba:	2800      	cmp	r0, #0
10000fbc:	d1fa      	bne.n	10000fb4 <alarm_pool_irq_handler+0x26c>
10000fbe:	e8c3 1f40 	strexb	r0, r1, [r3]
10000fc2:	2800      	cmp	r0, #0
10000fc4:	d1f6      	bne.n	10000fb4 <alarm_pool_irq_handler+0x26c>
10000fc6:	f3bf 8f5f 	dmb	sy
10000fca:	8873      	ldrh	r3, [r6, #2]
10000fcc:	6931      	ldr	r1, [r6, #16]
10000fce:	f828 3039 	strh.w	r3, [r8, r9, lsl #3]
10000fd2:	9b00      	ldr	r3, [sp, #0]
10000fd4:	8073      	strh	r3, [r6, #2]
10000fd6:	2300      	movs	r3, #0
10000fd8:	e8c1 3f8f 	stlb	r3, [r1]
10000fdc:	f382 8810 	msr	PRIMASK, r2
10000fe0:	e6d4      	b.n	10000d8c <alarm_pool_irq_handler+0x44>
10000fe2:	bf40      	sev
10000fe4:	b005      	add	sp, #20
10000fe6:	ecbd 8b02 	vpop	{d8}
10000fea:	e8bd 8ff0 	ldmia.w	sp!, {r4, r5, r6, r7, r8, r9, sl, fp, pc}
10000fee:	4628      	mov	r0, r5
10000ff0:	e9cd 2302 	strd	r2, r3, [sp, #8]
10000ff4:	f000 faa2 	bl	1000153c <timer_time_us_64>
10000ff8:	9a02      	ldr	r2, [sp, #8]
10000ffa:	9b03      	ldr	r3, [sp, #12]
10000ffc:	eb10 0e02 	adds.w	lr, r0, r2
10001000:	eb43 0a01 	adc.w	sl, r3, r1
10001004:	e726      	b.n	10000e54 <alarm_pool_irq_handler+0x10c>
10001006:	4608      	mov	r0, r1
10001008:	690b      	ldr	r3, [r1, #16]
1000100a:	9102      	str	r1, [sp, #8]
1000100c:	4798      	blx	r3
1000100e:	2800      	cmp	r0, #0
10001010:	d0c9      	beq.n	10000fa6 <alarm_pool_irq_handler+0x25e>
10001012:	9902      	ldr	r1, [sp, #8]
10001014:	e9d1 2300 	ldrd	r2, r3, [r1]
10001018:	e711      	b.n	10000e3e <alarm_pool_irq_handler+0xf6>
1000101a:	bf00      	nop
1000101c:	f3af 8000 	nop.w
10001020:	ffffffff 	.word	0xffffffff
10001024:	ffffffff 	.word	0xffffffff
10001028:	400b8000 	.word	0x400b8000
1000102c:	20002520 	.word	0x20002520
10001030:	400b0000 	.word	0x400b0000
10001034:	10000d49 	.word	0x10000d49

10001038 <runtime_init_default_alarm_pool>:
10001038:	e92d 4ff8 	stmdb	sp!, {r3, r4, r5, r6, r7, r8, r9, sl, fp, lr}
1000103c:	4c36      	ldr	r4, [pc, #216]	@ (10001118 <runtime_init_default_alarm_pool+0xe0>)
1000103e:	6925      	ldr	r5, [r4, #16]
10001040:	b12d      	cbz	r5, 1000104e <runtime_init_default_alarm_pool+0x16>
10001042:	e8bd 4ff8 	ldmia.w	sp!, {r3, r4, r5, r6, r7, r8, r9, sl, fp, lr}
10001046:	210a      	movs	r1, #10
10001048:	4834      	ldr	r0, [pc, #208]	@ (1000111c <runtime_init_default_alarm_pool+0xe4>)
1000104a:	f7ff be0d 	b.w	10000c68 <lock_init>
1000104e:	f8df 80e4 	ldr.w	r8, [pc, #228]	@ 10001134 <runtime_init_default_alarm_pool+0xfc>
10001052:	2103      	movs	r1, #3
10001054:	4640      	mov	r0, r8
10001056:	f000 fa5f 	bl	10001518 <timer_hardware_alarm_claim>
1000105a:	2603      	movs	r6, #3
1000105c:	f8c4 800c 	str.w	r8, [r4, #12]
10001060:	f7ff fbda 	bl	10000818 <next_striped_spin_lock_num>
10001064:	f04f 4c50 	mov.w	ip, #3489660928	@ 0xd0000000
10001068:	4b2d      	ldr	r3, [pc, #180]	@ (10001120 <runtime_init_default_alarm_pool+0xe8>)
1000106a:	7026      	strb	r6, [r4, #0]
1000106c:	4403      	add	r3, r0
1000106e:	6123      	str	r3, [r4, #16]
10001070:	f8dc 3000 	ldr.w	r3, [ip]
10001074:	210f      	movs	r1, #15
10001076:	7063      	strb	r3, [r4, #1]
10001078:	6963      	ldr	r3, [r4, #20]
1000107a:	8061      	strh	r1, [r4, #2]
1000107c:	831d      	strh	r5, [r3, #24]
1000107e:	f04f 0504 	mov.w	r5, #4
10001082:	f8a3 5078 	strh.w	r5, [r3, #120]	@ 0x78
10001086:	f04f 0505 	mov.w	r5, #5
1000108a:	f8a3 5090 	strh.w	r5, [r3, #144]	@ 0x90
1000108e:	f04f 0506 	mov.w	r5, #6
10001092:	f8a3 50a8 	strh.w	r5, [r3, #168]	@ 0xa8
10001096:	f04f 0507 	mov.w	r5, #7
1000109a:	210e      	movs	r1, #14
1000109c:	f64f 72ff 	movw	r2, #65535	@ 0xffff
100010a0:	2708      	movs	r7, #8
100010a2:	f04f 0e0a 	mov.w	lr, #10
100010a6:	f8a3 50c0 	strh.w	r5, [r3, #192]	@ 0xc0
100010aa:	f04f 0901 	mov.w	r9, #1
100010ae:	f04f 0c0c 	mov.w	ip, #12
100010b2:	f04f 0b02 	mov.w	fp, #2
100010b6:	f04f 0a09 	mov.w	sl, #9
100010ba:	200d      	movs	r0, #13
100010bc:	f04f 050b 	mov.w	r5, #11
100010c0:	f8a3 1168 	strh.w	r1, [r3, #360]	@ 0x168
100010c4:	4917      	ldr	r1, [pc, #92]	@ (10001124 <runtime_init_default_alarm_pool+0xec>)
100010c6:	80a2      	strh	r2, [r4, #4]
100010c8:	f8a3 e108 	strh.w	lr, [r3, #264]	@ 0x108
100010cc:	60a1      	str	r1, [r4, #8]
100010ce:	f8a3 b048 	strh.w	fp, [r3, #72]	@ 0x48
100010d2:	f8a3 a0f0 	strh.w	sl, [r3, #240]	@ 0xf0
100010d6:	f8a3 5120 	strh.w	r5, [r3, #288]	@ 0x120
100010da:	f8a3 c138 	strh.w	ip, [r3, #312]	@ 0x138
100010de:	f8a3 0150 	strh.w	r0, [r3, #336]	@ 0x150
100010e2:	f8a3 9030 	strh.w	r9, [r3, #48]	@ 0x30
100010e6:	f8a3 6060 	strh.w	r6, [r3, #96]	@ 0x60
100010ea:	f8a3 70d8 	strh.w	r7, [r3, #216]	@ 0xd8
100010ee:	801a      	strh	r2, [r3, #0]
100010f0:	4b0d      	ldr	r3, [pc, #52]	@ (10001128 <runtime_init_default_alarm_pool+0xf0>)
100010f2:	4630      	mov	r0, r6
100010f4:	f8c8 7020 	str.w	r7, [r8, #32]
100010f8:	490c      	ldr	r1, [pc, #48]	@ (1000112c <runtime_init_default_alarm_pool+0xf4>)
100010fa:	60dc      	str	r4, [r3, #12]
100010fc:	f7ff fc1e 	bl	1000093c <irq_set_exclusive_handler>
10001100:	4649      	mov	r1, r9
10001102:	4630      	mov	r0, r6
10001104:	f7ff fbd8 	bl	100008b8 <irq_set_enabled>
10001108:	4b09      	ldr	r3, [pc, #36]	@ (10001130 <runtime_init_default_alarm_pool+0xf8>)
1000110a:	210a      	movs	r1, #10
1000110c:	641f      	str	r7, [r3, #64]	@ 0x40
1000110e:	4803      	ldr	r0, [pc, #12]	@ (1000111c <runtime_init_default_alarm_pool+0xe4>)
10001110:	e8bd 4ff8 	ldmia.w	sp!, {r3, r4, r5, r6, r7, r8, r9, sl, fp, lr}
10001114:	f7ff bda8 	b.w	10000c68 <lock_init>
10001118:	200011cc 	.word	0x200011cc
1000111c:	200025d8 	.word	0x200025d8
10001120:	20001c6c 	.word	0x20001c6c
10001124:	0010ffff 	.word	0x0010ffff
10001128:	20002520 	.word	0x20002520
1000112c:	10000d49 	.word	0x10000d49
10001130:	400b2000 	.word	0x400b2000
10001134:	400b0000 	.word	0x400b0000

10001138 <alarm_pool_get_default>:
10001138:	4800      	ldr	r0, [pc, #0]	@ (1000113c <alarm_pool_get_default+0x4>)
1000113a:	4770      	bx	lr
1000113c:	200011cc 	.word	0x200011cc

10001140 <alarm_pool_add_alarm_at>:
10001140:	b5f8      	push	{r3, r4, r5, r6, r7, lr}
10001142:	f89d 5020 	ldrb.w	r5, [sp, #32]
10001146:	4604      	mov	r4, r0
10001148:	4617      	mov	r7, r2
1000114a:	461e      	mov	r6, r3
1000114c:	b935      	cbnz	r5, 1000115c <alarm_pool_add_alarm_at+0x1c>
1000114e:	f000 f9fd 	bl	1000154c <time_us_64>
10001152:	4287      	cmp	r7, r0
10001154:	eb66 0101 	sbc.w	r1, r6, r1
10001158:	2900      	cmp	r1, #0
1000115a:	db5c      	blt.n	10001216 <alarm_pool_add_alarm_at+0xd6>
1000115c:	6921      	ldr	r1, [r4, #16]
1000115e:	f3ef 8310 	mrs	r3, PRIMASK
10001162:	b672      	cpsid	i
10001164:	e8d1 0fcf 	ldaexb	r0, [r1]
10001168:	2201      	movs	r2, #1
1000116a:	2800      	cmp	r0, #0
1000116c:	d1fa      	bne.n	10001164 <alarm_pool_add_alarm_at+0x24>
1000116e:	e8c1 2f40 	strexb	r0, r2, [r1]
10001172:	2800      	cmp	r0, #0
10001174:	d1f6      	bne.n	10001164 <alarm_pool_add_alarm_at+0x24>
10001176:	f3bf 8f5f 	dmb	sy
1000117a:	f9b4 2002 	ldrsh.w	r2, [r4, #2]
1000117e:	6965      	ldr	r5, [r4, #20]
10001180:	eb02 0142 	add.w	r1, r2, r2, lsl #1
10001184:	2a00      	cmp	r2, #0
10001186:	ea4f 0cc1 	mov.w	ip, r1, lsl #3
1000118a:	6920      	ldr	r0, [r4, #16]
1000118c:	eb05 01c1 	add.w	r1, r5, r1, lsl #3
10001190:	db39      	blt.n	10001206 <alarm_pool_add_alarm_at+0xc6>
10001192:	f835 e00c 	ldrh.w	lr, [r5, ip]
10001196:	f8a4 e002 	strh.w	lr, [r4, #2]
1000119a:	f04f 0e00 	mov.w	lr, #0
1000119e:	e8c0 ef8f 	stlb	lr, [r0]
100011a2:	f383 8810 	msr	PRIMASK, r3
100011a6:	8848      	ldrh	r0, [r1, #2]
100011a8:	9b06      	ldr	r3, [sp, #24]
100011aa:	3001      	adds	r0, #1
100011ac:	f3c0 000e 	ubfx	r0, r0, #0, #15
100011b0:	2801      	cmp	r0, #1
100011b2:	bf38      	it	cc
100011b4:	2001      	movcc	r0, #1
100011b6:	610b      	str	r3, [r1, #16]
100011b8:	9b07      	ldr	r3, [sp, #28]
100011ba:	8048      	strh	r0, [r1, #2]
100011bc:	614b      	str	r3, [r1, #20]
100011be:	e9c1 7602 	strd	r7, r6, [r1, #8]
100011c2:	ea40 4002 	orr.w	r0, r0, r2, lsl #16
100011c6:	6923      	ldr	r3, [r4, #16]
100011c8:	f3ef 8110 	mrs	r1, PRIMASK
100011cc:	b672      	cpsid	i
100011ce:	e8d3 7fcf 	ldaexb	r7, [r3]
100011d2:	2601      	movs	r6, #1
100011d4:	2f00      	cmp	r7, #0
100011d6:	d1fa      	bne.n	100011ce <alarm_pool_add_alarm_at+0x8e>
100011d8:	e8c3 6f47 	strexb	r7, r6, [r3]
100011dc:	2f00      	cmp	r7, #0
100011de:	d1f6      	bne.n	100011ce <alarm_pool_add_alarm_at+0x8e>
100011e0:	f3bf 8f5f 	dmb	sy
100011e4:	88a3      	ldrh	r3, [r4, #4]
100011e6:	f825 300c 	strh.w	r3, [r5, ip]
100011ea:	80a2      	strh	r2, [r4, #4]
100011ec:	6923      	ldr	r3, [r4, #16]
100011ee:	e8c3 ef8f 	stlb	lr, [r3]
100011f2:	f381 8810 	msr	PRIMASK, r1
100011f6:	2201      	movs	r2, #1
100011f8:	68e3      	ldr	r3, [r4, #12]
100011fa:	7821      	ldrb	r1, [r4, #0]
100011fc:	f503 5301 	add.w	r3, r3, #8256	@ 0x2040
10001200:	408a      	lsls	r2, r1
10001202:	605a      	str	r2, [r3, #4]
10001204:	bdf8      	pop	{r3, r4, r5, r6, r7, pc}
10001206:	2200      	movs	r2, #0
10001208:	e8c0 2f8f 	stlb	r2, [r0]
1000120c:	f383 8810 	msr	PRIMASK, r3
10001210:	f04f 30ff 	mov.w	r0, #4294967295
10001214:	bdf8      	pop	{r3, r4, r5, r6, r7, pc}
10001216:	4628      	mov	r0, r5
10001218:	bdf8      	pop	{r3, r4, r5, r6, r7, pc}
1000121a:	bf00      	nop

1000121c <alarm_pool_add_alarm_at_force_in_context>:
1000121c:	4601      	mov	r1, r0
1000121e:	b5f0      	push	{r4, r5, r6, r7, lr}
10001220:	6900      	ldr	r0, [r0, #16]
10001222:	f3ef 8710 	mrs	r7, PRIMASK
10001226:	b672      	cpsid	i
10001228:	e8d0 5fcf 	ldaexb	r5, [r0]
1000122c:	2401      	movs	r4, #1
1000122e:	2d00      	cmp	r5, #0
10001230:	d1fa      	bne.n	10001228 <alarm_pool_add_alarm_at_force_in_context+0xc>
10001232:	e8c0 4f45 	strexb	r5, r4, [r0]
10001236:	2d00      	cmp	r5, #0
10001238:	d1f6      	bne.n	10001228 <alarm_pool_add_alarm_at_force_in_context+0xc>
1000123a:	f3bf 8f5f 	dmb	sy
1000123e:	f9b1 e002 	ldrsh.w	lr, [r1, #2]
10001242:	694c      	ldr	r4, [r1, #20]
10001244:	eb0e 0c4e 	add.w	ip, lr, lr, lsl #1
10001248:	f1be 0f00 	cmp.w	lr, #0
1000124c:	ea4f 05cc 	mov.w	r5, ip, lsl #3
10001250:	6908      	ldr	r0, [r1, #16]
10001252:	eb04 0ccc 	add.w	ip, r4, ip, lsl #3
10001256:	db3c      	blt.n	100012d2 <alarm_pool_add_alarm_at_force_in_context+0xb6>
10001258:	5b66      	ldrh	r6, [r4, r5]
1000125a:	804e      	strh	r6, [r1, #2]
1000125c:	2600      	movs	r6, #0
1000125e:	e8c0 6f8f 	stlb	r6, [r0]
10001262:	f387 8810 	msr	PRIMASK, r7
10001266:	f8bc 0002 	ldrh.w	r0, [ip, #2]
1000126a:	e9cc 2302 	strd	r2, r3, [ip, #8]
1000126e:	3001      	adds	r0, #1
10001270:	f3c0 000e 	ubfx	r0, r0, #0, #15
10001274:	2801      	cmp	r0, #1
10001276:	bf38      	it	cc
10001278:	2001      	movcc	r0, #1
1000127a:	9b05      	ldr	r3, [sp, #20]
1000127c:	f8ac 0002 	strh.w	r0, [ip, #2]
10001280:	f8cc 3010 	str.w	r3, [ip, #16]
10001284:	9b06      	ldr	r3, [sp, #24]
10001286:	ea40 400e 	orr.w	r0, r0, lr, lsl #16
1000128a:	f8cc 3014 	str.w	r3, [ip, #20]
1000128e:	690b      	ldr	r3, [r1, #16]
10001290:	f3ef 8210 	mrs	r2, PRIMASK
10001294:	b672      	cpsid	i
10001296:	e8d3 cfcf 	ldaexb	ip, [r3]
1000129a:	2701      	movs	r7, #1
1000129c:	f1bc 0f00 	cmp.w	ip, #0
100012a0:	d1f9      	bne.n	10001296 <alarm_pool_add_alarm_at_force_in_context+0x7a>
100012a2:	e8c3 7f4c 	strexb	ip, r7, [r3]
100012a6:	f1bc 0f00 	cmp.w	ip, #0
100012aa:	d1f4      	bne.n	10001296 <alarm_pool_add_alarm_at_force_in_context+0x7a>
100012ac:	f3bf 8f5f 	dmb	sy
100012b0:	888b      	ldrh	r3, [r1, #4]
100012b2:	5363      	strh	r3, [r4, r5]
100012b4:	f8a1 e004 	strh.w	lr, [r1, #4]
100012b8:	690b      	ldr	r3, [r1, #16]
100012ba:	e8c3 6f8f 	stlb	r6, [r3]
100012be:	f382 8810 	msr	PRIMASK, r2
100012c2:	2201      	movs	r2, #1
100012c4:	68cb      	ldr	r3, [r1, #12]
100012c6:	7809      	ldrb	r1, [r1, #0]
100012c8:	f503 5301 	add.w	r3, r3, #8256	@ 0x2040
100012cc:	408a      	lsls	r2, r1
100012ce:	605a      	str	r2, [r3, #4]
100012d0:	bdf0      	pop	{r4, r5, r6, r7, pc}
100012d2:	2300      	movs	r3, #0
100012d4:	e8c0 3f8f 	stlb	r3, [r0]
100012d8:	f387 8810 	msr	PRIMASK, r7
100012dc:	f04f 30ff 	mov.w	r0, #4294967295
100012e0:	bdf0      	pop	{r4, r5, r6, r7, pc}
100012e2:	bf00      	nop

100012e4 <alarm_pool_cancel_alarm>:
100012e4:	4603      	mov	r3, r0
100012e6:	8940      	ldrh	r0, [r0, #10]
100012e8:	ebb0 4f21 	cmp.w	r0, r1, asr #16
100012ec:	dd37      	ble.n	1000135e <alarm_pool_cancel_alarm+0x7a>
100012ee:	6958      	ldr	r0, [r3, #20]
100012f0:	140a      	asrs	r2, r1, #16
100012f2:	eb02 0242 	add.w	r2, r2, r2, lsl #1
100012f6:	b510      	push	{r4, lr}
100012f8:	eb00 00c2 	add.w	r0, r0, r2, lsl #3
100012fc:	691c      	ldr	r4, [r3, #16]
100012fe:	f3ef 8c10 	mrs	ip, PRIMASK
10001302:	b672      	cpsid	i
10001304:	e8d4 efcf 	ldaexb	lr, [r4]
10001308:	2201      	movs	r2, #1
1000130a:	f1be 0f00 	cmp.w	lr, #0
1000130e:	d1f9      	bne.n	10001304 <alarm_pool_cancel_alarm+0x20>
10001310:	e8c4 2f4e 	strexb	lr, r2, [r4]
10001314:	f1be 0f00 	cmp.w	lr, #0
10001318:	d1f4      	bne.n	10001304 <alarm_pool_cancel_alarm+0x20>
1000131a:	f3bf 8f5f 	dmb	sy
1000131e:	8842      	ldrh	r2, [r0, #2]
10001320:	b289      	uxth	r1, r1
10001322:	b292      	uxth	r2, r2
10001324:	428a      	cmp	r2, r1
10001326:	d007      	beq.n	10001338 <alarm_pool_cancel_alarm+0x54>
10001328:	2200      	movs	r2, #0
1000132a:	691b      	ldr	r3, [r3, #16]
1000132c:	e8c3 2f8f 	stlb	r2, [r3]
10001330:	f38c 8810 	msr	PRIMASK, ip
10001334:	2000      	movs	r0, #0
10001336:	bd10      	pop	{r4, pc}
10001338:	f442 4200 	orr.w	r2, r2, #32768	@ 0x8000
1000133c:	8042      	strh	r2, [r0, #2]
1000133e:	2101      	movs	r1, #1
10001340:	2200      	movs	r2, #0
10001342:	6918      	ldr	r0, [r3, #16]
10001344:	7199      	strb	r1, [r3, #6]
10001346:	e8c0 2f8f 	stlb	r2, [r0]
1000134a:	f38c 8810 	msr	PRIMASK, ip
1000134e:	781c      	ldrb	r4, [r3, #0]
10001350:	68da      	ldr	r2, [r3, #12]
10001352:	4608      	mov	r0, r1
10001354:	f502 5301 	add.w	r3, r2, #8256	@ 0x2040
10001358:	40a1      	lsls	r1, r4
1000135a:	6059      	str	r1, [r3, #4]
1000135c:	bd10      	pop	{r4, pc}
1000135e:	2000      	movs	r0, #0
10001360:	4770      	bx	lr
10001362:	bf00      	nop

10001364 <alarm_pool_core_num>:
10001364:	7840      	ldrb	r0, [r0, #1]
10001366:	4770      	bx	lr

10001368 <sleep_ms>:
10001368:	e92d 41f0 	stmdb	sp!, {r4, r5, r6, r7, r8, lr}
1000136c:	b082      	sub	sp, #8
1000136e:	4606      	mov	r6, r0
10001370:	f000 f8ec 	bl	1000154c <time_us_64>
10001374:	f44f 737a 	mov.w	r3, #1000	@ 0x3e8
10001378:	4604      	mov	r4, r0
1000137a:	f04f 30ff 	mov.w	r0, #4294967295
1000137e:	f06f 4200 	mvn.w	r2, #2147483648	@ 0x80000000
10001382:	fbe6 4103 	umlal	r4, r1, r6, r3
10001386:	42a0      	cmp	r0, r4
10001388:	eb72 0301 	sbcs.w	r3, r2, r1
1000138c:	bf3a      	itte	cc
1000138e:	4604      	movcc	r4, r0
10001390:	4615      	movcc	r5, r2
10001392:	460d      	movcs	r5, r1
10001394:	1fa6      	subs	r6, r4, #6
10001396:	f145 37ff 	adc.w	r7, r5, #4294967295
1000139a:	42b4      	cmp	r4, r6
1000139c:	eb75 0307 	sbcs.w	r3, r5, r7
100013a0:	bf3c      	itt	cc
100013a2:	2600      	movcc	r6, #0
100013a4:	4637      	movcc	r7, r6
100013a6:	f000 f8d1 	bl	1000154c <time_us_64>
100013aa:	1a30      	subs	r0, r6, r0
100013ac:	eb67 0101 	sbc.w	r1, r7, r1
100013b0:	2801      	cmp	r0, #1
100013b2:	f171 0100 	sbcs.w	r1, r1, #0
100013b6:	da06      	bge.n	100013c6 <sleep_ms+0x5e>
100013b8:	4620      	mov	r0, r4
100013ba:	4629      	mov	r1, r5
100013bc:	b002      	add	sp, #8
100013be:	e8bd 41f0 	ldmia.w	sp!, {r4, r5, r6, r7, r8, lr}
100013c2:	f000 b8cd 	b.w	10001560 <busy_wait_until>
100013c6:	f000 f8c1 	bl	1000154c <time_us_64>
100013ca:	4286      	cmp	r6, r0
100013cc:	eb67 0101 	sbc.w	r1, r7, r1
100013d0:	2900      	cmp	r1, #0
100013d2:	db0a      	blt.n	100013ea <sleep_ms+0x82>
100013d4:	2100      	movs	r1, #0
100013d6:	4b17      	ldr	r3, [pc, #92]	@ (10001434 <sleep_ms+0xcc>)
100013d8:	4632      	mov	r2, r6
100013da:	9300      	str	r3, [sp, #0]
100013dc:	4816      	ldr	r0, [pc, #88]	@ (10001438 <sleep_ms+0xd0>)
100013de:	463b      	mov	r3, r7
100013e0:	9101      	str	r1, [sp, #4]
100013e2:	f7ff ff1b 	bl	1000121c <alarm_pool_add_alarm_at_force_in_context>
100013e6:	3001      	adds	r0, #1
100013e8:	d0e6      	beq.n	100013b8 <sleep_ms+0x50>
100013ea:	f04f 0c00 	mov.w	ip, #0
100013ee:	4a13      	ldr	r2, [pc, #76]	@ (1000143c <sleep_ms+0xd4>)
100013f0:	4913      	ldr	r1, [pc, #76]	@ (10001440 <sleep_ms+0xd8>)
100013f2:	6a53      	ldr	r3, [r2, #36]	@ 0x24
100013f4:	429f      	cmp	r7, r3
100013f6:	d804      	bhi.n	10001402 <sleep_ms+0x9a>
100013f8:	6a90      	ldr	r0, [r2, #40]	@ 0x28
100013fa:	42b0      	cmp	r0, r6
100013fc:	d2dc      	bcs.n	100013b8 <sleep_ms+0x50>
100013fe:	429f      	cmp	r7, r3
10001400:	d1da      	bne.n	100013b8 <sleep_ms+0x50>
10001402:	680b      	ldr	r3, [r1, #0]
10001404:	f3ef 8010 	mrs	r0, PRIMASK
10001408:	b672      	cpsid	i
1000140a:	e8d3 8fcf 	ldaexb	r8, [r3]
1000140e:	f05f 0e01 	movs.w	lr, #1
10001412:	f1b8 0f00 	cmp.w	r8, #0
10001416:	d1f8      	bne.n	1000140a <sleep_ms+0xa2>
10001418:	e8c3 ef48 	strexb	r8, lr, [r3]
1000141c:	f1b8 0f00 	cmp.w	r8, #0
10001420:	d1f3      	bne.n	1000140a <sleep_ms+0xa2>
10001422:	f3bf 8f5f 	dmb	sy
10001426:	680b      	ldr	r3, [r1, #0]
10001428:	e8c3 cf8f 	stlb	ip, [r3]
1000142c:	f380 8810 	msr	PRIMASK, r0
10001430:	bf20      	wfe
10001432:	e7de      	b.n	100013f2 <sleep_ms+0x8a>
10001434:	10000d09 	.word	0x10000d09
10001438:	200011cc 	.word	0x200011cc
1000143c:	400b0000 	.word	0x400b0000
10001440:	200025d8 	.word	0x200025d8

10001444 <best_effort_wfe_or_timeout>:
10001444:	e92d 43f0 	stmdb	sp!, {r4, r5, r6, r7, r8, r9, lr}
10001448:	4606      	mov	r6, r0
1000144a:	460d      	mov	r5, r1
1000144c:	b083      	sub	sp, #12
1000144e:	f3ef 8405 	mrs	r4, IPSR
10001452:	b2e4      	uxtb	r4, r4
10001454:	b13c      	cbz	r4, 10001466 <best_effort_wfe_or_timeout+0x22>
10001456:	4b2d      	ldr	r3, [pc, #180]	@ (1000150c <best_effort_wfe_or_timeout+0xc8>)
10001458:	6a5a      	ldr	r2, [r3, #36]	@ 0x24
1000145a:	42aa      	cmp	r2, r5
1000145c:	d21c      	bcs.n	10001498 <best_effort_wfe_or_timeout+0x54>
1000145e:	2000      	movs	r0, #0
10001460:	b003      	add	sp, #12
10001462:	e8bd 83f0 	ldmia.w	sp!, {r4, r5, r6, r7, r8, r9, pc}
10001466:	4f2a      	ldr	r7, [pc, #168]	@ (10001510 <best_effort_wfe_or_timeout+0xcc>)
10001468:	f8d7 900c 	ldr.w	r9, [r7, #12]
1000146c:	f897 8000 	ldrb.w	r8, [r7]
10001470:	4648      	mov	r0, r9
10001472:	f000 f863 	bl	1000153c <timer_time_us_64>
10001476:	f108 0804 	add.w	r8, r8, #4
1000147a:	f859 3028 	ldr.w	r3, [r9, r8, lsl #2]
1000147e:	1a1b      	subs	r3, r3, r0
10001480:	1a30      	subs	r0, r6, r0
10001482:	eb65 0101 	sbc.w	r1, r5, r1
10001486:	4298      	cmp	r0, r3
10001488:	f171 0100 	sbcs.w	r1, r1, #0
1000148c:	db10      	blt.n	100014b0 <best_effort_wfe_or_timeout+0x6c>
1000148e:	bf20      	wfe
10001490:	4b1e      	ldr	r3, [pc, #120]	@ (1000150c <best_effort_wfe_or_timeout+0xc8>)
10001492:	6a5a      	ldr	r2, [r3, #36]	@ 0x24
10001494:	42aa      	cmp	r2, r5
10001496:	d3e2      	bcc.n	1000145e <best_effort_wfe_or_timeout+0x1a>
10001498:	bf14      	ite	ne
1000149a:	2401      	movne	r4, #1
1000149c:	2400      	moveq	r4, #0
1000149e:	6a9b      	ldr	r3, [r3, #40]	@ 0x28
100014a0:	42b3      	cmp	r3, r6
100014a2:	bf34      	ite	cc
100014a4:	4620      	movcc	r0, r4
100014a6:	f044 0001 	orrcs.w	r0, r4, #1
100014aa:	b003      	add	sp, #12
100014ac:	e8bd 83f0 	ldmia.w	sp!, {r4, r5, r6, r7, r8, r9, pc}
100014b0:	f000 f84c 	bl	1000154c <time_us_64>
100014b4:	4286      	cmp	r6, r0
100014b6:	eb65 0101 	sbc.w	r1, r5, r1
100014ba:	2900      	cmp	r1, #0
100014bc:	db14      	blt.n	100014e8 <best_effort_wfe_or_timeout+0xa4>
100014be:	4b15      	ldr	r3, [pc, #84]	@ (10001514 <best_effort_wfe_or_timeout+0xd0>)
100014c0:	4638      	mov	r0, r7
100014c2:	e9cd 3400 	strd	r3, r4, [sp]
100014c6:	4632      	mov	r2, r6
100014c8:	462b      	mov	r3, r5
100014ca:	f7ff fea7 	bl	1000121c <alarm_pool_add_alarm_at_force_in_context>
100014ce:	1e01      	subs	r1, r0, #0
100014d0:	dd0a      	ble.n	100014e8 <best_effort_wfe_or_timeout+0xa4>
100014d2:	4b0e      	ldr	r3, [pc, #56]	@ (1000150c <best_effort_wfe_or_timeout+0xc8>)
100014d4:	6a5a      	ldr	r2, [r3, #36]	@ 0x24
100014d6:	42aa      	cmp	r2, r5
100014d8:	d316      	bcc.n	10001508 <best_effort_wfe_or_timeout+0xc4>
100014da:	6a9b      	ldr	r3, [r3, #40]	@ 0x28
100014dc:	42b3      	cmp	r3, r6
100014de:	d311      	bcc.n	10001504 <best_effort_wfe_or_timeout+0xc0>
100014e0:	480b      	ldr	r0, [pc, #44]	@ (10001510 <best_effort_wfe_or_timeout+0xcc>)
100014e2:	f7ff feff 	bl	100012e4 <alarm_pool_cancel_alarm>
100014e6:	e7b6      	b.n	10001456 <best_effort_wfe_or_timeout+0x12>
100014e8:	4b08      	ldr	r3, [pc, #32]	@ (1000150c <best_effort_wfe_or_timeout+0xc8>)
100014ea:	6a5c      	ldr	r4, [r3, #36]	@ 0x24
100014ec:	42ac      	cmp	r4, r5
100014ee:	d3b6      	bcc.n	1000145e <best_effort_wfe_or_timeout+0x1a>
100014f0:	1b64      	subs	r4, r4, r5
100014f2:	bf18      	it	ne
100014f4:	2401      	movne	r4, #1
100014f6:	6a9b      	ldr	r3, [r3, #40]	@ 0x28
100014f8:	42b3      	cmp	r3, r6
100014fa:	bf34      	ite	cc
100014fc:	4620      	movcc	r0, r4
100014fe:	f044 0001 	orrcs.w	r0, r4, #1
10001502:	e7ad      	b.n	10001460 <best_effort_wfe_or_timeout+0x1c>
10001504:	42aa      	cmp	r2, r5
10001506:	d1eb      	bne.n	100014e0 <best_effort_wfe_or_timeout+0x9c>
10001508:	bf20      	wfe
1000150a:	e7e9      	b.n	100014e0 <best_effort_wfe_or_timeout+0x9c>
1000150c:	400b0000 	.word	0x400b0000
10001510:	200011cc 	.word	0x200011cc
10001514:	10000d09 	.word	0x10000d09

10001518 <timer_hardware_alarm_claim>:
10001518:	b410      	push	{r4}
1000151a:	4b05      	ldr	r3, [pc, #20]	@ (10001530 <timer_hardware_alarm_claim+0x18>)
1000151c:	4c05      	ldr	r4, [pc, #20]	@ (10001534 <timer_hardware_alarm_claim+0x1c>)
1000151e:	4a06      	ldr	r2, [pc, #24]	@ (10001538 <timer_hardware_alarm_claim+0x20>)
10001520:	42a0      	cmp	r0, r4
10001522:	bf14      	ite	ne
10001524:	4618      	movne	r0, r3
10001526:	1c58      	addeq	r0, r3, #1
10001528:	f85d 4b04 	ldr.w	r4, [sp], #4
1000152c:	f7ff b908 	b.w	10000740 <hw_claim_or_assert>
10001530:	2000208c 	.word	0x2000208c
10001534:	400b8000 	.word	0x400b8000
10001538:	10009060 	.word	0x10009060

1000153c <timer_time_us_64>:
1000153c:	4603      	mov	r3, r0
1000153e:	6a41      	ldr	r1, [r0, #36]	@ 0x24
10001540:	460a      	mov	r2, r1
10001542:	6a98      	ldr	r0, [r3, #40]	@ 0x28
10001544:	6a59      	ldr	r1, [r3, #36]	@ 0x24
10001546:	428a      	cmp	r2, r1
10001548:	d1fa      	bne.n	10001540 <timer_time_us_64+0x4>
1000154a:	4770      	bx	lr

1000154c <time_us_64>:
1000154c:	4b03      	ldr	r3, [pc, #12]	@ (1000155c <time_us_64+0x10>)
1000154e:	6a59      	ldr	r1, [r3, #36]	@ 0x24
10001550:	460a      	mov	r2, r1
10001552:	6a98      	ldr	r0, [r3, #40]	@ 0x28
10001554:	6a59      	ldr	r1, [r3, #36]	@ 0x24
10001556:	4291      	cmp	r1, r2
10001558:	d1fa      	bne.n	10001550 <time_us_64+0x4>
1000155a:	4770      	bx	lr
1000155c:	400b0000 	.word	0x400b0000

10001560 <busy_wait_until>:
10001560:	4a07      	ldr	r2, [pc, #28]	@ (10001580 <busy_wait_until+0x20>)
10001562:	6a53      	ldr	r3, [r2, #36]	@ 0x24
10001564:	4299      	cmp	r1, r3
10001566:	d8fc      	bhi.n	10001562 <busy_wait_until+0x2>
10001568:	4299      	cmp	r1, r3
1000156a:	d107      	bne.n	1000157c <busy_wait_until+0x1c>
1000156c:	4b04      	ldr	r3, [pc, #16]	@ (10001580 <busy_wait_until+0x20>)
1000156e:	e002      	b.n	10001576 <busy_wait_until+0x16>
10001570:	6a5a      	ldr	r2, [r3, #36]	@ 0x24
10001572:	4291      	cmp	r1, r2
10001574:	d102      	bne.n	1000157c <busy_wait_until+0x1c>
10001576:	6a9a      	ldr	r2, [r3, #40]	@ 0x28
10001578:	4290      	cmp	r0, r2
1000157a:	d8f9      	bhi.n	10001570 <busy_wait_until+0x10>
1000157c:	4770      	bx	lr
1000157e:	bf00      	nop
10001580:	400b0000 	.word	0x400b0000

10001584 <clock_configure_undivided>:
10001584:	eb00 0c40 	add.w	ip, r0, r0, lsl #1
10001588:	ea4f 0c8c 	mov.w	ip, ip, lsl #2
1000158c:	f10c 4c80 	add.w	ip, ip, #1073741824	@ 0x40000000
10001590:	f50c 3c80 	add.w	ip, ip, #65536	@ 0x10000
10001594:	b5f0      	push	{r4, r5, r6, r7, lr}
10001596:	4616      	mov	r6, r2
10001598:	f8dc 2004 	ldr.w	r2, [ip, #4]
1000159c:	1f05      	subs	r5, r0, #4
1000159e:	f5b2 3f80 	cmp.w	r2, #65536	@ 0x10000
100015a2:	bf38      	it	cc
100015a4:	f44f 3280 	movcc.w	r2, #65536	@ 0x10000
100015a8:	b2ed      	uxtb	r5, r5
100015aa:	bf38      	it	cc
100015ac:	f8cc 2004 	strcc.w	r2, [ip, #4]
100015b0:	2d01      	cmp	r5, #1
100015b2:	d92a      	bls.n	1000160a <clock_configure_undivided+0x86>
100015b4:	f44f 6700 	mov.w	r7, #2048	@ 0x800
100015b8:	4c25      	ldr	r4, [pc, #148]	@ (10001650 <clock_configure_undivided+0xcc>)
100015ba:	f50c 5240 	add.w	r2, ip, #12288	@ 0x3000
100015be:	6017      	str	r7, [r2, #0]
100015c0:	f854 2020 	ldr.w	r2, [r4, r0, lsl #2]
100015c4:	b9b2      	cbnz	r2, 100015f4 <clock_configure_undivided+0x70>
100015c6:	f8dc 2000 	ldr.w	r2, [ip]
100015ca:	2d01      	cmp	r5, #1
100015cc:	ea82 1246 	eor.w	r2, r2, r6, lsl #5
100015d0:	f002 02e0 	and.w	r2, r2, #224	@ 0xe0
100015d4:	f50c 5680 	add.w	r6, ip, #4096	@ 0x1000
100015d8:	6032      	str	r2, [r6, #0]
100015da:	d92a      	bls.n	10001632 <clock_configure_undivided+0xae>
100015dc:	f44f 6100 	mov.w	r1, #2048	@ 0x800
100015e0:	f844 3020 	str.w	r3, [r4, r0, lsl #2]
100015e4:	f44f 3380 	mov.w	r3, #65536	@ 0x10000
100015e8:	f50c 5200 	add.w	r2, ip, #8192	@ 0x2000
100015ec:	6011      	str	r1, [r2, #0]
100015ee:	f8cc 3004 	str.w	r3, [ip, #4]
100015f2:	bdf0      	pop	{r4, r5, r6, r7, pc}
100015f4:	6967      	ldr	r7, [r4, #20]
100015f6:	fbb7 fef2 	udiv	lr, r7, r2
100015fa:	f10e 0e01 	add.w	lr, lr, #1
100015fe:	eb0e 0e4e 	add.w	lr, lr, lr, lsl #1
10001602:	f1be 0e03 	subs.w	lr, lr, #3
10001606:	d2fc      	bcs.n	10001602 <clock_configure_undivided+0x7e>
10001608:	e7dd      	b.n	100015c6 <clock_configure_undivided+0x42>
1000160a:	2901      	cmp	r1, #1
1000160c:	d1d2      	bne.n	100015b4 <clock_configure_undivided+0x30>
1000160e:	2403      	movs	r4, #3
10001610:	f50c 5240 	add.w	r2, ip, #12288	@ 0x3000
10001614:	6014      	str	r4, [r2, #0]
10001616:	f8dc 2008 	ldr.w	r2, [ip, #8]
1000161a:	07d2      	lsls	r2, r2, #31
1000161c:	d5fb      	bpl.n	10001616 <clock_configure_undivided+0x92>
1000161e:	f8dc 2000 	ldr.w	r2, [ip]
10001622:	4c0b      	ldr	r4, [pc, #44]	@ (10001650 <clock_configure_undivided+0xcc>)
10001624:	ea82 1246 	eor.w	r2, r2, r6, lsl #5
10001628:	f002 02e0 	and.w	r2, r2, #224	@ 0xe0
1000162c:	f50c 5680 	add.w	r6, ip, #4096	@ 0x1000
10001630:	6032      	str	r2, [r6, #0]
10001632:	2201      	movs	r2, #1
10001634:	f8dc 5000 	ldr.w	r5, [ip]
10001638:	404d      	eors	r5, r1
1000163a:	f005 0503 	and.w	r5, r5, #3
1000163e:	6035      	str	r5, [r6, #0]
10001640:	fa02 f101 	lsl.w	r1, r2, r1
10001644:	f8dc 2008 	ldr.w	r2, [ip, #8]
10001648:	420a      	tst	r2, r1
1000164a:	d0fb      	beq.n	10001644 <clock_configure_undivided+0xc0>
1000164c:	e7c6      	b.n	100015dc <clock_configure_undivided+0x58>
1000164e:	bf00      	nop
10001650:	20002090 	.word	0x20002090

10001654 <clock_get_hz>:
10001654:	4b01      	ldr	r3, [pc, #4]	@ (1000165c <clock_get_hz+0x8>)
10001656:	f853 0020 	ldr.w	r0, [r3, r0, lsl #2]
1000165a:	4770      	bx	lr
1000165c:	20002090 	.word	0x20002090

10001660 <pll_init>:
10001660:	b470      	push	{r4, r5, r6}
10001662:	9d03      	ldr	r5, [sp, #12]
10001664:	6804      	ldr	r4, [r0, #0]
10001666:	032d      	lsls	r5, r5, #12
10001668:	ea45 4503 	orr.w	r5, r5, r3, lsl #16
1000166c:	4b1b      	ldr	r3, [pc, #108]	@ (100016dc <pll_init+0x7c>)
1000166e:	2c00      	cmp	r4, #0
10001670:	fbb3 f3f1 	udiv	r3, r3, r1
10001674:	fbb2 f6f3 	udiv	r6, r2, r3
10001678:	db1f      	blt.n	100016ba <pll_init+0x5a>
1000167a:	4a19      	ldr	r2, [pc, #100]	@ (100016e0 <pll_init+0x80>)
1000167c:	4b19      	ldr	r3, [pc, #100]	@ (100016e4 <pll_init+0x84>)
1000167e:	4290      	cmp	r0, r2
10001680:	bf14      	ite	ne
10001682:	f44f 4280 	movne.w	r2, #16384	@ 0x4000
10001686:	f44f 4200 	moveq.w	r2, #32768	@ 0x8000
1000168a:	4c17      	ldr	r4, [pc, #92]	@ (100016e8 <pll_init+0x88>)
1000168c:	601a      	str	r2, [r3, #0]
1000168e:	f503 5380 	add.w	r3, r3, #4096	@ 0x1000
10001692:	601a      	str	r2, [r3, #0]
10001694:	68a3      	ldr	r3, [r4, #8]
10001696:	ea32 0303 	bics.w	r3, r2, r3
1000169a:	d1fb      	bne.n	10001694 <pll_init+0x34>
1000169c:	2221      	movs	r2, #33	@ 0x21
1000169e:	f500 5340 	add.w	r3, r0, #12288	@ 0x3000
100016a2:	3304      	adds	r3, #4
100016a4:	6001      	str	r1, [r0, #0]
100016a6:	6086      	str	r6, [r0, #8]
100016a8:	601a      	str	r2, [r3, #0]
100016aa:	6802      	ldr	r2, [r0, #0]
100016ac:	2a00      	cmp	r2, #0
100016ae:	dafc      	bge.n	100016aa <pll_init+0x4a>
100016b0:	2208      	movs	r2, #8
100016b2:	60c5      	str	r5, [r0, #12]
100016b4:	601a      	str	r2, [r3, #0]
100016b6:	bc70      	pop	{r4, r5, r6}
100016b8:	4770      	bx	lr
100016ba:	6803      	ldr	r3, [r0, #0]
100016bc:	f003 033f 	and.w	r3, r3, #63	@ 0x3f
100016c0:	428b      	cmp	r3, r1
100016c2:	d1da      	bne.n	1000167a <pll_init+0x1a>
100016c4:	6883      	ldr	r3, [r0, #8]
100016c6:	f3c3 030b 	ubfx	r3, r3, #0, #12
100016ca:	42b3      	cmp	r3, r6
100016cc:	d1d5      	bne.n	1000167a <pll_init+0x1a>
100016ce:	68c3      	ldr	r3, [r0, #12]
100016d0:	f403 23ee 	and.w	r3, r3, #487424	@ 0x77000
100016d4:	42ab      	cmp	r3, r5
100016d6:	d1d0      	bne.n	1000167a <pll_init+0x1a>
100016d8:	e7ed      	b.n	100016b6 <pll_init+0x56>
100016da:	bf00      	nop
100016dc:	00b71b00 	.word	0x00b71b00
100016e0:	40058000 	.word	0x40058000
100016e4:	40022000 	.word	0x40022000
100016e8:	40020000 	.word	0x40020000

100016ec <watchdog_reboot>:
100016ec:	b430      	push	{r4, r5}
100016ee:	f04f 4480 	mov.w	r4, #1073741824	@ 0x40000000
100016f2:	4b1c      	ldr	r3, [pc, #112]	@ (10001764 <watchdog_reboot+0x78>)
100016f4:	601c      	str	r4, [r3, #0]
100016f6:	b1e0      	cbz	r0, 10001732 <watchdog_reboot+0x46>
100016f8:	4c1b      	ldr	r4, [pc, #108]	@ (10001768 <watchdog_reboot+0x7c>)
100016fa:	f5a3 5340 	sub.w	r3, r3, #12288	@ 0x3000
100016fe:	61dc      	str	r4, [r3, #28]
10001700:	4c1a      	ldr	r4, [pc, #104]	@ (1000176c <watchdog_reboot+0x80>)
10001702:	f040 0001 	orr.w	r0, r0, #1
10001706:	4044      	eors	r4, r0
10001708:	621c      	str	r4, [r3, #32]
1000170a:	6259      	str	r1, [r3, #36]	@ 0x24
1000170c:	6298      	str	r0, [r3, #40]	@ 0x28
1000170e:	f04f 4580 	mov.w	r5, #1073741824	@ 0x40000000
10001712:	f04f 61e0 	mov.w	r1, #117440512	@ 0x7000000
10001716:	4b13      	ldr	r3, [pc, #76]	@ (10001764 <watchdog_reboot+0x78>)
10001718:	4815      	ldr	r0, [pc, #84]	@ (10001770 <watchdog_reboot+0x84>)
1000171a:	4c16      	ldr	r4, [pc, #88]	@ (10001774 <watchdog_reboot+0x88>)
1000171c:	601d      	str	r5, [r3, #0]
1000171e:	6084      	str	r4, [r0, #8]
10001720:	6019      	str	r1, [r3, #0]
10001722:	b94a      	cbnz	r2, 10001738 <watchdog_reboot+0x4c>
10001724:	bc30      	pop	{r4, r5}
10001726:	f04f 4200 	mov.w	r2, #2147483648	@ 0x80000000
1000172a:	f5a3 5380 	sub.w	r3, r3, #4096	@ 0x1000
1000172e:	601a      	str	r2, [r3, #0]
10001730:	4770      	bx	lr
10001732:	4b11      	ldr	r3, [pc, #68]	@ (10001778 <watchdog_reboot+0x8c>)
10001734:	61d8      	str	r0, [r3, #28]
10001736:	e7ea      	b.n	1000170e <watchdog_reboot+0x22>
10001738:	f44f 737a 	mov.w	r3, #1000	@ 0x3e8
1000173c:	fb03 f202 	mul.w	r2, r3, r2
10001740:	f1b2 7f80 	cmp.w	r2, #16777216	@ 0x1000000
10001744:	bf2a      	itet	cs
10001746:	f06f 437f 	mvncs.w	r3, #4278190080	@ 0xff000000
1000174a:	4613      	movcc	r3, r2
1000174c:	461a      	movcs	r2, r3
1000174e:	f04f 4180 	mov.w	r1, #1073741824	@ 0x40000000
10001752:	4c0a      	ldr	r4, [pc, #40]	@ (1000177c <watchdog_reboot+0x90>)
10001754:	4808      	ldr	r0, [pc, #32]	@ (10001778 <watchdog_reboot+0x8c>)
10001756:	6023      	str	r3, [r4, #0]
10001758:	4b09      	ldr	r3, [pc, #36]	@ (10001780 <watchdog_reboot+0x94>)
1000175a:	6042      	str	r2, [r0, #4]
1000175c:	bc30      	pop	{r4, r5}
1000175e:	6019      	str	r1, [r3, #0]
10001760:	4770      	bx	lr
10001762:	bf00      	nop
10001764:	400db000 	.word	0x400db000
10001768:	b007c0d3 	.word	0xb007c0d3
1000176c:	4ff83f2d 	.word	0x4ff83f2d
10001770:	4001a000 	.word	0x4001a000
10001774:	01fffff3 	.word	0x01fffff3
10001778:	400d8000 	.word	0x400d8000
1000177c:	200024f8 	.word	0x200024f8
10001780:	400da000 	.word	0x400da000

10001784 <tick_start>:
10001784:	2301      	movs	r3, #1
10001786:	eb00 0040 	add.w	r0, r0, r0, lsl #1
1000178a:	0080      	lsls	r0, r0, #2
1000178c:	f100 4080 	add.w	r0, r0, #1073741824	@ 0x40000000
10001790:	f500 1084 	add.w	r0, r0, #1081344	@ 0x108000
10001794:	6041      	str	r1, [r0, #4]
10001796:	6003      	str	r3, [r0, #0]
10001798:	4770      	bx	lr
1000179a:	bf00      	nop

1000179c <rom_reboot.constprop.0.isra.0>:
1000179c:	2300      	movs	r3, #0
1000179e:	b570      	push	{r4, r5, r6, lr}
100017a0:	8adb      	ldrh	r3, [r3, #22]
100017a2:	4604      	mov	r4, r0
100017a4:	460d      	mov	r5, r1
100017a6:	2200      	movs	r2, #0
100017a8:	e842 f200 	tt	r2, r2
100017ac:	0252      	lsls	r2, r2, #9
100017ae:	bf54      	ite	pl
100017b0:	2110      	movpl	r1, #16
100017b2:	2104      	movmi	r1, #4
100017b4:	f244 2052 	movw	r0, #16978	@ 0x4252
100017b8:	4798      	blx	r3
100017ba:	4686      	mov	lr, r0
100017bc:	462b      	mov	r3, r5
100017be:	4622      	mov	r2, r4
100017c0:	46f4      	mov	ip, lr
100017c2:	e8bd 4070 	ldmia.w	sp!, {r4, r5, r6, lr}
100017c6:	210a      	movs	r1, #10
100017c8:	f44f 7081 	mov.w	r0, #258	@ 0x102
100017cc:	4760      	bx	ip
100017ce:	bf00      	nop

100017d0 <rom_func_lookup>:
100017d0:	2300      	movs	r3, #0
100017d2:	8adb      	ldrh	r3, [r3, #22]
100017d4:	2200      	movs	r2, #0
100017d6:	e842 f200 	tt	r2, r2
100017da:	0252      	lsls	r2, r2, #9
100017dc:	d401      	bmi.n	100017e2 <rom_func_lookup+0x12>
100017de:	2110      	movs	r1, #16
100017e0:	4718      	bx	r3
100017e2:	2104      	movs	r1, #4
100017e4:	4718      	bx	r3
100017e6:	bf00      	nop

100017e8 <rom_reset_usb_boot_extra>:
100017e8:	b508      	push	{r3, lr}
100017ea:	4603      	mov	r3, r0
100017ec:	4608      	mov	r0, r1
100017ee:	1e19      	subs	r1, r3, #0
100017f0:	db02      	blt.n	100017f8 <rom_reset_usb_boot_extra+0x10>
100017f2:	b11a      	cbz	r2, 100017fc <rom_reset_usb_boot_extra+0x14>
100017f4:	f040 0030 	orr.w	r0, r0, #48	@ 0x30
100017f8:	f7ff ffd0 	bl	1000179c <rom_reboot.constprop.0.isra.0>
100017fc:	f040 0020 	orr.w	r0, r0, #32
10001800:	e7fa      	b.n	100017f8 <rom_reset_usb_boot_extra+0x10>
10001802:	bf00      	nop

10001804 <runtime_init_bootrom_locking_enable>:
10001804:	4a03      	ldr	r2, [pc, #12]	@ (10001814 <runtime_init_bootrom_locking_enable+0x10>)
10001806:	f8d2 3828 	ldr.w	r3, [r2, #2088]	@ 0x828
1000180a:	2b00      	cmp	r3, #0
1000180c:	d0fb      	beq.n	10001806 <runtime_init_bootrom_locking_enable+0x2>
1000180e:	f3bf 8f5f 	dmb	sy
10001812:	4770      	bx	lr
10001814:	400e0000 	.word	0x400e0000

10001818 <runtime_init_boot_locks_reset>:
10001818:	2100      	movs	r1, #0
1000181a:	4b04      	ldr	r3, [pc, #16]	@ (1000182c <runtime_init_boot_locks_reset+0x14>)
1000181c:	4a04      	ldr	r2, [pc, #16]	@ (10001830 <runtime_init_boot_locks_reset+0x18>)
1000181e:	f3bf 8f5f 	dmb	sy
10001822:	f843 1b04 	str.w	r1, [r3], #4
10001826:	4293      	cmp	r3, r2
10001828:	d1f9      	bne.n	1000181e <runtime_init_boot_locks_reset+0x6>
1000182a:	4770      	bx	lr
1000182c:	400e080c 	.word	0x400e080c
10001830:	400e082c 	.word	0x400e082c

10001834 <xosc_init>:
10001834:	b410      	push	{r4}
10001836:	f44f 708d 	mov.w	r0, #282	@ 0x11a
1000183a:	f44f 642a 	mov.w	r4, #2720	@ 0xaa0
1000183e:	4a06      	ldr	r2, [pc, #24]	@ (10001858 <xosc_init+0x24>)
10001840:	4b06      	ldr	r3, [pc, #24]	@ (1000185c <xosc_init+0x28>)
10001842:	4907      	ldr	r1, [pc, #28]	@ (10001860 <xosc_init+0x2c>)
10001844:	6014      	str	r4, [r2, #0]
10001846:	60d0      	str	r0, [r2, #12]
10001848:	6019      	str	r1, [r3, #0]
1000184a:	6853      	ldr	r3, [r2, #4]
1000184c:	2b00      	cmp	r3, #0
1000184e:	dafc      	bge.n	1000184a <xosc_init+0x16>
10001850:	f85d 4b04 	ldr.w	r4, [sp], #4
10001854:	4770      	bx	lr
10001856:	bf00      	nop
10001858:	40048000 	.word	0x40048000
1000185c:	4004a000 	.word	0x4004a000
10001860:	00fab000 	.word	0x00fab000

10001864 <first_per_core_initializer>:
10001864:	4770      	bx	lr
10001866:	bf00      	nop

10001868 <hard_assertion_failure>:
10001868:	b508      	push	{r3, lr}
1000186a:	4801      	ldr	r0, [pc, #4]	@ (10001870 <hard_assertion_failure+0x8>)
1000186c:	f7fe ff50 	bl	10000710 <panic>
10001870:	10009084 	.word	0x10009084

10001874 <runtime_run_initializers>:
10001874:	b538      	push	{r3, r4, r5, lr}
10001876:	4c05      	ldr	r4, [pc, #20]	@ (1000188c <runtime_run_initializers+0x18>)
10001878:	4d05      	ldr	r5, [pc, #20]	@ (10001890 <runtime_run_initializers+0x1c>)
1000187a:	42ac      	cmp	r4, r5
1000187c:	d204      	bcs.n	10001888 <runtime_run_initializers+0x14>
1000187e:	f854 3b04 	ldr.w	r3, [r4], #4
10001882:	4798      	blx	r3
10001884:	42ac      	cmp	r4, r5
10001886:	d3fa      	bcc.n	1000187e <runtime_run_initializers+0xa>
10001888:	bd38      	pop	{r3, r4, r5, pc}
1000188a:	bf00      	nop
1000188c:	10008988 	.word	0x10008988
10001890:	100089c8 	.word	0x100089c8

10001894 <runtime_init_early_resets>:
10001894:	b410      	push	{r4}
10001896:	4807      	ldr	r0, [pc, #28]	@ (100018b4 <runtime_init_early_resets+0x20>)
10001898:	4c07      	ldr	r4, [pc, #28]	@ (100018b8 <runtime_init_early_resets+0x24>)
1000189a:	4b08      	ldr	r3, [pc, #32]	@ (100018bc <runtime_init_early_resets+0x28>)
1000189c:	4a08      	ldr	r2, [pc, #32]	@ (100018c0 <runtime_init_early_resets+0x2c>)
1000189e:	4909      	ldr	r1, [pc, #36]	@ (100018c4 <runtime_init_early_resets+0x30>)
100018a0:	6004      	str	r4, [r0, #0]
100018a2:	601a      	str	r2, [r3, #0]
100018a4:	688b      	ldr	r3, [r1, #8]
100018a6:	ea32 0303 	bics.w	r3, r2, r3
100018aa:	d1fb      	bne.n	100018a4 <runtime_init_early_resets+0x10>
100018ac:	f85d 4b04 	ldr.w	r4, [sp], #4
100018b0:	4770      	bx	lr
100018b2:	bf00      	nop
100018b4:	40022000 	.word	0x40022000
100018b8:	efef3b7f 	.word	0xefef3b7f
100018bc:	40023000 	.word	0x40023000
100018c0:	03f3fff6 	.word	0x03f3fff6
100018c4:	40020000 	.word	0x40020000

100018c8 <runtime_init_usb_power_down>:
100018c8:	4b04      	ldr	r3, [pc, #16]	@ (100018dc <runtime_init_usb_power_down+0x14>)
100018ca:	6cdb      	ldr	r3, [r3, #76]	@ 0x4c
100018cc:	f5b3 4f00 	cmp.w	r3, #32768	@ 0x8000
100018d0:	d103      	bne.n	100018da <runtime_init_usb_power_down+0x12>
100018d2:	f44f 2280 	mov.w	r2, #262144	@ 0x40000
100018d6:	4b02      	ldr	r3, [pc, #8]	@ (100018e0 <runtime_init_usb_power_down+0x18>)
100018d8:	64da      	str	r2, [r3, #76]	@ 0x4c
100018da:	4770      	bx	lr
100018dc:	50110000 	.word	0x50110000
100018e0:	50112000 	.word	0x50112000

100018e4 <runtime_init_per_core_enable_coprocessors>:
100018e4:	f04f 22e0 	mov.w	r2, #3758153728	@ 0xe000e000
100018e8:	4b04      	ldr	r3, [pc, #16]	@ (100018fc <runtime_init_per_core_enable_coprocessors+0x18>)
100018ea:	f8d2 1d88 	ldr.w	r1, [r2, #3464]	@ 0xd88
100018ee:	430b      	orrs	r3, r1
100018f0:	f8c2 3d88 	str.w	r3, [r2, #3464]	@ 0xd88
100018f4:	ee10 0430 			dcp_rcmp r0
100018f8:	4770      	bx	lr
100018fa:	bf00      	nop
100018fc:	00300303 	.word	0x00300303

10001900 <runtime_init_post_clock_resets>:
10001900:	f06f 4160 	mvn.w	r1, #3758096384	@ 0xe0000000
10001904:	4b04      	ldr	r3, [pc, #16]	@ (10001918 <runtime_init_post_clock_resets+0x18>)
10001906:	4a05      	ldr	r2, [pc, #20]	@ (1000191c <runtime_init_post_clock_resets+0x1c>)
10001908:	6019      	str	r1, [r3, #0]
1000190a:	6893      	ldr	r3, [r2, #8]
1000190c:	43db      	mvns	r3, r3
1000190e:	f033 4360 	bics.w	r3, r3, #3758096384	@ 0xe0000000
10001912:	d1fa      	bne.n	1000190a <runtime_init_post_clock_resets+0xa>
10001914:	4770      	bx	lr
10001916:	bf00      	nop
10001918:	40023000 	.word	0x40023000
1000191c:	40020000 	.word	0x40020000

10001920 <runtime_init_bootrom_reset>:
10001920:	b510      	push	{r4, lr}
10001922:	f245 2053 	movw	r0, #21075	@ 0x5253
10001926:	f7ff ff53 	bl	100017d0 <rom_func_lookup>
1000192a:	e8bd 4010 	ldmia.w	sp!, {r4, lr}
1000192e:	4603      	mov	r3, r0
10001930:	2004      	movs	r0, #4
10001932:	4718      	bx	r3

10001934 <runtime_init_per_core_bootrom_reset>:
10001934:	b510      	push	{r4, lr}
10001936:	f245 2053 	movw	r0, #21075	@ 0x5253
1000193a:	f7ff ff49 	bl	100017d0 <rom_func_lookup>
1000193e:	e8bd 4010 	ldmia.w	sp!, {r4, lr}
10001942:	4603      	mov	r3, r0
10001944:	2001      	movs	r0, #1
10001946:	4718      	bx	r3

10001948 <runtime_init_spin_locks_reset>:
10001948:	f7fe bf8a 	b.w	10000860 <spin_locks_reset>

1000194c <runtime_init_install_ram_vector_table>:
1000194c:	b510      	push	{r4, lr}
1000194e:	4b05      	ldr	r3, [pc, #20]	@ (10001964 <runtime_init_install_ram_vector_table+0x18>)
10001950:	4c05      	ldr	r4, [pc, #20]	@ (10001968 <runtime_init_install_ram_vector_table+0x1c>)
10001952:	f44f 7288 	mov.w	r2, #272	@ 0x110
10001956:	4618      	mov	r0, r3
10001958:	68a1      	ldr	r1, [r4, #8]
1000195a:	f006 fdf5 	bl	10008548 <memcpy>
1000195e:	60a0      	str	r0, [r4, #8]
10001960:	bd10      	pop	{r4, pc}
10001962:	bf00      	nop
10001964:	20000000 	.word	0x20000000
10001968:	e000ed00 	.word	0xe000ed00

1000196c <runtime_init_clocks>:
1000196c:	2300      	movs	r3, #0
1000196e:	b570      	push	{r4, r5, r6, lr}
10001970:	4c2b      	ldr	r4, [pc, #172]	@ (10001a20 <runtime_init_clocks+0xb4>)
10001972:	b082      	sub	sp, #8
10001974:	f8c4 3084 	str.w	r3, [r4, #132]	@ 0x84
10001978:	f7ff ff5c 	bl	10001834 <xosc_init>
1000197c:	2201      	movs	r2, #1
1000197e:	4b29      	ldr	r3, [pc, #164]	@ (10001a24 <runtime_init_clocks+0xb8>)
10001980:	63da      	str	r2, [r3, #60]	@ 0x3c
10001982:	6c63      	ldr	r3, [r4, #68]	@ 0x44
10001984:	2b01      	cmp	r3, #1
10001986:	d1fc      	bne.n	10001982 <runtime_init_clocks+0x16>
10001988:	2103      	movs	r1, #3
1000198a:	4a26      	ldr	r2, [pc, #152]	@ (10001a24 <runtime_init_clocks+0xb8>)
1000198c:	4b24      	ldr	r3, [pc, #144]	@ (10001a20 <runtime_init_clocks+0xb4>)
1000198e:	6311      	str	r1, [r2, #48]	@ 0x30
10001990:	6b9c      	ldr	r4, [r3, #56]	@ 0x38
10001992:	2c01      	cmp	r4, #1
10001994:	d1fc      	bne.n	10001990 <runtime_init_clocks+0x24>
10001996:	2602      	movs	r6, #2
10001998:	2505      	movs	r5, #5
1000199a:	4621      	mov	r1, r4
1000199c:	2305      	movs	r3, #5
1000199e:	4a22      	ldr	r2, [pc, #136]	@ (10001a28 <runtime_init_clocks+0xbc>)
100019a0:	4822      	ldr	r0, [pc, #136]	@ (10001a2c <runtime_init_clocks+0xc0>)
100019a2:	9600      	str	r6, [sp, #0]
100019a4:	f7ff fe5c 	bl	10001660 <pll_init>
100019a8:	4621      	mov	r1, r4
100019aa:	462b      	mov	r3, r5
100019ac:	4a20      	ldr	r2, [pc, #128]	@ (10001a30 <runtime_init_clocks+0xc4>)
100019ae:	4821      	ldr	r0, [pc, #132]	@ (10001a34 <runtime_init_clocks+0xc8>)
100019b0:	9500      	str	r5, [sp, #0]
100019b2:	f7ff fe55 	bl	10001660 <pll_init>
100019b6:	2200      	movs	r2, #0
100019b8:	2004      	movs	r0, #4
100019ba:	4631      	mov	r1, r6
100019bc:	4b1e      	ldr	r3, [pc, #120]	@ (10001a38 <runtime_init_clocks+0xcc>)
100019be:	f7ff fde1 	bl	10001584 <clock_configure_undivided>
100019c2:	4621      	mov	r1, r4
100019c4:	4628      	mov	r0, r5
100019c6:	2200      	movs	r2, #0
100019c8:	4b1c      	ldr	r3, [pc, #112]	@ (10001a3c <runtime_init_clocks+0xd0>)
100019ca:	f7ff fddb 	bl	10001584 <clock_configure_undivided>
100019ce:	2200      	movs	r2, #0
100019d0:	2008      	movs	r0, #8
100019d2:	4611      	mov	r1, r2
100019d4:	4b1a      	ldr	r3, [pc, #104]	@ (10001a40 <runtime_init_clocks+0xd4>)
100019d6:	f7ff fdd5 	bl	10001584 <clock_configure_undivided>
100019da:	2200      	movs	r2, #0
100019dc:	2009      	movs	r0, #9
100019de:	4611      	mov	r1, r2
100019e0:	4b17      	ldr	r3, [pc, #92]	@ (10001a40 <runtime_init_clocks+0xd4>)
100019e2:	f7ff fdcf 	bl	10001584 <clock_configure_undivided>
100019e6:	2200      	movs	r2, #0
100019e8:	2006      	movs	r0, #6
100019ea:	4611      	mov	r1, r2
100019ec:	4b13      	ldr	r3, [pc, #76]	@ (10001a3c <runtime_init_clocks+0xd0>)
100019ee:	f7ff fdc9 	bl	10001584 <clock_configure_undivided>
100019f2:	2200      	movs	r2, #0
100019f4:	4b11      	ldr	r3, [pc, #68]	@ (10001a3c <runtime_init_clocks+0xd0>)
100019f6:	2007      	movs	r0, #7
100019f8:	4611      	mov	r1, r2
100019fa:	f7ff fdc3 	bl	10001584 <clock_configure_undivided>
100019fe:	2004      	movs	r0, #4
10001a00:	f7ff fe28 	bl	10001654 <clock_get_hz>
10001a04:	2400      	movs	r4, #0
10001a06:	4b0f      	ldr	r3, [pc, #60]	@ (10001a44 <runtime_init_clocks+0xd8>)
10001a08:	fba3 3500 	umull	r3, r5, r3, r0
10001a0c:	0cad      	lsrs	r5, r5, #18
10001a0e:	b2e0      	uxtb	r0, r4
10001a10:	4629      	mov	r1, r5
10001a12:	3401      	adds	r4, #1
10001a14:	f7ff feb6 	bl	10001784 <tick_start>
10001a18:	2c06      	cmp	r4, #6
10001a1a:	d1f8      	bne.n	10001a0e <runtime_init_clocks+0xa2>
10001a1c:	b002      	add	sp, #8
10001a1e:	bd70      	pop	{r4, r5, r6, pc}
10001a20:	40010000 	.word	0x40010000
10001a24:	40013000 	.word	0x40013000
10001a28:	59682f00 	.word	0x59682f00
10001a2c:	40050000 	.word	0x40050000
10001a30:	47868c00 	.word	0x47868c00
10001a34:	40058000 	.word	0x40058000
10001a38:	00b71b00 	.word	0x00b71b00
10001a3c:	08f0d180 	.word	0x08f0d180
10001a40:	02dc6c00 	.word	0x02dc6c00
10001a44:	431bde83 	.word	0x431bde83

10001a48 <generic_save_state>:
10001a48:	b086      	sub	sp, #24
10001a4a:	b403      	push	{r0, r1}
10001a4c:	fc51 0408 	dcp_pxmd r0, r1
10001a50:	e9cd 0102 	strd	r0, r1, [sp, #8]
10001a54:	fc51 0409 	dcp_pymd r0, r1
10001a58:	e9cd 0104 	strd	r0, r1, [sp, #16]
10001a5c:	ec51 040a 	dcp_refd r0, r1
10001a60:	e9cd 0106 	strd	r0, r1, [sp, #24]
10001a64:	bc03      	pop	{r0, r1}
10001a66:	47f0      	blx	lr

10001a68 <generic_restore_state>:
10001a68:	e8bd 5000 	ldmia.w	sp!, {ip, lr}
10001a6c:	ec4e c400 	dcp_wxmd ip, lr
10001a70:	e8bd 5000 	ldmia.w	sp!, {ip, lr}
10001a74:	ec4e c401 	dcp_wymd ip, lr
10001a78:	e8bd 5000 	ldmia.w	sp!, {ip, lr}
10001a7c:	ec4e c402 	dcp_wefd ip, lr
10001a80:	bd00      	pop	{pc}
10001a82:	0000      	movs	r0, r0
10001a84:	b500      	push	{lr}
10001a86:	f7ff ffdf 	bl	10001a48 <generic_save_state>
10001a8a:	e002      	b.n	10001a92 <__wrap___aeabi_dadd+0x6>

10001a8c <__wrap___aeabi_dadd>:
10001a8c:	fe10 f430 	dcp_pcmp APSR_nzcv
10001a90:	d4f8      	bmi.n	10001a84 <generic_restore_state+0x1c>
10001a92:	ec41 0410 	dcp_wxup r0, r1
10001a96:	ec43 2411 	dcp_wyup r2, r3
10001a9a:	ee00 0401 			dcp_add0
10001a9e:	ee10 0401 			dcp_add1
10001aa2:	ee80 0420 			dcp_nrdd
10001aa6:	ec51 0410 	dcp_rdda r0, r1
10001aaa:	4770      	bx	lr
10001aac:	b500      	push	{lr}
10001aae:	f7ff ffcb 	bl	10001a48 <generic_save_state>
10001ab2:	e002      	b.n	10001aba <__wrap___aeabi_dsub+0x6>

10001ab4 <__wrap___aeabi_dsub>:
10001ab4:	fe10 f430 	dcp_pcmp APSR_nzcv
10001ab8:	d4f8      	bmi.n	10001aac <__wrap___aeabi_dadd+0x20>
10001aba:	ec41 0410 	dcp_wxup r0, r1
10001abe:	ec43 2411 	dcp_wyup r2, r3
10001ac2:	ee00 0401 			dcp_add0
10001ac6:	ee10 0421 			dcp_sub1
10001aca:	ee80 0420 			dcp_nrdd
10001ace:	ec51 0430 	dcp_rdds r0, r1
10001ad2:	4770      	bx	lr
10001ad4:	b500      	push	{lr}
10001ad6:	f7ff ffb7 	bl	10001a48 <generic_save_state>
10001ada:	e002      	b.n	10001ae2 <__wrap___aeabi_dmul+0x6>

10001adc <__wrap___aeabi_dmul>:
10001adc:	fe10 f430 	dcp_pcmp APSR_nzcv
10001ae0:	d4f8      	bmi.n	10001ad4 <__wrap___aeabi_dsub+0x20>
10001ae2:	b510      	push	{r4, lr}
10001ae4:	ec41 0410 	dcp_wxup r0, r1
10001ae8:	ec43 2411 	dcp_wyup r2, r3
10001aec:	ec51 0404 	dcp_rxms r0, r1, #0x0
10001af0:	ec53 2405 	dcp_ryms r2, r3, #0x0
10001af4:	fba0 4c02 	umull	r4, ip, r0, r2
10001af8:	f05f 0e00 	movs.w	lr, #0
10001afc:	fbe0 ce03 	umlal	ip, lr, r0, r3
10001b00:	fbe1 ce02 	umlal	ip, lr, r1, r2
10001b04:	ec4c 4420 	dcp_wxms r4, ip
10001b08:	2400      	movs	r4, #0
10001b0a:	fbe1 e403 	umlal	lr, r4, r1, r3
10001b0e:	ec44 e430 	dcp_wxmo lr, r4
10001b12:	ee80 0420 			dcp_nrdd
10001b16:	ec51 0450 	dcp_rddm r0, r1
10001b1a:	e8bd 4010 	ldmia.w	sp!, {r4, lr}
10001b1e:	4770      	bx	lr
10001b20:	b500      	push	{lr}
10001b22:	f7ff ff91 	bl	10001a48 <generic_save_state>
10001b26:	e002      	b.n	10001b2e <__wrap___aeabi_ddiv+0x6>

10001b28 <__wrap___aeabi_ddiv>:
10001b28:	fe10 f430 	dcp_pcmp APSR_nzcv
10001b2c:	d4f8      	bmi.n	10001b20 <__wrap___aeabi_dmul+0x44>
10001b2e:	ec41 0410 	dcp_wxup r0, r1
10001b32:	ec43 2411 	dcp_wyup r2, r3
10001b36:	ec51 0421 	dcp_rymr r0, r1
10001b3a:	fba0 1201 	umull	r1, r2, r0, r1
10001b3e:	ea6f 0282 	mvn.w	r2, r2, lsl #2
10001b42:	fb52 0010 	smmlar	r0, r2, r0, r0
10001b46:	fb52 f212 	smmulr	r2, r2, r2
10001b4a:	fb52 0010 	smmlar	r0, r2, r0, r0
10001b4e:	eba0 7cd0 	sub.w	ip, r0, r0, lsr #31
10001b52:	ec53 2404 	dcp_rxms r2, r3, #0x0
10001b56:	fb5c f113 	smmulr	r1, ip, r3
10001b5a:	ec53 2415 	dcp_ryms r2, r3, #0x1
10001b5e:	fba1 2002 	umull	r2, r0, r1, r2
10001b62:	fb01 0003 	mla	r0, r1, r3, r0
10001b66:	ec53 2444 	dcp_rxms r2, r3, #0x4
10001b6a:	eba2 0000 	sub.w	r0, r2, r0
10001b6e:	fb50 f21c 	smmulr	r2, r0, ip
10001b72:	ea4f 1311 	mov.w	r3, r1, lsr #4
10001b76:	eb12 7001 	adds.w	r0, r2, r1, lsl #28
10001b7a:	eb43 71e2 	adc.w	r1, r3, r2, asr #31
10001b7e:	ea40 5051 	orr.w	r0, r0, r1, lsr #21
10001b82:	ea20 5091 	bic.w	r0, r0, r1, lsr #22
10001b86:	f020 0007 	bic.w	r0, r0, #7
10001b8a:	ec53 2475 	dcp_ryms r2, r3, #0x7
10001b8e:	fba0 3c02 	umull	r3, ip, r0, r2
10001b92:	ec53 2475 	dcp_ryms r2, r3, #0x7
10001b96:	fb00 cc03 	mla	ip, r0, r3, ip
10001b9a:	fb01 cc02 	mla	ip, r1, r2, ip
10001b9e:	ec53 2404 	dcp_rxms r2, r3, #0x0
10001ba2:	ebac 4c82 	sub.w	ip, ip, r2, lsl #18
10001ba6:	ea40 705c 	orr.w	r0, r0, ip, lsr #29
10001baa:	f1a0 0001 	sub.w	r0, r0, #1
10001bae:	ec41 0440 	dcp_wxdd r0, r1
10001bb2:	ee80 0420 			dcp_nrdd
10001bb6:	ec51 0470 	dcp_rddd r0, r1
10001bba:	4770      	bx	lr
10001bbc:	b500      	push	{lr}
10001bbe:	f7ff ff43 	bl	10001a48 <generic_save_state>
10001bc2:	e002      	b.n	10001bca <__wrap___aeabi_i2d+0x6>

10001bc4 <__wrap___aeabi_i2d>:
10001bc4:	fe10 f430 	dcp_pcmp APSR_nzcv
10001bc8:	d4f8      	bmi.n	10001bbc <__wrap___aeabi_ddiv+0x94>
10001bca:	ec40 0470 	dcp_wxic r0, r0
10001bce:	ee00 0401 			dcp_add0
10001bd2:	ee10 0421 			dcp_sub1
10001bd6:	ee80 0420 			dcp_nrdd
10001bda:	ec51 0430 	dcp_rdds r0, r1
10001bde:	4770      	bx	lr
10001be0:	b500      	push	{lr}
10001be2:	f7ff ff31 	bl	10001a48 <generic_save_state>
10001be6:	e002      	b.n	10001bee <__wrap___aeabi_ui2d+0x6>

10001be8 <__wrap___aeabi_ui2d>:
10001be8:	fe10 f430 	dcp_pcmp APSR_nzcv
10001bec:	d4f8      	bmi.n	10001be0 <__wrap___aeabi_i2d+0x1c>
10001bee:	ec40 0460 	dcp_wxuc r0, r0
10001bf2:	ee00 0401 			dcp_add0
10001bf6:	ee10 0421 			dcp_sub1
10001bfa:	ee80 0420 			dcp_nrdd
10001bfe:	ec51 0430 	dcp_rdds r0, r1
10001c02:	4770      	bx	lr
10001c04:	b500      	push	{lr}
10001c06:	f7ff ff1f 	bl	10001a48 <generic_save_state>
10001c0a:	e002      	b.n	10001c12 <double2int_z_entry>

10001c0c <__wrap___aeabi_d2iz>:
10001c0c:	fe10 f430 	dcp_pcmp APSR_nzcv
10001c10:	d4f8      	bmi.n	10001c04 <__wrap___aeabi_ui2d+0x1c>

10001c12 <double2int_z_entry>:
10001c12:	ec41 0480 	dcp_wxdc r0, r1
10001c16:	ee00 0401 			dcp_add0
10001c1a:	ee10 0401 			dcp_add1
10001c1e:	ee80 0440 			dcp_ntdc
10001c22:	ee10 0413 			dcp_rdic r0
10001c26:	4770      	bx	lr
10001c28:	b500      	push	{lr}
10001c2a:	f7ff ff0d 	bl	10001a48 <generic_save_state>
10001c2e:	e002      	b.n	10001c36 <double2uint_z_entry>

10001c30 <__wrap___aeabi_d2uiz>:
10001c30:	fe10 f430 	dcp_pcmp APSR_nzcv
10001c34:	d4f8      	bmi.n	10001c28 <double2int_z_entry+0x16>

10001c36 <double2uint_z_entry>:
10001c36:	ec41 0480 	dcp_wxdc r0, r1
10001c3a:	ee00 0401 			dcp_add0
10001c3e:	ee10 0401 			dcp_add1
10001c42:	ee80 0440 			dcp_ntdc
10001c46:	ee10 0433 			dcp_rduc r0
10001c4a:	4770      	bx	lr
10001c4c:	b500      	push	{lr}
10001c4e:	f7ff fefb 	bl	10001a48 <generic_save_state>
10001c52:	e002      	b.n	10001c5a <__wrap___aeabi_dcmpun+0x6>

10001c54 <__wrap___aeabi_dcmpun>:
10001c54:	fe10 f430 	dcp_pcmp APSR_nzcv
10001c58:	d4f8      	bmi.n	10001c4c <double2uint_z_entry+0x16>
10001c5a:	ec41 0410 	dcp_wxup r0, r1
10001c5e:	ec43 2411 	dcp_wyup r2, r3
10001c62:	ee00 0401 			dcp_add0
10001c66:	ee10 0430 			dcp_rcmp r0
10001c6a:	f3c0 7000 	ubfx	r0, r0, #28, #1
10001c6e:	4770      	bx	lr
10001c70:	b500      	push	{lr}
10001c72:	f7ff fee9 	bl	10001a48 <generic_save_state>
10001c76:	e002      	b.n	10001c7e <__wrap___aeabi_dcmplt+0x6>

10001c78 <__wrap___aeabi_dcmplt>:
10001c78:	fe10 f430 	dcp_pcmp APSR_nzcv
10001c7c:	d4f8      	bmi.n	10001c70 <__wrap___aeabi_dcmpun+0x1c>
10001c7e:	ec43 2410 	dcp_wxup r2, r3
10001c82:	ec41 0411 	dcp_wyup r0, r1
10001c86:	ee00 0401 			dcp_add0
10001c8a:	ee10 f430 			dcp_rcmp APSR_nzcv
10001c8e:	bf8c      	ite	hi
10001c90:	2001      	movhi	r0, #1
10001c92:	2000      	movls	r0, #0
10001c94:	4770      	bx	lr
10001c96:	bf00      	nop
10001c98:	b500      	push	{lr}
10001c9a:	f7ff fed5 	bl	10001a48 <generic_save_state>
10001c9e:	e002      	b.n	10001ca6 <__wrap___aeabi_dcmple+0x6>

10001ca0 <__wrap___aeabi_dcmple>:
10001ca0:	fe10 f430 	dcp_pcmp APSR_nzcv
10001ca4:	d4f8      	bmi.n	10001c98 <__wrap___aeabi_dcmplt+0x20>
10001ca6:	ec43 2410 	dcp_wxup r2, r3
10001caa:	ec41 0411 	dcp_wyup r0, r1
10001cae:	ee00 0401 			dcp_add0
10001cb2:	ee10 f430 			dcp_rcmp APSR_nzcv
10001cb6:	bf2c      	ite	cs
10001cb8:	2001      	movcs	r0, #1
10001cba:	2000      	movcc	r0, #0
10001cbc:	4770      	bx	lr
10001cbe:	bf00      	nop
10001cc0:	b500      	push	{lr}
10001cc2:	f7ff fec1 	bl	10001a48 <generic_save_state>
10001cc6:	e002      	b.n	10001cce <__wrap___aeabi_dcmpge+0x6>

10001cc8 <__wrap___aeabi_dcmpge>:
10001cc8:	fe10 f430 	dcp_pcmp APSR_nzcv
10001ccc:	d4f8      	bmi.n	10001cc0 <__wrap___aeabi_dcmple+0x20>
10001cce:	ec41 0410 	dcp_wxup r0, r1
10001cd2:	ec43 2411 	dcp_wyup r2, r3
10001cd6:	ee00 0401 			dcp_add0
10001cda:	ee10 f430 			dcp_rcmp APSR_nzcv
10001cde:	bf2c      	ite	cs
10001ce0:	2001      	movcs	r0, #1
10001ce2:	2000      	movcc	r0, #0
10001ce4:	4770      	bx	lr
10001ce6:	bf00      	nop
10001ce8:	b500      	push	{lr}
10001cea:	f7ff fead 	bl	10001a48 <generic_save_state>
10001cee:	e002      	b.n	10001cf6 <__wrap___aeabi_dcmpgt+0x6>

10001cf0 <__wrap___aeabi_dcmpgt>:
10001cf0:	fe10 f430 	dcp_pcmp APSR_nzcv
10001cf4:	d4f8      	bmi.n	10001ce8 <__wrap___aeabi_dcmpge+0x20>
10001cf6:	ec41 0410 	dcp_wxup r0, r1
10001cfa:	ec43 2411 	dcp_wyup r2, r3
10001cfe:	ee00 0401 			dcp_add0
10001d02:	ee10 f430 			dcp_rcmp APSR_nzcv
10001d06:	bf8c      	ite	hi
10001d08:	2001      	movhi	r0, #1
10001d0a:	2000      	movls	r0, #0
10001d0c:	4770      	bx	lr
10001d0e:	bf00      	nop

10001d10 <__wrap_malloc>:
10001d10:	b510      	push	{r4, lr}
10001d12:	4604      	mov	r4, r0
10001d14:	f006 f8c8 	bl	10007ea8 <malloc>
10001d18:	b128      	cbz	r0, 10001d26 <__wrap_malloc+0x16>
10001d1a:	4603      	mov	r3, r0
10001d1c:	4a03      	ldr	r2, [pc, #12]	@ (10001d2c <__wrap_malloc+0x1c>)
10001d1e:	4423      	add	r3, r4
10001d20:	4293      	cmp	r3, r2
10001d22:	d800      	bhi.n	10001d26 <__wrap_malloc+0x16>
10001d24:	bd10      	pop	{r4, pc}
10001d26:	4802      	ldr	r0, [pc, #8]	@ (10001d30 <__wrap_malloc+0x20>)
10001d28:	f7fe fcf2 	bl	10000710 <panic>
10001d2c:	20080000 	.word	0x20080000
10001d30:	10009090 	.word	0x10009090

10001d34 <__wrap_free>:
10001d34:	f006 b8c0 	b.w	10007eb8 <free>

10001d38 <_out_null>:
10001d38:	4770      	bx	lr
10001d3a:	bf00      	nop

10001d3c <_out_rev>:
10001d3c:	e92d 4ff0 	stmdb	sp!, {r4, r5, r6, r7, r8, r9, sl, fp, lr}
10001d40:	b083      	sub	sp, #12
10001d42:	4699      	mov	r9, r3
10001d44:	e9dd ab0d 	ldrd	sl, fp, [sp, #52]	@ 0x34
10001d48:	9b0f      	ldr	r3, [sp, #60]	@ 0x3c
10001d4a:	4688      	mov	r8, r1
10001d4c:	4611      	mov	r1, r2
10001d4e:	079a      	lsls	r2, r3, #30
10001d50:	4607      	mov	r7, r0
10001d52:	d116      	bne.n	10001d82 <_out_rev+0x46>
10001d54:	45da      	cmp	sl, fp
10001d56:	d23a      	bcs.n	10001dce <_out_rev+0x92>
10001d58:	460c      	mov	r4, r1
10001d5a:	460d      	mov	r5, r1
10001d5c:	ebab 060a 	sub.w	r6, fp, sl
10001d60:	440e      	add	r6, r1
10001d62:	4622      	mov	r2, r4
10001d64:	464b      	mov	r3, r9
10001d66:	4641      	mov	r1, r8
10001d68:	2020      	movs	r0, #32
10001d6a:	3401      	adds	r4, #1
10001d6c:	47b8      	blx	r7
10001d6e:	42b4      	cmp	r4, r6
10001d70:	d1f7      	bne.n	10001d62 <_out_rev+0x26>
10001d72:	4629      	mov	r1, r5
10001d74:	f1ba 0f00 	cmp.w	sl, #0
10001d78:	d108      	bne.n	10001d8c <_out_rev+0x50>
10001d7a:	4620      	mov	r0, r4
10001d7c:	b003      	add	sp, #12
10001d7e:	e8bd 8ff0 	ldmia.w	sp!, {r4, r5, r6, r7, r8, r9, sl, fp, pc}
10001d82:	460c      	mov	r4, r1
10001d84:	f1ba 0f00 	cmp.w	sl, #0
10001d88:	d010      	beq.n	10001dac <_out_rev+0x70>
10001d8a:	460e      	mov	r6, r1
10001d8c:	4655      	mov	r5, sl
10001d8e:	9b0c      	ldr	r3, [sp, #48]	@ 0x30
10001d90:	442e      	add	r6, r5
10001d92:	449a      	add	sl, r3
10001d94:	9101      	str	r1, [sp, #4]
10001d96:	1b72      	subs	r2, r6, r5
10001d98:	464b      	mov	r3, r9
10001d9a:	3d01      	subs	r5, #1
10001d9c:	4641      	mov	r1, r8
10001d9e:	f81a 0d01 	ldrb.w	r0, [sl, #-1]!
10001da2:	4634      	mov	r4, r6
10001da4:	47b8      	blx	r7
10001da6:	2d00      	cmp	r5, #0
10001da8:	d1f5      	bne.n	10001d96 <_out_rev+0x5a>
10001daa:	9901      	ldr	r1, [sp, #4]
10001dac:	9b0f      	ldr	r3, [sp, #60]	@ 0x3c
10001dae:	079b      	lsls	r3, r3, #30
10001db0:	d5e3      	bpl.n	10001d7a <_out_rev+0x3e>
10001db2:	1a65      	subs	r5, r4, r1
10001db4:	45ab      	cmp	fp, r5
10001db6:	d9e0      	bls.n	10001d7a <_out_rev+0x3e>
10001db8:	4622      	mov	r2, r4
10001dba:	464b      	mov	r3, r9
10001dbc:	4641      	mov	r1, r8
10001dbe:	2020      	movs	r0, #32
10001dc0:	3501      	adds	r5, #1
10001dc2:	47b8      	blx	r7
10001dc4:	455d      	cmp	r5, fp
10001dc6:	f104 0401 	add.w	r4, r4, #1
10001dca:	d3f5      	bcc.n	10001db8 <_out_rev+0x7c>
10001dcc:	e7d5      	b.n	10001d7a <_out_rev+0x3e>
10001dce:	460c      	mov	r4, r1
10001dd0:	f1ba 0f00 	cmp.w	sl, #0
10001dd4:	d1d9      	bne.n	10001d8a <_out_rev+0x4e>
10001dd6:	e7d0      	b.n	10001d7a <_out_rev+0x3e>

10001dd8 <_ntoa_format>:
10001dd8:	e92d 4ff0 	stmdb	sp!, {r4, r5, r6, r7, r8, r9, sl, fp, lr}
10001ddc:	9f0f      	ldr	r7, [sp, #60]	@ 0x3c
10001dde:	f8dd 8024 	ldr.w	r8, [sp, #36]	@ 0x24
10001de2:	f017 0f02 	tst.w	r7, #2
10001de6:	9c0a      	ldr	r4, [sp, #40]	@ 0x28
10001de8:	f89d a02c 	ldrb.w	sl, [sp, #44]	@ 0x2c
10001dec:	9d0e      	ldr	r5, [sp, #56]	@ 0x38
10001dee:	e9dd 960c 	ldrd	r9, r6, [sp, #48]	@ 0x30
10001df2:	d144      	bne.n	10001e7e <_ntoa_format+0xa6>
10001df4:	bbf5      	cbnz	r5, 10001e74 <_ntoa_format+0x9c>
10001df6:	42b4      	cmp	r4, r6
10001df8:	d241      	bcs.n	10001e7e <_ntoa_format+0xa6>
10001dfa:	f007 0b01 	and.w	fp, r7, #1
10001dfe:	f104 3cff 	add.w	ip, r4, #4294967295
10001e02:	f04f 0e30 	mov.w	lr, #48	@ 0x30
10001e06:	44c4      	add	ip, r8
10001e08:	e004      	b.n	10001e14 <_ntoa_format+0x3c>
10001e0a:	3401      	adds	r4, #1
10001e0c:	42a6      	cmp	r6, r4
10001e0e:	f80c ef01 	strb.w	lr, [ip, #1]!
10001e12:	d901      	bls.n	10001e18 <_ntoa_format+0x40>
10001e14:	2c20      	cmp	r4, #32
10001e16:	d1f8      	bne.n	10001e0a <_ntoa_format+0x32>
10001e18:	f1bb 0f00 	cmp.w	fp, #0
10001e1c:	f000 8088 	beq.w	10001f30 <_ntoa_format+0x158>
10001e20:	42a5      	cmp	r5, r4
10001e22:	d92c      	bls.n	10001e7e <_ntoa_format+0xa6>
10001e24:	f104 3cff 	add.w	ip, r4, #4294967295
10001e28:	f04f 0e30 	mov.w	lr, #48	@ 0x30
10001e2c:	44c4      	add	ip, r8
10001e2e:	e004      	b.n	10001e3a <_ntoa_format+0x62>
10001e30:	3401      	adds	r4, #1
10001e32:	42ac      	cmp	r4, r5
10001e34:	f80c ef01 	strb.w	lr, [ip, #1]!
10001e38:	d021      	beq.n	10001e7e <_ntoa_format+0xa6>
10001e3a:	2c20      	cmp	r4, #32
10001e3c:	d1f8      	bne.n	10001e30 <_ntoa_format+0x58>
10001e3e:	f017 0f10 	tst.w	r7, #16
10001e42:	d00e      	beq.n	10001e62 <_ntoa_format+0x8a>
10001e44:	f417 6f80 	tst.w	r7, #1024	@ 0x400
10001e48:	d154      	bne.n	10001ef4 <_ntoa_format+0x11c>
10001e4a:	42a6      	cmp	r6, r4
10001e4c:	d063      	beq.n	10001f16 <_ntoa_format+0x13e>
10001e4e:	42a5      	cmp	r5, r4
10001e50:	d061      	beq.n	10001f16 <_ntoa_format+0x13e>
10001e52:	f1b9 0f10 	cmp.w	r9, #16
10001e56:	d050      	beq.n	10001efa <_ntoa_format+0x122>
10001e58:	f1b9 0f02 	cmp.w	r9, #2
10001e5c:	d056      	beq.n	10001f0c <_ntoa_format+0x134>
10001e5e:	2c20      	cmp	r4, #32
10001e60:	d129      	bne.n	10001eb6 <_ntoa_format+0xde>
10001e62:	2420      	movs	r4, #32
10001e64:	e9cd 570b 	strd	r5, r7, [sp, #44]	@ 0x2c
10001e68:	e9cd 8409 	strd	r8, r4, [sp, #36]	@ 0x24
10001e6c:	e8bd 4ff0 	ldmia.w	sp!, {r4, r5, r6, r7, r8, r9, sl, fp, lr}
10001e70:	f7ff bf64 	b.w	10001d3c <_out_rev>
10001e74:	f017 0b01 	ands.w	fp, r7, #1
10001e78:	d134      	bne.n	10001ee4 <_ntoa_format+0x10c>
10001e7a:	42b4      	cmp	r4, r6
10001e7c:	d3bf      	bcc.n	10001dfe <_ntoa_format+0x26>
10001e7e:	f017 0f10 	tst.w	r7, #16
10001e82:	d01e      	beq.n	10001ec2 <_ntoa_format+0xea>
10001e84:	f417 6f80 	tst.w	r7, #1024	@ 0x400
10001e88:	d1e3      	bne.n	10001e52 <_ntoa_format+0x7a>
10001e8a:	2c00      	cmp	r4, #0
10001e8c:	d1dd      	bne.n	10001e4a <_ntoa_format+0x72>
10001e8e:	f1b9 0f10 	cmp.w	r9, #16
10001e92:	d063      	beq.n	10001f5c <_ntoa_format+0x184>
10001e94:	f1b9 0f02 	cmp.w	r9, #2
10001e98:	d077      	beq.n	10001f8a <_ntoa_format+0x1b2>
10001e9a:	2430      	movs	r4, #48	@ 0x30
10001e9c:	f888 4000 	strb.w	r4, [r8]
10001ea0:	2401      	movs	r4, #1
10001ea2:	f1ba 0f00 	cmp.w	sl, #0
10001ea6:	d111      	bne.n	10001ecc <_ntoa_format+0xf4>
10001ea8:	077e      	lsls	r6, r7, #29
10001eaa:	d548      	bpl.n	10001f3e <_ntoa_format+0x166>
10001eac:	262b      	movs	r6, #43	@ 0x2b
10001eae:	f808 6004 	strb.w	r6, [r8, r4]
10001eb2:	3401      	adds	r4, #1
10001eb4:	e7d6      	b.n	10001e64 <_ntoa_format+0x8c>
10001eb6:	4626      	mov	r6, r4
10001eb8:	3401      	adds	r4, #1
10001eba:	f04f 0c30 	mov.w	ip, #48	@ 0x30
10001ebe:	f808 c006 	strb.w	ip, [r8, r6]
10001ec2:	2c20      	cmp	r4, #32
10001ec4:	d0cd      	beq.n	10001e62 <_ntoa_format+0x8a>
10001ec6:	f1ba 0f00 	cmp.w	sl, #0
10001eca:	d0ed      	beq.n	10001ea8 <_ntoa_format+0xd0>
10001ecc:	262d      	movs	r6, #45	@ 0x2d
10001ece:	f808 6004 	strb.w	r6, [r8, r4]
10001ed2:	3401      	adds	r4, #1
10001ed4:	e9cd 570b 	strd	r5, r7, [sp, #44]	@ 0x2c
10001ed8:	e9cd 8409 	strd	r8, r4, [sp, #36]	@ 0x24
10001edc:	e8bd 4ff0 	ldmia.w	sp!, {r4, r5, r6, r7, r8, r9, sl, fp, lr}
10001ee0:	f7ff bf2c 	b.w	10001d3c <_out_rev>
10001ee4:	f1ba 0f00 	cmp.w	sl, #0
10001ee8:	d030      	beq.n	10001f4c <_ntoa_format+0x174>
10001eea:	42b4      	cmp	r4, r6
10001eec:	f105 35ff 	add.w	r5, r5, #4294967295
10001ef0:	d385      	bcc.n	10001dfe <_ntoa_format+0x26>
10001ef2:	e795      	b.n	10001e20 <_ntoa_format+0x48>
10001ef4:	f1b9 0f10 	cmp.w	r9, #16
10001ef8:	d1b3      	bne.n	10001e62 <_ntoa_format+0x8a>
10001efa:	06be      	lsls	r6, r7, #26
10001efc:	d53b      	bpl.n	10001f76 <_ntoa_format+0x19e>
10001efe:	2c20      	cmp	r4, #32
10001f00:	d0af      	beq.n	10001e62 <_ntoa_format+0x8a>
10001f02:	2658      	movs	r6, #88	@ 0x58
10001f04:	f808 6004 	strb.w	r6, [r8, r4]
10001f08:	3401      	adds	r4, #1
10001f0a:	e7a8      	b.n	10001e5e <_ntoa_format+0x86>
10001f0c:	2c20      	cmp	r4, #32
10001f0e:	d0a8      	beq.n	10001e62 <_ntoa_format+0x8a>
10001f10:	4626      	mov	r6, r4
10001f12:	3401      	adds	r4, #1
10001f14:	e007      	b.n	10001f26 <_ntoa_format+0x14e>
10001f16:	1e66      	subs	r6, r4, #1
10001f18:	d0b9      	beq.n	10001e8e <_ntoa_format+0xb6>
10001f1a:	f1b9 0f10 	cmp.w	r9, #16
10001f1e:	d036      	beq.n	10001f8e <_ntoa_format+0x1b6>
10001f20:	f1b9 0f02 	cmp.w	r9, #2
10001f24:	d1c9      	bne.n	10001eba <_ntoa_format+0xe2>
10001f26:	f04f 0c62 	mov.w	ip, #98	@ 0x62
10001f2a:	f808 c006 	strb.w	ip, [r8, r6]
10001f2e:	e796      	b.n	10001e5e <_ntoa_format+0x86>
10001f30:	f017 0f10 	tst.w	r7, #16
10001f34:	d0c5      	beq.n	10001ec2 <_ntoa_format+0xea>
10001f36:	f417 6f80 	tst.w	r7, #1024	@ 0x400
10001f3a:	d086      	beq.n	10001e4a <_ntoa_format+0x72>
10001f3c:	e789      	b.n	10001e52 <_ntoa_format+0x7a>
10001f3e:	073e      	lsls	r6, r7, #28
10001f40:	d590      	bpl.n	10001e64 <_ntoa_format+0x8c>
10001f42:	2620      	movs	r6, #32
10001f44:	f808 6004 	strb.w	r6, [r8, r4]
10001f48:	3401      	adds	r4, #1
10001f4a:	e78b      	b.n	10001e64 <_ntoa_format+0x8c>
10001f4c:	f017 0f0c 	tst.w	r7, #12
10001f50:	d000      	beq.n	10001f54 <_ntoa_format+0x17c>
10001f52:	3d01      	subs	r5, #1
10001f54:	42b4      	cmp	r4, r6
10001f56:	f4ff af52 	bcc.w	10001dfe <_ntoa_format+0x26>
10001f5a:	e761      	b.n	10001e20 <_ntoa_format+0x48>
10001f5c:	06bc      	lsls	r4, r7, #26
10001f5e:	d412      	bmi.n	10001f86 <_ntoa_format+0x1ae>
10001f60:	2478      	movs	r4, #120	@ 0x78
10001f62:	f888 4000 	strb.w	r4, [r8]
10001f66:	2430      	movs	r4, #48	@ 0x30
10001f68:	f888 4001 	strb.w	r4, [r8, #1]
10001f6c:	2402      	movs	r4, #2
10001f6e:	f1ba 0f00 	cmp.w	sl, #0
10001f72:	d099      	beq.n	10001ea8 <_ntoa_format+0xd0>
10001f74:	e7aa      	b.n	10001ecc <_ntoa_format+0xf4>
10001f76:	2c20      	cmp	r4, #32
10001f78:	f43f af73 	beq.w	10001e62 <_ntoa_format+0x8a>
10001f7c:	2678      	movs	r6, #120	@ 0x78
10001f7e:	f808 6004 	strb.w	r6, [r8, r4]
10001f82:	3401      	adds	r4, #1
10001f84:	e76b      	b.n	10001e5e <_ntoa_format+0x86>
10001f86:	2458      	movs	r4, #88	@ 0x58
10001f88:	e7eb      	b.n	10001f62 <_ntoa_format+0x18a>
10001f8a:	2462      	movs	r4, #98	@ 0x62
10001f8c:	e7e9      	b.n	10001f62 <_ntoa_format+0x18a>
10001f8e:	f017 0f20 	tst.w	r7, #32
10001f92:	f1a4 0c02 	sub.w	ip, r4, #2
10001f96:	d004      	beq.n	10001fa2 <_ntoa_format+0x1ca>
10001f98:	f04f 0e58 	mov.w	lr, #88	@ 0x58
10001f9c:	f808 e00c 	strb.w	lr, [r8, ip]
10001fa0:	e78b      	b.n	10001eba <_ntoa_format+0xe2>
10001fa2:	f04f 0e78 	mov.w	lr, #120	@ 0x78
10001fa6:	f808 e00c 	strb.w	lr, [r8, ip]
10001faa:	e786      	b.n	10001eba <_ntoa_format+0xe2>

10001fac <_out_char>:
10001fac:	b900      	cbnz	r0, 10001fb0 <_out_char+0x4>
10001fae:	4770      	bx	lr
10001fb0:	f001 bb84 	b.w	100036bc <__wrap_putchar>

10001fb4 <_out_fct>:
10001fb4:	b110      	cbz	r0, 10001fbc <_out_fct+0x8>
10001fb6:	e9d1 3100 	ldrd	r3, r1, [r1]
10001fba:	4718      	bx	r3
10001fbc:	4770      	bx	lr
10001fbe:	bf00      	nop

10001fc0 <_ftoa>:
10001fc0:	e92d 4ff0 	stmdb	sp!, {r4, r5, r6, r7, r8, r9, sl, fp, lr}
10001fc4:	b097      	sub	sp, #92	@ 0x5c
10001fc6:	ed9d 7b20 	vldr	d7, [sp, #128]	@ 0x80
10001fca:	e9dd 5b22 	ldrd	r5, fp, [sp, #136]	@ 0x88
10001fce:	4607      	mov	r7, r0
10001fd0:	4688      	mov	r8, r1
10001fd2:	ec51 0b17 	vmov	r0, r1, d7
10001fd6:	9c24      	ldr	r4, [sp, #144]	@ 0x90
10001fd8:	4699      	mov	r9, r3
10001fda:	920c      	str	r2, [sp, #48]	@ 0x30
10001fdc:	460b      	mov	r3, r1
10001fde:	4602      	mov	r2, r0
10001fe0:	ed8d 7b04 	vstr	d7, [sp, #16]
10001fe4:	9407      	str	r4, [sp, #28]
10001fe6:	f7ff fe35 	bl	10001c54 <__wrap___aeabi_dcmpun>
10001fea:	2800      	cmp	r0, #0
10001fec:	f040 81f4 	bne.w	100023d8 <_ftoa+0x418>
10001ff0:	e9dd 0104 	ldrd	r0, r1, [sp, #16]
10001ff4:	f04f 32ff 	mov.w	r2, #4294967295
10001ff8:	f46f 1380 	mvn.w	r3, #1048576	@ 0x100000
10001ffc:	f7ff fe3c 	bl	10001c78 <__wrap___aeabi_dcmplt>
10002000:	2800      	cmp	r0, #0
10002002:	f040 811b 	bne.w	1000223c <_ftoa+0x27c>
10002006:	e9dd 0104 	ldrd	r0, r1, [sp, #16]
1000200a:	f04f 32ff 	mov.w	r2, #4294967295
1000200e:	4bac      	ldr	r3, [pc, #688]	@ (100022c0 <_ftoa+0x300>)
10002010:	f7ff fe6e 	bl	10001cf0 <__wrap___aeabi_dcmpgt>
10002014:	2800      	cmp	r0, #0
10002016:	f040 80ee 	bne.w	100021f6 <_ftoa+0x236>
1000201a:	e9dd 0104 	ldrd	r0, r1, [sp, #16]
1000201e:	a3a4      	add	r3, pc, #656	@ (adr r3, 100022b0 <_ftoa+0x2f0>)
10002020:	e9d3 2300 	ldrd	r2, r3, [r3]
10002024:	f7ff fe64 	bl	10001cf0 <__wrap___aeabi_dcmpgt>
10002028:	2800      	cmp	r0, #0
1000202a:	f040 80d3 	bne.w	100021d4 <_ftoa+0x214>
1000202e:	e9dd 0104 	ldrd	r0, r1, [sp, #16]
10002032:	a3a1      	add	r3, pc, #644	@ (adr r3, 100022b8 <_ftoa+0x2f8>)
10002034:	e9d3 2300 	ldrd	r2, r3, [r3]
10002038:	f7ff fe1e 	bl	10001c78 <__wrap___aeabi_dcmplt>
1000203c:	2800      	cmp	r0, #0
1000203e:	f040 80c9 	bne.w	100021d4 <_ftoa+0x214>
10002042:	e9dd 0104 	ldrd	r0, r1, [sp, #16]
10002046:	2200      	movs	r2, #0
10002048:	2300      	movs	r3, #0
1000204a:	f7ff fe15 	bl	10001c78 <__wrap___aeabi_dcmplt>
1000204e:	2800      	cmp	r0, #0
10002050:	f040 80e8 	bne.w	10002224 <_ftoa+0x264>
10002054:	4623      	mov	r3, r4
10002056:	900d      	str	r0, [sp, #52]	@ 0x34
10002058:	f413 6f80 	tst.w	r3, #1024	@ 0x400
1000205c:	bf08      	it	eq
1000205e:	2506      	moveq	r5, #6
10002060:	2130      	movs	r1, #48	@ 0x30
10002062:	462b      	mov	r3, r5
10002064:	aa0e      	add	r2, sp, #56	@ 0x38
10002066:	f1a5 0620 	sub.w	r6, r5, #32
1000206a:	e005      	b.n	10002078 <_ftoa+0xb8>
1000206c:	3b01      	subs	r3, #1
1000206e:	42b3      	cmp	r3, r6
10002070:	f802 1b01 	strb.w	r1, [r2], #1
10002074:	f000 8193 	beq.w	1000239e <_ftoa+0x3de>
10002078:	2b09      	cmp	r3, #9
1000207a:	d8f7      	bhi.n	1000206c <_ftoa+0xac>
1000207c:	461e      	mov	r6, r3
1000207e:	1aed      	subs	r5, r5, r3
10002080:	e9dd 0104 	ldrd	r0, r1, [sp, #16]
10002084:	f7ff fdc2 	bl	10001c0c <__wrap___aeabi_d2iz>
10002088:	4b8e      	ldr	r3, [pc, #568]	@ (100022c4 <_ftoa+0x304>)
1000208a:	4604      	mov	r4, r0
1000208c:	eb03 03c6 	add.w	r3, r3, r6, lsl #3
10002090:	ed93 7b00 	vldr	d7, [r3]
10002094:	ed8d 7b08 	vstr	d7, [sp, #32]
10002098:	f7ff fd94 	bl	10001bc4 <__wrap___aeabi_i2d>
1000209c:	4602      	mov	r2, r0
1000209e:	460b      	mov	r3, r1
100020a0:	e9dd 0104 	ldrd	r0, r1, [sp, #16]
100020a4:	f7ff fd06 	bl	10001ab4 <__wrap___aeabi_dsub>
100020a8:	e9dd 2308 	ldrd	r2, r3, [sp, #32]
100020ac:	f7ff fd16 	bl	10001adc <__wrap___aeabi_dmul>
100020b0:	4602      	mov	r2, r0
100020b2:	460b      	mov	r3, r1
100020b4:	e9cd 230a 	strd	r2, r3, [sp, #40]	@ 0x28
100020b8:	f7ff fdba 	bl	10001c30 <__wrap___aeabi_d2uiz>
100020bc:	4682      	mov	sl, r0
100020be:	f7ff fd93 	bl	10001be8 <__wrap___aeabi_ui2d>
100020c2:	4602      	mov	r2, r0
100020c4:	460b      	mov	r3, r1
100020c6:	e9dd 010a 	ldrd	r0, r1, [sp, #40]	@ 0x28
100020ca:	f7ff fcf3 	bl	10001ab4 <__wrap___aeabi_dsub>
100020ce:	4602      	mov	r2, r0
100020d0:	460b      	mov	r3, r1
100020d2:	e9cd 230a 	strd	r2, r3, [sp, #40]	@ 0x28
100020d6:	2200      	movs	r2, #0
100020d8:	4b7b      	ldr	r3, [pc, #492]	@ (100022c8 <_ftoa+0x308>)
100020da:	f7ff fe09 	bl	10001cf0 <__wrap___aeabi_dcmpgt>
100020de:	2800      	cmp	r0, #0
100020e0:	f000 80fe 	beq.w	100022e0 <_ftoa+0x320>
100020e4:	f10a 0a01 	add.w	sl, sl, #1
100020e8:	4650      	mov	r0, sl
100020ea:	f7ff fd7d 	bl	10001be8 <__wrap___aeabi_ui2d>
100020ee:	4602      	mov	r2, r0
100020f0:	460b      	mov	r3, r1
100020f2:	e9dd 0108 	ldrd	r0, r1, [sp, #32]
100020f6:	f7ff fdd3 	bl	10001ca0 <__wrap___aeabi_dcmple>
100020fa:	b110      	cbz	r0, 10002102 <_ftoa+0x142>
100020fc:	f04f 0a00 	mov.w	sl, #0
10002100:	3401      	adds	r4, #1
10002102:	2e00      	cmp	r6, #0
10002104:	f000 80fd 	beq.w	10002302 <_ftoa+0x342>
10002108:	1e68      	subs	r0, r5, #1
1000210a:	ab0e      	add	r3, sp, #56	@ 0x38
1000210c:	f8df c1cc 	ldr.w	ip, [pc, #460]	@ 100022dc <_ftoa+0x31c>
10002110:	4418      	add	r0, r3
10002112:	e00f      	b.n	10002134 <_ftoa+0x174>
10002114:	fbac 210a 	umull	r2, r1, ip, sl
10002118:	08c9      	lsrs	r1, r1, #3
1000211a:	eb01 0281 	add.w	r2, r1, r1, lsl #2
1000211e:	ebaa 0242 	sub.w	r2, sl, r2, lsl #1
10002122:	3230      	adds	r2, #48	@ 0x30
10002124:	f1ba 0f09 	cmp.w	sl, #9
10002128:	f800 2f01 	strb.w	r2, [r0, #1]!
1000212c:	f240 811c 	bls.w	10002368 <_ftoa+0x3a8>
10002130:	468a      	mov	sl, r1
10002132:	461d      	mov	r5, r3
10002134:	2d20      	cmp	r5, #32
10002136:	f105 0301 	add.w	r3, r5, #1
1000213a:	f106 36ff 	add.w	r6, r6, #4294967295
1000213e:	d1e9      	bne.n	10002114 <_ftoa+0x154>
10002140:	2520      	movs	r5, #32
10002142:	1e69      	subs	r1, r5, #1
10002144:	ab0e      	add	r3, sp, #56	@ 0x38
10002146:	4861      	ldr	r0, [pc, #388]	@ (100022cc <_ftoa+0x30c>)
10002148:	4419      	add	r1, r3
1000214a:	e010      	b.n	1000216e <_ftoa+0x1ae>
1000214c:	fb80 6204 	smull	r6, r2, r0, r4
10002150:	ebc3 03a2 	rsb	r3, r3, r2, asr #2
10002154:	eb03 0283 	add.w	r2, r3, r3, lsl #2
10002158:	eba4 0442 	sub.w	r4, r4, r2, lsl #1
1000215c:	f104 0230 	add.w	r2, r4, #48	@ 0x30
10002160:	3501      	adds	r5, #1
10002162:	461c      	mov	r4, r3
10002164:	f801 2f01 	strb.w	r2, [r1, #1]!
10002168:	2b00      	cmp	r3, #0
1000216a:	f000 80eb 	beq.w	10002344 <_ftoa+0x384>
1000216e:	2d20      	cmp	r5, #32
10002170:	ea4f 73e4 	mov.w	r3, r4, asr #31
10002174:	d1ea      	bne.n	1000214c <_ftoa+0x18c>
10002176:	9b07      	ldr	r3, [sp, #28]
10002178:	f003 0303 	and.w	r3, r3, #3
1000217c:	2b01      	cmp	r3, #1
1000217e:	d118      	bne.n	100021b2 <_ftoa+0x1f2>
10002180:	f1bb 0f00 	cmp.w	fp, #0
10002184:	d015      	beq.n	100021b2 <_ftoa+0x1f2>
10002186:	9b0d      	ldr	r3, [sp, #52]	@ 0x34
10002188:	2b00      	cmp	r3, #0
1000218a:	f000 810a 	beq.w	100023a2 <_ftoa+0x3e2>
1000218e:	f10b 3bff 	add.w	fp, fp, #4294967295
10002192:	f1bb 0f20 	cmp.w	fp, #32
10002196:	d90c      	bls.n	100021b2 <_ftoa+0x1f2>
10002198:	1e6b      	subs	r3, r5, #1
1000219a:	a90e      	add	r1, sp, #56	@ 0x38
1000219c:	2230      	movs	r2, #48	@ 0x30
1000219e:	440b      	add	r3, r1
100021a0:	e005      	b.n	100021ae <_ftoa+0x1ee>
100021a2:	3501      	adds	r5, #1
100021a4:	455d      	cmp	r5, fp
100021a6:	f803 2f01 	strb.w	r2, [r3, #1]!
100021aa:	f080 80d1 	bcs.w	10002350 <_ftoa+0x390>
100021ae:	2d20      	cmp	r5, #32
100021b0:	d1f7      	bne.n	100021a2 <_ftoa+0x1e2>
100021b2:	9b07      	ldr	r3, [sp, #28]
100021b4:	ac0e      	add	r4, sp, #56	@ 0x38
100021b6:	e9cd b302 	strd	fp, r3, [sp, #8]
100021ba:	4641      	mov	r1, r8
100021bc:	464b      	mov	r3, r9
100021be:	4638      	mov	r0, r7
100021c0:	9a0c      	ldr	r2, [sp, #48]	@ 0x30
100021c2:	9501      	str	r5, [sp, #4]
100021c4:	9400      	str	r4, [sp, #0]
100021c6:	f7ff fdb9 	bl	10001d3c <_out_rev>
100021ca:	4682      	mov	sl, r0
100021cc:	4650      	mov	r0, sl
100021ce:	b017      	add	sp, #92	@ 0x5c
100021d0:	e8bd 8ff0 	ldmia.w	sp!, {r4, r5, r6, r7, r8, r9, sl, fp, pc}
100021d4:	9b07      	ldr	r3, [sp, #28]
100021d6:	ed9d 7b04 	vldr	d7, [sp, #16]
100021da:	e9cd b323 	strd	fp, r3, [sp, #140]	@ 0x8c
100021de:	4641      	mov	r1, r8
100021e0:	464b      	mov	r3, r9
100021e2:	4638      	mov	r0, r7
100021e4:	9a0c      	ldr	r2, [sp, #48]	@ 0x30
100021e6:	ed8d 7b20 	vstr	d7, [sp, #128]	@ 0x80
100021ea:	9522      	str	r5, [sp, #136]	@ 0x88
100021ec:	b017      	add	sp, #92	@ 0x5c
100021ee:	e8bd 4ff0 	ldmia.w	sp!, {r4, r5, r6, r7, r8, r9, sl, fp, lr}
100021f2:	f000 b945 	b.w	10002480 <_etoa>
100021f6:	0761      	lsls	r1, r4, #29
100021f8:	4623      	mov	r3, r4
100021fa:	bf4c      	ite	mi
100021fc:	2304      	movmi	r3, #4
100021fe:	2303      	movpl	r3, #3
10002200:	4641      	mov	r1, r8
10002202:	9321      	str	r3, [sp, #132]	@ 0x84
10002204:	4638      	mov	r0, r7
10002206:	464b      	mov	r3, r9
10002208:	9a07      	ldr	r2, [sp, #28]
1000220a:	bf48      	it	mi
1000220c:	4c30      	ldrmi	r4, [pc, #192]	@ (100022d0 <_ftoa+0x310>)
1000220e:	e9cd b222 	strd	fp, r2, [sp, #136]	@ 0x88
10002212:	bf58      	it	pl
10002214:	4c2f      	ldrpl	r4, [pc, #188]	@ (100022d4 <_ftoa+0x314>)
10002216:	9a0c      	ldr	r2, [sp, #48]	@ 0x30
10002218:	9420      	str	r4, [sp, #128]	@ 0x80
1000221a:	b017      	add	sp, #92	@ 0x5c
1000221c:	e8bd 4ff0 	ldmia.w	sp!, {r4, r5, r6, r7, r8, r9, sl, fp, lr}
10002220:	f7ff bd8c 	b.w	10001d3c <_out_rev>
10002224:	e9dd 2304 	ldrd	r2, r3, [sp, #16]
10002228:	2000      	movs	r0, #0
1000222a:	2100      	movs	r1, #0
1000222c:	f7ff fc42 	bl	10001ab4 <__wrap___aeabi_dsub>
10002230:	2301      	movs	r3, #1
10002232:	e9cd 0104 	strd	r0, r1, [sp, #16]
10002236:	930d      	str	r3, [sp, #52]	@ 0x34
10002238:	4623      	mov	r3, r4
1000223a:	e70d      	b.n	10002058 <_ftoa+0x98>
1000223c:	4623      	mov	r3, r4
1000223e:	079c      	lsls	r4, r3, #30
10002240:	f040 80aa 	bne.w	10002398 <_ftoa+0x3d8>
10002244:	f1bb 0f04 	cmp.w	fp, #4
10002248:	f240 80a6 	bls.w	10002398 <_ftoa+0x3d8>
1000224c:	9b0c      	ldr	r3, [sp, #48]	@ 0x30
1000224e:	461d      	mov	r5, r3
10002250:	1f1c      	subs	r4, r3, #4
10002252:	eb04 0a0b 	add.w	sl, r4, fp
10002256:	462a      	mov	r2, r5
10002258:	464b      	mov	r3, r9
1000225a:	4641      	mov	r1, r8
1000225c:	2020      	movs	r0, #32
1000225e:	3501      	adds	r5, #1
10002260:	47b8      	blx	r7
10002262:	45aa      	cmp	sl, r5
10002264:	d1f7      	bne.n	10002256 <_ftoa+0x296>
10002266:	4655      	mov	r5, sl
10002268:	4c1b      	ldr	r4, [pc, #108]	@ (100022d8 <_ftoa+0x318>)
1000226a:	1f26      	subs	r6, r4, #4
1000226c:	f814 0d01 	ldrb.w	r0, [r4, #-1]!
10002270:	462a      	mov	r2, r5
10002272:	464b      	mov	r3, r9
10002274:	4641      	mov	r1, r8
10002276:	47b8      	blx	r7
10002278:	42b4      	cmp	r4, r6
1000227a:	f105 0501 	add.w	r5, r5, #1
1000227e:	d1f5      	bne.n	1000226c <_ftoa+0x2ac>
10002280:	9b07      	ldr	r3, [sp, #28]
10002282:	f10a 0a04 	add.w	sl, sl, #4
10002286:	0798      	lsls	r0, r3, #30
10002288:	d5a0      	bpl.n	100021cc <_ftoa+0x20c>
1000228a:	9c0c      	ldr	r4, [sp, #48]	@ 0x30
1000228c:	ebaa 0304 	sub.w	r3, sl, r4
10002290:	459b      	cmp	fp, r3
10002292:	d99b      	bls.n	100021cc <_ftoa+0x20c>
10002294:	4652      	mov	r2, sl
10002296:	464b      	mov	r3, r9
10002298:	4641      	mov	r1, r8
1000229a:	2020      	movs	r0, #32
1000229c:	f10a 0a01 	add.w	sl, sl, #1
100022a0:	47b8      	blx	r7
100022a2:	ebaa 0304 	sub.w	r3, sl, r4
100022a6:	455b      	cmp	r3, fp
100022a8:	d3f4      	bcc.n	10002294 <_ftoa+0x2d4>
100022aa:	e78f      	b.n	100021cc <_ftoa+0x20c>
100022ac:	f3af 8000 	nop.w
100022b0:	00000000 	.word	0x00000000
100022b4:	41cdcd65 	.word	0x41cdcd65
100022b8:	00000000 	.word	0x00000000
100022bc:	c1cdcd65 	.word	0xc1cdcd65
100022c0:	7fefffff 	.word	0x7fefffff
100022c4:	10009288 	.word	0x10009288
100022c8:	3fe00000 	.word	0x3fe00000
100022cc:	66666667 	.word	0x66666667
100022d0:	100090e4 	.word	0x100090e4
100022d4:	100090ec 	.word	0x100090ec
100022d8:	100090f8 	.word	0x100090f8
100022dc:	cccccccd 	.word	0xcccccccd
100022e0:	2200      	movs	r2, #0
100022e2:	e9dd 010a 	ldrd	r0, r1, [sp, #40]	@ 0x28
100022e6:	4b63      	ldr	r3, [pc, #396]	@ (10002474 <_ftoa+0x4b4>)
100022e8:	f7ff fcc6 	bl	10001c78 <__wrap___aeabi_dcmplt>
100022ec:	2800      	cmp	r0, #0
100022ee:	f47f af08 	bne.w	10002102 <_ftoa+0x142>
100022f2:	f1ba 0f00 	cmp.w	sl, #0
100022f6:	d16a      	bne.n	100023ce <_ftoa+0x40e>
100022f8:	f10a 0a01 	add.w	sl, sl, #1
100022fc:	2e00      	cmp	r6, #0
100022fe:	f47f af03 	bne.w	10002108 <_ftoa+0x148>
10002302:	4620      	mov	r0, r4
10002304:	f7ff fc5e 	bl	10001bc4 <__wrap___aeabi_i2d>
10002308:	4602      	mov	r2, r0
1000230a:	460b      	mov	r3, r1
1000230c:	e9dd 0104 	ldrd	r0, r1, [sp, #16]
10002310:	f7ff fbd0 	bl	10001ab4 <__wrap___aeabi_dsub>
10002314:	4602      	mov	r2, r0
10002316:	460b      	mov	r3, r1
10002318:	e9cd 2304 	strd	r2, r3, [sp, #16]
1000231c:	2200      	movs	r2, #0
1000231e:	4b55      	ldr	r3, [pc, #340]	@ (10002474 <_ftoa+0x4b4>)
10002320:	f7ff fcaa 	bl	10001c78 <__wrap___aeabi_dcmplt>
10002324:	2800      	cmp	r0, #0
10002326:	f47f af0c 	bne.w	10002142 <_ftoa+0x182>
1000232a:	e9dd 0104 	ldrd	r0, r1, [sp, #16]
1000232e:	2200      	movs	r2, #0
10002330:	4b50      	ldr	r3, [pc, #320]	@ (10002474 <_ftoa+0x4b4>)
10002332:	f7ff fcdd 	bl	10001cf0 <__wrap___aeabi_dcmpgt>
10002336:	2800      	cmp	r0, #0
10002338:	f47f af03 	bne.w	10002142 <_ftoa+0x182>
1000233c:	3401      	adds	r4, #1
1000233e:	f024 0401 	bic.w	r4, r4, #1
10002342:	e6fe      	b.n	10002142 <_ftoa+0x182>
10002344:	9b07      	ldr	r3, [sp, #28]
10002346:	f003 0303 	and.w	r3, r3, #3
1000234a:	2b01      	cmp	r3, #1
1000234c:	f000 8082 	beq.w	10002454 <_ftoa+0x494>
10002350:	2d20      	cmp	r5, #32
10002352:	f43f af2e 	beq.w	100021b2 <_ftoa+0x1f2>
10002356:	9b0d      	ldr	r3, [sp, #52]	@ 0x34
10002358:	b37b      	cbz	r3, 100023ba <_ftoa+0x3fa>
1000235a:	222d      	movs	r2, #45	@ 0x2d
1000235c:	eb0d 0305 	add.w	r3, sp, r5
10002360:	f883 2038 	strb.w	r2, [r3, #56]	@ 0x38
10002364:	3501      	adds	r5, #1
10002366:	e724      	b.n	100021b2 <_ftoa+0x1f2>
10002368:	2b20      	cmp	r3, #32
1000236a:	f43f aee9 	beq.w	10002140 <_ftoa+0x180>
1000236e:	aa0e      	add	r2, sp, #56	@ 0x38
10002370:	4415      	add	r5, r2
10002372:	441e      	add	r6, r3
10002374:	2230      	movs	r2, #48	@ 0x30
10002376:	e004      	b.n	10002382 <_ftoa+0x3c2>
10002378:	2b20      	cmp	r3, #32
1000237a:	f805 2f01 	strb.w	r2, [r5, #1]!
1000237e:	f43f aedf 	beq.w	10002140 <_ftoa+0x180>
10002382:	429e      	cmp	r6, r3
10002384:	f103 0301 	add.w	r3, r3, #1
10002388:	d1f6      	bne.n	10002378 <_ftoa+0x3b8>
1000238a:	222e      	movs	r2, #46	@ 0x2e
1000238c:	eb0d 0306 	add.w	r3, sp, r6
10002390:	f883 2038 	strb.w	r2, [r3, #56]	@ 0x38
10002394:	1c75      	adds	r5, r6, #1
10002396:	e6d4      	b.n	10002142 <_ftoa+0x182>
10002398:	f8dd a030 	ldr.w	sl, [sp, #48]	@ 0x30
1000239c:	e763      	b.n	10002266 <_ftoa+0x2a6>
1000239e:	2520      	movs	r5, #32
100023a0:	e66e      	b.n	10002080 <_ftoa+0xc0>
100023a2:	9b07      	ldr	r3, [sp, #28]
100023a4:	f013 0f0c 	tst.w	r3, #12
100023a8:	d050      	beq.n	1000244c <_ftoa+0x48c>
100023aa:	f10b 3bff 	add.w	fp, fp, #4294967295
100023ae:	45ab      	cmp	fp, r5
100023b0:	f63f aef2 	bhi.w	10002198 <_ftoa+0x1d8>
100023b4:	2d20      	cmp	r5, #32
100023b6:	f43f aefc 	beq.w	100021b2 <_ftoa+0x1f2>
100023ba:	9b07      	ldr	r3, [sp, #28]
100023bc:	075a      	lsls	r2, r3, #29
100023be:	d501      	bpl.n	100023c4 <_ftoa+0x404>
100023c0:	222b      	movs	r2, #43	@ 0x2b
100023c2:	e7cb      	b.n	1000235c <_ftoa+0x39c>
100023c4:	071b      	lsls	r3, r3, #28
100023c6:	f57f aef4 	bpl.w	100021b2 <_ftoa+0x1f2>
100023ca:	2220      	movs	r2, #32
100023cc:	e7c6      	b.n	1000235c <_ftoa+0x39c>
100023ce:	f01a 0f01 	tst.w	sl, #1
100023d2:	f43f ae96 	beq.w	10002102 <_ftoa+0x142>
100023d6:	e78f      	b.n	100022f8 <_ftoa+0x338>
100023d8:	07a6      	lsls	r6, r4, #30
100023da:	d134      	bne.n	10002446 <_ftoa+0x486>
100023dc:	f1bb 0f03 	cmp.w	fp, #3
100023e0:	d931      	bls.n	10002446 <_ftoa+0x486>
100023e2:	9b0c      	ldr	r3, [sp, #48]	@ 0x30
100023e4:	461d      	mov	r5, r3
100023e6:	1edc      	subs	r4, r3, #3
100023e8:	eb04 0a0b 	add.w	sl, r4, fp
100023ec:	462a      	mov	r2, r5
100023ee:	464b      	mov	r3, r9
100023f0:	4641      	mov	r1, r8
100023f2:	2020      	movs	r0, #32
100023f4:	3501      	adds	r5, #1
100023f6:	47b8      	blx	r7
100023f8:	4555      	cmp	r5, sl
100023fa:	d1f7      	bne.n	100023ec <_ftoa+0x42c>
100023fc:	4655      	mov	r5, sl
100023fe:	4c1e      	ldr	r4, [pc, #120]	@ (10002478 <_ftoa+0x4b8>)
10002400:	1ee6      	subs	r6, r4, #3
10002402:	f814 0d01 	ldrb.w	r0, [r4, #-1]!
10002406:	462a      	mov	r2, r5
10002408:	464b      	mov	r3, r9
1000240a:	4641      	mov	r1, r8
1000240c:	47b8      	blx	r7
1000240e:	42a6      	cmp	r6, r4
10002410:	f105 0501 	add.w	r5, r5, #1
10002414:	d1f5      	bne.n	10002402 <_ftoa+0x442>
10002416:	9b07      	ldr	r3, [sp, #28]
10002418:	f10a 0a03 	add.w	sl, sl, #3
1000241c:	079d      	lsls	r5, r3, #30
1000241e:	f57f aed5 	bpl.w	100021cc <_ftoa+0x20c>
10002422:	9c0c      	ldr	r4, [sp, #48]	@ 0x30
10002424:	ebaa 0304 	sub.w	r3, sl, r4
10002428:	459b      	cmp	fp, r3
1000242a:	f67f aecf 	bls.w	100021cc <_ftoa+0x20c>
1000242e:	4652      	mov	r2, sl
10002430:	464b      	mov	r3, r9
10002432:	4641      	mov	r1, r8
10002434:	2020      	movs	r0, #32
10002436:	f10a 0a01 	add.w	sl, sl, #1
1000243a:	47b8      	blx	r7
1000243c:	ebaa 0304 	sub.w	r3, sl, r4
10002440:	459b      	cmp	fp, r3
10002442:	d8f4      	bhi.n	1000242e <_ftoa+0x46e>
10002444:	e6c2      	b.n	100021cc <_ftoa+0x20c>
10002446:	f8dd a030 	ldr.w	sl, [sp, #48]	@ 0x30
1000244a:	e7d7      	b.n	100023fc <_ftoa+0x43c>
1000244c:	45ab      	cmp	fp, r5
1000244e:	f63f aea3 	bhi.w	10002198 <_ftoa+0x1d8>
10002452:	e6ae      	b.n	100021b2 <_ftoa+0x1f2>
10002454:	f1bb 0f00 	cmp.w	fp, #0
10002458:	f43f af7a 	beq.w	10002350 <_ftoa+0x390>
1000245c:	9b0d      	ldr	r3, [sp, #52]	@ 0x34
1000245e:	2b00      	cmp	r3, #0
10002460:	d09f      	beq.n	100023a2 <_ftoa+0x3e2>
10002462:	f10b 3bff 	add.w	fp, fp, #4294967295
10002466:	455d      	cmp	r5, fp
10002468:	f4ff ae96 	bcc.w	10002198 <_ftoa+0x1d8>
1000246c:	2d20      	cmp	r5, #32
1000246e:	f47f af74 	bne.w	1000235a <_ftoa+0x39a>
10002472:	e69e      	b.n	100021b2 <_ftoa+0x1f2>
10002474:	3fe00000 	.word	0x3fe00000
10002478:	100090f3 	.word	0x100090f3
1000247c:	00000000 	.word	0x00000000

10002480 <_etoa>:
10002480:	e92d 4ff0 	stmdb	sp!, {r4, r5, r6, r7, r8, r9, sl, fp, lr}
10002484:	b09f      	sub	sp, #124	@ 0x7c
10002486:	9e2a      	ldr	r6, [sp, #168]	@ 0xa8
10002488:	e9dd 4528 	ldrd	r4, r5, [sp, #160]	@ 0xa0
1000248c:	4607      	mov	r7, r0
1000248e:	4693      	mov	fp, r2
10002490:	9108      	str	r1, [sp, #32]
10002492:	9309      	str	r3, [sp, #36]	@ 0x24
10002494:	4622      	mov	r2, r4
10002496:	462b      	mov	r3, r5
10002498:	4620      	mov	r0, r4
1000249a:	4629      	mov	r1, r5
1000249c:	960e      	str	r6, [sp, #56]	@ 0x38
1000249e:	e9dd a62b 	ldrd	sl, r6, [sp, #172]	@ 0xac
100024a2:	f7ff fbd7 	bl	10001c54 <__wrap___aeabi_dcmpun>
100024a6:	2800      	cmp	r0, #0
100024a8:	f040 80be 	bne.w	10002628 <_etoa+0x1a8>
100024ac:	4620      	mov	r0, r4
100024ae:	4629      	mov	r1, r5
100024b0:	f04f 32ff 	mov.w	r2, #4294967295
100024b4:	4b78      	ldr	r3, [pc, #480]	@ (10002698 <_etoa+0x218>)
100024b6:	f7ff fc1b 	bl	10001cf0 <__wrap___aeabi_dcmpgt>
100024ba:	2800      	cmp	r0, #0
100024bc:	f040 80b4 	bne.w	10002628 <_etoa+0x1a8>
100024c0:	4620      	mov	r0, r4
100024c2:	4629      	mov	r1, r5
100024c4:	f04f 32ff 	mov.w	r2, #4294967295
100024c8:	f46f 1380 	mvn.w	r3, #1048576	@ 0x100000
100024cc:	f7ff fbd4 	bl	10001c78 <__wrap___aeabi_dcmplt>
100024d0:	2800      	cmp	r0, #0
100024d2:	f040 80a9 	bne.w	10002628 <_etoa+0x1a8>
100024d6:	4620      	mov	r0, r4
100024d8:	4629      	mov	r1, r5
100024da:	2200      	movs	r2, #0
100024dc:	2300      	movs	r3, #0
100024de:	f7ff fbcb 	bl	10001c78 <__wrap___aeabi_dcmplt>
100024e2:	2800      	cmp	r0, #0
100024e4:	f040 81d5 	bne.w	10002892 <_etoa+0x412>
100024e8:	e9cd 450a 	strd	r4, r5, [sp, #40]	@ 0x28
100024ec:	e9dd 230a 	ldrd	r2, r3, [sp, #40]	@ 0x28
100024f0:	4690      	mov	r8, r2
100024f2:	4699      	mov	r9, r3
100024f4:	f406 6200 	and.w	r2, r6, #2048	@ 0x800
100024f8:	f416 6380 	ands.w	r3, r6, #1024	@ 0x400
100024fc:	920f      	str	r2, [sp, #60]	@ 0x3c
100024fe:	9313      	str	r3, [sp, #76]	@ 0x4c
10002500:	f040 80a1 	bne.w	10002646 <_etoa+0x1c6>
10002504:	ea58 0309 	orrs.w	r3, r8, r9
10002508:	f040 80ca 	bne.w	100026a0 <_etoa+0x220>
1000250c:	2a00      	cmp	r2, #0
1000250e:	f040 81e3 	bne.w	100028d8 <_etoa+0x458>
10002512:	2306      	movs	r3, #6
10002514:	930e      	str	r3, [sp, #56]	@ 0x38
10002516:	f016 0202 	ands.w	r2, r6, #2
1000251a:	9210      	str	r2, [sp, #64]	@ 0x40
1000251c:	f040 81d4 	bne.w	100028c8 <_etoa+0x448>
10002520:	4653      	mov	r3, sl
10002522:	2b04      	cmp	r3, #4
10002524:	bf38      	it	cc
10002526:	2304      	movcc	r3, #4
10002528:	920c      	str	r2, [sp, #48]	@ 0x30
1000252a:	2204      	movs	r2, #4
1000252c:	3b04      	subs	r3, #4
1000252e:	9212      	str	r2, [sp, #72]	@ 0x48
10002530:	930f      	str	r3, [sp, #60]	@ 0x3c
10002532:	4620      	mov	r0, r4
10002534:	4629      	mov	r1, r5
10002536:	2200      	movs	r2, #0
10002538:	2300      	movs	r3, #0
1000253a:	f7ff fb9d 	bl	10001c78 <__wrap___aeabi_dcmplt>
1000253e:	2800      	cmp	r0, #0
10002540:	f040 81f3 	bne.w	1000292a <_etoa+0x4aa>
10002544:	ed9d 7b0a 	vldr	d7, [sp, #40]	@ 0x28
10002548:	9b0f      	ldr	r3, [sp, #60]	@ 0x3c
1000254a:	465a      	mov	r2, fp
1000254c:	9303      	str	r3, [sp, #12]
1000254e:	9b0e      	ldr	r3, [sp, #56]	@ 0x38
10002550:	ed8d 7b00 	vstr	d7, [sp]
10002554:	9302      	str	r3, [sp, #8]
10002556:	f426 6300 	bic.w	r3, r6, #2048	@ 0x800
1000255a:	9304      	str	r3, [sp, #16]
1000255c:	4638      	mov	r0, r7
1000255e:	9b09      	ldr	r3, [sp, #36]	@ 0x24
10002560:	9908      	ldr	r1, [sp, #32]
10002562:	f7ff fd2d 	bl	10001fc0 <_ftoa>
10002566:	4602      	mov	r2, r0
10002568:	f016 0f20 	tst.w	r6, #32
1000256c:	9b09      	ldr	r3, [sp, #36]	@ 0x24
1000256e:	9908      	ldr	r1, [sp, #32]
10002570:	bf0c      	ite	eq
10002572:	2065      	moveq	r0, #101	@ 0x65
10002574:	2045      	movne	r0, #69	@ 0x45
10002576:	f102 0801 	add.w	r8, r2, #1
1000257a:	47b8      	blx	r7
1000257c:	9a0c      	ldr	r2, [sp, #48]	@ 0x30
1000257e:	9b12      	ldr	r3, [sp, #72]	@ 0x48
10002580:	ac16      	add	r4, sp, #88	@ 0x58
10002582:	1e5d      	subs	r5, r3, #1
10002584:	ea82 73e2 	eor.w	r3, r2, r2, asr #31
10002588:	eba3 73e2 	sub.w	r3, r3, r2, asr #31
1000258c:	0fd1      	lsrs	r1, r2, #31
1000258e:	2600      	movs	r6, #0
10002590:	4622      	mov	r2, r4
10002592:	4699      	mov	r9, r3
10002594:	f8df c104 	ldr.w	ip, [pc, #260]	@ 1000269c <_etoa+0x21c>
10002598:	e001      	b.n	1000259e <_etoa+0x11e>
1000259a:	2e20      	cmp	r6, #32
1000259c:	d010      	beq.n	100025c0 <_etoa+0x140>
1000259e:	46ce      	mov	lr, r9
100025a0:	fbac 3009 	umull	r3, r0, ip, r9
100025a4:	08c0      	lsrs	r0, r0, #3
100025a6:	eb00 0380 	add.w	r3, r0, r0, lsl #2
100025aa:	eba9 0343 	sub.w	r3, r9, r3, lsl #1
100025ae:	3330      	adds	r3, #48	@ 0x30
100025b0:	f1be 0f09 	cmp.w	lr, #9
100025b4:	4681      	mov	r9, r0
100025b6:	f106 0601 	add.w	r6, r6, #1
100025ba:	f802 3b01 	strb.w	r3, [r2], #1
100025be:	d8ec      	bhi.n	1000259a <_etoa+0x11a>
100025c0:	2305      	movs	r3, #5
100025c2:	2000      	movs	r0, #0
100025c4:	9306      	str	r3, [sp, #24]
100025c6:	230a      	movs	r3, #10
100025c8:	9505      	str	r5, [sp, #20]
100025ca:	9400      	str	r4, [sp, #0]
100025cc:	9d09      	ldr	r5, [sp, #36]	@ 0x24
100025ce:	9c08      	ldr	r4, [sp, #32]
100025d0:	4642      	mov	r2, r8
100025d2:	e9cd 3003 	strd	r3, r0, [sp, #12]
100025d6:	e9cd 6101 	strd	r6, r1, [sp, #4]
100025da:	462b      	mov	r3, r5
100025dc:	4621      	mov	r1, r4
100025de:	4638      	mov	r0, r7
100025e0:	f7ff fbfa 	bl	10001dd8 <_ntoa_format>
100025e4:	9a10      	ldr	r2, [sp, #64]	@ 0x40
100025e6:	4680      	mov	r8, r0
100025e8:	b1d2      	cbz	r2, 10002620 <_etoa+0x1a0>
100025ea:	eba0 060b 	sub.w	r6, r0, fp
100025ee:	45b2      	cmp	sl, r6
100025f0:	d916      	bls.n	10002620 <_etoa+0x1a0>
100025f2:	eb0b 0206 	add.w	r2, fp, r6
100025f6:	462b      	mov	r3, r5
100025f8:	4621      	mov	r1, r4
100025fa:	2020      	movs	r0, #32
100025fc:	3601      	adds	r6, #1
100025fe:	47b8      	blx	r7
10002600:	45b2      	cmp	sl, r6
10002602:	d8f6      	bhi.n	100025f2 <_etoa+0x172>
10002604:	f10b 33ff 	add.w	r3, fp, #4294967295
10002608:	4453      	add	r3, sl
1000260a:	f1cb 0201 	rsb	r2, fp, #1
1000260e:	eba3 0308 	sub.w	r3, r3, r8
10002612:	4442      	add	r2, r8
10002614:	4592      	cmp	sl, r2
10002616:	bf38      	it	cc
10002618:	2300      	movcc	r3, #0
1000261a:	f108 0801 	add.w	r8, r8, #1
1000261e:	4498      	add	r8, r3
10002620:	4640      	mov	r0, r8
10002622:	b01f      	add	sp, #124	@ 0x7c
10002624:	e8bd 8ff0 	ldmia.w	sp!, {r4, r5, r6, r7, r8, r9, sl, fp, pc}
10002628:	465a      	mov	r2, fp
1000262a:	4638      	mov	r0, r7
1000262c:	e9cd 4528 	strd	r4, r5, [sp, #160]	@ 0xa0
10002630:	e9cd a62b 	strd	sl, r6, [sp, #172]	@ 0xac
10002634:	9c0e      	ldr	r4, [sp, #56]	@ 0x38
10002636:	9b09      	ldr	r3, [sp, #36]	@ 0x24
10002638:	9908      	ldr	r1, [sp, #32]
1000263a:	942a      	str	r4, [sp, #168]	@ 0xa8
1000263c:	b01f      	add	sp, #124	@ 0x7c
1000263e:	e8bd 4ff0 	ldmia.w	sp!, {r4, r5, r6, r7, r8, r9, sl, fp, lr}
10002642:	f7ff bcbd 	b.w	10001fc0 <_ftoa>
10002646:	ea58 0309 	orrs.w	r3, r8, r9
1000264a:	d12b      	bne.n	100026a4 <_etoa+0x224>
1000264c:	2a00      	cmp	r2, #0
1000264e:	f43f af62 	beq.w	10002516 <_etoa+0x96>
10002652:	2300      	movs	r3, #0
10002654:	930c      	str	r3, [sp, #48]	@ 0x30
10002656:	9b0e      	ldr	r3, [sp, #56]	@ 0x38
10002658:	9a0c      	ldr	r2, [sp, #48]	@ 0x30
1000265a:	4293      	cmp	r3, r2
1000265c:	f300 81b9 	bgt.w	100029d2 <_etoa+0x552>
10002660:	f04f 0800 	mov.w	r8, #0
10002664:	4620      	mov	r0, r4
10002666:	4629      	mov	r1, r5
10002668:	2200      	movs	r2, #0
1000266a:	2300      	movs	r3, #0
1000266c:	f7ff fb04 	bl	10001c78 <__wrap___aeabi_dcmplt>
10002670:	2800      	cmp	r0, #0
10002672:	f040 8113 	bne.w	1000289c <_etoa+0x41c>
10002676:	ed9d 7b0a 	vldr	d7, [sp, #40]	@ 0x28
1000267a:	f426 6600 	bic.w	r6, r6, #2048	@ 0x800
1000267e:	f446 6680 	orr.w	r6, r6, #1024	@ 0x400
10002682:	ed8d 7b28 	vstr	d7, [sp, #160]	@ 0xa0
10002686:	465a      	mov	r2, fp
10002688:	4638      	mov	r0, r7
1000268a:	e9cd 8a2a 	strd	r8, sl, [sp, #168]	@ 0xa8
1000268e:	9b09      	ldr	r3, [sp, #36]	@ 0x24
10002690:	9908      	ldr	r1, [sp, #32]
10002692:	962c      	str	r6, [sp, #176]	@ 0xb0
10002694:	e7d2      	b.n	1000263c <_etoa+0x1bc>
10002696:	bf00      	nop
10002698:	7fefffff 	.word	0x7fefffff
1000269c:	cccccccd 	.word	0xcccccccd
100026a0:	2306      	movs	r3, #6
100026a2:	930e      	str	r3, [sp, #56]	@ 0x38
100026a4:	f3c9 500a 	ubfx	r0, r9, #20, #11
100026a8:	f2a0 30ff 	subw	r0, r0, #1023	@ 0x3ff
100026ac:	f7ff fa8a 	bl	10001bc4 <__wrap___aeabi_i2d>
100026b0:	a3c1      	add	r3, pc, #772	@ (adr r3, 100029b8 <_etoa+0x538>)
100026b2:	e9d3 2300 	ldrd	r2, r3, [r3]
100026b6:	f7ff fa11 	bl	10001adc <__wrap___aeabi_dmul>
100026ba:	a3c1      	add	r3, pc, #772	@ (adr r3, 100029c0 <_etoa+0x540>)
100026bc:	e9d3 2300 	ldrd	r2, r3, [r3]
100026c0:	f7ff f9e4 	bl	10001a8c <__wrap___aeabi_dadd>
100026c4:	f3c9 0913 	ubfx	r9, r9, #0, #20
100026c8:	e9cd 010c 	strd	r0, r1, [sp, #48]	@ 0x30
100026cc:	f049 517f 	orr.w	r1, r9, #1069547520	@ 0x3fc00000
100026d0:	4640      	mov	r0, r8
100026d2:	2200      	movs	r2, #0
100026d4:	4bb2      	ldr	r3, [pc, #712]	@ (100029a0 <_etoa+0x520>)
100026d6:	f441 1140 	orr.w	r1, r1, #3145728	@ 0x300000
100026da:	f7ff f9eb 	bl	10001ab4 <__wrap___aeabi_dsub>
100026de:	a3a4      	add	r3, pc, #656	@ (adr r3, 10002970 <_etoa+0x4f0>)
100026e0:	e9d3 2300 	ldrd	r2, r3, [r3]
100026e4:	f7ff f9fa 	bl	10001adc <__wrap___aeabi_dmul>
100026e8:	4602      	mov	r2, r0
100026ea:	460b      	mov	r3, r1
100026ec:	e9dd 010c 	ldrd	r0, r1, [sp, #48]	@ 0x30
100026f0:	f7ff f9cc 	bl	10001a8c <__wrap___aeabi_dadd>
100026f4:	f7ff fa8a 	bl	10001c0c <__wrap___aeabi_d2iz>
100026f8:	900c      	str	r0, [sp, #48]	@ 0x30
100026fa:	f7ff fa63 	bl	10001bc4 <__wrap___aeabi_i2d>
100026fe:	a39e      	add	r3, pc, #632	@ (adr r3, 10002978 <_etoa+0x4f8>)
10002700:	e9d3 2300 	ldrd	r2, r3, [r3]
10002704:	4680      	mov	r8, r0
10002706:	4689      	mov	r9, r1
10002708:	f7ff f9e8 	bl	10001adc <__wrap___aeabi_dmul>
1000270c:	2200      	movs	r2, #0
1000270e:	4ba5      	ldr	r3, [pc, #660]	@ (100029a4 <_etoa+0x524>)
10002710:	f7ff f9bc 	bl	10001a8c <__wrap___aeabi_dadd>
10002714:	f7ff fa7a 	bl	10001c0c <__wrap___aeabi_d2iz>
10002718:	4603      	mov	r3, r0
1000271a:	4649      	mov	r1, r9
1000271c:	4640      	mov	r0, r8
1000271e:	9312      	str	r3, [sp, #72]	@ 0x48
10002720:	a397      	add	r3, pc, #604	@ (adr r3, 10002980 <_etoa+0x500>)
10002722:	e9d3 2300 	ldrd	r2, r3, [r3]
10002726:	f7ff f9d9 	bl	10001adc <__wrap___aeabi_dmul>
1000272a:	4680      	mov	r8, r0
1000272c:	9812      	ldr	r0, [sp, #72]	@ 0x48
1000272e:	4689      	mov	r9, r1
10002730:	f7ff fa48 	bl	10001bc4 <__wrap___aeabi_i2d>
10002734:	a394      	add	r3, pc, #592	@ (adr r3, 10002988 <_etoa+0x508>)
10002736:	e9d3 2300 	ldrd	r2, r3, [r3]
1000273a:	f7ff f9cf 	bl	10001adc <__wrap___aeabi_dmul>
1000273e:	4602      	mov	r2, r0
10002740:	460b      	mov	r3, r1
10002742:	4640      	mov	r0, r8
10002744:	4649      	mov	r1, r9
10002746:	f7ff f9b5 	bl	10001ab4 <__wrap___aeabi_dsub>
1000274a:	4602      	mov	r2, r0
1000274c:	460b      	mov	r3, r1
1000274e:	4680      	mov	r8, r0
10002750:	4689      	mov	r9, r1
10002752:	f7ff f9c3 	bl	10001adc <__wrap___aeabi_dmul>
10002756:	4642      	mov	r2, r8
10002758:	464b      	mov	r3, r9
1000275a:	e9cd 0110 	strd	r0, r1, [sp, #64]	@ 0x40
1000275e:	4640      	mov	r0, r8
10002760:	4649      	mov	r1, r9
10002762:	f7ff f993 	bl	10001a8c <__wrap___aeabi_dadd>
10002766:	2200      	movs	r2, #0
10002768:	e9cd 0114 	strd	r0, r1, [sp, #80]	@ 0x50
1000276c:	e9dd 0110 	ldrd	r0, r1, [sp, #64]	@ 0x40
10002770:	4b8d      	ldr	r3, [pc, #564]	@ (100029a8 <_etoa+0x528>)
10002772:	f7ff f9d9 	bl	10001b28 <__wrap___aeabi_ddiv>
10002776:	2200      	movs	r2, #0
10002778:	4b8c      	ldr	r3, [pc, #560]	@ (100029ac <_etoa+0x52c>)
1000277a:	f7ff f987 	bl	10001a8c <__wrap___aeabi_dadd>
1000277e:	4602      	mov	r2, r0
10002780:	460b      	mov	r3, r1
10002782:	e9dd 0110 	ldrd	r0, r1, [sp, #64]	@ 0x40
10002786:	f7ff f9cf 	bl	10001b28 <__wrap___aeabi_ddiv>
1000278a:	2200      	movs	r2, #0
1000278c:	4b88      	ldr	r3, [pc, #544]	@ (100029b0 <_etoa+0x530>)
1000278e:	f7ff f97d 	bl	10001a8c <__wrap___aeabi_dadd>
10002792:	4602      	mov	r2, r0
10002794:	460b      	mov	r3, r1
10002796:	e9dd 0110 	ldrd	r0, r1, [sp, #64]	@ 0x40
1000279a:	f7ff f9c5 	bl	10001b28 <__wrap___aeabi_ddiv>
1000279e:	4642      	mov	r2, r8
100027a0:	464b      	mov	r3, r9
100027a2:	4680      	mov	r8, r0
100027a4:	4689      	mov	r9, r1
100027a6:	2000      	movs	r0, #0
100027a8:	f04f 4180 	mov.w	r1, #1073741824	@ 0x40000000
100027ac:	f7ff f982 	bl	10001ab4 <__wrap___aeabi_dsub>
100027b0:	4602      	mov	r2, r0
100027b2:	460b      	mov	r3, r1
100027b4:	4640      	mov	r0, r8
100027b6:	4649      	mov	r1, r9
100027b8:	f7ff f968 	bl	10001a8c <__wrap___aeabi_dadd>
100027bc:	4602      	mov	r2, r0
100027be:	460b      	mov	r3, r1
100027c0:	e9dd 0114 	ldrd	r0, r1, [sp, #80]	@ 0x50
100027c4:	f7ff f9b0 	bl	10001b28 <__wrap___aeabi_ddiv>
100027c8:	2200      	movs	r2, #0
100027ca:	4b7a      	ldr	r3, [pc, #488]	@ (100029b4 <_etoa+0x534>)
100027cc:	f7ff f95e 	bl	10001a8c <__wrap___aeabi_dadd>
100027d0:	9b12      	ldr	r3, [sp, #72]	@ 0x48
100027d2:	2200      	movs	r2, #0
100027d4:	f203 3cff 	addw	ip, r3, #1023	@ 0x3ff
100027d8:	ea4f 530c 	mov.w	r3, ip, lsl #20
100027dc:	f7ff f97e 	bl	10001adc <__wrap___aeabi_dmul>
100027e0:	4680      	mov	r8, r0
100027e2:	4689      	mov	r9, r1
100027e4:	e9dd 010a 	ldrd	r0, r1, [sp, #40]	@ 0x28
100027e8:	4642      	mov	r2, r8
100027ea:	464b      	mov	r3, r9
100027ec:	f7ff fa44 	bl	10001c78 <__wrap___aeabi_dcmplt>
100027f0:	b150      	cbz	r0, 10002808 <_etoa+0x388>
100027f2:	9b0c      	ldr	r3, [sp, #48]	@ 0x30
100027f4:	4640      	mov	r0, r8
100027f6:	3b01      	subs	r3, #1
100027f8:	4649      	mov	r1, r9
100027fa:	930c      	str	r3, [sp, #48]	@ 0x30
100027fc:	2200      	movs	r2, #0
100027fe:	4b6b      	ldr	r3, [pc, #428]	@ (100029ac <_etoa+0x52c>)
10002800:	f7ff f992 	bl	10001b28 <__wrap___aeabi_ddiv>
10002804:	4680      	mov	r8, r0
10002806:	4689      	mov	r9, r1
10002808:	9a0c      	ldr	r2, [sp, #48]	@ 0x30
1000280a:	4643      	mov	r3, r8
1000280c:	3263      	adds	r2, #99	@ 0x63
1000280e:	2ac6      	cmp	r2, #198	@ 0xc6
10002810:	f006 0202 	and.w	r2, r6, #2
10002814:	9210      	str	r2, [sp, #64]	@ 0x40
10002816:	4649      	mov	r1, r9
10002818:	9a0f      	ldr	r2, [sp, #60]	@ 0x3c
1000281a:	d82c      	bhi.n	10002876 <_etoa+0x3f6>
1000281c:	2a00      	cmp	r2, #0
1000281e:	d05e      	beq.n	100028de <_etoa+0x45e>
10002820:	2204      	movs	r2, #4
10002822:	9212      	str	r2, [sp, #72]	@ 0x48
10002824:	430b      	orrs	r3, r1
10002826:	f43f af16 	beq.w	10002656 <_etoa+0x1d6>
1000282a:	e9dd 010a 	ldrd	r0, r1, [sp, #40]	@ 0x28
1000282e:	a358      	add	r3, pc, #352	@ (adr r3, 10002990 <_etoa+0x510>)
10002830:	e9d3 2300 	ldrd	r2, r3, [r3]
10002834:	f7ff fa48 	bl	10001cc8 <__wrap___aeabi_dcmpge>
10002838:	b148      	cbz	r0, 1000284e <_etoa+0x3ce>
1000283a:	e9dd 010a 	ldrd	r0, r1, [sp, #40]	@ 0x28
1000283e:	a356      	add	r3, pc, #344	@ (adr r3, 10002998 <_etoa+0x518>)
10002840:	e9d3 2300 	ldrd	r2, r3, [r3]
10002844:	f7ff fa18 	bl	10001c78 <__wrap___aeabi_dcmplt>
10002848:	2800      	cmp	r0, #0
1000284a:	f47f af04 	bne.w	10002656 <_etoa+0x1d6>
1000284e:	9b0e      	ldr	r3, [sp, #56]	@ 0x38
10002850:	2b00      	cmp	r3, #0
10002852:	d050      	beq.n	100028f6 <_etoa+0x476>
10002854:	9a13      	ldr	r2, [sp, #76]	@ 0x4c
10002856:	2a00      	cmp	r2, #0
10002858:	d07d      	beq.n	10002956 <_etoa+0x4d6>
1000285a:	3b01      	subs	r3, #1
1000285c:	930e      	str	r3, [sp, #56]	@ 0x38
1000285e:	9b12      	ldr	r3, [sp, #72]	@ 0x48
10002860:	459a      	cmp	sl, r3
10002862:	d905      	bls.n	10002870 <_etoa+0x3f0>
10002864:	9b10      	ldr	r3, [sp, #64]	@ 0x40
10002866:	2b00      	cmp	r3, #0
10002868:	f000 80ae 	beq.w	100029c8 <_etoa+0x548>
1000286c:	2302      	movs	r3, #2
1000286e:	9310      	str	r3, [sp, #64]	@ 0x40
10002870:	2300      	movs	r3, #0
10002872:	930f      	str	r3, [sp, #60]	@ 0x3c
10002874:	e044      	b.n	10002900 <_etoa+0x480>
10002876:	bb22      	cbnz	r2, 100028c2 <_etoa+0x442>
10002878:	f1ba 0f05 	cmp.w	sl, #5
1000287c:	d94f      	bls.n	1000291e <_etoa+0x49e>
1000287e:	f006 0302 	and.w	r3, r6, #2
10002882:	2b00      	cmp	r3, #0
10002884:	d149      	bne.n	1000291a <_etoa+0x49a>
10002886:	2305      	movs	r3, #5
10002888:	9312      	str	r3, [sp, #72]	@ 0x48
1000288a:	f1aa 0305 	sub.w	r3, sl, #5
1000288e:	930f      	str	r3, [sp, #60]	@ 0x3c
10002890:	e03a      	b.n	10002908 <_etoa+0x488>
10002892:	f105 4300 	add.w	r3, r5, #2147483648	@ 0x80000000
10002896:	940a      	str	r4, [sp, #40]	@ 0x28
10002898:	930b      	str	r3, [sp, #44]	@ 0x2c
1000289a:	e627      	b.n	100024ec <_etoa+0x6c>
1000289c:	f426 6600 	bic.w	r6, r6, #2048	@ 0x800
100028a0:	f446 6680 	orr.w	r6, r6, #1024	@ 0x400
100028a4:	4638      	mov	r0, r7
100028a6:	962c      	str	r6, [sp, #176]	@ 0xb0
100028a8:	e9dd 670a 	ldrd	r6, r7, [sp, #40]	@ 0x28
100028ac:	4634      	mov	r4, r6
100028ae:	f107 4500 	add.w	r5, r7, #2147483648	@ 0x80000000
100028b2:	465a      	mov	r2, fp
100028b4:	e9cd 8a2a 	strd	r8, sl, [sp, #168]	@ 0xa8
100028b8:	e9cd 4528 	strd	r4, r5, [sp, #160]	@ 0xa0
100028bc:	9b09      	ldr	r3, [sp, #36]	@ 0x24
100028be:	9908      	ldr	r1, [sp, #32]
100028c0:	e6bc      	b.n	1000263c <_etoa+0x1bc>
100028c2:	2205      	movs	r2, #5
100028c4:	9212      	str	r2, [sp, #72]	@ 0x48
100028c6:	e7ad      	b.n	10002824 <_etoa+0x3a4>
100028c8:	2300      	movs	r3, #0
100028ca:	2202      	movs	r2, #2
100028cc:	e9cd 320f 	strd	r3, r2, [sp, #60]	@ 0x3c
100028d0:	2204      	movs	r2, #4
100028d2:	930c      	str	r3, [sp, #48]	@ 0x30
100028d4:	9212      	str	r2, [sp, #72]	@ 0x48
100028d6:	e62c      	b.n	10002532 <_etoa+0xb2>
100028d8:	f04f 0805 	mov.w	r8, #5
100028dc:	e6c2      	b.n	10002664 <_etoa+0x1e4>
100028de:	f1ba 0f04 	cmp.w	sl, #4
100028e2:	d91f      	bls.n	10002924 <_etoa+0x4a4>
100028e4:	9b10      	ldr	r3, [sp, #64]	@ 0x40
100028e6:	2b00      	cmp	r3, #0
100028e8:	d178      	bne.n	100029dc <_etoa+0x55c>
100028ea:	2304      	movs	r3, #4
100028ec:	9312      	str	r3, [sp, #72]	@ 0x48
100028ee:	f1aa 0304 	sub.w	r3, sl, #4
100028f2:	930f      	str	r3, [sp, #60]	@ 0x3c
100028f4:	e004      	b.n	10002900 <_etoa+0x480>
100028f6:	9b12      	ldr	r3, [sp, #72]	@ 0x48
100028f8:	459a      	cmp	sl, r3
100028fa:	d831      	bhi.n	10002960 <_etoa+0x4e0>
100028fc:	9b0e      	ldr	r3, [sp, #56]	@ 0x38
100028fe:	930f      	str	r3, [sp, #60]	@ 0x3c
10002900:	9b0c      	ldr	r3, [sp, #48]	@ 0x30
10002902:	2b00      	cmp	r3, #0
10002904:	f43f ae15 	beq.w	10002532 <_etoa+0xb2>
10002908:	e9dd 010a 	ldrd	r0, r1, [sp, #40]	@ 0x28
1000290c:	4642      	mov	r2, r8
1000290e:	464b      	mov	r3, r9
10002910:	f7ff f90a 	bl	10001b28 <__wrap___aeabi_ddiv>
10002914:	e9cd 010a 	strd	r0, r1, [sp, #40]	@ 0x28
10002918:	e60b      	b.n	10002532 <_etoa+0xb2>
1000291a:	2302      	movs	r3, #2
1000291c:	9310      	str	r3, [sp, #64]	@ 0x40
1000291e:	2305      	movs	r3, #5
10002920:	9312      	str	r3, [sp, #72]	@ 0x48
10002922:	e7f1      	b.n	10002908 <_etoa+0x488>
10002924:	2304      	movs	r3, #4
10002926:	9312      	str	r3, [sp, #72]	@ 0x48
10002928:	e7ea      	b.n	10002900 <_etoa+0x480>
1000292a:	e9dd 450a 	ldrd	r4, r5, [sp, #40]	@ 0x28
1000292e:	46a0      	mov	r8, r4
10002930:	9b0f      	ldr	r3, [sp, #60]	@ 0x3c
10002932:	f105 4900 	add.w	r9, r5, #2147483648	@ 0x80000000
10002936:	9303      	str	r3, [sp, #12]
10002938:	9b0e      	ldr	r3, [sp, #56]	@ 0x38
1000293a:	465a      	mov	r2, fp
1000293c:	9302      	str	r3, [sp, #8]
1000293e:	f426 6300 	bic.w	r3, r6, #2048	@ 0x800
10002942:	9304      	str	r3, [sp, #16]
10002944:	4638      	mov	r0, r7
10002946:	e9cd 8900 	strd	r8, r9, [sp]
1000294a:	9b09      	ldr	r3, [sp, #36]	@ 0x24
1000294c:	9908      	ldr	r1, [sp, #32]
1000294e:	f7ff fb37 	bl	10001fc0 <_ftoa>
10002952:	4602      	mov	r2, r0
10002954:	e608      	b.n	10002568 <_etoa+0xe8>
10002956:	9b12      	ldr	r3, [sp, #72]	@ 0x48
10002958:	459a      	cmp	sl, r3
1000295a:	d844      	bhi.n	100029e6 <_etoa+0x566>
1000295c:	920f      	str	r2, [sp, #60]	@ 0x3c
1000295e:	e7cf      	b.n	10002900 <_etoa+0x480>
10002960:	9b10      	ldr	r3, [sp, #64]	@ 0x40
10002962:	b38b      	cbz	r3, 100029c8 <_etoa+0x548>
10002964:	9b0e      	ldr	r3, [sp, #56]	@ 0x38
10002966:	930f      	str	r3, [sp, #60]	@ 0x3c
10002968:	2302      	movs	r3, #2
1000296a:	9310      	str	r3, [sp, #64]	@ 0x40
1000296c:	e7c8      	b.n	10002900 <_etoa+0x480>
1000296e:	bf00      	nop
10002970:	636f4361 	.word	0x636f4361
10002974:	3fd287a7 	.word	0x3fd287a7
10002978:	0979a371 	.word	0x0979a371
1000297c:	400a934f 	.word	0x400a934f
10002980:	bbb55516 	.word	0xbbb55516
10002984:	40026bb1 	.word	0x40026bb1
10002988:	fefa39ef 	.word	0xfefa39ef
1000298c:	3fe62e42 	.word	0x3fe62e42
10002990:	eb1c432d 	.word	0xeb1c432d
10002994:	3f1a36e2 	.word	0x3f1a36e2
10002998:	00000000 	.word	0x00000000
1000299c:	412e8480 	.word	0x412e8480
100029a0:	3ff80000 	.word	0x3ff80000
100029a4:	3fe00000 	.word	0x3fe00000
100029a8:	402c0000 	.word	0x402c0000
100029ac:	40240000 	.word	0x40240000
100029b0:	40180000 	.word	0x40180000
100029b4:	3ff00000 	.word	0x3ff00000
100029b8:	509f79fb 	.word	0x509f79fb
100029bc:	3fd34413 	.word	0x3fd34413
100029c0:	8b60c8b3 	.word	0x8b60c8b3
100029c4:	3fc68a28 	.word	0x3fc68a28
100029c8:	9b12      	ldr	r3, [sp, #72]	@ 0x48
100029ca:	ebaa 0303 	sub.w	r3, sl, r3
100029ce:	930f      	str	r3, [sp, #60]	@ 0x3c
100029d0:	e796      	b.n	10002900 <_etoa+0x480>
100029d2:	eba3 0802 	sub.w	r8, r3, r2
100029d6:	f108 38ff 	add.w	r8, r8, #4294967295
100029da:	e643      	b.n	10002664 <_etoa+0x1e4>
100029dc:	2304      	movs	r3, #4
100029de:	9312      	str	r3, [sp, #72]	@ 0x48
100029e0:	2302      	movs	r3, #2
100029e2:	9310      	str	r3, [sp, #64]	@ 0x40
100029e4:	e78c      	b.n	10002900 <_etoa+0x480>
100029e6:	9b10      	ldr	r3, [sp, #64]	@ 0x40
100029e8:	2b00      	cmp	r3, #0
100029ea:	d0ed      	beq.n	100029c8 <_etoa+0x548>
100029ec:	2302      	movs	r3, #2
100029ee:	920f      	str	r2, [sp, #60]	@ 0x3c
100029f0:	9310      	str	r3, [sp, #64]	@ 0x40
100029f2:	e785      	b.n	10002900 <_etoa+0x480>

100029f4 <_vsnprintf>:
100029f4:	e92d 4ff0 	stmdb	sp!, {r4, r5, r6, r7, r8, r9, sl, fp, lr}
100029f8:	b09b      	sub	sp, #108	@ 0x6c
100029fa:	9c24      	ldr	r4, [sp, #144]	@ 0x90
100029fc:	4d95      	ldr	r5, [pc, #596]	@ (10002c54 <_vsnprintf+0x260>)
100029fe:	940a      	str	r4, [sp, #40]	@ 0x28
10002a00:	4c95      	ldr	r4, [pc, #596]	@ (10002c58 <_vsnprintf+0x264>)
10002a02:	f1b1 0a00 	subs.w	sl, r1, #0
10002a06:	bf18      	it	ne
10002a08:	4683      	movne	fp, r0
10002a0a:	6025      	str	r5, [r4, #0]
10002a0c:	7818      	ldrb	r0, [r3, #0]
10002a0e:	4c93      	ldr	r4, [pc, #588]	@ (10002c5c <_vsnprintf+0x268>)
10002a10:	4691      	mov	r9, r2
10002a12:	bf08      	it	eq
10002a14:	46a3      	moveq	fp, r4
10002a16:	9309      	str	r3, [sp, #36]	@ 0x24
10002a18:	2800      	cmp	r0, #0
10002a1a:	f000 8293 	beq.w	10002f44 <_vsnprintf+0x550>
10002a1e:	f04f 0800 	mov.w	r8, #0
10002a22:	e00a      	b.n	10002a3a <_vsnprintf+0x46>
10002a24:	4642      	mov	r2, r8
10002a26:	464b      	mov	r3, r9
10002a28:	4651      	mov	r1, sl
10002a2a:	f108 0801 	add.w	r8, r8, #1
10002a2e:	47d8      	blx	fp
10002a30:	9b09      	ldr	r3, [sp, #36]	@ 0x24
10002a32:	7818      	ldrb	r0, [r3, #0]
10002a34:	2800      	cmp	r0, #0
10002a36:	f000 80ce 	beq.w	10002bd6 <_vsnprintf+0x1e2>
10002a3a:	9b09      	ldr	r3, [sp, #36]	@ 0x24
10002a3c:	2825      	cmp	r0, #37	@ 0x25
10002a3e:	f103 0301 	add.w	r3, r3, #1
10002a42:	9309      	str	r3, [sp, #36]	@ 0x24
10002a44:	d1ee      	bne.n	10002a24 <_vsnprintf+0x30>
10002a46:	461c      	mov	r4, r3
10002a48:	2300      	movs	r3, #0
10002a4a:	4622      	mov	r2, r4
10002a4c:	f812 0b01 	ldrb.w	r0, [r2], #1
10002a50:	f1a0 0120 	sub.w	r1, r0, #32
10002a54:	2910      	cmp	r1, #16
10002a56:	d80a      	bhi.n	10002a6e <_vsnprintf+0x7a>
10002a58:	e8df f001 	tbb	[pc, r1]
10002a5c:	3c090940 	.word	0x3c090940
10002a60:	09090909 	.word	0x09090909
10002a64:	38090909 	.word	0x38090909
10002a68:	09093409 	.word	0x09093409
10002a6c:	30          	.byte	0x30
10002a6d:	00          	.byte	0x00
10002a6e:	f1a0 0130 	sub.w	r1, r0, #48	@ 0x30
10002a72:	2909      	cmp	r1, #9
10002a74:	9409      	str	r4, [sp, #36]	@ 0x24
10002a76:	f240 808a 	bls.w	10002b8e <_vsnprintf+0x19a>
10002a7a:	282a      	cmp	r0, #42	@ 0x2a
10002a7c:	f000 80f0 	beq.w	10002c60 <_vsnprintf+0x26c>
10002a80:	2500      	movs	r5, #0
10002a82:	282e      	cmp	r0, #46	@ 0x2e
10002a84:	f000 8096 	beq.w	10002bb4 <_vsnprintf+0x1c0>
10002a88:	2600      	movs	r6, #0
10002a8a:	f1a0 0168 	sub.w	r1, r0, #104	@ 0x68
10002a8e:	2912      	cmp	r1, #18
10002a90:	d82d      	bhi.n	10002aee <_vsnprintf+0xfa>
10002a92:	e8df f011 	tbh	[pc, r1, lsl #1]
10002a96:	0149      	.short	0x0149
10002a98:	0143002c 	.word	0x0143002c
10002a9c:	0138002c 	.word	0x0138002c
10002aa0:	002c002c 	.word	0x002c002c
10002aa4:	002c002c 	.word	0x002c002c
10002aa8:	002c002c 	.word	0x002c002c
10002aac:	0027002c 	.word	0x0027002c
10002ab0:	002c002c 	.word	0x002c002c
10002ab4:	002c002c 	.word	0x002c002c
10002ab8:	0027002c 	.word	0x0027002c
10002abc:	4614      	mov	r4, r2
10002abe:	f043 0301 	orr.w	r3, r3, #1
10002ac2:	e7c2      	b.n	10002a4a <_vsnprintf+0x56>
10002ac4:	4614      	mov	r4, r2
10002ac6:	f043 0302 	orr.w	r3, r3, #2
10002aca:	e7be      	b.n	10002a4a <_vsnprintf+0x56>
10002acc:	4614      	mov	r4, r2
10002ace:	f043 0304 	orr.w	r3, r3, #4
10002ad2:	e7ba      	b.n	10002a4a <_vsnprintf+0x56>
10002ad4:	4614      	mov	r4, r2
10002ad6:	f043 0310 	orr.w	r3, r3, #16
10002ada:	e7b6      	b.n	10002a4a <_vsnprintf+0x56>
10002adc:	4614      	mov	r4, r2
10002ade:	f043 0308 	orr.w	r3, r3, #8
10002ae2:	e7b2      	b.n	10002a4a <_vsnprintf+0x56>
10002ae4:	9909      	ldr	r1, [sp, #36]	@ 0x24
10002ae6:	7848      	ldrb	r0, [r1, #1]
10002ae8:	f443 7380 	orr.w	r3, r3, #256	@ 0x100
10002aec:	3201      	adds	r2, #1
10002aee:	2867      	cmp	r0, #103	@ 0x67
10002af0:	9209      	str	r2, [sp, #36]	@ 0x24
10002af2:	d87e      	bhi.n	10002bf2 <_vsnprintf+0x1fe>
10002af4:	2824      	cmp	r0, #36	@ 0x24
10002af6:	f240 80c1 	bls.w	10002c7c <_vsnprintf+0x288>
10002afa:	f1a0 0225 	sub.w	r2, r0, #37	@ 0x25
10002afe:	2a42      	cmp	r2, #66	@ 0x42
10002b00:	f200 80bc 	bhi.w	10002c7c <_vsnprintf+0x288>
10002b04:	e8df f012 	tbh	[pc, r2, lsl #1]
10002b08:	00ba0150 	.word	0x00ba0150
10002b0c:	00ba00ba 	.word	0x00ba00ba
10002b10:	00ba00ba 	.word	0x00ba00ba
10002b14:	00ba00ba 	.word	0x00ba00ba
10002b18:	00ba00ba 	.word	0x00ba00ba
10002b1c:	00ba00ba 	.word	0x00ba00ba
10002b20:	00ba00ba 	.word	0x00ba00ba
10002b24:	00ba00ba 	.word	0x00ba00ba
10002b28:	00ba00ba 	.word	0x00ba00ba
10002b2c:	00ba00ba 	.word	0x00ba00ba
10002b30:	00ba00ba 	.word	0x00ba00ba
10002b34:	00ba00ba 	.word	0x00ba00ba
10002b38:	00ba00ba 	.word	0x00ba00ba
10002b3c:	00ba00ba 	.word	0x00ba00ba
10002b40:	00ba00ba 	.word	0x00ba00ba
10002b44:	00ba00ba 	.word	0x00ba00ba
10002b48:	01370119 	.word	0x01370119
10002b4c:	00ba0119 	.word	0x00ba0119
10002b50:	00ba00ba 	.word	0x00ba00ba
10002b54:	00ba00ba 	.word	0x00ba00ba
10002b58:	00ba00ba 	.word	0x00ba00ba
10002b5c:	00ba00ba 	.word	0x00ba00ba
10002b60:	00ba00ba 	.word	0x00ba00ba
10002b64:	00ba00ba 	.word	0x00ba00ba
10002b68:	00ba00ba 	.word	0x00ba00ba
10002b6c:	01bc00ba 	.word	0x01bc00ba
10002b70:	00ba00ba 	.word	0x00ba00ba
10002b74:	00ba00ba 	.word	0x00ba00ba
10002b78:	00ba00ba 	.word	0x00ba00ba
10002b7c:	00ba00ba 	.word	0x00ba00ba
10002b80:	01bc00ba 	.word	0x01bc00ba
10002b84:	01bc0158 	.word	0x01bc0158
10002b88:	01370119 	.word	0x01370119
10002b8c:	0119      	.short	0x0119
10002b8e:	2500      	movs	r5, #0
10002b90:	e000      	b.n	10002b94 <_vsnprintf+0x1a0>
10002b92:	3201      	adds	r2, #1
10002b94:	eb05 0585 	add.w	r5, r5, r5, lsl #2
10002b98:	eb00 0545 	add.w	r5, r0, r5, lsl #1
10002b9c:	7810      	ldrb	r0, [r2, #0]
10002b9e:	3d30      	subs	r5, #48	@ 0x30
10002ba0:	f1a0 0130 	sub.w	r1, r0, #48	@ 0x30
10002ba4:	2909      	cmp	r1, #9
10002ba6:	d9f4      	bls.n	10002b92 <_vsnprintf+0x19e>
10002ba8:	282e      	cmp	r0, #46	@ 0x2e
10002baa:	9209      	str	r2, [sp, #36]	@ 0x24
10002bac:	f102 0201 	add.w	r2, r2, #1
10002bb0:	f47f af6a 	bne.w	10002a88 <_vsnprintf+0x94>
10002bb4:	9909      	ldr	r1, [sp, #36]	@ 0x24
10002bb6:	f443 6380 	orr.w	r3, r3, #1024	@ 0x400
10002bba:	7848      	ldrb	r0, [r1, #1]
10002bbc:	4611      	mov	r1, r2
10002bbe:	f1a0 0630 	sub.w	r6, r0, #48	@ 0x30
10002bc2:	2e09      	cmp	r6, #9
10002bc4:	f240 8121 	bls.w	10002e0a <_vsnprintf+0x416>
10002bc8:	282a      	cmp	r0, #42	@ 0x2a
10002bca:	f000 812f 	beq.w	10002e2c <_vsnprintf+0x438>
10002bce:	9209      	str	r2, [sp, #36]	@ 0x24
10002bd0:	2600      	movs	r6, #0
10002bd2:	3201      	adds	r2, #1
10002bd4:	e759      	b.n	10002a8a <_vsnprintf+0x96>
10002bd6:	4644      	mov	r4, r8
10002bd8:	45c1      	cmp	r9, r8
10002bda:	d801      	bhi.n	10002be0 <_vsnprintf+0x1ec>
10002bdc:	f109 38ff 	add.w	r8, r9, #4294967295
10002be0:	464b      	mov	r3, r9
10002be2:	4642      	mov	r2, r8
10002be4:	4651      	mov	r1, sl
10002be6:	2000      	movs	r0, #0
10002be8:	47d8      	blx	fp
10002bea:	4620      	mov	r0, r4
10002bec:	b01b      	add	sp, #108	@ 0x6c
10002bee:	e8bd 8ff0 	ldmia.w	sp!, {r4, r5, r6, r7, r8, r9, sl, fp, pc}
10002bf2:	f1a0 0269 	sub.w	r2, r0, #105	@ 0x69
10002bf6:	b2d2      	uxtb	r2, r2
10002bf8:	2a0f      	cmp	r2, #15
10002bfa:	d83f      	bhi.n	10002c7c <_vsnprintf+0x288>
10002bfc:	2101      	movs	r1, #1
10002bfe:	f249 0741 	movw	r7, #36929	@ 0x9041
10002c02:	4091      	lsls	r1, r2
10002c04:	4039      	ands	r1, r7
10002c06:	f040 80f3 	bne.w	10002df0 <_vsnprintf+0x3fc>
10002c0a:	2a0a      	cmp	r2, #10
10002c0c:	d03d      	beq.n	10002c8a <_vsnprintf+0x296>
10002c0e:	2a07      	cmp	r2, #7
10002c10:	d134      	bne.n	10002c7c <_vsnprintf+0x288>
10002c12:	9d0a      	ldr	r5, [sp, #40]	@ 0x28
10002c14:	f855 2b04 	ldr.w	r2, [r5], #4
10002c18:	2a00      	cmp	r2, #0
10002c1a:	f000 8113 	beq.w	10002e44 <_vsnprintf+0x450>
10002c1e:	f043 0021 	orr.w	r0, r3, #33	@ 0x21
10002c22:	ab12      	add	r3, sp, #72	@ 0x48
10002c24:	461f      	mov	r7, r3
10002c26:	930b      	str	r3, [sp, #44]	@ 0x2c
10002c28:	e003      	b.n	10002c32 <_vsnprintf+0x23e>
10002c2a:	2920      	cmp	r1, #32
10002c2c:	f000 8114 	beq.w	10002e58 <_vsnprintf+0x464>
10002c30:	461a      	mov	r2, r3
10002c32:	f002 040f 	and.w	r4, r2, #15
10002c36:	4623      	mov	r3, r4
10002c38:	2c09      	cmp	r4, #9
10002c3a:	bf94      	ite	ls
10002c3c:	3330      	addls	r3, #48	@ 0x30
10002c3e:	3337      	addhi	r3, #55	@ 0x37
10002c40:	2a0f      	cmp	r2, #15
10002c42:	f807 3b01 	strb.w	r3, [r7], #1
10002c46:	f101 0101 	add.w	r1, r1, #1
10002c4a:	ea4f 1312 	mov.w	r3, r2, lsr #4
10002c4e:	d8ec      	bhi.n	10002c2a <_vsnprintf+0x236>
10002c50:	e102      	b.n	10002e58 <_vsnprintf+0x464>
10002c52:	bf00      	nop
10002c54:	100029f5 	.word	0x100029f5
10002c58:	200024f4 	.word	0x200024f4
10002c5c:	10001d39 	.word	0x10001d39
10002c60:	990a      	ldr	r1, [sp, #40]	@ 0x28
10002c62:	9809      	ldr	r0, [sp, #36]	@ 0x24
10002c64:	f851 5b04 	ldr.w	r5, [r1], #4
10002c68:	7840      	ldrb	r0, [r0, #1]
10002c6a:	2d00      	cmp	r5, #0
10002c6c:	e9cd 2109 	strd	r2, r1, [sp, #36]	@ 0x24
10002c70:	bfbc      	itt	lt
10002c72:	f043 0302 	orrlt.w	r3, r3, #2
10002c76:	426d      	neglt	r5, r5
10002c78:	3201      	adds	r2, #1
10002c7a:	e702      	b.n	10002a82 <_vsnprintf+0x8e>
10002c7c:	4642      	mov	r2, r8
10002c7e:	464b      	mov	r3, r9
10002c80:	4651      	mov	r1, sl
10002c82:	f108 0801 	add.w	r8, r8, #1
10002c86:	47d8      	blx	fp
10002c88:	e6d2      	b.n	10002a30 <_vsnprintf+0x3c>
10002c8a:	990a      	ldr	r1, [sp, #40]	@ 0x28
10002c8c:	2e00      	cmp	r6, #0
10002c8e:	f851 7b04 	ldr.w	r7, [r1], #4
10002c92:	bf18      	it	ne
10002c94:	4632      	movne	r2, r6
10002c96:	7838      	ldrb	r0, [r7, #0]
10002c98:	bf08      	it	eq
10002c9a:	f04f 32ff 	moveq.w	r2, #4294967295
10002c9e:	2800      	cmp	r0, #0
10002ca0:	f000 837b 	beq.w	1000339a <_vsnprintf+0x9a6>
10002ca4:	18bc      	adds	r4, r7, r2
10002ca6:	46a4      	mov	ip, r4
10002ca8:	463a      	mov	r2, r7
10002caa:	e004      	b.n	10002cb6 <_vsnprintf+0x2c2>
10002cac:	f812 4f01 	ldrb.w	r4, [r2, #1]!
10002cb0:	2c00      	cmp	r4, #0
10002cb2:	f000 813f 	beq.w	10002f34 <_vsnprintf+0x540>
10002cb6:	4594      	cmp	ip, r2
10002cb8:	d1f8      	bne.n	10002cac <_vsnprintf+0x2b8>
10002cba:	4664      	mov	r4, ip
10002cbc:	1be4      	subs	r4, r4, r7
10002cbe:	055a      	lsls	r2, r3, #21
10002cc0:	f140 8122 	bpl.w	10002f08 <_vsnprintf+0x514>
10002cc4:	42b4      	cmp	r4, r6
10002cc6:	bf28      	it	cs
10002cc8:	4634      	movcs	r4, r6
10002cca:	f013 0302 	ands.w	r3, r3, #2
10002cce:	f000 8288 	beq.w	100031e2 <_vsnprintf+0x7ee>
10002cd2:	2302      	movs	r3, #2
10002cd4:	e9cd 510a 	strd	r5, r1, [sp, #40]	@ 0x28
10002cd8:	4642      	mov	r2, r8
10002cda:	461d      	mov	r5, r3
10002cdc:	4446      	add	r6, r8
10002cde:	e008      	b.n	10002cf2 <_vsnprintf+0x2fe>
10002ce0:	464b      	mov	r3, r9
10002ce2:	4651      	mov	r1, sl
10002ce4:	47d8      	blx	fp
10002ce6:	f817 0f01 	ldrb.w	r0, [r7, #1]!
10002cea:	f108 0801 	add.w	r8, r8, #1
10002cee:	b110      	cbz	r0, 10002cf6 <_vsnprintf+0x302>
10002cf0:	4642      	mov	r2, r8
10002cf2:	4546      	cmp	r6, r8
10002cf4:	d1f4      	bne.n	10002ce0 <_vsnprintf+0x2ec>
10002cf6:	462b      	mov	r3, r5
10002cf8:	990b      	ldr	r1, [sp, #44]	@ 0x2c
10002cfa:	9d0a      	ldr	r5, [sp, #40]	@ 0x28
10002cfc:	2b00      	cmp	r3, #0
10002cfe:	f040 8141 	bne.w	10002f84 <_vsnprintf+0x590>
10002d02:	910a      	str	r1, [sp, #40]	@ 0x28
10002d04:	e694      	b.n	10002a30 <_vsnprintf+0x3c>
10002d06:	9909      	ldr	r1, [sp, #36]	@ 0x24
10002d08:	7848      	ldrb	r0, [r1, #1]
10002d0a:	286c      	cmp	r0, #108	@ 0x6c
10002d0c:	f47f aeec 	bne.w	10002ae8 <_vsnprintf+0xf4>
10002d10:	460a      	mov	r2, r1
10002d12:	7888      	ldrb	r0, [r1, #2]
10002d14:	f443 7340 	orr.w	r3, r3, #768	@ 0x300
10002d18:	3203      	adds	r2, #3
10002d1a:	e6e8      	b.n	10002aee <_vsnprintf+0xfa>
10002d1c:	9909      	ldr	r1, [sp, #36]	@ 0x24
10002d1e:	f443 7300 	orr.w	r3, r3, #512	@ 0x200
10002d22:	7848      	ldrb	r0, [r1, #1]
10002d24:	3201      	adds	r2, #1
10002d26:	e6e2      	b.n	10002aee <_vsnprintf+0xfa>
10002d28:	9909      	ldr	r1, [sp, #36]	@ 0x24
10002d2a:	7848      	ldrb	r0, [r1, #1]
10002d2c:	2868      	cmp	r0, #104	@ 0x68
10002d2e:	f000 8103 	beq.w	10002f38 <_vsnprintf+0x544>
10002d32:	f043 0380 	orr.w	r3, r3, #128	@ 0x80
10002d36:	3201      	adds	r2, #1
10002d38:	e6d9      	b.n	10002aee <_vsnprintf+0xfa>
10002d3a:	2867      	cmp	r0, #103	@ 0x67
10002d3c:	f000 80d9 	beq.w	10002ef2 <_vsnprintf+0x4fe>
10002d40:	2847      	cmp	r0, #71	@ 0x47
10002d42:	f000 80dc 	beq.w	10002efe <_vsnprintf+0x50a>
10002d46:	2845      	cmp	r0, #69	@ 0x45
10002d48:	f000 80db 	beq.w	10002f02 <_vsnprintf+0x50e>
10002d4c:	e9cd 5303 	strd	r5, r3, [sp, #12]
10002d50:	9b0a      	ldr	r3, [sp, #40]	@ 0x28
10002d52:	9602      	str	r6, [sp, #8]
10002d54:	3307      	adds	r3, #7
10002d56:	f023 0307 	bic.w	r3, r3, #7
10002d5a:	461c      	mov	r4, r3
10002d5c:	4642      	mov	r2, r8
10002d5e:	e8f4 6702 	ldrd	r6, r7, [r4], #8
10002d62:	464b      	mov	r3, r9
10002d64:	4651      	mov	r1, sl
10002d66:	4658      	mov	r0, fp
10002d68:	e9cd 6700 	strd	r6, r7, [sp]
10002d6c:	940a      	str	r4, [sp, #40]	@ 0x28
10002d6e:	f7ff fb87 	bl	10002480 <_etoa>
10002d72:	4680      	mov	r8, r0
10002d74:	e65c      	b.n	10002a30 <_vsnprintf+0x3c>
10002d76:	2846      	cmp	r0, #70	@ 0x46
10002d78:	bf08      	it	eq
10002d7a:	f043 0320 	orreq.w	r3, r3, #32
10002d7e:	e9cd 5303 	strd	r5, r3, [sp, #12]
10002d82:	9b0a      	ldr	r3, [sp, #40]	@ 0x28
10002d84:	9602      	str	r6, [sp, #8]
10002d86:	3307      	adds	r3, #7
10002d88:	f023 0307 	bic.w	r3, r3, #7
10002d8c:	461c      	mov	r4, r3
10002d8e:	4642      	mov	r2, r8
10002d90:	e8f4 6702 	ldrd	r6, r7, [r4], #8
10002d94:	464b      	mov	r3, r9
10002d96:	4651      	mov	r1, sl
10002d98:	4658      	mov	r0, fp
10002d9a:	e9cd 6700 	strd	r6, r7, [sp]
10002d9e:	940a      	str	r4, [sp, #40]	@ 0x28
10002da0:	f7ff f90e 	bl	10001fc0 <_ftoa>
10002da4:	4680      	mov	r8, r0
10002da6:	e643      	b.n	10002a30 <_vsnprintf+0x3c>
10002da8:	4642      	mov	r2, r8
10002daa:	464b      	mov	r3, r9
10002dac:	4651      	mov	r1, sl
10002dae:	2025      	movs	r0, #37	@ 0x25
10002db0:	f108 0801 	add.w	r8, r8, #1
10002db4:	47d8      	blx	fp
10002db6:	e63b      	b.n	10002a30 <_vsnprintf+0x3c>
10002db8:	9a0a      	ldr	r2, [sp, #40]	@ 0x28
10002dba:	0799      	lsls	r1, r3, #30
10002dbc:	f102 0404 	add.w	r4, r2, #4
10002dc0:	f108 0601 	add.w	r6, r8, #1
10002dc4:	f140 80c6 	bpl.w	10002f54 <_vsnprintf+0x560>
10002dc8:	7810      	ldrb	r0, [r2, #0]
10002dca:	464b      	mov	r3, r9
10002dcc:	4642      	mov	r2, r8
10002dce:	4651      	mov	r1, sl
10002dd0:	47d8      	blx	fp
10002dd2:	2d01      	cmp	r5, #1
10002dd4:	bf88      	it	hi
10002dd6:	44a8      	addhi	r8, r5
10002dd8:	f240 81bd 	bls.w	10003156 <_vsnprintf+0x762>
10002ddc:	4632      	mov	r2, r6
10002dde:	464b      	mov	r3, r9
10002de0:	4651      	mov	r1, sl
10002de2:	2020      	movs	r0, #32
10002de4:	3601      	adds	r6, #1
10002de6:	47d8      	blx	fp
10002de8:	4546      	cmp	r6, r8
10002dea:	d1f7      	bne.n	10002ddc <_vsnprintf+0x3e8>
10002dec:	940a      	str	r4, [sp, #40]	@ 0x28
10002dee:	e61f      	b.n	10002a30 <_vsnprintf+0x3c>
10002df0:	286f      	cmp	r0, #111	@ 0x6f
10002df2:	f000 8081 	beq.w	10002ef8 <_vsnprintf+0x504>
10002df6:	f240 8248 	bls.w	1000328a <_vsnprintf+0x896>
10002dfa:	2878      	cmp	r0, #120	@ 0x78
10002dfc:	f000 8190 	beq.w	10003120 <_vsnprintf+0x72c>
10002e00:	270a      	movs	r7, #10
10002e02:	f023 0310 	bic.w	r3, r3, #16
10002e06:	46bc      	mov	ip, r7
10002e08:	e041      	b.n	10002e8e <_vsnprintf+0x49a>
10002e0a:	2600      	movs	r6, #0
10002e0c:	eb06 0686 	add.w	r6, r6, r6, lsl #2
10002e10:	eb00 0046 	add.w	r0, r0, r6, lsl #1
10002e14:	f1a0 0630 	sub.w	r6, r0, #48	@ 0x30
10002e18:	f811 0f01 	ldrb.w	r0, [r1, #1]!
10002e1c:	f1a0 0230 	sub.w	r2, r0, #48	@ 0x30
10002e20:	2a09      	cmp	r2, #9
10002e22:	d9f3      	bls.n	10002e0c <_vsnprintf+0x418>
10002e24:	460a      	mov	r2, r1
10002e26:	9109      	str	r1, [sp, #36]	@ 0x24
10002e28:	3201      	adds	r2, #1
10002e2a:	e62e      	b.n	10002a8a <_vsnprintf+0x96>
10002e2c:	e9dd 2109 	ldrd	r2, r1, [sp, #36]	@ 0x24
10002e30:	f851 6b04 	ldr.w	r6, [r1], #4
10002e34:	7890      	ldrb	r0, [r2, #2]
10002e36:	3202      	adds	r2, #2
10002e38:	9209      	str	r2, [sp, #36]	@ 0x24
10002e3a:	910a      	str	r1, [sp, #40]	@ 0x28
10002e3c:	3201      	adds	r2, #1
10002e3e:	ea26 76e6 	bic.w	r6, r6, r6, asr #31
10002e42:	e622      	b.n	10002a8a <_vsnprintf+0x96>
10002e44:	f023 0010 	bic.w	r0, r3, #16
10002e48:	f413 6280 	ands.w	r2, r3, #1024	@ 0x400
10002e4c:	f040 0021 	orr.w	r0, r0, #33	@ 0x21
10002e50:	f43f aee7 	beq.w	10002c22 <_vsnprintf+0x22e>
10002e54:	ab12      	add	r3, sp, #72	@ 0x48
10002e56:	930b      	str	r3, [sp, #44]	@ 0x2c
10002e58:	9b0b      	ldr	r3, [sp, #44]	@ 0x2c
10002e5a:	9006      	str	r0, [sp, #24]
10002e5c:	9300      	str	r3, [sp, #0]
10002e5e:	2308      	movs	r3, #8
10002e60:	2010      	movs	r0, #16
10002e62:	9305      	str	r3, [sp, #20]
10002e64:	2300      	movs	r3, #0
10002e66:	4642      	mov	r2, r8
10002e68:	e9cd 3002 	strd	r3, r0, [sp, #8]
10002e6c:	9101      	str	r1, [sp, #4]
10002e6e:	464b      	mov	r3, r9
10002e70:	4651      	mov	r1, sl
10002e72:	4658      	mov	r0, fp
10002e74:	9604      	str	r6, [sp, #16]
10002e76:	f7fe ffaf 	bl	10001dd8 <_ntoa_format>
10002e7a:	950a      	str	r5, [sp, #40]	@ 0x28
10002e7c:	4680      	mov	r8, r0
10002e7e:	e5d7      	b.n	10002a30 <_vsnprintf+0x3c>
10002e80:	2858      	cmp	r0, #88	@ 0x58
10002e82:	d062      	beq.n	10002f4a <_vsnprintf+0x556>
10002e84:	2862      	cmp	r0, #98	@ 0x62
10002e86:	f040 808f 	bne.w	10002fa8 <_vsnprintf+0x5b4>
10002e8a:	2702      	movs	r7, #2
10002e8c:	46bc      	mov	ip, r7
10002e8e:	f413 6080 	ands.w	r0, r3, #1024	@ 0x400
10002e92:	f000 80dd 	beq.w	10003050 <_vsnprintf+0x65c>
10002e96:	f023 030d 	bic.w	r3, r3, #13
10002e9a:	f413 7200 	ands.w	r2, r3, #512	@ 0x200
10002e9e:	f040 8181 	bne.w	100031a4 <_vsnprintf+0x7b0>
10002ea2:	990a      	ldr	r1, [sp, #40]	@ 0x28
10002ea4:	1d0f      	adds	r7, r1, #4
10002ea6:	f413 7180 	ands.w	r1, r3, #256	@ 0x100
10002eaa:	f040 8237 	bne.w	1000331c <_vsnprintf+0x928>
10002eae:	065c      	lsls	r4, r3, #25
10002eb0:	9a0a      	ldr	r2, [sp, #40]	@ 0x28
10002eb2:	f140 813b 	bpl.w	1000312c <_vsnprintf+0x738>
10002eb6:	7812      	ldrb	r2, [r2, #0]
10002eb8:	2a00      	cmp	r2, #0
10002eba:	f040 814e 	bne.w	1000315a <_vsnprintf+0x766>
10002ebe:	f023 0310 	bic.w	r3, r3, #16
10002ec2:	2800      	cmp	r0, #0
10002ec4:	f000 8149 	beq.w	1000315a <_vsnprintf+0x766>
10002ec8:	4611      	mov	r1, r2
10002eca:	aa12      	add	r2, sp, #72	@ 0x48
10002ecc:	920b      	str	r2, [sp, #44]	@ 0x2c
10002ece:	e9cd 5305 	strd	r5, r3, [sp, #20]
10002ed2:	e9cd c603 	strd	ip, r6, [sp, #12]
10002ed6:	9101      	str	r1, [sp, #4]
10002ed8:	9b0b      	ldr	r3, [sp, #44]	@ 0x2c
10002eda:	4642      	mov	r2, r8
10002edc:	9300      	str	r3, [sp, #0]
10002ede:	2300      	movs	r3, #0
10002ee0:	4651      	mov	r1, sl
10002ee2:	9302      	str	r3, [sp, #8]
10002ee4:	4658      	mov	r0, fp
10002ee6:	464b      	mov	r3, r9
10002ee8:	f7fe ff76 	bl	10001dd8 <_ntoa_format>
10002eec:	970a      	str	r7, [sp, #40]	@ 0x28
10002eee:	4680      	mov	r8, r0
10002ef0:	e59e      	b.n	10002a30 <_vsnprintf+0x3c>
10002ef2:	f443 6300 	orr.w	r3, r3, #2048	@ 0x800
10002ef6:	e729      	b.n	10002d4c <_vsnprintf+0x358>
10002ef8:	2708      	movs	r7, #8
10002efa:	46bc      	mov	ip, r7
10002efc:	e7c7      	b.n	10002e8e <_vsnprintf+0x49a>
10002efe:	f443 6300 	orr.w	r3, r3, #2048	@ 0x800
10002f02:	f043 0320 	orr.w	r3, r3, #32
10002f06:	e721      	b.n	10002d4c <_vsnprintf+0x358>
10002f08:	f013 0302 	ands.w	r3, r3, #2
10002f0c:	f000 818e 	beq.w	1000322c <_vsnprintf+0x838>
10002f10:	2302      	movs	r3, #2
10002f12:	950a      	str	r5, [sp, #40]	@ 0x28
10002f14:	461e      	mov	r6, r3
10002f16:	460d      	mov	r5, r1
10002f18:	4642      	mov	r2, r8
10002f1a:	464b      	mov	r3, r9
10002f1c:	4651      	mov	r1, sl
10002f1e:	47d8      	blx	fp
10002f20:	f817 0f01 	ldrb.w	r0, [r7, #1]!
10002f24:	f108 0801 	add.w	r8, r8, #1
10002f28:	2800      	cmp	r0, #0
10002f2a:	d1f5      	bne.n	10002f18 <_vsnprintf+0x524>
10002f2c:	4629      	mov	r1, r5
10002f2e:	4633      	mov	r3, r6
10002f30:	9d0a      	ldr	r5, [sp, #40]	@ 0x28
10002f32:	e6e3      	b.n	10002cfc <_vsnprintf+0x308>
10002f34:	1bd4      	subs	r4, r2, r7
10002f36:	e6c2      	b.n	10002cbe <_vsnprintf+0x2ca>
10002f38:	460a      	mov	r2, r1
10002f3a:	7888      	ldrb	r0, [r1, #2]
10002f3c:	f043 03c0 	orr.w	r3, r3, #192	@ 0xc0
10002f40:	3203      	adds	r2, #3
10002f42:	e5d4      	b.n	10002aee <_vsnprintf+0xfa>
10002f44:	4604      	mov	r4, r0
10002f46:	4680      	mov	r8, r0
10002f48:	e646      	b.n	10002bd8 <_vsnprintf+0x1e4>
10002f4a:	2710      	movs	r7, #16
10002f4c:	f043 0320 	orr.w	r3, r3, #32
10002f50:	46bc      	mov	ip, r7
10002f52:	e79c      	b.n	10002e8e <_vsnprintf+0x49a>
10002f54:	2d01      	cmp	r5, #1
10002f56:	f240 80f8 	bls.w	1000314a <_vsnprintf+0x756>
10002f5a:	4646      	mov	r6, r8
10002f5c:	f108 37ff 	add.w	r7, r8, #4294967295
10002f60:	442f      	add	r7, r5
10002f62:	4632      	mov	r2, r6
10002f64:	464b      	mov	r3, r9
10002f66:	4651      	mov	r1, sl
10002f68:	2020      	movs	r0, #32
10002f6a:	3601      	adds	r6, #1
10002f6c:	47d8      	blx	fp
10002f6e:	42be      	cmp	r6, r7
10002f70:	d1f7      	bne.n	10002f62 <_vsnprintf+0x56e>
10002f72:	9b0a      	ldr	r3, [sp, #40]	@ 0x28
10002f74:	4632      	mov	r2, r6
10002f76:	7818      	ldrb	r0, [r3, #0]
10002f78:	4651      	mov	r1, sl
10002f7a:	464b      	mov	r3, r9
10002f7c:	47d8      	blx	fp
10002f7e:	44a8      	add	r8, r5
10002f80:	940a      	str	r4, [sp, #40]	@ 0x28
10002f82:	e555      	b.n	10002a30 <_vsnprintf+0x3c>
10002f84:	4646      	mov	r6, r8
10002f86:	42a5      	cmp	r5, r4
10002f88:	f67f aebb 	bls.w	10002d02 <_vsnprintf+0x30e>
10002f8c:	44a8      	add	r8, r5
10002f8e:	eba8 0804 	sub.w	r8, r8, r4
10002f92:	460c      	mov	r4, r1
10002f94:	4632      	mov	r2, r6
10002f96:	464b      	mov	r3, r9
10002f98:	4651      	mov	r1, sl
10002f9a:	2020      	movs	r0, #32
10002f9c:	3601      	adds	r6, #1
10002f9e:	47d8      	blx	fp
10002fa0:	4546      	cmp	r6, r8
10002fa2:	d1f7      	bne.n	10002f94 <_vsnprintf+0x5a0>
10002fa4:	4621      	mov	r1, r4
10002fa6:	e6ac      	b.n	10002d02 <_vsnprintf+0x30e>
10002fa8:	f413 6280 	ands.w	r2, r3, #1024	@ 0x400
10002fac:	f000 80bb 	beq.w	10003126 <_vsnprintf+0x732>
10002fb0:	f44f 6280 	mov.w	r2, #1024	@ 0x400
10002fb4:	f023 0c11 	bic.w	ip, r3, #17
10002fb8:	f41c 7700 	ands.w	r7, ip, #512	@ 0x200
10002fbc:	9b0a      	ldr	r3, [sp, #40]	@ 0x28
10002fbe:	d14a      	bne.n	10003056 <_vsnprintf+0x662>
10002fc0:	f41c 7080 	ands.w	r0, ip, #256	@ 0x100
10002fc4:	f103 0404 	add.w	r4, r3, #4
10002fc8:	f040 8134 	bne.w	10003234 <_vsnprintf+0x840>
10002fcc:	f01c 0f40 	tst.w	ip, #64	@ 0x40
10002fd0:	f040 80a3 	bne.w	1000311a <_vsnprintf+0x726>
10002fd4:	f01c 0f80 	tst.w	ip, #128	@ 0x80
10002fd8:	f000 81d3 	beq.w	10003382 <_vsnprintf+0x98e>
10002fdc:	f9b3 1000 	ldrsh.w	r1, [r3]
10002fe0:	ea81 77e1 	eor.w	r7, r1, r1, asr #31
10002fe4:	eba7 77e1 	sub.w	r7, r7, r1, asr #31
10002fe8:	b2bf      	uxth	r7, r7
10002fea:	0fcb      	lsrs	r3, r1, #31
10002fec:	2900      	cmp	r1, #0
10002fee:	f000 8156 	beq.w	1000329e <_vsnprintf+0x8aa>
10002ff2:	463a      	mov	r2, r7
10002ff4:	a912      	add	r1, sp, #72	@ 0x48
10002ff6:	460f      	mov	r7, r1
10002ff8:	f8df e3d8 	ldr.w	lr, [pc, #984]	@ 100033d4 <_vsnprintf+0x9e0>
10002ffc:	910b      	str	r1, [sp, #44]	@ 0x2c
10002ffe:	930a      	str	r3, [sp, #40]	@ 0x28
10003000:	950c      	str	r5, [sp, #48]	@ 0x30
10003002:	e001      	b.n	10003008 <_vsnprintf+0x614>
10003004:	2820      	cmp	r0, #32
10003006:	d00f      	beq.n	10003028 <_vsnprintf+0x634>
10003008:	4615      	mov	r5, r2
1000300a:	fbae 1302 	umull	r1, r3, lr, r2
1000300e:	08db      	lsrs	r3, r3, #3
10003010:	eb03 0183 	add.w	r1, r3, r3, lsl #2
10003014:	eba2 0141 	sub.w	r1, r2, r1, lsl #1
10003018:	3130      	adds	r1, #48	@ 0x30
1000301a:	2d09      	cmp	r5, #9
1000301c:	461a      	mov	r2, r3
1000301e:	f100 0001 	add.w	r0, r0, #1
10003022:	f807 1b01 	strb.w	r1, [r7], #1
10003026:	d8ed      	bhi.n	10003004 <_vsnprintf+0x610>
10003028:	9b0a      	ldr	r3, [sp, #40]	@ 0x28
1000302a:	9d0c      	ldr	r5, [sp, #48]	@ 0x30
1000302c:	e9cd 5c05 	strd	r5, ip, [sp, #20]
10003030:	e9cd 0301 	strd	r0, r3, [sp, #4]
10003034:	9604      	str	r6, [sp, #16]
10003036:	9b0b      	ldr	r3, [sp, #44]	@ 0x2c
10003038:	4642      	mov	r2, r8
1000303a:	9300      	str	r3, [sp, #0]
1000303c:	230a      	movs	r3, #10
1000303e:	4651      	mov	r1, sl
10003040:	9303      	str	r3, [sp, #12]
10003042:	4658      	mov	r0, fp
10003044:	464b      	mov	r3, r9
10003046:	f7fe fec7 	bl	10001dd8 <_ntoa_format>
1000304a:	940a      	str	r4, [sp, #40]	@ 0x28
1000304c:	4680      	mov	r8, r0
1000304e:	e4ef      	b.n	10002a30 <_vsnprintf+0x3c>
10003050:	f023 030c 	bic.w	r3, r3, #12
10003054:	e721      	b.n	10002e9a <_vsnprintf+0x4a6>
10003056:	3307      	adds	r3, #7
10003058:	f023 0307 	bic.w	r3, r3, #7
1000305c:	4619      	mov	r1, r3
1000305e:	4608      	mov	r0, r1
10003060:	685b      	ldr	r3, [r3, #4]
10003062:	f850 1b08 	ldr.w	r1, [r0], #8
10003066:	0fdf      	lsrs	r7, r3, #31
10003068:	900a      	str	r0, [sp, #40]	@ 0x28
1000306a:	ea51 0003 	orrs.w	r0, r1, r3
1000306e:	d162      	bne.n	10003136 <_vsnprintf+0x742>
10003070:	2a00      	cmp	r2, #0
10003072:	f040 819f 	bne.w	100033b4 <_vsnprintf+0x9c0>
10003076:	4613      	mov	r3, r2
10003078:	4611      	mov	r1, r2
1000307a:	aa12      	add	r2, sp, #72	@ 0x48
1000307c:	e9cd 750c 	strd	r7, r5, [sp, #48]	@ 0x30
10003080:	2000      	movs	r0, #0
10003082:	4615      	mov	r5, r2
10003084:	e9cd 680e 	strd	r6, r8, [sp, #56]	@ 0x38
10003088:	f8df e348 	ldr.w	lr, [pc, #840]	@ 100033d4 <_vsnprintf+0x9e0>
1000308c:	920b      	str	r2, [sp, #44]	@ 0x2c
1000308e:	e001      	b.n	10003094 <_vsnprintf+0x6a0>
10003090:	2820      	cmp	r0, #32
10003092:	d02d      	beq.n	100030f0 <_vsnprintf+0x6fc>
10003094:	185a      	adds	r2, r3, r1
10003096:	f142 0200 	adc.w	r2, r2, #0
1000309a:	fbae 7802 	umull	r7, r8, lr, r2
1000309e:	f028 0703 	bic.w	r7, r8, #3
100030a2:	eb07 0798 	add.w	r7, r7, r8, lsr #2
100030a6:	1bd2      	subs	r2, r2, r7
100030a8:	461e      	mov	r6, r3
100030aa:	1a9b      	subs	r3, r3, r2
100030ac:	f161 0700 	sbc.w	r7, r1, #0
100030b0:	460c      	mov	r4, r1
100030b2:	f04f 31cc 	mov.w	r1, #3435973836	@ 0xcccccccc
100030b6:	fb01 f103 	mul.w	r1, r1, r3
100030ba:	fb0e 1107 	mla	r1, lr, r7, r1
100030be:	fba3 730e 	umull	r7, r3, r3, lr
100030c2:	4419      	add	r1, r3
100030c4:	2305      	movs	r3, #5
100030c6:	f007 0801 	and.w	r8, r7, #1
100030ca:	fba8 3803 	umull	r3, r8, r8, r3
100030ce:	189b      	adds	r3, r3, r2
100030d0:	2e0a      	cmp	r6, #10
100030d2:	f103 0330 	add.w	r3, r3, #48	@ 0x30
100030d6:	ea4f 0757 	mov.w	r7, r7, lsr #1
100030da:	f174 0400 	sbcs.w	r4, r4, #0
100030de:	f805 3b01 	strb.w	r3, [r5], #1
100030e2:	f100 0001 	add.w	r0, r0, #1
100030e6:	ea47 73c1 	orr.w	r3, r7, r1, lsl #31
100030ea:	ea4f 0151 	mov.w	r1, r1, lsr #1
100030ee:	d2cf      	bcs.n	10003090 <_vsnprintf+0x69c>
100030f0:	e9dd 750c 	ldrd	r7, r5, [sp, #48]	@ 0x30
100030f4:	e9dd 680e 	ldrd	r6, r8, [sp, #56]	@ 0x38
100030f8:	9b0b      	ldr	r3, [sp, #44]	@ 0x2c
100030fa:	4642      	mov	r2, r8
100030fc:	9300      	str	r3, [sp, #0]
100030fe:	230a      	movs	r3, #10
10003100:	e9cd 5c05 	strd	r5, ip, [sp, #20]
10003104:	e9cd 0701 	strd	r0, r7, [sp, #4]
10003108:	9604      	str	r6, [sp, #16]
1000310a:	9303      	str	r3, [sp, #12]
1000310c:	464b      	mov	r3, r9
1000310e:	4651      	mov	r1, sl
10003110:	4658      	mov	r0, fp
10003112:	f7fe fe61 	bl	10001dd8 <_ntoa_format>
10003116:	4680      	mov	r8, r0
10003118:	e48a      	b.n	10002a30 <_vsnprintf+0x3c>
1000311a:	7819      	ldrb	r1, [r3, #0]
1000311c:	460f      	mov	r7, r1
1000311e:	e764      	b.n	10002fea <_vsnprintf+0x5f6>
10003120:	2710      	movs	r7, #16
10003122:	46bc      	mov	ip, r7
10003124:	e6b3      	b.n	10002e8e <_vsnprintf+0x49a>
10003126:	f023 0c10 	bic.w	ip, r3, #16
1000312a:	e745      	b.n	10002fb8 <_vsnprintf+0x5c4>
1000312c:	061c      	lsls	r4, r3, #24
1000312e:	bf4c      	ite	mi
10003130:	8812      	ldrhmi	r2, [r2, #0]
10003132:	6812      	ldrpl	r2, [r2, #0]
10003134:	e6c0      	b.n	10002eb8 <_vsnprintf+0x4c4>
10003136:	460a      	mov	r2, r1
10003138:	1e19      	subs	r1, r3, #0
1000313a:	db01      	blt.n	10003140 <_vsnprintf+0x74c>
1000313c:	4613      	mov	r3, r2
1000313e:	e79c      	b.n	1000307a <_vsnprintf+0x686>
10003140:	4252      	negs	r2, r2
10003142:	4613      	mov	r3, r2
10003144:	eb61 0141 	sbc.w	r1, r1, r1, lsl #1
10003148:	e797      	b.n	1000307a <_vsnprintf+0x686>
1000314a:	4613      	mov	r3, r2
1000314c:	4651      	mov	r1, sl
1000314e:	7818      	ldrb	r0, [r3, #0]
10003150:	4642      	mov	r2, r8
10003152:	464b      	mov	r3, r9
10003154:	47d8      	blx	fp
10003156:	46b0      	mov	r8, r6
10003158:	e648      	b.n	10002dec <_vsnprintf+0x3f8>
1000315a:	f013 0f20 	tst.w	r3, #32
1000315e:	bf14      	ite	ne
10003160:	2041      	movne	r0, #65	@ 0x41
10003162:	2061      	moveq	r0, #97	@ 0x61
10003164:	ac12      	add	r4, sp, #72	@ 0x48
10003166:	46a6      	mov	lr, r4
10003168:	940b      	str	r4, [sp, #44]	@ 0x2c
1000316a:	930a      	str	r3, [sp, #40]	@ 0x28
1000316c:	f1a0 040a 	sub.w	r4, r0, #10
10003170:	950c      	str	r5, [sp, #48]	@ 0x30
10003172:	e002      	b.n	1000317a <_vsnprintf+0x786>
10003174:	2920      	cmp	r1, #32
10003176:	d012      	beq.n	1000319e <_vsnprintf+0x7aa>
10003178:	462a      	mov	r2, r5
1000317a:	fbb2 f5fc 	udiv	r5, r2, ip
1000317e:	fb0c 2015 	mls	r0, ip, r5, r2
10003182:	b2c3      	uxtb	r3, r0
10003184:	2809      	cmp	r0, #9
10003186:	f103 0030 	add.w	r0, r3, #48	@ 0x30
1000318a:	bf8a      	itet	hi
1000318c:	191b      	addhi	r3, r3, r4
1000318e:	b2c3      	uxtbls	r3, r0
10003190:	b2db      	uxtbhi	r3, r3
10003192:	4562      	cmp	r2, ip
10003194:	f80e 3b01 	strb.w	r3, [lr], #1
10003198:	f101 0101 	add.w	r1, r1, #1
1000319c:	d2ea      	bcs.n	10003174 <_vsnprintf+0x780>
1000319e:	9b0a      	ldr	r3, [sp, #40]	@ 0x28
100031a0:	9d0c      	ldr	r5, [sp, #48]	@ 0x30
100031a2:	e694      	b.n	10002ece <_vsnprintf+0x4da>
100031a4:	9a0a      	ldr	r2, [sp, #40]	@ 0x28
100031a6:	3207      	adds	r2, #7
100031a8:	f022 0207 	bic.w	r2, r2, #7
100031ac:	6851      	ldr	r1, [r2, #4]
100031ae:	f852 4b08 	ldr.w	r4, [r2], #8
100031b2:	468e      	mov	lr, r1
100031b4:	920a      	str	r2, [sp, #40]	@ 0x28
100031b6:	ea54 0201 	orrs.w	r2, r4, r1
100031ba:	d176      	bne.n	100032aa <_vsnprintf+0x8b6>
100031bc:	f023 0310 	bic.w	r3, r3, #16
100031c0:	2800      	cmp	r0, #0
100031c2:	d072      	beq.n	100032aa <_vsnprintf+0x8b6>
100031c4:	2200      	movs	r2, #0
100031c6:	4611      	mov	r1, r2
100031c8:	aa12      	add	r2, sp, #72	@ 0x48
100031ca:	920b      	str	r2, [sp, #44]	@ 0x2c
100031cc:	e9cd 5305 	strd	r5, r3, [sp, #20]
100031d0:	9b0b      	ldr	r3, [sp, #44]	@ 0x2c
100031d2:	4642      	mov	r2, r8
100031d4:	9300      	str	r3, [sp, #0]
100031d6:	2300      	movs	r3, #0
100031d8:	e9cd c603 	strd	ip, r6, [sp, #12]
100031dc:	9101      	str	r1, [sp, #4]
100031de:	9302      	str	r3, [sp, #8]
100031e0:	e794      	b.n	1000310c <_vsnprintf+0x718>
100031e2:	42a5      	cmp	r5, r4
100031e4:	bf98      	it	ls
100031e6:	3401      	addls	r4, #1
100031e8:	f67f ad74 	bls.w	10002cd4 <_vsnprintf+0x2e0>
100031ec:	f44f 6380 	mov.w	r3, #1024	@ 0x400
100031f0:	e9cd 750a 	strd	r7, r5, [sp, #40]	@ 0x28
100031f4:	eb05 0208 	add.w	r2, r5, r8
100031f8:	461f      	mov	r7, r3
100031fa:	460d      	mov	r5, r1
100031fc:	1b14      	subs	r4, r2, r4
100031fe:	4642      	mov	r2, r8
10003200:	464b      	mov	r3, r9
10003202:	4651      	mov	r1, sl
10003204:	2020      	movs	r0, #32
10003206:	f108 0801 	add.w	r8, r8, #1
1000320a:	47d8      	blx	fp
1000320c:	45a0      	cmp	r8, r4
1000320e:	d1f6      	bne.n	100031fe <_vsnprintf+0x80a>
10003210:	463b      	mov	r3, r7
10003212:	9f0a      	ldr	r7, [sp, #40]	@ 0x28
10003214:	4629      	mov	r1, r5
10003216:	7838      	ldrb	r0, [r7, #0]
10003218:	9d0b      	ldr	r5, [sp, #44]	@ 0x2c
1000321a:	1c6c      	adds	r4, r5, #1
1000321c:	2800      	cmp	r0, #0
1000321e:	f43f ad70 	beq.w	10002d02 <_vsnprintf+0x30e>
10003222:	2b00      	cmp	r3, #0
10003224:	f43f ae75 	beq.w	10002f12 <_vsnprintf+0x51e>
10003228:	2300      	movs	r3, #0
1000322a:	e553      	b.n	10002cd4 <_vsnprintf+0x2e0>
1000322c:	42a5      	cmp	r5, r4
1000322e:	d8df      	bhi.n	100031f0 <_vsnprintf+0x7fc>
10003230:	3401      	adds	r4, #1
10003232:	e66e      	b.n	10002f12 <_vsnprintf+0x51e>
10003234:	6819      	ldr	r1, [r3, #0]
10003236:	0fcb      	lsrs	r3, r1, #31
10003238:	2900      	cmp	r1, #0
1000323a:	f000 80a8 	beq.w	1000338e <_vsnprintf+0x99a>
1000323e:	ea81 72e1 	eor.w	r2, r1, r1, asr #31
10003242:	eba2 72e1 	sub.w	r2, r2, r1, asr #31
10003246:	a912      	add	r1, sp, #72	@ 0x48
10003248:	4608      	mov	r0, r1
1000324a:	f8df e188 	ldr.w	lr, [pc, #392]	@ 100033d4 <_vsnprintf+0x9e0>
1000324e:	910b      	str	r1, [sp, #44]	@ 0x2c
10003250:	930a      	str	r3, [sp, #40]	@ 0x28
10003252:	950c      	str	r5, [sp, #48]	@ 0x30
10003254:	e001      	b.n	1000325a <_vsnprintf+0x866>
10003256:	2f20      	cmp	r7, #32
10003258:	d00f      	beq.n	1000327a <_vsnprintf+0x886>
1000325a:	4615      	mov	r5, r2
1000325c:	fbae 1302 	umull	r1, r3, lr, r2
10003260:	08db      	lsrs	r3, r3, #3
10003262:	eb03 0183 	add.w	r1, r3, r3, lsl #2
10003266:	eba2 0141 	sub.w	r1, r2, r1, lsl #1
1000326a:	3130      	adds	r1, #48	@ 0x30
1000326c:	2d09      	cmp	r5, #9
1000326e:	461a      	mov	r2, r3
10003270:	f107 0701 	add.w	r7, r7, #1
10003274:	f800 1b01 	strb.w	r1, [r0], #1
10003278:	d8ed      	bhi.n	10003256 <_vsnprintf+0x862>
1000327a:	9b0a      	ldr	r3, [sp, #40]	@ 0x28
1000327c:	9d0c      	ldr	r5, [sp, #48]	@ 0x30
1000327e:	e9cd 5c05 	strd	r5, ip, [sp, #20]
10003282:	e9cd 7301 	strd	r7, r3, [sp, #4]
10003286:	9604      	str	r6, [sp, #16]
10003288:	e6d5      	b.n	10003036 <_vsnprintf+0x642>
1000328a:	2869      	cmp	r0, #105	@ 0x69
1000328c:	f023 0c10 	bic.w	ip, r3, #16
10003290:	f040 808c 	bne.w	100033ac <_vsnprintf+0x9b8>
10003294:	f413 6280 	ands.w	r2, r3, #1024	@ 0x400
10003298:	f43f ae8e 	beq.w	10002fb8 <_vsnprintf+0x5c4>
1000329c:	e688      	b.n	10002fb0 <_vsnprintf+0x5bc>
1000329e:	2a00      	cmp	r2, #0
100032a0:	f43f aea8 	beq.w	10002ff4 <_vsnprintf+0x600>
100032a4:	aa12      	add	r2, sp, #72	@ 0x48
100032a6:	920b      	str	r2, [sp, #44]	@ 0x2c
100032a8:	e6c0      	b.n	1000302c <_vsnprintf+0x638>
100032aa:	f013 0f20 	tst.w	r3, #32
100032ae:	bf14      	ite	ne
100032b0:	2241      	movne	r2, #65	@ 0x41
100032b2:	2261      	moveq	r2, #97	@ 0x61
100032b4:	2000      	movs	r0, #0
100032b6:	a912      	add	r1, sp, #72	@ 0x48
100032b8:	3a0a      	subs	r2, #10
100032ba:	e9cd 680e 	strd	r6, r8, [sp, #56]	@ 0x38
100032be:	e9cd 350c 	strd	r3, r5, [sp, #48]	@ 0x30
100032c2:	f8cd b044 	str.w	fp, [sp, #68]	@ 0x44
100032c6:	4606      	mov	r6, r0
100032c8:	4688      	mov	r8, r1
100032ca:	4675      	mov	r5, lr
100032cc:	4693      	mov	fp, r2
100032ce:	910b      	str	r1, [sp, #44]	@ 0x2c
100032d0:	f8cd c040 	str.w	ip, [sp, #64]	@ 0x40
100032d4:	e003      	b.n	100032de <_vsnprintf+0x8ea>
100032d6:	2e20      	cmp	r6, #32
100032d8:	d017      	beq.n	1000330a <_vsnprintf+0x916>
100032da:	4604      	mov	r4, r0
100032dc:	460d      	mov	r5, r1
100032de:	4629      	mov	r1, r5
100032e0:	463a      	mov	r2, r7
100032e2:	2300      	movs	r3, #0
100032e4:	4620      	mov	r0, r4
100032e6:	f005 fb37 	bl	10008958 <____aeabi_uldivmod_veneer>
100032ea:	b2d2      	uxtb	r2, r2
100032ec:	2a09      	cmp	r2, #9
100032ee:	f102 0330 	add.w	r3, r2, #48	@ 0x30
100032f2:	bf88      	it	hi
100032f4:	eb02 030b 	addhi.w	r3, r2, fp
100032f8:	42bc      	cmp	r4, r7
100032fa:	b2db      	uxtb	r3, r3
100032fc:	f175 0500 	sbcs.w	r5, r5, #0
10003300:	f808 3b01 	strb.w	r3, [r8], #1
10003304:	f106 0601 	add.w	r6, r6, #1
10003308:	d2e5      	bcs.n	100032d6 <_vsnprintf+0x8e2>
1000330a:	4631      	mov	r1, r6
1000330c:	e9dd 350c 	ldrd	r3, r5, [sp, #48]	@ 0x30
10003310:	e9dd cb10 	ldrd	ip, fp, [sp, #64]	@ 0x40
10003314:	f8dd 803c 	ldr.w	r8, [sp, #60]	@ 0x3c
10003318:	9e0e      	ldr	r6, [sp, #56]	@ 0x38
1000331a:	e757      	b.n	100031cc <_vsnprintf+0x7d8>
1000331c:	990a      	ldr	r1, [sp, #40]	@ 0x28
1000331e:	6809      	ldr	r1, [r1, #0]
10003320:	b951      	cbnz	r1, 10003338 <_vsnprintf+0x944>
10003322:	f023 0310 	bic.w	r3, r3, #16
10003326:	b138      	cbz	r0, 10003338 <_vsnprintf+0x944>
10003328:	a912      	add	r1, sp, #72	@ 0x48
1000332a:	910b      	str	r1, [sp, #44]	@ 0x2c
1000332c:	e9cd 5305 	strd	r5, r3, [sp, #20]
10003330:	e9cd c603 	strd	ip, r6, [sp, #12]
10003334:	9201      	str	r2, [sp, #4]
10003336:	e5cf      	b.n	10002ed8 <_vsnprintf+0x4e4>
10003338:	f013 0f20 	tst.w	r3, #32
1000333c:	bf14      	ite	ne
1000333e:	2041      	movne	r0, #65	@ 0x41
10003340:	2061      	moveq	r0, #97	@ 0x61
10003342:	ac12      	add	r4, sp, #72	@ 0x48
10003344:	46a6      	mov	lr, r4
10003346:	940b      	str	r4, [sp, #44]	@ 0x2c
10003348:	930a      	str	r3, [sp, #40]	@ 0x28
1000334a:	f1a0 040a 	sub.w	r4, r0, #10
1000334e:	950c      	str	r5, [sp, #48]	@ 0x30
10003350:	e002      	b.n	10003358 <_vsnprintf+0x964>
10003352:	2a20      	cmp	r2, #32
10003354:	d012      	beq.n	1000337c <_vsnprintf+0x988>
10003356:	4629      	mov	r1, r5
10003358:	fbb1 f5fc 	udiv	r5, r1, ip
1000335c:	fb0c 1015 	mls	r0, ip, r5, r1
10003360:	b2c3      	uxtb	r3, r0
10003362:	2809      	cmp	r0, #9
10003364:	f103 0030 	add.w	r0, r3, #48	@ 0x30
10003368:	bf8a      	itet	hi
1000336a:	191b      	addhi	r3, r3, r4
1000336c:	b2c3      	uxtbls	r3, r0
1000336e:	b2db      	uxtbhi	r3, r3
10003370:	4561      	cmp	r1, ip
10003372:	f80e 3b01 	strb.w	r3, [lr], #1
10003376:	f102 0201 	add.w	r2, r2, #1
1000337a:	d2ea      	bcs.n	10003352 <_vsnprintf+0x95e>
1000337c:	9b0a      	ldr	r3, [sp, #40]	@ 0x28
1000337e:	9d0c      	ldr	r5, [sp, #48]	@ 0x30
10003380:	e7d4      	b.n	1000332c <_vsnprintf+0x938>
10003382:	6819      	ldr	r1, [r3, #0]
10003384:	ea81 77e1 	eor.w	r7, r1, r1, asr #31
10003388:	eba7 77e1 	sub.w	r7, r7, r1, asr #31
1000338c:	e62d      	b.n	10002fea <_vsnprintf+0x5f6>
1000338e:	2a00      	cmp	r2, #0
10003390:	f43f af59 	beq.w	10003246 <_vsnprintf+0x852>
10003394:	aa12      	add	r2, sp, #72	@ 0x48
10003396:	920b      	str	r2, [sp, #44]	@ 0x2c
10003398:	e771      	b.n	1000327e <_vsnprintf+0x88a>
1000339a:	f413 6480 	ands.w	r4, r3, #1024	@ 0x400
1000339e:	d00d      	beq.n	100033bc <_vsnprintf+0x9c8>
100033a0:	f013 0402 	ands.w	r4, r3, #2
100033a4:	d012      	beq.n	100033cc <_vsnprintf+0x9d8>
100033a6:	4604      	mov	r4, r0
100033a8:	4646      	mov	r6, r8
100033aa:	e5ec      	b.n	10002f86 <_vsnprintf+0x592>
100033ac:	270a      	movs	r7, #10
100033ae:	4663      	mov	r3, ip
100033b0:	46bc      	mov	ip, r7
100033b2:	e56c      	b.n	10002e8e <_vsnprintf+0x49a>
100033b4:	ab12      	add	r3, sp, #72	@ 0x48
100033b6:	2000      	movs	r0, #0
100033b8:	930b      	str	r3, [sp, #44]	@ 0x2c
100033ba:	e69d      	b.n	100030f8 <_vsnprintf+0x704>
100033bc:	f013 0302 	ands.w	r3, r3, #2
100033c0:	f47f ade0 	bne.w	10002f84 <_vsnprintf+0x590>
100033c4:	2d00      	cmp	r5, #0
100033c6:	f47f af13 	bne.w	100031f0 <_vsnprintf+0x7fc>
100033ca:	e49a      	b.n	10002d02 <_vsnprintf+0x30e>
100033cc:	2d00      	cmp	r5, #0
100033ce:	f47f af0d 	bne.w	100031ec <_vsnprintf+0x7f8>
100033d2:	e496      	b.n	10002d02 <_vsnprintf+0x30e>
100033d4:	cccccccd 	.word	0xcccccccd

100033d8 <vfctprintf>:
100033d8:	b570      	push	{r4, r5, r6, lr}
100033da:	4694      	mov	ip, r2
100033dc:	461e      	mov	r6, r3
100033de:	4605      	mov	r5, r0
100033e0:	460c      	mov	r4, r1
100033e2:	b084      	sub	sp, #16
100033e4:	f04f 32ff 	mov.w	r2, #4294967295
100033e8:	4663      	mov	r3, ip
100033ea:	a902      	add	r1, sp, #8
100033ec:	9600      	str	r6, [sp, #0]
100033ee:	4803      	ldr	r0, [pc, #12]	@ (100033fc <vfctprintf+0x24>)
100033f0:	e9cd 5402 	strd	r5, r4, [sp, #8]
100033f4:	f7ff fafe 	bl	100029f4 <_vsnprintf>
100033f8:	b004      	add	sp, #16
100033fa:	bd70      	pop	{r4, r5, r6, pc}
100033fc:	10001fb5 	.word	0x10001fb5

10003400 <weak_raw_vprintf>:
10003400:	b510      	push	{r4, lr}
10003402:	4b09      	ldr	r3, [pc, #36]	@ (10003428 <weak_raw_vprintf+0x28>)
10003404:	b084      	sub	sp, #16
10003406:	681c      	ldr	r4, [r3, #0]
10003408:	b14c      	cbz	r4, 1000341e <weak_raw_vprintf+0x1e>
1000340a:	4603      	mov	r3, r0
1000340c:	9100      	str	r1, [sp, #0]
1000340e:	f04f 32ff 	mov.w	r2, #4294967295
10003412:	a903      	add	r1, sp, #12
10003414:	4805      	ldr	r0, [pc, #20]	@ (1000342c <weak_raw_vprintf+0x2c>)
10003416:	47a0      	blx	r4
10003418:	2001      	movs	r0, #1
1000341a:	b004      	add	sp, #16
1000341c:	bd10      	pop	{r4, pc}
1000341e:	f000 f98f 	bl	10003740 <__wrap_puts>
10003422:	4620      	mov	r0, r4
10003424:	b004      	add	sp, #16
10003426:	bd10      	pop	{r4, pc}
10003428:	200024f4 	.word	0x200024f4
1000342c:	10001fad 	.word	0x10001fad

10003430 <_exit>:
10003430:	be00      	bkpt	0x0000
10003432:	e7fd      	b.n	10003430 <_exit>

10003434 <_sbrk>:
10003434:	4a07      	ldr	r2, [pc, #28]	@ (10003454 <_sbrk+0x20>)
10003436:	4603      	mov	r3, r0
10003438:	6810      	ldr	r0, [r2, #0]
1000343a:	b138      	cbz	r0, 1000344c <_sbrk+0x18>
1000343c:	4906      	ldr	r1, [pc, #24]	@ (10003458 <_sbrk+0x24>)
1000343e:	4403      	add	r3, r0
10003440:	428b      	cmp	r3, r1
10003442:	bf8c      	ite	hi
10003444:	f04f 30ff 	movhi.w	r0, #4294967295
10003448:	6013      	strls	r3, [r2, #0]
1000344a:	4770      	bx	lr
1000344c:	4903      	ldr	r1, [pc, #12]	@ (1000345c <_sbrk+0x28>)
1000344e:	4608      	mov	r0, r1
10003450:	6011      	str	r1, [r2, #0]
10003452:	e7f3      	b.n	1000343c <_sbrk+0x8>
10003454:	200020f0 	.word	0x200020f0
10003458:	20080000 	.word	0x20080000
1000345c:	200026dc 	.word	0x200026dc

10003460 <exit>:
10003460:	b508      	push	{r3, lr}
10003462:	f7ff ffe5 	bl	10003430 <_exit>
10003466:	bf00      	nop

10003468 <runtime_init>:
10003468:	b538      	push	{r3, r4, r5, lr}
1000346a:	4c06      	ldr	r4, [pc, #24]	@ (10003484 <runtime_init+0x1c>)
1000346c:	4d06      	ldr	r5, [pc, #24]	@ (10003488 <runtime_init+0x20>)
1000346e:	f7fe fa01 	bl	10001874 <runtime_run_initializers>
10003472:	42ac      	cmp	r4, r5
10003474:	d204      	bcs.n	10003480 <runtime_init+0x18>
10003476:	f854 3b04 	ldr.w	r3, [r4], #4
1000347a:	4798      	blx	r3
1000347c:	42ac      	cmp	r4, r5
1000347e:	d3fa      	bcc.n	10003476 <runtime_init+0xe>
10003480:	bd38      	pop	{r3, r4, r5, pc}
10003482:	bf00      	nop
10003484:	100089c8 	.word	0x100089c8
10003488:	100089d4 	.word	0x100089d4

1000348c <stdio_out_chars_no_crlf>:
1000348c:	6803      	ldr	r3, [r0, #0]
1000348e:	4608      	mov	r0, r1
10003490:	4611      	mov	r1, r2
10003492:	4718      	bx	r3

10003494 <stdio_out_chars_crlf>:
10003494:	e92d 41f0 	stmdb	sp!, {r4, r5, r6, r7, r8, lr}
10003498:	4615      	mov	r5, r2
1000349a:	7d42      	ldrb	r2, [r0, #21]
1000349c:	4607      	mov	r7, r0
1000349e:	4688      	mov	r8, r1
100034a0:	2a00      	cmp	r2, #0
100034a2:	d046      	beq.n	10003532 <stdio_out_chars_crlf+0x9e>
100034a4:	2d00      	cmp	r5, #0
100034a6:	dd1d      	ble.n	100034e4 <stdio_out_chars_crlf+0x50>
100034a8:	780b      	ldrb	r3, [r1, #0]
100034aa:	2b0a      	cmp	r3, #10
100034ac:	d023      	beq.n	100034f6 <stdio_out_chars_crlf+0x62>
100034ae:	2d01      	cmp	r5, #1
100034b0:	f04f 0c00 	mov.w	ip, #0
100034b4:	d018      	beq.n	100034e8 <stdio_out_chars_crlf+0x54>
100034b6:	4646      	mov	r6, r8
100034b8:	2401      	movs	r4, #1
100034ba:	f816 2f01 	ldrb.w	r2, [r6, #1]!
100034be:	4621      	mov	r1, r4
100034c0:	2a0a      	cmp	r2, #10
100034c2:	f104 0401 	add.w	r4, r4, #1
100034c6:	d022      	beq.n	1000350e <stdio_out_chars_crlf+0x7a>
100034c8:	42a5      	cmp	r5, r4
100034ca:	d1f6      	bne.n	100034ba <stdio_out_chars_crlf+0x26>
100034cc:	4565      	cmp	r5, ip
100034ce:	dc0b      	bgt.n	100034e8 <stdio_out_chars_crlf+0x54>
100034d0:	eb08 0305 	add.w	r3, r8, r5
100034d4:	f813 3c01 	ldrb.w	r3, [r3, #-1]
100034d8:	f1a3 030d 	sub.w	r3, r3, #13
100034dc:	fab3 f383 	clz	r3, r3
100034e0:	095b      	lsrs	r3, r3, #5
100034e2:	753b      	strb	r3, [r7, #20]
100034e4:	e8bd 81f0 	ldmia.w	sp!, {r4, r5, r6, r7, r8, pc}
100034e8:	683b      	ldr	r3, [r7, #0]
100034ea:	eba5 010c 	sub.w	r1, r5, ip
100034ee:	eb08 000c 	add.w	r0, r8, ip
100034f2:	4798      	blx	r3
100034f4:	e7ec      	b.n	100034d0 <stdio_out_chars_crlf+0x3c>
100034f6:	7d03      	ldrb	r3, [r0, #20]
100034f8:	2b00      	cmp	r3, #0
100034fa:	d1d8      	bne.n	100034ae <stdio_out_chars_crlf+0x1a>
100034fc:	6803      	ldr	r3, [r0, #0]
100034fe:	2102      	movs	r1, #2
10003500:	480f      	ldr	r0, [pc, #60]	@ (10003540 <stdio_out_chars_crlf+0xac>)
10003502:	4798      	blx	r3
10003504:	2d01      	cmp	r5, #1
10003506:	d0e3      	beq.n	100034d0 <stdio_out_chars_crlf+0x3c>
10003508:	f04f 0c01 	mov.w	ip, #1
1000350c:	e7d3      	b.n	100034b6 <stdio_out_chars_crlf+0x22>
1000350e:	f816 3c01 	ldrb.w	r3, [r6, #-1]
10003512:	2b0d      	cmp	r3, #13
10003514:	d0d8      	beq.n	100034c8 <stdio_out_chars_crlf+0x34>
10003516:	458c      	cmp	ip, r1
10003518:	eb08 000c 	add.w	r0, r8, ip
1000351c:	eba1 010c 	sub.w	r1, r1, ip
10003520:	da01      	bge.n	10003526 <stdio_out_chars_crlf+0x92>
10003522:	683b      	ldr	r3, [r7, #0]
10003524:	4798      	blx	r3
10003526:	2102      	movs	r1, #2
10003528:	4805      	ldr	r0, [pc, #20]	@ (10003540 <stdio_out_chars_crlf+0xac>)
1000352a:	683b      	ldr	r3, [r7, #0]
1000352c:	4798      	blx	r3
1000352e:	46a4      	mov	ip, r4
10003530:	e7ca      	b.n	100034c8 <stdio_out_chars_crlf+0x34>
10003532:	4629      	mov	r1, r5
10003534:	4640      	mov	r0, r8
10003536:	683b      	ldr	r3, [r7, #0]
10003538:	e8bd 41f0 	ldmia.w	sp!, {r4, r5, r6, r7, r8, lr}
1000353c:	4718      	bx	r3
1000353e:	bf00      	nop
10003540:	100092d8 	.word	0x100092d8

10003544 <stdio_buffered_printer>:
10003544:	680b      	ldr	r3, [r1, #0]
10003546:	e92d 41f0 	stmdb	sp!, {r4, r5, r6, r7, r8, lr}
1000354a:	2b80      	cmp	r3, #128	@ 0x80
1000354c:	460d      	mov	r5, r1
1000354e:	4606      	mov	r6, r0
10003550:	d005      	beq.n	1000355e <stdio_buffered_printer+0x1a>
10003552:	1c5a      	adds	r2, r3, #1
10003554:	442b      	add	r3, r5
10003556:	602a      	str	r2, [r5, #0]
10003558:	711e      	strb	r6, [r3, #4]
1000355a:	e8bd 81f0 	ldmia.w	sp!, {r4, r5, r6, r7, r8, pc}
1000355e:	4b0f      	ldr	r3, [pc, #60]	@ (1000359c <stdio_buffered_printer+0x58>)
10003560:	681c      	ldr	r4, [r3, #0]
10003562:	b1a4      	cbz	r4, 1000358e <stdio_buffered_printer+0x4a>
10003564:	4f0e      	ldr	r7, [pc, #56]	@ (100035a0 <stdio_buffered_printer+0x5c>)
10003566:	f101 0804 	add.w	r8, r1, #4
1000356a:	e001      	b.n	10003570 <stdio_buffered_printer+0x2c>
1000356c:	6924      	ldr	r4, [r4, #16]
1000356e:	b174      	cbz	r4, 1000358e <stdio_buffered_printer+0x4a>
10003570:	6823      	ldr	r3, [r4, #0]
10003572:	2b00      	cmp	r3, #0
10003574:	d0fa      	beq.n	1000356c <stdio_buffered_printer+0x28>
10003576:	683b      	ldr	r3, [r7, #0]
10003578:	b10b      	cbz	r3, 1000357e <stdio_buffered_printer+0x3a>
1000357a:	42a3      	cmp	r3, r4
1000357c:	d1f6      	bne.n	1000356c <stdio_buffered_printer+0x28>
1000357e:	4620      	mov	r0, r4
10003580:	4641      	mov	r1, r8
10003582:	682a      	ldr	r2, [r5, #0]
10003584:	f7ff ff86 	bl	10003494 <stdio_out_chars_crlf>
10003588:	6924      	ldr	r4, [r4, #16]
1000358a:	2c00      	cmp	r4, #0
1000358c:	d1f0      	bne.n	10003570 <stdio_buffered_printer+0x2c>
1000358e:	2300      	movs	r3, #0
10003590:	2201      	movs	r2, #1
10003592:	442b      	add	r3, r5
10003594:	602a      	str	r2, [r5, #0]
10003596:	711e      	strb	r6, [r3, #4]
10003598:	e8bd 81f0 	ldmia.w	sp!, {r4, r5, r6, r7, r8, pc}
1000359c:	200020e0 	.word	0x200020e0
100035a0:	200020ec 	.word	0x200020ec

100035a4 <stdio_put_string>:
100035a4:	e92d 47f0 	stmdb	sp!, {r4, r5, r6, r7, r8, r9, sl, lr}
100035a8:	b082      	sub	sp, #8
100035aa:	460d      	mov	r5, r1
100035ac:	4691      	mov	r9, r2
100035ae:	461c      	mov	r4, r3
100035b0:	4606      	mov	r6, r0
100035b2:	f7fd ffcb 	bl	1000154c <time_us_64>
100035b6:	f04f 3cff 	mov.w	ip, #4294967295
100035ba:	f06f 4700 	mvn.w	r7, #2147483648	@ 0x80000000
100035be:	4a2e      	ldr	r2, [pc, #184]	@ (10003678 <stdio_put_string+0xd4>)
100035c0:	1882      	adds	r2, r0, r2
100035c2:	f141 0300 	adc.w	r3, r1, #0
100035c6:	4594      	cmp	ip, r2
100035c8:	eb77 0103 	sbcs.w	r1, r7, r3
100035cc:	bf3c      	itt	cc
100035ce:	4662      	movcc	r2, ip
100035d0:	463b      	movcc	r3, r7
100035d2:	482a      	ldr	r0, [pc, #168]	@ (1000367c <stdio_put_string+0xd8>)
100035d4:	f005 f9d0 	bl	10008978 <__mutex_try_enter_block_until_veneer>
100035d8:	1c6b      	adds	r3, r5, #1
100035da:	4680      	mov	r8, r0
100035dc:	d040      	beq.n	10003660 <stdio_put_string+0xbc>
100035de:	b30c      	cbz	r4, 10003624 <stdio_put_string+0x80>
100035e0:	4f27      	ldr	r7, [pc, #156]	@ (10003680 <stdio_put_string+0xdc>)
100035e2:	4b28      	ldr	r3, [pc, #160]	@ (10003684 <stdio_put_string+0xe0>)
100035e4:	681c      	ldr	r4, [r3, #0]
100035e6:	b1b4      	cbz	r4, 10003616 <stdio_put_string+0x72>
100035e8:	f1b9 0f00 	cmp.w	r9, #0
100035ec:	d11c      	bne.n	10003628 <stdio_put_string+0x84>
100035ee:	f8df 909c 	ldr.w	r9, [pc, #156]	@ 1000368c <stdio_put_string+0xe8>
100035f2:	e001      	b.n	100035f8 <stdio_put_string+0x54>
100035f4:	6924      	ldr	r4, [r4, #16]
100035f6:	b174      	cbz	r4, 10003616 <stdio_put_string+0x72>
100035f8:	6823      	ldr	r3, [r4, #0]
100035fa:	2b00      	cmp	r3, #0
100035fc:	d0fa      	beq.n	100035f4 <stdio_put_string+0x50>
100035fe:	f8d9 3000 	ldr.w	r3, [r9]
10003602:	b10b      	cbz	r3, 10003608 <stdio_put_string+0x64>
10003604:	429c      	cmp	r4, r3
10003606:	d1f5      	bne.n	100035f4 <stdio_put_string+0x50>
10003608:	4620      	mov	r0, r4
1000360a:	462a      	mov	r2, r5
1000360c:	4631      	mov	r1, r6
1000360e:	47b8      	blx	r7
10003610:	6924      	ldr	r4, [r4, #16]
10003612:	2c00      	cmp	r4, #0
10003614:	d1f0      	bne.n	100035f8 <stdio_put_string+0x54>
10003616:	f1b8 0f00 	cmp.w	r8, #0
1000361a:	d126      	bne.n	1000366a <stdio_put_string+0xc6>
1000361c:	4628      	mov	r0, r5
1000361e:	b002      	add	sp, #8
10003620:	e8bd 87f0 	ldmia.w	sp!, {r4, r5, r6, r7, r8, r9, sl, pc}
10003624:	4f18      	ldr	r7, [pc, #96]	@ (10003688 <stdio_put_string+0xe4>)
10003626:	e7dc      	b.n	100035e2 <stdio_put_string+0x3e>
10003628:	f04f 0a0a 	mov.w	sl, #10
1000362c:	f8df 905c 	ldr.w	r9, [pc, #92]	@ 1000368c <stdio_put_string+0xe8>
10003630:	e002      	b.n	10003638 <stdio_put_string+0x94>
10003632:	6924      	ldr	r4, [r4, #16]
10003634:	2c00      	cmp	r4, #0
10003636:	d0ee      	beq.n	10003616 <stdio_put_string+0x72>
10003638:	6823      	ldr	r3, [r4, #0]
1000363a:	2b00      	cmp	r3, #0
1000363c:	d0f9      	beq.n	10003632 <stdio_put_string+0x8e>
1000363e:	f8d9 3000 	ldr.w	r3, [r9]
10003642:	b10b      	cbz	r3, 10003648 <stdio_put_string+0xa4>
10003644:	42a3      	cmp	r3, r4
10003646:	d1f4      	bne.n	10003632 <stdio_put_string+0x8e>
10003648:	462a      	mov	r2, r5
1000364a:	4631      	mov	r1, r6
1000364c:	4620      	mov	r0, r4
1000364e:	47b8      	blx	r7
10003650:	2201      	movs	r2, #1
10003652:	4620      	mov	r0, r4
10003654:	f10d 0107 	add.w	r1, sp, #7
10003658:	f88d a007 	strb.w	sl, [sp, #7]
1000365c:	47b8      	blx	r7
1000365e:	e7e8      	b.n	10003632 <stdio_put_string+0x8e>
10003660:	4630      	mov	r0, r6
10003662:	f004 ffe7 	bl	10008634 <strlen>
10003666:	4605      	mov	r5, r0
10003668:	e7b9      	b.n	100035de <stdio_put_string+0x3a>
1000366a:	4804      	ldr	r0, [pc, #16]	@ (1000367c <stdio_put_string+0xd8>)
1000366c:	f005 f978 	bl	10008960 <__mutex_exit_veneer>
10003670:	4628      	mov	r0, r5
10003672:	b002      	add	sp, #8
10003674:	e8bd 87f0 	ldmia.w	sp!, {r4, r5, r6, r7, r8, r9, sl, pc}
10003678:	000f4240 	.word	0x000f4240
1000367c:	20001778 	.word	0x20001778
10003680:	10003495 	.word	0x10003495
10003684:	200020e0 	.word	0x200020e0
10003688:	1000348d 	.word	0x1000348d
1000368c:	200020ec 	.word	0x200020ec

10003690 <stdio_set_driver_enabled>:
10003690:	4a08      	ldr	r2, [pc, #32]	@ (100036b4 <stdio_set_driver_enabled+0x24>)
10003692:	6813      	ldr	r3, [r2, #0]
10003694:	b923      	cbnz	r3, 100036a0 <stdio_set_driver_enabled+0x10>
10003696:	e00a      	b.n	100036ae <stdio_set_driver_enabled+0x1e>
10003698:	f103 0210 	add.w	r2, r3, #16
1000369c:	691b      	ldr	r3, [r3, #16]
1000369e:	b133      	cbz	r3, 100036ae <stdio_set_driver_enabled+0x1e>
100036a0:	4283      	cmp	r3, r0
100036a2:	d1f9      	bne.n	10003698 <stdio_set_driver_enabled+0x8>
100036a4:	b929      	cbnz	r1, 100036b2 <stdio_set_driver_enabled+0x22>
100036a6:	6918      	ldr	r0, [r3, #16]
100036a8:	6010      	str	r0, [r2, #0]
100036aa:	6119      	str	r1, [r3, #16]
100036ac:	4770      	bx	lr
100036ae:	b101      	cbz	r1, 100036b2 <stdio_set_driver_enabled+0x22>
100036b0:	6010      	str	r0, [r2, #0]
100036b2:	4770      	bx	lr
100036b4:	200020e0 	.word	0x200020e0

100036b8 <stdio_init_all>:
100036b8:	f000 bade 	b.w	10003c78 <stdio_usb_init>

100036bc <__wrap_putchar>:
100036bc:	b5f0      	push	{r4, r5, r6, r7, lr}
100036be:	b083      	sub	sp, #12
100036c0:	4606      	mov	r6, r0
100036c2:	f88d 0007 	strb.w	r0, [sp, #7]
100036c6:	f7fd ff41 	bl	1000154c <time_us_64>
100036ca:	f04f 35ff 	mov.w	r5, #4294967295
100036ce:	f06f 4400 	mvn.w	r4, #2147483648	@ 0x80000000
100036d2:	4a17      	ldr	r2, [pc, #92]	@ (10003730 <__wrap_putchar+0x74>)
100036d4:	1882      	adds	r2, r0, r2
100036d6:	f141 0300 	adc.w	r3, r1, #0
100036da:	4295      	cmp	r5, r2
100036dc:	eb74 0103 	sbcs.w	r1, r4, r3
100036e0:	bf3c      	itt	cc
100036e2:	4623      	movcc	r3, r4
100036e4:	462a      	movcc	r2, r5
100036e6:	4813      	ldr	r0, [pc, #76]	@ (10003734 <__wrap_putchar+0x78>)
100036e8:	f005 f946 	bl	10008978 <__mutex_try_enter_block_until_veneer>
100036ec:	4b12      	ldr	r3, [pc, #72]	@ (10003738 <__wrap_putchar+0x7c>)
100036ee:	4607      	mov	r7, r0
100036f0:	681c      	ldr	r4, [r3, #0]
100036f2:	b19c      	cbz	r4, 1000371c <__wrap_putchar+0x60>
100036f4:	4d11      	ldr	r5, [pc, #68]	@ (1000373c <__wrap_putchar+0x80>)
100036f6:	e001      	b.n	100036fc <__wrap_putchar+0x40>
100036f8:	6924      	ldr	r4, [r4, #16]
100036fa:	b17c      	cbz	r4, 1000371c <__wrap_putchar+0x60>
100036fc:	6823      	ldr	r3, [r4, #0]
100036fe:	2b00      	cmp	r3, #0
10003700:	d0fa      	beq.n	100036f8 <__wrap_putchar+0x3c>
10003702:	682b      	ldr	r3, [r5, #0]
10003704:	b10b      	cbz	r3, 1000370a <__wrap_putchar+0x4e>
10003706:	429c      	cmp	r4, r3
10003708:	d1f6      	bne.n	100036f8 <__wrap_putchar+0x3c>
1000370a:	4620      	mov	r0, r4
1000370c:	2201      	movs	r2, #1
1000370e:	f10d 0107 	add.w	r1, sp, #7
10003712:	f7ff febf 	bl	10003494 <stdio_out_chars_crlf>
10003716:	6924      	ldr	r4, [r4, #16]
10003718:	2c00      	cmp	r4, #0
1000371a:	d1ef      	bne.n	100036fc <__wrap_putchar+0x40>
1000371c:	b917      	cbnz	r7, 10003724 <__wrap_putchar+0x68>
1000371e:	4630      	mov	r0, r6
10003720:	b003      	add	sp, #12
10003722:	bdf0      	pop	{r4, r5, r6, r7, pc}
10003724:	4803      	ldr	r0, [pc, #12]	@ (10003734 <__wrap_putchar+0x78>)
10003726:	f005 f91b 	bl	10008960 <__mutex_exit_veneer>
1000372a:	4630      	mov	r0, r6
1000372c:	b003      	add	sp, #12
1000372e:	bdf0      	pop	{r4, r5, r6, r7, pc}
10003730:	000f4240 	.word	0x000f4240
10003734:	20001778 	.word	0x20001778
10003738:	200020e0 	.word	0x200020e0
1000373c:	200020ec 	.word	0x200020ec

10003740 <__wrap_puts>:
10003740:	b538      	push	{r3, r4, r5, lr}
10003742:	4604      	mov	r4, r0
10003744:	f004 ff76 	bl	10008634 <strlen>
10003748:	2301      	movs	r3, #1
1000374a:	4605      	mov	r5, r0
1000374c:	461a      	mov	r2, r3
1000374e:	4620      	mov	r0, r4
10003750:	4629      	mov	r1, r5
10003752:	f7ff ff27 	bl	100035a4 <stdio_put_string>
10003756:	4b08      	ldr	r3, [pc, #32]	@ (10003778 <__wrap_puts+0x38>)
10003758:	681c      	ldr	r4, [r3, #0]
1000375a:	b12c      	cbz	r4, 10003768 <__wrap_puts+0x28>
1000375c:	6863      	ldr	r3, [r4, #4]
1000375e:	b12b      	cbz	r3, 1000376c <__wrap_puts+0x2c>
10003760:	4798      	blx	r3
10003762:	6924      	ldr	r4, [r4, #16]
10003764:	2c00      	cmp	r4, #0
10003766:	d1f9      	bne.n	1000375c <__wrap_puts+0x1c>
10003768:	4628      	mov	r0, r5
1000376a:	bd38      	pop	{r3, r4, r5, pc}
1000376c:	6924      	ldr	r4, [r4, #16]
1000376e:	2c00      	cmp	r4, #0
10003770:	d1f4      	bne.n	1000375c <__wrap_puts+0x1c>
10003772:	4628      	mov	r0, r5
10003774:	bd38      	pop	{r3, r4, r5, pc}
10003776:	bf00      	nop
10003778:	200020e0 	.word	0x200020e0

1000377c <__wrap_vprintf>:
1000377c:	e92d 41f0 	stmdb	sp!, {r4, r5, r6, r7, r8, lr}
10003780:	b0a2      	sub	sp, #136	@ 0x88
10003782:	4604      	mov	r4, r0
10003784:	460d      	mov	r5, r1
10003786:	f7fd fee1 	bl	1000154c <time_us_64>
1000378a:	f04f 37ff 	mov.w	r7, #4294967295
1000378e:	f06f 4600 	mvn.w	r6, #2147483648	@ 0x80000000
10003792:	4a26      	ldr	r2, [pc, #152]	@ (1000382c <__wrap_vprintf+0xb0>)
10003794:	f8df 80a4 	ldr.w	r8, [pc, #164]	@ 1000383c <__wrap_vprintf+0xc0>
10003798:	1882      	adds	r2, r0, r2
1000379a:	f141 0300 	adc.w	r3, r1, #0
1000379e:	4297      	cmp	r7, r2
100037a0:	eb76 0103 	sbcs.w	r1, r6, r3
100037a4:	bf3c      	itt	cc
100037a6:	463a      	movcc	r2, r7
100037a8:	4633      	movcc	r3, r6
100037aa:	4821      	ldr	r0, [pc, #132]	@ (10003830 <__wrap_vprintf+0xb4>)
100037ac:	f005 f8e4 	bl	10008978 <__mutex_try_enter_block_until_veneer>
100037b0:	2700      	movs	r7, #0
100037b2:	462b      	mov	r3, r5
100037b4:	4622      	mov	r2, r4
100037b6:	4606      	mov	r6, r0
100037b8:	a901      	add	r1, sp, #4
100037ba:	481e      	ldr	r0, [pc, #120]	@ (10003834 <__wrap_vprintf+0xb8>)
100037bc:	9701      	str	r7, [sp, #4]
100037be:	f7ff fe0b 	bl	100033d8 <vfctprintf>
100037c2:	9b01      	ldr	r3, [sp, #4]
100037c4:	4605      	mov	r5, r0
100037c6:	f8d8 4000 	ldr.w	r4, [r8]
100037ca:	b1c3      	cbz	r3, 100037fe <__wrap_vprintf+0x82>
100037cc:	2c00      	cmp	r4, #0
100037ce:	d02b      	beq.n	10003828 <__wrap_vprintf+0xac>
100037d0:	4f19      	ldr	r7, [pc, #100]	@ (10003838 <__wrap_vprintf+0xbc>)
100037d2:	e001      	b.n	100037d8 <__wrap_vprintf+0x5c>
100037d4:	6924      	ldr	r4, [r4, #16]
100037d6:	b174      	cbz	r4, 100037f6 <__wrap_vprintf+0x7a>
100037d8:	6823      	ldr	r3, [r4, #0]
100037da:	2b00      	cmp	r3, #0
100037dc:	d0fa      	beq.n	100037d4 <__wrap_vprintf+0x58>
100037de:	683b      	ldr	r3, [r7, #0]
100037e0:	b10b      	cbz	r3, 100037e6 <__wrap_vprintf+0x6a>
100037e2:	42a3      	cmp	r3, r4
100037e4:	d1f6      	bne.n	100037d4 <__wrap_vprintf+0x58>
100037e6:	4620      	mov	r0, r4
100037e8:	9a01      	ldr	r2, [sp, #4]
100037ea:	a902      	add	r1, sp, #8
100037ec:	f7ff fe52 	bl	10003494 <stdio_out_chars_crlf>
100037f0:	6924      	ldr	r4, [r4, #16]
100037f2:	2c00      	cmp	r4, #0
100037f4:	d1f0      	bne.n	100037d8 <__wrap_vprintf+0x5c>
100037f6:	2300      	movs	r3, #0
100037f8:	f8d8 4000 	ldr.w	r4, [r8]
100037fc:	9301      	str	r3, [sp, #4]
100037fe:	b12c      	cbz	r4, 1000380c <__wrap_vprintf+0x90>
10003800:	6863      	ldr	r3, [r4, #4]
10003802:	b143      	cbz	r3, 10003816 <__wrap_vprintf+0x9a>
10003804:	4798      	blx	r3
10003806:	6924      	ldr	r4, [r4, #16]
10003808:	2c00      	cmp	r4, #0
1000380a:	d1f9      	bne.n	10003800 <__wrap_vprintf+0x84>
1000380c:	b92e      	cbnz	r6, 1000381a <__wrap_vprintf+0x9e>
1000380e:	4628      	mov	r0, r5
10003810:	b022      	add	sp, #136	@ 0x88
10003812:	e8bd 81f0 	ldmia.w	sp!, {r4, r5, r6, r7, r8, pc}
10003816:	6924      	ldr	r4, [r4, #16]
10003818:	e7f1      	b.n	100037fe <__wrap_vprintf+0x82>
1000381a:	4805      	ldr	r0, [pc, #20]	@ (10003830 <__wrap_vprintf+0xb4>)
1000381c:	f005 f8a0 	bl	10008960 <__mutex_exit_veneer>
10003820:	4628      	mov	r0, r5
10003822:	b022      	add	sp, #136	@ 0x88
10003824:	e8bd 81f0 	ldmia.w	sp!, {r4, r5, r6, r7, r8, pc}
10003828:	9401      	str	r4, [sp, #4]
1000382a:	e7ef      	b.n	1000380c <__wrap_vprintf+0x90>
1000382c:	000f4240 	.word	0x000f4240
10003830:	20001778 	.word	0x20001778
10003834:	10003545 	.word	0x10003545
10003838:	200020ec 	.word	0x200020ec
1000383c:	200020e0 	.word	0x200020e0

10003840 <__wrap_printf>:
10003840:	b40f      	push	{r0, r1, r2, r3}
10003842:	b500      	push	{lr}
10003844:	b083      	sub	sp, #12
10003846:	a904      	add	r1, sp, #16
10003848:	f851 0b04 	ldr.w	r0, [r1], #4
1000384c:	9101      	str	r1, [sp, #4]
1000384e:	f7ff ff95 	bl	1000377c <__wrap_vprintf>
10003852:	b003      	add	sp, #12
10003854:	f85d eb04 	ldr.w	lr, [sp], #4
10003858:	b004      	add	sp, #16
1000385a:	4770      	bx	lr

1000385c <resetd_init>:
1000385c:	4770      	bx	lr
1000385e:	bf00      	nop

10003860 <resetd_reset>:
10003860:	2200      	movs	r2, #0
10003862:	4b01      	ldr	r3, [pc, #4]	@ (10003868 <resetd_reset+0x8>)
10003864:	701a      	strb	r2, [r3, #0]
10003866:	4770      	bx	lr
10003868:	200026d8 	.word	0x200026d8

1000386c <resetd_open>:
1000386c:	794b      	ldrb	r3, [r1, #5]
1000386e:	2bff      	cmp	r3, #255	@ 0xff
10003870:	d10b      	bne.n	1000388a <resetd_open+0x1e>
10003872:	7988      	ldrb	r0, [r1, #6]
10003874:	b948      	cbnz	r0, 1000388a <resetd_open+0x1e>
10003876:	79cb      	ldrb	r3, [r1, #7]
10003878:	2b01      	cmp	r3, #1
1000387a:	d107      	bne.n	1000388c <resetd_open+0x20>
1000387c:	2a08      	cmp	r2, #8
1000387e:	d905      	bls.n	1000388c <resetd_open+0x20>
10003880:	4b03      	ldr	r3, [pc, #12]	@ (10003890 <resetd_open+0x24>)
10003882:	788a      	ldrb	r2, [r1, #2]
10003884:	2009      	movs	r0, #9
10003886:	701a      	strb	r2, [r3, #0]
10003888:	4770      	bx	lr
1000388a:	2000      	movs	r0, #0
1000388c:	4770      	bx	lr
1000388e:	bf00      	nop
10003890:	200026d8 	.word	0x200026d8

10003894 <resetd_xfer_cb>:
10003894:	2001      	movs	r0, #1
10003896:	4770      	bx	lr

10003898 <resetd_control_xfer_cb>:
10003898:	2901      	cmp	r1, #1
1000389a:	d001      	beq.n	100038a0 <resetd_control_xfer_cb+0x8>
1000389c:	2001      	movs	r0, #1
1000389e:	4770      	bx	lr
100038a0:	b508      	push	{r3, lr}
100038a2:	4b10      	ldr	r3, [pc, #64]	@ (100038e4 <resetd_control_xfer_cb+0x4c>)
100038a4:	8891      	ldrh	r1, [r2, #4]
100038a6:	781b      	ldrb	r3, [r3, #0]
100038a8:	4299      	cmp	r1, r3
100038aa:	d001      	beq.n	100038b0 <resetd_control_xfer_cb+0x18>
100038ac:	2000      	movs	r0, #0
100038ae:	bd08      	pop	{r3, pc}
100038b0:	7853      	ldrb	r3, [r2, #1]
100038b2:	2b01      	cmp	r3, #1
100038b4:	d008      	beq.n	100038c8 <resetd_control_xfer_cb+0x30>
100038b6:	2b02      	cmp	r3, #2
100038b8:	d1f8      	bne.n	100038ac <resetd_control_xfer_cb+0x14>
100038ba:	2100      	movs	r1, #0
100038bc:	2264      	movs	r2, #100	@ 0x64
100038be:	4608      	mov	r0, r1
100038c0:	f7fd ff14 	bl	100016ec <watchdog_reboot>
100038c4:	2001      	movs	r0, #1
100038c6:	bd08      	pop	{r3, pc}
100038c8:	8851      	ldrh	r1, [r2, #2]
100038ca:	05cb      	lsls	r3, r1, #23
100038cc:	bf48      	it	mi
100038ce:	0a48      	lsrmi	r0, r1, #9
100038d0:	f3c1 2240 	ubfx	r2, r1, #9, #1
100038d4:	bf58      	it	pl
100038d6:	f04f 30ff 	movpl.w	r0, #4294967295
100038da:	f001 017f 	and.w	r1, r1, #127	@ 0x7f
100038de:	f7fd ff83 	bl	100017e8 <rom_reset_usb_boot_extra>
100038e2:	bf00      	nop
100038e4:	200026d8 	.word	0x200026d8

100038e8 <tud_descriptor_bos_cb>:
100038e8:	4800      	ldr	r0, [pc, #0]	@ (100038ec <tud_descriptor_bos_cb+0x4>)
100038ea:	4770      	bx	lr
100038ec:	100093a4 	.word	0x100093a4

100038f0 <tud_vendor_control_xfer_cb>:
100038f0:	2901      	cmp	r1, #1
100038f2:	d107      	bne.n	10003904 <tud_vendor_control_xfer_cb+0x14>
100038f4:	7853      	ldrb	r3, [r2, #1]
100038f6:	2b01      	cmp	r3, #1
100038f8:	d102      	bne.n	10003900 <tud_vendor_control_xfer_cb+0x10>
100038fa:	8893      	ldrh	r3, [r2, #4]
100038fc:	2b07      	cmp	r3, #7
100038fe:	d003      	beq.n	10003908 <tud_vendor_control_xfer_cb+0x18>
10003900:	2000      	movs	r0, #0
10003902:	4770      	bx	lr
10003904:	2001      	movs	r0, #1
10003906:	4770      	bx	lr
10003908:	4611      	mov	r1, r2
1000390a:	23a6      	movs	r3, #166	@ 0xa6
1000390c:	4a01      	ldr	r2, [pc, #4]	@ (10003914 <tud_vendor_control_xfer_cb+0x24>)
1000390e:	f001 ba39 	b.w	10004d84 <tud_control_xfer>
10003912:	bf00      	nop
10003914:	100092fc 	.word	0x100092fc

10003918 <usbd_app_driver_get_cb>:
10003918:	4603      	mov	r3, r0
1000391a:	2201      	movs	r2, #1
1000391c:	4801      	ldr	r0, [pc, #4]	@ (10003924 <usbd_app_driver_get_cb+0xc>)
1000391e:	701a      	strb	r2, [r3, #0]
10003920:	4770      	bx	lr
10003922:	bf00      	nop
10003924:	100092dc 	.word	0x100092dc

10003928 <tud_cdc_line_coding_cb>:
10003928:	b508      	push	{r3, lr}
1000392a:	680b      	ldr	r3, [r1, #0]
1000392c:	f5b3 6f96 	cmp.w	r3, #1200	@ 0x4b0
10003930:	d000      	beq.n	10003934 <tud_cdc_line_coding_cb+0xc>
10003932:	bd08      	pop	{r3, pc}
10003934:	2200      	movs	r2, #0
10003936:	f04f 30ff 	mov.w	r0, #4294967295
1000393a:	4611      	mov	r1, r2
1000393c:	f7fd ff54 	bl	100017e8 <rom_reset_usb_boot_extra>

10003940 <stdio_usb_set_chars_available_callback>:
10003940:	4a02      	ldr	r2, [pc, #8]	@ (1000394c <stdio_usb_set_chars_available_callback+0xc>)
10003942:	4b03      	ldr	r3, [pc, #12]	@ (10003950 <stdio_usb_set_chars_available_callback+0x10>)
10003944:	6010      	str	r0, [r2, #0]
10003946:	6019      	str	r1, [r3, #0]
10003948:	4770      	bx	lr
1000394a:	bf00      	nop
1000394c:	20002080 	.word	0x20002080
10003950:	20002084 	.word	0x20002084

10003954 <timer_task>:
10003954:	4b18      	ldr	r3, [pc, #96]	@ (100039b8 <timer_task+0x64>)
10003956:	b570      	push	{r4, r5, r6, lr}
10003958:	681a      	ldr	r2, [r3, #0]
1000395a:	2a00      	cmp	r2, #0
1000395c:	d028      	beq.n	100039b0 <timer_task+0x5c>
1000395e:	f3ef 8110 	mrs	r1, PRIMASK
10003962:	b672      	cpsid	i
10003964:	e8d2 4fcf 	ldaexb	r4, [r2]
10003968:	2001      	movs	r0, #1
1000396a:	2c00      	cmp	r4, #0
1000396c:	d1fa      	bne.n	10003964 <timer_task+0x10>
1000396e:	e8c2 0f44 	strexb	r4, r0, [r2]
10003972:	2c00      	cmp	r4, #0
10003974:	d1f6      	bne.n	10003964 <timer_task+0x10>
10003976:	f3bf 8f5f 	dmb	sy
1000397a:	2200      	movs	r2, #0
1000397c:	4c0f      	ldr	r4, [pc, #60]	@ (100039bc <timer_task+0x68>)
1000397e:	6818      	ldr	r0, [r3, #0]
10003980:	6059      	str	r1, [r3, #4]
10003982:	7022      	strb	r2, [r4, #0]
10003984:	e8c0 2f8f 	stlb	r2, [r0]
10003988:	f381 8810 	msr	PRIMASK, r1
1000398c:	2400      	movs	r4, #0
1000398e:	2500      	movs	r5, #0
10003990:	4e0b      	ldr	r6, [pc, #44]	@ (100039c0 <timer_task+0x6c>)
10003992:	7830      	ldrb	r0, [r6, #0]
10003994:	f7fc ffa6 	bl	100008e4 <irq_is_enabled>
10003998:	b920      	cbnz	r0, 100039a4 <timer_task+0x50>
1000399a:	2400      	movs	r4, #0
1000399c:	2500      	movs	r5, #0
1000399e:	4620      	mov	r0, r4
100039a0:	4629      	mov	r1, r5
100039a2:	bd70      	pop	{r4, r5, r6, pc}
100039a4:	7830      	ldrb	r0, [r6, #0]
100039a6:	f7fc ffad 	bl	10000904 <irq_set_pending>
100039aa:	4620      	mov	r0, r4
100039ac:	4629      	mov	r1, r5
100039ae:	bd70      	pop	{r4, r5, r6, pc}
100039b0:	f44f 747a 	mov.w	r4, #1000	@ 0x3e8
100039b4:	2500      	movs	r5, #0
100039b6:	e7eb      	b.n	10003990 <timer_task+0x3c>
100039b8:	20002518 	.word	0x20002518
100039bc:	200026da 	.word	0x200026da
100039c0:	200026d9 	.word	0x200026d9

100039c4 <usb_irq>:
100039c4:	4b01      	ldr	r3, [pc, #4]	@ (100039cc <usb_irq+0x8>)
100039c6:	7818      	ldrb	r0, [r3, #0]
100039c8:	f7fc bf9c 	b.w	10000904 <irq_set_pending>
100039cc:	200026d9 	.word	0x200026d9

100039d0 <stdio_usb_in_chars>:
100039d0:	b538      	push	{r3, r4, r5, lr}
100039d2:	4604      	mov	r4, r0
100039d4:	2000      	movs	r0, #0
100039d6:	460d      	mov	r5, r1
100039d8:	f001 fb04 	bl	10004fe4 <tud_cdc_n_connected>
100039dc:	b3a8      	cbz	r0, 10003a4a <stdio_usb_in_chars+0x7a>
100039de:	2000      	movs	r0, #0
100039e0:	f001 fb16 	bl	10005010 <tud_cdc_n_available>
100039e4:	b388      	cbz	r0, 10003a4a <stdio_usb_in_chars+0x7a>
100039e6:	f7fd fdb1 	bl	1000154c <time_us_64>
100039ea:	f04f 3eff 	mov.w	lr, #4294967295
100039ee:	f06f 4c00 	mvn.w	ip, #2147483648	@ 0x80000000
100039f2:	4a17      	ldr	r2, [pc, #92]	@ (10003a50 <stdio_usb_in_chars+0x80>)
100039f4:	1882      	adds	r2, r0, r2
100039f6:	f141 0300 	adc.w	r3, r1, #0
100039fa:	4596      	cmp	lr, r2
100039fc:	eb7c 0103 	sbcs.w	r1, ip, r3
10003a00:	bf3c      	itt	cc
10003a02:	4672      	movcc	r2, lr
10003a04:	4663      	movcc	r3, ip
10003a06:	4813      	ldr	r0, [pc, #76]	@ (10003a54 <stdio_usb_in_chars+0x84>)
10003a08:	f004 ffb6 	bl	10008978 <__mutex_try_enter_block_until_veneer>
10003a0c:	b1e8      	cbz	r0, 10003a4a <stdio_usb_in_chars+0x7a>
10003a0e:	2000      	movs	r0, #0
10003a10:	f001 fae8 	bl	10004fe4 <tud_cdc_n_connected>
10003a14:	b958      	cbnz	r0, 10003a2e <stdio_usb_in_chars+0x5e>
10003a16:	2100      	movs	r1, #0
10003a18:	f04f 30ff 	mov.w	r0, #4294967295
10003a1c:	f000 fd0a 	bl	10004434 <tud_task_ext>
10003a20:	f06f 0402 	mvn.w	r4, #2
10003a24:	480b      	ldr	r0, [pc, #44]	@ (10003a54 <stdio_usb_in_chars+0x84>)
10003a26:	f004 ff9b 	bl	10008960 <__mutex_exit_veneer>
10003a2a:	4620      	mov	r0, r4
10003a2c:	bd38      	pop	{r3, r4, r5, pc}
10003a2e:	2000      	movs	r0, #0
10003a30:	f001 faee 	bl	10005010 <tud_cdc_n_available>
10003a34:	2800      	cmp	r0, #0
10003a36:	d0ee      	beq.n	10003a16 <stdio_usb_in_chars+0x46>
10003a38:	4621      	mov	r1, r4
10003a3a:	462a      	mov	r2, r5
10003a3c:	2000      	movs	r0, #0
10003a3e:	f001 faf1 	bl	10005024 <tud_cdc_n_read>
10003a42:	4604      	mov	r4, r0
10003a44:	2800      	cmp	r0, #0
10003a46:	d1ed      	bne.n	10003a24 <stdio_usb_in_chars+0x54>
10003a48:	e7ea      	b.n	10003a20 <stdio_usb_in_chars+0x50>
10003a4a:	f06f 0402 	mvn.w	r4, #2
10003a4e:	e7ec      	b.n	10003a2a <stdio_usb_in_chars+0x5a>
10003a50:	000f4240 	.word	0x000f4240
10003a54:	200025dc 	.word	0x200025dc

10003a58 <stdio_usb_out_flush>:
10003a58:	b508      	push	{r3, lr}
10003a5a:	f7fd fd77 	bl	1000154c <time_us_64>
10003a5e:	f04f 3eff 	mov.w	lr, #4294967295
10003a62:	f06f 4c00 	mvn.w	ip, #2147483648	@ 0x80000000
10003a66:	4a0f      	ldr	r2, [pc, #60]	@ (10003aa4 <stdio_usb_out_flush+0x4c>)
10003a68:	1882      	adds	r2, r0, r2
10003a6a:	f141 0300 	adc.w	r3, r1, #0
10003a6e:	4596      	cmp	lr, r2
10003a70:	eb7c 0103 	sbcs.w	r1, ip, r3
10003a74:	bf3c      	itt	cc
10003a76:	4672      	movcc	r2, lr
10003a78:	4663      	movcc	r3, ip
10003a7a:	480b      	ldr	r0, [pc, #44]	@ (10003aa8 <stdio_usb_out_flush+0x50>)
10003a7c:	f004 ff7c 	bl	10008978 <__mutex_try_enter_block_until_veneer>
10003a80:	b170      	cbz	r0, 10003aa0 <stdio_usb_out_flush+0x48>
10003a82:	f04f 30ff 	mov.w	r0, #4294967295
10003a86:	2100      	movs	r1, #0
10003a88:	f000 fcd4 	bl	10004434 <tud_task_ext>
10003a8c:	2000      	movs	r0, #0
10003a8e:	f001 fb11 	bl	100050b4 <tud_cdc_n_write_flush>
10003a92:	2800      	cmp	r0, #0
10003a94:	d1f5      	bne.n	10003a82 <stdio_usb_out_flush+0x2a>
10003a96:	e8bd 4008 	ldmia.w	sp!, {r3, lr}
10003a9a:	4803      	ldr	r0, [pc, #12]	@ (10003aa8 <stdio_usb_out_flush+0x50>)
10003a9c:	f004 bf60 	b.w	10008960 <__mutex_exit_veneer>
10003aa0:	bd08      	pop	{r3, pc}
10003aa2:	bf00      	nop
10003aa4:	000f4240 	.word	0x000f4240
10003aa8:	200025dc 	.word	0x200025dc

10003aac <stdio_usb_out_chars>:
10003aac:	e92d 43f8 	stmdb	sp!, {r3, r4, r5, r6, r7, r8, r9, lr}
10003ab0:	4680      	mov	r8, r0
10003ab2:	460f      	mov	r7, r1
10003ab4:	f7fd fd4a 	bl	1000154c <time_us_64>
10003ab8:	f04f 35ff 	mov.w	r5, #4294967295
10003abc:	f06f 4400 	mvn.w	r4, #2147483648	@ 0x80000000
10003ac0:	4a33      	ldr	r2, [pc, #204]	@ (10003b90 <stdio_usb_out_chars+0xe4>)
10003ac2:	1882      	adds	r2, r0, r2
10003ac4:	f141 0300 	adc.w	r3, r1, #0
10003ac8:	4295      	cmp	r5, r2
10003aca:	eb74 0103 	sbcs.w	r1, r4, r3
10003ace:	bf3c      	itt	cc
10003ad0:	462a      	movcc	r2, r5
10003ad2:	4623      	movcc	r3, r4
10003ad4:	482f      	ldr	r0, [pc, #188]	@ (10003b94 <stdio_usb_out_chars+0xe8>)
10003ad6:	f004 ff4f 	bl	10008978 <__mutex_try_enter_block_until_veneer>
10003ada:	b908      	cbnz	r0, 10003ae0 <stdio_usb_out_chars+0x34>
10003adc:	e8bd 83f8 	ldmia.w	sp!, {r3, r4, r5, r6, r7, r8, r9, pc}
10003ae0:	2000      	movs	r0, #0
10003ae2:	f001 fa7f 	bl	10004fe4 <tud_cdc_n_connected>
10003ae6:	2800      	cmp	r0, #0
10003ae8:	d047      	beq.n	10003b7a <stdio_usb_out_chars+0xce>
10003aea:	2f00      	cmp	r7, #0
10003aec:	dd40      	ble.n	10003b70 <stdio_usb_out_chars+0xc4>
10003aee:	2500      	movs	r5, #0
10003af0:	f8df 90a8 	ldr.w	r9, [pc, #168]	@ 10003b9c <stdio_usb_out_chars+0xf0>
10003af4:	4e28      	ldr	r6, [pc, #160]	@ (10003b98 <stdio_usb_out_chars+0xec>)
10003af6:	e013      	b.n	10003b20 <stdio_usb_out_chars+0x74>
10003af8:	4622      	mov	r2, r4
10003afa:	2000      	movs	r0, #0
10003afc:	f001 fb20 	bl	10005140 <tud_cdc_n_write>
10003b00:	2100      	movs	r1, #0
10003b02:	4604      	mov	r4, r0
10003b04:	f04f 30ff 	mov.w	r0, #4294967295
10003b08:	f000 fc94 	bl	10004434 <tud_task_ext>
10003b0c:	2000      	movs	r0, #0
10003b0e:	f001 fad1 	bl	100050b4 <tud_cdc_n_write_flush>
10003b12:	f7fd fd1b 	bl	1000154c <time_us_64>
10003b16:	e9c9 0100 	strd	r0, r1, [r9]
10003b1a:	4425      	add	r5, r4
10003b1c:	42af      	cmp	r7, r5
10003b1e:	dd27      	ble.n	10003b70 <stdio_usb_out_chars+0xc4>
10003b20:	2000      	movs	r0, #0
10003b22:	f001 fb2d 	bl	10005180 <tud_cdc_n_write_available>
10003b26:	1b7c      	subs	r4, r7, r5
10003b28:	4284      	cmp	r4, r0
10003b2a:	bfa8      	it	ge
10003b2c:	4604      	movge	r4, r0
10003b2e:	eb08 0105 	add.w	r1, r8, r5
10003b32:	2c00      	cmp	r4, #0
10003b34:	d1e0      	bne.n	10003af8 <stdio_usb_out_chars+0x4c>
10003b36:	4621      	mov	r1, r4
10003b38:	f04f 30ff 	mov.w	r0, #4294967295
10003b3c:	f000 fc7a 	bl	10004434 <tud_task_ext>
10003b40:	4620      	mov	r0, r4
10003b42:	f001 fab7 	bl	100050b4 <tud_cdc_n_write_flush>
10003b46:	4620      	mov	r0, r4
10003b48:	f001 fa4c 	bl	10004fe4 <tud_cdc_n_connected>
10003b4c:	b180      	cbz	r0, 10003b70 <stdio_usb_out_chars+0xc4>
10003b4e:	4620      	mov	r0, r4
10003b50:	f001 fb16 	bl	10005180 <tud_cdc_n_write_available>
10003b54:	2800      	cmp	r0, #0
10003b56:	d1e1      	bne.n	10003b1c <stdio_usb_out_chars+0x70>
10003b58:	f7fd fcf8 	bl	1000154c <time_us_64>
10003b5c:	f8d9 3000 	ldr.w	r3, [r9]
10003b60:	f8d9 2004 	ldr.w	r2, [r9, #4]
10003b64:	199b      	adds	r3, r3, r6
10003b66:	f142 0200 	adc.w	r2, r2, #0
10003b6a:	4283      	cmp	r3, r0
10003b6c:	418a      	sbcs	r2, r1
10003b6e:	d2d5      	bcs.n	10003b1c <stdio_usb_out_chars+0x70>
10003b70:	4808      	ldr	r0, [pc, #32]	@ (10003b94 <stdio_usb_out_chars+0xe8>)
10003b72:	e8bd 43f8 	ldmia.w	sp!, {r3, r4, r5, r6, r7, r8, r9, lr}
10003b76:	f004 bef3 	b.w	10008960 <__mutex_exit_veneer>
10003b7a:	2000      	movs	r0, #0
10003b7c:	2100      	movs	r1, #0
10003b7e:	4b07      	ldr	r3, [pc, #28]	@ (10003b9c <stdio_usb_out_chars+0xf0>)
10003b80:	e9c3 0100 	strd	r0, r1, [r3]
10003b84:	e8bd 43f8 	ldmia.w	sp!, {r3, r4, r5, r6, r7, r8, r9, lr}
10003b88:	4802      	ldr	r0, [pc, #8]	@ (10003b94 <stdio_usb_out_chars+0xe8>)
10003b8a:	f004 bee9 	b.w	10008960 <__mutex_exit_veneer>
10003b8e:	bf00      	nop
10003b90:	000f4240 	.word	0x000f4240
10003b94:	200025dc 	.word	0x200025dc
10003b98:	0007a120 	.word	0x0007a120
10003b9c:	20001900 	.word	0x20001900

10003ba0 <low_priority_worker_irq>:
10003ba0:	b530      	push	{r4, r5, lr}
10003ba2:	2100      	movs	r1, #0
10003ba4:	b085      	sub	sp, #20
10003ba6:	482e      	ldr	r0, [pc, #184]	@ (10003c60 <low_priority_worker_irq+0xc0>)
10003ba8:	f004 feea 	bl	10008980 <__mutex_try_enter_veneer>
10003bac:	b9f0      	cbnz	r0, 10003bec <low_priority_worker_irq+0x4c>
10003bae:	4b2d      	ldr	r3, [pc, #180]	@ (10003c64 <low_priority_worker_irq+0xc4>)
10003bb0:	681a      	ldr	r2, [r3, #0]
10003bb2:	b1ca      	cbz	r2, 10003be8 <low_priority_worker_irq+0x48>
10003bb4:	f3ef 8110 	mrs	r1, PRIMASK
10003bb8:	b672      	cpsid	i
10003bba:	e8d2 5fcf 	ldaexb	r5, [r2]
10003bbe:	2401      	movs	r4, #1
10003bc0:	2d00      	cmp	r5, #0
10003bc2:	d1fa      	bne.n	10003bba <low_priority_worker_irq+0x1a>
10003bc4:	e8c2 4f45 	strexb	r5, r4, [r2]
10003bc8:	2d00      	cmp	r5, #0
10003bca:	d1f6      	bne.n	10003bba <low_priority_worker_irq+0x1a>
10003bcc:	f3bf 8f5f 	dmb	sy
10003bd0:	4c25      	ldr	r4, [pc, #148]	@ (10003c68 <low_priority_worker_irq+0xc8>)
10003bd2:	681d      	ldr	r5, [r3, #0]
10003bd4:	7822      	ldrb	r2, [r4, #0]
10003bd6:	6059      	str	r1, [r3, #4]
10003bd8:	b2d3      	uxtb	r3, r2
10003bda:	2201      	movs	r2, #1
10003bdc:	7022      	strb	r2, [r4, #0]
10003bde:	e8c5 0f8f 	stlb	r0, [r5]
10003be2:	f381 8810 	msr	PRIMASK, r1
10003be6:	b1cb      	cbz	r3, 10003c1c <low_priority_worker_irq+0x7c>
10003be8:	b005      	add	sp, #20
10003bea:	bd30      	pop	{r4, r5, pc}
10003bec:	2100      	movs	r1, #0
10003bee:	f04f 30ff 	mov.w	r0, #4294967295
10003bf2:	f000 fc1f 	bl	10004434 <tud_task_ext>
10003bf6:	2000      	movs	r0, #0
10003bf8:	f001 fa0a 	bl	10005010 <tud_cdc_n_available>
10003bfc:	4604      	mov	r4, r0
10003bfe:	4818      	ldr	r0, [pc, #96]	@ (10003c60 <low_priority_worker_irq+0xc0>)
10003c00:	f004 feae 	bl	10008960 <__mutex_exit_veneer>
10003c04:	2c00      	cmp	r4, #0
10003c06:	d0ef      	beq.n	10003be8 <low_priority_worker_irq+0x48>
10003c08:	4b18      	ldr	r3, [pc, #96]	@ (10003c6c <low_priority_worker_irq+0xcc>)
10003c0a:	681b      	ldr	r3, [r3, #0]
10003c0c:	2b00      	cmp	r3, #0
10003c0e:	d0eb      	beq.n	10003be8 <low_priority_worker_irq+0x48>
10003c10:	4a17      	ldr	r2, [pc, #92]	@ (10003c70 <low_priority_worker_irq+0xd0>)
10003c12:	6810      	ldr	r0, [r2, #0]
10003c14:	b005      	add	sp, #20
10003c16:	e8bd 4030 	ldmia.w	sp!, {r4, r5, lr}
10003c1a:	4718      	bx	r3
10003c1c:	f7fd fa8c 	bl	10001138 <alarm_pool_get_default>
10003c20:	4604      	mov	r4, r0
10003c22:	f7fd fc93 	bl	1000154c <time_us_64>
10003c26:	f04f 3cff 	mov.w	ip, #4294967295
10003c2a:	f06f 4500 	mvn.w	r5, #2147483648	@ 0x80000000
10003c2e:	f510 727a 	adds.w	r2, r0, #1000	@ 0x3e8
10003c32:	f141 0300 	adc.w	r3, r1, #0
10003c36:	4594      	cmp	ip, r2
10003c38:	eb75 0103 	sbcs.w	r1, r5, r3
10003c3c:	bf38      	it	cc
10003c3e:	462b      	movcc	r3, r5
10003c40:	f04f 0100 	mov.w	r1, #0
10003c44:	f04f 0501 	mov.w	r5, #1
10003c48:	4620      	mov	r0, r4
10003c4a:	4c0a      	ldr	r4, [pc, #40]	@ (10003c74 <low_priority_worker_irq+0xd4>)
10003c4c:	bf38      	it	cc
10003c4e:	4662      	movcc	r2, ip
10003c50:	e9cd 1501 	strd	r1, r5, [sp, #4]
10003c54:	9400      	str	r4, [sp, #0]
10003c56:	f7fd fa73 	bl	10001140 <alarm_pool_add_alarm_at>
10003c5a:	b005      	add	sp, #20
10003c5c:	bd30      	pop	{r4, r5, pc}
10003c5e:	bf00      	nop
10003c60:	200025dc 	.word	0x200025dc
10003c64:	20002518 	.word	0x20002518
10003c68:	200026da 	.word	0x200026da
10003c6c:	20002080 	.word	0x20002080
10003c70:	20002084 	.word	0x20002084
10003c74:	10003955 	.word	0x10003955

10003c78 <stdio_usb_init>:
10003c78:	f04f 4350 	mov.w	r3, #3489660928	@ 0xd0000000
10003c7c:	b530      	push	{r4, r5, lr}
10003c7e:	b085      	sub	sp, #20
10003c80:	681c      	ldr	r4, [r3, #0]
10003c82:	f7fd fa59 	bl	10001138 <alarm_pool_get_default>
10003c86:	f7fd fb6d 	bl	10001364 <alarm_pool_core_num>
10003c8a:	42a0      	cmp	r0, r4
10003c8c:	d002      	beq.n	10003c94 <stdio_usb_init+0x1c>
10003c8e:	2000      	movs	r0, #0
10003c90:	b005      	add	sp, #20
10003c92:	bd30      	pop	{r4, r5, pc}
10003c94:	2100      	movs	r1, #0
10003c96:	4b2a      	ldr	r3, [pc, #168]	@ (10003d40 <stdio_usb_init+0xc8>)
10003c98:	4608      	mov	r0, r1
10003c9a:	781b      	ldrb	r3, [r3, #0]
10003c9c:	f001 fd38 	bl	10005710 <tusb_rhport_init>
10003ca0:	4828      	ldr	r0, [pc, #160]	@ (10003d44 <stdio_usb_init+0xcc>)
10003ca2:	6803      	ldr	r3, [r0, #0]
10003ca4:	2b00      	cmp	r3, #0
10003ca6:	d047      	beq.n	10003d38 <stdio_usb_init+0xc0>
10003ca8:	2001      	movs	r0, #1
10003caa:	f7fc ffc9 	bl	10000c40 <user_irq_claim_unused>
10003cae:	4603      	mov	r3, r0
10003cb0:	4c25      	ldr	r4, [pc, #148]	@ (10003d48 <stdio_usb_init+0xd0>)
10003cb2:	4926      	ldr	r1, [pc, #152]	@ (10003d4c <stdio_usb_init+0xd4>)
10003cb4:	b2c0      	uxtb	r0, r0
10003cb6:	7023      	strb	r3, [r4, #0]
10003cb8:	f7fc fe40 	bl	1000093c <irq_set_exclusive_handler>
10003cbc:	7820      	ldrb	r0, [r4, #0]
10003cbe:	2101      	movs	r1, #1
10003cc0:	f7fc fdfa 	bl	100008b8 <irq_set_enabled>
10003cc4:	200e      	movs	r0, #14
10003cc6:	f7fc fe29 	bl	1000091c <irq_has_shared_handler>
10003cca:	bb40      	cbnz	r0, 10003d1e <stdio_usb_init+0xa6>
10003ccc:	4b20      	ldr	r3, [pc, #128]	@ (10003d50 <stdio_usb_init+0xd8>)
10003cce:	2501      	movs	r5, #1
10003cd0:	e9c3 0000 	strd	r0, r0, [r3]
10003cd4:	f7fd fa30 	bl	10001138 <alarm_pool_get_default>
10003cd8:	4604      	mov	r4, r0
10003cda:	f7fd fc37 	bl	1000154c <time_us_64>
10003cde:	f04f 3eff 	mov.w	lr, #4294967295
10003ce2:	f06f 4c00 	mvn.w	ip, #2147483648	@ 0x80000000
10003ce6:	f510 727a 	adds.w	r2, r0, #1000	@ 0x3e8
10003cea:	f141 0300 	adc.w	r3, r1, #0
10003cee:	4596      	cmp	lr, r2
10003cf0:	eb7c 0103 	sbcs.w	r1, ip, r3
10003cf4:	f04f 0100 	mov.w	r1, #0
10003cf8:	4620      	mov	r0, r4
10003cfa:	4c16      	ldr	r4, [pc, #88]	@ (10003d54 <stdio_usb_init+0xdc>)
10003cfc:	bf3c      	itt	cc
10003cfe:	4672      	movcc	r2, lr
10003d00:	4663      	movcc	r3, ip
10003d02:	e9cd 1501 	strd	r1, r5, [sp, #4]
10003d06:	9400      	str	r4, [sp, #0]
10003d08:	f7fd fa1a 	bl	10001140 <alarm_pool_add_alarm_at>
10003d0c:	2800      	cmp	r0, #0
10003d0e:	dbbe      	blt.n	10003c8e <stdio_usb_init+0x16>
10003d10:	2101      	movs	r1, #1
10003d12:	4811      	ldr	r0, [pc, #68]	@ (10003d58 <stdio_usb_init+0xe0>)
10003d14:	f7ff fcbc 	bl	10003690 <stdio_set_driver_enabled>
10003d18:	2001      	movs	r0, #1
10003d1a:	b005      	add	sp, #20
10003d1c:	bd30      	pop	{r4, r5, pc}
10003d1e:	2001      	movs	r0, #1
10003d20:	f7fc fd86 	bl	10000830 <spin_lock_claim_unused>
10003d24:	4601      	mov	r1, r0
10003d26:	480a      	ldr	r0, [pc, #40]	@ (10003d50 <stdio_usb_init+0xd8>)
10003d28:	f7fc ffe6 	bl	10000cf8 <critical_section_init_with_lock_num>
10003d2c:	2200      	movs	r2, #0
10003d2e:	200e      	movs	r0, #14
10003d30:	490a      	ldr	r1, [pc, #40]	@ (10003d5c <stdio_usb_init+0xe4>)
10003d32:	f7fc fe33 	bl	1000099c <irq_add_shared_handler>
10003d36:	e7eb      	b.n	10003d10 <stdio_usb_init+0x98>
10003d38:	f7fc ffc2 	bl	10000cc0 <mutex_init>
10003d3c:	e7b4      	b.n	10003ca8 <stdio_usb_init+0x30>
10003d3e:	bf00      	nop
10003d40:	100094c0 	.word	0x100094c0
10003d44:	200025dc 	.word	0x200025dc
10003d48:	200026d9 	.word	0x200026d9
10003d4c:	10003ba1 	.word	0x10003ba1
10003d50:	20002518 	.word	0x20002518
10003d54:	10003955 	.word	0x10003955
10003d58:	200011e4 	.word	0x200011e4
10003d5c:	100039c5 	.word	0x100039c5

10003d60 <tud_descriptor_device_cb>:
10003d60:	4800      	ldr	r0, [pc, #0]	@ (10003d64 <tud_descriptor_device_cb+0x4>)
10003d62:	4770      	bx	lr
10003d64:	10009440 	.word	0x10009440

10003d68 <tud_descriptor_configuration_cb>:
10003d68:	4800      	ldr	r0, [pc, #0]	@ (10003d6c <tud_descriptor_configuration_cb+0x4>)
10003d6a:	4770      	bx	lr
10003d6c:	100093ec 	.word	0x100093ec

10003d70 <tud_descriptor_string_cb>:
10003d70:	b538      	push	{r3, r4, r5, lr}
10003d72:	4b18      	ldr	r3, [pc, #96]	@ (10003dd4 <tud_descriptor_string_cb+0x64>)
10003d74:	4604      	mov	r4, r0
10003d76:	781a      	ldrb	r2, [r3, #0]
10003d78:	b30a      	cbz	r2, 10003dbe <tud_descriptor_string_cb+0x4e>
10003d7a:	b944      	cbnz	r4, 10003d8e <tud_descriptor_string_cb+0x1e>
10003d7c:	f240 4209 	movw	r2, #1033	@ 0x409
10003d80:	f44f 7341 	mov.w	r3, #772	@ 0x304
10003d84:	4d14      	ldr	r5, [pc, #80]	@ (10003dd8 <tud_descriptor_string_cb+0x68>)
10003d86:	806a      	strh	r2, [r5, #2]
10003d88:	4813      	ldr	r0, [pc, #76]	@ (10003dd8 <tud_descriptor_string_cb+0x68>)
10003d8a:	802b      	strh	r3, [r5, #0]
10003d8c:	bd38      	pop	{r3, r4, r5, pc}
10003d8e:	2c05      	cmp	r4, #5
10003d90:	d81d      	bhi.n	10003dce <tud_descriptor_string_cb+0x5e>
10003d92:	4b12      	ldr	r3, [pc, #72]	@ (10003ddc <tud_descriptor_string_cb+0x6c>)
10003d94:	4d10      	ldr	r5, [pc, #64]	@ (10003dd8 <tud_descriptor_string_cb+0x68>)
10003d96:	f853 1024 	ldr.w	r1, [r3, r4, lsl #2]
10003d9a:	4628      	mov	r0, r5
10003d9c:	2300      	movs	r3, #0
10003d9e:	3901      	subs	r1, #1
10003da0:	e003      	b.n	10003daa <tud_descriptor_string_cb+0x3a>
10003da2:	2b13      	cmp	r3, #19
10003da4:	f820 2f02 	strh.w	r2, [r0, #2]!
10003da8:	d00e      	beq.n	10003dc8 <tud_descriptor_string_cb+0x58>
10003daa:	f811 2f01 	ldrb.w	r2, [r1, #1]!
10003dae:	3301      	adds	r3, #1
10003db0:	b2db      	uxtb	r3, r3
10003db2:	2a00      	cmp	r2, #0
10003db4:	d1f5      	bne.n	10003da2 <tud_descriptor_string_cb+0x32>
10003db6:	005b      	lsls	r3, r3, #1
10003db8:	f443 7340 	orr.w	r3, r3, #768	@ 0x300
10003dbc:	e7e4      	b.n	10003d88 <tud_descriptor_string_cb+0x18>
10003dbe:	2111      	movs	r1, #17
10003dc0:	4618      	mov	r0, r3
10003dc2:	f000 f825 	bl	10003e10 <pico_get_unique_board_id_string>
10003dc6:	e7d8      	b.n	10003d7a <tud_descriptor_string_cb+0xa>
10003dc8:	f44f 734a 	mov.w	r3, #808	@ 0x328
10003dcc:	e7dc      	b.n	10003d88 <tud_descriptor_string_cb+0x18>
10003dce:	2000      	movs	r0, #0
10003dd0:	bd38      	pop	{r3, r4, r5, pc}
10003dd2:	bf00      	nop
10003dd4:	200025e8 	.word	0x200025e8
10003dd8:	200020b8 	.word	0x200020b8
10003ddc:	100093d4 	.word	0x100093d4

10003de0 <_retrieve_unique_id_on_boot>:
10003de0:	b500      	push	{lr}
10003de2:	f245 3047 	movw	r0, #21319	@ 0x5347
10003de6:	b08b      	sub	sp, #44	@ 0x2c
10003de8:	f7fd fcf2 	bl	100017d0 <rom_func_lookup>
10003dec:	2201      	movs	r2, #1
10003dee:	4603      	mov	r3, r0
10003df0:	2109      	movs	r1, #9
10003df2:	a801      	add	r0, sp, #4
10003df4:	4798      	blx	r3
10003df6:	e9dd 3203 	ldrd	r3, r2, [sp, #12]
10003dfa:	4904      	ldr	r1, [pc, #16]	@ (10003e0c <_retrieve_unique_id_on_boot+0x2c>)
10003dfc:	ba12      	rev	r2, r2
10003dfe:	ba1b      	rev	r3, r3
10003e00:	e9c1 2300 	strd	r2, r3, [r1]
10003e04:	b00b      	add	sp, #44	@ 0x2c
10003e06:	f85d fb04 	ldr.w	pc, [sp], #4
10003e0a:	bf00      	nop
10003e0c:	200025d0 	.word	0x200025d0

10003e10 <pico_get_unique_board_id_string>:
10003e10:	2901      	cmp	r1, #1
10003e12:	f101 33ff 	add.w	r3, r1, #4294967295
10003e16:	f000 80b3 	beq.w	10003f80 <pico_get_unique_board_id_string+0x170>
10003e1a:	495d      	ldr	r1, [pc, #372]	@ (10003f90 <pico_get_unique_board_id_string+0x180>)
10003e1c:	780a      	ldrb	r2, [r1, #0]
10003e1e:	ea4f 1c12 	mov.w	ip, r2, lsr #4
10003e22:	2a9f      	cmp	r2, #159	@ 0x9f
10003e24:	bf8c      	ite	hi
10003e26:	f10c 0c37 	addhi.w	ip, ip, #55	@ 0x37
10003e2a:	f10c 0c30 	addls.w	ip, ip, #48	@ 0x30
10003e2e:	2b01      	cmp	r3, #1
10003e30:	f880 c000 	strb.w	ip, [r0]
10003e34:	f000 80a7 	beq.w	10003f86 <pico_get_unique_board_id_string+0x176>
10003e38:	f002 020f 	and.w	r2, r2, #15
10003e3c:	2a09      	cmp	r2, #9
10003e3e:	bf8c      	ite	hi
10003e40:	3237      	addhi	r2, #55	@ 0x37
10003e42:	3230      	addls	r2, #48	@ 0x30
10003e44:	2b02      	cmp	r3, #2
10003e46:	7042      	strb	r2, [r0, #1]
10003e48:	f000 809d 	beq.w	10003f86 <pico_get_unique_board_id_string+0x176>
10003e4c:	784a      	ldrb	r2, [r1, #1]
10003e4e:	ea4f 1c12 	mov.w	ip, r2, lsr #4
10003e52:	2a9f      	cmp	r2, #159	@ 0x9f
10003e54:	bf8c      	ite	hi
10003e56:	f10c 0c37 	addhi.w	ip, ip, #55	@ 0x37
10003e5a:	f10c 0c30 	addls.w	ip, ip, #48	@ 0x30
10003e5e:	2b03      	cmp	r3, #3
10003e60:	f880 c002 	strb.w	ip, [r0, #2]
10003e64:	f000 808f 	beq.w	10003f86 <pico_get_unique_board_id_string+0x176>
10003e68:	f002 020f 	and.w	r2, r2, #15
10003e6c:	2a09      	cmp	r2, #9
10003e6e:	bf8c      	ite	hi
10003e70:	3237      	addhi	r2, #55	@ 0x37
10003e72:	3230      	addls	r2, #48	@ 0x30
10003e74:	2b04      	cmp	r3, #4
10003e76:	70c2      	strb	r2, [r0, #3]
10003e78:	f000 8085 	beq.w	10003f86 <pico_get_unique_board_id_string+0x176>
10003e7c:	788a      	ldrb	r2, [r1, #2]
10003e7e:	ea4f 1c12 	mov.w	ip, r2, lsr #4
10003e82:	2a9f      	cmp	r2, #159	@ 0x9f
10003e84:	bf8c      	ite	hi
10003e86:	f10c 0c37 	addhi.w	ip, ip, #55	@ 0x37
10003e8a:	f10c 0c30 	addls.w	ip, ip, #48	@ 0x30
10003e8e:	2b05      	cmp	r3, #5
10003e90:	f880 c004 	strb.w	ip, [r0, #4]
10003e94:	d077      	beq.n	10003f86 <pico_get_unique_board_id_string+0x176>
10003e96:	f002 020f 	and.w	r2, r2, #15
10003e9a:	2a09      	cmp	r2, #9
10003e9c:	bf8c      	ite	hi
10003e9e:	3237      	addhi	r2, #55	@ 0x37
10003ea0:	3230      	addls	r2, #48	@ 0x30
10003ea2:	2b06      	cmp	r3, #6
10003ea4:	7142      	strb	r2, [r0, #5]
10003ea6:	d06e      	beq.n	10003f86 <pico_get_unique_board_id_string+0x176>
10003ea8:	78ca      	ldrb	r2, [r1, #3]
10003eaa:	ea4f 1c12 	mov.w	ip, r2, lsr #4
10003eae:	2a9f      	cmp	r2, #159	@ 0x9f
10003eb0:	bf8c      	ite	hi
10003eb2:	f10c 0c37 	addhi.w	ip, ip, #55	@ 0x37
10003eb6:	f10c 0c30 	addls.w	ip, ip, #48	@ 0x30
10003eba:	2b07      	cmp	r3, #7
10003ebc:	f880 c006 	strb.w	ip, [r0, #6]
10003ec0:	d061      	beq.n	10003f86 <pico_get_unique_board_id_string+0x176>
10003ec2:	f002 020f 	and.w	r2, r2, #15
10003ec6:	2a09      	cmp	r2, #9
10003ec8:	bf8c      	ite	hi
10003eca:	3237      	addhi	r2, #55	@ 0x37
10003ecc:	3230      	addls	r2, #48	@ 0x30
10003ece:	2b08      	cmp	r3, #8
10003ed0:	71c2      	strb	r2, [r0, #7]
10003ed2:	d058      	beq.n	10003f86 <pico_get_unique_board_id_string+0x176>
10003ed4:	790a      	ldrb	r2, [r1, #4]
10003ed6:	ea4f 1c12 	mov.w	ip, r2, lsr #4
10003eda:	2a9f      	cmp	r2, #159	@ 0x9f
10003edc:	bf8c      	ite	hi
10003ede:	f10c 0c37 	addhi.w	ip, ip, #55	@ 0x37
10003ee2:	f10c 0c30 	addls.w	ip, ip, #48	@ 0x30
10003ee6:	2b09      	cmp	r3, #9
10003ee8:	f880 c008 	strb.w	ip, [r0, #8]
10003eec:	d04b      	beq.n	10003f86 <pico_get_unique_board_id_string+0x176>
10003eee:	f002 020f 	and.w	r2, r2, #15
10003ef2:	2a09      	cmp	r2, #9
10003ef4:	bf8c      	ite	hi
10003ef6:	3237      	addhi	r2, #55	@ 0x37
10003ef8:	3230      	addls	r2, #48	@ 0x30
10003efa:	2b0a      	cmp	r3, #10
10003efc:	7242      	strb	r2, [r0, #9]
10003efe:	d042      	beq.n	10003f86 <pico_get_unique_board_id_string+0x176>
10003f00:	794a      	ldrb	r2, [r1, #5]
10003f02:	ea4f 1c12 	mov.w	ip, r2, lsr #4
10003f06:	2a9f      	cmp	r2, #159	@ 0x9f
10003f08:	bf8c      	ite	hi
10003f0a:	f10c 0c37 	addhi.w	ip, ip, #55	@ 0x37
10003f0e:	f10c 0c30 	addls.w	ip, ip, #48	@ 0x30
10003f12:	2b0b      	cmp	r3, #11
10003f14:	f880 c00a 	strb.w	ip, [r0, #10]
10003f18:	d035      	beq.n	10003f86 <pico_get_unique_board_id_string+0x176>
10003f1a:	f002 020f 	and.w	r2, r2, #15
10003f1e:	2a09      	cmp	r2, #9
10003f20:	bf8c      	ite	hi
10003f22:	3237      	addhi	r2, #55	@ 0x37
10003f24:	3230      	addls	r2, #48	@ 0x30
10003f26:	2b0c      	cmp	r3, #12
10003f28:	72c2      	strb	r2, [r0, #11]
10003f2a:	d02c      	beq.n	10003f86 <pico_get_unique_board_id_string+0x176>
10003f2c:	798a      	ldrb	r2, [r1, #6]
10003f2e:	ea4f 1c12 	mov.w	ip, r2, lsr #4
10003f32:	2a9f      	cmp	r2, #159	@ 0x9f
10003f34:	bf8c      	ite	hi
10003f36:	f10c 0c37 	addhi.w	ip, ip, #55	@ 0x37
10003f3a:	f10c 0c30 	addls.w	ip, ip, #48	@ 0x30
10003f3e:	2b0d      	cmp	r3, #13
10003f40:	f880 c00c 	strb.w	ip, [r0, #12]
10003f44:	d01f      	beq.n	10003f86 <pico_get_unique_board_id_string+0x176>
10003f46:	f002 020f 	and.w	r2, r2, #15
10003f4a:	2a09      	cmp	r2, #9
10003f4c:	bf8c      	ite	hi
10003f4e:	3237      	addhi	r2, #55	@ 0x37
10003f50:	3230      	addls	r2, #48	@ 0x30
10003f52:	2b0e      	cmp	r3, #14
10003f54:	7342      	strb	r2, [r0, #13]
10003f56:	d016      	beq.n	10003f86 <pico_get_unique_board_id_string+0x176>
10003f58:	79ca      	ldrb	r2, [r1, #7]
10003f5a:	0911      	lsrs	r1, r2, #4
10003f5c:	2a9f      	cmp	r2, #159	@ 0x9f
10003f5e:	bf8c      	ite	hi
10003f60:	3137      	addhi	r1, #55	@ 0x37
10003f62:	3130      	addls	r1, #48	@ 0x30
10003f64:	2b0f      	cmp	r3, #15
10003f66:	7381      	strb	r1, [r0, #14]
10003f68:	d00d      	beq.n	10003f86 <pico_get_unique_board_id_string+0x176>
10003f6a:	f002 020f 	and.w	r2, r2, #15
10003f6e:	2a09      	cmp	r2, #9
10003f70:	bf94      	ite	ls
10003f72:	3230      	addls	r2, #48	@ 0x30
10003f74:	3237      	addhi	r2, #55	@ 0x37
10003f76:	2b10      	cmp	r3, #16
10003f78:	73c2      	strb	r2, [r0, #15]
10003f7a:	bf18      	it	ne
10003f7c:	3010      	addne	r0, #16
10003f7e:	d002      	beq.n	10003f86 <pico_get_unique_board_id_string+0x176>
10003f80:	2300      	movs	r3, #0
10003f82:	7003      	strb	r3, [r0, #0]
10003f84:	4770      	bx	lr
10003f86:	4418      	add	r0, r3
10003f88:	2300      	movs	r3, #0
10003f8a:	7003      	strb	r3, [r0, #0]
10003f8c:	4770      	bx	lr
10003f8e:	bf00      	nop
10003f90:	200025d0 	.word	0x200025d0

10003f94 <dcd_init>:
10003f94:	b570      	push	{r4, r5, r6, lr}
10003f96:	f000 f92d 	bl	100041f4 <rp2040_usb_init>
10003f9a:	230c      	movs	r3, #12
10003f9c:	2640      	movs	r6, #64	@ 0x40
10003f9e:	4c19      	ldr	r4, [pc, #100]	@ (10004004 <dcd_init+0x70>)
10003fa0:	22ff      	movs	r2, #255	@ 0xff
10003fa2:	67a3      	str	r3, [r4, #120]	@ 0x78
10003fa4:	200e      	movs	r0, #14
10003fa6:	4918      	ldr	r1, [pc, #96]	@ (10004008 <dcd_init+0x74>)
10003fa8:	f7fc fcf8 	bl	1000099c <irq_add_shared_handler>
10003fac:	4632      	mov	r2, r6
10003fae:	2100      	movs	r1, #0
10003fb0:	4816      	ldr	r0, [pc, #88]	@ (1000400c <dcd_init+0x78>)
10003fb2:	f004 fa51 	bl	10008458 <memset>
10003fb6:	2501      	movs	r5, #1
10003fb8:	2300      	movs	r3, #0
10003fba:	2180      	movs	r1, #128	@ 0x80
10003fbc:	4813      	ldr	r0, [pc, #76]	@ (1000400c <dcd_init+0x78>)
10003fbe:	4a14      	ldr	r2, [pc, #80]	@ (10004010 <dcd_init+0x7c>)
10003fc0:	8441      	strh	r1, [r0, #34]	@ 0x22
10003fc2:	7045      	strb	r5, [r0, #1]
10003fc4:	8306      	strh	r6, [r0, #24]
10003fc6:	8706      	strh	r6, [r0, #56]	@ 0x38
10003fc8:	6082      	str	r2, [r0, #8]
10003fca:	6043      	str	r3, [r0, #4]
10003fcc:	6013      	str	r3, [r2, #0]
10003fce:	f842 3c04 	str.w	r3, [r2, #-4]
10003fd2:	f880 3021 	strb.w	r3, [r0, #33]	@ 0x21
10003fd6:	f880 303b 	strb.w	r3, [r0, #59]	@ 0x3b
10003fda:	6243      	str	r3, [r0, #36]	@ 0x24
10003fdc:	4b0d      	ldr	r3, [pc, #52]	@ (10004014 <dcd_init+0x80>)
10003fde:	f04f 5600 	mov.w	r6, #536870912	@ 0x20000000
10003fe2:	60c3      	str	r3, [r0, #12]
10003fe4:	62c3      	str	r3, [r0, #44]	@ 0x2c
10003fe6:	3b80      	subs	r3, #128	@ 0x80
10003fe8:	6283      	str	r3, [r0, #40]	@ 0x28
10003fea:	f004 fcb1 	bl	10008950 <__reset_non_control_endpoints_veneer>
10003fee:	f44f 3280 	mov.w	r2, #65536	@ 0x10000
10003ff2:	4909      	ldr	r1, [pc, #36]	@ (10004018 <dcd_init+0x84>)
10003ff4:	4b09      	ldr	r3, [pc, #36]	@ (1000401c <dcd_init+0x88>)
10003ff6:	6425      	str	r5, [r4, #64]	@ 0x40
10003ff8:	4628      	mov	r0, r5
10003ffa:	64e6      	str	r6, [r4, #76]	@ 0x4c
10003ffc:	f8c4 1090 	str.w	r1, [r4, #144]	@ 0x90
10004000:	64da      	str	r2, [r3, #76]	@ 0x4c
10004002:	bd70      	pop	{r4, r5, r6, pc}
10004004:	50110000 	.word	0x50110000
10004008:	2000039d 	.word	0x2000039d
1000400c:	200020f4 	.word	0x200020f4
10004010:	50100084 	.word	0x50100084
10004014:	50100100 	.word	0x50100100
10004018:	0001d010 	.word	0x0001d010
1000401c:	50112000 	.word	0x50112000

10004020 <dcd_int_enable>:
10004020:	2101      	movs	r1, #1
10004022:	200e      	movs	r0, #14
10004024:	f7fc bc48 	b.w	100008b8 <irq_set_enabled>

10004028 <dcd_set_address>:
10004028:	2200      	movs	r2, #0
1000402a:	4802      	ldr	r0, [pc, #8]	@ (10004034 <dcd_set_address+0xc>)
1000402c:	4611      	mov	r1, r2
1000402e:	f000 b901 	b.w	10004234 <hw_endpoint_xfer_start>
10004032:	bf00      	nop
10004034:	20002114 	.word	0x20002114

10004038 <dcd_sof_enable>:
10004038:	4b04      	ldr	r3, [pc, #16]	@ (1000404c <dcd_sof_enable+0x14>)
1000403a:	7019      	strb	r1, [r3, #0]
1000403c:	b121      	cbz	r1, 10004048 <dcd_sof_enable+0x10>
1000403e:	f44f 3200 	mov.w	r2, #131072	@ 0x20000
10004042:	4b03      	ldr	r3, [pc, #12]	@ (10004050 <dcd_sof_enable+0x18>)
10004044:	f8c3 2090 	str.w	r2, [r3, #144]	@ 0x90
10004048:	4770      	bx	lr
1000404a:	bf00      	nop
1000404c:	200026d5 	.word	0x200026d5
10004050:	50112000 	.word	0x50112000

10004054 <dcd_edpt0_status_complete>:
10004054:	780b      	ldrb	r3, [r1, #0]
10004056:	065b      	lsls	r3, r3, #25
10004058:	d102      	bne.n	10004060 <dcd_edpt0_status_complete+0xc>
1000405a:	784b      	ldrb	r3, [r1, #1]
1000405c:	2b05      	cmp	r3, #5
1000405e:	d000      	beq.n	10004062 <dcd_edpt0_status_complete+0xe>
10004060:	4770      	bx	lr
10004062:	884b      	ldrh	r3, [r1, #2]
10004064:	4a01      	ldr	r2, [pc, #4]	@ (1000406c <dcd_edpt0_status_complete+0x18>)
10004066:	b2db      	uxtb	r3, r3
10004068:	6013      	str	r3, [r2, #0]
1000406a:	4770      	bx	lr
1000406c:	50110000 	.word	0x50110000

10004070 <dcd_edpt_open>:
10004070:	78cb      	ldrb	r3, [r1, #3]
10004072:	e92d 41f0 	stmdb	sp!, {r4, r5, r6, r7, r8, lr}
10004076:	f003 0e03 	and.w	lr, r3, #3
1000407a:	f1be 0f01 	cmp.w	lr, #1
1000407e:	f3c3 0001 	ubfx	r0, r3, #0, #2
10004082:	d05b      	beq.n	1000413c <dcd_edpt_open+0xcc>
10004084:	2700      	movs	r7, #0
10004086:	f891 c002 	ldrb.w	ip, [r1, #2]
1000408a:	4c34      	ldr	r4, [pc, #208]	@ (1000415c <dcd_edpt_open+0xec>)
1000408c:	f00c 027f 	and.w	r2, ip, #127	@ 0x7f
10004090:	0056      	lsls	r6, r2, #1
10004092:	8889      	ldrh	r1, [r1, #4]
10004094:	eb06 13dc 	add.w	r3, r6, ip, lsr #7
10004098:	eb04 1343 	add.w	r3, r4, r3, lsl #5
1000409c:	ea4f 15dc 	mov.w	r5, ip, lsr #7
100040a0:	76d8      	strb	r0, [r3, #27]
100040a2:	f3c1 010a 	ubfx	r1, r1, #0, #11
100040a6:	f085 0001 	eor.w	r0, r5, #1
100040aa:	f883 c002 	strb.w	ip, [r3, #2]
100040ae:	8319      	strh	r1, [r3, #24]
100040b0:	7058      	strb	r0, [r3, #1]
100040b2:	70df      	strb	r7, [r3, #3]
100040b4:	00d3      	lsls	r3, r2, #3
100040b6:	bb8d      	cbnz	r5, 1000411c <dcd_edpt_open+0xac>
100040b8:	4829      	ldr	r0, [pc, #164]	@ (10004160 <dcd_edpt_open+0xf0>)
100040ba:	3304      	adds	r3, #4
100040bc:	eb04 1c82 	add.w	ip, r4, r2, lsl #6
100040c0:	eb03 0800 	add.w	r8, r3, r0
100040c4:	f8cc 8008 	str.w	r8, [ip, #8]
100040c8:	501f      	str	r7, [r3, r0]
100040ca:	b382      	cbz	r2, 1000412e <dcd_edpt_open+0xbe>
100040cc:	4b25      	ldr	r3, [pc, #148]	@ (10004164 <dcd_edpt_open+0xf4>)
100040ce:	00d2      	lsls	r2, r2, #3
100040d0:	4413      	add	r3, r2
100040d2:	f8cc 3004 	str.w	r3, [ip, #4]
100040d6:	4b24      	ldr	r3, [pc, #144]	@ (10004168 <dcd_edpt_open+0xf8>)
100040d8:	313f      	adds	r1, #63	@ 0x3f
100040da:	681a      	ldr	r2, [r3, #0]
100040dc:	f021 013f 	bic.w	r1, r1, #63	@ 0x3f
100040e0:	f1be 0f02 	cmp.w	lr, #2
100040e4:	bf08      	it	eq
100040e6:	0049      	lsleq	r1, r1, #1
100040e8:	4411      	add	r1, r2
100040ea:	6019      	str	r1, [r3, #0]
100040ec:	4b1f      	ldr	r3, [pc, #124]	@ (1000416c <dcd_edpt_open+0xfc>)
100040ee:	1977      	adds	r7, r6, r5
100040f0:	eb04 1747 	add.w	r7, r4, r7, lsl #5
100040f4:	4299      	cmp	r1, r3
100040f6:	60fa      	str	r2, [r7, #12]
100040f8:	d82b      	bhi.n	10004152 <dcd_edpt_open+0xe2>
100040fa:	442e      	add	r6, r5
100040fc:	eb04 1346 	add.w	r3, r4, r6, lsl #5
10004100:	7ed9      	ldrb	r1, [r3, #27]
10004102:	f082 42a0 	eor.w	r2, r2, #1342177280	@ 0x50000000
10004106:	f482 1280 	eor.w	r2, r2, #1048576	@ 0x100000
1000410a:	685b      	ldr	r3, [r3, #4]
1000410c:	ea42 6281 	orr.w	r2, r2, r1, lsl #26
10004110:	f042 4200 	orr.w	r2, r2, #2147483648	@ 0x80000000
10004114:	601a      	str	r2, [r3, #0]
10004116:	2001      	movs	r0, #1
10004118:	e8bd 81f0 	ldmia.w	sp!, {r4, r5, r6, r7, r8, pc}
1000411c:	4810      	ldr	r0, [pc, #64]	@ (10004160 <dcd_edpt_open+0xf0>)
1000411e:	eb04 1c82 	add.w	ip, r4, r2, lsl #6
10004122:	4403      	add	r3, r0
10004124:	f8cc 3028 	str.w	r3, [ip, #40]	@ 0x28
10004128:	f840 7032 	str.w	r7, [r0, r2, lsl #3]
1000412c:	b94a      	cbnz	r2, 10004142 <dcd_edpt_open+0xd2>
1000412e:	2200      	movs	r2, #0
10004130:	490f      	ldr	r1, [pc, #60]	@ (10004170 <dcd_edpt_open+0x100>)
10004132:	eb04 1345 	add.w	r3, r4, r5, lsl #5
10004136:	60d9      	str	r1, [r3, #12]
10004138:	605a      	str	r2, [r3, #4]
1000413a:	e7ec      	b.n	10004116 <dcd_edpt_open+0xa6>
1000413c:	2000      	movs	r0, #0
1000413e:	e8bd 81f0 	ldmia.w	sp!, {r4, r5, r6, r7, r8, pc}
10004142:	00d2      	lsls	r2, r2, #3
10004144:	f102 42a0 	add.w	r2, r2, #1342177280	@ 0x50000000
10004148:	f502 1280 	add.w	r2, r2, #1048576	@ 0x100000
1000414c:	f8cc 2024 	str.w	r2, [ip, #36]	@ 0x24
10004150:	e7c1      	b.n	100040d6 <dcd_edpt_open+0x66>
10004152:	f7fd fb89 	bl	10001868 <hard_assertion_failure>
10004156:	68fa      	ldr	r2, [r7, #12]
10004158:	e7cf      	b.n	100040fa <dcd_edpt_open+0x8a>
1000415a:	bf00      	nop
1000415c:	200020f4 	.word	0x200020f4
10004160:	50100080 	.word	0x50100080
10004164:	50100004 	.word	0x50100004
10004168:	200024fc 	.word	0x200024fc
1000416c:	50100fff 	.word	0x50100fff
10004170:	50100100 	.word	0x50100100

10004174 <dcd_edpt_close_all>:
10004174:	f004 bbec 	b.w	10008950 <__reset_non_control_endpoints_veneer>

10004178 <dcd_edpt_xfer>:
10004178:	468c      	mov	ip, r1
1000417a:	b508      	push	{r3, lr}
1000417c:	4611      	mov	r1, r2
1000417e:	4807      	ldr	r0, [pc, #28]	@ (1000419c <dcd_edpt_xfer+0x24>)
10004180:	461a      	mov	r2, r3
10004182:	f00c 037f 	and.w	r3, ip, #127	@ 0x7f
10004186:	ea4f 1cdc 	mov.w	ip, ip, lsr #7
1000418a:	eb0c 0c43 	add.w	ip, ip, r3, lsl #1
1000418e:	eb00 104c 	add.w	r0, r0, ip, lsl #5
10004192:	f000 f84f 	bl	10004234 <hw_endpoint_xfer_start>
10004196:	2001      	movs	r0, #1
10004198:	bd08      	pop	{r3, pc}
1000419a:	bf00      	nop
1000419c:	200020f4 	.word	0x200020f4

100041a0 <dcd_edpt_stall>:
100041a0:	f011 027f 	ands.w	r2, r1, #127	@ 0x7f
100041a4:	d105      	bne.n	100041b2 <dcd_edpt_stall+0x12>
100041a6:	2900      	cmp	r1, #0
100041a8:	bf0c      	ite	eq
100041aa:	2002      	moveq	r0, #2
100041ac:	2001      	movne	r0, #1
100041ae:	4b06      	ldr	r3, [pc, #24]	@ (100041c8 <dcd_edpt_stall+0x28>)
100041b0:	6698      	str	r0, [r3, #104]	@ 0x68
100041b2:	09c9      	lsrs	r1, r1, #7
100041b4:	4b05      	ldr	r3, [pc, #20]	@ (100041cc <dcd_edpt_stall+0x2c>)
100041b6:	eb01 0042 	add.w	r0, r1, r2, lsl #1
100041ba:	eb03 1040 	add.w	r0, r3, r0, lsl #5
100041be:	f44f 6200 	mov.w	r2, #2048	@ 0x800
100041c2:	2100      	movs	r1, #0
100041c4:	f004 bbd4 	b.w	10008970 <___hw_endpoint_buffer_control_update32_veneer>
100041c8:	50112000 	.word	0x50112000
100041cc:	200020f4 	.word	0x200020f4

100041d0 <dcd_edpt_clear_stall>:
100041d0:	f011 037f 	ands.w	r3, r1, #127	@ 0x7f
100041d4:	d100      	bne.n	100041d8 <dcd_edpt_clear_stall+0x8>
100041d6:	4770      	bx	lr
100041d8:	2200      	movs	r2, #0
100041da:	4805      	ldr	r0, [pc, #20]	@ (100041f0 <dcd_edpt_clear_stall+0x20>)
100041dc:	005b      	lsls	r3, r3, #1
100041de:	eb03 13d1 	add.w	r3, r3, r1, lsr #7
100041e2:	eb00 1043 	add.w	r0, r0, r3, lsl #5
100041e6:	f46f 6100 	mvn.w	r1, #2048	@ 0x800
100041ea:	70c2      	strb	r2, [r0, #3]
100041ec:	f004 bbc0 	b.w	10008970 <___hw_endpoint_buffer_control_update32_veneer>
100041f0:	200020f4 	.word	0x200020f4

100041f4 <rp2040_usb_init>:
100041f4:	f04f 5280 	mov.w	r2, #268435456	@ 0x10000000
100041f8:	4809      	ldr	r0, [pc, #36]	@ (10004220 <rp2040_usb_init+0x2c>)
100041fa:	490a      	ldr	r1, [pc, #40]	@ (10004224 <rp2040_usb_init+0x30>)
100041fc:	b508      	push	{r3, lr}
100041fe:	4b0a      	ldr	r3, [pc, #40]	@ (10004228 <rp2040_usb_init+0x34>)
10004200:	6002      	str	r2, [r0, #0]
10004202:	600a      	str	r2, [r1, #0]
10004204:	6899      	ldr	r1, [r3, #8]
10004206:	43c9      	mvns	r1, r1
10004208:	f011 5180 	ands.w	r1, r1, #268435456	@ 0x10000000
1000420c:	d1fa      	bne.n	10004204 <rp2040_usb_init+0x10>
1000420e:	f44f 5280 	mov.w	r2, #4096	@ 0x1000
10004212:	4806      	ldr	r0, [pc, #24]	@ (1000422c <rp2040_usb_init+0x38>)
10004214:	f004 f920 	bl	10008458 <memset>
10004218:	2209      	movs	r2, #9
1000421a:	4b05      	ldr	r3, [pc, #20]	@ (10004230 <rp2040_usb_init+0x3c>)
1000421c:	675a      	str	r2, [r3, #116]	@ 0x74
1000421e:	bd08      	pop	{r3, pc}
10004220:	40022000 	.word	0x40022000
10004224:	40023000 	.word	0x40023000
10004228:	40020000 	.word	0x40020000
1000422c:	50100000 	.word	0x50100000
10004230:	50110000 	.word	0x50110000

10004234 <hw_endpoint_xfer_start>:
10004234:	2300      	movs	r3, #0
10004236:	f04f 0c01 	mov.w	ip, #1
1000423a:	b510      	push	{r4, lr}
1000423c:	f880 c01a 	strb.w	ip, [r0, #26]
10004240:	8282      	strh	r2, [r0, #20]
10004242:	82c3      	strh	r3, [r0, #22]
10004244:	6101      	str	r1, [r0, #16]
10004246:	4604      	mov	r4, r0
10004248:	f004 fb7e 	bl	10008948 <__e15_is_bulkin_ep_veneer>
1000424c:	b120      	cbz	r0, 10004258 <hw_endpoint_xfer_start+0x24>
1000424e:	f44f 3200 	mov.w	r2, #131072	@ 0x20000
10004252:	4b07      	ldr	r3, [pc, #28]	@ (10004270 <hw_endpoint_xfer_start+0x3c>)
10004254:	f8c3 2090 	str.w	r2, [r3, #144]	@ 0x90
10004258:	4620      	mov	r0, r4
1000425a:	f004 fb85 	bl	10008968 <__e15_is_critical_frame_period_veneer>
1000425e:	b110      	cbz	r0, 10004266 <hw_endpoint_xfer_start+0x32>
10004260:	2301      	movs	r3, #1
10004262:	7723      	strb	r3, [r4, #28]
10004264:	bd10      	pop	{r4, pc}
10004266:	4620      	mov	r0, r4
10004268:	e8bd 4010 	ldmia.w	sp!, {r4, lr}
1000426c:	f004 bb68 	b.w	10008940 <__hw_endpoint_start_next_buffer_veneer>
10004270:	50112000 	.word	0x50112000

10004274 <configuration_reset>:
10004274:	e92d 41f0 	stmdb	sp!, {r4, r5, r6, r7, r8, lr}
10004278:	2400      	movs	r4, #0
1000427a:	4e1d      	ldr	r6, [pc, #116]	@ (100042f0 <configuration_reset+0x7c>)
1000427c:	4605      	mov	r5, r0
1000427e:	4623      	mov	r3, r4
10004280:	7832      	ldrb	r2, [r6, #0]
10004282:	f8df 8078 	ldr.w	r8, [pc, #120]	@ 100042fc <configuration_reset+0x88>
10004286:	4f1b      	ldr	r7, [pc, #108]	@ (100042f4 <configuration_reset+0x80>)
10004288:	e00d      	b.n	100042a6 <configuration_reset+0x32>
1000428a:	683b      	ldr	r3, [r7, #0]
1000428c:	eb13 1344 	adds.w	r3, r3, r4, lsl #5
10004290:	d024      	beq.n	100042dc <configuration_reset+0x68>
10004292:	68db      	ldr	r3, [r3, #12]
10004294:	4628      	mov	r0, r5
10004296:	4798      	blx	r3
10004298:	7832      	ldrb	r2, [r6, #0]
1000429a:	3401      	adds	r4, #1
1000429c:	b2e4      	uxtb	r4, r4
1000429e:	1c51      	adds	r1, r2, #1
100042a0:	42a1      	cmp	r1, r4
100042a2:	4623      	mov	r3, r4
100042a4:	db06      	blt.n	100042b4 <configuration_reset+0x40>
100042a6:	42a2      	cmp	r2, r4
100042a8:	eba3 0302 	sub.w	r3, r3, r2
100042ac:	d8ed      	bhi.n	1000428a <configuration_reset+0x16>
100042ae:	eb08 1343 	add.w	r3, r8, r3, lsl #5
100042b2:	e7ee      	b.n	10004292 <configuration_reset+0x1e>
100042b4:	2254      	movs	r2, #84	@ 0x54
100042b6:	2100      	movs	r1, #0
100042b8:	480f      	ldr	r0, [pc, #60]	@ (100042f8 <configuration_reset+0x84>)
100042ba:	f004 f8cd 	bl	10008458 <memset>
100042be:	f04f 33ff 	mov.w	r3, #4294967295
100042c2:	480d      	ldr	r0, [pc, #52]	@ (100042f8 <configuration_reset+0x84>)
100042c4:	2220      	movs	r2, #32
100042c6:	1d04      	adds	r4, r0, #4
100042c8:	6043      	str	r3, [r0, #4]
100042ca:	e9c4 3301 	strd	r3, r3, [r4, #4]
100042ce:	60e3      	str	r3, [r4, #12]
100042d0:	21ff      	movs	r1, #255	@ 0xff
100042d2:	e8bd 41f0 	ldmia.w	sp!, {r4, r5, r6, r7, r8, lr}
100042d6:	3014      	adds	r0, #20
100042d8:	f004 b8be 	b.w	10008458 <memset>
100042dc:	f04f 23e0 	mov.w	r3, #3758153728	@ 0xe000e000
100042e0:	f8d3 3df0 	ldr.w	r3, [r3, #3568]	@ 0xdf0
100042e4:	07db      	lsls	r3, r3, #31
100042e6:	d500      	bpl.n	100042ea <configuration_reset+0x76>
100042e8:	be00      	bkpt	0x0000
100042ea:	e8bd 81f0 	ldmia.w	sp!, {r4, r5, r6, r7, r8, pc}
100042ee:	bf00      	nop
100042f0:	200026d4 	.word	0x200026d4
100042f4:	20001ac8 	.word	0x20001ac8
100042f8:	20001c98 	.word	0x20001c98
100042fc:	10009454 	.word	0x10009454

10004300 <tud_event_hook_cb>:
10004300:	4770      	bx	lr
10004302:	bf00      	nop

10004304 <tud_sof_cb>:
10004304:	4770      	bx	lr
10004306:	bf00      	nop

10004308 <tud_descriptor_device_qualifier_cb>:
10004308:	2000      	movs	r0, #0
1000430a:	4770      	bx	lr

1000430c <tud_descriptor_other_speed_configuration_cb>:
1000430c:	2000      	movs	r0, #0
1000430e:	4770      	bx	lr

10004310 <tud_mount_cb>:
10004310:	4770      	bx	lr
10004312:	bf00      	nop

10004314 <tud_umount_cb>:
10004314:	4770      	bx	lr
10004316:	bf00      	nop

10004318 <tud_suspend_cb>:
10004318:	4770      	bx	lr
1000431a:	bf00      	nop

1000431c <tud_resume_cb>:
1000431c:	4770      	bx	lr
1000431e:	bf00      	nop

10004320 <tud_mounted>:
10004320:	4b02      	ldr	r3, [pc, #8]	@ (1000432c <tud_mounted+0xc>)
10004322:	7858      	ldrb	r0, [r3, #1]
10004324:	3800      	subs	r0, #0
10004326:	bf18      	it	ne
10004328:	2001      	movne	r0, #1
1000432a:	4770      	bx	lr
1000432c:	20001c98 	.word	0x20001c98

10004330 <tud_suspended>:
10004330:	4b02      	ldr	r3, [pc, #8]	@ (1000433c <tud_suspended+0xc>)
10004332:	7818      	ldrb	r0, [r3, #0]
10004334:	f3c0 0080 	ubfx	r0, r0, #2, #1
10004338:	4770      	bx	lr
1000433a:	bf00      	nop
1000433c:	20001c98 	.word	0x20001c98

10004340 <tud_rhport_init>:
10004340:	e92d 47f0 	stmdb	sp!, {r4, r5, r6, r7, r8, r9, sl, lr}
10004344:	f8df a0e4 	ldr.w	sl, [pc, #228]	@ 1000442c <tud_rhport_init+0xec>
10004348:	f89a 3000 	ldrb.w	r3, [sl]
1000434c:	2bff      	cmp	r3, #255	@ 0xff
1000434e:	d156      	bne.n	100043fe <tud_rhport_init+0xbe>
10004350:	460e      	mov	r6, r1
10004352:	2900      	cmp	r1, #0
10004354:	d03e      	beq.n	100043d4 <tud_rhport_init+0x94>
10004356:	2100      	movs	r1, #0
10004358:	2254      	movs	r2, #84	@ 0x54
1000435a:	4607      	mov	r7, r0
1000435c:	4829      	ldr	r0, [pc, #164]	@ (10004404 <tud_rhport_init+0xc4>)
1000435e:	f004 f87b 	bl	10008458 <memset>
10004362:	2200      	movs	r2, #0
10004364:	4c28      	ldr	r4, [pc, #160]	@ (10004408 <tud_rhport_init+0xc8>)
10004366:	4b29      	ldr	r3, [pc, #164]	@ (1000440c <tud_rhport_init+0xcc>)
10004368:	4620      	mov	r0, r4
1000436a:	701a      	strb	r2, [r3, #0]
1000436c:	f7fc fca8 	bl	10000cc0 <mutex_init>
10004370:	4b27      	ldr	r3, [pc, #156]	@ (10004410 <tud_rhport_init+0xd0>)
10004372:	4828      	ldr	r0, [pc, #160]	@ (10004414 <tud_rhport_init+0xd4>)
10004374:	601c      	str	r4, [r3, #0]
10004376:	4c28      	ldr	r4, [pc, #160]	@ (10004418 <tud_rhport_init+0xd8>)
10004378:	f7fc fcb0 	bl	10000cdc <critical_section_init>
1000437c:	4620      	mov	r0, r4
1000437e:	f001 fdab 	bl	10005ed8 <tu_fifo_clear>
10004382:	4a26      	ldr	r2, [pc, #152]	@ (1000441c <tud_rhport_init+0xdc>)
10004384:	4b26      	ldr	r3, [pc, #152]	@ (10004420 <tud_rhport_init+0xe0>)
10004386:	6014      	str	r4, [r2, #0]
10004388:	b123      	cbz	r3, 10004394 <tud_rhport_init+0x54>
1000438a:	4826      	ldr	r0, [pc, #152]	@ (10004424 <tud_rhport_init+0xe4>)
1000438c:	f7ff fac4 	bl	10003918 <usbd_app_driver_get_cb>
10004390:	4b25      	ldr	r3, [pc, #148]	@ (10004428 <tud_rhport_init+0xe8>)
10004392:	6018      	str	r0, [r3, #0]
10004394:	2400      	movs	r4, #0
10004396:	4d23      	ldr	r5, [pc, #140]	@ (10004424 <tud_rhport_init+0xe4>)
10004398:	4623      	mov	r3, r4
1000439a:	782a      	ldrb	r2, [r5, #0]
1000439c:	f8df 9090 	ldr.w	r9, [pc, #144]	@ 10004430 <tud_rhport_init+0xf0>
100043a0:	f8df 8084 	ldr.w	r8, [pc, #132]	@ 10004428 <tud_rhport_init+0xe8>
100043a4:	e00e      	b.n	100043c4 <tud_rhport_init+0x84>
100043a6:	f8d8 3000 	ldr.w	r3, [r8]
100043aa:	eb13 1344 	adds.w	r3, r3, r4, lsl #5
100043ae:	d011      	beq.n	100043d4 <tud_rhport_init+0x94>
100043b0:	685b      	ldr	r3, [r3, #4]
100043b2:	b17b      	cbz	r3, 100043d4 <tud_rhport_init+0x94>
100043b4:	4798      	blx	r3
100043b6:	782a      	ldrb	r2, [r5, #0]
100043b8:	3401      	adds	r4, #1
100043ba:	b2e4      	uxtb	r4, r4
100043bc:	1c51      	adds	r1, r2, #1
100043be:	42a1      	cmp	r1, r4
100043c0:	4623      	mov	r3, r4
100043c2:	db11      	blt.n	100043e8 <tud_rhport_init+0xa8>
100043c4:	42a2      	cmp	r2, r4
100043c6:	d8ee      	bhi.n	100043a6 <tud_rhport_init+0x66>
100043c8:	1a9b      	subs	r3, r3, r2
100043ca:	eb09 1343 	add.w	r3, r9, r3, lsl #5
100043ce:	685b      	ldr	r3, [r3, #4]
100043d0:	2b00      	cmp	r3, #0
100043d2:	d1ef      	bne.n	100043b4 <tud_rhport_init+0x74>
100043d4:	f04f 23e0 	mov.w	r3, #3758153728	@ 0xe000e000
100043d8:	f8d3 3df0 	ldr.w	r3, [r3, #3568]	@ 0xdf0
100043dc:	07db      	lsls	r3, r3, #31
100043de:	d500      	bpl.n	100043e2 <tud_rhport_init+0xa2>
100043e0:	be00      	bkpt	0x0000
100043e2:	2000      	movs	r0, #0
100043e4:	e8bd 87f0 	ldmia.w	sp!, {r4, r5, r6, r7, r8, r9, sl, pc}
100043e8:	4631      	mov	r1, r6
100043ea:	4638      	mov	r0, r7
100043ec:	f88a 7000 	strb.w	r7, [sl]
100043f0:	f7ff fdd0 	bl	10003f94 <dcd_init>
100043f4:	2800      	cmp	r0, #0
100043f6:	d0ed      	beq.n	100043d4 <tud_rhport_init+0x94>
100043f8:	4638      	mov	r0, r7
100043fa:	f7ff fe11 	bl	10004020 <dcd_int_enable>
100043fe:	2001      	movs	r0, #1
10004400:	e8bd 87f0 	ldmia.w	sp!, {r4, r5, r6, r7, r8, r9, sl, pc}
10004404:	20001c98 	.word	0x20001c98
10004408:	20001c90 	.word	0x20001c90
1000440c:	200026d6 	.word	0x200026d6
10004410:	20001cec 	.word	0x20001cec
10004414:	20001210 	.word	0x20001210
10004418:	200011fc 	.word	0x200011fc
1000441c:	20001cf0 	.word	0x20001cf0
10004420:	10003919 	.word	0x10003919
10004424:	200026d4 	.word	0x200026d4
10004428:	20001ac8 	.word	0x20001ac8
1000442c:	20001218 	.word	0x20001218
10004430:	10009454 	.word	0x10009454

10004434 <tud_task_ext>:
10004434:	e92d 4ff0 	stmdb	sp!, {r4, r5, r6, r7, r8, r9, sl, fp, lr}
10004438:	f8df 92c8 	ldr.w	r9, [pc, #712]	@ 10004704 <tud_task_ext+0x2d0>
1000443c:	b08b      	sub	sp, #44	@ 0x2c
1000443e:	f899 3000 	ldrb.w	r3, [r9]
10004442:	2bff      	cmp	r3, #255	@ 0xff
10004444:	f000 80f1 	beq.w	1000462a <tud_task_ext+0x1f6>
10004448:	4ca8      	ldr	r4, [pc, #672]	@ (100046ec <tud_task_ext+0x2b8>)
1000444a:	4da9      	ldr	r5, [pc, #676]	@ (100046f0 <tud_task_ext+0x2bc>)
1000444c:	f8df a2b0 	ldr.w	sl, [pc, #688]	@ 10004700 <tud_task_ext+0x2cc>
10004450:	f8df b2b4 	ldr.w	fp, [pc, #692]	@ 10004708 <tud_task_ext+0x2d4>
10004454:	6826      	ldr	r6, [r4, #0]
10004456:	6973      	ldr	r3, [r6, #20]
10004458:	f3ef 8210 	mrs	r2, PRIMASK
1000445c:	b672      	cpsid	i
1000445e:	e8d3 0fcf 	ldaexb	r0, [r3]
10004462:	2101      	movs	r1, #1
10004464:	2800      	cmp	r0, #0
10004466:	d1fa      	bne.n	1000445e <tud_task_ext+0x2a>
10004468:	e8c3 1f40 	strexb	r0, r1, [r3]
1000446c:	2800      	cmp	r0, #0
1000446e:	d1f6      	bne.n	1000445e <tud_task_ext+0x2a>
10004470:	f3bf 8f5f 	dmb	sy
10004474:	61b2      	str	r2, [r6, #24]
10004476:	4630      	mov	r0, r6
10004478:	a907      	add	r1, sp, #28
1000447a:	f001 fb77 	bl	10005b6c <tu_fifo_read>
1000447e:	2300      	movs	r3, #0
10004480:	6972      	ldr	r2, [r6, #20]
10004482:	e8c2 3f8f 	stlb	r3, [r2]
10004486:	69b3      	ldr	r3, [r6, #24]
10004488:	f383 8810 	msr	PRIMASK, r3
1000448c:	2800      	cmp	r0, #0
1000448e:	f000 80cc 	beq.w	1000462a <tud_task_ext+0x1f6>
10004492:	f89d 301d 	ldrb.w	r3, [sp, #29]
10004496:	3b01      	subs	r3, #1
10004498:	2b07      	cmp	r3, #7
1000449a:	f200 837d 	bhi.w	10004b98 <tud_task_ext+0x764>
1000449e:	e8df f003 	tbb	[pc, r3]
100044a2:	b1a7      	.short	0xb1a7
100044a4:	358e9d95 	.word	0x358e9d95
100044a8:	040a      	.short	0x040a
100044aa:	9b08      	ldr	r3, [sp, #32]
100044ac:	2b00      	cmp	r3, #0
100044ae:	d0d1      	beq.n	10004454 <tud_task_ext+0x20>
100044b0:	9809      	ldr	r0, [sp, #36]	@ 0x24
100044b2:	4798      	blx	r3
100044b4:	e7ce      	b.n	10004454 <tud_task_ext+0x20>
100044b6:	f89d 1020 	ldrb.w	r1, [sp, #32]
100044ba:	f001 067f 	and.w	r6, r1, #127	@ 0x7f
100044be:	eb05 0046 	add.w	r0, r5, r6, lsl #1
100044c2:	eb00 10d1 	add.w	r0, r0, r1, lsr #7
100044c6:	f890 3034 	ldrb.w	r3, [r0, #52]	@ 0x34
100044ca:	f023 0301 	bic.w	r3, r3, #1
100044ce:	f880 3034 	strb.w	r3, [r0, #52]	@ 0x34
100044d2:	f890 3034 	ldrb.w	r3, [r0, #52]	@ 0x34
100044d6:	f023 0304 	bic.w	r3, r3, #4
100044da:	f880 3034 	strb.w	r3, [r0, #52]	@ 0x34
100044de:	2e00      	cmp	r6, #0
100044e0:	f000 80a6 	beq.w	10004630 <tud_task_ext+0x1fc>
100044e4:	7d03      	ldrb	r3, [r0, #20]
100044e6:	f89a 2000 	ldrb.w	r2, [sl]
100044ea:	4293      	cmp	r3, r2
100044ec:	f080 8093 	bcs.w	10004616 <tud_task_ext+0x1e2>
100044f0:	4a80      	ldr	r2, [pc, #512]	@ (100046f4 <tud_task_ext+0x2c0>)
100044f2:	6812      	ldr	r2, [r2, #0]
100044f4:	eb12 1343 	adds.w	r3, r2, r3, lsl #5
100044f8:	f000 8090 	beq.w	1000461c <tud_task_ext+0x1e8>
100044fc:	699e      	ldr	r6, [r3, #24]
100044fe:	f89d 2021 	ldrb.w	r2, [sp, #33]	@ 0x21
10004502:	9b09      	ldr	r3, [sp, #36]	@ 0x24
10004504:	f89d 001c 	ldrb.w	r0, [sp, #28]
10004508:	47b0      	blx	r6
1000450a:	e7a3      	b.n	10004454 <tud_task_ext+0x20>
1000450c:	f89b 3000 	ldrb.w	r3, [fp]
10004510:	2b00      	cmp	r3, #0
10004512:	f000 8083 	beq.w	1000461c <tud_task_ext+0x1e8>
10004516:	f89b 3000 	ldrb.w	r3, [fp]
1000451a:	3b01      	subs	r3, #1
1000451c:	b2db      	uxtb	r3, r3
1000451e:	f88b 3000 	strb.w	r3, [fp]
10004522:	f89b 3000 	ldrb.w	r3, [fp]
10004526:	f003 00ff 	and.w	r0, r3, #255	@ 0xff
1000452a:	2b00      	cmp	r3, #0
1000452c:	d192      	bne.n	10004454 <tud_task_ext+0x20>
1000452e:	4f70      	ldr	r7, [pc, #448]	@ (100046f0 <tud_task_ext+0x2bc>)
10004530:	f89d 801c 	ldrb.w	r8, [sp, #28]
10004534:	783b      	ldrb	r3, [r7, #0]
10004536:	f043 0301 	orr.w	r3, r3, #1
1000453a:	703b      	strb	r3, [r7, #0]
1000453c:	f897 3034 	ldrb.w	r3, [r7, #52]	@ 0x34
10004540:	f360 0300 	bfi	r3, r0, #0, #1
10004544:	f887 3034 	strb.w	r3, [r7, #52]	@ 0x34
10004548:	f897 3034 	ldrb.w	r3, [r7, #52]	@ 0x34
1000454c:	f360 0382 	bfi	r3, r0, #2, #1
10004550:	f887 3034 	strb.w	r3, [r7, #52]	@ 0x34
10004554:	f897 3035 	ldrb.w	r3, [r7, #53]	@ 0x35
10004558:	f360 0300 	bfi	r3, r0, #0, #1
1000455c:	f887 3035 	strb.w	r3, [r7, #53]	@ 0x35
10004560:	f897 3035 	ldrb.w	r3, [r7, #53]	@ 0x35
10004564:	f360 0382 	bfi	r3, r0, #2, #1
10004568:	f887 3035 	strb.w	r3, [r7, #53]	@ 0x35
1000456c:	f000 fc6c 	bl	10004e48 <usbd_control_set_complete_callback>
10004570:	f89d 3020 	ldrb.w	r3, [sp, #32]
10004574:	f003 0260 	and.w	r2, r3, #96	@ 0x60
10004578:	2a60      	cmp	r2, #96	@ 0x60
1000457a:	d06c      	beq.n	10004656 <tud_task_ext+0x222>
1000457c:	2a40      	cmp	r2, #64	@ 0x40
1000457e:	d07c      	beq.n	1000467a <tud_task_ext+0x246>
10004580:	f003 031f 	and.w	r3, r3, #31
10004584:	2b01      	cmp	r3, #1
10004586:	f000 80c1 	beq.w	1000470c <tud_task_ext+0x2d8>
1000458a:	2b02      	cmp	r3, #2
1000458c:	f000 8081 	beq.w	10004692 <tud_task_ext+0x25e>
10004590:	2b00      	cmp	r3, #0
10004592:	d160      	bne.n	10004656 <tud_task_ext+0x222>
10004594:	2a20      	cmp	r2, #32
10004596:	f000 81e9 	beq.w	1000496c <tud_task_ext+0x538>
1000459a:	2a00      	cmp	r2, #0
1000459c:	d15b      	bne.n	10004656 <tud_task_ext+0x222>
1000459e:	f89d 3021 	ldrb.w	r3, [sp, #33]	@ 0x21
100045a2:	2b09      	cmp	r3, #9
100045a4:	d857      	bhi.n	10004656 <tud_task_ext+0x222>
100045a6:	e8df f013 	tbh	[pc, r3, lsl #1]
100045aa:	01b0      	.short	0x01b0
100045ac:	005601a2 	.word	0x005601a2
100045b0:	005601c1 	.word	0x005601c1
100045b4:	016b0195 	.word	0x016b0195
100045b8:	01600056 	.word	0x01600056
100045bc:	00f4      	.short	0x00f4
100045be:	782b      	ldrb	r3, [r5, #0]
100045c0:	07d9      	lsls	r1, r3, #31
100045c2:	f57f af47 	bpl.w	10004454 <tud_task_ext+0x20>
100045c6:	f7ff fea9 	bl	1000431c <tud_resume_cb>
100045ca:	e743      	b.n	10004454 <tud_task_ext+0x20>
100045cc:	78eb      	ldrb	r3, [r5, #3]
100045ce:	07da      	lsls	r2, r3, #31
100045d0:	f57f af40 	bpl.w	10004454 <tud_task_ext+0x20>
100045d4:	9808      	ldr	r0, [sp, #32]
100045d6:	f7ff fe95 	bl	10004304 <tud_sof_cb>
100045da:	e73b      	b.n	10004454 <tud_task_ext+0x20>
100045dc:	782b      	ldrb	r3, [r5, #0]
100045de:	07d8      	lsls	r0, r3, #31
100045e0:	f57f af38 	bpl.w	10004454 <tud_task_ext+0x20>
100045e4:	7828      	ldrb	r0, [r5, #0]
100045e6:	f3c0 00c0 	ubfx	r0, r0, #3, #1
100045ea:	f7ff fe95 	bl	10004318 <tud_suspend_cb>
100045ee:	e731      	b.n	10004454 <tud_task_ext+0x20>
100045f0:	f89d 001c 	ldrb.w	r0, [sp, #28]
100045f4:	f7ff fe3e 	bl	10004274 <configuration_reset>
100045f8:	f000 fc1c 	bl	10004e34 <usbd_control_reset>
100045fc:	f89d 3020 	ldrb.w	r3, [sp, #32]
10004600:	70ab      	strb	r3, [r5, #2]
10004602:	e727      	b.n	10004454 <tud_task_ext+0x20>
10004604:	f89d 001c 	ldrb.w	r0, [sp, #28]
10004608:	f7ff fe34 	bl	10004274 <configuration_reset>
1000460c:	f000 fc12 	bl	10004e34 <usbd_control_reset>
10004610:	f7ff fe80 	bl	10004314 <tud_umount_cb>
10004614:	e71e      	b.n	10004454 <tud_task_ext+0x20>
10004616:	1c50      	adds	r0, r2, #1
10004618:	4298      	cmp	r0, r3
1000461a:	da11      	bge.n	10004640 <tud_task_ext+0x20c>
1000461c:	f04f 23e0 	mov.w	r3, #3758153728	@ 0xe000e000
10004620:	f8d3 3df0 	ldr.w	r3, [r3, #3568]	@ 0xdf0
10004624:	07dc      	lsls	r4, r3, #31
10004626:	d500      	bpl.n	1000462a <tud_task_ext+0x1f6>
10004628:	be00      	bkpt	0x0000
1000462a:	b00b      	add	sp, #44	@ 0x2c
1000462c:	e8bd 8ff0 	ldmia.w	sp!, {r4, r5, r6, r7, r8, r9, sl, fp, pc}
10004630:	9b09      	ldr	r3, [sp, #36]	@ 0x24
10004632:	f89d 2021 	ldrb.w	r2, [sp, #33]	@ 0x21
10004636:	f89d 001c 	ldrb.w	r0, [sp, #28]
1000463a:	f000 fc19 	bl	10004e70 <usbd_control_xfer_cb>
1000463e:	e709      	b.n	10004454 <tud_task_ext+0x20>
10004640:	1a9b      	subs	r3, r3, r2
10004642:	4a2d      	ldr	r2, [pc, #180]	@ (100046f8 <tud_task_ext+0x2c4>)
10004644:	eb02 1343 	add.w	r3, r2, r3, lsl #5
10004648:	e758      	b.n	100044fc <tud_task_ext+0xc8>
1000464a:	f7ff fb8d 	bl	10003d68 <tud_descriptor_configuration_cb>
1000464e:	4602      	mov	r2, r0
10004650:	2800      	cmp	r0, #0
10004652:	f040 8182 	bne.w	1000495a <tud_task_ext+0x526>
10004656:	f04f 23e0 	mov.w	r3, #3758153728	@ 0xe000e000
1000465a:	f8d3 3df0 	ldr.w	r3, [r3, #3568]	@ 0xdf0
1000465e:	07de      	lsls	r6, r3, #31
10004660:	d500      	bpl.n	10004664 <tud_task_ext+0x230>
10004662:	be00      	bkpt	0x0000
10004664:	f89d 001c 	ldrb.w	r0, [sp, #28]
10004668:	2100      	movs	r1, #0
1000466a:	f7ff fd99 	bl	100041a0 <dcd_edpt_stall>
1000466e:	2180      	movs	r1, #128	@ 0x80
10004670:	f89d 001c 	ldrb.w	r0, [sp, #28]
10004674:	f7ff fd94 	bl	100041a0 <dcd_edpt_stall>
10004678:	e6ec      	b.n	10004454 <tud_task_ext+0x20>
1000467a:	4820      	ldr	r0, [pc, #128]	@ (100046fc <tud_task_ext+0x2c8>)
1000467c:	f000 fbe4 	bl	10004e48 <usbd_control_set_complete_callback>
10004680:	2101      	movs	r1, #1
10004682:	4640      	mov	r0, r8
10004684:	aa08      	add	r2, sp, #32
10004686:	f7ff f933 	bl	100038f0 <tud_vendor_control_xfer_cb>
1000468a:	2800      	cmp	r0, #0
1000468c:	f47f aee2 	bne.w	10004454 <tud_task_ext+0x20>
10004690:	e7e8      	b.n	10004664 <tud_task_ext+0x230>
10004692:	f89d 1024 	ldrb.w	r1, [sp, #36]	@ 0x24
10004696:	f011 0f70 	tst.w	r1, #112	@ 0x70
1000469a:	d1dc      	bne.n	10004656 <tud_task_ext+0x222>
1000469c:	f001 067f 	and.w	r6, r1, #127	@ 0x7f
100046a0:	eb07 0046 	add.w	r0, r7, r6, lsl #1
100046a4:	4b16      	ldr	r3, [pc, #88]	@ (10004700 <tud_task_ext+0x2cc>)
100046a6:	eb00 10d1 	add.w	r0, r0, r1, lsr #7
100046aa:	781b      	ldrb	r3, [r3, #0]
100046ac:	7d00      	ldrb	r0, [r0, #20]
100046ae:	0076      	lsls	r6, r6, #1
100046b0:	9601      	str	r6, [sp, #4]
100046b2:	4298      	cmp	r0, r3
100046b4:	ea4f 16d1 	mov.w	r6, r1, lsr #7
100046b8:	9600      	str	r6, [sp, #0]
100046ba:	d359      	bcc.n	10004770 <tud_task_ext+0x33c>
100046bc:	1c5e      	adds	r6, r3, #1
100046be:	4286      	cmp	r6, r0
100046c0:	f2c0 8166 	blt.w	10004990 <tud_task_ext+0x55c>
100046c4:	1ac0      	subs	r0, r0, r3
100046c6:	4b0c      	ldr	r3, [pc, #48]	@ (100046f8 <tud_task_ext+0x2c4>)
100046c8:	eb03 1640 	add.w	r6, r3, r0, lsl #5
100046cc:	2a00      	cmp	r2, #0
100046ce:	f000 8163 	beq.w	10004998 <tud_task_ext+0x564>
100046d2:	6970      	ldr	r0, [r6, #20]
100046d4:	f000 fbb8 	bl	10004e48 <usbd_control_set_complete_callback>
100046d8:	2101      	movs	r1, #1
100046da:	4640      	mov	r0, r8
100046dc:	6973      	ldr	r3, [r6, #20]
100046de:	aa08      	add	r2, sp, #32
100046e0:	4798      	blx	r3
100046e2:	2800      	cmp	r0, #0
100046e4:	f47f aeb6 	bne.w	10004454 <tud_task_ext+0x20>
100046e8:	e7bc      	b.n	10004664 <tud_task_ext+0x230>
100046ea:	bf00      	nop
100046ec:	20001cf0 	.word	0x20001cf0
100046f0:	20001c98 	.word	0x20001c98
100046f4:	20001ac8 	.word	0x20001ac8
100046f8:	10009454 	.word	0x10009454
100046fc:	100038f1 	.word	0x100038f1
10004700:	200026d4 	.word	0x200026d4
10004704:	20001218 	.word	0x20001218
10004708:	200026d6 	.word	0x200026d6
1000470c:	f89d 3024 	ldrb.w	r3, [sp, #36]	@ 0x24
10004710:	2b0f      	cmp	r3, #15
10004712:	d8a7      	bhi.n	10004664 <tud_task_ext+0x230>
10004714:	4aae      	ldr	r2, [pc, #696]	@ (100049d0 <tud_task_ext+0x59c>)
10004716:	443b      	add	r3, r7
10004718:	791b      	ldrb	r3, [r3, #4]
1000471a:	7812      	ldrb	r2, [r2, #0]
1000471c:	4293      	cmp	r3, r2
1000471e:	d332      	bcc.n	10004786 <tud_task_ext+0x352>
10004720:	1c51      	adds	r1, r2, #1
10004722:	4299      	cmp	r1, r3
10004724:	db9e      	blt.n	10004664 <tud_task_ext+0x230>
10004726:	4eab      	ldr	r6, [pc, #684]	@ (100049d4 <tud_task_ext+0x5a0>)
10004728:	1a9b      	subs	r3, r3, r2
1000472a:	eb06 1643 	add.w	r6, r6, r3, lsl #5
1000472e:	6970      	ldr	r0, [r6, #20]
10004730:	f000 fb8a 	bl	10004e48 <usbd_control_set_complete_callback>
10004734:	2101      	movs	r1, #1
10004736:	4640      	mov	r0, r8
10004738:	6973      	ldr	r3, [r6, #20]
1000473a:	aa08      	add	r2, sp, #32
1000473c:	4798      	blx	r3
1000473e:	2800      	cmp	r0, #0
10004740:	f47f ae88 	bne.w	10004454 <tud_task_ext+0x20>
10004744:	f89d 3020 	ldrb.w	r3, [sp, #32]
10004748:	f013 0660 	ands.w	r6, r3, #96	@ 0x60
1000474c:	d18a      	bne.n	10004664 <tud_task_ext+0x230>
1000474e:	f89d 3021 	ldrb.w	r3, [sp, #33]	@ 0x21
10004752:	3b0a      	subs	r3, #10
10004754:	2b01      	cmp	r3, #1
10004756:	d885      	bhi.n	10004664 <tud_task_ext+0x230>
10004758:	f000 fb76 	bl	10004e48 <usbd_control_set_complete_callback>
1000475c:	f89d 3021 	ldrb.w	r3, [sp, #33]	@ 0x21
10004760:	2b0a      	cmp	r3, #10
10004762:	f000 81f2 	beq.w	10004b4a <tud_task_ext+0x716>
10004766:	4640      	mov	r0, r8
10004768:	a908      	add	r1, sp, #32
1000476a:	f000 faf1 	bl	10004d50 <tud_control_status>
1000476e:	e671      	b.n	10004454 <tud_task_ext+0x20>
10004770:	4b99      	ldr	r3, [pc, #612]	@ (100049d8 <tud_task_ext+0x5a4>)
10004772:	681b      	ldr	r3, [r3, #0]
10004774:	eb03 1640 	add.w	r6, r3, r0, lsl #5
10004778:	2a00      	cmp	r2, #0
1000477a:	f000 810d 	beq.w	10004998 <tud_task_ext+0x564>
1000477e:	2e00      	cmp	r6, #0
10004780:	f43f af70 	beq.w	10004664 <tud_task_ext+0x230>
10004784:	e7a5      	b.n	100046d2 <tud_task_ext+0x29e>
10004786:	4a94      	ldr	r2, [pc, #592]	@ (100049d8 <tud_task_ext+0x5a4>)
10004788:	6816      	ldr	r6, [r2, #0]
1000478a:	eb16 1643 	adds.w	r6, r6, r3, lsl #5
1000478e:	d1ce      	bne.n	1000472e <tud_task_ext+0x2fa>
10004790:	e768      	b.n	10004664 <tud_task_ext+0x230>
10004792:	787b      	ldrb	r3, [r7, #1]
10004794:	f89d 6022 	ldrb.w	r6, [sp, #34]	@ 0x22
10004798:	429e      	cmp	r6, r3
1000479a:	f000 814f 	beq.w	10004a3c <tud_task_ext+0x608>
1000479e:	787b      	ldrb	r3, [r7, #1]
100047a0:	2b00      	cmp	r3, #0
100047a2:	f040 81be 	bne.w	10004b22 <tud_task_ext+0x6ee>
100047a6:	707e      	strb	r6, [r7, #1]
100047a8:	2e00      	cmp	r6, #0
100047aa:	f000 8145 	beq.w	10004a38 <tud_task_ext+0x604>
100047ae:	1e70      	subs	r0, r6, #1
100047b0:	b2c0      	uxtb	r0, r0
100047b2:	f7ff fad9 	bl	10003d68 <tud_descriptor_configuration_cb>
100047b6:	4603      	mov	r3, r0
100047b8:	2800      	cmp	r0, #0
100047ba:	f000 815f 	beq.w	10004a7c <tud_task_ext+0x648>
100047be:	7842      	ldrb	r2, [r0, #1]
100047c0:	2a02      	cmp	r2, #2
100047c2:	f040 815b 	bne.w	10004a7c <tud_task_ext+0x648>
100047c6:	79c1      	ldrb	r1, [r0, #7]
100047c8:	f103 0609 	add.w	r6, r3, #9
100047cc:	f3c1 1240 	ubfx	r2, r1, #5, #1
100047d0:	0112      	lsls	r2, r2, #4
100047d2:	f3c1 1180 	ubfx	r1, r1, #6, #1
100047d6:	ea42 1241 	orr.w	r2, r2, r1, lsl #5
100047da:	4631      	mov	r1, r6
100047dc:	7838      	ldrb	r0, [r7, #0]
100047de:	f020 0030 	bic.w	r0, r0, #48	@ 0x30
100047e2:	4302      	orrs	r2, r0
100047e4:	703a      	strb	r2, [r7, #0]
100047e6:	885a      	ldrh	r2, [r3, #2]
100047e8:	f8cd 800c 	str.w	r8, [sp, #12]
100047ec:	189a      	adds	r2, r3, r2
100047ee:	9201      	str	r2, [sp, #4]
100047f0:	9b01      	ldr	r3, [sp, #4]
100047f2:	428b      	cmp	r3, r1
100047f4:	f240 81a4 	bls.w	10004b40 <tud_task_ext+0x70c>
100047f8:	784a      	ldrb	r2, [r1, #1]
100047fa:	2a0b      	cmp	r2, #11
100047fc:	f000 81af 	beq.w	10004b5e <tud_task_ext+0x72a>
10004800:	2301      	movs	r3, #1
10004802:	2a04      	cmp	r2, #4
10004804:	f040 813a 	bne.w	10004a7c <tud_task_ext+0x648>
10004808:	2600      	movs	r6, #0
1000480a:	9a01      	ldr	r2, [sp, #4]
1000480c:	9600      	str	r6, [sp, #0]
1000480e:	1a52      	subs	r2, r2, r1
10004810:	b292      	uxth	r2, r2
10004812:	9202      	str	r2, [sp, #8]
10004814:	4a6e      	ldr	r2, [pc, #440]	@ (100049d0 <tud_task_ext+0x59c>)
10004816:	9304      	str	r3, [sp, #16]
10004818:	7812      	ldrb	r2, [r2, #0]
1000481a:	e01d      	b.n	10004858 <tud_task_ext+0x424>
1000481c:	4b6e      	ldr	r3, [pc, #440]	@ (100049d8 <tud_task_ext+0x5a4>)
1000481e:	681b      	ldr	r3, [r3, #0]
10004820:	eb13 1846 	adds.w	r8, r3, r6, lsl #5
10004824:	f000 812a 	beq.w	10004a7c <tud_task_ext+0x648>
10004828:	9a02      	ldr	r2, [sp, #8]
1000482a:	f8d8 3010 	ldr.w	r3, [r8, #16]
1000482e:	9803      	ldr	r0, [sp, #12]
10004830:	9105      	str	r1, [sp, #20]
10004832:	4798      	blx	r3
10004834:	2808      	cmp	r0, #8
10004836:	4602      	mov	r2, r0
10004838:	9905      	ldr	r1, [sp, #20]
1000483a:	f106 0301 	add.w	r3, r6, #1
1000483e:	d903      	bls.n	10004848 <tud_task_ext+0x414>
10004840:	9802      	ldr	r0, [sp, #8]
10004842:	4290      	cmp	r0, r2
10004844:	f080 80ff 	bcs.w	10004a46 <tud_task_ext+0x612>
10004848:	b2de      	uxtb	r6, r3
1000484a:	4b61      	ldr	r3, [pc, #388]	@ (100049d0 <tud_task_ext+0x59c>)
1000484c:	9600      	str	r6, [sp, #0]
1000484e:	781a      	ldrb	r2, [r3, #0]
10004850:	1c53      	adds	r3, r2, #1
10004852:	429e      	cmp	r6, r3
10004854:	f300 8112 	bgt.w	10004a7c <tud_task_ext+0x648>
10004858:	9b00      	ldr	r3, [sp, #0]
1000485a:	42b2      	cmp	r2, r6
1000485c:	eba3 0202 	sub.w	r2, r3, r2
10004860:	d8dc      	bhi.n	1000481c <tud_task_ext+0x3e8>
10004862:	4b5c      	ldr	r3, [pc, #368]	@ (100049d4 <tud_task_ext+0x5a0>)
10004864:	eb03 1842 	add.w	r8, r3, r2, lsl #5
10004868:	e7de      	b.n	10004828 <tud_task_ext+0x3f4>
1000486a:	787b      	ldrb	r3, [r7, #1]
1000486c:	4640      	mov	r0, r8
1000486e:	f88d 301a 	strb.w	r3, [sp, #26]
10004872:	f10d 021a 	add.w	r2, sp, #26
10004876:	2301      	movs	r3, #1
10004878:	a908      	add	r1, sp, #32
1000487a:	f000 fa83 	bl	10004d84 <tud_control_xfer>
1000487e:	e5e9      	b.n	10004454 <tud_task_ext+0x20>
10004880:	f8bd 0022 	ldrh.w	r0, [sp, #34]	@ 0x22
10004884:	0a03      	lsrs	r3, r0, #8
10004886:	3b01      	subs	r3, #1
10004888:	0a02      	lsrs	r2, r0, #8
1000488a:	b2c0      	uxtb	r0, r0
1000488c:	2b0e      	cmp	r3, #14
1000488e:	f63f aee9 	bhi.w	10004664 <tud_task_ext+0x230>
10004892:	a101      	add	r1, pc, #4	@ (adr r1, 10004898 <tud_task_ext+0x464>)
10004894:	f851 f023 	ldr.w	pc, [r1, r3, lsl #2]
10004898:	10004aad 	.word	0x10004aad
1000489c:	10004949 	.word	0x10004949
100048a0:	10004ae9 	.word	0x10004ae9
100048a4:	10004665 	.word	0x10004665
100048a8:	10004665 	.word	0x10004665
100048ac:	10004acb 	.word	0x10004acb
100048b0:	10004949 	.word	0x10004949
100048b4:	10004665 	.word	0x10004665
100048b8:	10004665 	.word	0x10004665
100048bc:	10004665 	.word	0x10004665
100048c0:	10004665 	.word	0x10004665
100048c4:	10004665 	.word	0x10004665
100048c8:	10004665 	.word	0x10004665
100048cc:	10004665 	.word	0x10004665
100048d0:	10004a9f 	.word	0x10004a9f
100048d4:	a808      	add	r0, sp, #32
100048d6:	f000 fabd 	bl	10004e54 <usbd_control_set_request>
100048da:	4640      	mov	r0, r8
100048dc:	f89d 1022 	ldrb.w	r1, [sp, #34]	@ 0x22
100048e0:	f7ff fba2 	bl	10004028 <dcd_set_address>
100048e4:	783b      	ldrb	r3, [r7, #0]
100048e6:	f043 0302 	orr.w	r3, r3, #2
100048ea:	703b      	strb	r3, [r7, #0]
100048ec:	e5b2      	b.n	10004454 <tud_task_ext+0x20>
100048ee:	f8bd 3022 	ldrh.w	r3, [sp, #34]	@ 0x22
100048f2:	2b01      	cmp	r3, #1
100048f4:	f47f aeb6 	bne.w	10004664 <tud_task_ext+0x230>
100048f8:	783b      	ldrb	r3, [r7, #0]
100048fa:	4640      	mov	r0, r8
100048fc:	f023 0308 	bic.w	r3, r3, #8
10004900:	a908      	add	r1, sp, #32
10004902:	703b      	strb	r3, [r7, #0]
10004904:	f000 fa24 	bl	10004d50 <tud_control_status>
10004908:	e5a4      	b.n	10004454 <tud_task_ext+0x20>
1000490a:	4640      	mov	r0, r8
1000490c:	783b      	ldrb	r3, [r7, #0]
1000490e:	089a      	lsrs	r2, r3, #2
10004910:	f002 0202 	and.w	r2, r2, #2
10004914:	f3c3 1340 	ubfx	r3, r3, #5, #1
10004918:	4313      	orrs	r3, r2
1000491a:	f8ad 301a 	strh.w	r3, [sp, #26]
1000491e:	f10d 021a 	add.w	r2, sp, #26
10004922:	2302      	movs	r3, #2
10004924:	a908      	add	r1, sp, #32
10004926:	f000 fa2d 	bl	10004d84 <tud_control_xfer>
1000492a:	e593      	b.n	10004454 <tud_task_ext+0x20>
1000492c:	f8bd 3022 	ldrh.w	r3, [sp, #34]	@ 0x22
10004930:	2b01      	cmp	r3, #1
10004932:	f47f ae97 	bne.w	10004664 <tud_task_ext+0x230>
10004936:	783b      	ldrb	r3, [r7, #0]
10004938:	4640      	mov	r0, r8
1000493a:	f043 0308 	orr.w	r3, r3, #8
1000493e:	a908      	add	r1, sp, #32
10004940:	703b      	strb	r3, [r7, #0]
10004942:	f000 fa05 	bl	10004d50 <tud_control_status>
10004946:	e585      	b.n	10004454 <tud_task_ext+0x20>
10004948:	2a02      	cmp	r2, #2
1000494a:	f43f ae7e 	beq.w	1000464a <tud_task_ext+0x216>
1000494e:	f7ff fcdd 	bl	1000430c <tud_descriptor_other_speed_configuration_cb>
10004952:	4602      	mov	r2, r0
10004954:	2800      	cmp	r0, #0
10004956:	f43f ae85 	beq.w	10004664 <tud_task_ext+0x230>
1000495a:	4640      	mov	r0, r8
1000495c:	8853      	ldrh	r3, [r2, #2]
1000495e:	a908      	add	r1, sp, #32
10004960:	f000 fa10 	bl	10004d84 <tud_control_xfer>
10004964:	2800      	cmp	r0, #0
10004966:	f47f ad75 	bne.w	10004454 <tud_task_ext+0x20>
1000496a:	e67b      	b.n	10004664 <tud_task_ext+0x230>
1000496c:	f89d 3024 	ldrb.w	r3, [sp, #36]	@ 0x24
10004970:	2b0f      	cmp	r3, #15
10004972:	f63f ae77 	bhi.w	10004664 <tud_task_ext+0x230>
10004976:	4a16      	ldr	r2, [pc, #88]	@ (100049d0 <tud_task_ext+0x59c>)
10004978:	443b      	add	r3, r7
1000497a:	791b      	ldrb	r3, [r3, #4]
1000497c:	7812      	ldrb	r2, [r2, #0]
1000497e:	4293      	cmp	r3, r2
10004980:	d21d      	bcs.n	100049be <tud_task_ext+0x58a>
10004982:	4a15      	ldr	r2, [pc, #84]	@ (100049d8 <tud_task_ext+0x5a4>)
10004984:	6816      	ldr	r6, [r2, #0]
10004986:	eb16 1643 	adds.w	r6, r6, r3, lsl #5
1000498a:	f47f aea2 	bne.w	100046d2 <tud_task_ext+0x29e>
1000498e:	e669      	b.n	10004664 <tud_task_ext+0x230>
10004990:	2a00      	cmp	r2, #0
10004992:	f47f ae67 	bne.w	10004664 <tud_task_ext+0x230>
10004996:	2600      	movs	r6, #0
10004998:	f89d 2021 	ldrb.w	r2, [sp, #33]	@ 0x21
1000499c:	f002 03fd 	and.w	r3, r2, #253	@ 0xfd
100049a0:	2b01      	cmp	r3, #1
100049a2:	d01b      	beq.n	100049dc <tud_task_ext+0x5a8>
100049a4:	2a00      	cmp	r2, #0
100049a6:	f47f ae56 	bne.w	10004656 <tud_task_ext+0x222>
100049aa:	9b01      	ldr	r3, [sp, #4]
100049ac:	9a00      	ldr	r2, [sp, #0]
100049ae:	443b      	add	r3, r7
100049b0:	4413      	add	r3, r2
100049b2:	f893 3034 	ldrb.w	r3, [r3, #52]	@ 0x34
100049b6:	4640      	mov	r0, r8
100049b8:	f3c3 0340 	ubfx	r3, r3, #1, #1
100049bc:	e7ad      	b.n	1000491a <tud_task_ext+0x4e6>
100049be:	1c51      	adds	r1, r2, #1
100049c0:	4299      	cmp	r1, r3
100049c2:	f6ff ae4f 	blt.w	10004664 <tud_task_ext+0x230>
100049c6:	4e03      	ldr	r6, [pc, #12]	@ (100049d4 <tud_task_ext+0x5a0>)
100049c8:	1a9b      	subs	r3, r3, r2
100049ca:	eb06 1643 	add.w	r6, r6, r3, lsl #5
100049ce:	e680      	b.n	100046d2 <tud_task_ext+0x29e>
100049d0:	200026d4 	.word	0x200026d4
100049d4:	10009454 	.word	0x10009454
100049d8:	20001ac8 	.word	0x20001ac8
100049dc:	f8bd 3022 	ldrh.w	r3, [sp, #34]	@ 0x22
100049e0:	b9b3      	cbnz	r3, 10004a10 <tud_task_ext+0x5dc>
100049e2:	2a01      	cmp	r2, #1
100049e4:	f899 0000 	ldrb.w	r0, [r9]
100049e8:	f000 8086 	beq.w	10004af8 <tud_task_ext+0x6c4>
100049ec:	f7ff fbd8 	bl	100041a0 <dcd_edpt_stall>
100049f0:	9b01      	ldr	r3, [sp, #4]
100049f2:	9a00      	ldr	r2, [sp, #0]
100049f4:	443b      	add	r3, r7
100049f6:	4413      	add	r3, r2
100049f8:	f893 2034 	ldrb.w	r2, [r3, #52]	@ 0x34
100049fc:	f042 0202 	orr.w	r2, r2, #2
10004a00:	f883 2034 	strb.w	r2, [r3, #52]	@ 0x34
10004a04:	f893 2034 	ldrb.w	r2, [r3, #52]	@ 0x34
10004a08:	f042 0201 	orr.w	r2, r2, #1
10004a0c:	f883 2034 	strb.w	r2, [r3, #52]	@ 0x34
10004a10:	2e00      	cmp	r6, #0
10004a12:	f43f ad1f 	beq.w	10004454 <tud_task_ext+0x20>
10004a16:	6970      	ldr	r0, [r6, #20]
10004a18:	f000 fa16 	bl	10004e48 <usbd_control_set_complete_callback>
10004a1c:	6973      	ldr	r3, [r6, #20]
10004a1e:	2101      	movs	r1, #1
10004a20:	aa08      	add	r2, sp, #32
10004a22:	4640      	mov	r0, r8
10004a24:	4798      	blx	r3
10004a26:	2000      	movs	r0, #0
10004a28:	f000 fa0e 	bl	10004e48 <usbd_control_set_complete_callback>
10004a2c:	f897 3035 	ldrb.w	r3, [r7, #53]	@ 0x35
10004a30:	07df      	lsls	r7, r3, #31
10004a32:	f53f ad0f 	bmi.w	10004454 <tud_task_ext+0x20>
10004a36:	e696      	b.n	10004766 <tud_task_ext+0x332>
10004a38:	f7ff fc6c 	bl	10004314 <tud_umount_cb>
10004a3c:	4640      	mov	r0, r8
10004a3e:	a908      	add	r1, sp, #32
10004a40:	f000 f986 	bl	10004d50 <tud_control_status>
10004a44:	e506      	b.n	10004454 <tud_task_ext+0x20>
10004a46:	9b04      	ldr	r3, [sp, #16]
10004a48:	2b01      	cmp	r3, #1
10004a4a:	f000 809e 	beq.w	10004b8a <tud_task_ext+0x756>
10004a4e:	2b00      	cmp	r3, #0
10004a50:	f000 808a 	beq.w	10004b68 <tud_task_ext+0x734>
10004a54:	2000      	movs	r0, #0
10004a56:	f891 8002 	ldrb.w	r8, [r1, #2]
10004a5a:	e005      	b.n	10004a68 <tud_task_ext+0x634>
10004a5c:	f88c 6004 	strb.w	r6, [ip, #4]
10004a60:	fa5f fc80 	uxtb.w	ip, r0
10004a64:	4563      	cmp	r3, ip
10004a66:	d97f      	bls.n	10004b68 <tud_task_ext+0x734>
10004a68:	eb08 0c00 	add.w	ip, r8, r0
10004a6c:	fa57 fc8c 	uxtab	ip, r7, ip
10004a70:	f89c e004 	ldrb.w	lr, [ip, #4]
10004a74:	3001      	adds	r0, #1
10004a76:	f1be 0fff 	cmp.w	lr, #255	@ 0xff
10004a7a:	d0ef      	beq.n	10004a5c <tud_task_ext+0x628>
10004a7c:	f04f 23e0 	mov.w	r3, #3758153728	@ 0xe000e000
10004a80:	f8d3 3df0 	ldr.w	r3, [r3, #3568]	@ 0xdf0
10004a84:	07da      	lsls	r2, r3, #31
10004a86:	d500      	bpl.n	10004a8a <tud_task_ext+0x656>
10004a88:	be00      	bkpt	0x0000
10004a8a:	f04f 23e0 	mov.w	r3, #3758153728	@ 0xe000e000
10004a8e:	f8d3 3df0 	ldr.w	r3, [r3, #3568]	@ 0xdf0
10004a92:	07db      	lsls	r3, r3, #31
10004a94:	d500      	bpl.n	10004a98 <tud_task_ext+0x664>
10004a96:	be00      	bkpt	0x0000
10004a98:	2300      	movs	r3, #0
10004a9a:	707b      	strb	r3, [r7, #1]
10004a9c:	e5e2      	b.n	10004664 <tud_task_ext+0x230>
10004a9e:	f7fe ff23 	bl	100038e8 <tud_descriptor_bos_cb>
10004aa2:	4602      	mov	r2, r0
10004aa4:	2800      	cmp	r0, #0
10004aa6:	f47f af58 	bne.w	1000495a <tud_task_ext+0x526>
10004aaa:	e5db      	b.n	10004664 <tud_task_ext+0x230>
10004aac:	f7ff f958 	bl	10003d60 <tud_descriptor_device_cb>
10004ab0:	4602      	mov	r2, r0
10004ab2:	2800      	cmp	r0, #0
10004ab4:	f43f adcf 	beq.w	10004656 <tud_task_ext+0x222>
10004ab8:	4640      	mov	r0, r8
10004aba:	2312      	movs	r3, #18
10004abc:	a908      	add	r1, sp, #32
10004abe:	f000 f961 	bl	10004d84 <tud_control_xfer>
10004ac2:	2800      	cmp	r0, #0
10004ac4:	f47f acc6 	bne.w	10004454 <tud_task_ext+0x20>
10004ac8:	e5cc      	b.n	10004664 <tud_task_ext+0x230>
10004aca:	f7ff fc1d 	bl	10004308 <tud_descriptor_device_qualifier_cb>
10004ace:	4602      	mov	r2, r0
10004ad0:	2800      	cmp	r0, #0
10004ad2:	f43f adc7 	beq.w	10004664 <tud_task_ext+0x230>
10004ad6:	4640      	mov	r0, r8
10004ad8:	7813      	ldrb	r3, [r2, #0]
10004ada:	a908      	add	r1, sp, #32
10004adc:	f000 f952 	bl	10004d84 <tud_control_xfer>
10004ae0:	2800      	cmp	r0, #0
10004ae2:	f47f acb7 	bne.w	10004454 <tud_task_ext+0x20>
10004ae6:	e5bd      	b.n	10004664 <tud_task_ext+0x230>
10004ae8:	f8bd 1024 	ldrh.w	r1, [sp, #36]	@ 0x24
10004aec:	f7ff f940 	bl	10003d70 <tud_descriptor_string_cb>
10004af0:	4602      	mov	r2, r0
10004af2:	2800      	cmp	r0, #0
10004af4:	d1ef      	bne.n	10004ad6 <tud_task_ext+0x6a2>
10004af6:	e5b5      	b.n	10004664 <tud_task_ext+0x230>
10004af8:	9302      	str	r3, [sp, #8]
10004afa:	f7ff fb69 	bl	100041d0 <dcd_edpt_clear_stall>
10004afe:	9a01      	ldr	r2, [sp, #4]
10004b00:	9b00      	ldr	r3, [sp, #0]
10004b02:	443a      	add	r2, r7
10004b04:	441a      	add	r2, r3
10004b06:	f892 1034 	ldrb.w	r1, [r2, #52]	@ 0x34
10004b0a:	9b02      	ldr	r3, [sp, #8]
10004b0c:	f363 0141 	bfi	r1, r3, #1, #1
10004b10:	f882 1034 	strb.w	r1, [r2, #52]	@ 0x34
10004b14:	f892 1034 	ldrb.w	r1, [r2, #52]	@ 0x34
10004b18:	f363 0100 	bfi	r1, r3, #0, #1
10004b1c:	f882 1034 	strb.w	r1, [r2, #52]	@ 0x34
10004b20:	e776      	b.n	10004a10 <tud_task_ext+0x5dc>
10004b22:	2100      	movs	r1, #0
10004b24:	4640      	mov	r0, r8
10004b26:	f7ff fa87 	bl	10004038 <dcd_sof_enable>
10004b2a:	4640      	mov	r0, r8
10004b2c:	f7ff fb22 	bl	10004174 <dcd_edpt_close_all>
10004b30:	78bb      	ldrb	r3, [r7, #2]
10004b32:	4640      	mov	r0, r8
10004b34:	9300      	str	r3, [sp, #0]
10004b36:	f7ff fb9d 	bl	10004274 <configuration_reset>
10004b3a:	9b00      	ldr	r3, [sp, #0]
10004b3c:	70bb      	strb	r3, [r7, #2]
10004b3e:	e632      	b.n	100047a6 <tud_task_ext+0x372>
10004b40:	f8dd 800c 	ldr.w	r8, [sp, #12]
10004b44:	f7ff fbe4 	bl	10004310 <tud_mount_cb>
10004b48:	e778      	b.n	10004a3c <tud_task_ext+0x608>
10004b4a:	4640      	mov	r0, r8
10004b4c:	2301      	movs	r3, #1
10004b4e:	a908      	add	r1, sp, #32
10004b50:	f10d 021a 	add.w	r2, sp, #26
10004b54:	f88d 601a 	strb.w	r6, [sp, #26]
10004b58:	f000 f914 	bl	10004d84 <tud_control_xfer>
10004b5c:	e47a      	b.n	10004454 <tud_task_ext+0x20>
10004b5e:	780a      	ldrb	r2, [r1, #0]
10004b60:	78cb      	ldrb	r3, [r1, #3]
10004b62:	4411      	add	r1, r2
10004b64:	784a      	ldrb	r2, [r1, #1]
10004b66:	e64c      	b.n	10004802 <tud_task_ext+0x3ce>
10004b68:	4633      	mov	r3, r6
10004b6a:	4810      	ldr	r0, [pc, #64]	@ (10004bac <tud_task_ext+0x778>)
10004b6c:	9204      	str	r2, [sp, #16]
10004b6e:	9102      	str	r1, [sp, #8]
10004b70:	f000 fe76 	bl	10005860 <tu_edpt_bind_driver>
10004b74:	4b0e      	ldr	r3, [pc, #56]	@ (10004bb0 <tud_task_ext+0x77c>)
10004b76:	9a04      	ldr	r2, [sp, #16]
10004b78:	9902      	ldr	r1, [sp, #8]
10004b7a:	781b      	ldrb	r3, [r3, #0]
10004b7c:	4411      	add	r1, r2
10004b7e:	9a00      	ldr	r2, [sp, #0]
10004b80:	3301      	adds	r3, #1
10004b82:	4293      	cmp	r3, r2
10004b84:	f6bf ae34 	bge.w	100047f0 <tud_task_ext+0x3bc>
10004b88:	e778      	b.n	10004a7c <tud_task_ext+0x648>
10004b8a:	f8d8 c010 	ldr.w	ip, [r8, #16]
10004b8e:	4809      	ldr	r0, [pc, #36]	@ (10004bb4 <tud_task_ext+0x780>)
10004b90:	4584      	cmp	ip, r0
10004b92:	bf08      	it	eq
10004b94:	2302      	moveq	r3, #2
10004b96:	e75d      	b.n	10004a54 <tud_task_ext+0x620>
10004b98:	f04f 23e0 	mov.w	r3, #3758153728	@ 0xe000e000
10004b9c:	f8d3 3df0 	ldr.w	r3, [r3, #3568]	@ 0xdf0
10004ba0:	07db      	lsls	r3, r3, #31
10004ba2:	f57f ac57 	bpl.w	10004454 <tud_task_ext+0x20>
10004ba6:	be00      	bkpt	0x0000
10004ba8:	e454      	b.n	10004454 <tud_task_ext+0x20>
10004baa:	bf00      	nop
10004bac:	20001cac 	.word	0x20001cac
10004bb0:	200026d4 	.word	0x200026d4
10004bb4:	10005281 	.word	0x10005281

10004bb8 <usbd_open_edpt_pair>:
10004bb8:	e92d 4ff8 	stmdb	sp!, {r3, r4, r5, r6, r7, r8, r9, sl, fp, lr}
10004bbc:	9f0a      	ldr	r7, [sp, #40]	@ 0x28
10004bbe:	2a00      	cmp	r2, #0
10004bc0:	d040      	beq.n	10004c44 <usbd_open_edpt_pair+0x8c>
10004bc2:	460c      	mov	r4, r1
10004bc4:	461e      	mov	r6, r3
10004bc6:	4615      	mov	r5, r2
10004bc8:	f04f 0a00 	mov.w	sl, #0
10004bcc:	f8df 907c 	ldr.w	r9, [pc, #124]	@ 10004c4c <usbd_open_edpt_pair+0x94>
10004bd0:	f8df 807c 	ldr.w	r8, [pc, #124]	@ 10004c50 <usbd_open_edpt_pair+0x98>
10004bd4:	e018      	b.n	10004c08 <usbd_open_edpt_pair+0x50>
10004bd6:	4620      	mov	r0, r4
10004bd8:	f898 1002 	ldrb.w	r1, [r8, #2]
10004bdc:	f899 b000 	ldrb.w	fp, [r9]
10004be0:	f000 fe0e 	bl	10005800 <tu_edpt_validate>
10004be4:	b1e0      	cbz	r0, 10004c20 <usbd_open_edpt_pair+0x68>
10004be6:	4621      	mov	r1, r4
10004be8:	4658      	mov	r0, fp
10004bea:	f7ff fa41 	bl	10004070 <dcd_edpt_open>
10004bee:	b1f0      	cbz	r0, 10004c2e <usbd_open_edpt_pair+0x76>
10004bf0:	78a2      	ldrb	r2, [r4, #2]
10004bf2:	f10a 0a01 	add.w	sl, sl, #1
10004bf6:	09d1      	lsrs	r1, r2, #7
10004bf8:	bf16      	itet	ne
10004bfa:	9b0b      	ldrne	r3, [sp, #44]	@ 0x2c
10004bfc:	703a      	strbeq	r2, [r7, #0]
10004bfe:	701a      	strbne	r2, [r3, #0]
10004c00:	7822      	ldrb	r2, [r4, #0]
10004c02:	45aa      	cmp	sl, r5
10004c04:	4414      	add	r4, r2
10004c06:	d01d      	beq.n	10004c44 <usbd_open_edpt_pair+0x8c>
10004c08:	7862      	ldrb	r2, [r4, #1]
10004c0a:	2a05      	cmp	r2, #5
10004c0c:	d10f      	bne.n	10004c2e <usbd_open_edpt_pair+0x76>
10004c0e:	78e1      	ldrb	r1, [r4, #3]
10004c10:	f001 0103 	and.w	r1, r1, #3
10004c14:	42b1      	cmp	r1, r6
10004c16:	d10a      	bne.n	10004c2e <usbd_open_edpt_pair+0x76>
10004c18:	78a2      	ldrb	r2, [r4, #2]
10004c1a:	f012 0f70 	tst.w	r2, #112	@ 0x70
10004c1e:	d0da      	beq.n	10004bd6 <usbd_open_edpt_pair+0x1e>
10004c20:	f04f 23e0 	mov.w	r3, #3758153728	@ 0xe000e000
10004c24:	f8d3 3df0 	ldr.w	r3, [r3, #3568]	@ 0xdf0
10004c28:	07da      	lsls	r2, r3, #31
10004c2a:	d500      	bpl.n	10004c2e <usbd_open_edpt_pair+0x76>
10004c2c:	be00      	bkpt	0x0000
10004c2e:	f04f 23e0 	mov.w	r3, #3758153728	@ 0xe000e000
10004c32:	f8d3 3df0 	ldr.w	r3, [r3, #3568]	@ 0xdf0
10004c36:	07db      	lsls	r3, r3, #31
10004c38:	d402      	bmi.n	10004c40 <usbd_open_edpt_pair+0x88>
10004c3a:	2000      	movs	r0, #0
10004c3c:	e8bd 8ff8 	ldmia.w	sp!, {r3, r4, r5, r6, r7, r8, r9, sl, fp, pc}
10004c40:	be00      	bkpt	0x0000
10004c42:	e7fa      	b.n	10004c3a <usbd_open_edpt_pair+0x82>
10004c44:	2001      	movs	r0, #1
10004c46:	e8bd 8ff8 	ldmia.w	sp!, {r3, r4, r5, r6, r7, r8, r9, sl, fp, pc}
10004c4a:	bf00      	nop
10004c4c:	20001218 	.word	0x20001218
10004c50:	20001c98 	.word	0x20001c98

10004c54 <usbd_edpt_open>:
10004c54:	b538      	push	{r3, r4, r5, lr}
10004c56:	788b      	ldrb	r3, [r1, #2]
10004c58:	f013 0f70 	tst.w	r3, #112	@ 0x70
10004c5c:	d008      	beq.n	10004c70 <usbd_edpt_open+0x1c>
10004c5e:	f04f 23e0 	mov.w	r3, #3758153728	@ 0xe000e000
10004c62:	f8d3 3df0 	ldr.w	r3, [r3, #3568]	@ 0xdf0
10004c66:	07db      	lsls	r3, r3, #31
10004c68:	d500      	bpl.n	10004c6c <usbd_edpt_open+0x18>
10004c6a:	be00      	bkpt	0x0000
10004c6c:	2000      	movs	r0, #0
10004c6e:	bd38      	pop	{r3, r4, r5, pc}
10004c70:	4a07      	ldr	r2, [pc, #28]	@ (10004c90 <usbd_edpt_open+0x3c>)
10004c72:	4b08      	ldr	r3, [pc, #32]	@ (10004c94 <usbd_edpt_open+0x40>)
10004c74:	460c      	mov	r4, r1
10004c76:	4608      	mov	r0, r1
10004c78:	7891      	ldrb	r1, [r2, #2]
10004c7a:	781d      	ldrb	r5, [r3, #0]
10004c7c:	f000 fdc0 	bl	10005800 <tu_edpt_validate>
10004c80:	2800      	cmp	r0, #0
10004c82:	d0ec      	beq.n	10004c5e <usbd_edpt_open+0xa>
10004c84:	4621      	mov	r1, r4
10004c86:	4628      	mov	r0, r5
10004c88:	e8bd 4038 	ldmia.w	sp!, {r3, r4, r5, lr}
10004c8c:	f7ff b9f0 	b.w	10004070 <dcd_edpt_open>
10004c90:	20001c98 	.word	0x20001c98
10004c94:	20001218 	.word	0x20001218

10004c98 <usbd_edpt_claim>:
10004c98:	460b      	mov	r3, r1
10004c9a:	4a06      	ldr	r2, [pc, #24]	@ (10004cb4 <usbd_edpt_claim+0x1c>)
10004c9c:	4806      	ldr	r0, [pc, #24]	@ (10004cb8 <usbd_edpt_claim+0x20>)
10004c9e:	6811      	ldr	r1, [r2, #0]
10004ca0:	09da      	lsrs	r2, r3, #7
10004ca2:	3234      	adds	r2, #52	@ 0x34
10004ca4:	f003 037f 	and.w	r3, r3, #127	@ 0x7f
10004ca8:	eb02 0343 	add.w	r3, r2, r3, lsl #1
10004cac:	4418      	add	r0, r3
10004cae:	f000 bd61 	b.w	10005774 <tu_edpt_claim>
10004cb2:	bf00      	nop
10004cb4:	20001cec 	.word	0x20001cec
10004cb8:	20001c98 	.word	0x20001c98

10004cbc <usbd_edpt_release>:
10004cbc:	460b      	mov	r3, r1
10004cbe:	4a06      	ldr	r2, [pc, #24]	@ (10004cd8 <usbd_edpt_release+0x1c>)
10004cc0:	4806      	ldr	r0, [pc, #24]	@ (10004cdc <usbd_edpt_release+0x20>)
10004cc2:	6811      	ldr	r1, [r2, #0]
10004cc4:	09da      	lsrs	r2, r3, #7
10004cc6:	3234      	adds	r2, #52	@ 0x34
10004cc8:	f003 037f 	and.w	r3, r3, #127	@ 0x7f
10004ccc:	eb02 0343 	add.w	r3, r2, r3, lsl #1
10004cd0:	4418      	add	r0, r3
10004cd2:	f000 bd79 	b.w	100057c8 <tu_edpt_release>
10004cd6:	bf00      	nop
10004cd8:	20001cec 	.word	0x20001cec
10004cdc:	20001c98 	.word	0x20001c98

10004ce0 <usbd_edpt_xfer>:
10004ce0:	b510      	push	{r4, lr}
10004ce2:	4819      	ldr	r0, [pc, #100]	@ (10004d48 <usbd_edpt_xfer+0x68>)
10004ce4:	f001 0c7f 	and.w	ip, r1, #127	@ 0x7f
10004ce8:	eb00 004c 	add.w	r0, r0, ip, lsl #1
10004cec:	eb00 10d1 	add.w	r0, r0, r1, lsr #7
10004cf0:	f890 c034 	ldrb.w	ip, [r0, #52]	@ 0x34
10004cf4:	f01c 0f01 	tst.w	ip, #1
10004cf8:	d008      	beq.n	10004d0c <usbd_edpt_xfer+0x2c>
10004cfa:	f04f 23e0 	mov.w	r3, #3758153728	@ 0xe000e000
10004cfe:	f8d3 3df0 	ldr.w	r3, [r3, #3568]	@ 0xdf0
10004d02:	07da      	lsls	r2, r3, #31
10004d04:	d500      	bpl.n	10004d08 <usbd_edpt_xfer+0x28>
10004d06:	be00      	bkpt	0x0000
10004d08:	2000      	movs	r0, #0
10004d0a:	bd10      	pop	{r4, pc}
10004d0c:	f100 0430 	add.w	r4, r0, #48	@ 0x30
10004d10:	f894 c004 	ldrb.w	ip, [r4, #4]
10004d14:	480d      	ldr	r0, [pc, #52]	@ (10004d4c <usbd_edpt_xfer+0x6c>)
10004d16:	f04c 0c01 	orr.w	ip, ip, #1
10004d1a:	7800      	ldrb	r0, [r0, #0]
10004d1c:	f884 c004 	strb.w	ip, [r4, #4]
10004d20:	f7ff fa2a 	bl	10004178 <dcd_edpt_xfer>
10004d24:	2800      	cmp	r0, #0
10004d26:	d1f0      	bne.n	10004d0a <usbd_edpt_xfer+0x2a>
10004d28:	f04f 21e0 	mov.w	r1, #3758153728	@ 0xe000e000
10004d2c:	7922      	ldrb	r2, [r4, #4]
10004d2e:	f360 0200 	bfi	r2, r0, #0, #1
10004d32:	7122      	strb	r2, [r4, #4]
10004d34:	7922      	ldrb	r2, [r4, #4]
10004d36:	f360 0282 	bfi	r2, r0, #2, #1
10004d3a:	7122      	strb	r2, [r4, #4]
10004d3c:	f8d1 3df0 	ldr.w	r3, [r1, #3568]	@ 0xdf0
10004d40:	07db      	lsls	r3, r3, #31
10004d42:	d5e1      	bpl.n	10004d08 <usbd_edpt_xfer+0x28>
10004d44:	be00      	bkpt	0x0000
10004d46:	e7df      	b.n	10004d08 <usbd_edpt_xfer+0x28>
10004d48:	20001c98 	.word	0x20001c98
10004d4c:	20001218 	.word	0x20001218

10004d50 <tud_control_status>:
10004d50:	b530      	push	{r4, r5, lr}
10004d52:	4c0b      	ldr	r4, [pc, #44]	@ (10004d80 <tud_control_status+0x30>)
10004d54:	468c      	mov	ip, r1
10004d56:	46a6      	mov	lr, r4
10004d58:	4605      	mov	r5, r0
10004d5a:	6808      	ldr	r0, [r1, #0]
10004d5c:	6849      	ldr	r1, [r1, #4]
10004d5e:	2300      	movs	r3, #0
10004d60:	e8ae 0003 	stmia.w	lr!, {r0, r1}
10004d64:	f89c 1000 	ldrb.w	r1, [ip]
10004d68:	4628      	mov	r0, r5
10004d6a:	43c9      	mvns	r1, r1
10004d6c:	e9c4 3302 	strd	r3, r3, [r4, #8]
10004d70:	e8bd 4030 	ldmia.w	sp!, {r4, r5, lr}
10004d74:	461a      	mov	r2, r3
10004d76:	f001 0180 	and.w	r1, r1, #128	@ 0x80
10004d7a:	f7ff bfb1 	b.w	10004ce0 <usbd_edpt_xfer>
10004d7e:	bf00      	nop
10004d80:	20001c58 	.word	0x20001c58

10004d84 <tud_control_xfer>:
10004d84:	e92d 41f0 	stmdb	sp!, {r4, r5, r6, r7, r8, lr}
10004d88:	4f28      	ldr	r7, [pc, #160]	@ (10004e2c <tud_control_xfer+0xa8>)
10004d8a:	f04f 0800 	mov.w	r8, #0
10004d8e:	46be      	mov	lr, r7
10004d90:	468c      	mov	ip, r1
10004d92:	4606      	mov	r6, r0
10004d94:	6808      	ldr	r0, [r1, #0]
10004d96:	6849      	ldr	r1, [r1, #4]
10004d98:	60ba      	str	r2, [r7, #8]
10004d9a:	e8ae 0003 	stmia.w	lr!, {r0, r1}
10004d9e:	f8a7 800e 	strh.w	r8, [r7, #14]
10004da2:	4615      	mov	r5, r2
10004da4:	f8bc 2006 	ldrh.w	r2, [ip, #6]
10004da8:	4293      	cmp	r3, r2
10004daa:	bf28      	it	cs
10004dac:	4613      	movcs	r3, r2
10004dae:	81bb      	strh	r3, [r7, #12]
10004db0:	b19a      	cbz	r2, 10004dda <tud_control_xfer+0x56>
10004db2:	461c      	mov	r4, r3
10004db4:	b333      	cbz	r3, 10004e04 <tud_control_xfer+0x80>
10004db6:	b1dd      	cbz	r5, 10004df0 <tud_control_xfer+0x6c>
10004db8:	f997 3000 	ldrsb.w	r3, [r7]
10004dbc:	2c40      	cmp	r4, #64	@ 0x40
10004dbe:	bf28      	it	cs
10004dc0:	2440      	movcs	r4, #64	@ 0x40
10004dc2:	2b00      	cmp	r3, #0
10004dc4:	db29      	blt.n	10004e1a <tud_control_xfer+0x96>
10004dc6:	4641      	mov	r1, r8
10004dc8:	4623      	mov	r3, r4
10004dca:	4630      	mov	r0, r6
10004dcc:	4a18      	ldr	r2, [pc, #96]	@ (10004e30 <tud_control_xfer+0xac>)
10004dce:	f7ff ff87 	bl	10004ce0 <usbd_edpt_xfer>
10004dd2:	b168      	cbz	r0, 10004df0 <tud_control_xfer+0x6c>
10004dd4:	2001      	movs	r0, #1
10004dd6:	e8bd 81f0 	ldmia.w	sp!, {r4, r5, r6, r7, r8, pc}
10004dda:	f89c 1000 	ldrb.w	r1, [ip]
10004dde:	4613      	mov	r3, r2
10004de0:	43c9      	mvns	r1, r1
10004de2:	4630      	mov	r0, r6
10004de4:	f001 0180 	and.w	r1, r1, #128	@ 0x80
10004de8:	f7ff ff7a 	bl	10004ce0 <usbd_edpt_xfer>
10004dec:	2800      	cmp	r0, #0
10004dee:	d1f1      	bne.n	10004dd4 <tud_control_xfer+0x50>
10004df0:	f04f 23e0 	mov.w	r3, #3758153728	@ 0xe000e000
10004df4:	f8d3 3df0 	ldr.w	r3, [r3, #3568]	@ 0xdf0
10004df8:	07db      	lsls	r3, r3, #31
10004dfa:	d500      	bpl.n	10004dfe <tud_control_xfer+0x7a>
10004dfc:	be00      	bkpt	0x0000
10004dfe:	2000      	movs	r0, #0
10004e00:	e8bd 81f0 	ldmia.w	sp!, {r4, r5, r6, r7, r8, pc}
10004e04:	461a      	mov	r2, r3
10004e06:	7839      	ldrb	r1, [r7, #0]
10004e08:	f001 0180 	and.w	r1, r1, #128	@ 0x80
10004e0c:	4623      	mov	r3, r4
10004e0e:	4630      	mov	r0, r6
10004e10:	f7ff ff66 	bl	10004ce0 <usbd_edpt_xfer>
10004e14:	2800      	cmp	r0, #0
10004e16:	d1dd      	bne.n	10004dd4 <tud_control_xfer+0x50>
10004e18:	e7ea      	b.n	10004df0 <tud_control_xfer+0x6c>
10004e1a:	4622      	mov	r2, r4
10004e1c:	4629      	mov	r1, r5
10004e1e:	4804      	ldr	r0, [pc, #16]	@ (10004e30 <tud_control_xfer+0xac>)
10004e20:	f003 fb92 	bl	10008548 <memcpy>
10004e24:	2180      	movs	r1, #128	@ 0x80
10004e26:	4a02      	ldr	r2, [pc, #8]	@ (10004e30 <tud_control_xfer+0xac>)
10004e28:	e7f0      	b.n	10004e0c <tud_control_xfer+0x88>
10004e2a:	bf00      	nop
10004e2c:	20001c58 	.word	0x20001c58
10004e30:	20001c18 	.word	0x20001c18

10004e34 <usbd_control_reset>:
10004e34:	2200      	movs	r2, #0
10004e36:	4b03      	ldr	r3, [pc, #12]	@ (10004e44 <usbd_control_reset+0x10>)
10004e38:	e9c3 2200 	strd	r2, r2, [r3]
10004e3c:	e9c3 2202 	strd	r2, r2, [r3, #8]
10004e40:	611a      	str	r2, [r3, #16]
10004e42:	4770      	bx	lr
10004e44:	20001c58 	.word	0x20001c58

10004e48 <usbd_control_set_complete_callback>:
10004e48:	4b01      	ldr	r3, [pc, #4]	@ (10004e50 <usbd_control_set_complete_callback+0x8>)
10004e4a:	6118      	str	r0, [r3, #16]
10004e4c:	4770      	bx	lr
10004e4e:	bf00      	nop
10004e50:	20001c58 	.word	0x20001c58

10004e54 <usbd_control_set_request>:
10004e54:	b430      	push	{r4, r5}
10004e56:	4602      	mov	r2, r0
10004e58:	4c04      	ldr	r4, [pc, #16]	@ (10004e6c <usbd_control_set_request+0x18>)
10004e5a:	2500      	movs	r5, #0
10004e5c:	4623      	mov	r3, r4
10004e5e:	6800      	ldr	r0, [r0, #0]
10004e60:	6851      	ldr	r1, [r2, #4]
10004e62:	e9c4 5502 	strd	r5, r5, [r4, #8]
10004e66:	bc30      	pop	{r4, r5}
10004e68:	c303      	stmia	r3!, {r0, r1}
10004e6a:	4770      	bx	lr
10004e6c:	20001c58 	.word	0x20001c58

10004e70 <usbd_control_xfer_cb>:
10004e70:	b570      	push	{r4, r5, r6, lr}
10004e72:	4c3d      	ldr	r4, [pc, #244]	@ (10004f68 <usbd_control_xfer_cb+0xf8>)
10004e74:	09c9      	lsrs	r1, r1, #7
10004e76:	7822      	ldrb	r2, [r4, #0]
10004e78:	4606      	mov	r6, r0
10004e7a:	ebb1 1fd2 	cmp.w	r1, r2, lsr #7
10004e7e:	461d      	mov	r5, r3
10004e80:	b082      	sub	sp, #8
10004e82:	d017      	beq.n	10004eb4 <usbd_control_xfer_cb+0x44>
10004e84:	b153      	cbz	r3, 10004e9c <usbd_control_xfer_cb+0x2c>
10004e86:	f04f 23e0 	mov.w	r3, #3758153728	@ 0xe000e000
10004e8a:	f8d3 3df0 	ldr.w	r3, [r3, #3568]	@ 0xdf0
10004e8e:	07db      	lsls	r3, r3, #31
10004e90:	d402      	bmi.n	10004e98 <usbd_control_xfer_cb+0x28>
10004e92:	2000      	movs	r0, #0
10004e94:	b002      	add	sp, #8
10004e96:	bd70      	pop	{r4, r5, r6, pc}
10004e98:	be00      	bkpt	0x0000
10004e9a:	e7fa      	b.n	10004e92 <usbd_control_xfer_cb+0x22>
10004e9c:	4621      	mov	r1, r4
10004e9e:	f7ff f8d9 	bl	10004054 <dcd_edpt0_status_complete>
10004ea2:	6923      	ldr	r3, [r4, #16]
10004ea4:	b11b      	cbz	r3, 10004eae <usbd_control_xfer_cb+0x3e>
10004ea6:	4622      	mov	r2, r4
10004ea8:	2103      	movs	r1, #3
10004eaa:	4630      	mov	r0, r6
10004eac:	4798      	blx	r3
10004eae:	2001      	movs	r0, #1
10004eb0:	b002      	add	sp, #8
10004eb2:	bd70      	pop	{r4, r5, r6, pc}
10004eb4:	f994 3000 	ldrsb.w	r3, [r4]
10004eb8:	2b00      	cmp	r3, #0
10004eba:	db06      	blt.n	10004eca <usbd_control_xfer_cb+0x5a>
10004ebc:	68a0      	ldr	r0, [r4, #8]
10004ebe:	2800      	cmp	r0, #0
10004ec0:	d0e7      	beq.n	10004e92 <usbd_control_xfer_cb+0x22>
10004ec2:	462a      	mov	r2, r5
10004ec4:	4929      	ldr	r1, [pc, #164]	@ (10004f6c <usbd_control_xfer_cb+0xfc>)
10004ec6:	f003 fb3f 	bl	10008548 <memcpy>
10004eca:	89e0      	ldrh	r0, [r4, #14]
10004ecc:	68a1      	ldr	r1, [r4, #8]
10004ece:	88e3      	ldrh	r3, [r4, #6]
10004ed0:	4428      	add	r0, r5
10004ed2:	b280      	uxth	r0, r0
10004ed4:	4429      	add	r1, r5
10004ed6:	4283      	cmp	r3, r0
10004ed8:	81e0      	strh	r0, [r4, #14]
10004eda:	60a1      	str	r1, [r4, #8]
10004edc:	d016      	beq.n	10004f0c <usbd_control_xfer_cb+0x9c>
10004ede:	2d3f      	cmp	r5, #63	@ 0x3f
10004ee0:	d914      	bls.n	10004f0c <usbd_control_xfer_cb+0x9c>
10004ee2:	89a2      	ldrh	r2, [r4, #12]
10004ee4:	f994 4000 	ldrsb.w	r4, [r4]
10004ee8:	1a13      	subs	r3, r2, r0
10004eea:	b29b      	uxth	r3, r3
10004eec:	2b40      	cmp	r3, #64	@ 0x40
10004eee:	bf28      	it	cs
10004ef0:	2340      	movcs	r3, #64	@ 0x40
10004ef2:	2c00      	cmp	r4, #0
10004ef4:	db27      	blt.n	10004f46 <usbd_control_xfer_cb+0xd6>
10004ef6:	4290      	cmp	r0, r2
10004ef8:	f04f 0100 	mov.w	r1, #0
10004efc:	d031      	beq.n	10004f62 <usbd_control_xfer_cb+0xf2>
10004efe:	4a1b      	ldr	r2, [pc, #108]	@ (10004f6c <usbd_control_xfer_cb+0xfc>)
10004f00:	4630      	mov	r0, r6
10004f02:	f7ff feed 	bl	10004ce0 <usbd_edpt_xfer>
10004f06:	2800      	cmp	r0, #0
10004f08:	d1d1      	bne.n	10004eae <usbd_control_xfer_cb+0x3e>
10004f0a:	e7bc      	b.n	10004e86 <usbd_control_xfer_cb+0x16>
10004f0c:	6923      	ldr	r3, [r4, #16]
10004f0e:	b123      	cbz	r3, 10004f1a <usbd_control_xfer_cb+0xaa>
10004f10:	2102      	movs	r1, #2
10004f12:	4630      	mov	r0, r6
10004f14:	4a14      	ldr	r2, [pc, #80]	@ (10004f68 <usbd_control_xfer_cb+0xf8>)
10004f16:	4798      	blx	r3
10004f18:	b160      	cbz	r0, 10004f34 <usbd_control_xfer_cb+0xc4>
10004f1a:	7821      	ldrb	r1, [r4, #0]
10004f1c:	2300      	movs	r3, #0
10004f1e:	43c9      	mvns	r1, r1
10004f20:	4630      	mov	r0, r6
10004f22:	461a      	mov	r2, r3
10004f24:	f001 0180 	and.w	r1, r1, #128	@ 0x80
10004f28:	f7ff feda 	bl	10004ce0 <usbd_edpt_xfer>
10004f2c:	2800      	cmp	r0, #0
10004f2e:	d0aa      	beq.n	10004e86 <usbd_control_xfer_cb+0x16>
10004f30:	2001      	movs	r0, #1
10004f32:	e7bd      	b.n	10004eb0 <usbd_control_xfer_cb+0x40>
10004f34:	4601      	mov	r1, r0
10004f36:	4630      	mov	r0, r6
10004f38:	f7ff f932 	bl	100041a0 <dcd_edpt_stall>
10004f3c:	2180      	movs	r1, #128	@ 0x80
10004f3e:	4630      	mov	r0, r6
10004f40:	f7ff f92e 	bl	100041a0 <dcd_edpt_stall>
10004f44:	e7b3      	b.n	10004eae <usbd_control_xfer_cb+0x3e>
10004f46:	4290      	cmp	r0, r2
10004f48:	d008      	beq.n	10004f5c <usbd_control_xfer_cb+0xec>
10004f4a:	461a      	mov	r2, r3
10004f4c:	4807      	ldr	r0, [pc, #28]	@ (10004f6c <usbd_control_xfer_cb+0xfc>)
10004f4e:	9301      	str	r3, [sp, #4]
10004f50:	f003 fafa 	bl	10008548 <memcpy>
10004f54:	2180      	movs	r1, #128	@ 0x80
10004f56:	4a05      	ldr	r2, [pc, #20]	@ (10004f6c <usbd_control_xfer_cb+0xfc>)
10004f58:	9b01      	ldr	r3, [sp, #4]
10004f5a:	e7d1      	b.n	10004f00 <usbd_control_xfer_cb+0x90>
10004f5c:	2180      	movs	r1, #128	@ 0x80
10004f5e:	2200      	movs	r2, #0
10004f60:	e7ce      	b.n	10004f00 <usbd_control_xfer_cb+0x90>
10004f62:	460a      	mov	r2, r1
10004f64:	e7cc      	b.n	10004f00 <usbd_control_xfer_cb+0x90>
10004f66:	bf00      	nop
10004f68:	20001c58 	.word	0x20001c58
10004f6c:	20001c18 	.word	0x20001c18

10004f70 <_prep_out_transaction.isra.0>:
10004f70:	e92d 41f0 	stmdb	sp!, {r4, r5, r6, r7, r8, lr}
10004f74:	4604      	mov	r4, r0
10004f76:	f7ff f9d3 	bl	10004320 <tud_mounted>
10004f7a:	b908      	cbnz	r0, 10004f80 <_prep_out_transaction.isra.0+0x10>
10004f7c:	e8bd 81f0 	ldmia.w	sp!, {r4, r5, r6, r7, r8, pc}
10004f80:	f7ff f9d6 	bl	10004330 <tud_suspended>
10004f84:	4605      	mov	r5, r0
10004f86:	2800      	cmp	r0, #0
10004f88:	d1f8      	bne.n	10004f7c <_prep_out_transaction.isra.0+0xc>
10004f8a:	23c8      	movs	r3, #200	@ 0xc8
10004f8c:	fb04 f303 	mul.w	r3, r4, r3
10004f90:	4e12      	ldr	r6, [pc, #72]	@ (10004fdc <_prep_out_transaction.isra.0+0x6c>)
10004f92:	18f7      	adds	r7, r6, r3
10004f94:	78f9      	ldrb	r1, [r7, #3]
10004f96:	2900      	cmp	r1, #0
10004f98:	d0f0      	beq.n	10004f7c <_prep_out_transaction.isra.0+0xc>
10004f9a:	3310      	adds	r3, #16
10004f9c:	441e      	add	r6, r3
10004f9e:	4630      	mov	r0, r6
10004fa0:	f000 fdd2 	bl	10005b48 <tu_fifo_remaining>
10004fa4:	283f      	cmp	r0, #63	@ 0x3f
10004fa6:	d9e9      	bls.n	10004f7c <_prep_out_transaction.isra.0+0xc>
10004fa8:	4628      	mov	r0, r5
10004faa:	78f9      	ldrb	r1, [r7, #3]
10004fac:	f7ff fe74 	bl	10004c98 <usbd_edpt_claim>
10004fb0:	2800      	cmp	r0, #0
10004fb2:	d0e3      	beq.n	10004f7c <_prep_out_transaction.isra.0+0xc>
10004fb4:	4630      	mov	r0, r6
10004fb6:	f000 fdc7 	bl	10005b48 <tu_fifo_remaining>
10004fba:	283f      	cmp	r0, #63	@ 0x3f
10004fbc:	78f9      	ldrb	r1, [r7, #3]
10004fbe:	d908      	bls.n	10004fd2 <_prep_out_transaction.isra.0+0x62>
10004fc0:	4a07      	ldr	r2, [pc, #28]	@ (10004fe0 <_prep_out_transaction.isra.0+0x70>)
10004fc2:	4628      	mov	r0, r5
10004fc4:	eb02 12c4 	add.w	r2, r2, r4, lsl #7
10004fc8:	2340      	movs	r3, #64	@ 0x40
10004fca:	e8bd 41f0 	ldmia.w	sp!, {r4, r5, r6, r7, r8, lr}
10004fce:	f7ff be87 	b.w	10004ce0 <usbd_edpt_xfer>
10004fd2:	4628      	mov	r0, r5
10004fd4:	e8bd 41f0 	ldmia.w	sp!, {r4, r5, r6, r7, r8, lr}
10004fd8:	f7ff be70 	b.w	10004cbc <usbd_edpt_release>
10004fdc:	20001b50 	.word	0x20001b50
10004fe0:	20001acc 	.word	0x20001acc

10004fe4 <tud_cdc_n_connected>:
10004fe4:	b510      	push	{r4, lr}
10004fe6:	4604      	mov	r4, r0
10004fe8:	f7ff f99a 	bl	10004320 <tud_mounted>
10004fec:	b908      	cbnz	r0, 10004ff2 <tud_cdc_n_connected+0xe>
10004fee:	2000      	movs	r0, #0
10004ff0:	bd10      	pop	{r4, pc}
10004ff2:	f7ff f99d 	bl	10004330 <tud_suspended>
10004ff6:	2800      	cmp	r0, #0
10004ff8:	d1f9      	bne.n	10004fee <tud_cdc_n_connected+0xa>
10004ffa:	22c8      	movs	r2, #200	@ 0xc8
10004ffc:	4b03      	ldr	r3, [pc, #12]	@ (1000500c <tud_cdc_n_connected+0x28>)
10004ffe:	fb02 3304 	mla	r3, r2, r4, r3
10005002:	7918      	ldrb	r0, [r3, #4]
10005004:	f000 0001 	and.w	r0, r0, #1
10005008:	bd10      	pop	{r4, pc}
1000500a:	bf00      	nop
1000500c:	20001b50 	.word	0x20001b50

10005010 <tud_cdc_n_available>:
10005010:	22c8      	movs	r2, #200	@ 0xc8
10005012:	b508      	push	{r3, lr}
10005014:	4b02      	ldr	r3, [pc, #8]	@ (10005020 <tud_cdc_n_available+0x10>)
10005016:	fb02 3000 	mla	r0, r2, r0, r3
1000501a:	f000 fd7b 	bl	10005b14 <tu_fifo_count>
1000501e:	bd08      	pop	{r3, pc}
10005020:	20001b60 	.word	0x20001b60

10005024 <tud_cdc_n_read>:
10005024:	e92d 43f8 	stmdb	sp!, {r3, r4, r5, r6, r7, r8, r9, lr}
10005028:	f64f 73ff 	movw	r3, #65535	@ 0xffff
1000502c:	24c8      	movs	r4, #200	@ 0xc8
1000502e:	429a      	cmp	r2, r3
10005030:	bf28      	it	cs
10005032:	461a      	movcs	r2, r3
10005034:	fb00 f404 	mul.w	r4, r0, r4
10005038:	f8df 8074 	ldr.w	r8, [pc, #116]	@ 100050b0 <tud_cdc_n_read+0x8c>
1000503c:	f104 0510 	add.w	r5, r4, #16
10005040:	4445      	add	r5, r8
10005042:	4606      	mov	r6, r0
10005044:	b292      	uxth	r2, r2
10005046:	4628      	mov	r0, r5
10005048:	f000 fdda 	bl	10005c00 <tu_fifo_read_n>
1000504c:	4607      	mov	r7, r0
1000504e:	f7ff f967 	bl	10004320 <tud_mounted>
10005052:	b910      	cbnz	r0, 1000505a <tud_cdc_n_read+0x36>
10005054:	4638      	mov	r0, r7
10005056:	e8bd 83f8 	ldmia.w	sp!, {r3, r4, r5, r6, r7, r8, r9, pc}
1000505a:	f7ff f969 	bl	10004330 <tud_suspended>
1000505e:	4681      	mov	r9, r0
10005060:	2800      	cmp	r0, #0
10005062:	d1f7      	bne.n	10005054 <tud_cdc_n_read+0x30>
10005064:	44a0      	add	r8, r4
10005066:	f898 3003 	ldrb.w	r3, [r8, #3]
1000506a:	2b00      	cmp	r3, #0
1000506c:	d0f2      	beq.n	10005054 <tud_cdc_n_read+0x30>
1000506e:	4628      	mov	r0, r5
10005070:	f000 fd6a 	bl	10005b48 <tu_fifo_remaining>
10005074:	283f      	cmp	r0, #63	@ 0x3f
10005076:	d9ed      	bls.n	10005054 <tud_cdc_n_read+0x30>
10005078:	4648      	mov	r0, r9
1000507a:	f898 1003 	ldrb.w	r1, [r8, #3]
1000507e:	f7ff fe0b 	bl	10004c98 <usbd_edpt_claim>
10005082:	2800      	cmp	r0, #0
10005084:	d0e6      	beq.n	10005054 <tud_cdc_n_read+0x30>
10005086:	4628      	mov	r0, r5
10005088:	f000 fd5e 	bl	10005b48 <tu_fifo_remaining>
1000508c:	283f      	cmp	r0, #63	@ 0x3f
1000508e:	f898 1003 	ldrb.w	r1, [r8, #3]
10005092:	d907      	bls.n	100050a4 <tud_cdc_n_read+0x80>
10005094:	4a05      	ldr	r2, [pc, #20]	@ (100050ac <tud_cdc_n_read+0x88>)
10005096:	4648      	mov	r0, r9
10005098:	2340      	movs	r3, #64	@ 0x40
1000509a:	eb02 12c6 	add.w	r2, r2, r6, lsl #7
1000509e:	f7ff fe1f 	bl	10004ce0 <usbd_edpt_xfer>
100050a2:	e7d7      	b.n	10005054 <tud_cdc_n_read+0x30>
100050a4:	4648      	mov	r0, r9
100050a6:	f7ff fe09 	bl	10004cbc <usbd_edpt_release>
100050aa:	e7d3      	b.n	10005054 <tud_cdc_n_read+0x30>
100050ac:	20001acc 	.word	0x20001acc
100050b0:	20001b50 	.word	0x20001b50

100050b4 <tud_cdc_n_write_flush>:
100050b4:	e92d 41f0 	stmdb	sp!, {r4, r5, r6, r7, r8, lr}
100050b8:	4604      	mov	r4, r0
100050ba:	f7ff f931 	bl	10004320 <tud_mounted>
100050be:	b910      	cbnz	r0, 100050c6 <tud_cdc_n_write_flush+0x12>
100050c0:	2000      	movs	r0, #0
100050c2:	e8bd 81f0 	ldmia.w	sp!, {r4, r5, r6, r7, r8, pc}
100050c6:	f7ff f933 	bl	10004330 <tud_suspended>
100050ca:	4605      	mov	r5, r0
100050cc:	2800      	cmp	r0, #0
100050ce:	d1f7      	bne.n	100050c0 <tud_cdc_n_write_flush+0xc>
100050d0:	26c8      	movs	r6, #200	@ 0xc8
100050d2:	fb04 f606 	mul.w	r6, r4, r6
100050d6:	f8df 8064 	ldr.w	r8, [pc, #100]	@ 1000513c <tud_cdc_n_write_flush+0x88>
100050da:	f106 0724 	add.w	r7, r6, #36	@ 0x24
100050de:	4447      	add	r7, r8
100050e0:	4638      	mov	r0, r7
100050e2:	f000 fd17 	bl	10005b14 <tu_fifo_count>
100050e6:	2800      	cmp	r0, #0
100050e8:	d0ea      	beq.n	100050c0 <tud_cdc_n_write_flush+0xc>
100050ea:	44b0      	add	r8, r6
100050ec:	4628      	mov	r0, r5
100050ee:	f898 1002 	ldrb.w	r1, [r8, #2]
100050f2:	f7ff fdd1 	bl	10004c98 <usbd_edpt_claim>
100050f6:	2800      	cmp	r0, #0
100050f8:	d0e2      	beq.n	100050c0 <tud_cdc_n_write_flush+0xc>
100050fa:	4e0f      	ldr	r6, [pc, #60]	@ (10005138 <tud_cdc_n_write_flush+0x84>)
100050fc:	4638      	mov	r0, r7
100050fe:	eb06 16c4 	add.w	r6, r6, r4, lsl #7
10005102:	4631      	mov	r1, r6
10005104:	2240      	movs	r2, #64	@ 0x40
10005106:	f000 fd7b 	bl	10005c00 <tu_fifo_read_n>
1000510a:	f898 1002 	ldrb.w	r1, [r8, #2]
1000510e:	4604      	mov	r4, r0
10005110:	b168      	cbz	r0, 1000512e <tud_cdc_n_write_flush+0x7a>
10005112:	4603      	mov	r3, r0
10005114:	4632      	mov	r2, r6
10005116:	4628      	mov	r0, r5
10005118:	f7ff fde2 	bl	10004ce0 <usbd_edpt_xfer>
1000511c:	b950      	cbnz	r0, 10005134 <tud_cdc_n_write_flush+0x80>
1000511e:	f04f 23e0 	mov.w	r3, #3758153728	@ 0xe000e000
10005122:	f8d3 3df0 	ldr.w	r3, [r3, #3568]	@ 0xdf0
10005126:	07db      	lsls	r3, r3, #31
10005128:	d5ca      	bpl.n	100050c0 <tud_cdc_n_write_flush+0xc>
1000512a:	be00      	bkpt	0x0000
1000512c:	e7c8      	b.n	100050c0 <tud_cdc_n_write_flush+0xc>
1000512e:	f7ff fdc5 	bl	10004cbc <usbd_edpt_release>
10005132:	e7c5      	b.n	100050c0 <tud_cdc_n_write_flush+0xc>
10005134:	4620      	mov	r0, r4
10005136:	e7c4      	b.n	100050c2 <tud_cdc_n_write_flush+0xe>
10005138:	20001b0c 	.word	0x20001b0c
1000513c:	20001b50 	.word	0x20001b50

10005140 <tud_cdc_n_write>:
10005140:	b538      	push	{r3, r4, r5, lr}
10005142:	f64f 75ff 	movw	r5, #65535	@ 0xffff
10005146:	23c8      	movs	r3, #200	@ 0xc8
10005148:	42aa      	cmp	r2, r5
1000514a:	bf28      	it	cs
1000514c:	462a      	movcs	r2, r5
1000514e:	4c0b      	ldr	r4, [pc, #44]	@ (1000517c <tud_cdc_n_write+0x3c>)
10005150:	b292      	uxth	r2, r2
10005152:	fb03 4400 	mla	r4, r3, r0, r4
10005156:	4605      	mov	r5, r0
10005158:	4620      	mov	r0, r4
1000515a:	f000 fe0f 	bl	10005d7c <tu_fifo_write_n>
1000515e:	4603      	mov	r3, r0
10005160:	4620      	mov	r0, r4
10005162:	461c      	mov	r4, r3
10005164:	f000 fcd6 	bl	10005b14 <tu_fifo_count>
10005168:	283f      	cmp	r0, #63	@ 0x3f
1000516a:	d801      	bhi.n	10005170 <tud_cdc_n_write+0x30>
1000516c:	4620      	mov	r0, r4
1000516e:	bd38      	pop	{r3, r4, r5, pc}
10005170:	4628      	mov	r0, r5
10005172:	f7ff ff9f 	bl	100050b4 <tud_cdc_n_write_flush>
10005176:	4620      	mov	r0, r4
10005178:	bd38      	pop	{r3, r4, r5, pc}
1000517a:	bf00      	nop
1000517c:	20001b74 	.word	0x20001b74

10005180 <tud_cdc_n_write_available>:
10005180:	22c8      	movs	r2, #200	@ 0xc8
10005182:	b508      	push	{r3, lr}
10005184:	4b02      	ldr	r3, [pc, #8]	@ (10005190 <tud_cdc_n_write_available+0x10>)
10005186:	fb02 3000 	mla	r0, r2, r0, r3
1000518a:	f000 fcdd 	bl	10005b48 <tu_fifo_remaining>
1000518e:	bd08      	pop	{r3, pc}
10005190:	20001b74 	.word	0x20001b74

10005194 <cdcd_init>:
10005194:	b5f0      	push	{r4, r5, r6, r7, lr}
10005196:	2400      	movs	r4, #0
10005198:	b083      	sub	sp, #12
1000519a:	22c8      	movs	r2, #200	@ 0xc8
1000519c:	2100      	movs	r1, #0
1000519e:	4817      	ldr	r0, [pc, #92]	@ (100051fc <cdcd_init+0x68>)
100051a0:	f003 f95a 	bl	10008458 <memset>
100051a4:	23ff      	movs	r3, #255	@ 0xff
100051a6:	f44f 31e1 	mov.w	r1, #115200	@ 0x1c200
100051aa:	2208      	movs	r2, #8
100051ac:	4814      	ldr	r0, [pc, #80]	@ (10005200 <cdcd_init+0x6c>)
100051ae:	7004      	strb	r4, [r0, #0]
100051b0:	4812      	ldr	r0, [pc, #72]	@ (100051fc <cdcd_init+0x68>)
100051b2:	9400      	str	r4, [sp, #0]
100051b4:	4607      	mov	r7, r0
100051b6:	7143      	strb	r3, [r0, #5]
100051b8:	6081      	str	r1, [r0, #8]
100051ba:	7382      	strb	r2, [r0, #14]
100051bc:	f100 0138 	add.w	r1, r0, #56	@ 0x38
100051c0:	2301      	movs	r3, #1
100051c2:	2240      	movs	r2, #64	@ 0x40
100051c4:	3010      	adds	r0, #16
100051c6:	f000 fc75 	bl	10005ab4 <tu_fifo_config>
100051ca:	2301      	movs	r3, #1
100051cc:	2240      	movs	r2, #64	@ 0x40
100051ce:	f107 0178 	add.w	r1, r7, #120	@ 0x78
100051d2:	9300      	str	r3, [sp, #0]
100051d4:	f107 06b8 	add.w	r6, r7, #184	@ 0xb8
100051d8:	f107 0024 	add.w	r0, r7, #36	@ 0x24
100051dc:	f000 fc6a 	bl	10005ab4 <tu_fifo_config>
100051e0:	f107 05c0 	add.w	r5, r7, #192	@ 0xc0
100051e4:	4630      	mov	r0, r6
100051e6:	f7fb fd6b 	bl	10000cc0 <mutex_init>
100051ea:	4628      	mov	r0, r5
100051ec:	f7fb fd68 	bl	10000cc0 <mutex_init>
100051f0:	e9c7 4607 	strd	r4, r6, [r7, #28]
100051f4:	e9c7 540c 	strd	r5, r4, [r7, #48]	@ 0x30
100051f8:	b003      	add	sp, #12
100051fa:	bdf0      	pop	{r4, r5, r6, r7, pc}
100051fc:	20001b50 	.word	0x20001b50
10005200:	20001b4c 	.word	0x20001b4c

10005204 <cdcd_deinit>:
10005204:	4a0a      	ldr	r2, [pc, #40]	@ (10005230 <cdcd_deinit+0x2c>)
10005206:	6b11      	ldr	r1, [r2, #48]	@ 0x30
10005208:	6a13      	ldr	r3, [r2, #32]
1000520a:	b161      	cbz	r1, 10005226 <cdcd_deinit+0x22>
1000520c:	b13b      	cbz	r3, 1000521e <cdcd_deinit+0x1a>
1000520e:	2300      	movs	r3, #0
10005210:	e9c2 330c 	strd	r3, r3, [r2, #48]	@ 0x30
10005214:	61d3      	str	r3, [r2, #28]
10005216:	2300      	movs	r3, #0
10005218:	6213      	str	r3, [r2, #32]
1000521a:	2001      	movs	r0, #1
1000521c:	4770      	bx	lr
1000521e:	2001      	movs	r0, #1
10005220:	e9c2 330c 	strd	r3, r3, [r2, #48]	@ 0x30
10005224:	4770      	bx	lr
10005226:	2b00      	cmp	r3, #0
10005228:	d0f7      	beq.n	1000521a <cdcd_deinit+0x16>
1000522a:	61d1      	str	r1, [r2, #28]
1000522c:	e7f3      	b.n	10005216 <cdcd_deinit+0x12>
1000522e:	bf00      	nop
10005230:	20001b50 	.word	0x20001b50

10005234 <cdcd_reset>:
10005234:	2200      	movs	r2, #0
10005236:	b510      	push	{r4, lr}
10005238:	4c0e      	ldr	r4, [pc, #56]	@ (10005274 <cdcd_reset+0x40>)
1000523a:	480f      	ldr	r0, [pc, #60]	@ (10005278 <cdcd_reset+0x44>)
1000523c:	7823      	ldrb	r3, [r4, #0]
1000523e:	6002      	str	r2, [r0, #0]
10005240:	7102      	strb	r2, [r0, #4]
10005242:	07da      	lsls	r2, r3, #31
10005244:	d507      	bpl.n	10005256 <cdcd_reset+0x22>
10005246:	079b      	lsls	r3, r3, #30
10005248:	d50b      	bpl.n	10005262 <cdcd_reset+0x2e>
1000524a:	e8bd 4010 	ldmia.w	sp!, {r4, lr}
1000524e:	2101      	movs	r1, #1
10005250:	480a      	ldr	r0, [pc, #40]	@ (1000527c <cdcd_reset+0x48>)
10005252:	f000 be5d 	b.w	10005f10 <tu_fifo_set_overwritable>
10005256:	3010      	adds	r0, #16
10005258:	f000 fe3e 	bl	10005ed8 <tu_fifo_clear>
1000525c:	7823      	ldrb	r3, [r4, #0]
1000525e:	079b      	lsls	r3, r3, #30
10005260:	d4f3      	bmi.n	1000524a <cdcd_reset+0x16>
10005262:	4806      	ldr	r0, [pc, #24]	@ (1000527c <cdcd_reset+0x48>)
10005264:	f000 fe38 	bl	10005ed8 <tu_fifo_clear>
10005268:	e8bd 4010 	ldmia.w	sp!, {r4, lr}
1000526c:	2101      	movs	r1, #1
1000526e:	4803      	ldr	r0, [pc, #12]	@ (1000527c <cdcd_reset+0x48>)
10005270:	f000 be4e 	b.w	10005f10 <tu_fifo_set_overwritable>
10005274:	20001b4c 	.word	0x20001b4c
10005278:	20001b50 	.word	0x20001b50
1000527c:	20001b74 	.word	0x20001b74

10005280 <cdcd_open>:
10005280:	b5f0      	push	{r4, r5, r6, r7, lr}
10005282:	794b      	ldrb	r3, [r1, #5]
10005284:	b083      	sub	sp, #12
10005286:	2b02      	cmp	r3, #2
10005288:	d102      	bne.n	10005290 <cdcd_open+0x10>
1000528a:	798b      	ldrb	r3, [r1, #6]
1000528c:	2b02      	cmp	r3, #2
1000528e:	d003      	beq.n	10005298 <cdcd_open+0x18>
10005290:	2500      	movs	r5, #0
10005292:	4628      	mov	r0, r5
10005294:	b003      	add	sp, #12
10005296:	bdf0      	pop	{r4, r5, r6, r7, pc}
10005298:	4f27      	ldr	r7, [pc, #156]	@ (10005338 <cdcd_open+0xb8>)
1000529a:	78bb      	ldrb	r3, [r7, #2]
1000529c:	b13b      	cbz	r3, 100052ae <cdcd_open+0x2e>
1000529e:	f04f 23e0 	mov.w	r3, #3758153728	@ 0xe000e000
100052a2:	f8d3 3df0 	ldr.w	r3, [r3, #3568]	@ 0xdf0
100052a6:	07db      	lsls	r3, r3, #31
100052a8:	d5f2      	bpl.n	10005290 <cdcd_open+0x10>
100052aa:	be00      	bkpt	0x0000
100052ac:	e7f0      	b.n	10005290 <cdcd_open+0x10>
100052ae:	788b      	ldrb	r3, [r1, #2]
100052b0:	4606      	mov	r6, r0
100052b2:	703b      	strb	r3, [r7, #0]
100052b4:	780b      	ldrb	r3, [r1, #0]
100052b6:	18cc      	adds	r4, r1, r3
100052b8:	7861      	ldrb	r1, [r4, #1]
100052ba:	2924      	cmp	r1, #36	@ 0x24
100052bc:	bf08      	it	eq
100052be:	2509      	moveq	r5, #9
100052c0:	d007      	beq.n	100052d2 <cdcd_open+0x52>
100052c2:	e036      	b.n	10005332 <cdcd_open+0xb2>
100052c4:	7823      	ldrb	r3, [r4, #0]
100052c6:	441c      	add	r4, r3
100052c8:	7861      	ldrb	r1, [r4, #1]
100052ca:	442b      	add	r3, r5
100052cc:	2924      	cmp	r1, #36	@ 0x24
100052ce:	b29d      	uxth	r5, r3
100052d0:	d107      	bne.n	100052e2 <cdcd_open+0x62>
100052d2:	42aa      	cmp	r2, r5
100052d4:	d2f6      	bcs.n	100052c4 <cdcd_open+0x44>
100052d6:	2000      	movs	r0, #0
100052d8:	f7ff fe4a 	bl	10004f70 <_prep_out_transaction.isra.0>
100052dc:	4628      	mov	r0, r5
100052de:	b003      	add	sp, #12
100052e0:	bdf0      	pop	{r4, r5, r6, r7, pc}
100052e2:	460b      	mov	r3, r1
100052e4:	2905      	cmp	r1, #5
100052e6:	d016      	beq.n	10005316 <cdcd_open+0x96>
100052e8:	2b04      	cmp	r3, #4
100052ea:	d1f4      	bne.n	100052d6 <cdcd_open+0x56>
100052ec:	7963      	ldrb	r3, [r4, #5]
100052ee:	2b0a      	cmp	r3, #10
100052f0:	d1f1      	bne.n	100052d6 <cdcd_open+0x56>
100052f2:	4b12      	ldr	r3, [pc, #72]	@ (1000533c <cdcd_open+0xbc>)
100052f4:	7827      	ldrb	r7, [r4, #0]
100052f6:	9301      	str	r3, [sp, #4]
100052f8:	3301      	adds	r3, #1
100052fa:	9300      	str	r3, [sp, #0]
100052fc:	2302      	movs	r3, #2
100052fe:	4630      	mov	r0, r6
10005300:	461a      	mov	r2, r3
10005302:	19e1      	adds	r1, r4, r7
10005304:	f7ff fc58 	bl	10004bb8 <usbd_open_edpt_pair>
10005308:	2800      	cmp	r0, #0
1000530a:	d0c8      	beq.n	1000529e <cdcd_open+0x1e>
1000530c:	350e      	adds	r5, #14
1000530e:	fa17 f585 	uxtah	r5, r7, r5
10005312:	b2ad      	uxth	r5, r5
10005314:	e7df      	b.n	100052d6 <cdcd_open+0x56>
10005316:	4621      	mov	r1, r4
10005318:	4630      	mov	r0, r6
1000531a:	f7ff fc9b 	bl	10004c54 <usbd_edpt_open>
1000531e:	2800      	cmp	r0, #0
10005320:	d0bd      	beq.n	1000529e <cdcd_open+0x1e>
10005322:	78a3      	ldrb	r3, [r4, #2]
10005324:	707b      	strb	r3, [r7, #1]
10005326:	7823      	ldrb	r3, [r4, #0]
10005328:	195a      	adds	r2, r3, r5
1000532a:	441c      	add	r4, r3
1000532c:	7863      	ldrb	r3, [r4, #1]
1000532e:	b295      	uxth	r5, r2
10005330:	e7da      	b.n	100052e8 <cdcd_open+0x68>
10005332:	460b      	mov	r3, r1
10005334:	2509      	movs	r5, #9
10005336:	e7d5      	b.n	100052e4 <cdcd_open+0x64>
10005338:	20001b50 	.word	0x20001b50
1000533c:	20001b52 	.word	0x20001b52

10005340 <cdcd_control_xfer_cb>:
10005340:	7813      	ldrb	r3, [r2, #0]
10005342:	f003 0360 	and.w	r3, r3, #96	@ 0x60
10005346:	2b20      	cmp	r3, #32
10005348:	d108      	bne.n	1000535c <cdcd_control_xfer_cb+0x1c>
1000534a:	b570      	push	{r4, r5, r6, lr}
1000534c:	4c26      	ldr	r4, [pc, #152]	@ (100053e8 <cdcd_control_xfer_cb+0xa8>)
1000534e:	8893      	ldrh	r3, [r2, #4]
10005350:	f894 c000 	ldrb.w	ip, [r4]
10005354:	459c      	cmp	ip, r3
10005356:	d003      	beq.n	10005360 <cdcd_control_xfer_cb+0x20>
10005358:	2000      	movs	r0, #0
1000535a:	bd70      	pop	{r4, r5, r6, pc}
1000535c:	2000      	movs	r0, #0
1000535e:	4770      	bx	lr
10005360:	7853      	ldrb	r3, [r2, #1]
10005362:	3b20      	subs	r3, #32
10005364:	2b03      	cmp	r3, #3
10005366:	d8f7      	bhi.n	10005358 <cdcd_control_xfer_cb+0x18>
10005368:	e8df f003 	tbb	[pc, r3]
1000536c:	020d2327 	.word	0x020d2327
10005370:	2901      	cmp	r1, #1
10005372:	d02e      	beq.n	100053d2 <cdcd_control_xfer_cb+0x92>
10005374:	2903      	cmp	r1, #3
10005376:	d11e      	bne.n	100053b6 <cdcd_control_xfer_cb+0x76>
10005378:	4b1c      	ldr	r3, [pc, #112]	@ (100053ec <cdcd_control_xfer_cb+0xac>)
1000537a:	b1e3      	cbz	r3, 100053b6 <cdcd_control_xfer_cb+0x76>
1000537c:	2000      	movs	r0, #0
1000537e:	8851      	ldrh	r1, [r2, #2]
10005380:	f3af 8000 	nop.w
10005384:	e017      	b.n	100053b6 <cdcd_control_xfer_cb+0x76>
10005386:	2901      	cmp	r1, #1
10005388:	d023      	beq.n	100053d2 <cdcd_control_xfer_cb+0x92>
1000538a:	2903      	cmp	r1, #3
1000538c:	d113      	bne.n	100053b6 <cdcd_control_xfer_cb+0x76>
1000538e:	8855      	ldrh	r5, [r2, #2]
10005390:	4817      	ldr	r0, [pc, #92]	@ (100053f0 <cdcd_control_xfer_cb+0xb0>)
10005392:	f005 0601 	and.w	r6, r5, #1
10005396:	f086 0101 	eor.w	r1, r6, #1
1000539a:	7125      	strb	r5, [r4, #4]
1000539c:	f000 fdb8 	bl	10005f10 <tu_fifo_set_overwritable>
100053a0:	4b14      	ldr	r3, [pc, #80]	@ (100053f4 <cdcd_control_xfer_cb+0xb4>)
100053a2:	b143      	cbz	r3, 100053b6 <cdcd_control_xfer_cb+0x76>
100053a4:	4631      	mov	r1, r6
100053a6:	2000      	movs	r0, #0
100053a8:	f3c5 0240 	ubfx	r2, r5, #1, #1
100053ac:	f3af 8000 	nop.w
100053b0:	e001      	b.n	100053b6 <cdcd_control_xfer_cb+0x76>
100053b2:	2901      	cmp	r1, #1
100053b4:	d011      	beq.n	100053da <cdcd_control_xfer_cb+0x9a>
100053b6:	2001      	movs	r0, #1
100053b8:	bd70      	pop	{r4, r5, r6, pc}
100053ba:	2901      	cmp	r1, #1
100053bc:	d00d      	beq.n	100053da <cdcd_control_xfer_cb+0x9a>
100053be:	2903      	cmp	r1, #3
100053c0:	d1f9      	bne.n	100053b6 <cdcd_control_xfer_cb+0x76>
100053c2:	4b0d      	ldr	r3, [pc, #52]	@ (100053f8 <cdcd_control_xfer_cb+0xb8>)
100053c4:	2b00      	cmp	r3, #0
100053c6:	d0f6      	beq.n	100053b6 <cdcd_control_xfer_cb+0x76>
100053c8:	2000      	movs	r0, #0
100053ca:	490c      	ldr	r1, [pc, #48]	@ (100053fc <cdcd_control_xfer_cb+0xbc>)
100053cc:	f7fe faac 	bl	10003928 <tud_cdc_line_coding_cb>
100053d0:	e7f1      	b.n	100053b6 <cdcd_control_xfer_cb+0x76>
100053d2:	4611      	mov	r1, r2
100053d4:	f7ff fcbc 	bl	10004d50 <tud_control_status>
100053d8:	e7ed      	b.n	100053b6 <cdcd_control_xfer_cb+0x76>
100053da:	4611      	mov	r1, r2
100053dc:	2307      	movs	r3, #7
100053de:	4a07      	ldr	r2, [pc, #28]	@ (100053fc <cdcd_control_xfer_cb+0xbc>)
100053e0:	f7ff fcd0 	bl	10004d84 <tud_control_xfer>
100053e4:	e7e7      	b.n	100053b6 <cdcd_control_xfer_cb+0x76>
100053e6:	bf00      	nop
100053e8:	20001b50 	.word	0x20001b50
100053ec:	00000000 	.word	0x00000000
100053f0:	20001b74 	.word	0x20001b74
100053f4:	00000000 	.word	0x00000000
100053f8:	10003929 	.word	0x10003929
100053fc:	20001b58 	.word	0x20001b58

10005400 <cdcd_xfer_cb>:
10005400:	e92d 43f8 	stmdb	sp!, {r3, r4, r5, r6, r7, r8, r9, lr}
10005404:	4e35      	ldr	r6, [pc, #212]	@ (100054dc <cdcd_xfer_cb+0xdc>)
10005406:	460c      	mov	r4, r1
10005408:	78f2      	ldrb	r2, [r6, #3]
1000540a:	4607      	mov	r7, r0
1000540c:	428a      	cmp	r2, r1
1000540e:	461d      	mov	r5, r3
10005410:	d03d      	beq.n	1000548e <cdcd_xfer_cb+0x8e>
10005412:	78b3      	ldrb	r3, [r6, #2]
10005414:	428b      	cmp	r3, r1
10005416:	d012      	beq.n	1000543e <cdcd_xfer_cb+0x3e>
10005418:	f04f 23e0 	mov.w	r3, #3758153728	@ 0xe000e000
1000541c:	f8d3 3df0 	ldr.w	r3, [r3, #3568]	@ 0xdf0
10005420:	07db      	lsls	r3, r3, #31
10005422:	d432      	bmi.n	1000548a <cdcd_xfer_cb+0x8a>
10005424:	2000      	movs	r0, #0
10005426:	e8bd 83f8 	ldmia.w	sp!, {r3, r4, r5, r6, r7, r8, r9, pc}
1000542a:	4b2d      	ldr	r3, [pc, #180]	@ (100054e0 <cdcd_xfer_cb+0xe0>)
1000542c:	b123      	cbz	r3, 10005438 <cdcd_xfer_cb+0x38>
1000542e:	482d      	ldr	r0, [pc, #180]	@ (100054e4 <cdcd_xfer_cb+0xe4>)
10005430:	f000 fb80 	bl	10005b34 <tu_fifo_empty>
10005434:	2800      	cmp	r0, #0
10005436:	d04d      	beq.n	100054d4 <cdcd_xfer_cb+0xd4>
10005438:	2000      	movs	r0, #0
1000543a:	f7ff fd99 	bl	10004f70 <_prep_out_transaction.isra.0>
1000543e:	78b3      	ldrb	r3, [r6, #2]
10005440:	42a3      	cmp	r3, r4
10005442:	d001      	beq.n	10005448 <cdcd_xfer_cb+0x48>
10005444:	2001      	movs	r0, #1
10005446:	e7ee      	b.n	10005426 <cdcd_xfer_cb+0x26>
10005448:	4b27      	ldr	r3, [pc, #156]	@ (100054e8 <cdcd_xfer_cb+0xe8>)
1000544a:	b113      	cbz	r3, 10005452 <cdcd_xfer_cb+0x52>
1000544c:	2000      	movs	r0, #0
1000544e:	f3af 8000 	nop.w
10005452:	2000      	movs	r0, #0
10005454:	f7ff fe2e 	bl	100050b4 <tud_cdc_n_write_flush>
10005458:	2800      	cmp	r0, #0
1000545a:	d1f3      	bne.n	10005444 <cdcd_xfer_cb+0x44>
1000545c:	4823      	ldr	r0, [pc, #140]	@ (100054ec <cdcd_xfer_cb+0xec>)
1000545e:	f000 fb59 	bl	10005b14 <tu_fifo_count>
10005462:	2800      	cmp	r0, #0
10005464:	d1ee      	bne.n	10005444 <cdcd_xfer_cb+0x44>
10005466:	2d00      	cmp	r5, #0
10005468:	d0ec      	beq.n	10005444 <cdcd_xfer_cb+0x44>
1000546a:	f015 053f 	ands.w	r5, r5, #63	@ 0x3f
1000546e:	d1e9      	bne.n	10005444 <cdcd_xfer_cb+0x44>
10005470:	4638      	mov	r0, r7
10005472:	78b1      	ldrb	r1, [r6, #2]
10005474:	f7ff fc10 	bl	10004c98 <usbd_edpt_claim>
10005478:	2800      	cmp	r0, #0
1000547a:	d0e3      	beq.n	10005444 <cdcd_xfer_cb+0x44>
1000547c:	462b      	mov	r3, r5
1000547e:	462a      	mov	r2, r5
10005480:	4638      	mov	r0, r7
10005482:	78b1      	ldrb	r1, [r6, #2]
10005484:	f7ff fc2c 	bl	10004ce0 <usbd_edpt_xfer>
10005488:	e7dc      	b.n	10005444 <cdcd_xfer_cb+0x44>
1000548a:	be00      	bkpt	0x0000
1000548c:	e7ca      	b.n	10005424 <cdcd_xfer_cb+0x24>
1000548e:	b29a      	uxth	r2, r3
10005490:	4917      	ldr	r1, [pc, #92]	@ (100054f0 <cdcd_xfer_cb+0xf0>)
10005492:	f106 0010 	add.w	r0, r6, #16
10005496:	f000 fc71 	bl	10005d7c <tu_fifo_write_n>
1000549a:	4b16      	ldr	r3, [pc, #88]	@ (100054f4 <cdcd_xfer_cb+0xf4>)
1000549c:	2b00      	cmp	r3, #0
1000549e:	d0c4      	beq.n	1000542a <cdcd_xfer_cb+0x2a>
100054a0:	7973      	ldrb	r3, [r6, #5]
100054a2:	2bff      	cmp	r3, #255	@ 0xff
100054a4:	d0c1      	beq.n	1000542a <cdcd_xfer_cb+0x2a>
100054a6:	2d00      	cmp	r5, #0
100054a8:	d0bf      	beq.n	1000542a <cdcd_xfer_cb+0x2a>
100054aa:	f8df 8044 	ldr.w	r8, [pc, #68]	@ 100054f0 <cdcd_xfer_cb+0xf0>
100054ae:	eb08 0905 	add.w	r9, r8, r5
100054b2:	e002      	b.n	100054ba <cdcd_xfer_cb+0xba>
100054b4:	45c8      	cmp	r8, r9
100054b6:	d0b8      	beq.n	1000542a <cdcd_xfer_cb+0x2a>
100054b8:	7973      	ldrb	r3, [r6, #5]
100054ba:	f818 2b01 	ldrb.w	r2, [r8], #1
100054be:	429a      	cmp	r2, r3
100054c0:	d1f8      	bne.n	100054b4 <cdcd_xfer_cb+0xb4>
100054c2:	4808      	ldr	r0, [pc, #32]	@ (100054e4 <cdcd_xfer_cb+0xe4>)
100054c4:	f000 fb36 	bl	10005b34 <tu_fifo_empty>
100054c8:	2800      	cmp	r0, #0
100054ca:	d1f3      	bne.n	100054b4 <cdcd_xfer_cb+0xb4>
100054cc:	7971      	ldrb	r1, [r6, #5]
100054ce:	f3af 8000 	nop.w
100054d2:	e7ef      	b.n	100054b4 <cdcd_xfer_cb+0xb4>
100054d4:	f3af 8000 	nop.w
100054d8:	e7ae      	b.n	10005438 <cdcd_xfer_cb+0x38>
100054da:	bf00      	nop
100054dc:	20001b50 	.word	0x20001b50
100054e0:	00000000 	.word	0x00000000
100054e4:	20001b60 	.word	0x20001b60
100054e8:	00000000 	.word	0x00000000
100054ec:	20001b74 	.word	0x20001b74
100054f0:	20001acc 	.word	0x20001acc
100054f4:	00000000 	.word	0x00000000

100054f8 <vendord_init>:
100054f8:	b5f0      	push	{r4, r5, r6, r7, lr}
100054fa:	f44f 7213 	mov.w	r2, #588	@ 0x24c
100054fe:	b085      	sub	sp, #20
10005500:	2100      	movs	r1, #0
10005502:	4812      	ldr	r0, [pc, #72]	@ (1000554c <vendord_init+0x54>)
10005504:	f002 ffa8 	bl	10008458 <memset>
10005508:	2640      	movs	r6, #64	@ 0x40
1000550a:	2300      	movs	r3, #0
1000550c:	f44f 7580 	mov.w	r5, #256	@ 0x100
10005510:	4f0e      	ldr	r7, [pc, #56]	@ (1000554c <vendord_init+0x54>)
10005512:	4c0f      	ldr	r4, [pc, #60]	@ (10005550 <vendord_init+0x58>)
10005514:	f507 72a6 	add.w	r2, r7, #332	@ 0x14c
10005518:	4619      	mov	r1, r3
1000551a:	e9cd 4602 	strd	r4, r6, [sp, #8]
1000551e:	9200      	str	r2, [sp, #0]
10005520:	9501      	str	r5, [sp, #4]
10005522:	461a      	mov	r2, r3
10005524:	f507 7094 	add.w	r0, r7, #296	@ 0x128
10005528:	f000 f9c6 	bl	100058b8 <tu_edpt_stream_init>
1000552c:	2300      	movs	r3, #0
1000552e:	4638      	mov	r0, r7
10005530:	f107 0128 	add.w	r1, r7, #40	@ 0x28
10005534:	4434      	add	r4, r6
10005536:	9100      	str	r1, [sp, #0]
10005538:	2201      	movs	r2, #1
1000553a:	4619      	mov	r1, r3
1000553c:	e9cd 4602 	strd	r4, r6, [sp, #8]
10005540:	9501      	str	r5, [sp, #4]
10005542:	3004      	adds	r0, #4
10005544:	f000 f9b8 	bl	100058b8 <tu_edpt_stream_init>
10005548:	b005      	add	sp, #20
1000554a:	bdf0      	pop	{r4, r5, r6, r7, pc}
1000554c:	20001e34 	.word	0x20001e34
10005550:	20001db4 	.word	0x20001db4

10005554 <vendord_deinit>:
10005554:	b508      	push	{r3, lr}
10005556:	4805      	ldr	r0, [pc, #20]	@ (1000556c <vendord_deinit+0x18>)
10005558:	f000 f9da 	bl	10005910 <tu_edpt_stream_deinit>
1000555c:	4b03      	ldr	r3, [pc, #12]	@ (1000556c <vendord_deinit+0x18>)
1000555e:	f5a3 7092 	sub.w	r0, r3, #292	@ 0x124
10005562:	f000 f9d5 	bl	10005910 <tu_edpt_stream_deinit>
10005566:	2001      	movs	r0, #1
10005568:	bd08      	pop	{r3, pc}
1000556a:	bf00      	nop
1000556c:	20001f5c 	.word	0x20001f5c

10005570 <vendord_reset>:
10005570:	b538      	push	{r3, r4, r5, lr}
10005572:	2500      	movs	r5, #0
10005574:	4c06      	ldr	r4, [pc, #24]	@ (10005590 <vendord_reset+0x20>)
10005576:	f504 7098 	add.w	r0, r4, #304	@ 0x130
1000557a:	7025      	strb	r5, [r4, #0]
1000557c:	f000 fcac 	bl	10005ed8 <tu_fifo_clear>
10005580:	f104 000c 	add.w	r0, r4, #12
10005584:	f000 fca8 	bl	10005ed8 <tu_fifo_clear>
10005588:	f884 5129 	strb.w	r5, [r4, #297]	@ 0x129
1000558c:	7165      	strb	r5, [r4, #5]
1000558e:	bd38      	pop	{r3, r4, r5, pc}
10005590:	20001e34 	.word	0x20001e34

10005594 <vendord_open>:
10005594:	e92d 43f8 	stmdb	sp!, {r3, r4, r5, r6, r7, r8, r9, lr}
10005598:	794b      	ldrb	r3, [r1, #5]
1000559a:	2bff      	cmp	r3, #255	@ 0xff
1000559c:	d151      	bne.n	10005642 <vendord_open+0xae>
1000559e:	4e35      	ldr	r6, [pc, #212]	@ (10005674 <vendord_open+0xe0>)
100055a0:	f896 3129 	ldrb.w	r3, [r6, #297]	@ 0x129
100055a4:	2b00      	cmp	r3, #0
100055a6:	d14c      	bne.n	10005642 <vendord_open+0xae>
100055a8:	f896 8005 	ldrb.w	r8, [r6, #5]
100055ac:	f1b8 0f00 	cmp.w	r8, #0
100055b0:	d147      	bne.n	10005642 <vendord_open+0xae>
100055b2:	788b      	ldrb	r3, [r1, #2]
100055b4:	780c      	ldrb	r4, [r1, #0]
100055b6:	7033      	strb	r3, [r6, #0]
100055b8:	790b      	ldrb	r3, [r1, #4]
100055ba:	460f      	mov	r7, r1
100055bc:	440c      	add	r4, r1
100055be:	b3ab      	cbz	r3, 1000562c <vendord_open+0x98>
100055c0:	4681      	mov	r9, r0
100055c2:	18a5      	adds	r5, r4, r2
100055c4:	e003      	b.n	100055ce <vendord_open+0x3a>
100055c6:	42a5      	cmp	r5, r4
100055c8:	d930      	bls.n	1000562c <vendord_open+0x98>
100055ca:	7823      	ldrb	r3, [r4, #0]
100055cc:	441c      	add	r4, r3
100055ce:	7863      	ldrb	r3, [r4, #1]
100055d0:	2b05      	cmp	r3, #5
100055d2:	d1f8      	bne.n	100055c6 <vendord_open+0x32>
100055d4:	42ac      	cmp	r4, r5
100055d6:	d229      	bcs.n	1000562c <vendord_open+0x98>
100055d8:	4621      	mov	r1, r4
100055da:	4648      	mov	r0, r9
100055dc:	f7ff fb3a 	bl	10004c54 <usbd_edpt_open>
100055e0:	b340      	cbz	r0, 10005634 <vendord_open+0xa0>
100055e2:	78a3      	ldrb	r3, [r4, #2]
100055e4:	09db      	lsrs	r3, r3, #7
100055e6:	d12f      	bne.n	10005648 <vendord_open+0xb4>
100055e8:	4823      	ldr	r0, [pc, #140]	@ (10005678 <vendord_open+0xe4>)
100055ea:	f000 fc75 	bl	10005ed8 <tu_fifo_clear>
100055ee:	78a3      	ldrb	r3, [r4, #2]
100055f0:	f896 2128 	ldrb.w	r2, [r6, #296]	@ 0x128
100055f4:	f886 3129 	strb.w	r3, [r6, #297]	@ 0x129
100055f8:	88a3      	ldrh	r3, [r4, #4]
100055fa:	4648      	mov	r0, r9
100055fc:	f3c3 030a 	ubfx	r3, r3, #0, #11
10005600:	f5a3 7300 	sub.w	r3, r3, #512	@ 0x200
10005604:	fab3 f383 	clz	r3, r3
10005608:	095b      	lsrs	r3, r3, #5
1000560a:	f363 0241 	bfi	r2, r3, #1, #1
1000560e:	491b      	ldr	r1, [pc, #108]	@ (1000567c <vendord_open+0xe8>)
10005610:	f886 2128 	strb.w	r2, [r6, #296]	@ 0x128
10005614:	f000 f9ea 	bl	100059ec <tu_edpt_stream_read_xfer>
10005618:	b160      	cbz	r0, 10005634 <vendord_open+0xa0>
1000561a:	7823      	ldrb	r3, [r4, #0]
1000561c:	793a      	ldrb	r2, [r7, #4]
1000561e:	f108 0801 	add.w	r8, r8, #1
10005622:	441c      	add	r4, r3
10005624:	fa5f f388 	uxtb.w	r3, r8
10005628:	429a      	cmp	r2, r3
1000562a:	d8d0      	bhi.n	100055ce <vendord_open+0x3a>
1000562c:	1be1      	subs	r1, r4, r7
1000562e:	b288      	uxth	r0, r1
10005630:	e8bd 83f8 	ldmia.w	sp!, {r3, r4, r5, r6, r7, r8, r9, pc}
10005634:	f04f 23e0 	mov.w	r3, #3758153728	@ 0xe000e000
10005638:	f8d3 3df0 	ldr.w	r3, [r3, #3568]	@ 0xdf0
1000563c:	07db      	lsls	r3, r3, #31
1000563e:	d500      	bpl.n	10005642 <vendord_open+0xae>
10005640:	be00      	bkpt	0x0000
10005642:	2000      	movs	r0, #0
10005644:	e8bd 83f8 	ldmia.w	sp!, {r3, r4, r5, r6, r7, r8, r9, pc}
10005648:	480d      	ldr	r0, [pc, #52]	@ (10005680 <vendord_open+0xec>)
1000564a:	f000 fc45 	bl	10005ed8 <tu_fifo_clear>
1000564e:	78a3      	ldrb	r3, [r4, #2]
10005650:	7932      	ldrb	r2, [r6, #4]
10005652:	7173      	strb	r3, [r6, #5]
10005654:	88a3      	ldrh	r3, [r4, #4]
10005656:	490b      	ldr	r1, [pc, #44]	@ (10005684 <vendord_open+0xf0>)
10005658:	f3c3 030a 	ubfx	r3, r3, #0, #11
1000565c:	f5a3 7300 	sub.w	r3, r3, #512	@ 0x200
10005660:	fab3 f383 	clz	r3, r3
10005664:	095b      	lsrs	r3, r3, #5
10005666:	f363 0241 	bfi	r2, r3, #1, #1
1000566a:	2000      	movs	r0, #0
1000566c:	7132      	strb	r2, [r6, #4]
1000566e:	f000 f985 	bl	1000597c <tu_edpt_stream_write_xfer>
10005672:	e7d2      	b.n	1000561a <vendord_open+0x86>
10005674:	20001e34 	.word	0x20001e34
10005678:	20001f64 	.word	0x20001f64
1000567c:	20001f5c 	.word	0x20001f5c
10005680:	20001e40 	.word	0x20001e40
10005684:	20001e38 	.word	0x20001e38

10005688 <vendord_xfer_cb>:
10005688:	b570      	push	{r4, r5, r6, lr}
1000568a:	4c1b      	ldr	r4, [pc, #108]	@ (100056f8 <vendord_xfer_cb+0x70>)
1000568c:	4606      	mov	r6, r0
1000568e:	f894 c129 	ldrb.w	ip, [r4, #297]	@ 0x129
10005692:	461d      	mov	r5, r3
10005694:	458c      	cmp	ip, r1
10005696:	d011      	beq.n	100056bc <vendord_xfer_cb+0x34>
10005698:	7963      	ldrb	r3, [r4, #5]
1000569a:	428b      	cmp	r3, r1
1000569c:	d001      	beq.n	100056a2 <vendord_xfer_cb+0x1a>
1000569e:	2000      	movs	r0, #0
100056a0:	bd70      	pop	{r4, r5, r6, pc}
100056a2:	4b16      	ldr	r3, [pc, #88]	@ (100056fc <vendord_xfer_cb+0x74>)
100056a4:	b11b      	cbz	r3, 100056ae <vendord_xfer_cb+0x26>
100056a6:	2000      	movs	r0, #0
100056a8:	b2a9      	uxth	r1, r5
100056aa:	f3af 8000 	nop.w
100056ae:	4630      	mov	r0, r6
100056b0:	4913      	ldr	r1, [pc, #76]	@ (10005700 <vendord_xfer_cb+0x78>)
100056b2:	f000 f963 	bl	1000597c <tu_edpt_stream_write_xfer>
100056b6:	b1c8      	cbz	r0, 100056ec <vendord_xfer_cb+0x64>
100056b8:	2001      	movs	r0, #1
100056ba:	bd70      	pop	{r4, r5, r6, pc}
100056bc:	f8b4 3134 	ldrh.w	r3, [r4, #308]	@ 0x134
100056c0:	b963      	cbnz	r3, 100056dc <vendord_xfer_cb+0x54>
100056c2:	4b10      	ldr	r3, [pc, #64]	@ (10005704 <vendord_xfer_cb+0x7c>)
100056c4:	b123      	cbz	r3, 100056d0 <vendord_xfer_cb+0x48>
100056c6:	2000      	movs	r0, #0
100056c8:	490f      	ldr	r1, [pc, #60]	@ (10005708 <vendord_xfer_cb+0x80>)
100056ca:	b2aa      	uxth	r2, r5
100056cc:	f3af 8000 	nop.w
100056d0:	4630      	mov	r0, r6
100056d2:	490e      	ldr	r1, [pc, #56]	@ (1000570c <vendord_xfer_cb+0x84>)
100056d4:	f000 f98a 	bl	100059ec <tu_edpt_stream_read_xfer>
100056d8:	2001      	movs	r0, #1
100056da:	e7ee      	b.n	100056ba <vendord_xfer_cb+0x32>
100056dc:	f8d4 112c 	ldr.w	r1, [r4, #300]	@ 0x12c
100056e0:	b2aa      	uxth	r2, r5
100056e2:	f504 7098 	add.w	r0, r4, #304	@ 0x130
100056e6:	f000 fb49 	bl	10005d7c <tu_fifo_write_n>
100056ea:	e7ea      	b.n	100056c2 <vendord_xfer_cb+0x3a>
100056ec:	462a      	mov	r2, r5
100056ee:	4630      	mov	r0, r6
100056f0:	4903      	ldr	r1, [pc, #12]	@ (10005700 <vendord_xfer_cb+0x78>)
100056f2:	f000 f90f 	bl	10005914 <tu_edpt_stream_write_zlp_if_needed>
100056f6:	e7df      	b.n	100056b8 <vendord_xfer_cb+0x30>
100056f8:	20001e34 	.word	0x20001e34
100056fc:	00000000 	.word	0x00000000
10005700:	20001e38 	.word	0x20001e38
10005704:	00000000 	.word	0x00000000
10005708:	20001db4 	.word	0x20001db4
1000570c:	20001f5c 	.word	0x20001f5c

10005710 <tusb_rhport_init>:
10005710:	b510      	push	{r4, lr}
10005712:	b082      	sub	sp, #8
10005714:	b1c9      	cbz	r1, 1000574a <tusb_rhport_init+0x3a>
10005716:	2801      	cmp	r0, #1
10005718:	d80c      	bhi.n	10005734 <tusb_rhport_init+0x24>
1000571a:	780b      	ldrb	r3, [r1, #0]
1000571c:	b153      	cbz	r3, 10005734 <tusb_rhport_init+0x24>
1000571e:	4c14      	ldr	r4, [pc, #80]	@ (10005770 <tusb_rhport_init+0x60>)
10005720:	2b01      	cmp	r3, #1
10005722:	5423      	strb	r3, [r4, r0]
10005724:	d002      	beq.n	1000572c <tusb_rhport_init+0x1c>
10005726:	2001      	movs	r0, #1
10005728:	b002      	add	sp, #8
1000572a:	bd10      	pop	{r4, pc}
1000572c:	f7fe fe08 	bl	10004340 <tud_rhport_init>
10005730:	2800      	cmp	r0, #0
10005732:	d1f8      	bne.n	10005726 <tusb_rhport_init+0x16>
10005734:	f04f 23e0 	mov.w	r3, #3758153728	@ 0xe000e000
10005738:	f8d3 3df0 	ldr.w	r3, [r3, #3568]	@ 0xdf0
1000573c:	07db      	lsls	r3, r3, #31
1000573e:	d402      	bmi.n	10005746 <tusb_rhport_init+0x36>
10005740:	2000      	movs	r0, #0
10005742:	b002      	add	sp, #8
10005744:	bd10      	pop	{r4, pc}
10005746:	be00      	bkpt	0x0000
10005748:	e7fa      	b.n	10005740 <tusb_rhport_init+0x30>
1000574a:	2401      	movs	r4, #1
1000574c:	4608      	mov	r0, r1
1000574e:	a901      	add	r1, sp, #4
10005750:	f8ad 4004 	strh.w	r4, [sp, #4]
10005754:	f7fe fdf4 	bl	10004340 <tud_rhport_init>
10005758:	b938      	cbnz	r0, 1000576a <tusb_rhport_init+0x5a>
1000575a:	f04f 23e0 	mov.w	r3, #3758153728	@ 0xe000e000
1000575e:	f8d3 3df0 	ldr.w	r3, [r3, #3568]	@ 0xdf0
10005762:	07da      	lsls	r2, r3, #31
10005764:	d5ed      	bpl.n	10005742 <tusb_rhport_init+0x32>
10005766:	be00      	bkpt	0x0000
10005768:	e7eb      	b.n	10005742 <tusb_rhport_init+0x32>
1000576a:	4b01      	ldr	r3, [pc, #4]	@ (10005770 <tusb_rhport_init+0x60>)
1000576c:	701c      	strb	r4, [r3, #0]
1000576e:	e7e8      	b.n	10005742 <tusb_rhport_init+0x32>
10005770:	20001c8c 	.word	0x20001c8c

10005774 <tu_edpt_claim>:
10005774:	b5f8      	push	{r3, r4, r5, r6, r7, lr}
10005776:	7803      	ldrb	r3, [r0, #0]
10005778:	f013 0401 	ands.w	r4, r3, #1
1000577c:	d11a      	bne.n	100057b4 <tu_edpt_claim+0x40>
1000577e:	7803      	ldrb	r3, [r0, #0]
10005780:	4605      	mov	r5, r0
10005782:	075a      	lsls	r2, r3, #29
10005784:	f3c3 0780 	ubfx	r7, r3, #2, #1
10005788:	d501      	bpl.n	1000578e <tu_edpt_claim+0x1a>
1000578a:	4620      	mov	r0, r4
1000578c:	bdf8      	pop	{r3, r4, r5, r6, r7, pc}
1000578e:	460e      	mov	r6, r1
10005790:	f04f 31ff 	mov.w	r1, #4294967295
10005794:	4630      	mov	r0, r6
10005796:	f003 f8cf 	bl	10008938 <__mutex_enter_timeout_ms_veneer>
1000579a:	782b      	ldrb	r3, [r5, #0]
1000579c:	f013 0401 	ands.w	r4, r3, #1
100057a0:	d10b      	bne.n	100057ba <tu_edpt_claim+0x46>
100057a2:	782b      	ldrb	r3, [r5, #0]
100057a4:	075b      	lsls	r3, r3, #29
100057a6:	d409      	bmi.n	100057bc <tu_edpt_claim+0x48>
100057a8:	782b      	ldrb	r3, [r5, #0]
100057aa:	2401      	movs	r4, #1
100057ac:	f043 0304 	orr.w	r3, r3, #4
100057b0:	702b      	strb	r3, [r5, #0]
100057b2:	e003      	b.n	100057bc <tu_edpt_claim+0x48>
100057b4:	2400      	movs	r4, #0
100057b6:	4620      	mov	r0, r4
100057b8:	bdf8      	pop	{r3, r4, r5, r6, r7, pc}
100057ba:	463c      	mov	r4, r7
100057bc:	4630      	mov	r0, r6
100057be:	f003 f8cf 	bl	10008960 <__mutex_exit_veneer>
100057c2:	4620      	mov	r0, r4
100057c4:	bdf8      	pop	{r3, r4, r5, r6, r7, pc}
100057c6:	bf00      	nop

100057c8 <tu_edpt_release>:
100057c8:	b570      	push	{r4, r5, r6, lr}
100057ca:	460c      	mov	r4, r1
100057cc:	4605      	mov	r5, r0
100057ce:	f04f 31ff 	mov.w	r1, #4294967295
100057d2:	4620      	mov	r0, r4
100057d4:	f003 f8b0 	bl	10008938 <__mutex_enter_timeout_ms_veneer>
100057d8:	782b      	ldrb	r3, [r5, #0]
100057da:	f3c3 0680 	ubfx	r6, r3, #2, #1
100057de:	075b      	lsls	r3, r3, #29
100057e0:	d508      	bpl.n	100057f4 <tu_edpt_release+0x2c>
100057e2:	782b      	ldrb	r3, [r5, #0]
100057e4:	f013 0301 	ands.w	r3, r3, #1
100057e8:	bf11      	iteee	ne
100057ea:	2600      	movne	r6, #0
100057ec:	782a      	ldrbeq	r2, [r5, #0]
100057ee:	f363 0282 	bfieq	r2, r3, #2, #1
100057f2:	702a      	strbeq	r2, [r5, #0]
100057f4:	4620      	mov	r0, r4
100057f6:	f003 f8b3 	bl	10008960 <__mutex_exit_veneer>
100057fa:	4630      	mov	r0, r6
100057fc:	bd70      	pop	{r4, r5, r6, pc}
100057fe:	bf00      	nop

10005800 <tu_edpt_validate>:
10005800:	78c3      	ldrb	r3, [r0, #3]
10005802:	8882      	ldrh	r2, [r0, #4]
10005804:	f003 0003 	and.w	r0, r3, #3
10005808:	2802      	cmp	r0, #2
1000580a:	f3c2 020a 	ubfx	r2, r2, #0, #11
1000580e:	d015      	beq.n	1000583c <tu_edpt_validate+0x3c>
10005810:	2803      	cmp	r0, #3
10005812:	d00a      	beq.n	1000582a <tu_edpt_validate+0x2a>
10005814:	2801      	cmp	r0, #1
10005816:	d11c      	bne.n	10005852 <tu_edpt_validate+0x52>
10005818:	2902      	cmp	r1, #2
1000581a:	f240 33ff 	movw	r3, #1023	@ 0x3ff
1000581e:	bf08      	it	eq
10005820:	f44f 6380 	moveq.w	r3, #1024	@ 0x400
10005824:	4293      	cmp	r3, r2
10005826:	d30d      	bcc.n	10005844 <tu_edpt_validate+0x44>
10005828:	4770      	bx	lr
1000582a:	2902      	cmp	r1, #2
1000582c:	bf14      	ite	ne
1000582e:	2340      	movne	r3, #64	@ 0x40
10005830:	f44f 6380 	moveq.w	r3, #1024	@ 0x400
10005834:	4293      	cmp	r3, r2
10005836:	d305      	bcc.n	10005844 <tu_edpt_validate+0x44>
10005838:	2001      	movs	r0, #1
1000583a:	4770      	bx	lr
1000583c:	2902      	cmp	r1, #2
1000583e:	d00a      	beq.n	10005856 <tu_edpt_validate+0x56>
10005840:	2a40      	cmp	r2, #64	@ 0x40
10005842:	d9f9      	bls.n	10005838 <tu_edpt_validate+0x38>
10005844:	f04f 23e0 	mov.w	r3, #3758153728	@ 0xe000e000
10005848:	f8d3 3df0 	ldr.w	r3, [r3, #3568]	@ 0xdf0
1000584c:	07db      	lsls	r3, r3, #31
1000584e:	d500      	bpl.n	10005852 <tu_edpt_validate+0x52>
10005850:	be00      	bkpt	0x0000
10005852:	2000      	movs	r0, #0
10005854:	4770      	bx	lr
10005856:	f5b2 7f00 	cmp.w	r2, #512	@ 0x200
1000585a:	d0ed      	beq.n	10005838 <tu_edpt_validate+0x38>
1000585c:	e7f2      	b.n	10005844 <tu_edpt_validate+0x44>
1000585e:	bf00      	nop

10005860 <tu_edpt_bind_driver>:
10005860:	440a      	add	r2, r1
10005862:	4291      	cmp	r1, r2
10005864:	d226      	bcs.n	100058b4 <tu_edpt_bind_driver+0x54>
10005866:	f891 c001 	ldrb.w	ip, [r1, #1]
1000586a:	f1bc 0f05 	cmp.w	ip, #5
1000586e:	d005      	beq.n	1000587c <tu_edpt_bind_driver+0x1c>
10005870:	f891 c000 	ldrb.w	ip, [r1]
10005874:	4461      	add	r1, ip
10005876:	428a      	cmp	r2, r1
10005878:	d8f5      	bhi.n	10005866 <tu_edpt_bind_driver+0x6>
1000587a:	4770      	bx	lr
1000587c:	b500      	push	{lr}
1000587e:	f891 c002 	ldrb.w	ip, [r1, #2]
10005882:	f00c 0e7f 	and.w	lr, ip, #127	@ 0x7f
10005886:	eb00 0e4e 	add.w	lr, r0, lr, lsl #1
1000588a:	ea4f 1cdc 	mov.w	ip, ip, lsr #7
1000588e:	f80e 300c 	strb.w	r3, [lr, ip]
10005892:	f891 c000 	ldrb.w	ip, [r1]
10005896:	4461      	add	r1, ip
10005898:	428a      	cmp	r2, r1
1000589a:	d909      	bls.n	100058b0 <tu_edpt_bind_driver+0x50>
1000589c:	f891 c001 	ldrb.w	ip, [r1, #1]
100058a0:	f1bc 0f05 	cmp.w	ip, #5
100058a4:	d0eb      	beq.n	1000587e <tu_edpt_bind_driver+0x1e>
100058a6:	f891 c000 	ldrb.w	ip, [r1]
100058aa:	4461      	add	r1, ip
100058ac:	428a      	cmp	r2, r1
100058ae:	d8f5      	bhi.n	1000589c <tu_edpt_bind_driver+0x3c>
100058b0:	f85d fb04 	ldr.w	pc, [sp], #4
100058b4:	4770      	bx	lr
100058b6:	bf00      	nop

100058b8 <tu_edpt_stream_init>:
100058b8:	e92d 41f0 	stmdb	sp!, {r4, r5, r6, r7, r8, lr}
100058bc:	468e      	mov	lr, r1
100058be:	b082      	sub	sp, #8
100058c0:	9300      	str	r3, [sp, #0]
100058c2:	f890 c000 	ldrb.w	ip, [r0]
100058c6:	9e08      	ldr	r6, [sp, #32]
100058c8:	f8bd 7024 	ldrh.w	r7, [sp, #36]	@ 0x24
100058cc:	f36e 0c00 	bfi	ip, lr, #0, #1
100058d0:	4604      	mov	r4, r0
100058d2:	4615      	mov	r5, r2
100058d4:	2301      	movs	r3, #1
100058d6:	4631      	mov	r1, r6
100058d8:	463a      	mov	r2, r7
100058da:	f800 cb08 	strb.w	ip, [r0], #8
100058de:	f8bd 802c 	ldrh.w	r8, [sp, #44]	@ 0x2c
100058e2:	f000 f8e7 	bl	10005ab4 <tu_fifo_config>
100058e6:	b106      	cbz	r6, 100058ea <tu_edpt_stream_init+0x32>
100058e8:	b93f      	cbnz	r7, 100058fa <tu_edpt_stream_init+0x42>
100058ea:	2001      	movs	r0, #1
100058ec:	9b0a      	ldr	r3, [sp, #40]	@ 0x28
100058ee:	f8a4 8002 	strh.w	r8, [r4, #2]
100058f2:	6063      	str	r3, [r4, #4]
100058f4:	b002      	add	sp, #8
100058f6:	e8bd 81f0 	ldmia.w	sp!, {r4, r5, r6, r7, r8, pc}
100058fa:	f104 061c 	add.w	r6, r4, #28
100058fe:	4630      	mov	r0, r6
10005900:	f7fb f9de 	bl	10000cc0 <mutex_init>
10005904:	b10d      	cbz	r5, 1000590a <tu_edpt_stream_init+0x52>
10005906:	4635      	mov	r5, r6
10005908:	2600      	movs	r6, #0
1000590a:	e9c4 5605 	strd	r5, r6, [r4, #20]
1000590e:	e7ec      	b.n	100058ea <tu_edpt_stream_init+0x32>

10005910 <tu_edpt_stream_deinit>:
10005910:	2001      	movs	r0, #1
10005912:	4770      	bx	lr

10005914 <tu_edpt_stream_write_zlp_if_needed>:
10005914:	b5f8      	push	{r3, r4, r5, r6, r7, lr}
10005916:	4607      	mov	r7, r0
10005918:	4608      	mov	r0, r1
1000591a:	f240 13ff 	movw	r3, #511	@ 0x1ff
1000591e:	4615      	mov	r5, r2
10005920:	f810 2b08 	ldrb.w	r2, [r0], #8
10005924:	460c      	mov	r4, r1
10005926:	f012 0f02 	tst.w	r2, #2
1000592a:	bf0c      	ite	eq
1000592c:	263f      	moveq	r6, #63	@ 0x3f
1000592e:	461e      	movne	r6, r3
10005930:	f000 f8f0 	bl	10005b14 <tu_fifo_count>
10005934:	b928      	cbnz	r0, 10005942 <tu_edpt_stream_write_zlp_if_needed+0x2e>
10005936:	b125      	cbz	r5, 10005942 <tu_edpt_stream_write_zlp_if_needed+0x2e>
10005938:	422e      	tst	r6, r5
1000593a:	d102      	bne.n	10005942 <tu_edpt_stream_write_zlp_if_needed+0x2e>
1000593c:	7823      	ldrb	r3, [r4, #0]
1000593e:	07da      	lsls	r2, r3, #31
10005940:	d501      	bpl.n	10005946 <tu_edpt_stream_write_zlp_if_needed+0x32>
10005942:	2000      	movs	r0, #0
10005944:	bdf8      	pop	{r3, r4, r5, r6, r7, pc}
10005946:	4638      	mov	r0, r7
10005948:	7861      	ldrb	r1, [r4, #1]
1000594a:	f7ff f9a5 	bl	10004c98 <usbd_edpt_claim>
1000594e:	2800      	cmp	r0, #0
10005950:	d0f7      	beq.n	10005942 <tu_edpt_stream_write_zlp_if_needed+0x2e>
10005952:	7823      	ldrb	r3, [r4, #0]
10005954:	f013 0301 	ands.w	r3, r3, #1
10005958:	d007      	beq.n	1000596a <tu_edpt_stream_write_zlp_if_needed+0x56>
1000595a:	f04f 23e0 	mov.w	r3, #3758153728	@ 0xe000e000
1000595e:	f8d3 3df0 	ldr.w	r3, [r3, #3568]	@ 0xdf0
10005962:	07db      	lsls	r3, r3, #31
10005964:	d5ed      	bpl.n	10005942 <tu_edpt_stream_write_zlp_if_needed+0x2e>
10005966:	be00      	bkpt	0x0000
10005968:	e7eb      	b.n	10005942 <tu_edpt_stream_write_zlp_if_needed+0x2e>
1000596a:	461a      	mov	r2, r3
1000596c:	4638      	mov	r0, r7
1000596e:	7861      	ldrb	r1, [r4, #1]
10005970:	f7ff f9b6 	bl	10004ce0 <usbd_edpt_xfer>
10005974:	2800      	cmp	r0, #0
10005976:	d0f0      	beq.n	1000595a <tu_edpt_stream_write_zlp_if_needed+0x46>
10005978:	bdf8      	pop	{r3, r4, r5, r6, r7, pc}
1000597a:	bf00      	nop

1000597c <tu_edpt_stream_write_xfer>:
1000597c:	b570      	push	{r4, r5, r6, lr}
1000597e:	f101 0508 	add.w	r5, r1, #8
10005982:	4606      	mov	r6, r0
10005984:	4628      	mov	r0, r5
10005986:	460c      	mov	r4, r1
10005988:	f000 f8c4 	bl	10005b14 <tu_fifo_count>
1000598c:	b110      	cbz	r0, 10005994 <tu_edpt_stream_write_xfer+0x18>
1000598e:	7823      	ldrb	r3, [r4, #0]
10005990:	07da      	lsls	r2, r3, #31
10005992:	d501      	bpl.n	10005998 <tu_edpt_stream_write_xfer+0x1c>
10005994:	2000      	movs	r0, #0
10005996:	bd70      	pop	{r4, r5, r6, pc}
10005998:	4630      	mov	r0, r6
1000599a:	7861      	ldrb	r1, [r4, #1]
1000599c:	f7ff f97c 	bl	10004c98 <usbd_edpt_claim>
100059a0:	2800      	cmp	r0, #0
100059a2:	d0f7      	beq.n	10005994 <tu_edpt_stream_write_xfer+0x18>
100059a4:	4628      	mov	r0, r5
100059a6:	8862      	ldrh	r2, [r4, #2]
100059a8:	6861      	ldr	r1, [r4, #4]
100059aa:	f000 f929 	bl	10005c00 <tu_fifo_read_n>
100059ae:	7823      	ldrb	r3, [r4, #0]
100059b0:	4605      	mov	r5, r0
100059b2:	f003 0301 	and.w	r3, r3, #1
100059b6:	b140      	cbz	r0, 100059ca <tu_edpt_stream_write_xfer+0x4e>
100059b8:	b173      	cbz	r3, 100059d8 <tu_edpt_stream_write_xfer+0x5c>
100059ba:	f04f 23e0 	mov.w	r3, #3758153728	@ 0xe000e000
100059be:	f8d3 3df0 	ldr.w	r3, [r3, #3568]	@ 0xdf0
100059c2:	07db      	lsls	r3, r3, #31
100059c4:	d5e6      	bpl.n	10005994 <tu_edpt_stream_write_xfer+0x18>
100059c6:	be00      	bkpt	0x0000
100059c8:	e7e4      	b.n	10005994 <tu_edpt_stream_write_xfer+0x18>
100059ca:	2b00      	cmp	r3, #0
100059cc:	d1e2      	bne.n	10005994 <tu_edpt_stream_write_xfer+0x18>
100059ce:	4630      	mov	r0, r6
100059d0:	7861      	ldrb	r1, [r4, #1]
100059d2:	f7ff f973 	bl	10004cbc <usbd_edpt_release>
100059d6:	e7dd      	b.n	10005994 <tu_edpt_stream_write_xfer+0x18>
100059d8:	4603      	mov	r3, r0
100059da:	6862      	ldr	r2, [r4, #4]
100059dc:	4630      	mov	r0, r6
100059de:	7861      	ldrb	r1, [r4, #1]
100059e0:	f7ff f97e 	bl	10004ce0 <usbd_edpt_xfer>
100059e4:	2800      	cmp	r0, #0
100059e6:	d0e8      	beq.n	100059ba <tu_edpt_stream_write_xfer+0x3e>
100059e8:	4628      	mov	r0, r5
100059ea:	bd70      	pop	{r4, r5, r6, pc}

100059ec <tu_edpt_stream_read_xfer>:
100059ec:	898a      	ldrh	r2, [r1, #12]
100059ee:	e92d 41f0 	stmdb	sp!, {r4, r5, r6, r7, r8, lr}
100059f2:	780b      	ldrb	r3, [r1, #0]
100059f4:	460c      	mov	r4, r1
100059f6:	4606      	mov	r6, r0
100059f8:	b922      	cbnz	r2, 10005a04 <tu_edpt_stream_read_xfer+0x18>
100059fa:	07dd      	lsls	r5, r3, #31
100059fc:	d534      	bpl.n	10005a68 <tu_edpt_stream_read_xfer+0x7c>
100059fe:	2000      	movs	r0, #0
10005a00:	e8bd 81f0 	ldmia.w	sp!, {r4, r5, r6, r7, r8, pc}
10005a04:	f104 0708 	add.w	r7, r4, #8
10005a08:	0799      	lsls	r1, r3, #30
10005a0a:	4638      	mov	r0, r7
10005a0c:	bf47      	ittee	mi
10005a0e:	f44f 487e 	movmi.w	r8, #65024	@ 0xfe00
10005a12:	f44f 7500 	movmi.w	r5, #512	@ 0x200
10005a16:	f64f 78c0 	movwpl	r8, #65472	@ 0xffc0
10005a1a:	2540      	movpl	r5, #64	@ 0x40
10005a1c:	f000 f894 	bl	10005b48 <tu_fifo_remaining>
10005a20:	4285      	cmp	r5, r0
10005a22:	d8ec      	bhi.n	100059fe <tu_edpt_stream_read_xfer+0x12>
10005a24:	7823      	ldrb	r3, [r4, #0]
10005a26:	07da      	lsls	r2, r3, #31
10005a28:	d4e9      	bmi.n	100059fe <tu_edpt_stream_read_xfer+0x12>
10005a2a:	4630      	mov	r0, r6
10005a2c:	7861      	ldrb	r1, [r4, #1]
10005a2e:	f7ff f933 	bl	10004c98 <usbd_edpt_claim>
10005a32:	2800      	cmp	r0, #0
10005a34:	d0e3      	beq.n	100059fe <tu_edpt_stream_read_xfer+0x12>
10005a36:	4638      	mov	r0, r7
10005a38:	f000 f886 	bl	10005b48 <tu_fifo_remaining>
10005a3c:	7823      	ldrb	r3, [r4, #0]
10005a3e:	4285      	cmp	r5, r0
10005a40:	f003 0301 	and.w	r3, r3, #1
10005a44:	d82d      	bhi.n	10005aa2 <tu_edpt_stream_read_xfer+0xb6>
10005a46:	b9bb      	cbnz	r3, 10005a78 <tu_edpt_stream_read_xfer+0x8c>
10005a48:	8865      	ldrh	r5, [r4, #2]
10005a4a:	ea08 0800 	and.w	r8, r8, r0
10005a4e:	4545      	cmp	r5, r8
10005a50:	bf28      	it	cs
10005a52:	4645      	movcs	r5, r8
10005a54:	7861      	ldrb	r1, [r4, #1]
10005a56:	b35d      	cbz	r5, 10005ab0 <tu_edpt_stream_read_xfer+0xc4>
10005a58:	6862      	ldr	r2, [r4, #4]
10005a5a:	462b      	mov	r3, r5
10005a5c:	4630      	mov	r0, r6
10005a5e:	f7ff f93f 	bl	10004ce0 <usbd_edpt_xfer>
10005a62:	b148      	cbz	r0, 10005a78 <tu_edpt_stream_read_xfer+0x8c>
10005a64:	4628      	mov	r0, r5
10005a66:	e7cb      	b.n	10005a00 <tu_edpt_stream_read_xfer+0x14>
10005a68:	7849      	ldrb	r1, [r1, #1]
10005a6a:	f7ff f915 	bl	10004c98 <usbd_edpt_claim>
10005a6e:	2800      	cmp	r0, #0
10005a70:	d0c5      	beq.n	100059fe <tu_edpt_stream_read_xfer+0x12>
10005a72:	7823      	ldrb	r3, [r4, #0]
10005a74:	07d8      	lsls	r0, r3, #31
10005a76:	d507      	bpl.n	10005a88 <tu_edpt_stream_read_xfer+0x9c>
10005a78:	f04f 23e0 	mov.w	r3, #3758153728	@ 0xe000e000
10005a7c:	f8d3 3df0 	ldr.w	r3, [r3, #3568]	@ 0xdf0
10005a80:	07db      	lsls	r3, r3, #31
10005a82:	d5bc      	bpl.n	100059fe <tu_edpt_stream_read_xfer+0x12>
10005a84:	be00      	bkpt	0x0000
10005a86:	e7ba      	b.n	100059fe <tu_edpt_stream_read_xfer+0x12>
10005a88:	8863      	ldrh	r3, [r4, #2]
10005a8a:	7861      	ldrb	r1, [r4, #1]
10005a8c:	b13b      	cbz	r3, 10005a9e <tu_edpt_stream_read_xfer+0xb2>
10005a8e:	6862      	ldr	r2, [r4, #4]
10005a90:	4630      	mov	r0, r6
10005a92:	f7ff f925 	bl	10004ce0 <usbd_edpt_xfer>
10005a96:	2800      	cmp	r0, #0
10005a98:	d0ee      	beq.n	10005a78 <tu_edpt_stream_read_xfer+0x8c>
10005a9a:	8860      	ldrh	r0, [r4, #2]
10005a9c:	e7b0      	b.n	10005a00 <tu_edpt_stream_read_xfer+0x14>
10005a9e:	461a      	mov	r2, r3
10005aa0:	e7f6      	b.n	10005a90 <tu_edpt_stream_read_xfer+0xa4>
10005aa2:	2b00      	cmp	r3, #0
10005aa4:	d1ab      	bne.n	100059fe <tu_edpt_stream_read_xfer+0x12>
10005aa6:	4630      	mov	r0, r6
10005aa8:	7861      	ldrb	r1, [r4, #1]
10005aaa:	f7ff f907 	bl	10004cbc <usbd_edpt_release>
10005aae:	e7a6      	b.n	100059fe <tu_edpt_stream_read_xfer+0x12>
10005ab0:	462a      	mov	r2, r5
10005ab2:	e7d2      	b.n	10005a5a <tu_edpt_stream_read_xfer+0x6e>

10005ab4 <tu_fifo_config>:
10005ab4:	e92d 41f0 	stmdb	sp!, {r4, r5, r6, r7, r8, lr}
10005ab8:	f5b2 4f00 	cmp.w	r2, #32768	@ 0x8000
10005abc:	f89d 8018 	ldrb.w	r8, [sp, #24]
10005ac0:	d824      	bhi.n	10005b0c <tu_fifo_config+0x58>
10005ac2:	4604      	mov	r4, r0
10005ac4:	68c0      	ldr	r0, [r0, #12]
10005ac6:	4617      	mov	r7, r2
10005ac8:	460e      	mov	r6, r1
10005aca:	461d      	mov	r5, r3
10005acc:	b118      	cbz	r0, 10005ad6 <tu_fifo_config+0x22>
10005ace:	f04f 31ff 	mov.w	r1, #4294967295
10005ad2:	f002 ff31 	bl	10008938 <__mutex_enter_timeout_ms_veneer>
10005ad6:	6920      	ldr	r0, [r4, #16]
10005ad8:	b118      	cbz	r0, 10005ae2 <tu_fifo_config+0x2e>
10005ada:	f04f 31ff 	mov.w	r1, #4294967295
10005ade:	f002 ff2b 	bl	10008938 <__mutex_enter_timeout_ms_veneer>
10005ae2:	2200      	movs	r2, #0
10005ae4:	f3c5 030e 	ubfx	r3, r5, #0, #15
10005ae8:	68e0      	ldr	r0, [r4, #12]
10005aea:	ea43 33c8 	orr.w	r3, r3, r8, lsl #15
10005aee:	8162      	strh	r2, [r4, #10]
10005af0:	6026      	str	r6, [r4, #0]
10005af2:	80a7      	strh	r7, [r4, #4]
10005af4:	80e3      	strh	r3, [r4, #6]
10005af6:	8122      	strh	r2, [r4, #8]
10005af8:	b108      	cbz	r0, 10005afe <tu_fifo_config+0x4a>
10005afa:	f002 ff31 	bl	10008960 <__mutex_exit_veneer>
10005afe:	6920      	ldr	r0, [r4, #16]
10005b00:	b108      	cbz	r0, 10005b06 <tu_fifo_config+0x52>
10005b02:	f002 ff2d 	bl	10008960 <__mutex_exit_veneer>
10005b06:	2001      	movs	r0, #1
10005b08:	e8bd 81f0 	ldmia.w	sp!, {r4, r5, r6, r7, r8, pc}
10005b0c:	2000      	movs	r0, #0
10005b0e:	e8bd 81f0 	ldmia.w	sp!, {r4, r5, r6, r7, r8, pc}
10005b12:	bf00      	nop

10005b14 <tu_fifo_count>:
10005b14:	8903      	ldrh	r3, [r0, #8]
10005b16:	8942      	ldrh	r2, [r0, #10]
10005b18:	b29b      	uxth	r3, r3
10005b1a:	b292      	uxth	r2, r2
10005b1c:	8880      	ldrh	r0, [r0, #4]
10005b1e:	4293      	cmp	r3, r2
10005b20:	bf36      	itet	cc
10005b22:	ebc2 0240 	rsbcc	r2, r2, r0, lsl #1
10005b26:	1a9b      	subcs	r3, r3, r2
10005b28:	189b      	addcc	r3, r3, r2
10005b2a:	b29b      	uxth	r3, r3
10005b2c:	4298      	cmp	r0, r3
10005b2e:	bf28      	it	cs
10005b30:	4618      	movcs	r0, r3
10005b32:	4770      	bx	lr

10005b34 <tu_fifo_empty>:
10005b34:	8902      	ldrh	r2, [r0, #8]
10005b36:	8943      	ldrh	r3, [r0, #10]
10005b38:	b290      	uxth	r0, r2
10005b3a:	b29b      	uxth	r3, r3
10005b3c:	1ac0      	subs	r0, r0, r3
10005b3e:	fab0 f080 	clz	r0, r0
10005b42:	0940      	lsrs	r0, r0, #5
10005b44:	4770      	bx	lr
10005b46:	bf00      	nop

10005b48 <tu_fifo_remaining>:
10005b48:	8903      	ldrh	r3, [r0, #8]
10005b4a:	8942      	ldrh	r2, [r0, #10]
10005b4c:	b29b      	uxth	r3, r3
10005b4e:	8880      	ldrh	r0, [r0, #4]
10005b50:	b292      	uxth	r2, r2
10005b52:	4293      	cmp	r3, r2
10005b54:	bf36      	itet	cc
10005b56:	ebc2 0240 	rsbcc	r2, r2, r0, lsl #1
10005b5a:	1a9b      	subcs	r3, r3, r2
10005b5c:	189b      	addcc	r3, r3, r2
10005b5e:	b29b      	uxth	r3, r3
10005b60:	4298      	cmp	r0, r3
10005b62:	bf86      	itte	hi
10005b64:	1ac0      	subhi	r0, r0, r3
10005b66:	b280      	uxthhi	r0, r0
10005b68:	2000      	movls	r0, #0
10005b6a:	4770      	bx	lr

10005b6c <tu_fifo_read>:
10005b6c:	b538      	push	{r3, r4, r5, lr}
10005b6e:	4604      	mov	r4, r0
10005b70:	6900      	ldr	r0, [r0, #16]
10005b72:	460d      	mov	r5, r1
10005b74:	b118      	cbz	r0, 10005b7e <tu_fifo_read+0x12>
10005b76:	f04f 31ff 	mov.w	r1, #4294967295
10005b7a:	f002 fedd 	bl	10008938 <__mutex_enter_timeout_ms_veneer>
10005b7e:	8921      	ldrh	r1, [r4, #8]
10005b80:	8963      	ldrh	r3, [r4, #10]
10005b82:	b289      	uxth	r1, r1
10005b84:	b29b      	uxth	r3, r3
10005b86:	88a2      	ldrh	r2, [r4, #4]
10005b88:	4299      	cmp	r1, r3
10005b8a:	bf36      	itet	cc
10005b8c:	ebc3 0042 	rsbcc	r0, r3, r2, lsl #1
10005b90:	1ac8      	subcs	r0, r1, r3
10005b92:	1840      	addcc	r0, r0, r1
10005b94:	b280      	uxth	r0, r0
10005b96:	b350      	cbz	r0, 10005bee <tu_fifo_read+0x82>
10005b98:	4282      	cmp	r2, r0
10005b9a:	d209      	bcs.n	10005bb0 <tu_fifo_read+0x44>
10005b9c:	4291      	cmp	r1, r2
10005b9e:	bf2c      	ite	cs
10005ba0:	1a89      	subcs	r1, r1, r2
10005ba2:	1889      	addcc	r1, r1, r2
10005ba4:	b28b      	uxth	r3, r1
10005ba6:	429a      	cmp	r2, r3
10005ba8:	8163      	strh	r3, [r4, #10]
10005baa:	d803      	bhi.n	10005bb4 <tu_fifo_read+0x48>
10005bac:	1a9b      	subs	r3, r3, r2
10005bae:	b29b      	uxth	r3, r3
10005bb0:	429a      	cmp	r2, r3
10005bb2:	d9fb      	bls.n	10005bac <tu_fifo_read+0x40>
10005bb4:	88e2      	ldrh	r2, [r4, #6]
10005bb6:	6821      	ldr	r1, [r4, #0]
10005bb8:	f3c2 020e 	ubfx	r2, r2, #0, #15
10005bbc:	fb02 1103 	mla	r1, r2, r3, r1
10005bc0:	4628      	mov	r0, r5
10005bc2:	f002 fcc1 	bl	10008548 <memcpy>
10005bc6:	8961      	ldrh	r1, [r4, #10]
10005bc8:	2501      	movs	r5, #1
10005bca:	b289      	uxth	r1, r1
10005bcc:	1c4b      	adds	r3, r1, #1
10005bce:	b29b      	uxth	r3, r3
10005bd0:	4299      	cmp	r1, r3
10005bd2:	88a2      	ldrh	r2, [r4, #4]
10005bd4:	d90e      	bls.n	10005bf4 <tu_fifo_read+0x88>
10005bd6:	2300      	movs	r3, #0
10005bd8:	fa02 f105 	lsl.w	r1, r2, r5
10005bdc:	1a5b      	subs	r3, r3, r1
10005bde:	b29b      	uxth	r3, r3
10005be0:	6920      	ldr	r0, [r4, #16]
10005be2:	8163      	strh	r3, [r4, #10]
10005be4:	b108      	cbz	r0, 10005bea <tu_fifo_read+0x7e>
10005be6:	f002 febb 	bl	10008960 <__mutex_exit_veneer>
10005bea:	4628      	mov	r0, r5
10005bec:	bd38      	pop	{r3, r4, r5, pc}
10005bee:	4605      	mov	r5, r0
10005bf0:	8963      	ldrh	r3, [r4, #10]
10005bf2:	b29b      	uxth	r3, r3
10005bf4:	ebb3 0f42 	cmp.w	r3, r2, lsl #1
10005bf8:	ea4f 0142 	mov.w	r1, r2, lsl #1
10005bfc:	dbf0      	blt.n	10005be0 <tu_fifo_read+0x74>
10005bfe:	e7ed      	b.n	10005bdc <tu_fifo_read+0x70>

10005c00 <tu_fifo_read_n>:
10005c00:	e92d 47f0 	stmdb	sp!, {r4, r5, r6, r7, r8, r9, sl, lr}
10005c04:	4606      	mov	r6, r0
10005c06:	6900      	ldr	r0, [r0, #16]
10005c08:	4688      	mov	r8, r1
10005c0a:	4691      	mov	r9, r2
10005c0c:	b118      	cbz	r0, 10005c16 <tu_fifo_read_n+0x16>
10005c0e:	f04f 31ff 	mov.w	r1, #4294967295
10005c12:	f002 fe91 	bl	10008938 <__mutex_enter_timeout_ms_veneer>
10005c16:	8933      	ldrh	r3, [r6, #8]
10005c18:	8974      	ldrh	r4, [r6, #10]
10005c1a:	b29b      	uxth	r3, r3
10005c1c:	b2a4      	uxth	r4, r4
10005c1e:	88b5      	ldrh	r5, [r6, #4]
10005c20:	42a3      	cmp	r3, r4
10005c22:	bf36      	itet	cc
10005c24:	ebc4 0745 	rsbcc	r7, r4, r5, lsl #1
10005c28:	1b1f      	subcs	r7, r3, r4
10005c2a:	18ff      	addcc	r7, r7, r3
10005c2c:	b2bf      	uxth	r7, r7
10005c2e:	2f00      	cmp	r7, #0
10005c30:	d04a      	beq.n	10005cc8 <tu_fifo_read_n+0xc8>
10005c32:	42bd      	cmp	r5, r7
10005c34:	d340      	bcc.n	10005cb8 <tu_fifo_read_n+0xb8>
10005c36:	45b9      	cmp	r9, r7
10005c38:	bf28      	it	cs
10005c3a:	46b9      	movcs	r9, r7
10005c3c:	42a5      	cmp	r5, r4
10005c3e:	fa1f f789 	uxth.w	r7, r9
10005c42:	d803      	bhi.n	10005c4c <tu_fifo_read_n+0x4c>
10005c44:	1b64      	subs	r4, r4, r5
10005c46:	b2a4      	uxth	r4, r4
10005c48:	42a5      	cmp	r5, r4
10005c4a:	d9fb      	bls.n	10005c44 <tu_fifo_read_n+0x44>
10005c4c:	f8b6 a006 	ldrh.w	sl, [r6, #6]
10005c50:	1b2b      	subs	r3, r5, r4
10005c52:	6831      	ldr	r1, [r6, #0]
10005c54:	b29b      	uxth	r3, r3
10005c56:	f3ca 020e 	ubfx	r2, sl, #0, #15
10005c5a:	429f      	cmp	r7, r3
10005c5c:	4692      	mov	sl, r2
10005c5e:	fb02 1104 	mla	r1, r2, r4, r1
10005c62:	d923      	bls.n	10005cac <tu_fifo_read_n+0xac>
10005c64:	fb13 f302 	smulbb	r3, r3, r2
10005c68:	fa1f f983 	uxth.w	r9, r3
10005c6c:	464a      	mov	r2, r9
10005c6e:	4640      	mov	r0, r8
10005c70:	1b7d      	subs	r5, r7, r5
10005c72:	f002 fc69 	bl	10008548 <memcpy>
10005c76:	1962      	adds	r2, r4, r5
10005c78:	fb12 f20a 	smulbb	r2, r2, sl
10005c7c:	6831      	ldr	r1, [r6, #0]
10005c7e:	eb08 0009 	add.w	r0, r8, r9
10005c82:	b292      	uxth	r2, r2
10005c84:	f002 fc60 	bl	10008548 <memcpy>
10005c88:	8972      	ldrh	r2, [r6, #10]
10005c8a:	88b5      	ldrh	r5, [r6, #4]
10005c8c:	b292      	uxth	r2, r2
10005c8e:	19d3      	adds	r3, r2, r7
10005c90:	b29b      	uxth	r3, r3
10005c92:	429a      	cmp	r2, r3
10005c94:	d91a      	bls.n	10005ccc <tu_fifo_read_n+0xcc>
10005c96:	006a      	lsls	r2, r5, #1
10005c98:	1a9b      	subs	r3, r3, r2
10005c9a:	b29b      	uxth	r3, r3
10005c9c:	6930      	ldr	r0, [r6, #16]
10005c9e:	8173      	strh	r3, [r6, #10]
10005ca0:	b108      	cbz	r0, 10005ca6 <tu_fifo_read_n+0xa6>
10005ca2:	f002 fe5d 	bl	10008960 <__mutex_exit_veneer>
10005ca6:	4638      	mov	r0, r7
10005ca8:	e8bd 87f0 	ldmia.w	sp!, {r4, r5, r6, r7, r8, r9, sl, pc}
10005cac:	4640      	mov	r0, r8
10005cae:	fb07 f202 	mul.w	r2, r7, r2
10005cb2:	f002 fc49 	bl	10008548 <memcpy>
10005cb6:	e7e7      	b.n	10005c88 <tu_fifo_read_n+0x88>
10005cb8:	42ab      	cmp	r3, r5
10005cba:	bf2c      	ite	cs
10005cbc:	1b5b      	subcs	r3, r3, r5
10005cbe:	195b      	addcc	r3, r3, r5
10005cc0:	b29c      	uxth	r4, r3
10005cc2:	462f      	mov	r7, r5
10005cc4:	8174      	strh	r4, [r6, #10]
10005cc6:	e7b6      	b.n	10005c36 <tu_fifo_read_n+0x36>
10005cc8:	8973      	ldrh	r3, [r6, #10]
10005cca:	b29b      	uxth	r3, r3
10005ccc:	ebb3 0f45 	cmp.w	r3, r5, lsl #1
10005cd0:	ea4f 0245 	mov.w	r2, r5, lsl #1
10005cd4:	dbe2      	blt.n	10005c9c <tu_fifo_read_n+0x9c>
10005cd6:	e7df      	b.n	10005c98 <tu_fifo_read_n+0x98>

10005cd8 <tu_fifo_write>:
10005cd8:	b5f8      	push	{r3, r4, r5, r6, r7, lr}
10005cda:	4604      	mov	r4, r0
10005cdc:	68c0      	ldr	r0, [r0, #12]
10005cde:	460e      	mov	r6, r1
10005ce0:	b118      	cbz	r0, 10005cea <tu_fifo_write+0x12>
10005ce2:	f04f 31ff 	mov.w	r1, #4294967295
10005ce6:	f002 fe27 	bl	10008938 <__mutex_enter_timeout_ms_veneer>
10005cea:	8925      	ldrh	r5, [r4, #8]
10005cec:	8923      	ldrh	r3, [r4, #8]
10005cee:	8961      	ldrh	r1, [r4, #10]
10005cf0:	b29b      	uxth	r3, r3
10005cf2:	b289      	uxth	r1, r1
10005cf4:	88a2      	ldrh	r2, [r4, #4]
10005cf6:	428b      	cmp	r3, r1
10005cf8:	bf36      	itet	cc
10005cfa:	ebc1 0142 	rsbcc	r1, r1, r2, lsl #1
10005cfe:	1a5b      	subcs	r3, r3, r1
10005d00:	185b      	addcc	r3, r3, r1
10005d02:	b29b      	uxth	r3, r3
10005d04:	429a      	cmp	r2, r3
10005d06:	b2ad      	uxth	r5, r5
10005d08:	d808      	bhi.n	10005d1c <tu_fifo_write+0x44>
10005d0a:	79e7      	ldrb	r7, [r4, #7]
10005d0c:	09ff      	lsrs	r7, r7, #7
10005d0e:	d105      	bne.n	10005d1c <tu_fifo_write+0x44>
10005d10:	68e0      	ldr	r0, [r4, #12]
10005d12:	b108      	cbz	r0, 10005d18 <tu_fifo_write+0x40>
10005d14:	f002 fe24 	bl	10008960 <__mutex_exit_veneer>
10005d18:	4638      	mov	r0, r7
10005d1a:	bdf8      	pop	{r3, r4, r5, r6, r7, pc}
10005d1c:	4295      	cmp	r5, r2
10005d1e:	bf28      	it	cs
10005d20:	462b      	movcs	r3, r5
10005d22:	d318      	bcc.n	10005d56 <tu_fifo_write+0x7e>
10005d24:	1a9b      	subs	r3, r3, r2
10005d26:	b29b      	uxth	r3, r3
10005d28:	4293      	cmp	r3, r2
10005d2a:	d2fb      	bcs.n	10005d24 <tu_fifo_write+0x4c>
10005d2c:	88e2      	ldrh	r2, [r4, #6]
10005d2e:	6820      	ldr	r0, [r4, #0]
10005d30:	f3c2 020e 	ubfx	r2, r2, #0, #15
10005d34:	fb02 0003 	mla	r0, r2, r3, r0
10005d38:	4631      	mov	r1, r6
10005d3a:	f002 fc05 	bl	10008548 <memcpy>
10005d3e:	1c6b      	adds	r3, r5, #1
10005d40:	b29b      	uxth	r3, r3
10005d42:	429d      	cmp	r5, r3
10005d44:	88a2      	ldrh	r2, [r4, #4]
10005d46:	d912      	bls.n	10005d6e <tu_fifo_write+0x96>
10005d48:	2300      	movs	r3, #0
10005d4a:	0051      	lsls	r1, r2, #1
10005d4c:	1a5b      	subs	r3, r3, r1
10005d4e:	b29b      	uxth	r3, r3
10005d50:	2701      	movs	r7, #1
10005d52:	8123      	strh	r3, [r4, #8]
10005d54:	e7dc      	b.n	10005d10 <tu_fifo_write+0x38>
10005d56:	88e2      	ldrh	r2, [r4, #6]
10005d58:	6820      	ldr	r0, [r4, #0]
10005d5a:	f3c2 020e 	ubfx	r2, r2, #0, #15
10005d5e:	fb05 0002 	mla	r0, r5, r2, r0
10005d62:	4631      	mov	r1, r6
10005d64:	f002 fbf0 	bl	10008548 <memcpy>
10005d68:	3501      	adds	r5, #1
10005d6a:	88a2      	ldrh	r2, [r4, #4]
10005d6c:	b2ab      	uxth	r3, r5
10005d6e:	ebb3 0f42 	cmp.w	r3, r2, lsl #1
10005d72:	ea4f 0142 	mov.w	r1, r2, lsl #1
10005d76:	dbeb      	blt.n	10005d50 <tu_fifo_write+0x78>
10005d78:	e7e8      	b.n	10005d4c <tu_fifo_write+0x74>
10005d7a:	bf00      	nop

10005d7c <tu_fifo_write_n>:
10005d7c:	e92d 4ff0 	stmdb	sp!, {r4, r5, r6, r7, r8, r9, sl, fp, lr}
10005d80:	4617      	mov	r7, r2
10005d82:	b083      	sub	sp, #12
10005d84:	2a00      	cmp	r2, #0
10005d86:	d075      	beq.n	10005e74 <tu_fifo_write_n+0xf8>
10005d88:	4606      	mov	r6, r0
10005d8a:	68c0      	ldr	r0, [r0, #12]
10005d8c:	4689      	mov	r9, r1
10005d8e:	b118      	cbz	r0, 10005d98 <tu_fifo_write_n+0x1c>
10005d90:	f04f 31ff 	mov.w	r1, #4294967295
10005d94:	f002 fdd0 	bl	10008938 <__mutex_enter_timeout_ms_veneer>
10005d98:	79f3      	ldrb	r3, [r6, #7]
10005d9a:	f8b6 8008 	ldrh.w	r8, [r6, #8]
10005d9e:	8972      	ldrh	r2, [r6, #10]
10005da0:	09db      	lsrs	r3, r3, #7
10005da2:	88b5      	ldrh	r5, [r6, #4]
10005da4:	fa1f f888 	uxth.w	r8, r8
10005da8:	b292      	uxth	r2, r2
10005daa:	d13c      	bne.n	10005e26 <tu_fifo_write_n+0xaa>
10005dac:	4590      	cmp	r8, r2
10005dae:	bf36      	itet	cc
10005db0:	ebc2 0245 	rsbcc	r2, r2, r5, lsl #1
10005db4:	eba8 0202 	subcs.w	r2, r8, r2
10005db8:	4442      	addcc	r2, r8
10005dba:	b292      	uxth	r2, r2
10005dbc:	42aa      	cmp	r2, r5
10005dbe:	d25e      	bcs.n	10005e7e <tu_fifo_write_n+0x102>
10005dc0:	1aaa      	subs	r2, r5, r2
10005dc2:	b292      	uxth	r2, r2
10005dc4:	42ba      	cmp	r2, r7
10005dc6:	bf28      	it	cs
10005dc8:	463a      	movcs	r2, r7
10005dca:	f8b6 b006 	ldrh.w	fp, [r6, #6]
10005dce:	b297      	uxth	r7, r2
10005dd0:	1b7b      	subs	r3, r7, r5
10005dd2:	eb08 0a07 	add.w	sl, r8, r7
10005dd6:	f3cb 0b0e 	ubfx	fp, fp, #0, #15
10005dda:	b29b      	uxth	r3, r3
10005ddc:	fa1f fa8a 	uxth.w	sl, sl
10005de0:	45a8      	cmp	r8, r5
10005de2:	4644      	mov	r4, r8
10005de4:	d303      	bcc.n	10005dee <tu_fifo_write_n+0x72>
10005de6:	1b64      	subs	r4, r4, r5
10005de8:	b2a4      	uxth	r4, r4
10005dea:	42ac      	cmp	r4, r5
10005dec:	d2fb      	bcs.n	10005de6 <tu_fifo_write_n+0x6a>
10005dee:	1b2d      	subs	r5, r5, r4
10005df0:	6830      	ldr	r0, [r6, #0]
10005df2:	b2ad      	uxth	r5, r5
10005df4:	42bd      	cmp	r5, r7
10005df6:	fb0b 0004 	mla	r0, fp, r4, r0
10005dfa:	d357      	bcc.n	10005eac <tu_fifo_write_n+0x130>
10005dfc:	4649      	mov	r1, r9
10005dfe:	fb0b f207 	mul.w	r2, fp, r7
10005e02:	f002 fba1 	bl	10008548 <memcpy>
10005e06:	88b2      	ldrh	r2, [r6, #4]
10005e08:	45d0      	cmp	r8, sl
10005e0a:	ea4f 0342 	mov.w	r3, r2, lsl #1
10005e0e:	d802      	bhi.n	10005e16 <tu_fifo_write_n+0x9a>
10005e10:	ebba 0f42 	cmp.w	sl, r2, lsl #1
10005e14:	db03      	blt.n	10005e1e <tu_fifo_write_n+0xa2>
10005e16:	ebaa 0303 	sub.w	r3, sl, r3
10005e1a:	fa1f fa83 	uxth.w	sl, r3
10005e1e:	463d      	mov	r5, r7
10005e20:	f8a6 a008 	strh.w	sl, [r6, #8]
10005e24:	e02c      	b.n	10005e80 <tu_fifo_write_n+0x104>
10005e26:	f8b6 b006 	ldrh.w	fp, [r6, #6]
10005e2a:	42af      	cmp	r7, r5
10005e2c:	f3cb 0b0e 	ubfx	fp, fp, #0, #15
10005e30:	d22f      	bcs.n	10005e92 <tu_fifo_write_n+0x116>
10005e32:	4590      	cmp	r8, r2
10005e34:	bf36      	itet	cc
10005e36:	ebc2 0145 	rsbcc	r1, r2, r5, lsl #1
10005e3a:	eba8 0102 	subcs.w	r1, r8, r2
10005e3e:	4441      	addcc	r1, r8
10005e40:	b289      	uxth	r1, r1
10005e42:	0068      	lsls	r0, r5, #1
10005e44:	4439      	add	r1, r7
10005e46:	1b7b      	subs	r3, r7, r5
10005e48:	4281      	cmp	r1, r0
10005e4a:	b29b      	uxth	r3, r3
10005e4c:	db0d      	blt.n	10005e6a <tu_fifo_write_n+0xee>
10005e4e:	eb02 0a05 	add.w	sl, r2, r5
10005e52:	fa1f fa8a 	uxth.w	sl, sl
10005e56:	ebaa 0807 	sub.w	r8, sl, r7
10005e5a:	fa1f f888 	uxth.w	r8, r8
10005e5e:	4542      	cmp	r2, r8
10005e60:	d937      	bls.n	10005ed2 <tu_fifo_write_n+0x156>
10005e62:	eba8 0000 	sub.w	r0, r8, r0
10005e66:	fa1f f880 	uxth.w	r8, r0
10005e6a:	eb07 0a08 	add.w	sl, r7, r8
10005e6e:	fa1f fa8a 	uxth.w	sl, sl
10005e72:	e7b5      	b.n	10005de0 <tu_fifo_write_n+0x64>
10005e74:	4615      	mov	r5, r2
10005e76:	4628      	mov	r0, r5
10005e78:	b003      	add	sp, #12
10005e7a:	e8bd 8ff0 	ldmia.w	sp!, {r4, r5, r6, r7, r8, r9, sl, fp, pc}
10005e7e:	2500      	movs	r5, #0
10005e80:	68f0      	ldr	r0, [r6, #12]
10005e82:	2800      	cmp	r0, #0
10005e84:	d0f7      	beq.n	10005e76 <tu_fifo_write_n+0xfa>
10005e86:	f002 fd6b 	bl	10008960 <__mutex_exit_veneer>
10005e8a:	4628      	mov	r0, r5
10005e8c:	b003      	add	sp, #12
10005e8e:	e8bd 8ff0 	ldmia.w	sp!, {r4, r5, r6, r7, r8, r9, sl, fp, pc}
10005e92:	2d00      	cmp	r5, #0
10005e94:	d0f4      	beq.n	10005e80 <tu_fifo_write_n+0x104>
10005e96:	1b7f      	subs	r7, r7, r5
10005e98:	eb02 0a05 	add.w	sl, r2, r5
10005e9c:	fb0b 9907 	mla	r9, fp, r7, r9
10005ea0:	4690      	mov	r8, r2
10005ea2:	462f      	mov	r7, r5
10005ea4:	2300      	movs	r3, #0
10005ea6:	fa1f fa8a 	uxth.w	sl, sl
10005eaa:	e799      	b.n	10005de0 <tu_fifo_write_n+0x64>
10005eac:	fb15 f50b 	smulbb	r5, r5, fp
10005eb0:	b2ad      	uxth	r5, r5
10005eb2:	462a      	mov	r2, r5
10005eb4:	4649      	mov	r1, r9
10005eb6:	9301      	str	r3, [sp, #4]
10005eb8:	f002 fb46 	bl	10008548 <memcpy>
10005ebc:	9b01      	ldr	r3, [sp, #4]
10005ebe:	6830      	ldr	r0, [r6, #0]
10005ec0:	18e2      	adds	r2, r4, r3
10005ec2:	fb12 f20b 	smulbb	r2, r2, fp
10005ec6:	eb09 0105 	add.w	r1, r9, r5
10005eca:	b292      	uxth	r2, r2
10005ecc:	f002 fb3c 	bl	10008548 <memcpy>
10005ed0:	e799      	b.n	10005e06 <tu_fifo_write_n+0x8a>
10005ed2:	4540      	cmp	r0, r8
10005ed4:	dc84      	bgt.n	10005de0 <tu_fifo_write_n+0x64>
10005ed6:	e7c4      	b.n	10005e62 <tu_fifo_write_n+0xe6>

10005ed8 <tu_fifo_clear>:
10005ed8:	b510      	push	{r4, lr}
10005eda:	4604      	mov	r4, r0
10005edc:	68c0      	ldr	r0, [r0, #12]
10005ede:	b118      	cbz	r0, 10005ee8 <tu_fifo_clear+0x10>
10005ee0:	f04f 31ff 	mov.w	r1, #4294967295
10005ee4:	f002 fd28 	bl	10008938 <__mutex_enter_timeout_ms_veneer>
10005ee8:	6920      	ldr	r0, [r4, #16]
10005eea:	b118      	cbz	r0, 10005ef4 <tu_fifo_clear+0x1c>
10005eec:	f04f 31ff 	mov.w	r1, #4294967295
10005ef0:	f002 fd22 	bl	10008938 <__mutex_enter_timeout_ms_veneer>
10005ef4:	2300      	movs	r3, #0
10005ef6:	68e0      	ldr	r0, [r4, #12]
10005ef8:	8163      	strh	r3, [r4, #10]
10005efa:	8123      	strh	r3, [r4, #8]
10005efc:	b108      	cbz	r0, 10005f02 <tu_fifo_clear+0x2a>
10005efe:	f002 fd2f 	bl	10008960 <__mutex_exit_veneer>
10005f02:	6920      	ldr	r0, [r4, #16]
10005f04:	b108      	cbz	r0, 10005f0a <tu_fifo_clear+0x32>
10005f06:	f002 fd2b 	bl	10008960 <__mutex_exit_veneer>
10005f0a:	2001      	movs	r0, #1
10005f0c:	bd10      	pop	{r4, pc}
10005f0e:	bf00      	nop

10005f10 <tu_fifo_set_overwritable>:
10005f10:	b538      	push	{r3, r4, r5, lr}
10005f12:	4604      	mov	r4, r0
10005f14:	68c0      	ldr	r0, [r0, #12]
10005f16:	460d      	mov	r5, r1
10005f18:	b118      	cbz	r0, 10005f22 <tu_fifo_set_overwritable+0x12>
10005f1a:	f04f 31ff 	mov.w	r1, #4294967295
10005f1e:	f002 fd0b 	bl	10008938 <__mutex_enter_timeout_ms_veneer>
10005f22:	6920      	ldr	r0, [r4, #16]
10005f24:	b118      	cbz	r0, 10005f2e <tu_fifo_set_overwritable+0x1e>
10005f26:	f04f 31ff 	mov.w	r1, #4294967295
10005f2a:	f002 fd05 	bl	10008938 <__mutex_enter_timeout_ms_veneer>
10005f2e:	79e3      	ldrb	r3, [r4, #7]
10005f30:	68e0      	ldr	r0, [r4, #12]
10005f32:	f365 13c7 	bfi	r3, r5, #7, #1
10005f36:	71e3      	strb	r3, [r4, #7]
10005f38:	b108      	cbz	r0, 10005f3e <tu_fifo_set_overwritable+0x2e>
10005f3a:	f002 fd11 	bl	10008960 <__mutex_exit_veneer>
10005f3e:	6920      	ldr	r0, [r4, #16]
10005f40:	b108      	cbz	r0, 10005f46 <tu_fifo_set_overwritable+0x36>
10005f42:	f002 fd0d 	bl	10008960 <__mutex_exit_veneer>
10005f46:	2001      	movs	r0, #1
10005f48:	bd38      	pop	{r3, r4, r5, pc}
10005f4a:	bf00      	nop

10005f4c <exception_set_exclusive_handler>:
10005f4c:	b5f8      	push	{r3, r4, r5, r6, r7, lr}
10005f4e:	4604      	mov	r4, r0
10005f50:	460d      	mov	r5, r1
10005f52:	f3ef 8710 	mrs	r7, PRIMASK
10005f56:	b672      	cpsid	i
10005f58:	4b0c      	ldr	r3, [pc, #48]	@ (10005f8c <exception_set_exclusive_handler+0x40>)
10005f5a:	689b      	ldr	r3, [r3, #8]
10005f5c:	f853 6020 	ldr.w	r6, [r3, r0, lsl #2]
10005f60:	42b1      	cmp	r1, r6
10005f62:	d004      	beq.n	10005f6e <exception_set_exclusive_handler+0x22>
10005f64:	4b0a      	ldr	r3, [pc, #40]	@ (10005f90 <exception_set_exclusive_handler+0x44>)
10005f66:	429e      	cmp	r6, r3
10005f68:	d20b      	bcs.n	10005f82 <exception_set_exclusive_handler+0x36>
10005f6a:	f7fb fc7d 	bl	10001868 <hard_assertion_failure>
10005f6e:	4b07      	ldr	r3, [pc, #28]	@ (10005f8c <exception_set_exclusive_handler+0x40>)
10005f70:	689b      	ldr	r3, [r3, #8]
10005f72:	f843 5024 	str.w	r5, [r3, r4, lsl #2]
10005f76:	f3bf 8f5f 	dmb	sy
10005f7a:	f387 8810 	msr	PRIMASK, r7
10005f7e:	4630      	mov	r0, r6
10005f80:	bdf8      	pop	{r3, r4, r5, r6, r7, pc}
10005f82:	4b04      	ldr	r3, [pc, #16]	@ (10005f94 <exception_set_exclusive_handler+0x48>)
10005f84:	429e      	cmp	r6, r3
10005f86:	d3f2      	bcc.n	10005f6e <exception_set_exclusive_handler+0x22>
10005f88:	e7ef      	b.n	10005f6a <exception_set_exclusive_handler+0x1e>
10005f8a:	bf00      	nop
10005f8c:	e000ed00 	.word	0xe000ed00
10005f90:	10000110 	.word	0x10000110
10005f94:	1000011c 	.word	0x1000011c

10005f98 <prvCopyDataToQueue>:
10005f98:	b570      	push	{r4, r5, r6, lr}
10005f9a:	4616      	mov	r6, r2
10005f9c:	6c02      	ldr	r2, [r0, #64]	@ 0x40
10005f9e:	4604      	mov	r4, r0
10005fa0:	6b85      	ldr	r5, [r0, #56]	@ 0x38
10005fa2:	b92a      	cbnz	r2, 10005fb0 <prvCopyDataToQueue+0x18>
10005fa4:	6806      	ldr	r6, [r0, #0]
10005fa6:	3501      	adds	r5, #1
10005fa8:	b34e      	cbz	r6, 10005ffe <prvCopyDataToQueue+0x66>
10005faa:	4610      	mov	r0, r2
10005fac:	63a5      	str	r5, [r4, #56]	@ 0x38
10005fae:	bd70      	pop	{r4, r5, r6, pc}
10005fb0:	b98e      	cbnz	r6, 10005fd6 <prvCopyDataToQueue+0x3e>
10005fb2:	6840      	ldr	r0, [r0, #4]
10005fb4:	f002 fac8 	bl	10008548 <memcpy>
10005fb8:	6863      	ldr	r3, [r4, #4]
10005fba:	6c21      	ldr	r1, [r4, #64]	@ 0x40
10005fbc:	68a2      	ldr	r2, [r4, #8]
10005fbe:	440b      	add	r3, r1
10005fc0:	4293      	cmp	r3, r2
10005fc2:	6063      	str	r3, [r4, #4]
10005fc4:	bf28      	it	cs
10005fc6:	6823      	ldrcs	r3, [r4, #0]
10005fc8:	f105 0501 	add.w	r5, r5, #1
10005fcc:	bf28      	it	cs
10005fce:	6063      	strcs	r3, [r4, #4]
10005fd0:	2000      	movs	r0, #0
10005fd2:	63a5      	str	r5, [r4, #56]	@ 0x38
10005fd4:	bd70      	pop	{r4, r5, r6, pc}
10005fd6:	68c0      	ldr	r0, [r0, #12]
10005fd8:	f002 fab6 	bl	10008548 <memcpy>
10005fdc:	6c22      	ldr	r2, [r4, #64]	@ 0x40
10005fde:	68e3      	ldr	r3, [r4, #12]
10005fe0:	4251      	negs	r1, r2
10005fe2:	1a9b      	subs	r3, r3, r2
10005fe4:	6822      	ldr	r2, [r4, #0]
10005fe6:	60e3      	str	r3, [r4, #12]
10005fe8:	4293      	cmp	r3, r2
10005fea:	d202      	bcs.n	10005ff2 <prvCopyDataToQueue+0x5a>
10005fec:	68a3      	ldr	r3, [r4, #8]
10005fee:	440b      	add	r3, r1
10005ff0:	60e3      	str	r3, [r4, #12]
10005ff2:	2e02      	cmp	r6, #2
10005ff4:	d008      	beq.n	10006008 <prvCopyDataToQueue+0x70>
10005ff6:	3501      	adds	r5, #1
10005ff8:	2000      	movs	r0, #0
10005ffa:	63a5      	str	r5, [r4, #56]	@ 0x38
10005ffc:	bd70      	pop	{r4, r5, r6, pc}
10005ffe:	6880      	ldr	r0, [r0, #8]
10006000:	f001 fade 	bl	100075c0 <xTaskPriorityDisinherit>
10006004:	60a6      	str	r6, [r4, #8]
10006006:	e7d1      	b.n	10005fac <prvCopyDataToQueue+0x14>
10006008:	2d01      	cmp	r5, #1
1000600a:	bf38      	it	cc
1000600c:	2501      	movcc	r5, #1
1000600e:	e7df      	b.n	10005fd0 <prvCopyDataToQueue+0x38>

10006010 <xQueueGenericCreate>:
10006010:	b570      	push	{r4, r5, r6, lr}
10006012:	b3a0      	cbz	r0, 1000607e <xQueueGenericCreate+0x6e>
10006014:	fba1 2300 	umull	r2, r3, r1, r0
10006018:	4605      	mov	r5, r0
1000601a:	460e      	mov	r6, r1
1000601c:	bb7b      	cbnz	r3, 1000607e <xQueueGenericCreate+0x6e>
1000601e:	fb01 f000 	mul.w	r0, r1, r0
10006022:	f110 0f49 	cmn.w	r0, #73	@ 0x49
10006026:	d82a      	bhi.n	1000607e <xQueueGenericCreate+0x6e>
10006028:	3048      	adds	r0, #72	@ 0x48
1000602a:	f001 fd2f 	bl	10007a8c <pvPortMalloc>
1000602e:	4604      	mov	r4, r0
10006030:	b328      	cbz	r0, 1000607e <xQueueGenericCreate+0x6e>
10006032:	b33e      	cbz	r6, 10006084 <xQueueGenericCreate+0x74>
10006034:	f100 0348 	add.w	r3, r0, #72	@ 0x48
10006038:	6023      	str	r3, [r4, #0]
1000603a:	e9c4 560f 	strd	r5, r6, [r4, #60]	@ 0x3c
1000603e:	f001 fd7f 	bl	10007b40 <vPortEnterCritical>
10006042:	2300      	movs	r3, #0
10006044:	20ff      	movs	r0, #255	@ 0xff
10006046:	63a3      	str	r3, [r4, #56]	@ 0x38
10006048:	6c21      	ldr	r1, [r4, #64]	@ 0x40
1000604a:	6be3      	ldr	r3, [r4, #60]	@ 0x3c
1000604c:	6822      	ldr	r2, [r4, #0]
1000604e:	fb01 f303 	mul.w	r3, r1, r3
10006052:	1a59      	subs	r1, r3, r1
10006054:	6062      	str	r2, [r4, #4]
10006056:	4413      	add	r3, r2
10006058:	440a      	add	r2, r1
1000605a:	e9c4 3202 	strd	r3, r2, [r4, #8]
1000605e:	f884 0044 	strb.w	r0, [r4, #68]	@ 0x44
10006062:	f884 0045 	strb.w	r0, [r4, #69]	@ 0x45
10006066:	f104 0010 	add.w	r0, r4, #16
1000606a:	f001 fee1 	bl	10007e30 <vListInitialise>
1000606e:	f104 0024 	add.w	r0, r4, #36	@ 0x24
10006072:	f001 fedd 	bl	10007e30 <vListInitialise>
10006076:	f001 fd71 	bl	10007b5c <vPortExitCritical>
1000607a:	4620      	mov	r0, r4
1000607c:	bd70      	pop	{r4, r5, r6, pc}
1000607e:	2400      	movs	r4, #0
10006080:	4620      	mov	r0, r4
10006082:	bd70      	pop	{r4, r5, r6, pc}
10006084:	4603      	mov	r3, r0
10006086:	e7d7      	b.n	10006038 <xQueueGenericCreate+0x28>

10006088 <xQueueGenericSend>:
10006088:	e92d 43f0 	stmdb	sp!, {r4, r5, r6, r7, r8, r9, lr}
1000608c:	4604      	mov	r4, r0
1000608e:	b085      	sub	sp, #20
10006090:	461f      	mov	r7, r3
10006092:	9201      	str	r2, [sp, #4]
10006094:	4688      	mov	r8, r1
10006096:	f001 fd53 	bl	10007b40 <vPortEnterCritical>
1000609a:	6ba2      	ldr	r2, [r4, #56]	@ 0x38
1000609c:	6be3      	ldr	r3, [r4, #60]	@ 0x3c
1000609e:	429a      	cmp	r2, r3
100060a0:	d379      	bcc.n	10006196 <xQueueGenericSend+0x10e>
100060a2:	2f02      	cmp	r7, #2
100060a4:	d077      	beq.n	10006196 <xQueueGenericSend+0x10e>
100060a6:	2200      	movs	r2, #0
100060a8:	f104 0624 	add.w	r6, r4, #36	@ 0x24
100060ac:	9b01      	ldr	r3, [sp, #4]
100060ae:	2b00      	cmp	r3, #0
100060b0:	f000 80d4 	beq.w	1000625c <xQueueGenericSend+0x1d4>
100060b4:	2a00      	cmp	r2, #0
100060b6:	f000 80cd 	beq.w	10006254 <xQueueGenericSend+0x1cc>
100060ba:	f001 fd4f 	bl	10007b5c <vPortExitCritical>
100060be:	f000 ff69 	bl	10006f94 <vTaskSuspendAll>
100060c2:	f001 fd3d 	bl	10007b40 <vPortEnterCritical>
100060c6:	f894 3044 	ldrb.w	r3, [r4, #68]	@ 0x44
100060ca:	2bff      	cmp	r3, #255	@ 0xff
100060cc:	bf04      	itt	eq
100060ce:	2300      	moveq	r3, #0
100060d0:	f884 3044 	strbeq.w	r3, [r4, #68]	@ 0x44
100060d4:	f894 3045 	ldrb.w	r3, [r4, #69]	@ 0x45
100060d8:	2bff      	cmp	r3, #255	@ 0xff
100060da:	bf04      	itt	eq
100060dc:	2300      	moveq	r3, #0
100060de:	f884 3045 	strbeq.w	r3, [r4, #69]	@ 0x45
100060e2:	f001 fd3b 	bl	10007b5c <vPortExitCritical>
100060e6:	a802      	add	r0, sp, #8
100060e8:	a901      	add	r1, sp, #4
100060ea:	f001 f9eb 	bl	100074c4 <xTaskCheckForTimeOut>
100060ee:	2800      	cmp	r0, #0
100060f0:	f040 80ba 	bne.w	10006268 <xQueueGenericSend+0x1e0>
100060f4:	f001 fd24 	bl	10007b40 <vPortEnterCritical>
100060f8:	6ba2      	ldr	r2, [r4, #56]	@ 0x38
100060fa:	6be3      	ldr	r3, [r4, #60]	@ 0x3c
100060fc:	429a      	cmp	r2, r3
100060fe:	d05c      	beq.n	100061ba <xQueueGenericSend+0x132>
10006100:	f001 fd2c 	bl	10007b5c <vPortExitCritical>
10006104:	f001 fd1c 	bl	10007b40 <vPortEnterCritical>
10006108:	f894 2045 	ldrb.w	r2, [r4, #69]	@ 0x45
1000610c:	b255      	sxtb	r5, r2
1000610e:	2d00      	cmp	r5, #0
10006110:	dc04      	bgt.n	1000611c <xQueueGenericSend+0x94>
10006112:	e011      	b.n	10006138 <xQueueGenericSend+0xb0>
10006114:	1e6a      	subs	r2, r5, #1
10006116:	b2d3      	uxtb	r3, r2
10006118:	b255      	sxtb	r5, r2
1000611a:	b16b      	cbz	r3, 10006138 <xQueueGenericSend+0xb0>
1000611c:	6a63      	ldr	r3, [r4, #36]	@ 0x24
1000611e:	b15b      	cbz	r3, 10006138 <xQueueGenericSend+0xb0>
10006120:	4630      	mov	r0, r6
10006122:	f001 f95b 	bl	100073dc <xTaskRemoveFromEventList>
10006126:	2800      	cmp	r0, #0
10006128:	d0f4      	beq.n	10006114 <xQueueGenericSend+0x8c>
1000612a:	f001 f9fb 	bl	10007524 <vTaskMissedYield>
1000612e:	1e6a      	subs	r2, r5, #1
10006130:	b2d3      	uxtb	r3, r2
10006132:	b255      	sxtb	r5, r2
10006134:	2b00      	cmp	r3, #0
10006136:	d1f1      	bne.n	1000611c <xQueueGenericSend+0x94>
10006138:	23ff      	movs	r3, #255	@ 0xff
1000613a:	f884 3045 	strb.w	r3, [r4, #69]	@ 0x45
1000613e:	f001 fd0d 	bl	10007b5c <vPortExitCritical>
10006142:	f001 fcfd 	bl	10007b40 <vPortEnterCritical>
10006146:	f894 2044 	ldrb.w	r2, [r4, #68]	@ 0x44
1000614a:	b255      	sxtb	r5, r2
1000614c:	2d00      	cmp	r5, #0
1000614e:	dd14      	ble.n	1000617a <xQueueGenericSend+0xf2>
10006150:	f104 0910 	add.w	r9, r4, #16
10006154:	e003      	b.n	1000615e <xQueueGenericSend+0xd6>
10006156:	1e6a      	subs	r2, r5, #1
10006158:	b2d3      	uxtb	r3, r2
1000615a:	b255      	sxtb	r5, r2
1000615c:	b16b      	cbz	r3, 1000617a <xQueueGenericSend+0xf2>
1000615e:	6923      	ldr	r3, [r4, #16]
10006160:	b15b      	cbz	r3, 1000617a <xQueueGenericSend+0xf2>
10006162:	4648      	mov	r0, r9
10006164:	f001 f93a 	bl	100073dc <xTaskRemoveFromEventList>
10006168:	2800      	cmp	r0, #0
1000616a:	d0f4      	beq.n	10006156 <xQueueGenericSend+0xce>
1000616c:	f001 f9da 	bl	10007524 <vTaskMissedYield>
10006170:	1e6a      	subs	r2, r5, #1
10006172:	b2d3      	uxtb	r3, r2
10006174:	b255      	sxtb	r5, r2
10006176:	2b00      	cmp	r3, #0
10006178:	d1f1      	bne.n	1000615e <xQueueGenericSend+0xd6>
1000617a:	23ff      	movs	r3, #255	@ 0xff
1000617c:	f884 3044 	strb.w	r3, [r4, #68]	@ 0x44
10006180:	f001 fcec 	bl	10007b5c <vPortExitCritical>
10006184:	f000 ff0e 	bl	10006fa4 <xTaskResumeAll>
10006188:	f001 fcda 	bl	10007b40 <vPortEnterCritical>
1000618c:	6ba1      	ldr	r1, [r4, #56]	@ 0x38
1000618e:	6be3      	ldr	r3, [r4, #60]	@ 0x3c
10006190:	2201      	movs	r2, #1
10006192:	4299      	cmp	r1, r3
10006194:	d28a      	bcs.n	100060ac <xQueueGenericSend+0x24>
10006196:	463a      	mov	r2, r7
10006198:	4641      	mov	r1, r8
1000619a:	4620      	mov	r0, r4
1000619c:	f7ff fefc 	bl	10005f98 <prvCopyDataToQueue>
100061a0:	6a63      	ldr	r3, [r4, #36]	@ 0x24
100061a2:	2b00      	cmp	r3, #0
100061a4:	f040 80a8 	bne.w	100062f8 <xQueueGenericSend+0x270>
100061a8:	2800      	cmp	r0, #0
100061aa:	f040 80a2 	bne.w	100062f2 <xQueueGenericSend+0x26a>
100061ae:	f001 fcd5 	bl	10007b5c <vPortExitCritical>
100061b2:	2001      	movs	r0, #1
100061b4:	b005      	add	sp, #20
100061b6:	e8bd 83f0 	ldmia.w	sp!, {r4, r5, r6, r7, r8, r9, pc}
100061ba:	f104 0910 	add.w	r9, r4, #16
100061be:	f001 fccd 	bl	10007b5c <vPortExitCritical>
100061c2:	4648      	mov	r0, r9
100061c4:	9901      	ldr	r1, [sp, #4]
100061c6:	f001 f857 	bl	10007278 <vTaskPlaceOnEventList>
100061ca:	f001 fcb9 	bl	10007b40 <vPortEnterCritical>
100061ce:	f894 3045 	ldrb.w	r3, [r4, #69]	@ 0x45
100061d2:	b25d      	sxtb	r5, r3
100061d4:	2d00      	cmp	r5, #0
100061d6:	dc04      	bgt.n	100061e2 <xQueueGenericSend+0x15a>
100061d8:	e011      	b.n	100061fe <xQueueGenericSend+0x176>
100061da:	1e6b      	subs	r3, r5, #1
100061dc:	b2da      	uxtb	r2, r3
100061de:	b25d      	sxtb	r5, r3
100061e0:	b16a      	cbz	r2, 100061fe <xQueueGenericSend+0x176>
100061e2:	6a63      	ldr	r3, [r4, #36]	@ 0x24
100061e4:	b15b      	cbz	r3, 100061fe <xQueueGenericSend+0x176>
100061e6:	4630      	mov	r0, r6
100061e8:	f001 f8f8 	bl	100073dc <xTaskRemoveFromEventList>
100061ec:	2800      	cmp	r0, #0
100061ee:	d0f4      	beq.n	100061da <xQueueGenericSend+0x152>
100061f0:	f001 f998 	bl	10007524 <vTaskMissedYield>
100061f4:	1e6b      	subs	r3, r5, #1
100061f6:	b2da      	uxtb	r2, r3
100061f8:	b25d      	sxtb	r5, r3
100061fa:	2a00      	cmp	r2, #0
100061fc:	d1f1      	bne.n	100061e2 <xQueueGenericSend+0x15a>
100061fe:	23ff      	movs	r3, #255	@ 0xff
10006200:	f884 3045 	strb.w	r3, [r4, #69]	@ 0x45
10006204:	f001 fcaa 	bl	10007b5c <vPortExitCritical>
10006208:	f001 fc9a 	bl	10007b40 <vPortEnterCritical>
1000620c:	f894 3044 	ldrb.w	r3, [r4, #68]	@ 0x44
10006210:	b25d      	sxtb	r5, r3
10006212:	2d00      	cmp	r5, #0
10006214:	dc04      	bgt.n	10006220 <xQueueGenericSend+0x198>
10006216:	e011      	b.n	1000623c <xQueueGenericSend+0x1b4>
10006218:	1e6b      	subs	r3, r5, #1
1000621a:	b2da      	uxtb	r2, r3
1000621c:	b25d      	sxtb	r5, r3
1000621e:	b16a      	cbz	r2, 1000623c <xQueueGenericSend+0x1b4>
10006220:	6923      	ldr	r3, [r4, #16]
10006222:	b15b      	cbz	r3, 1000623c <xQueueGenericSend+0x1b4>
10006224:	4648      	mov	r0, r9
10006226:	f001 f8d9 	bl	100073dc <xTaskRemoveFromEventList>
1000622a:	2800      	cmp	r0, #0
1000622c:	d0f4      	beq.n	10006218 <xQueueGenericSend+0x190>
1000622e:	f001 f979 	bl	10007524 <vTaskMissedYield>
10006232:	1e6b      	subs	r3, r5, #1
10006234:	b2da      	uxtb	r2, r3
10006236:	b25d      	sxtb	r5, r3
10006238:	2a00      	cmp	r2, #0
1000623a:	d1f1      	bne.n	10006220 <xQueueGenericSend+0x198>
1000623c:	23ff      	movs	r3, #255	@ 0xff
1000623e:	f884 3044 	strb.w	r3, [r4, #68]	@ 0x44
10006242:	f001 fc8b 	bl	10007b5c <vPortExitCritical>
10006246:	f000 fead 	bl	10006fa4 <xTaskResumeAll>
1000624a:	2800      	cmp	r0, #0
1000624c:	d19c      	bne.n	10006188 <xQueueGenericSend+0x100>
1000624e:	f001 fc6b 	bl	10007b28 <vPortYield>
10006252:	e799      	b.n	10006188 <xQueueGenericSend+0x100>
10006254:	a802      	add	r0, sp, #8
10006256:	f001 f929 	bl	100074ac <vTaskInternalSetTimeOutState>
1000625a:	e72e      	b.n	100060ba <xQueueGenericSend+0x32>
1000625c:	f001 fc7e 	bl	10007b5c <vPortExitCritical>
10006260:	2000      	movs	r0, #0
10006262:	b005      	add	sp, #20
10006264:	e8bd 83f0 	ldmia.w	sp!, {r4, r5, r6, r7, r8, r9, pc}
10006268:	f001 fc6a 	bl	10007b40 <vPortEnterCritical>
1000626c:	f894 3045 	ldrb.w	r3, [r4, #69]	@ 0x45
10006270:	b25d      	sxtb	r5, r3
10006272:	2d00      	cmp	r5, #0
10006274:	dd14      	ble.n	100062a0 <xQueueGenericSend+0x218>
10006276:	f104 0624 	add.w	r6, r4, #36	@ 0x24
1000627a:	e003      	b.n	10006284 <xQueueGenericSend+0x1fc>
1000627c:	1e6b      	subs	r3, r5, #1
1000627e:	b2da      	uxtb	r2, r3
10006280:	b25d      	sxtb	r5, r3
10006282:	b16a      	cbz	r2, 100062a0 <xQueueGenericSend+0x218>
10006284:	6a63      	ldr	r3, [r4, #36]	@ 0x24
10006286:	b15b      	cbz	r3, 100062a0 <xQueueGenericSend+0x218>
10006288:	4630      	mov	r0, r6
1000628a:	f001 f8a7 	bl	100073dc <xTaskRemoveFromEventList>
1000628e:	2800      	cmp	r0, #0
10006290:	d0f4      	beq.n	1000627c <xQueueGenericSend+0x1f4>
10006292:	f001 f947 	bl	10007524 <vTaskMissedYield>
10006296:	1e6b      	subs	r3, r5, #1
10006298:	b2da      	uxtb	r2, r3
1000629a:	b25d      	sxtb	r5, r3
1000629c:	2a00      	cmp	r2, #0
1000629e:	d1f1      	bne.n	10006284 <xQueueGenericSend+0x1fc>
100062a0:	23ff      	movs	r3, #255	@ 0xff
100062a2:	f884 3045 	strb.w	r3, [r4, #69]	@ 0x45
100062a6:	f001 fc59 	bl	10007b5c <vPortExitCritical>
100062aa:	f001 fc49 	bl	10007b40 <vPortEnterCritical>
100062ae:	f894 3044 	ldrb.w	r3, [r4, #68]	@ 0x44
100062b2:	b25d      	sxtb	r5, r3
100062b4:	2d00      	cmp	r5, #0
100062b6:	dd14      	ble.n	100062e2 <xQueueGenericSend+0x25a>
100062b8:	f104 0610 	add.w	r6, r4, #16
100062bc:	e003      	b.n	100062c6 <xQueueGenericSend+0x23e>
100062be:	1e6b      	subs	r3, r5, #1
100062c0:	b2da      	uxtb	r2, r3
100062c2:	b25d      	sxtb	r5, r3
100062c4:	b16a      	cbz	r2, 100062e2 <xQueueGenericSend+0x25a>
100062c6:	6923      	ldr	r3, [r4, #16]
100062c8:	b15b      	cbz	r3, 100062e2 <xQueueGenericSend+0x25a>
100062ca:	4630      	mov	r0, r6
100062cc:	f001 f886 	bl	100073dc <xTaskRemoveFromEventList>
100062d0:	2800      	cmp	r0, #0
100062d2:	d0f4      	beq.n	100062be <xQueueGenericSend+0x236>
100062d4:	f001 f926 	bl	10007524 <vTaskMissedYield>
100062d8:	1e6b      	subs	r3, r5, #1
100062da:	b2da      	uxtb	r2, r3
100062dc:	b25d      	sxtb	r5, r3
100062de:	2a00      	cmp	r2, #0
100062e0:	d1f1      	bne.n	100062c6 <xQueueGenericSend+0x23e>
100062e2:	23ff      	movs	r3, #255	@ 0xff
100062e4:	f884 3044 	strb.w	r3, [r4, #68]	@ 0x44
100062e8:	f001 fc38 	bl	10007b5c <vPortExitCritical>
100062ec:	f000 fe5a 	bl	10006fa4 <xTaskResumeAll>
100062f0:	e7b6      	b.n	10006260 <xQueueGenericSend+0x1d8>
100062f2:	f001 fc19 	bl	10007b28 <vPortYield>
100062f6:	e75a      	b.n	100061ae <xQueueGenericSend+0x126>
100062f8:	f104 0024 	add.w	r0, r4, #36	@ 0x24
100062fc:	f001 f86e 	bl	100073dc <xTaskRemoveFromEventList>
10006300:	2800      	cmp	r0, #0
10006302:	f43f af54 	beq.w	100061ae <xQueueGenericSend+0x126>
10006306:	e7f4      	b.n	100062f2 <xQueueGenericSend+0x26a>

10006308 <xQueueCreateMutex>:
10006308:	b538      	push	{r3, r4, r5, lr}
1000630a:	2048      	movs	r0, #72	@ 0x48
1000630c:	f001 fbbe 	bl	10007a8c <pvPortMalloc>
10006310:	4604      	mov	r4, r0
10006312:	b350      	cbz	r0, 1000636a <xQueueCreateMutex+0x62>
10006314:	2500      	movs	r5, #0
10006316:	2301      	movs	r3, #1
10006318:	6020      	str	r0, [r4, #0]
1000631a:	e9c0 350f 	strd	r3, r5, [r0, #60]	@ 0x3c
1000631e:	f001 fc0f 	bl	10007b40 <vPortEnterCritical>
10006322:	e9d4 310f 	ldrd	r3, r1, [r4, #60]	@ 0x3c
10006326:	20ff      	movs	r0, #255	@ 0xff
10006328:	fb01 f303 	mul.w	r3, r1, r3
1000632c:	6822      	ldr	r2, [r4, #0]
1000632e:	1a59      	subs	r1, r3, r1
10006330:	6062      	str	r2, [r4, #4]
10006332:	4413      	add	r3, r2
10006334:	440a      	add	r2, r1
10006336:	e9c4 3202 	strd	r3, r2, [r4, #8]
1000633a:	63a5      	str	r5, [r4, #56]	@ 0x38
1000633c:	f884 0044 	strb.w	r0, [r4, #68]	@ 0x44
10006340:	f884 0045 	strb.w	r0, [r4, #69]	@ 0x45
10006344:	f104 0010 	add.w	r0, r4, #16
10006348:	f001 fd72 	bl	10007e30 <vListInitialise>
1000634c:	f104 0024 	add.w	r0, r4, #36	@ 0x24
10006350:	f001 fd6e 	bl	10007e30 <vListInitialise>
10006354:	f001 fc02 	bl	10007b5c <vPortExitCritical>
10006358:	462b      	mov	r3, r5
1000635a:	462a      	mov	r2, r5
1000635c:	4629      	mov	r1, r5
1000635e:	4620      	mov	r0, r4
10006360:	60a5      	str	r5, [r4, #8]
10006362:	6025      	str	r5, [r4, #0]
10006364:	60e5      	str	r5, [r4, #12]
10006366:	f7ff fe8f 	bl	10006088 <xQueueGenericSend>
1000636a:	4620      	mov	r0, r4
1000636c:	bd38      	pop	{r3, r4, r5, pc}
1000636e:	bf00      	nop

10006370 <xQueueReceive>:
10006370:	e92d 43f0 	stmdb	sp!, {r4, r5, r6, r7, r8, r9, lr}
10006374:	4604      	mov	r4, r0
10006376:	b085      	sub	sp, #20
10006378:	4688      	mov	r8, r1
1000637a:	9201      	str	r2, [sp, #4]
1000637c:	f001 fbe0 	bl	10007b40 <vPortEnterCritical>
10006380:	6ba5      	ldr	r5, [r4, #56]	@ 0x38
10006382:	2d00      	cmp	r5, #0
10006384:	f040 8117 	bne.w	100065b6 <xQueueReceive+0x246>
10006388:	9b01      	ldr	r3, [sp, #4]
1000638a:	2b00      	cmp	r3, #0
1000638c:	f000 80c6 	beq.w	1000651c <xQueueReceive+0x1ac>
10006390:	a802      	add	r0, sp, #8
10006392:	f001 f88b 	bl	100074ac <vTaskInternalSetTimeOutState>
10006396:	462f      	mov	r7, r5
10006398:	f104 0624 	add.w	r6, r4, #36	@ 0x24
1000639c:	f001 fbde 	bl	10007b5c <vPortExitCritical>
100063a0:	f000 fdf8 	bl	10006f94 <vTaskSuspendAll>
100063a4:	f001 fbcc 	bl	10007b40 <vPortEnterCritical>
100063a8:	f894 3044 	ldrb.w	r3, [r4, #68]	@ 0x44
100063ac:	2bff      	cmp	r3, #255	@ 0xff
100063ae:	bf08      	it	eq
100063b0:	f884 7044 	strbeq.w	r7, [r4, #68]	@ 0x44
100063b4:	f894 3045 	ldrb.w	r3, [r4, #69]	@ 0x45
100063b8:	2bff      	cmp	r3, #255	@ 0xff
100063ba:	bf08      	it	eq
100063bc:	f884 7045 	strbeq.w	r7, [r4, #69]	@ 0x45
100063c0:	f001 fbcc 	bl	10007b5c <vPortExitCritical>
100063c4:	a901      	add	r1, sp, #4
100063c6:	a802      	add	r0, sp, #8
100063c8:	f001 f87c 	bl	100074c4 <xTaskCheckForTimeOut>
100063cc:	2800      	cmp	r0, #0
100063ce:	d154      	bne.n	1000647a <xQueueReceive+0x10a>
100063d0:	f001 fbb6 	bl	10007b40 <vPortEnterCritical>
100063d4:	6ba3      	ldr	r3, [r4, #56]	@ 0x38
100063d6:	2b00      	cmp	r3, #0
100063d8:	f040 80a6 	bne.w	10006528 <xQueueReceive+0x1b8>
100063dc:	f104 0924 	add.w	r9, r4, #36	@ 0x24
100063e0:	f001 fbbc 	bl	10007b5c <vPortExitCritical>
100063e4:	4648      	mov	r0, r9
100063e6:	9901      	ldr	r1, [sp, #4]
100063e8:	f000 ff46 	bl	10007278 <vTaskPlaceOnEventList>
100063ec:	f001 fba8 	bl	10007b40 <vPortEnterCritical>
100063f0:	f894 3045 	ldrb.w	r3, [r4, #69]	@ 0x45
100063f4:	b25d      	sxtb	r5, r3
100063f6:	2d00      	cmp	r5, #0
100063f8:	dc04      	bgt.n	10006404 <xQueueReceive+0x94>
100063fa:	e011      	b.n	10006420 <xQueueReceive+0xb0>
100063fc:	1e6b      	subs	r3, r5, #1
100063fe:	b2da      	uxtb	r2, r3
10006400:	b25d      	sxtb	r5, r3
10006402:	b16a      	cbz	r2, 10006420 <xQueueReceive+0xb0>
10006404:	6a63      	ldr	r3, [r4, #36]	@ 0x24
10006406:	b15b      	cbz	r3, 10006420 <xQueueReceive+0xb0>
10006408:	4648      	mov	r0, r9
1000640a:	f000 ffe7 	bl	100073dc <xTaskRemoveFromEventList>
1000640e:	2800      	cmp	r0, #0
10006410:	d0f4      	beq.n	100063fc <xQueueReceive+0x8c>
10006412:	f001 f887 	bl	10007524 <vTaskMissedYield>
10006416:	1e6b      	subs	r3, r5, #1
10006418:	b2da      	uxtb	r2, r3
1000641a:	b25d      	sxtb	r5, r3
1000641c:	2a00      	cmp	r2, #0
1000641e:	d1f1      	bne.n	10006404 <xQueueReceive+0x94>
10006420:	23ff      	movs	r3, #255	@ 0xff
10006422:	f884 3045 	strb.w	r3, [r4, #69]	@ 0x45
10006426:	f001 fb99 	bl	10007b5c <vPortExitCritical>
1000642a:	f001 fb89 	bl	10007b40 <vPortEnterCritical>
1000642e:	f894 3044 	ldrb.w	r3, [r4, #68]	@ 0x44
10006432:	b25d      	sxtb	r5, r3
10006434:	2d00      	cmp	r5, #0
10006436:	dd14      	ble.n	10006462 <xQueueReceive+0xf2>
10006438:	f104 0910 	add.w	r9, r4, #16
1000643c:	e003      	b.n	10006446 <xQueueReceive+0xd6>
1000643e:	1e6b      	subs	r3, r5, #1
10006440:	b2da      	uxtb	r2, r3
10006442:	b25d      	sxtb	r5, r3
10006444:	b16a      	cbz	r2, 10006462 <xQueueReceive+0xf2>
10006446:	6923      	ldr	r3, [r4, #16]
10006448:	b15b      	cbz	r3, 10006462 <xQueueReceive+0xf2>
1000644a:	4648      	mov	r0, r9
1000644c:	f000 ffc6 	bl	100073dc <xTaskRemoveFromEventList>
10006450:	2800      	cmp	r0, #0
10006452:	d0f4      	beq.n	1000643e <xQueueReceive+0xce>
10006454:	f001 f866 	bl	10007524 <vTaskMissedYield>
10006458:	1e6b      	subs	r3, r5, #1
1000645a:	b2da      	uxtb	r2, r3
1000645c:	b25d      	sxtb	r5, r3
1000645e:	2a00      	cmp	r2, #0
10006460:	d1f1      	bne.n	10006446 <xQueueReceive+0xd6>
10006462:	23ff      	movs	r3, #255	@ 0xff
10006464:	f884 3044 	strb.w	r3, [r4, #68]	@ 0x44
10006468:	f001 fb78 	bl	10007b5c <vPortExitCritical>
1000646c:	f000 fd9a 	bl	10006fa4 <xTaskResumeAll>
10006470:	2800      	cmp	r0, #0
10006472:	d14a      	bne.n	1000650a <xQueueReceive+0x19a>
10006474:	f001 fb58 	bl	10007b28 <vPortYield>
10006478:	e047      	b.n	1000650a <xQueueReceive+0x19a>
1000647a:	f001 fb61 	bl	10007b40 <vPortEnterCritical>
1000647e:	f894 3045 	ldrb.w	r3, [r4, #69]	@ 0x45
10006482:	b25d      	sxtb	r5, r3
10006484:	2d00      	cmp	r5, #0
10006486:	dc04      	bgt.n	10006492 <xQueueReceive+0x122>
10006488:	e011      	b.n	100064ae <xQueueReceive+0x13e>
1000648a:	1e6b      	subs	r3, r5, #1
1000648c:	b2da      	uxtb	r2, r3
1000648e:	b25d      	sxtb	r5, r3
10006490:	b16a      	cbz	r2, 100064ae <xQueueReceive+0x13e>
10006492:	6a63      	ldr	r3, [r4, #36]	@ 0x24
10006494:	b15b      	cbz	r3, 100064ae <xQueueReceive+0x13e>
10006496:	4630      	mov	r0, r6
10006498:	f000 ffa0 	bl	100073dc <xTaskRemoveFromEventList>
1000649c:	2800      	cmp	r0, #0
1000649e:	d0f4      	beq.n	1000648a <xQueueReceive+0x11a>
100064a0:	f001 f840 	bl	10007524 <vTaskMissedYield>
100064a4:	1e6b      	subs	r3, r5, #1
100064a6:	b2da      	uxtb	r2, r3
100064a8:	b25d      	sxtb	r5, r3
100064aa:	2a00      	cmp	r2, #0
100064ac:	d1f1      	bne.n	10006492 <xQueueReceive+0x122>
100064ae:	23ff      	movs	r3, #255	@ 0xff
100064b0:	f884 3045 	strb.w	r3, [r4, #69]	@ 0x45
100064b4:	f001 fb52 	bl	10007b5c <vPortExitCritical>
100064b8:	f001 fb42 	bl	10007b40 <vPortEnterCritical>
100064bc:	f894 3044 	ldrb.w	r3, [r4, #68]	@ 0x44
100064c0:	b25d      	sxtb	r5, r3
100064c2:	2d00      	cmp	r5, #0
100064c4:	dd14      	ble.n	100064f0 <xQueueReceive+0x180>
100064c6:	f104 0910 	add.w	r9, r4, #16
100064ca:	e003      	b.n	100064d4 <xQueueReceive+0x164>
100064cc:	1e6b      	subs	r3, r5, #1
100064ce:	b2da      	uxtb	r2, r3
100064d0:	b25d      	sxtb	r5, r3
100064d2:	b16a      	cbz	r2, 100064f0 <xQueueReceive+0x180>
100064d4:	6923      	ldr	r3, [r4, #16]
100064d6:	b15b      	cbz	r3, 100064f0 <xQueueReceive+0x180>
100064d8:	4648      	mov	r0, r9
100064da:	f000 ff7f 	bl	100073dc <xTaskRemoveFromEventList>
100064de:	2800      	cmp	r0, #0
100064e0:	d0f4      	beq.n	100064cc <xQueueReceive+0x15c>
100064e2:	f001 f81f 	bl	10007524 <vTaskMissedYield>
100064e6:	1e6b      	subs	r3, r5, #1
100064e8:	b2da      	uxtb	r2, r3
100064ea:	b25d      	sxtb	r5, r3
100064ec:	2a00      	cmp	r2, #0
100064ee:	d1f1      	bne.n	100064d4 <xQueueReceive+0x164>
100064f0:	23ff      	movs	r3, #255	@ 0xff
100064f2:	f884 3044 	strb.w	r3, [r4, #68]	@ 0x44
100064f6:	f001 fb31 	bl	10007b5c <vPortExitCritical>
100064fa:	f000 fd53 	bl	10006fa4 <xTaskResumeAll>
100064fe:	f001 fb1f 	bl	10007b40 <vPortEnterCritical>
10006502:	6ba3      	ldr	r3, [r4, #56]	@ 0x38
10006504:	b153      	cbz	r3, 1000651c <xQueueReceive+0x1ac>
10006506:	f001 fb29 	bl	10007b5c <vPortExitCritical>
1000650a:	f001 fb19 	bl	10007b40 <vPortEnterCritical>
1000650e:	6ba5      	ldr	r5, [r4, #56]	@ 0x38
10006510:	2d00      	cmp	r5, #0
10006512:	d150      	bne.n	100065b6 <xQueueReceive+0x246>
10006514:	9b01      	ldr	r3, [sp, #4]
10006516:	2b00      	cmp	r3, #0
10006518:	f47f af40 	bne.w	1000639c <xQueueReceive+0x2c>
1000651c:	f001 fb1e 	bl	10007b5c <vPortExitCritical>
10006520:	2000      	movs	r0, #0
10006522:	b005      	add	sp, #20
10006524:	e8bd 83f0 	ldmia.w	sp!, {r4, r5, r6, r7, r8, r9, pc}
10006528:	f001 fb18 	bl	10007b5c <vPortExitCritical>
1000652c:	f001 fb08 	bl	10007b40 <vPortEnterCritical>
10006530:	f894 3045 	ldrb.w	r3, [r4, #69]	@ 0x45
10006534:	b25d      	sxtb	r5, r3
10006536:	2d00      	cmp	r5, #0
10006538:	dd14      	ble.n	10006564 <xQueueReceive+0x1f4>
1000653a:	f104 0924 	add.w	r9, r4, #36	@ 0x24
1000653e:	e003      	b.n	10006548 <xQueueReceive+0x1d8>
10006540:	1e6b      	subs	r3, r5, #1
10006542:	b2da      	uxtb	r2, r3
10006544:	b25d      	sxtb	r5, r3
10006546:	b16a      	cbz	r2, 10006564 <xQueueReceive+0x1f4>
10006548:	6a63      	ldr	r3, [r4, #36]	@ 0x24
1000654a:	b15b      	cbz	r3, 10006564 <xQueueReceive+0x1f4>
1000654c:	4648      	mov	r0, r9
1000654e:	f000 ff45 	bl	100073dc <xTaskRemoveFromEventList>
10006552:	2800      	cmp	r0, #0
10006554:	d0f4      	beq.n	10006540 <xQueueReceive+0x1d0>
10006556:	f000 ffe5 	bl	10007524 <vTaskMissedYield>
1000655a:	1e6b      	subs	r3, r5, #1
1000655c:	b2da      	uxtb	r2, r3
1000655e:	b25d      	sxtb	r5, r3
10006560:	2a00      	cmp	r2, #0
10006562:	d1f1      	bne.n	10006548 <xQueueReceive+0x1d8>
10006564:	23ff      	movs	r3, #255	@ 0xff
10006566:	f884 3045 	strb.w	r3, [r4, #69]	@ 0x45
1000656a:	f001 faf7 	bl	10007b5c <vPortExitCritical>
1000656e:	f001 fae7 	bl	10007b40 <vPortEnterCritical>
10006572:	f894 3044 	ldrb.w	r3, [r4, #68]	@ 0x44
10006576:	b25d      	sxtb	r5, r3
10006578:	2d00      	cmp	r5, #0
1000657a:	dd14      	ble.n	100065a6 <xQueueReceive+0x236>
1000657c:	f104 0910 	add.w	r9, r4, #16
10006580:	e003      	b.n	1000658a <xQueueReceive+0x21a>
10006582:	1e6b      	subs	r3, r5, #1
10006584:	b2da      	uxtb	r2, r3
10006586:	b25d      	sxtb	r5, r3
10006588:	b16a      	cbz	r2, 100065a6 <xQueueReceive+0x236>
1000658a:	6923      	ldr	r3, [r4, #16]
1000658c:	b15b      	cbz	r3, 100065a6 <xQueueReceive+0x236>
1000658e:	4648      	mov	r0, r9
10006590:	f000 ff24 	bl	100073dc <xTaskRemoveFromEventList>
10006594:	2800      	cmp	r0, #0
10006596:	d0f4      	beq.n	10006582 <xQueueReceive+0x212>
10006598:	f000 ffc4 	bl	10007524 <vTaskMissedYield>
1000659c:	1e6b      	subs	r3, r5, #1
1000659e:	b2da      	uxtb	r2, r3
100065a0:	b25d      	sxtb	r5, r3
100065a2:	2a00      	cmp	r2, #0
100065a4:	d1f1      	bne.n	1000658a <xQueueReceive+0x21a>
100065a6:	23ff      	movs	r3, #255	@ 0xff
100065a8:	f884 3044 	strb.w	r3, [r4, #68]	@ 0x44
100065ac:	f001 fad6 	bl	10007b5c <vPortExitCritical>
100065b0:	f000 fcf8 	bl	10006fa4 <xTaskResumeAll>
100065b4:	e7a9      	b.n	1000650a <xQueueReceive+0x19a>
100065b6:	6c22      	ldr	r2, [r4, #64]	@ 0x40
100065b8:	b15a      	cbz	r2, 100065d2 <xQueueReceive+0x262>
100065ba:	68e1      	ldr	r1, [r4, #12]
100065bc:	68a3      	ldr	r3, [r4, #8]
100065be:	4411      	add	r1, r2
100065c0:	4299      	cmp	r1, r3
100065c2:	60e1      	str	r1, [r4, #12]
100065c4:	bf28      	it	cs
100065c6:	6821      	ldrcs	r1, [r4, #0]
100065c8:	4640      	mov	r0, r8
100065ca:	bf28      	it	cs
100065cc:	60e1      	strcs	r1, [r4, #12]
100065ce:	f001 ffbb 	bl	10008548 <memcpy>
100065d2:	6923      	ldr	r3, [r4, #16]
100065d4:	3d01      	subs	r5, #1
100065d6:	63a5      	str	r5, [r4, #56]	@ 0x38
100065d8:	b92b      	cbnz	r3, 100065e6 <xQueueReceive+0x276>
100065da:	f001 fabf 	bl	10007b5c <vPortExitCritical>
100065de:	2001      	movs	r0, #1
100065e0:	b005      	add	sp, #20
100065e2:	e8bd 83f0 	ldmia.w	sp!, {r4, r5, r6, r7, r8, r9, pc}
100065e6:	f104 0010 	add.w	r0, r4, #16
100065ea:	f000 fef7 	bl	100073dc <xTaskRemoveFromEventList>
100065ee:	2800      	cmp	r0, #0
100065f0:	d0f3      	beq.n	100065da <xQueueReceive+0x26a>
100065f2:	f001 fa99 	bl	10007b28 <vPortYield>
100065f6:	e7f0      	b.n	100065da <xQueueReceive+0x26a>

100065f8 <xQueueSemaphoreTake>:
100065f8:	e92d 43f0 	stmdb	sp!, {r4, r5, r6, r7, r8, r9, lr}
100065fc:	4604      	mov	r4, r0
100065fe:	b085      	sub	sp, #20
10006600:	9101      	str	r1, [sp, #4]
10006602:	f001 fa9d 	bl	10007b40 <vPortEnterCritical>
10006606:	6ba5      	ldr	r5, [r4, #56]	@ 0x38
10006608:	2d00      	cmp	r5, #0
1000660a:	f040 813b 	bne.w	10006884 <xQueueSemaphoreTake+0x28c>
1000660e:	9b01      	ldr	r3, [sp, #4]
10006610:	2b00      	cmp	r3, #0
10006612:	f000 8081 	beq.w	10006718 <xQueueSemaphoreTake+0x120>
10006616:	a802      	add	r0, sp, #8
10006618:	f000 ff48 	bl	100074ac <vTaskInternalSetTimeOutState>
1000661c:	462f      	mov	r7, r5
1000661e:	46a8      	mov	r8, r5
10006620:	f104 0624 	add.w	r6, r4, #36	@ 0x24
10006624:	f001 fa9a 	bl	10007b5c <vPortExitCritical>
10006628:	f000 fcb4 	bl	10006f94 <vTaskSuspendAll>
1000662c:	f001 fa88 	bl	10007b40 <vPortEnterCritical>
10006630:	f894 3044 	ldrb.w	r3, [r4, #68]	@ 0x44
10006634:	2bff      	cmp	r3, #255	@ 0xff
10006636:	bf08      	it	eq
10006638:	f884 8044 	strbeq.w	r8, [r4, #68]	@ 0x44
1000663c:	f894 3045 	ldrb.w	r3, [r4, #69]	@ 0x45
10006640:	2bff      	cmp	r3, #255	@ 0xff
10006642:	bf08      	it	eq
10006644:	f884 8045 	strbeq.w	r8, [r4, #69]	@ 0x45
10006648:	f001 fa88 	bl	10007b5c <vPortExitCritical>
1000664c:	a901      	add	r1, sp, #4
1000664e:	a802      	add	r0, sp, #8
10006650:	f000 ff38 	bl	100074c4 <xTaskCheckForTimeOut>
10006654:	2800      	cmp	r0, #0
10006656:	d162      	bne.n	1000671e <xQueueSemaphoreTake+0x126>
10006658:	f001 fa72 	bl	10007b40 <vPortEnterCritical>
1000665c:	6ba3      	ldr	r3, [r4, #56]	@ 0x38
1000665e:	2b00      	cmp	r3, #0
10006660:	f040 80ac 	bne.w	100067bc <xQueueSemaphoreTake+0x1c4>
10006664:	f001 fa7a 	bl	10007b5c <vPortExitCritical>
10006668:	6823      	ldr	r3, [r4, #0]
1000666a:	2b00      	cmp	r3, #0
1000666c:	f000 8101 	beq.w	10006872 <xQueueSemaphoreTake+0x27a>
10006670:	f104 0924 	add.w	r9, r4, #36	@ 0x24
10006674:	4648      	mov	r0, r9
10006676:	9901      	ldr	r1, [sp, #4]
10006678:	f000 fdfe 	bl	10007278 <vTaskPlaceOnEventList>
1000667c:	f001 fa60 	bl	10007b40 <vPortEnterCritical>
10006680:	f894 3045 	ldrb.w	r3, [r4, #69]	@ 0x45
10006684:	b25d      	sxtb	r5, r3
10006686:	2d00      	cmp	r5, #0
10006688:	dc04      	bgt.n	10006694 <xQueueSemaphoreTake+0x9c>
1000668a:	e011      	b.n	100066b0 <xQueueSemaphoreTake+0xb8>
1000668c:	1e6b      	subs	r3, r5, #1
1000668e:	b2da      	uxtb	r2, r3
10006690:	b25d      	sxtb	r5, r3
10006692:	b16a      	cbz	r2, 100066b0 <xQueueSemaphoreTake+0xb8>
10006694:	6a63      	ldr	r3, [r4, #36]	@ 0x24
10006696:	b15b      	cbz	r3, 100066b0 <xQueueSemaphoreTake+0xb8>
10006698:	4648      	mov	r0, r9
1000669a:	f000 fe9f 	bl	100073dc <xTaskRemoveFromEventList>
1000669e:	2800      	cmp	r0, #0
100066a0:	d0f4      	beq.n	1000668c <xQueueSemaphoreTake+0x94>
100066a2:	f000 ff3f 	bl	10007524 <vTaskMissedYield>
100066a6:	1e6b      	subs	r3, r5, #1
100066a8:	b2da      	uxtb	r2, r3
100066aa:	b25d      	sxtb	r5, r3
100066ac:	2a00      	cmp	r2, #0
100066ae:	d1f1      	bne.n	10006694 <xQueueSemaphoreTake+0x9c>
100066b0:	23ff      	movs	r3, #255	@ 0xff
100066b2:	f884 3045 	strb.w	r3, [r4, #69]	@ 0x45
100066b6:	f001 fa51 	bl	10007b5c <vPortExitCritical>
100066ba:	f001 fa41 	bl	10007b40 <vPortEnterCritical>
100066be:	f894 3044 	ldrb.w	r3, [r4, #68]	@ 0x44
100066c2:	b25d      	sxtb	r5, r3
100066c4:	2d00      	cmp	r5, #0
100066c6:	dd14      	ble.n	100066f2 <xQueueSemaphoreTake+0xfa>
100066c8:	f104 0910 	add.w	r9, r4, #16
100066cc:	e003      	b.n	100066d6 <xQueueSemaphoreTake+0xde>
100066ce:	1e6b      	subs	r3, r5, #1
100066d0:	b2da      	uxtb	r2, r3
100066d2:	b25d      	sxtb	r5, r3
100066d4:	b16a      	cbz	r2, 100066f2 <xQueueSemaphoreTake+0xfa>
100066d6:	6923      	ldr	r3, [r4, #16]
100066d8:	b15b      	cbz	r3, 100066f2 <xQueueSemaphoreTake+0xfa>
100066da:	4648      	mov	r0, r9
100066dc:	f000 fe7e 	bl	100073dc <xTaskRemoveFromEventList>
100066e0:	2800      	cmp	r0, #0
100066e2:	d0f4      	beq.n	100066ce <xQueueSemaphoreTake+0xd6>
100066e4:	f000 ff1e 	bl	10007524 <vTaskMissedYield>
100066e8:	1e6b      	subs	r3, r5, #1
100066ea:	b2da      	uxtb	r2, r3
100066ec:	b25d      	sxtb	r5, r3
100066ee:	2a00      	cmp	r2, #0
100066f0:	d1f1      	bne.n	100066d6 <xQueueSemaphoreTake+0xde>
100066f2:	23ff      	movs	r3, #255	@ 0xff
100066f4:	f884 3044 	strb.w	r3, [r4, #68]	@ 0x44
100066f8:	f001 fa30 	bl	10007b5c <vPortExitCritical>
100066fc:	f000 fc52 	bl	10006fa4 <xTaskResumeAll>
10006700:	2800      	cmp	r0, #0
10006702:	f000 80a5 	beq.w	10006850 <xQueueSemaphoreTake+0x258>
10006706:	f001 fa1b 	bl	10007b40 <vPortEnterCritical>
1000670a:	6ba5      	ldr	r5, [r4, #56]	@ 0x38
1000670c:	2d00      	cmp	r5, #0
1000670e:	f040 80b9 	bne.w	10006884 <xQueueSemaphoreTake+0x28c>
10006712:	9b01      	ldr	r3, [sp, #4]
10006714:	2b00      	cmp	r3, #0
10006716:	d185      	bne.n	10006624 <xQueueSemaphoreTake+0x2c>
10006718:	f001 fa20 	bl	10007b5c <vPortExitCritical>
1000671c:	e04a      	b.n	100067b4 <xQueueSemaphoreTake+0x1bc>
1000671e:	f001 fa0f 	bl	10007b40 <vPortEnterCritical>
10006722:	f894 3045 	ldrb.w	r3, [r4, #69]	@ 0x45
10006726:	b25d      	sxtb	r5, r3
10006728:	2d00      	cmp	r5, #0
1000672a:	dc04      	bgt.n	10006736 <xQueueSemaphoreTake+0x13e>
1000672c:	e011      	b.n	10006752 <xQueueSemaphoreTake+0x15a>
1000672e:	1e6b      	subs	r3, r5, #1
10006730:	b2da      	uxtb	r2, r3
10006732:	b25d      	sxtb	r5, r3
10006734:	b16a      	cbz	r2, 10006752 <xQueueSemaphoreTake+0x15a>
10006736:	6a63      	ldr	r3, [r4, #36]	@ 0x24
10006738:	b15b      	cbz	r3, 10006752 <xQueueSemaphoreTake+0x15a>
1000673a:	4630      	mov	r0, r6
1000673c:	f000 fe4e 	bl	100073dc <xTaskRemoveFromEventList>
10006740:	2800      	cmp	r0, #0
10006742:	d0f4      	beq.n	1000672e <xQueueSemaphoreTake+0x136>
10006744:	f000 feee 	bl	10007524 <vTaskMissedYield>
10006748:	1e6b      	subs	r3, r5, #1
1000674a:	b2da      	uxtb	r2, r3
1000674c:	b25d      	sxtb	r5, r3
1000674e:	2a00      	cmp	r2, #0
10006750:	d1f1      	bne.n	10006736 <xQueueSemaphoreTake+0x13e>
10006752:	23ff      	movs	r3, #255	@ 0xff
10006754:	f884 3045 	strb.w	r3, [r4, #69]	@ 0x45
10006758:	f001 fa00 	bl	10007b5c <vPortExitCritical>
1000675c:	f001 f9f0 	bl	10007b40 <vPortEnterCritical>
10006760:	f894 3044 	ldrb.w	r3, [r4, #68]	@ 0x44
10006764:	b25d      	sxtb	r5, r3
10006766:	2d00      	cmp	r5, #0
10006768:	dd14      	ble.n	10006794 <xQueueSemaphoreTake+0x19c>
1000676a:	f104 0910 	add.w	r9, r4, #16
1000676e:	e003      	b.n	10006778 <xQueueSemaphoreTake+0x180>
10006770:	1e6b      	subs	r3, r5, #1
10006772:	b2da      	uxtb	r2, r3
10006774:	b25d      	sxtb	r5, r3
10006776:	b16a      	cbz	r2, 10006794 <xQueueSemaphoreTake+0x19c>
10006778:	6923      	ldr	r3, [r4, #16]
1000677a:	b15b      	cbz	r3, 10006794 <xQueueSemaphoreTake+0x19c>
1000677c:	4648      	mov	r0, r9
1000677e:	f000 fe2d 	bl	100073dc <xTaskRemoveFromEventList>
10006782:	2800      	cmp	r0, #0
10006784:	d0f4      	beq.n	10006770 <xQueueSemaphoreTake+0x178>
10006786:	f000 fecd 	bl	10007524 <vTaskMissedYield>
1000678a:	1e6b      	subs	r3, r5, #1
1000678c:	b2da      	uxtb	r2, r3
1000678e:	b25d      	sxtb	r5, r3
10006790:	2a00      	cmp	r2, #0
10006792:	d1f1      	bne.n	10006778 <xQueueSemaphoreTake+0x180>
10006794:	23ff      	movs	r3, #255	@ 0xff
10006796:	f884 3044 	strb.w	r3, [r4, #68]	@ 0x44
1000679a:	f001 f9df 	bl	10007b5c <vPortExitCritical>
1000679e:	f000 fc01 	bl	10006fa4 <xTaskResumeAll>
100067a2:	f001 f9cd 	bl	10007b40 <vPortEnterCritical>
100067a6:	6ba3      	ldr	r3, [r4, #56]	@ 0x38
100067a8:	2b00      	cmp	r3, #0
100067aa:	d14e      	bne.n	1000684a <xQueueSemaphoreTake+0x252>
100067ac:	f001 f9d6 	bl	10007b5c <vPortExitCritical>
100067b0:	2f00      	cmp	r7, #0
100067b2:	d150      	bne.n	10006856 <xQueueSemaphoreTake+0x25e>
100067b4:	2000      	movs	r0, #0
100067b6:	b005      	add	sp, #20
100067b8:	e8bd 83f0 	ldmia.w	sp!, {r4, r5, r6, r7, r8, r9, pc}
100067bc:	f001 f9ce 	bl	10007b5c <vPortExitCritical>
100067c0:	f001 f9be 	bl	10007b40 <vPortEnterCritical>
100067c4:	f894 3045 	ldrb.w	r3, [r4, #69]	@ 0x45
100067c8:	b25d      	sxtb	r5, r3
100067ca:	2d00      	cmp	r5, #0
100067cc:	dd14      	ble.n	100067f8 <xQueueSemaphoreTake+0x200>
100067ce:	f104 0924 	add.w	r9, r4, #36	@ 0x24
100067d2:	e003      	b.n	100067dc <xQueueSemaphoreTake+0x1e4>
100067d4:	1e6b      	subs	r3, r5, #1
100067d6:	b2da      	uxtb	r2, r3
100067d8:	b25d      	sxtb	r5, r3
100067da:	b16a      	cbz	r2, 100067f8 <xQueueSemaphoreTake+0x200>
100067dc:	6a63      	ldr	r3, [r4, #36]	@ 0x24
100067de:	b15b      	cbz	r3, 100067f8 <xQueueSemaphoreTake+0x200>
100067e0:	4648      	mov	r0, r9
100067e2:	f000 fdfb 	bl	100073dc <xTaskRemoveFromEventList>
100067e6:	2800      	cmp	r0, #0
100067e8:	d0f4      	beq.n	100067d4 <xQueueSemaphoreTake+0x1dc>
100067ea:	f000 fe9b 	bl	10007524 <vTaskMissedYield>
100067ee:	1e6b      	subs	r3, r5, #1
100067f0:	b2da      	uxtb	r2, r3
100067f2:	b25d      	sxtb	r5, r3
100067f4:	2a00      	cmp	r2, #0
100067f6:	d1f1      	bne.n	100067dc <xQueueSemaphoreTake+0x1e4>
100067f8:	23ff      	movs	r3, #255	@ 0xff
100067fa:	f884 3045 	strb.w	r3, [r4, #69]	@ 0x45
100067fe:	f001 f9ad 	bl	10007b5c <vPortExitCritical>
10006802:	f001 f99d 	bl	10007b40 <vPortEnterCritical>
10006806:	f894 3044 	ldrb.w	r3, [r4, #68]	@ 0x44
1000680a:	b25d      	sxtb	r5, r3
1000680c:	2d00      	cmp	r5, #0
1000680e:	dd14      	ble.n	1000683a <xQueueSemaphoreTake+0x242>
10006810:	f104 0910 	add.w	r9, r4, #16
10006814:	e003      	b.n	1000681e <xQueueSemaphoreTake+0x226>
10006816:	1e6b      	subs	r3, r5, #1
10006818:	b2da      	uxtb	r2, r3
1000681a:	b25d      	sxtb	r5, r3
1000681c:	b16a      	cbz	r2, 1000683a <xQueueSemaphoreTake+0x242>
1000681e:	6923      	ldr	r3, [r4, #16]
10006820:	b15b      	cbz	r3, 1000683a <xQueueSemaphoreTake+0x242>
10006822:	4648      	mov	r0, r9
10006824:	f000 fdda 	bl	100073dc <xTaskRemoveFromEventList>
10006828:	2800      	cmp	r0, #0
1000682a:	d0f4      	beq.n	10006816 <xQueueSemaphoreTake+0x21e>
1000682c:	f000 fe7a 	bl	10007524 <vTaskMissedYield>
10006830:	1e6b      	subs	r3, r5, #1
10006832:	b2da      	uxtb	r2, r3
10006834:	b25d      	sxtb	r5, r3
10006836:	2a00      	cmp	r2, #0
10006838:	d1f1      	bne.n	1000681e <xQueueSemaphoreTake+0x226>
1000683a:	23ff      	movs	r3, #255	@ 0xff
1000683c:	f884 3044 	strb.w	r3, [r4, #68]	@ 0x44
10006840:	f001 f98c 	bl	10007b5c <vPortExitCritical>
10006844:	f000 fbae 	bl	10006fa4 <xTaskResumeAll>
10006848:	e75d      	b.n	10006706 <xQueueSemaphoreTake+0x10e>
1000684a:	f001 f987 	bl	10007b5c <vPortExitCritical>
1000684e:	e75a      	b.n	10006706 <xQueueSemaphoreTake+0x10e>
10006850:	f001 f96a 	bl	10007b28 <vPortYield>
10006854:	e757      	b.n	10006706 <xQueueSemaphoreTake+0x10e>
10006856:	f001 f973 	bl	10007b40 <vPortEnterCritical>
1000685a:	6a61      	ldr	r1, [r4, #36]	@ 0x24
1000685c:	b119      	cbz	r1, 10006866 <xQueueSemaphoreTake+0x26e>
1000685e:	6b23      	ldr	r3, [r4, #48]	@ 0x30
10006860:	6819      	ldr	r1, [r3, #0]
10006862:	f1c1 0106 	rsb	r1, r1, #6
10006866:	68a0      	ldr	r0, [r4, #8]
10006868:	f000 fee0 	bl	1000762c <vTaskPriorityDisinheritAfterTimeout>
1000686c:	f001 f976 	bl	10007b5c <vPortExitCritical>
10006870:	e7a0      	b.n	100067b4 <xQueueSemaphoreTake+0x1bc>
10006872:	f001 f965 	bl	10007b40 <vPortEnterCritical>
10006876:	68a0      	ldr	r0, [r4, #8]
10006878:	f000 fe5a 	bl	10007530 <xTaskPriorityInherit>
1000687c:	4607      	mov	r7, r0
1000687e:	f001 f96d 	bl	10007b5c <vPortExitCritical>
10006882:	e6f5      	b.n	10006670 <xQueueSemaphoreTake+0x78>
10006884:	6823      	ldr	r3, [r4, #0]
10006886:	3d01      	subs	r5, #1
10006888:	63a5      	str	r5, [r4, #56]	@ 0x38
1000688a:	b183      	cbz	r3, 100068ae <xQueueSemaphoreTake+0x2b6>
1000688c:	6923      	ldr	r3, [r4, #16]
1000688e:	b92b      	cbnz	r3, 1000689c <xQueueSemaphoreTake+0x2a4>
10006890:	f001 f964 	bl	10007b5c <vPortExitCritical>
10006894:	2001      	movs	r0, #1
10006896:	b005      	add	sp, #20
10006898:	e8bd 83f0 	ldmia.w	sp!, {r4, r5, r6, r7, r8, r9, pc}
1000689c:	f104 0010 	add.w	r0, r4, #16
100068a0:	f000 fd9c 	bl	100073dc <xTaskRemoveFromEventList>
100068a4:	2800      	cmp	r0, #0
100068a6:	d0f3      	beq.n	10006890 <xQueueSemaphoreTake+0x298>
100068a8:	f001 f93e 	bl	10007b28 <vPortYield>
100068ac:	e7f0      	b.n	10006890 <xQueueSemaphoreTake+0x298>
100068ae:	f000 fef9 	bl	100076a4 <pvTaskIncrementMutexHeldCount>
100068b2:	60a0      	str	r0, [r4, #8]
100068b4:	e7ea      	b.n	1000688c <xQueueSemaphoreTake+0x294>
100068b6:	bf00      	nop

100068b8 <vQueueAddToRegistry>:
100068b8:	2900      	cmp	r1, #0
100068ba:	d06b      	beq.n	10006994 <vQueueAddToRegistry+0xdc>
100068bc:	4b56      	ldr	r3, [pc, #344]	@ (10006a18 <vQueueAddToRegistry+0x160>)
100068be:	685a      	ldr	r2, [r3, #4]
100068c0:	4290      	cmp	r0, r2
100068c2:	f000 808b 	beq.w	100069dc <vQueueAddToRegistry+0x124>
100068c6:	681a      	ldr	r2, [r3, #0]
100068c8:	b410      	push	{r4}
100068ca:	2a00      	cmp	r2, #0
100068cc:	d03b      	beq.n	10006946 <vQueueAddToRegistry+0x8e>
100068ce:	68da      	ldr	r2, [r3, #12]
100068d0:	4290      	cmp	r0, r2
100068d2:	f000 809e 	beq.w	10006a12 <vQueueAddToRegistry+0x15a>
100068d6:	689a      	ldr	r2, [r3, #8]
100068d8:	2a00      	cmp	r2, #0
100068da:	d055      	beq.n	10006988 <vQueueAddToRegistry+0xd0>
100068dc:	695a      	ldr	r2, [r3, #20]
100068de:	4290      	cmp	r0, r2
100068e0:	f000 8095 	beq.w	10006a0e <vQueueAddToRegistry+0x156>
100068e4:	691a      	ldr	r2, [r3, #16]
100068e6:	2a00      	cmp	r2, #0
100068e8:	d055      	beq.n	10006996 <vQueueAddToRegistry+0xde>
100068ea:	69da      	ldr	r2, [r3, #28]
100068ec:	4290      	cmp	r0, r2
100068ee:	f000 8082 	beq.w	100069f6 <vQueueAddToRegistry+0x13e>
100068f2:	699a      	ldr	r2, [r3, #24]
100068f4:	2a00      	cmp	r2, #0
100068f6:	d054      	beq.n	100069a2 <vQueueAddToRegistry+0xea>
100068f8:	6a5a      	ldr	r2, [r3, #36]	@ 0x24
100068fa:	4290      	cmp	r0, r2
100068fc:	d056      	beq.n	100069ac <vQueueAddToRegistry+0xf4>
100068fe:	6a1a      	ldr	r2, [r3, #32]
10006900:	2a00      	cmp	r2, #0
10006902:	d057      	beq.n	100069b4 <vQueueAddToRegistry+0xfc>
10006904:	6ada      	ldr	r2, [r3, #44]	@ 0x2c
10006906:	4290      	cmp	r0, r2
10006908:	d077      	beq.n	100069fa <vQueueAddToRegistry+0x142>
1000690a:	6a9a      	ldr	r2, [r3, #40]	@ 0x28
1000690c:	2a00      	cmp	r2, #0
1000690e:	d056      	beq.n	100069be <vQueueAddToRegistry+0x106>
10006910:	6b5a      	ldr	r2, [r3, #52]	@ 0x34
10006912:	4290      	cmp	r0, r2
10006914:	d073      	beq.n	100069fe <vQueueAddToRegistry+0x146>
10006916:	6b1a      	ldr	r2, [r3, #48]	@ 0x30
10006918:	2a00      	cmp	r2, #0
1000691a:	d055      	beq.n	100069c8 <vQueueAddToRegistry+0x110>
1000691c:	6bda      	ldr	r2, [r3, #60]	@ 0x3c
1000691e:	4290      	cmp	r0, r2
10006920:	d06f      	beq.n	10006a02 <vQueueAddToRegistry+0x14a>
10006922:	6b9a      	ldr	r2, [r3, #56]	@ 0x38
10006924:	2a00      	cmp	r2, #0
10006926:	d054      	beq.n	100069d2 <vQueueAddToRegistry+0x11a>
10006928:	6c5a      	ldr	r2, [r3, #68]	@ 0x44
1000692a:	4290      	cmp	r0, r2
1000692c:	d06b      	beq.n	10006a06 <vQueueAddToRegistry+0x14e>
1000692e:	6c1a      	ldr	r2, [r3, #64]	@ 0x40
10006930:	2a00      	cmp	r2, #0
10006932:	d059      	beq.n	100069e8 <vQueueAddToRegistry+0x130>
10006934:	6cda      	ldr	r2, [r3, #76]	@ 0x4c
10006936:	4290      	cmp	r0, r2
10006938:	d067      	beq.n	10006a0a <vQueueAddToRegistry+0x152>
1000693a:	6c9b      	ldr	r3, [r3, #72]	@ 0x48
1000693c:	2b00      	cmp	r3, #0
1000693e:	d058      	beq.n	100069f2 <vQueueAddToRegistry+0x13a>
10006940:	f85d 4b04 	ldr.w	r4, [sp], #4
10006944:	4770      	bx	lr
10006946:	68da      	ldr	r2, [r3, #12]
10006948:	4290      	cmp	r0, r2
1000694a:	d062      	beq.n	10006a12 <vQueueAddToRegistry+0x15a>
1000694c:	695a      	ldr	r2, [r3, #20]
1000694e:	4290      	cmp	r0, r2
10006950:	d05d      	beq.n	10006a0e <vQueueAddToRegistry+0x156>
10006952:	461a      	mov	r2, r3
10006954:	69dc      	ldr	r4, [r3, #28]
10006956:	42a0      	cmp	r0, r4
10006958:	d04d      	beq.n	100069f6 <vQueueAddToRegistry+0x13e>
1000695a:	6a5c      	ldr	r4, [r3, #36]	@ 0x24
1000695c:	42a0      	cmp	r0, r4
1000695e:	d025      	beq.n	100069ac <vQueueAddToRegistry+0xf4>
10006960:	6adc      	ldr	r4, [r3, #44]	@ 0x2c
10006962:	42a0      	cmp	r0, r4
10006964:	d049      	beq.n	100069fa <vQueueAddToRegistry+0x142>
10006966:	6b5c      	ldr	r4, [r3, #52]	@ 0x34
10006968:	42a0      	cmp	r0, r4
1000696a:	d048      	beq.n	100069fe <vQueueAddToRegistry+0x146>
1000696c:	6bdc      	ldr	r4, [r3, #60]	@ 0x3c
1000696e:	42a0      	cmp	r0, r4
10006970:	d047      	beq.n	10006a02 <vQueueAddToRegistry+0x14a>
10006972:	6c5c      	ldr	r4, [r3, #68]	@ 0x44
10006974:	42a0      	cmp	r0, r4
10006976:	d046      	beq.n	10006a06 <vQueueAddToRegistry+0x14e>
10006978:	6cdc      	ldr	r4, [r3, #76]	@ 0x4c
1000697a:	42a0      	cmp	r0, r4
1000697c:	d045      	beq.n	10006a0a <vQueueAddToRegistry+0x152>
1000697e:	e9c2 1000 	strd	r1, r0, [r2]
10006982:	f85d 4b04 	ldr.w	r4, [sp], #4
10006986:	4770      	bx	lr
10006988:	695a      	ldr	r2, [r3, #20]
1000698a:	4290      	cmp	r0, r2
1000698c:	d03f      	beq.n	10006a0e <vQueueAddToRegistry+0x156>
1000698e:	f103 0208 	add.w	r2, r3, #8
10006992:	e7df      	b.n	10006954 <vQueueAddToRegistry+0x9c>
10006994:	4770      	bx	lr
10006996:	69da      	ldr	r2, [r3, #28]
10006998:	4290      	cmp	r0, r2
1000699a:	d02c      	beq.n	100069f6 <vQueueAddToRegistry+0x13e>
1000699c:	f103 0210 	add.w	r2, r3, #16
100069a0:	e7db      	b.n	1000695a <vQueueAddToRegistry+0xa2>
100069a2:	6a5a      	ldr	r2, [r3, #36]	@ 0x24
100069a4:	4290      	cmp	r0, r2
100069a6:	d001      	beq.n	100069ac <vQueueAddToRegistry+0xf4>
100069a8:	4a1c      	ldr	r2, [pc, #112]	@ (10006a1c <vQueueAddToRegistry+0x164>)
100069aa:	e7d9      	b.n	10006960 <vQueueAddToRegistry+0xa8>
100069ac:	2204      	movs	r2, #4
100069ae:	eb03 02c2 	add.w	r2, r3, r2, lsl #3
100069b2:	e7e4      	b.n	1000697e <vQueueAddToRegistry+0xc6>
100069b4:	6ada      	ldr	r2, [r3, #44]	@ 0x2c
100069b6:	4290      	cmp	r0, r2
100069b8:	d01f      	beq.n	100069fa <vQueueAddToRegistry+0x142>
100069ba:	4a19      	ldr	r2, [pc, #100]	@ (10006a20 <vQueueAddToRegistry+0x168>)
100069bc:	e7d3      	b.n	10006966 <vQueueAddToRegistry+0xae>
100069be:	6b5a      	ldr	r2, [r3, #52]	@ 0x34
100069c0:	4290      	cmp	r0, r2
100069c2:	d01c      	beq.n	100069fe <vQueueAddToRegistry+0x146>
100069c4:	4a17      	ldr	r2, [pc, #92]	@ (10006a24 <vQueueAddToRegistry+0x16c>)
100069c6:	e7d1      	b.n	1000696c <vQueueAddToRegistry+0xb4>
100069c8:	6bda      	ldr	r2, [r3, #60]	@ 0x3c
100069ca:	4290      	cmp	r0, r2
100069cc:	d019      	beq.n	10006a02 <vQueueAddToRegistry+0x14a>
100069ce:	4a16      	ldr	r2, [pc, #88]	@ (10006a28 <vQueueAddToRegistry+0x170>)
100069d0:	e7cf      	b.n	10006972 <vQueueAddToRegistry+0xba>
100069d2:	6c5a      	ldr	r2, [r3, #68]	@ 0x44
100069d4:	4290      	cmp	r0, r2
100069d6:	d016      	beq.n	10006a06 <vQueueAddToRegistry+0x14e>
100069d8:	4a14      	ldr	r2, [pc, #80]	@ (10006a2c <vQueueAddToRegistry+0x174>)
100069da:	e7cd      	b.n	10006978 <vQueueAddToRegistry+0xc0>
100069dc:	2200      	movs	r2, #0
100069de:	eb03 02c2 	add.w	r2, r3, r2, lsl #3
100069e2:	e9c2 1000 	strd	r1, r0, [r2]
100069e6:	4770      	bx	lr
100069e8:	6cda      	ldr	r2, [r3, #76]	@ 0x4c
100069ea:	4290      	cmp	r0, r2
100069ec:	d00d      	beq.n	10006a0a <vQueueAddToRegistry+0x152>
100069ee:	4a10      	ldr	r2, [pc, #64]	@ (10006a30 <vQueueAddToRegistry+0x178>)
100069f0:	e7c5      	b.n	1000697e <vQueueAddToRegistry+0xc6>
100069f2:	4a10      	ldr	r2, [pc, #64]	@ (10006a34 <vQueueAddToRegistry+0x17c>)
100069f4:	e7c3      	b.n	1000697e <vQueueAddToRegistry+0xc6>
100069f6:	2203      	movs	r2, #3
100069f8:	e7d9      	b.n	100069ae <vQueueAddToRegistry+0xf6>
100069fa:	2205      	movs	r2, #5
100069fc:	e7d7      	b.n	100069ae <vQueueAddToRegistry+0xf6>
100069fe:	2206      	movs	r2, #6
10006a00:	e7d5      	b.n	100069ae <vQueueAddToRegistry+0xf6>
10006a02:	2207      	movs	r2, #7
10006a04:	e7d3      	b.n	100069ae <vQueueAddToRegistry+0xf6>
10006a06:	2208      	movs	r2, #8
10006a08:	e7d1      	b.n	100069ae <vQueueAddToRegistry+0xf6>
10006a0a:	2209      	movs	r2, #9
10006a0c:	e7cf      	b.n	100069ae <vQueueAddToRegistry+0xf6>
10006a0e:	2202      	movs	r2, #2
10006a10:	e7cd      	b.n	100069ae <vQueueAddToRegistry+0xf6>
10006a12:	2201      	movs	r2, #1
10006a14:	e7cb      	b.n	100069ae <vQueueAddToRegistry+0xf6>
10006a16:	bf00      	nop
10006a18:	20001908 	.word	0x20001908
10006a1c:	20001920 	.word	0x20001920
10006a20:	20001928 	.word	0x20001928
10006a24:	20001930 	.word	0x20001930
10006a28:	20001938 	.word	0x20001938
10006a2c:	20001940 	.word	0x20001940
10006a30:	20001948 	.word	0x20001948
10006a34:	20001950 	.word	0x20001950

10006a38 <vQueueWaitForMessageRestricted>:
10006a38:	b570      	push	{r4, r5, r6, lr}
10006a3a:	4605      	mov	r5, r0
10006a3c:	460e      	mov	r6, r1
10006a3e:	4614      	mov	r4, r2
10006a40:	f001 f87e 	bl	10007b40 <vPortEnterCritical>
10006a44:	f895 3044 	ldrb.w	r3, [r5, #68]	@ 0x44
10006a48:	2bff      	cmp	r3, #255	@ 0xff
10006a4a:	bf04      	itt	eq
10006a4c:	2300      	moveq	r3, #0
10006a4e:	f885 3044 	strbeq.w	r3, [r5, #68]	@ 0x44
10006a52:	f895 3045 	ldrb.w	r3, [r5, #69]	@ 0x45
10006a56:	2bff      	cmp	r3, #255	@ 0xff
10006a58:	bf04      	itt	eq
10006a5a:	2300      	moveq	r3, #0
10006a5c:	f885 3045 	strbeq.w	r3, [r5, #69]	@ 0x45
10006a60:	f001 f87c 	bl	10007b5c <vPortExitCritical>
10006a64:	6bab      	ldr	r3, [r5, #56]	@ 0x38
10006a66:	2b00      	cmp	r3, #0
10006a68:	d043      	beq.n	10006af2 <vQueueWaitForMessageRestricted+0xba>
10006a6a:	f001 f869 	bl	10007b40 <vPortEnterCritical>
10006a6e:	f895 3045 	ldrb.w	r3, [r5, #69]	@ 0x45
10006a72:	b25c      	sxtb	r4, r3
10006a74:	2c00      	cmp	r4, #0
10006a76:	dd14      	ble.n	10006aa2 <vQueueWaitForMessageRestricted+0x6a>
10006a78:	f105 0624 	add.w	r6, r5, #36	@ 0x24
10006a7c:	e003      	b.n	10006a86 <vQueueWaitForMessageRestricted+0x4e>
10006a7e:	1e63      	subs	r3, r4, #1
10006a80:	b2da      	uxtb	r2, r3
10006a82:	b25c      	sxtb	r4, r3
10006a84:	b16a      	cbz	r2, 10006aa2 <vQueueWaitForMessageRestricted+0x6a>
10006a86:	6a6b      	ldr	r3, [r5, #36]	@ 0x24
10006a88:	b15b      	cbz	r3, 10006aa2 <vQueueWaitForMessageRestricted+0x6a>
10006a8a:	4630      	mov	r0, r6
10006a8c:	f000 fca6 	bl	100073dc <xTaskRemoveFromEventList>
10006a90:	2800      	cmp	r0, #0
10006a92:	d0f4      	beq.n	10006a7e <vQueueWaitForMessageRestricted+0x46>
10006a94:	f000 fd46 	bl	10007524 <vTaskMissedYield>
10006a98:	1e63      	subs	r3, r4, #1
10006a9a:	b2da      	uxtb	r2, r3
10006a9c:	b25c      	sxtb	r4, r3
10006a9e:	2a00      	cmp	r2, #0
10006aa0:	d1f1      	bne.n	10006a86 <vQueueWaitForMessageRestricted+0x4e>
10006aa2:	23ff      	movs	r3, #255	@ 0xff
10006aa4:	f885 3045 	strb.w	r3, [r5, #69]	@ 0x45
10006aa8:	f001 f858 	bl	10007b5c <vPortExitCritical>
10006aac:	f001 f848 	bl	10007b40 <vPortEnterCritical>
10006ab0:	f895 3044 	ldrb.w	r3, [r5, #68]	@ 0x44
10006ab4:	b25c      	sxtb	r4, r3
10006ab6:	2c00      	cmp	r4, #0
10006ab8:	dd14      	ble.n	10006ae4 <vQueueWaitForMessageRestricted+0xac>
10006aba:	f105 0610 	add.w	r6, r5, #16
10006abe:	e003      	b.n	10006ac8 <vQueueWaitForMessageRestricted+0x90>
10006ac0:	1e63      	subs	r3, r4, #1
10006ac2:	b2da      	uxtb	r2, r3
10006ac4:	b25c      	sxtb	r4, r3
10006ac6:	b16a      	cbz	r2, 10006ae4 <vQueueWaitForMessageRestricted+0xac>
10006ac8:	692b      	ldr	r3, [r5, #16]
10006aca:	b15b      	cbz	r3, 10006ae4 <vQueueWaitForMessageRestricted+0xac>
10006acc:	4630      	mov	r0, r6
10006ace:	f000 fc85 	bl	100073dc <xTaskRemoveFromEventList>
10006ad2:	2800      	cmp	r0, #0
10006ad4:	d0f4      	beq.n	10006ac0 <vQueueWaitForMessageRestricted+0x88>
10006ad6:	f000 fd25 	bl	10007524 <vTaskMissedYield>
10006ada:	1e63      	subs	r3, r4, #1
10006adc:	b2da      	uxtb	r2, r3
10006ade:	b25c      	sxtb	r4, r3
10006ae0:	2a00      	cmp	r2, #0
10006ae2:	d1f1      	bne.n	10006ac8 <vQueueWaitForMessageRestricted+0x90>
10006ae4:	23ff      	movs	r3, #255	@ 0xff
10006ae6:	f885 3044 	strb.w	r3, [r5, #68]	@ 0x44
10006aea:	e8bd 4070 	ldmia.w	sp!, {r4, r5, r6, lr}
10006aee:	f001 b835 	b.w	10007b5c <vPortExitCritical>
10006af2:	4622      	mov	r2, r4
10006af4:	4631      	mov	r1, r6
10006af6:	f105 0024 	add.w	r0, r5, #36	@ 0x24
10006afa:	f000 fc09 	bl	10007310 <vTaskPlaceOnEventListRestricted>
10006afe:	e7b4      	b.n	10006a6a <vQueueWaitForMessageRestricted+0x32>

10006b00 <prvAddNewTaskToReadyList>:
10006b00:	e92d 41f0 	stmdb	sp!, {r4, r5, r6, r7, r8, lr}
10006b04:	4604      	mov	r4, r0
10006b06:	f001 f81b 	bl	10007b40 <vPortEnterCritical>
10006b0a:	4a36      	ldr	r2, [pc, #216]	@ (10006be4 <prvAddNewTaskToReadyList+0xe4>)
10006b0c:	4e36      	ldr	r6, [pc, #216]	@ (10006be8 <prvAddNewTaskToReadyList+0xe8>)
10006b0e:	6813      	ldr	r3, [r2, #0]
10006b10:	3301      	adds	r3, #1
10006b12:	6013      	str	r3, [r2, #0]
10006b14:	6833      	ldr	r3, [r6, #0]
10006b16:	2b00      	cmp	r3, #0
10006b18:	d034      	beq.n	10006b84 <prvAddNewTaskToReadyList+0x84>
10006b1a:	4f34      	ldr	r7, [pc, #208]	@ (10006bec <prvAddNewTaskToReadyList+0xec>)
10006b1c:	6ae3      	ldr	r3, [r4, #44]	@ 0x2c
10006b1e:	683a      	ldr	r2, [r7, #0]
10006b20:	b34a      	cbz	r2, 10006b76 <prvAddNewTaskToReadyList+0x76>
10006b22:	4d33      	ldr	r5, [pc, #204]	@ (10006bf0 <prvAddNewTaskToReadyList+0xf0>)
10006b24:	4933      	ldr	r1, [pc, #204]	@ (10006bf4 <prvAddNewTaskToReadyList+0xf4>)
10006b26:	4834      	ldr	r0, [pc, #208]	@ (10006bf8 <prvAddNewTaskToReadyList+0xf8>)
10006b28:	680a      	ldr	r2, [r1, #0]
10006b2a:	f104 0c04 	add.w	ip, r4, #4
10006b2e:	3201      	adds	r2, #1
10006b30:	600a      	str	r2, [r1, #0]
10006b32:	6802      	ldr	r2, [r0, #0]
10006b34:	429a      	cmp	r2, r3
10006b36:	bf38      	it	cc
10006b38:	6003      	strcc	r3, [r0, #0]
10006b3a:	eb03 0383 	add.w	r3, r3, r3, lsl #2
10006b3e:	eb05 0083 	add.w	r0, r5, r3, lsl #2
10006b42:	6841      	ldr	r1, [r0, #4]
10006b44:	009b      	lsls	r3, r3, #2
10006b46:	58ea      	ldr	r2, [r5, r3]
10006b48:	f8d1 e008 	ldr.w	lr, [r1, #8]
10006b4c:	60a1      	str	r1, [r4, #8]
10006b4e:	f8c4 e00c 	str.w	lr, [r4, #12]
10006b52:	3201      	adds	r2, #1
10006b54:	f8ce c004 	str.w	ip, [lr, #4]
10006b58:	f8c1 c008 	str.w	ip, [r1, #8]
10006b5c:	6160      	str	r0, [r4, #20]
10006b5e:	50ea      	str	r2, [r5, r3]
10006b60:	f000 fffc 	bl	10007b5c <vPortExitCritical>
10006b64:	683b      	ldr	r3, [r7, #0]
10006b66:	b123      	cbz	r3, 10006b72 <prvAddNewTaskToReadyList+0x72>
10006b68:	6832      	ldr	r2, [r6, #0]
10006b6a:	6ae3      	ldr	r3, [r4, #44]	@ 0x2c
10006b6c:	6ad2      	ldr	r2, [r2, #44]	@ 0x2c
10006b6e:	429a      	cmp	r2, r3
10006b70:	d310      	bcc.n	10006b94 <prvAddNewTaskToReadyList+0x94>
10006b72:	e8bd 81f0 	ldmia.w	sp!, {r4, r5, r6, r7, r8, pc}
10006b76:	6832      	ldr	r2, [r6, #0]
10006b78:	4d1d      	ldr	r5, [pc, #116]	@ (10006bf0 <prvAddNewTaskToReadyList+0xf0>)
10006b7a:	6ad2      	ldr	r2, [r2, #44]	@ 0x2c
10006b7c:	429a      	cmp	r2, r3
10006b7e:	bf98      	it	ls
10006b80:	6034      	strls	r4, [r6, #0]
10006b82:	e7cf      	b.n	10006b24 <prvAddNewTaskToReadyList+0x24>
10006b84:	6034      	str	r4, [r6, #0]
10006b86:	6813      	ldr	r3, [r2, #0]
10006b88:	2b01      	cmp	r3, #1
10006b8a:	d007      	beq.n	10006b9c <prvAddNewTaskToReadyList+0x9c>
10006b8c:	6ae3      	ldr	r3, [r4, #44]	@ 0x2c
10006b8e:	4d18      	ldr	r5, [pc, #96]	@ (10006bf0 <prvAddNewTaskToReadyList+0xf0>)
10006b90:	4f16      	ldr	r7, [pc, #88]	@ (10006bec <prvAddNewTaskToReadyList+0xec>)
10006b92:	e7c7      	b.n	10006b24 <prvAddNewTaskToReadyList+0x24>
10006b94:	e8bd 41f0 	ldmia.w	sp!, {r4, r5, r6, r7, r8, lr}
10006b98:	f000 bfc6 	b.w	10007b28 <vPortYield>
10006b9c:	4d14      	ldr	r5, [pc, #80]	@ (10006bf0 <prvAddNewTaskToReadyList+0xf0>)
10006b9e:	462f      	mov	r7, r5
10006ba0:	f105 0878 	add.w	r8, r5, #120	@ 0x78
10006ba4:	4638      	mov	r0, r7
10006ba6:	3714      	adds	r7, #20
10006ba8:	f001 f942 	bl	10007e30 <vListInitialise>
10006bac:	4547      	cmp	r7, r8
10006bae:	d1f9      	bne.n	10006ba4 <prvAddNewTaskToReadyList+0xa4>
10006bb0:	f8df 8060 	ldr.w	r8, [pc, #96]	@ 10006c14 <prvAddNewTaskToReadyList+0x114>
10006bb4:	4f11      	ldr	r7, [pc, #68]	@ (10006bfc <prvAddNewTaskToReadyList+0xfc>)
10006bb6:	4640      	mov	r0, r8
10006bb8:	f001 f93a 	bl	10007e30 <vListInitialise>
10006bbc:	4638      	mov	r0, r7
10006bbe:	f001 f937 	bl	10007e30 <vListInitialise>
10006bc2:	480f      	ldr	r0, [pc, #60]	@ (10006c00 <prvAddNewTaskToReadyList+0x100>)
10006bc4:	f001 f934 	bl	10007e30 <vListInitialise>
10006bc8:	480e      	ldr	r0, [pc, #56]	@ (10006c04 <prvAddNewTaskToReadyList+0x104>)
10006bca:	f001 f931 	bl	10007e30 <vListInitialise>
10006bce:	480e      	ldr	r0, [pc, #56]	@ (10006c08 <prvAddNewTaskToReadyList+0x108>)
10006bd0:	f001 f92e 	bl	10007e30 <vListInitialise>
10006bd4:	4b0d      	ldr	r3, [pc, #52]	@ (10006c0c <prvAddNewTaskToReadyList+0x10c>)
10006bd6:	f8c3 8000 	str.w	r8, [r3]
10006bda:	4b0d      	ldr	r3, [pc, #52]	@ (10006c10 <prvAddNewTaskToReadyList+0x110>)
10006bdc:	601f      	str	r7, [r3, #0]
10006bde:	6ae3      	ldr	r3, [r4, #44]	@ 0x2c
10006be0:	4f02      	ldr	r7, [pc, #8]	@ (10006bec <prvAddNewTaskToReadyList+0xec>)
10006be2:	e79f      	b.n	10006b24 <prvAddNewTaskToReadyList+0x24>
10006be4:	200025fc 	.word	0x200025fc
10006be8:	20002544 	.word	0x20002544
10006bec:	20002698 	.word	0x20002698
10006bf0:	20002558 	.word	0x20002558
10006bf4:	20002608 	.word	0x20002608
10006bf8:	2000260c 	.word	0x2000260c
10006bfc:	20002650 	.word	0x20002650
10006c00:	20002684 	.word	0x20002684
10006c04:	200026b0 	.word	0x200026b0
10006c08:	2000269c 	.word	0x2000269c
10006c0c:	2000254c 	.word	0x2000254c
10006c10:	20002550 	.word	0x20002550
10006c14:	2000263c 	.word	0x2000263c

10006c18 <prvIdleTask>:
10006c18:	b580      	push	{r7, lr}
10006c1a:	4d12      	ldr	r5, [pc, #72]	@ (10006c64 <prvIdleTask+0x4c>)
10006c1c:	4f12      	ldr	r7, [pc, #72]	@ (10006c68 <prvIdleTask+0x50>)
10006c1e:	4e13      	ldr	r6, [pc, #76]	@ (10006c6c <prvIdleTask+0x54>)
10006c20:	f8df 804c 	ldr.w	r8, [pc, #76]	@ 10006c70 <prvIdleTask+0x58>
10006c24:	e014      	b.n	10006c50 <prvIdleTask+0x38>
10006c26:	f000 ff8b 	bl	10007b40 <vPortEnterCritical>
10006c2a:	68fb      	ldr	r3, [r7, #12]
10006c2c:	68dc      	ldr	r4, [r3, #12]
10006c2e:	1d20      	adds	r0, r4, #4
10006c30:	f001 f926 	bl	10007e80 <uxListRemove>
10006c34:	6833      	ldr	r3, [r6, #0]
10006c36:	3b01      	subs	r3, #1
10006c38:	6033      	str	r3, [r6, #0]
10006c3a:	682b      	ldr	r3, [r5, #0]
10006c3c:	3b01      	subs	r3, #1
10006c3e:	602b      	str	r3, [r5, #0]
10006c40:	f000 ff8c 	bl	10007b5c <vPortExitCritical>
10006c44:	6b20      	ldr	r0, [r4, #48]	@ 0x30
10006c46:	f000 ff2d 	bl	10007aa4 <vPortFree>
10006c4a:	4620      	mov	r0, r4
10006c4c:	f000 ff2a 	bl	10007aa4 <vPortFree>
10006c50:	682b      	ldr	r3, [r5, #0]
10006c52:	2b00      	cmp	r3, #0
10006c54:	d1e7      	bne.n	10006c26 <prvIdleTask+0xe>
10006c56:	f8d8 3000 	ldr.w	r3, [r8]
10006c5a:	2b01      	cmp	r3, #1
10006c5c:	d9f8      	bls.n	10006c50 <prvIdleTask+0x38>
10006c5e:	f000 ff63 	bl	10007b28 <vPortYield>
10006c62:	e7f5      	b.n	10006c50 <prvIdleTask+0x38>
10006c64:	20002600 	.word	0x20002600
10006c68:	200026b0 	.word	0x200026b0
10006c6c:	200025fc 	.word	0x200025fc
10006c70:	20002558 	.word	0x20002558

10006c74 <xTaskIncrementTick.part.0>:
10006c74:	e92d 4ff0 	stmdb	sp!, {r4, r5, r6, r7, r8, r9, sl, fp, lr}
10006c78:	4b4c      	ldr	r3, [pc, #304]	@ (10006dac <xTaskIncrementTick.part.0+0x138>)
10006c7a:	b083      	sub	sp, #12
10006c7c:	681d      	ldr	r5, [r3, #0]
10006c7e:	3501      	adds	r5, #1
10006c80:	601d      	str	r5, [r3, #0]
10006c82:	2d00      	cmp	r5, #0
10006c84:	d067      	beq.n	10006d56 <xTaskIncrementTick.part.0+0xe2>
10006c86:	494a      	ldr	r1, [pc, #296]	@ (10006db0 <xTaskIncrementTick.part.0+0x13c>)
10006c88:	680b      	ldr	r3, [r1, #0]
10006c8a:	429d      	cmp	r5, r3
10006c8c:	d377      	bcc.n	10006d7e <xTaskIncrementTick.part.0+0x10a>
10006c8e:	4e49      	ldr	r6, [pc, #292]	@ (10006db4 <xTaskIncrementTick.part.0+0x140>)
10006c90:	6833      	ldr	r3, [r6, #0]
10006c92:	6818      	ldr	r0, [r3, #0]
10006c94:	2800      	cmp	r0, #0
10006c96:	f000 8084 	beq.w	10006da2 <xTaskIncrementTick.part.0+0x12e>
10006c9a:	2000      	movs	r0, #0
10006c9c:	46aa      	mov	sl, r5
10006c9e:	4607      	mov	r7, r0
10006ca0:	4681      	mov	r9, r0
10006ca2:	f8df e128 	ldr.w	lr, [pc, #296]	@ 10006dcc <xTaskIncrementTick.part.0+0x158>
10006ca6:	4c44      	ldr	r4, [pc, #272]	@ (10006db8 <xTaskIncrementTick.part.0+0x144>)
10006ca8:	9101      	str	r1, [sp, #4]
10006caa:	e047      	b.n	10006d3c <xTaskIncrementTick.part.0+0xc8>
10006cac:	6958      	ldr	r0, [r3, #20]
10006cae:	e9d3 2c02 	ldrd	r2, ip, [r3, #8]
10006cb2:	f8c2 c008 	str.w	ip, [r2, #8]
10006cb6:	f8cc 2004 	str.w	r2, [ip, #4]
10006cba:	6842      	ldr	r2, [r0, #4]
10006cbc:	428a      	cmp	r2, r1
10006cbe:	6802      	ldr	r2, [r0, #0]
10006cc0:	bf08      	it	eq
10006cc2:	f8c0 c004 	streq.w	ip, [r0, #4]
10006cc6:	3a01      	subs	r2, #1
10006cc8:	615f      	str	r7, [r3, #20]
10006cca:	6002      	str	r2, [r0, #0]
10006ccc:	6a98      	ldr	r0, [r3, #40]	@ 0x28
10006cce:	b170      	cbz	r0, 10006cee <xTaskIncrementTick.part.0+0x7a>
10006cd0:	e9d3 2c07 	ldrd	r2, ip, [r3, #28]
10006cd4:	f8c2 c008 	str.w	ip, [r2, #8]
10006cd8:	f8cc 2004 	str.w	r2, [ip, #4]
10006cdc:	6842      	ldr	r2, [r0, #4]
10006cde:	42aa      	cmp	r2, r5
10006ce0:	6802      	ldr	r2, [r0, #0]
10006ce2:	bf08      	it	eq
10006ce4:	f8c0 c004 	streq.w	ip, [r0, #4]
10006ce8:	3a01      	subs	r2, #1
10006cea:	629f      	str	r7, [r3, #40]	@ 0x28
10006cec:	6002      	str	r2, [r0, #0]
10006cee:	6ada      	ldr	r2, [r3, #44]	@ 0x2c
10006cf0:	f8de 0000 	ldr.w	r0, [lr]
10006cf4:	eb02 0c82 	add.w	ip, r2, r2, lsl #2
10006cf8:	eb04 088c 	add.w	r8, r4, ip, lsl #2
10006cfc:	4282      	cmp	r2, r0
10006cfe:	f8d8 0004 	ldr.w	r0, [r8, #4]
10006d02:	f854 502c 	ldr.w	r5, [r4, ip, lsl #2]
10006d06:	f8d0 b008 	ldr.w	fp, [r0, #8]
10006d0a:	6098      	str	r0, [r3, #8]
10006d0c:	f8c3 b00c 	str.w	fp, [r3, #12]
10006d10:	f8cb 1004 	str.w	r1, [fp, #4]
10006d14:	6081      	str	r1, [r0, #8]
10006d16:	f8c3 8014 	str.w	r8, [r3, #20]
10006d1a:	4b28      	ldr	r3, [pc, #160]	@ (10006dbc <xTaskIncrementTick.part.0+0x148>)
10006d1c:	bf88      	it	hi
10006d1e:	f8ce 2000 	strhi.w	r2, [lr]
10006d22:	6819      	ldr	r1, [r3, #0]
10006d24:	3501      	adds	r5, #1
10006d26:	6833      	ldr	r3, [r6, #0]
10006d28:	f844 502c 	str.w	r5, [r4, ip, lsl #2]
10006d2c:	6ac9      	ldr	r1, [r1, #44]	@ 0x2c
10006d2e:	681b      	ldr	r3, [r3, #0]
10006d30:	428a      	cmp	r2, r1
10006d32:	bf88      	it	hi
10006d34:	f049 0901 	orrhi.w	r9, r9, #1
10006d38:	2b00      	cmp	r3, #0
10006d3a:	d030      	beq.n	10006d9e <xTaskIncrementTick.part.0+0x12a>
10006d3c:	6833      	ldr	r3, [r6, #0]
10006d3e:	68db      	ldr	r3, [r3, #12]
10006d40:	68db      	ldr	r3, [r3, #12]
10006d42:	685a      	ldr	r2, [r3, #4]
10006d44:	1d19      	adds	r1, r3, #4
10006d46:	4592      	cmp	sl, r2
10006d48:	f103 0518 	add.w	r5, r3, #24
10006d4c:	d2ae      	bcs.n	10006cac <xTaskIncrementTick.part.0+0x38>
10006d4e:	9901      	ldr	r1, [sp, #4]
10006d50:	4648      	mov	r0, r9
10006d52:	600a      	str	r2, [r1, #0]
10006d54:	e014      	b.n	10006d80 <xTaskIncrementTick.part.0+0x10c>
10006d56:	4b17      	ldr	r3, [pc, #92]	@ (10006db4 <xTaskIncrementTick.part.0+0x140>)
10006d58:	4a19      	ldr	r2, [pc, #100]	@ (10006dc0 <xTaskIncrementTick.part.0+0x14c>)
10006d5a:	6818      	ldr	r0, [r3, #0]
10006d5c:	6811      	ldr	r1, [r2, #0]
10006d5e:	6019      	str	r1, [r3, #0]
10006d60:	4918      	ldr	r1, [pc, #96]	@ (10006dc4 <xTaskIncrementTick.part.0+0x150>)
10006d62:	6010      	str	r0, [r2, #0]
10006d64:	680a      	ldr	r2, [r1, #0]
10006d66:	3201      	adds	r2, #1
10006d68:	600a      	str	r2, [r1, #0]
10006d6a:	681a      	ldr	r2, [r3, #0]
10006d6c:	6812      	ldr	r2, [r2, #0]
10006d6e:	b982      	cbnz	r2, 10006d92 <xTaskIncrementTick.part.0+0x11e>
10006d70:	f04f 33ff 	mov.w	r3, #4294967295
10006d74:	490e      	ldr	r1, [pc, #56]	@ (10006db0 <xTaskIncrementTick.part.0+0x13c>)
10006d76:	600b      	str	r3, [r1, #0]
10006d78:	680b      	ldr	r3, [r1, #0]
10006d7a:	429d      	cmp	r5, r3
10006d7c:	d287      	bcs.n	10006c8e <xTaskIncrementTick.part.0+0x1a>
10006d7e:	2000      	movs	r0, #0
10006d80:	4b11      	ldr	r3, [pc, #68]	@ (10006dc8 <xTaskIncrementTick.part.0+0x154>)
10006d82:	681b      	ldr	r3, [r3, #0]
10006d84:	2b00      	cmp	r3, #0
10006d86:	bf18      	it	ne
10006d88:	f040 0001 	orrne.w	r0, r0, #1
10006d8c:	b003      	add	sp, #12
10006d8e:	e8bd 8ff0 	ldmia.w	sp!, {r4, r5, r6, r7, r8, r9, sl, fp, pc}
10006d92:	681b      	ldr	r3, [r3, #0]
10006d94:	4906      	ldr	r1, [pc, #24]	@ (10006db0 <xTaskIncrementTick.part.0+0x13c>)
10006d96:	68db      	ldr	r3, [r3, #12]
10006d98:	681b      	ldr	r3, [r3, #0]
10006d9a:	600b      	str	r3, [r1, #0]
10006d9c:	e774      	b.n	10006c88 <xTaskIncrementTick.part.0+0x14>
10006d9e:	4648      	mov	r0, r9
10006da0:	9901      	ldr	r1, [sp, #4]
10006da2:	f04f 33ff 	mov.w	r3, #4294967295
10006da6:	600b      	str	r3, [r1, #0]
10006da8:	e7ea      	b.n	10006d80 <xTaskIncrementTick.part.0+0x10c>
10006daa:	bf00      	nop
10006dac:	200026c4 	.word	0x200026c4
10006db0:	20002678 	.word	0x20002678
10006db4:	2000254c 	.word	0x2000254c
10006db8:	20002558 	.word	0x20002558
10006dbc:	20002544 	.word	0x20002544
10006dc0:	20002550 	.word	0x20002550
10006dc4:	2000267c 	.word	0x2000267c
10006dc8:	200026d0 	.word	0x200026d0
10006dcc:	2000260c 	.word	0x2000260c

10006dd0 <xTaskCreate>:
10006dd0:	e92d 43f8 	stmdb	sp!, {r3, r4, r5, r6, r7, r8, r9, lr}
10006dd4:	0095      	lsls	r5, r2, #2
10006dd6:	4680      	mov	r8, r0
10006dd8:	4628      	mov	r0, r5
10006dda:	460f      	mov	r7, r1
10006ddc:	4699      	mov	r9, r3
10006dde:	f000 fe55 	bl	10007a8c <pvPortMalloc>
10006de2:	2800      	cmp	r0, #0
10006de4:	d072      	beq.n	10006ecc <xTaskCreate+0xfc>
10006de6:	4606      	mov	r6, r0
10006de8:	2070      	movs	r0, #112	@ 0x70
10006dea:	f000 fe4f 	bl	10007a8c <pvPortMalloc>
10006dee:	4604      	mov	r4, r0
10006df0:	2800      	cmp	r0, #0
10006df2:	d068      	beq.n	10006ec6 <xTaskCreate+0xf6>
10006df4:	3d04      	subs	r5, #4
10006df6:	2270      	movs	r2, #112	@ 0x70
10006df8:	2100      	movs	r1, #0
10006dfa:	4435      	add	r5, r6
10006dfc:	f001 fb2c 	bl	10008458 <memset>
10006e00:	f025 0507 	bic.w	r5, r5, #7
10006e04:	6326      	str	r6, [r4, #48]	@ 0x30
10006e06:	2f00      	cmp	r7, #0
10006e08:	d03b      	beq.n	10006e82 <xTaskCreate+0xb2>
10006e0a:	783b      	ldrb	r3, [r7, #0]
10006e0c:	f884 3034 	strb.w	r3, [r4, #52]	@ 0x34
10006e10:	2b00      	cmp	r3, #0
10006e12:	d036      	beq.n	10006e82 <xTaskCreate+0xb2>
10006e14:	787b      	ldrb	r3, [r7, #1]
10006e16:	f884 3035 	strb.w	r3, [r4, #53]	@ 0x35
10006e1a:	b393      	cbz	r3, 10006e82 <xTaskCreate+0xb2>
10006e1c:	78bb      	ldrb	r3, [r7, #2]
10006e1e:	f884 3036 	strb.w	r3, [r4, #54]	@ 0x36
10006e22:	b373      	cbz	r3, 10006e82 <xTaskCreate+0xb2>
10006e24:	78fb      	ldrb	r3, [r7, #3]
10006e26:	f884 3037 	strb.w	r3, [r4, #55]	@ 0x37
10006e2a:	b353      	cbz	r3, 10006e82 <xTaskCreate+0xb2>
10006e2c:	793b      	ldrb	r3, [r7, #4]
10006e2e:	f884 3038 	strb.w	r3, [r4, #56]	@ 0x38
10006e32:	b333      	cbz	r3, 10006e82 <xTaskCreate+0xb2>
10006e34:	797b      	ldrb	r3, [r7, #5]
10006e36:	f884 3039 	strb.w	r3, [r4, #57]	@ 0x39
10006e3a:	b313      	cbz	r3, 10006e82 <xTaskCreate+0xb2>
10006e3c:	79bb      	ldrb	r3, [r7, #6]
10006e3e:	f884 303a 	strb.w	r3, [r4, #58]	@ 0x3a
10006e42:	b1f3      	cbz	r3, 10006e82 <xTaskCreate+0xb2>
10006e44:	79fb      	ldrb	r3, [r7, #7]
10006e46:	f884 303b 	strb.w	r3, [r4, #59]	@ 0x3b
10006e4a:	b1d3      	cbz	r3, 10006e82 <xTaskCreate+0xb2>
10006e4c:	7a3b      	ldrb	r3, [r7, #8]
10006e4e:	f884 303c 	strb.w	r3, [r4, #60]	@ 0x3c
10006e52:	b1b3      	cbz	r3, 10006e82 <xTaskCreate+0xb2>
10006e54:	7a7b      	ldrb	r3, [r7, #9]
10006e56:	f884 303d 	strb.w	r3, [r4, #61]	@ 0x3d
10006e5a:	b193      	cbz	r3, 10006e82 <xTaskCreate+0xb2>
10006e5c:	7abb      	ldrb	r3, [r7, #10]
10006e5e:	f884 303e 	strb.w	r3, [r4, #62]	@ 0x3e
10006e62:	b173      	cbz	r3, 10006e82 <xTaskCreate+0xb2>
10006e64:	7afb      	ldrb	r3, [r7, #11]
10006e66:	f884 303f 	strb.w	r3, [r4, #63]	@ 0x3f
10006e6a:	b153      	cbz	r3, 10006e82 <xTaskCreate+0xb2>
10006e6c:	7b3b      	ldrb	r3, [r7, #12]
10006e6e:	f884 3040 	strb.w	r3, [r4, #64]	@ 0x40
10006e72:	b133      	cbz	r3, 10006e82 <xTaskCreate+0xb2>
10006e74:	7b7b      	ldrb	r3, [r7, #13]
10006e76:	f884 3041 	strb.w	r3, [r4, #65]	@ 0x41
10006e7a:	b113      	cbz	r3, 10006e82 <xTaskCreate+0xb2>
10006e7c:	7bbb      	ldrb	r3, [r7, #14]
10006e7e:	f884 3042 	strb.w	r3, [r4, #66]	@ 0x42
10006e82:	9f08      	ldr	r7, [sp, #32]
10006e84:	1d20      	adds	r0, r4, #4
10006e86:	2f05      	cmp	r7, #5
10006e88:	bf28      	it	cs
10006e8a:	2705      	movcs	r7, #5
10006e8c:	62e7      	str	r7, [r4, #44]	@ 0x2c
10006e8e:	6467      	str	r7, [r4, #68]	@ 0x44
10006e90:	f000 ffda 	bl	10007e48 <vListInitialiseItem>
10006e94:	f1c7 0706 	rsb	r7, r7, #6
10006e98:	f104 0018 	add.w	r0, r4, #24
10006e9c:	f000 ffd4 	bl	10007e48 <vListInitialiseItem>
10006ea0:	464b      	mov	r3, r9
10006ea2:	4642      	mov	r2, r8
10006ea4:	4628      	mov	r0, r5
10006ea6:	6b21      	ldr	r1, [r4, #48]	@ 0x30
10006ea8:	61a7      	str	r7, [r4, #24]
10006eaa:	6124      	str	r4, [r4, #16]
10006eac:	6264      	str	r4, [r4, #36]	@ 0x24
10006eae:	f000 fe77 	bl	10007ba0 <pxPortInitialiseStack>
10006eb2:	9b09      	ldr	r3, [sp, #36]	@ 0x24
10006eb4:	6020      	str	r0, [r4, #0]
10006eb6:	b103      	cbz	r3, 10006eba <xTaskCreate+0xea>
10006eb8:	601c      	str	r4, [r3, #0]
10006eba:	4620      	mov	r0, r4
10006ebc:	f7ff fe20 	bl	10006b00 <prvAddNewTaskToReadyList>
10006ec0:	2001      	movs	r0, #1
10006ec2:	e8bd 83f8 	ldmia.w	sp!, {r3, r4, r5, r6, r7, r8, r9, pc}
10006ec6:	4630      	mov	r0, r6
10006ec8:	f000 fdec 	bl	10007aa4 <vPortFree>
10006ecc:	f04f 30ff 	mov.w	r0, #4294967295
10006ed0:	e8bd 83f8 	ldmia.w	sp!, {r3, r4, r5, r6, r7, r8, r9, pc}

10006ed4 <vTaskStartScheduler>:
10006ed4:	e92d 43f8 	stmdb	sp!, {r3, r4, r5, r6, r7, r8, r9, lr}
10006ed8:	f44f 7000 	mov.w	r0, #512	@ 0x200
10006edc:	f000 fdd6 	bl	10007a8c <pvPortMalloc>
10006ee0:	b388      	cbz	r0, 10006f46 <vTaskStartScheduler+0x72>
10006ee2:	4606      	mov	r6, r0
10006ee4:	2070      	movs	r0, #112	@ 0x70
10006ee6:	f000 fdd1 	bl	10007a8c <pvPortMalloc>
10006eea:	4604      	mov	r4, r0
10006eec:	b378      	cbz	r0, 10006f4e <vTaskStartScheduler+0x7a>
10006eee:	2700      	movs	r7, #0
10006ef0:	f8df 9098 	ldr.w	r9, [pc, #152]	@ 10006f8c <vTaskStartScheduler+0xb8>
10006ef4:	4639      	mov	r1, r7
10006ef6:	2270      	movs	r2, #112	@ 0x70
10006ef8:	f001 faae 	bl	10008458 <memset>
10006efc:	f506 75fe 	add.w	r5, r6, #508	@ 0x1fc
10006f00:	e9c4 690c 	strd	r6, r9, [r4, #48]	@ 0x30
10006f04:	2606      	movs	r6, #6
10006f06:	1d20      	adds	r0, r4, #4
10006f08:	f000 ff9e 	bl	10007e48 <vListInitialiseItem>
10006f0c:	f025 0507 	bic.w	r5, r5, #7
10006f10:	f104 0018 	add.w	r0, r4, #24
10006f14:	f000 ff98 	bl	10007e48 <vListInitialiseItem>
10006f18:	463b      	mov	r3, r7
10006f1a:	4a17      	ldr	r2, [pc, #92]	@ (10006f78 <vTaskStartScheduler+0xa4>)
10006f1c:	6b21      	ldr	r1, [r4, #48]	@ 0x30
10006f1e:	4628      	mov	r0, r5
10006f20:	6124      	str	r4, [r4, #16]
10006f22:	61a6      	str	r6, [r4, #24]
10006f24:	6264      	str	r4, [r4, #36]	@ 0x24
10006f26:	f000 fe3b 	bl	10007ba0 <pxPortInitialiseStack>
10006f2a:	4603      	mov	r3, r0
10006f2c:	f8df 8060 	ldr.w	r8, [pc, #96]	@ 10006f90 <vTaskStartScheduler+0xbc>
10006f30:	6023      	str	r3, [r4, #0]
10006f32:	4620      	mov	r0, r4
10006f34:	2701      	movs	r7, #1
10006f36:	f8c8 4000 	str.w	r4, [r8]
10006f3a:	f7ff fde1 	bl	10006b00 <prvAddNewTaskToReadyList>
10006f3e:	f000 fd63 	bl	10007a08 <xTimerCreateTimerTask>
10006f42:	42b8      	cmp	r0, r7
10006f44:	d00a      	beq.n	10006f5c <vTaskStartScheduler+0x88>
10006f46:	4b0d      	ldr	r3, [pc, #52]	@ (10006f7c <vTaskStartScheduler+0xa8>)
10006f48:	681b      	ldr	r3, [r3, #0]
10006f4a:	e8bd 83f8 	ldmia.w	sp!, {r3, r4, r5, r6, r7, r8, r9, pc}
10006f4e:	4630      	mov	r0, r6
10006f50:	f000 fda8 	bl	10007aa4 <vPortFree>
10006f54:	4b09      	ldr	r3, [pc, #36]	@ (10006f7c <vTaskStartScheduler+0xa8>)
10006f56:	681b      	ldr	r3, [r3, #0]
10006f58:	e8bd 83f8 	ldmia.w	sp!, {r3, r4, r5, r6, r7, r8, r9, pc}
10006f5c:	f000 fefa 	bl	10007d54 <ulSetInterruptMask>
10006f60:	f04f 34ff 	mov.w	r4, #4294967295
10006f64:	2200      	movs	r2, #0
10006f66:	4906      	ldr	r1, [pc, #24]	@ (10006f80 <vTaskStartScheduler+0xac>)
10006f68:	4b06      	ldr	r3, [pc, #24]	@ (10006f84 <vTaskStartScheduler+0xb0>)
10006f6a:	4807      	ldr	r0, [pc, #28]	@ (10006f88 <vTaskStartScheduler+0xb4>)
10006f6c:	6004      	str	r4, [r0, #0]
10006f6e:	600f      	str	r7, [r1, #0]
10006f70:	601a      	str	r2, [r3, #0]
10006f72:	f000 fe51 	bl	10007c18 <xPortStartScheduler>
10006f76:	e7e6      	b.n	10006f46 <vTaskStartScheduler+0x72>
10006f78:	10006c19 	.word	0x10006c19
10006f7c:	10009494 	.word	0x10009494
10006f80:	20002698 	.word	0x20002698
10006f84:	200026c4 	.word	0x200026c4
10006f88:	20002678 	.word	0x20002678
10006f8c:	454c4449 	.word	0x454c4449
10006f90:	20002668 	.word	0x20002668

10006f94 <vTaskSuspendAll>:
10006f94:	4a02      	ldr	r2, [pc, #8]	@ (10006fa0 <vTaskSuspendAll+0xc>)
10006f96:	6813      	ldr	r3, [r2, #0]
10006f98:	3301      	adds	r3, #1
10006f9a:	6013      	str	r3, [r2, #0]
10006f9c:	4770      	bx	lr
10006f9e:	bf00      	nop
10006fa0:	20002604 	.word	0x20002604

10006fa4 <xTaskResumeAll>:
10006fa4:	e92d 4ff0 	stmdb	sp!, {r4, r5, r6, r7, r8, r9, sl, fp, lr}
10006fa8:	f8df 816c 	ldr.w	r8, [pc, #364]	@ 10007118 <xTaskResumeAll+0x174>
10006fac:	b083      	sub	sp, #12
10006fae:	f000 fdc7 	bl	10007b40 <vPortEnterCritical>
10006fb2:	f8d8 3000 	ldr.w	r3, [r8]
10006fb6:	3b01      	subs	r3, #1
10006fb8:	f8c8 3000 	str.w	r3, [r8]
10006fbc:	f8d8 e000 	ldr.w	lr, [r8]
10006fc0:	f1be 0f00 	cmp.w	lr, #0
10006fc4:	f040 8081 	bne.w	100070ca <xTaskResumeAll+0x126>
10006fc8:	4b4c      	ldr	r3, [pc, #304]	@ (100070fc <xTaskResumeAll+0x158>)
10006fca:	681b      	ldr	r3, [r3, #0]
10006fcc:	2b00      	cmp	r3, #0
10006fce:	d07c      	beq.n	100070ca <xTaskResumeAll+0x126>
10006fd0:	f8df c148 	ldr.w	ip, [pc, #328]	@ 1000711c <xTaskResumeAll+0x178>
10006fd4:	f8dc 3000 	ldr.w	r3, [ip]
10006fd8:	2b00      	cmp	r3, #0
10006fda:	f000 808b 	beq.w	100070f4 <xTaskResumeAll+0x150>
10006fde:	4b48      	ldr	r3, [pc, #288]	@ (10007100 <xTaskResumeAll+0x15c>)
10006fe0:	f8df 913c 	ldr.w	r9, [pc, #316]	@ 10007120 <xTaskResumeAll+0x17c>
10006fe4:	4e47      	ldr	r6, [pc, #284]	@ (10007104 <xTaskResumeAll+0x160>)
10006fe6:	9301      	str	r3, [sp, #4]
10006fe8:	f8dc 300c 	ldr.w	r3, [ip, #12]
10006fec:	68db      	ldr	r3, [r3, #12]
10006fee:	6a9a      	ldr	r2, [r3, #40]	@ 0x28
10006ff0:	e9d3 0107 	ldrd	r0, r1, [r3, #28]
10006ff4:	6854      	ldr	r4, [r2, #4]
10006ff6:	6081      	str	r1, [r0, #8]
10006ff8:	6048      	str	r0, [r1, #4]
10006ffa:	f103 0018 	add.w	r0, r3, #24
10006ffe:	4284      	cmp	r4, r0
10007000:	bf08      	it	eq
10007002:	6051      	streq	r1, [r2, #4]
10007004:	6811      	ldr	r1, [r2, #0]
10007006:	f8c3 e028 	str.w	lr, [r3, #40]	@ 0x28
1000700a:	3901      	subs	r1, #1
1000700c:	6011      	str	r1, [r2, #0]
1000700e:	695a      	ldr	r2, [r3, #20]
10007010:	e9d3 4102 	ldrd	r4, r1, [r3, #8]
10007014:	60a1      	str	r1, [r4, #8]
10007016:	604c      	str	r4, [r1, #4]
10007018:	6854      	ldr	r4, [r2, #4]
1000701a:	1d1d      	adds	r5, r3, #4
1000701c:	42ac      	cmp	r4, r5
1000701e:	bf08      	it	eq
10007020:	6051      	streq	r1, [r2, #4]
10007022:	6811      	ldr	r1, [r2, #0]
10007024:	f8d9 0000 	ldr.w	r0, [r9]
10007028:	3901      	subs	r1, #1
1000702a:	6011      	str	r1, [r2, #0]
1000702c:	6ada      	ldr	r2, [r3, #44]	@ 0x2c
1000702e:	4282      	cmp	r2, r0
10007030:	4835      	ldr	r0, [pc, #212]	@ (10007108 <xTaskResumeAll+0x164>)
10007032:	eb02 0182 	add.w	r1, r2, r2, lsl #2
10007036:	bf88      	it	hi
10007038:	f8c9 2000 	strhi.w	r2, [r9]
1000703c:	6800      	ldr	r0, [r0, #0]
1000703e:	eb06 0781 	add.w	r7, r6, r1, lsl #2
10007042:	687c      	ldr	r4, [r7, #4]
10007044:	f8d0 a02c 	ldr.w	sl, [r0, #44]	@ 0x2c
10007048:	f856 0021 	ldr.w	r0, [r6, r1, lsl #2]
1000704c:	f8d4 b008 	ldr.w	fp, [r4, #8]
10007050:	3001      	adds	r0, #1
10007052:	4552      	cmp	r2, sl
10007054:	609c      	str	r4, [r3, #8]
10007056:	f8c3 b00c 	str.w	fp, [r3, #12]
1000705a:	f8cb 5004 	str.w	r5, [fp, #4]
1000705e:	60a5      	str	r5, [r4, #8]
10007060:	615f      	str	r7, [r3, #20]
10007062:	f846 0021 	str.w	r0, [r6, r1, lsl #2]
10007066:	d937      	bls.n	100070d8 <xTaskResumeAll+0x134>
10007068:	2201      	movs	r2, #1
1000706a:	9b01      	ldr	r3, [sp, #4]
1000706c:	601a      	str	r2, [r3, #0]
1000706e:	f8dc 3000 	ldr.w	r3, [ip]
10007072:	2b00      	cmp	r3, #0
10007074:	d1b8      	bne.n	10006fe8 <xTaskResumeAll+0x44>
10007076:	4b25      	ldr	r3, [pc, #148]	@ (1000710c <xTaskResumeAll+0x168>)
10007078:	681a      	ldr	r2, [r3, #0]
1000707a:	6812      	ldr	r2, [r2, #0]
1000707c:	2a00      	cmp	r2, #0
1000707e:	d034      	beq.n	100070ea <xTaskResumeAll+0x146>
10007080:	681a      	ldr	r2, [r3, #0]
10007082:	4b23      	ldr	r3, [pc, #140]	@ (10007110 <xTaskResumeAll+0x16c>)
10007084:	68d2      	ldr	r2, [r2, #12]
10007086:	6812      	ldr	r2, [r2, #0]
10007088:	601a      	str	r2, [r3, #0]
1000708a:	4d22      	ldr	r5, [pc, #136]	@ (10007114 <xTaskResumeAll+0x170>)
1000708c:	682c      	ldr	r4, [r5, #0]
1000708e:	b19c      	cbz	r4, 100070b8 <xTaskResumeAll+0x114>
10007090:	2601      	movs	r6, #1
10007092:	9f01      	ldr	r7, [sp, #4]
10007094:	e005      	b.n	100070a2 <xTaskResumeAll+0xfe>
10007096:	f7ff fded 	bl	10006c74 <xTaskIncrementTick.part.0>
1000709a:	b100      	cbz	r0, 1000709e <xTaskResumeAll+0xfa>
1000709c:	603e      	str	r6, [r7, #0]
1000709e:	3c01      	subs	r4, #1
100070a0:	d009      	beq.n	100070b6 <xTaskResumeAll+0x112>
100070a2:	f8d8 3000 	ldr.w	r3, [r8]
100070a6:	2b00      	cmp	r3, #0
100070a8:	d0f5      	beq.n	10007096 <xTaskResumeAll+0xf2>
100070aa:	682b      	ldr	r3, [r5, #0]
100070ac:	3c01      	subs	r4, #1
100070ae:	f103 0301 	add.w	r3, r3, #1
100070b2:	602b      	str	r3, [r5, #0]
100070b4:	d1f5      	bne.n	100070a2 <xTaskResumeAll+0xfe>
100070b6:	602c      	str	r4, [r5, #0]
100070b8:	9b01      	ldr	r3, [sp, #4]
100070ba:	681b      	ldr	r3, [r3, #0]
100070bc:	b12b      	cbz	r3, 100070ca <xTaskResumeAll+0x126>
100070be:	4b12      	ldr	r3, [pc, #72]	@ (10007108 <xTaskResumeAll+0x164>)
100070c0:	2401      	movs	r4, #1
100070c2:	681b      	ldr	r3, [r3, #0]
100070c4:	f000 fd30 	bl	10007b28 <vPortYield>
100070c8:	e000      	b.n	100070cc <xTaskResumeAll+0x128>
100070ca:	2400      	movs	r4, #0
100070cc:	f000 fd46 	bl	10007b5c <vPortExitCritical>
100070d0:	4620      	mov	r0, r4
100070d2:	b003      	add	sp, #12
100070d4:	e8bd 8ff0 	ldmia.w	sp!, {r4, r5, r6, r7, r8, r9, sl, fp, pc}
100070d8:	f8dc 3000 	ldr.w	r3, [ip]
100070dc:	2b00      	cmp	r3, #0
100070de:	d183      	bne.n	10006fe8 <xTaskResumeAll+0x44>
100070e0:	4b0a      	ldr	r3, [pc, #40]	@ (1000710c <xTaskResumeAll+0x168>)
100070e2:	681a      	ldr	r2, [r3, #0]
100070e4:	6812      	ldr	r2, [r2, #0]
100070e6:	2a00      	cmp	r2, #0
100070e8:	d1ca      	bne.n	10007080 <xTaskResumeAll+0xdc>
100070ea:	f04f 32ff 	mov.w	r2, #4294967295
100070ee:	4b08      	ldr	r3, [pc, #32]	@ (10007110 <xTaskResumeAll+0x16c>)
100070f0:	601a      	str	r2, [r3, #0]
100070f2:	e7ca      	b.n	1000708a <xTaskResumeAll+0xe6>
100070f4:	4b02      	ldr	r3, [pc, #8]	@ (10007100 <xTaskResumeAll+0x15c>)
100070f6:	9301      	str	r3, [sp, #4]
100070f8:	e7c7      	b.n	1000708a <xTaskResumeAll+0xe6>
100070fa:	bf00      	nop
100070fc:	200025fc 	.word	0x200025fc
10007100:	200026d0 	.word	0x200026d0
10007104:	20002558 	.word	0x20002558
10007108:	20002544 	.word	0x20002544
1000710c:	2000254c 	.word	0x2000254c
10007110:	20002678 	.word	0x20002678
10007114:	20002680 	.word	0x20002680
10007118:	20002604 	.word	0x20002604
1000711c:	20002684 	.word	0x20002684
10007120:	2000260c 	.word	0x2000260c

10007124 <vTaskDelay>:
10007124:	b908      	cbnz	r0, 1000712a <vTaskDelay+0x6>
10007126:	f000 bcff 	b.w	10007b28 <vPortYield>
1000712a:	4a19      	ldr	r2, [pc, #100]	@ (10007190 <vTaskDelay+0x6c>)
1000712c:	e92d 41f0 	stmdb	sp!, {r4, r5, r6, r7, r8, lr}
10007130:	6813      	ldr	r3, [r2, #0]
10007132:	4604      	mov	r4, r0
10007134:	3301      	adds	r3, #1
10007136:	6013      	str	r3, [r2, #0]
10007138:	4916      	ldr	r1, [pc, #88]	@ (10007194 <vTaskDelay+0x70>)
1000713a:	4b17      	ldr	r3, [pc, #92]	@ (10007198 <vTaskDelay+0x74>)
1000713c:	4d17      	ldr	r5, [pc, #92]	@ (1000719c <vTaskDelay+0x78>)
1000713e:	4a18      	ldr	r2, [pc, #96]	@ (100071a0 <vTaskDelay+0x7c>)
10007140:	680e      	ldr	r6, [r1, #0]
10007142:	6817      	ldr	r7, [r2, #0]
10007144:	f8d3 8000 	ldr.w	r8, [r3]
10007148:	6828      	ldr	r0, [r5, #0]
1000714a:	3004      	adds	r0, #4
1000714c:	f000 fe98 	bl	10007e80 <uxListRemove>
10007150:	682b      	ldr	r3, [r5, #0]
10007152:	19a4      	adds	r4, r4, r6
10007154:	6829      	ldr	r1, [r5, #0]
10007156:	605c      	str	r4, [r3, #4]
10007158:	d20d      	bcs.n	10007176 <vTaskDelay+0x52>
1000715a:	4638      	mov	r0, r7
1000715c:	3104      	adds	r1, #4
1000715e:	f000 fe77 	bl	10007e50 <vListInsert>
10007162:	4b10      	ldr	r3, [pc, #64]	@ (100071a4 <vTaskDelay+0x80>)
10007164:	681a      	ldr	r2, [r3, #0]
10007166:	4294      	cmp	r4, r2
10007168:	bf38      	it	cc
1000716a:	601c      	strcc	r4, [r3, #0]
1000716c:	f7ff ff1a 	bl	10006fa4 <xTaskResumeAll>
10007170:	b148      	cbz	r0, 10007186 <vTaskDelay+0x62>
10007172:	e8bd 81f0 	ldmia.w	sp!, {r4, r5, r6, r7, r8, pc}
10007176:	4640      	mov	r0, r8
10007178:	3104      	adds	r1, #4
1000717a:	f000 fe69 	bl	10007e50 <vListInsert>
1000717e:	f7ff ff11 	bl	10006fa4 <xTaskResumeAll>
10007182:	2800      	cmp	r0, #0
10007184:	d1f5      	bne.n	10007172 <vTaskDelay+0x4e>
10007186:	e8bd 41f0 	ldmia.w	sp!, {r4, r5, r6, r7, r8, lr}
1000718a:	f000 bccd 	b.w	10007b28 <vPortYield>
1000718e:	bf00      	nop
10007190:	20002604 	.word	0x20002604
10007194:	200026c4 	.word	0x200026c4
10007198:	20002550 	.word	0x20002550
1000719c:	20002544 	.word	0x20002544
100071a0:	2000254c 	.word	0x2000254c
100071a4:	20002678 	.word	0x20002678

100071a8 <xTaskGetTickCount>:
100071a8:	4b01      	ldr	r3, [pc, #4]	@ (100071b0 <xTaskGetTickCount+0x8>)
100071aa:	6818      	ldr	r0, [r3, #0]
100071ac:	4770      	bx	lr
100071ae:	bf00      	nop
100071b0:	200026c4 	.word	0x200026c4

100071b4 <xTaskIncrementTick>:
100071b4:	4b05      	ldr	r3, [pc, #20]	@ (100071cc <xTaskIncrementTick+0x18>)
100071b6:	681b      	ldr	r3, [r3, #0]
100071b8:	b90b      	cbnz	r3, 100071be <xTaskIncrementTick+0xa>
100071ba:	f7ff bd5b 	b.w	10006c74 <xTaskIncrementTick.part.0>
100071be:	4a04      	ldr	r2, [pc, #16]	@ (100071d0 <xTaskIncrementTick+0x1c>)
100071c0:	2000      	movs	r0, #0
100071c2:	6813      	ldr	r3, [r2, #0]
100071c4:	3301      	adds	r3, #1
100071c6:	6013      	str	r3, [r2, #0]
100071c8:	4770      	bx	lr
100071ca:	bf00      	nop
100071cc:	20002604 	.word	0x20002604
100071d0:	20002680 	.word	0x20002680

100071d4 <vTaskSwitchContext>:
100071d4:	4b23      	ldr	r3, [pc, #140]	@ (10007264 <vTaskSwitchContext+0x90>)
100071d6:	681b      	ldr	r3, [r3, #0]
100071d8:	b11b      	cbz	r3, 100071e2 <vTaskSwitchContext+0xe>
100071da:	2201      	movs	r2, #1
100071dc:	4b22      	ldr	r3, [pc, #136]	@ (10007268 <vTaskSwitchContext+0x94>)
100071de:	601a      	str	r2, [r3, #0]
100071e0:	4770      	bx	lr
100071e2:	4a21      	ldr	r2, [pc, #132]	@ (10007268 <vTaskSwitchContext+0x94>)
100071e4:	b430      	push	{r4, r5}
100071e6:	4c21      	ldr	r4, [pc, #132]	@ (1000726c <vTaskSwitchContext+0x98>)
100071e8:	6013      	str	r3, [r2, #0]
100071ea:	6820      	ldr	r0, [r4, #0]
100071ec:	4a20      	ldr	r2, [pc, #128]	@ (10007270 <vTaskSwitchContext+0x9c>)
100071ee:	eb00 0380 	add.w	r3, r0, r0, lsl #2
100071f2:	f852 3023 	ldr.w	r3, [r2, r3, lsl #2]
100071f6:	0081      	lsls	r1, r0, #2
100071f8:	bb8b      	cbnz	r3, 1000725e <vTaskSwitchContext+0x8a>
100071fa:	1e43      	subs	r3, r0, #1
100071fc:	eb03 0583 	add.w	r5, r3, r3, lsl #2
10007200:	f852 5025 	ldr.w	r5, [r2, r5, lsl #2]
10007204:	0099      	lsls	r1, r3, #2
10007206:	b9b5      	cbnz	r5, 10007236 <vTaskSwitchContext+0x62>
10007208:	1e83      	subs	r3, r0, #2
1000720a:	eb03 0583 	add.w	r5, r3, r3, lsl #2
1000720e:	f852 5025 	ldr.w	r5, [r2, r5, lsl #2]
10007212:	0099      	lsls	r1, r3, #2
10007214:	b97d      	cbnz	r5, 10007236 <vTaskSwitchContext+0x62>
10007216:	1ec3      	subs	r3, r0, #3
10007218:	eb03 0583 	add.w	r5, r3, r3, lsl #2
1000721c:	f852 5025 	ldr.w	r5, [r2, r5, lsl #2]
10007220:	0099      	lsls	r1, r3, #2
10007222:	b945      	cbnz	r5, 10007236 <vTaskSwitchContext+0x62>
10007224:	1f03      	subs	r3, r0, #4
10007226:	eb03 0583 	add.w	r5, r3, r3, lsl #2
1000722a:	f852 5025 	ldr.w	r5, [r2, r5, lsl #2]
1000722e:	0099      	lsls	r1, r3, #2
10007230:	b90d      	cbnz	r5, 10007236 <vTaskSwitchContext+0x62>
10007232:	1f43      	subs	r3, r0, #5
10007234:	0099      	lsls	r1, r3, #2
10007236:	4419      	add	r1, r3
10007238:	eb02 0081 	add.w	r0, r2, r1, lsl #2
1000723c:	4602      	mov	r2, r0
1000723e:	6841      	ldr	r1, [r0, #4]
10007240:	3208      	adds	r2, #8
10007242:	6849      	ldr	r1, [r1, #4]
10007244:	4291      	cmp	r1, r2
10007246:	6041      	str	r1, [r0, #4]
10007248:	bf08      	it	eq
1000724a:	68c1      	ldreq	r1, [r0, #12]
1000724c:	4a09      	ldr	r2, [pc, #36]	@ (10007274 <vTaskSwitchContext+0xa0>)
1000724e:	bf08      	it	eq
10007250:	6041      	streq	r1, [r0, #4]
10007252:	68c9      	ldr	r1, [r1, #12]
10007254:	6011      	str	r1, [r2, #0]
10007256:	6023      	str	r3, [r4, #0]
10007258:	6813      	ldr	r3, [r2, #0]
1000725a:	bc30      	pop	{r4, r5}
1000725c:	4770      	bx	lr
1000725e:	4603      	mov	r3, r0
10007260:	e7e9      	b.n	10007236 <vTaskSwitchContext+0x62>
10007262:	bf00      	nop
10007264:	20002604 	.word	0x20002604
10007268:	200026d0 	.word	0x200026d0
1000726c:	2000260c 	.word	0x2000260c
10007270:	20002558 	.word	0x20002558
10007274:	20002544 	.word	0x20002544

10007278 <vTaskPlaceOnEventList>:
10007278:	e92d 41f0 	stmdb	sp!, {r4, r5, r6, r7, r8, lr}
1000727c:	460c      	mov	r4, r1
1000727e:	4d1e      	ldr	r5, [pc, #120]	@ (100072f8 <vTaskPlaceOnEventList+0x80>)
10007280:	6829      	ldr	r1, [r5, #0]
10007282:	3118      	adds	r1, #24
10007284:	f000 fde4 	bl	10007e50 <vListInsert>
10007288:	4b1c      	ldr	r3, [pc, #112]	@ (100072fc <vTaskPlaceOnEventList+0x84>)
1000728a:	491d      	ldr	r1, [pc, #116]	@ (10007300 <vTaskPlaceOnEventList+0x88>)
1000728c:	4a1d      	ldr	r2, [pc, #116]	@ (10007304 <vTaskPlaceOnEventList+0x8c>)
1000728e:	680e      	ldr	r6, [r1, #0]
10007290:	6817      	ldr	r7, [r2, #0]
10007292:	f8d3 8000 	ldr.w	r8, [r3]
10007296:	6828      	ldr	r0, [r5, #0]
10007298:	3004      	adds	r0, #4
1000729a:	f000 fdf1 	bl	10007e80 <uxListRemove>
1000729e:	1c63      	adds	r3, r4, #1
100072a0:	d015      	beq.n	100072ce <vTaskPlaceOnEventList+0x56>
100072a2:	682b      	ldr	r3, [r5, #0]
100072a4:	19a4      	adds	r4, r4, r6
100072a6:	6829      	ldr	r1, [r5, #0]
100072a8:	605c      	str	r4, [r3, #4]
100072aa:	d20a      	bcs.n	100072c2 <vTaskPlaceOnEventList+0x4a>
100072ac:	4638      	mov	r0, r7
100072ae:	3104      	adds	r1, #4
100072b0:	f000 fdce 	bl	10007e50 <vListInsert>
100072b4:	4b14      	ldr	r3, [pc, #80]	@ (10007308 <vTaskPlaceOnEventList+0x90>)
100072b6:	681a      	ldr	r2, [r3, #0]
100072b8:	4294      	cmp	r4, r2
100072ba:	bf38      	it	cc
100072bc:	601c      	strcc	r4, [r3, #0]
100072be:	e8bd 81f0 	ldmia.w	sp!, {r4, r5, r6, r7, r8, pc}
100072c2:	4640      	mov	r0, r8
100072c4:	e8bd 41f0 	ldmia.w	sp!, {r4, r5, r6, r7, r8, lr}
100072c8:	3104      	adds	r1, #4
100072ca:	f000 bdc1 	b.w	10007e50 <vListInsert>
100072ce:	4b0f      	ldr	r3, [pc, #60]	@ (1000730c <vTaskPlaceOnEventList+0x94>)
100072d0:	6829      	ldr	r1, [r5, #0]
100072d2:	685a      	ldr	r2, [r3, #4]
100072d4:	681c      	ldr	r4, [r3, #0]
100072d6:	608a      	str	r2, [r1, #8]
100072d8:	682e      	ldr	r6, [r5, #0]
100072da:	3401      	adds	r4, #1
100072dc:	6828      	ldr	r0, [r5, #0]
100072de:	6829      	ldr	r1, [r5, #0]
100072e0:	601c      	str	r4, [r3, #0]
100072e2:	682d      	ldr	r5, [r5, #0]
100072e4:	6894      	ldr	r4, [r2, #8]
100072e6:	3004      	adds	r0, #4
100072e8:	3104      	adds	r1, #4
100072ea:	60f4      	str	r4, [r6, #12]
100072ec:	6060      	str	r0, [r4, #4]
100072ee:	6091      	str	r1, [r2, #8]
100072f0:	616b      	str	r3, [r5, #20]
100072f2:	e8bd 81f0 	ldmia.w	sp!, {r4, r5, r6, r7, r8, pc}
100072f6:	bf00      	nop
100072f8:	20002544 	.word	0x20002544
100072fc:	20002550 	.word	0x20002550
10007300:	200026c4 	.word	0x200026c4
10007304:	2000254c 	.word	0x2000254c
10007308:	20002678 	.word	0x20002678
1000730c:	2000269c 	.word	0x2000269c

10007310 <vTaskPlaceOnEventListRestricted>:
10007310:	4694      	mov	ip, r2
10007312:	e92d 41f0 	stmdb	sp!, {r4, r5, r6, r7, r8, lr}
10007316:	4c2b      	ldr	r4, [pc, #172]	@ (100073c4 <vTaskPlaceOnEventListRestricted+0xb4>)
10007318:	460d      	mov	r5, r1
1000731a:	6823      	ldr	r3, [r4, #0]
1000731c:	6841      	ldr	r1, [r0, #4]
1000731e:	f8d4 8000 	ldr.w	r8, [r4]
10007322:	61d9      	str	r1, [r3, #28]
10007324:	6827      	ldr	r7, [r4, #0]
10007326:	6803      	ldr	r3, [r0, #0]
10007328:	6826      	ldr	r6, [r4, #0]
1000732a:	688a      	ldr	r2, [r1, #8]
1000732c:	f8d4 e000 	ldr.w	lr, [r4]
10007330:	3301      	adds	r3, #1
10007332:	3718      	adds	r7, #24
10007334:	3618      	adds	r6, #24
10007336:	f8c8 2020 	str.w	r2, [r8, #32]
1000733a:	6057      	str	r7, [r2, #4]
1000733c:	608e      	str	r6, [r1, #8]
1000733e:	4a22      	ldr	r2, [pc, #136]	@ (100073c8 <vTaskPlaceOnEventListRestricted+0xb8>)
10007340:	f8ce 0028 	str.w	r0, [lr, #40]	@ 0x28
10007344:	4921      	ldr	r1, [pc, #132]	@ (100073cc <vTaskPlaceOnEventListRestricted+0xbc>)
10007346:	6003      	str	r3, [r0, #0]
10007348:	4b21      	ldr	r3, [pc, #132]	@ (100073d0 <vTaskPlaceOnEventListRestricted+0xc0>)
1000734a:	f1bc 0f00 	cmp.w	ip, #0
1000734e:	d01a      	beq.n	10007386 <vTaskPlaceOnEventListRestricted+0x76>
10007350:	6809      	ldr	r1, [r1, #0]
10007352:	6812      	ldr	r2, [r2, #0]
10007354:	681b      	ldr	r3, [r3, #0]
10007356:	6820      	ldr	r0, [r4, #0]
10007358:	3004      	adds	r0, #4
1000735a:	f000 fd91 	bl	10007e80 <uxListRemove>
1000735e:	4b1d      	ldr	r3, [pc, #116]	@ (100073d4 <vTaskPlaceOnEventListRestricted+0xc4>)
10007360:	6819      	ldr	r1, [r3, #0]
10007362:	685a      	ldr	r2, [r3, #4]
10007364:	3101      	adds	r1, #1
10007366:	6019      	str	r1, [r3, #0]
10007368:	6821      	ldr	r1, [r4, #0]
1000736a:	6890      	ldr	r0, [r2, #8]
1000736c:	608a      	str	r2, [r1, #8]
1000736e:	6821      	ldr	r1, [r4, #0]
10007370:	60c8      	str	r0, [r1, #12]
10007372:	6821      	ldr	r1, [r4, #0]
10007374:	3104      	adds	r1, #4
10007376:	6041      	str	r1, [r0, #4]
10007378:	6821      	ldr	r1, [r4, #0]
1000737a:	6820      	ldr	r0, [r4, #0]
1000737c:	3104      	adds	r1, #4
1000737e:	6091      	str	r1, [r2, #8]
10007380:	6143      	str	r3, [r0, #20]
10007382:	e8bd 81f0 	ldmia.w	sp!, {r4, r5, r6, r7, r8, pc}
10007386:	680e      	ldr	r6, [r1, #0]
10007388:	6817      	ldr	r7, [r2, #0]
1000738a:	f8d3 8000 	ldr.w	r8, [r3]
1000738e:	6820      	ldr	r0, [r4, #0]
10007390:	3004      	adds	r0, #4
10007392:	f000 fd75 	bl	10007e80 <uxListRemove>
10007396:	6823      	ldr	r3, [r4, #0]
10007398:	19ad      	adds	r5, r5, r6
1000739a:	6821      	ldr	r1, [r4, #0]
1000739c:	605d      	str	r5, [r3, #4]
1000739e:	d305      	bcc.n	100073ac <vTaskPlaceOnEventListRestricted+0x9c>
100073a0:	4640      	mov	r0, r8
100073a2:	e8bd 41f0 	ldmia.w	sp!, {r4, r5, r6, r7, r8, lr}
100073a6:	3104      	adds	r1, #4
100073a8:	f000 bd52 	b.w	10007e50 <vListInsert>
100073ac:	4638      	mov	r0, r7
100073ae:	3104      	adds	r1, #4
100073b0:	f000 fd4e 	bl	10007e50 <vListInsert>
100073b4:	4b08      	ldr	r3, [pc, #32]	@ (100073d8 <vTaskPlaceOnEventListRestricted+0xc8>)
100073b6:	681a      	ldr	r2, [r3, #0]
100073b8:	4295      	cmp	r5, r2
100073ba:	bf38      	it	cc
100073bc:	601d      	strcc	r5, [r3, #0]
100073be:	e8bd 81f0 	ldmia.w	sp!, {r4, r5, r6, r7, r8, pc}
100073c2:	bf00      	nop
100073c4:	20002544 	.word	0x20002544
100073c8:	2000254c 	.word	0x2000254c
100073cc:	200026c4 	.word	0x200026c4
100073d0:	20002550 	.word	0x20002550
100073d4:	2000269c 	.word	0x2000269c
100073d8:	20002678 	.word	0x20002678

100073dc <xTaskRemoveFromEventList>:
100073dc:	b4f0      	push	{r4, r5, r6, r7}
100073de:	2600      	movs	r6, #0
100073e0:	68c3      	ldr	r3, [r0, #12]
100073e2:	68db      	ldr	r3, [r3, #12]
100073e4:	6a9a      	ldr	r2, [r3, #40]	@ 0x28
100073e6:	e9d3 0107 	ldrd	r0, r1, [r3, #28]
100073ea:	6081      	str	r1, [r0, #8]
100073ec:	6048      	str	r0, [r1, #4]
100073ee:	6850      	ldr	r0, [r2, #4]
100073f0:	f103 0418 	add.w	r4, r3, #24
100073f4:	42a0      	cmp	r0, r4
100073f6:	4827      	ldr	r0, [pc, #156]	@ (10007494 <xTaskRemoveFromEventList+0xb8>)
100073f8:	bf08      	it	eq
100073fa:	6051      	streq	r1, [r2, #4]
100073fc:	6811      	ldr	r1, [r2, #0]
100073fe:	6805      	ldr	r5, [r0, #0]
10007400:	3901      	subs	r1, #1
10007402:	6ad8      	ldr	r0, [r3, #44]	@ 0x2c
10007404:	629e      	str	r6, [r3, #40]	@ 0x28
10007406:	6011      	str	r1, [r2, #0]
10007408:	2d00      	cmp	r5, #0
1000740a:	d12f      	bne.n	1000746c <xTaskRemoveFromEventList+0x90>
1000740c:	e9d3 4102 	ldrd	r4, r1, [r3, #8]
10007410:	695a      	ldr	r2, [r3, #20]
10007412:	60a1      	str	r1, [r4, #8]
10007414:	604c      	str	r4, [r1, #4]
10007416:	6854      	ldr	r4, [r2, #4]
10007418:	1d1e      	adds	r6, r3, #4
1000741a:	42b4      	cmp	r4, r6
1000741c:	bf08      	it	eq
1000741e:	6051      	streq	r1, [r2, #4]
10007420:	6811      	ldr	r1, [r2, #0]
10007422:	3901      	subs	r1, #1
10007424:	6011      	str	r1, [r2, #0]
10007426:	4a1c      	ldr	r2, [pc, #112]	@ (10007498 <xTaskRemoveFromEventList+0xbc>)
10007428:	6811      	ldr	r1, [r2, #0]
1000742a:	4281      	cmp	r1, r0
1000742c:	491b      	ldr	r1, [pc, #108]	@ (1000749c <xTaskRemoveFromEventList+0xc0>)
1000742e:	bf38      	it	cc
10007430:	6010      	strcc	r0, [r2, #0]
10007432:	eb00 0280 	add.w	r2, r0, r0, lsl #2
10007436:	eb01 0782 	add.w	r7, r1, r2, lsl #2
1000743a:	687d      	ldr	r5, [r7, #4]
1000743c:	0092      	lsls	r2, r2, #2
1000743e:	f8d5 c008 	ldr.w	ip, [r5, #8]
10007442:	588c      	ldr	r4, [r1, r2]
10007444:	609d      	str	r5, [r3, #8]
10007446:	f8c3 c00c 	str.w	ip, [r3, #12]
1000744a:	f8cc 6004 	str.w	r6, [ip, #4]
1000744e:	60ae      	str	r6, [r5, #8]
10007450:	615f      	str	r7, [r3, #20]
10007452:	4b13      	ldr	r3, [pc, #76]	@ (100074a0 <xTaskRemoveFromEventList+0xc4>)
10007454:	3401      	adds	r4, #1
10007456:	681b      	ldr	r3, [r3, #0]
10007458:	508c      	str	r4, [r1, r2]
1000745a:	6adb      	ldr	r3, [r3, #44]	@ 0x2c
1000745c:	4283      	cmp	r3, r0
1000745e:	d215      	bcs.n	1000748c <xTaskRemoveFromEventList+0xb0>
10007460:	bcf0      	pop	{r4, r5, r6, r7}
10007462:	2301      	movs	r3, #1
10007464:	4a0f      	ldr	r2, [pc, #60]	@ (100074a4 <xTaskRemoveFromEventList+0xc8>)
10007466:	4618      	mov	r0, r3
10007468:	6013      	str	r3, [r2, #0]
1000746a:	4770      	bx	lr
1000746c:	4a0e      	ldr	r2, [pc, #56]	@ (100074a8 <xTaskRemoveFromEventList+0xcc>)
1000746e:	6815      	ldr	r5, [r2, #0]
10007470:	6851      	ldr	r1, [r2, #4]
10007472:	3501      	adds	r5, #1
10007474:	6015      	str	r5, [r2, #0]
10007476:	688d      	ldr	r5, [r1, #8]
10007478:	61d9      	str	r1, [r3, #28]
1000747a:	621d      	str	r5, [r3, #32]
1000747c:	606c      	str	r4, [r5, #4]
1000747e:	608c      	str	r4, [r1, #8]
10007480:	629a      	str	r2, [r3, #40]	@ 0x28
10007482:	4b07      	ldr	r3, [pc, #28]	@ (100074a0 <xTaskRemoveFromEventList+0xc4>)
10007484:	681b      	ldr	r3, [r3, #0]
10007486:	6adb      	ldr	r3, [r3, #44]	@ 0x2c
10007488:	4283      	cmp	r3, r0
1000748a:	d3e9      	bcc.n	10007460 <xTaskRemoveFromEventList+0x84>
1000748c:	bcf0      	pop	{r4, r5, r6, r7}
1000748e:	2000      	movs	r0, #0
10007490:	4770      	bx	lr
10007492:	bf00      	nop
10007494:	20002604 	.word	0x20002604
10007498:	2000260c 	.word	0x2000260c
1000749c:	20002558 	.word	0x20002558
100074a0:	20002544 	.word	0x20002544
100074a4:	200026d0 	.word	0x200026d0
100074a8:	20002684 	.word	0x20002684

100074ac <vTaskInternalSetTimeOutState>:
100074ac:	4a03      	ldr	r2, [pc, #12]	@ (100074bc <vTaskInternalSetTimeOutState+0x10>)
100074ae:	4b04      	ldr	r3, [pc, #16]	@ (100074c0 <vTaskInternalSetTimeOutState+0x14>)
100074b0:	6812      	ldr	r2, [r2, #0]
100074b2:	681b      	ldr	r3, [r3, #0]
100074b4:	e9c0 2300 	strd	r2, r3, [r0]
100074b8:	4770      	bx	lr
100074ba:	bf00      	nop
100074bc:	2000267c 	.word	0x2000267c
100074c0:	200026c4 	.word	0x200026c4

100074c4 <xTaskCheckForTimeOut>:
100074c4:	b5f8      	push	{r3, r4, r5, r6, r7, lr}
100074c6:	460d      	mov	r5, r1
100074c8:	4604      	mov	r4, r0
100074ca:	f000 fb39 	bl	10007b40 <vPortEnterCritical>
100074ce:	682b      	ldr	r3, [r5, #0]
100074d0:	4a12      	ldr	r2, [pc, #72]	@ (1000751c <xTaskCheckForTimeOut+0x58>)
100074d2:	1c58      	adds	r0, r3, #1
100074d4:	6811      	ldr	r1, [r2, #0]
100074d6:	d01b      	beq.n	10007510 <xTaskCheckForTimeOut+0x4c>
100074d8:	e9d4 6000 	ldrd	r6, r0, [r4]
100074dc:	f8df c040 	ldr.w	ip, [pc, #64]	@ 10007520 <xTaskCheckForTimeOut+0x5c>
100074e0:	f8dc 7000 	ldr.w	r7, [ip]
100074e4:	42be      	cmp	r6, r7
100074e6:	d008      	beq.n	100074fa <xTaskCheckForTimeOut+0x36>
100074e8:	4288      	cmp	r0, r1
100074ea:	d806      	bhi.n	100074fa <xTaskCheckForTimeOut+0x36>
100074ec:	2300      	movs	r3, #0
100074ee:	2401      	movs	r4, #1
100074f0:	602b      	str	r3, [r5, #0]
100074f2:	f000 fb33 	bl	10007b5c <vPortExitCritical>
100074f6:	4620      	mov	r0, r4
100074f8:	bdf8      	pop	{r3, r4, r5, r6, r7, pc}
100074fa:	1a0f      	subs	r7, r1, r0
100074fc:	42bb      	cmp	r3, r7
100074fe:	d9f5      	bls.n	100074ec <xTaskCheckForTimeOut+0x28>
10007500:	1a5b      	subs	r3, r3, r1
10007502:	f8dc 1000 	ldr.w	r1, [ip]
10007506:	6812      	ldr	r2, [r2, #0]
10007508:	4403      	add	r3, r0
1000750a:	602b      	str	r3, [r5, #0]
1000750c:	e9c4 1200 	strd	r1, r2, [r4]
10007510:	2400      	movs	r4, #0
10007512:	f000 fb23 	bl	10007b5c <vPortExitCritical>
10007516:	4620      	mov	r0, r4
10007518:	bdf8      	pop	{r3, r4, r5, r6, r7, pc}
1000751a:	bf00      	nop
1000751c:	200026c4 	.word	0x200026c4
10007520:	2000267c 	.word	0x2000267c

10007524 <vTaskMissedYield>:
10007524:	2201      	movs	r2, #1
10007526:	4b01      	ldr	r3, [pc, #4]	@ (1000752c <vTaskMissedYield+0x8>)
10007528:	601a      	str	r2, [r3, #0]
1000752a:	4770      	bx	lr
1000752c:	200026d0 	.word	0x200026d0

10007530 <xTaskPriorityInherit>:
10007530:	b5f8      	push	{r3, r4, r5, r6, r7, lr}
10007532:	4604      	mov	r4, r0
10007534:	b1c8      	cbz	r0, 1000756a <xTaskPriorityInherit+0x3a>
10007536:	4d1f      	ldr	r5, [pc, #124]	@ (100075b4 <xTaskPriorityInherit+0x84>)
10007538:	6ac3      	ldr	r3, [r0, #44]	@ 0x2c
1000753a:	682a      	ldr	r2, [r5, #0]
1000753c:	6ad2      	ldr	r2, [r2, #44]	@ 0x2c
1000753e:	4293      	cmp	r3, r2
10007540:	d214      	bcs.n	1000756c <xTaskPriorityInherit+0x3c>
10007542:	6982      	ldr	r2, [r0, #24]
10007544:	2a00      	cmp	r2, #0
10007546:	db04      	blt.n	10007552 <xTaskPriorityInherit+0x22>
10007548:	682a      	ldr	r2, [r5, #0]
1000754a:	6ad2      	ldr	r2, [r2, #44]	@ 0x2c
1000754c:	f1c2 0206 	rsb	r2, r2, #6
10007550:	6182      	str	r2, [r0, #24]
10007552:	4e19      	ldr	r6, [pc, #100]	@ (100075b8 <xTaskPriorityInherit+0x88>)
10007554:	6962      	ldr	r2, [r4, #20]
10007556:	eb03 0383 	add.w	r3, r3, r3, lsl #2
1000755a:	eb06 0383 	add.w	r3, r6, r3, lsl #2
1000755e:	429a      	cmp	r2, r3
10007560:	d00c      	beq.n	1000757c <xTaskPriorityInherit+0x4c>
10007562:	682b      	ldr	r3, [r5, #0]
10007564:	6adb      	ldr	r3, [r3, #44]	@ 0x2c
10007566:	62e3      	str	r3, [r4, #44]	@ 0x2c
10007568:	2001      	movs	r0, #1
1000756a:	bdf8      	pop	{r3, r4, r5, r6, r7, pc}
1000756c:	682b      	ldr	r3, [r5, #0]
1000756e:	6c40      	ldr	r0, [r0, #68]	@ 0x44
10007570:	6adb      	ldr	r3, [r3, #44]	@ 0x2c
10007572:	4298      	cmp	r0, r3
10007574:	bf2c      	ite	cs
10007576:	2000      	movcs	r0, #0
10007578:	2001      	movcc	r0, #1
1000757a:	bdf8      	pop	{r3, r4, r5, r6, r7, pc}
1000757c:	1d27      	adds	r7, r4, #4
1000757e:	4638      	mov	r0, r7
10007580:	f000 fc7e 	bl	10007e80 <uxListRemove>
10007584:	682b      	ldr	r3, [r5, #0]
10007586:	4a0d      	ldr	r2, [pc, #52]	@ (100075bc <xTaskPriorityInherit+0x8c>)
10007588:	6adb      	ldr	r3, [r3, #44]	@ 0x2c
1000758a:	6811      	ldr	r1, [r2, #0]
1000758c:	62e3      	str	r3, [r4, #44]	@ 0x2c
1000758e:	428b      	cmp	r3, r1
10007590:	bf88      	it	hi
10007592:	6013      	strhi	r3, [r2, #0]
10007594:	eb03 0383 	add.w	r3, r3, r3, lsl #2
10007598:	0098      	lsls	r0, r3, #2
1000759a:	eb06 0383 	add.w	r3, r6, r3, lsl #2
1000759e:	6859      	ldr	r1, [r3, #4]
100075a0:	5832      	ldr	r2, [r6, r0]
100075a2:	688d      	ldr	r5, [r1, #8]
100075a4:	3201      	adds	r2, #1
100075a6:	60a1      	str	r1, [r4, #8]
100075a8:	60e5      	str	r5, [r4, #12]
100075aa:	606f      	str	r7, [r5, #4]
100075ac:	608f      	str	r7, [r1, #8]
100075ae:	6163      	str	r3, [r4, #20]
100075b0:	5032      	str	r2, [r6, r0]
100075b2:	e7d9      	b.n	10007568 <xTaskPriorityInherit+0x38>
100075b4:	20002544 	.word	0x20002544
100075b8:	20002558 	.word	0x20002558
100075bc:	2000260c 	.word	0x2000260c

100075c0 <xTaskPriorityDisinherit>:
100075c0:	b158      	cbz	r0, 100075da <xTaskPriorityDisinherit+0x1a>
100075c2:	b5f8      	push	{r3, r4, r5, r6, r7, lr}
100075c4:	6ac1      	ldr	r1, [r0, #44]	@ 0x2c
100075c6:	6c83      	ldr	r3, [r0, #72]	@ 0x48
100075c8:	6c42      	ldr	r2, [r0, #68]	@ 0x44
100075ca:	3b01      	subs	r3, #1
100075cc:	4291      	cmp	r1, r2
100075ce:	4604      	mov	r4, r0
100075d0:	6483      	str	r3, [r0, #72]	@ 0x48
100075d2:	d000      	beq.n	100075d6 <xTaskPriorityDisinherit+0x16>
100075d4:	b11b      	cbz	r3, 100075de <xTaskPriorityDisinherit+0x1e>
100075d6:	2000      	movs	r0, #0
100075d8:	bdf8      	pop	{r3, r4, r5, r6, r7, pc}
100075da:	2000      	movs	r0, #0
100075dc:	4770      	bx	lr
100075de:	1d06      	adds	r6, r0, #4
100075e0:	4630      	mov	r0, r6
100075e2:	f000 fc4d 	bl	10007e80 <uxListRemove>
100075e6:	6c63      	ldr	r3, [r4, #68]	@ 0x44
100075e8:	4a0e      	ldr	r2, [pc, #56]	@ (10007624 <xTaskPriorityDisinherit+0x64>)
100075ea:	f1c3 0006 	rsb	r0, r3, #6
100075ee:	61a0      	str	r0, [r4, #24]
100075f0:	2001      	movs	r0, #1
100075f2:	6811      	ldr	r1, [r2, #0]
100075f4:	62e3      	str	r3, [r4, #44]	@ 0x2c
100075f6:	428b      	cmp	r3, r1
100075f8:	bf88      	it	hi
100075fa:	6013      	strhi	r3, [r2, #0]
100075fc:	4a0a      	ldr	r2, [pc, #40]	@ (10007628 <xTaskPriorityDisinherit+0x68>)
100075fe:	eb03 0383 	add.w	r3, r3, r3, lsl #2
10007602:	ea4f 0c83 	mov.w	ip, r3, lsl #2
10007606:	eb02 0383 	add.w	r3, r2, r3, lsl #2
1000760a:	685d      	ldr	r5, [r3, #4]
1000760c:	f852 100c 	ldr.w	r1, [r2, ip]
10007610:	68af      	ldr	r7, [r5, #8]
10007612:	4401      	add	r1, r0
10007614:	60a5      	str	r5, [r4, #8]
10007616:	60e7      	str	r7, [r4, #12]
10007618:	607e      	str	r6, [r7, #4]
1000761a:	60ae      	str	r6, [r5, #8]
1000761c:	6163      	str	r3, [r4, #20]
1000761e:	f842 100c 	str.w	r1, [r2, ip]
10007622:	bdf8      	pop	{r3, r4, r5, r6, r7, pc}
10007624:	2000260c 	.word	0x2000260c
10007628:	20002558 	.word	0x20002558

1000762c <vTaskPriorityDisinheritAfterTimeout>:
1000762c:	b160      	cbz	r0, 10007648 <vTaskPriorityDisinheritAfterTimeout+0x1c>
1000762e:	6c42      	ldr	r2, [r0, #68]	@ 0x44
10007630:	b5f8      	push	{r3, r4, r5, r6, r7, lr}
10007632:	4291      	cmp	r1, r2
10007634:	bf38      	it	cc
10007636:	4611      	movcc	r1, r2
10007638:	6ac3      	ldr	r3, [r0, #44]	@ 0x2c
1000763a:	4604      	mov	r4, r0
1000763c:	428b      	cmp	r3, r1
1000763e:	d002      	beq.n	10007646 <vTaskPriorityDisinheritAfterTimeout+0x1a>
10007640:	6c82      	ldr	r2, [r0, #72]	@ 0x48
10007642:	2a01      	cmp	r2, #1
10007644:	d001      	beq.n	1000764a <vTaskPriorityDisinheritAfterTimeout+0x1e>
10007646:	bdf8      	pop	{r3, r4, r5, r6, r7, pc}
10007648:	4770      	bx	lr
1000764a:	6982      	ldr	r2, [r0, #24]
1000764c:	4d13      	ldr	r5, [pc, #76]	@ (1000769c <vTaskPriorityDisinheritAfterTimeout+0x70>)
1000764e:	2a00      	cmp	r2, #0
10007650:	eb03 0383 	add.w	r3, r3, r3, lsl #2
10007654:	6942      	ldr	r2, [r0, #20]
10007656:	62c1      	str	r1, [r0, #44]	@ 0x2c
10007658:	eb05 0383 	add.w	r3, r5, r3, lsl #2
1000765c:	bfa4      	itt	ge
1000765e:	f1c1 0106 	rsbge	r1, r1, #6
10007662:	6181      	strge	r1, [r0, #24]
10007664:	429a      	cmp	r2, r3
10007666:	d1ee      	bne.n	10007646 <vTaskPriorityDisinheritAfterTimeout+0x1a>
10007668:	1d06      	adds	r6, r0, #4
1000766a:	4630      	mov	r0, r6
1000766c:	f000 fc08 	bl	10007e80 <uxListRemove>
10007670:	4a0b      	ldr	r2, [pc, #44]	@ (100076a0 <vTaskPriorityDisinheritAfterTimeout+0x74>)
10007672:	6ae3      	ldr	r3, [r4, #44]	@ 0x2c
10007674:	6811      	ldr	r1, [r2, #0]
10007676:	428b      	cmp	r3, r1
10007678:	bf88      	it	hi
1000767a:	6013      	strhi	r3, [r2, #0]
1000767c:	eb03 0383 	add.w	r3, r3, r3, lsl #2
10007680:	0098      	lsls	r0, r3, #2
10007682:	eb05 0383 	add.w	r3, r5, r3, lsl #2
10007686:	6859      	ldr	r1, [r3, #4]
10007688:	582a      	ldr	r2, [r5, r0]
1000768a:	688f      	ldr	r7, [r1, #8]
1000768c:	3201      	adds	r2, #1
1000768e:	60a1      	str	r1, [r4, #8]
10007690:	60e7      	str	r7, [r4, #12]
10007692:	607e      	str	r6, [r7, #4]
10007694:	608e      	str	r6, [r1, #8]
10007696:	6163      	str	r3, [r4, #20]
10007698:	502a      	str	r2, [r5, r0]
1000769a:	bdf8      	pop	{r3, r4, r5, r6, r7, pc}
1000769c:	20002558 	.word	0x20002558
100076a0:	2000260c 	.word	0x2000260c

100076a4 <pvTaskIncrementMutexHeldCount>:
100076a4:	4b03      	ldr	r3, [pc, #12]	@ (100076b4 <pvTaskIncrementMutexHeldCount+0x10>)
100076a6:	6818      	ldr	r0, [r3, #0]
100076a8:	b110      	cbz	r0, 100076b0 <pvTaskIncrementMutexHeldCount+0xc>
100076aa:	6c83      	ldr	r3, [r0, #72]	@ 0x48
100076ac:	3301      	adds	r3, #1
100076ae:	6483      	str	r3, [r0, #72]	@ 0x48
100076b0:	4770      	bx	lr
100076b2:	bf00      	nop
100076b4:	20002544 	.word	0x20002544

100076b8 <prvTimerTask>:
100076b8:	e92d 4ff0 	stmdb	sp!, {r4, r5, r6, r7, r8, r9, sl, fp, lr}
100076bc:	4fb7      	ldr	r7, [pc, #732]	@ (1000799c <prvTimerTask+0x2e4>)
100076be:	f8df b2e4 	ldr.w	fp, [pc, #740]	@ 100079a4 <prvTimerTask+0x2ec>
100076c2:	f8df 82e4 	ldr.w	r8, [pc, #740]	@ 100079a8 <prvTimerTask+0x2f0>
100076c6:	4db6      	ldr	r5, [pc, #728]	@ (100079a0 <prvTimerTask+0x2e8>)
100076c8:	b087      	sub	sp, #28
100076ca:	683b      	ldr	r3, [r7, #0]
100076cc:	681c      	ldr	r4, [r3, #0]
100076ce:	2c00      	cmp	r4, #0
100076d0:	f040 811d 	bne.w	1000790e <prvTimerTask+0x256>
100076d4:	f7ff fc5e 	bl	10006f94 <vTaskSuspendAll>
100076d8:	f7ff fd66 	bl	100071a8 <xTaskGetTickCount>
100076dc:	f8db 3000 	ldr.w	r3, [fp]
100076e0:	4681      	mov	r9, r0
100076e2:	4283      	cmp	r3, r0
100076e4:	d848      	bhi.n	10007778 <prvTimerTask+0xc0>
100076e6:	f8d8 3000 	ldr.w	r3, [r8]
100076ea:	f8cb 0000 	str.w	r0, [fp]
100076ee:	681a      	ldr	r2, [r3, #0]
100076f0:	fab2 f282 	clz	r2, r2
100076f4:	0952      	lsrs	r2, r2, #5
100076f6:	6828      	ldr	r0, [r5, #0]
100076f8:	eba4 0109 	sub.w	r1, r4, r9
100076fc:	f7ff f99c 	bl	10006a38 <vQueueWaitForMessageRestricted>
10007700:	f7ff fc50 	bl	10006fa4 <xTaskResumeAll>
10007704:	2800      	cmp	r0, #0
10007706:	f000 8124 	beq.w	10007952 <prvTimerTask+0x29a>
1000770a:	2300      	movs	r3, #0
1000770c:	e9cd 3302 	strd	r3, r3, [sp, #8]
10007710:	e9cd 3304 	strd	r3, r3, [sp, #16]
10007714:	2200      	movs	r2, #0
10007716:	6828      	ldr	r0, [r5, #0]
10007718:	a902      	add	r1, sp, #8
1000771a:	f7fe fe29 	bl	10006370 <xQueueReceive>
1000771e:	2800      	cmp	r0, #0
10007720:	d0d3      	beq.n	100076ca <prvTimerTask+0x12>
10007722:	9b02      	ldr	r3, [sp, #8]
10007724:	9804      	ldr	r0, [sp, #16]
10007726:	2b00      	cmp	r3, #0
10007728:	f2c0 80e9 	blt.w	100078fe <prvTimerTask+0x246>
1000772c:	f8dd a010 	ldr.w	sl, [sp, #16]
10007730:	f8da 3014 	ldr.w	r3, [sl, #20]
10007734:	b11b      	cbz	r3, 1000773e <prvTimerTask+0x86>
10007736:	f10a 0004 	add.w	r0, sl, #4
1000773a:	f000 fba1 	bl	10007e80 <uxListRemove>
1000773e:	f7ff fd33 	bl	100071a8 <xTaskGetTickCount>
10007742:	f8db 3000 	ldr.w	r3, [fp]
10007746:	9001      	str	r0, [sp, #4]
10007748:	4298      	cmp	r0, r3
1000774a:	d343      	bcc.n	100077d4 <prvTimerTask+0x11c>
1000774c:	e9dd 2301 	ldrd	r2, r3, [sp, #4]
10007750:	3b01      	subs	r3, #1
10007752:	f8cb 2000 	str.w	r2, [fp]
10007756:	2b08      	cmp	r3, #8
10007758:	d8dc      	bhi.n	10007714 <prvTimerTask+0x5c>
1000775a:	e8df f003 	tbb	[pc, r3]
1000775e:	6161      	.short	0x6161
10007760:	61c7a5c0 	.word	0x61c7a5c0
10007764:	c061      	.short	0xc061
10007766:	a5          	.byte	0xa5
10007767:	00          	.byte	0x00
10007768:	f022 0201 	bic.w	r2, r2, #1
1000776c:	f88a 2024 	strb.w	r2, [sl, #36]	@ 0x24
10007770:	4650      	mov	r0, sl
10007772:	f8da 3020 	ldr.w	r3, [sl, #32]
10007776:	4798      	blx	r3
10007778:	683b      	ldr	r3, [r7, #0]
1000777a:	681a      	ldr	r2, [r3, #0]
1000777c:	2a00      	cmp	r2, #0
1000777e:	f000 80d8 	beq.w	10007932 <prvTimerTask+0x27a>
10007782:	68da      	ldr	r2, [r3, #12]
10007784:	f8d2 a00c 	ldr.w	sl, [r2, #12]
10007788:	6814      	ldr	r4, [r2, #0]
1000778a:	f10a 0604 	add.w	r6, sl, #4
1000778e:	4630      	mov	r0, r6
10007790:	f000 fb76 	bl	10007e80 <uxListRemove>
10007794:	f89a 2024 	ldrb.w	r2, [sl, #36]	@ 0x24
10007798:	0751      	lsls	r1, r2, #29
1000779a:	d5e5      	bpl.n	10007768 <prvTimerTask+0xb0>
1000779c:	e003      	b.n	100077a6 <prvTimerTask+0xee>
1000779e:	4650      	mov	r0, sl
100077a0:	f8da 2020 	ldr.w	r2, [sl, #32]
100077a4:	4790      	blx	r2
100077a6:	f8da 2018 	ldr.w	r2, [sl, #24]
100077aa:	f8ca a010 	str.w	sl, [sl, #16]
100077ae:	1911      	adds	r1, r2, r4
100077b0:	18a4      	adds	r4, r4, r2
100077b2:	f8ca 1004 	str.w	r1, [sl, #4]
100077b6:	d3f2      	bcc.n	1000779e <prvTimerTask+0xe6>
100077b8:	4631      	mov	r1, r6
100077ba:	f8d8 0000 	ldr.w	r0, [r8]
100077be:	f000 fb47 	bl	10007e50 <vListInsert>
100077c2:	e7d5      	b.n	10007770 <prvTimerTask+0xb8>
100077c4:	f021 0101 	bic.w	r1, r1, #1
100077c8:	f889 1024 	strb.w	r1, [r9, #36]	@ 0x24
100077cc:	4648      	mov	r0, r9
100077ce:	f8d9 3020 	ldr.w	r3, [r9, #32]
100077d2:	4798      	blx	r3
100077d4:	683b      	ldr	r3, [r7, #0]
100077d6:	6819      	ldr	r1, [r3, #0]
100077d8:	2900      	cmp	r1, #0
100077da:	f000 80b4 	beq.w	10007946 <prvTimerTask+0x28e>
100077de:	68d9      	ldr	r1, [r3, #12]
100077e0:	f8d1 900c 	ldr.w	r9, [r1, #12]
100077e4:	680c      	ldr	r4, [r1, #0]
100077e6:	f109 0604 	add.w	r6, r9, #4
100077ea:	4630      	mov	r0, r6
100077ec:	f000 fb48 	bl	10007e80 <uxListRemove>
100077f0:	f899 1024 	ldrb.w	r1, [r9, #36]	@ 0x24
100077f4:	0748      	lsls	r0, r1, #29
100077f6:	d5e5      	bpl.n	100077c4 <prvTimerTask+0x10c>
100077f8:	e003      	b.n	10007802 <prvTimerTask+0x14a>
100077fa:	4648      	mov	r0, r9
100077fc:	f8d9 1020 	ldr.w	r1, [r9, #32]
10007800:	4788      	blx	r1
10007802:	f8d9 1018 	ldr.w	r1, [r9, #24]
10007806:	f8c9 9010 	str.w	r9, [r9, #16]
1000780a:	1908      	adds	r0, r1, r4
1000780c:	1864      	adds	r4, r4, r1
1000780e:	f8c9 0004 	str.w	r0, [r9, #4]
10007812:	d3f2      	bcc.n	100077fa <prvTimerTask+0x142>
10007814:	4631      	mov	r1, r6
10007816:	f8d8 0000 	ldr.w	r0, [r8]
1000781a:	f000 fb19 	bl	10007e50 <vListInsert>
1000781e:	e7d5      	b.n	100077cc <prvTimerTask+0x114>
10007820:	f89a 0024 	ldrb.w	r0, [sl, #36]	@ 0x24
10007824:	9903      	ldr	r1, [sp, #12]
10007826:	f8da 4018 	ldr.w	r4, [sl, #24]
1000782a:	9a01      	ldr	r2, [sp, #4]
1000782c:	190b      	adds	r3, r1, r4
1000782e:	f040 0601 	orr.w	r6, r0, #1
10007832:	f88a 6024 	strb.w	r6, [sl, #36]	@ 0x24
10007836:	bf2c      	ite	cs
10007838:	2601      	movcs	r6, #1
1000783a:	2600      	movcc	r6, #0
1000783c:	4293      	cmp	r3, r2
1000783e:	f8ca 3004 	str.w	r3, [sl, #4]
10007842:	f8ca a010 	str.w	sl, [sl, #16]
10007846:	f200 8087 	bhi.w	10007958 <prvTimerTask+0x2a0>
1000784a:	1a51      	subs	r1, r2, r1
1000784c:	428c      	cmp	r4, r1
1000784e:	d83f      	bhi.n	100078d0 <prvTimerTask+0x218>
10007850:	0741      	lsls	r1, r0, #29
10007852:	d412      	bmi.n	1000787a <prvTimerTask+0x1c2>
10007854:	f020 0001 	bic.w	r0, r0, #1
10007858:	f88a 0024 	strb.w	r0, [sl, #36]	@ 0x24
1000785c:	4650      	mov	r0, sl
1000785e:	f8da 3020 	ldr.w	r3, [sl, #32]
10007862:	4798      	blx	r3
10007864:	e756      	b.n	10007714 <prvTimerTask+0x5c>
10007866:	428c      	cmp	r4, r1
10007868:	f200 80c6 	bhi.w	100079f8 <prvTimerTask+0x340>
1000786c:	f8da 3020 	ldr.w	r3, [sl, #32]
10007870:	4650      	mov	r0, sl
10007872:	4798      	blx	r3
10007874:	4633      	mov	r3, r6
10007876:	f8da 4018 	ldr.w	r4, [sl, #24]
1000787a:	9a01      	ldr	r2, [sp, #4]
1000787c:	18e6      	adds	r6, r4, r3
1000787e:	bf2c      	ite	cs
10007880:	2001      	movcs	r0, #1
10007882:	2000      	movcc	r0, #0
10007884:	42b2      	cmp	r2, r6
10007886:	eba2 0103 	sub.w	r1, r2, r3
1000788a:	f8ca 6004 	str.w	r6, [sl, #4]
1000788e:	f8ca a010 	str.w	sl, [sl, #16]
10007892:	d2e8      	bcs.n	10007866 <prvTimerTask+0x1ae>
10007894:	429a      	cmp	r2, r3
10007896:	d201      	bcs.n	1000789c <prvTimerTask+0x1e4>
10007898:	2800      	cmp	r0, #0
1000789a:	d0e7      	beq.n	1000786c <prvTimerTask+0x1b4>
1000789c:	6838      	ldr	r0, [r7, #0]
1000789e:	f10a 0104 	add.w	r1, sl, #4
100078a2:	f000 fad5 	bl	10007e50 <vListInsert>
100078a6:	e7d9      	b.n	1000785c <prvTimerTask+0x1a4>
100078a8:	9903      	ldr	r1, [sp, #12]
100078aa:	9a01      	ldr	r2, [sp, #4]
100078ac:	f89a 3024 	ldrb.w	r3, [sl, #36]	@ 0x24
100078b0:	1888      	adds	r0, r1, r2
100078b2:	f043 0301 	orr.w	r3, r3, #1
100078b6:	4290      	cmp	r0, r2
100078b8:	f88a 3024 	strb.w	r3, [sl, #36]	@ 0x24
100078bc:	f8ca 1018 	str.w	r1, [sl, #24]
100078c0:	f8ca 0004 	str.w	r0, [sl, #4]
100078c4:	f8ca a010 	str.w	sl, [sl, #16]
100078c8:	d84b      	bhi.n	10007962 <prvTimerTask+0x2aa>
100078ca:	2900      	cmp	r1, #0
100078cc:	f43f af22 	beq.w	10007714 <prvTimerTask+0x5c>
100078d0:	f8d8 0000 	ldr.w	r0, [r8]
100078d4:	f10a 0104 	add.w	r1, sl, #4
100078d8:	f000 faba 	bl	10007e50 <vListInsert>
100078dc:	e71a      	b.n	10007714 <prvTimerTask+0x5c>
100078de:	f89a 3024 	ldrb.w	r3, [sl, #36]	@ 0x24
100078e2:	f023 0301 	bic.w	r3, r3, #1
100078e6:	f88a 3024 	strb.w	r3, [sl, #36]	@ 0x24
100078ea:	e713      	b.n	10007714 <prvTimerTask+0x5c>
100078ec:	f89a 3024 	ldrb.w	r3, [sl, #36]	@ 0x24
100078f0:	079a      	lsls	r2, r3, #30
100078f2:	d577      	bpl.n	100079e4 <prvTimerTask+0x32c>
100078f4:	f023 0301 	bic.w	r3, r3, #1
100078f8:	f88a 3024 	strb.w	r3, [sl, #36]	@ 0x24
100078fc:	e70a      	b.n	10007714 <prvTimerTask+0x5c>
100078fe:	9b03      	ldr	r3, [sp, #12]
10007900:	9905      	ldr	r1, [sp, #20]
10007902:	4798      	blx	r3
10007904:	9b02      	ldr	r3, [sp, #8]
10007906:	2b00      	cmp	r3, #0
10007908:	f6ff af04 	blt.w	10007714 <prvTimerTask+0x5c>
1000790c:	e70e      	b.n	1000772c <prvTimerTask+0x74>
1000790e:	68db      	ldr	r3, [r3, #12]
10007910:	681c      	ldr	r4, [r3, #0]
10007912:	f7ff fb3f 	bl	10006f94 <vTaskSuspendAll>
10007916:	f7ff fc47 	bl	100071a8 <xTaskGetTickCount>
1000791a:	f8db 3000 	ldr.w	r3, [fp]
1000791e:	4681      	mov	r9, r0
10007920:	4283      	cmp	r3, r0
10007922:	f63f af29 	bhi.w	10007778 <prvTimerTask+0xc0>
10007926:	4284      	cmp	r4, r0
10007928:	f8cb 0000 	str.w	r0, [fp]
1000792c:	d91f      	bls.n	1000796e <prvTimerTask+0x2b6>
1000792e:	2200      	movs	r2, #0
10007930:	e6e1      	b.n	100076f6 <prvTimerTask+0x3e>
10007932:	f8d8 2000 	ldr.w	r2, [r8]
10007936:	f8cb 9000 	str.w	r9, [fp]
1000793a:	603a      	str	r2, [r7, #0]
1000793c:	f8c8 3000 	str.w	r3, [r8]
10007940:	f7ff fb30 	bl	10006fa4 <xTaskResumeAll>
10007944:	e6e1      	b.n	1000770a <prvTimerTask+0x52>
10007946:	f8d8 1000 	ldr.w	r1, [r8]
1000794a:	f8c8 3000 	str.w	r3, [r8]
1000794e:	6039      	str	r1, [r7, #0]
10007950:	e6fc      	b.n	1000774c <prvTimerTask+0x94>
10007952:	f000 f8e9 	bl	10007b28 <vPortYield>
10007956:	e6d8      	b.n	1000770a <prvTimerTask+0x52>
10007958:	4291      	cmp	r1, r2
1000795a:	d902      	bls.n	10007962 <prvTimerTask+0x2aa>
1000795c:	2e00      	cmp	r6, #0
1000795e:	f43f af77 	beq.w	10007850 <prvTimerTask+0x198>
10007962:	6838      	ldr	r0, [r7, #0]
10007964:	f10a 0104 	add.w	r1, sl, #4
10007968:	f000 fa72 	bl	10007e50 <vListInsert>
1000796c:	e6d2      	b.n	10007714 <prvTimerTask+0x5c>
1000796e:	f7ff fb19 	bl	10006fa4 <xTaskResumeAll>
10007972:	683b      	ldr	r3, [r7, #0]
10007974:	68db      	ldr	r3, [r3, #12]
10007976:	68de      	ldr	r6, [r3, #12]
10007978:	1d33      	adds	r3, r6, #4
1000797a:	4618      	mov	r0, r3
1000797c:	9301      	str	r3, [sp, #4]
1000797e:	f000 fa7f 	bl	10007e80 <uxListRemove>
10007982:	f896 2024 	ldrb.w	r2, [r6, #36]	@ 0x24
10007986:	0753      	lsls	r3, r2, #29
10007988:	d416      	bmi.n	100079b8 <prvTimerTask+0x300>
1000798a:	f022 0201 	bic.w	r2, r2, #1
1000798e:	f886 2024 	strb.w	r2, [r6, #36]	@ 0x24
10007992:	4630      	mov	r0, r6
10007994:	6a33      	ldr	r3, [r6, #32]
10007996:	4798      	blx	r3
10007998:	e6b7      	b.n	1000770a <prvTimerTask+0x52>
1000799a:	bf00      	nop
1000799c:	20002548 	.word	0x20002548
100079a0:	200026c8 	.word	0x200026c8
100079a4:	2000266c 	.word	0x2000266c
100079a8:	20002554 	.word	0x20002554
100079ac:	4281      	cmp	r1, r0
100079ae:	d81d      	bhi.n	100079ec <prvTimerTask+0x334>
100079b0:	4630      	mov	r0, r6
100079b2:	6a31      	ldr	r1, [r6, #32]
100079b4:	4788      	blx	r1
100079b6:	4654      	mov	r4, sl
100079b8:	69b1      	ldr	r1, [r6, #24]
100079ba:	eba9 0004 	sub.w	r0, r9, r4
100079be:	eb14 0a01 	adds.w	sl, r4, r1
100079c2:	bf2c      	ite	cs
100079c4:	2301      	movcs	r3, #1
100079c6:	2300      	movcc	r3, #0
100079c8:	45ca      	cmp	sl, r9
100079ca:	f8c6 a004 	str.w	sl, [r6, #4]
100079ce:	6136      	str	r6, [r6, #16]
100079d0:	d9ec      	bls.n	100079ac <prvTimerTask+0x2f4>
100079d2:	454c      	cmp	r4, r9
100079d4:	d901      	bls.n	100079da <prvTimerTask+0x322>
100079d6:	2b00      	cmp	r3, #0
100079d8:	d0ea      	beq.n	100079b0 <prvTimerTask+0x2f8>
100079da:	9901      	ldr	r1, [sp, #4]
100079dc:	6838      	ldr	r0, [r7, #0]
100079de:	f000 fa37 	bl	10007e50 <vListInsert>
100079e2:	e7d6      	b.n	10007992 <prvTimerTask+0x2da>
100079e4:	4650      	mov	r0, sl
100079e6:	f000 f85d 	bl	10007aa4 <vPortFree>
100079ea:	e693      	b.n	10007714 <prvTimerTask+0x5c>
100079ec:	9901      	ldr	r1, [sp, #4]
100079ee:	f8d8 0000 	ldr.w	r0, [r8]
100079f2:	f000 fa2d 	bl	10007e50 <vListInsert>
100079f6:	e7cc      	b.n	10007992 <prvTimerTask+0x2da>
100079f8:	f8d8 0000 	ldr.w	r0, [r8]
100079fc:	f10a 0104 	add.w	r1, sl, #4
10007a00:	f000 fa26 	bl	10007e50 <vListInsert>
10007a04:	e72a      	b.n	1000785c <prvTimerTask+0x1a4>
10007a06:	bf00      	nop

10007a08 <xTimerCreateTimerTask>:
10007a08:	b5f0      	push	{r4, r5, r6, r7, lr}
10007a0a:	4c17      	ldr	r4, [pc, #92]	@ (10007a68 <xTimerCreateTimerTask+0x60>)
10007a0c:	b083      	sub	sp, #12
10007a0e:	f000 f897 	bl	10007b40 <vPortEnterCritical>
10007a12:	6825      	ldr	r5, [r4, #0]
10007a14:	b17d      	cbz	r5, 10007a36 <xTimerCreateTimerTask+0x2e>
10007a16:	f000 f8a1 	bl	10007b5c <vPortExitCritical>
10007a1a:	6820      	ldr	r0, [r4, #0]
10007a1c:	b148      	cbz	r0, 10007a32 <xTimerCreateTimerTask+0x2a>
10007a1e:	2403      	movs	r4, #3
10007a20:	4812      	ldr	r0, [pc, #72]	@ (10007a6c <xTimerCreateTimerTask+0x64>)
10007a22:	2300      	movs	r3, #0
10007a24:	9001      	str	r0, [sp, #4]
10007a26:	2280      	movs	r2, #128	@ 0x80
10007a28:	4911      	ldr	r1, [pc, #68]	@ (10007a70 <xTimerCreateTimerTask+0x68>)
10007a2a:	4812      	ldr	r0, [pc, #72]	@ (10007a74 <xTimerCreateTimerTask+0x6c>)
10007a2c:	9400      	str	r4, [sp, #0]
10007a2e:	f7ff f9cf 	bl	10006dd0 <xTaskCreate>
10007a32:	b003      	add	sp, #12
10007a34:	bdf0      	pop	{r4, r5, r6, r7, pc}
10007a36:	4e10      	ldr	r6, [pc, #64]	@ (10007a78 <xTimerCreateTimerTask+0x70>)
10007a38:	4f10      	ldr	r7, [pc, #64]	@ (10007a7c <xTimerCreateTimerTask+0x74>)
10007a3a:	4630      	mov	r0, r6
10007a3c:	f000 f9f8 	bl	10007e30 <vListInitialise>
10007a40:	4638      	mov	r0, r7
10007a42:	f000 f9f5 	bl	10007e30 <vListInitialise>
10007a46:	4a0e      	ldr	r2, [pc, #56]	@ (10007a80 <xTimerCreateTimerTask+0x78>)
10007a48:	4b0e      	ldr	r3, [pc, #56]	@ (10007a84 <xTimerCreateTimerTask+0x7c>)
10007a4a:	6017      	str	r7, [r2, #0]
10007a4c:	2110      	movs	r1, #16
10007a4e:	462a      	mov	r2, r5
10007a50:	200a      	movs	r0, #10
10007a52:	601e      	str	r6, [r3, #0]
10007a54:	f7fe fadc 	bl	10006010 <xQueueGenericCreate>
10007a58:	6020      	str	r0, [r4, #0]
10007a5a:	2800      	cmp	r0, #0
10007a5c:	d0db      	beq.n	10007a16 <xTimerCreateTimerTask+0xe>
10007a5e:	490a      	ldr	r1, [pc, #40]	@ (10007a88 <xTimerCreateTimerTask+0x80>)
10007a60:	f7fe ff2a 	bl	100068b8 <vQueueAddToRegistry>
10007a64:	e7d7      	b.n	10007a16 <xTimerCreateTimerTask+0xe>
10007a66:	bf00      	nop
10007a68:	200026c8 	.word	0x200026c8
10007a6c:	200026cc 	.word	0x200026cc
10007a70:	100091a0 	.word	0x100091a0
10007a74:	100076b9 	.word	0x100076b9
10007a78:	20002610 	.word	0x20002610
10007a7c:	20002624 	.word	0x20002624
10007a80:	20002554 	.word	0x20002554
10007a84:	20002548 	.word	0x20002548
10007a88:	10009198 	.word	0x10009198

10007a8c <pvPortMalloc>:
10007a8c:	b510      	push	{r4, lr}
10007a8e:	4604      	mov	r4, r0
10007a90:	f7ff fa80 	bl	10006f94 <vTaskSuspendAll>
10007a94:	4620      	mov	r0, r4
10007a96:	f7fa f93b 	bl	10001d10 <__wrap_malloc>
10007a9a:	4604      	mov	r4, r0
10007a9c:	f7ff fa82 	bl	10006fa4 <xTaskResumeAll>
10007aa0:	4620      	mov	r0, r4
10007aa2:	bd10      	pop	{r4, pc}

10007aa4 <vPortFree>:
10007aa4:	b150      	cbz	r0, 10007abc <vPortFree+0x18>
10007aa6:	b510      	push	{r4, lr}
10007aa8:	4604      	mov	r4, r0
10007aaa:	f7ff fa73 	bl	10006f94 <vTaskSuspendAll>
10007aae:	4620      	mov	r0, r4
10007ab0:	f7fa f940 	bl	10001d34 <__wrap_free>
10007ab4:	e8bd 4010 	ldmia.w	sp!, {r4, lr}
10007ab8:	f7ff ba74 	b.w	10006fa4 <xTaskResumeAll>
10007abc:	4770      	bx	lr
10007abe:	bf00      	nop

10007ac0 <prvTaskExitError>:
10007ac0:	2300      	movs	r3, #0
10007ac2:	b500      	push	{lr}
10007ac4:	b083      	sub	sp, #12
10007ac6:	9301      	str	r3, [sp, #4]
10007ac8:	f000 f944 	bl	10007d54 <ulSetInterruptMask>
10007acc:	9b01      	ldr	r3, [sp, #4]
10007ace:	2b00      	cmp	r3, #0
10007ad0:	d0fc      	beq.n	10007acc <prvTaskExitError+0xc>
10007ad2:	b003      	add	sp, #12
10007ad4:	f85d fb04 	ldr.w	pc, [sp], #4

10007ad8 <isr_systick>:
10007ad8:	b510      	push	{r4, lr}
10007ada:	f000 f93b 	bl	10007d54 <ulSetInterruptMask>
10007ade:	4604      	mov	r4, r0
10007ae0:	f7ff fb68 	bl	100071b4 <xTaskIncrementTick>
10007ae4:	b128      	cbz	r0, 10007af2 <isr_systick+0x1a>
10007ae6:	f04f 23e0 	mov.w	r3, #3758153728	@ 0xe000e000
10007aea:	f04f 5280 	mov.w	r2, #268435456	@ 0x10000000
10007aee:	f8c3 2d04 	str.w	r2, [r3, #3332]	@ 0xd04
10007af2:	4620      	mov	r0, r4
10007af4:	e8bd 4010 	ldmia.w	sp!, {r4, lr}
10007af8:	f000 b938 	b.w	10007d6c <vClearInterruptMask>

10007afc <vPortSetupTimerInterrupt>:
10007afc:	b510      	push	{r4, lr}
10007afe:	2204      	movs	r2, #4
10007b00:	f04f 24e0 	mov.w	r4, #3758153728	@ 0xe000e000
10007b04:	2300      	movs	r3, #0
10007b06:	6122      	str	r2, [r4, #16]
10007b08:	2005      	movs	r0, #5
10007b0a:	61a3      	str	r3, [r4, #24]
10007b0c:	f7f9 fda2 	bl	10001654 <clock_get_hz>
10007b10:	2107      	movs	r1, #7
10007b12:	4b04      	ldr	r3, [pc, #16]	@ (10007b24 <vPortSetupTimerInterrupt+0x28>)
10007b14:	fba3 2300 	umull	r2, r3, r3, r0
10007b18:	099b      	lsrs	r3, r3, #6
10007b1a:	3b01      	subs	r3, #1
10007b1c:	6163      	str	r3, [r4, #20]
10007b1e:	6121      	str	r1, [r4, #16]
10007b20:	bd10      	pop	{r4, pc}
10007b22:	bf00      	nop
10007b24:	10624dd3 	.word	0x10624dd3

10007b28 <vPortYield>:
10007b28:	f04f 23e0 	mov.w	r3, #3758153728	@ 0xe000e000
10007b2c:	f04f 5280 	mov.w	r2, #268435456	@ 0x10000000
10007b30:	f8c3 2d04 	str.w	r2, [r3, #3332]	@ 0xd04
10007b34:	f3bf 8f4f 	dsb	sy
10007b38:	f3bf 8f6f 	isb	sy
10007b3c:	4770      	bx	lr
10007b3e:	bf00      	nop

10007b40 <vPortEnterCritical>:
10007b40:	b508      	push	{r3, lr}
10007b42:	f000 f907 	bl	10007d54 <ulSetInterruptMask>
10007b46:	4a04      	ldr	r2, [pc, #16]	@ (10007b58 <vPortEnterCritical+0x18>)
10007b48:	6813      	ldr	r3, [r2, #0]
10007b4a:	3301      	adds	r3, #1
10007b4c:	6013      	str	r3, [r2, #0]
10007b4e:	f3bf 8f4f 	dsb	sy
10007b52:	f3bf 8f6f 	isb	sy
10007b56:	bd08      	pop	{r3, pc}
10007b58:	2000121c 	.word	0x2000121c

10007b5c <vPortExitCritical>:
10007b5c:	4b04      	ldr	r3, [pc, #16]	@ (10007b70 <vPortExitCritical+0x14>)
10007b5e:	681a      	ldr	r2, [r3, #0]
10007b60:	3a01      	subs	r2, #1
10007b62:	601a      	str	r2, [r3, #0]
10007b64:	6818      	ldr	r0, [r3, #0]
10007b66:	b100      	cbz	r0, 10007b6a <vPortExitCritical+0xe>
10007b68:	4770      	bx	lr
10007b6a:	f000 b8ff 	b.w	10007d6c <vClearInterruptMask>
10007b6e:	bf00      	nop
10007b70:	2000121c 	.word	0x2000121c

10007b74 <vPortSVCHandler_C>:
10007b74:	6983      	ldr	r3, [r0, #24]
10007b76:	f813 3c02 	ldrb.w	r3, [r3, #-2]
10007b7a:	2b66      	cmp	r3, #102	@ 0x66
10007b7c:	d000      	beq.n	10007b80 <vPortSVCHandler_C+0xc>
10007b7e:	4770      	bx	lr
10007b80:	f04f 23e0 	mov.w	r3, #3758153728	@ 0xe000e000
10007b84:	f8d3 2d88 	ldr.w	r2, [r3, #3464]	@ 0xd88
10007b88:	f442 0270 	orr.w	r2, r2, #15728640	@ 0xf00000
10007b8c:	f8c3 2d88 	str.w	r2, [r3, #3464]	@ 0xd88
10007b90:	f8d3 2f34 	ldr.w	r2, [r3, #3892]	@ 0xf34
10007b94:	f042 4240 	orr.w	r2, r2, #3221225472	@ 0xc0000000
10007b98:	f8c3 2f34 	str.w	r2, [r3, #3892]	@ 0xf34
10007b9c:	f000 b8bc 	b.w	10007d18 <vRestoreContextOfFirstTask>

10007ba0 <pxPortInitialiseStack>:
10007ba0:	e92d 4ff0 	stmdb	sp!, {r4, r5, r6, r7, r8, r9, sl, fp, lr}
10007ba4:	f04f 3e11 	mov.w	lr, #286331153	@ 0x11111111
10007ba8:	f04f 7480 	mov.w	r4, #16777216	@ 0x1000000
10007bac:	e940 e309 	strd	lr, r3, [r0, #-36]	@ 0x24
10007bb0:	f04f 3307 	mov.w	r3, #117901063	@ 0x7070707
10007bb4:	f840 4c04 	str.w	r4, [r0, #-4]
10007bb8:	4c16      	ldr	r4, [pc, #88]	@ (10007c14 <pxPortInitialiseStack+0x74>)
10007bba:	f840 3c34 	str.w	r3, [r0, #-52]
10007bbe:	e940 4203 	strd	r4, r2, [r0, #-12]
10007bc2:	f04f 3305 	mov.w	r3, #84215045	@ 0x5050505
10007bc6:	f04f 3206 	mov.w	r2, #101058054	@ 0x6060606
10007bca:	f04f 3b12 	mov.w	fp, #303174162	@ 0x12121212
10007bce:	e940 320f 	strd	r3, r2, [r0, #-60]	@ 0x3c
10007bd2:	f04f 3a03 	mov.w	sl, #50529027	@ 0x3030303
10007bd6:	f04f 3902 	mov.w	r9, #33686018	@ 0x2020202
10007bda:	f04f 3801 	mov.w	r8, #16843009	@ 0x1010101
10007bde:	f04f 3710 	mov.w	r7, #269488144	@ 0x10101010
10007be2:	f04f 3609 	mov.w	r6, #151587081	@ 0x9090909
10007be6:	f04f 3508 	mov.w	r5, #134744072	@ 0x8080808
10007bea:	f04f 3404 	mov.w	r4, #67372036	@ 0x4040404
10007bee:	f06f 0302 	mvn.w	r3, #2
10007bf2:	e940 ab05 	strd	sl, fp, [r0, #-20]
10007bf6:	e940 8907 	strd	r8, r9, [r0, #-28]
10007bfa:	e940 670b 	strd	r6, r7, [r0, #-44]	@ 0x2c
10007bfe:	f840 5c30 	str.w	r5, [r0, #-48]
10007c02:	f840 4c40 	str.w	r4, [r0, #-64]
10007c06:	f840 3c44 	str.w	r3, [r0, #-68]
10007c0a:	f840 1d48 	str.w	r1, [r0, #-72]!
10007c0e:	e8bd 8ff0 	ldmia.w	sp!, {r4, r5, r6, r7, r8, r9, sl, fp, pc}
10007c12:	bf00      	nop
10007c14:	10007ac1 	.word	0x10007ac1

10007c18 <xPortStartScheduler>:
10007c18:	f04f 23e0 	mov.w	r3, #3758153728	@ 0xe000e000
10007c1c:	f04f 427f 	mov.w	r2, #4278190080	@ 0xff000000
10007c20:	2100      	movs	r1, #0
10007c22:	b510      	push	{r4, lr}
10007c24:	b084      	sub	sp, #16
10007c26:	9102      	str	r1, [sp, #8]
10007c28:	f8c3 2d1c 	str.w	r2, [r3, #3356]	@ 0xd1c
10007c2c:	f8d3 3d1c 	ldr.w	r3, [r3, #3356]	@ 0xd1c
10007c30:	0e1b      	lsrs	r3, r3, #24
10007c32:	f88d 3007 	strb.w	r3, [sp, #7]
10007c36:	f89d 3007 	ldrb.w	r3, [sp, #7]
10007c3a:	f89d 3007 	ldrb.w	r3, [sp, #7]
10007c3e:	061a      	lsls	r2, r3, #24
10007c40:	d50c      	bpl.n	10007c5c <xPortStartScheduler+0x44>
10007c42:	9b02      	ldr	r3, [sp, #8]
10007c44:	3301      	adds	r3, #1
10007c46:	9302      	str	r3, [sp, #8]
10007c48:	f89d 3007 	ldrb.w	r3, [sp, #7]
10007c4c:	005b      	lsls	r3, r3, #1
10007c4e:	b2db      	uxtb	r3, r3
10007c50:	f88d 3007 	strb.w	r3, [sp, #7]
10007c54:	f89d 3007 	ldrb.w	r3, [sp, #7]
10007c58:	061b      	lsls	r3, r3, #24
10007c5a:	d4f2      	bmi.n	10007c42 <xPortStartScheduler+0x2a>
10007c5c:	9b02      	ldr	r3, [sp, #8]
10007c5e:	2b08      	cmp	r3, #8
10007c60:	d03a      	beq.n	10007cd8 <xPortStartScheduler+0xc0>
10007c62:	9a02      	ldr	r2, [sp, #8]
10007c64:	f1c2 0207 	rsb	r2, r2, #7
10007c68:	0212      	lsls	r2, r2, #8
10007c6a:	f402 62e0 	and.w	r2, r2, #1792	@ 0x700
10007c6e:	f04f 23e0 	mov.w	r3, #3758153728	@ 0xe000e000
10007c72:	2400      	movs	r4, #0
10007c74:	4919      	ldr	r1, [pc, #100]	@ (10007cdc <xPortStartScheduler+0xc4>)
10007c76:	200e      	movs	r0, #14
10007c78:	600a      	str	r2, [r1, #0]
10007c7a:	f8d3 2d20 	ldr.w	r2, [r3, #3360]	@ 0xd20
10007c7e:	4918      	ldr	r1, [pc, #96]	@ (10007ce0 <xPortStartScheduler+0xc8>)
10007c80:	f442 027f 	orr.w	r2, r2, #16711680	@ 0xff0000
10007c84:	f8c3 2d20 	str.w	r2, [r3, #3360]	@ 0xd20
10007c88:	f8d3 2d20 	ldr.w	r2, [r3, #3360]	@ 0xd20
10007c8c:	f042 427f 	orr.w	r2, r2, #4278190080	@ 0xff000000
10007c90:	f8c3 2d20 	str.w	r2, [r3, #3360]	@ 0xd20
10007c94:	f8c3 4d1c 	str.w	r4, [r3, #3356]	@ 0xd1c
10007c98:	f7fe f958 	bl	10005f4c <exception_set_exclusive_handler>
10007c9c:	4911      	ldr	r1, [pc, #68]	@ (10007ce4 <xPortStartScheduler+0xcc>)
10007c9e:	200f      	movs	r0, #15
10007ca0:	f7fe f954 	bl	10005f4c <exception_set_exclusive_handler>
10007ca4:	4910      	ldr	r1, [pc, #64]	@ (10007ce8 <xPortStartScheduler+0xd0>)
10007ca6:	200b      	movs	r0, #11
10007ca8:	f7fe f950 	bl	10005f4c <exception_set_exclusive_handler>
10007cac:	f7ff ff26 	bl	10007afc <vPortSetupTimerInterrupt>
10007cb0:	f04f 4250 	mov.w	r2, #3489660928	@ 0xd0000000
10007cb4:	490d      	ldr	r1, [pc, #52]	@ (10007cec <xPortStartScheduler+0xd4>)
10007cb6:	4b0e      	ldr	r3, [pc, #56]	@ (10007cf0 <xPortStartScheduler+0xd8>)
10007cb8:	600c      	str	r4, [r1, #0]
10007cba:	6812      	ldr	r2, [r2, #0]
10007cbc:	701a      	strb	r2, [r3, #0]
10007cbe:	f000 f841 	bl	10007d44 <vStartFirstTask>
10007cc2:	f7ff fa87 	bl	100071d4 <vTaskSwitchContext>
10007cc6:	9403      	str	r4, [sp, #12]
10007cc8:	f000 f844 	bl	10007d54 <ulSetInterruptMask>
10007ccc:	9b03      	ldr	r3, [sp, #12]
10007cce:	2b00      	cmp	r3, #0
10007cd0:	d0fc      	beq.n	10007ccc <xPortStartScheduler+0xb4>
10007cd2:	2000      	movs	r0, #0
10007cd4:	b004      	add	sp, #16
10007cd6:	bd10      	pop	{r4, pc}
10007cd8:	2200      	movs	r2, #0
10007cda:	e7c8      	b.n	10007c6e <xPortStartScheduler+0x56>
10007cdc:	200025e4 	.word	0x200025e4
10007ce0:	10007d7d 	.word	0x10007d7d
10007ce4:	10007ad9 	.word	0x10007ad9
10007ce8:	10007dfd 	.word	0x10007dfd
10007cec:	2000121c 	.word	0x2000121c
10007cf0:	20001219 	.word	0x20001219

10007cf4 <prvRuntimeInitializer>:
10007cf4:	b508      	push	{r3, lr}
10007cf6:	f7f8 fd8f 	bl	10000818 <next_striped_spin_lock_num>
10007cfa:	4b04      	ldr	r3, [pc, #16]	@ (10007d0c <prvRuntimeInitializer+0x18>)
10007cfc:	4a04      	ldr	r2, [pc, #16]	@ (10007d10 <prvRuntimeInitializer+0x1c>)
10007cfe:	4403      	add	r3, r0
10007d00:	6013      	str	r3, [r2, #0]
10007d02:	f000 f887 	bl	10007e14 <xEventGroupCreate>
10007d06:	4b03      	ldr	r3, [pc, #12]	@ (10007d14 <prvRuntimeInitializer+0x20>)
10007d08:	6018      	str	r0, [r3, #0]
10007d0a:	bd08      	pop	{r3, pc}
10007d0c:	20001c6c 	.word	0x20001c6c
10007d10:	20002540 	.word	0x20002540
10007d14:	20002664 	.word	0x20002664

10007d18 <vRestoreContextOfFirstTask>:
10007d18:	4a09      	ldr	r2, [pc, #36]	@ (10007d40 <vRestoreContextOfFirstTask+0x28>)
10007d1a:	6811      	ldr	r1, [r2, #0]
10007d1c:	6808      	ldr	r0, [r1, #0]
10007d1e:	c806      	ldmia	r0!, {r1, r2}
10007d20:	f381 880b 	msr	PSPLIM, r1
10007d24:	2102      	movs	r1, #2
10007d26:	f381 8814 	msr	CONTROL, r1
10007d2a:	3020      	adds	r0, #32
10007d2c:	f380 8809 	msr	PSP, r0
10007d30:	f3bf 8f6f 	isb	sy
10007d34:	f04f 0000 	mov.w	r0, #0
10007d38:	f380 8811 	msr	BASEPRI, r0
10007d3c:	4710      	bx	r2
10007d3e:	0000      	.short	0x0000
10007d40:	20002544 	.word	0x20002544

10007d44 <vStartFirstTask>:
10007d44:	b662      	cpsie	i
10007d46:	b661      	cpsie	f
10007d48:	f3bf 8f4f 	dsb	sy
10007d4c:	f3bf 8f6f 	isb	sy
10007d50:	df66      	svc	102	@ 0x66
10007d52:	bf00      	nop

10007d54 <ulSetInterruptMask>:
10007d54:	f3ef 8011 	mrs	r0, BASEPRI
10007d58:	f04f 0110 	mov.w	r1, #16
10007d5c:	f381 8811 	msr	BASEPRI, r1
10007d60:	f3bf 8f4f 	dsb	sy
10007d64:	f3bf 8f6f 	isb	sy
10007d68:	4770      	bx	lr
10007d6a:	bf00      	nop

10007d6c <vClearInterruptMask>:
10007d6c:	f380 8811 	msr	BASEPRI, r0
10007d70:	f3bf 8f4f 	dsb	sy
10007d74:	f3bf 8f6f 	isb	sy
10007d78:	4770      	bx	lr
10007d7a:	bf00      	nop

10007d7c <isr_pendsv>:
10007d7c:	f3ef 8109 	mrs	r1, PSP
10007d80:	f01e 0f10 	tst.w	lr, #16
10007d84:	bf08      	it	eq
10007d86:	ed21 8a10 	vstmdbeq	r1!, {s16-s31}
10007d8a:	f3ef 820b 	mrs	r2, PSPLIM
10007d8e:	4673      	mov	r3, lr
10007d90:	e921 0ffc 	stmdb	r1!, {r2, r3, r4, r5, r6, r7, r8, r9, sl, fp}
10007d94:	fc55 4408 	dcp_pxmd r4, r5
10007d98:	fc57 6409 	dcp_pymd r6, r7
10007d9c:	fc59 840a 	dcp_pefd r8, r9
10007da0:	e901 03f0 	stmdb	r1, {r4, r5, r6, r7, r8, r9}
10007da4:	4a14      	ldr	r2, [pc, #80]	@ (10007df8 <isr_pendsv+0x7c>)
10007da6:	6813      	ldr	r3, [r2, #0]
10007da8:	6019      	str	r1, [r3, #0]
10007daa:	f04f 0110 	mov.w	r1, #16
10007dae:	f381 8811 	msr	BASEPRI, r1
10007db2:	f3bf 8f4f 	dsb	sy
10007db6:	f3bf 8f6f 	isb	sy
10007dba:	f7ff fa0b 	bl	100071d4 <vTaskSwitchContext>
10007dbe:	f04f 0000 	mov.w	r0, #0
10007dc2:	f380 8811 	msr	BASEPRI, r0
10007dc6:	4a0c      	ldr	r2, [pc, #48]	@ (10007df8 <isr_pendsv+0x7c>)
10007dc8:	6811      	ldr	r1, [r2, #0]
10007dca:	6808      	ldr	r0, [r1, #0]
10007dcc:	3818      	subs	r0, #24
10007dce:	e8b0 03f0 	ldmia.w	r0!, {r4, r5, r6, r7, r8, r9}
10007dd2:	ec45 4400 	dcp_wxmd r4, r5
10007dd6:	ec47 6401 	dcp_wymd r6, r7
10007dda:	ec49 8402 	dcp_wefd r8, r9
10007dde:	e8b0 0ffc 	ldmia.w	r0!, {r2, r3, r4, r5, r6, r7, r8, r9, sl, fp}
10007de2:	f013 0f10 	tst.w	r3, #16
10007de6:	bf08      	it	eq
10007de8:	ecb0 8a10 	vldmiaeq	r0!, {s16-s31}
10007dec:	f382 880b 	msr	PSPLIM, r2
10007df0:	f380 8809 	msr	PSP, r0
10007df4:	4718      	bx	r3
10007df6:	0000      	.short	0x0000
10007df8:	20002544 	.word	0x20002544

10007dfc <isr_svcall>:
10007dfc:	f01e 0f04 	tst.w	lr, #4
10007e00:	bf0c      	ite	eq
10007e02:	f3ef 8008 	mrseq	r0, MSP
10007e06:	f3ef 8009 	mrsne	r0, PSP
10007e0a:	4901      	ldr	r1, [pc, #4]	@ (10007e10 <isr_svcall+0x14>)
10007e0c:	4708      	bx	r1
10007e0e:	0000      	.short	0x0000
10007e10:	10007b75 	.word	0x10007b75

10007e14 <xEventGroupCreate>:
10007e14:	b510      	push	{r4, lr}
10007e16:	2018      	movs	r0, #24
10007e18:	f7ff fe38 	bl	10007a8c <pvPortMalloc>
10007e1c:	4604      	mov	r4, r0
10007e1e:	b120      	cbz	r0, 10007e2a <xEventGroupCreate+0x16>
10007e20:	2300      	movs	r3, #0
10007e22:	f840 3b04 	str.w	r3, [r0], #4
10007e26:	f000 f803 	bl	10007e30 <vListInitialise>
10007e2a:	4620      	mov	r0, r4
10007e2c:	bd10      	pop	{r4, pc}
10007e2e:	bf00      	nop

10007e30 <vListInitialise>:
10007e30:	f04f 31ff 	mov.w	r1, #4294967295
10007e34:	2200      	movs	r2, #0
10007e36:	f100 0308 	add.w	r3, r0, #8
10007e3a:	e9c0 3101 	strd	r3, r1, [r0, #4]
10007e3e:	e9c0 3303 	strd	r3, r3, [r0, #12]
10007e42:	6002      	str	r2, [r0, #0]
10007e44:	4770      	bx	lr
10007e46:	bf00      	nop

10007e48 <vListInitialiseItem>:
10007e48:	2300      	movs	r3, #0
10007e4a:	6103      	str	r3, [r0, #16]
10007e4c:	4770      	bx	lr
10007e4e:	bf00      	nop

10007e50 <vListInsert>:
10007e50:	b430      	push	{r4, r5}
10007e52:	680d      	ldr	r5, [r1, #0]
10007e54:	1c6b      	adds	r3, r5, #1
10007e56:	d010      	beq.n	10007e7a <vListInsert+0x2a>
10007e58:	f100 0308 	add.w	r3, r0, #8
10007e5c:	461c      	mov	r4, r3
10007e5e:	685b      	ldr	r3, [r3, #4]
10007e60:	681a      	ldr	r2, [r3, #0]
10007e62:	42aa      	cmp	r2, r5
10007e64:	d9fa      	bls.n	10007e5c <vListInsert+0xc>
10007e66:	6802      	ldr	r2, [r0, #0]
10007e68:	604b      	str	r3, [r1, #4]
10007e6a:	3201      	adds	r2, #1
10007e6c:	6099      	str	r1, [r3, #8]
10007e6e:	608c      	str	r4, [r1, #8]
10007e70:	6061      	str	r1, [r4, #4]
10007e72:	6108      	str	r0, [r1, #16]
10007e74:	bc30      	pop	{r4, r5}
10007e76:	6002      	str	r2, [r0, #0]
10007e78:	4770      	bx	lr
10007e7a:	6904      	ldr	r4, [r0, #16]
10007e7c:	6863      	ldr	r3, [r4, #4]
10007e7e:	e7f2      	b.n	10007e66 <vListInsert+0x16>

10007e80 <uxListRemove>:
10007e80:	4603      	mov	r3, r0
10007e82:	6902      	ldr	r2, [r0, #16]
10007e84:	b410      	push	{r4}
10007e86:	6854      	ldr	r4, [r2, #4]
10007e88:	6840      	ldr	r0, [r0, #4]
10007e8a:	6899      	ldr	r1, [r3, #8]
10007e8c:	429c      	cmp	r4, r3
10007e8e:	6081      	str	r1, [r0, #8]
10007e90:	6048      	str	r0, [r1, #4]
10007e92:	bf08      	it	eq
10007e94:	6051      	streq	r1, [r2, #4]
10007e96:	2100      	movs	r1, #0
10007e98:	6810      	ldr	r0, [r2, #0]
10007e9a:	f85d 4b04 	ldr.w	r4, [sp], #4
10007e9e:	3801      	subs	r0, #1
10007ea0:	6119      	str	r1, [r3, #16]
10007ea2:	6010      	str	r0, [r2, #0]
10007ea4:	4770      	bx	lr
10007ea6:	bf00      	nop

10007ea8 <malloc>:
10007ea8:	4b02      	ldr	r3, [pc, #8]	@ (10007eb4 <malloc+0xc>)
10007eaa:	4601      	mov	r1, r0
10007eac:	6818      	ldr	r0, [r3, #0]
10007eae:	f000 b80b 	b.w	10007ec8 <_malloc_r>
10007eb2:	bf00      	nop
10007eb4:	20001630 	.word	0x20001630

10007eb8 <free>:
10007eb8:	4b02      	ldr	r3, [pc, #8]	@ (10007ec4 <free+0xc>)
10007eba:	4601      	mov	r1, r0
10007ebc:	6818      	ldr	r0, [r3, #0]
10007ebe:	f000 bc43 	b.w	10008748 <_free_r>
10007ec2:	bf00      	nop
10007ec4:	20001630 	.word	0x20001630

10007ec8 <_malloc_r>:
10007ec8:	f101 030b 	add.w	r3, r1, #11
10007ecc:	2b16      	cmp	r3, #22
10007ece:	e92d 4ff0 	stmdb	sp!, {r4, r5, r6, r7, r8, r9, sl, fp, lr}
10007ed2:	4607      	mov	r7, r0
10007ed4:	b083      	sub	sp, #12
10007ed6:	d823      	bhi.n	10007f20 <_malloc_r+0x58>
10007ed8:	2910      	cmp	r1, #16
10007eda:	f200 80af 	bhi.w	1000803c <_malloc_r+0x174>
10007ede:	f000 faaf 	bl	10008440 <__malloc_lock>
10007ee2:	2510      	movs	r5, #16
10007ee4:	2318      	movs	r3, #24
10007ee6:	2002      	movs	r0, #2
10007ee8:	4eba      	ldr	r6, [pc, #744]	@ (100081d4 <_malloc_r+0x30c>)
10007eea:	4433      	add	r3, r6
10007eec:	685c      	ldr	r4, [r3, #4]
10007eee:	f1a3 0208 	sub.w	r2, r3, #8
10007ef2:	4294      	cmp	r4, r2
10007ef4:	f000 8156 	beq.w	100081a4 <_malloc_r+0x2dc>
10007ef8:	6863      	ldr	r3, [r4, #4]
10007efa:	4638      	mov	r0, r7
10007efc:	f023 0303 	bic.w	r3, r3, #3
10007f00:	e9d4 1202 	ldrd	r1, r2, [r4, #8]
10007f04:	4423      	add	r3, r4
10007f06:	60ca      	str	r2, [r1, #12]
10007f08:	6091      	str	r1, [r2, #8]
10007f0a:	685a      	ldr	r2, [r3, #4]
10007f0c:	3408      	adds	r4, #8
10007f0e:	f042 0201 	orr.w	r2, r2, #1
10007f12:	605a      	str	r2, [r3, #4]
10007f14:	f000 fa9a 	bl	1000844c <__malloc_unlock>
10007f18:	4620      	mov	r0, r4
10007f1a:	b003      	add	sp, #12
10007f1c:	e8bd 8ff0 	ldmia.w	sp!, {r4, r5, r6, r7, r8, r9, sl, fp, pc}
10007f20:	2b00      	cmp	r3, #0
10007f22:	f023 0507 	bic.w	r5, r3, #7
10007f26:	f2c0 8089 	blt.w	1000803c <_malloc_r+0x174>
10007f2a:	42a9      	cmp	r1, r5
10007f2c:	f200 8086 	bhi.w	1000803c <_malloc_r+0x174>
10007f30:	f000 fa86 	bl	10008440 <__malloc_lock>
10007f34:	f5b5 7ffc 	cmp.w	r5, #504	@ 0x1f8
10007f38:	f0c0 827b 	bcc.w	10008432 <_malloc_r+0x56a>
10007f3c:	0a6b      	lsrs	r3, r5, #9
10007f3e:	f000 8084 	beq.w	1000804a <_malloc_r+0x182>
10007f42:	2b04      	cmp	r3, #4
10007f44:	f200 8162 	bhi.w	1000820c <_malloc_r+0x344>
10007f48:	09ab      	lsrs	r3, r5, #6
10007f4a:	f103 0039 	add.w	r0, r3, #57	@ 0x39
10007f4e:	f103 0e38 	add.w	lr, r3, #56	@ 0x38
10007f52:	00c3      	lsls	r3, r0, #3
10007f54:	4e9f      	ldr	r6, [pc, #636]	@ (100081d4 <_malloc_r+0x30c>)
10007f56:	4433      	add	r3, r6
10007f58:	f1a3 0c08 	sub.w	ip, r3, #8
10007f5c:	685c      	ldr	r4, [r3, #4]
10007f5e:	45a4      	cmp	ip, r4
10007f60:	d107      	bne.n	10007f72 <_malloc_r+0xaa>
10007f62:	e00d      	b.n	10007f80 <_malloc_r+0xb8>
10007f64:	2a00      	cmp	r2, #0
10007f66:	68e1      	ldr	r1, [r4, #12]
10007f68:	f280 8116 	bge.w	10008198 <_malloc_r+0x2d0>
10007f6c:	458c      	cmp	ip, r1
10007f6e:	460c      	mov	r4, r1
10007f70:	d006      	beq.n	10007f80 <_malloc_r+0xb8>
10007f72:	6863      	ldr	r3, [r4, #4]
10007f74:	f023 0303 	bic.w	r3, r3, #3
10007f78:	1b5a      	subs	r2, r3, r5
10007f7a:	2a0f      	cmp	r2, #15
10007f7c:	ddf2      	ble.n	10007f64 <_malloc_r+0x9c>
10007f7e:	4670      	mov	r0, lr
10007f80:	f8df 8268 	ldr.w	r8, [pc, #616]	@ 100081ec <_malloc_r+0x324>
10007f84:	6934      	ldr	r4, [r6, #16]
10007f86:	4544      	cmp	r4, r8
10007f88:	f000 80f2 	beq.w	10008170 <_malloc_r+0x2a8>
10007f8c:	6863      	ldr	r3, [r4, #4]
10007f8e:	f023 0c03 	bic.w	ip, r3, #3
10007f92:	ebac 0305 	sub.w	r3, ip, r5
10007f96:	2b0f      	cmp	r3, #15
10007f98:	f300 8174 	bgt.w	10008284 <_malloc_r+0x3bc>
10007f9c:	2b00      	cmp	r3, #0
10007f9e:	e9c6 8804 	strd	r8, r8, [r6, #16]
10007fa2:	f280 8163 	bge.w	1000826c <_malloc_r+0x3a4>
10007fa6:	f5bc 7f00 	cmp.w	ip, #512	@ 0x200
10007faa:	f8d6 e004 	ldr.w	lr, [r6, #4]
10007fae:	f080 80ff 	bcs.w	100081b0 <_malloc_r+0x2e8>
10007fb2:	ea4f 03dc 	mov.w	r3, ip, lsr #3
10007fb6:	2201      	movs	r2, #1
10007fb8:	ea4f 1c5c 	mov.w	ip, ip, lsr #5
10007fbc:	3301      	adds	r3, #1
10007fbe:	fa02 f20c 	lsl.w	r2, r2, ip
10007fc2:	f856 1033 	ldr.w	r1, [r6, r3, lsl #3]
10007fc6:	ea4e 0e02 	orr.w	lr, lr, r2
10007fca:	eb06 02c3 	add.w	r2, r6, r3, lsl #3
10007fce:	3a08      	subs	r2, #8
10007fd0:	f8c6 e004 	str.w	lr, [r6, #4]
10007fd4:	e9c4 1202 	strd	r1, r2, [r4, #8]
10007fd8:	f846 4033 	str.w	r4, [r6, r3, lsl #3]
10007fdc:	60cc      	str	r4, [r1, #12]
10007fde:	1083      	asrs	r3, r0, #2
10007fe0:	f04f 0c01 	mov.w	ip, #1
10007fe4:	fa0c fc03 	lsl.w	ip, ip, r3
10007fe8:	45f4      	cmp	ip, lr
10007fea:	d834      	bhi.n	10008056 <_malloc_r+0x18e>
10007fec:	ea1c 0f0e 	tst.w	ip, lr
10007ff0:	d107      	bne.n	10008002 <_malloc_r+0x13a>
10007ff2:	f020 0003 	bic.w	r0, r0, #3
10007ff6:	ea4f 0c4c 	mov.w	ip, ip, lsl #1
10007ffa:	3004      	adds	r0, #4
10007ffc:	ea1c 0f0e 	tst.w	ip, lr
10008000:	d0f9      	beq.n	10007ff6 <_malloc_r+0x12e>
10008002:	eb06 0ac0 	add.w	sl, r6, r0, lsl #3
10008006:	4681      	mov	r9, r0
10008008:	46d6      	mov	lr, sl
1000800a:	f8de 300c 	ldr.w	r3, [lr, #12]
1000800e:	e00b      	b.n	10008028 <_malloc_r+0x160>
10008010:	685a      	ldr	r2, [r3, #4]
10008012:	461c      	mov	r4, r3
10008014:	68db      	ldr	r3, [r3, #12]
10008016:	f022 0203 	bic.w	r2, r2, #3
1000801a:	1b51      	subs	r1, r2, r5
1000801c:	290f      	cmp	r1, #15
1000801e:	f300 8101 	bgt.w	10008224 <_malloc_r+0x35c>
10008022:	2900      	cmp	r1, #0
10008024:	f280 8115 	bge.w	10008252 <_malloc_r+0x38a>
10008028:	459e      	cmp	lr, r3
1000802a:	d1f1      	bne.n	10008010 <_malloc_r+0x148>
1000802c:	f109 0901 	add.w	r9, r9, #1
10008030:	f10e 0e08 	add.w	lr, lr, #8
10008034:	f019 0f03 	tst.w	r9, #3
10008038:	d1e7      	bne.n	1000800a <_malloc_r+0x142>
1000803a:	e158      	b.n	100082ee <_malloc_r+0x426>
1000803c:	230c      	movs	r3, #12
1000803e:	603b      	str	r3, [r7, #0]
10008040:	2400      	movs	r4, #0
10008042:	4620      	mov	r0, r4
10008044:	b003      	add	sp, #12
10008046:	e8bd 8ff0 	ldmia.w	sp!, {r4, r5, r6, r7, r8, r9, sl, fp, pc}
1000804a:	f44f 7300 	mov.w	r3, #512	@ 0x200
1000804e:	2040      	movs	r0, #64	@ 0x40
10008050:	f04f 0e3f 	mov.w	lr, #63	@ 0x3f
10008054:	e77e      	b.n	10007f54 <_malloc_r+0x8c>
10008056:	68b4      	ldr	r4, [r6, #8]
10008058:	6863      	ldr	r3, [r4, #4]
1000805a:	f023 0903 	bic.w	r9, r3, #3
1000805e:	45a9      	cmp	r9, r5
10008060:	eba9 0305 	sub.w	r3, r9, r5
10008064:	d302      	bcc.n	1000806c <_malloc_r+0x1a4>
10008066:	2b0f      	cmp	r3, #15
10008068:	f300 8085 	bgt.w	10008176 <_malloc_r+0x2ae>
1000806c:	4b5a      	ldr	r3, [pc, #360]	@ (100081d8 <_malloc_r+0x310>)
1000806e:	2008      	movs	r0, #8
10008070:	681b      	ldr	r3, [r3, #0]
10008072:	f103 0810 	add.w	r8, r3, #16
10008076:	eb04 0309 	add.w	r3, r4, r9
1000807a:	9300      	str	r3, [sp, #0]
1000807c:	f000 fa56 	bl	1000852c <sysconf>
10008080:	4a56      	ldr	r2, [pc, #344]	@ (100081dc <_malloc_r+0x314>)
10008082:	44a8      	add	r8, r5
10008084:	4683      	mov	fp, r0
10008086:	6813      	ldr	r3, [r2, #0]
10008088:	3301      	adds	r3, #1
1000808a:	d005      	beq.n	10008098 <_malloc_r+0x1d0>
1000808c:	f108 38ff 	add.w	r8, r8, #4294967295
10008090:	4243      	negs	r3, r0
10008092:	4480      	add	r8, r0
10008094:	ea03 0808 	and.w	r8, r3, r8
10008098:	4641      	mov	r1, r8
1000809a:	4638      	mov	r0, r7
1000809c:	f000 fa2a 	bl	100084f4 <_sbrk_r>
100080a0:	f1b0 3fff 	cmp.w	r0, #4294967295
100080a4:	4682      	mov	sl, r0
100080a6:	4a4d      	ldr	r2, [pc, #308]	@ (100081dc <_malloc_r+0x314>)
100080a8:	f000 8107 	beq.w	100082ba <_malloc_r+0x3f2>
100080ac:	eb04 0309 	add.w	r3, r4, r9
100080b0:	4283      	cmp	r3, r0
100080b2:	f200 8100 	bhi.w	100082b6 <_malloc_r+0x3ee>
100080b6:	4b4a      	ldr	r3, [pc, #296]	@ (100081e0 <_malloc_r+0x318>)
100080b8:	f10b 3cff 	add.w	ip, fp, #4294967295
100080bc:	6818      	ldr	r0, [r3, #0]
100080be:	4440      	add	r0, r8
100080c0:	6018      	str	r0, [r3, #0]
100080c2:	f000 8164 	beq.w	1000838e <_malloc_r+0x4c6>
100080c6:	6811      	ldr	r1, [r2, #0]
100080c8:	3101      	adds	r1, #1
100080ca:	f000 816c 	beq.w	100083a6 <_malloc_r+0x4de>
100080ce:	eb04 0209 	add.w	r2, r4, r9
100080d2:	ebaa 0202 	sub.w	r2, sl, r2
100080d6:	4402      	add	r2, r0
100080d8:	601a      	str	r2, [r3, #0]
100080da:	f01a 0207 	ands.w	r2, sl, #7
100080de:	e9cd 2300 	strd	r2, r3, [sp]
100080e2:	f000 8127 	beq.w	10008334 <_malloc_r+0x46c>
100080e6:	f1c2 0208 	rsb	r2, r2, #8
100080ea:	4638      	mov	r0, r7
100080ec:	4492      	add	sl, r2
100080ee:	445a      	add	r2, fp
100080f0:	44d0      	add	r8, sl
100080f2:	ea08 010c 	and.w	r1, r8, ip
100080f6:	1a52      	subs	r2, r2, r1
100080f8:	ea02 0b0c 	and.w	fp, r2, ip
100080fc:	4659      	mov	r1, fp
100080fe:	f000 f9f9 	bl	100084f4 <_sbrk_r>
10008102:	1c42      	adds	r2, r0, #1
10008104:	9b01      	ldr	r3, [sp, #4]
10008106:	f000 816a 	beq.w	100083de <_malloc_r+0x516>
1000810a:	eba0 000a 	sub.w	r0, r0, sl
1000810e:	eb00 080b 	add.w	r8, r0, fp
10008112:	6818      	ldr	r0, [r3, #0]
10008114:	f048 0201 	orr.w	r2, r8, #1
10008118:	42b4      	cmp	r4, r6
1000811a:	f8c6 a008 	str.w	sl, [r6, #8]
1000811e:	4458      	add	r0, fp
10008120:	f8ca 2004 	str.w	r2, [sl, #4]
10008124:	6018      	str	r0, [r3, #0]
10008126:	d017      	beq.n	10008158 <_malloc_r+0x290>
10008128:	f1b9 0f0f 	cmp.w	r9, #15
1000812c:	f240 813e 	bls.w	100083ac <_malloc_r+0x4e4>
10008130:	6861      	ldr	r1, [r4, #4]
10008132:	f1a9 020c 	sub.w	r2, r9, #12
10008136:	f04f 0c05 	mov.w	ip, #5
1000813a:	f022 0207 	bic.w	r2, r2, #7
1000813e:	f001 0101 	and.w	r1, r1, #1
10008142:	4311      	orrs	r1, r2
10008144:	2a0f      	cmp	r2, #15
10008146:	6061      	str	r1, [r4, #4]
10008148:	eb04 0102 	add.w	r1, r4, r2
1000814c:	e9c1 cc01 	strd	ip, ip, [r1, #4]
10008150:	f200 814d 	bhi.w	100083ee <_malloc_r+0x526>
10008154:	f8da 2004 	ldr.w	r2, [sl, #4]
10008158:	4b22      	ldr	r3, [pc, #136]	@ (100081e4 <_malloc_r+0x31c>)
1000815a:	4654      	mov	r4, sl
1000815c:	6819      	ldr	r1, [r3, #0]
1000815e:	4281      	cmp	r1, r0
10008160:	bf38      	it	cc
10008162:	6018      	strcc	r0, [r3, #0]
10008164:	4b20      	ldr	r3, [pc, #128]	@ (100081e8 <_malloc_r+0x320>)
10008166:	6819      	ldr	r1, [r3, #0]
10008168:	4281      	cmp	r1, r0
1000816a:	bf38      	it	cc
1000816c:	6018      	strcc	r0, [r3, #0]
1000816e:	e0a6      	b.n	100082be <_malloc_r+0x3f6>
10008170:	f8d6 e004 	ldr.w	lr, [r6, #4]
10008174:	e733      	b.n	10007fde <_malloc_r+0x116>
10008176:	1962      	adds	r2, r4, r5
10008178:	f045 0501 	orr.w	r5, r5, #1
1000817c:	f043 0301 	orr.w	r3, r3, #1
10008180:	3408      	adds	r4, #8
10008182:	f844 5c04 	str.w	r5, [r4, #-4]
10008186:	4638      	mov	r0, r7
10008188:	60b2      	str	r2, [r6, #8]
1000818a:	6053      	str	r3, [r2, #4]
1000818c:	f000 f95e 	bl	1000844c <__malloc_unlock>
10008190:	4620      	mov	r0, r4
10008192:	b003      	add	sp, #12
10008194:	e8bd 8ff0 	ldmia.w	sp!, {r4, r5, r6, r7, r8, r9, sl, fp, pc}
10008198:	68a2      	ldr	r2, [r4, #8]
1000819a:	4423      	add	r3, r4
1000819c:	4638      	mov	r0, r7
1000819e:	60d1      	str	r1, [r2, #12]
100081a0:	608a      	str	r2, [r1, #8]
100081a2:	e6b2      	b.n	10007f0a <_malloc_r+0x42>
100081a4:	68dc      	ldr	r4, [r3, #12]
100081a6:	42a3      	cmp	r3, r4
100081a8:	f47f aea6 	bne.w	10007ef8 <_malloc_r+0x30>
100081ac:	3002      	adds	r0, #2
100081ae:	e6e7      	b.n	10007f80 <_malloc_r+0xb8>
100081b0:	f5bc 6f20 	cmp.w	ip, #2560	@ 0xa00
100081b4:	ea4f 225c 	mov.w	r2, ip, lsr #9
100081b8:	d376      	bcc.n	100082a8 <_malloc_r+0x3e0>
100081ba:	2a14      	cmp	r2, #20
100081bc:	f200 80cd 	bhi.w	1000835a <_malloc_r+0x492>
100081c0:	f102 035c 	add.w	r3, r2, #92	@ 0x5c
100081c4:	325b      	adds	r2, #91	@ 0x5b
100081c6:	00db      	lsls	r3, r3, #3
100081c8:	18f1      	adds	r1, r6, r3
100081ca:	58f3      	ldr	r3, [r6, r3]
100081cc:	3908      	subs	r1, #8
100081ce:	4299      	cmp	r1, r3
100081d0:	d111      	bne.n	100081f6 <_malloc_r+0x32e>
100081d2:	e0a5      	b.n	10008320 <_malloc_r+0x458>
100081d4:	20001228 	.word	0x20001228
100081d8:	2000198c 	.word	0x2000198c
100081dc:	20001220 	.word	0x20001220
100081e0:	2000195c 	.word	0x2000195c
100081e4:	20001984 	.word	0x20001984
100081e8:	20001988 	.word	0x20001988
100081ec:	20001230 	.word	0x20001230
100081f0:	689b      	ldr	r3, [r3, #8]
100081f2:	4299      	cmp	r1, r3
100081f4:	d004      	beq.n	10008200 <_malloc_r+0x338>
100081f6:	685a      	ldr	r2, [r3, #4]
100081f8:	f022 0203 	bic.w	r2, r2, #3
100081fc:	4562      	cmp	r2, ip
100081fe:	d8f7      	bhi.n	100081f0 <_malloc_r+0x328>
10008200:	68d9      	ldr	r1, [r3, #12]
10008202:	e9c4 3102 	strd	r3, r1, [r4, #8]
10008206:	608c      	str	r4, [r1, #8]
10008208:	60dc      	str	r4, [r3, #12]
1000820a:	e6e8      	b.n	10007fde <_malloc_r+0x116>
1000820c:	2b14      	cmp	r3, #20
1000820e:	d963      	bls.n	100082d8 <_malloc_r+0x410>
10008210:	2b54      	cmp	r3, #84	@ 0x54
10008212:	f200 80ab 	bhi.w	1000836c <_malloc_r+0x4a4>
10008216:	0b2b      	lsrs	r3, r5, #12
10008218:	f103 006f 	add.w	r0, r3, #111	@ 0x6f
1000821c:	f103 0e6e 	add.w	lr, r3, #110	@ 0x6e
10008220:	00c3      	lsls	r3, r0, #3
10008222:	e697      	b.n	10007f54 <_malloc_r+0x8c>
10008224:	f8d4 c008 	ldr.w	ip, [r4, #8]
10008228:	4638      	mov	r0, r7
1000822a:	1967      	adds	r7, r4, r5
1000822c:	f045 0501 	orr.w	r5, r5, #1
10008230:	6065      	str	r5, [r4, #4]
10008232:	f8cc 300c 	str.w	r3, [ip, #12]
10008236:	f8c3 c008 	str.w	ip, [r3, #8]
1000823a:	f041 0301 	orr.w	r3, r1, #1
1000823e:	e9c6 7704 	strd	r7, r7, [r6, #16]
10008242:	e9c7 8802 	strd	r8, r8, [r7, #8]
10008246:	607b      	str	r3, [r7, #4]
10008248:	50a1      	str	r1, [r4, r2]
1000824a:	3408      	adds	r4, #8
1000824c:	f000 f8fe 	bl	1000844c <__malloc_unlock>
10008250:	e6f7      	b.n	10008042 <_malloc_r+0x17a>
10008252:	4422      	add	r2, r4
10008254:	4638      	mov	r0, r7
10008256:	6851      	ldr	r1, [r2, #4]
10008258:	f041 0101 	orr.w	r1, r1, #1
1000825c:	6051      	str	r1, [r2, #4]
1000825e:	f854 2f08 	ldr.w	r2, [r4, #8]!
10008262:	60d3      	str	r3, [r2, #12]
10008264:	609a      	str	r2, [r3, #8]
10008266:	f000 f8f1 	bl	1000844c <__malloc_unlock>
1000826a:	e6ea      	b.n	10008042 <_malloc_r+0x17a>
1000826c:	44a4      	add	ip, r4
1000826e:	4638      	mov	r0, r7
10008270:	3408      	adds	r4, #8
10008272:	f8dc 3004 	ldr.w	r3, [ip, #4]
10008276:	f043 0301 	orr.w	r3, r3, #1
1000827a:	f8cc 3004 	str.w	r3, [ip, #4]
1000827e:	f000 f8e5 	bl	1000844c <__malloc_unlock>
10008282:	e6de      	b.n	10008042 <_malloc_r+0x17a>
10008284:	1962      	adds	r2, r4, r5
10008286:	f043 0101 	orr.w	r1, r3, #1
1000828a:	f045 0501 	orr.w	r5, r5, #1
1000828e:	4638      	mov	r0, r7
10008290:	6065      	str	r5, [r4, #4]
10008292:	e9c6 2204 	strd	r2, r2, [r6, #16]
10008296:	e9c2 8802 	strd	r8, r8, [r2, #8]
1000829a:	6051      	str	r1, [r2, #4]
1000829c:	f844 300c 	str.w	r3, [r4, ip]
100082a0:	3408      	adds	r4, #8
100082a2:	f000 f8d3 	bl	1000844c <__malloc_unlock>
100082a6:	e6cc      	b.n	10008042 <_malloc_r+0x17a>
100082a8:	ea4f 129c 	mov.w	r2, ip, lsr #6
100082ac:	f102 0339 	add.w	r3, r2, #57	@ 0x39
100082b0:	3238      	adds	r2, #56	@ 0x38
100082b2:	00db      	lsls	r3, r3, #3
100082b4:	e788      	b.n	100081c8 <_malloc_r+0x300>
100082b6:	42b4      	cmp	r4, r6
100082b8:	d062      	beq.n	10008380 <_malloc_r+0x4b8>
100082ba:	68b4      	ldr	r4, [r6, #8]
100082bc:	6862      	ldr	r2, [r4, #4]
100082be:	f022 0803 	bic.w	r8, r2, #3
100082c2:	45a8      	cmp	r8, r5
100082c4:	eba8 0305 	sub.w	r3, r8, r5
100082c8:	d302      	bcc.n	100082d0 <_malloc_r+0x408>
100082ca:	2b0f      	cmp	r3, #15
100082cc:	f73f af53 	bgt.w	10008176 <_malloc_r+0x2ae>
100082d0:	4638      	mov	r0, r7
100082d2:	f000 f8bb 	bl	1000844c <__malloc_unlock>
100082d6:	e6b3      	b.n	10008040 <_malloc_r+0x178>
100082d8:	f103 005c 	add.w	r0, r3, #92	@ 0x5c
100082dc:	f103 0e5b 	add.w	lr, r3, #91	@ 0x5b
100082e0:	00c3      	lsls	r3, r0, #3
100082e2:	e637      	b.n	10007f54 <_malloc_r+0x8c>
100082e4:	f85a 3908 	ldr.w	r3, [sl], #-8
100082e8:	4553      	cmp	r3, sl
100082ea:	f040 80a0 	bne.w	1000842e <_malloc_r+0x566>
100082ee:	f010 0f03 	tst.w	r0, #3
100082f2:	f100 30ff 	add.w	r0, r0, #4294967295
100082f6:	d1f5      	bne.n	100082e4 <_malloc_r+0x41c>
100082f8:	6873      	ldr	r3, [r6, #4]
100082fa:	ea23 030c 	bic.w	r3, r3, ip
100082fe:	6073      	str	r3, [r6, #4]
10008300:	ea4f 0c4c 	mov.w	ip, ip, lsl #1
10008304:	f10c 32ff 	add.w	r2, ip, #4294967295
10008308:	429a      	cmp	r2, r3
1000830a:	d304      	bcc.n	10008316 <_malloc_r+0x44e>
1000830c:	e6a3      	b.n	10008056 <_malloc_r+0x18e>
1000830e:	ea4f 0c4c 	mov.w	ip, ip, lsl #1
10008312:	f109 0904 	add.w	r9, r9, #4
10008316:	ea1c 0f03 	tst.w	ip, r3
1000831a:	d0f8      	beq.n	1000830e <_malloc_r+0x446>
1000831c:	4648      	mov	r0, r9
1000831e:	e670      	b.n	10008002 <_malloc_r+0x13a>
10008320:	1092      	asrs	r2, r2, #2
10008322:	f04f 0c01 	mov.w	ip, #1
10008326:	fa0c f202 	lsl.w	r2, ip, r2
1000832a:	ea4e 0e02 	orr.w	lr, lr, r2
1000832e:	f8c6 e004 	str.w	lr, [r6, #4]
10008332:	e766      	b.n	10008202 <_malloc_r+0x33a>
10008334:	eb0a 0208 	add.w	r2, sl, r8
10008338:	4638      	mov	r0, r7
1000833a:	ea02 020c 	and.w	r2, r2, ip
1000833e:	ebab 0b02 	sub.w	fp, fp, r2
10008342:	ea0b 0b0c 	and.w	fp, fp, ip
10008346:	4659      	mov	r1, fp
10008348:	f000 f8d4 	bl	100084f4 <_sbrk_r>
1000834c:	1c43      	adds	r3, r0, #1
1000834e:	9b01      	ldr	r3, [sp, #4]
10008350:	f47f aedb 	bne.w	1000810a <_malloc_r+0x242>
10008354:	f8dd b000 	ldr.w	fp, [sp]
10008358:	e6db      	b.n	10008112 <_malloc_r+0x24a>
1000835a:	2a54      	cmp	r2, #84	@ 0x54
1000835c:	d82a      	bhi.n	100083b4 <_malloc_r+0x4ec>
1000835e:	ea4f 321c 	mov.w	r2, ip, lsr #12
10008362:	f102 036f 	add.w	r3, r2, #111	@ 0x6f
10008366:	326e      	adds	r2, #110	@ 0x6e
10008368:	00db      	lsls	r3, r3, #3
1000836a:	e72d      	b.n	100081c8 <_malloc_r+0x300>
1000836c:	f5b3 7faa 	cmp.w	r3, #340	@ 0x154
10008370:	d82a      	bhi.n	100083c8 <_malloc_r+0x500>
10008372:	0beb      	lsrs	r3, r5, #15
10008374:	f103 0078 	add.w	r0, r3, #120	@ 0x78
10008378:	f103 0e77 	add.w	lr, r3, #119	@ 0x77
1000837c:	00c3      	lsls	r3, r0, #3
1000837e:	e5e9      	b.n	10007f54 <_malloc_r+0x8c>
10008380:	4b2e      	ldr	r3, [pc, #184]	@ (1000843c <_malloc_r+0x574>)
10008382:	f10b 3cff 	add.w	ip, fp, #4294967295
10008386:	6818      	ldr	r0, [r3, #0]
10008388:	4440      	add	r0, r8
1000838a:	6018      	str	r0, [r3, #0]
1000838c:	e69b      	b.n	100080c6 <_malloc_r+0x1fe>
1000838e:	ea1a 0f0c 	tst.w	sl, ip
10008392:	f47f ae98 	bne.w	100080c6 <_malloc_r+0x1fe>
10008396:	44c8      	add	r8, r9
10008398:	f8d6 a008 	ldr.w	sl, [r6, #8]
1000839c:	f048 0201 	orr.w	r2, r8, #1
100083a0:	f8ca 2004 	str.w	r2, [sl, #4]
100083a4:	e6d8      	b.n	10008158 <_malloc_r+0x290>
100083a6:	f8c2 a000 	str.w	sl, [r2]
100083aa:	e696      	b.n	100080da <_malloc_r+0x212>
100083ac:	2301      	movs	r3, #1
100083ae:	f8ca 3004 	str.w	r3, [sl, #4]
100083b2:	e78d      	b.n	100082d0 <_malloc_r+0x408>
100083b4:	f5b2 7faa 	cmp.w	r2, #340	@ 0x154
100083b8:	d824      	bhi.n	10008404 <_malloc_r+0x53c>
100083ba:	ea4f 32dc 	mov.w	r2, ip, lsr #15
100083be:	f102 0378 	add.w	r3, r2, #120	@ 0x78
100083c2:	3277      	adds	r2, #119	@ 0x77
100083c4:	00db      	lsls	r3, r3, #3
100083c6:	e6ff      	b.n	100081c8 <_malloc_r+0x300>
100083c8:	f240 5254 	movw	r2, #1364	@ 0x554
100083cc:	4293      	cmp	r3, r2
100083ce:	d824      	bhi.n	1000841a <_malloc_r+0x552>
100083d0:	0cab      	lsrs	r3, r5, #18
100083d2:	f103 007d 	add.w	r0, r3, #125	@ 0x7d
100083d6:	f103 0e7c 	add.w	lr, r3, #124	@ 0x7c
100083da:	00c3      	lsls	r3, r0, #3
100083dc:	e5ba      	b.n	10007f54 <_malloc_r+0x8c>
100083de:	9a00      	ldr	r2, [sp, #0]
100083e0:	f04f 0b00 	mov.w	fp, #0
100083e4:	3a08      	subs	r2, #8
100083e6:	4490      	add	r8, r2
100083e8:	eba8 080a 	sub.w	r8, r8, sl
100083ec:	e691      	b.n	10008112 <_malloc_r+0x24a>
100083ee:	4638      	mov	r0, r7
100083f0:	f104 0108 	add.w	r1, r4, #8
100083f4:	9300      	str	r3, [sp, #0]
100083f6:	f000 f9a7 	bl	10008748 <_free_r>
100083fa:	9b00      	ldr	r3, [sp, #0]
100083fc:	f8d6 a008 	ldr.w	sl, [r6, #8]
10008400:	6818      	ldr	r0, [r3, #0]
10008402:	e6a7      	b.n	10008154 <_malloc_r+0x28c>
10008404:	f240 5354 	movw	r3, #1364	@ 0x554
10008408:	429a      	cmp	r2, r3
1000840a:	d80c      	bhi.n	10008426 <_malloc_r+0x55e>
1000840c:	ea4f 429c 	mov.w	r2, ip, lsr #18
10008410:	f102 037d 	add.w	r3, r2, #125	@ 0x7d
10008414:	327c      	adds	r2, #124	@ 0x7c
10008416:	00db      	lsls	r3, r3, #3
10008418:	e6d6      	b.n	100081c8 <_malloc_r+0x300>
1000841a:	f44f 737e 	mov.w	r3, #1016	@ 0x3f8
1000841e:	207f      	movs	r0, #127	@ 0x7f
10008420:	f04f 0e7e 	mov.w	lr, #126	@ 0x7e
10008424:	e596      	b.n	10007f54 <_malloc_r+0x8c>
10008426:	f44f 737e 	mov.w	r3, #1016	@ 0x3f8
1000842a:	227e      	movs	r2, #126	@ 0x7e
1000842c:	e6cc      	b.n	100081c8 <_malloc_r+0x300>
1000842e:	6873      	ldr	r3, [r6, #4]
10008430:	e766      	b.n	10008300 <_malloc_r+0x438>
10008432:	08e8      	lsrs	r0, r5, #3
10008434:	f105 0308 	add.w	r3, r5, #8
10008438:	e556      	b.n	10007ee8 <_malloc_r+0x20>
1000843a:	bf00      	nop
1000843c:	2000195c 	.word	0x2000195c

10008440 <__malloc_lock>:
10008440:	4801      	ldr	r0, [pc, #4]	@ (10008448 <__malloc_lock+0x8>)
10008442:	f000 b86f 	b.w	10008524 <__retarget_lock_acquire_recursive>
10008446:	bf00      	nop
10008448:	20001958 	.word	0x20001958

1000844c <__malloc_unlock>:
1000844c:	4801      	ldr	r0, [pc, #4]	@ (10008454 <__malloc_unlock+0x8>)
1000844e:	f000 b86b 	b.w	10008528 <__retarget_lock_release_recursive>
10008452:	bf00      	nop
10008454:	20001958 	.word	0x20001958

10008458 <memset>:
10008458:	0783      	lsls	r3, r0, #30
1000845a:	b530      	push	{r4, r5, lr}
1000845c:	d046      	beq.n	100084ec <memset+0x94>
1000845e:	1884      	adds	r4, r0, r2
10008460:	4684      	mov	ip, r0
10008462:	e004      	b.n	1000846e <memset+0x16>
10008464:	f803 1b01 	strb.w	r1, [r3], #1
10008468:	079d      	lsls	r5, r3, #30
1000846a:	d004      	beq.n	10008476 <memset+0x1e>
1000846c:	469c      	mov	ip, r3
1000846e:	45a4      	cmp	ip, r4
10008470:	4663      	mov	r3, ip
10008472:	d1f7      	bne.n	10008464 <memset+0xc>
10008474:	bd30      	pop	{r4, r5, pc}
10008476:	3a01      	subs	r2, #1
10008478:	4402      	add	r2, r0
1000847a:	eba2 020c 	sub.w	r2, r2, ip
1000847e:	2a03      	cmp	r2, #3
10008480:	d929      	bls.n	100084d6 <memset+0x7e>
10008482:	b2cc      	uxtb	r4, r1
10008484:	2a0f      	cmp	r2, #15
10008486:	eb04 2404 	add.w	r4, r4, r4, lsl #8
1000848a:	eb04 4404 	add.w	r4, r4, r4, lsl #16
1000848e:	d92f      	bls.n	100084f0 <memset+0x98>
10008490:	f1a2 0c10 	sub.w	ip, r2, #16
10008494:	f103 0510 	add.w	r5, r3, #16
10008498:	f02c 0c0f 	bic.w	ip, ip, #15
1000849c:	44ac      	add	ip, r5
1000849e:	e9c3 4400 	strd	r4, r4, [r3]
100084a2:	e9c3 4402 	strd	r4, r4, [r3, #8]
100084a6:	3310      	adds	r3, #16
100084a8:	4563      	cmp	r3, ip
100084aa:	d1f8      	bne.n	1000849e <memset+0x46>
100084ac:	f012 0f0c 	tst.w	r2, #12
100084b0:	f002 0e0f 	and.w	lr, r2, #15
100084b4:	d018      	beq.n	100084e8 <memset+0x90>
100084b6:	f02e 0c03 	bic.w	ip, lr, #3
100084ba:	f1ae 0504 	sub.w	r5, lr, #4
100084be:	461a      	mov	r2, r3
100084c0:	449c      	add	ip, r3
100084c2:	f842 4b04 	str.w	r4, [r2], #4
100084c6:	4562      	cmp	r2, ip
100084c8:	d1fb      	bne.n	100084c2 <memset+0x6a>
100084ca:	f025 0403 	bic.w	r4, r5, #3
100084ce:	3304      	adds	r3, #4
100084d0:	f00e 0203 	and.w	r2, lr, #3
100084d4:	4423      	add	r3, r4
100084d6:	2a00      	cmp	r2, #0
100084d8:	d0cc      	beq.n	10008474 <memset+0x1c>
100084da:	b2c9      	uxtb	r1, r1
100084dc:	441a      	add	r2, r3
100084de:	f803 1b01 	strb.w	r1, [r3], #1
100084e2:	4293      	cmp	r3, r2
100084e4:	d1fb      	bne.n	100084de <memset+0x86>
100084e6:	bd30      	pop	{r4, r5, pc}
100084e8:	4672      	mov	r2, lr
100084ea:	e7f4      	b.n	100084d6 <memset+0x7e>
100084ec:	4603      	mov	r3, r0
100084ee:	e7c6      	b.n	1000847e <memset+0x26>
100084f0:	4696      	mov	lr, r2
100084f2:	e7e0      	b.n	100084b6 <memset+0x5e>

100084f4 <_sbrk_r>:
100084f4:	b538      	push	{r3, r4, r5, lr}
100084f6:	2200      	movs	r2, #0
100084f8:	4d06      	ldr	r5, [pc, #24]	@ (10008514 <_sbrk_r+0x20>)
100084fa:	4604      	mov	r4, r0
100084fc:	4608      	mov	r0, r1
100084fe:	602a      	str	r2, [r5, #0]
10008500:	f7fa ff98 	bl	10003434 <_sbrk>
10008504:	1c43      	adds	r3, r0, #1
10008506:	d000      	beq.n	1000850a <_sbrk_r+0x16>
10008508:	bd38      	pop	{r3, r4, r5, pc}
1000850a:	682b      	ldr	r3, [r5, #0]
1000850c:	2b00      	cmp	r3, #0
1000850e:	d0fb      	beq.n	10008508 <_sbrk_r+0x14>
10008510:	6023      	str	r3, [r4, #0]
10008512:	bd38      	pop	{r3, r4, r5, pc}
10008514:	200020e8 	.word	0x200020e8

10008518 <__errno>:
10008518:	4b01      	ldr	r3, [pc, #4]	@ (10008520 <__errno+0x8>)
1000851a:	6818      	ldr	r0, [r3, #0]
1000851c:	4770      	bx	lr
1000851e:	bf00      	nop
10008520:	20001630 	.word	0x20001630

10008524 <__retarget_lock_acquire_recursive>:
10008524:	4770      	bx	lr
10008526:	bf00      	nop

10008528 <__retarget_lock_release_recursive>:
10008528:	4770      	bx	lr
1000852a:	bf00      	nop

1000852c <sysconf>:
1000852c:	2808      	cmp	r0, #8
1000852e:	d102      	bne.n	10008536 <sysconf+0xa>
10008530:	f44f 5080 	mov.w	r0, #4096	@ 0x1000
10008534:	4770      	bx	lr
10008536:	b508      	push	{r3, lr}
10008538:	f7ff ffee 	bl	10008518 <__errno>
1000853c:	2216      	movs	r2, #22
1000853e:	4603      	mov	r3, r0
10008540:	f04f 30ff 	mov.w	r0, #4294967295
10008544:	601a      	str	r2, [r3, #0]
10008546:	bd08      	pop	{r3, pc}

10008548 <memcpy>:
10008548:	4684      	mov	ip, r0
1000854a:	ea41 0300 	orr.w	r3, r1, r0
1000854e:	f013 0303 	ands.w	r3, r3, #3
10008552:	d149      	bne.n	100085e8 <memcpy+0xa0>
10008554:	3a40      	subs	r2, #64	@ 0x40
10008556:	d323      	bcc.n	100085a0 <memcpy+0x58>
10008558:	680b      	ldr	r3, [r1, #0]
1000855a:	6003      	str	r3, [r0, #0]
1000855c:	684b      	ldr	r3, [r1, #4]
1000855e:	6043      	str	r3, [r0, #4]
10008560:	688b      	ldr	r3, [r1, #8]
10008562:	6083      	str	r3, [r0, #8]
10008564:	68cb      	ldr	r3, [r1, #12]
10008566:	60c3      	str	r3, [r0, #12]
10008568:	690b      	ldr	r3, [r1, #16]
1000856a:	6103      	str	r3, [r0, #16]
1000856c:	694b      	ldr	r3, [r1, #20]
1000856e:	6143      	str	r3, [r0, #20]
10008570:	698b      	ldr	r3, [r1, #24]
10008572:	6183      	str	r3, [r0, #24]
10008574:	69cb      	ldr	r3, [r1, #28]
10008576:	61c3      	str	r3, [r0, #28]
10008578:	6a0b      	ldr	r3, [r1, #32]
1000857a:	6203      	str	r3, [r0, #32]
1000857c:	6a4b      	ldr	r3, [r1, #36]	@ 0x24
1000857e:	6243      	str	r3, [r0, #36]	@ 0x24
10008580:	6a8b      	ldr	r3, [r1, #40]	@ 0x28
10008582:	6283      	str	r3, [r0, #40]	@ 0x28
10008584:	6acb      	ldr	r3, [r1, #44]	@ 0x2c
10008586:	62c3      	str	r3, [r0, #44]	@ 0x2c
10008588:	6b0b      	ldr	r3, [r1, #48]	@ 0x30
1000858a:	6303      	str	r3, [r0, #48]	@ 0x30
1000858c:	6b4b      	ldr	r3, [r1, #52]	@ 0x34
1000858e:	6343      	str	r3, [r0, #52]	@ 0x34
10008590:	6b8b      	ldr	r3, [r1, #56]	@ 0x38
10008592:	6383      	str	r3, [r0, #56]	@ 0x38
10008594:	6bcb      	ldr	r3, [r1, #60]	@ 0x3c
10008596:	63c3      	str	r3, [r0, #60]	@ 0x3c
10008598:	3040      	adds	r0, #64	@ 0x40
1000859a:	3140      	adds	r1, #64	@ 0x40
1000859c:	3a40      	subs	r2, #64	@ 0x40
1000859e:	d2db      	bcs.n	10008558 <memcpy+0x10>
100085a0:	3230      	adds	r2, #48	@ 0x30
100085a2:	d30b      	bcc.n	100085bc <memcpy+0x74>
100085a4:	680b      	ldr	r3, [r1, #0]
100085a6:	6003      	str	r3, [r0, #0]
100085a8:	684b      	ldr	r3, [r1, #4]
100085aa:	6043      	str	r3, [r0, #4]
100085ac:	688b      	ldr	r3, [r1, #8]
100085ae:	6083      	str	r3, [r0, #8]
100085b0:	68cb      	ldr	r3, [r1, #12]
100085b2:	60c3      	str	r3, [r0, #12]
100085b4:	3010      	adds	r0, #16
100085b6:	3110      	adds	r1, #16
100085b8:	3a10      	subs	r2, #16
100085ba:	d2f3      	bcs.n	100085a4 <memcpy+0x5c>
100085bc:	320c      	adds	r2, #12
100085be:	d305      	bcc.n	100085cc <memcpy+0x84>
100085c0:	f851 3b04 	ldr.w	r3, [r1], #4
100085c4:	f840 3b04 	str.w	r3, [r0], #4
100085c8:	3a04      	subs	r2, #4
100085ca:	d2f9      	bcs.n	100085c0 <memcpy+0x78>
100085cc:	3204      	adds	r2, #4
100085ce:	d008      	beq.n	100085e2 <memcpy+0x9a>
100085d0:	07d2      	lsls	r2, r2, #31
100085d2:	bf1c      	itt	ne
100085d4:	f811 3b01 	ldrbne.w	r3, [r1], #1
100085d8:	f800 3b01 	strbne.w	r3, [r0], #1
100085dc:	d301      	bcc.n	100085e2 <memcpy+0x9a>
100085de:	880b      	ldrh	r3, [r1, #0]
100085e0:	8003      	strh	r3, [r0, #0]
100085e2:	4660      	mov	r0, ip
100085e4:	4770      	bx	lr
100085e6:	bf00      	nop
100085e8:	2a08      	cmp	r2, #8
100085ea:	d313      	bcc.n	10008614 <memcpy+0xcc>
100085ec:	078b      	lsls	r3, r1, #30
100085ee:	d0b1      	beq.n	10008554 <memcpy+0xc>
100085f0:	f010 0303 	ands.w	r3, r0, #3
100085f4:	d0ae      	beq.n	10008554 <memcpy+0xc>
100085f6:	f1c3 0304 	rsb	r3, r3, #4
100085fa:	1ad2      	subs	r2, r2, r3
100085fc:	07db      	lsls	r3, r3, #31
100085fe:	bf1c      	itt	ne
10008600:	f811 3b01 	ldrbne.w	r3, [r1], #1
10008604:	f800 3b01 	strbne.w	r3, [r0], #1
10008608:	d3a4      	bcc.n	10008554 <memcpy+0xc>
1000860a:	f831 3b02 	ldrh.w	r3, [r1], #2
1000860e:	f820 3b02 	strh.w	r3, [r0], #2
10008612:	e79f      	b.n	10008554 <memcpy+0xc>
10008614:	3a04      	subs	r2, #4
10008616:	d3d9      	bcc.n	100085cc <memcpy+0x84>
10008618:	3a01      	subs	r2, #1
1000861a:	f811 3b01 	ldrb.w	r3, [r1], #1
1000861e:	f800 3b01 	strb.w	r3, [r0], #1
10008622:	d2f9      	bcs.n	10008618 <memcpy+0xd0>
10008624:	780b      	ldrb	r3, [r1, #0]
10008626:	7003      	strb	r3, [r0, #0]
10008628:	784b      	ldrb	r3, [r1, #1]
1000862a:	7043      	strb	r3, [r0, #1]
1000862c:	788b      	ldrb	r3, [r1, #2]
1000862e:	7083      	strb	r3, [r0, #2]
10008630:	4660      	mov	r0, ip
10008632:	4770      	bx	lr

10008634 <strlen>:
10008634:	f020 0103 	bic.w	r1, r0, #3
10008638:	f010 0003 	ands.w	r0, r0, #3
1000863c:	f1c0 0000 	rsb	r0, r0, #0
10008640:	f851 3b04 	ldr.w	r3, [r1], #4
10008644:	f100 0c04 	add.w	ip, r0, #4
10008648:	ea4f 0ccc 	mov.w	ip, ip, lsl #3
1000864c:	f06f 0200 	mvn.w	r2, #0
10008650:	bf1c      	itt	ne
10008652:	fa22 f20c 	lsrne.w	r2, r2, ip
10008656:	4313      	orrne	r3, r2
10008658:	f04f 0c01 	mov.w	ip, #1
1000865c:	ea4c 2c0c 	orr.w	ip, ip, ip, lsl #8
10008660:	ea4c 4c0c 	orr.w	ip, ip, ip, lsl #16
10008664:	eba3 020c 	sub.w	r2, r3, ip
10008668:	ea22 0203 	bic.w	r2, r2, r3
1000866c:	ea12 12cc 	ands.w	r2, r2, ip, lsl #7
10008670:	bf04      	itt	eq
10008672:	f851 3b04 	ldreq.w	r3, [r1], #4
10008676:	3004      	addeq	r0, #4
10008678:	d0f4      	beq.n	10008664 <strlen+0x30>
1000867a:	f1c2 0100 	rsb	r1, r2, #0
1000867e:	ea02 0201 	and.w	r2, r2, r1
10008682:	fab2 f282 	clz	r2, r2
10008686:	f1c2 021f 	rsb	r2, r2, #31
1000868a:	eb00 00d2 	add.w	r0, r0, r2, lsr #3
1000868e:	4770      	bx	lr

10008690 <_malloc_trim_r>:
10008690:	e92d 43f8 	stmdb	sp!, {r3, r4, r5, r6, r7, r8, r9, lr}
10008694:	4606      	mov	r6, r0
10008696:	f8df 80ac 	ldr.w	r8, [pc, #172]	@ 10008744 <_malloc_trim_r+0xb4>
1000869a:	2008      	movs	r0, #8
1000869c:	4689      	mov	r9, r1
1000869e:	f7ff ff45 	bl	1000852c <sysconf>
100086a2:	4605      	mov	r5, r0
100086a4:	4630      	mov	r0, r6
100086a6:	f7ff fecb 	bl	10008440 <__malloc_lock>
100086aa:	f8d8 3008 	ldr.w	r3, [r8, #8]
100086ae:	685f      	ldr	r7, [r3, #4]
100086b0:	f027 0703 	bic.w	r7, r7, #3
100086b4:	f1a7 0411 	sub.w	r4, r7, #17
100086b8:	eba4 0409 	sub.w	r4, r4, r9
100086bc:	442c      	add	r4, r5
100086be:	fbb4 f4f5 	udiv	r4, r4, r5
100086c2:	3c01      	subs	r4, #1
100086c4:	fb05 f404 	mul.w	r4, r5, r4
100086c8:	42a5      	cmp	r5, r4
100086ca:	dc08      	bgt.n	100086de <_malloc_trim_r+0x4e>
100086cc:	2100      	movs	r1, #0
100086ce:	4630      	mov	r0, r6
100086d0:	f7ff ff10 	bl	100084f4 <_sbrk_r>
100086d4:	f8d8 3008 	ldr.w	r3, [r8, #8]
100086d8:	443b      	add	r3, r7
100086da:	4298      	cmp	r0, r3
100086dc:	d005      	beq.n	100086ea <_malloc_trim_r+0x5a>
100086de:	4630      	mov	r0, r6
100086e0:	f7ff feb4 	bl	1000844c <__malloc_unlock>
100086e4:	2000      	movs	r0, #0
100086e6:	e8bd 83f8 	ldmia.w	sp!, {r3, r4, r5, r6, r7, r8, r9, pc}
100086ea:	4261      	negs	r1, r4
100086ec:	4630      	mov	r0, r6
100086ee:	f7ff ff01 	bl	100084f4 <_sbrk_r>
100086f2:	3001      	adds	r0, #1
100086f4:	d00f      	beq.n	10008716 <_malloc_trim_r+0x86>
100086f6:	1b3f      	subs	r7, r7, r4
100086f8:	4a10      	ldr	r2, [pc, #64]	@ (1000873c <_malloc_trim_r+0xac>)
100086fa:	f8d8 3008 	ldr.w	r3, [r8, #8]
100086fe:	4630      	mov	r0, r6
10008700:	f047 0701 	orr.w	r7, r7, #1
10008704:	605f      	str	r7, [r3, #4]
10008706:	6813      	ldr	r3, [r2, #0]
10008708:	1b1b      	subs	r3, r3, r4
1000870a:	6013      	str	r3, [r2, #0]
1000870c:	f7ff fe9e 	bl	1000844c <__malloc_unlock>
10008710:	2001      	movs	r0, #1
10008712:	e8bd 83f8 	ldmia.w	sp!, {r3, r4, r5, r6, r7, r8, r9, pc}
10008716:	2100      	movs	r1, #0
10008718:	4630      	mov	r0, r6
1000871a:	f7ff feeb 	bl	100084f4 <_sbrk_r>
1000871e:	f8d8 2008 	ldr.w	r2, [r8, #8]
10008722:	1a83      	subs	r3, r0, r2
10008724:	2b0f      	cmp	r3, #15
10008726:	ddda      	ble.n	100086de <_malloc_trim_r+0x4e>
10008728:	f043 0301 	orr.w	r3, r3, #1
1000872c:	4903      	ldr	r1, [pc, #12]	@ (1000873c <_malloc_trim_r+0xac>)
1000872e:	6053      	str	r3, [r2, #4]
10008730:	4b03      	ldr	r3, [pc, #12]	@ (10008740 <_malloc_trim_r+0xb0>)
10008732:	681b      	ldr	r3, [r3, #0]
10008734:	1ac0      	subs	r0, r0, r3
10008736:	6008      	str	r0, [r1, #0]
10008738:	e7d1      	b.n	100086de <_malloc_trim_r+0x4e>
1000873a:	bf00      	nop
1000873c:	2000195c 	.word	0x2000195c
10008740:	20001220 	.word	0x20001220
10008744:	20001228 	.word	0x20001228

10008748 <_free_r>:
10008748:	2900      	cmp	r1, #0
1000874a:	d05a      	beq.n	10008802 <_free_r+0xba>
1000874c:	b5f8      	push	{r3, r4, r5, r6, r7, lr}
1000874e:	460c      	mov	r4, r1
10008750:	4607      	mov	r7, r0
10008752:	f7ff fe75 	bl	10008440 <__malloc_lock>
10008756:	4d73      	ldr	r5, [pc, #460]	@ (10008924 <_free_r+0x1dc>)
10008758:	f854 cc04 	ldr.w	ip, [r4, #-4]
1000875c:	f1a4 0208 	sub.w	r2, r4, #8
10008760:	68a8      	ldr	r0, [r5, #8]
10008762:	f02c 0301 	bic.w	r3, ip, #1
10008766:	f00c 0e01 	and.w	lr, ip, #1
1000876a:	18d1      	adds	r1, r2, r3
1000876c:	684e      	ldr	r6, [r1, #4]
1000876e:	4288      	cmp	r0, r1
10008770:	f026 0603 	bic.w	r6, r6, #3
10008774:	d07c      	beq.n	10008870 <_free_r+0x128>
10008776:	1988      	adds	r0, r1, r6
10008778:	604e      	str	r6, [r1, #4]
1000877a:	6840      	ldr	r0, [r0, #4]
1000877c:	f000 0001 	and.w	r0, r0, #1
10008780:	f1be 0f00 	cmp.w	lr, #0
10008784:	d12e      	bne.n	100087e4 <_free_r+0x9c>
10008786:	f854 4c08 	ldr.w	r4, [r4, #-8]
1000878a:	f105 0c08 	add.w	ip, r5, #8
1000878e:	1b12      	subs	r2, r2, r4
10008790:	4423      	add	r3, r4
10008792:	6894      	ldr	r4, [r2, #8]
10008794:	4564      	cmp	r4, ip
10008796:	d060      	beq.n	1000885a <_free_r+0x112>
10008798:	f8d2 e00c 	ldr.w	lr, [r2, #12]
1000879c:	f8c4 e00c 	str.w	lr, [r4, #12]
100087a0:	f8ce 4008 	str.w	r4, [lr, #8]
100087a4:	2800      	cmp	r0, #0
100087a6:	d07d      	beq.n	100088a4 <_free_r+0x15c>
100087a8:	f043 0001 	orr.w	r0, r3, #1
100087ac:	6050      	str	r0, [r2, #4]
100087ae:	600b      	str	r3, [r1, #0]
100087b0:	f5b3 7f00 	cmp.w	r3, #512	@ 0x200
100087b4:	d22e      	bcs.n	10008814 <_free_r+0xcc>
100087b6:	0958      	lsrs	r0, r3, #5
100087b8:	08d9      	lsrs	r1, r3, #3
100087ba:	2301      	movs	r3, #1
100087bc:	4083      	lsls	r3, r0
100087be:	6868      	ldr	r0, [r5, #4]
100087c0:	3101      	adds	r1, #1
100087c2:	4303      	orrs	r3, r0
100087c4:	f855 0031 	ldr.w	r0, [r5, r1, lsl #3]
100087c8:	606b      	str	r3, [r5, #4]
100087ca:	eb05 03c1 	add.w	r3, r5, r1, lsl #3
100087ce:	3b08      	subs	r3, #8
100087d0:	e9c2 0302 	strd	r0, r3, [r2, #8]
100087d4:	f845 2031 	str.w	r2, [r5, r1, lsl #3]
100087d8:	60c2      	str	r2, [r0, #12]
100087da:	4638      	mov	r0, r7
100087dc:	e8bd 40f8 	ldmia.w	sp!, {r3, r4, r5, r6, r7, lr}
100087e0:	f7ff be34 	b.w	1000844c <__malloc_unlock>
100087e4:	b970      	cbnz	r0, 10008804 <_free_r+0xbc>
100087e6:	4433      	add	r3, r6
100087e8:	f105 0c08 	add.w	ip, r5, #8
100087ec:	6888      	ldr	r0, [r1, #8]
100087ee:	f043 0401 	orr.w	r4, r3, #1
100087f2:	4560      	cmp	r0, ip
100087f4:	d06e      	beq.n	100088d4 <_free_r+0x18c>
100087f6:	68c9      	ldr	r1, [r1, #12]
100087f8:	60c1      	str	r1, [r0, #12]
100087fa:	6088      	str	r0, [r1, #8]
100087fc:	6054      	str	r4, [r2, #4]
100087fe:	50d3      	str	r3, [r2, r3]
10008800:	e7d6      	b.n	100087b0 <_free_r+0x68>
10008802:	4770      	bx	lr
10008804:	f04c 0101 	orr.w	r1, ip, #1
10008808:	f5b3 7f00 	cmp.w	r3, #512	@ 0x200
1000880c:	f844 1c04 	str.w	r1, [r4, #-4]
10008810:	50d3      	str	r3, [r2, r3]
10008812:	d3d0      	bcc.n	100087b6 <_free_r+0x6e>
10008814:	f5b3 6f20 	cmp.w	r3, #2560	@ 0xa00
10008818:	ea4f 2153 	mov.w	r1, r3, lsr #9
1000881c:	d244      	bcs.n	100088a8 <_free_r+0x160>
1000881e:	0999      	lsrs	r1, r3, #6
10008820:	f101 0039 	add.w	r0, r1, #57	@ 0x39
10008824:	f101 0438 	add.w	r4, r1, #56	@ 0x38
10008828:	00c1      	lsls	r1, r0, #3
1000882a:	1868      	adds	r0, r5, r1
1000882c:	5869      	ldr	r1, [r5, r1]
1000882e:	3808      	subs	r0, #8
10008830:	4288      	cmp	r0, r1
10008832:	d103      	bne.n	1000883c <_free_r+0xf4>
10008834:	e055      	b.n	100088e2 <_free_r+0x19a>
10008836:	6889      	ldr	r1, [r1, #8]
10008838:	4288      	cmp	r0, r1
1000883a:	d004      	beq.n	10008846 <_free_r+0xfe>
1000883c:	684c      	ldr	r4, [r1, #4]
1000883e:	f024 0403 	bic.w	r4, r4, #3
10008842:	429c      	cmp	r4, r3
10008844:	d8f7      	bhi.n	10008836 <_free_r+0xee>
10008846:	68c8      	ldr	r0, [r1, #12]
10008848:	e9c2 1002 	strd	r1, r0, [r2, #8]
1000884c:	6082      	str	r2, [r0, #8]
1000884e:	4638      	mov	r0, r7
10008850:	60ca      	str	r2, [r1, #12]
10008852:	e8bd 40f8 	ldmia.w	sp!, {r3, r4, r5, r6, r7, lr}
10008856:	f7ff bdf9 	b.w	1000844c <__malloc_unlock>
1000885a:	bb80      	cbnz	r0, 100088be <_free_r+0x176>
1000885c:	441e      	add	r6, r3
1000885e:	e9d1 1302 	ldrd	r1, r3, [r1, #8]
10008862:	60cb      	str	r3, [r1, #12]
10008864:	6099      	str	r1, [r3, #8]
10008866:	f046 0301 	orr.w	r3, r6, #1
1000886a:	6053      	str	r3, [r2, #4]
1000886c:	5196      	str	r6, [r2, r6]
1000886e:	e7b4      	b.n	100087da <_free_r+0x92>
10008870:	441e      	add	r6, r3
10008872:	f1be 0f00 	cmp.w	lr, #0
10008876:	d107      	bne.n	10008888 <_free_r+0x140>
10008878:	f854 3c08 	ldr.w	r3, [r4, #-8]
1000887c:	1ad2      	subs	r2, r2, r3
1000887e:	441e      	add	r6, r3
10008880:	e9d2 1302 	ldrd	r1, r3, [r2, #8]
10008884:	60cb      	str	r3, [r1, #12]
10008886:	6099      	str	r1, [r3, #8]
10008888:	f046 0301 	orr.w	r3, r6, #1
1000888c:	6053      	str	r3, [r2, #4]
1000888e:	4b26      	ldr	r3, [pc, #152]	@ (10008928 <_free_r+0x1e0>)
10008890:	60aa      	str	r2, [r5, #8]
10008892:	681b      	ldr	r3, [r3, #0]
10008894:	42b3      	cmp	r3, r6
10008896:	d8a0      	bhi.n	100087da <_free_r+0x92>
10008898:	4b24      	ldr	r3, [pc, #144]	@ (1000892c <_free_r+0x1e4>)
1000889a:	4638      	mov	r0, r7
1000889c:	6819      	ldr	r1, [r3, #0]
1000889e:	f7ff fef7 	bl	10008690 <_malloc_trim_r>
100088a2:	e79a      	b.n	100087da <_free_r+0x92>
100088a4:	4433      	add	r3, r6
100088a6:	e7a1      	b.n	100087ec <_free_r+0xa4>
100088a8:	2914      	cmp	r1, #20
100088aa:	d90d      	bls.n	100088c8 <_free_r+0x180>
100088ac:	2954      	cmp	r1, #84	@ 0x54
100088ae:	d81f      	bhi.n	100088f0 <_free_r+0x1a8>
100088b0:	0b19      	lsrs	r1, r3, #12
100088b2:	f101 006f 	add.w	r0, r1, #111	@ 0x6f
100088b6:	f101 046e 	add.w	r4, r1, #110	@ 0x6e
100088ba:	00c1      	lsls	r1, r0, #3
100088bc:	e7b5      	b.n	1000882a <_free_r+0xe2>
100088be:	f043 0001 	orr.w	r0, r3, #1
100088c2:	6050      	str	r0, [r2, #4]
100088c4:	600b      	str	r3, [r1, #0]
100088c6:	e788      	b.n	100087da <_free_r+0x92>
100088c8:	f101 005c 	add.w	r0, r1, #92	@ 0x5c
100088cc:	f101 045b 	add.w	r4, r1, #91	@ 0x5b
100088d0:	00c1      	lsls	r1, r0, #3
100088d2:	e7aa      	b.n	1000882a <_free_r+0xe2>
100088d4:	e9c5 2204 	strd	r2, r2, [r5, #16]
100088d8:	e9c2 cc02 	strd	ip, ip, [r2, #8]
100088dc:	6054      	str	r4, [r2, #4]
100088de:	50d3      	str	r3, [r2, r3]
100088e0:	e77b      	b.n	100087da <_free_r+0x92>
100088e2:	10a4      	asrs	r4, r4, #2
100088e4:	2301      	movs	r3, #1
100088e6:	40a3      	lsls	r3, r4
100088e8:	686c      	ldr	r4, [r5, #4]
100088ea:	4323      	orrs	r3, r4
100088ec:	606b      	str	r3, [r5, #4]
100088ee:	e7ab      	b.n	10008848 <_free_r+0x100>
100088f0:	f5b1 7faa 	cmp.w	r1, #340	@ 0x154
100088f4:	d806      	bhi.n	10008904 <_free_r+0x1bc>
100088f6:	0bd9      	lsrs	r1, r3, #15
100088f8:	f101 0078 	add.w	r0, r1, #120	@ 0x78
100088fc:	f101 0477 	add.w	r4, r1, #119	@ 0x77
10008900:	00c1      	lsls	r1, r0, #3
10008902:	e792      	b.n	1000882a <_free_r+0xe2>
10008904:	f240 5054 	movw	r0, #1364	@ 0x554
10008908:	4281      	cmp	r1, r0
1000890a:	d806      	bhi.n	1000891a <_free_r+0x1d2>
1000890c:	0c99      	lsrs	r1, r3, #18
1000890e:	f101 007d 	add.w	r0, r1, #125	@ 0x7d
10008912:	f101 047c 	add.w	r4, r1, #124	@ 0x7c
10008916:	00c1      	lsls	r1, r0, #3
10008918:	e787      	b.n	1000882a <_free_r+0xe2>
1000891a:	f44f 717e 	mov.w	r1, #1016	@ 0x3f8
1000891e:	247e      	movs	r4, #126	@ 0x7e
10008920:	e783      	b.n	1000882a <_free_r+0xe2>
10008922:	bf00      	nop
10008924:	20001228 	.word	0x20001228
10008928:	20001224 	.word	0x20001224
1000892c:	2000198c 	.word	0x2000198c

10008930 <_fini>:
10008930:	b5f8      	push	{r3, r4, r5, r6, r7, lr}
10008932:	bf00      	nop
10008934:	0000      	movs	r0, r0
	...

10008938 <__mutex_enter_timeout_ms_veneer>:
10008938:	f85f f000 	ldr.w	pc, [pc]	@ 1000893c <__mutex_enter_timeout_ms_veneer+0x4>
1000893c:	20000235 	.word	0x20000235

10008940 <__hw_endpoint_start_next_buffer_veneer>:
10008940:	f85f f000 	ldr.w	pc, [pc]	@ 10008944 <__hw_endpoint_start_next_buffer_veneer+0x4>
10008944:	20000b0d 	.word	0x20000b0d

10008948 <__e15_is_bulkin_ep_veneer>:
10008948:	f85f f000 	ldr.w	pc, [pc]	@ 1000894c <__e15_is_bulkin_ep_veneer+0x4>
1000894c:	20000a6d 	.word	0x20000a6d

10008950 <__reset_non_control_endpoints_veneer>:
10008950:	f85f f000 	ldr.w	pc, [pc]	@ 10008954 <__reset_non_control_endpoints_veneer+0x4>
10008954:	200002a9 	.word	0x200002a9

10008958 <____aeabi_uldivmod_veneer>:
10008958:	f85f f000 	ldr.w	pc, [pc]	@ 1000895c <____aeabi_uldivmod_veneer+0x4>
1000895c:	20000dd1 	.word	0x20000dd1

10008960 <__mutex_exit_veneer>:
10008960:	f85f f000 	ldr.w	pc, [pc]	@ 10008964 <__mutex_exit_veneer+0x4>
10008964:	2000026d 	.word	0x2000026d

10008968 <__e15_is_critical_frame_period_veneer>:
10008968:	f85f f000 	ldr.w	pc, [pc]	@ 1000896c <__e15_is_critical_frame_period_veneer+0x4>
1000896c:	20000a95 	.word	0x20000a95

10008970 <___hw_endpoint_buffer_control_update32_veneer>:
10008970:	f85f f000 	ldr.w	pc, [pc]	@ 10008974 <___hw_endpoint_buffer_control_update32_veneer+0x4>
10008974:	20000ac9 	.word	0x20000ac9

10008978 <__mutex_try_enter_block_until_veneer>:
10008978:	f85f f000 	ldr.w	pc, [pc]	@ 1000897c <__mutex_try_enter_block_until_veneer+0x4>
1000897c:	200001cd 	.word	0x200001cd

10008980 <__mutex_try_enter_veneer>:
10008980:	f85f f000 	ldr.w	pc, [pc]	@ 10008984 <__mutex_try_enter_veneer+0x4>
10008984:	20000111 	.word	0x20000111

10008988 <__pre_init_runtime_init_bootrom_reset>:
10008988:	10001921                                !...

1000898c <__pre_init_runtime_init_early_resets>:
1000898c:	10001895                                ....

10008990 <__pre_init_runtime_init_usb_power_down>:
10008990:	100018c9                                ....

10008994 <__pre_init_runtime_init_clocks>:
10008994:	1000196d                                m...

10008998 <__pre_init_runtime_init_post_clock_resets>:
10008998:	10001901                                ....

1000899c <__pre_init_runtime_init_boot_locks_reset>:
1000899c:	10001819                                ....

100089a0 <__pre_init_runtime_init_spin_locks_reset>:
100089a0:	10001949                                I...

100089a4 <__pre_init_runtime_init_bootrom_locking_enable>:
100089a4:	10001805                                ....

100089a8 <__pre_init_runtime_init_mutex>:
100089a8:	10000c75                                u...

100089ac <__pre_init_runtime_init_install_ram_vector_table>:
100089ac:	1000194d                                M...

100089b0 <__pre_init_runtime_init_default_alarm_pool>:
100089b0:	10001039                                9...

100089b4 <__pre_init_first_per_core_initializer>:
100089b4:	10001865                                e...

100089b8 <__pre_init_runtime_init_per_core_bootrom_reset>:
100089b8:	10001935                                5...

100089bc <__pre_init_runtime_init_per_core_enable_coprocessors>:
100089bc:	100018e5                                ....

100089c0 <__pre_init_spinlock_set_extexclall>:
100089c0:	10000851                                Q...

100089c4 <__pre_init_runtime_init_per_core_irq_priorities>:
100089c4:	10000879                                y...

100089c8 <__frame_dummy_init_array_entry>:
100089c8:	10000219 10003de1 10007cf5              .....=...|..

Disassembly of section .data:

20000110 <mutex_try_enter>:
20000110:	4603      	mov	r3, r0
20000112:	b500      	push	{lr}
20000114:	6802      	ldr	r2, [r0, #0]
20000116:	f3ef 8c10 	mrs	ip, PRIMASK
2000011a:	b672      	cpsid	i
2000011c:	e8d2 efcf 	ldaexb	lr, [r2]
20000120:	2001      	movs	r0, #1
20000122:	f1be 0f00 	cmp.w	lr, #0
20000126:	d1f9      	bne.n	2000011c <mutex_try_enter+0xc>
20000128:	e8c2 0f4e 	strexb	lr, r0, [r2]
2000012c:	f1be 0f00 	cmp.w	lr, #0
20000130:	d1f4      	bne.n	2000011c <mutex_try_enter+0xc>
20000132:	f3bf 8f5f 	dmb	sy
20000136:	f993 2004 	ldrsb.w	r2, [r3, #4]
2000013a:	2a00      	cmp	r2, #0
2000013c:	db0a      	blt.n	20000154 <mutex_try_enter+0x44>
2000013e:	b101      	cbz	r1, 20000142 <mutex_try_enter+0x32>
20000140:	600a      	str	r2, [r1, #0]
20000142:	2000      	movs	r0, #0
20000144:	2200      	movs	r2, #0
20000146:	681b      	ldr	r3, [r3, #0]
20000148:	e8c3 2f8f 	stlb	r2, [r3]
2000014c:	f38c 8810 	msr	PRIMASK, ip
20000150:	f85d fb04 	ldr.w	pc, [sp], #4
20000154:	f04f 4250 	mov.w	r2, #3489660928	@ 0xd0000000
20000158:	6812      	ldr	r2, [r2, #0]
2000015a:	2001      	movs	r0, #1
2000015c:	711a      	strb	r2, [r3, #4]
2000015e:	e7f1      	b.n	20000144 <mutex_try_enter+0x34>

20000160 <mutex_enter_block_until>:
20000160:	f04f 4150 	mov.w	r1, #3489660928	@ 0xd0000000
20000164:	e92d 41f0 	stmdb	sp!, {r4, r5, r6, r7, r8, lr}
20000168:	2700      	movs	r7, #0
2000016a:	4604      	mov	r4, r0
2000016c:	4616      	mov	r6, r2
2000016e:	461d      	mov	r5, r3
20000170:	f8d1 8000 	ldr.w	r8, [r1]
20000174:	e008      	b.n	20000188 <mutex_enter_block_until+0x28>
20000176:	e8c1 7f8f 	stlb	r7, [r1]
2000017a:	f38c 8810 	msr	PRIMASK, ip
2000017e:	4630      	mov	r0, r6
20000180:	4629      	mov	r1, r5
20000182:	f000 fff1 	bl	20001168 <__best_effort_wfe_or_timeout_veneer>
20000186:	b9e8      	cbnz	r0, 200001c4 <mutex_enter_block_until+0x64>
20000188:	6821      	ldr	r1, [r4, #0]
2000018a:	f3ef 8c10 	mrs	ip, PRIMASK
2000018e:	b672      	cpsid	i
20000190:	e8d1 2fcf 	ldaexb	r2, [r1]
20000194:	2301      	movs	r3, #1
20000196:	2a00      	cmp	r2, #0
20000198:	d1fa      	bne.n	20000190 <mutex_enter_block_until+0x30>
2000019a:	e8c1 3f42 	strexb	r2, r3, [r1]
2000019e:	2a00      	cmp	r2, #0
200001a0:	d1f6      	bne.n	20000190 <mutex_enter_block_until+0x30>
200001a2:	f3bf 8f5f 	dmb	sy
200001a6:	f994 3004 	ldrsb.w	r3, [r4, #4]
200001aa:	6821      	ldr	r1, [r4, #0]
200001ac:	2b00      	cmp	r3, #0
200001ae:	dae2      	bge.n	20000176 <mutex_enter_block_until+0x16>
200001b0:	2300      	movs	r3, #0
200001b2:	f884 8004 	strb.w	r8, [r4, #4]
200001b6:	e8c1 3f8f 	stlb	r3, [r1]
200001ba:	f38c 8810 	msr	PRIMASK, ip
200001be:	2001      	movs	r0, #1
200001c0:	e8bd 81f0 	ldmia.w	sp!, {r4, r5, r6, r7, r8, pc}
200001c4:	2000      	movs	r0, #0
200001c6:	e8bd 81f0 	ldmia.w	sp!, {r4, r5, r6, r7, r8, pc}
200001ca:	bf00      	nop

200001cc <mutex_try_enter_block_until>:
200001cc:	b530      	push	{r4, r5, lr}
200001ce:	6804      	ldr	r4, [r0, #0]
200001d0:	f3ef 8c10 	mrs	ip, PRIMASK
200001d4:	b672      	cpsid	i
200001d6:	e8d4 efcf 	ldaexb	lr, [r4]
200001da:	2501      	movs	r5, #1
200001dc:	f1be 0f00 	cmp.w	lr, #0
200001e0:	d1f9      	bne.n	200001d6 <mutex_try_enter_block_until+0xa>
200001e2:	e8c4 5f4e 	strexb	lr, r5, [r4]
200001e6:	f1be 0f00 	cmp.w	lr, #0
200001ea:	d1f4      	bne.n	200001d6 <mutex_try_enter_block_until+0xa>
200001ec:	f3bf 8f5f 	dmb	sy
200001f0:	f990 4004 	ldrsb.w	r4, [r0, #4]
200001f4:	6805      	ldr	r5, [r0, #0]
200001f6:	2c00      	cmp	r4, #0
200001f8:	db10      	blt.n	2000021c <mutex_try_enter_block_until+0x50>
200001fa:	2100      	movs	r1, #0
200001fc:	e8c5 1f8f 	stlb	r1, [r5]
20000200:	f38c 8810 	msr	PRIMASK, ip
20000204:	f04f 4550 	mov.w	r5, #3489660928	@ 0xd0000000
20000208:	f995 5000 	ldrsb.w	r5, [r5]
2000020c:	42a5      	cmp	r5, r4
2000020e:	d101      	bne.n	20000214 <mutex_try_enter_block_until+0x48>
20000210:	4608      	mov	r0, r1
20000212:	bd30      	pop	{r4, r5, pc}
20000214:	e8bd 4030 	ldmia.w	sp!, {r4, r5, lr}
20000218:	f7ff bfa2 	b.w	20000160 <mutex_enter_block_until>
2000021c:	f04f 4250 	mov.w	r2, #3489660928	@ 0xd0000000
20000220:	6812      	ldr	r2, [r2, #0]
20000222:	2300      	movs	r3, #0
20000224:	7102      	strb	r2, [r0, #4]
20000226:	e8c5 3f8f 	stlb	r3, [r5]
2000022a:	f38c 8810 	msr	PRIMASK, ip
2000022e:	2001      	movs	r0, #1
20000230:	bd30      	pop	{r4, r5, pc}
20000232:	bf00      	nop

20000234 <mutex_enter_timeout_ms>:
20000234:	b570      	push	{r4, r5, r6, lr}
20000236:	4605      	mov	r5, r0
20000238:	460c      	mov	r4, r1
2000023a:	f000 ff99 	bl	20001170 <__time_us_64_veneer>
2000023e:	4602      	mov	r2, r0
20000240:	460b      	mov	r3, r1
20000242:	f44f 707a 	mov.w	r0, #1000	@ 0x3e8
20000246:	f04f 3eff 	mov.w	lr, #4294967295
2000024a:	f06f 4c00 	mvn.w	ip, #2147483648	@ 0x80000000
2000024e:	fbe4 2300 	umlal	r2, r3, r4, r0
20000252:	4596      	cmp	lr, r2
20000254:	eb7c 0103 	sbcs.w	r1, ip, r3
20000258:	bf38      	it	cc
2000025a:	4672      	movcc	r2, lr
2000025c:	4628      	mov	r0, r5
2000025e:	e8bd 4070 	ldmia.w	sp!, {r4, r5, r6, lr}
20000262:	bf38      	it	cc
20000264:	4663      	movcc	r3, ip
20000266:	f7ff bf7b 	b.w	20000160 <mutex_enter_block_until>
2000026a:	bf00      	nop

2000026c <mutex_exit>:
2000026c:	6803      	ldr	r3, [r0, #0]
2000026e:	f3ef 8210 	mrs	r2, PRIMASK
20000272:	b672      	cpsid	i
20000274:	e8d3 cfcf 	ldaexb	ip, [r3]
20000278:	2101      	movs	r1, #1
2000027a:	f1bc 0f00 	cmp.w	ip, #0
2000027e:	d1f9      	bne.n	20000274 <mutex_exit+0x8>
20000280:	e8c3 1f4c 	strexb	ip, r1, [r3]
20000284:	f1bc 0f00 	cmp.w	ip, #0
20000288:	d1f4      	bne.n	20000274 <mutex_exit+0x8>
2000028a:	f3bf 8f5f 	dmb	sy
2000028e:	f04f 0cff 	mov.w	ip, #255	@ 0xff
20000292:	2300      	movs	r3, #0
20000294:	6801      	ldr	r1, [r0, #0]
20000296:	f880 c004 	strb.w	ip, [r0, #4]
2000029a:	e8c1 3f8f 	stlb	r3, [r1]
2000029e:	f382 8810 	msr	PRIMASK, r2
200002a2:	bf40      	sev
200002a4:	4770      	bx	lr
200002a6:	bf00      	nop

200002a8 <reset_non_control_endpoints>:
200002a8:	2100      	movs	r1, #0
200002aa:	b508      	push	{r3, lr}
200002ac:	4b13      	ldr	r3, [pc, #76]	@ (200002fc <reset_non_control_endpoints+0x54>)
200002ae:	f44f 7270 	mov.w	r2, #960	@ 0x3c0
200002b2:	6099      	str	r1, [r3, #8]
200002b4:	4812      	ldr	r0, [pc, #72]	@ (20000300 <reset_non_control_endpoints+0x58>)
200002b6:	60d9      	str	r1, [r3, #12]
200002b8:	6119      	str	r1, [r3, #16]
200002ba:	6159      	str	r1, [r3, #20]
200002bc:	6199      	str	r1, [r3, #24]
200002be:	61d9      	str	r1, [r3, #28]
200002c0:	6219      	str	r1, [r3, #32]
200002c2:	6259      	str	r1, [r3, #36]	@ 0x24
200002c4:	6299      	str	r1, [r3, #40]	@ 0x28
200002c6:	62d9      	str	r1, [r3, #44]	@ 0x2c
200002c8:	6319      	str	r1, [r3, #48]	@ 0x30
200002ca:	6359      	str	r1, [r3, #52]	@ 0x34
200002cc:	6399      	str	r1, [r3, #56]	@ 0x38
200002ce:	63d9      	str	r1, [r3, #60]	@ 0x3c
200002d0:	6419      	str	r1, [r3, #64]	@ 0x40
200002d2:	6459      	str	r1, [r3, #68]	@ 0x44
200002d4:	6499      	str	r1, [r3, #72]	@ 0x48
200002d6:	64d9      	str	r1, [r3, #76]	@ 0x4c
200002d8:	6519      	str	r1, [r3, #80]	@ 0x50
200002da:	6559      	str	r1, [r3, #84]	@ 0x54
200002dc:	6599      	str	r1, [r3, #88]	@ 0x58
200002de:	65d9      	str	r1, [r3, #92]	@ 0x5c
200002e0:	6619      	str	r1, [r3, #96]	@ 0x60
200002e2:	6659      	str	r1, [r3, #100]	@ 0x64
200002e4:	6699      	str	r1, [r3, #104]	@ 0x68
200002e6:	66d9      	str	r1, [r3, #108]	@ 0x6c
200002e8:	6719      	str	r1, [r3, #112]	@ 0x70
200002ea:	6759      	str	r1, [r3, #116]	@ 0x74
200002ec:	6799      	str	r1, [r3, #120]	@ 0x78
200002ee:	67d9      	str	r1, [r3, #124]	@ 0x7c
200002f0:	f000 ff2e 	bl	20001150 <__memset_veneer>
200002f4:	4b03      	ldr	r3, [pc, #12]	@ (20000304 <reset_non_control_endpoints+0x5c>)
200002f6:	4a04      	ldr	r2, [pc, #16]	@ (20000308 <reset_non_control_endpoints+0x60>)
200002f8:	601a      	str	r2, [r3, #0]
200002fa:	bd08      	pop	{r3, pc}
200002fc:	50100000 	.word	0x50100000
20000300:	20002134 	.word	0x20002134
20000304:	200024fc 	.word	0x200024fc
20000308:	50100180 	.word	0x50100180

2000030c <hw_handle_buff_status>:
2000030c:	e92d 4ff0 	stmdb	sp!, {r4, r5, r6, r7, r8, r9, sl, fp, lr}
20000310:	4b1f      	ldr	r3, [pc, #124]	@ (20000390 <hw_handle_buff_status+0x84>)
20000312:	b085      	sub	sp, #20
20000314:	f8d3 a058 	ldr.w	sl, [r3, #88]	@ 0x58
20000318:	f1ba 0f00 	cmp.w	sl, #0
2000031c:	d022      	beq.n	20000364 <hw_handle_buff_status+0x58>
2000031e:	2400      	movs	r4, #0
20000320:	2501      	movs	r5, #1
20000322:	f44f 69e0 	mov.w	r9, #1792	@ 0x700
20000326:	f8df 8070 	ldr.w	r8, [pc, #112]	@ 20000398 <hw_handle_buff_status+0x8c>
2000032a:	4f1a      	ldr	r7, [pc, #104]	@ (20000394 <hw_handle_buff_status+0x88>)
2000032c:	e001      	b.n	20000332 <hw_handle_buff_status+0x26>
2000032e:	2c20      	cmp	r4, #32
20000330:	d018      	beq.n	20000364 <hw_handle_buff_status+0x58>
20000332:	ea0a 0205 	and.w	r2, sl, r5
20000336:	1c61      	adds	r1, r4, #1
20000338:	4623      	mov	r3, r4
2000033a:	46ab      	mov	fp, r5
2000033c:	b2cc      	uxtb	r4, r1
2000033e:	006d      	lsls	r5, r5, #1
20000340:	2a00      	cmp	r2, #0
20000342:	d0f4      	beq.n	2000032e <hw_handle_buff_status+0x22>
20000344:	f004 0201 	and.w	r2, r4, #1
20000348:	f003 06fe 	and.w	r6, r3, #254	@ 0xfe
2000034c:	4416      	add	r6, r2
2000034e:	eb07 1646 	add.w	r6, r7, r6, lsl #5
20000352:	4630      	mov	r0, r6
20000354:	f8c8 b058 	str.w	fp, [r8, #88]	@ 0x58
20000358:	f000 fc0a 	bl	20000b70 <hw_endpoint_xfer_continue>
2000035c:	b928      	cbnz	r0, 2000036a <hw_handle_buff_status+0x5e>
2000035e:	ea3a 0a0b 	bics.w	sl, sl, fp
20000362:	d1e4      	bne.n	2000032e <hw_handle_buff_status+0x22>
20000364:	b005      	add	sp, #20
20000366:	e8bd 8ff0 	ldmia.w	sp!, {r4, r5, r6, r7, r8, r9, sl, fp, pc}
2000036a:	2300      	movs	r3, #0
2000036c:	f88d 3009 	strb.w	r3, [sp, #9]
20000370:	78b3      	ldrb	r3, [r6, #2]
20000372:	a801      	add	r0, sp, #4
20000374:	f88d 3008 	strb.w	r3, [sp, #8]
20000378:	8af3      	ldrh	r3, [r6, #22]
2000037a:	2101      	movs	r1, #1
2000037c:	f8ad 9004 	strh.w	r9, [sp, #4]
20000380:	9303      	str	r3, [sp, #12]
20000382:	f000 fc13 	bl	20000bac <dcd_event_handler>
20000386:	4630      	mov	r0, r6
20000388:	f000 fb98 	bl	20000abc <hw_endpoint_reset_transfer>
2000038c:	e7e7      	b.n	2000035e <hw_handle_buff_status+0x52>
2000038e:	bf00      	nop
20000390:	50110000 	.word	0x50110000
20000394:	200020f4 	.word	0x200020f4
20000398:	50113000 	.word	0x50113000

2000039c <dcd_rp2040_irq>:
2000039c:	b5f0      	push	{r4, r5, r6, r7, lr}
2000039e:	4bbb      	ldr	r3, [pc, #748]	@ (2000068c <dcd_rp2040_irq+0x2f0>)
200003a0:	b085      	sub	sp, #20
200003a2:	f8d3 5098 	ldr.w	r5, [r3, #152]	@ 0x98
200003a6:	f415 3600 	ands.w	r6, r5, #131072	@ 0x20000
200003aa:	d074      	beq.n	20000496 <dcd_rp2040_irq+0xfa>
200003ac:	4bb8      	ldr	r3, [pc, #736]	@ (20000690 <dcd_rp2040_irq+0x2f4>)
200003ae:	4cb9      	ldr	r4, [pc, #740]	@ (20000694 <dcd_rp2040_irq+0x2f8>)
200003b0:	6a99      	ldr	r1, [r3, #40]	@ 0x28
200003b2:	f894 303b 	ldrb.w	r3, [r4, #59]	@ 0x3b
200003b6:	4ab8      	ldr	r2, [pc, #736]	@ (20000698 <dcd_rp2040_irq+0x2fc>)
200003b8:	2b02      	cmp	r3, #2
200003ba:	6011      	str	r1, [r2, #0]
200003bc:	f000 80d4 	beq.w	20000568 <dcd_rp2040_irq+0x1cc>
200003c0:	2600      	movs	r6, #0
200003c2:	f894 307b 	ldrb.w	r3, [r4, #123]	@ 0x7b
200003c6:	2b02      	cmp	r3, #2
200003c8:	f000 813b 	beq.w	20000642 <dcd_rp2040_irq+0x2a6>
200003cc:	f894 30bb 	ldrb.w	r3, [r4, #187]	@ 0xbb
200003d0:	2b02      	cmp	r3, #2
200003d2:	f000 817d 	beq.w	200006d0 <dcd_rp2040_irq+0x334>
200003d6:	f894 30fb 	ldrb.w	r3, [r4, #251]	@ 0xfb
200003da:	2b02      	cmp	r3, #2
200003dc:	f000 816c 	beq.w	200006b8 <dcd_rp2040_irq+0x31c>
200003e0:	f894 313b 	ldrb.w	r3, [r4, #315]	@ 0x13b
200003e4:	2b02      	cmp	r3, #2
200003e6:	f000 8144 	beq.w	20000672 <dcd_rp2040_irq+0x2d6>
200003ea:	f894 317b 	ldrb.w	r3, [r4, #379]	@ 0x17b
200003ee:	2b02      	cmp	r3, #2
200003f0:	f000 8133 	beq.w	2000065a <dcd_rp2040_irq+0x2be>
200003f4:	f894 31bb 	ldrb.w	r3, [r4, #443]	@ 0x1bb
200003f8:	2b02      	cmp	r3, #2
200003fa:	f000 81b6 	beq.w	2000076a <dcd_rp2040_irq+0x3ce>
200003fe:	f894 31fb 	ldrb.w	r3, [r4, #507]	@ 0x1fb
20000402:	2b02      	cmp	r3, #2
20000404:	f000 81a6 	beq.w	20000754 <dcd_rp2040_irq+0x3b8>
20000408:	f894 323b 	ldrb.w	r3, [r4, #571]	@ 0x23b
2000040c:	2b02      	cmp	r3, #2
2000040e:	f000 8196 	beq.w	2000073e <dcd_rp2040_irq+0x3a2>
20000412:	f894 327b 	ldrb.w	r3, [r4, #635]	@ 0x27b
20000416:	2b02      	cmp	r3, #2
20000418:	f000 8186 	beq.w	20000728 <dcd_rp2040_irq+0x38c>
2000041c:	f894 32bb 	ldrb.w	r3, [r4, #699]	@ 0x2bb
20000420:	2b02      	cmp	r3, #2
20000422:	f000 8176 	beq.w	20000712 <dcd_rp2040_irq+0x376>
20000426:	f894 32fb 	ldrb.w	r3, [r4, #763]	@ 0x2fb
2000042a:	2b02      	cmp	r3, #2
2000042c:	f000 8166 	beq.w	200006fc <dcd_rp2040_irq+0x360>
20000430:	f894 333b 	ldrb.w	r3, [r4, #827]	@ 0x33b
20000434:	2b02      	cmp	r3, #2
20000436:	f000 8156 	beq.w	200006e6 <dcd_rp2040_irq+0x34a>
2000043a:	f894 337b 	ldrb.w	r3, [r4, #891]	@ 0x37b
2000043e:	2b02      	cmp	r3, #2
20000440:	f000 80a4 	beq.w	2000058c <dcd_rp2040_irq+0x1f0>
20000444:	f894 33bb 	ldrb.w	r3, [r4, #955]	@ 0x3bb
20000448:	2b02      	cmp	r3, #2
2000044a:	f000 8199 	beq.w	20000780 <dcd_rp2040_irq+0x3e4>
2000044e:	f894 33fb 	ldrb.w	r3, [r4, #1019]	@ 0x3fb
20000452:	2b02      	cmp	r3, #2
20000454:	f000 80b4 	beq.w	200005c0 <dcd_rp2040_irq+0x224>
20000458:	b93e      	cbnz	r6, 2000046a <dcd_rp2040_irq+0xce>
2000045a:	4b90      	ldr	r3, [pc, #576]	@ (2000069c <dcd_rp2040_irq+0x300>)
2000045c:	781b      	ldrb	r3, [r3, #0]
2000045e:	b923      	cbnz	r3, 2000046a <dcd_rp2040_irq+0xce>
20000460:	f44f 3200 	mov.w	r2, #131072	@ 0x20000
20000464:	4b8e      	ldr	r3, [pc, #568]	@ (200006a0 <dcd_rp2040_irq+0x304>)
20000466:	f8c3 2090 	str.w	r2, [r3, #144]	@ 0x90
2000046a:	f44f 7240 	mov.w	r2, #768	@ 0x300
2000046e:	4b87      	ldr	r3, [pc, #540]	@ (2000068c <dcd_rp2040_irq+0x2f0>)
20000470:	2101      	movs	r1, #1
20000472:	6c9b      	ldr	r3, [r3, #72]	@ 0x48
20000474:	a801      	add	r0, sp, #4
20000476:	f3c3 030a 	ubfx	r3, r3, #0, #11
2000047a:	f8ad 2004 	strh.w	r2, [sp, #4]
2000047e:	9302      	str	r3, [sp, #8]
20000480:	f000 fb94 	bl	20000bac <dcd_event_handler>
20000484:	06ea      	lsls	r2, r5, #27
20000486:	f44f 3600 	mov.w	r6, #131072	@ 0x20000
2000048a:	4c86      	ldr	r4, [pc, #536]	@ (200006a4 <dcd_rp2040_irq+0x308>)
2000048c:	d507      	bpl.n	2000049e <dcd_rp2040_irq+0x102>
2000048e:	f7ff ff3d 	bl	2000030c <hw_handle_buff_status>
20000492:	4626      	mov	r6, r4
20000494:	e003      	b.n	2000049e <dcd_rp2040_irq+0x102>
20000496:	06ea      	lsls	r2, r5, #27
20000498:	f04f 0410 	mov.w	r4, #16
2000049c:	d4f7      	bmi.n	2000048e <dcd_rp2040_irq+0xf2>
2000049e:	03eb      	lsls	r3, r5, #15
200004a0:	d522      	bpl.n	200004e8 <dcd_rp2040_irq+0x14c>
200004a2:	4c7c      	ldr	r4, [pc, #496]	@ (20000694 <dcd_rp2040_irq+0x2f8>)
200004a4:	f446 3680 	orr.w	r6, r6, #65536	@ 0x10000
200004a8:	7ea3      	ldrb	r3, [r4, #26]
200004aa:	2b00      	cmp	r3, #0
200004ac:	f040 8099 	bne.w	200005e2 <dcd_rp2040_irq+0x246>
200004b0:	2301      	movs	r3, #1
200004b2:	f894 203a 	ldrb.w	r2, [r4, #58]	@ 0x3a
200004b6:	70e3      	strb	r3, [r4, #3]
200004b8:	2a00      	cmp	r2, #0
200004ba:	f040 80ad 	bne.w	20000618 <dcd_rp2040_irq+0x27c>
200004be:	2301      	movs	r3, #1
200004c0:	f44f 61c0 	mov.w	r1, #1536	@ 0x600
200004c4:	4a78      	ldr	r2, [pc, #480]	@ (200006a8 <dcd_rp2040_irq+0x30c>)
200004c6:	f884 3023 	strb.w	r3, [r4, #35]	@ 0x23
200004ca:	f8ad 1004 	strh.w	r1, [sp, #4]
200004ce:	e892 0003 	ldmia.w	r2, {r0, r1}
200004d2:	aa04      	add	r2, sp, #16
200004d4:	e902 0003 	stmdb	r2, {r0, r1}
200004d8:	4619      	mov	r1, r3
200004da:	a801      	add	r0, sp, #4
200004dc:	f000 fb66 	bl	20000bac <dcd_event_handler>
200004e0:	f44f 3200 	mov.w	r2, #131072	@ 0x20000
200004e4:	4b6e      	ldr	r3, [pc, #440]	@ (200006a0 <dcd_rp2040_irq+0x304>)
200004e6:	651a      	str	r2, [r3, #80]	@ 0x50
200004e8:	04e9      	lsls	r1, r5, #19
200004ea:	d408      	bmi.n	200004fe <dcd_rp2040_irq+0x162>
200004ec:	046a      	lsls	r2, r5, #17
200004ee:	d41d      	bmi.n	2000052c <dcd_rp2040_irq+0x190>
200004f0:	042b      	lsls	r3, r5, #16
200004f2:	d42a      	bmi.n	2000054a <dcd_rp2040_irq+0x1ae>
200004f4:	42ae      	cmp	r6, r5
200004f6:	f040 81c5 	bne.w	20000884 <dcd_rp2040_irq+0x4e8>
200004fa:	b005      	add	sp, #20
200004fc:	bdf0      	pop	{r4, r5, r6, r7, pc}
200004fe:	2400      	movs	r4, #0
20000500:	4b62      	ldr	r3, [pc, #392]	@ (2000068c <dcd_rp2040_irq+0x2f0>)
20000502:	f446 5680 	orr.w	r6, r6, #4096	@ 0x1000
20000506:	601c      	str	r4, [r3, #0]
20000508:	f7ff fece 	bl	200002a8 <reset_non_control_endpoints>
2000050c:	f44f 7380 	mov.w	r3, #256	@ 0x100
20000510:	2101      	movs	r1, #1
20000512:	a801      	add	r0, sp, #4
20000514:	f8ad 3004 	strh.w	r3, [sp, #4]
20000518:	f88d 4008 	strb.w	r4, [sp, #8]
2000051c:	f000 fb46 	bl	20000bac <dcd_event_handler>
20000520:	f44f 2200 	mov.w	r2, #524288	@ 0x80000
20000524:	4b5e      	ldr	r3, [pc, #376]	@ (200006a0 <dcd_rp2040_irq+0x304>)
20000526:	651a      	str	r2, [r3, #80]	@ 0x50
20000528:	046a      	lsls	r2, r5, #17
2000052a:	d5e1      	bpl.n	200004f0 <dcd_rp2040_irq+0x154>
2000052c:	f44f 6380 	mov.w	r3, #1024	@ 0x400
20000530:	2101      	movs	r1, #1
20000532:	a801      	add	r0, sp, #4
20000534:	f8ad 3004 	strh.w	r3, [sp, #4]
20000538:	f000 fb38 	bl	20000bac <dcd_event_handler>
2000053c:	2210      	movs	r2, #16
2000053e:	4b58      	ldr	r3, [pc, #352]	@ (200006a0 <dcd_rp2040_irq+0x304>)
20000540:	f446 4680 	orr.w	r6, r6, #16384	@ 0x4000
20000544:	651a      	str	r2, [r3, #80]	@ 0x50
20000546:	042b      	lsls	r3, r5, #16
20000548:	d5d4      	bpl.n	200004f4 <dcd_rp2040_irq+0x158>
2000054a:	f44f 63a0 	mov.w	r3, #1280	@ 0x500
2000054e:	2101      	movs	r1, #1
20000550:	a801      	add	r0, sp, #4
20000552:	f8ad 3004 	strh.w	r3, [sp, #4]
20000556:	f000 fb29 	bl	20000bac <dcd_event_handler>
2000055a:	f44f 6200 	mov.w	r2, #2048	@ 0x800
2000055e:	4b50      	ldr	r3, [pc, #320]	@ (200006a0 <dcd_rp2040_irq+0x304>)
20000560:	f446 4600 	orr.w	r6, r6, #32768	@ 0x8000
20000564:	651a      	str	r2, [r3, #80]	@ 0x50
20000566:	e7c5      	b.n	200004f4 <dcd_rp2040_irq+0x158>
20000568:	f894 603a 	ldrb.w	r6, [r4, #58]	@ 0x3a
2000056c:	2e00      	cmp	r6, #0
2000056e:	f43f af28 	beq.w	200003c2 <dcd_rp2040_irq+0x26>
20000572:	f894 303c 	ldrb.w	r3, [r4, #60]	@ 0x3c
20000576:	2b00      	cmp	r3, #0
20000578:	f43f af23 	beq.w	200003c2 <dcd_rp2040_irq+0x26>
2000057c:	2300      	movs	r3, #0
2000057e:	f104 0020 	add.w	r0, r4, #32
20000582:	f884 303c 	strb.w	r3, [r4, #60]	@ 0x3c
20000586:	f000 fac1 	bl	20000b0c <hw_endpoint_start_next_buffer>
2000058a:	e71a      	b.n	200003c2 <dcd_rp2040_irq+0x26>
2000058c:	f894 737a 	ldrb.w	r7, [r4, #890]	@ 0x37a
20000590:	2f00      	cmp	r7, #0
20000592:	f43f af57 	beq.w	20000444 <dcd_rp2040_irq+0xa8>
20000596:	f894 337c 	ldrb.w	r3, [r4, #892]	@ 0x37c
2000059a:	2b00      	cmp	r3, #0
2000059c:	f040 8164 	bne.w	20000868 <dcd_rp2040_irq+0x4cc>
200005a0:	f894 33bb 	ldrb.w	r3, [r4, #955]	@ 0x3bb
200005a4:	2b02      	cmp	r3, #2
200005a6:	f040 80f4 	bne.w	20000792 <dcd_rp2040_irq+0x3f6>
200005aa:	f894 33ba 	ldrb.w	r3, [r4, #954]	@ 0x3ba
200005ae:	2b00      	cmp	r3, #0
200005b0:	f040 80eb 	bne.w	2000078a <dcd_rp2040_irq+0x3ee>
200005b4:	f894 33fb 	ldrb.w	r3, [r4, #1019]	@ 0x3fb
200005b8:	2b02      	cmp	r3, #2
200005ba:	f47f af56 	bne.w	2000046a <dcd_rp2040_irq+0xce>
200005be:	463e      	mov	r6, r7
200005c0:	f894 33fa 	ldrb.w	r3, [r4, #1018]	@ 0x3fa
200005c4:	2b00      	cmp	r3, #0
200005c6:	f43f af47 	beq.w	20000458 <dcd_rp2040_irq+0xbc>
200005ca:	f894 33fc 	ldrb.w	r3, [r4, #1020]	@ 0x3fc
200005ce:	2b00      	cmp	r3, #0
200005d0:	f43f af4b 	beq.w	2000046a <dcd_rp2040_irq+0xce>
200005d4:	2300      	movs	r3, #0
200005d6:	4835      	ldr	r0, [pc, #212]	@ (200006ac <dcd_rp2040_irq+0x310>)
200005d8:	f884 33fc 	strb.w	r3, [r4, #1020]	@ 0x3fc
200005dc:	f000 fa96 	bl	20000b0c <hw_endpoint_start_next_buffer>
200005e0:	e743      	b.n	2000046a <dcd_rp2040_irq+0xce>
200005e2:	2102      	movs	r1, #2
200005e4:	4b32      	ldr	r3, [pc, #200]	@ (200006b0 <dcd_rp2040_irq+0x314>)
200005e6:	4a29      	ldr	r2, [pc, #164]	@ (2000068c <dcd_rp2040_irq+0x2f0>)
200005e8:	6619      	str	r1, [r3, #96]	@ 0x60
200005ea:	6e53      	ldr	r3, [r2, #100]	@ 0x64
200005ec:	079f      	lsls	r7, r3, #30
200005ee:	d5fc      	bpl.n	200005ea <dcd_rp2040_irq+0x24e>
200005f0:	f44f 5240 	mov.w	r2, #12288	@ 0x3000
200005f4:	2100      	movs	r1, #0
200005f6:	4827      	ldr	r0, [pc, #156]	@ (20000694 <dcd_rp2040_irq+0x2f8>)
200005f8:	f000 fa66 	bl	20000ac8 <_hw_endpoint_buffer_control_update32>
200005fc:	4825      	ldr	r0, [pc, #148]	@ (20000694 <dcd_rp2040_irq+0x2f8>)
200005fe:	f000 fa5d 	bl	20000abc <hw_endpoint_reset_transfer>
20000602:	2202      	movs	r2, #2
20000604:	4b26      	ldr	r3, [pc, #152]	@ (200006a0 <dcd_rp2040_irq+0x304>)
20000606:	665a      	str	r2, [r3, #100]	@ 0x64
20000608:	661a      	str	r2, [r3, #96]	@ 0x60
2000060a:	2301      	movs	r3, #1
2000060c:	f894 203a 	ldrb.w	r2, [r4, #58]	@ 0x3a
20000610:	70e3      	strb	r3, [r4, #3]
20000612:	2a00      	cmp	r2, #0
20000614:	f43f af53 	beq.w	200004be <dcd_rp2040_irq+0x122>
20000618:	4a25      	ldr	r2, [pc, #148]	@ (200006b0 <dcd_rp2040_irq+0x314>)
2000061a:	6613      	str	r3, [r2, #96]	@ 0x60
2000061c:	f5a2 5200 	sub.w	r2, r2, #8192	@ 0x2000
20000620:	6e53      	ldr	r3, [r2, #100]	@ 0x64
20000622:	07d8      	lsls	r0, r3, #31
20000624:	d5fc      	bpl.n	20000620 <dcd_rp2040_irq+0x284>
20000626:	f44f 5240 	mov.w	r2, #12288	@ 0x3000
2000062a:	2100      	movs	r1, #0
2000062c:	4821      	ldr	r0, [pc, #132]	@ (200006b4 <dcd_rp2040_irq+0x318>)
2000062e:	f000 fa4b 	bl	20000ac8 <_hw_endpoint_buffer_control_update32>
20000632:	4820      	ldr	r0, [pc, #128]	@ (200006b4 <dcd_rp2040_irq+0x318>)
20000634:	f000 fa42 	bl	20000abc <hw_endpoint_reset_transfer>
20000638:	2201      	movs	r2, #1
2000063a:	4b19      	ldr	r3, [pc, #100]	@ (200006a0 <dcd_rp2040_irq+0x304>)
2000063c:	665a      	str	r2, [r3, #100]	@ 0x64
2000063e:	661a      	str	r2, [r3, #96]	@ 0x60
20000640:	e73d      	b.n	200004be <dcd_rp2040_irq+0x122>
20000642:	f894 707a 	ldrb.w	r7, [r4, #122]	@ 0x7a
20000646:	2f00      	cmp	r7, #0
20000648:	f43f aec0 	beq.w	200003cc <dcd_rp2040_irq+0x30>
2000064c:	f894 307c 	ldrb.w	r3, [r4, #124]	@ 0x7c
20000650:	2b00      	cmp	r3, #0
20000652:	f040 8101 	bne.w	20000858 <dcd_rp2040_irq+0x4bc>
20000656:	463e      	mov	r6, r7
20000658:	e6b8      	b.n	200003cc <dcd_rp2040_irq+0x30>
2000065a:	f894 717a 	ldrb.w	r7, [r4, #378]	@ 0x17a
2000065e:	2f00      	cmp	r7, #0
20000660:	f43f aec8 	beq.w	200003f4 <dcd_rp2040_irq+0x58>
20000664:	f894 317c 	ldrb.w	r3, [r4, #380]	@ 0x17c
20000668:	2b00      	cmp	r3, #0
2000066a:	f040 80ed 	bne.w	20000848 <dcd_rp2040_irq+0x4ac>
2000066e:	463e      	mov	r6, r7
20000670:	e6c0      	b.n	200003f4 <dcd_rp2040_irq+0x58>
20000672:	f894 713a 	ldrb.w	r7, [r4, #314]	@ 0x13a
20000676:	2f00      	cmp	r7, #0
20000678:	f43f aeb7 	beq.w	200003ea <dcd_rp2040_irq+0x4e>
2000067c:	f894 313c 	ldrb.w	r3, [r4, #316]	@ 0x13c
20000680:	2b00      	cmp	r3, #0
20000682:	f040 80d9 	bne.w	20000838 <dcd_rp2040_irq+0x49c>
20000686:	463e      	mov	r6, r7
20000688:	e6af      	b.n	200003ea <dcd_rp2040_irq+0x4e>
2000068a:	bf00      	nop
2000068c:	50110000 	.word	0x50110000
20000690:	400b0000 	.word	0x400b0000
20000694:	200020f4 	.word	0x200020f4
20000698:	200020e4 	.word	0x200020e4
2000069c:	200026d5 	.word	0x200026d5
200006a0:	50113000 	.word	0x50113000
200006a4:	00020010 	.word	0x00020010
200006a8:	50100000 	.word	0x50100000
200006ac:	200024d4 	.word	0x200024d4
200006b0:	50112000 	.word	0x50112000
200006b4:	20002114 	.word	0x20002114
200006b8:	f894 70fa 	ldrb.w	r7, [r4, #250]	@ 0xfa
200006bc:	2f00      	cmp	r7, #0
200006be:	f43f ae8f 	beq.w	200003e0 <dcd_rp2040_irq+0x44>
200006c2:	f894 30fc 	ldrb.w	r3, [r4, #252]	@ 0xfc
200006c6:	2b00      	cmp	r3, #0
200006c8:	f040 808e 	bne.w	200007e8 <dcd_rp2040_irq+0x44c>
200006cc:	463e      	mov	r6, r7
200006ce:	e687      	b.n	200003e0 <dcd_rp2040_irq+0x44>
200006d0:	f894 70ba 	ldrb.w	r7, [r4, #186]	@ 0xba
200006d4:	2f00      	cmp	r7, #0
200006d6:	f43f ae7e 	beq.w	200003d6 <dcd_rp2040_irq+0x3a>
200006da:	f894 30bc 	ldrb.w	r3, [r4, #188]	@ 0xbc
200006de:	2b00      	cmp	r3, #0
200006e0:	d17a      	bne.n	200007d8 <dcd_rp2040_irq+0x43c>
200006e2:	463e      	mov	r6, r7
200006e4:	e677      	b.n	200003d6 <dcd_rp2040_irq+0x3a>
200006e6:	f894 733a 	ldrb.w	r7, [r4, #826]	@ 0x33a
200006ea:	2f00      	cmp	r7, #0
200006ec:	f43f aea5 	beq.w	2000043a <dcd_rp2040_irq+0x9e>
200006f0:	f894 333c 	ldrb.w	r3, [r4, #828]	@ 0x33c
200006f4:	2b00      	cmp	r3, #0
200006f6:	d157      	bne.n	200007a8 <dcd_rp2040_irq+0x40c>
200006f8:	463e      	mov	r6, r7
200006fa:	e69e      	b.n	2000043a <dcd_rp2040_irq+0x9e>
200006fc:	f894 72fa 	ldrb.w	r7, [r4, #762]	@ 0x2fa
20000700:	2f00      	cmp	r7, #0
20000702:	f43f ae95 	beq.w	20000430 <dcd_rp2040_irq+0x94>
20000706:	f894 32fc 	ldrb.w	r3, [r4, #764]	@ 0x2fc
2000070a:	2b00      	cmp	r3, #0
2000070c:	d15c      	bne.n	200007c8 <dcd_rp2040_irq+0x42c>
2000070e:	463e      	mov	r6, r7
20000710:	e68e      	b.n	20000430 <dcd_rp2040_irq+0x94>
20000712:	f894 72ba 	ldrb.w	r7, [r4, #698]	@ 0x2ba
20000716:	2f00      	cmp	r7, #0
20000718:	f43f ae85 	beq.w	20000426 <dcd_rp2040_irq+0x8a>
2000071c:	f894 32bc 	ldrb.w	r3, [r4, #700]	@ 0x2bc
20000720:	2b00      	cmp	r3, #0
20000722:	d149      	bne.n	200007b8 <dcd_rp2040_irq+0x41c>
20000724:	463e      	mov	r6, r7
20000726:	e67e      	b.n	20000426 <dcd_rp2040_irq+0x8a>
20000728:	f894 727a 	ldrb.w	r7, [r4, #634]	@ 0x27a
2000072c:	2f00      	cmp	r7, #0
2000072e:	f43f ae75 	beq.w	2000041c <dcd_rp2040_irq+0x80>
20000732:	f894 327c 	ldrb.w	r3, [r4, #636]	@ 0x27c
20000736:	2b00      	cmp	r3, #0
20000738:	d176      	bne.n	20000828 <dcd_rp2040_irq+0x48c>
2000073a:	463e      	mov	r6, r7
2000073c:	e66e      	b.n	2000041c <dcd_rp2040_irq+0x80>
2000073e:	f894 723a 	ldrb.w	r7, [r4, #570]	@ 0x23a
20000742:	2f00      	cmp	r7, #0
20000744:	f43f ae65 	beq.w	20000412 <dcd_rp2040_irq+0x76>
20000748:	f894 323c 	ldrb.w	r3, [r4, #572]	@ 0x23c
2000074c:	2b00      	cmp	r3, #0
2000074e:	d163      	bne.n	20000818 <dcd_rp2040_irq+0x47c>
20000750:	463e      	mov	r6, r7
20000752:	e65e      	b.n	20000412 <dcd_rp2040_irq+0x76>
20000754:	f894 71fa 	ldrb.w	r7, [r4, #506]	@ 0x1fa
20000758:	2f00      	cmp	r7, #0
2000075a:	f43f ae55 	beq.w	20000408 <dcd_rp2040_irq+0x6c>
2000075e:	f894 31fc 	ldrb.w	r3, [r4, #508]	@ 0x1fc
20000762:	2b00      	cmp	r3, #0
20000764:	d150      	bne.n	20000808 <dcd_rp2040_irq+0x46c>
20000766:	463e      	mov	r6, r7
20000768:	e64e      	b.n	20000408 <dcd_rp2040_irq+0x6c>
2000076a:	f894 71ba 	ldrb.w	r7, [r4, #442]	@ 0x1ba
2000076e:	2f00      	cmp	r7, #0
20000770:	f43f ae45 	beq.w	200003fe <dcd_rp2040_irq+0x62>
20000774:	f894 31bc 	ldrb.w	r3, [r4, #444]	@ 0x1bc
20000778:	2b00      	cmp	r3, #0
2000077a:	d13d      	bne.n	200007f8 <dcd_rp2040_irq+0x45c>
2000077c:	463e      	mov	r6, r7
2000077e:	e63e      	b.n	200003fe <dcd_rp2040_irq+0x62>
20000780:	f894 33ba 	ldrb.w	r3, [r4, #954]	@ 0x3ba
20000784:	2b00      	cmp	r3, #0
20000786:	f43f ae62 	beq.w	2000044e <dcd_rp2040_irq+0xb2>
2000078a:	f894 33bc 	ldrb.w	r3, [r4, #956]	@ 0x3bc
2000078e:	2b00      	cmp	r3, #0
20000790:	d171      	bne.n	20000876 <dcd_rp2040_irq+0x4da>
20000792:	f894 33fb 	ldrb.w	r3, [r4, #1019]	@ 0x3fb
20000796:	2b02      	cmp	r3, #2
20000798:	f47f ae67 	bne.w	2000046a <dcd_rp2040_irq+0xce>
2000079c:	f894 33fa 	ldrb.w	r3, [r4, #1018]	@ 0x3fa
200007a0:	2b00      	cmp	r3, #0
200007a2:	f43f ae62 	beq.w	2000046a <dcd_rp2040_irq+0xce>
200007a6:	e710      	b.n	200005ca <dcd_rp2040_irq+0x22e>
200007a8:	2300      	movs	r3, #0
200007aa:	4839      	ldr	r0, [pc, #228]	@ (20000890 <dcd_rp2040_irq+0x4f4>)
200007ac:	f884 333c 	strb.w	r3, [r4, #828]	@ 0x33c
200007b0:	463e      	mov	r6, r7
200007b2:	f000 f9ab 	bl	20000b0c <hw_endpoint_start_next_buffer>
200007b6:	e640      	b.n	2000043a <dcd_rp2040_irq+0x9e>
200007b8:	2300      	movs	r3, #0
200007ba:	4836      	ldr	r0, [pc, #216]	@ (20000894 <dcd_rp2040_irq+0x4f8>)
200007bc:	f884 32bc 	strb.w	r3, [r4, #700]	@ 0x2bc
200007c0:	463e      	mov	r6, r7
200007c2:	f000 f9a3 	bl	20000b0c <hw_endpoint_start_next_buffer>
200007c6:	e62e      	b.n	20000426 <dcd_rp2040_irq+0x8a>
200007c8:	2300      	movs	r3, #0
200007ca:	4833      	ldr	r0, [pc, #204]	@ (20000898 <dcd_rp2040_irq+0x4fc>)
200007cc:	f884 32fc 	strb.w	r3, [r4, #764]	@ 0x2fc
200007d0:	463e      	mov	r6, r7
200007d2:	f000 f99b 	bl	20000b0c <hw_endpoint_start_next_buffer>
200007d6:	e62b      	b.n	20000430 <dcd_rp2040_irq+0x94>
200007d8:	2300      	movs	r3, #0
200007da:	4830      	ldr	r0, [pc, #192]	@ (2000089c <dcd_rp2040_irq+0x500>)
200007dc:	f884 30bc 	strb.w	r3, [r4, #188]	@ 0xbc
200007e0:	463e      	mov	r6, r7
200007e2:	f000 f993 	bl	20000b0c <hw_endpoint_start_next_buffer>
200007e6:	e5f6      	b.n	200003d6 <dcd_rp2040_irq+0x3a>
200007e8:	2300      	movs	r3, #0
200007ea:	482d      	ldr	r0, [pc, #180]	@ (200008a0 <dcd_rp2040_irq+0x504>)
200007ec:	f884 30fc 	strb.w	r3, [r4, #252]	@ 0xfc
200007f0:	463e      	mov	r6, r7
200007f2:	f000 f98b 	bl	20000b0c <hw_endpoint_start_next_buffer>
200007f6:	e5f3      	b.n	200003e0 <dcd_rp2040_irq+0x44>
200007f8:	2300      	movs	r3, #0
200007fa:	482a      	ldr	r0, [pc, #168]	@ (200008a4 <dcd_rp2040_irq+0x508>)
200007fc:	f884 31bc 	strb.w	r3, [r4, #444]	@ 0x1bc
20000800:	463e      	mov	r6, r7
20000802:	f000 f983 	bl	20000b0c <hw_endpoint_start_next_buffer>
20000806:	e5fa      	b.n	200003fe <dcd_rp2040_irq+0x62>
20000808:	2300      	movs	r3, #0
2000080a:	4827      	ldr	r0, [pc, #156]	@ (200008a8 <dcd_rp2040_irq+0x50c>)
2000080c:	f884 31fc 	strb.w	r3, [r4, #508]	@ 0x1fc
20000810:	463e      	mov	r6, r7
20000812:	f000 f97b 	bl	20000b0c <hw_endpoint_start_next_buffer>
20000816:	e5f7      	b.n	20000408 <dcd_rp2040_irq+0x6c>
20000818:	2300      	movs	r3, #0
2000081a:	4824      	ldr	r0, [pc, #144]	@ (200008ac <dcd_rp2040_irq+0x510>)
2000081c:	f884 323c 	strb.w	r3, [r4, #572]	@ 0x23c
20000820:	463e      	mov	r6, r7
20000822:	f000 f973 	bl	20000b0c <hw_endpoint_start_next_buffer>
20000826:	e5f4      	b.n	20000412 <dcd_rp2040_irq+0x76>
20000828:	2300      	movs	r3, #0
2000082a:	4821      	ldr	r0, [pc, #132]	@ (200008b0 <dcd_rp2040_irq+0x514>)
2000082c:	f884 327c 	strb.w	r3, [r4, #636]	@ 0x27c
20000830:	463e      	mov	r6, r7
20000832:	f000 f96b 	bl	20000b0c <hw_endpoint_start_next_buffer>
20000836:	e5f1      	b.n	2000041c <dcd_rp2040_irq+0x80>
20000838:	2300      	movs	r3, #0
2000083a:	481e      	ldr	r0, [pc, #120]	@ (200008b4 <dcd_rp2040_irq+0x518>)
2000083c:	f884 313c 	strb.w	r3, [r4, #316]	@ 0x13c
20000840:	463e      	mov	r6, r7
20000842:	f000 f963 	bl	20000b0c <hw_endpoint_start_next_buffer>
20000846:	e5d0      	b.n	200003ea <dcd_rp2040_irq+0x4e>
20000848:	2300      	movs	r3, #0
2000084a:	481b      	ldr	r0, [pc, #108]	@ (200008b8 <dcd_rp2040_irq+0x51c>)
2000084c:	f884 317c 	strb.w	r3, [r4, #380]	@ 0x17c
20000850:	463e      	mov	r6, r7
20000852:	f000 f95b 	bl	20000b0c <hw_endpoint_start_next_buffer>
20000856:	e5cd      	b.n	200003f4 <dcd_rp2040_irq+0x58>
20000858:	2300      	movs	r3, #0
2000085a:	4818      	ldr	r0, [pc, #96]	@ (200008bc <dcd_rp2040_irq+0x520>)
2000085c:	f884 307c 	strb.w	r3, [r4, #124]	@ 0x7c
20000860:	463e      	mov	r6, r7
20000862:	f000 f953 	bl	20000b0c <hw_endpoint_start_next_buffer>
20000866:	e5b1      	b.n	200003cc <dcd_rp2040_irq+0x30>
20000868:	2300      	movs	r3, #0
2000086a:	4815      	ldr	r0, [pc, #84]	@ (200008c0 <dcd_rp2040_irq+0x524>)
2000086c:	f884 337c 	strb.w	r3, [r4, #892]	@ 0x37c
20000870:	f000 f94c 	bl	20000b0c <hw_endpoint_start_next_buffer>
20000874:	e694      	b.n	200005a0 <dcd_rp2040_irq+0x204>
20000876:	2300      	movs	r3, #0
20000878:	4812      	ldr	r0, [pc, #72]	@ (200008c4 <dcd_rp2040_irq+0x528>)
2000087a:	f884 33bc 	strb.w	r3, [r4, #956]	@ 0x3bc
2000087e:	f000 f945 	bl	20000b0c <hw_endpoint_start_next_buffer>
20000882:	e786      	b.n	20000792 <dcd_rp2040_irq+0x3f6>
20000884:	4810      	ldr	r0, [pc, #64]	@ (200008c8 <dcd_rp2040_irq+0x52c>)
20000886:	ea86 0105 	eor.w	r1, r6, r5
2000088a:	f000 fc75 	bl	20001178 <__panic_veneer>
2000088e:	bf00      	nop
20000890:	20002414 	.word	0x20002414
20000894:	20002394 	.word	0x20002394
20000898:	200023d4 	.word	0x200023d4
2000089c:	20002194 	.word	0x20002194
200008a0:	200021d4 	.word	0x200021d4
200008a4:	20002294 	.word	0x20002294
200008a8:	200022d4 	.word	0x200022d4
200008ac:	20002314 	.word	0x20002314
200008b0:	20002354 	.word	0x20002354
200008b4:	20002214 	.word	0x20002214
200008b8:	20002254 	.word	0x20002254
200008bc:	20002154 	.word	0x20002154
200008c0:	20002454 	.word	0x20002454
200008c4:	20002494 	.word	0x20002494
200008c8:	1000913c 	.word	0x1000913c

200008cc <prepare_ep_buffer>:
200008cc:	e92d 47f0 	stmdb	sp!, {r4, r5, r6, r7, r8, r9, sl, lr}
200008d0:	8a84      	ldrh	r4, [r0, #20]
200008d2:	8b05      	ldrh	r5, [r0, #24]
200008d4:	78c2      	ldrb	r2, [r0, #3]
200008d6:	42a5      	cmp	r5, r4
200008d8:	bf28      	it	cs
200008da:	4625      	movcs	r5, r4
200008dc:	1e17      	subs	r7, r2, #0
200008de:	bf18      	it	ne
200008e0:	2701      	movne	r7, #1
200008e2:	1b64      	subs	r4, r4, r5
200008e4:	7846      	ldrb	r6, [r0, #1]
200008e6:	f082 0201 	eor.w	r2, r2, #1
200008ea:	b2a4      	uxth	r4, r4
200008ec:	4603      	mov	r3, r0
200008ee:	70c2      	strb	r2, [r0, #3]
200008f0:	8284      	strh	r4, [r0, #20]
200008f2:	f445 6080 	orr.w	r0, r5, #1024	@ 0x400
200008f6:	ea40 3047 	orr.w	r0, r0, r7, lsl #13
200008fa:	bba6      	cbnz	r6, 20000966 <prepare_ep_buffer+0x9a>
200008fc:	e9d3 2603 	ldrd	r2, r6, [r3, #12]
20000900:	1e6f      	subs	r7, r5, #1
20000902:	eb02 1e81 	add.w	lr, r2, r1, lsl #6
20000906:	b355      	cbz	r5, 2000095e <prepare_ep_buffer+0x92>
20000908:	2f05      	cmp	r7, #5
2000090a:	bf98      	it	ls
2000090c:	1c72      	addls	r2, r6, #1
2000090e:	d931      	bls.n	20000974 <prepare_ep_buffer+0xa8>
20000910:	eb02 1c81 	add.w	ip, r2, r1, lsl #6
20000914:	1c72      	adds	r2, r6, #1
20000916:	ebac 0402 	sub.w	r4, ip, r2
2000091a:	2c02      	cmp	r4, #2
2000091c:	d92a      	bls.n	20000974 <prepare_ep_buffer+0xa8>
2000091e:	4632      	mov	r2, r6
20000920:	ea4f 0995 	mov.w	r9, r5, lsr #2
20000924:	ea4f 0a89 	mov.w	sl, r9, lsl #2
20000928:	eb06 0889 	add.w	r8, r6, r9, lsl #2
2000092c:	f852 4b04 	ldr.w	r4, [r2], #4
20000930:	4542      	cmp	r2, r8
20000932:	f84c 4b04 	str.w	r4, [ip], #4
20000936:	d1f9      	bne.n	2000092c <prepare_ep_buffer+0x60>
20000938:	4555      	cmp	r5, sl
2000093a:	eba7 070a 	sub.w	r7, r7, sl
2000093e:	eb0e 040a 	add.w	r4, lr, sl
20000942:	d00a      	beq.n	2000095a <prepare_ep_buffer+0x8e>
20000944:	f816 6029 	ldrb.w	r6, [r6, r9, lsl #2]
20000948:	f80e 6029 	strb.w	r6, [lr, r9, lsl #2]
2000094c:	b12f      	cbz	r7, 2000095a <prepare_ep_buffer+0x8e>
2000094e:	7856      	ldrb	r6, [r2, #1]
20000950:	2f01      	cmp	r7, #1
20000952:	7066      	strb	r6, [r4, #1]
20000954:	d001      	beq.n	2000095a <prepare_ep_buffer+0x8e>
20000956:	7892      	ldrb	r2, [r2, #2]
20000958:	70a2      	strb	r2, [r4, #2]
2000095a:	691e      	ldr	r6, [r3, #16]
2000095c:	8a9c      	ldrh	r4, [r3, #20]
2000095e:	442e      	add	r6, r5
20000960:	611e      	str	r6, [r3, #16]
20000962:	f440 4000 	orr.w	r0, r0, #32768	@ 0x8000
20000966:	b90c      	cbnz	r4, 2000096c <prepare_ep_buffer+0xa0>
20000968:	f440 4080 	orr.w	r0, r0, #16384	@ 0x4000
2000096c:	b101      	cbz	r1, 20000970 <prepare_ep_buffer+0xa4>
2000096e:	0400      	lsls	r0, r0, #16
20000970:	e8bd 87f0 	ldmia.w	sp!, {r4, r5, r6, r7, r8, r9, sl, pc}
20000974:	f10e 3eff 	add.w	lr, lr, #4294967295
20000978:	442e      	add	r6, r5
2000097a:	e000      	b.n	2000097e <prepare_ep_buffer+0xb2>
2000097c:	3201      	adds	r2, #1
2000097e:	f812 4c01 	ldrb.w	r4, [r2, #-1]
20000982:	42b2      	cmp	r2, r6
20000984:	f80e 4f01 	strb.w	r4, [lr, #1]!
20000988:	d1f8      	bne.n	2000097c <prepare_ep_buffer+0xb0>
2000098a:	e7e6      	b.n	2000095a <prepare_ep_buffer+0x8e>

2000098c <sync_ep_buffer>:
2000098c:	6883      	ldr	r3, [r0, #8]
2000098e:	4602      	mov	r2, r0
20000990:	6818      	ldr	r0, [r3, #0]
20000992:	b101      	cbz	r1, 20000996 <sync_ep_buffer+0xa>
20000994:	0c00      	lsrs	r0, r0, #16
20000996:	7853      	ldrb	r3, [r2, #1]
20000998:	f3c0 0009 	ubfx	r0, r0, #0, #10
2000099c:	2b00      	cmp	r3, #0
2000099e:	d03c      	beq.n	20000a1a <sync_ep_buffer+0x8e>
200009a0:	e92d 41f0 	stmdb	sp!, {r4, r5, r6, r7, r8, lr}
200009a4:	e9d2 3403 	ldrd	r3, r4, [r2, #12]
200009a8:	1e46      	subs	r6, r0, #1
200009aa:	eb03 1e81 	add.w	lr, r3, r1, lsl #6
200009ae:	b340      	cbz	r0, 20000a02 <sync_ep_buffer+0x76>
200009b0:	2e05      	cmp	r6, #5
200009b2:	d93b      	bls.n	20000a2c <sync_ep_buffer+0xa0>
200009b4:	0189      	lsls	r1, r1, #6
200009b6:	1c4d      	adds	r5, r1, #1
200009b8:	441d      	add	r5, r3
200009ba:	1b65      	subs	r5, r4, r5
200009bc:	2d02      	cmp	r5, #2
200009be:	d935      	bls.n	20000a2c <sync_ep_buffer+0xa0>
200009c0:	4673      	mov	r3, lr
200009c2:	4621      	mov	r1, r4
200009c4:	f400 777f 	and.w	r7, r0, #1020	@ 0x3fc
200009c8:	ea4f 0890 	mov.w	r8, r0, lsr #2
200009cc:	18fd      	adds	r5, r7, r3
200009ce:	f853 cb04 	ldr.w	ip, [r3], #4
200009d2:	42ab      	cmp	r3, r5
200009d4:	f841 cb04 	str.w	ip, [r1], #4
200009d8:	d1f9      	bne.n	200009ce <sync_ep_buffer+0x42>
200009da:	42b8      	cmp	r0, r7
200009dc:	eba6 0607 	sub.w	r6, r6, r7
200009e0:	eb04 0307 	add.w	r3, r4, r7
200009e4:	eb0e 0107 	add.w	r1, lr, r7
200009e8:	d00a      	beq.n	20000a00 <sync_ep_buffer+0x74>
200009ea:	f81e 5028 	ldrb.w	r5, [lr, r8, lsl #2]
200009ee:	f804 5028 	strb.w	r5, [r4, r8, lsl #2]
200009f2:	b12e      	cbz	r6, 20000a00 <sync_ep_buffer+0x74>
200009f4:	784c      	ldrb	r4, [r1, #1]
200009f6:	2e01      	cmp	r6, #1
200009f8:	705c      	strb	r4, [r3, #1]
200009fa:	d001      	beq.n	20000a00 <sync_ep_buffer+0x74>
200009fc:	7889      	ldrb	r1, [r1, #2]
200009fe:	7099      	strb	r1, [r3, #2]
20000a00:	6914      	ldr	r4, [r2, #16]
20000a02:	8ad3      	ldrh	r3, [r2, #22]
20000a04:	4404      	add	r4, r0
20000a06:	4403      	add	r3, r0
20000a08:	82d3      	strh	r3, [r2, #22]
20000a0a:	8b13      	ldrh	r3, [r2, #24]
20000a0c:	6114      	str	r4, [r2, #16]
20000a0e:	4283      	cmp	r3, r0
20000a10:	bf84      	itt	hi
20000a12:	2300      	movhi	r3, #0
20000a14:	8293      	strhhi	r3, [r2, #20]
20000a16:	e8bd 81f0 	ldmia.w	sp!, {r4, r5, r6, r7, r8, pc}
20000a1a:	8ad3      	ldrh	r3, [r2, #22]
20000a1c:	4403      	add	r3, r0
20000a1e:	82d3      	strh	r3, [r2, #22]
20000a20:	8b13      	ldrh	r3, [r2, #24]
20000a22:	4283      	cmp	r3, r0
20000a24:	bf84      	itt	hi
20000a26:	2300      	movhi	r3, #0
20000a28:	8293      	strhhi	r3, [r2, #20]
20000a2a:	4770      	bx	lr
20000a2c:	3c01      	subs	r4, #1
20000a2e:	eb0e 0100 	add.w	r1, lr, r0
20000a32:	f81e 3b01 	ldrb.w	r3, [lr], #1
20000a36:	4571      	cmp	r1, lr
20000a38:	f804 3f01 	strb.w	r3, [r4, #1]!
20000a3c:	d1f9      	bne.n	20000a32 <sync_ep_buffer+0xa6>
20000a3e:	e7df      	b.n	20000a00 <sync_ep_buffer+0x74>

20000a40 <_hw_endpoint_xfer_sync>:
20000a40:	b510      	push	{r4, lr}
20000a42:	4604      	mov	r4, r0
20000a44:	6883      	ldr	r3, [r0, #8]
20000a46:	2100      	movs	r1, #0
20000a48:	681b      	ldr	r3, [r3, #0]
20000a4a:	f7ff ff9f 	bl	2000098c <sync_ep_buffer>
20000a4e:	6863      	ldr	r3, [r4, #4]
20000a50:	681b      	ldr	r3, [r3, #0]
20000a52:	005b      	lsls	r3, r3, #1
20000a54:	d502      	bpl.n	20000a5c <_hw_endpoint_xfer_sync+0x1c>
20000a56:	8b23      	ldrh	r3, [r4, #24]
20000a58:	4283      	cmp	r3, r0
20000a5a:	d000      	beq.n	20000a5e <_hw_endpoint_xfer_sync+0x1e>
20000a5c:	bd10      	pop	{r4, pc}
20000a5e:	4620      	mov	r0, r4
20000a60:	e8bd 4010 	ldmia.w	sp!, {r4, lr}
20000a64:	2101      	movs	r1, #1
20000a66:	f7ff bf91 	b.w	2000098c <sync_ep_buffer>
20000a6a:	bf00      	nop

20000a6c <e15_is_bulkin_ep>:
20000a6c:	4b08      	ldr	r3, [pc, #32]	@ (20000a90 <e15_is_bulkin_ep+0x24>)
20000a6e:	6c1b      	ldr	r3, [r3, #64]	@ 0x40
20000a70:	f013 0302 	ands.w	r3, r3, #2
20000a74:	d102      	bne.n	20000a7c <e15_is_bulkin_ep+0x10>
20000a76:	7882      	ldrb	r2, [r0, #2]
20000a78:	09d2      	lsrs	r2, r2, #7
20000a7a:	d101      	bne.n	20000a80 <e15_is_bulkin_ep+0x14>
20000a7c:	2000      	movs	r0, #0
20000a7e:	4770      	bx	lr
20000a80:	7ec0      	ldrb	r0, [r0, #27]
20000a82:	f1a0 0002 	sub.w	r0, r0, #2
20000a86:	fab0 f080 	clz	r0, r0
20000a8a:	0940      	lsrs	r0, r0, #5
20000a8c:	4770      	bx	lr
20000a8e:	bf00      	nop
20000a90:	50110000 	.word	0x50110000

20000a94 <e15_is_critical_frame_period>:
20000a94:	b508      	push	{r3, lr}
20000a96:	f7ff ffe9 	bl	20000a6c <e15_is_bulkin_ep>
20000a9a:	b150      	cbz	r0, 20000ab2 <e15_is_critical_frame_period+0x1e>
20000a9c:	4a05      	ldr	r2, [pc, #20]	@ (20000ab4 <e15_is_critical_frame_period+0x20>)
20000a9e:	4b06      	ldr	r3, [pc, #24]	@ (20000ab8 <e15_is_critical_frame_period+0x24>)
20000aa0:	6a90      	ldr	r0, [r2, #40]	@ 0x28
20000aa2:	681b      	ldr	r3, [r3, #0]
20000aa4:	f5a0 7048 	sub.w	r0, r0, #800	@ 0x320
20000aa8:	1ac0      	subs	r0, r0, r3
20000aaa:	28c6      	cmp	r0, #198	@ 0xc6
20000aac:	bf8c      	ite	hi
20000aae:	2000      	movhi	r0, #0
20000ab0:	2001      	movls	r0, #1
20000ab2:	bd08      	pop	{r3, pc}
20000ab4:	400b0000 	.word	0x400b0000
20000ab8:	200020e4 	.word	0x200020e4

20000abc <hw_endpoint_reset_transfer>:
20000abc:	2300      	movs	r3, #0
20000abe:	e9c0 3304 	strd	r3, r3, [r0, #16]
20000ac2:	7683      	strb	r3, [r0, #26]
20000ac4:	4770      	bx	lr
20000ac6:	bf00      	nop

20000ac8 <_hw_endpoint_buffer_control_update32>:
20000ac8:	b510      	push	{r4, lr}
20000aca:	6883      	ldr	r3, [r0, #8]
20000acc:	b109      	cbz	r1, 20000ad2 <_hw_endpoint_buffer_control_update32+0xa>
20000ace:	681c      	ldr	r4, [r3, #0]
20000ad0:	4021      	ands	r1, r4
20000ad2:	b182      	cbz	r2, 20000af6 <_hw_endpoint_buffer_control_update32+0x2e>
20000ad4:	4311      	orrs	r1, r2
20000ad6:	0552      	lsls	r2, r2, #21
20000ad8:	d50d      	bpl.n	20000af6 <_hw_endpoint_buffer_control_update32+0x2e>
20000ada:	681a      	ldr	r2, [r3, #0]
20000adc:	0554      	lsls	r4, r2, #21
20000ade:	d40c      	bmi.n	20000afa <_hw_endpoint_buffer_control_update32+0x32>
20000ae0:	4a08      	ldr	r2, [pc, #32]	@ (20000b04 <_hw_endpoint_buffer_control_update32+0x3c>)
20000ae2:	f421 6480 	bic.w	r4, r1, #1024	@ 0x400
20000ae6:	601c      	str	r4, [r3, #0]
20000ae8:	6c12      	ldr	r2, [r2, #64]	@ 0x40
20000aea:	0792      	lsls	r2, r2, #30
20000aec:	d403      	bmi.n	20000af6 <_hw_endpoint_buffer_control_update32+0x2e>
20000aee:	230c      	movs	r3, #12
20000af0:	3b03      	subs	r3, #3
20000af2:	d2fd      	bcs.n	20000af0 <_hw_endpoint_buffer_control_update32+0x28>
20000af4:	6883      	ldr	r3, [r0, #8]
20000af6:	6019      	str	r1, [r3, #0]
20000af8:	bd10      	pop	{r4, pc}
20000afa:	7881      	ldrb	r1, [r0, #2]
20000afc:	4802      	ldr	r0, [pc, #8]	@ (20000b08 <_hw_endpoint_buffer_control_update32+0x40>)
20000afe:	f000 fb3b 	bl	20001178 <__panic_veneer>
20000b02:	bf00      	nop
20000b04:	50110000 	.word	0x50110000
20000b08:	10009150 	.word	0x10009150

20000b0c <hw_endpoint_start_next_buffer>:
20000b0c:	b530      	push	{r4, r5, lr}
20000b0e:	6843      	ldr	r3, [r0, #4]
20000b10:	2100      	movs	r1, #0
20000b12:	b083      	sub	sp, #12
20000b14:	4604      	mov	r4, r0
20000b16:	681d      	ldr	r5, [r3, #0]
20000b18:	f7ff fed8 	bl	200008cc <prepare_ep_buffer>
20000b1c:	4b13      	ldr	r3, [pc, #76]	@ (20000b6c <hw_endpoint_start_next_buffer+0x60>)
20000b1e:	f440 5280 	orr.w	r2, r0, #4096	@ 0x1000
20000b22:	6c19      	ldr	r1, [r3, #64]	@ 0x40
20000b24:	78a3      	ldrb	r3, [r4, #2]
20000b26:	0789      	lsls	r1, r1, #30
20000b28:	d50e      	bpl.n	20000b48 <hw_endpoint_start_next_buffer+0x3c>
20000b2a:	065b      	lsls	r3, r3, #25
20000b2c:	d00e      	beq.n	20000b4c <hw_endpoint_start_next_buffer+0x40>
20000b2e:	f025 45a0 	bic.w	r5, r5, #1342177280	@ 0x50000000
20000b32:	f045 5500 	orr.w	r5, r5, #536870912	@ 0x20000000
20000b36:	2100      	movs	r1, #0
20000b38:	4620      	mov	r0, r4
20000b3a:	6863      	ldr	r3, [r4, #4]
20000b3c:	601d      	str	r5, [r3, #0]
20000b3e:	b003      	add	sp, #12
20000b40:	e8bd 4030 	ldmia.w	sp!, {r4, r5, lr}
20000b44:	f7ff bfc0 	b.w	20000ac8 <_hw_endpoint_buffer_control_update32>
20000b48:	09db      	lsrs	r3, r3, #7
20000b4a:	d0f0      	beq.n	20000b2e <hw_endpoint_start_next_buffer+0x22>
20000b4c:	8aa3      	ldrh	r3, [r4, #20]
20000b4e:	2b00      	cmp	r3, #0
20000b50:	d0ed      	beq.n	20000b2e <hw_endpoint_start_next_buffer+0x22>
20000b52:	2101      	movs	r1, #1
20000b54:	4620      	mov	r0, r4
20000b56:	9201      	str	r2, [sp, #4]
20000b58:	f7ff feb8 	bl	200008cc <prepare_ep_buffer>
20000b5c:	9a01      	ldr	r2, [sp, #4]
20000b5e:	f025 5500 	bic.w	r5, r5, #536870912	@ 0x20000000
20000b62:	4302      	orrs	r2, r0
20000b64:	f045 45a0 	orr.w	r5, r5, #1342177280	@ 0x50000000
20000b68:	e7e5      	b.n	20000b36 <hw_endpoint_start_next_buffer+0x2a>
20000b6a:	bf00      	nop
20000b6c:	50110000 	.word	0x50110000

20000b70 <hw_endpoint_xfer_continue>:
20000b70:	b538      	push	{r3, r4, r5, lr}
20000b72:	7e85      	ldrb	r5, [r0, #26]
20000b74:	4604      	mov	r4, r0
20000b76:	b195      	cbz	r5, 20000b9e <hw_endpoint_xfer_continue+0x2e>
20000b78:	f7ff ff62 	bl	20000a40 <_hw_endpoint_xfer_sync>
20000b7c:	8aa3      	ldrh	r3, [r4, #20]
20000b7e:	b90b      	cbnz	r3, 20000b84 <hw_endpoint_xfer_continue+0x14>
20000b80:	4628      	mov	r0, r5
20000b82:	bd38      	pop	{r3, r4, r5, pc}
20000b84:	4620      	mov	r0, r4
20000b86:	f7ff ff85 	bl	20000a94 <e15_is_critical_frame_period>
20000b8a:	b120      	cbz	r0, 20000b96 <hw_endpoint_xfer_continue+0x26>
20000b8c:	2301      	movs	r3, #1
20000b8e:	7723      	strb	r3, [r4, #28]
20000b90:	2500      	movs	r5, #0
20000b92:	4628      	mov	r0, r5
20000b94:	bd38      	pop	{r3, r4, r5, pc}
20000b96:	4620      	mov	r0, r4
20000b98:	f7ff ffb8 	bl	20000b0c <hw_endpoint_start_next_buffer>
20000b9c:	e7f8      	b.n	20000b90 <hw_endpoint_xfer_continue+0x20>
20000b9e:	7881      	ldrb	r1, [r0, #2]
20000ba0:	4801      	ldr	r0, [pc, #4]	@ (20000ba8 <hw_endpoint_xfer_continue+0x38>)
20000ba2:	f000 fae9 	bl	20001178 <__panic_veneer>
20000ba6:	bf00      	nop
20000ba8:	10009170 	.word	0x10009170

20000bac <dcd_event_handler>:
20000bac:	e92d 43f0 	stmdb	sp!, {r4, r5, r6, r7, r8, r9, lr}
20000bb0:	7843      	ldrb	r3, [r0, #1]
20000bb2:	4681      	mov	r9, r0
20000bb4:	3b02      	subs	r3, #2
20000bb6:	460d      	mov	r5, r1
20000bb8:	b085      	sub	sp, #20
20000bba:	2b04      	cmp	r3, #4
20000bbc:	d813      	bhi.n	20000be6 <dcd_event_handler+0x3a>
20000bbe:	e8df f003 	tbb	[pc, r3]
20000bc2:	4a03      	.short	0x4a03
20000bc4:	736a      	.short	0x736a
20000bc6:	44          	.byte	0x44
20000bc7:	00          	.byte	0x00
20000bc8:	2100      	movs	r1, #0
20000bca:	4b7b      	ldr	r3, [pc, #492]	@ (20000db8 <dcd_event_handler+0x20c>)
20000bcc:	781a      	ldrb	r2, [r3, #0]
20000bce:	f022 0201 	bic.w	r2, r2, #1
20000bd2:	701a      	strb	r2, [r3, #0]
20000bd4:	781a      	ldrb	r2, [r3, #0]
20000bd6:	f022 0202 	bic.w	r2, r2, #2
20000bda:	701a      	strb	r2, [r3, #0]
20000bdc:	7059      	strb	r1, [r3, #1]
20000bde:	781a      	ldrb	r2, [r3, #0]
20000be0:	f361 0282 	bfi	r2, r1, #2, #1
20000be4:	701a      	strb	r2, [r3, #0]
20000be6:	4b75      	ldr	r3, [pc, #468]	@ (20000dbc <dcd_event_handler+0x210>)
20000be8:	681c      	ldr	r4, [r3, #0]
20000bea:	6963      	ldr	r3, [r4, #20]
20000bec:	f3ef 8210 	mrs	r2, PRIMASK
20000bf0:	b672      	cpsid	i
20000bf2:	e8d3 0fcf 	ldaexb	r0, [r3]
20000bf6:	2101      	movs	r1, #1
20000bf8:	2800      	cmp	r0, #0
20000bfa:	d1fa      	bne.n	20000bf2 <dcd_event_handler+0x46>
20000bfc:	e8c3 1f40 	strexb	r0, r1, [r3]
20000c00:	2800      	cmp	r0, #0
20000c02:	d1f6      	bne.n	20000bf2 <dcd_event_handler+0x46>
20000c04:	f3bf 8f5f 	dmb	sy
20000c08:	61a2      	str	r2, [r4, #24]
20000c0a:	4649      	mov	r1, r9
20000c0c:	4620      	mov	r0, r4
20000c0e:	f000 faa3 	bl	20001158 <__tu_fifo_write_veneer>
20000c12:	2300      	movs	r3, #0
20000c14:	6962      	ldr	r2, [r4, #20]
20000c16:	e8c2 3f8f 	stlb	r3, [r2]
20000c1a:	69a3      	ldr	r3, [r4, #24]
20000c1c:	f383 8810 	msr	PRIMASK, r3
20000c20:	b948      	cbnz	r0, 20000c36 <dcd_event_handler+0x8a>
20000c22:	f04f 23e0 	mov.w	r3, #3758153728	@ 0xe000e000
20000c26:	f8d3 3df0 	ldr.w	r3, [r3, #3568]	@ 0xdf0
20000c2a:	07db      	lsls	r3, r3, #31
20000c2c:	d50a      	bpl.n	20000c44 <dcd_event_handler+0x98>
20000c2e:	be00      	bkpt	0x0000
20000c30:	b005      	add	sp, #20
20000c32:	e8bd 83f0 	ldmia.w	sp!, {r4, r5, r6, r7, r8, r9, pc}
20000c36:	462a      	mov	r2, r5
20000c38:	f899 1001 	ldrb.w	r1, [r9, #1]
20000c3c:	f899 0000 	ldrb.w	r0, [r9]
20000c40:	f000 fa8e 	bl	20001160 <__tud_event_hook_cb_veneer>
20000c44:	b005      	add	sp, #20
20000c46:	e8bd 83f0 	ldmia.w	sp!, {r4, r5, r6, r7, r8, r9, pc}
20000c4a:	4a5d      	ldr	r2, [pc, #372]	@ (20000dc0 <dcd_event_handler+0x214>)
20000c4c:	7813      	ldrb	r3, [r2, #0]
20000c4e:	3301      	adds	r3, #1
20000c50:	b2db      	uxtb	r3, r3
20000c52:	7013      	strb	r3, [r2, #0]
20000c54:	e7c7      	b.n	20000be6 <dcd_event_handler+0x3a>
20000c56:	2400      	movs	r4, #0
20000c58:	4e5a      	ldr	r6, [pc, #360]	@ (20000dc4 <dcd_event_handler+0x218>)
20000c5a:	4623      	mov	r3, r4
20000c5c:	7831      	ldrb	r1, [r6, #0]
20000c5e:	f8df 816c 	ldr.w	r8, [pc, #364]	@ 20000dcc <dcd_event_handler+0x220>
20000c62:	4f59      	ldr	r7, [pc, #356]	@ (20000dc8 <dcd_event_handler+0x21c>)
20000c64:	e011      	b.n	20000c8a <dcd_event_handler+0xde>
20000c66:	683b      	ldr	r3, [r7, #0]
20000c68:	eb13 1344 	adds.w	r3, r3, r4, lsl #5
20000c6c:	d007      	beq.n	20000c7e <dcd_event_handler+0xd2>
20000c6e:	69db      	ldr	r3, [r3, #28]
20000c70:	b12b      	cbz	r3, 20000c7e <dcd_event_handler+0xd2>
20000c72:	f8d9 1004 	ldr.w	r1, [r9, #4]
20000c76:	f899 0000 	ldrb.w	r0, [r9]
20000c7a:	4798      	blx	r3
20000c7c:	7831      	ldrb	r1, [r6, #0]
20000c7e:	3401      	adds	r4, #1
20000c80:	b2e4      	uxtb	r4, r4
20000c82:	1c4a      	adds	r2, r1, #1
20000c84:	42a2      	cmp	r2, r4
20000c86:	4623      	mov	r3, r4
20000c88:	db17      	blt.n	20000cba <dcd_event_handler+0x10e>
20000c8a:	42a1      	cmp	r1, r4
20000c8c:	d8eb      	bhi.n	20000c66 <dcd_event_handler+0xba>
20000c8e:	1a5b      	subs	r3, r3, r1
20000c90:	eb08 1343 	add.w	r3, r8, r3, lsl #5
20000c94:	e7eb      	b.n	20000c6e <dcd_event_handler+0xc2>
20000c96:	4b48      	ldr	r3, [pc, #288]	@ (20000db8 <dcd_event_handler+0x20c>)
20000c98:	781a      	ldrb	r2, [r3, #0]
20000c9a:	07d6      	lsls	r6, r2, #31
20000c9c:	d5d2      	bpl.n	20000c44 <dcd_event_handler+0x98>
20000c9e:	781a      	ldrb	r2, [r3, #0]
20000ca0:	f042 0204 	orr.w	r2, r2, #4
20000ca4:	701a      	strb	r2, [r3, #0]
20000ca6:	e79e      	b.n	20000be6 <dcd_event_handler+0x3a>
20000ca8:	4b43      	ldr	r3, [pc, #268]	@ (20000db8 <dcd_event_handler+0x20c>)
20000caa:	781a      	ldrb	r2, [r3, #0]
20000cac:	07d4      	lsls	r4, r2, #31
20000cae:	d5c9      	bpl.n	20000c44 <dcd_event_handler+0x98>
20000cb0:	781a      	ldrb	r2, [r3, #0]
20000cb2:	f022 0204 	bic.w	r2, r2, #4
20000cb6:	701a      	strb	r2, [r3, #0]
20000cb8:	e795      	b.n	20000be6 <dcd_event_handler+0x3a>
20000cba:	4c3f      	ldr	r4, [pc, #252]	@ (20000db8 <dcd_event_handler+0x20c>)
20000cbc:	7823      	ldrb	r3, [r4, #0]
20000cbe:	0758      	lsls	r0, r3, #29
20000cc0:	d43a      	bmi.n	20000d38 <dcd_event_handler+0x18c>
20000cc2:	78e3      	ldrb	r3, [r4, #3]
20000cc4:	07da      	lsls	r2, r3, #31
20000cc6:	d5bd      	bpl.n	20000c44 <dcd_event_handler+0x98>
20000cc8:	2303      	movs	r3, #3
20000cca:	2600      	movs	r6, #0
20000ccc:	4a3b      	ldr	r2, [pc, #236]	@ (20000dbc <dcd_event_handler+0x210>)
20000cce:	f899 1000 	ldrb.w	r1, [r9]
20000cd2:	6814      	ldr	r4, [r2, #0]
20000cd4:	f8d9 2004 	ldr.w	r2, [r9, #4]
20000cd8:	f88d 1004 	strb.w	r1, [sp, #4]
20000cdc:	f88d 3005 	strb.w	r3, [sp, #5]
20000ce0:	6963      	ldr	r3, [r4, #20]
20000ce2:	f8cd 6006 	str.w	r6, [sp, #6]
20000ce6:	f8cd 600a 	str.w	r6, [sp, #10]
20000cea:	f8ad 600e 	strh.w	r6, [sp, #14]
20000cee:	9202      	str	r2, [sp, #8]
20000cf0:	f3ef 8210 	mrs	r2, PRIMASK
20000cf4:	b672      	cpsid	i
20000cf6:	e8d3 0fcf 	ldaexb	r0, [r3]
20000cfa:	2101      	movs	r1, #1
20000cfc:	2800      	cmp	r0, #0
20000cfe:	d1fa      	bne.n	20000cf6 <dcd_event_handler+0x14a>
20000d00:	e8c3 1f40 	strexb	r0, r1, [r3]
20000d04:	2800      	cmp	r0, #0
20000d06:	d1f6      	bne.n	20000cf6 <dcd_event_handler+0x14a>
20000d08:	f3bf 8f5f 	dmb	sy
20000d0c:	4620      	mov	r0, r4
20000d0e:	61a2      	str	r2, [r4, #24]
20000d10:	a901      	add	r1, sp, #4
20000d12:	f000 fa21 	bl	20001158 <__tu_fifo_write_veneer>
20000d16:	6963      	ldr	r3, [r4, #20]
20000d18:	e8c3 6f8f 	stlb	r6, [r3]
20000d1c:	69a3      	ldr	r3, [r4, #24]
20000d1e:	f383 8810 	msr	PRIMASK, r3
20000d22:	2800      	cmp	r0, #0
20000d24:	f43f af7d 	beq.w	20000c22 <dcd_event_handler+0x76>
20000d28:	462a      	mov	r2, r5
20000d2a:	f89d 1005 	ldrb.w	r1, [sp, #5]
20000d2e:	f89d 0004 	ldrb.w	r0, [sp, #4]
20000d32:	f000 fa15 	bl	20001160 <__tud_event_hook_cb_veneer>
20000d36:	e785      	b.n	20000c44 <dcd_event_handler+0x98>
20000d38:	7823      	ldrb	r3, [r4, #0]
20000d3a:	2700      	movs	r7, #0
20000d3c:	f023 0304 	bic.w	r3, r3, #4
20000d40:	7023      	strb	r3, [r4, #0]
20000d42:	2305      	movs	r3, #5
20000d44:	4a1d      	ldr	r2, [pc, #116]	@ (20000dbc <dcd_event_handler+0x210>)
20000d46:	f88d 3005 	strb.w	r3, [sp, #5]
20000d4a:	6816      	ldr	r6, [r2, #0]
20000d4c:	f899 2000 	ldrb.w	r2, [r9]
20000d50:	f8ad 700e 	strh.w	r7, [sp, #14]
20000d54:	f88d 2004 	strb.w	r2, [sp, #4]
20000d58:	6973      	ldr	r3, [r6, #20]
20000d5a:	f8cd 7006 	str.w	r7, [sp, #6]
20000d5e:	f8cd 700a 	str.w	r7, [sp, #10]
20000d62:	f3ef 8210 	mrs	r2, PRIMASK
20000d66:	b672      	cpsid	i
20000d68:	e8d3 0fcf 	ldaexb	r0, [r3]
20000d6c:	2101      	movs	r1, #1
20000d6e:	2800      	cmp	r0, #0
20000d70:	d1fa      	bne.n	20000d68 <dcd_event_handler+0x1bc>
20000d72:	e8c3 1f40 	strexb	r0, r1, [r3]
20000d76:	2800      	cmp	r0, #0
20000d78:	d1f6      	bne.n	20000d68 <dcd_event_handler+0x1bc>
20000d7a:	f3bf 8f5f 	dmb	sy
20000d7e:	4630      	mov	r0, r6
20000d80:	61b2      	str	r2, [r6, #24]
20000d82:	a901      	add	r1, sp, #4
20000d84:	f000 f9e8 	bl	20001158 <__tu_fifo_write_veneer>
20000d88:	6973      	ldr	r3, [r6, #20]
20000d8a:	e8c3 7f8f 	stlb	r7, [r3]
20000d8e:	69b3      	ldr	r3, [r6, #24]
20000d90:	f383 8810 	msr	PRIMASK, r3
20000d94:	b938      	cbnz	r0, 20000da6 <dcd_event_handler+0x1fa>
20000d96:	f04f 23e0 	mov.w	r3, #3758153728	@ 0xe000e000
20000d9a:	f8d3 3df0 	ldr.w	r3, [r3, #3568]	@ 0xdf0
20000d9e:	07d9      	lsls	r1, r3, #31
20000da0:	d58f      	bpl.n	20000cc2 <dcd_event_handler+0x116>
20000da2:	be00      	bkpt	0x0000
20000da4:	e78d      	b.n	20000cc2 <dcd_event_handler+0x116>
20000da6:	462a      	mov	r2, r5
20000da8:	f89d 1005 	ldrb.w	r1, [sp, #5]
20000dac:	f89d 0004 	ldrb.w	r0, [sp, #4]
20000db0:	f000 f9d6 	bl	20001160 <__tud_event_hook_cb_veneer>
20000db4:	e785      	b.n	20000cc2 <dcd_event_handler+0x116>
20000db6:	bf00      	nop
20000db8:	20001c98 	.word	0x20001c98
20000dbc:	20001cf0 	.word	0x20001cf0
20000dc0:	200026d6 	.word	0x200026d6
20000dc4:	200026d4 	.word	0x200026d4
20000dc8:	20001ac8 	.word	0x20001ac8
20000dcc:	10009454 	.word	0x10009454

20000dd0 <__aeabi_uldivmod>:
20000dd0:	b953      	cbnz	r3, 20000de8 <__aeabi_uldivmod+0x18>
20000dd2:	b94a      	cbnz	r2, 20000de8 <__aeabi_uldivmod+0x18>
20000dd4:	2900      	cmp	r1, #0
20000dd6:	bf08      	it	eq
20000dd8:	2800      	cmpeq	r0, #0
20000dda:	bf1c      	itt	ne
20000ddc:	f04f 31ff 	movne.w	r1, #4294967295
20000de0:	f04f 30ff 	movne.w	r0, #4294967295
20000de4:	f000 b9b2 	b.w	2000114c <__aeabi_idiv0>
20000de8:	f1ad 0c08 	sub.w	ip, sp, #8
20000dec:	e96d ce04 	strd	ip, lr, [sp, #-16]!
20000df0:	f000 f806 	bl	20000e00 <__udivmoddi4>
20000df4:	f8dd e004 	ldr.w	lr, [sp, #4]
20000df8:	e9dd 2302 	ldrd	r2, r3, [sp, #8]
20000dfc:	b004      	add	sp, #16
20000dfe:	4770      	bx	lr

20000e00 <__udivmoddi4>:
20000e00:	e92d 4ff0 	stmdb	sp!, {r4, r5, r6, r7, r8, r9, sl, fp, lr}
20000e04:	468c      	mov	ip, r1
20000e06:	9e09      	ldr	r6, [sp, #36]	@ 0x24
20000e08:	4604      	mov	r4, r0
20000e0a:	460f      	mov	r7, r1
20000e0c:	2b00      	cmp	r3, #0
20000e0e:	d148      	bne.n	20000ea2 <__udivmoddi4+0xa2>
20000e10:	428a      	cmp	r2, r1
20000e12:	4615      	mov	r5, r2
20000e14:	d95e      	bls.n	20000ed4 <__udivmoddi4+0xd4>
20000e16:	fab2 f382 	clz	r3, r2
20000e1a:	b13b      	cbz	r3, 20000e2c <__udivmoddi4+0x2c>
20000e1c:	f1c3 0220 	rsb	r2, r3, #32
20000e20:	409f      	lsls	r7, r3
20000e22:	409d      	lsls	r5, r3
20000e24:	409c      	lsls	r4, r3
20000e26:	fa20 f202 	lsr.w	r2, r0, r2
20000e2a:	4317      	orrs	r7, r2
20000e2c:	ea4f 4e15 	mov.w	lr, r5, lsr #16
20000e30:	fa1f fc85 	uxth.w	ip, r5
20000e34:	0c22      	lsrs	r2, r4, #16
20000e36:	fbb7 f1fe 	udiv	r1, r7, lr
20000e3a:	fb0e 7711 	mls	r7, lr, r1, r7
20000e3e:	fb01 f00c 	mul.w	r0, r1, ip
20000e42:	ea42 4207 	orr.w	r2, r2, r7, lsl #16
20000e46:	4290      	cmp	r0, r2
20000e48:	d907      	bls.n	20000e5a <__udivmoddi4+0x5a>
20000e4a:	18aa      	adds	r2, r5, r2
20000e4c:	f101 37ff 	add.w	r7, r1, #4294967295
20000e50:	d202      	bcs.n	20000e58 <__udivmoddi4+0x58>
20000e52:	4290      	cmp	r0, r2
20000e54:	f200 8158 	bhi.w	20001108 <__udivmoddi4+0x308>
20000e58:	4639      	mov	r1, r7
20000e5a:	1a12      	subs	r2, r2, r0
20000e5c:	b2a4      	uxth	r4, r4
20000e5e:	fbb2 f0fe 	udiv	r0, r2, lr
20000e62:	fb0e 2210 	mls	r2, lr, r0, r2
20000e66:	fb00 fc0c 	mul.w	ip, r0, ip
20000e6a:	ea44 4402 	orr.w	r4, r4, r2, lsl #16
20000e6e:	45a4      	cmp	ip, r4
20000e70:	d90b      	bls.n	20000e8a <__udivmoddi4+0x8a>
20000e72:	192c      	adds	r4, r5, r4
20000e74:	f100 32ff 	add.w	r2, r0, #4294967295
20000e78:	bf2c      	ite	cs
20000e7a:	2701      	movcs	r7, #1
20000e7c:	2700      	movcc	r7, #0
20000e7e:	45a4      	cmp	ip, r4
20000e80:	d902      	bls.n	20000e88 <__udivmoddi4+0x88>
20000e82:	2f00      	cmp	r7, #0
20000e84:	f000 8143 	beq.w	2000110e <__udivmoddi4+0x30e>
20000e88:	4610      	mov	r0, r2
20000e8a:	ea40 4001 	orr.w	r0, r0, r1, lsl #16
20000e8e:	eba4 040c 	sub.w	r4, r4, ip
20000e92:	2100      	movs	r1, #0
20000e94:	b11e      	cbz	r6, 20000e9e <__udivmoddi4+0x9e>
20000e96:	40dc      	lsrs	r4, r3
20000e98:	2300      	movs	r3, #0
20000e9a:	e9c6 4300 	strd	r4, r3, [r6]
20000e9e:	e8bd 8ff0 	ldmia.w	sp!, {r4, r5, r6, r7, r8, r9, sl, fp, pc}
20000ea2:	428b      	cmp	r3, r1
20000ea4:	d906      	bls.n	20000eb4 <__udivmoddi4+0xb4>
20000ea6:	b10e      	cbz	r6, 20000eac <__udivmoddi4+0xac>
20000ea8:	e9c6 0100 	strd	r0, r1, [r6]
20000eac:	2100      	movs	r1, #0
20000eae:	4608      	mov	r0, r1
20000eb0:	e8bd 8ff0 	ldmia.w	sp!, {r4, r5, r6, r7, r8, r9, sl, fp, pc}
20000eb4:	fab3 f183 	clz	r1, r3
20000eb8:	2900      	cmp	r1, #0
20000eba:	d151      	bne.n	20000f60 <__udivmoddi4+0x160>
20000ebc:	4563      	cmp	r3, ip
20000ebe:	f0c0 8116 	bcc.w	200010ee <__udivmoddi4+0x2ee>
20000ec2:	4282      	cmp	r2, r0
20000ec4:	f240 8113 	bls.w	200010ee <__udivmoddi4+0x2ee>
20000ec8:	4608      	mov	r0, r1
20000eca:	2e00      	cmp	r6, #0
20000ecc:	d0e7      	beq.n	20000e9e <__udivmoddi4+0x9e>
20000ece:	e9c6 4700 	strd	r4, r7, [r6]
20000ed2:	e7e4      	b.n	20000e9e <__udivmoddi4+0x9e>
20000ed4:	2a00      	cmp	r2, #0
20000ed6:	f000 80af 	beq.w	20001038 <__udivmoddi4+0x238>
20000eda:	fab2 f382 	clz	r3, r2
20000ede:	2b00      	cmp	r3, #0
20000ee0:	f040 80c2 	bne.w	20001068 <__udivmoddi4+0x268>
20000ee4:	1a8a      	subs	r2, r1, r2
20000ee6:	ea4f 4e15 	mov.w	lr, r5, lsr #16
20000eea:	b2af      	uxth	r7, r5
20000eec:	2101      	movs	r1, #1
20000eee:	0c20      	lsrs	r0, r4, #16
20000ef0:	fbb2 fcfe 	udiv	ip, r2, lr
20000ef4:	fb0e 221c 	mls	r2, lr, ip, r2
20000ef8:	ea40 4202 	orr.w	r2, r0, r2, lsl #16
20000efc:	fb07 f00c 	mul.w	r0, r7, ip
20000f00:	4290      	cmp	r0, r2
20000f02:	d90e      	bls.n	20000f22 <__udivmoddi4+0x122>
20000f04:	18aa      	adds	r2, r5, r2
20000f06:	f10c 38ff 	add.w	r8, ip, #4294967295
20000f0a:	bf2c      	ite	cs
20000f0c:	f04f 0901 	movcs.w	r9, #1
20000f10:	f04f 0900 	movcc.w	r9, #0
20000f14:	4290      	cmp	r0, r2
20000f16:	d903      	bls.n	20000f20 <__udivmoddi4+0x120>
20000f18:	f1b9 0f00 	cmp.w	r9, #0
20000f1c:	f000 80f0 	beq.w	20001100 <__udivmoddi4+0x300>
20000f20:	46c4      	mov	ip, r8
20000f22:	1a12      	subs	r2, r2, r0
20000f24:	b2a4      	uxth	r4, r4
20000f26:	fbb2 f0fe 	udiv	r0, r2, lr
20000f2a:	fb0e 2210 	mls	r2, lr, r0, r2
20000f2e:	fb00 f707 	mul.w	r7, r0, r7
20000f32:	ea44 4402 	orr.w	r4, r4, r2, lsl #16
20000f36:	42a7      	cmp	r7, r4
20000f38:	d90e      	bls.n	20000f58 <__udivmoddi4+0x158>
20000f3a:	192c      	adds	r4, r5, r4
20000f3c:	f100 32ff 	add.w	r2, r0, #4294967295
20000f40:	bf2c      	ite	cs
20000f42:	f04f 0e01 	movcs.w	lr, #1
20000f46:	f04f 0e00 	movcc.w	lr, #0
20000f4a:	42a7      	cmp	r7, r4
20000f4c:	d903      	bls.n	20000f56 <__udivmoddi4+0x156>
20000f4e:	f1be 0f00 	cmp.w	lr, #0
20000f52:	f000 80d2 	beq.w	200010fa <__udivmoddi4+0x2fa>
20000f56:	4610      	mov	r0, r2
20000f58:	1be4      	subs	r4, r4, r7
20000f5a:	ea40 400c 	orr.w	r0, r0, ip, lsl #16
20000f5e:	e799      	b.n	20000e94 <__udivmoddi4+0x94>
20000f60:	f1c1 0520 	rsb	r5, r1, #32
20000f64:	408b      	lsls	r3, r1
20000f66:	fa0c f401 	lsl.w	r4, ip, r1
20000f6a:	fa00 f901 	lsl.w	r9, r0, r1
20000f6e:	fa22 f705 	lsr.w	r7, r2, r5
20000f72:	fa2c fc05 	lsr.w	ip, ip, r5
20000f76:	408a      	lsls	r2, r1
20000f78:	431f      	orrs	r7, r3
20000f7a:	fa20 f305 	lsr.w	r3, r0, r5
20000f7e:	0c38      	lsrs	r0, r7, #16
20000f80:	4323      	orrs	r3, r4
20000f82:	fa1f fe87 	uxth.w	lr, r7
20000f86:	0c1c      	lsrs	r4, r3, #16
20000f88:	fbbc f8f0 	udiv	r8, ip, r0
20000f8c:	fb00 cc18 	mls	ip, r0, r8, ip
20000f90:	ea44 440c 	orr.w	r4, r4, ip, lsl #16
20000f94:	fb08 fc0e 	mul.w	ip, r8, lr
20000f98:	45a4      	cmp	ip, r4
20000f9a:	d90e      	bls.n	20000fba <__udivmoddi4+0x1ba>
20000f9c:	193c      	adds	r4, r7, r4
20000f9e:	f108 3aff 	add.w	sl, r8, #4294967295
20000fa2:	bf2c      	ite	cs
20000fa4:	f04f 0b01 	movcs.w	fp, #1
20000fa8:	f04f 0b00 	movcc.w	fp, #0
20000fac:	45a4      	cmp	ip, r4
20000fae:	d903      	bls.n	20000fb8 <__udivmoddi4+0x1b8>
20000fb0:	f1bb 0f00 	cmp.w	fp, #0
20000fb4:	f000 80b8 	beq.w	20001128 <__udivmoddi4+0x328>
20000fb8:	46d0      	mov	r8, sl
20000fba:	eba4 040c 	sub.w	r4, r4, ip
20000fbe:	fa1f fc83 	uxth.w	ip, r3
20000fc2:	fbb4 f3f0 	udiv	r3, r4, r0
20000fc6:	fb00 4413 	mls	r4, r0, r3, r4
20000fca:	fb03 fe0e 	mul.w	lr, r3, lr
20000fce:	ea4c 4404 	orr.w	r4, ip, r4, lsl #16
20000fd2:	45a6      	cmp	lr, r4
20000fd4:	d90e      	bls.n	20000ff4 <__udivmoddi4+0x1f4>
20000fd6:	193c      	adds	r4, r7, r4
20000fd8:	f103 30ff 	add.w	r0, r3, #4294967295
20000fdc:	bf2c      	ite	cs
20000fde:	f04f 0c01 	movcs.w	ip, #1
20000fe2:	f04f 0c00 	movcc.w	ip, #0
20000fe6:	45a6      	cmp	lr, r4
20000fe8:	d903      	bls.n	20000ff2 <__udivmoddi4+0x1f2>
20000fea:	f1bc 0f00 	cmp.w	ip, #0
20000fee:	f000 809f 	beq.w	20001130 <__udivmoddi4+0x330>
20000ff2:	4603      	mov	r3, r0
20000ff4:	ea43 4008 	orr.w	r0, r3, r8, lsl #16
20000ff8:	eba4 040e 	sub.w	r4, r4, lr
20000ffc:	fba0 ec02 	umull	lr, ip, r0, r2
20001000:	4564      	cmp	r4, ip
20001002:	4673      	mov	r3, lr
20001004:	46e0      	mov	r8, ip
20001006:	d302      	bcc.n	2000100e <__udivmoddi4+0x20e>
20001008:	d107      	bne.n	2000101a <__udivmoddi4+0x21a>
2000100a:	45f1      	cmp	r9, lr
2000100c:	d205      	bcs.n	2000101a <__udivmoddi4+0x21a>
2000100e:	ebbe 0302 	subs.w	r3, lr, r2
20001012:	eb6c 0c07 	sbc.w	ip, ip, r7
20001016:	3801      	subs	r0, #1
20001018:	46e0      	mov	r8, ip
2000101a:	b15e      	cbz	r6, 20001034 <__udivmoddi4+0x234>
2000101c:	ebb9 0203 	subs.w	r2, r9, r3
20001020:	eb64 0408 	sbc.w	r4, r4, r8
20001024:	fa04 f505 	lsl.w	r5, r4, r5
20001028:	fa22 f301 	lsr.w	r3, r2, r1
2000102c:	40cc      	lsrs	r4, r1
2000102e:	431d      	orrs	r5, r3
20001030:	e9c6 5400 	strd	r5, r4, [r6]
20001034:	2100      	movs	r1, #0
20001036:	e732      	b.n	20000e9e <__udivmoddi4+0x9e>
20001038:	0842      	lsrs	r2, r0, #1
2000103a:	462f      	mov	r7, r5
2000103c:	084b      	lsrs	r3, r1, #1
2000103e:	46ac      	mov	ip, r5
20001040:	ea42 72c1 	orr.w	r2, r2, r1, lsl #31
20001044:	46ae      	mov	lr, r5
20001046:	07c4      	lsls	r4, r0, #31
20001048:	0c11      	lsrs	r1, r2, #16
2000104a:	b292      	uxth	r2, r2
2000104c:	ea41 4103 	orr.w	r1, r1, r3, lsl #16
20001050:	ea42 4201 	orr.w	r2, r2, r1, lsl #16
20001054:	fbb1 f1f5 	udiv	r1, r1, r5
20001058:	fbb3 f0f5 	udiv	r0, r3, r5
2000105c:	231f      	movs	r3, #31
2000105e:	eba2 020c 	sub.w	r2, r2, ip
20001062:	ea41 4100 	orr.w	r1, r1, r0, lsl #16
20001066:	e742      	b.n	20000eee <__udivmoddi4+0xee>
20001068:	409d      	lsls	r5, r3
2000106a:	f1c3 0220 	rsb	r2, r3, #32
2000106e:	4099      	lsls	r1, r3
20001070:	409c      	lsls	r4, r3
20001072:	fa2c fc02 	lsr.w	ip, ip, r2
20001076:	ea4f 4e15 	mov.w	lr, r5, lsr #16
2000107a:	fa20 f202 	lsr.w	r2, r0, r2
2000107e:	b2af      	uxth	r7, r5
20001080:	fbbc f8fe 	udiv	r8, ip, lr
20001084:	430a      	orrs	r2, r1
20001086:	fb0e cc18 	mls	ip, lr, r8, ip
2000108a:	0c11      	lsrs	r1, r2, #16
2000108c:	ea41 410c 	orr.w	r1, r1, ip, lsl #16
20001090:	fb08 fc07 	mul.w	ip, r8, r7
20001094:	458c      	cmp	ip, r1
20001096:	d950      	bls.n	2000113a <__udivmoddi4+0x33a>
20001098:	1869      	adds	r1, r5, r1
2000109a:	f108 30ff 	add.w	r0, r8, #4294967295
2000109e:	bf2c      	ite	cs
200010a0:	f04f 0901 	movcs.w	r9, #1
200010a4:	f04f 0900 	movcc.w	r9, #0
200010a8:	458c      	cmp	ip, r1
200010aa:	d902      	bls.n	200010b2 <__udivmoddi4+0x2b2>
200010ac:	f1b9 0f00 	cmp.w	r9, #0
200010b0:	d030      	beq.n	20001114 <__udivmoddi4+0x314>
200010b2:	eba1 010c 	sub.w	r1, r1, ip
200010b6:	fbb1 f8fe 	udiv	r8, r1, lr
200010ba:	fb08 fc07 	mul.w	ip, r8, r7
200010be:	fb0e 1118 	mls	r1, lr, r8, r1
200010c2:	b292      	uxth	r2, r2
200010c4:	ea42 4201 	orr.w	r2, r2, r1, lsl #16
200010c8:	4562      	cmp	r2, ip
200010ca:	d234      	bcs.n	20001136 <__udivmoddi4+0x336>
200010cc:	18aa      	adds	r2, r5, r2
200010ce:	f108 31ff 	add.w	r1, r8, #4294967295
200010d2:	bf2c      	ite	cs
200010d4:	f04f 0901 	movcs.w	r9, #1
200010d8:	f04f 0900 	movcc.w	r9, #0
200010dc:	4562      	cmp	r2, ip
200010de:	d2be      	bcs.n	2000105e <__udivmoddi4+0x25e>
200010e0:	f1b9 0f00 	cmp.w	r9, #0
200010e4:	d1bb      	bne.n	2000105e <__udivmoddi4+0x25e>
200010e6:	f1a8 0102 	sub.w	r1, r8, #2
200010ea:	442a      	add	r2, r5
200010ec:	e7b7      	b.n	2000105e <__udivmoddi4+0x25e>
200010ee:	1a84      	subs	r4, r0, r2
200010f0:	eb6c 0203 	sbc.w	r2, ip, r3
200010f4:	2001      	movs	r0, #1
200010f6:	4617      	mov	r7, r2
200010f8:	e6e7      	b.n	20000eca <__udivmoddi4+0xca>
200010fa:	442c      	add	r4, r5
200010fc:	3802      	subs	r0, #2
200010fe:	e72b      	b.n	20000f58 <__udivmoddi4+0x158>
20001100:	f1ac 0c02 	sub.w	ip, ip, #2
20001104:	442a      	add	r2, r5
20001106:	e70c      	b.n	20000f22 <__udivmoddi4+0x122>
20001108:	3902      	subs	r1, #2
2000110a:	442a      	add	r2, r5
2000110c:	e6a5      	b.n	20000e5a <__udivmoddi4+0x5a>
2000110e:	442c      	add	r4, r5
20001110:	3802      	subs	r0, #2
20001112:	e6ba      	b.n	20000e8a <__udivmoddi4+0x8a>
20001114:	eba5 0c0c 	sub.w	ip, r5, ip
20001118:	f1a8 0002 	sub.w	r0, r8, #2
2000111c:	4461      	add	r1, ip
2000111e:	fbb1 f8fe 	udiv	r8, r1, lr
20001122:	fb08 fc07 	mul.w	ip, r8, r7
20001126:	e7ca      	b.n	200010be <__udivmoddi4+0x2be>
20001128:	f1a8 0802 	sub.w	r8, r8, #2
2000112c:	443c      	add	r4, r7
2000112e:	e744      	b.n	20000fba <__udivmoddi4+0x1ba>
20001130:	3b02      	subs	r3, #2
20001132:	443c      	add	r4, r7
20001134:	e75e      	b.n	20000ff4 <__udivmoddi4+0x1f4>
20001136:	4641      	mov	r1, r8
20001138:	e791      	b.n	2000105e <__udivmoddi4+0x25e>
2000113a:	eba1 010c 	sub.w	r1, r1, ip
2000113e:	4640      	mov	r0, r8
20001140:	fbb1 f8fe 	udiv	r8, r1, lr
20001144:	fb08 fc07 	mul.w	ip, r8, r7
20001148:	e7b9      	b.n	200010be <__udivmoddi4+0x2be>
2000114a:	bf00      	nop

2000114c <__aeabi_idiv0>:
2000114c:	4770      	bx	lr
2000114e:	bf00      	nop

20001150 <__memset_veneer>:
20001150:	f85f f000 	ldr.w	pc, [pc]	@ 20001154 <__memset_veneer+0x4>
20001154:	10008459 	.word	0x10008459

20001158 <__tu_fifo_write_veneer>:
20001158:	f85f f000 	ldr.w	pc, [pc]	@ 2000115c <__tu_fifo_write_veneer+0x4>
2000115c:	10005cd9 	.word	0x10005cd9

20001160 <__tud_event_hook_cb_veneer>:
20001160:	f85f f000 	ldr.w	pc, [pc]	@ 20001164 <__tud_event_hook_cb_veneer+0x4>
20001164:	10004301 	.word	0x10004301

20001168 <__best_effort_wfe_or_timeout_veneer>:
20001168:	f85f f000 	ldr.w	pc, [pc]	@ 2000116c <__best_effort_wfe_or_timeout_veneer+0x4>
2000116c:	10001445 	.word	0x10001445

20001170 <__time_us_64_veneer>:
20001170:	f85f f000 	ldr.w	pc, [pc]	@ 20001174 <__time_us_64_veneer+0x4>
20001174:	1000154d 	.word	0x1000154d

20001178 <__panic_veneer>:
20001178:	f85f f000 	ldr.w	pc, [pc]	@ 2000117c <__panic_veneer+0x4>
2000117c:	10000711 	.word	0x10000711

20001180 <striped_spin_lock_num>:
20001180:	00000010                                ....

20001184 <irq_handler_chain_slots>:
20001184:	00000000 	.word	0x00000000
20001188:	00010000 	.word	0x00010000
	...
20001194:	00020000 	.word	0x00020000
	...
200011a0:	00030000 	.word	0x00030000
	...
200011ac:	00ff0000 	.word	0x00ff0000
200011b0:	00000000 	.word	0x00000000

200011b4 <irq_handler_chain_first_slot>:
200011b4:	b501      	push	{r0, lr}
200011b6:	6848      	ldr	r0, [r1, #4]
200011b8:	3101      	adds	r1, #1
200011ba:	468e      	mov	lr, r1
200011bc:	4700      	bx	r0

200011be <irq_handler_chain_remove_tail>:
200011be:	4670      	mov	r0, lr
200011c0:	3809      	subs	r0, #9
200011c2:	4901      	ldr	r1, [pc, #4]	@ (200011c8 <irq_handler_chain_remove_tail+0xa>)
200011c4:	4788      	blx	r1
200011c6:	bd01      	pop	{r0, pc}
200011c8:	10000b85 	.word	0x10000b85

200011cc <default_alarm_pool>:
	...
200011e0:	20001780                                ... 

200011e4 <stdio_usb>:
200011e4:	10003aad 10003a59 100039d1 10003941     .:..Y:...9..A9..
200011f4:	00000000 00000100                       ........

200011fc <_usbd_qdef>:
200011fc:	20001cf4 000c0010 00000000 00000000     ... ............
	...

20001218 <_usbd_rhport>:
20001218:	                                         .

20001219 <ucPrimaryCoreNum>:
20001219:	                                         ...

2000121c <ulCriticalNesting>:
2000121c:	aaaaaaaa                                ....

20001220 <__malloc_sbrk_base>:
20001220:	ffffffff                                ....

20001224 <__malloc_trim_threshold>:
20001224:	00020000                                ....

20001228 <__malloc_av_>:
	...
20001230:	20001228 20001228 20001230 20001230     (.. (.. 0.. 0.. 
20001240:	20001238 20001238 20001240 20001240     8.. 8.. @.. @.. 
20001250:	20001248 20001248 20001250 20001250     H.. H.. P.. P.. 
20001260:	20001258 20001258 20001260 20001260     X.. X.. `.. `.. 
20001270:	20001268 20001268 20001270 20001270     h.. h.. p.. p.. 
20001280:	20001278 20001278 20001280 20001280     x.. x.. ... ... 
20001290:	20001288 20001288 20001290 20001290     ... ... ... ... 
200012a0:	20001298 20001298 200012a0 200012a0     ... ... ... ... 
200012b0:	200012a8 200012a8 200012b0 200012b0     ... ... ... ... 
200012c0:	200012b8 200012b8 200012c0 200012c0     ... ... ... ... 
200012d0:	200012c8 200012c8 200012d0 200012d0     ... ... ... ... 
200012e0:	200012d8 200012d8 200012e0 200012e0     ... ... ... ... 
200012f0:	200012e8 200012e8 200012f0 200012f0     ... ... ... ... 
20001300:	200012f8 200012f8 20001300 20001300     ... ... ... ... 
20001310:	20001308 20001308 20001310 20001310     ... ... ... ... 
20001320:	20001318 20001318 20001320 20001320     ... ...  ..  .. 
20001330:	20001328 20001328 20001330 20001330     (.. (.. 0.. 0.. 
20001340:	20001338 20001338 20001340 20001340     8.. 8.. @.. @.. 
20001350:	20001348 20001348 20001350 20001350     H.. H.. P.. P.. 
20001360:	20001358 20001358 20001360 20001360     X.. X.. `.. `.. 
20001370:	20001368 20001368 20001370 20001370     h.. h.. p.. p.. 
20001380:	20001378 20001378 20001380 20001380     x.. x.. ... ... 
20001390:	20001388 20001388 20001390 20001390     ... ... ... ... 
200013a0:	20001398 20001398 200013a0 200013a0     ... ... ... ... 
200013b0:	200013a8 200013a8 200013b0 200013b0     ... ... ... ... 
200013c0:	200013b8 200013b8 200013c0 200013c0     ... ... ... ... 
200013d0:	200013c8 200013c8 200013d0 200013d0     ... ... ... ... 
200013e0:	200013d8 200013d8 200013e0 200013e0     ... ... ... ... 
200013f0:	200013e8 200013e8 200013f0 200013f0     ... ... ... ... 
20001400:	200013f8 200013f8 20001400 20001400     ... ... ... ... 
20001410:	20001408 20001408 20001410 20001410     ... ... ... ... 
20001420:	20001418 20001418 20001420 20001420     ... ...  ..  .. 
20001430:	20001428 20001428 20001430 20001430     (.. (.. 0.. 0.. 
20001440:	20001438 20001438 20001440 20001440     8.. 8.. @.. @.. 
20001450:	20001448 20001448 20001450 20001450     H.. H.. P.. P.. 
20001460:	20001458 20001458 20001460 20001460     X.. X.. `.. `.. 
20001470:	20001468 20001468 20001470 20001470     h.. h.. p.. p.. 
20001480:	20001478 20001478 20001480 20001480     x.. x.. ... ... 
20001490:	20001488 20001488 20001490 20001490     ... ... ... ... 
200014a0:	20001498 20001498 200014a0 200014a0     ... ... ... ... 
200014b0:	200014a8 200014a8 200014b0 200014b0     ... ... ... ... 
200014c0:	200014b8 200014b8 200014c0 200014c0     ... ... ... ... 
200014d0:	200014c8 200014c8 200014d0 200014d0     ... ... ... ... 
200014e0:	200014d8 200014d8 200014e0 200014e0     ... ... ... ... 
200014f0:	200014e8 200014e8 200014f0 200014f0     ... ... ... ... 
20001500:	200014f8 200014f8 20001500 20001500     ... ... ... ... 
20001510:	20001508 20001508 20001510 20001510     ... ... ... ... 
20001520:	20001518 20001518 20001520 20001520     ... ...  ..  .. 
20001530:	20001528 20001528 20001530 20001530     (.. (.. 0.. 0.. 
20001540:	20001538 20001538 20001540 20001540     8.. 8.. @.. @.. 
20001550:	20001548 20001548 20001550 20001550     H.. H.. P.. P.. 
20001560:	20001558 20001558 20001560 20001560     X.. X.. `.. `.. 
20001570:	20001568 20001568 20001570 20001570     h.. h.. p.. p.. 
20001580:	20001578 20001578 20001580 20001580     x.. x.. ... ... 
20001590:	20001588 20001588 20001590 20001590     ... ... ... ... 
200015a0:	20001598 20001598 200015a0 200015a0     ... ... ... ... 
200015b0:	200015a8 200015a8 200015b0 200015b0     ... ... ... ... 
200015c0:	200015b8 200015b8 200015c0 200015c0     ... ... ... ... 
200015d0:	200015c8 200015c8 200015d0 200015d0     ... ... ... ... 
200015e0:	200015d8 200015d8 200015e0 200015e0     ... ... ... ... 
200015f0:	200015e8 200015e8 200015f0 200015f0     ... ... ... ... 
20001600:	200015f8 200015f8 20001600 20001600     ... ... ... ... 
20001610:	20001608 20001608 20001610 20001610     ... ... ... ... 
20001620:	20001618 20001618 20001620 20001620     ... ...  ..  .. 

20001630 <_impure_ptr>:
20001630:	20001638 00000000                       8.. ....

20001638 <_impure_data>:
20001638:	00000000 20001990 200019f8 20001a60     ....... ... `.. 
	...
200016d0:	00000001 00000000 abcd330e e66d1234     .........3..4.m.
200016e0:	0005deec 0000000b 00000000 00000000     ................
	...

20001778 <print_mutex>:
	...
