:020000041000EA
:10000000002008205D0100101301001015010010F0
:100010001101001011010010110100101101001058
:10002000110100101101001011010010F5790010EC
:10003000110100101101001075790010D176001027
:100040001D0100101D0100101D0100101D010010F8
:100050001D0100101D0100101D0100101D010010E8
:100060001D0100101D0100101D0100101D010010D8
:100070001D0100101D0100101D0100101D010010C8
:100080001D0100101D0100101D0100101D010010B8
:100090001D0100101D0100101D0100101D010010A8
:1000A0001D0100101D0100101D0100101D01001098
:1000B0001D0100101D0100101D0100101D01001088
:1000C0001D0100101D0100101D0100101D01001078
:1000D0001D0100101D0100101D0100101D01001068
:1000E0001D0100101D0100101D0100101D01001058
:1000F0001D0100101D0100101D0100101D01001048
:100100001D0100101D0100101D0100101D01001037
:1001100000BE00BE00BE00BE00BE00BEEFF3058004
:10012000103800BEF2EB8871988B0010BC8B001069
:10013000A801001090A31AE7D3DEFFFF42012110AF
:10014000FF010000F4A00000793512AB4FF0000071
:100150002049086006C881F3088810474FF05040D6
:10016000006810B14FF00000F2E70FA40ECC002998
:1001700002D000F015F8F9E71749184A002000E00E
:1001800001C19142FCD1002080F30A8814498847BC
:10019000144988471449884700BEFDE701C901C2D8
:1001A0009A42FBD3704700BFBC8B001010010020A7
:1001B000801700202CA2001000000820000008205A
:1001C0002CA20010001008200010082000000000E1
:1001D0007047000008ED00E080170020D8260020BE
:1001E000613000106903001059300010F8B500BFED
:1001F000064B0749C91A891048BF0131491003D07D
:10020000044B0BB101481847704700BF801700200E
:10021000801700200000000008B5054B1BB1054900
:100220000548AFF30080BDE80840FFF7E1BF00BF1D
:100230000000000004250020CC85001038B50446DD
:10024000054D21462A68054803F0F6F84FF49670EC
:1002500006F064FDF5E700BFB8200020D08500104F
:10026000F8B50446194E1A4F1FE01A4803F0E4F897
:100270003D6821462A46184803F0DEF8C82006F0FB
:100280004DFD6A1C214615483A6003F0D5F800235D
:10029000306819461A4605F0F3FC2146104803F071
:1002A000CBF84FF4FA7006F039FD21460D4803F003
:1002B000C3F84FF47A71306805F09AFF012821469F
:1002C000D3D0094803F0B8F8EBE700BF7026002050
:1002D000B82000200C8600103886001050860010D0
:1002E00068860010E88500107C860010F8B5054689
:1002F000164F174E2946174803F09EF84FF0FF316E
:10030000386805F075FF2946134803F095F83468FE
:1003100029462246114803F08FF84FF4967006F0F4
:10032000FDFC621E29460E48326003F085F800236A
:10033000386819461A4605F0A3FC2946094803F017
:100340007BF84FF42F7006F0E9FCD3E7702600200D
:10035000B8200020A88600100C86001038860010F7
:10036000508600106886001030B583B002F0A0FF00
:10037000194802F0E1FF012005F0C2FD174B18609B
:1003800018B300240225164802F0D6FF4FF48072FD
:10039000CDE90054134B1449144806F015FBCDE980
:1003A000005401254FF48072114B1249124806F097
:1003B0000BFB4FF48072114B1149CDE900541148E9
:1003C00006F002FB06F082FBFEE70F4802F0B4FFE6
:1003D000012003B030BD00BFC08600107026002091
:1003E00014870010308700103C8700106102001055
:1003F000508700105C870010ED020010708700101D
:10040000788700103D020010F08600100FB400B590
:1004100083B0049C074802F08FFF3CB105A9204639
:10042000019102F0E9FD044802F086FF012002F08C
:10043000FBFD00BF888700109887001070B58646C6
:10044000EFF3108572B6124CD4E8CF6F0120002E66
:10045000FAD1C4E8460F002EF6D1BFF35F8F4FF0FC
:10046000010CC80801F007030CFA03F31EF800C0E2
:100470001CEA030608D14CEA030C0EF800C0C4E8DD
:100480008F6F85F3108870BD1046FFF7BFFF00BF68
:10049000771C0020F8B5EFF3108772B61C4ED6E833
:1004A000CF5F0124002DFAD1C6E8454F002DF6D1CB
:1004B000BFF35F8F9A421BD8012502E001329342BD
:1004C00022D3D40810F804E002F0070C05FA0CFC63
:1004D0001EEA0C0FF2D14EEA0C0E00F804E01046B2
:1004E0000023C6E88F3F87F31088984207DBF8BDEA
:1004F0000023C6E88F3F87F310884FF0FF300029B4
:10050000F5D00698FFF782FF4FF0FF30E8E700BF15
:10051000771C0020044A1078431CDBB2182B28BF3C
:1005200010231370704700BF8011002010B5054CD8
:1005300082B001461F23182200940348FFF7AAFF48
:1005400002B010BD9C870010882000204FF0E022F0
:10055000936843F000539360704700BF0021044B41
:1005600003F12002C3E88F1F01339342FAD1704791
:100570006C1C00204FF0E0234FF08032C3F80024C1
:10058000C3F80424C3F80824C3F80C24C3F81024C7
:10059000C3F81424C3F81824C3F81C24C3F8202477
:1005A000C3F82424C3F82824C3F82C24C3F8302427
:1005B000704700BF012300F01F029340400941B182
:1005C000800000F1604000F56140C0F880310360B8
:1005D0007047024A203042F82030704700E100E0C6
:1005E0000123064A410952F8212000F01F0003FAB6
:1005F00000F01040003818BF0120704700E100E013
:1006000001224309034900F01F008240403341F8B2
:100610002320704700E100E0054A10309268054B46
:1006200052F82000C01A2F288CBF002001207047EC
:1006300000ED00E084110020F8B50D46EFF31087BF
:1006400072B6124ED6E8CF2F0123002AFAD1C6E89F
:10065000423F002AF6D1BFF35F8F0D4B00F110042B
:100660009B680C4A53F82430934203D0994201D03E
:1006700000F0F6FE064B9B6843F82450BFF35F8FF3
:100680000023C6E88F3F87F31088F8BD751C002053
:1006900000ED00E01D0100102DE9F04F81468B4672
:1006A000164683B0EFF3108372B6DFF8D0A1009343
:1006B000DAE8CF1F01230029FAD1CAE8413F002917
:1006C000F6D1BFF35F8F664B93F90040002CC0F268
:1006D000A080644D04EB440705EB870898F80610EA
:1006E00009F110091970604BBF009B6853F829008D
:1006F0006300411B2F292FD95C49884240F0A48018
:100700001C445B4B02372F44043BDB1BC3F34A03FF
:100710006FEAC3434FF421416FEAD34325F8241015
:1007200005EB840463804BF60153A380FF2348F05C
:100730000100E671C4F808B0A3714B4B9B6843F805
:100740002900BFF35F8F0023CAE88F3F009B83F32C
:10075000108803B0BDE8F08F20F0010E9EF807105E
:10076000B1422ED84FF42143EB53414BB91C2944DD
:10077000043B04375B1A2F44AEF10401C91BC1F3DB
:100780004A043C49C3F34A030B432143A8F804102D
:100790003949A8F802304AF6AA2073465B1B5B4130
:1007A0005843000D88F8076088F80600C8F808B0BC
:1007B00048F00100CEF80010BFE7D179B1422ED940
:1007C00096469EF906C00CEB4C02BCF1000F05EBFF
:1007D0008202F2DA4BF601510EF10402A8F104078D
:1007E000BF1AC7F34A076FEAC7476FEAD7478EF8C1
:1007F000064003EB0408204C05EB8803AEF80470B8
:1008000045F82840998083F806C0DE71C3F808B027
:1008100093E700F025FE124B93F9004059E772462A
:1008200032F8041F490514D44915023102EB410185
:1008300001916FF00701C91B019F491B3944C1F3A6
:100840004A0141F46041C9E7019300F009FE019BB0
:1008500056E701F5FF1101F5FF511F31E4E700BF35
:10086000D32600208411002000ED00E01D010010BF
:10087000B411002000E0FFFF01488047751C0020F4
:10088000F0B5EFF30585EDB2EFF3108C72B62649A3
:10089000D1E8CF2F0123002AFAD1C1E8423F002A34
:1008A000F6D1BFF35F8F214E40F0010EB4684AF6D7
:1008B000AA2354F825701E4A0446A41A64416343CF
:1008C0001B0D77455BB21BD092F906409C421CD0B1
:1008D00092F912409C4223D092F91E409C4221D0B2
:1008E00092F92A409C4208BF03240FD0114A0024E9
:1008F000157813708571C1E88F4F8CF31088F0BDA7
:10090000B2680D4C42F82540F0E7002404EB4404A3
:1009100002EB8402FF2494714BF601549480E5E7C6
:100920000124F3E70224F1E7751C002000ED00E04C
:1009300084110020D32600201D01001010B5074CA3
:1009400082B001460523002200940548FFF7A2FD6E
:100950000028A8BFC0F1330002B010BDB887001056
:10096000D7260020014B0B44036070476C1C00200D
:1009700070B5104C104DAC420ED2FF26236863B107
:10098000FFF7C8FD01462046FFF7ECFFA680BFF346
:100990005F8F0834AC42F1D370BDFFF7BBFD014659
:1009A0002046FFF7DFFF2671BFF35F8F0834AC42AC
:1009B000E4D370BD781700208017002010B50446DE
:1009C000FFF7A8FD01462046FFF7CCFFFF23237168
:1009D000BFF35F8F10BD00BF10B504460120FFF7C5
:1009E000A5FD034B03442360BFF35F8F10BD00BF21
:1009F0006C1C0020024B0B440360BFF35F8F7047F9
:100A00006C1C00200D4B1A68EFF3108172B6D2E80F
:100A1000CFCF0120BCF1000FF9D1C2E84C0FBCF1DF
:100A2000000FF4D1BFF35F8F00221B68C3E88F2F44
:100A300081F3108840BF002000217047DC25002092
:100A40002DE9F04F2DED028B85B0EFF30583DBB27E
:100A5000103B9A0818BF01224FF0010103F0030B6D
:100A600018BFAF4DAF4B08BFAF4D0BEB820253F831
:100A7000226001FA0BF205F541539FEDA78B01921D
:100A80005A602FE0B3881C0440F19380B379002BA7
:100A900040F0DD80B6F90820002AC0F21E8173699B
:100AA00002EB420203EBC203D3E90247B7F1FF3F77
:100AB00008BFB4F1FF3F0ED005EB8B01AB6A0A69AA
:100AC000D21AE31A934205D301232A6A03FA0BF3DD
:100AD000134200D10C61284600F03EFBA042B94110
:100AE000C0F2FB80B6F90830019A002B0093EA634C
:100AF000C8DBD6F8148003EB4309284608EBC90786
:100B0000D7E9024A00F028FBA04271EB0A01B9DBE9
:100B1000BAF1000FC0F2C380D7E90431834A93428F
:100B200000F0ED807A88B6F9080092B242EA0040FF
:100B3000984702460B4652EA030100F0B080002BB2
:100B400080F2D180B4EB020E6AEB030A38F9393037
:100B5000C7E902EA002B95DB716903EB430201EB65
:100B6000C202D2E90270BE457AEB000C4FEA4302A2
:100B700088DBB4462CF8083F06E003EB430001EBAA
:100B8000C0005A00D0E90270BE451A447AEB00005A
:100B900001EBC20404DB31F93230A446002BECDA5D
:100BA00028F83930009BACF80030B3881C043FF5BE
:100BB0006DAF3369EFF3108272B6D3E8CF0F012126
:100BC0000028FAD1C3E8401F0028F6D1BFF35F8F99
:100BD0004FF6FF74B0880023316900B2B480C1E8D9
:100BE0008F3F82F310889842FFF650AF0746A94620
:100BF000746906F1080807EB470E04EBCE03D3E94E
:100C00000250B6F90830C446002B13DBB2460097F9
:100C100004E034F936309446002B09DB03EB43063D
:100C200004EBC602D2E90271BD4270EB0101F0DAB9
:100C30005646009FACF8007034F93E7024F83E3000
:100C4000002FD8DAB3794D46002B3FF423AF0023B1
:100C5000B371B6F9083006F10808581C3DD01A46A1
:100C6000776903E08046591C3FF416AF03EB43015C
:100C700007EBC100B0F802C01C461CF4004F9E46B2
:100C800037F93130EED0944280ED028B05D0A8F8D0
:100C90000030328927F8312034817246E3E738F892
:100CA000393033813369EFF3108272B6D3E8CF0F56
:100CB00001210028FAD1C3E8401F0028F6D1BFF374
:100CC0005F8F7388316928F83930009B7380002367
:100CD000C1E88F3F82F31088D4E640BF05B0BDEC79
:100CE000028BBDE8F08F2846CDE9022300F034FAEC
:100CF000029A039B10EB020E43EB010A26E708461B
:100D00000B69029198470028C9D00299D1E90023C4
:100D100011E700BFAFF30080FFFFFFFFFFFFFFFF02
:100D200000800B402425002000000B40410A0010E9
:100D30002DE9F84F364C25692DB1BDE8F84F0A2151
:100D40003448FFF70FBEDFF8E4800321404600F08F
:100D5000F1F90326C4F80C80FFF7DCFB4FF0504C90
:100D60002D4B267003442361DCF800300F216370A3
:100D7000636961801D834FF00405A3F878504FF03C
:100D80000505A3F890504FF00605A3F8A8504FF0C2
:100D900007050E214FF6FF7208274FF00A0EA3F841
:100DA000C0504FF001094FF00C0C4FF0020B4FF008
:100DB000090A0D204FF00B05A3F868111749A2800E
:100DC000A3F808E1A160A3F848B0A3F8F0A0A3F845
:100DD0002051A3F838C1A3F85001A3F83090A3F82C
:100DE0006060A3F8D8701A800D4B3046C8F82070A8
:100DF0000C49DC60FFF720FC49463046FFF7DAFB80
:100E0000094B0A211F640348BDE8F84FFFF7AABD4C
:100E1000CC110020DC2500206C1C0020FFFF1000FE
:100E200024250020410A001000200B4000000B4048
:100E300000487047CC110020F8B59DF820500446BA
:100E400017461E4635B900F08FF9874266EB01015F
:100E500000295CDB2169EFF3108372B6D1E8CF0F74
:100E600001220028FAD1C1E8402F0028F6D1BFF3B3
:100E70005F8FB4F90220656902EB4201002A4FEA54
:100E8000C10C206905EBC10139DB35F80CE0A4F891
:100E900002E04FF0000EC0E88FEF83F3108848881F
:100EA000069B0130C0F30E00012838BF01200B6102
:100EB000079B48804B61C1E9027640EA0240236902
:100EC000EFF3108172B6D3E8CF7F0126002FFAD15D
:100ED000C3E8476F002FF6D1BFF35F8FA38825F8D3
:100EE0000C30A2802369C3E88FEF81F310880122C0
:100EF000E368217803F501538A405A60F8BD002267
:100F0000C0E88F2F83F310884FF0FF30F8BD2846DC
:100F1000F8BD00BF0146F0B50069EFF3108772B667
:100F2000D0E8CF5F0124002DFAD1C0E8454F002D55
:100F3000F6D1BFF35F8FB1F902E04C690EEB4E0CB6
:100F4000BEF1000F4FEACC05086904EBCC0C3CDB8A
:100F5000665B4E800026C0E88F6F87F31088BCF870
:100F60000200CCE902230130C0F30E00012838BF93
:100F70000120059BACF80200CCF81030069B40EA3B
:100F80000E40CCF814300B69EFF3108272B6D3E840
:100F9000CFCF0127BCF1000FF9D1C3E84C7FBCF1E2
:100FA000000FF4D1BFF35F8F8B886353A1F804E087
:100FB0000B69C3E88F6F82F310880122CB68097830
:100FC00003F501538A405A60F0BD0023C0E88F3F0B
:100FD00087F310884FF0FF30F0BD00BF0346408913
:100FE000B0EB214F37DD58690A1402EB420210B50D
:100FF00000EBC2001C69EFF3108C72B6D4E8CFEF9F
:101000000122BEF1000FF9D1C4E84E2FBEF1000F4E
:10101000F4D1BFF35F8F428889B292B28A4207D07F
:1010200000221B69C3E88F2F8CF31088002010BDAD
:1010300042F4004242800121002218699971C0E8FF
:101040008F2F8CF310881C78DA68084602F501535C
:10105000A140596010BD0020704700BF4078704724
:101060002DE9F04306460D4683B0EFF30584E4B264
:101070003CB12D4B5A6AAA421CD2002003B0BDE8F5
:10108000F0832A4FD7F80C9097F80080484600F07C
:1010900063F808F1040859F828301B1A301A65EB78
:1010A0000101984271F1000110DB20BF1E4B5A6A0A
:1010B000AA42E2D314BF012400249B6AB34234BF86
:1010C000204644F0010003B0BDE8F08300F04CF886
:1010D000864265EB0101002914DB154B3846CDE94A
:1010E000003432462B46FFF715FF011E0ADD0E4B7A
:1010F0005A6AAA4216D39B6AB34211D30B48FFF730
:101100006DFFB6E7084B5C6AAC42B6D3641B18BFF0
:1011100001249B6AB34234BF204644F00100ADE78E
:10112000AA42EBD120BFE9E700000B40CC11002020
:10113000050A001010B4054B054C064AA04214BF26
:101140001846581C5DF8044BFFF778B98C20002036
:1011500000800B40D48700100346416A0A46986A13
:10116000596A8A42FAD17047034B596A0A46986A0B
:10117000596A9142FAD1704700000B4000EB400CD5
:101180004FEA8C0C0CF1804C0CF5803CF0B5164607
:10119000DCF80420051FB2F5803F38BF4FF48032E1
:1011A000EDB238BFCCF80420012D2AD94FF40067E6
:1011B000254C0CF54052176054F82020B2B9DCF8E9
:1011C0000020012D82EA461202F0E0020CF5805662
:1011D00032602AD94FF4006144F820304FF4803354
:1011E0000CF500521160CCF80430F0BD6769B7FB14
:1011F000F2FE0EF1010E0EEB4E0EBEF1030EFCD20E
:10120000DDE70129D2D103240CF540521460DCF84B
:101210000820D207FBD5DCF800200B4C82EA4612EE
:1012200002F0E0020CF5805632600122DCF800503A
:101230004D4005F00305356002FA01F1DCF80820A5
:101240000A42FBD0C6E700BF90200020014B53F8B4
:10125000200070479020002070B4039D04682D0387
:1012600045EA03451B4B002CB3FBF1F3B2FBF3F64D
:101270001FDB194A194B904214BF4FF480424FF4C0
:101280000042174C1A6003F580531A60A36832EAD3
:101290000303FBD1212200F5405304330160866033
:1012A0001A600268002AFCDA0822C5601A6070BC65
:1012B0007047036803F03F038B42DAD18368C3F3BE
:1012C0000B03B342D5D1C36803F4EE23AB42D0D1B4
:1012D000EDE700BF001BB700008005400020024082
:1012E0000000024030B44FF080441C4B1C60E0B161
:1012F0001B4CA3F54053DC611A4C40F00100444004
:101300001C62596298624FF080454FF0E061134BC8
:101310001548164C1D60846019604AB930BC4FF006
:101320000042A3F580531A607047114BD861EAE779
:101330004FF47A7303FB02F2B2F1807F2ABF6FF0A1
:101340007F4313461A464FF080410A4C08482360F9
:10135000094B426030BC1960704700BF00B00D40BF
:10136000D3C007B02D3FF84F00A00140F3FFFF01AD
:1013700000800D40FC24002000A00D40012300EB64
:101380004000800000F1804000F58410416003605F
:10139000704700BF002370B5DB8A04460D4600226B
:1013A00042E800F2520254BF1021042144F25220BC
:1013B000984786462B462246F446BDE870400A21EF
:1013C0004FF48170604700BF0023DB8A002242E8AF
:1013D00000F2520201D4102118470421184700BF1F
:1013E00008B503460846191E02DB1AB140F030006A
:1013F000FFF7D0FF40F02000FAE700BF034AD2F821
:101400002838002BFBD0BFF35F8F704700000E40E1
:101410000021044B044ABFF35F8F43F8041B93423F
:10142000F9D170470C080E402C080E4010B44FF450
:101430008D704FF42A64064A064B07491460D06049
:1014400019605368002BFCDA5DF8044B704700BF4D
:101450000080044000A0044000B0FA00704700BFC4
:1014600008B50148FEF7D2FFF887001038B5054CE3
:10147000054DAC4204D254F8043B9847AC42FAD331
:1014800038BD00BF80850010C085001010B407482B
:10149000074C084B084A094904601A608B6832EA15
:1014A0000303FBD15DF8044B704700BF00200240EE
:1014B0007F3BEFEF00300240F6FFF30300000240F5
:1014C000044BDB6CB3F5004F03D14FF48022024B89
:1014D000DA64704700001150002011504FF0E022F4
:1014E000044BD2F8881D0B43C2F8883D10EE30043F
:1014F000704700BF030330006FF06041044B054AA2
:1015000019609368DB4333F06043FAD1704700BF42
:10151000003002400000024010B545F25320FFF7B2
:1015200053FFBDE8104003460420184710B545F2AC
:101530005320FFF749FFBDE810400346012018473C
:10154000FFF70CB810B5054B054C4FF488721846E0
:10155000A16806F0F5FDA06010BD00BF00000020EE
:1015600000ED00E0002370B52B4C82B0C4F884304D
:10157000FFF75CFF0122294BDA63636C012BFCD17E
:101580000321264A244B11639C6B012CFCD10226BB
:10159000052521460523224A22480096FFF75CFED6
:1015A00021462B46204A21480095FFF755FE002290
:1015B000042031461E4BFFF7E1FD2146284600225C
:1015C0001C4BFFF7DBFD0022082011461A4BFFF7EA
:1015D000D5FD002209201146174BFFF7CFFD002251
:1015E00006201146134BFFF7C9FD0022114B0720BF
:1015F0001146FFF7C3FD0420FFF728FE00240F4B20
:10160000A3FB0035AD0CE0B229460134FFF7B6FE6E
:10161000062CF8D102B070BD00000140003001403E
:10162000002F685900000540008C86470080054067
:10163000001BB70080D1F008006CDC0283DE1B4386
:1016400086B003B451FC0804CDE9020151FC090441
:10165000CDE9040151EC0A04CDE9060103BCF047D1
:10166000BDE800504EEC00C4BDE800504EEC01C493
:10167000BDE800504EEC02C400BD000000B5FFF70D
:10168000DFFF02E010FE30F4F8D441EC100443EC2C
:10169000112400EE010410EE010480EE200451EC50
:1016A0001004704700B5FFF7CBFF02E010FE30F4E6
:1016B000F8D441EC100443EC112400EE010410EEC8
:1016C000210480EE200451EC3004704700B5FFF790
:1016D000B7FF02E010FE30F4F8D410B541EC10046E
:1016E00043EC112451EC040453EC0524A0FB024C00
:1016F0005FF0000EE0FB03CEE1FB02CE4CEC204499
:101700000024E1FB03E444EC30E480EE200451ECDF
:101710005004BDE81040704700B5FFF791FF02E0AC
:1017200010FE30F4F8D441EC100443EC112451ECD9
:101730002104A0FB01126FEA820252FB100052FB4F
:1017400012F252FB1000A0EBD07C53EC04245CFBA3
:1017500013F153EC1524A1FB022001FB030053EC11
:101760004424A2EB000050FB1CF24FEA111312EBD1
:10177000017043EBE27140EA515020EA915020F0B1
:10178000070053EC7524A0FB023C53EC752400FBCE
:1017900003CC01FB02CC53EC0424ACEB824C40EABA
:1017A0005C70A0F1010041EC400480EE200451EC9B
:1017B0007004704700B5FFF743FF02E010FE30F4FD
:1017C000F8D440EC700400EE010410EE210480EE29
:1017D000200451EC3004704700B5FFF731FF02E000
:1017E00010FE30F4F8D440EC600400EE010410EE7A
:1017F000210480EE200451EC3004704700B5FFF75F
:101800001FFF02E010FE30F4F8D441EC800400EE3B
:10181000010410EE010480EE400410EE1304704742
:1018200000B5FFF70DFF02E010FE30F4F8D441ECF4
:10183000800400EE010410EE010480EE400410EE7E
:101840003304704700B5FFF7FBFE02E010FE30F4F2
:10185000F8D441EC100443EC112400EE010410EE26
:101860003004C0F30070704700B5FFF7E9FE02E0F6
:1018700010FE30F4F8D443EC102441EC110400EED7
:10188000010410EE30F48CBF01200020704700BF2F
:1018900000B5FFF7D5FE02E010FE30F4F8D443ECBB
:1018A000102441EC110400EE010410EE30F42CBFC2
:1018B00001200020704700BF00B5FFF7C1FE02E025
:1018C00010FE30F4F8D441EC100443EC112400EE87
:1018D000010410EE30F42CBF01200020704700BF3F
:1018E00000B5FFF7ADFE02E010FE30F4F8D441EC95
:1018F000100443EC112400EE010410EE30F48CBF10
:1019000001200020704700BF10B5044606F0C8F85B
:1019100028B10346034A2344934200D810BD02482D
:10192000FEF774FD000008200488001006F0C0B81F
:10193000704700BF2DE9F04F83B09946DDE90DAB4C
:101940000F9B884611469A07074616D1DA453AD2C8
:101950000C460D46ABEB0A060E4422464B4641466A
:1019600020200134B847B442F7D12946BAF1000F1C
:1019700008D1204603B0BDE8F08F0C46BAF1000F45
:1019800010D00E4655460C9B2E449A440191721B72
:101990004B46013D41461AF8010D3446B847002D2B
:1019A000F5D101990F9B9B07E3D5651AAB45E0D9AB
:1019B00022464B46414620200135B8475D4504F19B
:1019C0000104F5D3D5E70C46BAF1000FD9D1D0E721
:1019D0002DE9F04F0F9FDDF8248017F0020F0A9CCD
:1019E0009DF82CA00E9DDDE90C9644D1F5BBB442C8
:1019F00041D207F0010B04F1FF3C4FF0300EC4441C
:101A000004E00134A6420CF801EF01D9202CF8D1F2
:101A1000BBF1000F00F08880A5422CD904F1FF3CF7
:101A20004FF0300EC44404E00134AC420CF801EF36
:101A300021D0202CF8D117F0100F0ED017F4806FA2
:101A400054D1A64263D0A54261D0B9F1100F50D055
:101A5000B9F1020F56D0202C29D12024CDE90B5703
:101A6000CDE90984BDE8F04FFFF764BF17F0010B23
:101A700034D1B442BFD317F0100F1ED017F4806FCB
:101A8000E3D1002CDDD1B9F1100F63D0B9F1020F11
:101A900077D0302488F800400124BAF1000F11D12A
:101AA0007E0748D52B2608F804600134D6E7264681
:101AB00001344FF0300C08F806C0202CCDD0BAF11C
:101AC000000FEDD02D2608F804600134CDE90B5746
:101AD000CDE90984BDE8F04FFFF72CBFBAF1000F44
:101AE00030D0B44205F1FF3585D395E7B9F1100F39
:101AF000B3D1BE063BD5202CAFD0582608F80460E1
:101B00000134A8E7202CA8D02646013407E0661E41
:101B1000B9D0B9F1100F36D0B9F1020FC9D14FF0D9
:101B2000620C08F806C096E717F0100FC5D017F43E
:101B3000806F86D089E73E0790D5202608F804609C
:101B400001348BE717F00C0F00D0013DB442FFF4D5
:101B500052AF61E7BC0612D4782488F800403024E4
:101B600088F801400224BAF1000F99D0AAE7202C8E
:101B70003FF473AF782608F8046001346BE758240B
:101B8000EBE76224E9E717F0200FA4F1020C04D080
:101B90004FF0580E08F80CE08BE74FF0780E08F87D
:101BA0000CE086E700B9704701F084BB10B1D1E9C1
:101BB00000311847704700BF2DE9F04F97B09DEDF9
:101BC000207BDDE9225B0746884651EC170B249CFD
:101BD00099460C920B4602468DED047B0794FFF765
:101BE00035FE002840F0F481DDE904014FF0FF32BA
:101BF0006FF48013FFF73CFE002840F01B81DDE905
:101C000004014FF0FF32AC4BFFF76EFE002840F0AE
:101C1000EE80DDE90401A4A3D3E90023FFF764FE0D
:101C2000002840F0D380DDE90401A1A3D3E900231B
:101C3000FFF71EFE002840F0C980DDE90401002204
:101C40000023FFF715FE002840F0E88023460D90A2
:101C500013F4806F08BF062530212B460EAAA5F18C
:101C6000200605E0013BB34202F8011B00F093811E
:101C7000092BF7D81E46ED1ADDE90401FFF7C2FD76
:101C80008E4B044603EBC60393ED007B8DED087B82
:101C9000FFF794FD02460B46DDE90401FFF706FD60
:101CA000DDE90823FFF716FD02460B46CDE90A23BE
:101CB000FFF7BAFD8246FFF793FD02460B46DDE9CA
:101CC0000A01FFF7F3FC02460B46CDE90A23002286
:101CD0007B4BFFF709FE002800F0FE800AF1010AA5
:101CE0005046FFF77DFD02460B46DDE90801FFF790
:101CF000D3FD10B14FF0000A0134002E00F0FD803A
:101D0000681E0EABDFF8CCC118440FE0ACFB0A2113
:101D1000C90801EB8102AAEB42023032BAF1090F85
:101D200000F8012F40F21C818A461D46202D05F146
:101D3000010306F1FF36E9D12025691E0EAB61488B
:101D4000194410E080FB0462C3EBA20303EB83029F
:101D5000A4EB420404F1300201351C4601F8012FC6
:101D6000002B00F0EB80202D4FEAE473EAD1079BB3
:101D700003F00303012B18D1BBF1000F15D00D9B0D
:101D8000002B00F00A810BF1FF3BBBF1200F0CD9B7
:101D90006B1E0EA930220B4405E001355D4503F8AA
:101DA000012F80F0D180202DF7D1079B0EACCDE91B
:101DB00002B341464B4638460C9A01950094FFF712
:101DC000B9FD8246504617B0BDE8F08F079B9DEDE8
:101DD000047BCDE923B341464B4638460C9A8DED42
:101DE000207B229517B0BDE8F04F00F045B96107A0
:101DF00023464CBF042303234146219338464B46D8
:101E0000079A48BF304CCDE922B258BF2F4C0C9AEC
:101E1000209417B0BDE8F04FFFF78CBDDDE9042337
:101E200000200021FFF742FC0123CDE904010D93BE
:101E300023460DE723469C0740F0AA80BBF1040F20
:101E400040F2A6800C9B1D461C1F04EB0B0A2A4681
:101E50004B46414620200135B847AA45F7D15546A3
:101E60001B4C261F14F8010D2A464B464146B84725
:101E7000B44205F10105F5D1079B0AF1040A980760
:101E8000A0D50C9CAAEB04039B459BD952464B461C
:101E9000414620200AF1010AB847AAEB04035B453A
:101EA000F4D38FE7AFF300800000000065CDCD4193
:101EB0000000000065CDCDC1FFFFEF7F80890010DD
:101EC0000000E03F67666666588800106088001072
:101ED0006C880010CDCCCCCC0022DDE90A01634B2C
:101EE000FFF7C6FC00287FF408AFBAF1000F6AD1F3
:101EF0000AF1010A002E7FF403AF2046FFF75EFCD3
:101F000002460B46DDE90401FFF7D0FB02460B4613
:101F1000CDE904230022554BFFF7AAFC00287FF4EB
:101F20000CAFDDE904010022504BFFF7DDFC002877
:101F30007FF403AF013424F00104FEE6079B03F0B5
:101F40000303012B00F08280202D3FF42EAF0D9B68
:101F50007BB32D220DEB050383F83820013524E7F0
:101F6000202B3FF4E9AE0EAA15441E44302204E0B3
:101F7000202B05F8012F3FF4DFAE9E4203F1010351
:101F8000F6D12E220DEB060383F83820751CD4E61B
:101F9000DDF830A063E720256EE6079B13F00C0FF9
:101FA00050D00BF1FF3BAB453FF6F2AE202D3FF496
:101FB000FCAE079B5A0701D52B22CBE71B077FF509
:101FC000F4AE2022C6E71AF0010F3FF496AE8FE779
:101FD000A60734D1BBF1030F31D90C9B1D46DC1E83
:101FE00004EB0B0A2A464B46414620200135B847F0
:101FF0005545F7D155461E4CE61E14F8010D2A46EC
:102000004B464146B847A64205F10105F5D1079B6D
:102010000AF1030A9D077FF5D5AE0C9CAAEB0403D9
:102020009B457FF6CFAE52464B46414620200AF1F3
:10203000010AB847AAEB04039B45F4D8C2E6DDF8D1
:1020400030A0D7E7AB453FF6A3AEAEE6BBF1000F3D
:102050003FF47AAF0D9B002B9FD00BF1FF3B5D450A
:10206000FFF496AE202D7FF474AF9EE60000E03FB3
:1020700067880010000000002DE9F04F9FB02A9EF5
:10208000DDE92845074693460891099322462B46E9
:10209000204629460E96DDE92BA6FFF7D7FB002840
:1020A00040F0BE80204629464FF0FF32784BFFF7C4
:1020B0001BFC002840F0B480204629464FF0FF3238
:1020C0006FF48013FFF7D4FB002840F0A98020466E
:1020D000294600220023FFF7CBFB002840F0D581E2
:1020E000CDE90A45DDE90A239046994606F40062E7
:1020F00016F480630F92139340F0A18058EA09030D
:1021000040F0CA80002A40F0E38106230E9316F0C7
:102110000202109240F0D4815346042B38BF0423AE
:102120000C920422043B12920F932046294600226F
:102130000023FFF79DFB002840F0F3819DED0A7B13
:102140000F9B5A4603930E9B8DED007B029326F462
:10215000006304933846099B0899FFF72DFD02465A
:1021600016F0200F099B08990CBF6520452002F14D
:102170000108B8470C9A129B16AC5D1E82EAE27306
:10218000A3EBE273D10F002622469946DFF804C183
:1021900001E0202E10D0CE46ACFB0930C00800EB89
:1021A0008003A9EB43033033BEF1090F814606F1EA
:1021B000010602F8013BECD80523002006930A2310
:1021C00005950094099D089C4246CDE90330CDE970
:1021D00001612B4621463846FFF7FAFB109A8046EC
:1021E000D2B1A0EB0B06B24516D90BEB06022B467B
:1021F000214620200136B847B245F6D80BF1FF330F
:102200005344CBF10102A3EB08034244924538BF8B
:10221000002308F10108984440461FB0BDE8F08F44
:102220005A463846CDE92845CDE92BA60E9C099B98
:1022300008992A941FB0BDE8F04FFFF7BDBC58EADB
:1022400009032BD1002A3FF462AF00230C930E9BAD
:102250000C9A934200F3B9814FF0000820462946BA
:1022600000220023FFF704FB002840F013819DEDBE
:102270000A7B26F4006646F480668DED287B5A467C
:102280003846CDE92A8A099B08992C96D2E700BFE7
:10229000FFFFEF7FCDCCCCCC06230E93C9F30A50C1
:1022A000A0F2FF30FFF78AFAC1A3D3E90023FFF7BA
:1022B00011FAC1A3D3E90023FFF7E4F9C9F3130925
:1022C000CDE90C0149F07F5140460022B24B41F468
:1022D0004011FFF7EBF9A4A3D3E90023FFF7FAF9C4
:1022E00002460B46DDE90C01FFF7CCF9FFF78AFA4D
:1022F0000C90FFF763FA9EA3D3E90023804689463A
:10230000FFF7E8F90022A54BFFF7BCF9FFF77AFACF
:10231000034649464046129397A3D3E90023FFF7AB
:10232000D9F9804612988946FFF748FA94A3D3E971
:102330000023FFF7CFF902460B4640464946FFF718
:10234000B5F902460B4680468946FFF7C3F9424677
:102350004B46CDE9100140464946FFF793F900226C
:10236000CDE91401DDE910018D4BFFF7D9F9002209
:102370008C4BFFF787F902460B46DDE91001FFF7AA
:10238000CFF90022884BFFF77DF902460B46DDE9C5
:102390001001FFF7C5F942464B46804689460020AA
:1023A0004FF08041FFF782F902460B46404649460E
:1023B000FFF768F902460B46DDE91401FFF7B0F9B3
:1023C00000227A4BFFF75EF9129B002203F2FF3CDA
:1023D0004FEA0C53FFF77EF980468946DDE90A0192
:1023E00042464B46FFF744FA50B10C9B4046013B36
:1023F00049460C9300226B4BFFF792F980468946C1
:102400000C9A43466332C62A06F0020210924946ED
:102410000F9A2CD8002A5ED0042212920B433FF46C
:1024200016AFDDE90A0158A3D3E90023FFF748FA04
:1024300048B1DDE90A0156A3D3E90023FFF718FAF2
:1024400000287FF404AF0E9B002B50D0139A002A73
:102450007DD0013B0E93129B9A4505D9109B002B12
:1024600000F0AE800223109300230F9344E022BBC0
:10247000BAF1050F4FD906F00203002B49D105230D
:102480001293AAF105030F933AE005F100430A9471
:102490000B9327E626F4006646F4806638462C96B1
:1024A000DDE90A67344607F100455A46CDE92A8A34
:1024B000CDE92845099B0899BCE605221292ADE7B3
:1024C00000230222CDE90F3204220C9312922CE653
:1024D0004FF00508C2E6BAF1040F1FD9109B002B7C
:1024E00078D104231293AAF104030F9304E0129B02
:1024F0009A4531D80E9B0F930C9B002B3FF415AEE1
:10250000DDE90A0142464B46FFF70AF9CDE90A0127
:102510000BE60223109305231293F1E70423129391
:10252000EAE7DDE90A45A0460F9B05F10049039360
:102530000E9B5A46029326F4006304933846CDE975
:102540000089099B0899FFF737FB024608E6129BB2
:102550009A4544D80F92CFE7109B8BB30E9B0F93F5
:1025600002231093C8E700BF61436F63A787D23F80
:1025700071A379094F930A401655B5BBB16B024060
:10258000EF39FAFE422EE63F2D431CEBE2361A3FAE
:102590000000000080842E410000F83F0000E03F72
:1025A00000002C4000002440000018400000F03FD4
:1025B000FB799F501344D33FB3C8608B288AC63F32
:1025C000129BAAEB03030F9396E7A3EB020808F113
:1025D000FF3843E604231293022310938CE7109BE9
:1025E000002BEDD002230F92109385E72DE9F04FD9
:1025F0009BB0249C954D0A94954CB1F1000A18BFEC
:10260000834625601878934C914608BFA3460993EA
:10261000002800F093824FF000080AE042464B4643
:10262000514608F10108D847099B1878002800F0A6
:10263000CE80099B252803F101030993EED11C46A6
:102640000023224612F8010BA0F1200110290AD81C
:10265000DFE801F04009093C0909090909090938BD
:10266000093409093000A0F130010929099440F228
:102670008A802A2800F0F08000252E2800F096801D
:102680000026A0F1680112292DD8DFE811F04901D8
:102690002C0043012C0038012C002C002C002C00B5
:1026A0002C002C002C0027002C002C002C002C00CF
:1026B0002C002700144643F00103C2E7144643F000
:1026C0000203BEE7144643F00403BAE7144643F09E
:1026D0001003B6E7144643F00803B2E709994878B7
:1026E00043F480730132672809927ED8242840F28F
:1026F000C180A0F12502422A00F2BC80DFE812F07E
:102700005001BA00BA00BA00BA00BA00BA00BA0062
:10271000BA00BA00BA00BA00BA00BA00BA00BA00E9
:10272000BA00BA00BA00BA00BA00BA00BA00BA00D9
:10273000BA00BA00BA00BA00BA00BA00BA00BA00C9
:10274000190137011901BA00BA00BA00BA00BA007B
:10275000BA00BA00BA00BA00BA00BA00BA00BA00A9
:10276000BA00BA00BA00BC01BA00BA00BA00BA0096
:10277000BA00BA00BA00BA00BA00BC015801BC01E4
:10278000190137011901002500E0013205EB85052B
:1027900000EB45051078303DA0F130010929F4D94E
:1027A0002E28099202F101027FF46AAF099943F4DD
:1027B000806348781146A0F13006092E40F221814D
:1027C0002A2800F02F8109920026013259E7444659
:1027D000C14501D809F1FF384B4642465146002019
:1027E000D84720461BB0BDE8F08FA0F16902D2B2F5
:1027F0000F2A3FD8012149F241079140394040F06A
:10280000F3800A2A3DD0072A34D10A9D55F8042BBB
:10281000002A00F0138143F0210012AB1F460B93F6
:1028200003E0202900F014811A4602F00F04234629
:10283000092C94BF303337330F2A07F8013B01F1DD
:1028400001014FEA1213ECD802E100BFED250010A0
:10285000F8240020311900100A99099851F8045BF6
:102860004078002DCDE90921BCBF43F002036D4241
:10287000013202E742464B46514608F10108D8476B
:10288000D2E60A99002E51F8047B18BF32463878F8
:1028900008BF4FF0FF32002800F07B83BC18A4462D
:1028A0003A4604E012F8014F002C00F03F819445B5
:1028B000F8D16446E41B5A0540F12281B44228BF96
:1028C000344613F0020300F088820223CDE90A5156
:1028D00042461D46464408E04B465146D84717F845
:1028E000010F08F1010810B142464645F4D12B46CC
:1028F0000B990A9D002B40F041810A9194E60999B9
:1029000048786C287FF4ECAE0A46887843F440732C
:102910000332E8E6099943F4007348780132E2E6AD
:1029200009994878682800F0038143F08003013258
:10293000D9E6672800F0D980472800F0DC804528D8
:1029400000F0DB80CDE903530A9B0296073323F0A6
:1029500007031C464246F4E802674B465146584678
:10296000CDE900670A94FFF787FB80465CE64628BE
:1029700008BF43F02003CDE903530A9B02960733B7
:1029800023F007031C464246F4E802674B465146D3
:102990005846CDE900670A94FFF70EF9804643E6F2
:1029A00042464B465146252008F10108D8473BE6F0
:1029B0000A9A990702F1040408F1010640F1C68061
:1029C00010784B4642465146D847012D88BFA8444F
:1029D00040F2BD8132464B46514620200136D84751
:1029E0004645F7D10A941FE66F2800F0818040F237
:1029F0004882782800F090810A2723F01003BC4613
:102A000041E0002606EB860600EB4600A0F130060A
:102A100011F8010FA0F13002092AF3D90A460991F1
:102A200001322EE6DDE9092151F8046B907802327B
:102A300009920A91013226EAE67622E623F0100096
:102A400013F4806240F021003FF4E7AE12AB0B9329
:102A50000B9B069000930823102005930023424609
:102A6000CDE9023001914B46514658460496FEF797
:102A7000AFFF0A958046D7E5582862D0622840F01B
:102A80008F800227BC4613F4806000F0DD8023F0C5
:102A90000D0313F4007240F081810A990F1D13F4A5
:102AA000807140F037825C060A9A40F13B811278CF
:102AB000002A40F04E8123F01003002800F04981E5
:102AC000114612AA0B92CDE90553CDE903C6019137
:102AD0000B9B4246009300235146029358464B46B7
:102AE000FEF776FF0A9780469EE543F4006329E7E8
:102AF0000827BC46C7E743F4006343F0200321E7FF
:102B000013F0020300F08E8102230A951E460D4643
:102B100042464B465146D84717F8010F08F10108C5
:102B20000028F5D1294633460A9DE3E6D41BC2E6C8
:102B30000A46887843F0C0030332D4E50446804651
:102B400046E6102743F02003BC469CE7012D40F2E7
:102B5000F880464608F1FF372F4432464B4651462F
:102B600020200136D847BE42F7D10A9B324618785A
:102B700051464B46D847A8440A9455E54646A542D7
:102B80007FF6BBAEA844A8EB04080C4632464B4681
:102B9000514620200136D8474645F7D12146ACE6BC
:102BA00013F4806200F0BB804FF4806223F0110CBC
:102BB0001CF400770A9B4AD11CF4807003F10404D2
:102BC00040F034811CF0400F40F0A3801CF0800FD7
:102BD00000F0D381B3F9001081EAE177A7EBE17748
:102BE000BFB2CB0F002900F056813A4612A90F461A
:102BF000DFF8D8E30B910A930C9501E020280FD061
:102C00001546AEFB0213DB0803EB8301A2EB410187
:102C10003031092D1A4600F1010007F8011BEDD8EB
:102C20000A9B0C9DCDE9055CCDE9010304960B9B45
:102C3000424600930A235146039358464B46FEF7FB
:102C4000C7FE0A948046EFE423F00C0321E7073324
:102C500023F00703194608465B6850F8081BDF0F8E
:102C60000A9051EA030062D1002A40F09F81134686
:102C7000114612AACDE90C7500201546CDE90E6863
:102C8000DFF848E30B9201E020282DD05A1842F1DA
:102C90000002AEFB027828F0030707EB9807D21B6F
:102CA0001E469B1A61F100070C464FF0CC3101FB28
:102CB00003F10EFB0711A3FB0E731944052307F064
:102CC0000108A8FB03389B180A2E03F130034FEAD2
:102CD000570774F1000405F8013B00F1010047EAD1
:102CE000C1734FEA5101CFD2DDE90C75DDE90E6801
:102CF0000B9B424600930A23CDE9055CCDE9010711
:102D0000049603934B4651465846FEF761FE8046B3
:102D10008AE419780F4664E71027BC46B3E623F02F
:102D2000100C45E71C064CBF12881268C0E60A4624
:102D3000191E01DB13469CE75242134661EB410129
:102D400097E713465146187842464B46D847B04657
:102D500048E613F0200F14BF4120612012ACA646B4
:102D60000B940A93A0F10A040C9502E0202912D0DA
:102D70002A46B2FBFCF50CFB1520C3B2092803F16F
:102D800030008ABF1B19C3B2DBB262450EF8013BAB
:102D900001F10101EAD20A9B0C9D94E60A9A0732DE
:102DA00022F00702516852F8084B8E460A9254EA04
:102DB000010276D123F01003002872D000221146C0
:102DC00012AA0B92CDE905530B9B424600930023B8
:102DD000CDE903C60191029394E7A54298BF01345F
:102DE0007FF674AD4FF48063CDE90A7505EB0802F8
:102DF0001F460D46141B42464B465146202008F103
:102E00000108D847A045F6D13B460A9F29463878A5
:102E10000B9D6C1C00283FF470AD002B3FF475AE89
:102E2000002353E5A542DFD801346EE61968CB0FC5
:102E3000002900F0A88081EAE172A2EBE17212A9F8
:102E40000846DFF888E10B910A930C9501E0202FEA
:102E50000FD01546AEFB0213DB0803EB8301A2EB98
:102E600041013031092D1A4607F1010700F8011B15
:102E7000EDD80A9B0C9DCDE9055CCDE90173049664
:102E8000D5E6692823F0100C40F08C8013F48062A2
:102E90003FF48EAE88E6002A3FF4A8AE12AA0B9249
:102EA000C0E613F0200F14BF41226122002012A9B6
:102EB0000A3ACDE90E68CDE90C35CDF844B00646A6
:102EC0008846754693460B91CDF840C003E0202E0E
:102ED00017D004460D4629463A460023204605F001
:102EE0003BFBD2B2092A02F1300388BF02EB0B038D
:102EF000BC42DBB275F1000508F8013B06F10106A2
:102F0000E5D23146DDE90C35DDE910CBDDF83C805A
:102F10000E9E57E70A99096851B923F0100338B19A
:102F200012A90B91CDE90553CDE903C60192CFE576
:102F300013F0200F14BF4120612012ACA6460B9461
:102F40000A93A0F10A040C9502E0202A12D0294627
:102F5000B1FBFCF50CFB1510C3B2092803F13000DE
:102F60008ABF1B19C3B2DBB261450EF8013B02F107
:102F70000102EAD20A9B0C9DD4E7196881EAE17745
:102F8000A7EBE1772DE6002A3FF459AF12AA0B9286
:102F900071E713F480640DD013F0020412D00446DC
:102FA0004646ECE50A276346BC466CE512AB0020BA
:102FB0000B939DE613F002037FF4E0AD002D7FF448
:102FC00013AF9AE4002D7FF40DAF96E4CDCCCCCCBA
:102FD00070B594461E4605460C4684B04FF0FF324D
:102FE000634602A900960348CDE90254FFF7FEFAB2
:102FF00004B070BDAD1B001010B5094B84B01C6847
:103000004CB1034600914FF0FF3203A90548A04799
:10301000012004B010BD00F08FF9204604B010BDAF
:10302000F8240020A51B001000BEFDE7074A034658
:10303000106838B1064903448B428CBF4FF0FF3013
:1030400013607047034908461160F3E7F42000203D
:1030500000000820D826002008B5FFF7E5FF00BFD4
:1030600038B5064C064DFEF701FAAC4204D254F8CE
:10307000043B9847AC42FAD338BD00BFC08500106E
:10308000CC85001003680846114618472DE9F04129
:103090001546427D07468846002A46D0002D1DDD94
:1030A0000B780A2B23D0012D4FF0000C18D0464688
:1030B000012416F8012F21460A2A04F1010422D026
:1030C000A542F6D165450BDC08EB050313F8013C7E
:1030D000A3F10D03B3FA83F35B093B75BDE8F081FF
:1030E0003B68A5EB0C0108EB0C009847ECE7037D6F
:1030F000002BD8D1036802210F489847012DE3D057
:103100004FF0010CD3E716F8013C0D2BD8D08C45BD
:1031100008EB0C00A1EB0C0101DA3B689847022197
:1031200005483B689847A446CAE7294640463B689D
:10313000BDE8F041184700BFD08900100B682DE9A9
:10314000F041802B0D46064605D05A1C2B442A60C0
:103150001E71BDE8F0810F4B1C68A4B10E4F01F148
:10316000040801E0246974B12368002BFAD03B689D
:103170000BB1A342F6D1204641462A68FFF786FFED
:103180002469002CF0D1002301222B442A601E71F7
:10319000BDE8F081E4200020F02000202DE9F04778
:1031A00082B00D4691461C460646FDF7DDFF4FF006
:1031B000FF3C6FF000472E4A821841F1000394450E
:1031C00077EB03013CBF62463B462A4805F0D0F945
:1031D0006B1C804640D00CB3274F284B1C68B4B101
:1031E000B9F1000F1CD1DFF89C9001E0246974B1A3
:1031F0002368002BFAD0D9F800300BB19C42F5D1EE
:1032000020462A463146B8472469002CF0D1B8F14F
:10321000000F26D1284602B0BDE8F087184FDCE742
:103220004FF00A0ADFF85C9002E02469002CEED02F
:103230002368002BF9D0D9F800300BB1A342F4D1A8
:103240002A4631462046B847012220460DF10701A3
:103250008DF807A0B847E8E7304604F0E7FF0546D9
:10326000B9E7044805F07CF9284602B0BDE8F087CC
:1032700040420F00781700208D300010E42000201D
:1032800085300010F0200020084A136823B90AE0B6
:1032900003F110021B6933B18342F9D129B91869CE
:1032A00010601961704701B110607047E420002080
:1032B00000F0DEBAF0B583B006468DF80700FDF7E2
:1032C00053FF4FF0FF356FF00044174A821841F169
:1032D0000003954274EB03013CBF23462A46134882
:1032E00005F046F9124B07461C689CB1114D01E0F0
:1032F00024697CB12368002BFAD02B680BB19C4267
:10330000F6D1204601220DF10701FFF7BFFE246927
:10331000002CEFD117B9304603B0F0BD034805F0DB
:103320001FF9304603B0F0BD40420F00781700206F
:10333000E4200020F020002038B5044604F076FF99
:10334000012305461A4620462946FFF727FF084B6A
:103350001C682CB163682BB198472469002CF9D103
:10336000284638BD2469002CF4D1284638BD00BF5A
:10337000E42000202DE9F041A2B004460D46FDF7FF
:10338000F3FE4FF0FF376FF00046264ADFF8A480C7
:10339000821841F10003974276EB03013CBF3A46A5
:1033A0003346214805F0E4F800272B46224606461E
:1033B00001A91E480197FFF70BFE019B0546D8F8AF
:1033C0000040C3B1002C2BD0194F01E0246974B127
:1033D0002368002BFAD03B680BB1A342F6D12046FC
:1033E000019A02A9FFF752FE2469002CF0D10023B4
:1033F000D8F8004001932CB1636843B19847246921
:10340000002CF9D12EB9284622B0BDE8F0812469FC
:10341000F1E7054805F0A4F8284622B0BDE8F081A0
:103420000194EFE740420F00781700203D31001073
:10343000F0200020E42000200FB400B583B004A9E0
:1034400051F8040B0191FFF795FF03B05DF804EB11
:1034500004B07047704700BF0022014B1A707047DC
:10346000D42600204B79FF2B0BD1887948B9CB7932
:10347000012B07D1082A05D9034B8A7809201A7035
:1034800070470020704700BFD426002001207047FD
:10349000012901D00120704708B5104B91881B7895
:1034A000994201D0002008BD5378012B08D0022B8F
:1034B000F8D1002164220846FDF714FF012008BD61
:1034C0005188CB0548BF480AC1F3402258BF4FF08E
:1034D000FF3001F07F01FDF783FF00BFD4260020FD
:1034E000004870479C8A0010012907D15378012BAE
:1034F00002D19388072B03D000207047012070472A
:103500001146A623014A01F039BA00BFF489001020
:103510000346012201481A70704700BFD489001089
:1035200008B50B68B3F5966F00D008BD00224FF0C8
:10353000FF301146FDF754FF024A034B106019603B
:10354000704700BF8020002084200020184B70B5F9
:103550001A68002A28D0EFF3108172B6D2E8CF4F54
:103560000120002CFAD1C2E8440F002CF6D1BFF3A1
:103570005F8F00220F4C186859602270C0E88F2FAF
:1035800081F31088002400250B4E3078FDF728F8D1
:1035900020B9002400252046294670BD3078FDF76B
:1035A0002FF82046294670BD4FF47A740025EBE7CA
:1035B0001C250020D6260020D5260020014B187897
:1035C000FDF71EB8D526002038B5044600200D466C
:1035D00001F004FBA8B3002001F016FB88B3FDF74F
:1035E000C3FD4FF0FF3E6FF0004C174A821841F1C7
:1035F000000396457CEB03013CBF724663461348CB
:1036000004F0B6FFE8B1002001F0E8FA58B9002153
:103610004FF0FF3000F00AFD6FF002040B4804F099
:103620009FFF204638BD002001F0EEFA0028EED0C2
:1036300021462A46002001F0F1FA04460028EDD187
:10364000EAE76FF00204ECE740420F00E0250020BB
:1036500008B5FDF789FD4FF0FF3E6FF0004C0F4AB3
:10366000821841F1000396457CEB03013CBF724692
:1036700063460B4804F07CFF70B14FF0FF3000212F
:1036800000F0D4FC002001F011FB0028F5D1BDE8CA
:103690000840034804F064BF08BD00BF40420F006B
:1036A000E02500202DE9F84380460F46FDF75CFD3C
:1036B0004FF0FF356FF00044334A821841F10003A8
:1036C000954274EB03013CBF2A4623462F4804F081
:1036D0004FFF08B9BDE8F883002001F07FFA002809
:1036E00047D0002F40DD0025DFF8A890284E13E0DA
:1036F0002246002001F020FB002104464FF0FF305D
:1037000000F094FC002001F0D1FAFDF72DFDC9E98D
:1037100000012544AF4227DD002001F02DFB7C1B7A
:103720008442A8BF044608EB0501002CE0D12146E5
:103730004FF0FF3000F07AFC204601F0B7FA204647
:1037400001F04CFA80B1204601F016FB0028E1D1CF
:10375000FDF70AFDD9F80030D9F804209B1942F191
:10376000000283428A41D5D20848BDE8F84304F0FC
:10377000F7BE00200021074BC3E90001BDE8F84374
:10378000024804F0EDBE00BF40420F00E0250020DB
:1037900020A107000019002030B5002185B02E4877
:1037A00004F0EAFEF0B92D4B1A68CAB1EFF31081AC
:1037B00072B6D2E8CF5F0124002DFAD1C2E8454F9E
:1037C000002DF6D1BFF35F8F254C1D68227859601C
:1037D000D3B201222270C5E88F0F81F31088CBB1DC
:1037E00005B030BD00214FF0FF3000F01FFC00207D
:1037F00001F00AFA0446184804F0B2FE002CEFD09B
:10380000184B1B68002BEBD0174A106805B0BDE8B9
:1038100030401847FDF70CFB0446FDF7A5FC4FF0C0
:10382000FF3C6FF0004510F57A7241F100039445BA
:1038300075EB030138BF2B464FF000014FF0010537
:1038400020460A4C38BF6246CDE901150094FDF7C9
:10385000F3FA05B030BD00BFE02500201C25002094
:10386000D626002080200020842000204D35001026
:103870004FF0504330B585B01C68FDF7D9FAFDF71D
:10388000EDFBA04202D0002005B030BD00212A4B44
:1038900008461B7801F038FD28480368002B47D004
:1038A0000120FDF74BF80346254C2649C0B2237092
:1038B000FCF7C2FE20780121FCF77CFE0E20FCF70D
:1038C000ABFE40BB204B0125C3E90000FDF7B0FA79
:1038D0000446FDF749FC4FF0FF3E6FF0004C10F539
:1038E0007A7241F1000396457CEB03014FF0000131
:1038F0002046164C3CBF72466346CDE90115009444
:10390000FDF79AFA0028BEDB01211148FFF7BCFC45
:10391000012005B030BD0120FCF708FE01460A4831
:10392000FDF768F800220E200A49FCF7B5FEEBE728
:10393000FDF744F8B4E700BFB88B0010E025002085
:10394000D5260020993700101C2500204D35001089
:10395000E4110020BD35001000487047388B00107E
:1039600000487047E48A001038B5184B04461A78AE
:103970000AB344B940F209424FF44173144D6A80CE
:1039800013482B8038BD052C1DD8124B104D53F811
:10399000241028460023013903E0132B20F8022FBE
:1039A0000ED011F8012F0133DBB2002AF5D15B00F4
:1039B00043F44073E4E71121184600F025F8D8E7F6
:1039C0004FF44A73DCE7002038BD00BFEC2500202F
:1039D000BC200020CC8A001000B545F247308BB0E7
:1039E000FDF7F2FC01220346092101A89847DDE911
:1039F0000332044912BA1BBAC1E900230BB05DF8C7
:103A000004FB00BFD4250020012901F1FF3300F0A1
:103A1000B3805D490A784FEA121C9F2A8CBF0CF1D3
:103A2000370C0CF1300C012B80F800C000F0A7809F
:103A300002F00F02092A8CBF37323032022B42705B
:103A400000F09D804A784FEA121C9F2A8CBF0CF12F
:103A5000370C0CF1300C032B80F802C000F08F8083
:103A600002F00F02092A8CBF37323032042BC270A9
:103A700000F085808A784FEA121C9F2A8CBF0CF1D7
:103A8000370C0CF1300C052B80F804C077D002F015
:103A90000F02092A8CBF37323032062B42716ED0AA
:103AA000CA784FEA121C9F2A8CBF0CF1370C0CF11C
:103AB000300C072B80F806C061D002F00F02092AF3
:103AC0008CBF37323032082BC27158D00A794FEA96
:103AD000121C9F2A8CBF0CF1370C0CF1300C092BF7
:103AE00080F808C04BD002F00F02092A8CBF373291
:103AF00030320A2B427242D04A794FEA121C9F2A76
:103B00008CBF0CF1370C0CF1300C0B2B80F80AC079
:103B100035D002F00F02092A8CBF373230320C2B1D
:103B2000C2722CD08A794FEA121C9F2A8CBF0CF1EA
:103B3000370C0CF1300C0D2B80F80CC01FD002F0AC
:103B40000F02092A8CBF373230320E2B427316D047
:103B5000CA7911099F2A8CBF373130310F2B8173FD
:103B60000DD002F00F02092A94BF30323732102BE9
:103B7000C27318BF103002D000230370704718447E
:103B800000230370704700BFD425002070B500F0FB
:103B90002DF90C234026194CFF22A3670E2018494B
:103BA000FCF77AFD32460021164804F051FA01254F
:103BB000002380211348144A4184457006830687F8
:103BC00082604360136042F8043C80F8213080F842
:103BD0003B3043620D4B4FF00056C360C362803BE5
:103BE000836204F0A5FC4FF480320949094B256437
:103BF0002846E664C4F89010DA6470BD00001150E5
:103C00009D030020F8200020840010500001105077
:103C100010D001000020115001210E20FCF7CABC79
:103C200000220248114600F001B900BF182100200F
:103C3000044B197021B14FF40032034BC3F89020AC
:103C4000704700BFD1260020002011500B785B0682
:103C500002D14B78052B00D070474B88014ADBB26C
:103C60001360704700001150CB782DE9F04103F04C
:103C7000030EBEF1010FC3F301005BD0002791F8E2
:103C800002C0344C0CF07F025600898806EBDC132E
:103C900004EB43134FEADC15D876C1F30A0185F033
:103CA000010083F802C019835870DF70D3008DBB08
:103CB0002948043304EB821C03EB0008CCF808808D
:103CC0001F5082B3254BD2001344CCF80430244B50
:103CD0003F311A6821F03F01BEF1020F08BF4900D1
:103CE000114419601F4B771904EB47179942FA608A
:103CF0002BD82E4404EB4613D97E82F0A04282F4E6
:103D000080125B6842EA816242F000421A60012040
:103D1000BDE8F081104804EB821C0344CCF8283045
:103D200040F832704AB900220F4904EB4513D960BC
:103D30005A60ECE70020BDE8F081D20002F1A04219
:103D400002F58012CCF82420C1E7FDF789FBFA6860
:103D5000CFE700BFF8200020800010500400105072
:103D600000250020FF0F10500001105004F0E0BBB0
:103D70008C4608B5114607481A460CF07F034FEAF7
:103D8000DC1C0CEB430C00EB4C1000F04FF8012056
:103D900008BD00BFF820002011F07F0205D10029E6
:103DA0000CBF02200120064B9866C909054B01EBA8
:103DB000420003EB40104FF40062002104F0D4BB3A
:103DC00000201150F820002011F07F0300D170472F
:103DD000002205485B0003EBD11300EB43106FF4A6
:103DE0000061C27004F0C0BBF82000204FF0805288
:103DF00009480A4908B50A4B02600A609968C94334
:103E000011F08051FAD14FF48052064804F020F9A5
:103E10000922054B5A6708BD0020024000300240CD
:103E200000000240000010500000115000234FF02D
:103E3000010C10B580F81AC08282C3820161044669
:103E400004F07AFB20B14FF40032074BC3F8902006
:103E5000204604F07DFB10B10123237710BD2046DE
:103E6000BDE8104004F070BB002011502DE9F04176
:103E700000241D4E054623463278DFF878801B4F1C
:103E80000DE03B6813EB441324D0DB6828469847C9
:103E900032780134E4B2511CA142234606DBA2422F
:103EA000A3EB0203EDD808EB4313EEE75422002105
:103EB0000F4804F0CDF84FF0FF330D482022041DC9
:103EC0004360C4E90133E360FF21BDE8F0411430F1
:103ED00004F0BEB84FF0E023D3F8F03DDB0700D587
:103EE00000BEBDE8F08100BFD0260020C81A002027
:103EF000981C00204C8B0010704700BF704700BF1B
:103F00000020704700207047704700BF704700BF17
:103F1000704700BF704700BF024B5878003818BF89
:103F200001207047981C0020024B1878C0F38000D5
:103F3000704700BF981C00202DE9F047DFF8E4A08F
:103F40009AF80030FF2B56D10E4600293ED00021B2
:103F500054220746294804F07BF80022284C294BBC
:103F600020461A70FCF72AFD274B28481C60284C75
:103F7000FCF732FD204601F0ABFD264A264B1460CB
:103F800023B12648FFF7C4FA254B18600024234DBF
:103F900023462A78DFF89090DFF884800EE0D8F886
:103FA000003013EB441311D05B687BB198472A783B
:103FB0000134E4B2511CA142234611DBA242EED8E7
:103FC0009B1A09EB43135B68002BEFD14FF0E02302
:103FD000D3F8F03DDB0700D500BE0020BDE8F08738
:103FE000314638468AF80070FFF7D0FD0028EDD042
:103FF0003846FFF711FE0120BDE8F087981C00202D
:10400000901C0020D2260020EC1C00201012002062
:10401000FC110020F01C002011350010D0260020DB
:10402000C81A0020181200204C8B00102DE9F04F08
:10403000DFF8C8928BB099F80030FF2B00F0F180C8
:10404000A84CA94DDFF8B0A2DFF8B4B226687369B6
:10405000EFF3108272B6D3E8CF0F01210028FAD116
:10406000C3E8401F0028F6D1BFF35F8FB26130462E
:1040700007A901F077FB00237269C2E88F3FB3699B
:1040800083F31088002800F0CC809DF81D30013BA0
:10409000072B00F27D83DFE803F0A7B1959D8E35F5
:1040A0000A04089B002BD1D009989847CEE79DF8C9
:1040B000201001F07F0605EB460000EBD11090F8D0
:1040C000343023F0010380F8343090F8343023F09A
:1040D000040380F83430002E00F0A680037D9AF8A7
:1040E0000020934280F09380804A126812EB4313C1
:1040F00000F090809E699DF82120099B9DF81C008E
:10410000B047A3E79BF80030002B00F083809BF8BA
:104110000030013BDBB28BF800309BF8003003F03D
:10412000FF00002B92D1704F9DF81C803B7843F02C
:1041300001033B7097F8343060F3000387F83430A4
:1041400097F8343060F3820387F8343097F83530CD
:1041500060F3000387F8353097F8353060F3820359
:1041600087F8353000F06CFC9DF8203003F06002D9
:10417000602A6CD0402A7CD003F01F03012B00F092
:10418000C180022B00F08180002B60D1202A00F03A
:10419000E981002A5BD19DF82130092B57D8DFE84F
:1041A00013F0B001A2015600C101560095016B0148
:1041B00056006001F4002B78D9077FF547AFFFF771
:1041C000A9FE43E7EB78DA077FF540AF0898FFF7E1
:1041D00095FE3BE72B78D8077FF538AF2878C0F3FA
:1041E000C000FFF795FE31E79DF81C00FFF73EFE8B
:1041F00000F01CFC9DF82030AB7027E79DF81C00F8
:10420000FFF734FE00F012FCFFF780FE1EE7501CA3
:10421000984211DA4FF0E023D3F8F03DDC0700D5E7
:1042200000BE0BB0BDE8F08F099B9DF821209DF8E2
:104230001C0000F019FC09E79B1A2D4A02EB4313FE
:1042400058E7FFF78DFB0246002840F082814FF0CF
:10425000E023D3F8F03DDE0700D500BE9DF81C003A
:104260000021FFF799FD80219DF81C00FFF794FDC8
:10427000ECE6204800F0E4FB0121404608AAFFF7E5
:1042800033F900287FF4E2AEE8E79DF8241011F03E
:10429000700FDCD101F07F0607EB4600164B00EBF8
:1042A000D1101B78007D7600019698424FEAD11616
:1042B000009659D35E1C8642C0F26681C01A0C4B30
:1042C00003EB4016002A00F06381706900F0B8FB30
:1042D00001214046736908AA984700287FF4B6AECA
:1042E000BCE700BFF01C0020981C0020C81A00206A
:1042F0004C8B0010E9340010D0260020181200204A
:10430000D22600209DF824300F2BA7D8AE4A3B447C
:104310001B791278934232D3511C99429EDBAB4EEB
:104320009B1A06EB4316706900F08AFB0121404698
:10433000736908AA984700287FF488AE9DF820305A
:1043400013F060068AD19DF821300A3B012B85D8F5
:1043500000F076FB9DF821300A2B00F0F2814046F8
:1043600008A900F0F1FA71E6994B1B6803EB4016BF
:10437000002A00F00D81002E3FF470AFA5E7944AAB
:10438000166816EB4316CED168E77B789DF822605D
:104390009E4200F04F817B78002B40F0BE817E7002
:1043A000002E00F04581701EC0B2FFF7D9FA034617
:1043B000002800F05F814278022A40F05B81C179D9
:1043C00003F10906C1F340121201C1F3801142EA60
:1043D00041123146387820F0300002433A705A8852
:1043E000CDF80C809A180192019B8B4240F2A48177
:1043F0004A780B2A00F0AF810123042A40F03A8169
:104400000026019A0096521A92B202926E4A0493C2
:1044100012781DE06E4B1B6813EB461800F02A81E2
:10442000029AD8F810300398059198470828024658
:10443000059906F1010303D90298904280F0FF80AC
:10444000DEB2614B00961A78531C9E4200F3128133
:10445000009BB242A3EB0202DCD85C4B03EB421898
:10446000DEE77B7840468DF81A300DF11A02012301
:1044700008A900F083FAE9E5BDF82200030A013B30
:10448000020AC0B20E2B3FF6E9AE01A151F823F0AB
:10449000A546001041450010E14600105D420010A5
:1044A0005D420010C3460010414500105D420010FF
:1044B0005D4200105D4200105D4200105D42001040
:1044C0005D4200105D4200109746001008A800F001
:1044D000BDFA40469DF82210FFF7A2FB3B7843F05F
:1044E00002033B70B2E5BDF82230012B7FF4B6AE7B
:1044F0003B78404623F0080308A93B7000F024FAFB
:10450000A4E540463B789A0802F00202C3F3401348
:104510001343ADF81A300DF11A02022308A900F076
:104520002DFA93E5BDF82230012B7FF497AE3B784E
:10453000404643F0080308A93B7000F005FA85E502
:10454000022A3FF47EAEFFF7DDFC024600283FF46E
:1045500085AE4046538808A900F010FA00287FF481
:1045600075AD7BE69DF824300F2B3FF677AE164AEB
:104570003B441B79127893421DD2154A166816EBFC
:1045800043167FF4A2AE69E6002A7FF467AE0026E8
:104590009DF8212002F0FD03012B1BD0002A7FF49F
:1045A00056AE019B009A3B44134493F83430404686
:1045B000C3F34003ADE7511C9942FFF64FAE034EE3
:1045C0009B1A06EB431680E6D02600204C8B001089
:1045D000C81A0020BDF82230B3B9012A99F80000AA
:1045E00000F08680FFF7D8FB019B009A3B44134400
:1045F00093F8342042F0020283F8342093F83420F8
:1046000042F0010283F83420002E3FF41FAD7069A0
:1046100000F016FA7369012108AA40469847002065
:1046200000F00EFA97F83530DF073FF50FAD96E64C
:10463000FFF76CFC404608A900F086F906E5049BEC
:10464000012B00F09E80002B00F08A80002091F862
:10465000028005E08CF804605FFA80FC63457FD936
:1046600008EB000C57FA8CFC9CF804E00130BEF11A
:10467000FF0FEFD04FF0E023D3F8F03DDA0700D57D
:1046800000BE4FF0E023D3F8F03DDB0700D500BEBD
:1046900000237B70E2E5FEF723FF024600287FF44B
:1046A00058AFDBE5FFF758F9024600283FF4CFADDD
:1046B0004046122308A900F061F900287FF4C6AC37
:1046C000CCE5FFF71DFC024600283FF4C7AD40468D
:1046D000137808A900F052F900287FF4B7ACBDE5C3
:1046E000BDF82410FFF740F902460028EFD1B5E5E8
:1046F0000293FFF769FB019A009B3A441A4492F82F
:104700003410029B63F3410182F8341092F83410A4
:1047100063F3000182F8341076E700214046FFF78A
:1047200087FA4046FFF722FBBB7840460093FFF72D
:104730009DFB009BBB7032E6DDF80C80FFF7E4FBCD
:1047400078E74046012308A90DF11A028DF81A6096
:1047500000F014F97AE40A78CB7811444A784CE6F0
:10476000334610480492029100F076FE0E4B049AF4
:1047700002991B781144009A01339342BFF634AE7C
:1047800078E7D8F810C00948844508BF02235DE7E0
:104790004FF0E023D3F8F03DDB077FF557AC00BEC8
:1047A00054E400BFAC1C0020D0260020794E00103D
:1047B0002DE9F84F0A9F002A40D00C461E461546A8
:1047C0004FF0000ADFF87C90DFF87C8018E020468C
:1047D00098F8021099F800B000F00EFEE0B1214602
:1047E0005846FFF741FAF0B1A2780AF1010AD1095F
:1047F00016BF0B9B3A701A702278AA4514441DD03C
:104800006278052A0FD1E17801F00301B1420AD1A3
:10481000A27812F0700FDAD04FF0E023D3F8F03D19
:10482000DA0700D500BE4FF0E023D3F8F03DDB07F8
:1048300002D40020BDE8F88F00BEFAE70120BDE8F1
:10484000F88F00BF18120020981C002038B58B7814
:1048500013F0700F08D04FF0E023D3F8F03DDB07E2
:1048600000D500BE002038BD074A084B0C4608465C
:1048700091781D7800F0C0FD0028ECD02146284634
:10488000BDE83840FFF7F0B9981C0020181200204E
:104890000B46064A06481168DA09343203F07F03F2
:1048A00002EB4303184400F061BD00BFEC1C002084
:1048B000981C00200B46064A06481168DA09343273
:1048C00003F07F0302EB4303184400F079BD00BFFF
:1048D000EC1C0020981C002010B5194801F07F0C3A
:1048E00000EB4C0000EBD11090F834C01CF0010F2D
:1048F00008D04FF0E023D3F8F03DDA0700D500BE32
:10490000002010BD00F1300494F804C00D484CF0B4
:10491000010C007884F804C0FFF72AFA0028F0D1CF
:104920004FF0E021227960F300022271227960F3D6
:1049300082022271D1F8F03DDB07E1D500BEDFE74E
:10494000981C00201812002030B50B4C8C46A6464F
:104950000546086849680023AEE803009CF800108B
:104960002846C943C4E90233BDE830401A4601F085
:104970008001FFF7B1BF00BF581C00202DE9F041B6
:10498000284F4FF00008BE468C4606460868496826
:10499000BA60AEE80300A7F80E801546BCF8062002
:1049A000934228BF1346BB819AB11C4633B3DDB195
:1049B00097F90030402C28BF4024002B29DB4146CA
:1049C00023463046184AFFF787FF68B10120BDE84B
:1049D000F0819CF800101346C943304601F0800175
:1049E000FFF77AFF0028F1D14FF0E023D3F8F03D34
:1049F000DB0700D500BE0020BDE8F0811A463978FB
:104A000001F0800123463046FFF766FF0028DDD124
:104A1000EAE722462946044803F092FB8021024A35
:104A2000F0E700BF581C0020181C00200022034B98
:104A3000C3E90022C3E902221A617047581C002012
:104A4000014B1861704700BF581C002030B402466B
:104A5000044C0025234600685168C4E9025530BC67
:104A600003C37047581C002070B53D4CC90922781B
:104A70000646B1EBD21F1D4682B017D053B14FF09E
:104A8000E023D3F8F03DDB0702D4002002B070BD74
:104A900000BEFAE72146FFF7D9F823691BB1224689
:104AA000032130469847012002B070BD94F90030D0
:104AB000002B06DBA0680028E7D02A46294903F02E
:104AC0003FFBE089A168E388284480B229448342FF
:104AD000E081A16016D03F2D14D9A28994F900403D
:104AE000131A9BB2402B28BF4023002C27DB904297
:104AF0004FF0000131D01B4A3046FFF7EDFE002891
:104B0000D1D1BCE7236923B102213046144A98472A
:104B100060B121780023C94330461A4601F0800174
:104B2000FFF7DAFE0028AAD00120BDE70146304693
:104B3000FFF732F980213046FFF72EF9B3E79042B4
:104B400008D01A460748019303F0FAFA8021054A73
:104B5000019BD1E780210022CEE70A46CCE700BFC7
:104B6000581C0020181C00202DE9F0410446FFF7D6
:104B7000D3F908B9BDE8F081FFF7D6F9054600285A
:104B8000F8D1C82304FB03F3124EF718F978002973
:104B9000F0D010331E44304600F0D2FD3F28E9D952
:104BA0002846F978FFF774FE0028E3D0304600F07D
:104BB000C7FD3F28F97808D9074A284602EBC412F6
:104BC0004023BDE8F041FFF787BE2846BDE8F0412D
:104BD000FFF770BE501B0020CC1A002010B5044611
:104BE000FFF79AF908B9002010BDFFF79DF90028DA
:104BF000F9D1C822034B02FB0433187900F00100FD
:104C000010BD00BF501B0020C82208B5024B02FB9C
:104C1000003000F07BFD08BD601B00202DE9F8434B
:104C20004FF6FF73C8249A4228BF1A4600FB04F4CB
:104C3000DFF8748004F110054544064692B2284618
:104C400000F0DAFD0746FFF767F910B93846BDE80E
:104C5000F883FFF769F981460028F7D1A04498F856
:104C60000330002BF2D0284600F06AFD3F28EDD932
:104C7000484698F80310FFF70BFE0028E6D02846B8
:104C800000F05EFD3F2898F8031007D9054A484612
:104C9000402302EBC612FFF71FFED7E74846FFF797
:104CA00009FED3E7CC1A0020501B00202DE9F0416B
:104CB0000446FFF731F910B90020BDE8F081FFF795
:104CC00033F905460028F7D1C82604FB06F6DFF8BD
:104CD000648006F124074744384600F017FD002899
:104CE000EAD0B044284698F80210FFF7D1FD00281A
:104CF000E2D00F4E384606EBC4163146402200F093
:104D00007BFD98F80210044668B1034632462846F7
:104D1000FFF7E2FD50B94FF0E023D3F8F03DDB0799
:104D2000CAD500BEC8E7FFF7C5FDC5E72046C4E702
:104D30000C1B0020501B002038B54FF6FF75C82310
:104D4000AA4228BF2A460B4C92B203FB00440546F8
:104D5000204600F00FFE034620461C4600F0D6FC1D
:104D60003F2801D8204638BD2846FFF79FFF204640
:104D700038BD00BF741B0020C82208B5024B02FBDF
:104D8000003000F0DDFC08BD741B0020F0B50024ED
:104D900083B0C8220021174803F05AF9FF234FF4CB
:104DA000E131082214480470124800940746437108
:104DB0008160827300F1380101234022103000F03D
:104DC00075FC0123402207F17801009307F1B80632
:104DD00007F1240000F06AFC07F1C0053046FBF73C
:104DE000EDFD2846FBF7EAFDC7E90746C7E90C5485
:104DF00003B0F0BD501B00204C1B00200A4A116B71
:104E0000136A61B13BB10023C2E90C33D3610023C3
:104E10001362012070470120C2E90C337047002B58
:104E2000F7D0D161F3E700BF501B0020002210B57E
:104E30000E4C0F48237802600271DA0707D59B07F2
:104E40000BD5BDE8104001210A4800F05DBE1030CE
:104E500000F03EFE23789B07F3D4064800F038FEAE
:104E6000BDE810400121034800F04EBE4C1B00205D
:104E7000501B0020741B0020F0B54B7983B0022B2F
:104E800002D18B79022B03D00025284603B0F0BD58
:104E9000274FBB783BB14FF0E023D3F8F03DDB0761
:104EA000F2D500BEF0E78B7806463B700B78CC1845
:104EB0006178242908BF092507D036E023781C44EF
:104EC00061782B4424299DB207D1AA42F6D2002052
:104ED000FFF74AFE284603B0F0BD0B46052916D061
:104EE000042BF4D163790A2BF1D1124B277801936B
:104EF00001330093022330461A46E119FFF758FCAC
:104F00000028C8D00E3517FA85F5ADB2DFE7214687
:104F10003046FFF79BFC0028BDD0A3787B70237838
:104F20005A191C44637895B2DAE70B460925D5E790
:104F3000501B0020521B0020137803F06003202B2D
:104F400008D170B5264C938894F800C09C4503D0D6
:104F5000002070BD002070475378203B032BF7D80A
:104F6000DFE803F027230D0201292ED003291ED1EB
:104F70001C4BE3B100205188AFF3008017E00129FA
:104F800023D0032913D15588174805F0010686F070
:104F90000101257100F0B8FD144B43B131460020EA
:104FA000C5F34002AFF3008001E0012911D00120D8
:104FB00070BD01290DD00329F9D10D4B002BF6D07E
:104FC00000200C49FEF7ACFAF1E71146FFF7BCFCF4
:104FD000EDE711460723074AFFF7D0FCE7E700BFDC
:104FE000501B002000000000741B00200000000087
:104FF00021350010581B00202DE9F843354E0C4692
:10500000F27807468A421D463DD0B3788B4212D0D3
:105010004FF0E023D3F8F03DDB0732D40020BDE8A9
:10502000F8832D4B23B12D4800F080FB00284DD094
:105030000020FFF799FDB378A34201D00120EEE7ED
:10504000274B13B10020AFF300800020FFF72EFEA6
:105050000028F3D1234800F059FB0028EED1002DA1
:10506000ECD015F03F05E9D13846B178FFF710FCD8
:105070000028E3D02B462A463846B178FFF72CFCAF
:10508000DCE700BECAE79AB2174906F1100000F04B
:1050900071FC164B002BC4D07379FF2BC1D0002DAF
:1050A000BFD0DFF8448008EB050902E0C845B8D05E
:1050B000737918F8012B9A42F8D1084800F036FBB2
:1050C0000028F3D17179AFF30080EFE7AFF30080F0
:1050D000AEE700BF501B002000000000601B002056
:1050E00000000000741B0020CC1A0020000000000B
:1050F000F0B54FF4137285B00021124802F0A8FFFA
:10510000402600234FF480750E4F0F4C07F5A67212
:105110001946CDE90246009201951A4607F59470AA
:1051200000F0C6F90023384607F128013444009105
:1051300001221946CDE902460195043000F0B8F984
:1051400005B0F0BD341E0020B41D002008B5054890
:1051500000F0DAF9034BA3F5927000F0D5F90120C5
:1051600008BD00BF5C1F002038B50025064C04F5C3
:105170009870257000F0ACFC04F10C0000F0A8FC65
:1051800084F82951657138BD341E00202DE9F8439B
:105190004B79FF2B51D1354E96F82931002B4CD14C
:1051A00096F80580B8F1000F47D18B780C783370F2
:1051B0000B790F460C44ABB38146A51803E0A5421A
:1051C00030D923781C446378052BF8D1AC4229D21E
:1051D00021464846FFF73AFB40B3A378DB092FD1BD
:1051E000234800F075FCA37896F8282186F8293129
:1051F000A3884846C3F30A03A3F50073B3FA83F305
:105200005B0963F341021B4986F8282100F0EAF9A3
:1052100060B123783A7908F101081C445FFA88F3F9
:105220009A42D0D8E11B88B2BDE8F8834FF0E02362
:10523000D3F8F03DDB0700D500BE0020BDE8F883C1
:105240000D4800F045FCA37832797371A3880B49AF
:10525000C3F30A03A3F50073B3FA83F35B0963F3A3
:1052600041020020327100F085F9D2E7341E00209F
:10527000641F00205C1F0020401E0020381E0020FC
:1052800070B51B4C064694F829C11D468C4511D0BB
:1052900063798B4201D0002070BD164B1BB10020FA
:1052A000A9B2AFF300803046134900F063F9C8B1EA
:1052B000012070BDB4F8343163B9104B23B1002024
:1052C0000F49AAB2AFF3008030460E4900F08AF9C8
:1052D0000120EEE7D4F82C11AAB204F5987000F082
:1052E00049FBEAE72A463046034900F00FF9DFE7B9
:1052F000341E002000000000381E002000000000C6
:10530000B41D00205C1F002010B582B0C9B1012877
:105310000CD80B7853B1144C012B235402D001202C
:1053200002B010BDFEF708FE0028F8D14FF0E023D0
:10533000D3F8F03DDB0702D4002002B010BD00BE60
:10534000FAE70124084601A9ADF80440FEF7F4FD90
:1053500038B94FF0E023D3F8F03DDA07EDD500BEC1
:10536000EBE7014B1C70E8E78C1C0020F8B50378D4
:1053700013F001041AD1037805465A07C3F38007D6
:1053800001D52046F8BD0E464FF0FF31304603F000
:10539000D7F82B7813F001040BD12B785B0709D4D5
:1053A0002B78012443F004032B7003E000242046F3
:1053B000F8BD3C46304603F0D3F82046F8BD00BFA8
:1053C00070B50C4605464FF0FF31204603F0B8F8A3
:1053D0002B78C3F380065B0708D52B7813F0010305
:1053E00011BF00262A7863F382022A70204603F058
:1053F000B7F8304670BD00BFC378828803F0030061
:105400000228C2F30A0215D003280AD001281CD1B1
:10541000022940F2FF3308BF4FF4806393420DD35B
:105420007047022914BF40234FF48063934205D391
:105430000120704702290AD0402AF9D94FF0E02311
:10544000D3F8F03DDB0700D500BE00207047B2F571
:10545000007FEDD0F2E700BF0A44914226D291F8D6
:1054600001C0BCF1050F05D091F800C061448A422B
:10547000F5D8704700B591F802C00CF07F0E00EB34
:105480004E0E4FEADC1C0EF80C3091F800C061445F
:105490008A4209D991F801C0BCF1050FEBD091F80F
:1054A00000C061448A42F5D85DF804FB704700BF34
:1054B0002DE9F0418E4682B0009390F800C0089E1E
:1054C000BDF824706EF3000C0446154601233146E6
:1054D0003A4600F808CBBDF82C8000F0E7F806B19A
:1054E0003FB901200A9BA4F80280636002B0BDE8C6
:1054F000F08104F11C063046FBF760FA0DB1354629
:105500000026C4E90556ECE701207047F8B50746C8
:10551000084640F2FF13154610F8082B0C4612F00F
:10552000020F0CBF3F261E4600F0F0F828B925B147
:105530002E4202D12378DA0701D50020F8BD384683
:105540006178FFF7A5F90028F7D0237813F001035D
:1055500007D04FF0E023D3F8F03DDB07EDD500BED8
:10556000EBE71A4638466178FFF7B6F90028F0D025
:10557000F8BD00BF70B501F10805064628460C4687
:1055800000F0C4F810B12378DA0701D5002070BD0F
:1055900030466178FFF77CF90028F7D0284662880A
:1055A000616800F029F92378054603F0010340B152
:1055B00073B14FF0E023D3F8F03DDB07E6D500BE32
:1055C000E4E7002BE2D130466178FFF773F9DDE7BD
:1055D0000346626830466178FFF77EF90028E8D01C
:1055E000284670BD8A892DE9F0410B780C460646A5
:1055F00022B9DD0734D50020BDE8F08104F10807A9
:105600009907384647BF4FF47E484FF400754FF670
:10561000C078402500F094F88542ECD82378DA076A
:10562000E9D430466178FFF733F90028E3D03846F3
:1056300000F086F82378854203F001032DD8BBB92A
:10564000658808EA0008454528BF454661785DB38E
:1056500062682B463046FFF73FF948B12846CBE752
:105660004978FFF715F90028C5D02378D80707D562
:105670004FF0E023D3F8F03DDB07BCD500BEBAE71E
:10568000638861783BB162683046FFF725F90028EE
:10569000EED06088B0E71A46F6E7002BABD1304673
:1056A0006178FFF707F9A6E72A46D2E72DE9F0412E
:1056B000B2F5004F9DF8188024D80446C0681746FC
:1056C0000E461D4618B14FF0FF3102F039FF206938
:1056D00018B14FF0FF3102F033FF0022C5F30E0383
:1056E000E06843EAC83362812660A780E3802281B4
:1056F00008B102F035FF206908B102F031FF012046
:10570000BDE8F0810020BDE8F08100BF0389428937
:105710009BB292B28088934236BFC2EB40029B1A82
:105720009B189BB2984228BF18467047028943894C
:1057300090B29BB2C01AB0FA80F04009704700BF27
:10574000038942899BB2808892B2934236BFC2EBF2
:1057500040029B1A9B189BB2984286BFC01A80B227
:105760000020704738B5044600690D4618B14FF067
:10577000FF3102F0E5FE2189638989B29BB2A288DC
:10578000994236BFC3EB4200C81A401880B250B3EA
:10579000824209D291422CBF891A89188BB29A424F
:1057A000638103D89B1A9BB29A42FBD9E288216895
:1057B000C2F30E0202FB0311284602F0C1FC61890C
:1057C000012589B24B1C9BB29942A2880ED90023B5
:1057D00002FA05F15B1A9BB22069638108B102F0FD
:1057E000BFFE284638BD054663899BB2B3EB420F26
:1057F0004FEA4201F0DBEDE72DE9F047064600698C
:105800008846914618B14FF0FF3102F099FE338976
:1058100074899BB2A4B2B588A34236BFC4EB4507D6
:105820001F1BFF18BFB2002F4AD0BD4240D3B9455D
:1058300028BFB946A5421FFA89F703D8641BA4B252
:10584000A542FBD9B6F806A02B1B31689BB2CAF360
:105850000E029F42924602FB041123D913FB02F36E
:105860001FFA83F94A4640467D1B02F069FC621923
:1058700012FB0AF2316808EB090092B202F060FCF8
:105880007289B58892B2D3199BB29A421AD96A002A
:105890009B1A9BB23069738108B102F061FE3846F1
:1058A000BDE8F087404607FB02F202F049FCE7E75B
:1058B000AB422CBF5B1B5B199CB22F467481B6E7D1
:1058C00073899BB2B3EB450F4FEA4502E2DBDFE79A
:1058D000F8B50446C0680E4618B14FF0FF3102F02B
:1058E0002FFE2589238961899BB289B2A2888B42C8
:1058F00036BFC1EB42015B1A5B189BB29A42ADB254
:1059000008D8E779FF0905D1E06808B102F028FE60
:105910003846F8BD954228BF2B4618D39B1A9BB238
:105920009342FBD2E2882068C2F30E0202FB03001E
:10593000314602F005FC6B1C9BB29D42A28812D935
:10594000002351005B1A9BB201272381DCE7E28828
:105950002068C2F30E0205FB0200314602F0F0FBA4
:105960000135A288ABB2B3EB420F4FEA4201EBDB49
:10597000E8E700BF2DE9F04F174683B0002A75D045
:105980000646C068894618B14FF0FF3102F0D8FDD5
:10599000F379B6F808807289DB09B5881FFA88F8B0
:1059A00092B23CD1904536BFC2EB4502A8EB020251
:1059B000424492B2AA425ED2AA1A92B2BA4228BF16
:1059C0003A46B6F806B097B27B1B08EB070ACBF352
:1059D0000E0B9BB21FFA8AFAA845444603D3641BF8
:1059E000A4B2AC42FBD22D1B3068ADB2BD420BFB62
:1059F000040057D349460BFB07F202F0A1FBB28823
:105A0000D0454FEA420302D8BAEB420F03DBAAEBC0
:105A100003031FFA83FA3D46A6F808A02CE0B6F867
:105A200006B0AF42CBF30E0B2FD2904536BFC2EB80
:105A30004501A8EB0201414489B2680039447B1B4F
:105A400081429BB20DDB02EB050A1FFA8AFAAAEB30
:105A500007081FFA88F8424537D9A8EB00001FFA5B
:105A600080F807EB080A1FFA8AFAB5E715462846B8
:105A700003B0BDE8F08F0025F0680028F7D002F0F1
:105A80006FFD284603B0BDE8F08F002DF4D07F1BDA
:105A900002EB050A0BFB079990462F4600231FFADD
:105AA0008AFA99E715FB0BF5ADB22A4649460193F0
:105AB00002F046FB019B3068E21812FB0BF209EB87
:105AC000050192B202F03CFB99E7404584DCC4E753
:105AD00010B50446C06818B14FF0FF3102F030FD38
:105AE000206918B14FF0FF3102F02AFD0023E06871
:105AF0006381238108B102F033FD206908B102F00F
:105B00002FFD012010BD00BF38B50446C0680D460A
:105B100018B14FF0FF3102F013FD206918B14FF0BA
:105B2000FF3102F00DFDE379E06865F3C713E3711F
:105B300008B102F015FD206908B102F011FD012045
:105B400038BD00BFF8B504460D46EFF3108772B6B6
:105B50000C4B9B6853F82060B14204D00A4B9E4224
:105B60000BD2FBF77DFC074B9B6843F82450BFF337
:105B70005F8F87F310883046F8BD044B9E42F2D306
:105B8000EFE700BF00ED00E0100100101C01001065
:105B900070B51646026C0446856B2AB90668013555
:105BA0004EB31046A56370BD8EB9406802F0C8FAC6
:105BB0006368216CA2680B449342636028BF23682A
:105BC00005F1010528BF63600020A56370BDC068B2
:105BD00002F0B6FA226CE36851429B1A2268E36035
:105BE000934202D2A3680B44E360022E08D0013531
:105BF0000020A56370BD806801F0DEFAA660D1E7E1
:105C0000012D38BF0125DFE770B5A0B3A1FB00234C
:105C100005460E467BBB01FB00F010F1490F2AD868
:105C2000483001F02FFD044628B33EB300F148038D
:105C30002360C4E90F5601F07FFD0023FF20A3631A
:105C4000216CE36B226801FB03F3591A6260134471
:105C50000A44C4E9023284F8440084F8450004F19F
:105C6000100001F0E1FE04F1240001F0DDFE01F07E
:105C700071FD204670BD0024204670BD0346D7E765
:105C80002DE9F043044685B01F460192884601F095
:105C900053FDA26BE36B9A4279D3022F77D0002297
:105CA00004F12406019B002B00F0D480002A00F0B0
:105CB000CD8001F04FFD00F069FF01F03DFD94F84B
:105CC0004430FF2B04BF002384F8443094F845305F
:105CD000FF2B04BF002384F8453001F03BFD02A8F0
:105CE00001A901F0EBF9002840F0BA8001F024FD91
:105CF000A26BE36B9A425CD001F02CFD01F01CFD1D
:105D000094F8452055B2002D04DC11E06A1ED3B290
:105D100055B26BB1636A5BB1304601F05BF90028A4
:105D2000F4D001F0FBF96A1ED3B255B2002BF1D1C9
:105D3000FF2384F8453001F00DFD01F0FDFC94F8DF
:105D4000442055B2002D14DD04F1100903E06A1E51
:105D5000D3B255B26BB123695BB1484601F03AF951
:105D60000028F4D001F0DAF96A1ED3B255B2002B44
:105D7000F1D1FF2384F8443001F0ECFC00F00EFF79
:105D800001F0DAFCA16BE36B012299428AD23A4618
:105D900041462046FFF7FCFE636A002B40F0A880D6
:105DA000002840F0A28001F0D5FC012005B0BDE83C
:105DB000F08304F1100901F0CDFC4846019901F08F
:105DC00057F801F0B9FC94F845305DB2002D04DCC1
:105DD00011E06B1EDAB25DB26AB1636A5BB1304644
:105DE00001F0F8F80028F4D001F098F96B1EDAB24F
:105DF0005DB2002AF1D1FF2384F8453001F0AAFCFE
:105E000001F09AFC94F844305DB2002D04DC11E0FE
:105E10006B1EDAB25DB26AB123695BB1484601F02C
:105E2000D9F80028F4D001F079F96B1EDAB25DB22E
:105E3000002AF1D1FF2384F8443001F08BFC00F0FC
:105E4000ADFE00289CD101F06BFC99E702A801F09F
:105E500029F92EE701F07EFC002005B0BDE8F083B3
:105E600001F06AFC94F845305DB2002D14DD04F1B8
:105E7000240603E06B1EDAB25DB26AB1636A5BB1FD
:105E8000304601F0A7F80028F4D001F047F96B1E66
:105E9000DAB25DB2002AF1D1FF2384F8453001F077
:105EA00059FC01F049FC94F844305DB2002D14DD3A
:105EB00004F1100603E06B1EDAB25DB26AB1236929
:105EC0005BB1304601F086F80028F4D001F026F9E5
:105ED0006B1EDAB25DB2002AF1D1FF2384F84430A0
:105EE00001F038FC00F05AFEB6E701F019FC5AE761
:105EF00004F1240001F06EF800283FF454AFF4E7F9
:105F000038B5482001F0BEFB044650B300250123FC
:105F10002060C0E90F3501F00FFCD4E90F31FF20FC
:105F200001FB03F32268591A626013440A44C4E96E
:105F30000232A56384F8440084F8450004F110009F
:105F400001F072FD04F1240001F06EFD01F002FC8D
:105F50002B462A4629462046A5602560E560FFF7C6
:105F60008FFE204638BD00BF2DE9F043044685B0C2
:105F70008846019201F0E0FBA56B002D40F01781EF
:105F8000019B002B00F0C68002A801F08BF82F4681
:105F900004F1240601F0DEFB00F0F8FD01F0CCFB7B
:105FA00094F84430FF2B08BF84F8447094F84530CF
:105FB000FF2B08BF84F8457001F0CCFB01A902A8B3
:105FC00001F07CF8002854D101F0B6FBA36B002B44
:105FD00040F0A68004F1240901F0BCFB4846019979
:105FE00000F046FF01F0A8FB94F845305DB2002DAB
:105FF00004DC11E06B1EDAB25DB26AB1636A5BB1B8
:10600000484600F0E7FF0028F4D001F087F86B1E47
:10601000DAB25DB2002AF1D1FF2384F8453001F0F5
:1060200099FB01F089FB94F844305DB2002D14DD3A
:1060300004F1100903E06B1EDAB25DB26AB12369A4
:106040005BB1484600F0C6FF0028F4D001F066F8C6
:106050006B1EDAB25DB2002AF1D1FF2384F844301E
:1060600001F078FB00F09AFD00284AD101F058FBBE
:1060700047E001F061FB94F845305DB2002D04DC8F
:1060800011E06B1EDAB25DB26AB1636A5BB1304691
:1060900000F0A0FF0028F4D001F040F86B1EDAB247
:1060A0005DB2002AF1D1FF2384F8453001F052FBA4
:1060B00001F042FB94F844305DB2002D14DD04F190
:1060C000100903E06B1EDAB25DB26AB123695BB1FD
:1060D000484600F07FFF0028F4D001F01FF86B1E47
:1060E000DAB25DB2002AF1D1FF2384F8443001F026
:1060F00031FB00F053FD01F01FFBA36B53B101F026
:1061000029FB01F019FBA56B002D50D1019B002B41
:106110007FF440AF01F01EFB002005B0BDE8F08326
:1061200001F018FB01F008FB94F845305DB2002D3A
:1061300014DD04F1240903E06B1EDAB25DB26AB12A
:10614000636A5BB1484600F045FF0028F4D000F0D8
:10615000E5FF6B1EDAB25DB2002AF1D1FF2384F8AD
:10616000453001F0F7FA01F0E7FA94F844305DB2F7
:10617000002D14DD04F1100903E06B1EDAB25DB2EC
:106180006AB123695BB1484600F024FF0028F4D0CF
:1061900000F0C4FF6B1EDAB25DB2002AF1D1FF231A
:1061A00084F8443001F0D6FA00F0F8FCA9E7226C3C
:1061B0005AB1E168A36811449942E16028BF21689F
:1061C000404628BFE16001F0BBFF2369013DA563A4
:1061D0002BB901F0BFFA012005B0BDE8F08304F14E
:1061E000100000F0F7FE0028F3D001F099FAF0E774
:1061F0002DE9F043044685B0019101F09DFAA56BAD
:10620000002D40F03B81019B002B00F0818002A813
:1062100000F048FF2F46A84604F1240601F09AFA40
:1062200000F0B4FC01F088FA94F84430FF2B08BF6A
:1062300084F8448094F84530FF2B08BF84F84580EB
:1062400001F088FA01A902A800F038FF002862D105
:1062500001F072FAA36B002B40F0AC8001F07AFAE7
:106260002368002B00F0018104F1240948460199BC
:1062700000F0FEFD01F060FA94F845305DB2002DAB
:1062800004DC11E06B1EDAB25DB26AB1636A5BB125
:10629000484600F09FFE0028F4D000F03FFF6B1E40
:1062A000DAB25DB2002AF1D1FF2384F8453001F063
:1062B00051FA01F041FA94F844305DB2002D14DD3A
:1062C00004F1100903E06B1EDAB25DB26AB1236912
:1062D0005BB1484600F07EFE0028F4D000F01EFFBF
:1062E0006B1EDAB25DB2002AF1D1FF2384F844308C
:1062F00001F030FA00F052FC002800F0A58001F017
:106300001BFAA56B002D40F0B980019B002B85D1B5
:1063100001F020FA4AE001F00FFA94F845305DB23E
:10632000002D04DC11E06B1EDAB25DB26AB1636A63
:106330005BB1304600F04EFE0028F4D000F0EEFED7
:106340006B1EDAB25DB2002AF1D1FF2384F845302A
:1063500001F000FA01F0F0F994F844305DB2002D3C
:1063600014DD04F1100903E06B1EDAB25DB26AB10C
:1063700023695BB1484600F02DFE0028F4D000F000
:10638000CDFE6B1EDAB25DB2002AF1D1FF2384F894
:10639000443001F0DFF900F001FC01F0CDF9A36B0E
:1063A000002B4ED101F0D6F9002F50D1002005B0BE
:1063B000BDE8F08301F0CEF901F0BEF994F8453064
:1063C0005DB2002D14DD04F1240903E06B1EDAB286
:1063D0005DB26AB1636A5BB1484600F0FBFD00281C
:1063E000F4D000F09BFE6B1EDAB25DB2002AF1D150
:1063F000FF2384F8453001F0ADF901F09DF994F8E0
:1064000044305DB2002D14DD04F1100903E06B1E71
:10641000DAB25DB26AB123695BB1484600F0DAFDD9
:106420000028F4D000F07AFE6B1EDAB25DB2002ACA
:10643000F1D1FF2384F8443001F08CF900F0AEFB79
:106440005DE701F087F95AE701F06AF957E701F0D3
:1064500073F9616A19B1236B1968C1F10601A0686B
:1064600000F0E0FE01F076F9A0E701F065F9A06820
:1064700000F05AFE074601F06DF9F5E62368013D8C
:10648000A56383B123692BB901F064F9012005B03C
:10649000BDE8F08304F1100000F09CFD0028F3D06B
:1064A00001F03EF9F0E700F0F9FEA060EAE700BF76
:1064B00000296BD0564B5A68904200F08B801A68C6
:1064C00010B4002A3BD0DA68904200F09E809A68AF
:1064D000002A55D05A69904200F095801A69002A26
:1064E00055D0DA69904200F082809A69002A54D02F
:1064F0005A6A904256D01A6A002A57D0DA6A9042F5
:1065000077D09A6A002A56D05A6B904273D01A6B91
:10651000002A55D0DA6B90426FD09A6B002A54D083
:106520005A6C90426BD01A6C002A59D0DA6C9042A7
:1065300067D09B6C002B58D05DF8044B7047DA682D
:10654000904262D05A6990425DD01A46DC69A042FE
:106550004DD05C6AA04225D0DC6AA04249D05C6B79
:10656000A04248D0DC6BA04247D05C6CA04246D031
:10657000DC6CA04245D0C2E900105DF8044B7047C6
:106580005A6990423FD003F10802DFE77047DA69A9
:1065900090422CD003F11002DBE75A6A904201D0FE
:1065A0001C4AD9E7042203EBC202E4E7DA6A90420C
:1065B0001FD0194AD3E75A6B90421CD0174AD1E733
:1065C000DA6B904219D0164ACFE75A6C904216D037
:1065D000144ACDE7002203EBC202C2E90010704763
:1065E000DA6C90420DD0104AC5E7104AC3E7032287
:1065F000D9E70522D7E70622D5E70722D3E7082205
:10660000D1E70922CFE70222CDE70122CBE700BF85
:106610000819002020190020281900203019002016
:106620003819002040190020481900205019002076
:1066300070B505460E46144601F07EF895F84430D4
:10664000FF2B04BF002385F8443095F84530FF2B1D
:1066500004BF002385F8453001F07CF8AB6B002BBC
:1066600043D001F069F895F845305CB2002C14DD98
:1066700005F1240603E0631EDAB25CB26AB16B6A0C
:106680005BB1304600F0A6FC0028F4D000F046FDD7
:10669000631EDAB25CB2002AF1D1FF2385F84530DF
:1066A00001F058F801F048F895F844305CB2002C3D
:1066B00014DD05F1100603E0631EDAB25CB26AB1C4
:1066C0002B695BB1304600F085FC0028F4D000F067
:1066D00025FD631EDAB25CB2002AF1D1FF2385F8F2
:1066E0004430BDE8704001F035B82246314605F12E
:1066F000240000F009FCB4E72DE9F041044601F064
:106700001BF8364A364E1368013313603368002B8A
:1067100034D0344FE36A3A684AB3334D334934488E
:106720000A6804F1040C01320A6002689A4238BF18
:10673000036003EB830305EB830041689B00EA5889
:10674000D1F808E0A160C4F80CE00132CEF804C032
:10675000C1F808C06061EA5000F0FCFF3B6823B15B
:106760003268E36AD26A9A4210D3BDE8F081326897
:106770001D4DD26A9A4298BF3460CFE734601368E7
:10678000012B07D0E36A184D164FC7E7BDE8F0416B
:1067900000F0C6BF144D2F4605F17808384614376F
:1067A00001F042F94745F9D1DFF86080114F4046CA
:1067B00001F03AF9384601F037F90F4801F034F9A1
:1067C0000E4801F031F90E4801F02EF90D4BC3F8D7
:1067D00000800D4B1F60E36A024F9FE700260020F8
:1067E00048250020942600205C2500200C2600204F
:1067F000102600205026002080260020AC260020F5
:106800009826002050250020542500203C260020FA
:1068100080B5124D124F134EDFF84C8014E000F09B
:106820008BFFFB68DC68201D01F026F93368013B13
:1068300033602B68013B2B6000F08CFF206B00F075
:106840002DFF204600F02AFF2B68002BE7D1D8F857
:106850000030012BF8D900F063FFF5E70426002093
:10686000AC260020002600205C2500202DE9F04FFA
:106870004C4B83B01D6801351D60002D67D04A491F
:106880000B689D4277D3494E33681868002800F0A2
:1068900084800020AA4607468146DFF828E1444C60
:1068A000019147E05869D3E9022CC2F808C0CCF83E
:1068B000042042688A42026808BFC0F804C0013A56
:1068C0005F610260986A70B1D3E9072CC2F808C012
:1068D000CCF804204268AA42026808BFC0F804C08D
:1068E000013A9F620260DA6ADEF8000002EB820C75
:1068F00004EB8C088242D8F8040054F82C50D0F8ED
:1069000008B09860C3F80CB0CBF804108160C3F8ED
:106910001480284B88BFCEF80020196801353368F1
:1069200044F82C50C96A1B688A4288BF49F00109A3
:10693000002B30D03368DB68DB685A68191D92453C
:1069400003F11805AED2019948460A6014E0174BCE
:10695000194A186811681960184910600A680132EC
:106960000A601A68126882B94FF0FF330E490B6053
:106970000B689D4287D20020114B1B68002B18BF6B
:1069800040F0010003B0BDE8F08F1B680649DB68EA
:106990001B680B6074E7484601994FF0FF330B60AA
:1069A000EAE700BFC0260020742600205025002002
:1069B0005C25002048250020542500207826002052
:1069C000CC260020102600202DE9F84395008046B3
:1069D00028460F46994600F055FE002872D006461C
:1069E000702000F04FFE0446002868D0043D70225D
:1069F0000021354401F02CFB25F007052663002F0C
:106A00003BD03B7884F83430002B36D07B7884F848
:106A1000353093B3BB7884F8363073B3FB7884F8A1
:106A2000373053B33B7984F8383033B37B7984F80B
:106A3000393013B3BB7984F83A30F3B1FB7984F879
:106A40003B30D3B13B7A84F83C30B3B17B7A84F8E5
:106A50003D3093B1BB7A84F83E3073B1FB7A84F851
:106A60003F3053B13B7B84F8403033B17B7B84F8BB
:106A7000413013B1BB7B84F84230089F201D052FA5
:106A800028BF0527E762676400F0DAFFC7F1060751
:106A900004F1180000F0D4FF4B4642462846216B13
:106AA000A7612461646200F077FE099B206003B156
:106AB0001C602046FFF720FE0120BDE8F883304629
:106AC00000F0ECFD4FF0FF30BDE8F8832DE9F8430E
:106AD0004FF4007000F0D6FD88B30646702000F039
:106AE000D1FD044678B30027DFF89890394670222C
:106AF00001F0AEFA06F5FE75C4E90C690626201D04
:106B000000F09EFF25F0070504F1180000F098FF43
:106B10003B46174A216B28462461A661646200F057
:106B20003BFE0346DFF86080236020460127C8F85B
:106B30000040FFF7E1FD00F063FDB8420AD00D4BC5
:106B40001B68BDE8F883304600F0A8FD094B1B68C0
:106B5000BDE8F88300F0FAFE4FF0FF34002206494A
:106B6000064B074804600F601A6000F051FEE6E72C
:106B7000116800108C8B001094260020C026002085
:106B80007426002049444C4568260020024A1368B8
:106B900001331360704700BF082600202DE9F04F35
:106BA000DFF86C8183B000F0C7FDD8F80030013BFE
:106BB000C8F80030D8F800E0BEF1000F40F0818046
:106BC0004C4B1B68002B7CD0DFF848C1DCF8003050
:106BD000002B00F08B80484BDFF83C91474E01932F
:106BE000DCF80C30DB689A6AD3E9070154688160ED
:106BF000486003F11800844208BF51601168C3F86F
:106C000028E0013911605A69D3E90241A1604C6062
:106C100054681D1DAC4208BF51601168D9F80000CE
:106C200001391160DA6A8242354802EB820188BF7D
:106C3000C9F80020006806EB81077C68D0F82CA01A
:106C400056F82100D4F808B0013052459C60C3F8D2
:106C50000CB0CBF80450A5605F6146F8210037D92D
:106C60000122019B1A60DCF80030002BB8D1254BC3
:106C70001A681268002A34D01A68234BD268126846
:106C80001A60224D2C689CB10126019F05E0FFF798
:106C9000EDFD00B13E60013C09D0D8F80030002B7A
:106CA000F5D02B68013C03F101032B60F5D12C607A
:106CB000019B1B682BB1124B01241B6800F030FDB7
:106CC00000E0002400F046FD204603B0BDE8F08F50
:106CD000DCF80030002B83D10A4B1A681268002AB6
:106CE000CAD14FF0FF32084B1A60CAE7024B01933A
:106CF000C7E700BF00260020CC2600205C2500202E
:106D00004825002050250020742600207C260020E5
:106D100008260020802600201026002008B900F058
:106D2000FFBC194A2DE9F041136804460133136092
:106D30001649174B174D184A0E681768D3F800808C
:106D40002868043000F098FE2B68A41929685C605C
:106D50000DD23846043100F077FE104B1A68944289
:106D600038BF1C60FFF71AFF48B1BDE8F08140460C
:106D7000043100F069FEFFF711FF0028F5D1BDE8EE
:106D8000F04100F0CDBC00BF08260020C026002046
:106D9000542500204825002050250020742600207E
:106DA000014B1868704700BFC0260020054B1B68C8
:106DB0000BB9FFF75BBD044A002013680133136071
:106DC000704700BF082600207C260020234B1B684C
:106DD0001BB10122224B1A607047214A30B4214C6A
:106DE00013602068204A00EB800352F823308100B2
:106DF0008BBB431E03EB830552F825509900B5B9B0
:106E0000831E03EB830552F8255099007DB9C31EFC
:106E100003EB830552F82550990045B9031F03EB96
:106E2000830552F8255099000DB9431F9900194464
:106E300002EB810002464168083249689142416094
:106E400008BFC168094A08BF4160C9681160236072
:106E5000136830BC70470346E9E700BF08260020EE
:106E6000CC260020102600205C250020482500208C
:106E70002DE9F0410C461E4D2968183100F0E4FD63
:106E80001C4B1D491D4A0E681768D3F800802868FE
:106E9000043000F0F1FD631C15D02B68A41929689B
:106EA0005C600AD23846043100F0CEFD144B1A68FB
:106EB000944238BF1C60BDE8F0814046BDE8F04117
:106EC000043100F0C1BD0F4B29685A681C688A6004
:106ED0002E680134286829681C602D689468043085
:106EE0000431F460606091606B61BDE8F08100BFC7
:106EF0004825002054250020C026002050250020D1
:106F0000742600209826002094462DE9F0412B4C51
:106F10000D4623684168D4F80080D961276803686A
:106F200026688A68D4F800E0013318371836C8F8A4
:106F3000202057608E60224ACEF828002149036045
:106F4000214BBCF1000F1AD0096812681B68206839
:106F5000043000F091FD1D4B19685A680131196029
:106F6000216890688A602168C860216804314160A6
:106F700021682068043191604361BDE8F0810E68AA
:106F80001768D3F800802068043000F075FD23688E
:106F9000AD1921685D6005D34046BDE8F04104317C
:106FA00000F052BD3846043100F04EFD084B1A681F
:106FB000954238BF1D60BDE8F08100BF4825002024
:106FC00050250020C02600205425002098260020AF
:106FD00074260020F0B40026C368DB689A6AD3E9FF
:106FE000070181604860506803F11804A0422748F7
:106FF00008BF5160116805680139D86A9E62116046
:10700000002D2FD1D3E902415A69A1604C60546828
:107010001E1DB44208BF51601168013911601C4A3D
:10702000116881421B4938BF106000EB800201EB00
:1070300082077D689200D5F808C08C589D60C3F81F
:107040000CC0CCF80460AE605F61134B01341B6868
:107050008C50DB6A834215D2F0BC01230F4A1846DC
:10706000136070470E4A15685168013515608D68C8
:10707000D9611D626C608C609A62074B1B68DB6A89
:107080008342E9D3F0BC0020704700BF08260020EF
:10709000102600205C25002048250020CC2600205A
:1070A00080260020034A044B12681B68C0E90023B5
:1070B000704700BF78260020C0260020F8B50D4696
:1070C000044600F039FB2B68124A581C11681BD08B
:1070D000D4E90060DFF840C0DCF80070BE4208D0A0
:1070E000884206D8002301242B6000F033FB2046A1
:1070F000F8BD0F1ABB42F5D95B1ADCF80010126814
:1071000003442B60C4E90012002400F023FB204656
:10711000F8BD00BFC0260020782600200122014BC8
:107120001A607047CC260020F8B50446C8B11F4D40
:10713000C36A2A68D26A934214D28269002A04DBA5
:107140002A68D26AC2F106028261194E626903EBB3
:10715000830306EB83039A420CD02B68DB6AE3625D
:107160000120F8BD2B68406CDB6A98422CBF0020E0
:107170000120F8BD271D384600F07EFC2B680D4A23
:10718000DB6A1168E3628B4288BF136003EB830301
:10719000980006EB8303596832588D680132A1606C
:1071A000E5606F608F6063613250D9E74825002049
:1071B0005C2500201026002058B1F8B5C16A836C08
:1071C000426C013B91420446836400D01BB1002015
:1071D000F8BD00207047061D304600F04DFC636C82
:1071E0000E4AC3F10600A06101201168E3628B42E0
:1071F00088BF13600A4A03EB83034FEA830C02EB58
:1072000083035D6852F80C10AF680144A560E76025
:107210007E60AE60636142F80C10F8BD102600205D
:107220005C25002060B1426CF8B5914238BF114630
:10723000C36A04468B4202D0826C012A01D0F8BD99
:1072400070478269134D002A03EB83034269C162D0
:1072500005EB8303A4BFC1F1060181619A42EED11F
:10726000061D304600F008FC0B4AE36A11688B42A9
:1072700088BF136003EB8303980005EB8303596811
:107280002A588F680132A160E7607E608E6063617A
:107290002A50F8BD5C25002010260020034B1868FA
:1072A00010B1836C01338364704700BF4825002010
:1072B0002DE9F04FB74FDFF8E4B2DFF8E482B64DC6
:1072C00087B03B681C68002C40F01D81FFF75EFC16
:1072D000FFF766FDDBF800308146834248D8D8F8D6
:1072E0000030CBF800001A68B2FA82F2520928681E
:1072F000A4EB0901FFF79CF9FFF750FC002800F010
:1073000024810023CDE90233CDE90433002228682B
:1073100002A9FEF729FE0028D3D0029B0498002B77
:10732000C0F2E980DDF810A0DAF814301BB10AF1E0
:10733000040000F0A1FBFFF733FDDBF80030019003
:10734000984243D3DDE90123013BCBF80020082B11
:10735000DCD8DFE803F06161C0A5C76161C0A500AA
:1073600022F001028AF824205046DAF820309847AB
:107370003B681A68002A00F0D880DA68D2F80CA0BE
:1073800014680AF10406304600F076FB9AF82420CF
:107390005107E5D503E05046DAF820209047DAF8A7
:1073A0001820CAF810A01119A418CAF80410F2D3B2
:1073B0003146D8F8000000F047FBD5E721F0010185
:1073C00089F824104846D9F8203098473B68196856
:1073D000002900F0B480D968D1F80C900C6809F14C
:1073E0000406304600F048FB99F824104807E5D51C
:1073F00003E04846D9F820108847D9F81810C9F892
:10740000109008196418C9F80400F2D33146D8F86E
:10741000000000F019FBD5E79AF824000399DAF888
:107420001840019A0B1940F001068AF824602CBF1D
:10743000012600269342CAF80430CAF810A000F2D0
:107440008780511A8C423FD8410712D420F00100A6
:107450008AF824005046DAF82030984756E78C42E4
:1074600000F2C680DAF82030504698473346DAF802
:107470001840019AE6182CBF01200020B242A2EB6E
:107480000301CAF80460CAF810A0E8D29A4201D2F7
:107490000028E7D038680AF1040100F0D5FAD9E7EE
:1074A0000399019A9AF82430881843F00103904216
:1074B0008AF82430CAF81810CAF80400CAF810A0D4
:1074C0004BD800293FF422AFD8F800000AF104019C
:1074D00000F0BAFA1AE79AF8243023F001038AF888
:1074E000243013E79AF824309A0777D523F0010364
:1074F0008AF824300AE7039B05999847029B002BE2
:10750000FFF604AF0EE7DB681C68FFF73FFBFFF7F1
:1075100047FCDBF80030814683423FF629AF8442C6
:10752000CBF800001FD90022E1E6D8F80020CBF804
:1075300000903A60C8F80030FFF730FBE1E6D8F879
:107540000010C8F800303960FCE600F0E9F8D8E631
:10755000914202D9002E3FF477AF38680AF1040156
:1075600000F072FAD2E6FFF719FB3B68DB68DE68D1
:10757000331D1846019300F07FFA96F82420530734
:1075800016D422F0010286F824203046336A984748
:10759000B7E600BF4C250020C42600206C26002042
:1075A0005825002081421DD83046316A884754460C
:1075B000B169A9EB040014EB010A2CBF01230023DD
:1075C000CA45C6F804A03661ECD94C4501D9002B58
:1075D000EAD00199386800F037FAD6E7504600F053
:1075E0005DF893E60199D8F8000000F02DFACCE799
:1075F000D8F800000AF1040100F026FA2AE700BFDB
:10760000F0B5174C83B000F097F825687DB100F015
:10761000A1F8206848B10324124800230190802279
:10762000114912480094FFF7CFF903B0F0BD104E96
:10763000104F304600F0F8F9384600F0F5F90E4AE0
:107640000E4B176010212A460A201E60FEF7DCFA56
:1076500020600028DBD00A49FEF72AFFD7E700BFE9
:10766000C4260020C826002014890010B172001022
:107670001426002028260020582500204C25002014
:107680000C89001010B50446FFF780FA2046FAF77F
:107690003BF90446FFF782FA204610BD50B110B501
:1076A0000446FFF773FA2046FAF740F9BDE81040A8
:1076B000FFF774BA704700BF002300B583B0019391
:1076C00000F044F9019B002BFCD003B05DF804FBF3
:1076D00010B500F03BF90446FFF768FB28B14FF006
:1076E000E0234FF08052C3F8042D2046BDE810403F
:1076F00000F038B910B504224FF0E02400232261D5
:107700000520A361F9F7A2FD0721044BA3FB002389
:107710009B09013B6361216110BD00BFD34D621025
:107720004FF0E0234FF08052C3F8042DBFF34F8F8A
:10773000BFF36F8F704700BF08B500F007F9044A28
:10774000136801331360BFF34F8FBFF36F8F08BD12
:107750001C120020044B1A68013A1A60186800B124
:10776000704700F0FFB800BF1C120020836913F8B7
:10777000023C662B00D070474FF0E023D3F8882DF1
:1077800042F47002C3F8882DD3F8342F42F04042FF
:10779000C3F8342F00F0BCB82DE9F04F4FF0113E84
:1077A0004FF0807440E909E34FF0073340F8044C90
:1077B000164C40F8343C40E903424FF005334FF09B
:1077C00006324FF0123B40E90F324FF0033A4FF0D0
:1077D00002394FF001384FF010374FF009364FF0B3
:1077E00008354FF004346FF0020340E905AB40E97F
:1077F000078940E90B6740F8305C40F8404C40F89E
:10780000443C40F8481DBDE8F08F00BFB976001039
:107810004FF0E0234FF07F42002110B584B0029179
:10782000C3F81C2DD3F81C3D1B0E8DF807309DF8B6
:1078300007309DF807301A060CD5029B01330293DE
:107840009DF807305B00DBB28DF807309DF80730FC
:107850001B06F2D4029B082B3AD0029AC2F107020F
:10786000120202F4E0624FF0E023002419490E20D6
:107870000A60D3F8202D184942F47F02C3F8202D66
:10788000D3F8202D42F07F42C3F8202DC3F81C4DC1
:10789000FEF758F911490F20FEF754F910490B2053
:1078A000FEF750F9FFF726FF4FF050420D490E4BFF
:1078B0000C6012681A7000F041F8FFF787FA039421
:1078C00000F044F8039B002BFCD0002004B010BD56
:1078D0000022C8E7E825002075790010D176001055
:1078E000F57900101C1200201912002008B5F8F7D5
:1078F00011FE044B044A0344136000F087F8034B65
:10790000186008BD6C1C002044250020642600205F
:10791000094A1168086806C881F30B88022181F3BF
:107920001488203080F30988BFF36F8F4FF0000078
:1079300080F31188104700004825002062B661B628
:10794000BFF34F8FBFF36F8F66DF00BFEFF3118080
:107950004FF0100181F31188BFF34F8FBFF36F8F8A
:10796000704700BF80F31188BFF34F8FBFF36F8F55
:10797000704700BFEFF309811EF0100F08BF21ED23
:10798000108AEFF30B82734621E9FC0F55FC084483
:1079900057FC096459FC0A8401E9F003144A13688E
:1079A00019604FF0100181F31188BFF34F8FBFF3BF
:1079B0006F8FFFF70BFA4FF0000080F311880C4A2D
:1079C000116808681838B0E8F00345EC004447EC4B
:1079D000016449EC0284B0E8FC0F13F0100F08BFFB
:1079E000B0EC108A82F30B8880F3098818470000F6
:1079F000482500201EF0040F0CBFEFF30880EFF3C2
:107A000009800149084700006D77001010B5182063
:107A1000FFF738FE044620B1002340F8043B00F095
:107A200003F8204610BD00BF4FF0FF31002200F1E7
:107A30000803C0E90131C0E903330260704700BFA9
:107A400000230361704700BF30B40D686B1C10D079
:107A500000F108031C465B681A68AA42FAD902685A
:107A60004B60013299608C606160086130BC0260DB
:107A7000704704696368F2E70346026910B454680A
:107A8000406899689C428160486008BF516000214D
:107A900010685DF8044B013819611060704700BF31
:107AA000024B0146186800F00BB800BF30160020EA
:107AB000024B0146186800F043BC00BF301600209E
:107AC00001F10B03162B2DE9F04F074683B023D8A5
:107AD000102900F2AF8000F0AFFA10251823022021
:107AE000BA4E33445C68A3F10802944200F0568118
:107AF0006368384623F00303D4E902122344CA60C2
:107B000091605A68083442F001025A6000F09AFA13
:107B1000204603B0BDE8F08F002B23F00705C0F22C
:107B20008980A94200F2868000F086FAB5F5FC7FD4
:107B3000C0F07B826B0A00F08480042B00F262812B
:107B4000AB0903F1390003F1380EC3009F4E3344F3
:107B5000A3F1080C5C68A44507D10DE0002AE16898
:107B600080F216818C450C4606D0636823F003032F
:107B70005A1B0F2AF2DD7046DFF8688234694445EB
:107B800000F0F280636823F0030CACEB05030F2BCD
:107B900000F37481002BC6E9048880F26381BCF590
:107BA000007FD6F804E080F0FF804FEADC0301227A
:107BB0004FEA5C1C013302FA0CF256F833104EEA1D
:107BC000020E06EBC302083AC6F804E0C4E902124A
:107BD00046F83340CC6083104FF0010C0CFA03FCE4
:107BE000F44534D81CEA0E0F07D120F003004FEA09
:107BF0004C0C04301CEA0E0FF9D006EBC00A81468B
:107C0000D646DEF80C300BE05A681C46DB6822F0E2
:107C10000302511B0F2900F30181002980F2158115
:107C20009E45F1D109F101090EF1080E19F0030F7B
:107C3000E7D158E10C233B600024204603B0BDE8A7
:107C4000F08F4FF4007340204FF03F0E7EE7B46892
:107C5000636823F00309A945A9EB050302D30F2BA1
:107C600000F385805A4B08201B6803F1100804EBD1
:107C70000903009300F056FA564AA8448346136855
:107C8000013305D008F1FF384342804403EA080875
:107C90004146384600F02AFAB0F1FF3F82464D4A8D
:107CA00000F0078104EB0903834200F200814A4B94
:107CB0000BF1FF3C18684044186000F064811168C3
:107CC000013100F06C8104EB0902AAEB02020244CC
:107CD0001A601AF00702CDE9002300F02781C2F1F3
:107CE0000802384692445A44D04408EA0C01521A19
:107CF00002EA0C0B594600F0F9F9421C019B00F016
:107D00006A81A0EB0A0000EB0B08186848F001023A
:107D1000B442C6F808A05844CAF80420186017D026
:107D2000B9F10F0F40F23E816168A9F10C024FF0EA
:107D3000050C22F0070201F0010111430F2A6160D6
:107D400004EB0201C1E901CC00F24D81DAF8042014
:107D5000224B54461968814238BF1860204B19687D
:107D6000814238BF1860A6E0D6F804E033E7621914
:107D700045F0010543F00103083444F8045C38463B
:107D8000B260536000F05EF9204603B0BDE8F08FAA
:107D9000A26823443846D1608A60B2E6DC68A34218
:107DA0007FF4A6AE0230E7E6BCF5206F4FEA5C2216
:107DB00076D3142A00F2CD8002F15C035B32DB0043
:107DC000F118F3580839994211D1A5E02812002082
:107DD0008C190020201200205C190020841900203A
:107DE00088190020301200209B68994204D05A68FC
:107DF00022F003026245F7D8D968C4E902318C60E9
:107E0000DC60E8E6142B63D9542B00F2AB802B0B1B
:107E100003F16F0003F16E0EC30097E6D4F808C0BB
:107E20003846671945F001056560CCF80C30C3F899
:107E300008C041F00103C6E90477C7E902887B6006
:107E4000A150083400F0FEF8F7E6224438465168A5
:107E500041F00101516054F8082FD3609A6000F09E
:107E6000F1F8EAE6A44438460834DCF8043043F07C
:107E70000103CCF8043000F0E5F8DEE6621943F0C7
:107E8000010145F0010538466560C6E90422C2E9F2
:107E90000288516044F80C30083400F0D3F8CCE686
:107EA0004FEA9C1202F139033832DB0088E7B44212
:107EB00062D0B468626822F00308A845A8EB050305
:107EC00002D30F2B3FF753AF384600F0BBF8B3E6B1
:107ED00003F15C0003F15B0EC30037E65AF8083982
:107EE000534540F0A08010F0030F00F1FF30F5D1B2
:107EF000736823EA0C0373604FEA4C0C0CF1FF32F9
:107F00009A4204D3A3E64FEA4C0C09F104091CEA97
:107F1000030FF8D0484670E692104FF0010C0CFAAF
:107F200002F24EEA020EC6F804E066E70AEB080227
:107F3000384602EA0C02ABEB020B0BEA0C0B59467B
:107F400000F0D4F8431C019B7FF4DBAEDDF800B0F9
:107F5000DBE6542A2AD84FEA1C3202F16F036E3254
:107F6000DB002DE7B3F5AA7F2AD8EB0B03F17800ED
:107F700003F1770EC300E9E52E4B0BF1FF3C1868C7
:107F8000404418609BE61AEA0C0F7FF498AEC84490
:107F9000D6F808A048F00102CAF80420D8E6C2F8D2
:107FA00000A096E60123CAF804308DE7B2F5AA7F57
:107FB00024D84FEADC3202F178037732DB00FFE6A7
:107FC00040F25452934224D8AB0C03F17D0003F1EC
:107FD0007C0EC300BAE5009A4FF0000B083A9044BB
:107FE000A8EB0A0891E6384604F10801009300F076
:107FF000A7F9009BD6F808A01868A7E640F25453EA
:108000009A420CD84FEA9C4202F17D037C32DB009D
:10801000D6E64FF47E737F204FF07E0E96E54FF448
:108020007E737E22CCE6736866E7E80805F10803F4
:1080300056E500BF5C190020014800F06FB800BF92
:1080400058190020014800F06BB800BF58190020F3
:10805000830730B546D08418844604E003F8011B3A
:108060009D0704D09C46A4456346F7D130BD013A34
:108070000244A2EB0C02032A29D9CCB20F2A04EB4A
:10808000042404EB04442FD9A2F1100C03F11005D1
:108090002CF00F0CAC44C3E90044C3E90244103394
:1080A0006345F8D112F00C0F02F00F0E18D02EF02D
:1080B000030CAEF104051A469C4442F8044B624599
:1080C000FBD125F0030404330EF003022344002AFD
:1080D000CCD0C9B21A4403F8011B9342FBD130BD86
:1080E0007246F4E70346C6E79646E0E738B5002255
:1080F000064D044608462A60FAF798FF431C00D054
:1081000038BD2B68002BFBD0236038BDEC2000204D
:10811000014B1868704700BF30160020704700BF41
:10812000704700BF082802D14FF48050704708B54F
:10813000FFF7EEFF162203464FF0FF301A6008BD2E
:10814000844641EA000313F0030349D1403A23D3A4
:108150000B6803604B6843608B688360CB68C360C7
:108160000B6903614B6943618B698361CB69C361AF
:108170000B6A03624B6A43628B6A8362CB6AC36297
:108180000B6B03634B6B43638B6B8363CB6BC3637F
:1081900040304031403ADBD230320BD30B680360C1
:1081A0004B6843608B688360CB68C36010301031CC
:1081B000103AF3D20C3205D351F8043B40F8043B9B
:1081C000043AF9D2043208D0D2071CBF11F8013B9F
:1081D00000F8013B01D30B8803806046704700BF65
:1081E000082A13D38B07B1D010F00303AED0C3F12C
:1081F0000403D21ADB071CBF11F8013B00F8013B56
:10820000A4D331F8023B20F8023B9FE7043AD9D3CC
:10821000013A11F8013B00F8013BF9D20B780370E9
:108220004B7843708B7883706046704720F0030171
:1082300010F00300C0F1000051F8043B00F1040C01
:108240004FEACC0C6FF000021CBF22FA0CF2134371
:108250004FF0010C4CEA0C2C4CEA0C4CA3EB0C023A
:1082600022EA030212EACC1204BF51F8043B0430A4
:10827000F4D0C2F1000102EA0102B2FA82F2C2F1C4
:108280001F0200EBD20070472DE9F8430646DFF8E5
:10829000AC8008208946FFF745FF05463046FFF7CA
:1082A000CBFED8F808305F6827F00307A7F1110468
:1082B000A4EB09042C44B4FBF5F4013C05FB04F4E5
:1082C000A54208DC00213046FFF710FFD8F808303F
:1082D0003B44984205D03046FFF7B4FE0020BDE88D
:1082E000F88361423046FFF701FF01300FD03F1B9A
:1082F000104AD8F80830304647F001075F6013682D
:108300001B1B1360FFF79EFE0120BDE8F8830021D0
:108310003046FFF7EBFED8F80820831A0F2BDADD82
:1083200043F0010303495360034B1B68C01A086004
:10833000D1E700BF5C190020201200202812002085
:1083400000295AD0F8B50C460746FFF775FE734D65
:1083500054F804CCA4F10802A8682CF001030CF036
:10836000010ED1184E68884226F003067CD0881989
:108370004E60406800F00100BEF1000F2ED154F8AD
:10838000084C05F1080C121B23449468644560D026
:10839000D2F80CE0C4F80CE0CEF8084000287DD0FC
:1083A00043F0010050600B60B3F5007F2ED25809F6
:1083B000D9080123834068680131034355F831002F
:1083C0006B6005EBC103083BC2E9020345F83120AD
:1083D000C2603846BDE8F840FFF734BE70B9334498
:1083E00005F1080C886843F0010460456ED0C96847
:1083F000C16088605460D350D6E770474CF00101EB
:10840000B3F5007F44F8041CD350D0D3B3F5206FEC
:108410004FEA532144D2990901F1390001F138049E
:10842000C100681869580838884203D155E0896846
:10843000884204D04C6824F003049C42F7D8C868F2
:10844000C2E9021082603846CA60BDE8F840FFF712
:10845000F9BD80BB1E44D1E90213CB60996046F0A0
:10846000010353609651B4E71E44BEF1000F07D1DB
:1084700054F8083CD21A1E44D2E90213CB6099602A
:1084800046F001035360264BAA601B68B342A0D894
:10849000244B38461968FFF7F7FE9AE73344A1E703
:1084A00014290DD954291FD8190B01F16F0001F1BE
:1084B0006E04C100B5E743F0010050600B6088E72F
:1084C00001F15C0001F15B04C100AAE7C5E90422E7
:1084D000C2E902CC5460D3507BE7A4100123A3402F
:1084E0006C6823436B60ABE7B1F5AA7F06D8D90B64
:1084F00001F1780001F17704C10092E740F2545095
:10850000814206D8990C01F17D0001F17C04C10083
:1085100087E74FF47E717E2483E700BF2812002096
:10852000241200208C190020F8B500BF00000000C4
:108530005FF800F0A90200205FF800F06D0A00204B
:108540005FF800F0350200205FF800F00D0B00200E
:108550005FF800F0950A00205FF800F0D10D0020D0
:108560005FF800F06D0200205FF800F0C90A0020FB
:108570005FF800F0CD0100205FF800F0110100204D
:10858000191500108D140010C1140010651500108D
:10859000F91400101114001041150010FD13001003
:1085A0007109001045150010310D00105D14001008
:1085B0002D150010DD1400104D050010750500107C
:0C85C00019020010D9390010ED780010ED
:1085D00025733A204C6579656E646F2076616C6F07
:1085E000723A2025640A000025733A20496E7465AA
:1085F0006E74616E646F20746F6D617220656C20A3
:108600006D757465782E2E2E0A00000025733A20B1
:108610004D7574657820746F6D61646F2E204163B1
:1086200063656469656E646F207265637572736FEC
:108630002E2E2E0A0000000025733A2056616C6F22
:10864000722061637475616C3A2025640A00000031
:1086500025733A204E7565766F2076616C6F723A9D
:108660002025640A0000000025733A204D757465CA
:1086700078206C6962657261646F0A0025733A2024
:1086800054696D656F7574202D204E6F20736520C1
:108690007075646F20746F6D617220656C206D75EC
:1086A0007465780A0000000025733A2045737065F0
:1086B00072616E646F206D757465782E2E2E0A00BF
:1086C0000A3D3D3D2044656D6F2064652053656D16
:1086D000C3A1666F726F73204D7574657820656EE7
:1086E000204672656552544F53203D3D3D0A0000BF
:1086F0004572726F723A204E6F20736520707564F8
:108700006F20637265617220656C206D7574657889
:10871000000000004D757465782063726561646FB8
:1087200020657869746F73616D656E746500000013
:10873000496E6372656D656E746172005461726535
:108740006120496E6372656D656E74617200000030
:1087500044656372656D656E746172005461726523
:10876000612044656372656D656E7461720000001E
:108770004C656374757261005461726561204C656B
:1087800063747572610000000A2A2A2A2050414E43
:108790004943202A2A2A0A000A0000004E6F20734B
:1087A00070696E6C6F636B732061726520617661B6
:1087B000696C61626C6500004E6F20757365722094
:1087C000495251732061726520617661696C616202
:1087D0006C650000486172647761726520616C614C
:1087E000726D20256420616C726561647920636C10
:1087F00061696D6564000000486172642061737393
:10880000657274004F7574206F66206D656D6F72B0
:108810007900000052656C6561736500626F6F746A
:10882000325F77323571303830000000302E310041
:10883000322E312E310000007069636F320000006B
:108840006669726D7761726500000000417567208E
:108850003234203230323500666E692B0000000061
:10886000666E69006E616E00666E692D0000000024
:1088700055534220737464696E202F207374646FA3
:10888000757400005261737062657272792050696C
:10889000000000005069636F00000000426F6172C9
:1088A0006420434443000000526573657400000077
:1088B000556E68616E646C65642049525120307851
:1088C00025780A00657020253032582077617320A2
:1088D000616C726561647920617661696C61626C5A
:1088E0006500000043616E277420636F6E74696ECB
:1088F00075652078666572206F6E20696E6163749D
:10890000697665206570202530325800546D7251AB
:1089100000000000546D7220537663000600525030
:10892000D3F075421488001006005250E182887F0F
:108930001C880010060052503ABCA9112C88001067
:1089400006005250ABB360533088001006005250FE
:10895000BBFF3CB63888001006005250861C03024C
:1089600040880010060052505422A29D4C880010EE
:1089700005005250DE65F46840A2001000000000BF
:10898000000000000000F03F000000000000244054
:1089900000000000000059400000000000408F402F
:1089A000000000000088C34000000000006AF8409A
:1089B0000000000080842E4100000000D0126341BE
:1089C0000000000084D797410000000065CDCD4134
:1089D0000D0A0000000000005534001000000000E7
:1089E0005934001065340010913400108D3400109B
:1089F000000000000A00000000000306A6000800B6
:108A0000020002009C001400030057494E555342D7
:108A100000000000000000000000800004000100D1
:108A20002800440065007600690063006500490085
:108A30006E007400650072006600610063006500EE
:108A4000470055004900440000004E007B006200D2
:108A500063003700330039003800630031002D0017
:108A600037003300630064002D00340063006200AF
:108A700037002D0039003800620038002D00390021
:108A80003100330061003800660063006100370088
:108A90006200660036007D0000000000050F210026
:108AA000011C100500DF60DDD88945C74C9CD265EC
:108AB0009D9E648A9F00000306A60001000000003E
:108AC0000600525053B4F4A170880010000000005A
:108AD0008488001094880010EC2500209C880010E9
:108AE000A888001009025400030100807D080B00D3
:108AF0000202020000090400000102020004052431
:108B000000200105240100010424020605240600BA
:108B1000010705810308001009040100020A000092
:108B2000000705020240000007058202400000091C
:108B300004020000FF00010512011002EF020140D3
:108B40008A2E09000001010203010000000000005C
:108B50008D4D0010FD4D00102D4E0010794E00106F
:108B6000394F0010F94F0010000000000000000015
:108B7000F15000104D510010695100108D5100103E
:108B8000E9340010815200100000000005000000D0
:088B9000B0F5FF7F01000000B9
:108B98001C890010288900103489001040890010B1
:108BA8004C890010588900106489001070890010E1
:048BB800C08A00105F
:108BBC00034600B50268EFF3108C72B6D2E8CFEF23
:108BCC000120BEF1000FF9D1C2E84E0FBEF1000F2B
:108BDC00F4D1BFF35F8F93F90420002A0ADB01B1B3
:108BEC000A60002000221B68C3E88F2F8CF31088CA
:108BFC005DF804FB4FF05042126801201A71F1E746
:108C0C004FF050412DE9F0410027044616461D4611
:108C1C00D1F8008008E0C1E88F7F8CF310883046D3
:108C2C00294600F0F1FFE8B92168EFF3108C72B619
:108C3C00D1E8CF2F0123002AFAD1C1E8423F002A04
:108C4C00F6D1BFF35F8F94F904302168002BE2DA80
:108C5C00002384F80480C1E88F3F8CF31088012036
:108C6C00BDE8F0810020BDE8F08100BF30B504689C
:108C7C00EFF3108C72B6D4E8CFEF0125BEF1000FE4
:108C8C00F9D1C4E84E5FBEF1000FF4D1BFF35F8F92
:108C9C0090F904400568002C10DB0021C5E88F1FFB
:108CAC008CF310884FF0504595F90050A54201D136
:108CBC00084630BDBDE83040FFF7A2BF4FF0504230
:108CCC00126800230271C5E88F3F8CF310880120D5
:108CDC0030BD00BF70B505460C4600F089FF02465A
:108CEC000B464FF47A704FF0FF3E6FF0004CE4FBF4
:108CFC00002396457CEB030138BF72462846BDE83D
:108D0C00704038BF6346FFF77BBF00BF0368EFF3CB
:108D1C00108272B6D3E8CFCF0121BCF1000FF9D18C
:108D2C00C3E84C1FBCF1000FF4D1BFF35F8F4FF0C1
:108D3C00FF0C0023016880F804C0C1E88F3F82F368
:108D4C00108840BF704700BF002108B5134B4FF48B
:108D5C00707299601248D960196159619961D96131
:108D6C00196259629962D962196359639963D9631B
:108D7C00196459649964D964196559659965D965FB
:108D8C00196659669966D966196759679967D967DB
:108D9C0000F036FF034B044A1A6008BD0000105067
:108DAC003821002000250020800110502DE9F04FC3
:108DBC001F4B85B0D3F858A0BAF1000F22D0002475
:108DCC0001254FF4E069DFF870801A4F01E0202C88
:108DDC0018D00AEA0502611C2346AB46CCB26D00E2
:108DEC00002AF4D004F0010203F0FE06164407EB4F
:108DFC0046163046C8F858B000F00AFC28B93AEAD2
:108E0C000B0AE4D105B0BDE8F08F00238DF80930D2
:108E1C00B37801A88DF80830F38A0121ADF80490DD
:108E2C00039300F013FC304600F098FBE7E700BF1B
:108E3C0000001150F820002000301150F0B5BB4B51
:108E4C0085B0D3F8985015F4003674D0B84BB94CA3
:108E5C00996A94F83B30B84A022B116000F0D48028
:108E6C00002694F87B30022B00F03B8194F8BB3049
:108E7C00022B00F07D8194F8FB30022B00F06C810A
:108E8C0094F83B31022B00F0448194F87B31022B97
:108E9C0000F0338194F8BB31022B00F0B68194F8CA
:108EAC00FB31022B00F0A68194F83B32022B00F030
:108EBC00968194F87B32022B00F0868194F8BB32B9
:108ECC00022B00F0768194F8FB32022B00F06681C5
:108EDC0094F83B33022B00F0568194F87B33022B31
:108EEC0000F0A48094F8BB33022B00F0998194F825
:108EFC00FB33022B00F0B4803EB9904B1B7823B9A6
:108F0C004FF400328E4BC3F890204FF44072874BD5
:108F1C0001219B6C01A8C3F30A03ADF80420029352
:108F2C0000F094FBEA064FF40036864C07D5FFF7A9
:108F3C003DFF264603E0EA064FF01004F7D4EB039E
:108F4C0022D57C4C46F48036A37E002B40F09980D1
:108F5C00012394F83A20E370002A40F0AD800123FD
:108F6C004FF4C061784A84F82330ADF8041092E8CD
:108F7C00030004AA02E90300194601A800F066FBED
:108F8C004FF400326E4B1A65E90408D46A041DD400
:108F9C002B042AD4AE4240F0C58105B0F0BD0024AC
:108FAC00624B46F480561C60FFF7CEFE4FF4807384
:108FBC00012101A8ADF804308DF8084000F046FB03
:108FCC004FF400225E4B1A656A04E1D54FF48063BE
:108FDC00012101A8ADF8043000F038FB1022584BE9
:108FEC0046F480461A652B04D4D54FF4A0630121B6
:108FFC0001A8ADF8043000F029FB4FF40062504B8F
:10900C0046F400461A65C5E794F83A60002E3FF422
:10901C0028AF94F83C30002B3FF423AF002304F12D
:10902C00200084F83C3000F0C1FA1AE794F87A7307
:10903C00002F3FF457AF94F87C33002B40F0648141
:10904C0094F8BB33022B40F0F48094F8BA33002B25
:10905C0040F0EB8094F8FB33022B7FF456AF3E4686
:10906C0094F8FA33002B3FF447AF94F8FC33002B01
:10907C003FF44BAF0023354884F8FC3300F096FAEC
:10908C0043E70221324B294A1966536E9F07FCD5E0
:10909C004FF440520021274800F066FA254800F0B2
:1090AC005DFA0222264B5A661A66012394F83A207E
:1090BC00E370002A3FF453AF254A1366A2F5005221
:1090CC00536ED807FCD54FF440520021214800F0D4
:1090DC004BFA204800F042FA0122194B5A661A66E4
:1090EC003DE794F87A70002F3FF4C0AE94F87C30D2
:1090FC00002B40F001813E46B8E694F87A71002FBF
:10910C003FF4C8AE94F87C31002B40F0ED803E4625
:10911C00C0E694F83A71002F3FF4B7AE94F83C31A6
:10912C00002B40F0D9803E46AFE600BF0000115046
:10913C0000000B40F8200020E8200020D126002061
:10914C00003011501000020000001050D8240020F4
:10915C00002011501821002094F8FA70002F3FF4D1
:10916C008FAE94F8FC30002B40F08E803E4687E6A4
:10917C0094F8BA70002F3FF47EAE94F8BC30002BFC
:10918C007AD13E4677E694F83A73002F3FF4A5AEB9
:10919C0094F83C33002B57D13E469EE694F8FA7275
:1091AC00002F3FF495AE94F8FC32002B5CD13E4678
:1091BC008EE694F8BA72002F3FF485AE94F8BC3268
:1091CC00002B49D13E467EE694F87A72002F3FF48C
:1091DC0075AE94F87C32002B76D13E466EE694F850
:1091EC003A72002F3FF465AE94F83C32002B63D1F9
:1091FC003E465EE694F8FA71002F3FF455AE94F8B3
:10920C00FC31002B50D13E464EE694F8BA71002F3B
:10921C003FF445AE94F8BC31002B3DD13E463EE6C2
:10922C0094F8BA33002B3FF462AE94F8BC33002BA5
:10923C0071D194F8FB33022B7FF467AE94F8FA33B8
:10924C00002B3FF462AE10E70023394884F83C331E
:10925C003E4600F0ABF940E60023364884F8BC32B9
:10926C003E4600F0A3F92EE60023334884F8FC3286
:10927C003E4600F09BF92BE60023304884F8BC30C6
:10928C003E4600F093F9F6E500232D4884F8FC30B7
:10929C003E4600F08BF9F3E500232A4884F8BC31F4
:1092AC003E4600F083F9FAE50023274884F8FC31A8
:1092BC003E4600F07BF9F7E50023244884F83C3265
:1092CC003E4600F073F9F4E50023214884F87C3223
:1092DC003E4600F06BF9F1E500231E4884F83C3162
:1092EC003E4600F063F9D0E500231B4884F87C313E
:1092FC003E4600F05BF9CDE50023184884F87C303D
:10930C003E4600F053F9B1E50023154884F87C3350
:10931C0000F04CF994E60023124884F8BC3300F0BA
:10932C0045F986E7104886EA050100F065FC00BFA8
:10933C001824002098230020D823002098210020F6
:10934C00D821002098220020D822002018230020A9
:10935C0058230020182200205822002058210020D9
:10936C005824002098240020B08800102DE9F047E4
:10937C00848A058BC278A54228BF2546171E18BFC4
:10938C000127641B467882F00102A4B20346C27026
:10939C00848245F4806040EA4730A6BBD3E90326BB
:1093AC006F1E02EB811E55B3052F98BF721C31D96D
:1093BC0002EB811C721CACEB0204022C2AD9324643
:1093CC004FEA95094FEA890A06EB890852F8044BD3
:1093DC0042454CF8044BF9D15545A7EB0A070EEB67
:1093EC000A040AD016F829600EF829602FB15678B5
:1093FC00012F667001D09278A2701E699C8A2E444F
:10940C001E6140F400400CB940F4804001B10004EE
:10941C00BDE8F0870EF1FF3E2E4400E0013212F859
:10942C00014CB2420EF8014FF8D1E6E783680246D0
:10943C00186801B1000C5378C0F30900002B3CD024
:10944C002DE9F041D2E90334461E03EB811E40B3F3
:10945C00052E3BD989014D1C1D44651B022D35D9A8
:10946C007346214600F47F774FEA9008FD1853F8B5
:10947C0004CBAB4241F804CBF9D1B842A6EB0706BA
:10948C0004EB07030EEB07010AD01EF8285004F872
:10949C0028502EB14C78012E5C7001D089789970CF
:1094AC001469D38A04440344D382138B146183421A
:1094BC0084BF00239382BDE8F081D38A0344D38216
:1094CC00138B834284BF002393827047013C0EEBC5
:1094DC0000011EF8013B714504F8013FF9D1DFE7AB
:1094EC0010B50446836800211B68FFF79FFF636873
:1094FC001B685B0002D5238B834200D010BD204635
:10950C00BDE810400121FFF791BF00BF084B1B6C59
:10951C0013F0020302D18278D20901D100207047E6
:10952C00C07EA0F10200B0FA80F04009704700BF85
:10953C000000115008B5FFF7E9FF50B1054A064B82
:10954C00906A1B68A0F54870C01AC6288CBF002012
:10955C00012008BD00000B40E82000200023C0E9DA
:10956C0004338376704700BF10B5836809B11C685B
:10957C00214082B1114352050DD51A6854050CD403
:10958C00084A21F480641C60126C920703D40C23EB
:10959C00033BFDD28368196010BD8178024800F04E
:1095AC002BFB00BF00001150C488001030B543687D
:1095BC00002183B004461D68FFF7D8FE134B40F41E
:1095CC008052196CA37889070ED55B060ED025F056
:1095DC00A04545F000550021204663681D6003B08E
:1095EC00BDE83040FFF7C0BFDB09F0D0A38A002BE9
:1095FC00EDD0012120460192FFF7B8FE019A25F02B
:10960C000055024345F0A045E5E700BF00001150AE
:10961C0038B5857E044695B1FFF762FFA38A0BB976
:10962C00284638BD2046FFF785FF20B1012323775C
:10963C000025284638BD2046FFF7B8FFF8E78178AB
:10964C00014800F0D9FA00BFE48800102DE9F0437E
:10965C0043788146023B0D4685B0042B13D8DFE8D6
:10966C0003F0034A6A73440000217B4B1A7822F002
:10967C0001021A701A7822F002021A7059701A78C4
:10968C0061F382021A70754B1C686369EFF31082E8
:10969C0072B6D3E8CF0F01210028FAD1C3E8401FDE
:1096AC000028F6D1BFF35F8FA2614946204600F037
:1096BC00AFFA00236269C2E88F3FA36983F3108875
:1096CC0048B94FF0E023D3F8F03DDB070AD500BED4
:1096DC0005B0BDE8F0832A4699F8011099F800000E
:1096EC0000F09AFA05B0BDE8F0835D4A13780133B7
:1096FC00DBB21370C7E700245A4E23463178DFF8EB
:10970C006C81594F11E03B6813EB441307D0DB69B4
:10971C002BB1D9F8041099F800009847317801342E
:10972C00E4B24A1CA242234617DBA142EBD85B1AD7
:10973C0008EB4313EBE7484B1A78D607D2D51A78C7
:10974C0042F004021A709EE7434B1A78D407C9D52D
:10975C001A7822F004021A7095E73F4C23785807C8
:10976C003AD4E378DA07BDD5032300263B4A99F8AF
:10977C0000101468D9F804208DF804108DF8053009
:10978C006369CDF80660CDF80A60ADF80E60029200
:10979C00EFF3108272B6D3E8CF0F01210028FAD173
:1097AC00C3E8401F0028F6D1BFF35F8F2046A261AB
:1097BC0001A900F02DFA6369C3E88F6FA36983F3E5
:1097CC00108800283FF47DAF2A469DF805109DF8BF
:1097DC00040000F021FA85E72378002723F0040326
:1097EC00237005231D4A8DF80530166899F8002062
:1097FC00ADF80E708DF804207369CDF80670CDF8B5
:10980C000A70EFF3108272B6D3E8CF0F0121002853
:10981C00FAD1C3E8401F0028F6D1BFF35F8F304662
:10982C00B26101A900F0F4F97369C3E88F7FB369E1
:10983C0083F3108838B94FF0E023D3F8F03DD90703
:10984C008FD500BE8DE72A469DF805109DF80400C3
:10985C0000F0E2F985E700BF981C0020F01C002006
:10986C00D2260020D0260020C81A00204C8B0010D5
:10987C0053B94AB9002908BF00281CBF4FF0FF316B
:10988C004FF0FF3000F0B2B9ADF1080C6DE904CE29
:10989C0000F006F8DDF804E0DDE9022304B07047BF
:1098AC002DE9F04F8C46099E04460F46002B48D1FB
:1098BC008A4215465ED9B2FA82F33BB1C3F120025B
:1098CC009F409D409C4020FA02F217434FEA154EF0
:1098DC001FFA85FC220CB7FBFEF10EFB117701FB86
:1098EC000CF042EA0742904207D9AA1801F1FF375F
:1098FC0002D2904200F258813946121AA4B2B2FB3D
:10990C00FEF00EFB102200FB0CFC44EA0244A445C2
:10991C000BD92C1900F1FF322CBF01270027A445CD
:10992C0002D9002F00F04381104640EA0140A4EB1D
:10993C000C0400211EB1DC400023C6E90043BDE845
:10994C00F08F8B4206D90EB1C6E900010021084602
:10995C00BDE8F08FB3FA83F1002951D16345C0F013
:10996C001681824240F213810846002EE7D0C6E9E8
:10997C000047E4E7002A00F0AF80B2FA82F3002B34
:10998C0040F0C2808A1A4FEA154EAFB20121200C6A
:10999C00B2FBFEFC0EFB1C2240EA024207FB0CF061
:1099AC0090420ED9AA180CF1FF382CBF4FF00109C8
:1099BC004FF00009904203D9B9F1000F00F0F0808C
:1099CC00C446121AA4B2B2FBFEF00EFB102200FB2E
:1099DC0007F744EA0244A7420ED92C1900F1FF32D2
:1099EC002CBF4FF0010E4FF0000EA74203D9BEF171
:1099FC00000F00F0D2801046E41B40EA0C4099E7BF
:109A0C00C1F120058B400CFA01F400FA01F922FA9D
:109A1C0005F72CFA05FC8A401F4320FA05F3380C95
:109A2C0023431FFA87FE1C0CBCFBF0F800FB18CC80
:109A3C0044EA0C4408FB0EFCA4450ED93C1908F171
:109A4C00FF3A2CBF4FF0010B4FF0000BA44503D98C
:109A5C00BBF1000F00F0B880D046A4EB0C041FFA49
:109A6C0083FCB4FBF0F300FB134403FB0EFE4CEA47
:109A7C000444A6450ED93C1903F1FF302CBF4FF01E
:109A8C00010C4FF0000CA64503D9BCF1000F00F0FF
:109A9C009F80034643EA0840A4EB0E04A0FB02ECB3
:109AAC0064457346E04602D307D1F14505D2BEEBBF
:109ABC0002036CEB070C0138E0465EB1B9EB030214
:109ACC0064EB080404FA05F522FA01F3CC401D43BB
:109ADC00C6E90054002132E742082F464B08AC4639
:109AEC0042EAC172AE46C407110C92B241EA03417C
:109AFC0042EA0142B1FBF5F1B3FBF5F01F23A2EBF7
:109B0C000C0241EA004142E79D40C3F1200299401A
:109B1C009C402CFA02FC4FEA154E20FA02F2AFB22E
:109B2C00BCFBFEF80A430EFB18CC110C41EA0C41AD
:109B3C0008FB07FC8C4550D9691808F1FF302CBF85
:109B4C004FF001094FF000098C4502D9B9F1000F13
:109B5C0030D0A1EB0C01B1FBFEF808FB07FC0EFBAF
:109B6C00181192B242EA0142624534D2AA1808F1A5
:109B7C00FF312CBF4FF001094FF000096245BED2F6
:109B8C00B9F1000FBBD1A8F102012A44B7E7841A3E
:109B9C006CEB030201201746E7E62C4402382BE756
:109BAC00ACF1020C2A440CE702392A44A5E62C44F9
:109BBC000238BAE6A5EB0C0CA8F102006144B1FB2B
:109BCC00FEF808FB07FCCAE7A8F102083C4444E78E
:109BDC00023B3C445EE7414691E7A1EB0C01404659
:109BEC00B1FBFEF808FB07FCB9E700BF704700BFEC
:109BFC005FF800F0691100105FF800F00D04001020
:109C0C005FF800F0518000105FF800F06110001058
:109C1C005FF800F0D15800105FF800F0F93E00102A
:109C2C001000000000000000000001000000000017
:109C3C000000000000000200000000000000000016
:109C4C000000030000000000000000000000FF0006
:109C5C000000000001B5486801318E46004770468F
:109C6C0009380149884701BD810800100000000037
:109C7C0000000000000000000000000000000000D8
:109C8C0080170020A536001051360010C935001081
:109C9C00393500100000000000010000F41C002009
:109CAC0010000C000000000000000000000000008C
:109CBC000000000000000000FFFF0000AAAAAAAAF2
:109CCC00FFFFFFFF0000020000000000000000008A
:109CDC002812002028120020301200203012002000
:109CEC0038120020381200204012002040120020B0
:109CFC004812002048120020501200205012002060
:109D0C00581200205812002060120020601200200F
:109D1C0068120020681200207012002070120020BF
:109D2C00781200207812002080120020801200206F
:109D3C00881200208812002090120020901200201F
:109D4C009812002098120020A0120020A0120020CF
:109D5C00A8120020A8120020B0120020B01200207F
:109D6C00B8120020B8120020C0120020C01200202F
:109D7C00C8120020C8120020D0120020D0120020DF
:109D8C00D8120020D8120020E0120020E01200208F
:109D9C00E8120020E8120020F0120020F01200203F
:109DAC00F8120020F81200200013002000130020ED
:109DBC00081300200813002010130020101300209B
:109DCC00181300201813002020130020201300204B
:109DDC0028130020281300203013002030130020FB
:109DEC0038130020381300204013002040130020AB
:109DFC00481300204813002050130020501300205B
:109E0C00581300205813002060130020601300200A
:109E1C0068130020681300207013002070130020BA
:109E2C00781300207813002080130020801300206A
:109E3C00881300208813002090130020901300201A
:109E4C009813002098130020A0130020A0130020CA
:109E5C00A8130020A8130020B0130020B01300207A
:109E6C00B8130020B8130020C0130020C01300202A
:109E7C00C8130020C8130020D0130020D0130020DA
:109E8C00D8130020D8130020E0130020E01300208A
:109E9C00E8130020E8130020F0130020F01300203A
:109EAC00F8130020F81300200014002000140020E8
:109EBC000814002008140020101400201014002096
:109ECC001814002018140020201400202014002046
:109EDC0028140020281400203014002030140020F6
:109EEC0038140020381400204014002040140020A6
:109EFC004814002048140020501400205014002056
:109F0C005814002058140020601400206014002005
:109F1C0068140020681400207014002070140020B5
:109F2C007814002078140020801400208014002065
:109F3C008814002088140020901400209014002015
:109F4C009814002098140020A0140020A0140020C5
:109F5C00A8140020A8140020B0140020B014002075
:109F6C00B8140020B8140020C0140020C014002025
:109F7C00C8140020C8140020D0140020D0140020D5
:109F8C00D8140020D8140020E0140020E014002085
:109F9C00E8140020E8140020F0140020F014002035
:109FAC00F8140020F81400200015002000150020E3
:109FBC000815002008150020101500201015002091
:109FCC001815002018150020201500202015002041
:109FDC0028150020281500203015002030150020F1
:109FEC0038150020381500204015002040150020A1
:109FFC004815002048150020501500205015002051
:10A00C005815002058150020601500206015002000
:10A01C0068150020681500207015002070150020B0
:10A02C007815002078150020801500208015002060
:10A03C008815002088150020901500209015002010
:10A04C009815002098150020A0150020A0150020C0
:10A05C00A8150020A8150020B0150020B015002070
:10A06C00B8150020B8150020C0150020C015002020
:10A07C00C8150020C8150020D0150020D0150020D0
:10A08C00D8150020D8150020E0150020E015002080
:10A09C00E8150020E8150020F0150020F015002030
:10A0AC00F8150020F81500200016002000160020DE
:10A0BC00081600200816002010160020101600208C
:10A0CC00181600201816002020160020201600203C
:10A0DC00381600200000000000000000901900203D
:10A0EC00F8190020601A0020000000000000000099
:10A0FC000000000000000000000000000000000054
:10A10C000000000000000000000000000000000043
:10A11C000000000000000000000000000000000033
:10A12C000000000000000000000000000000000023
:10A13C000000000000000000000000000000000013
:10A14C000000000000000000000000000000000003
:10A15C0000000000000000000000000000000000F3
:10A16C0000000000000000000000000000000000E3
:10A17C0001000000000000000E33CDAB34126DE680
:10A18C00ECDE05000B0000000000000000000000E9
:10A19C0000000000000000000000000000000000B3
:10A1AC0000000000000000000000000000000000A3
:10A1BC000000000000000000000000000000000093
:10A1CC000000000000000000000000000000000083
:10A1DC000000000000000000000000000000000073
:10A1EC000000000000000000000000000000000063
:10A1FC000000000000000000000000000000000053
:10A20C000000000000000000000000000000000042
:10A21C000000000000000000000000000000000032
:10A22C00D3DEFFFFFE010000FF0100000C5FFFFF0B
:04A23C00793512ABB3
:040000051000014D99
:00000001FF
