
C:/Users/nahue/Desktop/Accesos Directos/GitHUB/Practicas_Rasberry/Practicas_FreeRTOS/Semaforo_mutex_2/Src/build/firmware.elf:     file format elf32-littlearm

Sections:
Idx Name          Size      VMA       LMA       File off  Algn
  0 .text         000085cc  10000000  10000000  00001000  2**3
                  CONTENTS, ALLOC, LOAD, READONLY, CODE
  1 .rodata       000005c0  100085d0  100085d0  000095d0  2**3
                  CONTENTS, ALLOC, LOAD, READONLY, DATA
  2 .ARM.exidx    00000008  10008b90  10008b90  00009b90  2**2
                  CONTENTS, ALLOC, LOAD, READONLY, DATA
  3 .binary_info  00000024  10008b98  10008b98  00009b98  2**2
                  CONTENTS, ALLOC, LOAD, READONLY, DATA
  4 .ram_vector_table 00000110  20000000  20000000  0000d000  2**2
                  ALLOC
  5 .uninitialized_data 00000000  20000110  20000110  0000c240  2**0
                  CONTENTS
  6 .data         00001670  20000110  10008bbc  0000a110  2**3
                  CONTENTS, ALLOC, LOAD, READONLY, CODE
  7 .tdata        00000000  20001780  20001780  0000c240  2**0
                  CONTENTS, ALLOC, LOAD, DATA, THREAD_LOCAL
  8 .tbss         00000000  20001780  20001780  00000000  2**0
                  ALLOC, THREAD_LOCAL
  9 .bss          00000f58  20001780  1000a22c  0000c780  2**3
                  ALLOC
 10 .heap         00000800  200026d8  200026d8  0000c240  2**2
                  CONTENTS, READONLY
 11 .scratch_x    00000000  20080000  20080000  0000ca40  2**0
                  CONTENTS
 12 .scratch_y    00000000  20081000  20081000  0000ca40  2**0
                  CONTENTS
 13 .stack_dummy  00000800  20081000  20081000  0000ca40  2**5
                  CONTENTS, READONLY
 14 .flash_end    00000014  1000a22c  1000a22c  0000c22c  2**2
                  CONTENTS, ALLOC, LOAD, READONLY, DATA
 15 .ARM.attributes 00000034  00000000  00000000  0000d240  2**0
                  CONTENTS, READONLY
 16 .comment      00000045  00000000  00000000  0000d274  2**0
                  CONTENTS, READONLY
 17 .debug_info   0003bd5f  00000000  00000000  0000d2b9  2**0
                  CONTENTS, READONLY, DEBUGGING, OCTETS
 18 .debug_abbrev 0000a219  00000000  00000000  00049018  2**0
                  CONTENTS, READONLY, DEBUGGING, OCTETS
 19 .debug_loclists 0001d26e  00000000  00000000  00053231  2**0
                  CONTENTS, READONLY, DEBUGGING, OCTETS
 20 .debug_aranges 00001708  00000000  00000000  000704a0  2**3
                  CONTENTS, READONLY, DEBUGGING, OCTETS
 21 .debug_rnglists 00004d11  00000000  00000000  00071ba8  2**0
                  CONTENTS, READONLY, DEBUGGING, OCTETS
 22 .debug_line   0002840f  00000000  00000000  000768b9  2**0
                  CONTENTS, READONLY, DEBUGGING, OCTETS
 23 .debug_str    0000b1cd  00000000  00000000  0009ecc8  2**0
                  CONTENTS, READONLY, DEBUGGING, OCTETS
 24 .debug_frame  000042e4  00000000  00000000  000a9e98  2**2
                  CONTENTS, READONLY, DEBUGGING, OCTETS
 25 .debug_line_str 000002c8  00000000  00000000  000ae17c  2**0
                  CONTENTS, READONLY, DEBUGGING, OCTETS

C:/Users/nahue/Desktop/Accesos Directos/GitHUB/Practicas_Rasberry/Practicas_FreeRTOS/Semaforo_mutex_2/Src/build/firmware.elf:     file format elf32-littlearm


Disassembly of section .text:

10000000 <__VECTOR_TABLE>:
10000000:	20082000 	.word	0x20082000
10000004:	1000015d 	.word	0x1000015d
10000008:	10000113 	.word	0x10000113
1000000c:	10000115 	.word	0x10000115
10000010:	10000111 	.word	0x10000111
10000014:	10000111 	.word	0x10000111
10000018:	10000111 	.word	0x10000111
1000001c:	10000111 	.word	0x10000111
10000020:	10000111 	.word	0x10000111
10000024:	10000111 	.word	0x10000111
10000028:	10000111 	.word	0x10000111
1000002c:	100079f5 	.word	0x100079f5
10000030:	10000111 	.word	0x10000111
10000034:	10000111 	.word	0x10000111
10000038:	10007975 	.word	0x10007975
1000003c:	100076d1 	.word	0x100076d1
10000040:	1000011d 	.word	0x1000011d
10000044:	1000011d 	.word	0x1000011d
10000048:	1000011d 	.word	0x1000011d
1000004c:	1000011d 	.word	0x1000011d
10000050:	1000011d 	.word	0x1000011d
10000054:	1000011d 	.word	0x1000011d
10000058:	1000011d 	.word	0x1000011d
1000005c:	1000011d 	.word	0x1000011d
10000060:	1000011d 	.word	0x1000011d
10000064:	1000011d 	.word	0x1000011d
10000068:	1000011d 	.word	0x1000011d
1000006c:	1000011d 	.word	0x1000011d
10000070:	1000011d 	.word	0x1000011d
10000074:	1000011d 	.word	0x1000011d
10000078:	1000011d 	.word	0x1000011d
1000007c:	1000011d 	.word	0x1000011d
10000080:	1000011d 	.word	0x1000011d
10000084:	1000011d 	.word	0x1000011d
10000088:	1000011d 	.word	0x1000011d
1000008c:	1000011d 	.word	0x1000011d
10000090:	1000011d 	.word	0x1000011d
10000094:	1000011d 	.word	0x1000011d
10000098:	1000011d 	.word	0x1000011d
1000009c:	1000011d 	.word	0x1000011d
100000a0:	1000011d 	.word	0x1000011d
100000a4:	1000011d 	.word	0x1000011d
100000a8:	1000011d 	.word	0x1000011d
100000ac:	1000011d 	.word	0x1000011d
100000b0:	1000011d 	.word	0x1000011d
100000b4:	1000011d 	.word	0x1000011d
100000b8:	1000011d 	.word	0x1000011d
100000bc:	1000011d 	.word	0x1000011d
100000c0:	1000011d 	.word	0x1000011d
100000c4:	1000011d 	.word	0x1000011d
100000c8:	1000011d 	.word	0x1000011d
100000cc:	1000011d 	.word	0x1000011d
100000d0:	1000011d 	.word	0x1000011d
100000d4:	1000011d 	.word	0x1000011d
100000d8:	1000011d 	.word	0x1000011d
100000dc:	1000011d 	.word	0x1000011d
100000e0:	1000011d 	.word	0x1000011d
100000e4:	1000011d 	.word	0x1000011d
100000e8:	1000011d 	.word	0x1000011d
100000ec:	1000011d 	.word	0x1000011d
100000f0:	1000011d 	.word	0x1000011d
100000f4:	1000011d 	.word	0x1000011d
100000f8:	1000011d 	.word	0x1000011d
100000fc:	1000011d 	.word	0x1000011d
10000100:	1000011d 	.word	0x1000011d
10000104:	1000011d 	.word	0x1000011d
10000108:	1000011d 	.word	0x1000011d
1000010c:	1000011d 	.word	0x1000011d

10000110 <isr_invalid>:
10000110:	be00      	bkpt	0x0000

10000112 <isr_nmi>:
10000112:	be00      	bkpt	0x0000

10000114 <isr_hardfault>:
10000114:	be00      	bkpt	0x0000
10000116:	be00      	bkpt	0x0000
10000118:	be00      	bkpt	0x0000
1000011a:	be00      	bkpt	0x0000

1000011c <__unhandled_user_irq>:
1000011c:	f3ef 8005 	mrs	r0, IPSR
10000120:	3810      	subs	r0, #16

10000122 <unhandled_user_irq_num_in_r0>:
10000122:	be00      	bkpt	0x0000

10000124 <binary_info_header>:
10000124:	7188ebf2 	.word	0x7188ebf2
10000128:	10008b98 	.word	0x10008b98
1000012c:	10008bbc 	.word	0x10008bbc
10000130:	100001a8 	.word	0x100001a8
10000134:	e71aa390 	.word	0xe71aa390

10000138 <__binary_info_header_end>:
10000138:	ffffded3 	.word	0xffffded3
1000013c:	10210142 	.word	0x10210142
10000140:	000001ff 	.word	0x000001ff
10000144:	0000a0f4 	.word	0x0000a0f4
10000148:	ab123579 	.word	0xab123579

1000014c <_entry_point>:
1000014c:	f04f 0000 	mov.w	r0, #0

10000150 <_enter_vtable_in_r0>:
10000150:	4920      	ldr	r1, [pc, #128]	@ (100001d4 <data_cpy_table+0x2c>)
10000152:	6008      	str	r0, [r1, #0]
10000154:	c806      	ldmia	r0!, {r1, r2}
10000156:	f381 8808 	msr	MSP, r1
1000015a:	4710      	bx	r2

1000015c <_reset_handler>:
1000015c:	f04f 4050 	mov.w	r0, #3489660928	@ 0xd0000000
10000160:	6800      	ldr	r0, [r0, #0]
10000162:	b110      	cbz	r0, 1000016a <hold_non_core0_in_bootrom+0x6>

10000164 <hold_non_core0_in_bootrom>:
10000164:	f04f 0000 	mov.w	r0, #0
10000168:	e7f2      	b.n	10000150 <_enter_vtable_in_r0>
1000016a:	a40f      	add	r4, pc, #60	@ (adr r4, 100001a8 <data_cpy_table>)
1000016c:	cc0e      	ldmia	r4!, {r1, r2, r3}
1000016e:	2900      	cmp	r1, #0
10000170:	d002      	beq.n	10000178 <hold_non_core0_in_bootrom+0x14>
10000172:	f000 f815 	bl	100001a0 <data_cpy>
10000176:	e7f9      	b.n	1000016c <hold_non_core0_in_bootrom+0x8>
10000178:	4917      	ldr	r1, [pc, #92]	@ (100001d8 <data_cpy_table+0x30>)
1000017a:	4a18      	ldr	r2, [pc, #96]	@ (100001dc <data_cpy_table+0x34>)
1000017c:	2000      	movs	r0, #0
1000017e:	e000      	b.n	10000182 <bss_fill_test>

10000180 <bss_fill_loop>:
10000180:	c101      	stmia	r1!, {r0}

10000182 <bss_fill_test>:
10000182:	4291      	cmp	r1, r2
10000184:	d1fc      	bne.n	10000180 <bss_fill_loop>

10000186 <platform_entry>:
10000186:	2000      	movs	r0, #0
10000188:	f380 880a 	msr	MSPLIM, r0
1000018c:	4914      	ldr	r1, [pc, #80]	@ (100001e0 <data_cpy_table+0x38>)
1000018e:	4788      	blx	r1
10000190:	4914      	ldr	r1, [pc, #80]	@ (100001e4 <data_cpy_table+0x3c>)
10000192:	4788      	blx	r1
10000194:	4914      	ldr	r1, [pc, #80]	@ (100001e8 <data_cpy_table+0x40>)
10000196:	4788      	blx	r1
10000198:	be00      	bkpt	0x0000
1000019a:	e7fd      	b.n	10000198 <platform_entry+0x12>

1000019c <data_cpy_loop>:
1000019c:	c901      	ldmia	r1!, {r0}
1000019e:	c201      	stmia	r2!, {r0}

100001a0 <data_cpy>:
100001a0:	429a      	cmp	r2, r3
100001a2:	d3fb      	bcc.n	1000019c <data_cpy_loop>
100001a4:	4770      	bx	lr
100001a6:	bf00      	nop

100001a8 <data_cpy_table>:
100001a8:	10008bbc 	.word	0x10008bbc
100001ac:	20000110 	.word	0x20000110
100001b0:	20001780 	.word	0x20001780
100001b4:	1000a22c 	.word	0x1000a22c
100001b8:	20080000 	.word	0x20080000
100001bc:	20080000 	.word	0x20080000
100001c0:	1000a22c 	.word	0x1000a22c
100001c4:	20081000 	.word	0x20081000
100001c8:	20081000 	.word	0x20081000
100001cc:	00000000 	.word	0x00000000
100001d0:	4770      	bx	lr
100001d2:	0000      	.short	0x0000
100001d4:	e000ed08 	.word	0xe000ed08
100001d8:	20001780 	.word	0x20001780
100001dc:	200026d8 	.word	0x200026d8
100001e0:	10003061 	.word	0x10003061
100001e4:	10000369 	.word	0x10000369
100001e8:	10003059 	.word	0x10003059

100001ec <_init>:
100001ec:	b5f8      	push	{r3, r4, r5, r6, r7, lr}
100001ee:	bf00      	nop

100001f0 <register_tm_clones>:
100001f0:	4b06      	ldr	r3, [pc, #24]	@ (1000020c <register_tm_clones+0x1c>)
100001f2:	4907      	ldr	r1, [pc, #28]	@ (10000210 <register_tm_clones+0x20>)
100001f4:	1ac9      	subs	r1, r1, r3
100001f6:	1089      	asrs	r1, r1, #2
100001f8:	bf48      	it	mi
100001fa:	3101      	addmi	r1, #1
100001fc:	1049      	asrs	r1, r1, #1
100001fe:	d003      	beq.n	10000208 <register_tm_clones+0x18>
10000200:	4b04      	ldr	r3, [pc, #16]	@ (10000214 <register_tm_clones+0x24>)
10000202:	b10b      	cbz	r3, 10000208 <register_tm_clones+0x18>
10000204:	4801      	ldr	r0, [pc, #4]	@ (1000020c <register_tm_clones+0x1c>)
10000206:	4718      	bx	r3
10000208:	4770      	bx	lr
1000020a:	bf00      	nop
1000020c:	20001780 	.word	0x20001780
10000210:	20001780 	.word	0x20001780
10000214:	00000000 	.word	0x00000000

10000218 <frame_dummy>:
10000218:	b508      	push	{r3, lr}
1000021a:	4b05      	ldr	r3, [pc, #20]	@ (10000230 <frame_dummy+0x18>)
1000021c:	b11b      	cbz	r3, 10000226 <frame_dummy+0xe>
1000021e:	4905      	ldr	r1, [pc, #20]	@ (10000234 <frame_dummy+0x1c>)
10000220:	4805      	ldr	r0, [pc, #20]	@ (10000238 <frame_dummy+0x20>)
10000222:	f3af 8000 	nop.w
10000226:	e8bd 4008 	ldmia.w	sp!, {r3, lr}
1000022a:	f7ff bfe1 	b.w	100001f0 <register_tm_clones>
1000022e:	bf00      	nop
10000230:	00000000 	.word	0x00000000
10000234:	20002504 	.word	0x20002504
10000238:	100085cc 	.word	0x100085cc

1000023c <vTareaLectura>:
1000023c:	b538      	push	{r3, r4, r5, lr}
1000023e:	4604      	mov	r4, r0
10000240:	4d05      	ldr	r5, [pc, #20]	@ (10000258 <vTareaLectura+0x1c>)
10000242:	4621      	mov	r1, r4
10000244:	682a      	ldr	r2, [r5, #0]
10000246:	4805      	ldr	r0, [pc, #20]	@ (1000025c <vTareaLectura+0x20>)
10000248:	f003 f8f6 	bl	10003438 <__wrap_printf>
1000024c:	f44f 7096 	mov.w	r0, #300	@ 0x12c
10000250:	f006 fd64 	bl	10006d1c <vTaskDelay>
10000254:	e7f5      	b.n	10000242 <vTareaLectura+0x6>
10000256:	bf00      	nop
10000258:	200020b8 	.word	0x200020b8
1000025c:	100085d0 	.word	0x100085d0

10000260 <vTareaIncrementar>:
10000260:	b5f8      	push	{r3, r4, r5, r6, r7, lr}
10000262:	4604      	mov	r4, r0
10000264:	4e19      	ldr	r6, [pc, #100]	@ (100002cc <vTareaIncrementar+0x6c>)
10000266:	4f1a      	ldr	r7, [pc, #104]	@ (100002d0 <vTareaIncrementar+0x70>)
10000268:	e01f      	b.n	100002aa <vTareaIncrementar+0x4a>
1000026a:	481a      	ldr	r0, [pc, #104]	@ (100002d4 <vTareaIncrementar+0x74>)
1000026c:	f003 f8e4 	bl	10003438 <__wrap_printf>
10000270:	683d      	ldr	r5, [r7, #0]
10000272:	4621      	mov	r1, r4
10000274:	462a      	mov	r2, r5
10000276:	4818      	ldr	r0, [pc, #96]	@ (100002d8 <vTareaIncrementar+0x78>)
10000278:	f003 f8de 	bl	10003438 <__wrap_printf>
1000027c:	20c8      	movs	r0, #200	@ 0xc8
1000027e:	f006 fd4d 	bl	10006d1c <vTaskDelay>
10000282:	1c6a      	adds	r2, r5, #1
10000284:	4621      	mov	r1, r4
10000286:	4815      	ldr	r0, [pc, #84]	@ (100002dc <vTareaIncrementar+0x7c>)
10000288:	603a      	str	r2, [r7, #0]
1000028a:	f003 f8d5 	bl	10003438 <__wrap_printf>
1000028e:	2300      	movs	r3, #0
10000290:	6830      	ldr	r0, [r6, #0]
10000292:	4619      	mov	r1, r3
10000294:	461a      	mov	r2, r3
10000296:	f005 fcf3 	bl	10005c80 <xQueueGenericSend>
1000029a:	4621      	mov	r1, r4
1000029c:	4810      	ldr	r0, [pc, #64]	@ (100002e0 <vTareaIncrementar+0x80>)
1000029e:	f003 f8cb 	bl	10003438 <__wrap_printf>
100002a2:	f44f 70fa 	mov.w	r0, #500	@ 0x1f4
100002a6:	f006 fd39 	bl	10006d1c <vTaskDelay>
100002aa:	4621      	mov	r1, r4
100002ac:	480d      	ldr	r0, [pc, #52]	@ (100002e4 <vTareaIncrementar+0x84>)
100002ae:	f003 f8c3 	bl	10003438 <__wrap_printf>
100002b2:	f44f 717a 	mov.w	r1, #1000	@ 0x3e8
100002b6:	6830      	ldr	r0, [r6, #0]
100002b8:	f005 ff9a 	bl	100061f0 <xQueueSemaphoreTake>
100002bc:	2801      	cmp	r0, #1
100002be:	4621      	mov	r1, r4
100002c0:	d0d3      	beq.n	1000026a <vTareaIncrementar+0xa>
100002c2:	4809      	ldr	r0, [pc, #36]	@ (100002e8 <vTareaIncrementar+0x88>)
100002c4:	f003 f8b8 	bl	10003438 <__wrap_printf>
100002c8:	e7eb      	b.n	100002a2 <vTareaIncrementar+0x42>
100002ca:	bf00      	nop
100002cc:	20002670 	.word	0x20002670
100002d0:	200020b8 	.word	0x200020b8
100002d4:	1000860c 	.word	0x1000860c
100002d8:	10008638 	.word	0x10008638
100002dc:	10008650 	.word	0x10008650
100002e0:	10008668 	.word	0x10008668
100002e4:	100085e8 	.word	0x100085e8
100002e8:	1000867c 	.word	0x1000867c

100002ec <vTareaDecrementar>:
100002ec:	b5f8      	push	{r3, r4, r5, r6, r7, lr}
100002ee:	4605      	mov	r5, r0
100002f0:	4f16      	ldr	r7, [pc, #88]	@ (1000034c <vTareaDecrementar+0x60>)
100002f2:	4e17      	ldr	r6, [pc, #92]	@ (10000350 <vTareaDecrementar+0x64>)
100002f4:	4629      	mov	r1, r5
100002f6:	4817      	ldr	r0, [pc, #92]	@ (10000354 <vTareaDecrementar+0x68>)
100002f8:	f003 f89e 	bl	10003438 <__wrap_printf>
100002fc:	f04f 31ff 	mov.w	r1, #4294967295
10000300:	6838      	ldr	r0, [r7, #0]
10000302:	f005 ff75 	bl	100061f0 <xQueueSemaphoreTake>
10000306:	4629      	mov	r1, r5
10000308:	4813      	ldr	r0, [pc, #76]	@ (10000358 <vTareaDecrementar+0x6c>)
1000030a:	f003 f895 	bl	10003438 <__wrap_printf>
1000030e:	6834      	ldr	r4, [r6, #0]
10000310:	4629      	mov	r1, r5
10000312:	4622      	mov	r2, r4
10000314:	4811      	ldr	r0, [pc, #68]	@ (1000035c <vTareaDecrementar+0x70>)
10000316:	f003 f88f 	bl	10003438 <__wrap_printf>
1000031a:	f44f 7096 	mov.w	r0, #300	@ 0x12c
1000031e:	f006 fcfd 	bl	10006d1c <vTaskDelay>
10000322:	1e62      	subs	r2, r4, #1
10000324:	4629      	mov	r1, r5
10000326:	480e      	ldr	r0, [pc, #56]	@ (10000360 <vTareaDecrementar+0x74>)
10000328:	6032      	str	r2, [r6, #0]
1000032a:	f003 f885 	bl	10003438 <__wrap_printf>
1000032e:	2300      	movs	r3, #0
10000330:	6838      	ldr	r0, [r7, #0]
10000332:	4619      	mov	r1, r3
10000334:	461a      	mov	r2, r3
10000336:	f005 fca3 	bl	10005c80 <xQueueGenericSend>
1000033a:	4629      	mov	r1, r5
1000033c:	4809      	ldr	r0, [pc, #36]	@ (10000364 <vTareaDecrementar+0x78>)
1000033e:	f003 f87b 	bl	10003438 <__wrap_printf>
10000342:	f44f 702f 	mov.w	r0, #700	@ 0x2bc
10000346:	f006 fce9 	bl	10006d1c <vTaskDelay>
1000034a:	e7d3      	b.n	100002f4 <vTareaDecrementar+0x8>
1000034c:	20002670 	.word	0x20002670
10000350:	200020b8 	.word	0x200020b8
10000354:	100086a8 	.word	0x100086a8
10000358:	1000860c 	.word	0x1000860c
1000035c:	10008638 	.word	0x10008638
10000360:	10008650 	.word	0x10008650
10000364:	10008668 	.word	0x10008668

10000368 <main>:
10000368:	b530      	push	{r4, r5, lr}
1000036a:	b083      	sub	sp, #12
1000036c:	f002 ffa0 	bl	100032b0 <stdio_init_all>
10000370:	4819      	ldr	r0, [pc, #100]	@ (100003d8 <main+0x70>)
10000372:	f002 ffe1 	bl	10003338 <__wrap_puts>
10000376:	2001      	movs	r0, #1
10000378:	f005 fdc2 	bl	10005f00 <xQueueCreateMutex>
1000037c:	4b17      	ldr	r3, [pc, #92]	@ (100003dc <main+0x74>)
1000037e:	6018      	str	r0, [r3, #0]
10000380:	b318      	cbz	r0, 100003ca <main+0x62>
10000382:	2400      	movs	r4, #0
10000384:	2502      	movs	r5, #2
10000386:	4816      	ldr	r0, [pc, #88]	@ (100003e0 <main+0x78>)
10000388:	f002 ffd6 	bl	10003338 <__wrap_puts>
1000038c:	f44f 7280 	mov.w	r2, #256	@ 0x100
10000390:	e9cd 5400 	strd	r5, r4, [sp]
10000394:	4b13      	ldr	r3, [pc, #76]	@ (100003e4 <main+0x7c>)
10000396:	4914      	ldr	r1, [pc, #80]	@ (100003e8 <main+0x80>)
10000398:	4814      	ldr	r0, [pc, #80]	@ (100003ec <main+0x84>)
1000039a:	f006 fb15 	bl	100069c8 <xTaskCreate>
1000039e:	e9cd 5400 	strd	r5, r4, [sp]
100003a2:	2501      	movs	r5, #1
100003a4:	f44f 7280 	mov.w	r2, #256	@ 0x100
100003a8:	4b11      	ldr	r3, [pc, #68]	@ (100003f0 <main+0x88>)
100003aa:	4912      	ldr	r1, [pc, #72]	@ (100003f4 <main+0x8c>)
100003ac:	4812      	ldr	r0, [pc, #72]	@ (100003f8 <main+0x90>)
100003ae:	f006 fb0b 	bl	100069c8 <xTaskCreate>
100003b2:	f44f 7280 	mov.w	r2, #256	@ 0x100
100003b6:	4b11      	ldr	r3, [pc, #68]	@ (100003fc <main+0x94>)
100003b8:	4911      	ldr	r1, [pc, #68]	@ (10000400 <main+0x98>)
100003ba:	e9cd 5400 	strd	r5, r4, [sp]
100003be:	4811      	ldr	r0, [pc, #68]	@ (10000404 <main+0x9c>)
100003c0:	f006 fb02 	bl	100069c8 <xTaskCreate>
100003c4:	f006 fb82 	bl	10006acc <vTaskStartScheduler>
100003c8:	e7fe      	b.n	100003c8 <main+0x60>
100003ca:	480f      	ldr	r0, [pc, #60]	@ (10000408 <main+0xa0>)
100003cc:	f002 ffb4 	bl	10003338 <__wrap_puts>
100003d0:	2001      	movs	r0, #1
100003d2:	b003      	add	sp, #12
100003d4:	bd30      	pop	{r4, r5, pc}
100003d6:	bf00      	nop
100003d8:	100086c0 	.word	0x100086c0
100003dc:	20002670 	.word	0x20002670
100003e0:	10008714 	.word	0x10008714
100003e4:	10008730 	.word	0x10008730
100003e8:	1000873c 	.word	0x1000873c
100003ec:	10000261 	.word	0x10000261
100003f0:	10008750 	.word	0x10008750
100003f4:	1000875c 	.word	0x1000875c
100003f8:	100002ed 	.word	0x100002ed
100003fc:	10008770 	.word	0x10008770
10000400:	10008778 	.word	0x10008778
10000404:	1000023d 	.word	0x1000023d
10000408:	100086f0 	.word	0x100086f0

1000040c <panic>:
1000040c:	b40f      	push	{r0, r1, r2, r3}
1000040e:	b500      	push	{lr}
10000410:	b083      	sub	sp, #12
10000412:	9c04      	ldr	r4, [sp, #16]
10000414:	4807      	ldr	r0, [pc, #28]	@ (10000434 <panic+0x28>)
10000416:	f002 ff8f 	bl	10003338 <__wrap_puts>
1000041a:	b13c      	cbz	r4, 1000042c <panic+0x20>
1000041c:	a905      	add	r1, sp, #20
1000041e:	4620      	mov	r0, r4
10000420:	9101      	str	r1, [sp, #4]
10000422:	f002 fde9 	bl	10002ff8 <weak_raw_vprintf>
10000426:	4804      	ldr	r0, [pc, #16]	@ (10000438 <panic+0x2c>)
10000428:	f002 ff86 	bl	10003338 <__wrap_puts>
1000042c:	2001      	movs	r0, #1
1000042e:	f002 fdfb 	bl	10003028 <_exit>
10000432:	bf00      	nop
10000434:	10008788 	.word	0x10008788
10000438:	10008798 	.word	0x10008798

1000043c <hw_claim_or_assert>:
1000043c:	b570      	push	{r4, r5, r6, lr}
1000043e:	4686      	mov	lr, r0
10000440:	f3ef 8510 	mrs	r5, PRIMASK
10000444:	b672      	cpsid	i
10000446:	4c12      	ldr	r4, [pc, #72]	@ (10000490 <hw_claim_or_assert+0x54>)
10000448:	e8d4 6fcf 	ldaexb	r6, [r4]
1000044c:	2001      	movs	r0, #1
1000044e:	2e00      	cmp	r6, #0
10000450:	d1fa      	bne.n	10000448 <hw_claim_or_assert+0xc>
10000452:	e8c4 0f46 	strexb	r6, r0, [r4]
10000456:	2e00      	cmp	r6, #0
10000458:	d1f6      	bne.n	10000448 <hw_claim_or_assert+0xc>
1000045a:	f3bf 8f5f 	dmb	sy
1000045e:	f04f 0c01 	mov.w	ip, #1
10000462:	08c8      	lsrs	r0, r1, #3
10000464:	f001 0307 	and.w	r3, r1, #7
10000468:	fa0c f303 	lsl.w	r3, ip, r3
1000046c:	f81e c000 	ldrb.w	ip, [lr, r0]
10000470:	ea1c 0603 	ands.w	r6, ip, r3
10000474:	d108      	bne.n	10000488 <hw_claim_or_assert+0x4c>
10000476:	ea4c 0c03 	orr.w	ip, ip, r3
1000047a:	f80e c000 	strb.w	ip, [lr, r0]
1000047e:	e8c4 6f8f 	stlb	r6, [r4]
10000482:	f385 8810 	msr	PRIMASK, r5
10000486:	bd70      	pop	{r4, r5, r6, pc}
10000488:	4610      	mov	r0, r2
1000048a:	f7ff ffbf 	bl	1000040c <panic>
1000048e:	bf00      	nop
10000490:	20001c77 	.word	0x20001c77

10000494 <hw_claim_unused_from_range>:
10000494:	b5f8      	push	{r3, r4, r5, r6, r7, lr}
10000496:	f3ef 8710 	mrs	r7, PRIMASK
1000049a:	b672      	cpsid	i
1000049c:	4e1c      	ldr	r6, [pc, #112]	@ (10000510 <hw_claim_unused_from_range+0x7c>)
1000049e:	e8d6 5fcf 	ldaexb	r5, [r6]
100004a2:	2401      	movs	r4, #1
100004a4:	2d00      	cmp	r5, #0
100004a6:	d1fa      	bne.n	1000049e <hw_claim_unused_from_range+0xa>
100004a8:	e8c6 4f45 	strexb	r5, r4, [r6]
100004ac:	2d00      	cmp	r5, #0
100004ae:	d1f6      	bne.n	1000049e <hw_claim_unused_from_range+0xa>
100004b0:	f3bf 8f5f 	dmb	sy
100004b4:	429a      	cmp	r2, r3
100004b6:	d81b      	bhi.n	100004f0 <hw_claim_unused_from_range+0x5c>
100004b8:	2501      	movs	r5, #1
100004ba:	e002      	b.n	100004c2 <hw_claim_unused_from_range+0x2e>
100004bc:	3201      	adds	r2, #1
100004be:	4293      	cmp	r3, r2
100004c0:	d322      	bcc.n	10000508 <hw_claim_unused_from_range+0x74>
100004c2:	08d4      	lsrs	r4, r2, #3
100004c4:	f810 e004 	ldrb.w	lr, [r0, r4]
100004c8:	f002 0c07 	and.w	ip, r2, #7
100004cc:	fa05 fc0c 	lsl.w	ip, r5, ip
100004d0:	ea1e 0f0c 	tst.w	lr, ip
100004d4:	d1f2      	bne.n	100004bc <hw_claim_unused_from_range+0x28>
100004d6:	ea4e 0e0c 	orr.w	lr, lr, ip
100004da:	f800 e004 	strb.w	lr, [r0, r4]
100004de:	4610      	mov	r0, r2
100004e0:	2300      	movs	r3, #0
100004e2:	e8c6 3f8f 	stlb	r3, [r6]
100004e6:	f387 8810 	msr	PRIMASK, r7
100004ea:	4298      	cmp	r0, r3
100004ec:	db07      	blt.n	100004fe <hw_claim_unused_from_range+0x6a>
100004ee:	bdf8      	pop	{r3, r4, r5, r6, r7, pc}
100004f0:	2300      	movs	r3, #0
100004f2:	e8c6 3f8f 	stlb	r3, [r6]
100004f6:	f387 8810 	msr	PRIMASK, r7
100004fa:	f04f 30ff 	mov.w	r0, #4294967295
100004fe:	2900      	cmp	r1, #0
10000500:	d0f5      	beq.n	100004ee <hw_claim_unused_from_range+0x5a>
10000502:	9806      	ldr	r0, [sp, #24]
10000504:	f7ff ff82 	bl	1000040c <panic>
10000508:	f04f 30ff 	mov.w	r0, #4294967295
1000050c:	e7e8      	b.n	100004e0 <hw_claim_unused_from_range+0x4c>
1000050e:	bf00      	nop
10000510:	20001c77 	.word	0x20001c77

10000514 <next_striped_spin_lock_num>:
10000514:	4a04      	ldr	r2, [pc, #16]	@ (10000528 <next_striped_spin_lock_num+0x14>)
10000516:	7810      	ldrb	r0, [r2, #0]
10000518:	1c43      	adds	r3, r0, #1
1000051a:	b2db      	uxtb	r3, r3
1000051c:	2b18      	cmp	r3, #24
1000051e:	bf28      	it	cs
10000520:	2310      	movcs	r3, #16
10000522:	7013      	strb	r3, [r2, #0]
10000524:	4770      	bx	lr
10000526:	bf00      	nop
10000528:	20001180 	.word	0x20001180

1000052c <spin_lock_claim_unused>:
1000052c:	b510      	push	{r4, lr}
1000052e:	4c05      	ldr	r4, [pc, #20]	@ (10000544 <spin_lock_claim_unused+0x18>)
10000530:	b082      	sub	sp, #8
10000532:	4601      	mov	r1, r0
10000534:	231f      	movs	r3, #31
10000536:	2218      	movs	r2, #24
10000538:	9400      	str	r4, [sp, #0]
1000053a:	4803      	ldr	r0, [pc, #12]	@ (10000548 <spin_lock_claim_unused+0x1c>)
1000053c:	f7ff ffaa 	bl	10000494 <hw_claim_unused_from_range>
10000540:	b002      	add	sp, #8
10000542:	bd10      	pop	{r4, pc}
10000544:	1000879c 	.word	0x1000879c
10000548:	20002088 	.word	0x20002088

1000054c <spinlock_set_extexclall>:
1000054c:	f04f 22e0 	mov.w	r2, #3758153728	@ 0xe000e000
10000550:	6893      	ldr	r3, [r2, #8]
10000552:	f043 5300 	orr.w	r3, r3, #536870912	@ 0x20000000
10000556:	6093      	str	r3, [r2, #8]
10000558:	4770      	bx	lr
1000055a:	bf00      	nop

1000055c <spin_locks_reset>:
1000055c:	2100      	movs	r1, #0
1000055e:	4b04      	ldr	r3, [pc, #16]	@ (10000570 <spin_locks_reset+0x14>)
10000560:	f103 0220 	add.w	r2, r3, #32
10000564:	e8c3 1f8f 	stlb	r1, [r3]
10000568:	3301      	adds	r3, #1
1000056a:	4293      	cmp	r3, r2
1000056c:	d1fa      	bne.n	10000564 <spin_locks_reset+0x8>
1000056e:	4770      	bx	lr
10000570:	20001c6c 	.word	0x20001c6c

10000574 <runtime_init_per_core_irq_priorities>:
10000574:	f04f 23e0 	mov.w	r3, #3758153728	@ 0xe000e000
10000578:	f04f 3280 	mov.w	r2, #2155905152	@ 0x80808080
1000057c:	f8c3 2400 	str.w	r2, [r3, #1024]	@ 0x400
10000580:	f8c3 2404 	str.w	r2, [r3, #1028]	@ 0x404
10000584:	f8c3 2408 	str.w	r2, [r3, #1032]	@ 0x408
10000588:	f8c3 240c 	str.w	r2, [r3, #1036]	@ 0x40c
1000058c:	f8c3 2410 	str.w	r2, [r3, #1040]	@ 0x410
10000590:	f8c3 2414 	str.w	r2, [r3, #1044]	@ 0x414
10000594:	f8c3 2418 	str.w	r2, [r3, #1048]	@ 0x418
10000598:	f8c3 241c 	str.w	r2, [r3, #1052]	@ 0x41c
1000059c:	f8c3 2420 	str.w	r2, [r3, #1056]	@ 0x420
100005a0:	f8c3 2424 	str.w	r2, [r3, #1060]	@ 0x424
100005a4:	f8c3 2428 	str.w	r2, [r3, #1064]	@ 0x428
100005a8:	f8c3 242c 	str.w	r2, [r3, #1068]	@ 0x42c
100005ac:	f8c3 2430 	str.w	r2, [r3, #1072]	@ 0x430
100005b0:	4770      	bx	lr
100005b2:	bf00      	nop

100005b4 <irq_set_enabled>:
100005b4:	2301      	movs	r3, #1
100005b6:	f000 021f 	and.w	r2, r0, #31
100005ba:	4093      	lsls	r3, r2
100005bc:	0940      	lsrs	r0, r0, #5
100005be:	b141      	cbz	r1, 100005d2 <irq_set_enabled+0x1e>
100005c0:	0080      	lsls	r0, r0, #2
100005c2:	f100 4060 	add.w	r0, r0, #3758096384	@ 0xe0000000
100005c6:	f500 4061 	add.w	r0, r0, #57600	@ 0xe100
100005ca:	f8c0 3180 	str.w	r3, [r0, #384]	@ 0x180
100005ce:	6003      	str	r3, [r0, #0]
100005d0:	4770      	bx	lr
100005d2:	4a02      	ldr	r2, [pc, #8]	@ (100005dc <irq_set_enabled+0x28>)
100005d4:	3020      	adds	r0, #32
100005d6:	f842 3020 	str.w	r3, [r2, r0, lsl #2]
100005da:	4770      	bx	lr
100005dc:	e000e100 	.word	0xe000e100

100005e0 <irq_is_enabled>:
100005e0:	2301      	movs	r3, #1
100005e2:	4a06      	ldr	r2, [pc, #24]	@ (100005fc <irq_is_enabled+0x1c>)
100005e4:	0941      	lsrs	r1, r0, #5
100005e6:	f852 2021 	ldr.w	r2, [r2, r1, lsl #2]
100005ea:	f000 001f 	and.w	r0, r0, #31
100005ee:	fa03 f000 	lsl.w	r0, r3, r0
100005f2:	4010      	ands	r0, r2
100005f4:	3800      	subs	r0, #0
100005f6:	bf18      	it	ne
100005f8:	2001      	movne	r0, #1
100005fa:	4770      	bx	lr
100005fc:	e000e100 	.word	0xe000e100

10000600 <irq_set_pending>:
10000600:	2201      	movs	r2, #1
10000602:	0943      	lsrs	r3, r0, #5
10000604:	4903      	ldr	r1, [pc, #12]	@ (10000614 <irq_set_pending+0x14>)
10000606:	f000 001f 	and.w	r0, r0, #31
1000060a:	4082      	lsls	r2, r0
1000060c:	3340      	adds	r3, #64	@ 0x40
1000060e:	f841 2023 	str.w	r2, [r1, r3, lsl #2]
10000612:	4770      	bx	lr
10000614:	e000e100 	.word	0xe000e100

10000618 <irq_has_shared_handler>:
10000618:	4a05      	ldr	r2, [pc, #20]	@ (10000630 <irq_has_shared_handler+0x18>)
1000061a:	3010      	adds	r0, #16
1000061c:	6892      	ldr	r2, [r2, #8]
1000061e:	4b05      	ldr	r3, [pc, #20]	@ (10000634 <irq_has_shared_handler+0x1c>)
10000620:	f852 0020 	ldr.w	r0, [r2, r0, lsl #2]
10000624:	1ac0      	subs	r0, r0, r3
10000626:	282f      	cmp	r0, #47	@ 0x2f
10000628:	bf8c      	ite	hi
1000062a:	2000      	movhi	r0, #0
1000062c:	2001      	movls	r0, #1
1000062e:	4770      	bx	lr
10000630:	e000ed00 	.word	0xe000ed00
10000634:	20001184 	.word	0x20001184

10000638 <irq_set_exclusive_handler>:
10000638:	b5f8      	push	{r3, r4, r5, r6, r7, lr}
1000063a:	460d      	mov	r5, r1
1000063c:	f3ef 8710 	mrs	r7, PRIMASK
10000640:	b672      	cpsid	i
10000642:	4e12      	ldr	r6, [pc, #72]	@ (1000068c <irq_set_exclusive_handler+0x54>)
10000644:	e8d6 2fcf 	ldaexb	r2, [r6]
10000648:	2301      	movs	r3, #1
1000064a:	2a00      	cmp	r2, #0
1000064c:	d1fa      	bne.n	10000644 <irq_set_exclusive_handler+0xc>
1000064e:	e8c6 3f42 	strexb	r2, r3, [r6]
10000652:	2a00      	cmp	r2, #0
10000654:	d1f6      	bne.n	10000644 <irq_set_exclusive_handler+0xc>
10000656:	f3bf 8f5f 	dmb	sy
1000065a:	4b0d      	ldr	r3, [pc, #52]	@ (10000690 <irq_set_exclusive_handler+0x58>)
1000065c:	f100 0410 	add.w	r4, r0, #16
10000660:	689b      	ldr	r3, [r3, #8]
10000662:	4a0c      	ldr	r2, [pc, #48]	@ (10000694 <irq_set_exclusive_handler+0x5c>)
10000664:	f853 3024 	ldr.w	r3, [r3, r4, lsl #2]
10000668:	4293      	cmp	r3, r2
1000066a:	d003      	beq.n	10000674 <irq_set_exclusive_handler+0x3c>
1000066c:	4299      	cmp	r1, r3
1000066e:	d001      	beq.n	10000674 <irq_set_exclusive_handler+0x3c>
10000670:	f000 fef6 	bl	10001460 <hard_assertion_failure>
10000674:	4b06      	ldr	r3, [pc, #24]	@ (10000690 <irq_set_exclusive_handler+0x58>)
10000676:	689b      	ldr	r3, [r3, #8]
10000678:	f843 5024 	str.w	r5, [r3, r4, lsl #2]
1000067c:	f3bf 8f5f 	dmb	sy
10000680:	2300      	movs	r3, #0
10000682:	e8c6 3f8f 	stlb	r3, [r6]
10000686:	f387 8810 	msr	PRIMASK, r7
1000068a:	bdf8      	pop	{r3, r4, r5, r6, r7, pc}
1000068c:	20001c75 	.word	0x20001c75
10000690:	e000ed00 	.word	0xe000ed00
10000694:	1000011d 	.word	0x1000011d

10000698 <irq_add_shared_handler>:
10000698:	e92d 4ff0 	stmdb	sp!, {r4, r5, r6, r7, r8, r9, sl, fp, lr}
1000069c:	4681      	mov	r9, r0
1000069e:	468b      	mov	fp, r1
100006a0:	4616      	mov	r6, r2
100006a2:	b083      	sub	sp, #12
100006a4:	f3ef 8310 	mrs	r3, PRIMASK
100006a8:	b672      	cpsid	i
100006aa:	f8df a1d0 	ldr.w	sl, [pc, #464]	@ 1000087c <irq_add_shared_handler+0x1e4>
100006ae:	9300      	str	r3, [sp, #0]
100006b0:	e8da 1fcf 	ldaexb	r1, [sl]
100006b4:	2301      	movs	r3, #1
100006b6:	2900      	cmp	r1, #0
100006b8:	d1fa      	bne.n	100006b0 <irq_add_shared_handler+0x18>
100006ba:	e8ca 3f41 	strexb	r1, r3, [sl]
100006be:	2900      	cmp	r1, #0
100006c0:	d1f6      	bne.n	100006b0 <irq_add_shared_handler+0x18>
100006c2:	f3bf 8f5f 	dmb	sy
100006c6:	4b66      	ldr	r3, [pc, #408]	@ (10000860 <irq_add_shared_handler+0x1c8>)
100006c8:	f993 4000 	ldrsb.w	r4, [r3]
100006cc:	2c00      	cmp	r4, #0
100006ce:	f2c0 80a0 	blt.w	10000812 <irq_add_shared_handler+0x17a>
100006d2:	4d64      	ldr	r5, [pc, #400]	@ (10000864 <irq_add_shared_handler+0x1cc>)
100006d4:	eb04 0744 	add.w	r7, r4, r4, lsl #1
100006d8:	eb05 0887 	add.w	r8, r5, r7, lsl #2
100006dc:	f898 1006 	ldrb.w	r1, [r8, #6]
100006e0:	f109 0910 	add.w	r9, r9, #16
100006e4:	7019      	strb	r1, [r3, #0]
100006e6:	4b60      	ldr	r3, [pc, #384]	@ (10000868 <irq_add_shared_handler+0x1d0>)
100006e8:	00bf      	lsls	r7, r7, #2
100006ea:	689b      	ldr	r3, [r3, #8]
100006ec:	f853 0029 	ldr.w	r0, [r3, r9, lsl #2]
100006f0:	0063      	lsls	r3, r4, #1
100006f2:	1b41      	subs	r1, r0, r5
100006f4:	292f      	cmp	r1, #47	@ 0x2f
100006f6:	d92f      	bls.n	10000758 <irq_add_shared_handler+0xc0>
100006f8:	495c      	ldr	r1, [pc, #368]	@ (1000086c <irq_add_shared_handler+0x1d4>)
100006fa:	4288      	cmp	r0, r1
100006fc:	f040 80a4 	bne.w	10000848 <irq_add_shared_handler+0x1b0>
10000700:	441c      	add	r4, r3
10000702:	4b5b      	ldr	r3, [pc, #364]	@ (10000870 <irq_add_shared_handler+0x1d8>)
10000704:	3702      	adds	r7, #2
10000706:	442f      	add	r7, r5
10000708:	3b04      	subs	r3, #4
1000070a:	1bdb      	subs	r3, r3, r7
1000070c:	f3c3 034a 	ubfx	r3, r3, #1, #11
10000710:	ea6f 43c3 	mvn.w	r3, r3, lsl #19
10000714:	f44f 4121 	mov.w	r1, #41216	@ 0xa100
10000718:	ea6f 43d3 	mvn.w	r3, r3, lsr #19
1000071c:	f825 1024 	strh.w	r1, [r5, r4, lsl #2]
10000720:	eb05 0484 	add.w	r4, r5, r4, lsl #2
10000724:	8063      	strh	r3, [r4, #2]
10000726:	f64b 5301 	movw	r3, #48385	@ 0xbd01
1000072a:	80a3      	strh	r3, [r4, #4]
1000072c:	23ff      	movs	r3, #255	@ 0xff
1000072e:	f048 0001 	orr.w	r0, r8, #1
10000732:	71e6      	strb	r6, [r4, #7]
10000734:	f8c4 b008 	str.w	fp, [r4, #8]
10000738:	71a3      	strb	r3, [r4, #6]
1000073a:	4b4b      	ldr	r3, [pc, #300]	@ (10000868 <irq_add_shared_handler+0x1d0>)
1000073c:	689b      	ldr	r3, [r3, #8]
1000073e:	f843 0029 	str.w	r0, [r3, r9, lsl #2]
10000742:	f3bf 8f5f 	dmb	sy
10000746:	2300      	movs	r3, #0
10000748:	e8ca 3f8f 	stlb	r3, [sl]
1000074c:	9b00      	ldr	r3, [sp, #0]
1000074e:	f383 8810 	msr	PRIMASK, r3
10000752:	b003      	add	sp, #12
10000754:	e8bd 8ff0 	ldmia.w	sp!, {r4, r5, r6, r7, r8, r9, sl, fp, pc}
10000758:	f020 0e01 	bic.w	lr, r0, #1
1000075c:	f89e 1007 	ldrb.w	r1, [lr, #7]
10000760:	42b1      	cmp	r1, r6
10000762:	d82e      	bhi.n	100007c2 <irq_add_shared_handler+0x12a>
10000764:	f44f 4321 	mov.w	r3, #41216	@ 0xa100
10000768:	53eb      	strh	r3, [r5, r7]
1000076a:	4b41      	ldr	r3, [pc, #260]	@ (10000870 <irq_add_shared_handler+0x1d8>)
1000076c:	1cb9      	adds	r1, r7, #2
1000076e:	4429      	add	r1, r5
10000770:	3b04      	subs	r3, #4
10000772:	3704      	adds	r7, #4
10000774:	1a5b      	subs	r3, r3, r1
10000776:	442f      	add	r7, r5
10000778:	f1ae 0104 	sub.w	r1, lr, #4
1000077c:	1bc9      	subs	r1, r1, r7
1000077e:	f3c1 044a 	ubfx	r4, r1, #1, #11
10000782:	493c      	ldr	r1, [pc, #240]	@ (10000874 <irq_add_shared_handler+0x1dc>)
10000784:	f3c3 034a 	ubfx	r3, r3, #1, #11
10000788:	430b      	orrs	r3, r1
1000078a:	4321      	orrs	r1, r4
1000078c:	f8a8 1004 	strh.w	r1, [r8, #4]
10000790:	4939      	ldr	r1, [pc, #228]	@ (10000878 <irq_add_shared_handler+0x1e0>)
10000792:	f8a8 3002 	strh.w	r3, [r8, #2]
10000796:	f64a 20aa 	movw	r0, #43690	@ 0xaaaa
1000079a:	4673      	mov	r3, lr
1000079c:	1b5b      	subs	r3, r3, r5
1000079e:	415b      	adcs	r3, r3
100007a0:	4358      	muls	r0, r3
100007a2:	0d00      	lsrs	r0, r0, #20
100007a4:	f888 6007 	strb.w	r6, [r8, #7]
100007a8:	f888 0006 	strb.w	r0, [r8, #6]
100007ac:	f8c8 b008 	str.w	fp, [r8, #8]
100007b0:	f048 0001 	orr.w	r0, r8, #1
100007b4:	f8ce 1000 	str.w	r1, [lr]
100007b8:	e7bf      	b.n	1000073a <irq_add_shared_handler+0xa2>
100007ba:	79d1      	ldrb	r1, [r2, #7]
100007bc:	42b1      	cmp	r1, r6
100007be:	d92e      	bls.n	1000081e <irq_add_shared_handler+0x186>
100007c0:	4696      	mov	lr, r2
100007c2:	f99e c006 	ldrsb.w	ip, [lr, #6]
100007c6:	eb0c 024c 	add.w	r2, ip, ip, lsl #1
100007ca:	f1bc 0f00 	cmp.w	ip, #0
100007ce:	eb05 0282 	add.w	r2, r5, r2, lsl #2
100007d2:	daf2      	bge.n	100007ba <irq_add_shared_handler+0x122>
100007d4:	f64b 5101 	movw	r1, #48385	@ 0xbd01
100007d8:	f10e 0204 	add.w	r2, lr, #4
100007dc:	f1a8 0704 	sub.w	r7, r8, #4
100007e0:	1abf      	subs	r7, r7, r2
100007e2:	f3c7 074a 	ubfx	r7, r7, #1, #11
100007e6:	ea6f 47c7 	mvn.w	r7, r7, lsl #19
100007ea:	ea6f 47d7 	mvn.w	r7, r7, lsr #19
100007ee:	f88e 4006 	strb.w	r4, [lr, #6]
100007f2:	eb03 0804 	add.w	r8, r3, r4
100007f6:	4c20      	ldr	r4, [pc, #128]	@ (10000878 <irq_add_shared_handler+0x1e0>)
100007f8:	eb05 0388 	add.w	r3, r5, r8, lsl #2
100007fc:	f8ae 7004 	strh.w	r7, [lr, #4]
10000800:	f845 4028 	str.w	r4, [r5, r8, lsl #2]
10000804:	8099      	strh	r1, [r3, #4]
10000806:	f883 c006 	strb.w	ip, [r3, #6]
1000080a:	71de      	strb	r6, [r3, #7]
1000080c:	f8c3 b008 	str.w	fp, [r3, #8]
10000810:	e793      	b.n	1000073a <irq_add_shared_handler+0xa2>
10000812:	f000 fe25 	bl	10001460 <hard_assertion_failure>
10000816:	4b12      	ldr	r3, [pc, #72]	@ (10000860 <irq_add_shared_handler+0x1c8>)
10000818:	f993 4000 	ldrsb.w	r4, [r3]
1000081c:	e759      	b.n	100006d2 <irq_add_shared_handler+0x3a>
1000081e:	4672      	mov	r2, lr
10000820:	f832 1f04 	ldrh.w	r1, [r2, #4]!
10000824:	0549      	lsls	r1, r1, #21
10000826:	d414      	bmi.n	10000852 <irq_add_shared_handler+0x1ba>
10000828:	1549      	asrs	r1, r1, #21
1000082a:	3102      	adds	r1, #2
1000082c:	eb02 0141 	add.w	r1, r2, r1, lsl #1
10000830:	9101      	str	r1, [sp, #4]
10000832:	f06f 0107 	mvn.w	r1, #7
10000836:	1bc9      	subs	r1, r1, r7
10000838:	9f01      	ldr	r7, [sp, #4]
1000083a:	1b49      	subs	r1, r1, r5
1000083c:	4439      	add	r1, r7
1000083e:	f3c1 014a 	ubfx	r1, r1, #1, #11
10000842:	f441 4160 	orr.w	r1, r1, #57344	@ 0xe000
10000846:	e7c9      	b.n	100007dc <irq_add_shared_handler+0x144>
10000848:	9301      	str	r3, [sp, #4]
1000084a:	f000 fe09 	bl	10001460 <hard_assertion_failure>
1000084e:	9b01      	ldr	r3, [sp, #4]
10000850:	e756      	b.n	10000700 <irq_add_shared_handler+0x68>
10000852:	f501 11ff 	add.w	r1, r1, #2088960	@ 0x1fe000
10000856:	f501 51ff 	add.w	r1, r1, #8160	@ 0x1fe0
1000085a:	311f      	adds	r1, #31
1000085c:	e7e4      	b.n	10000828 <irq_add_shared_handler+0x190>
1000085e:	bf00      	nop
10000860:	200026d3 	.word	0x200026d3
10000864:	20001184 	.word	0x20001184
10000868:	e000ed00 	.word	0xe000ed00
1000086c:	1000011d 	.word	0x1000011d
10000870:	200011b4 	.word	0x200011b4
10000874:	ffffe000 	.word	0xffffe000
10000878:	47804801 	.word	0x47804801
1000087c:	20001c75 	.word	0x20001c75

10000880 <irq_add_tail_to_free_list>:
10000880:	b5f0      	push	{r4, r5, r6, r7, lr}
10000882:	f3ef 8505 	mrs	r5, IPSR
10000886:	b2ed      	uxtb	r5, r5
10000888:	f3ef 8c10 	mrs	ip, PRIMASK
1000088c:	b672      	cpsid	i
1000088e:	4926      	ldr	r1, [pc, #152]	@ (10000928 <irq_add_tail_to_free_list+0xa8>)
10000890:	e8d1 2fcf 	ldaexb	r2, [r1]
10000894:	2301      	movs	r3, #1
10000896:	2a00      	cmp	r2, #0
10000898:	d1fa      	bne.n	10000890 <irq_add_tail_to_free_list+0x10>
1000089a:	e8c1 3f42 	strexb	r2, r3, [r1]
1000089e:	2a00      	cmp	r2, #0
100008a0:	d1f6      	bne.n	10000890 <irq_add_tail_to_free_list+0x10>
100008a2:	f3bf 8f5f 	dmb	sy
100008a6:	4e21      	ldr	r6, [pc, #132]	@ (1000092c <irq_add_tail_to_free_list+0xac>)
100008a8:	f040 0e01 	orr.w	lr, r0, #1
100008ac:	68b4      	ldr	r4, [r6, #8]
100008ae:	f64a 23aa 	movw	r3, #43690	@ 0xaaaa
100008b2:	f854 7025 	ldr.w	r7, [r4, r5, lsl #2]
100008b6:	4a1e      	ldr	r2, [pc, #120]	@ (10000930 <irq_add_tail_to_free_list+0xb0>)
100008b8:	4604      	mov	r4, r0
100008ba:	1aa4      	subs	r4, r4, r2
100008bc:	4164      	adcs	r4, r4
100008be:	4363      	muls	r3, r4
100008c0:	0d1b      	lsrs	r3, r3, #20
100008c2:	4577      	cmp	r7, lr
100008c4:	b25b      	sxtb	r3, r3
100008c6:	d01b      	beq.n	10000900 <irq_add_tail_to_free_list+0x80>
100008c8:	f992 4006 	ldrsb.w	r4, [r2, #6]
100008cc:	429c      	cmp	r4, r3
100008ce:	d01c      	beq.n	1000090a <irq_add_tail_to_free_list+0x8a>
100008d0:	f992 4012 	ldrsb.w	r4, [r2, #18]
100008d4:	429c      	cmp	r4, r3
100008d6:	d023      	beq.n	10000920 <irq_add_tail_to_free_list+0xa0>
100008d8:	f992 401e 	ldrsb.w	r4, [r2, #30]
100008dc:	429c      	cmp	r4, r3
100008de:	d021      	beq.n	10000924 <irq_add_tail_to_free_list+0xa4>
100008e0:	f992 402a 	ldrsb.w	r4, [r2, #42]	@ 0x2a
100008e4:	429c      	cmp	r4, r3
100008e6:	bf08      	it	eq
100008e8:	2403      	moveq	r4, #3
100008ea:	d00f      	beq.n	1000090c <irq_add_tail_to_free_list+0x8c>
100008ec:	4a11      	ldr	r2, [pc, #68]	@ (10000934 <irq_add_tail_to_free_list+0xb4>)
100008ee:	2400      	movs	r4, #0
100008f0:	7815      	ldrb	r5, [r2, #0]
100008f2:	7013      	strb	r3, [r2, #0]
100008f4:	7185      	strb	r5, [r0, #6]
100008f6:	e8c1 4f8f 	stlb	r4, [r1]
100008fa:	f38c 8810 	msr	PRIMASK, ip
100008fe:	bdf0      	pop	{r4, r5, r6, r7, pc}
10000900:	68b2      	ldr	r2, [r6, #8]
10000902:	4c0d      	ldr	r4, [pc, #52]	@ (10000938 <irq_add_tail_to_free_list+0xb8>)
10000904:	f842 4025 	str.w	r4, [r2, r5, lsl #2]
10000908:	e7f0      	b.n	100008ec <irq_add_tail_to_free_list+0x6c>
1000090a:	2400      	movs	r4, #0
1000090c:	eb04 0444 	add.w	r4, r4, r4, lsl #1
10000910:	eb02 0284 	add.w	r2, r2, r4, lsl #2
10000914:	24ff      	movs	r4, #255	@ 0xff
10000916:	7194      	strb	r4, [r2, #6]
10000918:	f64b 5401 	movw	r4, #48385	@ 0xbd01
1000091c:	8094      	strh	r4, [r2, #4]
1000091e:	e7e5      	b.n	100008ec <irq_add_tail_to_free_list+0x6c>
10000920:	2401      	movs	r4, #1
10000922:	e7f3      	b.n	1000090c <irq_add_tail_to_free_list+0x8c>
10000924:	2402      	movs	r4, #2
10000926:	e7f1      	b.n	1000090c <irq_add_tail_to_free_list+0x8c>
10000928:	20001c75 	.word	0x20001c75
1000092c:	e000ed00 	.word	0xe000ed00
10000930:	20001184 	.word	0x20001184
10000934:	200026d3 	.word	0x200026d3
10000938:	1000011d 	.word	0x1000011d

1000093c <user_irq_claim_unused>:
1000093c:	b510      	push	{r4, lr}
1000093e:	4c07      	ldr	r4, [pc, #28]	@ (1000095c <user_irq_claim_unused+0x20>)
10000940:	b082      	sub	sp, #8
10000942:	4601      	mov	r1, r0
10000944:	2305      	movs	r3, #5
10000946:	2200      	movs	r2, #0
10000948:	9400      	str	r4, [sp, #0]
1000094a:	4805      	ldr	r0, [pc, #20]	@ (10000960 <user_irq_claim_unused+0x24>)
1000094c:	f7ff fda2 	bl	10000494 <hw_claim_unused_from_range>
10000950:	2800      	cmp	r0, #0
10000952:	bfa8      	it	ge
10000954:	f1c0 0033 	rsbge	r0, r0, #51	@ 0x33
10000958:	b002      	add	sp, #8
1000095a:	bd10      	pop	{r4, pc}
1000095c:	100087b8 	.word	0x100087b8
10000960:	200026d7 	.word	0x200026d7

10000964 <lock_init>:
10000964:	4b01      	ldr	r3, [pc, #4]	@ (1000096c <lock_init+0x8>)
10000966:	440b      	add	r3, r1
10000968:	6003      	str	r3, [r0, #0]
1000096a:	4770      	bx	lr
1000096c:	20001c6c 	.word	0x20001c6c

10000970 <runtime_init_mutex>:
10000970:	b570      	push	{r4, r5, r6, lr}
10000972:	4c10      	ldr	r4, [pc, #64]	@ (100009b4 <runtime_init_mutex+0x44>)
10000974:	4d10      	ldr	r5, [pc, #64]	@ (100009b8 <runtime_init_mutex+0x48>)
10000976:	42ac      	cmp	r4, r5
10000978:	d20e      	bcs.n	10000998 <runtime_init_mutex+0x28>
1000097a:	26ff      	movs	r6, #255	@ 0xff
1000097c:	6823      	ldr	r3, [r4, #0]
1000097e:	b163      	cbz	r3, 1000099a <runtime_init_mutex+0x2a>
10000980:	f7ff fdc8 	bl	10000514 <next_striped_spin_lock_num>
10000984:	4601      	mov	r1, r0
10000986:	4620      	mov	r0, r4
10000988:	f7ff ffec 	bl	10000964 <lock_init>
1000098c:	80a6      	strh	r6, [r4, #4]
1000098e:	f3bf 8f5f 	dmb	sy
10000992:	3408      	adds	r4, #8
10000994:	42ac      	cmp	r4, r5
10000996:	d3f1      	bcc.n	1000097c <runtime_init_mutex+0xc>
10000998:	bd70      	pop	{r4, r5, r6, pc}
1000099a:	f7ff fdbb 	bl	10000514 <next_striped_spin_lock_num>
1000099e:	4601      	mov	r1, r0
100009a0:	4620      	mov	r0, r4
100009a2:	f7ff ffdf 	bl	10000964 <lock_init>
100009a6:	7126      	strb	r6, [r4, #4]
100009a8:	f3bf 8f5f 	dmb	sy
100009ac:	3408      	adds	r4, #8
100009ae:	42ac      	cmp	r4, r5
100009b0:	d3e4      	bcc.n	1000097c <runtime_init_mutex+0xc>
100009b2:	bd70      	pop	{r4, r5, r6, pc}
100009b4:	20001778 	.word	0x20001778
100009b8:	20001780 	.word	0x20001780

100009bc <mutex_init>:
100009bc:	b510      	push	{r4, lr}
100009be:	4604      	mov	r4, r0
100009c0:	f7ff fda8 	bl	10000514 <next_striped_spin_lock_num>
100009c4:	4601      	mov	r1, r0
100009c6:	4620      	mov	r0, r4
100009c8:	f7ff ffcc 	bl	10000964 <lock_init>
100009cc:	23ff      	movs	r3, #255	@ 0xff
100009ce:	7123      	strb	r3, [r4, #4]
100009d0:	f3bf 8f5f 	dmb	sy
100009d4:	bd10      	pop	{r4, pc}
100009d6:	bf00      	nop

100009d8 <critical_section_init>:
100009d8:	b510      	push	{r4, lr}
100009da:	4604      	mov	r4, r0
100009dc:	2001      	movs	r0, #1
100009de:	f7ff fda5 	bl	1000052c <spin_lock_claim_unused>
100009e2:	4b03      	ldr	r3, [pc, #12]	@ (100009f0 <critical_section_init+0x18>)
100009e4:	4403      	add	r3, r0
100009e6:	6023      	str	r3, [r4, #0]
100009e8:	f3bf 8f5f 	dmb	sy
100009ec:	bd10      	pop	{r4, pc}
100009ee:	bf00      	nop
100009f0:	20001c6c 	.word	0x20001c6c

100009f4 <critical_section_init_with_lock_num>:
100009f4:	4b02      	ldr	r3, [pc, #8]	@ (10000a00 <critical_section_init_with_lock_num+0xc>)
100009f6:	440b      	add	r3, r1
100009f8:	6003      	str	r3, [r0, #0]
100009fa:	f3bf 8f5f 	dmb	sy
100009fe:	4770      	bx	lr
10000a00:	20001c6c 	.word	0x20001c6c

10000a04 <sleep_until_callback>:
10000a04:	4b0d      	ldr	r3, [pc, #52]	@ (10000a3c <sleep_until_callback+0x38>)
10000a06:	681a      	ldr	r2, [r3, #0]
10000a08:	f3ef 8110 	mrs	r1, PRIMASK
10000a0c:	b672      	cpsid	i
10000a0e:	e8d2 cfcf 	ldaexb	ip, [r2]
10000a12:	2001      	movs	r0, #1
10000a14:	f1bc 0f00 	cmp.w	ip, #0
10000a18:	d1f9      	bne.n	10000a0e <sleep_until_callback+0xa>
10000a1a:	e8c2 0f4c 	strexb	ip, r0, [r2]
10000a1e:	f1bc 0f00 	cmp.w	ip, #0
10000a22:	d1f4      	bne.n	10000a0e <sleep_until_callback+0xa>
10000a24:	f3bf 8f5f 	dmb	sy
10000a28:	2200      	movs	r2, #0
10000a2a:	681b      	ldr	r3, [r3, #0]
10000a2c:	e8c3 2f8f 	stlb	r2, [r3]
10000a30:	f381 8810 	msr	PRIMASK, r1
10000a34:	bf40      	sev
10000a36:	2000      	movs	r0, #0
10000a38:	2100      	movs	r1, #0
10000a3a:	4770      	bx	lr
10000a3c:	200025dc 	.word	0x200025dc

10000a40 <alarm_pool_irq_handler>:
10000a40:	e92d 4ff0 	stmdb	sp!, {r4, r5, r6, r7, r8, r9, sl, fp, lr}
10000a44:	ed2d 8b02 	vpush	{d8}
10000a48:	b085      	sub	sp, #20
10000a4a:	f3ef 8305 	mrs	r3, IPSR
10000a4e:	b2db      	uxtb	r3, r3
10000a50:	3b10      	subs	r3, #16
10000a52:	089a      	lsrs	r2, r3, #2
10000a54:	bf18      	it	ne
10000a56:	2201      	movne	r2, #1
10000a58:	f04f 0101 	mov.w	r1, #1
10000a5c:	f003 0b03 	and.w	fp, r3, #3
10000a60:	bf18      	it	ne
10000a62:	4daf      	ldrne	r5, [pc, #700]	@ (10000d20 <alarm_pool_irq_handler+0x2e0>)
10000a64:	4baf      	ldr	r3, [pc, #700]	@ (10000d24 <alarm_pool_irq_handler+0x2e4>)
10000a66:	bf08      	it	eq
10000a68:	4daf      	ldreq	r5, [pc, #700]	@ (10000d28 <alarm_pool_irq_handler+0x2e8>)
10000a6a:	eb0b 0282 	add.w	r2, fp, r2, lsl #2
10000a6e:	f853 6022 	ldr.w	r6, [r3, r2, lsl #2]
10000a72:	fa01 f20b 	lsl.w	r2, r1, fp
10000a76:	f505 5341 	add.w	r3, r5, #12352	@ 0x3040
10000a7a:	ed9f 8ba7 	vldr	d8, [pc, #668]	@ 10000d18 <alarm_pool_irq_handler+0x2d8>
10000a7e:	9201      	str	r2, [sp, #4]
10000a80:	605a      	str	r2, [r3, #4]
10000a82:	e02f      	b.n	10000ae4 <alarm_pool_irq_handler+0xa4>
10000a84:	88b3      	ldrh	r3, [r6, #4]
10000a86:	041c      	lsls	r4, r3, #16
10000a88:	f140 8093 	bpl.w	10000bb2 <alarm_pool_irq_handler+0x172>
10000a8c:	79b3      	ldrb	r3, [r6, #6]
10000a8e:	2b00      	cmp	r3, #0
10000a90:	f040 80dd 	bne.w	10000c4e <alarm_pool_irq_handler+0x20e>
10000a94:	f9b6 2008 	ldrsh.w	r2, [r6, #8]
10000a98:	2a00      	cmp	r2, #0
10000a9a:	f2c0 811e 	blt.w	10000cda <alarm_pool_irq_handler+0x29a>
10000a9e:	6973      	ldr	r3, [r6, #20]
10000aa0:	eb02 0242 	add.w	r2, r2, r2, lsl #1
10000aa4:	eb03 03c2 	add.w	r3, r3, r2, lsl #3
10000aa8:	e9d3 4702 	ldrd	r4, r7, [r3, #8]
10000aac:	f1b7 3fff 	cmp.w	r7, #4294967295
10000ab0:	bf08      	it	eq
10000ab2:	f1b4 3fff 	cmpeq.w	r4, #4294967295
10000ab6:	d00e      	beq.n	10000ad6 <alarm_pool_irq_handler+0x96>
10000ab8:	eb05 018b 	add.w	r1, r5, fp, lsl #2
10000abc:	6aab      	ldr	r3, [r5, #40]	@ 0x28
10000abe:	690a      	ldr	r2, [r1, #16]
10000ac0:	1ad2      	subs	r2, r2, r3
10000ac2:	1ae3      	subs	r3, r4, r3
10000ac4:	4293      	cmp	r3, r2
10000ac6:	d305      	bcc.n	10000ad4 <alarm_pool_irq_handler+0x94>
10000ac8:	2301      	movs	r3, #1
10000aca:	6a2a      	ldr	r2, [r5, #32]
10000acc:	fa03 f30b 	lsl.w	r3, r3, fp
10000ad0:	4213      	tst	r3, r2
10000ad2:	d100      	bne.n	10000ad6 <alarm_pool_irq_handler+0x96>
10000ad4:	610c      	str	r4, [r1, #16]
10000ad6:	4628      	mov	r0, r5
10000ad8:	f000 fb3e 	bl	10001158 <timer_time_us_64>
10000adc:	42a0      	cmp	r0, r4
10000ade:	41b9      	sbcs	r1, r7
10000ae0:	f2c0 80fb 	blt.w	10000cda <alarm_pool_irq_handler+0x29a>
10000ae4:	f9b6 3008 	ldrsh.w	r3, [r6, #8]
10000ae8:	9a01      	ldr	r2, [sp, #4]
10000aea:	2b00      	cmp	r3, #0
10000aec:	9300      	str	r3, [sp, #0]
10000aee:	63ea      	str	r2, [r5, #60]	@ 0x3c
10000af0:	dbc8      	blt.n	10000a84 <alarm_pool_irq_handler+0x44>
10000af2:	f8d6 8014 	ldr.w	r8, [r6, #20]
10000af6:	eb03 0943 	add.w	r9, r3, r3, lsl #1
10000afa:	4628      	mov	r0, r5
10000afc:	eb08 07c9 	add.w	r7, r8, r9, lsl #3
10000b00:	e9d7 4a02 	ldrd	r4, sl, [r7, #8]
10000b04:	f000 fb28 	bl	10001158 <timer_time_us_64>
10000b08:	42a0      	cmp	r0, r4
10000b0a:	eb71 010a 	sbcs.w	r1, r1, sl
10000b0e:	dbb9      	blt.n	10000a84 <alarm_pool_irq_handler+0x44>
10000b10:	f1ba 0f00 	cmp.w	sl, #0
10000b14:	f2c0 80c3 	blt.w	10000c9e <alarm_pool_irq_handler+0x25e>
10000b18:	e9d7 3104 	ldrd	r3, r1, [r7, #16]
10000b1c:	4a83      	ldr	r2, [pc, #524]	@ (10000d2c <alarm_pool_irq_handler+0x2ec>)
10000b1e:	4293      	cmp	r3, r2
10000b20:	f000 80ed 	beq.w	10000cfe <alarm_pool_irq_handler+0x2be>
10000b24:	887a      	ldrh	r2, [r7, #2]
10000b26:	f9b6 0008 	ldrsh.w	r0, [r6, #8]
10000b2a:	b292      	uxth	r2, r2
10000b2c:	ea42 4000 	orr.w	r0, r2, r0, lsl #16
10000b30:	4798      	blx	r3
10000b32:	4602      	mov	r2, r0
10000b34:	460b      	mov	r3, r1
10000b36:	ea52 0103 	orrs.w	r1, r2, r3
10000b3a:	f000 80b0 	beq.w	10000c9e <alarm_pool_irq_handler+0x25e>
10000b3e:	2b00      	cmp	r3, #0
10000b40:	f280 80d1 	bge.w	10000ce6 <alarm_pool_irq_handler+0x2a6>
10000b44:	ebb4 0e02 	subs.w	lr, r4, r2
10000b48:	eb6a 0a03 	sbc.w	sl, sl, r3
10000b4c:	f938 3039 	ldrsh.w	r3, [r8, r9, lsl #3]
10000b50:	e9c7 ea02 	strd	lr, sl, [r7, #8]
10000b54:	2b00      	cmp	r3, #0
10000b56:	db95      	blt.n	10000a84 <alarm_pool_irq_handler+0x44>
10000b58:	6971      	ldr	r1, [r6, #20]
10000b5a:	eb03 0243 	add.w	r2, r3, r3, lsl #1
10000b5e:	eb01 02c2 	add.w	r2, r1, r2, lsl #3
10000b62:	e9d2 7002 	ldrd	r7, r0, [r2, #8]
10000b66:	45be      	cmp	lr, r7
10000b68:	eb7a 0c00 	sbcs.w	ip, sl, r0
10000b6c:	ea4f 0243 	mov.w	r2, r3, lsl #1
10000b70:	db88      	blt.n	10000a84 <alarm_pool_irq_handler+0x44>
10000b72:	46b4      	mov	ip, r6
10000b74:	f82c 3f08 	strh.w	r3, [ip, #8]!
10000b78:	e006      	b.n	10000b88 <alarm_pool_irq_handler+0x148>
10000b7a:	eb03 0043 	add.w	r0, r3, r3, lsl #1
10000b7e:	eb01 00c0 	add.w	r0, r1, r0, lsl #3
10000b82:	005a      	lsls	r2, r3, #1
10000b84:	e9d0 7002 	ldrd	r7, r0, [r0, #8]
10000b88:	45be      	cmp	lr, r7
10000b8a:	441a      	add	r2, r3
10000b8c:	eb7a 0000 	sbcs.w	r0, sl, r0
10000b90:	eb01 04c2 	add.w	r4, r1, r2, lsl #3
10000b94:	db04      	blt.n	10000ba0 <alarm_pool_irq_handler+0x160>
10000b96:	f931 3032 	ldrsh.w	r3, [r1, r2, lsl #3]
10000b9a:	46a4      	mov	ip, r4
10000b9c:	2b00      	cmp	r3, #0
10000b9e:	daec      	bge.n	10000b7a <alarm_pool_irq_handler+0x13a>
10000ba0:	f828 3039 	strh.w	r3, [r8, r9, lsl #3]
10000ba4:	9b00      	ldr	r3, [sp, #0]
10000ba6:	f8ac 3000 	strh.w	r3, [ip]
10000baa:	88b3      	ldrh	r3, [r6, #4]
10000bac:	041c      	lsls	r4, r3, #16
10000bae:	f53f af6d 	bmi.w	10000a8c <alarm_pool_irq_handler+0x4c>
10000bb2:	6933      	ldr	r3, [r6, #16]
10000bb4:	f3ef 8210 	mrs	r2, PRIMASK
10000bb8:	b672      	cpsid	i
10000bba:	e8d3 0fcf 	ldaexb	r0, [r3]
10000bbe:	2101      	movs	r1, #1
10000bc0:	2800      	cmp	r0, #0
10000bc2:	d1fa      	bne.n	10000bba <alarm_pool_irq_handler+0x17a>
10000bc4:	e8c3 1f40 	strexb	r0, r1, [r3]
10000bc8:	2800      	cmp	r0, #0
10000bca:	d1f6      	bne.n	10000bba <alarm_pool_irq_handler+0x17a>
10000bcc:	f3bf 8f5f 	dmb	sy
10000bd0:	f64f 74ff 	movw	r4, #65535	@ 0xffff
10000bd4:	88b0      	ldrh	r0, [r6, #4]
10000bd6:	2300      	movs	r3, #0
10000bd8:	6931      	ldr	r1, [r6, #16]
10000bda:	b200      	sxth	r0, r0
10000bdc:	80b4      	strh	r4, [r6, #4]
10000bde:	e8c1 3f8f 	stlb	r3, [r1]
10000be2:	f382 8810 	msr	PRIMASK, r2
10000be6:	4298      	cmp	r0, r3
10000be8:	f6ff af50 	blt.w	10000a8c <alarm_pool_irq_handler+0x4c>
10000bec:	4607      	mov	r7, r0
10000bee:	46a9      	mov	r9, r5
10000bf0:	6974      	ldr	r4, [r6, #20]
10000bf2:	f106 0808 	add.w	r8, r6, #8
10000bf6:	eb07 0e47 	add.w	lr, r7, r7, lsl #1
10000bfa:	eb04 03ce 	add.w	r3, r4, lr, lsl #3
10000bfe:	e9d3 5002 	ldrd	r5, r0, [r3, #8]
10000c02:	f9b6 3008 	ldrsh.w	r3, [r6, #8]
10000c06:	46c4      	mov	ip, r8
10000c08:	2b00      	cmp	r3, #0
10000c0a:	db13      	blt.n	10000c34 <alarm_pool_irq_handler+0x1f4>
10000c0c:	46b2      	mov	sl, r6
10000c0e:	9700      	str	r7, [sp, #0]
10000c10:	e004      	b.n	10000c1c <alarm_pool_irq_handler+0x1dc>
10000c12:	f934 3036 	ldrsh.w	r3, [r4, r6, lsl #3]
10000c16:	4694      	mov	ip, r2
10000c18:	2b00      	cmp	r3, #0
10000c1a:	db09      	blt.n	10000c30 <alarm_pool_irq_handler+0x1f0>
10000c1c:	eb03 0643 	add.w	r6, r3, r3, lsl #1
10000c20:	eb04 02c6 	add.w	r2, r4, r6, lsl #3
10000c24:	e9d2 7102 	ldrd	r7, r1, [r2, #8]
10000c28:	42bd      	cmp	r5, r7
10000c2a:	eb70 0101 	sbcs.w	r1, r0, r1
10000c2e:	daf0      	bge.n	10000c12 <alarm_pool_irq_handler+0x1d2>
10000c30:	4656      	mov	r6, sl
10000c32:	9f00      	ldr	r7, [sp, #0]
10000c34:	f8ac 7000 	strh.w	r7, [ip]
10000c38:	f934 703e 	ldrsh.w	r7, [r4, lr, lsl #3]
10000c3c:	f824 303e 	strh.w	r3, [r4, lr, lsl #3]
10000c40:	2f00      	cmp	r7, #0
10000c42:	dad8      	bge.n	10000bf6 <alarm_pool_irq_handler+0x1b6>
10000c44:	79b3      	ldrb	r3, [r6, #6]
10000c46:	464d      	mov	r5, r9
10000c48:	2b00      	cmp	r3, #0
10000c4a:	f43f af23 	beq.w	10000a94 <alarm_pool_irq_handler+0x54>
10000c4e:	2300      	movs	r3, #0
10000c50:	71b3      	strb	r3, [r6, #6]
10000c52:	f9b6 3008 	ldrsh.w	r3, [r6, #8]
10000c56:	f106 0808 	add.w	r8, r6, #8
10000c5a:	1c58      	adds	r0, r3, #1
10000c5c:	d03d      	beq.n	10000cda <alarm_pool_irq_handler+0x29a>
10000c5e:	461a      	mov	r2, r3
10000c60:	6977      	ldr	r7, [r6, #20]
10000c62:	e003      	b.n	10000c6c <alarm_pool_irq_handler+0x22c>
10000c64:	4680      	mov	r8, r0
10000c66:	1c59      	adds	r1, r3, #1
10000c68:	f43f af16 	beq.w	10000a98 <alarm_pool_irq_handler+0x58>
10000c6c:	eb03 0143 	add.w	r1, r3, r3, lsl #1
10000c70:	eb07 00c1 	add.w	r0, r7, r1, lsl #3
10000c74:	f8b0 c002 	ldrh.w	ip, [r0, #2]
10000c78:	461c      	mov	r4, r3
10000c7a:	f41c 4f00 	tst.w	ip, #32768	@ 0x8000
10000c7e:	469e      	mov	lr, r3
10000c80:	f937 3031 	ldrsh.w	r3, [r7, r1, lsl #3]
10000c84:	d0ee      	beq.n	10000c64 <alarm_pool_irq_handler+0x224>
10000c86:	4294      	cmp	r4, r2
10000c88:	ed80 8b02 	vstr	d8, [r0, #8]
10000c8c:	d005      	beq.n	10000c9a <alarm_pool_irq_handler+0x25a>
10000c8e:	f8a8 3000 	strh.w	r3, [r8]
10000c92:	8932      	ldrh	r2, [r6, #8]
10000c94:	f827 2031 	strh.w	r2, [r7, r1, lsl #3]
10000c98:	8134      	strh	r4, [r6, #8]
10000c9a:	4672      	mov	r2, lr
10000c9c:	e7e3      	b.n	10000c66 <alarm_pool_irq_handler+0x226>
10000c9e:	f838 3039 	ldrh.w	r3, [r8, r9, lsl #3]
10000ca2:	8133      	strh	r3, [r6, #8]
10000ca4:	6933      	ldr	r3, [r6, #16]
10000ca6:	f3ef 8210 	mrs	r2, PRIMASK
10000caa:	b672      	cpsid	i
10000cac:	e8d3 0fcf 	ldaexb	r0, [r3]
10000cb0:	2101      	movs	r1, #1
10000cb2:	2800      	cmp	r0, #0
10000cb4:	d1fa      	bne.n	10000cac <alarm_pool_irq_handler+0x26c>
10000cb6:	e8c3 1f40 	strexb	r0, r1, [r3]
10000cba:	2800      	cmp	r0, #0
10000cbc:	d1f6      	bne.n	10000cac <alarm_pool_irq_handler+0x26c>
10000cbe:	f3bf 8f5f 	dmb	sy
10000cc2:	8873      	ldrh	r3, [r6, #2]
10000cc4:	6931      	ldr	r1, [r6, #16]
10000cc6:	f828 3039 	strh.w	r3, [r8, r9, lsl #3]
10000cca:	9b00      	ldr	r3, [sp, #0]
10000ccc:	8073      	strh	r3, [r6, #2]
10000cce:	2300      	movs	r3, #0
10000cd0:	e8c1 3f8f 	stlb	r3, [r1]
10000cd4:	f382 8810 	msr	PRIMASK, r2
10000cd8:	e6d4      	b.n	10000a84 <alarm_pool_irq_handler+0x44>
10000cda:	bf40      	sev
10000cdc:	b005      	add	sp, #20
10000cde:	ecbd 8b02 	vpop	{d8}
10000ce2:	e8bd 8ff0 	ldmia.w	sp!, {r4, r5, r6, r7, r8, r9, sl, fp, pc}
10000ce6:	4628      	mov	r0, r5
10000ce8:	e9cd 2302 	strd	r2, r3, [sp, #8]
10000cec:	f000 fa34 	bl	10001158 <timer_time_us_64>
10000cf0:	9a02      	ldr	r2, [sp, #8]
10000cf2:	9b03      	ldr	r3, [sp, #12]
10000cf4:	eb10 0e02 	adds.w	lr, r0, r2
10000cf8:	eb43 0a01 	adc.w	sl, r3, r1
10000cfc:	e726      	b.n	10000b4c <alarm_pool_irq_handler+0x10c>
10000cfe:	4608      	mov	r0, r1
10000d00:	690b      	ldr	r3, [r1, #16]
10000d02:	9102      	str	r1, [sp, #8]
10000d04:	4798      	blx	r3
10000d06:	2800      	cmp	r0, #0
10000d08:	d0c9      	beq.n	10000c9e <alarm_pool_irq_handler+0x25e>
10000d0a:	9902      	ldr	r1, [sp, #8]
10000d0c:	e9d1 2300 	ldrd	r2, r3, [r1]
10000d10:	e711      	b.n	10000b36 <alarm_pool_irq_handler+0xf6>
10000d12:	bf00      	nop
10000d14:	f3af 8000 	nop.w
10000d18:	ffffffff 	.word	0xffffffff
10000d1c:	ffffffff 	.word	0xffffffff
10000d20:	400b8000 	.word	0x400b8000
10000d24:	20002524 	.word	0x20002524
10000d28:	400b0000 	.word	0x400b0000
10000d2c:	10000a41 	.word	0x10000a41

10000d30 <runtime_init_default_alarm_pool>:
10000d30:	e92d 4ff8 	stmdb	sp!, {r3, r4, r5, r6, r7, r8, r9, sl, fp, lr}
10000d34:	4c36      	ldr	r4, [pc, #216]	@ (10000e10 <runtime_init_default_alarm_pool+0xe0>)
10000d36:	6925      	ldr	r5, [r4, #16]
10000d38:	b12d      	cbz	r5, 10000d46 <runtime_init_default_alarm_pool+0x16>
10000d3a:	e8bd 4ff8 	ldmia.w	sp!, {r3, r4, r5, r6, r7, r8, r9, sl, fp, lr}
10000d3e:	210a      	movs	r1, #10
10000d40:	4834      	ldr	r0, [pc, #208]	@ (10000e14 <runtime_init_default_alarm_pool+0xe4>)
10000d42:	f7ff be0f 	b.w	10000964 <lock_init>
10000d46:	f8df 80e4 	ldr.w	r8, [pc, #228]	@ 10000e2c <runtime_init_default_alarm_pool+0xfc>
10000d4a:	2103      	movs	r1, #3
10000d4c:	4640      	mov	r0, r8
10000d4e:	f000 f9f1 	bl	10001134 <timer_hardware_alarm_claim>
10000d52:	2603      	movs	r6, #3
10000d54:	f8c4 800c 	str.w	r8, [r4, #12]
10000d58:	f7ff fbdc 	bl	10000514 <next_striped_spin_lock_num>
10000d5c:	f04f 4c50 	mov.w	ip, #3489660928	@ 0xd0000000
10000d60:	4b2d      	ldr	r3, [pc, #180]	@ (10000e18 <runtime_init_default_alarm_pool+0xe8>)
10000d62:	7026      	strb	r6, [r4, #0]
10000d64:	4403      	add	r3, r0
10000d66:	6123      	str	r3, [r4, #16]
10000d68:	f8dc 3000 	ldr.w	r3, [ip]
10000d6c:	210f      	movs	r1, #15
10000d6e:	7063      	strb	r3, [r4, #1]
10000d70:	6963      	ldr	r3, [r4, #20]
10000d72:	8061      	strh	r1, [r4, #2]
10000d74:	831d      	strh	r5, [r3, #24]
10000d76:	f04f 0504 	mov.w	r5, #4
10000d7a:	f8a3 5078 	strh.w	r5, [r3, #120]	@ 0x78
10000d7e:	f04f 0505 	mov.w	r5, #5
10000d82:	f8a3 5090 	strh.w	r5, [r3, #144]	@ 0x90
10000d86:	f04f 0506 	mov.w	r5, #6
10000d8a:	f8a3 50a8 	strh.w	r5, [r3, #168]	@ 0xa8
10000d8e:	f04f 0507 	mov.w	r5, #7
10000d92:	210e      	movs	r1, #14
10000d94:	f64f 72ff 	movw	r2, #65535	@ 0xffff
10000d98:	2708      	movs	r7, #8
10000d9a:	f04f 0e0a 	mov.w	lr, #10
10000d9e:	f8a3 50c0 	strh.w	r5, [r3, #192]	@ 0xc0
10000da2:	f04f 0901 	mov.w	r9, #1
10000da6:	f04f 0c0c 	mov.w	ip, #12
10000daa:	f04f 0b02 	mov.w	fp, #2
10000dae:	f04f 0a09 	mov.w	sl, #9
10000db2:	200d      	movs	r0, #13
10000db4:	f04f 050b 	mov.w	r5, #11
10000db8:	f8a3 1168 	strh.w	r1, [r3, #360]	@ 0x168
10000dbc:	4917      	ldr	r1, [pc, #92]	@ (10000e1c <runtime_init_default_alarm_pool+0xec>)
10000dbe:	80a2      	strh	r2, [r4, #4]
10000dc0:	f8a3 e108 	strh.w	lr, [r3, #264]	@ 0x108
10000dc4:	60a1      	str	r1, [r4, #8]
10000dc6:	f8a3 b048 	strh.w	fp, [r3, #72]	@ 0x48
10000dca:	f8a3 a0f0 	strh.w	sl, [r3, #240]	@ 0xf0
10000dce:	f8a3 5120 	strh.w	r5, [r3, #288]	@ 0x120
10000dd2:	f8a3 c138 	strh.w	ip, [r3, #312]	@ 0x138
10000dd6:	f8a3 0150 	strh.w	r0, [r3, #336]	@ 0x150
10000dda:	f8a3 9030 	strh.w	r9, [r3, #48]	@ 0x30
10000dde:	f8a3 6060 	strh.w	r6, [r3, #96]	@ 0x60
10000de2:	f8a3 70d8 	strh.w	r7, [r3, #216]	@ 0xd8
10000de6:	801a      	strh	r2, [r3, #0]
10000de8:	4b0d      	ldr	r3, [pc, #52]	@ (10000e20 <runtime_init_default_alarm_pool+0xf0>)
10000dea:	4630      	mov	r0, r6
10000dec:	f8c8 7020 	str.w	r7, [r8, #32]
10000df0:	490c      	ldr	r1, [pc, #48]	@ (10000e24 <runtime_init_default_alarm_pool+0xf4>)
10000df2:	60dc      	str	r4, [r3, #12]
10000df4:	f7ff fc20 	bl	10000638 <irq_set_exclusive_handler>
10000df8:	4649      	mov	r1, r9
10000dfa:	4630      	mov	r0, r6
10000dfc:	f7ff fbda 	bl	100005b4 <irq_set_enabled>
10000e00:	4b09      	ldr	r3, [pc, #36]	@ (10000e28 <runtime_init_default_alarm_pool+0xf8>)
10000e02:	210a      	movs	r1, #10
10000e04:	641f      	str	r7, [r3, #64]	@ 0x40
10000e06:	4803      	ldr	r0, [pc, #12]	@ (10000e14 <runtime_init_default_alarm_pool+0xe4>)
10000e08:	e8bd 4ff8 	ldmia.w	sp!, {r3, r4, r5, r6, r7, r8, r9, sl, fp, lr}
10000e0c:	f7ff bdaa 	b.w	10000964 <lock_init>
10000e10:	200011cc 	.word	0x200011cc
10000e14:	200025dc 	.word	0x200025dc
10000e18:	20001c6c 	.word	0x20001c6c
10000e1c:	0010ffff 	.word	0x0010ffff
10000e20:	20002524 	.word	0x20002524
10000e24:	10000a41 	.word	0x10000a41
10000e28:	400b2000 	.word	0x400b2000
10000e2c:	400b0000 	.word	0x400b0000

10000e30 <alarm_pool_get_default>:
10000e30:	4800      	ldr	r0, [pc, #0]	@ (10000e34 <alarm_pool_get_default+0x4>)
10000e32:	4770      	bx	lr
10000e34:	200011cc 	.word	0x200011cc

10000e38 <alarm_pool_add_alarm_at>:
10000e38:	b5f8      	push	{r3, r4, r5, r6, r7, lr}
10000e3a:	f89d 5020 	ldrb.w	r5, [sp, #32]
10000e3e:	4604      	mov	r4, r0
10000e40:	4617      	mov	r7, r2
10000e42:	461e      	mov	r6, r3
10000e44:	b935      	cbnz	r5, 10000e54 <alarm_pool_add_alarm_at+0x1c>
10000e46:	f000 f98f 	bl	10001168 <time_us_64>
10000e4a:	4287      	cmp	r7, r0
10000e4c:	eb66 0101 	sbc.w	r1, r6, r1
10000e50:	2900      	cmp	r1, #0
10000e52:	db5c      	blt.n	10000f0e <alarm_pool_add_alarm_at+0xd6>
10000e54:	6921      	ldr	r1, [r4, #16]
10000e56:	f3ef 8310 	mrs	r3, PRIMASK
10000e5a:	b672      	cpsid	i
10000e5c:	e8d1 0fcf 	ldaexb	r0, [r1]
10000e60:	2201      	movs	r2, #1
10000e62:	2800      	cmp	r0, #0
10000e64:	d1fa      	bne.n	10000e5c <alarm_pool_add_alarm_at+0x24>
10000e66:	e8c1 2f40 	strexb	r0, r2, [r1]
10000e6a:	2800      	cmp	r0, #0
10000e6c:	d1f6      	bne.n	10000e5c <alarm_pool_add_alarm_at+0x24>
10000e6e:	f3bf 8f5f 	dmb	sy
10000e72:	f9b4 2002 	ldrsh.w	r2, [r4, #2]
10000e76:	6965      	ldr	r5, [r4, #20]
10000e78:	eb02 0142 	add.w	r1, r2, r2, lsl #1
10000e7c:	2a00      	cmp	r2, #0
10000e7e:	ea4f 0cc1 	mov.w	ip, r1, lsl #3
10000e82:	6920      	ldr	r0, [r4, #16]
10000e84:	eb05 01c1 	add.w	r1, r5, r1, lsl #3
10000e88:	db39      	blt.n	10000efe <alarm_pool_add_alarm_at+0xc6>
10000e8a:	f835 e00c 	ldrh.w	lr, [r5, ip]
10000e8e:	f8a4 e002 	strh.w	lr, [r4, #2]
10000e92:	f04f 0e00 	mov.w	lr, #0
10000e96:	e8c0 ef8f 	stlb	lr, [r0]
10000e9a:	f383 8810 	msr	PRIMASK, r3
10000e9e:	8848      	ldrh	r0, [r1, #2]
10000ea0:	9b06      	ldr	r3, [sp, #24]
10000ea2:	3001      	adds	r0, #1
10000ea4:	f3c0 000e 	ubfx	r0, r0, #0, #15
10000ea8:	2801      	cmp	r0, #1
10000eaa:	bf38      	it	cc
10000eac:	2001      	movcc	r0, #1
10000eae:	610b      	str	r3, [r1, #16]
10000eb0:	9b07      	ldr	r3, [sp, #28]
10000eb2:	8048      	strh	r0, [r1, #2]
10000eb4:	614b      	str	r3, [r1, #20]
10000eb6:	e9c1 7602 	strd	r7, r6, [r1, #8]
10000eba:	ea40 4002 	orr.w	r0, r0, r2, lsl #16
10000ebe:	6923      	ldr	r3, [r4, #16]
10000ec0:	f3ef 8110 	mrs	r1, PRIMASK
10000ec4:	b672      	cpsid	i
10000ec6:	e8d3 7fcf 	ldaexb	r7, [r3]
10000eca:	2601      	movs	r6, #1
10000ecc:	2f00      	cmp	r7, #0
10000ece:	d1fa      	bne.n	10000ec6 <alarm_pool_add_alarm_at+0x8e>
10000ed0:	e8c3 6f47 	strexb	r7, r6, [r3]
10000ed4:	2f00      	cmp	r7, #0
10000ed6:	d1f6      	bne.n	10000ec6 <alarm_pool_add_alarm_at+0x8e>
10000ed8:	f3bf 8f5f 	dmb	sy
10000edc:	88a3      	ldrh	r3, [r4, #4]
10000ede:	f825 300c 	strh.w	r3, [r5, ip]
10000ee2:	80a2      	strh	r2, [r4, #4]
10000ee4:	6923      	ldr	r3, [r4, #16]
10000ee6:	e8c3 ef8f 	stlb	lr, [r3]
10000eea:	f381 8810 	msr	PRIMASK, r1
10000eee:	2201      	movs	r2, #1
10000ef0:	68e3      	ldr	r3, [r4, #12]
10000ef2:	7821      	ldrb	r1, [r4, #0]
10000ef4:	f503 5301 	add.w	r3, r3, #8256	@ 0x2040
10000ef8:	408a      	lsls	r2, r1
10000efa:	605a      	str	r2, [r3, #4]
10000efc:	bdf8      	pop	{r3, r4, r5, r6, r7, pc}
10000efe:	2200      	movs	r2, #0
10000f00:	e8c0 2f8f 	stlb	r2, [r0]
10000f04:	f383 8810 	msr	PRIMASK, r3
10000f08:	f04f 30ff 	mov.w	r0, #4294967295
10000f0c:	bdf8      	pop	{r3, r4, r5, r6, r7, pc}
10000f0e:	4628      	mov	r0, r5
10000f10:	bdf8      	pop	{r3, r4, r5, r6, r7, pc}
10000f12:	bf00      	nop

10000f14 <alarm_pool_add_alarm_at_force_in_context>:
10000f14:	4601      	mov	r1, r0
10000f16:	b5f0      	push	{r4, r5, r6, r7, lr}
10000f18:	6900      	ldr	r0, [r0, #16]
10000f1a:	f3ef 8710 	mrs	r7, PRIMASK
10000f1e:	b672      	cpsid	i
10000f20:	e8d0 5fcf 	ldaexb	r5, [r0]
10000f24:	2401      	movs	r4, #1
10000f26:	2d00      	cmp	r5, #0
10000f28:	d1fa      	bne.n	10000f20 <alarm_pool_add_alarm_at_force_in_context+0xc>
10000f2a:	e8c0 4f45 	strexb	r5, r4, [r0]
10000f2e:	2d00      	cmp	r5, #0
10000f30:	d1f6      	bne.n	10000f20 <alarm_pool_add_alarm_at_force_in_context+0xc>
10000f32:	f3bf 8f5f 	dmb	sy
10000f36:	f9b1 e002 	ldrsh.w	lr, [r1, #2]
10000f3a:	694c      	ldr	r4, [r1, #20]
10000f3c:	eb0e 0c4e 	add.w	ip, lr, lr, lsl #1
10000f40:	f1be 0f00 	cmp.w	lr, #0
10000f44:	ea4f 05cc 	mov.w	r5, ip, lsl #3
10000f48:	6908      	ldr	r0, [r1, #16]
10000f4a:	eb04 0ccc 	add.w	ip, r4, ip, lsl #3
10000f4e:	db3c      	blt.n	10000fca <alarm_pool_add_alarm_at_force_in_context+0xb6>
10000f50:	5b66      	ldrh	r6, [r4, r5]
10000f52:	804e      	strh	r6, [r1, #2]
10000f54:	2600      	movs	r6, #0
10000f56:	e8c0 6f8f 	stlb	r6, [r0]
10000f5a:	f387 8810 	msr	PRIMASK, r7
10000f5e:	f8bc 0002 	ldrh.w	r0, [ip, #2]
10000f62:	e9cc 2302 	strd	r2, r3, [ip, #8]
10000f66:	3001      	adds	r0, #1
10000f68:	f3c0 000e 	ubfx	r0, r0, #0, #15
10000f6c:	2801      	cmp	r0, #1
10000f6e:	bf38      	it	cc
10000f70:	2001      	movcc	r0, #1
10000f72:	9b05      	ldr	r3, [sp, #20]
10000f74:	f8ac 0002 	strh.w	r0, [ip, #2]
10000f78:	f8cc 3010 	str.w	r3, [ip, #16]
10000f7c:	9b06      	ldr	r3, [sp, #24]
10000f7e:	ea40 400e 	orr.w	r0, r0, lr, lsl #16
10000f82:	f8cc 3014 	str.w	r3, [ip, #20]
10000f86:	690b      	ldr	r3, [r1, #16]
10000f88:	f3ef 8210 	mrs	r2, PRIMASK
10000f8c:	b672      	cpsid	i
10000f8e:	e8d3 cfcf 	ldaexb	ip, [r3]
10000f92:	2701      	movs	r7, #1
10000f94:	f1bc 0f00 	cmp.w	ip, #0
10000f98:	d1f9      	bne.n	10000f8e <alarm_pool_add_alarm_at_force_in_context+0x7a>
10000f9a:	e8c3 7f4c 	strexb	ip, r7, [r3]
10000f9e:	f1bc 0f00 	cmp.w	ip, #0
10000fa2:	d1f4      	bne.n	10000f8e <alarm_pool_add_alarm_at_force_in_context+0x7a>
10000fa4:	f3bf 8f5f 	dmb	sy
10000fa8:	888b      	ldrh	r3, [r1, #4]
10000faa:	5363      	strh	r3, [r4, r5]
10000fac:	f8a1 e004 	strh.w	lr, [r1, #4]
10000fb0:	690b      	ldr	r3, [r1, #16]
10000fb2:	e8c3 6f8f 	stlb	r6, [r3]
10000fb6:	f382 8810 	msr	PRIMASK, r2
10000fba:	2201      	movs	r2, #1
10000fbc:	68cb      	ldr	r3, [r1, #12]
10000fbe:	7809      	ldrb	r1, [r1, #0]
10000fc0:	f503 5301 	add.w	r3, r3, #8256	@ 0x2040
10000fc4:	408a      	lsls	r2, r1
10000fc6:	605a      	str	r2, [r3, #4]
10000fc8:	bdf0      	pop	{r4, r5, r6, r7, pc}
10000fca:	2300      	movs	r3, #0
10000fcc:	e8c0 3f8f 	stlb	r3, [r0]
10000fd0:	f387 8810 	msr	PRIMASK, r7
10000fd4:	f04f 30ff 	mov.w	r0, #4294967295
10000fd8:	bdf0      	pop	{r4, r5, r6, r7, pc}
10000fda:	bf00      	nop

10000fdc <alarm_pool_cancel_alarm>:
10000fdc:	4603      	mov	r3, r0
10000fde:	8940      	ldrh	r0, [r0, #10]
10000fe0:	ebb0 4f21 	cmp.w	r0, r1, asr #16
10000fe4:	dd37      	ble.n	10001056 <alarm_pool_cancel_alarm+0x7a>
10000fe6:	6958      	ldr	r0, [r3, #20]
10000fe8:	140a      	asrs	r2, r1, #16
10000fea:	eb02 0242 	add.w	r2, r2, r2, lsl #1
10000fee:	b510      	push	{r4, lr}
10000ff0:	eb00 00c2 	add.w	r0, r0, r2, lsl #3
10000ff4:	691c      	ldr	r4, [r3, #16]
10000ff6:	f3ef 8c10 	mrs	ip, PRIMASK
10000ffa:	b672      	cpsid	i
10000ffc:	e8d4 efcf 	ldaexb	lr, [r4]
10001000:	2201      	movs	r2, #1
10001002:	f1be 0f00 	cmp.w	lr, #0
10001006:	d1f9      	bne.n	10000ffc <alarm_pool_cancel_alarm+0x20>
10001008:	e8c4 2f4e 	strexb	lr, r2, [r4]
1000100c:	f1be 0f00 	cmp.w	lr, #0
10001010:	d1f4      	bne.n	10000ffc <alarm_pool_cancel_alarm+0x20>
10001012:	f3bf 8f5f 	dmb	sy
10001016:	8842      	ldrh	r2, [r0, #2]
10001018:	b289      	uxth	r1, r1
1000101a:	b292      	uxth	r2, r2
1000101c:	428a      	cmp	r2, r1
1000101e:	d007      	beq.n	10001030 <alarm_pool_cancel_alarm+0x54>
10001020:	2200      	movs	r2, #0
10001022:	691b      	ldr	r3, [r3, #16]
10001024:	e8c3 2f8f 	stlb	r2, [r3]
10001028:	f38c 8810 	msr	PRIMASK, ip
1000102c:	2000      	movs	r0, #0
1000102e:	bd10      	pop	{r4, pc}
10001030:	f442 4200 	orr.w	r2, r2, #32768	@ 0x8000
10001034:	8042      	strh	r2, [r0, #2]
10001036:	2101      	movs	r1, #1
10001038:	2200      	movs	r2, #0
1000103a:	6918      	ldr	r0, [r3, #16]
1000103c:	7199      	strb	r1, [r3, #6]
1000103e:	e8c0 2f8f 	stlb	r2, [r0]
10001042:	f38c 8810 	msr	PRIMASK, ip
10001046:	781c      	ldrb	r4, [r3, #0]
10001048:	68da      	ldr	r2, [r3, #12]
1000104a:	4608      	mov	r0, r1
1000104c:	f502 5301 	add.w	r3, r2, #8256	@ 0x2040
10001050:	40a1      	lsls	r1, r4
10001052:	6059      	str	r1, [r3, #4]
10001054:	bd10      	pop	{r4, pc}
10001056:	2000      	movs	r0, #0
10001058:	4770      	bx	lr
1000105a:	bf00      	nop

1000105c <alarm_pool_core_num>:
1000105c:	7840      	ldrb	r0, [r0, #1]
1000105e:	4770      	bx	lr

10001060 <best_effort_wfe_or_timeout>:
10001060:	e92d 43f0 	stmdb	sp!, {r4, r5, r6, r7, r8, r9, lr}
10001064:	4606      	mov	r6, r0
10001066:	460d      	mov	r5, r1
10001068:	b083      	sub	sp, #12
1000106a:	f3ef 8405 	mrs	r4, IPSR
1000106e:	b2e4      	uxtb	r4, r4
10001070:	b13c      	cbz	r4, 10001082 <best_effort_wfe_or_timeout+0x22>
10001072:	4b2d      	ldr	r3, [pc, #180]	@ (10001128 <best_effort_wfe_or_timeout+0xc8>)
10001074:	6a5a      	ldr	r2, [r3, #36]	@ 0x24
10001076:	42aa      	cmp	r2, r5
10001078:	d21c      	bcs.n	100010b4 <best_effort_wfe_or_timeout+0x54>
1000107a:	2000      	movs	r0, #0
1000107c:	b003      	add	sp, #12
1000107e:	e8bd 83f0 	ldmia.w	sp!, {r4, r5, r6, r7, r8, r9, pc}
10001082:	4f2a      	ldr	r7, [pc, #168]	@ (1000112c <best_effort_wfe_or_timeout+0xcc>)
10001084:	f8d7 900c 	ldr.w	r9, [r7, #12]
10001088:	f897 8000 	ldrb.w	r8, [r7]
1000108c:	4648      	mov	r0, r9
1000108e:	f000 f863 	bl	10001158 <timer_time_us_64>
10001092:	f108 0804 	add.w	r8, r8, #4
10001096:	f859 3028 	ldr.w	r3, [r9, r8, lsl #2]
1000109a:	1a1b      	subs	r3, r3, r0
1000109c:	1a30      	subs	r0, r6, r0
1000109e:	eb65 0101 	sbc.w	r1, r5, r1
100010a2:	4298      	cmp	r0, r3
100010a4:	f171 0100 	sbcs.w	r1, r1, #0
100010a8:	db10      	blt.n	100010cc <best_effort_wfe_or_timeout+0x6c>
100010aa:	bf20      	wfe
100010ac:	4b1e      	ldr	r3, [pc, #120]	@ (10001128 <best_effort_wfe_or_timeout+0xc8>)
100010ae:	6a5a      	ldr	r2, [r3, #36]	@ 0x24
100010b0:	42aa      	cmp	r2, r5
100010b2:	d3e2      	bcc.n	1000107a <best_effort_wfe_or_timeout+0x1a>
100010b4:	bf14      	ite	ne
100010b6:	2401      	movne	r4, #1
100010b8:	2400      	moveq	r4, #0
100010ba:	6a9b      	ldr	r3, [r3, #40]	@ 0x28
100010bc:	42b3      	cmp	r3, r6
100010be:	bf34      	ite	cc
100010c0:	4620      	movcc	r0, r4
100010c2:	f044 0001 	orrcs.w	r0, r4, #1
100010c6:	b003      	add	sp, #12
100010c8:	e8bd 83f0 	ldmia.w	sp!, {r4, r5, r6, r7, r8, r9, pc}
100010cc:	f000 f84c 	bl	10001168 <time_us_64>
100010d0:	4286      	cmp	r6, r0
100010d2:	eb65 0101 	sbc.w	r1, r5, r1
100010d6:	2900      	cmp	r1, #0
100010d8:	db14      	blt.n	10001104 <best_effort_wfe_or_timeout+0xa4>
100010da:	4b15      	ldr	r3, [pc, #84]	@ (10001130 <best_effort_wfe_or_timeout+0xd0>)
100010dc:	4638      	mov	r0, r7
100010de:	e9cd 3400 	strd	r3, r4, [sp]
100010e2:	4632      	mov	r2, r6
100010e4:	462b      	mov	r3, r5
100010e6:	f7ff ff15 	bl	10000f14 <alarm_pool_add_alarm_at_force_in_context>
100010ea:	1e01      	subs	r1, r0, #0
100010ec:	dd0a      	ble.n	10001104 <best_effort_wfe_or_timeout+0xa4>
100010ee:	4b0e      	ldr	r3, [pc, #56]	@ (10001128 <best_effort_wfe_or_timeout+0xc8>)
100010f0:	6a5a      	ldr	r2, [r3, #36]	@ 0x24
100010f2:	42aa      	cmp	r2, r5
100010f4:	d316      	bcc.n	10001124 <best_effort_wfe_or_timeout+0xc4>
100010f6:	6a9b      	ldr	r3, [r3, #40]	@ 0x28
100010f8:	42b3      	cmp	r3, r6
100010fa:	d311      	bcc.n	10001120 <best_effort_wfe_or_timeout+0xc0>
100010fc:	480b      	ldr	r0, [pc, #44]	@ (1000112c <best_effort_wfe_or_timeout+0xcc>)
100010fe:	f7ff ff6d 	bl	10000fdc <alarm_pool_cancel_alarm>
10001102:	e7b6      	b.n	10001072 <best_effort_wfe_or_timeout+0x12>
10001104:	4b08      	ldr	r3, [pc, #32]	@ (10001128 <best_effort_wfe_or_timeout+0xc8>)
10001106:	6a5c      	ldr	r4, [r3, #36]	@ 0x24
10001108:	42ac      	cmp	r4, r5
1000110a:	d3b6      	bcc.n	1000107a <best_effort_wfe_or_timeout+0x1a>
1000110c:	1b64      	subs	r4, r4, r5
1000110e:	bf18      	it	ne
10001110:	2401      	movne	r4, #1
10001112:	6a9b      	ldr	r3, [r3, #40]	@ 0x28
10001114:	42b3      	cmp	r3, r6
10001116:	bf34      	ite	cc
10001118:	4620      	movcc	r0, r4
1000111a:	f044 0001 	orrcs.w	r0, r4, #1
1000111e:	e7ad      	b.n	1000107c <best_effort_wfe_or_timeout+0x1c>
10001120:	42aa      	cmp	r2, r5
10001122:	d1eb      	bne.n	100010fc <best_effort_wfe_or_timeout+0x9c>
10001124:	bf20      	wfe
10001126:	e7e9      	b.n	100010fc <best_effort_wfe_or_timeout+0x9c>
10001128:	400b0000 	.word	0x400b0000
1000112c:	200011cc 	.word	0x200011cc
10001130:	10000a05 	.word	0x10000a05

10001134 <timer_hardware_alarm_claim>:
10001134:	b410      	push	{r4}
10001136:	4b05      	ldr	r3, [pc, #20]	@ (1000114c <timer_hardware_alarm_claim+0x18>)
10001138:	4c05      	ldr	r4, [pc, #20]	@ (10001150 <timer_hardware_alarm_claim+0x1c>)
1000113a:	4a06      	ldr	r2, [pc, #24]	@ (10001154 <timer_hardware_alarm_claim+0x20>)
1000113c:	42a0      	cmp	r0, r4
1000113e:	bf14      	ite	ne
10001140:	4618      	movne	r0, r3
10001142:	1c58      	addeq	r0, r3, #1
10001144:	f85d 4b04 	ldr.w	r4, [sp], #4
10001148:	f7ff b978 	b.w	1000043c <hw_claim_or_assert>
1000114c:	2000208c 	.word	0x2000208c
10001150:	400b8000 	.word	0x400b8000
10001154:	100087d4 	.word	0x100087d4

10001158 <timer_time_us_64>:
10001158:	4603      	mov	r3, r0
1000115a:	6a41      	ldr	r1, [r0, #36]	@ 0x24
1000115c:	460a      	mov	r2, r1
1000115e:	6a98      	ldr	r0, [r3, #40]	@ 0x28
10001160:	6a59      	ldr	r1, [r3, #36]	@ 0x24
10001162:	428a      	cmp	r2, r1
10001164:	d1fa      	bne.n	1000115c <timer_time_us_64+0x4>
10001166:	4770      	bx	lr

10001168 <time_us_64>:
10001168:	4b03      	ldr	r3, [pc, #12]	@ (10001178 <time_us_64+0x10>)
1000116a:	6a59      	ldr	r1, [r3, #36]	@ 0x24
1000116c:	460a      	mov	r2, r1
1000116e:	6a98      	ldr	r0, [r3, #40]	@ 0x28
10001170:	6a59      	ldr	r1, [r3, #36]	@ 0x24
10001172:	4291      	cmp	r1, r2
10001174:	d1fa      	bne.n	1000116c <time_us_64+0x4>
10001176:	4770      	bx	lr
10001178:	400b0000 	.word	0x400b0000

1000117c <clock_configure_undivided>:
1000117c:	eb00 0c40 	add.w	ip, r0, r0, lsl #1
10001180:	ea4f 0c8c 	mov.w	ip, ip, lsl #2
10001184:	f10c 4c80 	add.w	ip, ip, #1073741824	@ 0x40000000
10001188:	f50c 3c80 	add.w	ip, ip, #65536	@ 0x10000
1000118c:	b5f0      	push	{r4, r5, r6, r7, lr}
1000118e:	4616      	mov	r6, r2
10001190:	f8dc 2004 	ldr.w	r2, [ip, #4]
10001194:	1f05      	subs	r5, r0, #4
10001196:	f5b2 3f80 	cmp.w	r2, #65536	@ 0x10000
1000119a:	bf38      	it	cc
1000119c:	f44f 3280 	movcc.w	r2, #65536	@ 0x10000
100011a0:	b2ed      	uxtb	r5, r5
100011a2:	bf38      	it	cc
100011a4:	f8cc 2004 	strcc.w	r2, [ip, #4]
100011a8:	2d01      	cmp	r5, #1
100011aa:	d92a      	bls.n	10001202 <clock_configure_undivided+0x86>
100011ac:	f44f 6700 	mov.w	r7, #2048	@ 0x800
100011b0:	4c25      	ldr	r4, [pc, #148]	@ (10001248 <clock_configure_undivided+0xcc>)
100011b2:	f50c 5240 	add.w	r2, ip, #12288	@ 0x3000
100011b6:	6017      	str	r7, [r2, #0]
100011b8:	f854 2020 	ldr.w	r2, [r4, r0, lsl #2]
100011bc:	b9b2      	cbnz	r2, 100011ec <clock_configure_undivided+0x70>
100011be:	f8dc 2000 	ldr.w	r2, [ip]
100011c2:	2d01      	cmp	r5, #1
100011c4:	ea82 1246 	eor.w	r2, r2, r6, lsl #5
100011c8:	f002 02e0 	and.w	r2, r2, #224	@ 0xe0
100011cc:	f50c 5680 	add.w	r6, ip, #4096	@ 0x1000
100011d0:	6032      	str	r2, [r6, #0]
100011d2:	d92a      	bls.n	1000122a <clock_configure_undivided+0xae>
100011d4:	f44f 6100 	mov.w	r1, #2048	@ 0x800
100011d8:	f844 3020 	str.w	r3, [r4, r0, lsl #2]
100011dc:	f44f 3380 	mov.w	r3, #65536	@ 0x10000
100011e0:	f50c 5200 	add.w	r2, ip, #8192	@ 0x2000
100011e4:	6011      	str	r1, [r2, #0]
100011e6:	f8cc 3004 	str.w	r3, [ip, #4]
100011ea:	bdf0      	pop	{r4, r5, r6, r7, pc}
100011ec:	6967      	ldr	r7, [r4, #20]
100011ee:	fbb7 fef2 	udiv	lr, r7, r2
100011f2:	f10e 0e01 	add.w	lr, lr, #1
100011f6:	eb0e 0e4e 	add.w	lr, lr, lr, lsl #1
100011fa:	f1be 0e03 	subs.w	lr, lr, #3
100011fe:	d2fc      	bcs.n	100011fa <clock_configure_undivided+0x7e>
10001200:	e7dd      	b.n	100011be <clock_configure_undivided+0x42>
10001202:	2901      	cmp	r1, #1
10001204:	d1d2      	bne.n	100011ac <clock_configure_undivided+0x30>
10001206:	2403      	movs	r4, #3
10001208:	f50c 5240 	add.w	r2, ip, #12288	@ 0x3000
1000120c:	6014      	str	r4, [r2, #0]
1000120e:	f8dc 2008 	ldr.w	r2, [ip, #8]
10001212:	07d2      	lsls	r2, r2, #31
10001214:	d5fb      	bpl.n	1000120e <clock_configure_undivided+0x92>
10001216:	f8dc 2000 	ldr.w	r2, [ip]
1000121a:	4c0b      	ldr	r4, [pc, #44]	@ (10001248 <clock_configure_undivided+0xcc>)
1000121c:	ea82 1246 	eor.w	r2, r2, r6, lsl #5
10001220:	f002 02e0 	and.w	r2, r2, #224	@ 0xe0
10001224:	f50c 5680 	add.w	r6, ip, #4096	@ 0x1000
10001228:	6032      	str	r2, [r6, #0]
1000122a:	2201      	movs	r2, #1
1000122c:	f8dc 5000 	ldr.w	r5, [ip]
10001230:	404d      	eors	r5, r1
10001232:	f005 0503 	and.w	r5, r5, #3
10001236:	6035      	str	r5, [r6, #0]
10001238:	fa02 f101 	lsl.w	r1, r2, r1
1000123c:	f8dc 2008 	ldr.w	r2, [ip, #8]
10001240:	420a      	tst	r2, r1
10001242:	d0fb      	beq.n	1000123c <clock_configure_undivided+0xc0>
10001244:	e7c6      	b.n	100011d4 <clock_configure_undivided+0x58>
10001246:	bf00      	nop
10001248:	20002090 	.word	0x20002090

1000124c <clock_get_hz>:
1000124c:	4b01      	ldr	r3, [pc, #4]	@ (10001254 <clock_get_hz+0x8>)
1000124e:	f853 0020 	ldr.w	r0, [r3, r0, lsl #2]
10001252:	4770      	bx	lr
10001254:	20002090 	.word	0x20002090

10001258 <pll_init>:
10001258:	b470      	push	{r4, r5, r6}
1000125a:	9d03      	ldr	r5, [sp, #12]
1000125c:	6804      	ldr	r4, [r0, #0]
1000125e:	032d      	lsls	r5, r5, #12
10001260:	ea45 4503 	orr.w	r5, r5, r3, lsl #16
10001264:	4b1b      	ldr	r3, [pc, #108]	@ (100012d4 <pll_init+0x7c>)
10001266:	2c00      	cmp	r4, #0
10001268:	fbb3 f3f1 	udiv	r3, r3, r1
1000126c:	fbb2 f6f3 	udiv	r6, r2, r3
10001270:	db1f      	blt.n	100012b2 <pll_init+0x5a>
10001272:	4a19      	ldr	r2, [pc, #100]	@ (100012d8 <pll_init+0x80>)
10001274:	4b19      	ldr	r3, [pc, #100]	@ (100012dc <pll_init+0x84>)
10001276:	4290      	cmp	r0, r2
10001278:	bf14      	ite	ne
1000127a:	f44f 4280 	movne.w	r2, #16384	@ 0x4000
1000127e:	f44f 4200 	moveq.w	r2, #32768	@ 0x8000
10001282:	4c17      	ldr	r4, [pc, #92]	@ (100012e0 <pll_init+0x88>)
10001284:	601a      	str	r2, [r3, #0]
10001286:	f503 5380 	add.w	r3, r3, #4096	@ 0x1000
1000128a:	601a      	str	r2, [r3, #0]
1000128c:	68a3      	ldr	r3, [r4, #8]
1000128e:	ea32 0303 	bics.w	r3, r2, r3
10001292:	d1fb      	bne.n	1000128c <pll_init+0x34>
10001294:	2221      	movs	r2, #33	@ 0x21
10001296:	f500 5340 	add.w	r3, r0, #12288	@ 0x3000
1000129a:	3304      	adds	r3, #4
1000129c:	6001      	str	r1, [r0, #0]
1000129e:	6086      	str	r6, [r0, #8]
100012a0:	601a      	str	r2, [r3, #0]
100012a2:	6802      	ldr	r2, [r0, #0]
100012a4:	2a00      	cmp	r2, #0
100012a6:	dafc      	bge.n	100012a2 <pll_init+0x4a>
100012a8:	2208      	movs	r2, #8
100012aa:	60c5      	str	r5, [r0, #12]
100012ac:	601a      	str	r2, [r3, #0]
100012ae:	bc70      	pop	{r4, r5, r6}
100012b0:	4770      	bx	lr
100012b2:	6803      	ldr	r3, [r0, #0]
100012b4:	f003 033f 	and.w	r3, r3, #63	@ 0x3f
100012b8:	428b      	cmp	r3, r1
100012ba:	d1da      	bne.n	10001272 <pll_init+0x1a>
100012bc:	6883      	ldr	r3, [r0, #8]
100012be:	f3c3 030b 	ubfx	r3, r3, #0, #12
100012c2:	42b3      	cmp	r3, r6
100012c4:	d1d5      	bne.n	10001272 <pll_init+0x1a>
100012c6:	68c3      	ldr	r3, [r0, #12]
100012c8:	f403 23ee 	and.w	r3, r3, #487424	@ 0x77000
100012cc:	42ab      	cmp	r3, r5
100012ce:	d1d0      	bne.n	10001272 <pll_init+0x1a>
100012d0:	e7ed      	b.n	100012ae <pll_init+0x56>
100012d2:	bf00      	nop
100012d4:	00b71b00 	.word	0x00b71b00
100012d8:	40058000 	.word	0x40058000
100012dc:	40022000 	.word	0x40022000
100012e0:	40020000 	.word	0x40020000

100012e4 <watchdog_reboot>:
100012e4:	b430      	push	{r4, r5}
100012e6:	f04f 4480 	mov.w	r4, #1073741824	@ 0x40000000
100012ea:	4b1c      	ldr	r3, [pc, #112]	@ (1000135c <watchdog_reboot+0x78>)
100012ec:	601c      	str	r4, [r3, #0]
100012ee:	b1e0      	cbz	r0, 1000132a <watchdog_reboot+0x46>
100012f0:	4c1b      	ldr	r4, [pc, #108]	@ (10001360 <watchdog_reboot+0x7c>)
100012f2:	f5a3 5340 	sub.w	r3, r3, #12288	@ 0x3000
100012f6:	61dc      	str	r4, [r3, #28]
100012f8:	4c1a      	ldr	r4, [pc, #104]	@ (10001364 <watchdog_reboot+0x80>)
100012fa:	f040 0001 	orr.w	r0, r0, #1
100012fe:	4044      	eors	r4, r0
10001300:	621c      	str	r4, [r3, #32]
10001302:	6259      	str	r1, [r3, #36]	@ 0x24
10001304:	6298      	str	r0, [r3, #40]	@ 0x28
10001306:	f04f 4580 	mov.w	r5, #1073741824	@ 0x40000000
1000130a:	f04f 61e0 	mov.w	r1, #117440512	@ 0x7000000
1000130e:	4b13      	ldr	r3, [pc, #76]	@ (1000135c <watchdog_reboot+0x78>)
10001310:	4815      	ldr	r0, [pc, #84]	@ (10001368 <watchdog_reboot+0x84>)
10001312:	4c16      	ldr	r4, [pc, #88]	@ (1000136c <watchdog_reboot+0x88>)
10001314:	601d      	str	r5, [r3, #0]
10001316:	6084      	str	r4, [r0, #8]
10001318:	6019      	str	r1, [r3, #0]
1000131a:	b94a      	cbnz	r2, 10001330 <watchdog_reboot+0x4c>
1000131c:	bc30      	pop	{r4, r5}
1000131e:	f04f 4200 	mov.w	r2, #2147483648	@ 0x80000000
10001322:	f5a3 5380 	sub.w	r3, r3, #4096	@ 0x1000
10001326:	601a      	str	r2, [r3, #0]
10001328:	4770      	bx	lr
1000132a:	4b11      	ldr	r3, [pc, #68]	@ (10001370 <watchdog_reboot+0x8c>)
1000132c:	61d8      	str	r0, [r3, #28]
1000132e:	e7ea      	b.n	10001306 <watchdog_reboot+0x22>
10001330:	f44f 737a 	mov.w	r3, #1000	@ 0x3e8
10001334:	fb03 f202 	mul.w	r2, r3, r2
10001338:	f1b2 7f80 	cmp.w	r2, #16777216	@ 0x1000000
1000133c:	bf2a      	itet	cs
1000133e:	f06f 437f 	mvncs.w	r3, #4278190080	@ 0xff000000
10001342:	4613      	movcc	r3, r2
10001344:	461a      	movcs	r2, r3
10001346:	f04f 4180 	mov.w	r1, #1073741824	@ 0x40000000
1000134a:	4c0a      	ldr	r4, [pc, #40]	@ (10001374 <watchdog_reboot+0x90>)
1000134c:	4808      	ldr	r0, [pc, #32]	@ (10001370 <watchdog_reboot+0x8c>)
1000134e:	6023      	str	r3, [r4, #0]
10001350:	4b09      	ldr	r3, [pc, #36]	@ (10001378 <watchdog_reboot+0x94>)
10001352:	6042      	str	r2, [r0, #4]
10001354:	bc30      	pop	{r4, r5}
10001356:	6019      	str	r1, [r3, #0]
10001358:	4770      	bx	lr
1000135a:	bf00      	nop
1000135c:	400db000 	.word	0x400db000
10001360:	b007c0d3 	.word	0xb007c0d3
10001364:	4ff83f2d 	.word	0x4ff83f2d
10001368:	4001a000 	.word	0x4001a000
1000136c:	01fffff3 	.word	0x01fffff3
10001370:	400d8000 	.word	0x400d8000
10001374:	200024fc 	.word	0x200024fc
10001378:	400da000 	.word	0x400da000

1000137c <tick_start>:
1000137c:	2301      	movs	r3, #1
1000137e:	eb00 0040 	add.w	r0, r0, r0, lsl #1
10001382:	0080      	lsls	r0, r0, #2
10001384:	f100 4080 	add.w	r0, r0, #1073741824	@ 0x40000000
10001388:	f500 1084 	add.w	r0, r0, #1081344	@ 0x108000
1000138c:	6041      	str	r1, [r0, #4]
1000138e:	6003      	str	r3, [r0, #0]
10001390:	4770      	bx	lr
10001392:	bf00      	nop

10001394 <rom_reboot.constprop.0.isra.0>:
10001394:	2300      	movs	r3, #0
10001396:	b570      	push	{r4, r5, r6, lr}
10001398:	8adb      	ldrh	r3, [r3, #22]
1000139a:	4604      	mov	r4, r0
1000139c:	460d      	mov	r5, r1
1000139e:	2200      	movs	r2, #0
100013a0:	e842 f200 	tt	r2, r2
100013a4:	0252      	lsls	r2, r2, #9
100013a6:	bf54      	ite	pl
100013a8:	2110      	movpl	r1, #16
100013aa:	2104      	movmi	r1, #4
100013ac:	f244 2052 	movw	r0, #16978	@ 0x4252
100013b0:	4798      	blx	r3
100013b2:	4686      	mov	lr, r0
100013b4:	462b      	mov	r3, r5
100013b6:	4622      	mov	r2, r4
100013b8:	46f4      	mov	ip, lr
100013ba:	e8bd 4070 	ldmia.w	sp!, {r4, r5, r6, lr}
100013be:	210a      	movs	r1, #10
100013c0:	f44f 7081 	mov.w	r0, #258	@ 0x102
100013c4:	4760      	bx	ip
100013c6:	bf00      	nop

100013c8 <rom_func_lookup>:
100013c8:	2300      	movs	r3, #0
100013ca:	8adb      	ldrh	r3, [r3, #22]
100013cc:	2200      	movs	r2, #0
100013ce:	e842 f200 	tt	r2, r2
100013d2:	0252      	lsls	r2, r2, #9
100013d4:	d401      	bmi.n	100013da <rom_func_lookup+0x12>
100013d6:	2110      	movs	r1, #16
100013d8:	4718      	bx	r3
100013da:	2104      	movs	r1, #4
100013dc:	4718      	bx	r3
100013de:	bf00      	nop

100013e0 <rom_reset_usb_boot_extra>:
100013e0:	b508      	push	{r3, lr}
100013e2:	4603      	mov	r3, r0
100013e4:	4608      	mov	r0, r1
100013e6:	1e19      	subs	r1, r3, #0
100013e8:	db02      	blt.n	100013f0 <rom_reset_usb_boot_extra+0x10>
100013ea:	b11a      	cbz	r2, 100013f4 <rom_reset_usb_boot_extra+0x14>
100013ec:	f040 0030 	orr.w	r0, r0, #48	@ 0x30
100013f0:	f7ff ffd0 	bl	10001394 <rom_reboot.constprop.0.isra.0>
100013f4:	f040 0020 	orr.w	r0, r0, #32
100013f8:	e7fa      	b.n	100013f0 <rom_reset_usb_boot_extra+0x10>
100013fa:	bf00      	nop

100013fc <runtime_init_bootrom_locking_enable>:
100013fc:	4a03      	ldr	r2, [pc, #12]	@ (1000140c <runtime_init_bootrom_locking_enable+0x10>)
100013fe:	f8d2 3828 	ldr.w	r3, [r2, #2088]	@ 0x828
10001402:	2b00      	cmp	r3, #0
10001404:	d0fb      	beq.n	100013fe <runtime_init_bootrom_locking_enable+0x2>
10001406:	f3bf 8f5f 	dmb	sy
1000140a:	4770      	bx	lr
1000140c:	400e0000 	.word	0x400e0000

10001410 <runtime_init_boot_locks_reset>:
10001410:	2100      	movs	r1, #0
10001412:	4b04      	ldr	r3, [pc, #16]	@ (10001424 <runtime_init_boot_locks_reset+0x14>)
10001414:	4a04      	ldr	r2, [pc, #16]	@ (10001428 <runtime_init_boot_locks_reset+0x18>)
10001416:	f3bf 8f5f 	dmb	sy
1000141a:	f843 1b04 	str.w	r1, [r3], #4
1000141e:	4293      	cmp	r3, r2
10001420:	d1f9      	bne.n	10001416 <runtime_init_boot_locks_reset+0x6>
10001422:	4770      	bx	lr
10001424:	400e080c 	.word	0x400e080c
10001428:	400e082c 	.word	0x400e082c

1000142c <xosc_init>:
1000142c:	b410      	push	{r4}
1000142e:	f44f 708d 	mov.w	r0, #282	@ 0x11a
10001432:	f44f 642a 	mov.w	r4, #2720	@ 0xaa0
10001436:	4a06      	ldr	r2, [pc, #24]	@ (10001450 <xosc_init+0x24>)
10001438:	4b06      	ldr	r3, [pc, #24]	@ (10001454 <xosc_init+0x28>)
1000143a:	4907      	ldr	r1, [pc, #28]	@ (10001458 <xosc_init+0x2c>)
1000143c:	6014      	str	r4, [r2, #0]
1000143e:	60d0      	str	r0, [r2, #12]
10001440:	6019      	str	r1, [r3, #0]
10001442:	6853      	ldr	r3, [r2, #4]
10001444:	2b00      	cmp	r3, #0
10001446:	dafc      	bge.n	10001442 <xosc_init+0x16>
10001448:	f85d 4b04 	ldr.w	r4, [sp], #4
1000144c:	4770      	bx	lr
1000144e:	bf00      	nop
10001450:	40048000 	.word	0x40048000
10001454:	4004a000 	.word	0x4004a000
10001458:	00fab000 	.word	0x00fab000

1000145c <first_per_core_initializer>:
1000145c:	4770      	bx	lr
1000145e:	bf00      	nop

10001460 <hard_assertion_failure>:
10001460:	b508      	push	{r3, lr}
10001462:	4801      	ldr	r0, [pc, #4]	@ (10001468 <hard_assertion_failure+0x8>)
10001464:	f7fe ffd2 	bl	1000040c <panic>
10001468:	100087f8 	.word	0x100087f8

1000146c <runtime_run_initializers>:
1000146c:	b538      	push	{r3, r4, r5, lr}
1000146e:	4c05      	ldr	r4, [pc, #20]	@ (10001484 <runtime_run_initializers+0x18>)
10001470:	4d05      	ldr	r5, [pc, #20]	@ (10001488 <runtime_run_initializers+0x1c>)
10001472:	42ac      	cmp	r4, r5
10001474:	d204      	bcs.n	10001480 <runtime_run_initializers+0x14>
10001476:	f854 3b04 	ldr.w	r3, [r4], #4
1000147a:	4798      	blx	r3
1000147c:	42ac      	cmp	r4, r5
1000147e:	d3fa      	bcc.n	10001476 <runtime_run_initializers+0xa>
10001480:	bd38      	pop	{r3, r4, r5, pc}
10001482:	bf00      	nop
10001484:	10008580 	.word	0x10008580
10001488:	100085c0 	.word	0x100085c0

1000148c <runtime_init_early_resets>:
1000148c:	b410      	push	{r4}
1000148e:	4807      	ldr	r0, [pc, #28]	@ (100014ac <runtime_init_early_resets+0x20>)
10001490:	4c07      	ldr	r4, [pc, #28]	@ (100014b0 <runtime_init_early_resets+0x24>)
10001492:	4b08      	ldr	r3, [pc, #32]	@ (100014b4 <runtime_init_early_resets+0x28>)
10001494:	4a08      	ldr	r2, [pc, #32]	@ (100014b8 <runtime_init_early_resets+0x2c>)
10001496:	4909      	ldr	r1, [pc, #36]	@ (100014bc <runtime_init_early_resets+0x30>)
10001498:	6004      	str	r4, [r0, #0]
1000149a:	601a      	str	r2, [r3, #0]
1000149c:	688b      	ldr	r3, [r1, #8]
1000149e:	ea32 0303 	bics.w	r3, r2, r3
100014a2:	d1fb      	bne.n	1000149c <runtime_init_early_resets+0x10>
100014a4:	f85d 4b04 	ldr.w	r4, [sp], #4
100014a8:	4770      	bx	lr
100014aa:	bf00      	nop
100014ac:	40022000 	.word	0x40022000
100014b0:	efef3b7f 	.word	0xefef3b7f
100014b4:	40023000 	.word	0x40023000
100014b8:	03f3fff6 	.word	0x03f3fff6
100014bc:	40020000 	.word	0x40020000

100014c0 <runtime_init_usb_power_down>:
100014c0:	4b04      	ldr	r3, [pc, #16]	@ (100014d4 <runtime_init_usb_power_down+0x14>)
100014c2:	6cdb      	ldr	r3, [r3, #76]	@ 0x4c
100014c4:	f5b3 4f00 	cmp.w	r3, #32768	@ 0x8000
100014c8:	d103      	bne.n	100014d2 <runtime_init_usb_power_down+0x12>
100014ca:	f44f 2280 	mov.w	r2, #262144	@ 0x40000
100014ce:	4b02      	ldr	r3, [pc, #8]	@ (100014d8 <runtime_init_usb_power_down+0x18>)
100014d0:	64da      	str	r2, [r3, #76]	@ 0x4c
100014d2:	4770      	bx	lr
100014d4:	50110000 	.word	0x50110000
100014d8:	50112000 	.word	0x50112000

100014dc <runtime_init_per_core_enable_coprocessors>:
100014dc:	f04f 22e0 	mov.w	r2, #3758153728	@ 0xe000e000
100014e0:	4b04      	ldr	r3, [pc, #16]	@ (100014f4 <runtime_init_per_core_enable_coprocessors+0x18>)
100014e2:	f8d2 1d88 	ldr.w	r1, [r2, #3464]	@ 0xd88
100014e6:	430b      	orrs	r3, r1
100014e8:	f8c2 3d88 	str.w	r3, [r2, #3464]	@ 0xd88
100014ec:	ee10 0430 			dcp_rcmp r0
100014f0:	4770      	bx	lr
100014f2:	bf00      	nop
100014f4:	00300303 	.word	0x00300303

100014f8 <runtime_init_post_clock_resets>:
100014f8:	f06f 4160 	mvn.w	r1, #3758096384	@ 0xe0000000
100014fc:	4b04      	ldr	r3, [pc, #16]	@ (10001510 <runtime_init_post_clock_resets+0x18>)
100014fe:	4a05      	ldr	r2, [pc, #20]	@ (10001514 <runtime_init_post_clock_resets+0x1c>)
10001500:	6019      	str	r1, [r3, #0]
10001502:	6893      	ldr	r3, [r2, #8]
10001504:	43db      	mvns	r3, r3
10001506:	f033 4360 	bics.w	r3, r3, #3758096384	@ 0xe0000000
1000150a:	d1fa      	bne.n	10001502 <runtime_init_post_clock_resets+0xa>
1000150c:	4770      	bx	lr
1000150e:	bf00      	nop
10001510:	40023000 	.word	0x40023000
10001514:	40020000 	.word	0x40020000

10001518 <runtime_init_bootrom_reset>:
10001518:	b510      	push	{r4, lr}
1000151a:	f245 2053 	movw	r0, #21075	@ 0x5253
1000151e:	f7ff ff53 	bl	100013c8 <rom_func_lookup>
10001522:	e8bd 4010 	ldmia.w	sp!, {r4, lr}
10001526:	4603      	mov	r3, r0
10001528:	2004      	movs	r0, #4
1000152a:	4718      	bx	r3

1000152c <runtime_init_per_core_bootrom_reset>:
1000152c:	b510      	push	{r4, lr}
1000152e:	f245 2053 	movw	r0, #21075	@ 0x5253
10001532:	f7ff ff49 	bl	100013c8 <rom_func_lookup>
10001536:	e8bd 4010 	ldmia.w	sp!, {r4, lr}
1000153a:	4603      	mov	r3, r0
1000153c:	2001      	movs	r0, #1
1000153e:	4718      	bx	r3

10001540 <runtime_init_spin_locks_reset>:
10001540:	f7ff b80c 	b.w	1000055c <spin_locks_reset>

10001544 <runtime_init_install_ram_vector_table>:
10001544:	b510      	push	{r4, lr}
10001546:	4b05      	ldr	r3, [pc, #20]	@ (1000155c <runtime_init_install_ram_vector_table+0x18>)
10001548:	4c05      	ldr	r4, [pc, #20]	@ (10001560 <runtime_init_install_ram_vector_table+0x1c>)
1000154a:	f44f 7288 	mov.w	r2, #272	@ 0x110
1000154e:	4618      	mov	r0, r3
10001550:	68a1      	ldr	r1, [r4, #8]
10001552:	f006 fdf5 	bl	10008140 <memcpy>
10001556:	60a0      	str	r0, [r4, #8]
10001558:	bd10      	pop	{r4, pc}
1000155a:	bf00      	nop
1000155c:	20000000 	.word	0x20000000
10001560:	e000ed00 	.word	0xe000ed00

10001564 <runtime_init_clocks>:
10001564:	2300      	movs	r3, #0
10001566:	b570      	push	{r4, r5, r6, lr}
10001568:	4c2b      	ldr	r4, [pc, #172]	@ (10001618 <runtime_init_clocks+0xb4>)
1000156a:	b082      	sub	sp, #8
1000156c:	f8c4 3084 	str.w	r3, [r4, #132]	@ 0x84
10001570:	f7ff ff5c 	bl	1000142c <xosc_init>
10001574:	2201      	movs	r2, #1
10001576:	4b29      	ldr	r3, [pc, #164]	@ (1000161c <runtime_init_clocks+0xb8>)
10001578:	63da      	str	r2, [r3, #60]	@ 0x3c
1000157a:	6c63      	ldr	r3, [r4, #68]	@ 0x44
1000157c:	2b01      	cmp	r3, #1
1000157e:	d1fc      	bne.n	1000157a <runtime_init_clocks+0x16>
10001580:	2103      	movs	r1, #3
10001582:	4a26      	ldr	r2, [pc, #152]	@ (1000161c <runtime_init_clocks+0xb8>)
10001584:	4b24      	ldr	r3, [pc, #144]	@ (10001618 <runtime_init_clocks+0xb4>)
10001586:	6311      	str	r1, [r2, #48]	@ 0x30
10001588:	6b9c      	ldr	r4, [r3, #56]	@ 0x38
1000158a:	2c01      	cmp	r4, #1
1000158c:	d1fc      	bne.n	10001588 <runtime_init_clocks+0x24>
1000158e:	2602      	movs	r6, #2
10001590:	2505      	movs	r5, #5
10001592:	4621      	mov	r1, r4
10001594:	2305      	movs	r3, #5
10001596:	4a22      	ldr	r2, [pc, #136]	@ (10001620 <runtime_init_clocks+0xbc>)
10001598:	4822      	ldr	r0, [pc, #136]	@ (10001624 <runtime_init_clocks+0xc0>)
1000159a:	9600      	str	r6, [sp, #0]
1000159c:	f7ff fe5c 	bl	10001258 <pll_init>
100015a0:	4621      	mov	r1, r4
100015a2:	462b      	mov	r3, r5
100015a4:	4a20      	ldr	r2, [pc, #128]	@ (10001628 <runtime_init_clocks+0xc4>)
100015a6:	4821      	ldr	r0, [pc, #132]	@ (1000162c <runtime_init_clocks+0xc8>)
100015a8:	9500      	str	r5, [sp, #0]
100015aa:	f7ff fe55 	bl	10001258 <pll_init>
100015ae:	2200      	movs	r2, #0
100015b0:	2004      	movs	r0, #4
100015b2:	4631      	mov	r1, r6
100015b4:	4b1e      	ldr	r3, [pc, #120]	@ (10001630 <runtime_init_clocks+0xcc>)
100015b6:	f7ff fde1 	bl	1000117c <clock_configure_undivided>
100015ba:	4621      	mov	r1, r4
100015bc:	4628      	mov	r0, r5
100015be:	2200      	movs	r2, #0
100015c0:	4b1c      	ldr	r3, [pc, #112]	@ (10001634 <runtime_init_clocks+0xd0>)
100015c2:	f7ff fddb 	bl	1000117c <clock_configure_undivided>
100015c6:	2200      	movs	r2, #0
100015c8:	2008      	movs	r0, #8
100015ca:	4611      	mov	r1, r2
100015cc:	4b1a      	ldr	r3, [pc, #104]	@ (10001638 <runtime_init_clocks+0xd4>)
100015ce:	f7ff fdd5 	bl	1000117c <clock_configure_undivided>
100015d2:	2200      	movs	r2, #0
100015d4:	2009      	movs	r0, #9
100015d6:	4611      	mov	r1, r2
100015d8:	4b17      	ldr	r3, [pc, #92]	@ (10001638 <runtime_init_clocks+0xd4>)
100015da:	f7ff fdcf 	bl	1000117c <clock_configure_undivided>
100015de:	2200      	movs	r2, #0
100015e0:	2006      	movs	r0, #6
100015e2:	4611      	mov	r1, r2
100015e4:	4b13      	ldr	r3, [pc, #76]	@ (10001634 <runtime_init_clocks+0xd0>)
100015e6:	f7ff fdc9 	bl	1000117c <clock_configure_undivided>
100015ea:	2200      	movs	r2, #0
100015ec:	4b11      	ldr	r3, [pc, #68]	@ (10001634 <runtime_init_clocks+0xd0>)
100015ee:	2007      	movs	r0, #7
100015f0:	4611      	mov	r1, r2
100015f2:	f7ff fdc3 	bl	1000117c <clock_configure_undivided>
100015f6:	2004      	movs	r0, #4
100015f8:	f7ff fe28 	bl	1000124c <clock_get_hz>
100015fc:	2400      	movs	r4, #0
100015fe:	4b0f      	ldr	r3, [pc, #60]	@ (1000163c <runtime_init_clocks+0xd8>)
10001600:	fba3 3500 	umull	r3, r5, r3, r0
10001604:	0cad      	lsrs	r5, r5, #18
10001606:	b2e0      	uxtb	r0, r4
10001608:	4629      	mov	r1, r5
1000160a:	3401      	adds	r4, #1
1000160c:	f7ff feb6 	bl	1000137c <tick_start>
10001610:	2c06      	cmp	r4, #6
10001612:	d1f8      	bne.n	10001606 <runtime_init_clocks+0xa2>
10001614:	b002      	add	sp, #8
10001616:	bd70      	pop	{r4, r5, r6, pc}
10001618:	40010000 	.word	0x40010000
1000161c:	40013000 	.word	0x40013000
10001620:	59682f00 	.word	0x59682f00
10001624:	40050000 	.word	0x40050000
10001628:	47868c00 	.word	0x47868c00
1000162c:	40058000 	.word	0x40058000
10001630:	00b71b00 	.word	0x00b71b00
10001634:	08f0d180 	.word	0x08f0d180
10001638:	02dc6c00 	.word	0x02dc6c00
1000163c:	431bde83 	.word	0x431bde83

10001640 <generic_save_state>:
10001640:	b086      	sub	sp, #24
10001642:	b403      	push	{r0, r1}
10001644:	fc51 0408 	dcp_pxmd r0, r1
10001648:	e9cd 0102 	strd	r0, r1, [sp, #8]
1000164c:	fc51 0409 	dcp_pymd r0, r1
10001650:	e9cd 0104 	strd	r0, r1, [sp, #16]
10001654:	ec51 040a 	dcp_refd r0, r1
10001658:	e9cd 0106 	strd	r0, r1, [sp, #24]
1000165c:	bc03      	pop	{r0, r1}
1000165e:	47f0      	blx	lr

10001660 <generic_restore_state>:
10001660:	e8bd 5000 	ldmia.w	sp!, {ip, lr}
10001664:	ec4e c400 	dcp_wxmd ip, lr
10001668:	e8bd 5000 	ldmia.w	sp!, {ip, lr}
1000166c:	ec4e c401 	dcp_wymd ip, lr
10001670:	e8bd 5000 	ldmia.w	sp!, {ip, lr}
10001674:	ec4e c402 	dcp_wefd ip, lr
10001678:	bd00      	pop	{pc}
1000167a:	0000      	movs	r0, r0
1000167c:	b500      	push	{lr}
1000167e:	f7ff ffdf 	bl	10001640 <generic_save_state>
10001682:	e002      	b.n	1000168a <__wrap___aeabi_dadd+0x6>

10001684 <__wrap___aeabi_dadd>:
10001684:	fe10 f430 	dcp_pcmp APSR_nzcv
10001688:	d4f8      	bmi.n	1000167c <generic_restore_state+0x1c>
1000168a:	ec41 0410 	dcp_wxup r0, r1
1000168e:	ec43 2411 	dcp_wyup r2, r3
10001692:	ee00 0401 			dcp_add0
10001696:	ee10 0401 			dcp_add1
1000169a:	ee80 0420 			dcp_nrdd
1000169e:	ec51 0410 	dcp_rdda r0, r1
100016a2:	4770      	bx	lr
100016a4:	b500      	push	{lr}
100016a6:	f7ff ffcb 	bl	10001640 <generic_save_state>
100016aa:	e002      	b.n	100016b2 <__wrap___aeabi_dsub+0x6>

100016ac <__wrap___aeabi_dsub>:
100016ac:	fe10 f430 	dcp_pcmp APSR_nzcv
100016b0:	d4f8      	bmi.n	100016a4 <__wrap___aeabi_dadd+0x20>
100016b2:	ec41 0410 	dcp_wxup r0, r1
100016b6:	ec43 2411 	dcp_wyup r2, r3
100016ba:	ee00 0401 			dcp_add0
100016be:	ee10 0421 			dcp_sub1
100016c2:	ee80 0420 			dcp_nrdd
100016c6:	ec51 0430 	dcp_rdds r0, r1
100016ca:	4770      	bx	lr
100016cc:	b500      	push	{lr}
100016ce:	f7ff ffb7 	bl	10001640 <generic_save_state>
100016d2:	e002      	b.n	100016da <__wrap___aeabi_dmul+0x6>

100016d4 <__wrap___aeabi_dmul>:
100016d4:	fe10 f430 	dcp_pcmp APSR_nzcv
100016d8:	d4f8      	bmi.n	100016cc <__wrap___aeabi_dsub+0x20>
100016da:	b510      	push	{r4, lr}
100016dc:	ec41 0410 	dcp_wxup r0, r1
100016e0:	ec43 2411 	dcp_wyup r2, r3
100016e4:	ec51 0404 	dcp_rxms r0, r1, #0x0
100016e8:	ec53 2405 	dcp_ryms r2, r3, #0x0
100016ec:	fba0 4c02 	umull	r4, ip, r0, r2
100016f0:	f05f 0e00 	movs.w	lr, #0
100016f4:	fbe0 ce03 	umlal	ip, lr, r0, r3
100016f8:	fbe1 ce02 	umlal	ip, lr, r1, r2
100016fc:	ec4c 4420 	dcp_wxms r4, ip
10001700:	2400      	movs	r4, #0
10001702:	fbe1 e403 	umlal	lr, r4, r1, r3
10001706:	ec44 e430 	dcp_wxmo lr, r4
1000170a:	ee80 0420 			dcp_nrdd
1000170e:	ec51 0450 	dcp_rddm r0, r1
10001712:	e8bd 4010 	ldmia.w	sp!, {r4, lr}
10001716:	4770      	bx	lr
10001718:	b500      	push	{lr}
1000171a:	f7ff ff91 	bl	10001640 <generic_save_state>
1000171e:	e002      	b.n	10001726 <__wrap___aeabi_ddiv+0x6>

10001720 <__wrap___aeabi_ddiv>:
10001720:	fe10 f430 	dcp_pcmp APSR_nzcv
10001724:	d4f8      	bmi.n	10001718 <__wrap___aeabi_dmul+0x44>
10001726:	ec41 0410 	dcp_wxup r0, r1
1000172a:	ec43 2411 	dcp_wyup r2, r3
1000172e:	ec51 0421 	dcp_rymr r0, r1
10001732:	fba0 1201 	umull	r1, r2, r0, r1
10001736:	ea6f 0282 	mvn.w	r2, r2, lsl #2
1000173a:	fb52 0010 	smmlar	r0, r2, r0, r0
1000173e:	fb52 f212 	smmulr	r2, r2, r2
10001742:	fb52 0010 	smmlar	r0, r2, r0, r0
10001746:	eba0 7cd0 	sub.w	ip, r0, r0, lsr #31
1000174a:	ec53 2404 	dcp_rxms r2, r3, #0x0
1000174e:	fb5c f113 	smmulr	r1, ip, r3
10001752:	ec53 2415 	dcp_ryms r2, r3, #0x1
10001756:	fba1 2002 	umull	r2, r0, r1, r2
1000175a:	fb01 0003 	mla	r0, r1, r3, r0
1000175e:	ec53 2444 	dcp_rxms r2, r3, #0x4
10001762:	eba2 0000 	sub.w	r0, r2, r0
10001766:	fb50 f21c 	smmulr	r2, r0, ip
1000176a:	ea4f 1311 	mov.w	r3, r1, lsr #4
1000176e:	eb12 7001 	adds.w	r0, r2, r1, lsl #28
10001772:	eb43 71e2 	adc.w	r1, r3, r2, asr #31
10001776:	ea40 5051 	orr.w	r0, r0, r1, lsr #21
1000177a:	ea20 5091 	bic.w	r0, r0, r1, lsr #22
1000177e:	f020 0007 	bic.w	r0, r0, #7
10001782:	ec53 2475 	dcp_ryms r2, r3, #0x7
10001786:	fba0 3c02 	umull	r3, ip, r0, r2
1000178a:	ec53 2475 	dcp_ryms r2, r3, #0x7
1000178e:	fb00 cc03 	mla	ip, r0, r3, ip
10001792:	fb01 cc02 	mla	ip, r1, r2, ip
10001796:	ec53 2404 	dcp_rxms r2, r3, #0x0
1000179a:	ebac 4c82 	sub.w	ip, ip, r2, lsl #18
1000179e:	ea40 705c 	orr.w	r0, r0, ip, lsr #29
100017a2:	f1a0 0001 	sub.w	r0, r0, #1
100017a6:	ec41 0440 	dcp_wxdd r0, r1
100017aa:	ee80 0420 			dcp_nrdd
100017ae:	ec51 0470 	dcp_rddd r0, r1
100017b2:	4770      	bx	lr
100017b4:	b500      	push	{lr}
100017b6:	f7ff ff43 	bl	10001640 <generic_save_state>
100017ba:	e002      	b.n	100017c2 <__wrap___aeabi_i2d+0x6>

100017bc <__wrap___aeabi_i2d>:
100017bc:	fe10 f430 	dcp_pcmp APSR_nzcv
100017c0:	d4f8      	bmi.n	100017b4 <__wrap___aeabi_ddiv+0x94>
100017c2:	ec40 0470 	dcp_wxic r0, r0
100017c6:	ee00 0401 			dcp_add0
100017ca:	ee10 0421 			dcp_sub1
100017ce:	ee80 0420 			dcp_nrdd
100017d2:	ec51 0430 	dcp_rdds r0, r1
100017d6:	4770      	bx	lr
100017d8:	b500      	push	{lr}
100017da:	f7ff ff31 	bl	10001640 <generic_save_state>
100017de:	e002      	b.n	100017e6 <__wrap___aeabi_ui2d+0x6>

100017e0 <__wrap___aeabi_ui2d>:
100017e0:	fe10 f430 	dcp_pcmp APSR_nzcv
100017e4:	d4f8      	bmi.n	100017d8 <__wrap___aeabi_i2d+0x1c>
100017e6:	ec40 0460 	dcp_wxuc r0, r0
100017ea:	ee00 0401 			dcp_add0
100017ee:	ee10 0421 			dcp_sub1
100017f2:	ee80 0420 			dcp_nrdd
100017f6:	ec51 0430 	dcp_rdds r0, r1
100017fa:	4770      	bx	lr
100017fc:	b500      	push	{lr}
100017fe:	f7ff ff1f 	bl	10001640 <generic_save_state>
10001802:	e002      	b.n	1000180a <double2int_z_entry>

10001804 <__wrap___aeabi_d2iz>:
10001804:	fe10 f430 	dcp_pcmp APSR_nzcv
10001808:	d4f8      	bmi.n	100017fc <__wrap___aeabi_ui2d+0x1c>

1000180a <double2int_z_entry>:
1000180a:	ec41 0480 	dcp_wxdc r0, r1
1000180e:	ee00 0401 			dcp_add0
10001812:	ee10 0401 			dcp_add1
10001816:	ee80 0440 			dcp_ntdc
1000181a:	ee10 0413 			dcp_rdic r0
1000181e:	4770      	bx	lr
10001820:	b500      	push	{lr}
10001822:	f7ff ff0d 	bl	10001640 <generic_save_state>
10001826:	e002      	b.n	1000182e <double2uint_z_entry>

10001828 <__wrap___aeabi_d2uiz>:
10001828:	fe10 f430 	dcp_pcmp APSR_nzcv
1000182c:	d4f8      	bmi.n	10001820 <double2int_z_entry+0x16>

1000182e <double2uint_z_entry>:
1000182e:	ec41 0480 	dcp_wxdc r0, r1
10001832:	ee00 0401 			dcp_add0
10001836:	ee10 0401 			dcp_add1
1000183a:	ee80 0440 			dcp_ntdc
1000183e:	ee10 0433 			dcp_rduc r0
10001842:	4770      	bx	lr
10001844:	b500      	push	{lr}
10001846:	f7ff fefb 	bl	10001640 <generic_save_state>
1000184a:	e002      	b.n	10001852 <__wrap___aeabi_dcmpun+0x6>

1000184c <__wrap___aeabi_dcmpun>:
1000184c:	fe10 f430 	dcp_pcmp APSR_nzcv
10001850:	d4f8      	bmi.n	10001844 <double2uint_z_entry+0x16>
10001852:	ec41 0410 	dcp_wxup r0, r1
10001856:	ec43 2411 	dcp_wyup r2, r3
1000185a:	ee00 0401 			dcp_add0
1000185e:	ee10 0430 			dcp_rcmp r0
10001862:	f3c0 7000 	ubfx	r0, r0, #28, #1
10001866:	4770      	bx	lr
10001868:	b500      	push	{lr}
1000186a:	f7ff fee9 	bl	10001640 <generic_save_state>
1000186e:	e002      	b.n	10001876 <__wrap___aeabi_dcmplt+0x6>

10001870 <__wrap___aeabi_dcmplt>:
10001870:	fe10 f430 	dcp_pcmp APSR_nzcv
10001874:	d4f8      	bmi.n	10001868 <__wrap___aeabi_dcmpun+0x1c>
10001876:	ec43 2410 	dcp_wxup r2, r3
1000187a:	ec41 0411 	dcp_wyup r0, r1
1000187e:	ee00 0401 			dcp_add0
10001882:	ee10 f430 			dcp_rcmp APSR_nzcv
10001886:	bf8c      	ite	hi
10001888:	2001      	movhi	r0, #1
1000188a:	2000      	movls	r0, #0
1000188c:	4770      	bx	lr
1000188e:	bf00      	nop
10001890:	b500      	push	{lr}
10001892:	f7ff fed5 	bl	10001640 <generic_save_state>
10001896:	e002      	b.n	1000189e <__wrap___aeabi_dcmple+0x6>

10001898 <__wrap___aeabi_dcmple>:
10001898:	fe10 f430 	dcp_pcmp APSR_nzcv
1000189c:	d4f8      	bmi.n	10001890 <__wrap___aeabi_dcmplt+0x20>
1000189e:	ec43 2410 	dcp_wxup r2, r3
100018a2:	ec41 0411 	dcp_wyup r0, r1
100018a6:	ee00 0401 			dcp_add0
100018aa:	ee10 f430 			dcp_rcmp APSR_nzcv
100018ae:	bf2c      	ite	cs
100018b0:	2001      	movcs	r0, #1
100018b2:	2000      	movcc	r0, #0
100018b4:	4770      	bx	lr
100018b6:	bf00      	nop
100018b8:	b500      	push	{lr}
100018ba:	f7ff fec1 	bl	10001640 <generic_save_state>
100018be:	e002      	b.n	100018c6 <__wrap___aeabi_dcmpge+0x6>

100018c0 <__wrap___aeabi_dcmpge>:
100018c0:	fe10 f430 	dcp_pcmp APSR_nzcv
100018c4:	d4f8      	bmi.n	100018b8 <__wrap___aeabi_dcmple+0x20>
100018c6:	ec41 0410 	dcp_wxup r0, r1
100018ca:	ec43 2411 	dcp_wyup r2, r3
100018ce:	ee00 0401 			dcp_add0
100018d2:	ee10 f430 			dcp_rcmp APSR_nzcv
100018d6:	bf2c      	ite	cs
100018d8:	2001      	movcs	r0, #1
100018da:	2000      	movcc	r0, #0
100018dc:	4770      	bx	lr
100018de:	bf00      	nop
100018e0:	b500      	push	{lr}
100018e2:	f7ff fead 	bl	10001640 <generic_save_state>
100018e6:	e002      	b.n	100018ee <__wrap___aeabi_dcmpgt+0x6>

100018e8 <__wrap___aeabi_dcmpgt>:
100018e8:	fe10 f430 	dcp_pcmp APSR_nzcv
100018ec:	d4f8      	bmi.n	100018e0 <__wrap___aeabi_dcmpge+0x20>
100018ee:	ec41 0410 	dcp_wxup r0, r1
100018f2:	ec43 2411 	dcp_wyup r2, r3
100018f6:	ee00 0401 			dcp_add0
100018fa:	ee10 f430 			dcp_rcmp APSR_nzcv
100018fe:	bf8c      	ite	hi
10001900:	2001      	movhi	r0, #1
10001902:	2000      	movls	r0, #0
10001904:	4770      	bx	lr
10001906:	bf00      	nop

10001908 <__wrap_malloc>:
10001908:	b510      	push	{r4, lr}
1000190a:	4604      	mov	r4, r0
1000190c:	f006 f8c8 	bl	10007aa0 <malloc>
10001910:	b128      	cbz	r0, 1000191e <__wrap_malloc+0x16>
10001912:	4603      	mov	r3, r0
10001914:	4a03      	ldr	r2, [pc, #12]	@ (10001924 <__wrap_malloc+0x1c>)
10001916:	4423      	add	r3, r4
10001918:	4293      	cmp	r3, r2
1000191a:	d800      	bhi.n	1000191e <__wrap_malloc+0x16>
1000191c:	bd10      	pop	{r4, pc}
1000191e:	4802      	ldr	r0, [pc, #8]	@ (10001928 <__wrap_malloc+0x20>)
10001920:	f7fe fd74 	bl	1000040c <panic>
10001924:	20080000 	.word	0x20080000
10001928:	10008804 	.word	0x10008804

1000192c <__wrap_free>:
1000192c:	f006 b8c0 	b.w	10007ab0 <free>

10001930 <_out_null>:
10001930:	4770      	bx	lr
10001932:	bf00      	nop

10001934 <_out_rev>:
10001934:	e92d 4ff0 	stmdb	sp!, {r4, r5, r6, r7, r8, r9, sl, fp, lr}
10001938:	b083      	sub	sp, #12
1000193a:	4699      	mov	r9, r3
1000193c:	e9dd ab0d 	ldrd	sl, fp, [sp, #52]	@ 0x34
10001940:	9b0f      	ldr	r3, [sp, #60]	@ 0x3c
10001942:	4688      	mov	r8, r1
10001944:	4611      	mov	r1, r2
10001946:	079a      	lsls	r2, r3, #30
10001948:	4607      	mov	r7, r0
1000194a:	d116      	bne.n	1000197a <_out_rev+0x46>
1000194c:	45da      	cmp	sl, fp
1000194e:	d23a      	bcs.n	100019c6 <_out_rev+0x92>
10001950:	460c      	mov	r4, r1
10001952:	460d      	mov	r5, r1
10001954:	ebab 060a 	sub.w	r6, fp, sl
10001958:	440e      	add	r6, r1
1000195a:	4622      	mov	r2, r4
1000195c:	464b      	mov	r3, r9
1000195e:	4641      	mov	r1, r8
10001960:	2020      	movs	r0, #32
10001962:	3401      	adds	r4, #1
10001964:	47b8      	blx	r7
10001966:	42b4      	cmp	r4, r6
10001968:	d1f7      	bne.n	1000195a <_out_rev+0x26>
1000196a:	4629      	mov	r1, r5
1000196c:	f1ba 0f00 	cmp.w	sl, #0
10001970:	d108      	bne.n	10001984 <_out_rev+0x50>
10001972:	4620      	mov	r0, r4
10001974:	b003      	add	sp, #12
10001976:	e8bd 8ff0 	ldmia.w	sp!, {r4, r5, r6, r7, r8, r9, sl, fp, pc}
1000197a:	460c      	mov	r4, r1
1000197c:	f1ba 0f00 	cmp.w	sl, #0
10001980:	d010      	beq.n	100019a4 <_out_rev+0x70>
10001982:	460e      	mov	r6, r1
10001984:	4655      	mov	r5, sl
10001986:	9b0c      	ldr	r3, [sp, #48]	@ 0x30
10001988:	442e      	add	r6, r5
1000198a:	449a      	add	sl, r3
1000198c:	9101      	str	r1, [sp, #4]
1000198e:	1b72      	subs	r2, r6, r5
10001990:	464b      	mov	r3, r9
10001992:	3d01      	subs	r5, #1
10001994:	4641      	mov	r1, r8
10001996:	f81a 0d01 	ldrb.w	r0, [sl, #-1]!
1000199a:	4634      	mov	r4, r6
1000199c:	47b8      	blx	r7
1000199e:	2d00      	cmp	r5, #0
100019a0:	d1f5      	bne.n	1000198e <_out_rev+0x5a>
100019a2:	9901      	ldr	r1, [sp, #4]
100019a4:	9b0f      	ldr	r3, [sp, #60]	@ 0x3c
100019a6:	079b      	lsls	r3, r3, #30
100019a8:	d5e3      	bpl.n	10001972 <_out_rev+0x3e>
100019aa:	1a65      	subs	r5, r4, r1
100019ac:	45ab      	cmp	fp, r5
100019ae:	d9e0      	bls.n	10001972 <_out_rev+0x3e>
100019b0:	4622      	mov	r2, r4
100019b2:	464b      	mov	r3, r9
100019b4:	4641      	mov	r1, r8
100019b6:	2020      	movs	r0, #32
100019b8:	3501      	adds	r5, #1
100019ba:	47b8      	blx	r7
100019bc:	455d      	cmp	r5, fp
100019be:	f104 0401 	add.w	r4, r4, #1
100019c2:	d3f5      	bcc.n	100019b0 <_out_rev+0x7c>
100019c4:	e7d5      	b.n	10001972 <_out_rev+0x3e>
100019c6:	460c      	mov	r4, r1
100019c8:	f1ba 0f00 	cmp.w	sl, #0
100019cc:	d1d9      	bne.n	10001982 <_out_rev+0x4e>
100019ce:	e7d0      	b.n	10001972 <_out_rev+0x3e>

100019d0 <_ntoa_format>:
100019d0:	e92d 4ff0 	stmdb	sp!, {r4, r5, r6, r7, r8, r9, sl, fp, lr}
100019d4:	9f0f      	ldr	r7, [sp, #60]	@ 0x3c
100019d6:	f8dd 8024 	ldr.w	r8, [sp, #36]	@ 0x24
100019da:	f017 0f02 	tst.w	r7, #2
100019de:	9c0a      	ldr	r4, [sp, #40]	@ 0x28
100019e0:	f89d a02c 	ldrb.w	sl, [sp, #44]	@ 0x2c
100019e4:	9d0e      	ldr	r5, [sp, #56]	@ 0x38
100019e6:	e9dd 960c 	ldrd	r9, r6, [sp, #48]	@ 0x30
100019ea:	d144      	bne.n	10001a76 <_ntoa_format+0xa6>
100019ec:	bbf5      	cbnz	r5, 10001a6c <_ntoa_format+0x9c>
100019ee:	42b4      	cmp	r4, r6
100019f0:	d241      	bcs.n	10001a76 <_ntoa_format+0xa6>
100019f2:	f007 0b01 	and.w	fp, r7, #1
100019f6:	f104 3cff 	add.w	ip, r4, #4294967295
100019fa:	f04f 0e30 	mov.w	lr, #48	@ 0x30
100019fe:	44c4      	add	ip, r8
10001a00:	e004      	b.n	10001a0c <_ntoa_format+0x3c>
10001a02:	3401      	adds	r4, #1
10001a04:	42a6      	cmp	r6, r4
10001a06:	f80c ef01 	strb.w	lr, [ip, #1]!
10001a0a:	d901      	bls.n	10001a10 <_ntoa_format+0x40>
10001a0c:	2c20      	cmp	r4, #32
10001a0e:	d1f8      	bne.n	10001a02 <_ntoa_format+0x32>
10001a10:	f1bb 0f00 	cmp.w	fp, #0
10001a14:	f000 8088 	beq.w	10001b28 <_ntoa_format+0x158>
10001a18:	42a5      	cmp	r5, r4
10001a1a:	d92c      	bls.n	10001a76 <_ntoa_format+0xa6>
10001a1c:	f104 3cff 	add.w	ip, r4, #4294967295
10001a20:	f04f 0e30 	mov.w	lr, #48	@ 0x30
10001a24:	44c4      	add	ip, r8
10001a26:	e004      	b.n	10001a32 <_ntoa_format+0x62>
10001a28:	3401      	adds	r4, #1
10001a2a:	42ac      	cmp	r4, r5
10001a2c:	f80c ef01 	strb.w	lr, [ip, #1]!
10001a30:	d021      	beq.n	10001a76 <_ntoa_format+0xa6>
10001a32:	2c20      	cmp	r4, #32
10001a34:	d1f8      	bne.n	10001a28 <_ntoa_format+0x58>
10001a36:	f017 0f10 	tst.w	r7, #16
10001a3a:	d00e      	beq.n	10001a5a <_ntoa_format+0x8a>
10001a3c:	f417 6f80 	tst.w	r7, #1024	@ 0x400
10001a40:	d154      	bne.n	10001aec <_ntoa_format+0x11c>
10001a42:	42a6      	cmp	r6, r4
10001a44:	d063      	beq.n	10001b0e <_ntoa_format+0x13e>
10001a46:	42a5      	cmp	r5, r4
10001a48:	d061      	beq.n	10001b0e <_ntoa_format+0x13e>
10001a4a:	f1b9 0f10 	cmp.w	r9, #16
10001a4e:	d050      	beq.n	10001af2 <_ntoa_format+0x122>
10001a50:	f1b9 0f02 	cmp.w	r9, #2
10001a54:	d056      	beq.n	10001b04 <_ntoa_format+0x134>
10001a56:	2c20      	cmp	r4, #32
10001a58:	d129      	bne.n	10001aae <_ntoa_format+0xde>
10001a5a:	2420      	movs	r4, #32
10001a5c:	e9cd 570b 	strd	r5, r7, [sp, #44]	@ 0x2c
10001a60:	e9cd 8409 	strd	r8, r4, [sp, #36]	@ 0x24
10001a64:	e8bd 4ff0 	ldmia.w	sp!, {r4, r5, r6, r7, r8, r9, sl, fp, lr}
10001a68:	f7ff bf64 	b.w	10001934 <_out_rev>
10001a6c:	f017 0b01 	ands.w	fp, r7, #1
10001a70:	d134      	bne.n	10001adc <_ntoa_format+0x10c>
10001a72:	42b4      	cmp	r4, r6
10001a74:	d3bf      	bcc.n	100019f6 <_ntoa_format+0x26>
10001a76:	f017 0f10 	tst.w	r7, #16
10001a7a:	d01e      	beq.n	10001aba <_ntoa_format+0xea>
10001a7c:	f417 6f80 	tst.w	r7, #1024	@ 0x400
10001a80:	d1e3      	bne.n	10001a4a <_ntoa_format+0x7a>
10001a82:	2c00      	cmp	r4, #0
10001a84:	d1dd      	bne.n	10001a42 <_ntoa_format+0x72>
10001a86:	f1b9 0f10 	cmp.w	r9, #16
10001a8a:	d063      	beq.n	10001b54 <_ntoa_format+0x184>
10001a8c:	f1b9 0f02 	cmp.w	r9, #2
10001a90:	d077      	beq.n	10001b82 <_ntoa_format+0x1b2>
10001a92:	2430      	movs	r4, #48	@ 0x30
10001a94:	f888 4000 	strb.w	r4, [r8]
10001a98:	2401      	movs	r4, #1
10001a9a:	f1ba 0f00 	cmp.w	sl, #0
10001a9e:	d111      	bne.n	10001ac4 <_ntoa_format+0xf4>
10001aa0:	077e      	lsls	r6, r7, #29
10001aa2:	d548      	bpl.n	10001b36 <_ntoa_format+0x166>
10001aa4:	262b      	movs	r6, #43	@ 0x2b
10001aa6:	f808 6004 	strb.w	r6, [r8, r4]
10001aaa:	3401      	adds	r4, #1
10001aac:	e7d6      	b.n	10001a5c <_ntoa_format+0x8c>
10001aae:	4626      	mov	r6, r4
10001ab0:	3401      	adds	r4, #1
10001ab2:	f04f 0c30 	mov.w	ip, #48	@ 0x30
10001ab6:	f808 c006 	strb.w	ip, [r8, r6]
10001aba:	2c20      	cmp	r4, #32
10001abc:	d0cd      	beq.n	10001a5a <_ntoa_format+0x8a>
10001abe:	f1ba 0f00 	cmp.w	sl, #0
10001ac2:	d0ed      	beq.n	10001aa0 <_ntoa_format+0xd0>
10001ac4:	262d      	movs	r6, #45	@ 0x2d
10001ac6:	f808 6004 	strb.w	r6, [r8, r4]
10001aca:	3401      	adds	r4, #1
10001acc:	e9cd 570b 	strd	r5, r7, [sp, #44]	@ 0x2c
10001ad0:	e9cd 8409 	strd	r8, r4, [sp, #36]	@ 0x24
10001ad4:	e8bd 4ff0 	ldmia.w	sp!, {r4, r5, r6, r7, r8, r9, sl, fp, lr}
10001ad8:	f7ff bf2c 	b.w	10001934 <_out_rev>
10001adc:	f1ba 0f00 	cmp.w	sl, #0
10001ae0:	d030      	beq.n	10001b44 <_ntoa_format+0x174>
10001ae2:	42b4      	cmp	r4, r6
10001ae4:	f105 35ff 	add.w	r5, r5, #4294967295
10001ae8:	d385      	bcc.n	100019f6 <_ntoa_format+0x26>
10001aea:	e795      	b.n	10001a18 <_ntoa_format+0x48>
10001aec:	f1b9 0f10 	cmp.w	r9, #16
10001af0:	d1b3      	bne.n	10001a5a <_ntoa_format+0x8a>
10001af2:	06be      	lsls	r6, r7, #26
10001af4:	d53b      	bpl.n	10001b6e <_ntoa_format+0x19e>
10001af6:	2c20      	cmp	r4, #32
10001af8:	d0af      	beq.n	10001a5a <_ntoa_format+0x8a>
10001afa:	2658      	movs	r6, #88	@ 0x58
10001afc:	f808 6004 	strb.w	r6, [r8, r4]
10001b00:	3401      	adds	r4, #1
10001b02:	e7a8      	b.n	10001a56 <_ntoa_format+0x86>
10001b04:	2c20      	cmp	r4, #32
10001b06:	d0a8      	beq.n	10001a5a <_ntoa_format+0x8a>
10001b08:	4626      	mov	r6, r4
10001b0a:	3401      	adds	r4, #1
10001b0c:	e007      	b.n	10001b1e <_ntoa_format+0x14e>
10001b0e:	1e66      	subs	r6, r4, #1
10001b10:	d0b9      	beq.n	10001a86 <_ntoa_format+0xb6>
10001b12:	f1b9 0f10 	cmp.w	r9, #16
10001b16:	d036      	beq.n	10001b86 <_ntoa_format+0x1b6>
10001b18:	f1b9 0f02 	cmp.w	r9, #2
10001b1c:	d1c9      	bne.n	10001ab2 <_ntoa_format+0xe2>
10001b1e:	f04f 0c62 	mov.w	ip, #98	@ 0x62
10001b22:	f808 c006 	strb.w	ip, [r8, r6]
10001b26:	e796      	b.n	10001a56 <_ntoa_format+0x86>
10001b28:	f017 0f10 	tst.w	r7, #16
10001b2c:	d0c5      	beq.n	10001aba <_ntoa_format+0xea>
10001b2e:	f417 6f80 	tst.w	r7, #1024	@ 0x400
10001b32:	d086      	beq.n	10001a42 <_ntoa_format+0x72>
10001b34:	e789      	b.n	10001a4a <_ntoa_format+0x7a>
10001b36:	073e      	lsls	r6, r7, #28
10001b38:	d590      	bpl.n	10001a5c <_ntoa_format+0x8c>
10001b3a:	2620      	movs	r6, #32
10001b3c:	f808 6004 	strb.w	r6, [r8, r4]
10001b40:	3401      	adds	r4, #1
10001b42:	e78b      	b.n	10001a5c <_ntoa_format+0x8c>
10001b44:	f017 0f0c 	tst.w	r7, #12
10001b48:	d000      	beq.n	10001b4c <_ntoa_format+0x17c>
10001b4a:	3d01      	subs	r5, #1
10001b4c:	42b4      	cmp	r4, r6
10001b4e:	f4ff af52 	bcc.w	100019f6 <_ntoa_format+0x26>
10001b52:	e761      	b.n	10001a18 <_ntoa_format+0x48>
10001b54:	06bc      	lsls	r4, r7, #26
10001b56:	d412      	bmi.n	10001b7e <_ntoa_format+0x1ae>
10001b58:	2478      	movs	r4, #120	@ 0x78
10001b5a:	f888 4000 	strb.w	r4, [r8]
10001b5e:	2430      	movs	r4, #48	@ 0x30
10001b60:	f888 4001 	strb.w	r4, [r8, #1]
10001b64:	2402      	movs	r4, #2
10001b66:	f1ba 0f00 	cmp.w	sl, #0
10001b6a:	d099      	beq.n	10001aa0 <_ntoa_format+0xd0>
10001b6c:	e7aa      	b.n	10001ac4 <_ntoa_format+0xf4>
10001b6e:	2c20      	cmp	r4, #32
10001b70:	f43f af73 	beq.w	10001a5a <_ntoa_format+0x8a>
10001b74:	2678      	movs	r6, #120	@ 0x78
10001b76:	f808 6004 	strb.w	r6, [r8, r4]
10001b7a:	3401      	adds	r4, #1
10001b7c:	e76b      	b.n	10001a56 <_ntoa_format+0x86>
10001b7e:	2458      	movs	r4, #88	@ 0x58
10001b80:	e7eb      	b.n	10001b5a <_ntoa_format+0x18a>
10001b82:	2462      	movs	r4, #98	@ 0x62
10001b84:	e7e9      	b.n	10001b5a <_ntoa_format+0x18a>
10001b86:	f017 0f20 	tst.w	r7, #32
10001b8a:	f1a4 0c02 	sub.w	ip, r4, #2
10001b8e:	d004      	beq.n	10001b9a <_ntoa_format+0x1ca>
10001b90:	f04f 0e58 	mov.w	lr, #88	@ 0x58
10001b94:	f808 e00c 	strb.w	lr, [r8, ip]
10001b98:	e78b      	b.n	10001ab2 <_ntoa_format+0xe2>
10001b9a:	f04f 0e78 	mov.w	lr, #120	@ 0x78
10001b9e:	f808 e00c 	strb.w	lr, [r8, ip]
10001ba2:	e786      	b.n	10001ab2 <_ntoa_format+0xe2>

10001ba4 <_out_char>:
10001ba4:	b900      	cbnz	r0, 10001ba8 <_out_char+0x4>
10001ba6:	4770      	bx	lr
10001ba8:	f001 bb84 	b.w	100032b4 <__wrap_putchar>

10001bac <_out_fct>:
10001bac:	b110      	cbz	r0, 10001bb4 <_out_fct+0x8>
10001bae:	e9d1 3100 	ldrd	r3, r1, [r1]
10001bb2:	4718      	bx	r3
10001bb4:	4770      	bx	lr
10001bb6:	bf00      	nop

10001bb8 <_ftoa>:
10001bb8:	e92d 4ff0 	stmdb	sp!, {r4, r5, r6, r7, r8, r9, sl, fp, lr}
10001bbc:	b097      	sub	sp, #92	@ 0x5c
10001bbe:	ed9d 7b20 	vldr	d7, [sp, #128]	@ 0x80
10001bc2:	e9dd 5b22 	ldrd	r5, fp, [sp, #136]	@ 0x88
10001bc6:	4607      	mov	r7, r0
10001bc8:	4688      	mov	r8, r1
10001bca:	ec51 0b17 	vmov	r0, r1, d7
10001bce:	9c24      	ldr	r4, [sp, #144]	@ 0x90
10001bd0:	4699      	mov	r9, r3
10001bd2:	920c      	str	r2, [sp, #48]	@ 0x30
10001bd4:	460b      	mov	r3, r1
10001bd6:	4602      	mov	r2, r0
10001bd8:	ed8d 7b04 	vstr	d7, [sp, #16]
10001bdc:	9407      	str	r4, [sp, #28]
10001bde:	f7ff fe35 	bl	1000184c <__wrap___aeabi_dcmpun>
10001be2:	2800      	cmp	r0, #0
10001be4:	f040 81f4 	bne.w	10001fd0 <_ftoa+0x418>
10001be8:	e9dd 0104 	ldrd	r0, r1, [sp, #16]
10001bec:	f04f 32ff 	mov.w	r2, #4294967295
10001bf0:	f46f 1380 	mvn.w	r3, #1048576	@ 0x100000
10001bf4:	f7ff fe3c 	bl	10001870 <__wrap___aeabi_dcmplt>
10001bf8:	2800      	cmp	r0, #0
10001bfa:	f040 811b 	bne.w	10001e34 <_ftoa+0x27c>
10001bfe:	e9dd 0104 	ldrd	r0, r1, [sp, #16]
10001c02:	f04f 32ff 	mov.w	r2, #4294967295
10001c06:	4bac      	ldr	r3, [pc, #688]	@ (10001eb8 <_ftoa+0x300>)
10001c08:	f7ff fe6e 	bl	100018e8 <__wrap___aeabi_dcmpgt>
10001c0c:	2800      	cmp	r0, #0
10001c0e:	f040 80ee 	bne.w	10001dee <_ftoa+0x236>
10001c12:	e9dd 0104 	ldrd	r0, r1, [sp, #16]
10001c16:	a3a4      	add	r3, pc, #656	@ (adr r3, 10001ea8 <_ftoa+0x2f0>)
10001c18:	e9d3 2300 	ldrd	r2, r3, [r3]
10001c1c:	f7ff fe64 	bl	100018e8 <__wrap___aeabi_dcmpgt>
10001c20:	2800      	cmp	r0, #0
10001c22:	f040 80d3 	bne.w	10001dcc <_ftoa+0x214>
10001c26:	e9dd 0104 	ldrd	r0, r1, [sp, #16]
10001c2a:	a3a1      	add	r3, pc, #644	@ (adr r3, 10001eb0 <_ftoa+0x2f8>)
10001c2c:	e9d3 2300 	ldrd	r2, r3, [r3]
10001c30:	f7ff fe1e 	bl	10001870 <__wrap___aeabi_dcmplt>
10001c34:	2800      	cmp	r0, #0
10001c36:	f040 80c9 	bne.w	10001dcc <_ftoa+0x214>
10001c3a:	e9dd 0104 	ldrd	r0, r1, [sp, #16]
10001c3e:	2200      	movs	r2, #0
10001c40:	2300      	movs	r3, #0
10001c42:	f7ff fe15 	bl	10001870 <__wrap___aeabi_dcmplt>
10001c46:	2800      	cmp	r0, #0
10001c48:	f040 80e8 	bne.w	10001e1c <_ftoa+0x264>
10001c4c:	4623      	mov	r3, r4
10001c4e:	900d      	str	r0, [sp, #52]	@ 0x34
10001c50:	f413 6f80 	tst.w	r3, #1024	@ 0x400
10001c54:	bf08      	it	eq
10001c56:	2506      	moveq	r5, #6
10001c58:	2130      	movs	r1, #48	@ 0x30
10001c5a:	462b      	mov	r3, r5
10001c5c:	aa0e      	add	r2, sp, #56	@ 0x38
10001c5e:	f1a5 0620 	sub.w	r6, r5, #32
10001c62:	e005      	b.n	10001c70 <_ftoa+0xb8>
10001c64:	3b01      	subs	r3, #1
10001c66:	42b3      	cmp	r3, r6
10001c68:	f802 1b01 	strb.w	r1, [r2], #1
10001c6c:	f000 8193 	beq.w	10001f96 <_ftoa+0x3de>
10001c70:	2b09      	cmp	r3, #9
10001c72:	d8f7      	bhi.n	10001c64 <_ftoa+0xac>
10001c74:	461e      	mov	r6, r3
10001c76:	1aed      	subs	r5, r5, r3
10001c78:	e9dd 0104 	ldrd	r0, r1, [sp, #16]
10001c7c:	f7ff fdc2 	bl	10001804 <__wrap___aeabi_d2iz>
10001c80:	4b8e      	ldr	r3, [pc, #568]	@ (10001ebc <_ftoa+0x304>)
10001c82:	4604      	mov	r4, r0
10001c84:	eb03 03c6 	add.w	r3, r3, r6, lsl #3
10001c88:	ed93 7b00 	vldr	d7, [r3]
10001c8c:	ed8d 7b08 	vstr	d7, [sp, #32]
10001c90:	f7ff fd94 	bl	100017bc <__wrap___aeabi_i2d>
10001c94:	4602      	mov	r2, r0
10001c96:	460b      	mov	r3, r1
10001c98:	e9dd 0104 	ldrd	r0, r1, [sp, #16]
10001c9c:	f7ff fd06 	bl	100016ac <__wrap___aeabi_dsub>
10001ca0:	e9dd 2308 	ldrd	r2, r3, [sp, #32]
10001ca4:	f7ff fd16 	bl	100016d4 <__wrap___aeabi_dmul>
10001ca8:	4602      	mov	r2, r0
10001caa:	460b      	mov	r3, r1
10001cac:	e9cd 230a 	strd	r2, r3, [sp, #40]	@ 0x28
10001cb0:	f7ff fdba 	bl	10001828 <__wrap___aeabi_d2uiz>
10001cb4:	4682      	mov	sl, r0
10001cb6:	f7ff fd93 	bl	100017e0 <__wrap___aeabi_ui2d>
10001cba:	4602      	mov	r2, r0
10001cbc:	460b      	mov	r3, r1
10001cbe:	e9dd 010a 	ldrd	r0, r1, [sp, #40]	@ 0x28
10001cc2:	f7ff fcf3 	bl	100016ac <__wrap___aeabi_dsub>
10001cc6:	4602      	mov	r2, r0
10001cc8:	460b      	mov	r3, r1
10001cca:	e9cd 230a 	strd	r2, r3, [sp, #40]	@ 0x28
10001cce:	2200      	movs	r2, #0
10001cd0:	4b7b      	ldr	r3, [pc, #492]	@ (10001ec0 <_ftoa+0x308>)
10001cd2:	f7ff fe09 	bl	100018e8 <__wrap___aeabi_dcmpgt>
10001cd6:	2800      	cmp	r0, #0
10001cd8:	f000 80fe 	beq.w	10001ed8 <_ftoa+0x320>
10001cdc:	f10a 0a01 	add.w	sl, sl, #1
10001ce0:	4650      	mov	r0, sl
10001ce2:	f7ff fd7d 	bl	100017e0 <__wrap___aeabi_ui2d>
10001ce6:	4602      	mov	r2, r0
10001ce8:	460b      	mov	r3, r1
10001cea:	e9dd 0108 	ldrd	r0, r1, [sp, #32]
10001cee:	f7ff fdd3 	bl	10001898 <__wrap___aeabi_dcmple>
10001cf2:	b110      	cbz	r0, 10001cfa <_ftoa+0x142>
10001cf4:	f04f 0a00 	mov.w	sl, #0
10001cf8:	3401      	adds	r4, #1
10001cfa:	2e00      	cmp	r6, #0
10001cfc:	f000 80fd 	beq.w	10001efa <_ftoa+0x342>
10001d00:	1e68      	subs	r0, r5, #1
10001d02:	ab0e      	add	r3, sp, #56	@ 0x38
10001d04:	f8df c1cc 	ldr.w	ip, [pc, #460]	@ 10001ed4 <_ftoa+0x31c>
10001d08:	4418      	add	r0, r3
10001d0a:	e00f      	b.n	10001d2c <_ftoa+0x174>
10001d0c:	fbac 210a 	umull	r2, r1, ip, sl
10001d10:	08c9      	lsrs	r1, r1, #3
10001d12:	eb01 0281 	add.w	r2, r1, r1, lsl #2
10001d16:	ebaa 0242 	sub.w	r2, sl, r2, lsl #1
10001d1a:	3230      	adds	r2, #48	@ 0x30
10001d1c:	f1ba 0f09 	cmp.w	sl, #9
10001d20:	f800 2f01 	strb.w	r2, [r0, #1]!
10001d24:	f240 811c 	bls.w	10001f60 <_ftoa+0x3a8>
10001d28:	468a      	mov	sl, r1
10001d2a:	461d      	mov	r5, r3
10001d2c:	2d20      	cmp	r5, #32
10001d2e:	f105 0301 	add.w	r3, r5, #1
10001d32:	f106 36ff 	add.w	r6, r6, #4294967295
10001d36:	d1e9      	bne.n	10001d0c <_ftoa+0x154>
10001d38:	2520      	movs	r5, #32
10001d3a:	1e69      	subs	r1, r5, #1
10001d3c:	ab0e      	add	r3, sp, #56	@ 0x38
10001d3e:	4861      	ldr	r0, [pc, #388]	@ (10001ec4 <_ftoa+0x30c>)
10001d40:	4419      	add	r1, r3
10001d42:	e010      	b.n	10001d66 <_ftoa+0x1ae>
10001d44:	fb80 6204 	smull	r6, r2, r0, r4
10001d48:	ebc3 03a2 	rsb	r3, r3, r2, asr #2
10001d4c:	eb03 0283 	add.w	r2, r3, r3, lsl #2
10001d50:	eba4 0442 	sub.w	r4, r4, r2, lsl #1
10001d54:	f104 0230 	add.w	r2, r4, #48	@ 0x30
10001d58:	3501      	adds	r5, #1
10001d5a:	461c      	mov	r4, r3
10001d5c:	f801 2f01 	strb.w	r2, [r1, #1]!
10001d60:	2b00      	cmp	r3, #0
10001d62:	f000 80eb 	beq.w	10001f3c <_ftoa+0x384>
10001d66:	2d20      	cmp	r5, #32
10001d68:	ea4f 73e4 	mov.w	r3, r4, asr #31
10001d6c:	d1ea      	bne.n	10001d44 <_ftoa+0x18c>
10001d6e:	9b07      	ldr	r3, [sp, #28]
10001d70:	f003 0303 	and.w	r3, r3, #3
10001d74:	2b01      	cmp	r3, #1
10001d76:	d118      	bne.n	10001daa <_ftoa+0x1f2>
10001d78:	f1bb 0f00 	cmp.w	fp, #0
10001d7c:	d015      	beq.n	10001daa <_ftoa+0x1f2>
10001d7e:	9b0d      	ldr	r3, [sp, #52]	@ 0x34
10001d80:	2b00      	cmp	r3, #0
10001d82:	f000 810a 	beq.w	10001f9a <_ftoa+0x3e2>
10001d86:	f10b 3bff 	add.w	fp, fp, #4294967295
10001d8a:	f1bb 0f20 	cmp.w	fp, #32
10001d8e:	d90c      	bls.n	10001daa <_ftoa+0x1f2>
10001d90:	1e6b      	subs	r3, r5, #1
10001d92:	a90e      	add	r1, sp, #56	@ 0x38
10001d94:	2230      	movs	r2, #48	@ 0x30
10001d96:	440b      	add	r3, r1
10001d98:	e005      	b.n	10001da6 <_ftoa+0x1ee>
10001d9a:	3501      	adds	r5, #1
10001d9c:	455d      	cmp	r5, fp
10001d9e:	f803 2f01 	strb.w	r2, [r3, #1]!
10001da2:	f080 80d1 	bcs.w	10001f48 <_ftoa+0x390>
10001da6:	2d20      	cmp	r5, #32
10001da8:	d1f7      	bne.n	10001d9a <_ftoa+0x1e2>
10001daa:	9b07      	ldr	r3, [sp, #28]
10001dac:	ac0e      	add	r4, sp, #56	@ 0x38
10001dae:	e9cd b302 	strd	fp, r3, [sp, #8]
10001db2:	4641      	mov	r1, r8
10001db4:	464b      	mov	r3, r9
10001db6:	4638      	mov	r0, r7
10001db8:	9a0c      	ldr	r2, [sp, #48]	@ 0x30
10001dba:	9501      	str	r5, [sp, #4]
10001dbc:	9400      	str	r4, [sp, #0]
10001dbe:	f7ff fdb9 	bl	10001934 <_out_rev>
10001dc2:	4682      	mov	sl, r0
10001dc4:	4650      	mov	r0, sl
10001dc6:	b017      	add	sp, #92	@ 0x5c
10001dc8:	e8bd 8ff0 	ldmia.w	sp!, {r4, r5, r6, r7, r8, r9, sl, fp, pc}
10001dcc:	9b07      	ldr	r3, [sp, #28]
10001dce:	ed9d 7b04 	vldr	d7, [sp, #16]
10001dd2:	e9cd b323 	strd	fp, r3, [sp, #140]	@ 0x8c
10001dd6:	4641      	mov	r1, r8
10001dd8:	464b      	mov	r3, r9
10001dda:	4638      	mov	r0, r7
10001ddc:	9a0c      	ldr	r2, [sp, #48]	@ 0x30
10001dde:	ed8d 7b20 	vstr	d7, [sp, #128]	@ 0x80
10001de2:	9522      	str	r5, [sp, #136]	@ 0x88
10001de4:	b017      	add	sp, #92	@ 0x5c
10001de6:	e8bd 4ff0 	ldmia.w	sp!, {r4, r5, r6, r7, r8, r9, sl, fp, lr}
10001dea:	f000 b945 	b.w	10002078 <_etoa>
10001dee:	0761      	lsls	r1, r4, #29
10001df0:	4623      	mov	r3, r4
10001df2:	bf4c      	ite	mi
10001df4:	2304      	movmi	r3, #4
10001df6:	2303      	movpl	r3, #3
10001df8:	4641      	mov	r1, r8
10001dfa:	9321      	str	r3, [sp, #132]	@ 0x84
10001dfc:	4638      	mov	r0, r7
10001dfe:	464b      	mov	r3, r9
10001e00:	9a07      	ldr	r2, [sp, #28]
10001e02:	bf48      	it	mi
10001e04:	4c30      	ldrmi	r4, [pc, #192]	@ (10001ec8 <_ftoa+0x310>)
10001e06:	e9cd b222 	strd	fp, r2, [sp, #136]	@ 0x88
10001e0a:	bf58      	it	pl
10001e0c:	4c2f      	ldrpl	r4, [pc, #188]	@ (10001ecc <_ftoa+0x314>)
10001e0e:	9a0c      	ldr	r2, [sp, #48]	@ 0x30
10001e10:	9420      	str	r4, [sp, #128]	@ 0x80
10001e12:	b017      	add	sp, #92	@ 0x5c
10001e14:	e8bd 4ff0 	ldmia.w	sp!, {r4, r5, r6, r7, r8, r9, sl, fp, lr}
10001e18:	f7ff bd8c 	b.w	10001934 <_out_rev>
10001e1c:	e9dd 2304 	ldrd	r2, r3, [sp, #16]
10001e20:	2000      	movs	r0, #0
10001e22:	2100      	movs	r1, #0
10001e24:	f7ff fc42 	bl	100016ac <__wrap___aeabi_dsub>
10001e28:	2301      	movs	r3, #1
10001e2a:	e9cd 0104 	strd	r0, r1, [sp, #16]
10001e2e:	930d      	str	r3, [sp, #52]	@ 0x34
10001e30:	4623      	mov	r3, r4
10001e32:	e70d      	b.n	10001c50 <_ftoa+0x98>
10001e34:	4623      	mov	r3, r4
10001e36:	079c      	lsls	r4, r3, #30
10001e38:	f040 80aa 	bne.w	10001f90 <_ftoa+0x3d8>
10001e3c:	f1bb 0f04 	cmp.w	fp, #4
10001e40:	f240 80a6 	bls.w	10001f90 <_ftoa+0x3d8>
10001e44:	9b0c      	ldr	r3, [sp, #48]	@ 0x30
10001e46:	461d      	mov	r5, r3
10001e48:	1f1c      	subs	r4, r3, #4
10001e4a:	eb04 0a0b 	add.w	sl, r4, fp
10001e4e:	462a      	mov	r2, r5
10001e50:	464b      	mov	r3, r9
10001e52:	4641      	mov	r1, r8
10001e54:	2020      	movs	r0, #32
10001e56:	3501      	adds	r5, #1
10001e58:	47b8      	blx	r7
10001e5a:	45aa      	cmp	sl, r5
10001e5c:	d1f7      	bne.n	10001e4e <_ftoa+0x296>
10001e5e:	4655      	mov	r5, sl
10001e60:	4c1b      	ldr	r4, [pc, #108]	@ (10001ed0 <_ftoa+0x318>)
10001e62:	1f26      	subs	r6, r4, #4
10001e64:	f814 0d01 	ldrb.w	r0, [r4, #-1]!
10001e68:	462a      	mov	r2, r5
10001e6a:	464b      	mov	r3, r9
10001e6c:	4641      	mov	r1, r8
10001e6e:	47b8      	blx	r7
10001e70:	42b4      	cmp	r4, r6
10001e72:	f105 0501 	add.w	r5, r5, #1
10001e76:	d1f5      	bne.n	10001e64 <_ftoa+0x2ac>
10001e78:	9b07      	ldr	r3, [sp, #28]
10001e7a:	f10a 0a04 	add.w	sl, sl, #4
10001e7e:	0798      	lsls	r0, r3, #30
10001e80:	d5a0      	bpl.n	10001dc4 <_ftoa+0x20c>
10001e82:	9c0c      	ldr	r4, [sp, #48]	@ 0x30
10001e84:	ebaa 0304 	sub.w	r3, sl, r4
10001e88:	459b      	cmp	fp, r3
10001e8a:	d99b      	bls.n	10001dc4 <_ftoa+0x20c>
10001e8c:	4652      	mov	r2, sl
10001e8e:	464b      	mov	r3, r9
10001e90:	4641      	mov	r1, r8
10001e92:	2020      	movs	r0, #32
10001e94:	f10a 0a01 	add.w	sl, sl, #1
10001e98:	47b8      	blx	r7
10001e9a:	ebaa 0304 	sub.w	r3, sl, r4
10001e9e:	455b      	cmp	r3, fp
10001ea0:	d3f4      	bcc.n	10001e8c <_ftoa+0x2d4>
10001ea2:	e78f      	b.n	10001dc4 <_ftoa+0x20c>
10001ea4:	f3af 8000 	nop.w
10001ea8:	00000000 	.word	0x00000000
10001eac:	41cdcd65 	.word	0x41cdcd65
10001eb0:	00000000 	.word	0x00000000
10001eb4:	c1cdcd65 	.word	0xc1cdcd65
10001eb8:	7fefffff 	.word	0x7fefffff
10001ebc:	10008980 	.word	0x10008980
10001ec0:	3fe00000 	.word	0x3fe00000
10001ec4:	66666667 	.word	0x66666667
10001ec8:	10008858 	.word	0x10008858
10001ecc:	10008860 	.word	0x10008860
10001ed0:	1000886c 	.word	0x1000886c
10001ed4:	cccccccd 	.word	0xcccccccd
10001ed8:	2200      	movs	r2, #0
10001eda:	e9dd 010a 	ldrd	r0, r1, [sp, #40]	@ 0x28
10001ede:	4b63      	ldr	r3, [pc, #396]	@ (1000206c <_ftoa+0x4b4>)
10001ee0:	f7ff fcc6 	bl	10001870 <__wrap___aeabi_dcmplt>
10001ee4:	2800      	cmp	r0, #0
10001ee6:	f47f af08 	bne.w	10001cfa <_ftoa+0x142>
10001eea:	f1ba 0f00 	cmp.w	sl, #0
10001eee:	d16a      	bne.n	10001fc6 <_ftoa+0x40e>
10001ef0:	f10a 0a01 	add.w	sl, sl, #1
10001ef4:	2e00      	cmp	r6, #0
10001ef6:	f47f af03 	bne.w	10001d00 <_ftoa+0x148>
10001efa:	4620      	mov	r0, r4
10001efc:	f7ff fc5e 	bl	100017bc <__wrap___aeabi_i2d>
10001f00:	4602      	mov	r2, r0
10001f02:	460b      	mov	r3, r1
10001f04:	e9dd 0104 	ldrd	r0, r1, [sp, #16]
10001f08:	f7ff fbd0 	bl	100016ac <__wrap___aeabi_dsub>
10001f0c:	4602      	mov	r2, r0
10001f0e:	460b      	mov	r3, r1
10001f10:	e9cd 2304 	strd	r2, r3, [sp, #16]
10001f14:	2200      	movs	r2, #0
10001f16:	4b55      	ldr	r3, [pc, #340]	@ (1000206c <_ftoa+0x4b4>)
10001f18:	f7ff fcaa 	bl	10001870 <__wrap___aeabi_dcmplt>
10001f1c:	2800      	cmp	r0, #0
10001f1e:	f47f af0c 	bne.w	10001d3a <_ftoa+0x182>
10001f22:	e9dd 0104 	ldrd	r0, r1, [sp, #16]
10001f26:	2200      	movs	r2, #0
10001f28:	4b50      	ldr	r3, [pc, #320]	@ (1000206c <_ftoa+0x4b4>)
10001f2a:	f7ff fcdd 	bl	100018e8 <__wrap___aeabi_dcmpgt>
10001f2e:	2800      	cmp	r0, #0
10001f30:	f47f af03 	bne.w	10001d3a <_ftoa+0x182>
10001f34:	3401      	adds	r4, #1
10001f36:	f024 0401 	bic.w	r4, r4, #1
10001f3a:	e6fe      	b.n	10001d3a <_ftoa+0x182>
10001f3c:	9b07      	ldr	r3, [sp, #28]
10001f3e:	f003 0303 	and.w	r3, r3, #3
10001f42:	2b01      	cmp	r3, #1
10001f44:	f000 8082 	beq.w	1000204c <_ftoa+0x494>
10001f48:	2d20      	cmp	r5, #32
10001f4a:	f43f af2e 	beq.w	10001daa <_ftoa+0x1f2>
10001f4e:	9b0d      	ldr	r3, [sp, #52]	@ 0x34
10001f50:	b37b      	cbz	r3, 10001fb2 <_ftoa+0x3fa>
10001f52:	222d      	movs	r2, #45	@ 0x2d
10001f54:	eb0d 0305 	add.w	r3, sp, r5
10001f58:	f883 2038 	strb.w	r2, [r3, #56]	@ 0x38
10001f5c:	3501      	adds	r5, #1
10001f5e:	e724      	b.n	10001daa <_ftoa+0x1f2>
10001f60:	2b20      	cmp	r3, #32
10001f62:	f43f aee9 	beq.w	10001d38 <_ftoa+0x180>
10001f66:	aa0e      	add	r2, sp, #56	@ 0x38
10001f68:	4415      	add	r5, r2
10001f6a:	441e      	add	r6, r3
10001f6c:	2230      	movs	r2, #48	@ 0x30
10001f6e:	e004      	b.n	10001f7a <_ftoa+0x3c2>
10001f70:	2b20      	cmp	r3, #32
10001f72:	f805 2f01 	strb.w	r2, [r5, #1]!
10001f76:	f43f aedf 	beq.w	10001d38 <_ftoa+0x180>
10001f7a:	429e      	cmp	r6, r3
10001f7c:	f103 0301 	add.w	r3, r3, #1
10001f80:	d1f6      	bne.n	10001f70 <_ftoa+0x3b8>
10001f82:	222e      	movs	r2, #46	@ 0x2e
10001f84:	eb0d 0306 	add.w	r3, sp, r6
10001f88:	f883 2038 	strb.w	r2, [r3, #56]	@ 0x38
10001f8c:	1c75      	adds	r5, r6, #1
10001f8e:	e6d4      	b.n	10001d3a <_ftoa+0x182>
10001f90:	f8dd a030 	ldr.w	sl, [sp, #48]	@ 0x30
10001f94:	e763      	b.n	10001e5e <_ftoa+0x2a6>
10001f96:	2520      	movs	r5, #32
10001f98:	e66e      	b.n	10001c78 <_ftoa+0xc0>
10001f9a:	9b07      	ldr	r3, [sp, #28]
10001f9c:	f013 0f0c 	tst.w	r3, #12
10001fa0:	d050      	beq.n	10002044 <_ftoa+0x48c>
10001fa2:	f10b 3bff 	add.w	fp, fp, #4294967295
10001fa6:	45ab      	cmp	fp, r5
10001fa8:	f63f aef2 	bhi.w	10001d90 <_ftoa+0x1d8>
10001fac:	2d20      	cmp	r5, #32
10001fae:	f43f aefc 	beq.w	10001daa <_ftoa+0x1f2>
10001fb2:	9b07      	ldr	r3, [sp, #28]
10001fb4:	075a      	lsls	r2, r3, #29
10001fb6:	d501      	bpl.n	10001fbc <_ftoa+0x404>
10001fb8:	222b      	movs	r2, #43	@ 0x2b
10001fba:	e7cb      	b.n	10001f54 <_ftoa+0x39c>
10001fbc:	071b      	lsls	r3, r3, #28
10001fbe:	f57f aef4 	bpl.w	10001daa <_ftoa+0x1f2>
10001fc2:	2220      	movs	r2, #32
10001fc4:	e7c6      	b.n	10001f54 <_ftoa+0x39c>
10001fc6:	f01a 0f01 	tst.w	sl, #1
10001fca:	f43f ae96 	beq.w	10001cfa <_ftoa+0x142>
10001fce:	e78f      	b.n	10001ef0 <_ftoa+0x338>
10001fd0:	07a6      	lsls	r6, r4, #30
10001fd2:	d134      	bne.n	1000203e <_ftoa+0x486>
10001fd4:	f1bb 0f03 	cmp.w	fp, #3
10001fd8:	d931      	bls.n	1000203e <_ftoa+0x486>
10001fda:	9b0c      	ldr	r3, [sp, #48]	@ 0x30
10001fdc:	461d      	mov	r5, r3
10001fde:	1edc      	subs	r4, r3, #3
10001fe0:	eb04 0a0b 	add.w	sl, r4, fp
10001fe4:	462a      	mov	r2, r5
10001fe6:	464b      	mov	r3, r9
10001fe8:	4641      	mov	r1, r8
10001fea:	2020      	movs	r0, #32
10001fec:	3501      	adds	r5, #1
10001fee:	47b8      	blx	r7
10001ff0:	4555      	cmp	r5, sl
10001ff2:	d1f7      	bne.n	10001fe4 <_ftoa+0x42c>
10001ff4:	4655      	mov	r5, sl
10001ff6:	4c1e      	ldr	r4, [pc, #120]	@ (10002070 <_ftoa+0x4b8>)
10001ff8:	1ee6      	subs	r6, r4, #3
10001ffa:	f814 0d01 	ldrb.w	r0, [r4, #-1]!
10001ffe:	462a      	mov	r2, r5
10002000:	464b      	mov	r3, r9
10002002:	4641      	mov	r1, r8
10002004:	47b8      	blx	r7
10002006:	42a6      	cmp	r6, r4
10002008:	f105 0501 	add.w	r5, r5, #1
1000200c:	d1f5      	bne.n	10001ffa <_ftoa+0x442>
1000200e:	9b07      	ldr	r3, [sp, #28]
10002010:	f10a 0a03 	add.w	sl, sl, #3
10002014:	079d      	lsls	r5, r3, #30
10002016:	f57f aed5 	bpl.w	10001dc4 <_ftoa+0x20c>
1000201a:	9c0c      	ldr	r4, [sp, #48]	@ 0x30
1000201c:	ebaa 0304 	sub.w	r3, sl, r4
10002020:	459b      	cmp	fp, r3
10002022:	f67f aecf 	bls.w	10001dc4 <_ftoa+0x20c>
10002026:	4652      	mov	r2, sl
10002028:	464b      	mov	r3, r9
1000202a:	4641      	mov	r1, r8
1000202c:	2020      	movs	r0, #32
1000202e:	f10a 0a01 	add.w	sl, sl, #1
10002032:	47b8      	blx	r7
10002034:	ebaa 0304 	sub.w	r3, sl, r4
10002038:	459b      	cmp	fp, r3
1000203a:	d8f4      	bhi.n	10002026 <_ftoa+0x46e>
1000203c:	e6c2      	b.n	10001dc4 <_ftoa+0x20c>
1000203e:	f8dd a030 	ldr.w	sl, [sp, #48]	@ 0x30
10002042:	e7d7      	b.n	10001ff4 <_ftoa+0x43c>
10002044:	45ab      	cmp	fp, r5
10002046:	f63f aea3 	bhi.w	10001d90 <_ftoa+0x1d8>
1000204a:	e6ae      	b.n	10001daa <_ftoa+0x1f2>
1000204c:	f1bb 0f00 	cmp.w	fp, #0
10002050:	f43f af7a 	beq.w	10001f48 <_ftoa+0x390>
10002054:	9b0d      	ldr	r3, [sp, #52]	@ 0x34
10002056:	2b00      	cmp	r3, #0
10002058:	d09f      	beq.n	10001f9a <_ftoa+0x3e2>
1000205a:	f10b 3bff 	add.w	fp, fp, #4294967295
1000205e:	455d      	cmp	r5, fp
10002060:	f4ff ae96 	bcc.w	10001d90 <_ftoa+0x1d8>
10002064:	2d20      	cmp	r5, #32
10002066:	f47f af74 	bne.w	10001f52 <_ftoa+0x39a>
1000206a:	e69e      	b.n	10001daa <_ftoa+0x1f2>
1000206c:	3fe00000 	.word	0x3fe00000
10002070:	10008867 	.word	0x10008867
10002074:	00000000 	.word	0x00000000

10002078 <_etoa>:
10002078:	e92d 4ff0 	stmdb	sp!, {r4, r5, r6, r7, r8, r9, sl, fp, lr}
1000207c:	b09f      	sub	sp, #124	@ 0x7c
1000207e:	9e2a      	ldr	r6, [sp, #168]	@ 0xa8
10002080:	e9dd 4528 	ldrd	r4, r5, [sp, #160]	@ 0xa0
10002084:	4607      	mov	r7, r0
10002086:	4693      	mov	fp, r2
10002088:	9108      	str	r1, [sp, #32]
1000208a:	9309      	str	r3, [sp, #36]	@ 0x24
1000208c:	4622      	mov	r2, r4
1000208e:	462b      	mov	r3, r5
10002090:	4620      	mov	r0, r4
10002092:	4629      	mov	r1, r5
10002094:	960e      	str	r6, [sp, #56]	@ 0x38
10002096:	e9dd a62b 	ldrd	sl, r6, [sp, #172]	@ 0xac
1000209a:	f7ff fbd7 	bl	1000184c <__wrap___aeabi_dcmpun>
1000209e:	2800      	cmp	r0, #0
100020a0:	f040 80be 	bne.w	10002220 <_etoa+0x1a8>
100020a4:	4620      	mov	r0, r4
100020a6:	4629      	mov	r1, r5
100020a8:	f04f 32ff 	mov.w	r2, #4294967295
100020ac:	4b78      	ldr	r3, [pc, #480]	@ (10002290 <_etoa+0x218>)
100020ae:	f7ff fc1b 	bl	100018e8 <__wrap___aeabi_dcmpgt>
100020b2:	2800      	cmp	r0, #0
100020b4:	f040 80b4 	bne.w	10002220 <_etoa+0x1a8>
100020b8:	4620      	mov	r0, r4
100020ba:	4629      	mov	r1, r5
100020bc:	f04f 32ff 	mov.w	r2, #4294967295
100020c0:	f46f 1380 	mvn.w	r3, #1048576	@ 0x100000
100020c4:	f7ff fbd4 	bl	10001870 <__wrap___aeabi_dcmplt>
100020c8:	2800      	cmp	r0, #0
100020ca:	f040 80a9 	bne.w	10002220 <_etoa+0x1a8>
100020ce:	4620      	mov	r0, r4
100020d0:	4629      	mov	r1, r5
100020d2:	2200      	movs	r2, #0
100020d4:	2300      	movs	r3, #0
100020d6:	f7ff fbcb 	bl	10001870 <__wrap___aeabi_dcmplt>
100020da:	2800      	cmp	r0, #0
100020dc:	f040 81d5 	bne.w	1000248a <_etoa+0x412>
100020e0:	e9cd 450a 	strd	r4, r5, [sp, #40]	@ 0x28
100020e4:	e9dd 230a 	ldrd	r2, r3, [sp, #40]	@ 0x28
100020e8:	4690      	mov	r8, r2
100020ea:	4699      	mov	r9, r3
100020ec:	f406 6200 	and.w	r2, r6, #2048	@ 0x800
100020f0:	f416 6380 	ands.w	r3, r6, #1024	@ 0x400
100020f4:	920f      	str	r2, [sp, #60]	@ 0x3c
100020f6:	9313      	str	r3, [sp, #76]	@ 0x4c
100020f8:	f040 80a1 	bne.w	1000223e <_etoa+0x1c6>
100020fc:	ea58 0309 	orrs.w	r3, r8, r9
10002100:	f040 80ca 	bne.w	10002298 <_etoa+0x220>
10002104:	2a00      	cmp	r2, #0
10002106:	f040 81e3 	bne.w	100024d0 <_etoa+0x458>
1000210a:	2306      	movs	r3, #6
1000210c:	930e      	str	r3, [sp, #56]	@ 0x38
1000210e:	f016 0202 	ands.w	r2, r6, #2
10002112:	9210      	str	r2, [sp, #64]	@ 0x40
10002114:	f040 81d4 	bne.w	100024c0 <_etoa+0x448>
10002118:	4653      	mov	r3, sl
1000211a:	2b04      	cmp	r3, #4
1000211c:	bf38      	it	cc
1000211e:	2304      	movcc	r3, #4
10002120:	920c      	str	r2, [sp, #48]	@ 0x30
10002122:	2204      	movs	r2, #4
10002124:	3b04      	subs	r3, #4
10002126:	9212      	str	r2, [sp, #72]	@ 0x48
10002128:	930f      	str	r3, [sp, #60]	@ 0x3c
1000212a:	4620      	mov	r0, r4
1000212c:	4629      	mov	r1, r5
1000212e:	2200      	movs	r2, #0
10002130:	2300      	movs	r3, #0
10002132:	f7ff fb9d 	bl	10001870 <__wrap___aeabi_dcmplt>
10002136:	2800      	cmp	r0, #0
10002138:	f040 81f3 	bne.w	10002522 <_etoa+0x4aa>
1000213c:	ed9d 7b0a 	vldr	d7, [sp, #40]	@ 0x28
10002140:	9b0f      	ldr	r3, [sp, #60]	@ 0x3c
10002142:	465a      	mov	r2, fp
10002144:	9303      	str	r3, [sp, #12]
10002146:	9b0e      	ldr	r3, [sp, #56]	@ 0x38
10002148:	ed8d 7b00 	vstr	d7, [sp]
1000214c:	9302      	str	r3, [sp, #8]
1000214e:	f426 6300 	bic.w	r3, r6, #2048	@ 0x800
10002152:	9304      	str	r3, [sp, #16]
10002154:	4638      	mov	r0, r7
10002156:	9b09      	ldr	r3, [sp, #36]	@ 0x24
10002158:	9908      	ldr	r1, [sp, #32]
1000215a:	f7ff fd2d 	bl	10001bb8 <_ftoa>
1000215e:	4602      	mov	r2, r0
10002160:	f016 0f20 	tst.w	r6, #32
10002164:	9b09      	ldr	r3, [sp, #36]	@ 0x24
10002166:	9908      	ldr	r1, [sp, #32]
10002168:	bf0c      	ite	eq
1000216a:	2065      	moveq	r0, #101	@ 0x65
1000216c:	2045      	movne	r0, #69	@ 0x45
1000216e:	f102 0801 	add.w	r8, r2, #1
10002172:	47b8      	blx	r7
10002174:	9a0c      	ldr	r2, [sp, #48]	@ 0x30
10002176:	9b12      	ldr	r3, [sp, #72]	@ 0x48
10002178:	ac16      	add	r4, sp, #88	@ 0x58
1000217a:	1e5d      	subs	r5, r3, #1
1000217c:	ea82 73e2 	eor.w	r3, r2, r2, asr #31
10002180:	eba3 73e2 	sub.w	r3, r3, r2, asr #31
10002184:	0fd1      	lsrs	r1, r2, #31
10002186:	2600      	movs	r6, #0
10002188:	4622      	mov	r2, r4
1000218a:	4699      	mov	r9, r3
1000218c:	f8df c104 	ldr.w	ip, [pc, #260]	@ 10002294 <_etoa+0x21c>
10002190:	e001      	b.n	10002196 <_etoa+0x11e>
10002192:	2e20      	cmp	r6, #32
10002194:	d010      	beq.n	100021b8 <_etoa+0x140>
10002196:	46ce      	mov	lr, r9
10002198:	fbac 3009 	umull	r3, r0, ip, r9
1000219c:	08c0      	lsrs	r0, r0, #3
1000219e:	eb00 0380 	add.w	r3, r0, r0, lsl #2
100021a2:	eba9 0343 	sub.w	r3, r9, r3, lsl #1
100021a6:	3330      	adds	r3, #48	@ 0x30
100021a8:	f1be 0f09 	cmp.w	lr, #9
100021ac:	4681      	mov	r9, r0
100021ae:	f106 0601 	add.w	r6, r6, #1
100021b2:	f802 3b01 	strb.w	r3, [r2], #1
100021b6:	d8ec      	bhi.n	10002192 <_etoa+0x11a>
100021b8:	2305      	movs	r3, #5
100021ba:	2000      	movs	r0, #0
100021bc:	9306      	str	r3, [sp, #24]
100021be:	230a      	movs	r3, #10
100021c0:	9505      	str	r5, [sp, #20]
100021c2:	9400      	str	r4, [sp, #0]
100021c4:	9d09      	ldr	r5, [sp, #36]	@ 0x24
100021c6:	9c08      	ldr	r4, [sp, #32]
100021c8:	4642      	mov	r2, r8
100021ca:	e9cd 3003 	strd	r3, r0, [sp, #12]
100021ce:	e9cd 6101 	strd	r6, r1, [sp, #4]
100021d2:	462b      	mov	r3, r5
100021d4:	4621      	mov	r1, r4
100021d6:	4638      	mov	r0, r7
100021d8:	f7ff fbfa 	bl	100019d0 <_ntoa_format>
100021dc:	9a10      	ldr	r2, [sp, #64]	@ 0x40
100021de:	4680      	mov	r8, r0
100021e0:	b1d2      	cbz	r2, 10002218 <_etoa+0x1a0>
100021e2:	eba0 060b 	sub.w	r6, r0, fp
100021e6:	45b2      	cmp	sl, r6
100021e8:	d916      	bls.n	10002218 <_etoa+0x1a0>
100021ea:	eb0b 0206 	add.w	r2, fp, r6
100021ee:	462b      	mov	r3, r5
100021f0:	4621      	mov	r1, r4
100021f2:	2020      	movs	r0, #32
100021f4:	3601      	adds	r6, #1
100021f6:	47b8      	blx	r7
100021f8:	45b2      	cmp	sl, r6
100021fa:	d8f6      	bhi.n	100021ea <_etoa+0x172>
100021fc:	f10b 33ff 	add.w	r3, fp, #4294967295
10002200:	4453      	add	r3, sl
10002202:	f1cb 0201 	rsb	r2, fp, #1
10002206:	eba3 0308 	sub.w	r3, r3, r8
1000220a:	4442      	add	r2, r8
1000220c:	4592      	cmp	sl, r2
1000220e:	bf38      	it	cc
10002210:	2300      	movcc	r3, #0
10002212:	f108 0801 	add.w	r8, r8, #1
10002216:	4498      	add	r8, r3
10002218:	4640      	mov	r0, r8
1000221a:	b01f      	add	sp, #124	@ 0x7c
1000221c:	e8bd 8ff0 	ldmia.w	sp!, {r4, r5, r6, r7, r8, r9, sl, fp, pc}
10002220:	465a      	mov	r2, fp
10002222:	4638      	mov	r0, r7
10002224:	e9cd 4528 	strd	r4, r5, [sp, #160]	@ 0xa0
10002228:	e9cd a62b 	strd	sl, r6, [sp, #172]	@ 0xac
1000222c:	9c0e      	ldr	r4, [sp, #56]	@ 0x38
1000222e:	9b09      	ldr	r3, [sp, #36]	@ 0x24
10002230:	9908      	ldr	r1, [sp, #32]
10002232:	942a      	str	r4, [sp, #168]	@ 0xa8
10002234:	b01f      	add	sp, #124	@ 0x7c
10002236:	e8bd 4ff0 	ldmia.w	sp!, {r4, r5, r6, r7, r8, r9, sl, fp, lr}
1000223a:	f7ff bcbd 	b.w	10001bb8 <_ftoa>
1000223e:	ea58 0309 	orrs.w	r3, r8, r9
10002242:	d12b      	bne.n	1000229c <_etoa+0x224>
10002244:	2a00      	cmp	r2, #0
10002246:	f43f af62 	beq.w	1000210e <_etoa+0x96>
1000224a:	2300      	movs	r3, #0
1000224c:	930c      	str	r3, [sp, #48]	@ 0x30
1000224e:	9b0e      	ldr	r3, [sp, #56]	@ 0x38
10002250:	9a0c      	ldr	r2, [sp, #48]	@ 0x30
10002252:	4293      	cmp	r3, r2
10002254:	f300 81b9 	bgt.w	100025ca <_etoa+0x552>
10002258:	f04f 0800 	mov.w	r8, #0
1000225c:	4620      	mov	r0, r4
1000225e:	4629      	mov	r1, r5
10002260:	2200      	movs	r2, #0
10002262:	2300      	movs	r3, #0
10002264:	f7ff fb04 	bl	10001870 <__wrap___aeabi_dcmplt>
10002268:	2800      	cmp	r0, #0
1000226a:	f040 8113 	bne.w	10002494 <_etoa+0x41c>
1000226e:	ed9d 7b0a 	vldr	d7, [sp, #40]	@ 0x28
10002272:	f426 6600 	bic.w	r6, r6, #2048	@ 0x800
10002276:	f446 6680 	orr.w	r6, r6, #1024	@ 0x400
1000227a:	ed8d 7b28 	vstr	d7, [sp, #160]	@ 0xa0
1000227e:	465a      	mov	r2, fp
10002280:	4638      	mov	r0, r7
10002282:	e9cd 8a2a 	strd	r8, sl, [sp, #168]	@ 0xa8
10002286:	9b09      	ldr	r3, [sp, #36]	@ 0x24
10002288:	9908      	ldr	r1, [sp, #32]
1000228a:	962c      	str	r6, [sp, #176]	@ 0xb0
1000228c:	e7d2      	b.n	10002234 <_etoa+0x1bc>
1000228e:	bf00      	nop
10002290:	7fefffff 	.word	0x7fefffff
10002294:	cccccccd 	.word	0xcccccccd
10002298:	2306      	movs	r3, #6
1000229a:	930e      	str	r3, [sp, #56]	@ 0x38
1000229c:	f3c9 500a 	ubfx	r0, r9, #20, #11
100022a0:	f2a0 30ff 	subw	r0, r0, #1023	@ 0x3ff
100022a4:	f7ff fa8a 	bl	100017bc <__wrap___aeabi_i2d>
100022a8:	a3c1      	add	r3, pc, #772	@ (adr r3, 100025b0 <_etoa+0x538>)
100022aa:	e9d3 2300 	ldrd	r2, r3, [r3]
100022ae:	f7ff fa11 	bl	100016d4 <__wrap___aeabi_dmul>
100022b2:	a3c1      	add	r3, pc, #772	@ (adr r3, 100025b8 <_etoa+0x540>)
100022b4:	e9d3 2300 	ldrd	r2, r3, [r3]
100022b8:	f7ff f9e4 	bl	10001684 <__wrap___aeabi_dadd>
100022bc:	f3c9 0913 	ubfx	r9, r9, #0, #20
100022c0:	e9cd 010c 	strd	r0, r1, [sp, #48]	@ 0x30
100022c4:	f049 517f 	orr.w	r1, r9, #1069547520	@ 0x3fc00000
100022c8:	4640      	mov	r0, r8
100022ca:	2200      	movs	r2, #0
100022cc:	4bb2      	ldr	r3, [pc, #712]	@ (10002598 <_etoa+0x520>)
100022ce:	f441 1140 	orr.w	r1, r1, #3145728	@ 0x300000
100022d2:	f7ff f9eb 	bl	100016ac <__wrap___aeabi_dsub>
100022d6:	a3a4      	add	r3, pc, #656	@ (adr r3, 10002568 <_etoa+0x4f0>)
100022d8:	e9d3 2300 	ldrd	r2, r3, [r3]
100022dc:	f7ff f9fa 	bl	100016d4 <__wrap___aeabi_dmul>
100022e0:	4602      	mov	r2, r0
100022e2:	460b      	mov	r3, r1
100022e4:	e9dd 010c 	ldrd	r0, r1, [sp, #48]	@ 0x30
100022e8:	f7ff f9cc 	bl	10001684 <__wrap___aeabi_dadd>
100022ec:	f7ff fa8a 	bl	10001804 <__wrap___aeabi_d2iz>
100022f0:	900c      	str	r0, [sp, #48]	@ 0x30
100022f2:	f7ff fa63 	bl	100017bc <__wrap___aeabi_i2d>
100022f6:	a39e      	add	r3, pc, #632	@ (adr r3, 10002570 <_etoa+0x4f8>)
100022f8:	e9d3 2300 	ldrd	r2, r3, [r3]
100022fc:	4680      	mov	r8, r0
100022fe:	4689      	mov	r9, r1
10002300:	f7ff f9e8 	bl	100016d4 <__wrap___aeabi_dmul>
10002304:	2200      	movs	r2, #0
10002306:	4ba5      	ldr	r3, [pc, #660]	@ (1000259c <_etoa+0x524>)
10002308:	f7ff f9bc 	bl	10001684 <__wrap___aeabi_dadd>
1000230c:	f7ff fa7a 	bl	10001804 <__wrap___aeabi_d2iz>
10002310:	4603      	mov	r3, r0
10002312:	4649      	mov	r1, r9
10002314:	4640      	mov	r0, r8
10002316:	9312      	str	r3, [sp, #72]	@ 0x48
10002318:	a397      	add	r3, pc, #604	@ (adr r3, 10002578 <_etoa+0x500>)
1000231a:	e9d3 2300 	ldrd	r2, r3, [r3]
1000231e:	f7ff f9d9 	bl	100016d4 <__wrap___aeabi_dmul>
10002322:	4680      	mov	r8, r0
10002324:	9812      	ldr	r0, [sp, #72]	@ 0x48
10002326:	4689      	mov	r9, r1
10002328:	f7ff fa48 	bl	100017bc <__wrap___aeabi_i2d>
1000232c:	a394      	add	r3, pc, #592	@ (adr r3, 10002580 <_etoa+0x508>)
1000232e:	e9d3 2300 	ldrd	r2, r3, [r3]
10002332:	f7ff f9cf 	bl	100016d4 <__wrap___aeabi_dmul>
10002336:	4602      	mov	r2, r0
10002338:	460b      	mov	r3, r1
1000233a:	4640      	mov	r0, r8
1000233c:	4649      	mov	r1, r9
1000233e:	f7ff f9b5 	bl	100016ac <__wrap___aeabi_dsub>
10002342:	4602      	mov	r2, r0
10002344:	460b      	mov	r3, r1
10002346:	4680      	mov	r8, r0
10002348:	4689      	mov	r9, r1
1000234a:	f7ff f9c3 	bl	100016d4 <__wrap___aeabi_dmul>
1000234e:	4642      	mov	r2, r8
10002350:	464b      	mov	r3, r9
10002352:	e9cd 0110 	strd	r0, r1, [sp, #64]	@ 0x40
10002356:	4640      	mov	r0, r8
10002358:	4649      	mov	r1, r9
1000235a:	f7ff f993 	bl	10001684 <__wrap___aeabi_dadd>
1000235e:	2200      	movs	r2, #0
10002360:	e9cd 0114 	strd	r0, r1, [sp, #80]	@ 0x50
10002364:	e9dd 0110 	ldrd	r0, r1, [sp, #64]	@ 0x40
10002368:	4b8d      	ldr	r3, [pc, #564]	@ (100025a0 <_etoa+0x528>)
1000236a:	f7ff f9d9 	bl	10001720 <__wrap___aeabi_ddiv>
1000236e:	2200      	movs	r2, #0
10002370:	4b8c      	ldr	r3, [pc, #560]	@ (100025a4 <_etoa+0x52c>)
10002372:	f7ff f987 	bl	10001684 <__wrap___aeabi_dadd>
10002376:	4602      	mov	r2, r0
10002378:	460b      	mov	r3, r1
1000237a:	e9dd 0110 	ldrd	r0, r1, [sp, #64]	@ 0x40
1000237e:	f7ff f9cf 	bl	10001720 <__wrap___aeabi_ddiv>
10002382:	2200      	movs	r2, #0
10002384:	4b88      	ldr	r3, [pc, #544]	@ (100025a8 <_etoa+0x530>)
10002386:	f7ff f97d 	bl	10001684 <__wrap___aeabi_dadd>
1000238a:	4602      	mov	r2, r0
1000238c:	460b      	mov	r3, r1
1000238e:	e9dd 0110 	ldrd	r0, r1, [sp, #64]	@ 0x40
10002392:	f7ff f9c5 	bl	10001720 <__wrap___aeabi_ddiv>
10002396:	4642      	mov	r2, r8
10002398:	464b      	mov	r3, r9
1000239a:	4680      	mov	r8, r0
1000239c:	4689      	mov	r9, r1
1000239e:	2000      	movs	r0, #0
100023a0:	f04f 4180 	mov.w	r1, #1073741824	@ 0x40000000
100023a4:	f7ff f982 	bl	100016ac <__wrap___aeabi_dsub>
100023a8:	4602      	mov	r2, r0
100023aa:	460b      	mov	r3, r1
100023ac:	4640      	mov	r0, r8
100023ae:	4649      	mov	r1, r9
100023b0:	f7ff f968 	bl	10001684 <__wrap___aeabi_dadd>
100023b4:	4602      	mov	r2, r0
100023b6:	460b      	mov	r3, r1
100023b8:	e9dd 0114 	ldrd	r0, r1, [sp, #80]	@ 0x50
100023bc:	f7ff f9b0 	bl	10001720 <__wrap___aeabi_ddiv>
100023c0:	2200      	movs	r2, #0
100023c2:	4b7a      	ldr	r3, [pc, #488]	@ (100025ac <_etoa+0x534>)
100023c4:	f7ff f95e 	bl	10001684 <__wrap___aeabi_dadd>
100023c8:	9b12      	ldr	r3, [sp, #72]	@ 0x48
100023ca:	2200      	movs	r2, #0
100023cc:	f203 3cff 	addw	ip, r3, #1023	@ 0x3ff
100023d0:	ea4f 530c 	mov.w	r3, ip, lsl #20
100023d4:	f7ff f97e 	bl	100016d4 <__wrap___aeabi_dmul>
100023d8:	4680      	mov	r8, r0
100023da:	4689      	mov	r9, r1
100023dc:	e9dd 010a 	ldrd	r0, r1, [sp, #40]	@ 0x28
100023e0:	4642      	mov	r2, r8
100023e2:	464b      	mov	r3, r9
100023e4:	f7ff fa44 	bl	10001870 <__wrap___aeabi_dcmplt>
100023e8:	b150      	cbz	r0, 10002400 <_etoa+0x388>
100023ea:	9b0c      	ldr	r3, [sp, #48]	@ 0x30
100023ec:	4640      	mov	r0, r8
100023ee:	3b01      	subs	r3, #1
100023f0:	4649      	mov	r1, r9
100023f2:	930c      	str	r3, [sp, #48]	@ 0x30
100023f4:	2200      	movs	r2, #0
100023f6:	4b6b      	ldr	r3, [pc, #428]	@ (100025a4 <_etoa+0x52c>)
100023f8:	f7ff f992 	bl	10001720 <__wrap___aeabi_ddiv>
100023fc:	4680      	mov	r8, r0
100023fe:	4689      	mov	r9, r1
10002400:	9a0c      	ldr	r2, [sp, #48]	@ 0x30
10002402:	4643      	mov	r3, r8
10002404:	3263      	adds	r2, #99	@ 0x63
10002406:	2ac6      	cmp	r2, #198	@ 0xc6
10002408:	f006 0202 	and.w	r2, r6, #2
1000240c:	9210      	str	r2, [sp, #64]	@ 0x40
1000240e:	4649      	mov	r1, r9
10002410:	9a0f      	ldr	r2, [sp, #60]	@ 0x3c
10002412:	d82c      	bhi.n	1000246e <_etoa+0x3f6>
10002414:	2a00      	cmp	r2, #0
10002416:	d05e      	beq.n	100024d6 <_etoa+0x45e>
10002418:	2204      	movs	r2, #4
1000241a:	9212      	str	r2, [sp, #72]	@ 0x48
1000241c:	430b      	orrs	r3, r1
1000241e:	f43f af16 	beq.w	1000224e <_etoa+0x1d6>
10002422:	e9dd 010a 	ldrd	r0, r1, [sp, #40]	@ 0x28
10002426:	a358      	add	r3, pc, #352	@ (adr r3, 10002588 <_etoa+0x510>)
10002428:	e9d3 2300 	ldrd	r2, r3, [r3]
1000242c:	f7ff fa48 	bl	100018c0 <__wrap___aeabi_dcmpge>
10002430:	b148      	cbz	r0, 10002446 <_etoa+0x3ce>
10002432:	e9dd 010a 	ldrd	r0, r1, [sp, #40]	@ 0x28
10002436:	a356      	add	r3, pc, #344	@ (adr r3, 10002590 <_etoa+0x518>)
10002438:	e9d3 2300 	ldrd	r2, r3, [r3]
1000243c:	f7ff fa18 	bl	10001870 <__wrap___aeabi_dcmplt>
10002440:	2800      	cmp	r0, #0
10002442:	f47f af04 	bne.w	1000224e <_etoa+0x1d6>
10002446:	9b0e      	ldr	r3, [sp, #56]	@ 0x38
10002448:	2b00      	cmp	r3, #0
1000244a:	d050      	beq.n	100024ee <_etoa+0x476>
1000244c:	9a13      	ldr	r2, [sp, #76]	@ 0x4c
1000244e:	2a00      	cmp	r2, #0
10002450:	d07d      	beq.n	1000254e <_etoa+0x4d6>
10002452:	3b01      	subs	r3, #1
10002454:	930e      	str	r3, [sp, #56]	@ 0x38
10002456:	9b12      	ldr	r3, [sp, #72]	@ 0x48
10002458:	459a      	cmp	sl, r3
1000245a:	d905      	bls.n	10002468 <_etoa+0x3f0>
1000245c:	9b10      	ldr	r3, [sp, #64]	@ 0x40
1000245e:	2b00      	cmp	r3, #0
10002460:	f000 80ae 	beq.w	100025c0 <_etoa+0x548>
10002464:	2302      	movs	r3, #2
10002466:	9310      	str	r3, [sp, #64]	@ 0x40
10002468:	2300      	movs	r3, #0
1000246a:	930f      	str	r3, [sp, #60]	@ 0x3c
1000246c:	e044      	b.n	100024f8 <_etoa+0x480>
1000246e:	bb22      	cbnz	r2, 100024ba <_etoa+0x442>
10002470:	f1ba 0f05 	cmp.w	sl, #5
10002474:	d94f      	bls.n	10002516 <_etoa+0x49e>
10002476:	f006 0302 	and.w	r3, r6, #2
1000247a:	2b00      	cmp	r3, #0
1000247c:	d149      	bne.n	10002512 <_etoa+0x49a>
1000247e:	2305      	movs	r3, #5
10002480:	9312      	str	r3, [sp, #72]	@ 0x48
10002482:	f1aa 0305 	sub.w	r3, sl, #5
10002486:	930f      	str	r3, [sp, #60]	@ 0x3c
10002488:	e03a      	b.n	10002500 <_etoa+0x488>
1000248a:	f105 4300 	add.w	r3, r5, #2147483648	@ 0x80000000
1000248e:	940a      	str	r4, [sp, #40]	@ 0x28
10002490:	930b      	str	r3, [sp, #44]	@ 0x2c
10002492:	e627      	b.n	100020e4 <_etoa+0x6c>
10002494:	f426 6600 	bic.w	r6, r6, #2048	@ 0x800
10002498:	f446 6680 	orr.w	r6, r6, #1024	@ 0x400
1000249c:	4638      	mov	r0, r7
1000249e:	962c      	str	r6, [sp, #176]	@ 0xb0
100024a0:	e9dd 670a 	ldrd	r6, r7, [sp, #40]	@ 0x28
100024a4:	4634      	mov	r4, r6
100024a6:	f107 4500 	add.w	r5, r7, #2147483648	@ 0x80000000
100024aa:	465a      	mov	r2, fp
100024ac:	e9cd 8a2a 	strd	r8, sl, [sp, #168]	@ 0xa8
100024b0:	e9cd 4528 	strd	r4, r5, [sp, #160]	@ 0xa0
100024b4:	9b09      	ldr	r3, [sp, #36]	@ 0x24
100024b6:	9908      	ldr	r1, [sp, #32]
100024b8:	e6bc      	b.n	10002234 <_etoa+0x1bc>
100024ba:	2205      	movs	r2, #5
100024bc:	9212      	str	r2, [sp, #72]	@ 0x48
100024be:	e7ad      	b.n	1000241c <_etoa+0x3a4>
100024c0:	2300      	movs	r3, #0
100024c2:	2202      	movs	r2, #2
100024c4:	e9cd 320f 	strd	r3, r2, [sp, #60]	@ 0x3c
100024c8:	2204      	movs	r2, #4
100024ca:	930c      	str	r3, [sp, #48]	@ 0x30
100024cc:	9212      	str	r2, [sp, #72]	@ 0x48
100024ce:	e62c      	b.n	1000212a <_etoa+0xb2>
100024d0:	f04f 0805 	mov.w	r8, #5
100024d4:	e6c2      	b.n	1000225c <_etoa+0x1e4>
100024d6:	f1ba 0f04 	cmp.w	sl, #4
100024da:	d91f      	bls.n	1000251c <_etoa+0x4a4>
100024dc:	9b10      	ldr	r3, [sp, #64]	@ 0x40
100024de:	2b00      	cmp	r3, #0
100024e0:	d178      	bne.n	100025d4 <_etoa+0x55c>
100024e2:	2304      	movs	r3, #4
100024e4:	9312      	str	r3, [sp, #72]	@ 0x48
100024e6:	f1aa 0304 	sub.w	r3, sl, #4
100024ea:	930f      	str	r3, [sp, #60]	@ 0x3c
100024ec:	e004      	b.n	100024f8 <_etoa+0x480>
100024ee:	9b12      	ldr	r3, [sp, #72]	@ 0x48
100024f0:	459a      	cmp	sl, r3
100024f2:	d831      	bhi.n	10002558 <_etoa+0x4e0>
100024f4:	9b0e      	ldr	r3, [sp, #56]	@ 0x38
100024f6:	930f      	str	r3, [sp, #60]	@ 0x3c
100024f8:	9b0c      	ldr	r3, [sp, #48]	@ 0x30
100024fa:	2b00      	cmp	r3, #0
100024fc:	f43f ae15 	beq.w	1000212a <_etoa+0xb2>
10002500:	e9dd 010a 	ldrd	r0, r1, [sp, #40]	@ 0x28
10002504:	4642      	mov	r2, r8
10002506:	464b      	mov	r3, r9
10002508:	f7ff f90a 	bl	10001720 <__wrap___aeabi_ddiv>
1000250c:	e9cd 010a 	strd	r0, r1, [sp, #40]	@ 0x28
10002510:	e60b      	b.n	1000212a <_etoa+0xb2>
10002512:	2302      	movs	r3, #2
10002514:	9310      	str	r3, [sp, #64]	@ 0x40
10002516:	2305      	movs	r3, #5
10002518:	9312      	str	r3, [sp, #72]	@ 0x48
1000251a:	e7f1      	b.n	10002500 <_etoa+0x488>
1000251c:	2304      	movs	r3, #4
1000251e:	9312      	str	r3, [sp, #72]	@ 0x48
10002520:	e7ea      	b.n	100024f8 <_etoa+0x480>
10002522:	e9dd 450a 	ldrd	r4, r5, [sp, #40]	@ 0x28
10002526:	46a0      	mov	r8, r4
10002528:	9b0f      	ldr	r3, [sp, #60]	@ 0x3c
1000252a:	f105 4900 	add.w	r9, r5, #2147483648	@ 0x80000000
1000252e:	9303      	str	r3, [sp, #12]
10002530:	9b0e      	ldr	r3, [sp, #56]	@ 0x38
10002532:	465a      	mov	r2, fp
10002534:	9302      	str	r3, [sp, #8]
10002536:	f426 6300 	bic.w	r3, r6, #2048	@ 0x800
1000253a:	9304      	str	r3, [sp, #16]
1000253c:	4638      	mov	r0, r7
1000253e:	e9cd 8900 	strd	r8, r9, [sp]
10002542:	9b09      	ldr	r3, [sp, #36]	@ 0x24
10002544:	9908      	ldr	r1, [sp, #32]
10002546:	f7ff fb37 	bl	10001bb8 <_ftoa>
1000254a:	4602      	mov	r2, r0
1000254c:	e608      	b.n	10002160 <_etoa+0xe8>
1000254e:	9b12      	ldr	r3, [sp, #72]	@ 0x48
10002550:	459a      	cmp	sl, r3
10002552:	d844      	bhi.n	100025de <_etoa+0x566>
10002554:	920f      	str	r2, [sp, #60]	@ 0x3c
10002556:	e7cf      	b.n	100024f8 <_etoa+0x480>
10002558:	9b10      	ldr	r3, [sp, #64]	@ 0x40
1000255a:	b38b      	cbz	r3, 100025c0 <_etoa+0x548>
1000255c:	9b0e      	ldr	r3, [sp, #56]	@ 0x38
1000255e:	930f      	str	r3, [sp, #60]	@ 0x3c
10002560:	2302      	movs	r3, #2
10002562:	9310      	str	r3, [sp, #64]	@ 0x40
10002564:	e7c8      	b.n	100024f8 <_etoa+0x480>
10002566:	bf00      	nop
10002568:	636f4361 	.word	0x636f4361
1000256c:	3fd287a7 	.word	0x3fd287a7
10002570:	0979a371 	.word	0x0979a371
10002574:	400a934f 	.word	0x400a934f
10002578:	bbb55516 	.word	0xbbb55516
1000257c:	40026bb1 	.word	0x40026bb1
10002580:	fefa39ef 	.word	0xfefa39ef
10002584:	3fe62e42 	.word	0x3fe62e42
10002588:	eb1c432d 	.word	0xeb1c432d
1000258c:	3f1a36e2 	.word	0x3f1a36e2
10002590:	00000000 	.word	0x00000000
10002594:	412e8480 	.word	0x412e8480
10002598:	3ff80000 	.word	0x3ff80000
1000259c:	3fe00000 	.word	0x3fe00000
100025a0:	402c0000 	.word	0x402c0000
100025a4:	40240000 	.word	0x40240000
100025a8:	40180000 	.word	0x40180000
100025ac:	3ff00000 	.word	0x3ff00000
100025b0:	509f79fb 	.word	0x509f79fb
100025b4:	3fd34413 	.word	0x3fd34413
100025b8:	8b60c8b3 	.word	0x8b60c8b3
100025bc:	3fc68a28 	.word	0x3fc68a28
100025c0:	9b12      	ldr	r3, [sp, #72]	@ 0x48
100025c2:	ebaa 0303 	sub.w	r3, sl, r3
100025c6:	930f      	str	r3, [sp, #60]	@ 0x3c
100025c8:	e796      	b.n	100024f8 <_etoa+0x480>
100025ca:	eba3 0802 	sub.w	r8, r3, r2
100025ce:	f108 38ff 	add.w	r8, r8, #4294967295
100025d2:	e643      	b.n	1000225c <_etoa+0x1e4>
100025d4:	2304      	movs	r3, #4
100025d6:	9312      	str	r3, [sp, #72]	@ 0x48
100025d8:	2302      	movs	r3, #2
100025da:	9310      	str	r3, [sp, #64]	@ 0x40
100025dc:	e78c      	b.n	100024f8 <_etoa+0x480>
100025de:	9b10      	ldr	r3, [sp, #64]	@ 0x40
100025e0:	2b00      	cmp	r3, #0
100025e2:	d0ed      	beq.n	100025c0 <_etoa+0x548>
100025e4:	2302      	movs	r3, #2
100025e6:	920f      	str	r2, [sp, #60]	@ 0x3c
100025e8:	9310      	str	r3, [sp, #64]	@ 0x40
100025ea:	e785      	b.n	100024f8 <_etoa+0x480>

100025ec <_vsnprintf>:
100025ec:	e92d 4ff0 	stmdb	sp!, {r4, r5, r6, r7, r8, r9, sl, fp, lr}
100025f0:	b09b      	sub	sp, #108	@ 0x6c
100025f2:	9c24      	ldr	r4, [sp, #144]	@ 0x90
100025f4:	4d95      	ldr	r5, [pc, #596]	@ (1000284c <_vsnprintf+0x260>)
100025f6:	940a      	str	r4, [sp, #40]	@ 0x28
100025f8:	4c95      	ldr	r4, [pc, #596]	@ (10002850 <_vsnprintf+0x264>)
100025fa:	f1b1 0a00 	subs.w	sl, r1, #0
100025fe:	bf18      	it	ne
10002600:	4683      	movne	fp, r0
10002602:	6025      	str	r5, [r4, #0]
10002604:	7818      	ldrb	r0, [r3, #0]
10002606:	4c93      	ldr	r4, [pc, #588]	@ (10002854 <_vsnprintf+0x268>)
10002608:	4691      	mov	r9, r2
1000260a:	bf08      	it	eq
1000260c:	46a3      	moveq	fp, r4
1000260e:	9309      	str	r3, [sp, #36]	@ 0x24
10002610:	2800      	cmp	r0, #0
10002612:	f000 8293 	beq.w	10002b3c <_vsnprintf+0x550>
10002616:	f04f 0800 	mov.w	r8, #0
1000261a:	e00a      	b.n	10002632 <_vsnprintf+0x46>
1000261c:	4642      	mov	r2, r8
1000261e:	464b      	mov	r3, r9
10002620:	4651      	mov	r1, sl
10002622:	f108 0801 	add.w	r8, r8, #1
10002626:	47d8      	blx	fp
10002628:	9b09      	ldr	r3, [sp, #36]	@ 0x24
1000262a:	7818      	ldrb	r0, [r3, #0]
1000262c:	2800      	cmp	r0, #0
1000262e:	f000 80ce 	beq.w	100027ce <_vsnprintf+0x1e2>
10002632:	9b09      	ldr	r3, [sp, #36]	@ 0x24
10002634:	2825      	cmp	r0, #37	@ 0x25
10002636:	f103 0301 	add.w	r3, r3, #1
1000263a:	9309      	str	r3, [sp, #36]	@ 0x24
1000263c:	d1ee      	bne.n	1000261c <_vsnprintf+0x30>
1000263e:	461c      	mov	r4, r3
10002640:	2300      	movs	r3, #0
10002642:	4622      	mov	r2, r4
10002644:	f812 0b01 	ldrb.w	r0, [r2], #1
10002648:	f1a0 0120 	sub.w	r1, r0, #32
1000264c:	2910      	cmp	r1, #16
1000264e:	d80a      	bhi.n	10002666 <_vsnprintf+0x7a>
10002650:	e8df f001 	tbb	[pc, r1]
10002654:	3c090940 	.word	0x3c090940
10002658:	09090909 	.word	0x09090909
1000265c:	38090909 	.word	0x38090909
10002660:	09093409 	.word	0x09093409
10002664:	30          	.byte	0x30
10002665:	00          	.byte	0x00
10002666:	f1a0 0130 	sub.w	r1, r0, #48	@ 0x30
1000266a:	2909      	cmp	r1, #9
1000266c:	9409      	str	r4, [sp, #36]	@ 0x24
1000266e:	f240 808a 	bls.w	10002786 <_vsnprintf+0x19a>
10002672:	282a      	cmp	r0, #42	@ 0x2a
10002674:	f000 80f0 	beq.w	10002858 <_vsnprintf+0x26c>
10002678:	2500      	movs	r5, #0
1000267a:	282e      	cmp	r0, #46	@ 0x2e
1000267c:	f000 8096 	beq.w	100027ac <_vsnprintf+0x1c0>
10002680:	2600      	movs	r6, #0
10002682:	f1a0 0168 	sub.w	r1, r0, #104	@ 0x68
10002686:	2912      	cmp	r1, #18
10002688:	d82d      	bhi.n	100026e6 <_vsnprintf+0xfa>
1000268a:	e8df f011 	tbh	[pc, r1, lsl #1]
1000268e:	0149      	.short	0x0149
10002690:	0143002c 	.word	0x0143002c
10002694:	0138002c 	.word	0x0138002c
10002698:	002c002c 	.word	0x002c002c
1000269c:	002c002c 	.word	0x002c002c
100026a0:	002c002c 	.word	0x002c002c
100026a4:	0027002c 	.word	0x0027002c
100026a8:	002c002c 	.word	0x002c002c
100026ac:	002c002c 	.word	0x002c002c
100026b0:	0027002c 	.word	0x0027002c
100026b4:	4614      	mov	r4, r2
100026b6:	f043 0301 	orr.w	r3, r3, #1
100026ba:	e7c2      	b.n	10002642 <_vsnprintf+0x56>
100026bc:	4614      	mov	r4, r2
100026be:	f043 0302 	orr.w	r3, r3, #2
100026c2:	e7be      	b.n	10002642 <_vsnprintf+0x56>
100026c4:	4614      	mov	r4, r2
100026c6:	f043 0304 	orr.w	r3, r3, #4
100026ca:	e7ba      	b.n	10002642 <_vsnprintf+0x56>
100026cc:	4614      	mov	r4, r2
100026ce:	f043 0310 	orr.w	r3, r3, #16
100026d2:	e7b6      	b.n	10002642 <_vsnprintf+0x56>
100026d4:	4614      	mov	r4, r2
100026d6:	f043 0308 	orr.w	r3, r3, #8
100026da:	e7b2      	b.n	10002642 <_vsnprintf+0x56>
100026dc:	9909      	ldr	r1, [sp, #36]	@ 0x24
100026de:	7848      	ldrb	r0, [r1, #1]
100026e0:	f443 7380 	orr.w	r3, r3, #256	@ 0x100
100026e4:	3201      	adds	r2, #1
100026e6:	2867      	cmp	r0, #103	@ 0x67
100026e8:	9209      	str	r2, [sp, #36]	@ 0x24
100026ea:	d87e      	bhi.n	100027ea <_vsnprintf+0x1fe>
100026ec:	2824      	cmp	r0, #36	@ 0x24
100026ee:	f240 80c1 	bls.w	10002874 <_vsnprintf+0x288>
100026f2:	f1a0 0225 	sub.w	r2, r0, #37	@ 0x25
100026f6:	2a42      	cmp	r2, #66	@ 0x42
100026f8:	f200 80bc 	bhi.w	10002874 <_vsnprintf+0x288>
100026fc:	e8df f012 	tbh	[pc, r2, lsl #1]
10002700:	00ba0150 	.word	0x00ba0150
10002704:	00ba00ba 	.word	0x00ba00ba
10002708:	00ba00ba 	.word	0x00ba00ba
1000270c:	00ba00ba 	.word	0x00ba00ba
10002710:	00ba00ba 	.word	0x00ba00ba
10002714:	00ba00ba 	.word	0x00ba00ba
10002718:	00ba00ba 	.word	0x00ba00ba
1000271c:	00ba00ba 	.word	0x00ba00ba
10002720:	00ba00ba 	.word	0x00ba00ba
10002724:	00ba00ba 	.word	0x00ba00ba
10002728:	00ba00ba 	.word	0x00ba00ba
1000272c:	00ba00ba 	.word	0x00ba00ba
10002730:	00ba00ba 	.word	0x00ba00ba
10002734:	00ba00ba 	.word	0x00ba00ba
10002738:	00ba00ba 	.word	0x00ba00ba
1000273c:	00ba00ba 	.word	0x00ba00ba
10002740:	01370119 	.word	0x01370119
10002744:	00ba0119 	.word	0x00ba0119
10002748:	00ba00ba 	.word	0x00ba00ba
1000274c:	00ba00ba 	.word	0x00ba00ba
10002750:	00ba00ba 	.word	0x00ba00ba
10002754:	00ba00ba 	.word	0x00ba00ba
10002758:	00ba00ba 	.word	0x00ba00ba
1000275c:	00ba00ba 	.word	0x00ba00ba
10002760:	00ba00ba 	.word	0x00ba00ba
10002764:	01bc00ba 	.word	0x01bc00ba
10002768:	00ba00ba 	.word	0x00ba00ba
1000276c:	00ba00ba 	.word	0x00ba00ba
10002770:	00ba00ba 	.word	0x00ba00ba
10002774:	00ba00ba 	.word	0x00ba00ba
10002778:	01bc00ba 	.word	0x01bc00ba
1000277c:	01bc0158 	.word	0x01bc0158
10002780:	01370119 	.word	0x01370119
10002784:	0119      	.short	0x0119
10002786:	2500      	movs	r5, #0
10002788:	e000      	b.n	1000278c <_vsnprintf+0x1a0>
1000278a:	3201      	adds	r2, #1
1000278c:	eb05 0585 	add.w	r5, r5, r5, lsl #2
10002790:	eb00 0545 	add.w	r5, r0, r5, lsl #1
10002794:	7810      	ldrb	r0, [r2, #0]
10002796:	3d30      	subs	r5, #48	@ 0x30
10002798:	f1a0 0130 	sub.w	r1, r0, #48	@ 0x30
1000279c:	2909      	cmp	r1, #9
1000279e:	d9f4      	bls.n	1000278a <_vsnprintf+0x19e>
100027a0:	282e      	cmp	r0, #46	@ 0x2e
100027a2:	9209      	str	r2, [sp, #36]	@ 0x24
100027a4:	f102 0201 	add.w	r2, r2, #1
100027a8:	f47f af6a 	bne.w	10002680 <_vsnprintf+0x94>
100027ac:	9909      	ldr	r1, [sp, #36]	@ 0x24
100027ae:	f443 6380 	orr.w	r3, r3, #1024	@ 0x400
100027b2:	7848      	ldrb	r0, [r1, #1]
100027b4:	4611      	mov	r1, r2
100027b6:	f1a0 0630 	sub.w	r6, r0, #48	@ 0x30
100027ba:	2e09      	cmp	r6, #9
100027bc:	f240 8121 	bls.w	10002a02 <_vsnprintf+0x416>
100027c0:	282a      	cmp	r0, #42	@ 0x2a
100027c2:	f000 812f 	beq.w	10002a24 <_vsnprintf+0x438>
100027c6:	9209      	str	r2, [sp, #36]	@ 0x24
100027c8:	2600      	movs	r6, #0
100027ca:	3201      	adds	r2, #1
100027cc:	e759      	b.n	10002682 <_vsnprintf+0x96>
100027ce:	4644      	mov	r4, r8
100027d0:	45c1      	cmp	r9, r8
100027d2:	d801      	bhi.n	100027d8 <_vsnprintf+0x1ec>
100027d4:	f109 38ff 	add.w	r8, r9, #4294967295
100027d8:	464b      	mov	r3, r9
100027da:	4642      	mov	r2, r8
100027dc:	4651      	mov	r1, sl
100027de:	2000      	movs	r0, #0
100027e0:	47d8      	blx	fp
100027e2:	4620      	mov	r0, r4
100027e4:	b01b      	add	sp, #108	@ 0x6c
100027e6:	e8bd 8ff0 	ldmia.w	sp!, {r4, r5, r6, r7, r8, r9, sl, fp, pc}
100027ea:	f1a0 0269 	sub.w	r2, r0, #105	@ 0x69
100027ee:	b2d2      	uxtb	r2, r2
100027f0:	2a0f      	cmp	r2, #15
100027f2:	d83f      	bhi.n	10002874 <_vsnprintf+0x288>
100027f4:	2101      	movs	r1, #1
100027f6:	f249 0741 	movw	r7, #36929	@ 0x9041
100027fa:	4091      	lsls	r1, r2
100027fc:	4039      	ands	r1, r7
100027fe:	f040 80f3 	bne.w	100029e8 <_vsnprintf+0x3fc>
10002802:	2a0a      	cmp	r2, #10
10002804:	d03d      	beq.n	10002882 <_vsnprintf+0x296>
10002806:	2a07      	cmp	r2, #7
10002808:	d134      	bne.n	10002874 <_vsnprintf+0x288>
1000280a:	9d0a      	ldr	r5, [sp, #40]	@ 0x28
1000280c:	f855 2b04 	ldr.w	r2, [r5], #4
10002810:	2a00      	cmp	r2, #0
10002812:	f000 8113 	beq.w	10002a3c <_vsnprintf+0x450>
10002816:	f043 0021 	orr.w	r0, r3, #33	@ 0x21
1000281a:	ab12      	add	r3, sp, #72	@ 0x48
1000281c:	461f      	mov	r7, r3
1000281e:	930b      	str	r3, [sp, #44]	@ 0x2c
10002820:	e003      	b.n	1000282a <_vsnprintf+0x23e>
10002822:	2920      	cmp	r1, #32
10002824:	f000 8114 	beq.w	10002a50 <_vsnprintf+0x464>
10002828:	461a      	mov	r2, r3
1000282a:	f002 040f 	and.w	r4, r2, #15
1000282e:	4623      	mov	r3, r4
10002830:	2c09      	cmp	r4, #9
10002832:	bf94      	ite	ls
10002834:	3330      	addls	r3, #48	@ 0x30
10002836:	3337      	addhi	r3, #55	@ 0x37
10002838:	2a0f      	cmp	r2, #15
1000283a:	f807 3b01 	strb.w	r3, [r7], #1
1000283e:	f101 0101 	add.w	r1, r1, #1
10002842:	ea4f 1312 	mov.w	r3, r2, lsr #4
10002846:	d8ec      	bhi.n	10002822 <_vsnprintf+0x236>
10002848:	e102      	b.n	10002a50 <_vsnprintf+0x464>
1000284a:	bf00      	nop
1000284c:	100025ed 	.word	0x100025ed
10002850:	200024f8 	.word	0x200024f8
10002854:	10001931 	.word	0x10001931
10002858:	990a      	ldr	r1, [sp, #40]	@ 0x28
1000285a:	9809      	ldr	r0, [sp, #36]	@ 0x24
1000285c:	f851 5b04 	ldr.w	r5, [r1], #4
10002860:	7840      	ldrb	r0, [r0, #1]
10002862:	2d00      	cmp	r5, #0
10002864:	e9cd 2109 	strd	r2, r1, [sp, #36]	@ 0x24
10002868:	bfbc      	itt	lt
1000286a:	f043 0302 	orrlt.w	r3, r3, #2
1000286e:	426d      	neglt	r5, r5
10002870:	3201      	adds	r2, #1
10002872:	e702      	b.n	1000267a <_vsnprintf+0x8e>
10002874:	4642      	mov	r2, r8
10002876:	464b      	mov	r3, r9
10002878:	4651      	mov	r1, sl
1000287a:	f108 0801 	add.w	r8, r8, #1
1000287e:	47d8      	blx	fp
10002880:	e6d2      	b.n	10002628 <_vsnprintf+0x3c>
10002882:	990a      	ldr	r1, [sp, #40]	@ 0x28
10002884:	2e00      	cmp	r6, #0
10002886:	f851 7b04 	ldr.w	r7, [r1], #4
1000288a:	bf18      	it	ne
1000288c:	4632      	movne	r2, r6
1000288e:	7838      	ldrb	r0, [r7, #0]
10002890:	bf08      	it	eq
10002892:	f04f 32ff 	moveq.w	r2, #4294967295
10002896:	2800      	cmp	r0, #0
10002898:	f000 837b 	beq.w	10002f92 <_vsnprintf+0x9a6>
1000289c:	18bc      	adds	r4, r7, r2
1000289e:	46a4      	mov	ip, r4
100028a0:	463a      	mov	r2, r7
100028a2:	e004      	b.n	100028ae <_vsnprintf+0x2c2>
100028a4:	f812 4f01 	ldrb.w	r4, [r2, #1]!
100028a8:	2c00      	cmp	r4, #0
100028aa:	f000 813f 	beq.w	10002b2c <_vsnprintf+0x540>
100028ae:	4594      	cmp	ip, r2
100028b0:	d1f8      	bne.n	100028a4 <_vsnprintf+0x2b8>
100028b2:	4664      	mov	r4, ip
100028b4:	1be4      	subs	r4, r4, r7
100028b6:	055a      	lsls	r2, r3, #21
100028b8:	f140 8122 	bpl.w	10002b00 <_vsnprintf+0x514>
100028bc:	42b4      	cmp	r4, r6
100028be:	bf28      	it	cs
100028c0:	4634      	movcs	r4, r6
100028c2:	f013 0302 	ands.w	r3, r3, #2
100028c6:	f000 8288 	beq.w	10002dda <_vsnprintf+0x7ee>
100028ca:	2302      	movs	r3, #2
100028cc:	e9cd 510a 	strd	r5, r1, [sp, #40]	@ 0x28
100028d0:	4642      	mov	r2, r8
100028d2:	461d      	mov	r5, r3
100028d4:	4446      	add	r6, r8
100028d6:	e008      	b.n	100028ea <_vsnprintf+0x2fe>
100028d8:	464b      	mov	r3, r9
100028da:	4651      	mov	r1, sl
100028dc:	47d8      	blx	fp
100028de:	f817 0f01 	ldrb.w	r0, [r7, #1]!
100028e2:	f108 0801 	add.w	r8, r8, #1
100028e6:	b110      	cbz	r0, 100028ee <_vsnprintf+0x302>
100028e8:	4642      	mov	r2, r8
100028ea:	4546      	cmp	r6, r8
100028ec:	d1f4      	bne.n	100028d8 <_vsnprintf+0x2ec>
100028ee:	462b      	mov	r3, r5
100028f0:	990b      	ldr	r1, [sp, #44]	@ 0x2c
100028f2:	9d0a      	ldr	r5, [sp, #40]	@ 0x28
100028f4:	2b00      	cmp	r3, #0
100028f6:	f040 8141 	bne.w	10002b7c <_vsnprintf+0x590>
100028fa:	910a      	str	r1, [sp, #40]	@ 0x28
100028fc:	e694      	b.n	10002628 <_vsnprintf+0x3c>
100028fe:	9909      	ldr	r1, [sp, #36]	@ 0x24
10002900:	7848      	ldrb	r0, [r1, #1]
10002902:	286c      	cmp	r0, #108	@ 0x6c
10002904:	f47f aeec 	bne.w	100026e0 <_vsnprintf+0xf4>
10002908:	460a      	mov	r2, r1
1000290a:	7888      	ldrb	r0, [r1, #2]
1000290c:	f443 7340 	orr.w	r3, r3, #768	@ 0x300
10002910:	3203      	adds	r2, #3
10002912:	e6e8      	b.n	100026e6 <_vsnprintf+0xfa>
10002914:	9909      	ldr	r1, [sp, #36]	@ 0x24
10002916:	f443 7300 	orr.w	r3, r3, #512	@ 0x200
1000291a:	7848      	ldrb	r0, [r1, #1]
1000291c:	3201      	adds	r2, #1
1000291e:	e6e2      	b.n	100026e6 <_vsnprintf+0xfa>
10002920:	9909      	ldr	r1, [sp, #36]	@ 0x24
10002922:	7848      	ldrb	r0, [r1, #1]
10002924:	2868      	cmp	r0, #104	@ 0x68
10002926:	f000 8103 	beq.w	10002b30 <_vsnprintf+0x544>
1000292a:	f043 0380 	orr.w	r3, r3, #128	@ 0x80
1000292e:	3201      	adds	r2, #1
10002930:	e6d9      	b.n	100026e6 <_vsnprintf+0xfa>
10002932:	2867      	cmp	r0, #103	@ 0x67
10002934:	f000 80d9 	beq.w	10002aea <_vsnprintf+0x4fe>
10002938:	2847      	cmp	r0, #71	@ 0x47
1000293a:	f000 80dc 	beq.w	10002af6 <_vsnprintf+0x50a>
1000293e:	2845      	cmp	r0, #69	@ 0x45
10002940:	f000 80db 	beq.w	10002afa <_vsnprintf+0x50e>
10002944:	e9cd 5303 	strd	r5, r3, [sp, #12]
10002948:	9b0a      	ldr	r3, [sp, #40]	@ 0x28
1000294a:	9602      	str	r6, [sp, #8]
1000294c:	3307      	adds	r3, #7
1000294e:	f023 0307 	bic.w	r3, r3, #7
10002952:	461c      	mov	r4, r3
10002954:	4642      	mov	r2, r8
10002956:	e8f4 6702 	ldrd	r6, r7, [r4], #8
1000295a:	464b      	mov	r3, r9
1000295c:	4651      	mov	r1, sl
1000295e:	4658      	mov	r0, fp
10002960:	e9cd 6700 	strd	r6, r7, [sp]
10002964:	940a      	str	r4, [sp, #40]	@ 0x28
10002966:	f7ff fb87 	bl	10002078 <_etoa>
1000296a:	4680      	mov	r8, r0
1000296c:	e65c      	b.n	10002628 <_vsnprintf+0x3c>
1000296e:	2846      	cmp	r0, #70	@ 0x46
10002970:	bf08      	it	eq
10002972:	f043 0320 	orreq.w	r3, r3, #32
10002976:	e9cd 5303 	strd	r5, r3, [sp, #12]
1000297a:	9b0a      	ldr	r3, [sp, #40]	@ 0x28
1000297c:	9602      	str	r6, [sp, #8]
1000297e:	3307      	adds	r3, #7
10002980:	f023 0307 	bic.w	r3, r3, #7
10002984:	461c      	mov	r4, r3
10002986:	4642      	mov	r2, r8
10002988:	e8f4 6702 	ldrd	r6, r7, [r4], #8
1000298c:	464b      	mov	r3, r9
1000298e:	4651      	mov	r1, sl
10002990:	4658      	mov	r0, fp
10002992:	e9cd 6700 	strd	r6, r7, [sp]
10002996:	940a      	str	r4, [sp, #40]	@ 0x28
10002998:	f7ff f90e 	bl	10001bb8 <_ftoa>
1000299c:	4680      	mov	r8, r0
1000299e:	e643      	b.n	10002628 <_vsnprintf+0x3c>
100029a0:	4642      	mov	r2, r8
100029a2:	464b      	mov	r3, r9
100029a4:	4651      	mov	r1, sl
100029a6:	2025      	movs	r0, #37	@ 0x25
100029a8:	f108 0801 	add.w	r8, r8, #1
100029ac:	47d8      	blx	fp
100029ae:	e63b      	b.n	10002628 <_vsnprintf+0x3c>
100029b0:	9a0a      	ldr	r2, [sp, #40]	@ 0x28
100029b2:	0799      	lsls	r1, r3, #30
100029b4:	f102 0404 	add.w	r4, r2, #4
100029b8:	f108 0601 	add.w	r6, r8, #1
100029bc:	f140 80c6 	bpl.w	10002b4c <_vsnprintf+0x560>
100029c0:	7810      	ldrb	r0, [r2, #0]
100029c2:	464b      	mov	r3, r9
100029c4:	4642      	mov	r2, r8
100029c6:	4651      	mov	r1, sl
100029c8:	47d8      	blx	fp
100029ca:	2d01      	cmp	r5, #1
100029cc:	bf88      	it	hi
100029ce:	44a8      	addhi	r8, r5
100029d0:	f240 81bd 	bls.w	10002d4e <_vsnprintf+0x762>
100029d4:	4632      	mov	r2, r6
100029d6:	464b      	mov	r3, r9
100029d8:	4651      	mov	r1, sl
100029da:	2020      	movs	r0, #32
100029dc:	3601      	adds	r6, #1
100029de:	47d8      	blx	fp
100029e0:	4546      	cmp	r6, r8
100029e2:	d1f7      	bne.n	100029d4 <_vsnprintf+0x3e8>
100029e4:	940a      	str	r4, [sp, #40]	@ 0x28
100029e6:	e61f      	b.n	10002628 <_vsnprintf+0x3c>
100029e8:	286f      	cmp	r0, #111	@ 0x6f
100029ea:	f000 8081 	beq.w	10002af0 <_vsnprintf+0x504>
100029ee:	f240 8248 	bls.w	10002e82 <_vsnprintf+0x896>
100029f2:	2878      	cmp	r0, #120	@ 0x78
100029f4:	f000 8190 	beq.w	10002d18 <_vsnprintf+0x72c>
100029f8:	270a      	movs	r7, #10
100029fa:	f023 0310 	bic.w	r3, r3, #16
100029fe:	46bc      	mov	ip, r7
10002a00:	e041      	b.n	10002a86 <_vsnprintf+0x49a>
10002a02:	2600      	movs	r6, #0
10002a04:	eb06 0686 	add.w	r6, r6, r6, lsl #2
10002a08:	eb00 0046 	add.w	r0, r0, r6, lsl #1
10002a0c:	f1a0 0630 	sub.w	r6, r0, #48	@ 0x30
10002a10:	f811 0f01 	ldrb.w	r0, [r1, #1]!
10002a14:	f1a0 0230 	sub.w	r2, r0, #48	@ 0x30
10002a18:	2a09      	cmp	r2, #9
10002a1a:	d9f3      	bls.n	10002a04 <_vsnprintf+0x418>
10002a1c:	460a      	mov	r2, r1
10002a1e:	9109      	str	r1, [sp, #36]	@ 0x24
10002a20:	3201      	adds	r2, #1
10002a22:	e62e      	b.n	10002682 <_vsnprintf+0x96>
10002a24:	e9dd 2109 	ldrd	r2, r1, [sp, #36]	@ 0x24
10002a28:	f851 6b04 	ldr.w	r6, [r1], #4
10002a2c:	7890      	ldrb	r0, [r2, #2]
10002a2e:	3202      	adds	r2, #2
10002a30:	9209      	str	r2, [sp, #36]	@ 0x24
10002a32:	910a      	str	r1, [sp, #40]	@ 0x28
10002a34:	3201      	adds	r2, #1
10002a36:	ea26 76e6 	bic.w	r6, r6, r6, asr #31
10002a3a:	e622      	b.n	10002682 <_vsnprintf+0x96>
10002a3c:	f023 0010 	bic.w	r0, r3, #16
10002a40:	f413 6280 	ands.w	r2, r3, #1024	@ 0x400
10002a44:	f040 0021 	orr.w	r0, r0, #33	@ 0x21
10002a48:	f43f aee7 	beq.w	1000281a <_vsnprintf+0x22e>
10002a4c:	ab12      	add	r3, sp, #72	@ 0x48
10002a4e:	930b      	str	r3, [sp, #44]	@ 0x2c
10002a50:	9b0b      	ldr	r3, [sp, #44]	@ 0x2c
10002a52:	9006      	str	r0, [sp, #24]
10002a54:	9300      	str	r3, [sp, #0]
10002a56:	2308      	movs	r3, #8
10002a58:	2010      	movs	r0, #16
10002a5a:	9305      	str	r3, [sp, #20]
10002a5c:	2300      	movs	r3, #0
10002a5e:	4642      	mov	r2, r8
10002a60:	e9cd 3002 	strd	r3, r0, [sp, #8]
10002a64:	9101      	str	r1, [sp, #4]
10002a66:	464b      	mov	r3, r9
10002a68:	4651      	mov	r1, sl
10002a6a:	4658      	mov	r0, fp
10002a6c:	9604      	str	r6, [sp, #16]
10002a6e:	f7fe ffaf 	bl	100019d0 <_ntoa_format>
10002a72:	950a      	str	r5, [sp, #40]	@ 0x28
10002a74:	4680      	mov	r8, r0
10002a76:	e5d7      	b.n	10002628 <_vsnprintf+0x3c>
10002a78:	2858      	cmp	r0, #88	@ 0x58
10002a7a:	d062      	beq.n	10002b42 <_vsnprintf+0x556>
10002a7c:	2862      	cmp	r0, #98	@ 0x62
10002a7e:	f040 808f 	bne.w	10002ba0 <_vsnprintf+0x5b4>
10002a82:	2702      	movs	r7, #2
10002a84:	46bc      	mov	ip, r7
10002a86:	f413 6080 	ands.w	r0, r3, #1024	@ 0x400
10002a8a:	f000 80dd 	beq.w	10002c48 <_vsnprintf+0x65c>
10002a8e:	f023 030d 	bic.w	r3, r3, #13
10002a92:	f413 7200 	ands.w	r2, r3, #512	@ 0x200
10002a96:	f040 8181 	bne.w	10002d9c <_vsnprintf+0x7b0>
10002a9a:	990a      	ldr	r1, [sp, #40]	@ 0x28
10002a9c:	1d0f      	adds	r7, r1, #4
10002a9e:	f413 7180 	ands.w	r1, r3, #256	@ 0x100
10002aa2:	f040 8237 	bne.w	10002f14 <_vsnprintf+0x928>
10002aa6:	065c      	lsls	r4, r3, #25
10002aa8:	9a0a      	ldr	r2, [sp, #40]	@ 0x28
10002aaa:	f140 813b 	bpl.w	10002d24 <_vsnprintf+0x738>
10002aae:	7812      	ldrb	r2, [r2, #0]
10002ab0:	2a00      	cmp	r2, #0
10002ab2:	f040 814e 	bne.w	10002d52 <_vsnprintf+0x766>
10002ab6:	f023 0310 	bic.w	r3, r3, #16
10002aba:	2800      	cmp	r0, #0
10002abc:	f000 8149 	beq.w	10002d52 <_vsnprintf+0x766>
10002ac0:	4611      	mov	r1, r2
10002ac2:	aa12      	add	r2, sp, #72	@ 0x48
10002ac4:	920b      	str	r2, [sp, #44]	@ 0x2c
10002ac6:	e9cd 5305 	strd	r5, r3, [sp, #20]
10002aca:	e9cd c603 	strd	ip, r6, [sp, #12]
10002ace:	9101      	str	r1, [sp, #4]
10002ad0:	9b0b      	ldr	r3, [sp, #44]	@ 0x2c
10002ad2:	4642      	mov	r2, r8
10002ad4:	9300      	str	r3, [sp, #0]
10002ad6:	2300      	movs	r3, #0
10002ad8:	4651      	mov	r1, sl
10002ada:	9302      	str	r3, [sp, #8]
10002adc:	4658      	mov	r0, fp
10002ade:	464b      	mov	r3, r9
10002ae0:	f7fe ff76 	bl	100019d0 <_ntoa_format>
10002ae4:	970a      	str	r7, [sp, #40]	@ 0x28
10002ae6:	4680      	mov	r8, r0
10002ae8:	e59e      	b.n	10002628 <_vsnprintf+0x3c>
10002aea:	f443 6300 	orr.w	r3, r3, #2048	@ 0x800
10002aee:	e729      	b.n	10002944 <_vsnprintf+0x358>
10002af0:	2708      	movs	r7, #8
10002af2:	46bc      	mov	ip, r7
10002af4:	e7c7      	b.n	10002a86 <_vsnprintf+0x49a>
10002af6:	f443 6300 	orr.w	r3, r3, #2048	@ 0x800
10002afa:	f043 0320 	orr.w	r3, r3, #32
10002afe:	e721      	b.n	10002944 <_vsnprintf+0x358>
10002b00:	f013 0302 	ands.w	r3, r3, #2
10002b04:	f000 818e 	beq.w	10002e24 <_vsnprintf+0x838>
10002b08:	2302      	movs	r3, #2
10002b0a:	950a      	str	r5, [sp, #40]	@ 0x28
10002b0c:	461e      	mov	r6, r3
10002b0e:	460d      	mov	r5, r1
10002b10:	4642      	mov	r2, r8
10002b12:	464b      	mov	r3, r9
10002b14:	4651      	mov	r1, sl
10002b16:	47d8      	blx	fp
10002b18:	f817 0f01 	ldrb.w	r0, [r7, #1]!
10002b1c:	f108 0801 	add.w	r8, r8, #1
10002b20:	2800      	cmp	r0, #0
10002b22:	d1f5      	bne.n	10002b10 <_vsnprintf+0x524>
10002b24:	4629      	mov	r1, r5
10002b26:	4633      	mov	r3, r6
10002b28:	9d0a      	ldr	r5, [sp, #40]	@ 0x28
10002b2a:	e6e3      	b.n	100028f4 <_vsnprintf+0x308>
10002b2c:	1bd4      	subs	r4, r2, r7
10002b2e:	e6c2      	b.n	100028b6 <_vsnprintf+0x2ca>
10002b30:	460a      	mov	r2, r1
10002b32:	7888      	ldrb	r0, [r1, #2]
10002b34:	f043 03c0 	orr.w	r3, r3, #192	@ 0xc0
10002b38:	3203      	adds	r2, #3
10002b3a:	e5d4      	b.n	100026e6 <_vsnprintf+0xfa>
10002b3c:	4604      	mov	r4, r0
10002b3e:	4680      	mov	r8, r0
10002b40:	e646      	b.n	100027d0 <_vsnprintf+0x1e4>
10002b42:	2710      	movs	r7, #16
10002b44:	f043 0320 	orr.w	r3, r3, #32
10002b48:	46bc      	mov	ip, r7
10002b4a:	e79c      	b.n	10002a86 <_vsnprintf+0x49a>
10002b4c:	2d01      	cmp	r5, #1
10002b4e:	f240 80f8 	bls.w	10002d42 <_vsnprintf+0x756>
10002b52:	4646      	mov	r6, r8
10002b54:	f108 37ff 	add.w	r7, r8, #4294967295
10002b58:	442f      	add	r7, r5
10002b5a:	4632      	mov	r2, r6
10002b5c:	464b      	mov	r3, r9
10002b5e:	4651      	mov	r1, sl
10002b60:	2020      	movs	r0, #32
10002b62:	3601      	adds	r6, #1
10002b64:	47d8      	blx	fp
10002b66:	42be      	cmp	r6, r7
10002b68:	d1f7      	bne.n	10002b5a <_vsnprintf+0x56e>
10002b6a:	9b0a      	ldr	r3, [sp, #40]	@ 0x28
10002b6c:	4632      	mov	r2, r6
10002b6e:	7818      	ldrb	r0, [r3, #0]
10002b70:	4651      	mov	r1, sl
10002b72:	464b      	mov	r3, r9
10002b74:	47d8      	blx	fp
10002b76:	44a8      	add	r8, r5
10002b78:	940a      	str	r4, [sp, #40]	@ 0x28
10002b7a:	e555      	b.n	10002628 <_vsnprintf+0x3c>
10002b7c:	4646      	mov	r6, r8
10002b7e:	42a5      	cmp	r5, r4
10002b80:	f67f aebb 	bls.w	100028fa <_vsnprintf+0x30e>
10002b84:	44a8      	add	r8, r5
10002b86:	eba8 0804 	sub.w	r8, r8, r4
10002b8a:	460c      	mov	r4, r1
10002b8c:	4632      	mov	r2, r6
10002b8e:	464b      	mov	r3, r9
10002b90:	4651      	mov	r1, sl
10002b92:	2020      	movs	r0, #32
10002b94:	3601      	adds	r6, #1
10002b96:	47d8      	blx	fp
10002b98:	4546      	cmp	r6, r8
10002b9a:	d1f7      	bne.n	10002b8c <_vsnprintf+0x5a0>
10002b9c:	4621      	mov	r1, r4
10002b9e:	e6ac      	b.n	100028fa <_vsnprintf+0x30e>
10002ba0:	f413 6280 	ands.w	r2, r3, #1024	@ 0x400
10002ba4:	f000 80bb 	beq.w	10002d1e <_vsnprintf+0x732>
10002ba8:	f44f 6280 	mov.w	r2, #1024	@ 0x400
10002bac:	f023 0c11 	bic.w	ip, r3, #17
10002bb0:	f41c 7700 	ands.w	r7, ip, #512	@ 0x200
10002bb4:	9b0a      	ldr	r3, [sp, #40]	@ 0x28
10002bb6:	d14a      	bne.n	10002c4e <_vsnprintf+0x662>
10002bb8:	f41c 7080 	ands.w	r0, ip, #256	@ 0x100
10002bbc:	f103 0404 	add.w	r4, r3, #4
10002bc0:	f040 8134 	bne.w	10002e2c <_vsnprintf+0x840>
10002bc4:	f01c 0f40 	tst.w	ip, #64	@ 0x40
10002bc8:	f040 80a3 	bne.w	10002d12 <_vsnprintf+0x726>
10002bcc:	f01c 0f80 	tst.w	ip, #128	@ 0x80
10002bd0:	f000 81d3 	beq.w	10002f7a <_vsnprintf+0x98e>
10002bd4:	f9b3 1000 	ldrsh.w	r1, [r3]
10002bd8:	ea81 77e1 	eor.w	r7, r1, r1, asr #31
10002bdc:	eba7 77e1 	sub.w	r7, r7, r1, asr #31
10002be0:	b2bf      	uxth	r7, r7
10002be2:	0fcb      	lsrs	r3, r1, #31
10002be4:	2900      	cmp	r1, #0
10002be6:	f000 8156 	beq.w	10002e96 <_vsnprintf+0x8aa>
10002bea:	463a      	mov	r2, r7
10002bec:	a912      	add	r1, sp, #72	@ 0x48
10002bee:	460f      	mov	r7, r1
10002bf0:	f8df e3d8 	ldr.w	lr, [pc, #984]	@ 10002fcc <_vsnprintf+0x9e0>
10002bf4:	910b      	str	r1, [sp, #44]	@ 0x2c
10002bf6:	930a      	str	r3, [sp, #40]	@ 0x28
10002bf8:	950c      	str	r5, [sp, #48]	@ 0x30
10002bfa:	e001      	b.n	10002c00 <_vsnprintf+0x614>
10002bfc:	2820      	cmp	r0, #32
10002bfe:	d00f      	beq.n	10002c20 <_vsnprintf+0x634>
10002c00:	4615      	mov	r5, r2
10002c02:	fbae 1302 	umull	r1, r3, lr, r2
10002c06:	08db      	lsrs	r3, r3, #3
10002c08:	eb03 0183 	add.w	r1, r3, r3, lsl #2
10002c0c:	eba2 0141 	sub.w	r1, r2, r1, lsl #1
10002c10:	3130      	adds	r1, #48	@ 0x30
10002c12:	2d09      	cmp	r5, #9
10002c14:	461a      	mov	r2, r3
10002c16:	f100 0001 	add.w	r0, r0, #1
10002c1a:	f807 1b01 	strb.w	r1, [r7], #1
10002c1e:	d8ed      	bhi.n	10002bfc <_vsnprintf+0x610>
10002c20:	9b0a      	ldr	r3, [sp, #40]	@ 0x28
10002c22:	9d0c      	ldr	r5, [sp, #48]	@ 0x30
10002c24:	e9cd 5c05 	strd	r5, ip, [sp, #20]
10002c28:	e9cd 0301 	strd	r0, r3, [sp, #4]
10002c2c:	9604      	str	r6, [sp, #16]
10002c2e:	9b0b      	ldr	r3, [sp, #44]	@ 0x2c
10002c30:	4642      	mov	r2, r8
10002c32:	9300      	str	r3, [sp, #0]
10002c34:	230a      	movs	r3, #10
10002c36:	4651      	mov	r1, sl
10002c38:	9303      	str	r3, [sp, #12]
10002c3a:	4658      	mov	r0, fp
10002c3c:	464b      	mov	r3, r9
10002c3e:	f7fe fec7 	bl	100019d0 <_ntoa_format>
10002c42:	940a      	str	r4, [sp, #40]	@ 0x28
10002c44:	4680      	mov	r8, r0
10002c46:	e4ef      	b.n	10002628 <_vsnprintf+0x3c>
10002c48:	f023 030c 	bic.w	r3, r3, #12
10002c4c:	e721      	b.n	10002a92 <_vsnprintf+0x4a6>
10002c4e:	3307      	adds	r3, #7
10002c50:	f023 0307 	bic.w	r3, r3, #7
10002c54:	4619      	mov	r1, r3
10002c56:	4608      	mov	r0, r1
10002c58:	685b      	ldr	r3, [r3, #4]
10002c5a:	f850 1b08 	ldr.w	r1, [r0], #8
10002c5e:	0fdf      	lsrs	r7, r3, #31
10002c60:	900a      	str	r0, [sp, #40]	@ 0x28
10002c62:	ea51 0003 	orrs.w	r0, r1, r3
10002c66:	d162      	bne.n	10002d2e <_vsnprintf+0x742>
10002c68:	2a00      	cmp	r2, #0
10002c6a:	f040 819f 	bne.w	10002fac <_vsnprintf+0x9c0>
10002c6e:	4613      	mov	r3, r2
10002c70:	4611      	mov	r1, r2
10002c72:	aa12      	add	r2, sp, #72	@ 0x48
10002c74:	e9cd 750c 	strd	r7, r5, [sp, #48]	@ 0x30
10002c78:	2000      	movs	r0, #0
10002c7a:	4615      	mov	r5, r2
10002c7c:	e9cd 680e 	strd	r6, r8, [sp, #56]	@ 0x38
10002c80:	f8df e348 	ldr.w	lr, [pc, #840]	@ 10002fcc <_vsnprintf+0x9e0>
10002c84:	920b      	str	r2, [sp, #44]	@ 0x2c
10002c86:	e001      	b.n	10002c8c <_vsnprintf+0x6a0>
10002c88:	2820      	cmp	r0, #32
10002c8a:	d02d      	beq.n	10002ce8 <_vsnprintf+0x6fc>
10002c8c:	185a      	adds	r2, r3, r1
10002c8e:	f142 0200 	adc.w	r2, r2, #0
10002c92:	fbae 7802 	umull	r7, r8, lr, r2
10002c96:	f028 0703 	bic.w	r7, r8, #3
10002c9a:	eb07 0798 	add.w	r7, r7, r8, lsr #2
10002c9e:	1bd2      	subs	r2, r2, r7
10002ca0:	461e      	mov	r6, r3
10002ca2:	1a9b      	subs	r3, r3, r2
10002ca4:	f161 0700 	sbc.w	r7, r1, #0
10002ca8:	460c      	mov	r4, r1
10002caa:	f04f 31cc 	mov.w	r1, #3435973836	@ 0xcccccccc
10002cae:	fb01 f103 	mul.w	r1, r1, r3
10002cb2:	fb0e 1107 	mla	r1, lr, r7, r1
10002cb6:	fba3 730e 	umull	r7, r3, r3, lr
10002cba:	4419      	add	r1, r3
10002cbc:	2305      	movs	r3, #5
10002cbe:	f007 0801 	and.w	r8, r7, #1
10002cc2:	fba8 3803 	umull	r3, r8, r8, r3
10002cc6:	189b      	adds	r3, r3, r2
10002cc8:	2e0a      	cmp	r6, #10
10002cca:	f103 0330 	add.w	r3, r3, #48	@ 0x30
10002cce:	ea4f 0757 	mov.w	r7, r7, lsr #1
10002cd2:	f174 0400 	sbcs.w	r4, r4, #0
10002cd6:	f805 3b01 	strb.w	r3, [r5], #1
10002cda:	f100 0001 	add.w	r0, r0, #1
10002cde:	ea47 73c1 	orr.w	r3, r7, r1, lsl #31
10002ce2:	ea4f 0151 	mov.w	r1, r1, lsr #1
10002ce6:	d2cf      	bcs.n	10002c88 <_vsnprintf+0x69c>
10002ce8:	e9dd 750c 	ldrd	r7, r5, [sp, #48]	@ 0x30
10002cec:	e9dd 680e 	ldrd	r6, r8, [sp, #56]	@ 0x38
10002cf0:	9b0b      	ldr	r3, [sp, #44]	@ 0x2c
10002cf2:	4642      	mov	r2, r8
10002cf4:	9300      	str	r3, [sp, #0]
10002cf6:	230a      	movs	r3, #10
10002cf8:	e9cd 5c05 	strd	r5, ip, [sp, #20]
10002cfc:	e9cd 0701 	strd	r0, r7, [sp, #4]
10002d00:	9604      	str	r6, [sp, #16]
10002d02:	9303      	str	r3, [sp, #12]
10002d04:	464b      	mov	r3, r9
10002d06:	4651      	mov	r1, sl
10002d08:	4658      	mov	r0, fp
10002d0a:	f7fe fe61 	bl	100019d0 <_ntoa_format>
10002d0e:	4680      	mov	r8, r0
10002d10:	e48a      	b.n	10002628 <_vsnprintf+0x3c>
10002d12:	7819      	ldrb	r1, [r3, #0]
10002d14:	460f      	mov	r7, r1
10002d16:	e764      	b.n	10002be2 <_vsnprintf+0x5f6>
10002d18:	2710      	movs	r7, #16
10002d1a:	46bc      	mov	ip, r7
10002d1c:	e6b3      	b.n	10002a86 <_vsnprintf+0x49a>
10002d1e:	f023 0c10 	bic.w	ip, r3, #16
10002d22:	e745      	b.n	10002bb0 <_vsnprintf+0x5c4>
10002d24:	061c      	lsls	r4, r3, #24
10002d26:	bf4c      	ite	mi
10002d28:	8812      	ldrhmi	r2, [r2, #0]
10002d2a:	6812      	ldrpl	r2, [r2, #0]
10002d2c:	e6c0      	b.n	10002ab0 <_vsnprintf+0x4c4>
10002d2e:	460a      	mov	r2, r1
10002d30:	1e19      	subs	r1, r3, #0
10002d32:	db01      	blt.n	10002d38 <_vsnprintf+0x74c>
10002d34:	4613      	mov	r3, r2
10002d36:	e79c      	b.n	10002c72 <_vsnprintf+0x686>
10002d38:	4252      	negs	r2, r2
10002d3a:	4613      	mov	r3, r2
10002d3c:	eb61 0141 	sbc.w	r1, r1, r1, lsl #1
10002d40:	e797      	b.n	10002c72 <_vsnprintf+0x686>
10002d42:	4613      	mov	r3, r2
10002d44:	4651      	mov	r1, sl
10002d46:	7818      	ldrb	r0, [r3, #0]
10002d48:	4642      	mov	r2, r8
10002d4a:	464b      	mov	r3, r9
10002d4c:	47d8      	blx	fp
10002d4e:	46b0      	mov	r8, r6
10002d50:	e648      	b.n	100029e4 <_vsnprintf+0x3f8>
10002d52:	f013 0f20 	tst.w	r3, #32
10002d56:	bf14      	ite	ne
10002d58:	2041      	movne	r0, #65	@ 0x41
10002d5a:	2061      	moveq	r0, #97	@ 0x61
10002d5c:	ac12      	add	r4, sp, #72	@ 0x48
10002d5e:	46a6      	mov	lr, r4
10002d60:	940b      	str	r4, [sp, #44]	@ 0x2c
10002d62:	930a      	str	r3, [sp, #40]	@ 0x28
10002d64:	f1a0 040a 	sub.w	r4, r0, #10
10002d68:	950c      	str	r5, [sp, #48]	@ 0x30
10002d6a:	e002      	b.n	10002d72 <_vsnprintf+0x786>
10002d6c:	2920      	cmp	r1, #32
10002d6e:	d012      	beq.n	10002d96 <_vsnprintf+0x7aa>
10002d70:	462a      	mov	r2, r5
10002d72:	fbb2 f5fc 	udiv	r5, r2, ip
10002d76:	fb0c 2015 	mls	r0, ip, r5, r2
10002d7a:	b2c3      	uxtb	r3, r0
10002d7c:	2809      	cmp	r0, #9
10002d7e:	f103 0030 	add.w	r0, r3, #48	@ 0x30
10002d82:	bf8a      	itet	hi
10002d84:	191b      	addhi	r3, r3, r4
10002d86:	b2c3      	uxtbls	r3, r0
10002d88:	b2db      	uxtbhi	r3, r3
10002d8a:	4562      	cmp	r2, ip
10002d8c:	f80e 3b01 	strb.w	r3, [lr], #1
10002d90:	f101 0101 	add.w	r1, r1, #1
10002d94:	d2ea      	bcs.n	10002d6c <_vsnprintf+0x780>
10002d96:	9b0a      	ldr	r3, [sp, #40]	@ 0x28
10002d98:	9d0c      	ldr	r5, [sp, #48]	@ 0x30
10002d9a:	e694      	b.n	10002ac6 <_vsnprintf+0x4da>
10002d9c:	9a0a      	ldr	r2, [sp, #40]	@ 0x28
10002d9e:	3207      	adds	r2, #7
10002da0:	f022 0207 	bic.w	r2, r2, #7
10002da4:	6851      	ldr	r1, [r2, #4]
10002da6:	f852 4b08 	ldr.w	r4, [r2], #8
10002daa:	468e      	mov	lr, r1
10002dac:	920a      	str	r2, [sp, #40]	@ 0x28
10002dae:	ea54 0201 	orrs.w	r2, r4, r1
10002db2:	d176      	bne.n	10002ea2 <_vsnprintf+0x8b6>
10002db4:	f023 0310 	bic.w	r3, r3, #16
10002db8:	2800      	cmp	r0, #0
10002dba:	d072      	beq.n	10002ea2 <_vsnprintf+0x8b6>
10002dbc:	2200      	movs	r2, #0
10002dbe:	4611      	mov	r1, r2
10002dc0:	aa12      	add	r2, sp, #72	@ 0x48
10002dc2:	920b      	str	r2, [sp, #44]	@ 0x2c
10002dc4:	e9cd 5305 	strd	r5, r3, [sp, #20]
10002dc8:	9b0b      	ldr	r3, [sp, #44]	@ 0x2c
10002dca:	4642      	mov	r2, r8
10002dcc:	9300      	str	r3, [sp, #0]
10002dce:	2300      	movs	r3, #0
10002dd0:	e9cd c603 	strd	ip, r6, [sp, #12]
10002dd4:	9101      	str	r1, [sp, #4]
10002dd6:	9302      	str	r3, [sp, #8]
10002dd8:	e794      	b.n	10002d04 <_vsnprintf+0x718>
10002dda:	42a5      	cmp	r5, r4
10002ddc:	bf98      	it	ls
10002dde:	3401      	addls	r4, #1
10002de0:	f67f ad74 	bls.w	100028cc <_vsnprintf+0x2e0>
10002de4:	f44f 6380 	mov.w	r3, #1024	@ 0x400
10002de8:	e9cd 750a 	strd	r7, r5, [sp, #40]	@ 0x28
10002dec:	eb05 0208 	add.w	r2, r5, r8
10002df0:	461f      	mov	r7, r3
10002df2:	460d      	mov	r5, r1
10002df4:	1b14      	subs	r4, r2, r4
10002df6:	4642      	mov	r2, r8
10002df8:	464b      	mov	r3, r9
10002dfa:	4651      	mov	r1, sl
10002dfc:	2020      	movs	r0, #32
10002dfe:	f108 0801 	add.w	r8, r8, #1
10002e02:	47d8      	blx	fp
10002e04:	45a0      	cmp	r8, r4
10002e06:	d1f6      	bne.n	10002df6 <_vsnprintf+0x80a>
10002e08:	463b      	mov	r3, r7
10002e0a:	9f0a      	ldr	r7, [sp, #40]	@ 0x28
10002e0c:	4629      	mov	r1, r5
10002e0e:	7838      	ldrb	r0, [r7, #0]
10002e10:	9d0b      	ldr	r5, [sp, #44]	@ 0x2c
10002e12:	1c6c      	adds	r4, r5, #1
10002e14:	2800      	cmp	r0, #0
10002e16:	f43f ad70 	beq.w	100028fa <_vsnprintf+0x30e>
10002e1a:	2b00      	cmp	r3, #0
10002e1c:	f43f ae75 	beq.w	10002b0a <_vsnprintf+0x51e>
10002e20:	2300      	movs	r3, #0
10002e22:	e553      	b.n	100028cc <_vsnprintf+0x2e0>
10002e24:	42a5      	cmp	r5, r4
10002e26:	d8df      	bhi.n	10002de8 <_vsnprintf+0x7fc>
10002e28:	3401      	adds	r4, #1
10002e2a:	e66e      	b.n	10002b0a <_vsnprintf+0x51e>
10002e2c:	6819      	ldr	r1, [r3, #0]
10002e2e:	0fcb      	lsrs	r3, r1, #31
10002e30:	2900      	cmp	r1, #0
10002e32:	f000 80a8 	beq.w	10002f86 <_vsnprintf+0x99a>
10002e36:	ea81 72e1 	eor.w	r2, r1, r1, asr #31
10002e3a:	eba2 72e1 	sub.w	r2, r2, r1, asr #31
10002e3e:	a912      	add	r1, sp, #72	@ 0x48
10002e40:	4608      	mov	r0, r1
10002e42:	f8df e188 	ldr.w	lr, [pc, #392]	@ 10002fcc <_vsnprintf+0x9e0>
10002e46:	910b      	str	r1, [sp, #44]	@ 0x2c
10002e48:	930a      	str	r3, [sp, #40]	@ 0x28
10002e4a:	950c      	str	r5, [sp, #48]	@ 0x30
10002e4c:	e001      	b.n	10002e52 <_vsnprintf+0x866>
10002e4e:	2f20      	cmp	r7, #32
10002e50:	d00f      	beq.n	10002e72 <_vsnprintf+0x886>
10002e52:	4615      	mov	r5, r2
10002e54:	fbae 1302 	umull	r1, r3, lr, r2
10002e58:	08db      	lsrs	r3, r3, #3
10002e5a:	eb03 0183 	add.w	r1, r3, r3, lsl #2
10002e5e:	eba2 0141 	sub.w	r1, r2, r1, lsl #1
10002e62:	3130      	adds	r1, #48	@ 0x30
10002e64:	2d09      	cmp	r5, #9
10002e66:	461a      	mov	r2, r3
10002e68:	f107 0701 	add.w	r7, r7, #1
10002e6c:	f800 1b01 	strb.w	r1, [r0], #1
10002e70:	d8ed      	bhi.n	10002e4e <_vsnprintf+0x862>
10002e72:	9b0a      	ldr	r3, [sp, #40]	@ 0x28
10002e74:	9d0c      	ldr	r5, [sp, #48]	@ 0x30
10002e76:	e9cd 5c05 	strd	r5, ip, [sp, #20]
10002e7a:	e9cd 7301 	strd	r7, r3, [sp, #4]
10002e7e:	9604      	str	r6, [sp, #16]
10002e80:	e6d5      	b.n	10002c2e <_vsnprintf+0x642>
10002e82:	2869      	cmp	r0, #105	@ 0x69
10002e84:	f023 0c10 	bic.w	ip, r3, #16
10002e88:	f040 808c 	bne.w	10002fa4 <_vsnprintf+0x9b8>
10002e8c:	f413 6280 	ands.w	r2, r3, #1024	@ 0x400
10002e90:	f43f ae8e 	beq.w	10002bb0 <_vsnprintf+0x5c4>
10002e94:	e688      	b.n	10002ba8 <_vsnprintf+0x5bc>
10002e96:	2a00      	cmp	r2, #0
10002e98:	f43f aea8 	beq.w	10002bec <_vsnprintf+0x600>
10002e9c:	aa12      	add	r2, sp, #72	@ 0x48
10002e9e:	920b      	str	r2, [sp, #44]	@ 0x2c
10002ea0:	e6c0      	b.n	10002c24 <_vsnprintf+0x638>
10002ea2:	f013 0f20 	tst.w	r3, #32
10002ea6:	bf14      	ite	ne
10002ea8:	2241      	movne	r2, #65	@ 0x41
10002eaa:	2261      	moveq	r2, #97	@ 0x61
10002eac:	2000      	movs	r0, #0
10002eae:	a912      	add	r1, sp, #72	@ 0x48
10002eb0:	3a0a      	subs	r2, #10
10002eb2:	e9cd 680e 	strd	r6, r8, [sp, #56]	@ 0x38
10002eb6:	e9cd 350c 	strd	r3, r5, [sp, #48]	@ 0x30
10002eba:	f8cd b044 	str.w	fp, [sp, #68]	@ 0x44
10002ebe:	4606      	mov	r6, r0
10002ec0:	4688      	mov	r8, r1
10002ec2:	4675      	mov	r5, lr
10002ec4:	4693      	mov	fp, r2
10002ec6:	910b      	str	r1, [sp, #44]	@ 0x2c
10002ec8:	f8cd c040 	str.w	ip, [sp, #64]	@ 0x40
10002ecc:	e003      	b.n	10002ed6 <_vsnprintf+0x8ea>
10002ece:	2e20      	cmp	r6, #32
10002ed0:	d017      	beq.n	10002f02 <_vsnprintf+0x916>
10002ed2:	4604      	mov	r4, r0
10002ed4:	460d      	mov	r5, r1
10002ed6:	4629      	mov	r1, r5
10002ed8:	463a      	mov	r2, r7
10002eda:	2300      	movs	r3, #0
10002edc:	4620      	mov	r0, r4
10002ede:	f005 fb3b 	bl	10008558 <____aeabi_uldivmod_veneer>
10002ee2:	b2d2      	uxtb	r2, r2
10002ee4:	2a09      	cmp	r2, #9
10002ee6:	f102 0330 	add.w	r3, r2, #48	@ 0x30
10002eea:	bf88      	it	hi
10002eec:	eb02 030b 	addhi.w	r3, r2, fp
10002ef0:	42bc      	cmp	r4, r7
10002ef2:	b2db      	uxtb	r3, r3
10002ef4:	f175 0500 	sbcs.w	r5, r5, #0
10002ef8:	f808 3b01 	strb.w	r3, [r8], #1
10002efc:	f106 0601 	add.w	r6, r6, #1
10002f00:	d2e5      	bcs.n	10002ece <_vsnprintf+0x8e2>
10002f02:	4631      	mov	r1, r6
10002f04:	e9dd 350c 	ldrd	r3, r5, [sp, #48]	@ 0x30
10002f08:	e9dd cb10 	ldrd	ip, fp, [sp, #64]	@ 0x40
10002f0c:	f8dd 803c 	ldr.w	r8, [sp, #60]	@ 0x3c
10002f10:	9e0e      	ldr	r6, [sp, #56]	@ 0x38
10002f12:	e757      	b.n	10002dc4 <_vsnprintf+0x7d8>
10002f14:	990a      	ldr	r1, [sp, #40]	@ 0x28
10002f16:	6809      	ldr	r1, [r1, #0]
10002f18:	b951      	cbnz	r1, 10002f30 <_vsnprintf+0x944>
10002f1a:	f023 0310 	bic.w	r3, r3, #16
10002f1e:	b138      	cbz	r0, 10002f30 <_vsnprintf+0x944>
10002f20:	a912      	add	r1, sp, #72	@ 0x48
10002f22:	910b      	str	r1, [sp, #44]	@ 0x2c
10002f24:	e9cd 5305 	strd	r5, r3, [sp, #20]
10002f28:	e9cd c603 	strd	ip, r6, [sp, #12]
10002f2c:	9201      	str	r2, [sp, #4]
10002f2e:	e5cf      	b.n	10002ad0 <_vsnprintf+0x4e4>
10002f30:	f013 0f20 	tst.w	r3, #32
10002f34:	bf14      	ite	ne
10002f36:	2041      	movne	r0, #65	@ 0x41
10002f38:	2061      	moveq	r0, #97	@ 0x61
10002f3a:	ac12      	add	r4, sp, #72	@ 0x48
10002f3c:	46a6      	mov	lr, r4
10002f3e:	940b      	str	r4, [sp, #44]	@ 0x2c
10002f40:	930a      	str	r3, [sp, #40]	@ 0x28
10002f42:	f1a0 040a 	sub.w	r4, r0, #10
10002f46:	950c      	str	r5, [sp, #48]	@ 0x30
10002f48:	e002      	b.n	10002f50 <_vsnprintf+0x964>
10002f4a:	2a20      	cmp	r2, #32
10002f4c:	d012      	beq.n	10002f74 <_vsnprintf+0x988>
10002f4e:	4629      	mov	r1, r5
10002f50:	fbb1 f5fc 	udiv	r5, r1, ip
10002f54:	fb0c 1015 	mls	r0, ip, r5, r1
10002f58:	b2c3      	uxtb	r3, r0
10002f5a:	2809      	cmp	r0, #9
10002f5c:	f103 0030 	add.w	r0, r3, #48	@ 0x30
10002f60:	bf8a      	itet	hi
10002f62:	191b      	addhi	r3, r3, r4
10002f64:	b2c3      	uxtbls	r3, r0
10002f66:	b2db      	uxtbhi	r3, r3
10002f68:	4561      	cmp	r1, ip
10002f6a:	f80e 3b01 	strb.w	r3, [lr], #1
10002f6e:	f102 0201 	add.w	r2, r2, #1
10002f72:	d2ea      	bcs.n	10002f4a <_vsnprintf+0x95e>
10002f74:	9b0a      	ldr	r3, [sp, #40]	@ 0x28
10002f76:	9d0c      	ldr	r5, [sp, #48]	@ 0x30
10002f78:	e7d4      	b.n	10002f24 <_vsnprintf+0x938>
10002f7a:	6819      	ldr	r1, [r3, #0]
10002f7c:	ea81 77e1 	eor.w	r7, r1, r1, asr #31
10002f80:	eba7 77e1 	sub.w	r7, r7, r1, asr #31
10002f84:	e62d      	b.n	10002be2 <_vsnprintf+0x5f6>
10002f86:	2a00      	cmp	r2, #0
10002f88:	f43f af59 	beq.w	10002e3e <_vsnprintf+0x852>
10002f8c:	aa12      	add	r2, sp, #72	@ 0x48
10002f8e:	920b      	str	r2, [sp, #44]	@ 0x2c
10002f90:	e771      	b.n	10002e76 <_vsnprintf+0x88a>
10002f92:	f413 6480 	ands.w	r4, r3, #1024	@ 0x400
10002f96:	d00d      	beq.n	10002fb4 <_vsnprintf+0x9c8>
10002f98:	f013 0402 	ands.w	r4, r3, #2
10002f9c:	d012      	beq.n	10002fc4 <_vsnprintf+0x9d8>
10002f9e:	4604      	mov	r4, r0
10002fa0:	4646      	mov	r6, r8
10002fa2:	e5ec      	b.n	10002b7e <_vsnprintf+0x592>
10002fa4:	270a      	movs	r7, #10
10002fa6:	4663      	mov	r3, ip
10002fa8:	46bc      	mov	ip, r7
10002faa:	e56c      	b.n	10002a86 <_vsnprintf+0x49a>
10002fac:	ab12      	add	r3, sp, #72	@ 0x48
10002fae:	2000      	movs	r0, #0
10002fb0:	930b      	str	r3, [sp, #44]	@ 0x2c
10002fb2:	e69d      	b.n	10002cf0 <_vsnprintf+0x704>
10002fb4:	f013 0302 	ands.w	r3, r3, #2
10002fb8:	f47f ade0 	bne.w	10002b7c <_vsnprintf+0x590>
10002fbc:	2d00      	cmp	r5, #0
10002fbe:	f47f af13 	bne.w	10002de8 <_vsnprintf+0x7fc>
10002fc2:	e49a      	b.n	100028fa <_vsnprintf+0x30e>
10002fc4:	2d00      	cmp	r5, #0
10002fc6:	f47f af0d 	bne.w	10002de4 <_vsnprintf+0x7f8>
10002fca:	e496      	b.n	100028fa <_vsnprintf+0x30e>
10002fcc:	cccccccd 	.word	0xcccccccd

10002fd0 <vfctprintf>:
10002fd0:	b570      	push	{r4, r5, r6, lr}
10002fd2:	4694      	mov	ip, r2
10002fd4:	461e      	mov	r6, r3
10002fd6:	4605      	mov	r5, r0
10002fd8:	460c      	mov	r4, r1
10002fda:	b084      	sub	sp, #16
10002fdc:	f04f 32ff 	mov.w	r2, #4294967295
10002fe0:	4663      	mov	r3, ip
10002fe2:	a902      	add	r1, sp, #8
10002fe4:	9600      	str	r6, [sp, #0]
10002fe6:	4803      	ldr	r0, [pc, #12]	@ (10002ff4 <vfctprintf+0x24>)
10002fe8:	e9cd 5402 	strd	r5, r4, [sp, #8]
10002fec:	f7ff fafe 	bl	100025ec <_vsnprintf>
10002ff0:	b004      	add	sp, #16
10002ff2:	bd70      	pop	{r4, r5, r6, pc}
10002ff4:	10001bad 	.word	0x10001bad

10002ff8 <weak_raw_vprintf>:
10002ff8:	b510      	push	{r4, lr}
10002ffa:	4b09      	ldr	r3, [pc, #36]	@ (10003020 <weak_raw_vprintf+0x28>)
10002ffc:	b084      	sub	sp, #16
10002ffe:	681c      	ldr	r4, [r3, #0]
10003000:	b14c      	cbz	r4, 10003016 <weak_raw_vprintf+0x1e>
10003002:	4603      	mov	r3, r0
10003004:	9100      	str	r1, [sp, #0]
10003006:	f04f 32ff 	mov.w	r2, #4294967295
1000300a:	a903      	add	r1, sp, #12
1000300c:	4805      	ldr	r0, [pc, #20]	@ (10003024 <weak_raw_vprintf+0x2c>)
1000300e:	47a0      	blx	r4
10003010:	2001      	movs	r0, #1
10003012:	b004      	add	sp, #16
10003014:	bd10      	pop	{r4, pc}
10003016:	f000 f98f 	bl	10003338 <__wrap_puts>
1000301a:	4620      	mov	r0, r4
1000301c:	b004      	add	sp, #16
1000301e:	bd10      	pop	{r4, pc}
10003020:	200024f8 	.word	0x200024f8
10003024:	10001ba5 	.word	0x10001ba5

10003028 <_exit>:
10003028:	be00      	bkpt	0x0000
1000302a:	e7fd      	b.n	10003028 <_exit>

1000302c <_sbrk>:
1000302c:	4a07      	ldr	r2, [pc, #28]	@ (1000304c <_sbrk+0x20>)
1000302e:	4603      	mov	r3, r0
10003030:	6810      	ldr	r0, [r2, #0]
10003032:	b138      	cbz	r0, 10003044 <_sbrk+0x18>
10003034:	4906      	ldr	r1, [pc, #24]	@ (10003050 <_sbrk+0x24>)
10003036:	4403      	add	r3, r0
10003038:	428b      	cmp	r3, r1
1000303a:	bf8c      	ite	hi
1000303c:	f04f 30ff 	movhi.w	r0, #4294967295
10003040:	6013      	strls	r3, [r2, #0]
10003042:	4770      	bx	lr
10003044:	4903      	ldr	r1, [pc, #12]	@ (10003054 <_sbrk+0x28>)
10003046:	4608      	mov	r0, r1
10003048:	6011      	str	r1, [r2, #0]
1000304a:	e7f3      	b.n	10003034 <_sbrk+0x8>
1000304c:	200020f4 	.word	0x200020f4
10003050:	20080000 	.word	0x20080000
10003054:	200026d8 	.word	0x200026d8

10003058 <exit>:
10003058:	b508      	push	{r3, lr}
1000305a:	f7ff ffe5 	bl	10003028 <_exit>
1000305e:	bf00      	nop

10003060 <runtime_init>:
10003060:	b538      	push	{r3, r4, r5, lr}
10003062:	4c06      	ldr	r4, [pc, #24]	@ (1000307c <runtime_init+0x1c>)
10003064:	4d06      	ldr	r5, [pc, #24]	@ (10003080 <runtime_init+0x20>)
10003066:	f7fe fa01 	bl	1000146c <runtime_run_initializers>
1000306a:	42ac      	cmp	r4, r5
1000306c:	d204      	bcs.n	10003078 <runtime_init+0x18>
1000306e:	f854 3b04 	ldr.w	r3, [r4], #4
10003072:	4798      	blx	r3
10003074:	42ac      	cmp	r4, r5
10003076:	d3fa      	bcc.n	1000306e <runtime_init+0xe>
10003078:	bd38      	pop	{r3, r4, r5, pc}
1000307a:	bf00      	nop
1000307c:	100085c0 	.word	0x100085c0
10003080:	100085cc 	.word	0x100085cc

10003084 <stdio_out_chars_no_crlf>:
10003084:	6803      	ldr	r3, [r0, #0]
10003086:	4608      	mov	r0, r1
10003088:	4611      	mov	r1, r2
1000308a:	4718      	bx	r3

1000308c <stdio_out_chars_crlf>:
1000308c:	e92d 41f0 	stmdb	sp!, {r4, r5, r6, r7, r8, lr}
10003090:	4615      	mov	r5, r2
10003092:	7d42      	ldrb	r2, [r0, #21]
10003094:	4607      	mov	r7, r0
10003096:	4688      	mov	r8, r1
10003098:	2a00      	cmp	r2, #0
1000309a:	d046      	beq.n	1000312a <stdio_out_chars_crlf+0x9e>
1000309c:	2d00      	cmp	r5, #0
1000309e:	dd1d      	ble.n	100030dc <stdio_out_chars_crlf+0x50>
100030a0:	780b      	ldrb	r3, [r1, #0]
100030a2:	2b0a      	cmp	r3, #10
100030a4:	d023      	beq.n	100030ee <stdio_out_chars_crlf+0x62>
100030a6:	2d01      	cmp	r5, #1
100030a8:	f04f 0c00 	mov.w	ip, #0
100030ac:	d018      	beq.n	100030e0 <stdio_out_chars_crlf+0x54>
100030ae:	4646      	mov	r6, r8
100030b0:	2401      	movs	r4, #1
100030b2:	f816 2f01 	ldrb.w	r2, [r6, #1]!
100030b6:	4621      	mov	r1, r4
100030b8:	2a0a      	cmp	r2, #10
100030ba:	f104 0401 	add.w	r4, r4, #1
100030be:	d022      	beq.n	10003106 <stdio_out_chars_crlf+0x7a>
100030c0:	42a5      	cmp	r5, r4
100030c2:	d1f6      	bne.n	100030b2 <stdio_out_chars_crlf+0x26>
100030c4:	4565      	cmp	r5, ip
100030c6:	dc0b      	bgt.n	100030e0 <stdio_out_chars_crlf+0x54>
100030c8:	eb08 0305 	add.w	r3, r8, r5
100030cc:	f813 3c01 	ldrb.w	r3, [r3, #-1]
100030d0:	f1a3 030d 	sub.w	r3, r3, #13
100030d4:	fab3 f383 	clz	r3, r3
100030d8:	095b      	lsrs	r3, r3, #5
100030da:	753b      	strb	r3, [r7, #20]
100030dc:	e8bd 81f0 	ldmia.w	sp!, {r4, r5, r6, r7, r8, pc}
100030e0:	683b      	ldr	r3, [r7, #0]
100030e2:	eba5 010c 	sub.w	r1, r5, ip
100030e6:	eb08 000c 	add.w	r0, r8, ip
100030ea:	4798      	blx	r3
100030ec:	e7ec      	b.n	100030c8 <stdio_out_chars_crlf+0x3c>
100030ee:	7d03      	ldrb	r3, [r0, #20]
100030f0:	2b00      	cmp	r3, #0
100030f2:	d1d8      	bne.n	100030a6 <stdio_out_chars_crlf+0x1a>
100030f4:	6803      	ldr	r3, [r0, #0]
100030f6:	2102      	movs	r1, #2
100030f8:	480f      	ldr	r0, [pc, #60]	@ (10003138 <stdio_out_chars_crlf+0xac>)
100030fa:	4798      	blx	r3
100030fc:	2d01      	cmp	r5, #1
100030fe:	d0e3      	beq.n	100030c8 <stdio_out_chars_crlf+0x3c>
10003100:	f04f 0c01 	mov.w	ip, #1
10003104:	e7d3      	b.n	100030ae <stdio_out_chars_crlf+0x22>
10003106:	f816 3c01 	ldrb.w	r3, [r6, #-1]
1000310a:	2b0d      	cmp	r3, #13
1000310c:	d0d8      	beq.n	100030c0 <stdio_out_chars_crlf+0x34>
1000310e:	458c      	cmp	ip, r1
10003110:	eb08 000c 	add.w	r0, r8, ip
10003114:	eba1 010c 	sub.w	r1, r1, ip
10003118:	da01      	bge.n	1000311e <stdio_out_chars_crlf+0x92>
1000311a:	683b      	ldr	r3, [r7, #0]
1000311c:	4798      	blx	r3
1000311e:	2102      	movs	r1, #2
10003120:	4805      	ldr	r0, [pc, #20]	@ (10003138 <stdio_out_chars_crlf+0xac>)
10003122:	683b      	ldr	r3, [r7, #0]
10003124:	4798      	blx	r3
10003126:	46a4      	mov	ip, r4
10003128:	e7ca      	b.n	100030c0 <stdio_out_chars_crlf+0x34>
1000312a:	4629      	mov	r1, r5
1000312c:	4640      	mov	r0, r8
1000312e:	683b      	ldr	r3, [r7, #0]
10003130:	e8bd 41f0 	ldmia.w	sp!, {r4, r5, r6, r7, r8, lr}
10003134:	4718      	bx	r3
10003136:	bf00      	nop
10003138:	100089d0 	.word	0x100089d0

1000313c <stdio_buffered_printer>:
1000313c:	680b      	ldr	r3, [r1, #0]
1000313e:	e92d 41f0 	stmdb	sp!, {r4, r5, r6, r7, r8, lr}
10003142:	2b80      	cmp	r3, #128	@ 0x80
10003144:	460d      	mov	r5, r1
10003146:	4606      	mov	r6, r0
10003148:	d005      	beq.n	10003156 <stdio_buffered_printer+0x1a>
1000314a:	1c5a      	adds	r2, r3, #1
1000314c:	442b      	add	r3, r5
1000314e:	602a      	str	r2, [r5, #0]
10003150:	711e      	strb	r6, [r3, #4]
10003152:	e8bd 81f0 	ldmia.w	sp!, {r4, r5, r6, r7, r8, pc}
10003156:	4b0f      	ldr	r3, [pc, #60]	@ (10003194 <stdio_buffered_printer+0x58>)
10003158:	681c      	ldr	r4, [r3, #0]
1000315a:	b1a4      	cbz	r4, 10003186 <stdio_buffered_printer+0x4a>
1000315c:	4f0e      	ldr	r7, [pc, #56]	@ (10003198 <stdio_buffered_printer+0x5c>)
1000315e:	f101 0804 	add.w	r8, r1, #4
10003162:	e001      	b.n	10003168 <stdio_buffered_printer+0x2c>
10003164:	6924      	ldr	r4, [r4, #16]
10003166:	b174      	cbz	r4, 10003186 <stdio_buffered_printer+0x4a>
10003168:	6823      	ldr	r3, [r4, #0]
1000316a:	2b00      	cmp	r3, #0
1000316c:	d0fa      	beq.n	10003164 <stdio_buffered_printer+0x28>
1000316e:	683b      	ldr	r3, [r7, #0]
10003170:	b10b      	cbz	r3, 10003176 <stdio_buffered_printer+0x3a>
10003172:	42a3      	cmp	r3, r4
10003174:	d1f6      	bne.n	10003164 <stdio_buffered_printer+0x28>
10003176:	4620      	mov	r0, r4
10003178:	4641      	mov	r1, r8
1000317a:	682a      	ldr	r2, [r5, #0]
1000317c:	f7ff ff86 	bl	1000308c <stdio_out_chars_crlf>
10003180:	6924      	ldr	r4, [r4, #16]
10003182:	2c00      	cmp	r4, #0
10003184:	d1f0      	bne.n	10003168 <stdio_buffered_printer+0x2c>
10003186:	2300      	movs	r3, #0
10003188:	2201      	movs	r2, #1
1000318a:	442b      	add	r3, r5
1000318c:	602a      	str	r2, [r5, #0]
1000318e:	711e      	strb	r6, [r3, #4]
10003190:	e8bd 81f0 	ldmia.w	sp!, {r4, r5, r6, r7, r8, pc}
10003194:	200020e4 	.word	0x200020e4
10003198:	200020f0 	.word	0x200020f0

1000319c <stdio_put_string>:
1000319c:	e92d 47f0 	stmdb	sp!, {r4, r5, r6, r7, r8, r9, sl, lr}
100031a0:	b082      	sub	sp, #8
100031a2:	460d      	mov	r5, r1
100031a4:	4691      	mov	r9, r2
100031a6:	461c      	mov	r4, r3
100031a8:	4606      	mov	r6, r0
100031aa:	f7fd ffdd 	bl	10001168 <time_us_64>
100031ae:	f04f 3cff 	mov.w	ip, #4294967295
100031b2:	f06f 4700 	mvn.w	r7, #2147483648	@ 0x80000000
100031b6:	4a2e      	ldr	r2, [pc, #184]	@ (10003270 <stdio_put_string+0xd4>)
100031b8:	1882      	adds	r2, r0, r2
100031ba:	f141 0300 	adc.w	r3, r1, #0
100031be:	4594      	cmp	ip, r2
100031c0:	eb77 0103 	sbcs.w	r1, r7, r3
100031c4:	bf3c      	itt	cc
100031c6:	4662      	movcc	r2, ip
100031c8:	463b      	movcc	r3, r7
100031ca:	482a      	ldr	r0, [pc, #168]	@ (10003274 <stdio_put_string+0xd8>)
100031cc:	f005 f9d0 	bl	10008570 <__mutex_try_enter_block_until_veneer>
100031d0:	1c6b      	adds	r3, r5, #1
100031d2:	4680      	mov	r8, r0
100031d4:	d040      	beq.n	10003258 <stdio_put_string+0xbc>
100031d6:	b30c      	cbz	r4, 1000321c <stdio_put_string+0x80>
100031d8:	4f27      	ldr	r7, [pc, #156]	@ (10003278 <stdio_put_string+0xdc>)
100031da:	4b28      	ldr	r3, [pc, #160]	@ (1000327c <stdio_put_string+0xe0>)
100031dc:	681c      	ldr	r4, [r3, #0]
100031de:	b1b4      	cbz	r4, 1000320e <stdio_put_string+0x72>
100031e0:	f1b9 0f00 	cmp.w	r9, #0
100031e4:	d11c      	bne.n	10003220 <stdio_put_string+0x84>
100031e6:	f8df 909c 	ldr.w	r9, [pc, #156]	@ 10003284 <stdio_put_string+0xe8>
100031ea:	e001      	b.n	100031f0 <stdio_put_string+0x54>
100031ec:	6924      	ldr	r4, [r4, #16]
100031ee:	b174      	cbz	r4, 1000320e <stdio_put_string+0x72>
100031f0:	6823      	ldr	r3, [r4, #0]
100031f2:	2b00      	cmp	r3, #0
100031f4:	d0fa      	beq.n	100031ec <stdio_put_string+0x50>
100031f6:	f8d9 3000 	ldr.w	r3, [r9]
100031fa:	b10b      	cbz	r3, 10003200 <stdio_put_string+0x64>
100031fc:	429c      	cmp	r4, r3
100031fe:	d1f5      	bne.n	100031ec <stdio_put_string+0x50>
10003200:	4620      	mov	r0, r4
10003202:	462a      	mov	r2, r5
10003204:	4631      	mov	r1, r6
10003206:	47b8      	blx	r7
10003208:	6924      	ldr	r4, [r4, #16]
1000320a:	2c00      	cmp	r4, #0
1000320c:	d1f0      	bne.n	100031f0 <stdio_put_string+0x54>
1000320e:	f1b8 0f00 	cmp.w	r8, #0
10003212:	d126      	bne.n	10003262 <stdio_put_string+0xc6>
10003214:	4628      	mov	r0, r5
10003216:	b002      	add	sp, #8
10003218:	e8bd 87f0 	ldmia.w	sp!, {r4, r5, r6, r7, r8, r9, sl, pc}
1000321c:	4f18      	ldr	r7, [pc, #96]	@ (10003280 <stdio_put_string+0xe4>)
1000321e:	e7dc      	b.n	100031da <stdio_put_string+0x3e>
10003220:	f04f 0a0a 	mov.w	sl, #10
10003224:	f8df 905c 	ldr.w	r9, [pc, #92]	@ 10003284 <stdio_put_string+0xe8>
10003228:	e002      	b.n	10003230 <stdio_put_string+0x94>
1000322a:	6924      	ldr	r4, [r4, #16]
1000322c:	2c00      	cmp	r4, #0
1000322e:	d0ee      	beq.n	1000320e <stdio_put_string+0x72>
10003230:	6823      	ldr	r3, [r4, #0]
10003232:	2b00      	cmp	r3, #0
10003234:	d0f9      	beq.n	1000322a <stdio_put_string+0x8e>
10003236:	f8d9 3000 	ldr.w	r3, [r9]
1000323a:	b10b      	cbz	r3, 10003240 <stdio_put_string+0xa4>
1000323c:	42a3      	cmp	r3, r4
1000323e:	d1f4      	bne.n	1000322a <stdio_put_string+0x8e>
10003240:	462a      	mov	r2, r5
10003242:	4631      	mov	r1, r6
10003244:	4620      	mov	r0, r4
10003246:	47b8      	blx	r7
10003248:	2201      	movs	r2, #1
1000324a:	4620      	mov	r0, r4
1000324c:	f10d 0107 	add.w	r1, sp, #7
10003250:	f88d a007 	strb.w	sl, [sp, #7]
10003254:	47b8      	blx	r7
10003256:	e7e8      	b.n	1000322a <stdio_put_string+0x8e>
10003258:	4630      	mov	r0, r6
1000325a:	f004 ffe7 	bl	1000822c <strlen>
1000325e:	4605      	mov	r5, r0
10003260:	e7b9      	b.n	100031d6 <stdio_put_string+0x3a>
10003262:	4804      	ldr	r0, [pc, #16]	@ (10003274 <stdio_put_string+0xd8>)
10003264:	f005 f97c 	bl	10008560 <__mutex_exit_veneer>
10003268:	4628      	mov	r0, r5
1000326a:	b002      	add	sp, #8
1000326c:	e8bd 87f0 	ldmia.w	sp!, {r4, r5, r6, r7, r8, r9, sl, pc}
10003270:	000f4240 	.word	0x000f4240
10003274:	20001778 	.word	0x20001778
10003278:	1000308d 	.word	0x1000308d
1000327c:	200020e4 	.word	0x200020e4
10003280:	10003085 	.word	0x10003085
10003284:	200020f0 	.word	0x200020f0

10003288 <stdio_set_driver_enabled>:
10003288:	4a08      	ldr	r2, [pc, #32]	@ (100032ac <stdio_set_driver_enabled+0x24>)
1000328a:	6813      	ldr	r3, [r2, #0]
1000328c:	b923      	cbnz	r3, 10003298 <stdio_set_driver_enabled+0x10>
1000328e:	e00a      	b.n	100032a6 <stdio_set_driver_enabled+0x1e>
10003290:	f103 0210 	add.w	r2, r3, #16
10003294:	691b      	ldr	r3, [r3, #16]
10003296:	b133      	cbz	r3, 100032a6 <stdio_set_driver_enabled+0x1e>
10003298:	4283      	cmp	r3, r0
1000329a:	d1f9      	bne.n	10003290 <stdio_set_driver_enabled+0x8>
1000329c:	b929      	cbnz	r1, 100032aa <stdio_set_driver_enabled+0x22>
1000329e:	6918      	ldr	r0, [r3, #16]
100032a0:	6010      	str	r0, [r2, #0]
100032a2:	6119      	str	r1, [r3, #16]
100032a4:	4770      	bx	lr
100032a6:	b101      	cbz	r1, 100032aa <stdio_set_driver_enabled+0x22>
100032a8:	6010      	str	r0, [r2, #0]
100032aa:	4770      	bx	lr
100032ac:	200020e4 	.word	0x200020e4

100032b0 <stdio_init_all>:
100032b0:	f000 bade 	b.w	10003870 <stdio_usb_init>

100032b4 <__wrap_putchar>:
100032b4:	b5f0      	push	{r4, r5, r6, r7, lr}
100032b6:	b083      	sub	sp, #12
100032b8:	4606      	mov	r6, r0
100032ba:	f88d 0007 	strb.w	r0, [sp, #7]
100032be:	f7fd ff53 	bl	10001168 <time_us_64>
100032c2:	f04f 35ff 	mov.w	r5, #4294967295
100032c6:	f06f 4400 	mvn.w	r4, #2147483648	@ 0x80000000
100032ca:	4a17      	ldr	r2, [pc, #92]	@ (10003328 <__wrap_putchar+0x74>)
100032cc:	1882      	adds	r2, r0, r2
100032ce:	f141 0300 	adc.w	r3, r1, #0
100032d2:	4295      	cmp	r5, r2
100032d4:	eb74 0103 	sbcs.w	r1, r4, r3
100032d8:	bf3c      	itt	cc
100032da:	4623      	movcc	r3, r4
100032dc:	462a      	movcc	r2, r5
100032de:	4813      	ldr	r0, [pc, #76]	@ (1000332c <__wrap_putchar+0x78>)
100032e0:	f005 f946 	bl	10008570 <__mutex_try_enter_block_until_veneer>
100032e4:	4b12      	ldr	r3, [pc, #72]	@ (10003330 <__wrap_putchar+0x7c>)
100032e6:	4607      	mov	r7, r0
100032e8:	681c      	ldr	r4, [r3, #0]
100032ea:	b19c      	cbz	r4, 10003314 <__wrap_putchar+0x60>
100032ec:	4d11      	ldr	r5, [pc, #68]	@ (10003334 <__wrap_putchar+0x80>)
100032ee:	e001      	b.n	100032f4 <__wrap_putchar+0x40>
100032f0:	6924      	ldr	r4, [r4, #16]
100032f2:	b17c      	cbz	r4, 10003314 <__wrap_putchar+0x60>
100032f4:	6823      	ldr	r3, [r4, #0]
100032f6:	2b00      	cmp	r3, #0
100032f8:	d0fa      	beq.n	100032f0 <__wrap_putchar+0x3c>
100032fa:	682b      	ldr	r3, [r5, #0]
100032fc:	b10b      	cbz	r3, 10003302 <__wrap_putchar+0x4e>
100032fe:	429c      	cmp	r4, r3
10003300:	d1f6      	bne.n	100032f0 <__wrap_putchar+0x3c>
10003302:	4620      	mov	r0, r4
10003304:	2201      	movs	r2, #1
10003306:	f10d 0107 	add.w	r1, sp, #7
1000330a:	f7ff febf 	bl	1000308c <stdio_out_chars_crlf>
1000330e:	6924      	ldr	r4, [r4, #16]
10003310:	2c00      	cmp	r4, #0
10003312:	d1ef      	bne.n	100032f4 <__wrap_putchar+0x40>
10003314:	b917      	cbnz	r7, 1000331c <__wrap_putchar+0x68>
10003316:	4630      	mov	r0, r6
10003318:	b003      	add	sp, #12
1000331a:	bdf0      	pop	{r4, r5, r6, r7, pc}
1000331c:	4803      	ldr	r0, [pc, #12]	@ (1000332c <__wrap_putchar+0x78>)
1000331e:	f005 f91f 	bl	10008560 <__mutex_exit_veneer>
10003322:	4630      	mov	r0, r6
10003324:	b003      	add	sp, #12
10003326:	bdf0      	pop	{r4, r5, r6, r7, pc}
10003328:	000f4240 	.word	0x000f4240
1000332c:	20001778 	.word	0x20001778
10003330:	200020e4 	.word	0x200020e4
10003334:	200020f0 	.word	0x200020f0

10003338 <__wrap_puts>:
10003338:	b538      	push	{r3, r4, r5, lr}
1000333a:	4604      	mov	r4, r0
1000333c:	f004 ff76 	bl	1000822c <strlen>
10003340:	2301      	movs	r3, #1
10003342:	4605      	mov	r5, r0
10003344:	461a      	mov	r2, r3
10003346:	4620      	mov	r0, r4
10003348:	4629      	mov	r1, r5
1000334a:	f7ff ff27 	bl	1000319c <stdio_put_string>
1000334e:	4b08      	ldr	r3, [pc, #32]	@ (10003370 <__wrap_puts+0x38>)
10003350:	681c      	ldr	r4, [r3, #0]
10003352:	b12c      	cbz	r4, 10003360 <__wrap_puts+0x28>
10003354:	6863      	ldr	r3, [r4, #4]
10003356:	b12b      	cbz	r3, 10003364 <__wrap_puts+0x2c>
10003358:	4798      	blx	r3
1000335a:	6924      	ldr	r4, [r4, #16]
1000335c:	2c00      	cmp	r4, #0
1000335e:	d1f9      	bne.n	10003354 <__wrap_puts+0x1c>
10003360:	4628      	mov	r0, r5
10003362:	bd38      	pop	{r3, r4, r5, pc}
10003364:	6924      	ldr	r4, [r4, #16]
10003366:	2c00      	cmp	r4, #0
10003368:	d1f4      	bne.n	10003354 <__wrap_puts+0x1c>
1000336a:	4628      	mov	r0, r5
1000336c:	bd38      	pop	{r3, r4, r5, pc}
1000336e:	bf00      	nop
10003370:	200020e4 	.word	0x200020e4

10003374 <__wrap_vprintf>:
10003374:	e92d 41f0 	stmdb	sp!, {r4, r5, r6, r7, r8, lr}
10003378:	b0a2      	sub	sp, #136	@ 0x88
1000337a:	4604      	mov	r4, r0
1000337c:	460d      	mov	r5, r1
1000337e:	f7fd fef3 	bl	10001168 <time_us_64>
10003382:	f04f 37ff 	mov.w	r7, #4294967295
10003386:	f06f 4600 	mvn.w	r6, #2147483648	@ 0x80000000
1000338a:	4a26      	ldr	r2, [pc, #152]	@ (10003424 <__wrap_vprintf+0xb0>)
1000338c:	f8df 80a4 	ldr.w	r8, [pc, #164]	@ 10003434 <__wrap_vprintf+0xc0>
10003390:	1882      	adds	r2, r0, r2
10003392:	f141 0300 	adc.w	r3, r1, #0
10003396:	4297      	cmp	r7, r2
10003398:	eb76 0103 	sbcs.w	r1, r6, r3
1000339c:	bf3c      	itt	cc
1000339e:	463a      	movcc	r2, r7
100033a0:	4633      	movcc	r3, r6
100033a2:	4821      	ldr	r0, [pc, #132]	@ (10003428 <__wrap_vprintf+0xb4>)
100033a4:	f005 f8e4 	bl	10008570 <__mutex_try_enter_block_until_veneer>
100033a8:	2700      	movs	r7, #0
100033aa:	462b      	mov	r3, r5
100033ac:	4622      	mov	r2, r4
100033ae:	4606      	mov	r6, r0
100033b0:	a901      	add	r1, sp, #4
100033b2:	481e      	ldr	r0, [pc, #120]	@ (1000342c <__wrap_vprintf+0xb8>)
100033b4:	9701      	str	r7, [sp, #4]
100033b6:	f7ff fe0b 	bl	10002fd0 <vfctprintf>
100033ba:	9b01      	ldr	r3, [sp, #4]
100033bc:	4605      	mov	r5, r0
100033be:	f8d8 4000 	ldr.w	r4, [r8]
100033c2:	b1c3      	cbz	r3, 100033f6 <__wrap_vprintf+0x82>
100033c4:	2c00      	cmp	r4, #0
100033c6:	d02b      	beq.n	10003420 <__wrap_vprintf+0xac>
100033c8:	4f19      	ldr	r7, [pc, #100]	@ (10003430 <__wrap_vprintf+0xbc>)
100033ca:	e001      	b.n	100033d0 <__wrap_vprintf+0x5c>
100033cc:	6924      	ldr	r4, [r4, #16]
100033ce:	b174      	cbz	r4, 100033ee <__wrap_vprintf+0x7a>
100033d0:	6823      	ldr	r3, [r4, #0]
100033d2:	2b00      	cmp	r3, #0
100033d4:	d0fa      	beq.n	100033cc <__wrap_vprintf+0x58>
100033d6:	683b      	ldr	r3, [r7, #0]
100033d8:	b10b      	cbz	r3, 100033de <__wrap_vprintf+0x6a>
100033da:	42a3      	cmp	r3, r4
100033dc:	d1f6      	bne.n	100033cc <__wrap_vprintf+0x58>
100033de:	4620      	mov	r0, r4
100033e0:	9a01      	ldr	r2, [sp, #4]
100033e2:	a902      	add	r1, sp, #8
100033e4:	f7ff fe52 	bl	1000308c <stdio_out_chars_crlf>
100033e8:	6924      	ldr	r4, [r4, #16]
100033ea:	2c00      	cmp	r4, #0
100033ec:	d1f0      	bne.n	100033d0 <__wrap_vprintf+0x5c>
100033ee:	2300      	movs	r3, #0
100033f0:	f8d8 4000 	ldr.w	r4, [r8]
100033f4:	9301      	str	r3, [sp, #4]
100033f6:	b12c      	cbz	r4, 10003404 <__wrap_vprintf+0x90>
100033f8:	6863      	ldr	r3, [r4, #4]
100033fa:	b143      	cbz	r3, 1000340e <__wrap_vprintf+0x9a>
100033fc:	4798      	blx	r3
100033fe:	6924      	ldr	r4, [r4, #16]
10003400:	2c00      	cmp	r4, #0
10003402:	d1f9      	bne.n	100033f8 <__wrap_vprintf+0x84>
10003404:	b92e      	cbnz	r6, 10003412 <__wrap_vprintf+0x9e>
10003406:	4628      	mov	r0, r5
10003408:	b022      	add	sp, #136	@ 0x88
1000340a:	e8bd 81f0 	ldmia.w	sp!, {r4, r5, r6, r7, r8, pc}
1000340e:	6924      	ldr	r4, [r4, #16]
10003410:	e7f1      	b.n	100033f6 <__wrap_vprintf+0x82>
10003412:	4805      	ldr	r0, [pc, #20]	@ (10003428 <__wrap_vprintf+0xb4>)
10003414:	f005 f8a4 	bl	10008560 <__mutex_exit_veneer>
10003418:	4628      	mov	r0, r5
1000341a:	b022      	add	sp, #136	@ 0x88
1000341c:	e8bd 81f0 	ldmia.w	sp!, {r4, r5, r6, r7, r8, pc}
10003420:	9401      	str	r4, [sp, #4]
10003422:	e7ef      	b.n	10003404 <__wrap_vprintf+0x90>
10003424:	000f4240 	.word	0x000f4240
10003428:	20001778 	.word	0x20001778
1000342c:	1000313d 	.word	0x1000313d
10003430:	200020f0 	.word	0x200020f0
10003434:	200020e4 	.word	0x200020e4

10003438 <__wrap_printf>:
10003438:	b40f      	push	{r0, r1, r2, r3}
1000343a:	b500      	push	{lr}
1000343c:	b083      	sub	sp, #12
1000343e:	a904      	add	r1, sp, #16
10003440:	f851 0b04 	ldr.w	r0, [r1], #4
10003444:	9101      	str	r1, [sp, #4]
10003446:	f7ff ff95 	bl	10003374 <__wrap_vprintf>
1000344a:	b003      	add	sp, #12
1000344c:	f85d eb04 	ldr.w	lr, [sp], #4
10003450:	b004      	add	sp, #16
10003452:	4770      	bx	lr

10003454 <resetd_init>:
10003454:	4770      	bx	lr
10003456:	bf00      	nop

10003458 <resetd_reset>:
10003458:	2200      	movs	r2, #0
1000345a:	4b01      	ldr	r3, [pc, #4]	@ (10003460 <resetd_reset+0x8>)
1000345c:	701a      	strb	r2, [r3, #0]
1000345e:	4770      	bx	lr
10003460:	200026d4 	.word	0x200026d4

10003464 <resetd_open>:
10003464:	794b      	ldrb	r3, [r1, #5]
10003466:	2bff      	cmp	r3, #255	@ 0xff
10003468:	d10b      	bne.n	10003482 <resetd_open+0x1e>
1000346a:	7988      	ldrb	r0, [r1, #6]
1000346c:	b948      	cbnz	r0, 10003482 <resetd_open+0x1e>
1000346e:	79cb      	ldrb	r3, [r1, #7]
10003470:	2b01      	cmp	r3, #1
10003472:	d107      	bne.n	10003484 <resetd_open+0x20>
10003474:	2a08      	cmp	r2, #8
10003476:	d905      	bls.n	10003484 <resetd_open+0x20>
10003478:	4b03      	ldr	r3, [pc, #12]	@ (10003488 <resetd_open+0x24>)
1000347a:	788a      	ldrb	r2, [r1, #2]
1000347c:	2009      	movs	r0, #9
1000347e:	701a      	strb	r2, [r3, #0]
10003480:	4770      	bx	lr
10003482:	2000      	movs	r0, #0
10003484:	4770      	bx	lr
10003486:	bf00      	nop
10003488:	200026d4 	.word	0x200026d4

1000348c <resetd_xfer_cb>:
1000348c:	2001      	movs	r0, #1
1000348e:	4770      	bx	lr

10003490 <resetd_control_xfer_cb>:
10003490:	2901      	cmp	r1, #1
10003492:	d001      	beq.n	10003498 <resetd_control_xfer_cb+0x8>
10003494:	2001      	movs	r0, #1
10003496:	4770      	bx	lr
10003498:	b508      	push	{r3, lr}
1000349a:	4b10      	ldr	r3, [pc, #64]	@ (100034dc <resetd_control_xfer_cb+0x4c>)
1000349c:	8891      	ldrh	r1, [r2, #4]
1000349e:	781b      	ldrb	r3, [r3, #0]
100034a0:	4299      	cmp	r1, r3
100034a2:	d001      	beq.n	100034a8 <resetd_control_xfer_cb+0x18>
100034a4:	2000      	movs	r0, #0
100034a6:	bd08      	pop	{r3, pc}
100034a8:	7853      	ldrb	r3, [r2, #1]
100034aa:	2b01      	cmp	r3, #1
100034ac:	d008      	beq.n	100034c0 <resetd_control_xfer_cb+0x30>
100034ae:	2b02      	cmp	r3, #2
100034b0:	d1f8      	bne.n	100034a4 <resetd_control_xfer_cb+0x14>
100034b2:	2100      	movs	r1, #0
100034b4:	2264      	movs	r2, #100	@ 0x64
100034b6:	4608      	mov	r0, r1
100034b8:	f7fd ff14 	bl	100012e4 <watchdog_reboot>
100034bc:	2001      	movs	r0, #1
100034be:	bd08      	pop	{r3, pc}
100034c0:	8851      	ldrh	r1, [r2, #2]
100034c2:	05cb      	lsls	r3, r1, #23
100034c4:	bf48      	it	mi
100034c6:	0a48      	lsrmi	r0, r1, #9
100034c8:	f3c1 2240 	ubfx	r2, r1, #9, #1
100034cc:	bf58      	it	pl
100034ce:	f04f 30ff 	movpl.w	r0, #4294967295
100034d2:	f001 017f 	and.w	r1, r1, #127	@ 0x7f
100034d6:	f7fd ff83 	bl	100013e0 <rom_reset_usb_boot_extra>
100034da:	bf00      	nop
100034dc:	200026d4 	.word	0x200026d4

100034e0 <tud_descriptor_bos_cb>:
100034e0:	4800      	ldr	r0, [pc, #0]	@ (100034e4 <tud_descriptor_bos_cb+0x4>)
100034e2:	4770      	bx	lr
100034e4:	10008a9c 	.word	0x10008a9c

100034e8 <tud_vendor_control_xfer_cb>:
100034e8:	2901      	cmp	r1, #1
100034ea:	d107      	bne.n	100034fc <tud_vendor_control_xfer_cb+0x14>
100034ec:	7853      	ldrb	r3, [r2, #1]
100034ee:	2b01      	cmp	r3, #1
100034f0:	d102      	bne.n	100034f8 <tud_vendor_control_xfer_cb+0x10>
100034f2:	8893      	ldrh	r3, [r2, #4]
100034f4:	2b07      	cmp	r3, #7
100034f6:	d003      	beq.n	10003500 <tud_vendor_control_xfer_cb+0x18>
100034f8:	2000      	movs	r0, #0
100034fa:	4770      	bx	lr
100034fc:	2001      	movs	r0, #1
100034fe:	4770      	bx	lr
10003500:	4611      	mov	r1, r2
10003502:	23a6      	movs	r3, #166	@ 0xa6
10003504:	4a01      	ldr	r2, [pc, #4]	@ (1000350c <tud_vendor_control_xfer_cb+0x24>)
10003506:	f001 ba39 	b.w	1000497c <tud_control_xfer>
1000350a:	bf00      	nop
1000350c:	100089f4 	.word	0x100089f4

10003510 <usbd_app_driver_get_cb>:
10003510:	4603      	mov	r3, r0
10003512:	2201      	movs	r2, #1
10003514:	4801      	ldr	r0, [pc, #4]	@ (1000351c <usbd_app_driver_get_cb+0xc>)
10003516:	701a      	strb	r2, [r3, #0]
10003518:	4770      	bx	lr
1000351a:	bf00      	nop
1000351c:	100089d4 	.word	0x100089d4

10003520 <tud_cdc_line_coding_cb>:
10003520:	b508      	push	{r3, lr}
10003522:	680b      	ldr	r3, [r1, #0]
10003524:	f5b3 6f96 	cmp.w	r3, #1200	@ 0x4b0
10003528:	d000      	beq.n	1000352c <tud_cdc_line_coding_cb+0xc>
1000352a:	bd08      	pop	{r3, pc}
1000352c:	2200      	movs	r2, #0
1000352e:	f04f 30ff 	mov.w	r0, #4294967295
10003532:	4611      	mov	r1, r2
10003534:	f7fd ff54 	bl	100013e0 <rom_reset_usb_boot_extra>

10003538 <stdio_usb_set_chars_available_callback>:
10003538:	4a02      	ldr	r2, [pc, #8]	@ (10003544 <stdio_usb_set_chars_available_callback+0xc>)
1000353a:	4b03      	ldr	r3, [pc, #12]	@ (10003548 <stdio_usb_set_chars_available_callback+0x10>)
1000353c:	6010      	str	r0, [r2, #0]
1000353e:	6019      	str	r1, [r3, #0]
10003540:	4770      	bx	lr
10003542:	bf00      	nop
10003544:	20002080 	.word	0x20002080
10003548:	20002084 	.word	0x20002084

1000354c <timer_task>:
1000354c:	4b18      	ldr	r3, [pc, #96]	@ (100035b0 <timer_task+0x64>)
1000354e:	b570      	push	{r4, r5, r6, lr}
10003550:	681a      	ldr	r2, [r3, #0]
10003552:	2a00      	cmp	r2, #0
10003554:	d028      	beq.n	100035a8 <timer_task+0x5c>
10003556:	f3ef 8110 	mrs	r1, PRIMASK
1000355a:	b672      	cpsid	i
1000355c:	e8d2 4fcf 	ldaexb	r4, [r2]
10003560:	2001      	movs	r0, #1
10003562:	2c00      	cmp	r4, #0
10003564:	d1fa      	bne.n	1000355c <timer_task+0x10>
10003566:	e8c2 0f44 	strexb	r4, r0, [r2]
1000356a:	2c00      	cmp	r4, #0
1000356c:	d1f6      	bne.n	1000355c <timer_task+0x10>
1000356e:	f3bf 8f5f 	dmb	sy
10003572:	2200      	movs	r2, #0
10003574:	4c0f      	ldr	r4, [pc, #60]	@ (100035b4 <timer_task+0x68>)
10003576:	6818      	ldr	r0, [r3, #0]
10003578:	6059      	str	r1, [r3, #4]
1000357a:	7022      	strb	r2, [r4, #0]
1000357c:	e8c0 2f8f 	stlb	r2, [r0]
10003580:	f381 8810 	msr	PRIMASK, r1
10003584:	2400      	movs	r4, #0
10003586:	2500      	movs	r5, #0
10003588:	4e0b      	ldr	r6, [pc, #44]	@ (100035b8 <timer_task+0x6c>)
1000358a:	7830      	ldrb	r0, [r6, #0]
1000358c:	f7fd f828 	bl	100005e0 <irq_is_enabled>
10003590:	b920      	cbnz	r0, 1000359c <timer_task+0x50>
10003592:	2400      	movs	r4, #0
10003594:	2500      	movs	r5, #0
10003596:	4620      	mov	r0, r4
10003598:	4629      	mov	r1, r5
1000359a:	bd70      	pop	{r4, r5, r6, pc}
1000359c:	7830      	ldrb	r0, [r6, #0]
1000359e:	f7fd f82f 	bl	10000600 <irq_set_pending>
100035a2:	4620      	mov	r0, r4
100035a4:	4629      	mov	r1, r5
100035a6:	bd70      	pop	{r4, r5, r6, pc}
100035a8:	f44f 747a 	mov.w	r4, #1000	@ 0x3e8
100035ac:	2500      	movs	r5, #0
100035ae:	e7eb      	b.n	10003588 <timer_task+0x3c>
100035b0:	2000251c 	.word	0x2000251c
100035b4:	200026d6 	.word	0x200026d6
100035b8:	200026d5 	.word	0x200026d5

100035bc <usb_irq>:
100035bc:	4b01      	ldr	r3, [pc, #4]	@ (100035c4 <usb_irq+0x8>)
100035be:	7818      	ldrb	r0, [r3, #0]
100035c0:	f7fd b81e 	b.w	10000600 <irq_set_pending>
100035c4:	200026d5 	.word	0x200026d5

100035c8 <stdio_usb_in_chars>:
100035c8:	b538      	push	{r3, r4, r5, lr}
100035ca:	4604      	mov	r4, r0
100035cc:	2000      	movs	r0, #0
100035ce:	460d      	mov	r5, r1
100035d0:	f001 fb04 	bl	10004bdc <tud_cdc_n_connected>
100035d4:	b3a8      	cbz	r0, 10003642 <stdio_usb_in_chars+0x7a>
100035d6:	2000      	movs	r0, #0
100035d8:	f001 fb16 	bl	10004c08 <tud_cdc_n_available>
100035dc:	b388      	cbz	r0, 10003642 <stdio_usb_in_chars+0x7a>
100035de:	f7fd fdc3 	bl	10001168 <time_us_64>
100035e2:	f04f 3eff 	mov.w	lr, #4294967295
100035e6:	f06f 4c00 	mvn.w	ip, #2147483648	@ 0x80000000
100035ea:	4a17      	ldr	r2, [pc, #92]	@ (10003648 <stdio_usb_in_chars+0x80>)
100035ec:	1882      	adds	r2, r0, r2
100035ee:	f141 0300 	adc.w	r3, r1, #0
100035f2:	4596      	cmp	lr, r2
100035f4:	eb7c 0103 	sbcs.w	r1, ip, r3
100035f8:	bf3c      	itt	cc
100035fa:	4672      	movcc	r2, lr
100035fc:	4663      	movcc	r3, ip
100035fe:	4813      	ldr	r0, [pc, #76]	@ (1000364c <stdio_usb_in_chars+0x84>)
10003600:	f004 ffb6 	bl	10008570 <__mutex_try_enter_block_until_veneer>
10003604:	b1e8      	cbz	r0, 10003642 <stdio_usb_in_chars+0x7a>
10003606:	2000      	movs	r0, #0
10003608:	f001 fae8 	bl	10004bdc <tud_cdc_n_connected>
1000360c:	b958      	cbnz	r0, 10003626 <stdio_usb_in_chars+0x5e>
1000360e:	2100      	movs	r1, #0
10003610:	f04f 30ff 	mov.w	r0, #4294967295
10003614:	f000 fd0a 	bl	1000402c <tud_task_ext>
10003618:	f06f 0402 	mvn.w	r4, #2
1000361c:	480b      	ldr	r0, [pc, #44]	@ (1000364c <stdio_usb_in_chars+0x84>)
1000361e:	f004 ff9f 	bl	10008560 <__mutex_exit_veneer>
10003622:	4620      	mov	r0, r4
10003624:	bd38      	pop	{r3, r4, r5, pc}
10003626:	2000      	movs	r0, #0
10003628:	f001 faee 	bl	10004c08 <tud_cdc_n_available>
1000362c:	2800      	cmp	r0, #0
1000362e:	d0ee      	beq.n	1000360e <stdio_usb_in_chars+0x46>
10003630:	4621      	mov	r1, r4
10003632:	462a      	mov	r2, r5
10003634:	2000      	movs	r0, #0
10003636:	f001 faf1 	bl	10004c1c <tud_cdc_n_read>
1000363a:	4604      	mov	r4, r0
1000363c:	2800      	cmp	r0, #0
1000363e:	d1ed      	bne.n	1000361c <stdio_usb_in_chars+0x54>
10003640:	e7ea      	b.n	10003618 <stdio_usb_in_chars+0x50>
10003642:	f06f 0402 	mvn.w	r4, #2
10003646:	e7ec      	b.n	10003622 <stdio_usb_in_chars+0x5a>
10003648:	000f4240 	.word	0x000f4240
1000364c:	200025e0 	.word	0x200025e0

10003650 <stdio_usb_out_flush>:
10003650:	b508      	push	{r3, lr}
10003652:	f7fd fd89 	bl	10001168 <time_us_64>
10003656:	f04f 3eff 	mov.w	lr, #4294967295
1000365a:	f06f 4c00 	mvn.w	ip, #2147483648	@ 0x80000000
1000365e:	4a0f      	ldr	r2, [pc, #60]	@ (1000369c <stdio_usb_out_flush+0x4c>)
10003660:	1882      	adds	r2, r0, r2
10003662:	f141 0300 	adc.w	r3, r1, #0
10003666:	4596      	cmp	lr, r2
10003668:	eb7c 0103 	sbcs.w	r1, ip, r3
1000366c:	bf3c      	itt	cc
1000366e:	4672      	movcc	r2, lr
10003670:	4663      	movcc	r3, ip
10003672:	480b      	ldr	r0, [pc, #44]	@ (100036a0 <stdio_usb_out_flush+0x50>)
10003674:	f004 ff7c 	bl	10008570 <__mutex_try_enter_block_until_veneer>
10003678:	b170      	cbz	r0, 10003698 <stdio_usb_out_flush+0x48>
1000367a:	f04f 30ff 	mov.w	r0, #4294967295
1000367e:	2100      	movs	r1, #0
10003680:	f000 fcd4 	bl	1000402c <tud_task_ext>
10003684:	2000      	movs	r0, #0
10003686:	f001 fb11 	bl	10004cac <tud_cdc_n_write_flush>
1000368a:	2800      	cmp	r0, #0
1000368c:	d1f5      	bne.n	1000367a <stdio_usb_out_flush+0x2a>
1000368e:	e8bd 4008 	ldmia.w	sp!, {r3, lr}
10003692:	4803      	ldr	r0, [pc, #12]	@ (100036a0 <stdio_usb_out_flush+0x50>)
10003694:	f004 bf64 	b.w	10008560 <__mutex_exit_veneer>
10003698:	bd08      	pop	{r3, pc}
1000369a:	bf00      	nop
1000369c:	000f4240 	.word	0x000f4240
100036a0:	200025e0 	.word	0x200025e0

100036a4 <stdio_usb_out_chars>:
100036a4:	e92d 43f8 	stmdb	sp!, {r3, r4, r5, r6, r7, r8, r9, lr}
100036a8:	4680      	mov	r8, r0
100036aa:	460f      	mov	r7, r1
100036ac:	f7fd fd5c 	bl	10001168 <time_us_64>
100036b0:	f04f 35ff 	mov.w	r5, #4294967295
100036b4:	f06f 4400 	mvn.w	r4, #2147483648	@ 0x80000000
100036b8:	4a33      	ldr	r2, [pc, #204]	@ (10003788 <stdio_usb_out_chars+0xe4>)
100036ba:	1882      	adds	r2, r0, r2
100036bc:	f141 0300 	adc.w	r3, r1, #0
100036c0:	4295      	cmp	r5, r2
100036c2:	eb74 0103 	sbcs.w	r1, r4, r3
100036c6:	bf3c      	itt	cc
100036c8:	462a      	movcc	r2, r5
100036ca:	4623      	movcc	r3, r4
100036cc:	482f      	ldr	r0, [pc, #188]	@ (1000378c <stdio_usb_out_chars+0xe8>)
100036ce:	f004 ff4f 	bl	10008570 <__mutex_try_enter_block_until_veneer>
100036d2:	b908      	cbnz	r0, 100036d8 <stdio_usb_out_chars+0x34>
100036d4:	e8bd 83f8 	ldmia.w	sp!, {r3, r4, r5, r6, r7, r8, r9, pc}
100036d8:	2000      	movs	r0, #0
100036da:	f001 fa7f 	bl	10004bdc <tud_cdc_n_connected>
100036de:	2800      	cmp	r0, #0
100036e0:	d047      	beq.n	10003772 <stdio_usb_out_chars+0xce>
100036e2:	2f00      	cmp	r7, #0
100036e4:	dd40      	ble.n	10003768 <stdio_usb_out_chars+0xc4>
100036e6:	2500      	movs	r5, #0
100036e8:	f8df 90a8 	ldr.w	r9, [pc, #168]	@ 10003794 <stdio_usb_out_chars+0xf0>
100036ec:	4e28      	ldr	r6, [pc, #160]	@ (10003790 <stdio_usb_out_chars+0xec>)
100036ee:	e013      	b.n	10003718 <stdio_usb_out_chars+0x74>
100036f0:	4622      	mov	r2, r4
100036f2:	2000      	movs	r0, #0
100036f4:	f001 fb20 	bl	10004d38 <tud_cdc_n_write>
100036f8:	2100      	movs	r1, #0
100036fa:	4604      	mov	r4, r0
100036fc:	f04f 30ff 	mov.w	r0, #4294967295
10003700:	f000 fc94 	bl	1000402c <tud_task_ext>
10003704:	2000      	movs	r0, #0
10003706:	f001 fad1 	bl	10004cac <tud_cdc_n_write_flush>
1000370a:	f7fd fd2d 	bl	10001168 <time_us_64>
1000370e:	e9c9 0100 	strd	r0, r1, [r9]
10003712:	4425      	add	r5, r4
10003714:	42af      	cmp	r7, r5
10003716:	dd27      	ble.n	10003768 <stdio_usb_out_chars+0xc4>
10003718:	2000      	movs	r0, #0
1000371a:	f001 fb2d 	bl	10004d78 <tud_cdc_n_write_available>
1000371e:	1b7c      	subs	r4, r7, r5
10003720:	4284      	cmp	r4, r0
10003722:	bfa8      	it	ge
10003724:	4604      	movge	r4, r0
10003726:	eb08 0105 	add.w	r1, r8, r5
1000372a:	2c00      	cmp	r4, #0
1000372c:	d1e0      	bne.n	100036f0 <stdio_usb_out_chars+0x4c>
1000372e:	4621      	mov	r1, r4
10003730:	f04f 30ff 	mov.w	r0, #4294967295
10003734:	f000 fc7a 	bl	1000402c <tud_task_ext>
10003738:	4620      	mov	r0, r4
1000373a:	f001 fab7 	bl	10004cac <tud_cdc_n_write_flush>
1000373e:	4620      	mov	r0, r4
10003740:	f001 fa4c 	bl	10004bdc <tud_cdc_n_connected>
10003744:	b180      	cbz	r0, 10003768 <stdio_usb_out_chars+0xc4>
10003746:	4620      	mov	r0, r4
10003748:	f001 fb16 	bl	10004d78 <tud_cdc_n_write_available>
1000374c:	2800      	cmp	r0, #0
1000374e:	d1e1      	bne.n	10003714 <stdio_usb_out_chars+0x70>
10003750:	f7fd fd0a 	bl	10001168 <time_us_64>
10003754:	f8d9 3000 	ldr.w	r3, [r9]
10003758:	f8d9 2004 	ldr.w	r2, [r9, #4]
1000375c:	199b      	adds	r3, r3, r6
1000375e:	f142 0200 	adc.w	r2, r2, #0
10003762:	4283      	cmp	r3, r0
10003764:	418a      	sbcs	r2, r1
10003766:	d2d5      	bcs.n	10003714 <stdio_usb_out_chars+0x70>
10003768:	4808      	ldr	r0, [pc, #32]	@ (1000378c <stdio_usb_out_chars+0xe8>)
1000376a:	e8bd 43f8 	ldmia.w	sp!, {r3, r4, r5, r6, r7, r8, r9, lr}
1000376e:	f004 bef7 	b.w	10008560 <__mutex_exit_veneer>
10003772:	2000      	movs	r0, #0
10003774:	2100      	movs	r1, #0
10003776:	4b07      	ldr	r3, [pc, #28]	@ (10003794 <stdio_usb_out_chars+0xf0>)
10003778:	e9c3 0100 	strd	r0, r1, [r3]
1000377c:	e8bd 43f8 	ldmia.w	sp!, {r3, r4, r5, r6, r7, r8, r9, lr}
10003780:	4802      	ldr	r0, [pc, #8]	@ (1000378c <stdio_usb_out_chars+0xe8>)
10003782:	f004 beed 	b.w	10008560 <__mutex_exit_veneer>
10003786:	bf00      	nop
10003788:	000f4240 	.word	0x000f4240
1000378c:	200025e0 	.word	0x200025e0
10003790:	0007a120 	.word	0x0007a120
10003794:	20001900 	.word	0x20001900

10003798 <low_priority_worker_irq>:
10003798:	b530      	push	{r4, r5, lr}
1000379a:	2100      	movs	r1, #0
1000379c:	b085      	sub	sp, #20
1000379e:	482e      	ldr	r0, [pc, #184]	@ (10003858 <low_priority_worker_irq+0xc0>)
100037a0:	f004 feea 	bl	10008578 <__mutex_try_enter_veneer>
100037a4:	b9f0      	cbnz	r0, 100037e4 <low_priority_worker_irq+0x4c>
100037a6:	4b2d      	ldr	r3, [pc, #180]	@ (1000385c <low_priority_worker_irq+0xc4>)
100037a8:	681a      	ldr	r2, [r3, #0]
100037aa:	b1ca      	cbz	r2, 100037e0 <low_priority_worker_irq+0x48>
100037ac:	f3ef 8110 	mrs	r1, PRIMASK
100037b0:	b672      	cpsid	i
100037b2:	e8d2 5fcf 	ldaexb	r5, [r2]
100037b6:	2401      	movs	r4, #1
100037b8:	2d00      	cmp	r5, #0
100037ba:	d1fa      	bne.n	100037b2 <low_priority_worker_irq+0x1a>
100037bc:	e8c2 4f45 	strexb	r5, r4, [r2]
100037c0:	2d00      	cmp	r5, #0
100037c2:	d1f6      	bne.n	100037b2 <low_priority_worker_irq+0x1a>
100037c4:	f3bf 8f5f 	dmb	sy
100037c8:	4c25      	ldr	r4, [pc, #148]	@ (10003860 <low_priority_worker_irq+0xc8>)
100037ca:	681d      	ldr	r5, [r3, #0]
100037cc:	7822      	ldrb	r2, [r4, #0]
100037ce:	6059      	str	r1, [r3, #4]
100037d0:	b2d3      	uxtb	r3, r2
100037d2:	2201      	movs	r2, #1
100037d4:	7022      	strb	r2, [r4, #0]
100037d6:	e8c5 0f8f 	stlb	r0, [r5]
100037da:	f381 8810 	msr	PRIMASK, r1
100037de:	b1cb      	cbz	r3, 10003814 <low_priority_worker_irq+0x7c>
100037e0:	b005      	add	sp, #20
100037e2:	bd30      	pop	{r4, r5, pc}
100037e4:	2100      	movs	r1, #0
100037e6:	f04f 30ff 	mov.w	r0, #4294967295
100037ea:	f000 fc1f 	bl	1000402c <tud_task_ext>
100037ee:	2000      	movs	r0, #0
100037f0:	f001 fa0a 	bl	10004c08 <tud_cdc_n_available>
100037f4:	4604      	mov	r4, r0
100037f6:	4818      	ldr	r0, [pc, #96]	@ (10003858 <low_priority_worker_irq+0xc0>)
100037f8:	f004 feb2 	bl	10008560 <__mutex_exit_veneer>
100037fc:	2c00      	cmp	r4, #0
100037fe:	d0ef      	beq.n	100037e0 <low_priority_worker_irq+0x48>
10003800:	4b18      	ldr	r3, [pc, #96]	@ (10003864 <low_priority_worker_irq+0xcc>)
10003802:	681b      	ldr	r3, [r3, #0]
10003804:	2b00      	cmp	r3, #0
10003806:	d0eb      	beq.n	100037e0 <low_priority_worker_irq+0x48>
10003808:	4a17      	ldr	r2, [pc, #92]	@ (10003868 <low_priority_worker_irq+0xd0>)
1000380a:	6810      	ldr	r0, [r2, #0]
1000380c:	b005      	add	sp, #20
1000380e:	e8bd 4030 	ldmia.w	sp!, {r4, r5, lr}
10003812:	4718      	bx	r3
10003814:	f7fd fb0c 	bl	10000e30 <alarm_pool_get_default>
10003818:	4604      	mov	r4, r0
1000381a:	f7fd fca5 	bl	10001168 <time_us_64>
1000381e:	f04f 3cff 	mov.w	ip, #4294967295
10003822:	f06f 4500 	mvn.w	r5, #2147483648	@ 0x80000000
10003826:	f510 727a 	adds.w	r2, r0, #1000	@ 0x3e8
1000382a:	f141 0300 	adc.w	r3, r1, #0
1000382e:	4594      	cmp	ip, r2
10003830:	eb75 0103 	sbcs.w	r1, r5, r3
10003834:	bf38      	it	cc
10003836:	462b      	movcc	r3, r5
10003838:	f04f 0100 	mov.w	r1, #0
1000383c:	f04f 0501 	mov.w	r5, #1
10003840:	4620      	mov	r0, r4
10003842:	4c0a      	ldr	r4, [pc, #40]	@ (1000386c <low_priority_worker_irq+0xd4>)
10003844:	bf38      	it	cc
10003846:	4662      	movcc	r2, ip
10003848:	e9cd 1501 	strd	r1, r5, [sp, #4]
1000384c:	9400      	str	r4, [sp, #0]
1000384e:	f7fd faf3 	bl	10000e38 <alarm_pool_add_alarm_at>
10003852:	b005      	add	sp, #20
10003854:	bd30      	pop	{r4, r5, pc}
10003856:	bf00      	nop
10003858:	200025e0 	.word	0x200025e0
1000385c:	2000251c 	.word	0x2000251c
10003860:	200026d6 	.word	0x200026d6
10003864:	20002080 	.word	0x20002080
10003868:	20002084 	.word	0x20002084
1000386c:	1000354d 	.word	0x1000354d

10003870 <stdio_usb_init>:
10003870:	f04f 4350 	mov.w	r3, #3489660928	@ 0xd0000000
10003874:	b530      	push	{r4, r5, lr}
10003876:	b085      	sub	sp, #20
10003878:	681c      	ldr	r4, [r3, #0]
1000387a:	f7fd fad9 	bl	10000e30 <alarm_pool_get_default>
1000387e:	f7fd fbed 	bl	1000105c <alarm_pool_core_num>
10003882:	42a0      	cmp	r0, r4
10003884:	d002      	beq.n	1000388c <stdio_usb_init+0x1c>
10003886:	2000      	movs	r0, #0
10003888:	b005      	add	sp, #20
1000388a:	bd30      	pop	{r4, r5, pc}
1000388c:	2100      	movs	r1, #0
1000388e:	4b2a      	ldr	r3, [pc, #168]	@ (10003938 <stdio_usb_init+0xc8>)
10003890:	4608      	mov	r0, r1
10003892:	781b      	ldrb	r3, [r3, #0]
10003894:	f001 fd38 	bl	10005308 <tusb_rhport_init>
10003898:	4828      	ldr	r0, [pc, #160]	@ (1000393c <stdio_usb_init+0xcc>)
1000389a:	6803      	ldr	r3, [r0, #0]
1000389c:	2b00      	cmp	r3, #0
1000389e:	d047      	beq.n	10003930 <stdio_usb_init+0xc0>
100038a0:	2001      	movs	r0, #1
100038a2:	f7fd f84b 	bl	1000093c <user_irq_claim_unused>
100038a6:	4603      	mov	r3, r0
100038a8:	4c25      	ldr	r4, [pc, #148]	@ (10003940 <stdio_usb_init+0xd0>)
100038aa:	4926      	ldr	r1, [pc, #152]	@ (10003944 <stdio_usb_init+0xd4>)
100038ac:	b2c0      	uxtb	r0, r0
100038ae:	7023      	strb	r3, [r4, #0]
100038b0:	f7fc fec2 	bl	10000638 <irq_set_exclusive_handler>
100038b4:	7820      	ldrb	r0, [r4, #0]
100038b6:	2101      	movs	r1, #1
100038b8:	f7fc fe7c 	bl	100005b4 <irq_set_enabled>
100038bc:	200e      	movs	r0, #14
100038be:	f7fc feab 	bl	10000618 <irq_has_shared_handler>
100038c2:	bb40      	cbnz	r0, 10003916 <stdio_usb_init+0xa6>
100038c4:	4b20      	ldr	r3, [pc, #128]	@ (10003948 <stdio_usb_init+0xd8>)
100038c6:	2501      	movs	r5, #1
100038c8:	e9c3 0000 	strd	r0, r0, [r3]
100038cc:	f7fd fab0 	bl	10000e30 <alarm_pool_get_default>
100038d0:	4604      	mov	r4, r0
100038d2:	f7fd fc49 	bl	10001168 <time_us_64>
100038d6:	f04f 3eff 	mov.w	lr, #4294967295
100038da:	f06f 4c00 	mvn.w	ip, #2147483648	@ 0x80000000
100038de:	f510 727a 	adds.w	r2, r0, #1000	@ 0x3e8
100038e2:	f141 0300 	adc.w	r3, r1, #0
100038e6:	4596      	cmp	lr, r2
100038e8:	eb7c 0103 	sbcs.w	r1, ip, r3
100038ec:	f04f 0100 	mov.w	r1, #0
100038f0:	4620      	mov	r0, r4
100038f2:	4c16      	ldr	r4, [pc, #88]	@ (1000394c <stdio_usb_init+0xdc>)
100038f4:	bf3c      	itt	cc
100038f6:	4672      	movcc	r2, lr
100038f8:	4663      	movcc	r3, ip
100038fa:	e9cd 1501 	strd	r1, r5, [sp, #4]
100038fe:	9400      	str	r4, [sp, #0]
10003900:	f7fd fa9a 	bl	10000e38 <alarm_pool_add_alarm_at>
10003904:	2800      	cmp	r0, #0
10003906:	dbbe      	blt.n	10003886 <stdio_usb_init+0x16>
10003908:	2101      	movs	r1, #1
1000390a:	4811      	ldr	r0, [pc, #68]	@ (10003950 <stdio_usb_init+0xe0>)
1000390c:	f7ff fcbc 	bl	10003288 <stdio_set_driver_enabled>
10003910:	2001      	movs	r0, #1
10003912:	b005      	add	sp, #20
10003914:	bd30      	pop	{r4, r5, pc}
10003916:	2001      	movs	r0, #1
10003918:	f7fc fe08 	bl	1000052c <spin_lock_claim_unused>
1000391c:	4601      	mov	r1, r0
1000391e:	480a      	ldr	r0, [pc, #40]	@ (10003948 <stdio_usb_init+0xd8>)
10003920:	f7fd f868 	bl	100009f4 <critical_section_init_with_lock_num>
10003924:	2200      	movs	r2, #0
10003926:	200e      	movs	r0, #14
10003928:	490a      	ldr	r1, [pc, #40]	@ (10003954 <stdio_usb_init+0xe4>)
1000392a:	f7fc feb5 	bl	10000698 <irq_add_shared_handler>
1000392e:	e7eb      	b.n	10003908 <stdio_usb_init+0x98>
10003930:	f7fd f844 	bl	100009bc <mutex_init>
10003934:	e7b4      	b.n	100038a0 <stdio_usb_init+0x30>
10003936:	bf00      	nop
10003938:	10008bb8 	.word	0x10008bb8
1000393c:	200025e0 	.word	0x200025e0
10003940:	200026d5 	.word	0x200026d5
10003944:	10003799 	.word	0x10003799
10003948:	2000251c 	.word	0x2000251c
1000394c:	1000354d 	.word	0x1000354d
10003950:	200011e4 	.word	0x200011e4
10003954:	100035bd 	.word	0x100035bd

10003958 <tud_descriptor_device_cb>:
10003958:	4800      	ldr	r0, [pc, #0]	@ (1000395c <tud_descriptor_device_cb+0x4>)
1000395a:	4770      	bx	lr
1000395c:	10008b38 	.word	0x10008b38

10003960 <tud_descriptor_configuration_cb>:
10003960:	4800      	ldr	r0, [pc, #0]	@ (10003964 <tud_descriptor_configuration_cb+0x4>)
10003962:	4770      	bx	lr
10003964:	10008ae4 	.word	0x10008ae4

10003968 <tud_descriptor_string_cb>:
10003968:	b538      	push	{r3, r4, r5, lr}
1000396a:	4b18      	ldr	r3, [pc, #96]	@ (100039cc <tud_descriptor_string_cb+0x64>)
1000396c:	4604      	mov	r4, r0
1000396e:	781a      	ldrb	r2, [r3, #0]
10003970:	b30a      	cbz	r2, 100039b6 <tud_descriptor_string_cb+0x4e>
10003972:	b944      	cbnz	r4, 10003986 <tud_descriptor_string_cb+0x1e>
10003974:	f240 4209 	movw	r2, #1033	@ 0x409
10003978:	f44f 7341 	mov.w	r3, #772	@ 0x304
1000397c:	4d14      	ldr	r5, [pc, #80]	@ (100039d0 <tud_descriptor_string_cb+0x68>)
1000397e:	806a      	strh	r2, [r5, #2]
10003980:	4813      	ldr	r0, [pc, #76]	@ (100039d0 <tud_descriptor_string_cb+0x68>)
10003982:	802b      	strh	r3, [r5, #0]
10003984:	bd38      	pop	{r3, r4, r5, pc}
10003986:	2c05      	cmp	r4, #5
10003988:	d81d      	bhi.n	100039c6 <tud_descriptor_string_cb+0x5e>
1000398a:	4b12      	ldr	r3, [pc, #72]	@ (100039d4 <tud_descriptor_string_cb+0x6c>)
1000398c:	4d10      	ldr	r5, [pc, #64]	@ (100039d0 <tud_descriptor_string_cb+0x68>)
1000398e:	f853 1024 	ldr.w	r1, [r3, r4, lsl #2]
10003992:	4628      	mov	r0, r5
10003994:	2300      	movs	r3, #0
10003996:	3901      	subs	r1, #1
10003998:	e003      	b.n	100039a2 <tud_descriptor_string_cb+0x3a>
1000399a:	2b13      	cmp	r3, #19
1000399c:	f820 2f02 	strh.w	r2, [r0, #2]!
100039a0:	d00e      	beq.n	100039c0 <tud_descriptor_string_cb+0x58>
100039a2:	f811 2f01 	ldrb.w	r2, [r1, #1]!
100039a6:	3301      	adds	r3, #1
100039a8:	b2db      	uxtb	r3, r3
100039aa:	2a00      	cmp	r2, #0
100039ac:	d1f5      	bne.n	1000399a <tud_descriptor_string_cb+0x32>
100039ae:	005b      	lsls	r3, r3, #1
100039b0:	f443 7340 	orr.w	r3, r3, #768	@ 0x300
100039b4:	e7e4      	b.n	10003980 <tud_descriptor_string_cb+0x18>
100039b6:	2111      	movs	r1, #17
100039b8:	4618      	mov	r0, r3
100039ba:	f000 f825 	bl	10003a08 <pico_get_unique_board_id_string>
100039be:	e7d8      	b.n	10003972 <tud_descriptor_string_cb+0xa>
100039c0:	f44f 734a 	mov.w	r3, #808	@ 0x328
100039c4:	e7dc      	b.n	10003980 <tud_descriptor_string_cb+0x18>
100039c6:	2000      	movs	r0, #0
100039c8:	bd38      	pop	{r3, r4, r5, pc}
100039ca:	bf00      	nop
100039cc:	200025ec 	.word	0x200025ec
100039d0:	200020bc 	.word	0x200020bc
100039d4:	10008acc 	.word	0x10008acc

100039d8 <_retrieve_unique_id_on_boot>:
100039d8:	b500      	push	{lr}
100039da:	f245 3047 	movw	r0, #21319	@ 0x5347
100039de:	b08b      	sub	sp, #44	@ 0x2c
100039e0:	f7fd fcf2 	bl	100013c8 <rom_func_lookup>
100039e4:	2201      	movs	r2, #1
100039e6:	4603      	mov	r3, r0
100039e8:	2109      	movs	r1, #9
100039ea:	a801      	add	r0, sp, #4
100039ec:	4798      	blx	r3
100039ee:	e9dd 3203 	ldrd	r3, r2, [sp, #12]
100039f2:	4904      	ldr	r1, [pc, #16]	@ (10003a04 <_retrieve_unique_id_on_boot+0x2c>)
100039f4:	ba12      	rev	r2, r2
100039f6:	ba1b      	rev	r3, r3
100039f8:	e9c1 2300 	strd	r2, r3, [r1]
100039fc:	b00b      	add	sp, #44	@ 0x2c
100039fe:	f85d fb04 	ldr.w	pc, [sp], #4
10003a02:	bf00      	nop
10003a04:	200025d4 	.word	0x200025d4

10003a08 <pico_get_unique_board_id_string>:
10003a08:	2901      	cmp	r1, #1
10003a0a:	f101 33ff 	add.w	r3, r1, #4294967295
10003a0e:	f000 80b3 	beq.w	10003b78 <pico_get_unique_board_id_string+0x170>
10003a12:	495d      	ldr	r1, [pc, #372]	@ (10003b88 <pico_get_unique_board_id_string+0x180>)
10003a14:	780a      	ldrb	r2, [r1, #0]
10003a16:	ea4f 1c12 	mov.w	ip, r2, lsr #4
10003a1a:	2a9f      	cmp	r2, #159	@ 0x9f
10003a1c:	bf8c      	ite	hi
10003a1e:	f10c 0c37 	addhi.w	ip, ip, #55	@ 0x37
10003a22:	f10c 0c30 	addls.w	ip, ip, #48	@ 0x30
10003a26:	2b01      	cmp	r3, #1
10003a28:	f880 c000 	strb.w	ip, [r0]
10003a2c:	f000 80a7 	beq.w	10003b7e <pico_get_unique_board_id_string+0x176>
10003a30:	f002 020f 	and.w	r2, r2, #15
10003a34:	2a09      	cmp	r2, #9
10003a36:	bf8c      	ite	hi
10003a38:	3237      	addhi	r2, #55	@ 0x37
10003a3a:	3230      	addls	r2, #48	@ 0x30
10003a3c:	2b02      	cmp	r3, #2
10003a3e:	7042      	strb	r2, [r0, #1]
10003a40:	f000 809d 	beq.w	10003b7e <pico_get_unique_board_id_string+0x176>
10003a44:	784a      	ldrb	r2, [r1, #1]
10003a46:	ea4f 1c12 	mov.w	ip, r2, lsr #4
10003a4a:	2a9f      	cmp	r2, #159	@ 0x9f
10003a4c:	bf8c      	ite	hi
10003a4e:	f10c 0c37 	addhi.w	ip, ip, #55	@ 0x37
10003a52:	f10c 0c30 	addls.w	ip, ip, #48	@ 0x30
10003a56:	2b03      	cmp	r3, #3
10003a58:	f880 c002 	strb.w	ip, [r0, #2]
10003a5c:	f000 808f 	beq.w	10003b7e <pico_get_unique_board_id_string+0x176>
10003a60:	f002 020f 	and.w	r2, r2, #15
10003a64:	2a09      	cmp	r2, #9
10003a66:	bf8c      	ite	hi
10003a68:	3237      	addhi	r2, #55	@ 0x37
10003a6a:	3230      	addls	r2, #48	@ 0x30
10003a6c:	2b04      	cmp	r3, #4
10003a6e:	70c2      	strb	r2, [r0, #3]
10003a70:	f000 8085 	beq.w	10003b7e <pico_get_unique_board_id_string+0x176>
10003a74:	788a      	ldrb	r2, [r1, #2]
10003a76:	ea4f 1c12 	mov.w	ip, r2, lsr #4
10003a7a:	2a9f      	cmp	r2, #159	@ 0x9f
10003a7c:	bf8c      	ite	hi
10003a7e:	f10c 0c37 	addhi.w	ip, ip, #55	@ 0x37
10003a82:	f10c 0c30 	addls.w	ip, ip, #48	@ 0x30
10003a86:	2b05      	cmp	r3, #5
10003a88:	f880 c004 	strb.w	ip, [r0, #4]
10003a8c:	d077      	beq.n	10003b7e <pico_get_unique_board_id_string+0x176>
10003a8e:	f002 020f 	and.w	r2, r2, #15
10003a92:	2a09      	cmp	r2, #9
10003a94:	bf8c      	ite	hi
10003a96:	3237      	addhi	r2, #55	@ 0x37
10003a98:	3230      	addls	r2, #48	@ 0x30
10003a9a:	2b06      	cmp	r3, #6
10003a9c:	7142      	strb	r2, [r0, #5]
10003a9e:	d06e      	beq.n	10003b7e <pico_get_unique_board_id_string+0x176>
10003aa0:	78ca      	ldrb	r2, [r1, #3]
10003aa2:	ea4f 1c12 	mov.w	ip, r2, lsr #4
10003aa6:	2a9f      	cmp	r2, #159	@ 0x9f
10003aa8:	bf8c      	ite	hi
10003aaa:	f10c 0c37 	addhi.w	ip, ip, #55	@ 0x37
10003aae:	f10c 0c30 	addls.w	ip, ip, #48	@ 0x30
10003ab2:	2b07      	cmp	r3, #7
10003ab4:	f880 c006 	strb.w	ip, [r0, #6]
10003ab8:	d061      	beq.n	10003b7e <pico_get_unique_board_id_string+0x176>
10003aba:	f002 020f 	and.w	r2, r2, #15
10003abe:	2a09      	cmp	r2, #9
10003ac0:	bf8c      	ite	hi
10003ac2:	3237      	addhi	r2, #55	@ 0x37
10003ac4:	3230      	addls	r2, #48	@ 0x30
10003ac6:	2b08      	cmp	r3, #8
10003ac8:	71c2      	strb	r2, [r0, #7]
10003aca:	d058      	beq.n	10003b7e <pico_get_unique_board_id_string+0x176>
10003acc:	790a      	ldrb	r2, [r1, #4]
10003ace:	ea4f 1c12 	mov.w	ip, r2, lsr #4
10003ad2:	2a9f      	cmp	r2, #159	@ 0x9f
10003ad4:	bf8c      	ite	hi
10003ad6:	f10c 0c37 	addhi.w	ip, ip, #55	@ 0x37
10003ada:	f10c 0c30 	addls.w	ip, ip, #48	@ 0x30
10003ade:	2b09      	cmp	r3, #9
10003ae0:	f880 c008 	strb.w	ip, [r0, #8]
10003ae4:	d04b      	beq.n	10003b7e <pico_get_unique_board_id_string+0x176>
10003ae6:	f002 020f 	and.w	r2, r2, #15
10003aea:	2a09      	cmp	r2, #9
10003aec:	bf8c      	ite	hi
10003aee:	3237      	addhi	r2, #55	@ 0x37
10003af0:	3230      	addls	r2, #48	@ 0x30
10003af2:	2b0a      	cmp	r3, #10
10003af4:	7242      	strb	r2, [r0, #9]
10003af6:	d042      	beq.n	10003b7e <pico_get_unique_board_id_string+0x176>
10003af8:	794a      	ldrb	r2, [r1, #5]
10003afa:	ea4f 1c12 	mov.w	ip, r2, lsr #4
10003afe:	2a9f      	cmp	r2, #159	@ 0x9f
10003b00:	bf8c      	ite	hi
10003b02:	f10c 0c37 	addhi.w	ip, ip, #55	@ 0x37
10003b06:	f10c 0c30 	addls.w	ip, ip, #48	@ 0x30
10003b0a:	2b0b      	cmp	r3, #11
10003b0c:	f880 c00a 	strb.w	ip, [r0, #10]
10003b10:	d035      	beq.n	10003b7e <pico_get_unique_board_id_string+0x176>
10003b12:	f002 020f 	and.w	r2, r2, #15
10003b16:	2a09      	cmp	r2, #9
10003b18:	bf8c      	ite	hi
10003b1a:	3237      	addhi	r2, #55	@ 0x37
10003b1c:	3230      	addls	r2, #48	@ 0x30
10003b1e:	2b0c      	cmp	r3, #12
10003b20:	72c2      	strb	r2, [r0, #11]
10003b22:	d02c      	beq.n	10003b7e <pico_get_unique_board_id_string+0x176>
10003b24:	798a      	ldrb	r2, [r1, #6]
10003b26:	ea4f 1c12 	mov.w	ip, r2, lsr #4
10003b2a:	2a9f      	cmp	r2, #159	@ 0x9f
10003b2c:	bf8c      	ite	hi
10003b2e:	f10c 0c37 	addhi.w	ip, ip, #55	@ 0x37
10003b32:	f10c 0c30 	addls.w	ip, ip, #48	@ 0x30
10003b36:	2b0d      	cmp	r3, #13
10003b38:	f880 c00c 	strb.w	ip, [r0, #12]
10003b3c:	d01f      	beq.n	10003b7e <pico_get_unique_board_id_string+0x176>
10003b3e:	f002 020f 	and.w	r2, r2, #15
10003b42:	2a09      	cmp	r2, #9
10003b44:	bf8c      	ite	hi
10003b46:	3237      	addhi	r2, #55	@ 0x37
10003b48:	3230      	addls	r2, #48	@ 0x30
10003b4a:	2b0e      	cmp	r3, #14
10003b4c:	7342      	strb	r2, [r0, #13]
10003b4e:	d016      	beq.n	10003b7e <pico_get_unique_board_id_string+0x176>
10003b50:	79ca      	ldrb	r2, [r1, #7]
10003b52:	0911      	lsrs	r1, r2, #4
10003b54:	2a9f      	cmp	r2, #159	@ 0x9f
10003b56:	bf8c      	ite	hi
10003b58:	3137      	addhi	r1, #55	@ 0x37
10003b5a:	3130      	addls	r1, #48	@ 0x30
10003b5c:	2b0f      	cmp	r3, #15
10003b5e:	7381      	strb	r1, [r0, #14]
10003b60:	d00d      	beq.n	10003b7e <pico_get_unique_board_id_string+0x176>
10003b62:	f002 020f 	and.w	r2, r2, #15
10003b66:	2a09      	cmp	r2, #9
10003b68:	bf94      	ite	ls
10003b6a:	3230      	addls	r2, #48	@ 0x30
10003b6c:	3237      	addhi	r2, #55	@ 0x37
10003b6e:	2b10      	cmp	r3, #16
10003b70:	73c2      	strb	r2, [r0, #15]
10003b72:	bf18      	it	ne
10003b74:	3010      	addne	r0, #16
10003b76:	d002      	beq.n	10003b7e <pico_get_unique_board_id_string+0x176>
10003b78:	2300      	movs	r3, #0
10003b7a:	7003      	strb	r3, [r0, #0]
10003b7c:	4770      	bx	lr
10003b7e:	4418      	add	r0, r3
10003b80:	2300      	movs	r3, #0
10003b82:	7003      	strb	r3, [r0, #0]
10003b84:	4770      	bx	lr
10003b86:	bf00      	nop
10003b88:	200025d4 	.word	0x200025d4

10003b8c <dcd_init>:
10003b8c:	b570      	push	{r4, r5, r6, lr}
10003b8e:	f000 f92d 	bl	10003dec <rp2040_usb_init>
10003b92:	230c      	movs	r3, #12
10003b94:	2640      	movs	r6, #64	@ 0x40
10003b96:	4c19      	ldr	r4, [pc, #100]	@ (10003bfc <dcd_init+0x70>)
10003b98:	22ff      	movs	r2, #255	@ 0xff
10003b9a:	67a3      	str	r3, [r4, #120]	@ 0x78
10003b9c:	200e      	movs	r0, #14
10003b9e:	4918      	ldr	r1, [pc, #96]	@ (10003c00 <dcd_init+0x74>)
10003ba0:	f7fc fd7a 	bl	10000698 <irq_add_shared_handler>
10003ba4:	4632      	mov	r2, r6
10003ba6:	2100      	movs	r1, #0
10003ba8:	4816      	ldr	r0, [pc, #88]	@ (10003c04 <dcd_init+0x78>)
10003baa:	f004 fa51 	bl	10008050 <memset>
10003bae:	2501      	movs	r5, #1
10003bb0:	2300      	movs	r3, #0
10003bb2:	2180      	movs	r1, #128	@ 0x80
10003bb4:	4813      	ldr	r0, [pc, #76]	@ (10003c04 <dcd_init+0x78>)
10003bb6:	4a14      	ldr	r2, [pc, #80]	@ (10003c08 <dcd_init+0x7c>)
10003bb8:	8441      	strh	r1, [r0, #34]	@ 0x22
10003bba:	7045      	strb	r5, [r0, #1]
10003bbc:	8306      	strh	r6, [r0, #24]
10003bbe:	8706      	strh	r6, [r0, #56]	@ 0x38
10003bc0:	6082      	str	r2, [r0, #8]
10003bc2:	6043      	str	r3, [r0, #4]
10003bc4:	6013      	str	r3, [r2, #0]
10003bc6:	f842 3c04 	str.w	r3, [r2, #-4]
10003bca:	f880 3021 	strb.w	r3, [r0, #33]	@ 0x21
10003bce:	f880 303b 	strb.w	r3, [r0, #59]	@ 0x3b
10003bd2:	6243      	str	r3, [r0, #36]	@ 0x24
10003bd4:	4b0d      	ldr	r3, [pc, #52]	@ (10003c0c <dcd_init+0x80>)
10003bd6:	f04f 5600 	mov.w	r6, #536870912	@ 0x20000000
10003bda:	60c3      	str	r3, [r0, #12]
10003bdc:	62c3      	str	r3, [r0, #44]	@ 0x2c
10003bde:	3b80      	subs	r3, #128	@ 0x80
10003be0:	6283      	str	r3, [r0, #40]	@ 0x28
10003be2:	f004 fca5 	bl	10008530 <__reset_non_control_endpoints_veneer>
10003be6:	f44f 3280 	mov.w	r2, #65536	@ 0x10000
10003bea:	4909      	ldr	r1, [pc, #36]	@ (10003c10 <dcd_init+0x84>)
10003bec:	4b09      	ldr	r3, [pc, #36]	@ (10003c14 <dcd_init+0x88>)
10003bee:	6425      	str	r5, [r4, #64]	@ 0x40
10003bf0:	4628      	mov	r0, r5
10003bf2:	64e6      	str	r6, [r4, #76]	@ 0x4c
10003bf4:	f8c4 1090 	str.w	r1, [r4, #144]	@ 0x90
10003bf8:	64da      	str	r2, [r3, #76]	@ 0x4c
10003bfa:	bd70      	pop	{r4, r5, r6, pc}
10003bfc:	50110000 	.word	0x50110000
10003c00:	2000039d 	.word	0x2000039d
10003c04:	200020f8 	.word	0x200020f8
10003c08:	50100084 	.word	0x50100084
10003c0c:	50100100 	.word	0x50100100
10003c10:	0001d010 	.word	0x0001d010
10003c14:	50112000 	.word	0x50112000

10003c18 <dcd_int_enable>:
10003c18:	2101      	movs	r1, #1
10003c1a:	200e      	movs	r0, #14
10003c1c:	f7fc bcca 	b.w	100005b4 <irq_set_enabled>

10003c20 <dcd_set_address>:
10003c20:	2200      	movs	r2, #0
10003c22:	4802      	ldr	r0, [pc, #8]	@ (10003c2c <dcd_set_address+0xc>)
10003c24:	4611      	mov	r1, r2
10003c26:	f000 b901 	b.w	10003e2c <hw_endpoint_xfer_start>
10003c2a:	bf00      	nop
10003c2c:	20002118 	.word	0x20002118

10003c30 <dcd_sof_enable>:
10003c30:	4b04      	ldr	r3, [pc, #16]	@ (10003c44 <dcd_sof_enable+0x14>)
10003c32:	7019      	strb	r1, [r3, #0]
10003c34:	b121      	cbz	r1, 10003c40 <dcd_sof_enable+0x10>
10003c36:	f44f 3200 	mov.w	r2, #131072	@ 0x20000
10003c3a:	4b03      	ldr	r3, [pc, #12]	@ (10003c48 <dcd_sof_enable+0x18>)
10003c3c:	f8c3 2090 	str.w	r2, [r3, #144]	@ 0x90
10003c40:	4770      	bx	lr
10003c42:	bf00      	nop
10003c44:	200026d1 	.word	0x200026d1
10003c48:	50112000 	.word	0x50112000

10003c4c <dcd_edpt0_status_complete>:
10003c4c:	780b      	ldrb	r3, [r1, #0]
10003c4e:	065b      	lsls	r3, r3, #25
10003c50:	d102      	bne.n	10003c58 <dcd_edpt0_status_complete+0xc>
10003c52:	784b      	ldrb	r3, [r1, #1]
10003c54:	2b05      	cmp	r3, #5
10003c56:	d000      	beq.n	10003c5a <dcd_edpt0_status_complete+0xe>
10003c58:	4770      	bx	lr
10003c5a:	884b      	ldrh	r3, [r1, #2]
10003c5c:	4a01      	ldr	r2, [pc, #4]	@ (10003c64 <dcd_edpt0_status_complete+0x18>)
10003c5e:	b2db      	uxtb	r3, r3
10003c60:	6013      	str	r3, [r2, #0]
10003c62:	4770      	bx	lr
10003c64:	50110000 	.word	0x50110000

10003c68 <dcd_edpt_open>:
10003c68:	78cb      	ldrb	r3, [r1, #3]
10003c6a:	e92d 41f0 	stmdb	sp!, {r4, r5, r6, r7, r8, lr}
10003c6e:	f003 0e03 	and.w	lr, r3, #3
10003c72:	f1be 0f01 	cmp.w	lr, #1
10003c76:	f3c3 0001 	ubfx	r0, r3, #0, #2
10003c7a:	d05b      	beq.n	10003d34 <dcd_edpt_open+0xcc>
10003c7c:	2700      	movs	r7, #0
10003c7e:	f891 c002 	ldrb.w	ip, [r1, #2]
10003c82:	4c34      	ldr	r4, [pc, #208]	@ (10003d54 <dcd_edpt_open+0xec>)
10003c84:	f00c 027f 	and.w	r2, ip, #127	@ 0x7f
10003c88:	0056      	lsls	r6, r2, #1
10003c8a:	8889      	ldrh	r1, [r1, #4]
10003c8c:	eb06 13dc 	add.w	r3, r6, ip, lsr #7
10003c90:	eb04 1343 	add.w	r3, r4, r3, lsl #5
10003c94:	ea4f 15dc 	mov.w	r5, ip, lsr #7
10003c98:	76d8      	strb	r0, [r3, #27]
10003c9a:	f3c1 010a 	ubfx	r1, r1, #0, #11
10003c9e:	f085 0001 	eor.w	r0, r5, #1
10003ca2:	f883 c002 	strb.w	ip, [r3, #2]
10003ca6:	8319      	strh	r1, [r3, #24]
10003ca8:	7058      	strb	r0, [r3, #1]
10003caa:	70df      	strb	r7, [r3, #3]
10003cac:	00d3      	lsls	r3, r2, #3
10003cae:	bb8d      	cbnz	r5, 10003d14 <dcd_edpt_open+0xac>
10003cb0:	4829      	ldr	r0, [pc, #164]	@ (10003d58 <dcd_edpt_open+0xf0>)
10003cb2:	3304      	adds	r3, #4
10003cb4:	eb04 1c82 	add.w	ip, r4, r2, lsl #6
10003cb8:	eb03 0800 	add.w	r8, r3, r0
10003cbc:	f8cc 8008 	str.w	r8, [ip, #8]
10003cc0:	501f      	str	r7, [r3, r0]
10003cc2:	b382      	cbz	r2, 10003d26 <dcd_edpt_open+0xbe>
10003cc4:	4b25      	ldr	r3, [pc, #148]	@ (10003d5c <dcd_edpt_open+0xf4>)
10003cc6:	00d2      	lsls	r2, r2, #3
10003cc8:	4413      	add	r3, r2
10003cca:	f8cc 3004 	str.w	r3, [ip, #4]
10003cce:	4b24      	ldr	r3, [pc, #144]	@ (10003d60 <dcd_edpt_open+0xf8>)
10003cd0:	313f      	adds	r1, #63	@ 0x3f
10003cd2:	681a      	ldr	r2, [r3, #0]
10003cd4:	f021 013f 	bic.w	r1, r1, #63	@ 0x3f
10003cd8:	f1be 0f02 	cmp.w	lr, #2
10003cdc:	bf08      	it	eq
10003cde:	0049      	lsleq	r1, r1, #1
10003ce0:	4411      	add	r1, r2
10003ce2:	6019      	str	r1, [r3, #0]
10003ce4:	4b1f      	ldr	r3, [pc, #124]	@ (10003d64 <dcd_edpt_open+0xfc>)
10003ce6:	1977      	adds	r7, r6, r5
10003ce8:	eb04 1747 	add.w	r7, r4, r7, lsl #5
10003cec:	4299      	cmp	r1, r3
10003cee:	60fa      	str	r2, [r7, #12]
10003cf0:	d82b      	bhi.n	10003d4a <dcd_edpt_open+0xe2>
10003cf2:	442e      	add	r6, r5
10003cf4:	eb04 1346 	add.w	r3, r4, r6, lsl #5
10003cf8:	7ed9      	ldrb	r1, [r3, #27]
10003cfa:	f082 42a0 	eor.w	r2, r2, #1342177280	@ 0x50000000
10003cfe:	f482 1280 	eor.w	r2, r2, #1048576	@ 0x100000
10003d02:	685b      	ldr	r3, [r3, #4]
10003d04:	ea42 6281 	orr.w	r2, r2, r1, lsl #26
10003d08:	f042 4200 	orr.w	r2, r2, #2147483648	@ 0x80000000
10003d0c:	601a      	str	r2, [r3, #0]
10003d0e:	2001      	movs	r0, #1
10003d10:	e8bd 81f0 	ldmia.w	sp!, {r4, r5, r6, r7, r8, pc}
10003d14:	4810      	ldr	r0, [pc, #64]	@ (10003d58 <dcd_edpt_open+0xf0>)
10003d16:	eb04 1c82 	add.w	ip, r4, r2, lsl #6
10003d1a:	4403      	add	r3, r0
10003d1c:	f8cc 3028 	str.w	r3, [ip, #40]	@ 0x28
10003d20:	f840 7032 	str.w	r7, [r0, r2, lsl #3]
10003d24:	b94a      	cbnz	r2, 10003d3a <dcd_edpt_open+0xd2>
10003d26:	2200      	movs	r2, #0
10003d28:	490f      	ldr	r1, [pc, #60]	@ (10003d68 <dcd_edpt_open+0x100>)
10003d2a:	eb04 1345 	add.w	r3, r4, r5, lsl #5
10003d2e:	60d9      	str	r1, [r3, #12]
10003d30:	605a      	str	r2, [r3, #4]
10003d32:	e7ec      	b.n	10003d0e <dcd_edpt_open+0xa6>
10003d34:	2000      	movs	r0, #0
10003d36:	e8bd 81f0 	ldmia.w	sp!, {r4, r5, r6, r7, r8, pc}
10003d3a:	00d2      	lsls	r2, r2, #3
10003d3c:	f102 42a0 	add.w	r2, r2, #1342177280	@ 0x50000000
10003d40:	f502 1280 	add.w	r2, r2, #1048576	@ 0x100000
10003d44:	f8cc 2024 	str.w	r2, [ip, #36]	@ 0x24
10003d48:	e7c1      	b.n	10003cce <dcd_edpt_open+0x66>
10003d4a:	f7fd fb89 	bl	10001460 <hard_assertion_failure>
10003d4e:	68fa      	ldr	r2, [r7, #12]
10003d50:	e7cf      	b.n	10003cf2 <dcd_edpt_open+0x8a>
10003d52:	bf00      	nop
10003d54:	200020f8 	.word	0x200020f8
10003d58:	50100080 	.word	0x50100080
10003d5c:	50100004 	.word	0x50100004
10003d60:	20002500 	.word	0x20002500
10003d64:	50100fff 	.word	0x50100fff
10003d68:	50100100 	.word	0x50100100

10003d6c <dcd_edpt_close_all>:
10003d6c:	f004 bbe0 	b.w	10008530 <__reset_non_control_endpoints_veneer>

10003d70 <dcd_edpt_xfer>:
10003d70:	468c      	mov	ip, r1
10003d72:	b508      	push	{r3, lr}
10003d74:	4611      	mov	r1, r2
10003d76:	4807      	ldr	r0, [pc, #28]	@ (10003d94 <dcd_edpt_xfer+0x24>)
10003d78:	461a      	mov	r2, r3
10003d7a:	f00c 037f 	and.w	r3, ip, #127	@ 0x7f
10003d7e:	ea4f 1cdc 	mov.w	ip, ip, lsr #7
10003d82:	eb0c 0c43 	add.w	ip, ip, r3, lsl #1
10003d86:	eb00 104c 	add.w	r0, r0, ip, lsl #5
10003d8a:	f000 f84f 	bl	10003e2c <hw_endpoint_xfer_start>
10003d8e:	2001      	movs	r0, #1
10003d90:	bd08      	pop	{r3, pc}
10003d92:	bf00      	nop
10003d94:	200020f8 	.word	0x200020f8

10003d98 <dcd_edpt_stall>:
10003d98:	f011 027f 	ands.w	r2, r1, #127	@ 0x7f
10003d9c:	d105      	bne.n	10003daa <dcd_edpt_stall+0x12>
10003d9e:	2900      	cmp	r1, #0
10003da0:	bf0c      	ite	eq
10003da2:	2002      	moveq	r0, #2
10003da4:	2001      	movne	r0, #1
10003da6:	4b06      	ldr	r3, [pc, #24]	@ (10003dc0 <dcd_edpt_stall+0x28>)
10003da8:	6698      	str	r0, [r3, #104]	@ 0x68
10003daa:	09c9      	lsrs	r1, r1, #7
10003dac:	4b05      	ldr	r3, [pc, #20]	@ (10003dc4 <dcd_edpt_stall+0x2c>)
10003dae:	eb01 0042 	add.w	r0, r1, r2, lsl #1
10003db2:	eb03 1040 	add.w	r0, r3, r0, lsl #5
10003db6:	f44f 6200 	mov.w	r2, #2048	@ 0x800
10003dba:	2100      	movs	r1, #0
10003dbc:	f004 bbd4 	b.w	10008568 <___hw_endpoint_buffer_control_update32_veneer>
10003dc0:	50112000 	.word	0x50112000
10003dc4:	200020f8 	.word	0x200020f8

10003dc8 <dcd_edpt_clear_stall>:
10003dc8:	f011 037f 	ands.w	r3, r1, #127	@ 0x7f
10003dcc:	d100      	bne.n	10003dd0 <dcd_edpt_clear_stall+0x8>
10003dce:	4770      	bx	lr
10003dd0:	2200      	movs	r2, #0
10003dd2:	4805      	ldr	r0, [pc, #20]	@ (10003de8 <dcd_edpt_clear_stall+0x20>)
10003dd4:	005b      	lsls	r3, r3, #1
10003dd6:	eb03 13d1 	add.w	r3, r3, r1, lsr #7
10003dda:	eb00 1043 	add.w	r0, r0, r3, lsl #5
10003dde:	f46f 6100 	mvn.w	r1, #2048	@ 0x800
10003de2:	70c2      	strb	r2, [r0, #3]
10003de4:	f004 bbc0 	b.w	10008568 <___hw_endpoint_buffer_control_update32_veneer>
10003de8:	200020f8 	.word	0x200020f8

10003dec <rp2040_usb_init>:
10003dec:	f04f 5280 	mov.w	r2, #268435456	@ 0x10000000
10003df0:	4809      	ldr	r0, [pc, #36]	@ (10003e18 <rp2040_usb_init+0x2c>)
10003df2:	490a      	ldr	r1, [pc, #40]	@ (10003e1c <rp2040_usb_init+0x30>)
10003df4:	b508      	push	{r3, lr}
10003df6:	4b0a      	ldr	r3, [pc, #40]	@ (10003e20 <rp2040_usb_init+0x34>)
10003df8:	6002      	str	r2, [r0, #0]
10003dfa:	600a      	str	r2, [r1, #0]
10003dfc:	6899      	ldr	r1, [r3, #8]
10003dfe:	43c9      	mvns	r1, r1
10003e00:	f011 5180 	ands.w	r1, r1, #268435456	@ 0x10000000
10003e04:	d1fa      	bne.n	10003dfc <rp2040_usb_init+0x10>
10003e06:	f44f 5280 	mov.w	r2, #4096	@ 0x1000
10003e0a:	4806      	ldr	r0, [pc, #24]	@ (10003e24 <rp2040_usb_init+0x38>)
10003e0c:	f004 f920 	bl	10008050 <memset>
10003e10:	2209      	movs	r2, #9
10003e12:	4b05      	ldr	r3, [pc, #20]	@ (10003e28 <rp2040_usb_init+0x3c>)
10003e14:	675a      	str	r2, [r3, #116]	@ 0x74
10003e16:	bd08      	pop	{r3, pc}
10003e18:	40022000 	.word	0x40022000
10003e1c:	40023000 	.word	0x40023000
10003e20:	40020000 	.word	0x40020000
10003e24:	50100000 	.word	0x50100000
10003e28:	50110000 	.word	0x50110000

10003e2c <hw_endpoint_xfer_start>:
10003e2c:	2300      	movs	r3, #0
10003e2e:	f04f 0c01 	mov.w	ip, #1
10003e32:	b510      	push	{r4, lr}
10003e34:	f880 c01a 	strb.w	ip, [r0, #26]
10003e38:	8282      	strh	r2, [r0, #20]
10003e3a:	82c3      	strh	r3, [r0, #22]
10003e3c:	6101      	str	r1, [r0, #16]
10003e3e:	4604      	mov	r4, r0
10003e40:	f004 fb7a 	bl	10008538 <__e15_is_bulkin_ep_veneer>
10003e44:	b120      	cbz	r0, 10003e50 <hw_endpoint_xfer_start+0x24>
10003e46:	f44f 3200 	mov.w	r2, #131072	@ 0x20000
10003e4a:	4b07      	ldr	r3, [pc, #28]	@ (10003e68 <hw_endpoint_xfer_start+0x3c>)
10003e4c:	f8c3 2090 	str.w	r2, [r3, #144]	@ 0x90
10003e50:	4620      	mov	r0, r4
10003e52:	f004 fb7d 	bl	10008550 <__e15_is_critical_frame_period_veneer>
10003e56:	b110      	cbz	r0, 10003e5e <hw_endpoint_xfer_start+0x32>
10003e58:	2301      	movs	r3, #1
10003e5a:	7723      	strb	r3, [r4, #28]
10003e5c:	bd10      	pop	{r4, pc}
10003e5e:	4620      	mov	r0, r4
10003e60:	e8bd 4010 	ldmia.w	sp!, {r4, lr}
10003e64:	f004 bb70 	b.w	10008548 <__hw_endpoint_start_next_buffer_veneer>
10003e68:	50112000 	.word	0x50112000

10003e6c <configuration_reset>:
10003e6c:	e92d 41f0 	stmdb	sp!, {r4, r5, r6, r7, r8, lr}
10003e70:	2400      	movs	r4, #0
10003e72:	4e1d      	ldr	r6, [pc, #116]	@ (10003ee8 <configuration_reset+0x7c>)
10003e74:	4605      	mov	r5, r0
10003e76:	4623      	mov	r3, r4
10003e78:	7832      	ldrb	r2, [r6, #0]
10003e7a:	f8df 8078 	ldr.w	r8, [pc, #120]	@ 10003ef4 <configuration_reset+0x88>
10003e7e:	4f1b      	ldr	r7, [pc, #108]	@ (10003eec <configuration_reset+0x80>)
10003e80:	e00d      	b.n	10003e9e <configuration_reset+0x32>
10003e82:	683b      	ldr	r3, [r7, #0]
10003e84:	eb13 1344 	adds.w	r3, r3, r4, lsl #5
10003e88:	d024      	beq.n	10003ed4 <configuration_reset+0x68>
10003e8a:	68db      	ldr	r3, [r3, #12]
10003e8c:	4628      	mov	r0, r5
10003e8e:	4798      	blx	r3
10003e90:	7832      	ldrb	r2, [r6, #0]
10003e92:	3401      	adds	r4, #1
10003e94:	b2e4      	uxtb	r4, r4
10003e96:	1c51      	adds	r1, r2, #1
10003e98:	42a1      	cmp	r1, r4
10003e9a:	4623      	mov	r3, r4
10003e9c:	db06      	blt.n	10003eac <configuration_reset+0x40>
10003e9e:	42a2      	cmp	r2, r4
10003ea0:	eba3 0302 	sub.w	r3, r3, r2
10003ea4:	d8ed      	bhi.n	10003e82 <configuration_reset+0x16>
10003ea6:	eb08 1343 	add.w	r3, r8, r3, lsl #5
10003eaa:	e7ee      	b.n	10003e8a <configuration_reset+0x1e>
10003eac:	2254      	movs	r2, #84	@ 0x54
10003eae:	2100      	movs	r1, #0
10003eb0:	480f      	ldr	r0, [pc, #60]	@ (10003ef0 <configuration_reset+0x84>)
10003eb2:	f004 f8cd 	bl	10008050 <memset>
10003eb6:	f04f 33ff 	mov.w	r3, #4294967295
10003eba:	480d      	ldr	r0, [pc, #52]	@ (10003ef0 <configuration_reset+0x84>)
10003ebc:	2220      	movs	r2, #32
10003ebe:	1d04      	adds	r4, r0, #4
10003ec0:	6043      	str	r3, [r0, #4]
10003ec2:	e9c4 3301 	strd	r3, r3, [r4, #4]
10003ec6:	60e3      	str	r3, [r4, #12]
10003ec8:	21ff      	movs	r1, #255	@ 0xff
10003eca:	e8bd 41f0 	ldmia.w	sp!, {r4, r5, r6, r7, r8, lr}
10003ece:	3014      	adds	r0, #20
10003ed0:	f004 b8be 	b.w	10008050 <memset>
10003ed4:	f04f 23e0 	mov.w	r3, #3758153728	@ 0xe000e000
10003ed8:	f8d3 3df0 	ldr.w	r3, [r3, #3568]	@ 0xdf0
10003edc:	07db      	lsls	r3, r3, #31
10003ede:	d500      	bpl.n	10003ee2 <configuration_reset+0x76>
10003ee0:	be00      	bkpt	0x0000
10003ee2:	e8bd 81f0 	ldmia.w	sp!, {r4, r5, r6, r7, r8, pc}
10003ee6:	bf00      	nop
10003ee8:	200026d0 	.word	0x200026d0
10003eec:	20001ac8 	.word	0x20001ac8
10003ef0:	20001c98 	.word	0x20001c98
10003ef4:	10008b4c 	.word	0x10008b4c

10003ef8 <tud_event_hook_cb>:
10003ef8:	4770      	bx	lr
10003efa:	bf00      	nop

10003efc <tud_sof_cb>:
10003efc:	4770      	bx	lr
10003efe:	bf00      	nop

10003f00 <tud_descriptor_device_qualifier_cb>:
10003f00:	2000      	movs	r0, #0
10003f02:	4770      	bx	lr

10003f04 <tud_descriptor_other_speed_configuration_cb>:
10003f04:	2000      	movs	r0, #0
10003f06:	4770      	bx	lr

10003f08 <tud_mount_cb>:
10003f08:	4770      	bx	lr
10003f0a:	bf00      	nop

10003f0c <tud_umount_cb>:
10003f0c:	4770      	bx	lr
10003f0e:	bf00      	nop

10003f10 <tud_suspend_cb>:
10003f10:	4770      	bx	lr
10003f12:	bf00      	nop

10003f14 <tud_resume_cb>:
10003f14:	4770      	bx	lr
10003f16:	bf00      	nop

10003f18 <tud_mounted>:
10003f18:	4b02      	ldr	r3, [pc, #8]	@ (10003f24 <tud_mounted+0xc>)
10003f1a:	7858      	ldrb	r0, [r3, #1]
10003f1c:	3800      	subs	r0, #0
10003f1e:	bf18      	it	ne
10003f20:	2001      	movne	r0, #1
10003f22:	4770      	bx	lr
10003f24:	20001c98 	.word	0x20001c98

10003f28 <tud_suspended>:
10003f28:	4b02      	ldr	r3, [pc, #8]	@ (10003f34 <tud_suspended+0xc>)
10003f2a:	7818      	ldrb	r0, [r3, #0]
10003f2c:	f3c0 0080 	ubfx	r0, r0, #2, #1
10003f30:	4770      	bx	lr
10003f32:	bf00      	nop
10003f34:	20001c98 	.word	0x20001c98

10003f38 <tud_rhport_init>:
10003f38:	e92d 47f0 	stmdb	sp!, {r4, r5, r6, r7, r8, r9, sl, lr}
10003f3c:	f8df a0e4 	ldr.w	sl, [pc, #228]	@ 10004024 <tud_rhport_init+0xec>
10003f40:	f89a 3000 	ldrb.w	r3, [sl]
10003f44:	2bff      	cmp	r3, #255	@ 0xff
10003f46:	d156      	bne.n	10003ff6 <tud_rhport_init+0xbe>
10003f48:	460e      	mov	r6, r1
10003f4a:	2900      	cmp	r1, #0
10003f4c:	d03e      	beq.n	10003fcc <tud_rhport_init+0x94>
10003f4e:	2100      	movs	r1, #0
10003f50:	2254      	movs	r2, #84	@ 0x54
10003f52:	4607      	mov	r7, r0
10003f54:	4829      	ldr	r0, [pc, #164]	@ (10003ffc <tud_rhport_init+0xc4>)
10003f56:	f004 f87b 	bl	10008050 <memset>
10003f5a:	2200      	movs	r2, #0
10003f5c:	4c28      	ldr	r4, [pc, #160]	@ (10004000 <tud_rhport_init+0xc8>)
10003f5e:	4b29      	ldr	r3, [pc, #164]	@ (10004004 <tud_rhport_init+0xcc>)
10003f60:	4620      	mov	r0, r4
10003f62:	701a      	strb	r2, [r3, #0]
10003f64:	f7fc fd2a 	bl	100009bc <mutex_init>
10003f68:	4b27      	ldr	r3, [pc, #156]	@ (10004008 <tud_rhport_init+0xd0>)
10003f6a:	4828      	ldr	r0, [pc, #160]	@ (1000400c <tud_rhport_init+0xd4>)
10003f6c:	601c      	str	r4, [r3, #0]
10003f6e:	4c28      	ldr	r4, [pc, #160]	@ (10004010 <tud_rhport_init+0xd8>)
10003f70:	f7fc fd32 	bl	100009d8 <critical_section_init>
10003f74:	4620      	mov	r0, r4
10003f76:	f001 fdab 	bl	10005ad0 <tu_fifo_clear>
10003f7a:	4a26      	ldr	r2, [pc, #152]	@ (10004014 <tud_rhport_init+0xdc>)
10003f7c:	4b26      	ldr	r3, [pc, #152]	@ (10004018 <tud_rhport_init+0xe0>)
10003f7e:	6014      	str	r4, [r2, #0]
10003f80:	b123      	cbz	r3, 10003f8c <tud_rhport_init+0x54>
10003f82:	4826      	ldr	r0, [pc, #152]	@ (1000401c <tud_rhport_init+0xe4>)
10003f84:	f7ff fac4 	bl	10003510 <usbd_app_driver_get_cb>
10003f88:	4b25      	ldr	r3, [pc, #148]	@ (10004020 <tud_rhport_init+0xe8>)
10003f8a:	6018      	str	r0, [r3, #0]
10003f8c:	2400      	movs	r4, #0
10003f8e:	4d23      	ldr	r5, [pc, #140]	@ (1000401c <tud_rhport_init+0xe4>)
10003f90:	4623      	mov	r3, r4
10003f92:	782a      	ldrb	r2, [r5, #0]
10003f94:	f8df 9090 	ldr.w	r9, [pc, #144]	@ 10004028 <tud_rhport_init+0xf0>
10003f98:	f8df 8084 	ldr.w	r8, [pc, #132]	@ 10004020 <tud_rhport_init+0xe8>
10003f9c:	e00e      	b.n	10003fbc <tud_rhport_init+0x84>
10003f9e:	f8d8 3000 	ldr.w	r3, [r8]
10003fa2:	eb13 1344 	adds.w	r3, r3, r4, lsl #5
10003fa6:	d011      	beq.n	10003fcc <tud_rhport_init+0x94>
10003fa8:	685b      	ldr	r3, [r3, #4]
10003faa:	b17b      	cbz	r3, 10003fcc <tud_rhport_init+0x94>
10003fac:	4798      	blx	r3
10003fae:	782a      	ldrb	r2, [r5, #0]
10003fb0:	3401      	adds	r4, #1
10003fb2:	b2e4      	uxtb	r4, r4
10003fb4:	1c51      	adds	r1, r2, #1
10003fb6:	42a1      	cmp	r1, r4
10003fb8:	4623      	mov	r3, r4
10003fba:	db11      	blt.n	10003fe0 <tud_rhport_init+0xa8>
10003fbc:	42a2      	cmp	r2, r4
10003fbe:	d8ee      	bhi.n	10003f9e <tud_rhport_init+0x66>
10003fc0:	1a9b      	subs	r3, r3, r2
10003fc2:	eb09 1343 	add.w	r3, r9, r3, lsl #5
10003fc6:	685b      	ldr	r3, [r3, #4]
10003fc8:	2b00      	cmp	r3, #0
10003fca:	d1ef      	bne.n	10003fac <tud_rhport_init+0x74>
10003fcc:	f04f 23e0 	mov.w	r3, #3758153728	@ 0xe000e000
10003fd0:	f8d3 3df0 	ldr.w	r3, [r3, #3568]	@ 0xdf0
10003fd4:	07db      	lsls	r3, r3, #31
10003fd6:	d500      	bpl.n	10003fda <tud_rhport_init+0xa2>
10003fd8:	be00      	bkpt	0x0000
10003fda:	2000      	movs	r0, #0
10003fdc:	e8bd 87f0 	ldmia.w	sp!, {r4, r5, r6, r7, r8, r9, sl, pc}
10003fe0:	4631      	mov	r1, r6
10003fe2:	4638      	mov	r0, r7
10003fe4:	f88a 7000 	strb.w	r7, [sl]
10003fe8:	f7ff fdd0 	bl	10003b8c <dcd_init>
10003fec:	2800      	cmp	r0, #0
10003fee:	d0ed      	beq.n	10003fcc <tud_rhport_init+0x94>
10003ff0:	4638      	mov	r0, r7
10003ff2:	f7ff fe11 	bl	10003c18 <dcd_int_enable>
10003ff6:	2001      	movs	r0, #1
10003ff8:	e8bd 87f0 	ldmia.w	sp!, {r4, r5, r6, r7, r8, r9, sl, pc}
10003ffc:	20001c98 	.word	0x20001c98
10004000:	20001c90 	.word	0x20001c90
10004004:	200026d2 	.word	0x200026d2
10004008:	20001cec 	.word	0x20001cec
1000400c:	20001210 	.word	0x20001210
10004010:	200011fc 	.word	0x200011fc
10004014:	20001cf0 	.word	0x20001cf0
10004018:	10003511 	.word	0x10003511
1000401c:	200026d0 	.word	0x200026d0
10004020:	20001ac8 	.word	0x20001ac8
10004024:	20001218 	.word	0x20001218
10004028:	10008b4c 	.word	0x10008b4c

1000402c <tud_task_ext>:
1000402c:	e92d 4ff0 	stmdb	sp!, {r4, r5, r6, r7, r8, r9, sl, fp, lr}
10004030:	f8df 92c8 	ldr.w	r9, [pc, #712]	@ 100042fc <tud_task_ext+0x2d0>
10004034:	b08b      	sub	sp, #44	@ 0x2c
10004036:	f899 3000 	ldrb.w	r3, [r9]
1000403a:	2bff      	cmp	r3, #255	@ 0xff
1000403c:	f000 80f1 	beq.w	10004222 <tud_task_ext+0x1f6>
10004040:	4ca8      	ldr	r4, [pc, #672]	@ (100042e4 <tud_task_ext+0x2b8>)
10004042:	4da9      	ldr	r5, [pc, #676]	@ (100042e8 <tud_task_ext+0x2bc>)
10004044:	f8df a2b0 	ldr.w	sl, [pc, #688]	@ 100042f8 <tud_task_ext+0x2cc>
10004048:	f8df b2b4 	ldr.w	fp, [pc, #692]	@ 10004300 <tud_task_ext+0x2d4>
1000404c:	6826      	ldr	r6, [r4, #0]
1000404e:	6973      	ldr	r3, [r6, #20]
10004050:	f3ef 8210 	mrs	r2, PRIMASK
10004054:	b672      	cpsid	i
10004056:	e8d3 0fcf 	ldaexb	r0, [r3]
1000405a:	2101      	movs	r1, #1
1000405c:	2800      	cmp	r0, #0
1000405e:	d1fa      	bne.n	10004056 <tud_task_ext+0x2a>
10004060:	e8c3 1f40 	strexb	r0, r1, [r3]
10004064:	2800      	cmp	r0, #0
10004066:	d1f6      	bne.n	10004056 <tud_task_ext+0x2a>
10004068:	f3bf 8f5f 	dmb	sy
1000406c:	61b2      	str	r2, [r6, #24]
1000406e:	4630      	mov	r0, r6
10004070:	a907      	add	r1, sp, #28
10004072:	f001 fb77 	bl	10005764 <tu_fifo_read>
10004076:	2300      	movs	r3, #0
10004078:	6972      	ldr	r2, [r6, #20]
1000407a:	e8c2 3f8f 	stlb	r3, [r2]
1000407e:	69b3      	ldr	r3, [r6, #24]
10004080:	f383 8810 	msr	PRIMASK, r3
10004084:	2800      	cmp	r0, #0
10004086:	f000 80cc 	beq.w	10004222 <tud_task_ext+0x1f6>
1000408a:	f89d 301d 	ldrb.w	r3, [sp, #29]
1000408e:	3b01      	subs	r3, #1
10004090:	2b07      	cmp	r3, #7
10004092:	f200 837d 	bhi.w	10004790 <tud_task_ext+0x764>
10004096:	e8df f003 	tbb	[pc, r3]
1000409a:	b1a7      	.short	0xb1a7
1000409c:	358e9d95 	.word	0x358e9d95
100040a0:	040a      	.short	0x040a
100040a2:	9b08      	ldr	r3, [sp, #32]
100040a4:	2b00      	cmp	r3, #0
100040a6:	d0d1      	beq.n	1000404c <tud_task_ext+0x20>
100040a8:	9809      	ldr	r0, [sp, #36]	@ 0x24
100040aa:	4798      	blx	r3
100040ac:	e7ce      	b.n	1000404c <tud_task_ext+0x20>
100040ae:	f89d 1020 	ldrb.w	r1, [sp, #32]
100040b2:	f001 067f 	and.w	r6, r1, #127	@ 0x7f
100040b6:	eb05 0046 	add.w	r0, r5, r6, lsl #1
100040ba:	eb00 10d1 	add.w	r0, r0, r1, lsr #7
100040be:	f890 3034 	ldrb.w	r3, [r0, #52]	@ 0x34
100040c2:	f023 0301 	bic.w	r3, r3, #1
100040c6:	f880 3034 	strb.w	r3, [r0, #52]	@ 0x34
100040ca:	f890 3034 	ldrb.w	r3, [r0, #52]	@ 0x34
100040ce:	f023 0304 	bic.w	r3, r3, #4
100040d2:	f880 3034 	strb.w	r3, [r0, #52]	@ 0x34
100040d6:	2e00      	cmp	r6, #0
100040d8:	f000 80a6 	beq.w	10004228 <tud_task_ext+0x1fc>
100040dc:	7d03      	ldrb	r3, [r0, #20]
100040de:	f89a 2000 	ldrb.w	r2, [sl]
100040e2:	4293      	cmp	r3, r2
100040e4:	f080 8093 	bcs.w	1000420e <tud_task_ext+0x1e2>
100040e8:	4a80      	ldr	r2, [pc, #512]	@ (100042ec <tud_task_ext+0x2c0>)
100040ea:	6812      	ldr	r2, [r2, #0]
100040ec:	eb12 1343 	adds.w	r3, r2, r3, lsl #5
100040f0:	f000 8090 	beq.w	10004214 <tud_task_ext+0x1e8>
100040f4:	699e      	ldr	r6, [r3, #24]
100040f6:	f89d 2021 	ldrb.w	r2, [sp, #33]	@ 0x21
100040fa:	9b09      	ldr	r3, [sp, #36]	@ 0x24
100040fc:	f89d 001c 	ldrb.w	r0, [sp, #28]
10004100:	47b0      	blx	r6
10004102:	e7a3      	b.n	1000404c <tud_task_ext+0x20>
10004104:	f89b 3000 	ldrb.w	r3, [fp]
10004108:	2b00      	cmp	r3, #0
1000410a:	f000 8083 	beq.w	10004214 <tud_task_ext+0x1e8>
1000410e:	f89b 3000 	ldrb.w	r3, [fp]
10004112:	3b01      	subs	r3, #1
10004114:	b2db      	uxtb	r3, r3
10004116:	f88b 3000 	strb.w	r3, [fp]
1000411a:	f89b 3000 	ldrb.w	r3, [fp]
1000411e:	f003 00ff 	and.w	r0, r3, #255	@ 0xff
10004122:	2b00      	cmp	r3, #0
10004124:	d192      	bne.n	1000404c <tud_task_ext+0x20>
10004126:	4f70      	ldr	r7, [pc, #448]	@ (100042e8 <tud_task_ext+0x2bc>)
10004128:	f89d 801c 	ldrb.w	r8, [sp, #28]
1000412c:	783b      	ldrb	r3, [r7, #0]
1000412e:	f043 0301 	orr.w	r3, r3, #1
10004132:	703b      	strb	r3, [r7, #0]
10004134:	f897 3034 	ldrb.w	r3, [r7, #52]	@ 0x34
10004138:	f360 0300 	bfi	r3, r0, #0, #1
1000413c:	f887 3034 	strb.w	r3, [r7, #52]	@ 0x34
10004140:	f897 3034 	ldrb.w	r3, [r7, #52]	@ 0x34
10004144:	f360 0382 	bfi	r3, r0, #2, #1
10004148:	f887 3034 	strb.w	r3, [r7, #52]	@ 0x34
1000414c:	f897 3035 	ldrb.w	r3, [r7, #53]	@ 0x35
10004150:	f360 0300 	bfi	r3, r0, #0, #1
10004154:	f887 3035 	strb.w	r3, [r7, #53]	@ 0x35
10004158:	f897 3035 	ldrb.w	r3, [r7, #53]	@ 0x35
1000415c:	f360 0382 	bfi	r3, r0, #2, #1
10004160:	f887 3035 	strb.w	r3, [r7, #53]	@ 0x35
10004164:	f000 fc6c 	bl	10004a40 <usbd_control_set_complete_callback>
10004168:	f89d 3020 	ldrb.w	r3, [sp, #32]
1000416c:	f003 0260 	and.w	r2, r3, #96	@ 0x60
10004170:	2a60      	cmp	r2, #96	@ 0x60
10004172:	d06c      	beq.n	1000424e <tud_task_ext+0x222>
10004174:	2a40      	cmp	r2, #64	@ 0x40
10004176:	d07c      	beq.n	10004272 <tud_task_ext+0x246>
10004178:	f003 031f 	and.w	r3, r3, #31
1000417c:	2b01      	cmp	r3, #1
1000417e:	f000 80c1 	beq.w	10004304 <tud_task_ext+0x2d8>
10004182:	2b02      	cmp	r3, #2
10004184:	f000 8081 	beq.w	1000428a <tud_task_ext+0x25e>
10004188:	2b00      	cmp	r3, #0
1000418a:	d160      	bne.n	1000424e <tud_task_ext+0x222>
1000418c:	2a20      	cmp	r2, #32
1000418e:	f000 81e9 	beq.w	10004564 <tud_task_ext+0x538>
10004192:	2a00      	cmp	r2, #0
10004194:	d15b      	bne.n	1000424e <tud_task_ext+0x222>
10004196:	f89d 3021 	ldrb.w	r3, [sp, #33]	@ 0x21
1000419a:	2b09      	cmp	r3, #9
1000419c:	d857      	bhi.n	1000424e <tud_task_ext+0x222>
1000419e:	e8df f013 	tbh	[pc, r3, lsl #1]
100041a2:	01b0      	.short	0x01b0
100041a4:	005601a2 	.word	0x005601a2
100041a8:	005601c1 	.word	0x005601c1
100041ac:	016b0195 	.word	0x016b0195
100041b0:	01600056 	.word	0x01600056
100041b4:	00f4      	.short	0x00f4
100041b6:	782b      	ldrb	r3, [r5, #0]
100041b8:	07d9      	lsls	r1, r3, #31
100041ba:	f57f af47 	bpl.w	1000404c <tud_task_ext+0x20>
100041be:	f7ff fea9 	bl	10003f14 <tud_resume_cb>
100041c2:	e743      	b.n	1000404c <tud_task_ext+0x20>
100041c4:	78eb      	ldrb	r3, [r5, #3]
100041c6:	07da      	lsls	r2, r3, #31
100041c8:	f57f af40 	bpl.w	1000404c <tud_task_ext+0x20>
100041cc:	9808      	ldr	r0, [sp, #32]
100041ce:	f7ff fe95 	bl	10003efc <tud_sof_cb>
100041d2:	e73b      	b.n	1000404c <tud_task_ext+0x20>
100041d4:	782b      	ldrb	r3, [r5, #0]
100041d6:	07d8      	lsls	r0, r3, #31
100041d8:	f57f af38 	bpl.w	1000404c <tud_task_ext+0x20>
100041dc:	7828      	ldrb	r0, [r5, #0]
100041de:	f3c0 00c0 	ubfx	r0, r0, #3, #1
100041e2:	f7ff fe95 	bl	10003f10 <tud_suspend_cb>
100041e6:	e731      	b.n	1000404c <tud_task_ext+0x20>
100041e8:	f89d 001c 	ldrb.w	r0, [sp, #28]
100041ec:	f7ff fe3e 	bl	10003e6c <configuration_reset>
100041f0:	f000 fc1c 	bl	10004a2c <usbd_control_reset>
100041f4:	f89d 3020 	ldrb.w	r3, [sp, #32]
100041f8:	70ab      	strb	r3, [r5, #2]
100041fa:	e727      	b.n	1000404c <tud_task_ext+0x20>
100041fc:	f89d 001c 	ldrb.w	r0, [sp, #28]
10004200:	f7ff fe34 	bl	10003e6c <configuration_reset>
10004204:	f000 fc12 	bl	10004a2c <usbd_control_reset>
10004208:	f7ff fe80 	bl	10003f0c <tud_umount_cb>
1000420c:	e71e      	b.n	1000404c <tud_task_ext+0x20>
1000420e:	1c50      	adds	r0, r2, #1
10004210:	4298      	cmp	r0, r3
10004212:	da11      	bge.n	10004238 <tud_task_ext+0x20c>
10004214:	f04f 23e0 	mov.w	r3, #3758153728	@ 0xe000e000
10004218:	f8d3 3df0 	ldr.w	r3, [r3, #3568]	@ 0xdf0
1000421c:	07dc      	lsls	r4, r3, #31
1000421e:	d500      	bpl.n	10004222 <tud_task_ext+0x1f6>
10004220:	be00      	bkpt	0x0000
10004222:	b00b      	add	sp, #44	@ 0x2c
10004224:	e8bd 8ff0 	ldmia.w	sp!, {r4, r5, r6, r7, r8, r9, sl, fp, pc}
10004228:	9b09      	ldr	r3, [sp, #36]	@ 0x24
1000422a:	f89d 2021 	ldrb.w	r2, [sp, #33]	@ 0x21
1000422e:	f89d 001c 	ldrb.w	r0, [sp, #28]
10004232:	f000 fc19 	bl	10004a68 <usbd_control_xfer_cb>
10004236:	e709      	b.n	1000404c <tud_task_ext+0x20>
10004238:	1a9b      	subs	r3, r3, r2
1000423a:	4a2d      	ldr	r2, [pc, #180]	@ (100042f0 <tud_task_ext+0x2c4>)
1000423c:	eb02 1343 	add.w	r3, r2, r3, lsl #5
10004240:	e758      	b.n	100040f4 <tud_task_ext+0xc8>
10004242:	f7ff fb8d 	bl	10003960 <tud_descriptor_configuration_cb>
10004246:	4602      	mov	r2, r0
10004248:	2800      	cmp	r0, #0
1000424a:	f040 8182 	bne.w	10004552 <tud_task_ext+0x526>
1000424e:	f04f 23e0 	mov.w	r3, #3758153728	@ 0xe000e000
10004252:	f8d3 3df0 	ldr.w	r3, [r3, #3568]	@ 0xdf0
10004256:	07de      	lsls	r6, r3, #31
10004258:	d500      	bpl.n	1000425c <tud_task_ext+0x230>
1000425a:	be00      	bkpt	0x0000
1000425c:	f89d 001c 	ldrb.w	r0, [sp, #28]
10004260:	2100      	movs	r1, #0
10004262:	f7ff fd99 	bl	10003d98 <dcd_edpt_stall>
10004266:	2180      	movs	r1, #128	@ 0x80
10004268:	f89d 001c 	ldrb.w	r0, [sp, #28]
1000426c:	f7ff fd94 	bl	10003d98 <dcd_edpt_stall>
10004270:	e6ec      	b.n	1000404c <tud_task_ext+0x20>
10004272:	4820      	ldr	r0, [pc, #128]	@ (100042f4 <tud_task_ext+0x2c8>)
10004274:	f000 fbe4 	bl	10004a40 <usbd_control_set_complete_callback>
10004278:	2101      	movs	r1, #1
1000427a:	4640      	mov	r0, r8
1000427c:	aa08      	add	r2, sp, #32
1000427e:	f7ff f933 	bl	100034e8 <tud_vendor_control_xfer_cb>
10004282:	2800      	cmp	r0, #0
10004284:	f47f aee2 	bne.w	1000404c <tud_task_ext+0x20>
10004288:	e7e8      	b.n	1000425c <tud_task_ext+0x230>
1000428a:	f89d 1024 	ldrb.w	r1, [sp, #36]	@ 0x24
1000428e:	f011 0f70 	tst.w	r1, #112	@ 0x70
10004292:	d1dc      	bne.n	1000424e <tud_task_ext+0x222>
10004294:	f001 067f 	and.w	r6, r1, #127	@ 0x7f
10004298:	eb07 0046 	add.w	r0, r7, r6, lsl #1
1000429c:	4b16      	ldr	r3, [pc, #88]	@ (100042f8 <tud_task_ext+0x2cc>)
1000429e:	eb00 10d1 	add.w	r0, r0, r1, lsr #7
100042a2:	781b      	ldrb	r3, [r3, #0]
100042a4:	7d00      	ldrb	r0, [r0, #20]
100042a6:	0076      	lsls	r6, r6, #1
100042a8:	9601      	str	r6, [sp, #4]
100042aa:	4298      	cmp	r0, r3
100042ac:	ea4f 16d1 	mov.w	r6, r1, lsr #7
100042b0:	9600      	str	r6, [sp, #0]
100042b2:	d359      	bcc.n	10004368 <tud_task_ext+0x33c>
100042b4:	1c5e      	adds	r6, r3, #1
100042b6:	4286      	cmp	r6, r0
100042b8:	f2c0 8166 	blt.w	10004588 <tud_task_ext+0x55c>
100042bc:	1ac0      	subs	r0, r0, r3
100042be:	4b0c      	ldr	r3, [pc, #48]	@ (100042f0 <tud_task_ext+0x2c4>)
100042c0:	eb03 1640 	add.w	r6, r3, r0, lsl #5
100042c4:	2a00      	cmp	r2, #0
100042c6:	f000 8163 	beq.w	10004590 <tud_task_ext+0x564>
100042ca:	6970      	ldr	r0, [r6, #20]
100042cc:	f000 fbb8 	bl	10004a40 <usbd_control_set_complete_callback>
100042d0:	2101      	movs	r1, #1
100042d2:	4640      	mov	r0, r8
100042d4:	6973      	ldr	r3, [r6, #20]
100042d6:	aa08      	add	r2, sp, #32
100042d8:	4798      	blx	r3
100042da:	2800      	cmp	r0, #0
100042dc:	f47f aeb6 	bne.w	1000404c <tud_task_ext+0x20>
100042e0:	e7bc      	b.n	1000425c <tud_task_ext+0x230>
100042e2:	bf00      	nop
100042e4:	20001cf0 	.word	0x20001cf0
100042e8:	20001c98 	.word	0x20001c98
100042ec:	20001ac8 	.word	0x20001ac8
100042f0:	10008b4c 	.word	0x10008b4c
100042f4:	100034e9 	.word	0x100034e9
100042f8:	200026d0 	.word	0x200026d0
100042fc:	20001218 	.word	0x20001218
10004300:	200026d2 	.word	0x200026d2
10004304:	f89d 3024 	ldrb.w	r3, [sp, #36]	@ 0x24
10004308:	2b0f      	cmp	r3, #15
1000430a:	d8a7      	bhi.n	1000425c <tud_task_ext+0x230>
1000430c:	4aae      	ldr	r2, [pc, #696]	@ (100045c8 <tud_task_ext+0x59c>)
1000430e:	443b      	add	r3, r7
10004310:	791b      	ldrb	r3, [r3, #4]
10004312:	7812      	ldrb	r2, [r2, #0]
10004314:	4293      	cmp	r3, r2
10004316:	d332      	bcc.n	1000437e <tud_task_ext+0x352>
10004318:	1c51      	adds	r1, r2, #1
1000431a:	4299      	cmp	r1, r3
1000431c:	db9e      	blt.n	1000425c <tud_task_ext+0x230>
1000431e:	4eab      	ldr	r6, [pc, #684]	@ (100045cc <tud_task_ext+0x5a0>)
10004320:	1a9b      	subs	r3, r3, r2
10004322:	eb06 1643 	add.w	r6, r6, r3, lsl #5
10004326:	6970      	ldr	r0, [r6, #20]
10004328:	f000 fb8a 	bl	10004a40 <usbd_control_set_complete_callback>
1000432c:	2101      	movs	r1, #1
1000432e:	4640      	mov	r0, r8
10004330:	6973      	ldr	r3, [r6, #20]
10004332:	aa08      	add	r2, sp, #32
10004334:	4798      	blx	r3
10004336:	2800      	cmp	r0, #0
10004338:	f47f ae88 	bne.w	1000404c <tud_task_ext+0x20>
1000433c:	f89d 3020 	ldrb.w	r3, [sp, #32]
10004340:	f013 0660 	ands.w	r6, r3, #96	@ 0x60
10004344:	d18a      	bne.n	1000425c <tud_task_ext+0x230>
10004346:	f89d 3021 	ldrb.w	r3, [sp, #33]	@ 0x21
1000434a:	3b0a      	subs	r3, #10
1000434c:	2b01      	cmp	r3, #1
1000434e:	d885      	bhi.n	1000425c <tud_task_ext+0x230>
10004350:	f000 fb76 	bl	10004a40 <usbd_control_set_complete_callback>
10004354:	f89d 3021 	ldrb.w	r3, [sp, #33]	@ 0x21
10004358:	2b0a      	cmp	r3, #10
1000435a:	f000 81f2 	beq.w	10004742 <tud_task_ext+0x716>
1000435e:	4640      	mov	r0, r8
10004360:	a908      	add	r1, sp, #32
10004362:	f000 faf1 	bl	10004948 <tud_control_status>
10004366:	e671      	b.n	1000404c <tud_task_ext+0x20>
10004368:	4b99      	ldr	r3, [pc, #612]	@ (100045d0 <tud_task_ext+0x5a4>)
1000436a:	681b      	ldr	r3, [r3, #0]
1000436c:	eb03 1640 	add.w	r6, r3, r0, lsl #5
10004370:	2a00      	cmp	r2, #0
10004372:	f000 810d 	beq.w	10004590 <tud_task_ext+0x564>
10004376:	2e00      	cmp	r6, #0
10004378:	f43f af70 	beq.w	1000425c <tud_task_ext+0x230>
1000437c:	e7a5      	b.n	100042ca <tud_task_ext+0x29e>
1000437e:	4a94      	ldr	r2, [pc, #592]	@ (100045d0 <tud_task_ext+0x5a4>)
10004380:	6816      	ldr	r6, [r2, #0]
10004382:	eb16 1643 	adds.w	r6, r6, r3, lsl #5
10004386:	d1ce      	bne.n	10004326 <tud_task_ext+0x2fa>
10004388:	e768      	b.n	1000425c <tud_task_ext+0x230>
1000438a:	787b      	ldrb	r3, [r7, #1]
1000438c:	f89d 6022 	ldrb.w	r6, [sp, #34]	@ 0x22
10004390:	429e      	cmp	r6, r3
10004392:	f000 814f 	beq.w	10004634 <tud_task_ext+0x608>
10004396:	787b      	ldrb	r3, [r7, #1]
10004398:	2b00      	cmp	r3, #0
1000439a:	f040 81be 	bne.w	1000471a <tud_task_ext+0x6ee>
1000439e:	707e      	strb	r6, [r7, #1]
100043a0:	2e00      	cmp	r6, #0
100043a2:	f000 8145 	beq.w	10004630 <tud_task_ext+0x604>
100043a6:	1e70      	subs	r0, r6, #1
100043a8:	b2c0      	uxtb	r0, r0
100043aa:	f7ff fad9 	bl	10003960 <tud_descriptor_configuration_cb>
100043ae:	4603      	mov	r3, r0
100043b0:	2800      	cmp	r0, #0
100043b2:	f000 815f 	beq.w	10004674 <tud_task_ext+0x648>
100043b6:	7842      	ldrb	r2, [r0, #1]
100043b8:	2a02      	cmp	r2, #2
100043ba:	f040 815b 	bne.w	10004674 <tud_task_ext+0x648>
100043be:	79c1      	ldrb	r1, [r0, #7]
100043c0:	f103 0609 	add.w	r6, r3, #9
100043c4:	f3c1 1240 	ubfx	r2, r1, #5, #1
100043c8:	0112      	lsls	r2, r2, #4
100043ca:	f3c1 1180 	ubfx	r1, r1, #6, #1
100043ce:	ea42 1241 	orr.w	r2, r2, r1, lsl #5
100043d2:	4631      	mov	r1, r6
100043d4:	7838      	ldrb	r0, [r7, #0]
100043d6:	f020 0030 	bic.w	r0, r0, #48	@ 0x30
100043da:	4302      	orrs	r2, r0
100043dc:	703a      	strb	r2, [r7, #0]
100043de:	885a      	ldrh	r2, [r3, #2]
100043e0:	f8cd 800c 	str.w	r8, [sp, #12]
100043e4:	189a      	adds	r2, r3, r2
100043e6:	9201      	str	r2, [sp, #4]
100043e8:	9b01      	ldr	r3, [sp, #4]
100043ea:	428b      	cmp	r3, r1
100043ec:	f240 81a4 	bls.w	10004738 <tud_task_ext+0x70c>
100043f0:	784a      	ldrb	r2, [r1, #1]
100043f2:	2a0b      	cmp	r2, #11
100043f4:	f000 81af 	beq.w	10004756 <tud_task_ext+0x72a>
100043f8:	2301      	movs	r3, #1
100043fa:	2a04      	cmp	r2, #4
100043fc:	f040 813a 	bne.w	10004674 <tud_task_ext+0x648>
10004400:	2600      	movs	r6, #0
10004402:	9a01      	ldr	r2, [sp, #4]
10004404:	9600      	str	r6, [sp, #0]
10004406:	1a52      	subs	r2, r2, r1
10004408:	b292      	uxth	r2, r2
1000440a:	9202      	str	r2, [sp, #8]
1000440c:	4a6e      	ldr	r2, [pc, #440]	@ (100045c8 <tud_task_ext+0x59c>)
1000440e:	9304      	str	r3, [sp, #16]
10004410:	7812      	ldrb	r2, [r2, #0]
10004412:	e01d      	b.n	10004450 <tud_task_ext+0x424>
10004414:	4b6e      	ldr	r3, [pc, #440]	@ (100045d0 <tud_task_ext+0x5a4>)
10004416:	681b      	ldr	r3, [r3, #0]
10004418:	eb13 1846 	adds.w	r8, r3, r6, lsl #5
1000441c:	f000 812a 	beq.w	10004674 <tud_task_ext+0x648>
10004420:	9a02      	ldr	r2, [sp, #8]
10004422:	f8d8 3010 	ldr.w	r3, [r8, #16]
10004426:	9803      	ldr	r0, [sp, #12]
10004428:	9105      	str	r1, [sp, #20]
1000442a:	4798      	blx	r3
1000442c:	2808      	cmp	r0, #8
1000442e:	4602      	mov	r2, r0
10004430:	9905      	ldr	r1, [sp, #20]
10004432:	f106 0301 	add.w	r3, r6, #1
10004436:	d903      	bls.n	10004440 <tud_task_ext+0x414>
10004438:	9802      	ldr	r0, [sp, #8]
1000443a:	4290      	cmp	r0, r2
1000443c:	f080 80ff 	bcs.w	1000463e <tud_task_ext+0x612>
10004440:	b2de      	uxtb	r6, r3
10004442:	4b61      	ldr	r3, [pc, #388]	@ (100045c8 <tud_task_ext+0x59c>)
10004444:	9600      	str	r6, [sp, #0]
10004446:	781a      	ldrb	r2, [r3, #0]
10004448:	1c53      	adds	r3, r2, #1
1000444a:	429e      	cmp	r6, r3
1000444c:	f300 8112 	bgt.w	10004674 <tud_task_ext+0x648>
10004450:	9b00      	ldr	r3, [sp, #0]
10004452:	42b2      	cmp	r2, r6
10004454:	eba3 0202 	sub.w	r2, r3, r2
10004458:	d8dc      	bhi.n	10004414 <tud_task_ext+0x3e8>
1000445a:	4b5c      	ldr	r3, [pc, #368]	@ (100045cc <tud_task_ext+0x5a0>)
1000445c:	eb03 1842 	add.w	r8, r3, r2, lsl #5
10004460:	e7de      	b.n	10004420 <tud_task_ext+0x3f4>
10004462:	787b      	ldrb	r3, [r7, #1]
10004464:	4640      	mov	r0, r8
10004466:	f88d 301a 	strb.w	r3, [sp, #26]
1000446a:	f10d 021a 	add.w	r2, sp, #26
1000446e:	2301      	movs	r3, #1
10004470:	a908      	add	r1, sp, #32
10004472:	f000 fa83 	bl	1000497c <tud_control_xfer>
10004476:	e5e9      	b.n	1000404c <tud_task_ext+0x20>
10004478:	f8bd 0022 	ldrh.w	r0, [sp, #34]	@ 0x22
1000447c:	0a03      	lsrs	r3, r0, #8
1000447e:	3b01      	subs	r3, #1
10004480:	0a02      	lsrs	r2, r0, #8
10004482:	b2c0      	uxtb	r0, r0
10004484:	2b0e      	cmp	r3, #14
10004486:	f63f aee9 	bhi.w	1000425c <tud_task_ext+0x230>
1000448a:	a101      	add	r1, pc, #4	@ (adr r1, 10004490 <tud_task_ext+0x464>)
1000448c:	f851 f023 	ldr.w	pc, [r1, r3, lsl #2]
10004490:	100046a5 	.word	0x100046a5
10004494:	10004541 	.word	0x10004541
10004498:	100046e1 	.word	0x100046e1
1000449c:	1000425d 	.word	0x1000425d
100044a0:	1000425d 	.word	0x1000425d
100044a4:	100046c3 	.word	0x100046c3
100044a8:	10004541 	.word	0x10004541
100044ac:	1000425d 	.word	0x1000425d
100044b0:	1000425d 	.word	0x1000425d
100044b4:	1000425d 	.word	0x1000425d
100044b8:	1000425d 	.word	0x1000425d
100044bc:	1000425d 	.word	0x1000425d
100044c0:	1000425d 	.word	0x1000425d
100044c4:	1000425d 	.word	0x1000425d
100044c8:	10004697 	.word	0x10004697
100044cc:	a808      	add	r0, sp, #32
100044ce:	f000 fabd 	bl	10004a4c <usbd_control_set_request>
100044d2:	4640      	mov	r0, r8
100044d4:	f89d 1022 	ldrb.w	r1, [sp, #34]	@ 0x22
100044d8:	f7ff fba2 	bl	10003c20 <dcd_set_address>
100044dc:	783b      	ldrb	r3, [r7, #0]
100044de:	f043 0302 	orr.w	r3, r3, #2
100044e2:	703b      	strb	r3, [r7, #0]
100044e4:	e5b2      	b.n	1000404c <tud_task_ext+0x20>
100044e6:	f8bd 3022 	ldrh.w	r3, [sp, #34]	@ 0x22
100044ea:	2b01      	cmp	r3, #1
100044ec:	f47f aeb6 	bne.w	1000425c <tud_task_ext+0x230>
100044f0:	783b      	ldrb	r3, [r7, #0]
100044f2:	4640      	mov	r0, r8
100044f4:	f023 0308 	bic.w	r3, r3, #8
100044f8:	a908      	add	r1, sp, #32
100044fa:	703b      	strb	r3, [r7, #0]
100044fc:	f000 fa24 	bl	10004948 <tud_control_status>
10004500:	e5a4      	b.n	1000404c <tud_task_ext+0x20>
10004502:	4640      	mov	r0, r8
10004504:	783b      	ldrb	r3, [r7, #0]
10004506:	089a      	lsrs	r2, r3, #2
10004508:	f002 0202 	and.w	r2, r2, #2
1000450c:	f3c3 1340 	ubfx	r3, r3, #5, #1
10004510:	4313      	orrs	r3, r2
10004512:	f8ad 301a 	strh.w	r3, [sp, #26]
10004516:	f10d 021a 	add.w	r2, sp, #26
1000451a:	2302      	movs	r3, #2
1000451c:	a908      	add	r1, sp, #32
1000451e:	f000 fa2d 	bl	1000497c <tud_control_xfer>
10004522:	e593      	b.n	1000404c <tud_task_ext+0x20>
10004524:	f8bd 3022 	ldrh.w	r3, [sp, #34]	@ 0x22
10004528:	2b01      	cmp	r3, #1
1000452a:	f47f ae97 	bne.w	1000425c <tud_task_ext+0x230>
1000452e:	783b      	ldrb	r3, [r7, #0]
10004530:	4640      	mov	r0, r8
10004532:	f043 0308 	orr.w	r3, r3, #8
10004536:	a908      	add	r1, sp, #32
10004538:	703b      	strb	r3, [r7, #0]
1000453a:	f000 fa05 	bl	10004948 <tud_control_status>
1000453e:	e585      	b.n	1000404c <tud_task_ext+0x20>
10004540:	2a02      	cmp	r2, #2
10004542:	f43f ae7e 	beq.w	10004242 <tud_task_ext+0x216>
10004546:	f7ff fcdd 	bl	10003f04 <tud_descriptor_other_speed_configuration_cb>
1000454a:	4602      	mov	r2, r0
1000454c:	2800      	cmp	r0, #0
1000454e:	f43f ae85 	beq.w	1000425c <tud_task_ext+0x230>
10004552:	4640      	mov	r0, r8
10004554:	8853      	ldrh	r3, [r2, #2]
10004556:	a908      	add	r1, sp, #32
10004558:	f000 fa10 	bl	1000497c <tud_control_xfer>
1000455c:	2800      	cmp	r0, #0
1000455e:	f47f ad75 	bne.w	1000404c <tud_task_ext+0x20>
10004562:	e67b      	b.n	1000425c <tud_task_ext+0x230>
10004564:	f89d 3024 	ldrb.w	r3, [sp, #36]	@ 0x24
10004568:	2b0f      	cmp	r3, #15
1000456a:	f63f ae77 	bhi.w	1000425c <tud_task_ext+0x230>
1000456e:	4a16      	ldr	r2, [pc, #88]	@ (100045c8 <tud_task_ext+0x59c>)
10004570:	443b      	add	r3, r7
10004572:	791b      	ldrb	r3, [r3, #4]
10004574:	7812      	ldrb	r2, [r2, #0]
10004576:	4293      	cmp	r3, r2
10004578:	d21d      	bcs.n	100045b6 <tud_task_ext+0x58a>
1000457a:	4a15      	ldr	r2, [pc, #84]	@ (100045d0 <tud_task_ext+0x5a4>)
1000457c:	6816      	ldr	r6, [r2, #0]
1000457e:	eb16 1643 	adds.w	r6, r6, r3, lsl #5
10004582:	f47f aea2 	bne.w	100042ca <tud_task_ext+0x29e>
10004586:	e669      	b.n	1000425c <tud_task_ext+0x230>
10004588:	2a00      	cmp	r2, #0
1000458a:	f47f ae67 	bne.w	1000425c <tud_task_ext+0x230>
1000458e:	2600      	movs	r6, #0
10004590:	f89d 2021 	ldrb.w	r2, [sp, #33]	@ 0x21
10004594:	f002 03fd 	and.w	r3, r2, #253	@ 0xfd
10004598:	2b01      	cmp	r3, #1
1000459a:	d01b      	beq.n	100045d4 <tud_task_ext+0x5a8>
1000459c:	2a00      	cmp	r2, #0
1000459e:	f47f ae56 	bne.w	1000424e <tud_task_ext+0x222>
100045a2:	9b01      	ldr	r3, [sp, #4]
100045a4:	9a00      	ldr	r2, [sp, #0]
100045a6:	443b      	add	r3, r7
100045a8:	4413      	add	r3, r2
100045aa:	f893 3034 	ldrb.w	r3, [r3, #52]	@ 0x34
100045ae:	4640      	mov	r0, r8
100045b0:	f3c3 0340 	ubfx	r3, r3, #1, #1
100045b4:	e7ad      	b.n	10004512 <tud_task_ext+0x4e6>
100045b6:	1c51      	adds	r1, r2, #1
100045b8:	4299      	cmp	r1, r3
100045ba:	f6ff ae4f 	blt.w	1000425c <tud_task_ext+0x230>
100045be:	4e03      	ldr	r6, [pc, #12]	@ (100045cc <tud_task_ext+0x5a0>)
100045c0:	1a9b      	subs	r3, r3, r2
100045c2:	eb06 1643 	add.w	r6, r6, r3, lsl #5
100045c6:	e680      	b.n	100042ca <tud_task_ext+0x29e>
100045c8:	200026d0 	.word	0x200026d0
100045cc:	10008b4c 	.word	0x10008b4c
100045d0:	20001ac8 	.word	0x20001ac8
100045d4:	f8bd 3022 	ldrh.w	r3, [sp, #34]	@ 0x22
100045d8:	b9b3      	cbnz	r3, 10004608 <tud_task_ext+0x5dc>
100045da:	2a01      	cmp	r2, #1
100045dc:	f899 0000 	ldrb.w	r0, [r9]
100045e0:	f000 8086 	beq.w	100046f0 <tud_task_ext+0x6c4>
100045e4:	f7ff fbd8 	bl	10003d98 <dcd_edpt_stall>
100045e8:	9b01      	ldr	r3, [sp, #4]
100045ea:	9a00      	ldr	r2, [sp, #0]
100045ec:	443b      	add	r3, r7
100045ee:	4413      	add	r3, r2
100045f0:	f893 2034 	ldrb.w	r2, [r3, #52]	@ 0x34
100045f4:	f042 0202 	orr.w	r2, r2, #2
100045f8:	f883 2034 	strb.w	r2, [r3, #52]	@ 0x34
100045fc:	f893 2034 	ldrb.w	r2, [r3, #52]	@ 0x34
10004600:	f042 0201 	orr.w	r2, r2, #1
10004604:	f883 2034 	strb.w	r2, [r3, #52]	@ 0x34
10004608:	2e00      	cmp	r6, #0
1000460a:	f43f ad1f 	beq.w	1000404c <tud_task_ext+0x20>
1000460e:	6970      	ldr	r0, [r6, #20]
10004610:	f000 fa16 	bl	10004a40 <usbd_control_set_complete_callback>
10004614:	6973      	ldr	r3, [r6, #20]
10004616:	2101      	movs	r1, #1
10004618:	aa08      	add	r2, sp, #32
1000461a:	4640      	mov	r0, r8
1000461c:	4798      	blx	r3
1000461e:	2000      	movs	r0, #0
10004620:	f000 fa0e 	bl	10004a40 <usbd_control_set_complete_callback>
10004624:	f897 3035 	ldrb.w	r3, [r7, #53]	@ 0x35
10004628:	07df      	lsls	r7, r3, #31
1000462a:	f53f ad0f 	bmi.w	1000404c <tud_task_ext+0x20>
1000462e:	e696      	b.n	1000435e <tud_task_ext+0x332>
10004630:	f7ff fc6c 	bl	10003f0c <tud_umount_cb>
10004634:	4640      	mov	r0, r8
10004636:	a908      	add	r1, sp, #32
10004638:	f000 f986 	bl	10004948 <tud_control_status>
1000463c:	e506      	b.n	1000404c <tud_task_ext+0x20>
1000463e:	9b04      	ldr	r3, [sp, #16]
10004640:	2b01      	cmp	r3, #1
10004642:	f000 809e 	beq.w	10004782 <tud_task_ext+0x756>
10004646:	2b00      	cmp	r3, #0
10004648:	f000 808a 	beq.w	10004760 <tud_task_ext+0x734>
1000464c:	2000      	movs	r0, #0
1000464e:	f891 8002 	ldrb.w	r8, [r1, #2]
10004652:	e005      	b.n	10004660 <tud_task_ext+0x634>
10004654:	f88c 6004 	strb.w	r6, [ip, #4]
10004658:	fa5f fc80 	uxtb.w	ip, r0
1000465c:	4563      	cmp	r3, ip
1000465e:	d97f      	bls.n	10004760 <tud_task_ext+0x734>
10004660:	eb08 0c00 	add.w	ip, r8, r0
10004664:	fa57 fc8c 	uxtab	ip, r7, ip
10004668:	f89c e004 	ldrb.w	lr, [ip, #4]
1000466c:	3001      	adds	r0, #1
1000466e:	f1be 0fff 	cmp.w	lr, #255	@ 0xff
10004672:	d0ef      	beq.n	10004654 <tud_task_ext+0x628>
10004674:	f04f 23e0 	mov.w	r3, #3758153728	@ 0xe000e000
10004678:	f8d3 3df0 	ldr.w	r3, [r3, #3568]	@ 0xdf0
1000467c:	07da      	lsls	r2, r3, #31
1000467e:	d500      	bpl.n	10004682 <tud_task_ext+0x656>
10004680:	be00      	bkpt	0x0000
10004682:	f04f 23e0 	mov.w	r3, #3758153728	@ 0xe000e000
10004686:	f8d3 3df0 	ldr.w	r3, [r3, #3568]	@ 0xdf0
1000468a:	07db      	lsls	r3, r3, #31
1000468c:	d500      	bpl.n	10004690 <tud_task_ext+0x664>
1000468e:	be00      	bkpt	0x0000
10004690:	2300      	movs	r3, #0
10004692:	707b      	strb	r3, [r7, #1]
10004694:	e5e2      	b.n	1000425c <tud_task_ext+0x230>
10004696:	f7fe ff23 	bl	100034e0 <tud_descriptor_bos_cb>
1000469a:	4602      	mov	r2, r0
1000469c:	2800      	cmp	r0, #0
1000469e:	f47f af58 	bne.w	10004552 <tud_task_ext+0x526>
100046a2:	e5db      	b.n	1000425c <tud_task_ext+0x230>
100046a4:	f7ff f958 	bl	10003958 <tud_descriptor_device_cb>
100046a8:	4602      	mov	r2, r0
100046aa:	2800      	cmp	r0, #0
100046ac:	f43f adcf 	beq.w	1000424e <tud_task_ext+0x222>
100046b0:	4640      	mov	r0, r8
100046b2:	2312      	movs	r3, #18
100046b4:	a908      	add	r1, sp, #32
100046b6:	f000 f961 	bl	1000497c <tud_control_xfer>
100046ba:	2800      	cmp	r0, #0
100046bc:	f47f acc6 	bne.w	1000404c <tud_task_ext+0x20>
100046c0:	e5cc      	b.n	1000425c <tud_task_ext+0x230>
100046c2:	f7ff fc1d 	bl	10003f00 <tud_descriptor_device_qualifier_cb>
100046c6:	4602      	mov	r2, r0
100046c8:	2800      	cmp	r0, #0
100046ca:	f43f adc7 	beq.w	1000425c <tud_task_ext+0x230>
100046ce:	4640      	mov	r0, r8
100046d0:	7813      	ldrb	r3, [r2, #0]
100046d2:	a908      	add	r1, sp, #32
100046d4:	f000 f952 	bl	1000497c <tud_control_xfer>
100046d8:	2800      	cmp	r0, #0
100046da:	f47f acb7 	bne.w	1000404c <tud_task_ext+0x20>
100046de:	e5bd      	b.n	1000425c <tud_task_ext+0x230>
100046e0:	f8bd 1024 	ldrh.w	r1, [sp, #36]	@ 0x24
100046e4:	f7ff f940 	bl	10003968 <tud_descriptor_string_cb>
100046e8:	4602      	mov	r2, r0
100046ea:	2800      	cmp	r0, #0
100046ec:	d1ef      	bne.n	100046ce <tud_task_ext+0x6a2>
100046ee:	e5b5      	b.n	1000425c <tud_task_ext+0x230>
100046f0:	9302      	str	r3, [sp, #8]
100046f2:	f7ff fb69 	bl	10003dc8 <dcd_edpt_clear_stall>
100046f6:	9a01      	ldr	r2, [sp, #4]
100046f8:	9b00      	ldr	r3, [sp, #0]
100046fa:	443a      	add	r2, r7
100046fc:	441a      	add	r2, r3
100046fe:	f892 1034 	ldrb.w	r1, [r2, #52]	@ 0x34
10004702:	9b02      	ldr	r3, [sp, #8]
10004704:	f363 0141 	bfi	r1, r3, #1, #1
10004708:	f882 1034 	strb.w	r1, [r2, #52]	@ 0x34
1000470c:	f892 1034 	ldrb.w	r1, [r2, #52]	@ 0x34
10004710:	f363 0100 	bfi	r1, r3, #0, #1
10004714:	f882 1034 	strb.w	r1, [r2, #52]	@ 0x34
10004718:	e776      	b.n	10004608 <tud_task_ext+0x5dc>
1000471a:	2100      	movs	r1, #0
1000471c:	4640      	mov	r0, r8
1000471e:	f7ff fa87 	bl	10003c30 <dcd_sof_enable>
10004722:	4640      	mov	r0, r8
10004724:	f7ff fb22 	bl	10003d6c <dcd_edpt_close_all>
10004728:	78bb      	ldrb	r3, [r7, #2]
1000472a:	4640      	mov	r0, r8
1000472c:	9300      	str	r3, [sp, #0]
1000472e:	f7ff fb9d 	bl	10003e6c <configuration_reset>
10004732:	9b00      	ldr	r3, [sp, #0]
10004734:	70bb      	strb	r3, [r7, #2]
10004736:	e632      	b.n	1000439e <tud_task_ext+0x372>
10004738:	f8dd 800c 	ldr.w	r8, [sp, #12]
1000473c:	f7ff fbe4 	bl	10003f08 <tud_mount_cb>
10004740:	e778      	b.n	10004634 <tud_task_ext+0x608>
10004742:	4640      	mov	r0, r8
10004744:	2301      	movs	r3, #1
10004746:	a908      	add	r1, sp, #32
10004748:	f10d 021a 	add.w	r2, sp, #26
1000474c:	f88d 601a 	strb.w	r6, [sp, #26]
10004750:	f000 f914 	bl	1000497c <tud_control_xfer>
10004754:	e47a      	b.n	1000404c <tud_task_ext+0x20>
10004756:	780a      	ldrb	r2, [r1, #0]
10004758:	78cb      	ldrb	r3, [r1, #3]
1000475a:	4411      	add	r1, r2
1000475c:	784a      	ldrb	r2, [r1, #1]
1000475e:	e64c      	b.n	100043fa <tud_task_ext+0x3ce>
10004760:	4633      	mov	r3, r6
10004762:	4810      	ldr	r0, [pc, #64]	@ (100047a4 <tud_task_ext+0x778>)
10004764:	9204      	str	r2, [sp, #16]
10004766:	9102      	str	r1, [sp, #8]
10004768:	f000 fe76 	bl	10005458 <tu_edpt_bind_driver>
1000476c:	4b0e      	ldr	r3, [pc, #56]	@ (100047a8 <tud_task_ext+0x77c>)
1000476e:	9a04      	ldr	r2, [sp, #16]
10004770:	9902      	ldr	r1, [sp, #8]
10004772:	781b      	ldrb	r3, [r3, #0]
10004774:	4411      	add	r1, r2
10004776:	9a00      	ldr	r2, [sp, #0]
10004778:	3301      	adds	r3, #1
1000477a:	4293      	cmp	r3, r2
1000477c:	f6bf ae34 	bge.w	100043e8 <tud_task_ext+0x3bc>
10004780:	e778      	b.n	10004674 <tud_task_ext+0x648>
10004782:	f8d8 c010 	ldr.w	ip, [r8, #16]
10004786:	4809      	ldr	r0, [pc, #36]	@ (100047ac <tud_task_ext+0x780>)
10004788:	4584      	cmp	ip, r0
1000478a:	bf08      	it	eq
1000478c:	2302      	moveq	r3, #2
1000478e:	e75d      	b.n	1000464c <tud_task_ext+0x620>
10004790:	f04f 23e0 	mov.w	r3, #3758153728	@ 0xe000e000
10004794:	f8d3 3df0 	ldr.w	r3, [r3, #3568]	@ 0xdf0
10004798:	07db      	lsls	r3, r3, #31
1000479a:	f57f ac57 	bpl.w	1000404c <tud_task_ext+0x20>
1000479e:	be00      	bkpt	0x0000
100047a0:	e454      	b.n	1000404c <tud_task_ext+0x20>
100047a2:	bf00      	nop
100047a4:	20001cac 	.word	0x20001cac
100047a8:	200026d0 	.word	0x200026d0
100047ac:	10004e79 	.word	0x10004e79

100047b0 <usbd_open_edpt_pair>:
100047b0:	e92d 4ff8 	stmdb	sp!, {r3, r4, r5, r6, r7, r8, r9, sl, fp, lr}
100047b4:	9f0a      	ldr	r7, [sp, #40]	@ 0x28
100047b6:	2a00      	cmp	r2, #0
100047b8:	d040      	beq.n	1000483c <usbd_open_edpt_pair+0x8c>
100047ba:	460c      	mov	r4, r1
100047bc:	461e      	mov	r6, r3
100047be:	4615      	mov	r5, r2
100047c0:	f04f 0a00 	mov.w	sl, #0
100047c4:	f8df 907c 	ldr.w	r9, [pc, #124]	@ 10004844 <usbd_open_edpt_pair+0x94>
100047c8:	f8df 807c 	ldr.w	r8, [pc, #124]	@ 10004848 <usbd_open_edpt_pair+0x98>
100047cc:	e018      	b.n	10004800 <usbd_open_edpt_pair+0x50>
100047ce:	4620      	mov	r0, r4
100047d0:	f898 1002 	ldrb.w	r1, [r8, #2]
100047d4:	f899 b000 	ldrb.w	fp, [r9]
100047d8:	f000 fe0e 	bl	100053f8 <tu_edpt_validate>
100047dc:	b1e0      	cbz	r0, 10004818 <usbd_open_edpt_pair+0x68>
100047de:	4621      	mov	r1, r4
100047e0:	4658      	mov	r0, fp
100047e2:	f7ff fa41 	bl	10003c68 <dcd_edpt_open>
100047e6:	b1f0      	cbz	r0, 10004826 <usbd_open_edpt_pair+0x76>
100047e8:	78a2      	ldrb	r2, [r4, #2]
100047ea:	f10a 0a01 	add.w	sl, sl, #1
100047ee:	09d1      	lsrs	r1, r2, #7
100047f0:	bf16      	itet	ne
100047f2:	9b0b      	ldrne	r3, [sp, #44]	@ 0x2c
100047f4:	703a      	strbeq	r2, [r7, #0]
100047f6:	701a      	strbne	r2, [r3, #0]
100047f8:	7822      	ldrb	r2, [r4, #0]
100047fa:	45aa      	cmp	sl, r5
100047fc:	4414      	add	r4, r2
100047fe:	d01d      	beq.n	1000483c <usbd_open_edpt_pair+0x8c>
10004800:	7862      	ldrb	r2, [r4, #1]
10004802:	2a05      	cmp	r2, #5
10004804:	d10f      	bne.n	10004826 <usbd_open_edpt_pair+0x76>
10004806:	78e1      	ldrb	r1, [r4, #3]
10004808:	f001 0103 	and.w	r1, r1, #3
1000480c:	42b1      	cmp	r1, r6
1000480e:	d10a      	bne.n	10004826 <usbd_open_edpt_pair+0x76>
10004810:	78a2      	ldrb	r2, [r4, #2]
10004812:	f012 0f70 	tst.w	r2, #112	@ 0x70
10004816:	d0da      	beq.n	100047ce <usbd_open_edpt_pair+0x1e>
10004818:	f04f 23e0 	mov.w	r3, #3758153728	@ 0xe000e000
1000481c:	f8d3 3df0 	ldr.w	r3, [r3, #3568]	@ 0xdf0
10004820:	07da      	lsls	r2, r3, #31
10004822:	d500      	bpl.n	10004826 <usbd_open_edpt_pair+0x76>
10004824:	be00      	bkpt	0x0000
10004826:	f04f 23e0 	mov.w	r3, #3758153728	@ 0xe000e000
1000482a:	f8d3 3df0 	ldr.w	r3, [r3, #3568]	@ 0xdf0
1000482e:	07db      	lsls	r3, r3, #31
10004830:	d402      	bmi.n	10004838 <usbd_open_edpt_pair+0x88>
10004832:	2000      	movs	r0, #0
10004834:	e8bd 8ff8 	ldmia.w	sp!, {r3, r4, r5, r6, r7, r8, r9, sl, fp, pc}
10004838:	be00      	bkpt	0x0000
1000483a:	e7fa      	b.n	10004832 <usbd_open_edpt_pair+0x82>
1000483c:	2001      	movs	r0, #1
1000483e:	e8bd 8ff8 	ldmia.w	sp!, {r3, r4, r5, r6, r7, r8, r9, sl, fp, pc}
10004842:	bf00      	nop
10004844:	20001218 	.word	0x20001218
10004848:	20001c98 	.word	0x20001c98

1000484c <usbd_edpt_open>:
1000484c:	b538      	push	{r3, r4, r5, lr}
1000484e:	788b      	ldrb	r3, [r1, #2]
10004850:	f013 0f70 	tst.w	r3, #112	@ 0x70
10004854:	d008      	beq.n	10004868 <usbd_edpt_open+0x1c>
10004856:	f04f 23e0 	mov.w	r3, #3758153728	@ 0xe000e000
1000485a:	f8d3 3df0 	ldr.w	r3, [r3, #3568]	@ 0xdf0
1000485e:	07db      	lsls	r3, r3, #31
10004860:	d500      	bpl.n	10004864 <usbd_edpt_open+0x18>
10004862:	be00      	bkpt	0x0000
10004864:	2000      	movs	r0, #0
10004866:	bd38      	pop	{r3, r4, r5, pc}
10004868:	4a07      	ldr	r2, [pc, #28]	@ (10004888 <usbd_edpt_open+0x3c>)
1000486a:	4b08      	ldr	r3, [pc, #32]	@ (1000488c <usbd_edpt_open+0x40>)
1000486c:	460c      	mov	r4, r1
1000486e:	4608      	mov	r0, r1
10004870:	7891      	ldrb	r1, [r2, #2]
10004872:	781d      	ldrb	r5, [r3, #0]
10004874:	f000 fdc0 	bl	100053f8 <tu_edpt_validate>
10004878:	2800      	cmp	r0, #0
1000487a:	d0ec      	beq.n	10004856 <usbd_edpt_open+0xa>
1000487c:	4621      	mov	r1, r4
1000487e:	4628      	mov	r0, r5
10004880:	e8bd 4038 	ldmia.w	sp!, {r3, r4, r5, lr}
10004884:	f7ff b9f0 	b.w	10003c68 <dcd_edpt_open>
10004888:	20001c98 	.word	0x20001c98
1000488c:	20001218 	.word	0x20001218

10004890 <usbd_edpt_claim>:
10004890:	460b      	mov	r3, r1
10004892:	4a06      	ldr	r2, [pc, #24]	@ (100048ac <usbd_edpt_claim+0x1c>)
10004894:	4806      	ldr	r0, [pc, #24]	@ (100048b0 <usbd_edpt_claim+0x20>)
10004896:	6811      	ldr	r1, [r2, #0]
10004898:	09da      	lsrs	r2, r3, #7
1000489a:	3234      	adds	r2, #52	@ 0x34
1000489c:	f003 037f 	and.w	r3, r3, #127	@ 0x7f
100048a0:	eb02 0343 	add.w	r3, r2, r3, lsl #1
100048a4:	4418      	add	r0, r3
100048a6:	f000 bd61 	b.w	1000536c <tu_edpt_claim>
100048aa:	bf00      	nop
100048ac:	20001cec 	.word	0x20001cec
100048b0:	20001c98 	.word	0x20001c98

100048b4 <usbd_edpt_release>:
100048b4:	460b      	mov	r3, r1
100048b6:	4a06      	ldr	r2, [pc, #24]	@ (100048d0 <usbd_edpt_release+0x1c>)
100048b8:	4806      	ldr	r0, [pc, #24]	@ (100048d4 <usbd_edpt_release+0x20>)
100048ba:	6811      	ldr	r1, [r2, #0]
100048bc:	09da      	lsrs	r2, r3, #7
100048be:	3234      	adds	r2, #52	@ 0x34
100048c0:	f003 037f 	and.w	r3, r3, #127	@ 0x7f
100048c4:	eb02 0343 	add.w	r3, r2, r3, lsl #1
100048c8:	4418      	add	r0, r3
100048ca:	f000 bd79 	b.w	100053c0 <tu_edpt_release>
100048ce:	bf00      	nop
100048d0:	20001cec 	.word	0x20001cec
100048d4:	20001c98 	.word	0x20001c98

100048d8 <usbd_edpt_xfer>:
100048d8:	b510      	push	{r4, lr}
100048da:	4819      	ldr	r0, [pc, #100]	@ (10004940 <usbd_edpt_xfer+0x68>)
100048dc:	f001 0c7f 	and.w	ip, r1, #127	@ 0x7f
100048e0:	eb00 004c 	add.w	r0, r0, ip, lsl #1
100048e4:	eb00 10d1 	add.w	r0, r0, r1, lsr #7
100048e8:	f890 c034 	ldrb.w	ip, [r0, #52]	@ 0x34
100048ec:	f01c 0f01 	tst.w	ip, #1
100048f0:	d008      	beq.n	10004904 <usbd_edpt_xfer+0x2c>
100048f2:	f04f 23e0 	mov.w	r3, #3758153728	@ 0xe000e000
100048f6:	f8d3 3df0 	ldr.w	r3, [r3, #3568]	@ 0xdf0
100048fa:	07da      	lsls	r2, r3, #31
100048fc:	d500      	bpl.n	10004900 <usbd_edpt_xfer+0x28>
100048fe:	be00      	bkpt	0x0000
10004900:	2000      	movs	r0, #0
10004902:	bd10      	pop	{r4, pc}
10004904:	f100 0430 	add.w	r4, r0, #48	@ 0x30
10004908:	f894 c004 	ldrb.w	ip, [r4, #4]
1000490c:	480d      	ldr	r0, [pc, #52]	@ (10004944 <usbd_edpt_xfer+0x6c>)
1000490e:	f04c 0c01 	orr.w	ip, ip, #1
10004912:	7800      	ldrb	r0, [r0, #0]
10004914:	f884 c004 	strb.w	ip, [r4, #4]
10004918:	f7ff fa2a 	bl	10003d70 <dcd_edpt_xfer>
1000491c:	2800      	cmp	r0, #0
1000491e:	d1f0      	bne.n	10004902 <usbd_edpt_xfer+0x2a>
10004920:	f04f 21e0 	mov.w	r1, #3758153728	@ 0xe000e000
10004924:	7922      	ldrb	r2, [r4, #4]
10004926:	f360 0200 	bfi	r2, r0, #0, #1
1000492a:	7122      	strb	r2, [r4, #4]
1000492c:	7922      	ldrb	r2, [r4, #4]
1000492e:	f360 0282 	bfi	r2, r0, #2, #1
10004932:	7122      	strb	r2, [r4, #4]
10004934:	f8d1 3df0 	ldr.w	r3, [r1, #3568]	@ 0xdf0
10004938:	07db      	lsls	r3, r3, #31
1000493a:	d5e1      	bpl.n	10004900 <usbd_edpt_xfer+0x28>
1000493c:	be00      	bkpt	0x0000
1000493e:	e7df      	b.n	10004900 <usbd_edpt_xfer+0x28>
10004940:	20001c98 	.word	0x20001c98
10004944:	20001218 	.word	0x20001218

10004948 <tud_control_status>:
10004948:	b530      	push	{r4, r5, lr}
1000494a:	4c0b      	ldr	r4, [pc, #44]	@ (10004978 <tud_control_status+0x30>)
1000494c:	468c      	mov	ip, r1
1000494e:	46a6      	mov	lr, r4
10004950:	4605      	mov	r5, r0
10004952:	6808      	ldr	r0, [r1, #0]
10004954:	6849      	ldr	r1, [r1, #4]
10004956:	2300      	movs	r3, #0
10004958:	e8ae 0003 	stmia.w	lr!, {r0, r1}
1000495c:	f89c 1000 	ldrb.w	r1, [ip]
10004960:	4628      	mov	r0, r5
10004962:	43c9      	mvns	r1, r1
10004964:	e9c4 3302 	strd	r3, r3, [r4, #8]
10004968:	e8bd 4030 	ldmia.w	sp!, {r4, r5, lr}
1000496c:	461a      	mov	r2, r3
1000496e:	f001 0180 	and.w	r1, r1, #128	@ 0x80
10004972:	f7ff bfb1 	b.w	100048d8 <usbd_edpt_xfer>
10004976:	bf00      	nop
10004978:	20001c58 	.word	0x20001c58

1000497c <tud_control_xfer>:
1000497c:	e92d 41f0 	stmdb	sp!, {r4, r5, r6, r7, r8, lr}
10004980:	4f28      	ldr	r7, [pc, #160]	@ (10004a24 <tud_control_xfer+0xa8>)
10004982:	f04f 0800 	mov.w	r8, #0
10004986:	46be      	mov	lr, r7
10004988:	468c      	mov	ip, r1
1000498a:	4606      	mov	r6, r0
1000498c:	6808      	ldr	r0, [r1, #0]
1000498e:	6849      	ldr	r1, [r1, #4]
10004990:	60ba      	str	r2, [r7, #8]
10004992:	e8ae 0003 	stmia.w	lr!, {r0, r1}
10004996:	f8a7 800e 	strh.w	r8, [r7, #14]
1000499a:	4615      	mov	r5, r2
1000499c:	f8bc 2006 	ldrh.w	r2, [ip, #6]
100049a0:	4293      	cmp	r3, r2
100049a2:	bf28      	it	cs
100049a4:	4613      	movcs	r3, r2
100049a6:	81bb      	strh	r3, [r7, #12]
100049a8:	b19a      	cbz	r2, 100049d2 <tud_control_xfer+0x56>
100049aa:	461c      	mov	r4, r3
100049ac:	b333      	cbz	r3, 100049fc <tud_control_xfer+0x80>
100049ae:	b1dd      	cbz	r5, 100049e8 <tud_control_xfer+0x6c>
100049b0:	f997 3000 	ldrsb.w	r3, [r7]
100049b4:	2c40      	cmp	r4, #64	@ 0x40
100049b6:	bf28      	it	cs
100049b8:	2440      	movcs	r4, #64	@ 0x40
100049ba:	2b00      	cmp	r3, #0
100049bc:	db29      	blt.n	10004a12 <tud_control_xfer+0x96>
100049be:	4641      	mov	r1, r8
100049c0:	4623      	mov	r3, r4
100049c2:	4630      	mov	r0, r6
100049c4:	4a18      	ldr	r2, [pc, #96]	@ (10004a28 <tud_control_xfer+0xac>)
100049c6:	f7ff ff87 	bl	100048d8 <usbd_edpt_xfer>
100049ca:	b168      	cbz	r0, 100049e8 <tud_control_xfer+0x6c>
100049cc:	2001      	movs	r0, #1
100049ce:	e8bd 81f0 	ldmia.w	sp!, {r4, r5, r6, r7, r8, pc}
100049d2:	f89c 1000 	ldrb.w	r1, [ip]
100049d6:	4613      	mov	r3, r2
100049d8:	43c9      	mvns	r1, r1
100049da:	4630      	mov	r0, r6
100049dc:	f001 0180 	and.w	r1, r1, #128	@ 0x80
100049e0:	f7ff ff7a 	bl	100048d8 <usbd_edpt_xfer>
100049e4:	2800      	cmp	r0, #0
100049e6:	d1f1      	bne.n	100049cc <tud_control_xfer+0x50>
100049e8:	f04f 23e0 	mov.w	r3, #3758153728	@ 0xe000e000
100049ec:	f8d3 3df0 	ldr.w	r3, [r3, #3568]	@ 0xdf0
100049f0:	07db      	lsls	r3, r3, #31
100049f2:	d500      	bpl.n	100049f6 <tud_control_xfer+0x7a>
100049f4:	be00      	bkpt	0x0000
100049f6:	2000      	movs	r0, #0
100049f8:	e8bd 81f0 	ldmia.w	sp!, {r4, r5, r6, r7, r8, pc}
100049fc:	461a      	mov	r2, r3
100049fe:	7839      	ldrb	r1, [r7, #0]
10004a00:	f001 0180 	and.w	r1, r1, #128	@ 0x80
10004a04:	4623      	mov	r3, r4
10004a06:	4630      	mov	r0, r6
10004a08:	f7ff ff66 	bl	100048d8 <usbd_edpt_xfer>
10004a0c:	2800      	cmp	r0, #0
10004a0e:	d1dd      	bne.n	100049cc <tud_control_xfer+0x50>
10004a10:	e7ea      	b.n	100049e8 <tud_control_xfer+0x6c>
10004a12:	4622      	mov	r2, r4
10004a14:	4629      	mov	r1, r5
10004a16:	4804      	ldr	r0, [pc, #16]	@ (10004a28 <tud_control_xfer+0xac>)
10004a18:	f003 fb92 	bl	10008140 <memcpy>
10004a1c:	2180      	movs	r1, #128	@ 0x80
10004a1e:	4a02      	ldr	r2, [pc, #8]	@ (10004a28 <tud_control_xfer+0xac>)
10004a20:	e7f0      	b.n	10004a04 <tud_control_xfer+0x88>
10004a22:	bf00      	nop
10004a24:	20001c58 	.word	0x20001c58
10004a28:	20001c18 	.word	0x20001c18

10004a2c <usbd_control_reset>:
10004a2c:	2200      	movs	r2, #0
10004a2e:	4b03      	ldr	r3, [pc, #12]	@ (10004a3c <usbd_control_reset+0x10>)
10004a30:	e9c3 2200 	strd	r2, r2, [r3]
10004a34:	e9c3 2202 	strd	r2, r2, [r3, #8]
10004a38:	611a      	str	r2, [r3, #16]
10004a3a:	4770      	bx	lr
10004a3c:	20001c58 	.word	0x20001c58

10004a40 <usbd_control_set_complete_callback>:
10004a40:	4b01      	ldr	r3, [pc, #4]	@ (10004a48 <usbd_control_set_complete_callback+0x8>)
10004a42:	6118      	str	r0, [r3, #16]
10004a44:	4770      	bx	lr
10004a46:	bf00      	nop
10004a48:	20001c58 	.word	0x20001c58

10004a4c <usbd_control_set_request>:
10004a4c:	b430      	push	{r4, r5}
10004a4e:	4602      	mov	r2, r0
10004a50:	4c04      	ldr	r4, [pc, #16]	@ (10004a64 <usbd_control_set_request+0x18>)
10004a52:	2500      	movs	r5, #0
10004a54:	4623      	mov	r3, r4
10004a56:	6800      	ldr	r0, [r0, #0]
10004a58:	6851      	ldr	r1, [r2, #4]
10004a5a:	e9c4 5502 	strd	r5, r5, [r4, #8]
10004a5e:	bc30      	pop	{r4, r5}
10004a60:	c303      	stmia	r3!, {r0, r1}
10004a62:	4770      	bx	lr
10004a64:	20001c58 	.word	0x20001c58

10004a68 <usbd_control_xfer_cb>:
10004a68:	b570      	push	{r4, r5, r6, lr}
10004a6a:	4c3d      	ldr	r4, [pc, #244]	@ (10004b60 <usbd_control_xfer_cb+0xf8>)
10004a6c:	09c9      	lsrs	r1, r1, #7
10004a6e:	7822      	ldrb	r2, [r4, #0]
10004a70:	4606      	mov	r6, r0
10004a72:	ebb1 1fd2 	cmp.w	r1, r2, lsr #7
10004a76:	461d      	mov	r5, r3
10004a78:	b082      	sub	sp, #8
10004a7a:	d017      	beq.n	10004aac <usbd_control_xfer_cb+0x44>
10004a7c:	b153      	cbz	r3, 10004a94 <usbd_control_xfer_cb+0x2c>
10004a7e:	f04f 23e0 	mov.w	r3, #3758153728	@ 0xe000e000
10004a82:	f8d3 3df0 	ldr.w	r3, [r3, #3568]	@ 0xdf0
10004a86:	07db      	lsls	r3, r3, #31
10004a88:	d402      	bmi.n	10004a90 <usbd_control_xfer_cb+0x28>
10004a8a:	2000      	movs	r0, #0
10004a8c:	b002      	add	sp, #8
10004a8e:	bd70      	pop	{r4, r5, r6, pc}
10004a90:	be00      	bkpt	0x0000
10004a92:	e7fa      	b.n	10004a8a <usbd_control_xfer_cb+0x22>
10004a94:	4621      	mov	r1, r4
10004a96:	f7ff f8d9 	bl	10003c4c <dcd_edpt0_status_complete>
10004a9a:	6923      	ldr	r3, [r4, #16]
10004a9c:	b11b      	cbz	r3, 10004aa6 <usbd_control_xfer_cb+0x3e>
10004a9e:	4622      	mov	r2, r4
10004aa0:	2103      	movs	r1, #3
10004aa2:	4630      	mov	r0, r6
10004aa4:	4798      	blx	r3
10004aa6:	2001      	movs	r0, #1
10004aa8:	b002      	add	sp, #8
10004aaa:	bd70      	pop	{r4, r5, r6, pc}
10004aac:	f994 3000 	ldrsb.w	r3, [r4]
10004ab0:	2b00      	cmp	r3, #0
10004ab2:	db06      	blt.n	10004ac2 <usbd_control_xfer_cb+0x5a>
10004ab4:	68a0      	ldr	r0, [r4, #8]
10004ab6:	2800      	cmp	r0, #0
10004ab8:	d0e7      	beq.n	10004a8a <usbd_control_xfer_cb+0x22>
10004aba:	462a      	mov	r2, r5
10004abc:	4929      	ldr	r1, [pc, #164]	@ (10004b64 <usbd_control_xfer_cb+0xfc>)
10004abe:	f003 fb3f 	bl	10008140 <memcpy>
10004ac2:	89e0      	ldrh	r0, [r4, #14]
10004ac4:	68a1      	ldr	r1, [r4, #8]
10004ac6:	88e3      	ldrh	r3, [r4, #6]
10004ac8:	4428      	add	r0, r5
10004aca:	b280      	uxth	r0, r0
10004acc:	4429      	add	r1, r5
10004ace:	4283      	cmp	r3, r0
10004ad0:	81e0      	strh	r0, [r4, #14]
10004ad2:	60a1      	str	r1, [r4, #8]
10004ad4:	d016      	beq.n	10004b04 <usbd_control_xfer_cb+0x9c>
10004ad6:	2d3f      	cmp	r5, #63	@ 0x3f
10004ad8:	d914      	bls.n	10004b04 <usbd_control_xfer_cb+0x9c>
10004ada:	89a2      	ldrh	r2, [r4, #12]
10004adc:	f994 4000 	ldrsb.w	r4, [r4]
10004ae0:	1a13      	subs	r3, r2, r0
10004ae2:	b29b      	uxth	r3, r3
10004ae4:	2b40      	cmp	r3, #64	@ 0x40
10004ae6:	bf28      	it	cs
10004ae8:	2340      	movcs	r3, #64	@ 0x40
10004aea:	2c00      	cmp	r4, #0
10004aec:	db27      	blt.n	10004b3e <usbd_control_xfer_cb+0xd6>
10004aee:	4290      	cmp	r0, r2
10004af0:	f04f 0100 	mov.w	r1, #0
10004af4:	d031      	beq.n	10004b5a <usbd_control_xfer_cb+0xf2>
10004af6:	4a1b      	ldr	r2, [pc, #108]	@ (10004b64 <usbd_control_xfer_cb+0xfc>)
10004af8:	4630      	mov	r0, r6
10004afa:	f7ff feed 	bl	100048d8 <usbd_edpt_xfer>
10004afe:	2800      	cmp	r0, #0
10004b00:	d1d1      	bne.n	10004aa6 <usbd_control_xfer_cb+0x3e>
10004b02:	e7bc      	b.n	10004a7e <usbd_control_xfer_cb+0x16>
10004b04:	6923      	ldr	r3, [r4, #16]
10004b06:	b123      	cbz	r3, 10004b12 <usbd_control_xfer_cb+0xaa>
10004b08:	2102      	movs	r1, #2
10004b0a:	4630      	mov	r0, r6
10004b0c:	4a14      	ldr	r2, [pc, #80]	@ (10004b60 <usbd_control_xfer_cb+0xf8>)
10004b0e:	4798      	blx	r3
10004b10:	b160      	cbz	r0, 10004b2c <usbd_control_xfer_cb+0xc4>
10004b12:	7821      	ldrb	r1, [r4, #0]
10004b14:	2300      	movs	r3, #0
10004b16:	43c9      	mvns	r1, r1
10004b18:	4630      	mov	r0, r6
10004b1a:	461a      	mov	r2, r3
10004b1c:	f001 0180 	and.w	r1, r1, #128	@ 0x80
10004b20:	f7ff feda 	bl	100048d8 <usbd_edpt_xfer>
10004b24:	2800      	cmp	r0, #0
10004b26:	d0aa      	beq.n	10004a7e <usbd_control_xfer_cb+0x16>
10004b28:	2001      	movs	r0, #1
10004b2a:	e7bd      	b.n	10004aa8 <usbd_control_xfer_cb+0x40>
10004b2c:	4601      	mov	r1, r0
10004b2e:	4630      	mov	r0, r6
10004b30:	f7ff f932 	bl	10003d98 <dcd_edpt_stall>
10004b34:	2180      	movs	r1, #128	@ 0x80
10004b36:	4630      	mov	r0, r6
10004b38:	f7ff f92e 	bl	10003d98 <dcd_edpt_stall>
10004b3c:	e7b3      	b.n	10004aa6 <usbd_control_xfer_cb+0x3e>
10004b3e:	4290      	cmp	r0, r2
10004b40:	d008      	beq.n	10004b54 <usbd_control_xfer_cb+0xec>
10004b42:	461a      	mov	r2, r3
10004b44:	4807      	ldr	r0, [pc, #28]	@ (10004b64 <usbd_control_xfer_cb+0xfc>)
10004b46:	9301      	str	r3, [sp, #4]
10004b48:	f003 fafa 	bl	10008140 <memcpy>
10004b4c:	2180      	movs	r1, #128	@ 0x80
10004b4e:	4a05      	ldr	r2, [pc, #20]	@ (10004b64 <usbd_control_xfer_cb+0xfc>)
10004b50:	9b01      	ldr	r3, [sp, #4]
10004b52:	e7d1      	b.n	10004af8 <usbd_control_xfer_cb+0x90>
10004b54:	2180      	movs	r1, #128	@ 0x80
10004b56:	2200      	movs	r2, #0
10004b58:	e7ce      	b.n	10004af8 <usbd_control_xfer_cb+0x90>
10004b5a:	460a      	mov	r2, r1
10004b5c:	e7cc      	b.n	10004af8 <usbd_control_xfer_cb+0x90>
10004b5e:	bf00      	nop
10004b60:	20001c58 	.word	0x20001c58
10004b64:	20001c18 	.word	0x20001c18

10004b68 <_prep_out_transaction.isra.0>:
10004b68:	e92d 41f0 	stmdb	sp!, {r4, r5, r6, r7, r8, lr}
10004b6c:	4604      	mov	r4, r0
10004b6e:	f7ff f9d3 	bl	10003f18 <tud_mounted>
10004b72:	b908      	cbnz	r0, 10004b78 <_prep_out_transaction.isra.0+0x10>
10004b74:	e8bd 81f0 	ldmia.w	sp!, {r4, r5, r6, r7, r8, pc}
10004b78:	f7ff f9d6 	bl	10003f28 <tud_suspended>
10004b7c:	4605      	mov	r5, r0
10004b7e:	2800      	cmp	r0, #0
10004b80:	d1f8      	bne.n	10004b74 <_prep_out_transaction.isra.0+0xc>
10004b82:	23c8      	movs	r3, #200	@ 0xc8
10004b84:	fb04 f303 	mul.w	r3, r4, r3
10004b88:	4e12      	ldr	r6, [pc, #72]	@ (10004bd4 <_prep_out_transaction.isra.0+0x6c>)
10004b8a:	18f7      	adds	r7, r6, r3
10004b8c:	78f9      	ldrb	r1, [r7, #3]
10004b8e:	2900      	cmp	r1, #0
10004b90:	d0f0      	beq.n	10004b74 <_prep_out_transaction.isra.0+0xc>
10004b92:	3310      	adds	r3, #16
10004b94:	441e      	add	r6, r3
10004b96:	4630      	mov	r0, r6
10004b98:	f000 fdd2 	bl	10005740 <tu_fifo_remaining>
10004b9c:	283f      	cmp	r0, #63	@ 0x3f
10004b9e:	d9e9      	bls.n	10004b74 <_prep_out_transaction.isra.0+0xc>
10004ba0:	4628      	mov	r0, r5
10004ba2:	78f9      	ldrb	r1, [r7, #3]
10004ba4:	f7ff fe74 	bl	10004890 <usbd_edpt_claim>
10004ba8:	2800      	cmp	r0, #0
10004baa:	d0e3      	beq.n	10004b74 <_prep_out_transaction.isra.0+0xc>
10004bac:	4630      	mov	r0, r6
10004bae:	f000 fdc7 	bl	10005740 <tu_fifo_remaining>
10004bb2:	283f      	cmp	r0, #63	@ 0x3f
10004bb4:	78f9      	ldrb	r1, [r7, #3]
10004bb6:	d908      	bls.n	10004bca <_prep_out_transaction.isra.0+0x62>
10004bb8:	4a07      	ldr	r2, [pc, #28]	@ (10004bd8 <_prep_out_transaction.isra.0+0x70>)
10004bba:	4628      	mov	r0, r5
10004bbc:	eb02 12c4 	add.w	r2, r2, r4, lsl #7
10004bc0:	2340      	movs	r3, #64	@ 0x40
10004bc2:	e8bd 41f0 	ldmia.w	sp!, {r4, r5, r6, r7, r8, lr}
10004bc6:	f7ff be87 	b.w	100048d8 <usbd_edpt_xfer>
10004bca:	4628      	mov	r0, r5
10004bcc:	e8bd 41f0 	ldmia.w	sp!, {r4, r5, r6, r7, r8, lr}
10004bd0:	f7ff be70 	b.w	100048b4 <usbd_edpt_release>
10004bd4:	20001b50 	.word	0x20001b50
10004bd8:	20001acc 	.word	0x20001acc

10004bdc <tud_cdc_n_connected>:
10004bdc:	b510      	push	{r4, lr}
10004bde:	4604      	mov	r4, r0
10004be0:	f7ff f99a 	bl	10003f18 <tud_mounted>
10004be4:	b908      	cbnz	r0, 10004bea <tud_cdc_n_connected+0xe>
10004be6:	2000      	movs	r0, #0
10004be8:	bd10      	pop	{r4, pc}
10004bea:	f7ff f99d 	bl	10003f28 <tud_suspended>
10004bee:	2800      	cmp	r0, #0
10004bf0:	d1f9      	bne.n	10004be6 <tud_cdc_n_connected+0xa>
10004bf2:	22c8      	movs	r2, #200	@ 0xc8
10004bf4:	4b03      	ldr	r3, [pc, #12]	@ (10004c04 <tud_cdc_n_connected+0x28>)
10004bf6:	fb02 3304 	mla	r3, r2, r4, r3
10004bfa:	7918      	ldrb	r0, [r3, #4]
10004bfc:	f000 0001 	and.w	r0, r0, #1
10004c00:	bd10      	pop	{r4, pc}
10004c02:	bf00      	nop
10004c04:	20001b50 	.word	0x20001b50

10004c08 <tud_cdc_n_available>:
10004c08:	22c8      	movs	r2, #200	@ 0xc8
10004c0a:	b508      	push	{r3, lr}
10004c0c:	4b02      	ldr	r3, [pc, #8]	@ (10004c18 <tud_cdc_n_available+0x10>)
10004c0e:	fb02 3000 	mla	r0, r2, r0, r3
10004c12:	f000 fd7b 	bl	1000570c <tu_fifo_count>
10004c16:	bd08      	pop	{r3, pc}
10004c18:	20001b60 	.word	0x20001b60

10004c1c <tud_cdc_n_read>:
10004c1c:	e92d 43f8 	stmdb	sp!, {r3, r4, r5, r6, r7, r8, r9, lr}
10004c20:	f64f 73ff 	movw	r3, #65535	@ 0xffff
10004c24:	24c8      	movs	r4, #200	@ 0xc8
10004c26:	429a      	cmp	r2, r3
10004c28:	bf28      	it	cs
10004c2a:	461a      	movcs	r2, r3
10004c2c:	fb00 f404 	mul.w	r4, r0, r4
10004c30:	f8df 8074 	ldr.w	r8, [pc, #116]	@ 10004ca8 <tud_cdc_n_read+0x8c>
10004c34:	f104 0510 	add.w	r5, r4, #16
10004c38:	4445      	add	r5, r8
10004c3a:	4606      	mov	r6, r0
10004c3c:	b292      	uxth	r2, r2
10004c3e:	4628      	mov	r0, r5
10004c40:	f000 fdda 	bl	100057f8 <tu_fifo_read_n>
10004c44:	4607      	mov	r7, r0
10004c46:	f7ff f967 	bl	10003f18 <tud_mounted>
10004c4a:	b910      	cbnz	r0, 10004c52 <tud_cdc_n_read+0x36>
10004c4c:	4638      	mov	r0, r7
10004c4e:	e8bd 83f8 	ldmia.w	sp!, {r3, r4, r5, r6, r7, r8, r9, pc}
10004c52:	f7ff f969 	bl	10003f28 <tud_suspended>
10004c56:	4681      	mov	r9, r0
10004c58:	2800      	cmp	r0, #0
10004c5a:	d1f7      	bne.n	10004c4c <tud_cdc_n_read+0x30>
10004c5c:	44a0      	add	r8, r4
10004c5e:	f898 3003 	ldrb.w	r3, [r8, #3]
10004c62:	2b00      	cmp	r3, #0
10004c64:	d0f2      	beq.n	10004c4c <tud_cdc_n_read+0x30>
10004c66:	4628      	mov	r0, r5
10004c68:	f000 fd6a 	bl	10005740 <tu_fifo_remaining>
10004c6c:	283f      	cmp	r0, #63	@ 0x3f
10004c6e:	d9ed      	bls.n	10004c4c <tud_cdc_n_read+0x30>
10004c70:	4648      	mov	r0, r9
10004c72:	f898 1003 	ldrb.w	r1, [r8, #3]
10004c76:	f7ff fe0b 	bl	10004890 <usbd_edpt_claim>
10004c7a:	2800      	cmp	r0, #0
10004c7c:	d0e6      	beq.n	10004c4c <tud_cdc_n_read+0x30>
10004c7e:	4628      	mov	r0, r5
10004c80:	f000 fd5e 	bl	10005740 <tu_fifo_remaining>
10004c84:	283f      	cmp	r0, #63	@ 0x3f
10004c86:	f898 1003 	ldrb.w	r1, [r8, #3]
10004c8a:	d907      	bls.n	10004c9c <tud_cdc_n_read+0x80>
10004c8c:	4a05      	ldr	r2, [pc, #20]	@ (10004ca4 <tud_cdc_n_read+0x88>)
10004c8e:	4648      	mov	r0, r9
10004c90:	2340      	movs	r3, #64	@ 0x40
10004c92:	eb02 12c6 	add.w	r2, r2, r6, lsl #7
10004c96:	f7ff fe1f 	bl	100048d8 <usbd_edpt_xfer>
10004c9a:	e7d7      	b.n	10004c4c <tud_cdc_n_read+0x30>
10004c9c:	4648      	mov	r0, r9
10004c9e:	f7ff fe09 	bl	100048b4 <usbd_edpt_release>
10004ca2:	e7d3      	b.n	10004c4c <tud_cdc_n_read+0x30>
10004ca4:	20001acc 	.word	0x20001acc
10004ca8:	20001b50 	.word	0x20001b50

10004cac <tud_cdc_n_write_flush>:
10004cac:	e92d 41f0 	stmdb	sp!, {r4, r5, r6, r7, r8, lr}
10004cb0:	4604      	mov	r4, r0
10004cb2:	f7ff f931 	bl	10003f18 <tud_mounted>
10004cb6:	b910      	cbnz	r0, 10004cbe <tud_cdc_n_write_flush+0x12>
10004cb8:	2000      	movs	r0, #0
10004cba:	e8bd 81f0 	ldmia.w	sp!, {r4, r5, r6, r7, r8, pc}
10004cbe:	f7ff f933 	bl	10003f28 <tud_suspended>
10004cc2:	4605      	mov	r5, r0
10004cc4:	2800      	cmp	r0, #0
10004cc6:	d1f7      	bne.n	10004cb8 <tud_cdc_n_write_flush+0xc>
10004cc8:	26c8      	movs	r6, #200	@ 0xc8
10004cca:	fb04 f606 	mul.w	r6, r4, r6
10004cce:	f8df 8064 	ldr.w	r8, [pc, #100]	@ 10004d34 <tud_cdc_n_write_flush+0x88>
10004cd2:	f106 0724 	add.w	r7, r6, #36	@ 0x24
10004cd6:	4447      	add	r7, r8
10004cd8:	4638      	mov	r0, r7
10004cda:	f000 fd17 	bl	1000570c <tu_fifo_count>
10004cde:	2800      	cmp	r0, #0
10004ce0:	d0ea      	beq.n	10004cb8 <tud_cdc_n_write_flush+0xc>
10004ce2:	44b0      	add	r8, r6
10004ce4:	4628      	mov	r0, r5
10004ce6:	f898 1002 	ldrb.w	r1, [r8, #2]
10004cea:	f7ff fdd1 	bl	10004890 <usbd_edpt_claim>
10004cee:	2800      	cmp	r0, #0
10004cf0:	d0e2      	beq.n	10004cb8 <tud_cdc_n_write_flush+0xc>
10004cf2:	4e0f      	ldr	r6, [pc, #60]	@ (10004d30 <tud_cdc_n_write_flush+0x84>)
10004cf4:	4638      	mov	r0, r7
10004cf6:	eb06 16c4 	add.w	r6, r6, r4, lsl #7
10004cfa:	4631      	mov	r1, r6
10004cfc:	2240      	movs	r2, #64	@ 0x40
10004cfe:	f000 fd7b 	bl	100057f8 <tu_fifo_read_n>
10004d02:	f898 1002 	ldrb.w	r1, [r8, #2]
10004d06:	4604      	mov	r4, r0
10004d08:	b168      	cbz	r0, 10004d26 <tud_cdc_n_write_flush+0x7a>
10004d0a:	4603      	mov	r3, r0
10004d0c:	4632      	mov	r2, r6
10004d0e:	4628      	mov	r0, r5
10004d10:	f7ff fde2 	bl	100048d8 <usbd_edpt_xfer>
10004d14:	b950      	cbnz	r0, 10004d2c <tud_cdc_n_write_flush+0x80>
10004d16:	f04f 23e0 	mov.w	r3, #3758153728	@ 0xe000e000
10004d1a:	f8d3 3df0 	ldr.w	r3, [r3, #3568]	@ 0xdf0
10004d1e:	07db      	lsls	r3, r3, #31
10004d20:	d5ca      	bpl.n	10004cb8 <tud_cdc_n_write_flush+0xc>
10004d22:	be00      	bkpt	0x0000
10004d24:	e7c8      	b.n	10004cb8 <tud_cdc_n_write_flush+0xc>
10004d26:	f7ff fdc5 	bl	100048b4 <usbd_edpt_release>
10004d2a:	e7c5      	b.n	10004cb8 <tud_cdc_n_write_flush+0xc>
10004d2c:	4620      	mov	r0, r4
10004d2e:	e7c4      	b.n	10004cba <tud_cdc_n_write_flush+0xe>
10004d30:	20001b0c 	.word	0x20001b0c
10004d34:	20001b50 	.word	0x20001b50

10004d38 <tud_cdc_n_write>:
10004d38:	b538      	push	{r3, r4, r5, lr}
10004d3a:	f64f 75ff 	movw	r5, #65535	@ 0xffff
10004d3e:	23c8      	movs	r3, #200	@ 0xc8
10004d40:	42aa      	cmp	r2, r5
10004d42:	bf28      	it	cs
10004d44:	462a      	movcs	r2, r5
10004d46:	4c0b      	ldr	r4, [pc, #44]	@ (10004d74 <tud_cdc_n_write+0x3c>)
10004d48:	b292      	uxth	r2, r2
10004d4a:	fb03 4400 	mla	r4, r3, r0, r4
10004d4e:	4605      	mov	r5, r0
10004d50:	4620      	mov	r0, r4
10004d52:	f000 fe0f 	bl	10005974 <tu_fifo_write_n>
10004d56:	4603      	mov	r3, r0
10004d58:	4620      	mov	r0, r4
10004d5a:	461c      	mov	r4, r3
10004d5c:	f000 fcd6 	bl	1000570c <tu_fifo_count>
10004d60:	283f      	cmp	r0, #63	@ 0x3f
10004d62:	d801      	bhi.n	10004d68 <tud_cdc_n_write+0x30>
10004d64:	4620      	mov	r0, r4
10004d66:	bd38      	pop	{r3, r4, r5, pc}
10004d68:	4628      	mov	r0, r5
10004d6a:	f7ff ff9f 	bl	10004cac <tud_cdc_n_write_flush>
10004d6e:	4620      	mov	r0, r4
10004d70:	bd38      	pop	{r3, r4, r5, pc}
10004d72:	bf00      	nop
10004d74:	20001b74 	.word	0x20001b74

10004d78 <tud_cdc_n_write_available>:
10004d78:	22c8      	movs	r2, #200	@ 0xc8
10004d7a:	b508      	push	{r3, lr}
10004d7c:	4b02      	ldr	r3, [pc, #8]	@ (10004d88 <tud_cdc_n_write_available+0x10>)
10004d7e:	fb02 3000 	mla	r0, r2, r0, r3
10004d82:	f000 fcdd 	bl	10005740 <tu_fifo_remaining>
10004d86:	bd08      	pop	{r3, pc}
10004d88:	20001b74 	.word	0x20001b74

10004d8c <cdcd_init>:
10004d8c:	b5f0      	push	{r4, r5, r6, r7, lr}
10004d8e:	2400      	movs	r4, #0
10004d90:	b083      	sub	sp, #12
10004d92:	22c8      	movs	r2, #200	@ 0xc8
10004d94:	2100      	movs	r1, #0
10004d96:	4817      	ldr	r0, [pc, #92]	@ (10004df4 <cdcd_init+0x68>)
10004d98:	f003 f95a 	bl	10008050 <memset>
10004d9c:	23ff      	movs	r3, #255	@ 0xff
10004d9e:	f44f 31e1 	mov.w	r1, #115200	@ 0x1c200
10004da2:	2208      	movs	r2, #8
10004da4:	4814      	ldr	r0, [pc, #80]	@ (10004df8 <cdcd_init+0x6c>)
10004da6:	7004      	strb	r4, [r0, #0]
10004da8:	4812      	ldr	r0, [pc, #72]	@ (10004df4 <cdcd_init+0x68>)
10004daa:	9400      	str	r4, [sp, #0]
10004dac:	4607      	mov	r7, r0
10004dae:	7143      	strb	r3, [r0, #5]
10004db0:	6081      	str	r1, [r0, #8]
10004db2:	7382      	strb	r2, [r0, #14]
10004db4:	f100 0138 	add.w	r1, r0, #56	@ 0x38
10004db8:	2301      	movs	r3, #1
10004dba:	2240      	movs	r2, #64	@ 0x40
10004dbc:	3010      	adds	r0, #16
10004dbe:	f000 fc75 	bl	100056ac <tu_fifo_config>
10004dc2:	2301      	movs	r3, #1
10004dc4:	2240      	movs	r2, #64	@ 0x40
10004dc6:	f107 0178 	add.w	r1, r7, #120	@ 0x78
10004dca:	9300      	str	r3, [sp, #0]
10004dcc:	f107 06b8 	add.w	r6, r7, #184	@ 0xb8
10004dd0:	f107 0024 	add.w	r0, r7, #36	@ 0x24
10004dd4:	f000 fc6a 	bl	100056ac <tu_fifo_config>
10004dd8:	f107 05c0 	add.w	r5, r7, #192	@ 0xc0
10004ddc:	4630      	mov	r0, r6
10004dde:	f7fb fded 	bl	100009bc <mutex_init>
10004de2:	4628      	mov	r0, r5
10004de4:	f7fb fdea 	bl	100009bc <mutex_init>
10004de8:	e9c7 4607 	strd	r4, r6, [r7, #28]
10004dec:	e9c7 540c 	strd	r5, r4, [r7, #48]	@ 0x30
10004df0:	b003      	add	sp, #12
10004df2:	bdf0      	pop	{r4, r5, r6, r7, pc}
10004df4:	20001b50 	.word	0x20001b50
10004df8:	20001b4c 	.word	0x20001b4c

10004dfc <cdcd_deinit>:
10004dfc:	4a0a      	ldr	r2, [pc, #40]	@ (10004e28 <cdcd_deinit+0x2c>)
10004dfe:	6b11      	ldr	r1, [r2, #48]	@ 0x30
10004e00:	6a13      	ldr	r3, [r2, #32]
10004e02:	b161      	cbz	r1, 10004e1e <cdcd_deinit+0x22>
10004e04:	b13b      	cbz	r3, 10004e16 <cdcd_deinit+0x1a>
10004e06:	2300      	movs	r3, #0
10004e08:	e9c2 330c 	strd	r3, r3, [r2, #48]	@ 0x30
10004e0c:	61d3      	str	r3, [r2, #28]
10004e0e:	2300      	movs	r3, #0
10004e10:	6213      	str	r3, [r2, #32]
10004e12:	2001      	movs	r0, #1
10004e14:	4770      	bx	lr
10004e16:	2001      	movs	r0, #1
10004e18:	e9c2 330c 	strd	r3, r3, [r2, #48]	@ 0x30
10004e1c:	4770      	bx	lr
10004e1e:	2b00      	cmp	r3, #0
10004e20:	d0f7      	beq.n	10004e12 <cdcd_deinit+0x16>
10004e22:	61d1      	str	r1, [r2, #28]
10004e24:	e7f3      	b.n	10004e0e <cdcd_deinit+0x12>
10004e26:	bf00      	nop
10004e28:	20001b50 	.word	0x20001b50

10004e2c <cdcd_reset>:
10004e2c:	2200      	movs	r2, #0
10004e2e:	b510      	push	{r4, lr}
10004e30:	4c0e      	ldr	r4, [pc, #56]	@ (10004e6c <cdcd_reset+0x40>)
10004e32:	480f      	ldr	r0, [pc, #60]	@ (10004e70 <cdcd_reset+0x44>)
10004e34:	7823      	ldrb	r3, [r4, #0]
10004e36:	6002      	str	r2, [r0, #0]
10004e38:	7102      	strb	r2, [r0, #4]
10004e3a:	07da      	lsls	r2, r3, #31
10004e3c:	d507      	bpl.n	10004e4e <cdcd_reset+0x22>
10004e3e:	079b      	lsls	r3, r3, #30
10004e40:	d50b      	bpl.n	10004e5a <cdcd_reset+0x2e>
10004e42:	e8bd 4010 	ldmia.w	sp!, {r4, lr}
10004e46:	2101      	movs	r1, #1
10004e48:	480a      	ldr	r0, [pc, #40]	@ (10004e74 <cdcd_reset+0x48>)
10004e4a:	f000 be5d 	b.w	10005b08 <tu_fifo_set_overwritable>
10004e4e:	3010      	adds	r0, #16
10004e50:	f000 fe3e 	bl	10005ad0 <tu_fifo_clear>
10004e54:	7823      	ldrb	r3, [r4, #0]
10004e56:	079b      	lsls	r3, r3, #30
10004e58:	d4f3      	bmi.n	10004e42 <cdcd_reset+0x16>
10004e5a:	4806      	ldr	r0, [pc, #24]	@ (10004e74 <cdcd_reset+0x48>)
10004e5c:	f000 fe38 	bl	10005ad0 <tu_fifo_clear>
10004e60:	e8bd 4010 	ldmia.w	sp!, {r4, lr}
10004e64:	2101      	movs	r1, #1
10004e66:	4803      	ldr	r0, [pc, #12]	@ (10004e74 <cdcd_reset+0x48>)
10004e68:	f000 be4e 	b.w	10005b08 <tu_fifo_set_overwritable>
10004e6c:	20001b4c 	.word	0x20001b4c
10004e70:	20001b50 	.word	0x20001b50
10004e74:	20001b74 	.word	0x20001b74

10004e78 <cdcd_open>:
10004e78:	b5f0      	push	{r4, r5, r6, r7, lr}
10004e7a:	794b      	ldrb	r3, [r1, #5]
10004e7c:	b083      	sub	sp, #12
10004e7e:	2b02      	cmp	r3, #2
10004e80:	d102      	bne.n	10004e88 <cdcd_open+0x10>
10004e82:	798b      	ldrb	r3, [r1, #6]
10004e84:	2b02      	cmp	r3, #2
10004e86:	d003      	beq.n	10004e90 <cdcd_open+0x18>
10004e88:	2500      	movs	r5, #0
10004e8a:	4628      	mov	r0, r5
10004e8c:	b003      	add	sp, #12
10004e8e:	bdf0      	pop	{r4, r5, r6, r7, pc}
10004e90:	4f27      	ldr	r7, [pc, #156]	@ (10004f30 <cdcd_open+0xb8>)
10004e92:	78bb      	ldrb	r3, [r7, #2]
10004e94:	b13b      	cbz	r3, 10004ea6 <cdcd_open+0x2e>
10004e96:	f04f 23e0 	mov.w	r3, #3758153728	@ 0xe000e000
10004e9a:	f8d3 3df0 	ldr.w	r3, [r3, #3568]	@ 0xdf0
10004e9e:	07db      	lsls	r3, r3, #31
10004ea0:	d5f2      	bpl.n	10004e88 <cdcd_open+0x10>
10004ea2:	be00      	bkpt	0x0000
10004ea4:	e7f0      	b.n	10004e88 <cdcd_open+0x10>
10004ea6:	788b      	ldrb	r3, [r1, #2]
10004ea8:	4606      	mov	r6, r0
10004eaa:	703b      	strb	r3, [r7, #0]
10004eac:	780b      	ldrb	r3, [r1, #0]
10004eae:	18cc      	adds	r4, r1, r3
10004eb0:	7861      	ldrb	r1, [r4, #1]
10004eb2:	2924      	cmp	r1, #36	@ 0x24
10004eb4:	bf08      	it	eq
10004eb6:	2509      	moveq	r5, #9
10004eb8:	d007      	beq.n	10004eca <cdcd_open+0x52>
10004eba:	e036      	b.n	10004f2a <cdcd_open+0xb2>
10004ebc:	7823      	ldrb	r3, [r4, #0]
10004ebe:	441c      	add	r4, r3
10004ec0:	7861      	ldrb	r1, [r4, #1]
10004ec2:	442b      	add	r3, r5
10004ec4:	2924      	cmp	r1, #36	@ 0x24
10004ec6:	b29d      	uxth	r5, r3
10004ec8:	d107      	bne.n	10004eda <cdcd_open+0x62>
10004eca:	42aa      	cmp	r2, r5
10004ecc:	d2f6      	bcs.n	10004ebc <cdcd_open+0x44>
10004ece:	2000      	movs	r0, #0
10004ed0:	f7ff fe4a 	bl	10004b68 <_prep_out_transaction.isra.0>
10004ed4:	4628      	mov	r0, r5
10004ed6:	b003      	add	sp, #12
10004ed8:	bdf0      	pop	{r4, r5, r6, r7, pc}
10004eda:	460b      	mov	r3, r1
10004edc:	2905      	cmp	r1, #5
10004ede:	d016      	beq.n	10004f0e <cdcd_open+0x96>
10004ee0:	2b04      	cmp	r3, #4
10004ee2:	d1f4      	bne.n	10004ece <cdcd_open+0x56>
10004ee4:	7963      	ldrb	r3, [r4, #5]
10004ee6:	2b0a      	cmp	r3, #10
10004ee8:	d1f1      	bne.n	10004ece <cdcd_open+0x56>
10004eea:	4b12      	ldr	r3, [pc, #72]	@ (10004f34 <cdcd_open+0xbc>)
10004eec:	7827      	ldrb	r7, [r4, #0]
10004eee:	9301      	str	r3, [sp, #4]
10004ef0:	3301      	adds	r3, #1
10004ef2:	9300      	str	r3, [sp, #0]
10004ef4:	2302      	movs	r3, #2
10004ef6:	4630      	mov	r0, r6
10004ef8:	461a      	mov	r2, r3
10004efa:	19e1      	adds	r1, r4, r7
10004efc:	f7ff fc58 	bl	100047b0 <usbd_open_edpt_pair>
10004f00:	2800      	cmp	r0, #0
10004f02:	d0c8      	beq.n	10004e96 <cdcd_open+0x1e>
10004f04:	350e      	adds	r5, #14
10004f06:	fa17 f585 	uxtah	r5, r7, r5
10004f0a:	b2ad      	uxth	r5, r5
10004f0c:	e7df      	b.n	10004ece <cdcd_open+0x56>
10004f0e:	4621      	mov	r1, r4
10004f10:	4630      	mov	r0, r6
10004f12:	f7ff fc9b 	bl	1000484c <usbd_edpt_open>
10004f16:	2800      	cmp	r0, #0
10004f18:	d0bd      	beq.n	10004e96 <cdcd_open+0x1e>
10004f1a:	78a3      	ldrb	r3, [r4, #2]
10004f1c:	707b      	strb	r3, [r7, #1]
10004f1e:	7823      	ldrb	r3, [r4, #0]
10004f20:	195a      	adds	r2, r3, r5
10004f22:	441c      	add	r4, r3
10004f24:	7863      	ldrb	r3, [r4, #1]
10004f26:	b295      	uxth	r5, r2
10004f28:	e7da      	b.n	10004ee0 <cdcd_open+0x68>
10004f2a:	460b      	mov	r3, r1
10004f2c:	2509      	movs	r5, #9
10004f2e:	e7d5      	b.n	10004edc <cdcd_open+0x64>
10004f30:	20001b50 	.word	0x20001b50
10004f34:	20001b52 	.word	0x20001b52

10004f38 <cdcd_control_xfer_cb>:
10004f38:	7813      	ldrb	r3, [r2, #0]
10004f3a:	f003 0360 	and.w	r3, r3, #96	@ 0x60
10004f3e:	2b20      	cmp	r3, #32
10004f40:	d108      	bne.n	10004f54 <cdcd_control_xfer_cb+0x1c>
10004f42:	b570      	push	{r4, r5, r6, lr}
10004f44:	4c26      	ldr	r4, [pc, #152]	@ (10004fe0 <cdcd_control_xfer_cb+0xa8>)
10004f46:	8893      	ldrh	r3, [r2, #4]
10004f48:	f894 c000 	ldrb.w	ip, [r4]
10004f4c:	459c      	cmp	ip, r3
10004f4e:	d003      	beq.n	10004f58 <cdcd_control_xfer_cb+0x20>
10004f50:	2000      	movs	r0, #0
10004f52:	bd70      	pop	{r4, r5, r6, pc}
10004f54:	2000      	movs	r0, #0
10004f56:	4770      	bx	lr
10004f58:	7853      	ldrb	r3, [r2, #1]
10004f5a:	3b20      	subs	r3, #32
10004f5c:	2b03      	cmp	r3, #3
10004f5e:	d8f7      	bhi.n	10004f50 <cdcd_control_xfer_cb+0x18>
10004f60:	e8df f003 	tbb	[pc, r3]
10004f64:	020d2327 	.word	0x020d2327
10004f68:	2901      	cmp	r1, #1
10004f6a:	d02e      	beq.n	10004fca <cdcd_control_xfer_cb+0x92>
10004f6c:	2903      	cmp	r1, #3
10004f6e:	d11e      	bne.n	10004fae <cdcd_control_xfer_cb+0x76>
10004f70:	4b1c      	ldr	r3, [pc, #112]	@ (10004fe4 <cdcd_control_xfer_cb+0xac>)
10004f72:	b1e3      	cbz	r3, 10004fae <cdcd_control_xfer_cb+0x76>
10004f74:	2000      	movs	r0, #0
10004f76:	8851      	ldrh	r1, [r2, #2]
10004f78:	f3af 8000 	nop.w
10004f7c:	e017      	b.n	10004fae <cdcd_control_xfer_cb+0x76>
10004f7e:	2901      	cmp	r1, #1
10004f80:	d023      	beq.n	10004fca <cdcd_control_xfer_cb+0x92>
10004f82:	2903      	cmp	r1, #3
10004f84:	d113      	bne.n	10004fae <cdcd_control_xfer_cb+0x76>
10004f86:	8855      	ldrh	r5, [r2, #2]
10004f88:	4817      	ldr	r0, [pc, #92]	@ (10004fe8 <cdcd_control_xfer_cb+0xb0>)
10004f8a:	f005 0601 	and.w	r6, r5, #1
10004f8e:	f086 0101 	eor.w	r1, r6, #1
10004f92:	7125      	strb	r5, [r4, #4]
10004f94:	f000 fdb8 	bl	10005b08 <tu_fifo_set_overwritable>
10004f98:	4b14      	ldr	r3, [pc, #80]	@ (10004fec <cdcd_control_xfer_cb+0xb4>)
10004f9a:	b143      	cbz	r3, 10004fae <cdcd_control_xfer_cb+0x76>
10004f9c:	4631      	mov	r1, r6
10004f9e:	2000      	movs	r0, #0
10004fa0:	f3c5 0240 	ubfx	r2, r5, #1, #1
10004fa4:	f3af 8000 	nop.w
10004fa8:	e001      	b.n	10004fae <cdcd_control_xfer_cb+0x76>
10004faa:	2901      	cmp	r1, #1
10004fac:	d011      	beq.n	10004fd2 <cdcd_control_xfer_cb+0x9a>
10004fae:	2001      	movs	r0, #1
10004fb0:	bd70      	pop	{r4, r5, r6, pc}
10004fb2:	2901      	cmp	r1, #1
10004fb4:	d00d      	beq.n	10004fd2 <cdcd_control_xfer_cb+0x9a>
10004fb6:	2903      	cmp	r1, #3
10004fb8:	d1f9      	bne.n	10004fae <cdcd_control_xfer_cb+0x76>
10004fba:	4b0d      	ldr	r3, [pc, #52]	@ (10004ff0 <cdcd_control_xfer_cb+0xb8>)
10004fbc:	2b00      	cmp	r3, #0
10004fbe:	d0f6      	beq.n	10004fae <cdcd_control_xfer_cb+0x76>
10004fc0:	2000      	movs	r0, #0
10004fc2:	490c      	ldr	r1, [pc, #48]	@ (10004ff4 <cdcd_control_xfer_cb+0xbc>)
10004fc4:	f7fe faac 	bl	10003520 <tud_cdc_line_coding_cb>
10004fc8:	e7f1      	b.n	10004fae <cdcd_control_xfer_cb+0x76>
10004fca:	4611      	mov	r1, r2
10004fcc:	f7ff fcbc 	bl	10004948 <tud_control_status>
10004fd0:	e7ed      	b.n	10004fae <cdcd_control_xfer_cb+0x76>
10004fd2:	4611      	mov	r1, r2
10004fd4:	2307      	movs	r3, #7
10004fd6:	4a07      	ldr	r2, [pc, #28]	@ (10004ff4 <cdcd_control_xfer_cb+0xbc>)
10004fd8:	f7ff fcd0 	bl	1000497c <tud_control_xfer>
10004fdc:	e7e7      	b.n	10004fae <cdcd_control_xfer_cb+0x76>
10004fde:	bf00      	nop
10004fe0:	20001b50 	.word	0x20001b50
10004fe4:	00000000 	.word	0x00000000
10004fe8:	20001b74 	.word	0x20001b74
10004fec:	00000000 	.word	0x00000000
10004ff0:	10003521 	.word	0x10003521
10004ff4:	20001b58 	.word	0x20001b58

10004ff8 <cdcd_xfer_cb>:
10004ff8:	e92d 43f8 	stmdb	sp!, {r3, r4, r5, r6, r7, r8, r9, lr}
10004ffc:	4e35      	ldr	r6, [pc, #212]	@ (100050d4 <cdcd_xfer_cb+0xdc>)
10004ffe:	460c      	mov	r4, r1
10005000:	78f2      	ldrb	r2, [r6, #3]
10005002:	4607      	mov	r7, r0
10005004:	428a      	cmp	r2, r1
10005006:	461d      	mov	r5, r3
10005008:	d03d      	beq.n	10005086 <cdcd_xfer_cb+0x8e>
1000500a:	78b3      	ldrb	r3, [r6, #2]
1000500c:	428b      	cmp	r3, r1
1000500e:	d012      	beq.n	10005036 <cdcd_xfer_cb+0x3e>
10005010:	f04f 23e0 	mov.w	r3, #3758153728	@ 0xe000e000
10005014:	f8d3 3df0 	ldr.w	r3, [r3, #3568]	@ 0xdf0
10005018:	07db      	lsls	r3, r3, #31
1000501a:	d432      	bmi.n	10005082 <cdcd_xfer_cb+0x8a>
1000501c:	2000      	movs	r0, #0
1000501e:	e8bd 83f8 	ldmia.w	sp!, {r3, r4, r5, r6, r7, r8, r9, pc}
10005022:	4b2d      	ldr	r3, [pc, #180]	@ (100050d8 <cdcd_xfer_cb+0xe0>)
10005024:	b123      	cbz	r3, 10005030 <cdcd_xfer_cb+0x38>
10005026:	482d      	ldr	r0, [pc, #180]	@ (100050dc <cdcd_xfer_cb+0xe4>)
10005028:	f000 fb80 	bl	1000572c <tu_fifo_empty>
1000502c:	2800      	cmp	r0, #0
1000502e:	d04d      	beq.n	100050cc <cdcd_xfer_cb+0xd4>
10005030:	2000      	movs	r0, #0
10005032:	f7ff fd99 	bl	10004b68 <_prep_out_transaction.isra.0>
10005036:	78b3      	ldrb	r3, [r6, #2]
10005038:	42a3      	cmp	r3, r4
1000503a:	d001      	beq.n	10005040 <cdcd_xfer_cb+0x48>
1000503c:	2001      	movs	r0, #1
1000503e:	e7ee      	b.n	1000501e <cdcd_xfer_cb+0x26>
10005040:	4b27      	ldr	r3, [pc, #156]	@ (100050e0 <cdcd_xfer_cb+0xe8>)
10005042:	b113      	cbz	r3, 1000504a <cdcd_xfer_cb+0x52>
10005044:	2000      	movs	r0, #0
10005046:	f3af 8000 	nop.w
1000504a:	2000      	movs	r0, #0
1000504c:	f7ff fe2e 	bl	10004cac <tud_cdc_n_write_flush>
10005050:	2800      	cmp	r0, #0
10005052:	d1f3      	bne.n	1000503c <cdcd_xfer_cb+0x44>
10005054:	4823      	ldr	r0, [pc, #140]	@ (100050e4 <cdcd_xfer_cb+0xec>)
10005056:	f000 fb59 	bl	1000570c <tu_fifo_count>
1000505a:	2800      	cmp	r0, #0
1000505c:	d1ee      	bne.n	1000503c <cdcd_xfer_cb+0x44>
1000505e:	2d00      	cmp	r5, #0
10005060:	d0ec      	beq.n	1000503c <cdcd_xfer_cb+0x44>
10005062:	f015 053f 	ands.w	r5, r5, #63	@ 0x3f
10005066:	d1e9      	bne.n	1000503c <cdcd_xfer_cb+0x44>
10005068:	4638      	mov	r0, r7
1000506a:	78b1      	ldrb	r1, [r6, #2]
1000506c:	f7ff fc10 	bl	10004890 <usbd_edpt_claim>
10005070:	2800      	cmp	r0, #0
10005072:	d0e3      	beq.n	1000503c <cdcd_xfer_cb+0x44>
10005074:	462b      	mov	r3, r5
10005076:	462a      	mov	r2, r5
10005078:	4638      	mov	r0, r7
1000507a:	78b1      	ldrb	r1, [r6, #2]
1000507c:	f7ff fc2c 	bl	100048d8 <usbd_edpt_xfer>
10005080:	e7dc      	b.n	1000503c <cdcd_xfer_cb+0x44>
10005082:	be00      	bkpt	0x0000
10005084:	e7ca      	b.n	1000501c <cdcd_xfer_cb+0x24>
10005086:	b29a      	uxth	r2, r3
10005088:	4917      	ldr	r1, [pc, #92]	@ (100050e8 <cdcd_xfer_cb+0xf0>)
1000508a:	f106 0010 	add.w	r0, r6, #16
1000508e:	f000 fc71 	bl	10005974 <tu_fifo_write_n>
10005092:	4b16      	ldr	r3, [pc, #88]	@ (100050ec <cdcd_xfer_cb+0xf4>)
10005094:	2b00      	cmp	r3, #0
10005096:	d0c4      	beq.n	10005022 <cdcd_xfer_cb+0x2a>
10005098:	7973      	ldrb	r3, [r6, #5]
1000509a:	2bff      	cmp	r3, #255	@ 0xff
1000509c:	d0c1      	beq.n	10005022 <cdcd_xfer_cb+0x2a>
1000509e:	2d00      	cmp	r5, #0
100050a0:	d0bf      	beq.n	10005022 <cdcd_xfer_cb+0x2a>
100050a2:	f8df 8044 	ldr.w	r8, [pc, #68]	@ 100050e8 <cdcd_xfer_cb+0xf0>
100050a6:	eb08 0905 	add.w	r9, r8, r5
100050aa:	e002      	b.n	100050b2 <cdcd_xfer_cb+0xba>
100050ac:	45c8      	cmp	r8, r9
100050ae:	d0b8      	beq.n	10005022 <cdcd_xfer_cb+0x2a>
100050b0:	7973      	ldrb	r3, [r6, #5]
100050b2:	f818 2b01 	ldrb.w	r2, [r8], #1
100050b6:	429a      	cmp	r2, r3
100050b8:	d1f8      	bne.n	100050ac <cdcd_xfer_cb+0xb4>
100050ba:	4808      	ldr	r0, [pc, #32]	@ (100050dc <cdcd_xfer_cb+0xe4>)
100050bc:	f000 fb36 	bl	1000572c <tu_fifo_empty>
100050c0:	2800      	cmp	r0, #0
100050c2:	d1f3      	bne.n	100050ac <cdcd_xfer_cb+0xb4>
100050c4:	7971      	ldrb	r1, [r6, #5]
100050c6:	f3af 8000 	nop.w
100050ca:	e7ef      	b.n	100050ac <cdcd_xfer_cb+0xb4>
100050cc:	f3af 8000 	nop.w
100050d0:	e7ae      	b.n	10005030 <cdcd_xfer_cb+0x38>
100050d2:	bf00      	nop
100050d4:	20001b50 	.word	0x20001b50
100050d8:	00000000 	.word	0x00000000
100050dc:	20001b60 	.word	0x20001b60
100050e0:	00000000 	.word	0x00000000
100050e4:	20001b74 	.word	0x20001b74
100050e8:	20001acc 	.word	0x20001acc
100050ec:	00000000 	.word	0x00000000

100050f0 <vendord_init>:
100050f0:	b5f0      	push	{r4, r5, r6, r7, lr}
100050f2:	f44f 7213 	mov.w	r2, #588	@ 0x24c
100050f6:	b085      	sub	sp, #20
100050f8:	2100      	movs	r1, #0
100050fa:	4812      	ldr	r0, [pc, #72]	@ (10005144 <vendord_init+0x54>)
100050fc:	f002 ffa8 	bl	10008050 <memset>
10005100:	2640      	movs	r6, #64	@ 0x40
10005102:	2300      	movs	r3, #0
10005104:	f44f 7580 	mov.w	r5, #256	@ 0x100
10005108:	4f0e      	ldr	r7, [pc, #56]	@ (10005144 <vendord_init+0x54>)
1000510a:	4c0f      	ldr	r4, [pc, #60]	@ (10005148 <vendord_init+0x58>)
1000510c:	f507 72a6 	add.w	r2, r7, #332	@ 0x14c
10005110:	4619      	mov	r1, r3
10005112:	e9cd 4602 	strd	r4, r6, [sp, #8]
10005116:	9200      	str	r2, [sp, #0]
10005118:	9501      	str	r5, [sp, #4]
1000511a:	461a      	mov	r2, r3
1000511c:	f507 7094 	add.w	r0, r7, #296	@ 0x128
10005120:	f000 f9c6 	bl	100054b0 <tu_edpt_stream_init>
10005124:	2300      	movs	r3, #0
10005126:	4638      	mov	r0, r7
10005128:	f107 0128 	add.w	r1, r7, #40	@ 0x28
1000512c:	4434      	add	r4, r6
1000512e:	9100      	str	r1, [sp, #0]
10005130:	2201      	movs	r2, #1
10005132:	4619      	mov	r1, r3
10005134:	e9cd 4602 	strd	r4, r6, [sp, #8]
10005138:	9501      	str	r5, [sp, #4]
1000513a:	3004      	adds	r0, #4
1000513c:	f000 f9b8 	bl	100054b0 <tu_edpt_stream_init>
10005140:	b005      	add	sp, #20
10005142:	bdf0      	pop	{r4, r5, r6, r7, pc}
10005144:	20001e34 	.word	0x20001e34
10005148:	20001db4 	.word	0x20001db4

1000514c <vendord_deinit>:
1000514c:	b508      	push	{r3, lr}
1000514e:	4805      	ldr	r0, [pc, #20]	@ (10005164 <vendord_deinit+0x18>)
10005150:	f000 f9da 	bl	10005508 <tu_edpt_stream_deinit>
10005154:	4b03      	ldr	r3, [pc, #12]	@ (10005164 <vendord_deinit+0x18>)
10005156:	f5a3 7092 	sub.w	r0, r3, #292	@ 0x124
1000515a:	f000 f9d5 	bl	10005508 <tu_edpt_stream_deinit>
1000515e:	2001      	movs	r0, #1
10005160:	bd08      	pop	{r3, pc}
10005162:	bf00      	nop
10005164:	20001f5c 	.word	0x20001f5c

10005168 <vendord_reset>:
10005168:	b538      	push	{r3, r4, r5, lr}
1000516a:	2500      	movs	r5, #0
1000516c:	4c06      	ldr	r4, [pc, #24]	@ (10005188 <vendord_reset+0x20>)
1000516e:	f504 7098 	add.w	r0, r4, #304	@ 0x130
10005172:	7025      	strb	r5, [r4, #0]
10005174:	f000 fcac 	bl	10005ad0 <tu_fifo_clear>
10005178:	f104 000c 	add.w	r0, r4, #12
1000517c:	f000 fca8 	bl	10005ad0 <tu_fifo_clear>
10005180:	f884 5129 	strb.w	r5, [r4, #297]	@ 0x129
10005184:	7165      	strb	r5, [r4, #5]
10005186:	bd38      	pop	{r3, r4, r5, pc}
10005188:	20001e34 	.word	0x20001e34

1000518c <vendord_open>:
1000518c:	e92d 43f8 	stmdb	sp!, {r3, r4, r5, r6, r7, r8, r9, lr}
10005190:	794b      	ldrb	r3, [r1, #5]
10005192:	2bff      	cmp	r3, #255	@ 0xff
10005194:	d151      	bne.n	1000523a <vendord_open+0xae>
10005196:	4e35      	ldr	r6, [pc, #212]	@ (1000526c <vendord_open+0xe0>)
10005198:	f896 3129 	ldrb.w	r3, [r6, #297]	@ 0x129
1000519c:	2b00      	cmp	r3, #0
1000519e:	d14c      	bne.n	1000523a <vendord_open+0xae>
100051a0:	f896 8005 	ldrb.w	r8, [r6, #5]
100051a4:	f1b8 0f00 	cmp.w	r8, #0
100051a8:	d147      	bne.n	1000523a <vendord_open+0xae>
100051aa:	788b      	ldrb	r3, [r1, #2]
100051ac:	780c      	ldrb	r4, [r1, #0]
100051ae:	7033      	strb	r3, [r6, #0]
100051b0:	790b      	ldrb	r3, [r1, #4]
100051b2:	460f      	mov	r7, r1
100051b4:	440c      	add	r4, r1
100051b6:	b3ab      	cbz	r3, 10005224 <vendord_open+0x98>
100051b8:	4681      	mov	r9, r0
100051ba:	18a5      	adds	r5, r4, r2
100051bc:	e003      	b.n	100051c6 <vendord_open+0x3a>
100051be:	42a5      	cmp	r5, r4
100051c0:	d930      	bls.n	10005224 <vendord_open+0x98>
100051c2:	7823      	ldrb	r3, [r4, #0]
100051c4:	441c      	add	r4, r3
100051c6:	7863      	ldrb	r3, [r4, #1]
100051c8:	2b05      	cmp	r3, #5
100051ca:	d1f8      	bne.n	100051be <vendord_open+0x32>
100051cc:	42ac      	cmp	r4, r5
100051ce:	d229      	bcs.n	10005224 <vendord_open+0x98>
100051d0:	4621      	mov	r1, r4
100051d2:	4648      	mov	r0, r9
100051d4:	f7ff fb3a 	bl	1000484c <usbd_edpt_open>
100051d8:	b340      	cbz	r0, 1000522c <vendord_open+0xa0>
100051da:	78a3      	ldrb	r3, [r4, #2]
100051dc:	09db      	lsrs	r3, r3, #7
100051de:	d12f      	bne.n	10005240 <vendord_open+0xb4>
100051e0:	4823      	ldr	r0, [pc, #140]	@ (10005270 <vendord_open+0xe4>)
100051e2:	f000 fc75 	bl	10005ad0 <tu_fifo_clear>
100051e6:	78a3      	ldrb	r3, [r4, #2]
100051e8:	f896 2128 	ldrb.w	r2, [r6, #296]	@ 0x128
100051ec:	f886 3129 	strb.w	r3, [r6, #297]	@ 0x129
100051f0:	88a3      	ldrh	r3, [r4, #4]
100051f2:	4648      	mov	r0, r9
100051f4:	f3c3 030a 	ubfx	r3, r3, #0, #11
100051f8:	f5a3 7300 	sub.w	r3, r3, #512	@ 0x200
100051fc:	fab3 f383 	clz	r3, r3
10005200:	095b      	lsrs	r3, r3, #5
10005202:	f363 0241 	bfi	r2, r3, #1, #1
10005206:	491b      	ldr	r1, [pc, #108]	@ (10005274 <vendord_open+0xe8>)
10005208:	f886 2128 	strb.w	r2, [r6, #296]	@ 0x128
1000520c:	f000 f9ea 	bl	100055e4 <tu_edpt_stream_read_xfer>
10005210:	b160      	cbz	r0, 1000522c <vendord_open+0xa0>
10005212:	7823      	ldrb	r3, [r4, #0]
10005214:	793a      	ldrb	r2, [r7, #4]
10005216:	f108 0801 	add.w	r8, r8, #1
1000521a:	441c      	add	r4, r3
1000521c:	fa5f f388 	uxtb.w	r3, r8
10005220:	429a      	cmp	r2, r3
10005222:	d8d0      	bhi.n	100051c6 <vendord_open+0x3a>
10005224:	1be1      	subs	r1, r4, r7
10005226:	b288      	uxth	r0, r1
10005228:	e8bd 83f8 	ldmia.w	sp!, {r3, r4, r5, r6, r7, r8, r9, pc}
1000522c:	f04f 23e0 	mov.w	r3, #3758153728	@ 0xe000e000
10005230:	f8d3 3df0 	ldr.w	r3, [r3, #3568]	@ 0xdf0
10005234:	07db      	lsls	r3, r3, #31
10005236:	d500      	bpl.n	1000523a <vendord_open+0xae>
10005238:	be00      	bkpt	0x0000
1000523a:	2000      	movs	r0, #0
1000523c:	e8bd 83f8 	ldmia.w	sp!, {r3, r4, r5, r6, r7, r8, r9, pc}
10005240:	480d      	ldr	r0, [pc, #52]	@ (10005278 <vendord_open+0xec>)
10005242:	f000 fc45 	bl	10005ad0 <tu_fifo_clear>
10005246:	78a3      	ldrb	r3, [r4, #2]
10005248:	7932      	ldrb	r2, [r6, #4]
1000524a:	7173      	strb	r3, [r6, #5]
1000524c:	88a3      	ldrh	r3, [r4, #4]
1000524e:	490b      	ldr	r1, [pc, #44]	@ (1000527c <vendord_open+0xf0>)
10005250:	f3c3 030a 	ubfx	r3, r3, #0, #11
10005254:	f5a3 7300 	sub.w	r3, r3, #512	@ 0x200
10005258:	fab3 f383 	clz	r3, r3
1000525c:	095b      	lsrs	r3, r3, #5
1000525e:	f363 0241 	bfi	r2, r3, #1, #1
10005262:	2000      	movs	r0, #0
10005264:	7132      	strb	r2, [r6, #4]
10005266:	f000 f985 	bl	10005574 <tu_edpt_stream_write_xfer>
1000526a:	e7d2      	b.n	10005212 <vendord_open+0x86>
1000526c:	20001e34 	.word	0x20001e34
10005270:	20001f64 	.word	0x20001f64
10005274:	20001f5c 	.word	0x20001f5c
10005278:	20001e40 	.word	0x20001e40
1000527c:	20001e38 	.word	0x20001e38

10005280 <vendord_xfer_cb>:
10005280:	b570      	push	{r4, r5, r6, lr}
10005282:	4c1b      	ldr	r4, [pc, #108]	@ (100052f0 <vendord_xfer_cb+0x70>)
10005284:	4606      	mov	r6, r0
10005286:	f894 c129 	ldrb.w	ip, [r4, #297]	@ 0x129
1000528a:	461d      	mov	r5, r3
1000528c:	458c      	cmp	ip, r1
1000528e:	d011      	beq.n	100052b4 <vendord_xfer_cb+0x34>
10005290:	7963      	ldrb	r3, [r4, #5]
10005292:	428b      	cmp	r3, r1
10005294:	d001      	beq.n	1000529a <vendord_xfer_cb+0x1a>
10005296:	2000      	movs	r0, #0
10005298:	bd70      	pop	{r4, r5, r6, pc}
1000529a:	4b16      	ldr	r3, [pc, #88]	@ (100052f4 <vendord_xfer_cb+0x74>)
1000529c:	b11b      	cbz	r3, 100052a6 <vendord_xfer_cb+0x26>
1000529e:	2000      	movs	r0, #0
100052a0:	b2a9      	uxth	r1, r5
100052a2:	f3af 8000 	nop.w
100052a6:	4630      	mov	r0, r6
100052a8:	4913      	ldr	r1, [pc, #76]	@ (100052f8 <vendord_xfer_cb+0x78>)
100052aa:	f000 f963 	bl	10005574 <tu_edpt_stream_write_xfer>
100052ae:	b1c8      	cbz	r0, 100052e4 <vendord_xfer_cb+0x64>
100052b0:	2001      	movs	r0, #1
100052b2:	bd70      	pop	{r4, r5, r6, pc}
100052b4:	f8b4 3134 	ldrh.w	r3, [r4, #308]	@ 0x134
100052b8:	b963      	cbnz	r3, 100052d4 <vendord_xfer_cb+0x54>
100052ba:	4b10      	ldr	r3, [pc, #64]	@ (100052fc <vendord_xfer_cb+0x7c>)
100052bc:	b123      	cbz	r3, 100052c8 <vendord_xfer_cb+0x48>
100052be:	2000      	movs	r0, #0
100052c0:	490f      	ldr	r1, [pc, #60]	@ (10005300 <vendord_xfer_cb+0x80>)
100052c2:	b2aa      	uxth	r2, r5
100052c4:	f3af 8000 	nop.w
100052c8:	4630      	mov	r0, r6
100052ca:	490e      	ldr	r1, [pc, #56]	@ (10005304 <vendord_xfer_cb+0x84>)
100052cc:	f000 f98a 	bl	100055e4 <tu_edpt_stream_read_xfer>
100052d0:	2001      	movs	r0, #1
100052d2:	e7ee      	b.n	100052b2 <vendord_xfer_cb+0x32>
100052d4:	f8d4 112c 	ldr.w	r1, [r4, #300]	@ 0x12c
100052d8:	b2aa      	uxth	r2, r5
100052da:	f504 7098 	add.w	r0, r4, #304	@ 0x130
100052de:	f000 fb49 	bl	10005974 <tu_fifo_write_n>
100052e2:	e7ea      	b.n	100052ba <vendord_xfer_cb+0x3a>
100052e4:	462a      	mov	r2, r5
100052e6:	4630      	mov	r0, r6
100052e8:	4903      	ldr	r1, [pc, #12]	@ (100052f8 <vendord_xfer_cb+0x78>)
100052ea:	f000 f90f 	bl	1000550c <tu_edpt_stream_write_zlp_if_needed>
100052ee:	e7df      	b.n	100052b0 <vendord_xfer_cb+0x30>
100052f0:	20001e34 	.word	0x20001e34
100052f4:	00000000 	.word	0x00000000
100052f8:	20001e38 	.word	0x20001e38
100052fc:	00000000 	.word	0x00000000
10005300:	20001db4 	.word	0x20001db4
10005304:	20001f5c 	.word	0x20001f5c

10005308 <tusb_rhport_init>:
10005308:	b510      	push	{r4, lr}
1000530a:	b082      	sub	sp, #8
1000530c:	b1c9      	cbz	r1, 10005342 <tusb_rhport_init+0x3a>
1000530e:	2801      	cmp	r0, #1
10005310:	d80c      	bhi.n	1000532c <tusb_rhport_init+0x24>
10005312:	780b      	ldrb	r3, [r1, #0]
10005314:	b153      	cbz	r3, 1000532c <tusb_rhport_init+0x24>
10005316:	4c14      	ldr	r4, [pc, #80]	@ (10005368 <tusb_rhport_init+0x60>)
10005318:	2b01      	cmp	r3, #1
1000531a:	5423      	strb	r3, [r4, r0]
1000531c:	d002      	beq.n	10005324 <tusb_rhport_init+0x1c>
1000531e:	2001      	movs	r0, #1
10005320:	b002      	add	sp, #8
10005322:	bd10      	pop	{r4, pc}
10005324:	f7fe fe08 	bl	10003f38 <tud_rhport_init>
10005328:	2800      	cmp	r0, #0
1000532a:	d1f8      	bne.n	1000531e <tusb_rhport_init+0x16>
1000532c:	f04f 23e0 	mov.w	r3, #3758153728	@ 0xe000e000
10005330:	f8d3 3df0 	ldr.w	r3, [r3, #3568]	@ 0xdf0
10005334:	07db      	lsls	r3, r3, #31
10005336:	d402      	bmi.n	1000533e <tusb_rhport_init+0x36>
10005338:	2000      	movs	r0, #0
1000533a:	b002      	add	sp, #8
1000533c:	bd10      	pop	{r4, pc}
1000533e:	be00      	bkpt	0x0000
10005340:	e7fa      	b.n	10005338 <tusb_rhport_init+0x30>
10005342:	2401      	movs	r4, #1
10005344:	4608      	mov	r0, r1
10005346:	a901      	add	r1, sp, #4
10005348:	f8ad 4004 	strh.w	r4, [sp, #4]
1000534c:	f7fe fdf4 	bl	10003f38 <tud_rhport_init>
10005350:	b938      	cbnz	r0, 10005362 <tusb_rhport_init+0x5a>
10005352:	f04f 23e0 	mov.w	r3, #3758153728	@ 0xe000e000
10005356:	f8d3 3df0 	ldr.w	r3, [r3, #3568]	@ 0xdf0
1000535a:	07da      	lsls	r2, r3, #31
1000535c:	d5ed      	bpl.n	1000533a <tusb_rhport_init+0x32>
1000535e:	be00      	bkpt	0x0000
10005360:	e7eb      	b.n	1000533a <tusb_rhport_init+0x32>
10005362:	4b01      	ldr	r3, [pc, #4]	@ (10005368 <tusb_rhport_init+0x60>)
10005364:	701c      	strb	r4, [r3, #0]
10005366:	e7e8      	b.n	1000533a <tusb_rhport_init+0x32>
10005368:	20001c8c 	.word	0x20001c8c

1000536c <tu_edpt_claim>:
1000536c:	b5f8      	push	{r3, r4, r5, r6, r7, lr}
1000536e:	7803      	ldrb	r3, [r0, #0]
10005370:	f013 0401 	ands.w	r4, r3, #1
10005374:	d11a      	bne.n	100053ac <tu_edpt_claim+0x40>
10005376:	7803      	ldrb	r3, [r0, #0]
10005378:	4605      	mov	r5, r0
1000537a:	075a      	lsls	r2, r3, #29
1000537c:	f3c3 0780 	ubfx	r7, r3, #2, #1
10005380:	d501      	bpl.n	10005386 <tu_edpt_claim+0x1a>
10005382:	4620      	mov	r0, r4
10005384:	bdf8      	pop	{r3, r4, r5, r6, r7, pc}
10005386:	460e      	mov	r6, r1
10005388:	f04f 31ff 	mov.w	r1, #4294967295
1000538c:	4630      	mov	r0, r6
1000538e:	f003 f8d7 	bl	10008540 <__mutex_enter_timeout_ms_veneer>
10005392:	782b      	ldrb	r3, [r5, #0]
10005394:	f013 0401 	ands.w	r4, r3, #1
10005398:	d10b      	bne.n	100053b2 <tu_edpt_claim+0x46>
1000539a:	782b      	ldrb	r3, [r5, #0]
1000539c:	075b      	lsls	r3, r3, #29
1000539e:	d409      	bmi.n	100053b4 <tu_edpt_claim+0x48>
100053a0:	782b      	ldrb	r3, [r5, #0]
100053a2:	2401      	movs	r4, #1
100053a4:	f043 0304 	orr.w	r3, r3, #4
100053a8:	702b      	strb	r3, [r5, #0]
100053aa:	e003      	b.n	100053b4 <tu_edpt_claim+0x48>
100053ac:	2400      	movs	r4, #0
100053ae:	4620      	mov	r0, r4
100053b0:	bdf8      	pop	{r3, r4, r5, r6, r7, pc}
100053b2:	463c      	mov	r4, r7
100053b4:	4630      	mov	r0, r6
100053b6:	f003 f8d3 	bl	10008560 <__mutex_exit_veneer>
100053ba:	4620      	mov	r0, r4
100053bc:	bdf8      	pop	{r3, r4, r5, r6, r7, pc}
100053be:	bf00      	nop

100053c0 <tu_edpt_release>:
100053c0:	b570      	push	{r4, r5, r6, lr}
100053c2:	460c      	mov	r4, r1
100053c4:	4605      	mov	r5, r0
100053c6:	f04f 31ff 	mov.w	r1, #4294967295
100053ca:	4620      	mov	r0, r4
100053cc:	f003 f8b8 	bl	10008540 <__mutex_enter_timeout_ms_veneer>
100053d0:	782b      	ldrb	r3, [r5, #0]
100053d2:	f3c3 0680 	ubfx	r6, r3, #2, #1
100053d6:	075b      	lsls	r3, r3, #29
100053d8:	d508      	bpl.n	100053ec <tu_edpt_release+0x2c>
100053da:	782b      	ldrb	r3, [r5, #0]
100053dc:	f013 0301 	ands.w	r3, r3, #1
100053e0:	bf11      	iteee	ne
100053e2:	2600      	movne	r6, #0
100053e4:	782a      	ldrbeq	r2, [r5, #0]
100053e6:	f363 0282 	bfieq	r2, r3, #2, #1
100053ea:	702a      	strbeq	r2, [r5, #0]
100053ec:	4620      	mov	r0, r4
100053ee:	f003 f8b7 	bl	10008560 <__mutex_exit_veneer>
100053f2:	4630      	mov	r0, r6
100053f4:	bd70      	pop	{r4, r5, r6, pc}
100053f6:	bf00      	nop

100053f8 <tu_edpt_validate>:
100053f8:	78c3      	ldrb	r3, [r0, #3]
100053fa:	8882      	ldrh	r2, [r0, #4]
100053fc:	f003 0003 	and.w	r0, r3, #3
10005400:	2802      	cmp	r0, #2
10005402:	f3c2 020a 	ubfx	r2, r2, #0, #11
10005406:	d015      	beq.n	10005434 <tu_edpt_validate+0x3c>
10005408:	2803      	cmp	r0, #3
1000540a:	d00a      	beq.n	10005422 <tu_edpt_validate+0x2a>
1000540c:	2801      	cmp	r0, #1
1000540e:	d11c      	bne.n	1000544a <tu_edpt_validate+0x52>
10005410:	2902      	cmp	r1, #2
10005412:	f240 33ff 	movw	r3, #1023	@ 0x3ff
10005416:	bf08      	it	eq
10005418:	f44f 6380 	moveq.w	r3, #1024	@ 0x400
1000541c:	4293      	cmp	r3, r2
1000541e:	d30d      	bcc.n	1000543c <tu_edpt_validate+0x44>
10005420:	4770      	bx	lr
10005422:	2902      	cmp	r1, #2
10005424:	bf14      	ite	ne
10005426:	2340      	movne	r3, #64	@ 0x40
10005428:	f44f 6380 	moveq.w	r3, #1024	@ 0x400
1000542c:	4293      	cmp	r3, r2
1000542e:	d305      	bcc.n	1000543c <tu_edpt_validate+0x44>
10005430:	2001      	movs	r0, #1
10005432:	4770      	bx	lr
10005434:	2902      	cmp	r1, #2
10005436:	d00a      	beq.n	1000544e <tu_edpt_validate+0x56>
10005438:	2a40      	cmp	r2, #64	@ 0x40
1000543a:	d9f9      	bls.n	10005430 <tu_edpt_validate+0x38>
1000543c:	f04f 23e0 	mov.w	r3, #3758153728	@ 0xe000e000
10005440:	f8d3 3df0 	ldr.w	r3, [r3, #3568]	@ 0xdf0
10005444:	07db      	lsls	r3, r3, #31
10005446:	d500      	bpl.n	1000544a <tu_edpt_validate+0x52>
10005448:	be00      	bkpt	0x0000
1000544a:	2000      	movs	r0, #0
1000544c:	4770      	bx	lr
1000544e:	f5b2 7f00 	cmp.w	r2, #512	@ 0x200
10005452:	d0ed      	beq.n	10005430 <tu_edpt_validate+0x38>
10005454:	e7f2      	b.n	1000543c <tu_edpt_validate+0x44>
10005456:	bf00      	nop

10005458 <tu_edpt_bind_driver>:
10005458:	440a      	add	r2, r1
1000545a:	4291      	cmp	r1, r2
1000545c:	d226      	bcs.n	100054ac <tu_edpt_bind_driver+0x54>
1000545e:	f891 c001 	ldrb.w	ip, [r1, #1]
10005462:	f1bc 0f05 	cmp.w	ip, #5
10005466:	d005      	beq.n	10005474 <tu_edpt_bind_driver+0x1c>
10005468:	f891 c000 	ldrb.w	ip, [r1]
1000546c:	4461      	add	r1, ip
1000546e:	428a      	cmp	r2, r1
10005470:	d8f5      	bhi.n	1000545e <tu_edpt_bind_driver+0x6>
10005472:	4770      	bx	lr
10005474:	b500      	push	{lr}
10005476:	f891 c002 	ldrb.w	ip, [r1, #2]
1000547a:	f00c 0e7f 	and.w	lr, ip, #127	@ 0x7f
1000547e:	eb00 0e4e 	add.w	lr, r0, lr, lsl #1
10005482:	ea4f 1cdc 	mov.w	ip, ip, lsr #7
10005486:	f80e 300c 	strb.w	r3, [lr, ip]
1000548a:	f891 c000 	ldrb.w	ip, [r1]
1000548e:	4461      	add	r1, ip
10005490:	428a      	cmp	r2, r1
10005492:	d909      	bls.n	100054a8 <tu_edpt_bind_driver+0x50>
10005494:	f891 c001 	ldrb.w	ip, [r1, #1]
10005498:	f1bc 0f05 	cmp.w	ip, #5
1000549c:	d0eb      	beq.n	10005476 <tu_edpt_bind_driver+0x1e>
1000549e:	f891 c000 	ldrb.w	ip, [r1]
100054a2:	4461      	add	r1, ip
100054a4:	428a      	cmp	r2, r1
100054a6:	d8f5      	bhi.n	10005494 <tu_edpt_bind_driver+0x3c>
100054a8:	f85d fb04 	ldr.w	pc, [sp], #4
100054ac:	4770      	bx	lr
100054ae:	bf00      	nop

100054b0 <tu_edpt_stream_init>:
100054b0:	e92d 41f0 	stmdb	sp!, {r4, r5, r6, r7, r8, lr}
100054b4:	468e      	mov	lr, r1
100054b6:	b082      	sub	sp, #8
100054b8:	9300      	str	r3, [sp, #0]
100054ba:	f890 c000 	ldrb.w	ip, [r0]
100054be:	9e08      	ldr	r6, [sp, #32]
100054c0:	f8bd 7024 	ldrh.w	r7, [sp, #36]	@ 0x24
100054c4:	f36e 0c00 	bfi	ip, lr, #0, #1
100054c8:	4604      	mov	r4, r0
100054ca:	4615      	mov	r5, r2
100054cc:	2301      	movs	r3, #1
100054ce:	4631      	mov	r1, r6
100054d0:	463a      	mov	r2, r7
100054d2:	f800 cb08 	strb.w	ip, [r0], #8
100054d6:	f8bd 802c 	ldrh.w	r8, [sp, #44]	@ 0x2c
100054da:	f000 f8e7 	bl	100056ac <tu_fifo_config>
100054de:	b106      	cbz	r6, 100054e2 <tu_edpt_stream_init+0x32>
100054e0:	b93f      	cbnz	r7, 100054f2 <tu_edpt_stream_init+0x42>
100054e2:	2001      	movs	r0, #1
100054e4:	9b0a      	ldr	r3, [sp, #40]	@ 0x28
100054e6:	f8a4 8002 	strh.w	r8, [r4, #2]
100054ea:	6063      	str	r3, [r4, #4]
100054ec:	b002      	add	sp, #8
100054ee:	e8bd 81f0 	ldmia.w	sp!, {r4, r5, r6, r7, r8, pc}
100054f2:	f104 061c 	add.w	r6, r4, #28
100054f6:	4630      	mov	r0, r6
100054f8:	f7fb fa60 	bl	100009bc <mutex_init>
100054fc:	b10d      	cbz	r5, 10005502 <tu_edpt_stream_init+0x52>
100054fe:	4635      	mov	r5, r6
10005500:	2600      	movs	r6, #0
10005502:	e9c4 5605 	strd	r5, r6, [r4, #20]
10005506:	e7ec      	b.n	100054e2 <tu_edpt_stream_init+0x32>

10005508 <tu_edpt_stream_deinit>:
10005508:	2001      	movs	r0, #1
1000550a:	4770      	bx	lr

1000550c <tu_edpt_stream_write_zlp_if_needed>:
1000550c:	b5f8      	push	{r3, r4, r5, r6, r7, lr}
1000550e:	4607      	mov	r7, r0
10005510:	4608      	mov	r0, r1
10005512:	f240 13ff 	movw	r3, #511	@ 0x1ff
10005516:	4615      	mov	r5, r2
10005518:	f810 2b08 	ldrb.w	r2, [r0], #8
1000551c:	460c      	mov	r4, r1
1000551e:	f012 0f02 	tst.w	r2, #2
10005522:	bf0c      	ite	eq
10005524:	263f      	moveq	r6, #63	@ 0x3f
10005526:	461e      	movne	r6, r3
10005528:	f000 f8f0 	bl	1000570c <tu_fifo_count>
1000552c:	b928      	cbnz	r0, 1000553a <tu_edpt_stream_write_zlp_if_needed+0x2e>
1000552e:	b125      	cbz	r5, 1000553a <tu_edpt_stream_write_zlp_if_needed+0x2e>
10005530:	422e      	tst	r6, r5
10005532:	d102      	bne.n	1000553a <tu_edpt_stream_write_zlp_if_needed+0x2e>
10005534:	7823      	ldrb	r3, [r4, #0]
10005536:	07da      	lsls	r2, r3, #31
10005538:	d501      	bpl.n	1000553e <tu_edpt_stream_write_zlp_if_needed+0x32>
1000553a:	2000      	movs	r0, #0
1000553c:	bdf8      	pop	{r3, r4, r5, r6, r7, pc}
1000553e:	4638      	mov	r0, r7
10005540:	7861      	ldrb	r1, [r4, #1]
10005542:	f7ff f9a5 	bl	10004890 <usbd_edpt_claim>
10005546:	2800      	cmp	r0, #0
10005548:	d0f7      	beq.n	1000553a <tu_edpt_stream_write_zlp_if_needed+0x2e>
1000554a:	7823      	ldrb	r3, [r4, #0]
1000554c:	f013 0301 	ands.w	r3, r3, #1
10005550:	d007      	beq.n	10005562 <tu_edpt_stream_write_zlp_if_needed+0x56>
10005552:	f04f 23e0 	mov.w	r3, #3758153728	@ 0xe000e000
10005556:	f8d3 3df0 	ldr.w	r3, [r3, #3568]	@ 0xdf0
1000555a:	07db      	lsls	r3, r3, #31
1000555c:	d5ed      	bpl.n	1000553a <tu_edpt_stream_write_zlp_if_needed+0x2e>
1000555e:	be00      	bkpt	0x0000
10005560:	e7eb      	b.n	1000553a <tu_edpt_stream_write_zlp_if_needed+0x2e>
10005562:	461a      	mov	r2, r3
10005564:	4638      	mov	r0, r7
10005566:	7861      	ldrb	r1, [r4, #1]
10005568:	f7ff f9b6 	bl	100048d8 <usbd_edpt_xfer>
1000556c:	2800      	cmp	r0, #0
1000556e:	d0f0      	beq.n	10005552 <tu_edpt_stream_write_zlp_if_needed+0x46>
10005570:	bdf8      	pop	{r3, r4, r5, r6, r7, pc}
10005572:	bf00      	nop

10005574 <tu_edpt_stream_write_xfer>:
10005574:	b570      	push	{r4, r5, r6, lr}
10005576:	f101 0508 	add.w	r5, r1, #8
1000557a:	4606      	mov	r6, r0
1000557c:	4628      	mov	r0, r5
1000557e:	460c      	mov	r4, r1
10005580:	f000 f8c4 	bl	1000570c <tu_fifo_count>
10005584:	b110      	cbz	r0, 1000558c <tu_edpt_stream_write_xfer+0x18>
10005586:	7823      	ldrb	r3, [r4, #0]
10005588:	07da      	lsls	r2, r3, #31
1000558a:	d501      	bpl.n	10005590 <tu_edpt_stream_write_xfer+0x1c>
1000558c:	2000      	movs	r0, #0
1000558e:	bd70      	pop	{r4, r5, r6, pc}
10005590:	4630      	mov	r0, r6
10005592:	7861      	ldrb	r1, [r4, #1]
10005594:	f7ff f97c 	bl	10004890 <usbd_edpt_claim>
10005598:	2800      	cmp	r0, #0
1000559a:	d0f7      	beq.n	1000558c <tu_edpt_stream_write_xfer+0x18>
1000559c:	4628      	mov	r0, r5
1000559e:	8862      	ldrh	r2, [r4, #2]
100055a0:	6861      	ldr	r1, [r4, #4]
100055a2:	f000 f929 	bl	100057f8 <tu_fifo_read_n>
100055a6:	7823      	ldrb	r3, [r4, #0]
100055a8:	4605      	mov	r5, r0
100055aa:	f003 0301 	and.w	r3, r3, #1
100055ae:	b140      	cbz	r0, 100055c2 <tu_edpt_stream_write_xfer+0x4e>
100055b0:	b173      	cbz	r3, 100055d0 <tu_edpt_stream_write_xfer+0x5c>
100055b2:	f04f 23e0 	mov.w	r3, #3758153728	@ 0xe000e000
100055b6:	f8d3 3df0 	ldr.w	r3, [r3, #3568]	@ 0xdf0
100055ba:	07db      	lsls	r3, r3, #31
100055bc:	d5e6      	bpl.n	1000558c <tu_edpt_stream_write_xfer+0x18>
100055be:	be00      	bkpt	0x0000
100055c0:	e7e4      	b.n	1000558c <tu_edpt_stream_write_xfer+0x18>
100055c2:	2b00      	cmp	r3, #0
100055c4:	d1e2      	bne.n	1000558c <tu_edpt_stream_write_xfer+0x18>
100055c6:	4630      	mov	r0, r6
100055c8:	7861      	ldrb	r1, [r4, #1]
100055ca:	f7ff f973 	bl	100048b4 <usbd_edpt_release>
100055ce:	e7dd      	b.n	1000558c <tu_edpt_stream_write_xfer+0x18>
100055d0:	4603      	mov	r3, r0
100055d2:	6862      	ldr	r2, [r4, #4]
100055d4:	4630      	mov	r0, r6
100055d6:	7861      	ldrb	r1, [r4, #1]
100055d8:	f7ff f97e 	bl	100048d8 <usbd_edpt_xfer>
100055dc:	2800      	cmp	r0, #0
100055de:	d0e8      	beq.n	100055b2 <tu_edpt_stream_write_xfer+0x3e>
100055e0:	4628      	mov	r0, r5
100055e2:	bd70      	pop	{r4, r5, r6, pc}

100055e4 <tu_edpt_stream_read_xfer>:
100055e4:	898a      	ldrh	r2, [r1, #12]
100055e6:	e92d 41f0 	stmdb	sp!, {r4, r5, r6, r7, r8, lr}
100055ea:	780b      	ldrb	r3, [r1, #0]
100055ec:	460c      	mov	r4, r1
100055ee:	4606      	mov	r6, r0
100055f0:	b922      	cbnz	r2, 100055fc <tu_edpt_stream_read_xfer+0x18>
100055f2:	07dd      	lsls	r5, r3, #31
100055f4:	d534      	bpl.n	10005660 <tu_edpt_stream_read_xfer+0x7c>
100055f6:	2000      	movs	r0, #0
100055f8:	e8bd 81f0 	ldmia.w	sp!, {r4, r5, r6, r7, r8, pc}
100055fc:	f104 0708 	add.w	r7, r4, #8
10005600:	0799      	lsls	r1, r3, #30
10005602:	4638      	mov	r0, r7
10005604:	bf47      	ittee	mi
10005606:	f44f 487e 	movmi.w	r8, #65024	@ 0xfe00
1000560a:	f44f 7500 	movmi.w	r5, #512	@ 0x200
1000560e:	f64f 78c0 	movwpl	r8, #65472	@ 0xffc0
10005612:	2540      	movpl	r5, #64	@ 0x40
10005614:	f000 f894 	bl	10005740 <tu_fifo_remaining>
10005618:	4285      	cmp	r5, r0
1000561a:	d8ec      	bhi.n	100055f6 <tu_edpt_stream_read_xfer+0x12>
1000561c:	7823      	ldrb	r3, [r4, #0]
1000561e:	07da      	lsls	r2, r3, #31
10005620:	d4e9      	bmi.n	100055f6 <tu_edpt_stream_read_xfer+0x12>
10005622:	4630      	mov	r0, r6
10005624:	7861      	ldrb	r1, [r4, #1]
10005626:	f7ff f933 	bl	10004890 <usbd_edpt_claim>
1000562a:	2800      	cmp	r0, #0
1000562c:	d0e3      	beq.n	100055f6 <tu_edpt_stream_read_xfer+0x12>
1000562e:	4638      	mov	r0, r7
10005630:	f000 f886 	bl	10005740 <tu_fifo_remaining>
10005634:	7823      	ldrb	r3, [r4, #0]
10005636:	4285      	cmp	r5, r0
10005638:	f003 0301 	and.w	r3, r3, #1
1000563c:	d82d      	bhi.n	1000569a <tu_edpt_stream_read_xfer+0xb6>
1000563e:	b9bb      	cbnz	r3, 10005670 <tu_edpt_stream_read_xfer+0x8c>
10005640:	8865      	ldrh	r5, [r4, #2]
10005642:	ea08 0800 	and.w	r8, r8, r0
10005646:	4545      	cmp	r5, r8
10005648:	bf28      	it	cs
1000564a:	4645      	movcs	r5, r8
1000564c:	7861      	ldrb	r1, [r4, #1]
1000564e:	b35d      	cbz	r5, 100056a8 <tu_edpt_stream_read_xfer+0xc4>
10005650:	6862      	ldr	r2, [r4, #4]
10005652:	462b      	mov	r3, r5
10005654:	4630      	mov	r0, r6
10005656:	f7ff f93f 	bl	100048d8 <usbd_edpt_xfer>
1000565a:	b148      	cbz	r0, 10005670 <tu_edpt_stream_read_xfer+0x8c>
1000565c:	4628      	mov	r0, r5
1000565e:	e7cb      	b.n	100055f8 <tu_edpt_stream_read_xfer+0x14>
10005660:	7849      	ldrb	r1, [r1, #1]
10005662:	f7ff f915 	bl	10004890 <usbd_edpt_claim>
10005666:	2800      	cmp	r0, #0
10005668:	d0c5      	beq.n	100055f6 <tu_edpt_stream_read_xfer+0x12>
1000566a:	7823      	ldrb	r3, [r4, #0]
1000566c:	07d8      	lsls	r0, r3, #31
1000566e:	d507      	bpl.n	10005680 <tu_edpt_stream_read_xfer+0x9c>
10005670:	f04f 23e0 	mov.w	r3, #3758153728	@ 0xe000e000
10005674:	f8d3 3df0 	ldr.w	r3, [r3, #3568]	@ 0xdf0
10005678:	07db      	lsls	r3, r3, #31
1000567a:	d5bc      	bpl.n	100055f6 <tu_edpt_stream_read_xfer+0x12>
1000567c:	be00      	bkpt	0x0000
1000567e:	e7ba      	b.n	100055f6 <tu_edpt_stream_read_xfer+0x12>
10005680:	8863      	ldrh	r3, [r4, #2]
10005682:	7861      	ldrb	r1, [r4, #1]
10005684:	b13b      	cbz	r3, 10005696 <tu_edpt_stream_read_xfer+0xb2>
10005686:	6862      	ldr	r2, [r4, #4]
10005688:	4630      	mov	r0, r6
1000568a:	f7ff f925 	bl	100048d8 <usbd_edpt_xfer>
1000568e:	2800      	cmp	r0, #0
10005690:	d0ee      	beq.n	10005670 <tu_edpt_stream_read_xfer+0x8c>
10005692:	8860      	ldrh	r0, [r4, #2]
10005694:	e7b0      	b.n	100055f8 <tu_edpt_stream_read_xfer+0x14>
10005696:	461a      	mov	r2, r3
10005698:	e7f6      	b.n	10005688 <tu_edpt_stream_read_xfer+0xa4>
1000569a:	2b00      	cmp	r3, #0
1000569c:	d1ab      	bne.n	100055f6 <tu_edpt_stream_read_xfer+0x12>
1000569e:	4630      	mov	r0, r6
100056a0:	7861      	ldrb	r1, [r4, #1]
100056a2:	f7ff f907 	bl	100048b4 <usbd_edpt_release>
100056a6:	e7a6      	b.n	100055f6 <tu_edpt_stream_read_xfer+0x12>
100056a8:	462a      	mov	r2, r5
100056aa:	e7d2      	b.n	10005652 <tu_edpt_stream_read_xfer+0x6e>

100056ac <tu_fifo_config>:
100056ac:	e92d 41f0 	stmdb	sp!, {r4, r5, r6, r7, r8, lr}
100056b0:	f5b2 4f00 	cmp.w	r2, #32768	@ 0x8000
100056b4:	f89d 8018 	ldrb.w	r8, [sp, #24]
100056b8:	d824      	bhi.n	10005704 <tu_fifo_config+0x58>
100056ba:	4604      	mov	r4, r0
100056bc:	68c0      	ldr	r0, [r0, #12]
100056be:	4617      	mov	r7, r2
100056c0:	460e      	mov	r6, r1
100056c2:	461d      	mov	r5, r3
100056c4:	b118      	cbz	r0, 100056ce <tu_fifo_config+0x22>
100056c6:	f04f 31ff 	mov.w	r1, #4294967295
100056ca:	f002 ff39 	bl	10008540 <__mutex_enter_timeout_ms_veneer>
100056ce:	6920      	ldr	r0, [r4, #16]
100056d0:	b118      	cbz	r0, 100056da <tu_fifo_config+0x2e>
100056d2:	f04f 31ff 	mov.w	r1, #4294967295
100056d6:	f002 ff33 	bl	10008540 <__mutex_enter_timeout_ms_veneer>
100056da:	2200      	movs	r2, #0
100056dc:	f3c5 030e 	ubfx	r3, r5, #0, #15
100056e0:	68e0      	ldr	r0, [r4, #12]
100056e2:	ea43 33c8 	orr.w	r3, r3, r8, lsl #15
100056e6:	8162      	strh	r2, [r4, #10]
100056e8:	6026      	str	r6, [r4, #0]
100056ea:	80a7      	strh	r7, [r4, #4]
100056ec:	80e3      	strh	r3, [r4, #6]
100056ee:	8122      	strh	r2, [r4, #8]
100056f0:	b108      	cbz	r0, 100056f6 <tu_fifo_config+0x4a>
100056f2:	f002 ff35 	bl	10008560 <__mutex_exit_veneer>
100056f6:	6920      	ldr	r0, [r4, #16]
100056f8:	b108      	cbz	r0, 100056fe <tu_fifo_config+0x52>
100056fa:	f002 ff31 	bl	10008560 <__mutex_exit_veneer>
100056fe:	2001      	movs	r0, #1
10005700:	e8bd 81f0 	ldmia.w	sp!, {r4, r5, r6, r7, r8, pc}
10005704:	2000      	movs	r0, #0
10005706:	e8bd 81f0 	ldmia.w	sp!, {r4, r5, r6, r7, r8, pc}
1000570a:	bf00      	nop

1000570c <tu_fifo_count>:
1000570c:	8903      	ldrh	r3, [r0, #8]
1000570e:	8942      	ldrh	r2, [r0, #10]
10005710:	b29b      	uxth	r3, r3
10005712:	b292      	uxth	r2, r2
10005714:	8880      	ldrh	r0, [r0, #4]
10005716:	4293      	cmp	r3, r2
10005718:	bf36      	itet	cc
1000571a:	ebc2 0240 	rsbcc	r2, r2, r0, lsl #1
1000571e:	1a9b      	subcs	r3, r3, r2
10005720:	189b      	addcc	r3, r3, r2
10005722:	b29b      	uxth	r3, r3
10005724:	4298      	cmp	r0, r3
10005726:	bf28      	it	cs
10005728:	4618      	movcs	r0, r3
1000572a:	4770      	bx	lr

1000572c <tu_fifo_empty>:
1000572c:	8902      	ldrh	r2, [r0, #8]
1000572e:	8943      	ldrh	r3, [r0, #10]
10005730:	b290      	uxth	r0, r2
10005732:	b29b      	uxth	r3, r3
10005734:	1ac0      	subs	r0, r0, r3
10005736:	fab0 f080 	clz	r0, r0
1000573a:	0940      	lsrs	r0, r0, #5
1000573c:	4770      	bx	lr
1000573e:	bf00      	nop

10005740 <tu_fifo_remaining>:
10005740:	8903      	ldrh	r3, [r0, #8]
10005742:	8942      	ldrh	r2, [r0, #10]
10005744:	b29b      	uxth	r3, r3
10005746:	8880      	ldrh	r0, [r0, #4]
10005748:	b292      	uxth	r2, r2
1000574a:	4293      	cmp	r3, r2
1000574c:	bf36      	itet	cc
1000574e:	ebc2 0240 	rsbcc	r2, r2, r0, lsl #1
10005752:	1a9b      	subcs	r3, r3, r2
10005754:	189b      	addcc	r3, r3, r2
10005756:	b29b      	uxth	r3, r3
10005758:	4298      	cmp	r0, r3
1000575a:	bf86      	itte	hi
1000575c:	1ac0      	subhi	r0, r0, r3
1000575e:	b280      	uxthhi	r0, r0
10005760:	2000      	movls	r0, #0
10005762:	4770      	bx	lr

10005764 <tu_fifo_read>:
10005764:	b538      	push	{r3, r4, r5, lr}
10005766:	4604      	mov	r4, r0
10005768:	6900      	ldr	r0, [r0, #16]
1000576a:	460d      	mov	r5, r1
1000576c:	b118      	cbz	r0, 10005776 <tu_fifo_read+0x12>
1000576e:	f04f 31ff 	mov.w	r1, #4294967295
10005772:	f002 fee5 	bl	10008540 <__mutex_enter_timeout_ms_veneer>
10005776:	8921      	ldrh	r1, [r4, #8]
10005778:	8963      	ldrh	r3, [r4, #10]
1000577a:	b289      	uxth	r1, r1
1000577c:	b29b      	uxth	r3, r3
1000577e:	88a2      	ldrh	r2, [r4, #4]
10005780:	4299      	cmp	r1, r3
10005782:	bf36      	itet	cc
10005784:	ebc3 0042 	rsbcc	r0, r3, r2, lsl #1
10005788:	1ac8      	subcs	r0, r1, r3
1000578a:	1840      	addcc	r0, r0, r1
1000578c:	b280      	uxth	r0, r0
1000578e:	b350      	cbz	r0, 100057e6 <tu_fifo_read+0x82>
10005790:	4282      	cmp	r2, r0
10005792:	d209      	bcs.n	100057a8 <tu_fifo_read+0x44>
10005794:	4291      	cmp	r1, r2
10005796:	bf2c      	ite	cs
10005798:	1a89      	subcs	r1, r1, r2
1000579a:	1889      	addcc	r1, r1, r2
1000579c:	b28b      	uxth	r3, r1
1000579e:	429a      	cmp	r2, r3
100057a0:	8163      	strh	r3, [r4, #10]
100057a2:	d803      	bhi.n	100057ac <tu_fifo_read+0x48>
100057a4:	1a9b      	subs	r3, r3, r2
100057a6:	b29b      	uxth	r3, r3
100057a8:	429a      	cmp	r2, r3
100057aa:	d9fb      	bls.n	100057a4 <tu_fifo_read+0x40>
100057ac:	88e2      	ldrh	r2, [r4, #6]
100057ae:	6821      	ldr	r1, [r4, #0]
100057b0:	f3c2 020e 	ubfx	r2, r2, #0, #15
100057b4:	fb02 1103 	mla	r1, r2, r3, r1
100057b8:	4628      	mov	r0, r5
100057ba:	f002 fcc1 	bl	10008140 <memcpy>
100057be:	8961      	ldrh	r1, [r4, #10]
100057c0:	2501      	movs	r5, #1
100057c2:	b289      	uxth	r1, r1
100057c4:	1c4b      	adds	r3, r1, #1
100057c6:	b29b      	uxth	r3, r3
100057c8:	4299      	cmp	r1, r3
100057ca:	88a2      	ldrh	r2, [r4, #4]
100057cc:	d90e      	bls.n	100057ec <tu_fifo_read+0x88>
100057ce:	2300      	movs	r3, #0
100057d0:	fa02 f105 	lsl.w	r1, r2, r5
100057d4:	1a5b      	subs	r3, r3, r1
100057d6:	b29b      	uxth	r3, r3
100057d8:	6920      	ldr	r0, [r4, #16]
100057da:	8163      	strh	r3, [r4, #10]
100057dc:	b108      	cbz	r0, 100057e2 <tu_fifo_read+0x7e>
100057de:	f002 febf 	bl	10008560 <__mutex_exit_veneer>
100057e2:	4628      	mov	r0, r5
100057e4:	bd38      	pop	{r3, r4, r5, pc}
100057e6:	4605      	mov	r5, r0
100057e8:	8963      	ldrh	r3, [r4, #10]
100057ea:	b29b      	uxth	r3, r3
100057ec:	ebb3 0f42 	cmp.w	r3, r2, lsl #1
100057f0:	ea4f 0142 	mov.w	r1, r2, lsl #1
100057f4:	dbf0      	blt.n	100057d8 <tu_fifo_read+0x74>
100057f6:	e7ed      	b.n	100057d4 <tu_fifo_read+0x70>

100057f8 <tu_fifo_read_n>:
100057f8:	e92d 47f0 	stmdb	sp!, {r4, r5, r6, r7, r8, r9, sl, lr}
100057fc:	4606      	mov	r6, r0
100057fe:	6900      	ldr	r0, [r0, #16]
10005800:	4688      	mov	r8, r1
10005802:	4691      	mov	r9, r2
10005804:	b118      	cbz	r0, 1000580e <tu_fifo_read_n+0x16>
10005806:	f04f 31ff 	mov.w	r1, #4294967295
1000580a:	f002 fe99 	bl	10008540 <__mutex_enter_timeout_ms_veneer>
1000580e:	8933      	ldrh	r3, [r6, #8]
10005810:	8974      	ldrh	r4, [r6, #10]
10005812:	b29b      	uxth	r3, r3
10005814:	b2a4      	uxth	r4, r4
10005816:	88b5      	ldrh	r5, [r6, #4]
10005818:	42a3      	cmp	r3, r4
1000581a:	bf36      	itet	cc
1000581c:	ebc4 0745 	rsbcc	r7, r4, r5, lsl #1
10005820:	1b1f      	subcs	r7, r3, r4
10005822:	18ff      	addcc	r7, r7, r3
10005824:	b2bf      	uxth	r7, r7
10005826:	2f00      	cmp	r7, #0
10005828:	d04a      	beq.n	100058c0 <tu_fifo_read_n+0xc8>
1000582a:	42bd      	cmp	r5, r7
1000582c:	d340      	bcc.n	100058b0 <tu_fifo_read_n+0xb8>
1000582e:	45b9      	cmp	r9, r7
10005830:	bf28      	it	cs
10005832:	46b9      	movcs	r9, r7
10005834:	42a5      	cmp	r5, r4
10005836:	fa1f f789 	uxth.w	r7, r9
1000583a:	d803      	bhi.n	10005844 <tu_fifo_read_n+0x4c>
1000583c:	1b64      	subs	r4, r4, r5
1000583e:	b2a4      	uxth	r4, r4
10005840:	42a5      	cmp	r5, r4
10005842:	d9fb      	bls.n	1000583c <tu_fifo_read_n+0x44>
10005844:	f8b6 a006 	ldrh.w	sl, [r6, #6]
10005848:	1b2b      	subs	r3, r5, r4
1000584a:	6831      	ldr	r1, [r6, #0]
1000584c:	b29b      	uxth	r3, r3
1000584e:	f3ca 020e 	ubfx	r2, sl, #0, #15
10005852:	429f      	cmp	r7, r3
10005854:	4692      	mov	sl, r2
10005856:	fb02 1104 	mla	r1, r2, r4, r1
1000585a:	d923      	bls.n	100058a4 <tu_fifo_read_n+0xac>
1000585c:	fb13 f302 	smulbb	r3, r3, r2
10005860:	fa1f f983 	uxth.w	r9, r3
10005864:	464a      	mov	r2, r9
10005866:	4640      	mov	r0, r8
10005868:	1b7d      	subs	r5, r7, r5
1000586a:	f002 fc69 	bl	10008140 <memcpy>
1000586e:	1962      	adds	r2, r4, r5
10005870:	fb12 f20a 	smulbb	r2, r2, sl
10005874:	6831      	ldr	r1, [r6, #0]
10005876:	eb08 0009 	add.w	r0, r8, r9
1000587a:	b292      	uxth	r2, r2
1000587c:	f002 fc60 	bl	10008140 <memcpy>
10005880:	8972      	ldrh	r2, [r6, #10]
10005882:	88b5      	ldrh	r5, [r6, #4]
10005884:	b292      	uxth	r2, r2
10005886:	19d3      	adds	r3, r2, r7
10005888:	b29b      	uxth	r3, r3
1000588a:	429a      	cmp	r2, r3
1000588c:	d91a      	bls.n	100058c4 <tu_fifo_read_n+0xcc>
1000588e:	006a      	lsls	r2, r5, #1
10005890:	1a9b      	subs	r3, r3, r2
10005892:	b29b      	uxth	r3, r3
10005894:	6930      	ldr	r0, [r6, #16]
10005896:	8173      	strh	r3, [r6, #10]
10005898:	b108      	cbz	r0, 1000589e <tu_fifo_read_n+0xa6>
1000589a:	f002 fe61 	bl	10008560 <__mutex_exit_veneer>
1000589e:	4638      	mov	r0, r7
100058a0:	e8bd 87f0 	ldmia.w	sp!, {r4, r5, r6, r7, r8, r9, sl, pc}
100058a4:	4640      	mov	r0, r8
100058a6:	fb07 f202 	mul.w	r2, r7, r2
100058aa:	f002 fc49 	bl	10008140 <memcpy>
100058ae:	e7e7      	b.n	10005880 <tu_fifo_read_n+0x88>
100058b0:	42ab      	cmp	r3, r5
100058b2:	bf2c      	ite	cs
100058b4:	1b5b      	subcs	r3, r3, r5
100058b6:	195b      	addcc	r3, r3, r5
100058b8:	b29c      	uxth	r4, r3
100058ba:	462f      	mov	r7, r5
100058bc:	8174      	strh	r4, [r6, #10]
100058be:	e7b6      	b.n	1000582e <tu_fifo_read_n+0x36>
100058c0:	8973      	ldrh	r3, [r6, #10]
100058c2:	b29b      	uxth	r3, r3
100058c4:	ebb3 0f45 	cmp.w	r3, r5, lsl #1
100058c8:	ea4f 0245 	mov.w	r2, r5, lsl #1
100058cc:	dbe2      	blt.n	10005894 <tu_fifo_read_n+0x9c>
100058ce:	e7df      	b.n	10005890 <tu_fifo_read_n+0x98>

100058d0 <tu_fifo_write>:
100058d0:	b5f8      	push	{r3, r4, r5, r6, r7, lr}
100058d2:	4604      	mov	r4, r0
100058d4:	68c0      	ldr	r0, [r0, #12]
100058d6:	460e      	mov	r6, r1
100058d8:	b118      	cbz	r0, 100058e2 <tu_fifo_write+0x12>
100058da:	f04f 31ff 	mov.w	r1, #4294967295
100058de:	f002 fe2f 	bl	10008540 <__mutex_enter_timeout_ms_veneer>
100058e2:	8925      	ldrh	r5, [r4, #8]
100058e4:	8923      	ldrh	r3, [r4, #8]
100058e6:	8961      	ldrh	r1, [r4, #10]
100058e8:	b29b      	uxth	r3, r3
100058ea:	b289      	uxth	r1, r1
100058ec:	88a2      	ldrh	r2, [r4, #4]
100058ee:	428b      	cmp	r3, r1
100058f0:	bf36      	itet	cc
100058f2:	ebc1 0142 	rsbcc	r1, r1, r2, lsl #1
100058f6:	1a5b      	subcs	r3, r3, r1
100058f8:	185b      	addcc	r3, r3, r1
100058fa:	b29b      	uxth	r3, r3
100058fc:	429a      	cmp	r2, r3
100058fe:	b2ad      	uxth	r5, r5
10005900:	d808      	bhi.n	10005914 <tu_fifo_write+0x44>
10005902:	79e7      	ldrb	r7, [r4, #7]
10005904:	09ff      	lsrs	r7, r7, #7
10005906:	d105      	bne.n	10005914 <tu_fifo_write+0x44>
10005908:	68e0      	ldr	r0, [r4, #12]
1000590a:	b108      	cbz	r0, 10005910 <tu_fifo_write+0x40>
1000590c:	f002 fe28 	bl	10008560 <__mutex_exit_veneer>
10005910:	4638      	mov	r0, r7
10005912:	bdf8      	pop	{r3, r4, r5, r6, r7, pc}
10005914:	4295      	cmp	r5, r2
10005916:	bf28      	it	cs
10005918:	462b      	movcs	r3, r5
1000591a:	d318      	bcc.n	1000594e <tu_fifo_write+0x7e>
1000591c:	1a9b      	subs	r3, r3, r2
1000591e:	b29b      	uxth	r3, r3
10005920:	4293      	cmp	r3, r2
10005922:	d2fb      	bcs.n	1000591c <tu_fifo_write+0x4c>
10005924:	88e2      	ldrh	r2, [r4, #6]
10005926:	6820      	ldr	r0, [r4, #0]
10005928:	f3c2 020e 	ubfx	r2, r2, #0, #15
1000592c:	fb02 0003 	mla	r0, r2, r3, r0
10005930:	4631      	mov	r1, r6
10005932:	f002 fc05 	bl	10008140 <memcpy>
10005936:	1c6b      	adds	r3, r5, #1
10005938:	b29b      	uxth	r3, r3
1000593a:	429d      	cmp	r5, r3
1000593c:	88a2      	ldrh	r2, [r4, #4]
1000593e:	d912      	bls.n	10005966 <tu_fifo_write+0x96>
10005940:	2300      	movs	r3, #0
10005942:	0051      	lsls	r1, r2, #1
10005944:	1a5b      	subs	r3, r3, r1
10005946:	b29b      	uxth	r3, r3
10005948:	2701      	movs	r7, #1
1000594a:	8123      	strh	r3, [r4, #8]
1000594c:	e7dc      	b.n	10005908 <tu_fifo_write+0x38>
1000594e:	88e2      	ldrh	r2, [r4, #6]
10005950:	6820      	ldr	r0, [r4, #0]
10005952:	f3c2 020e 	ubfx	r2, r2, #0, #15
10005956:	fb05 0002 	mla	r0, r5, r2, r0
1000595a:	4631      	mov	r1, r6
1000595c:	f002 fbf0 	bl	10008140 <memcpy>
10005960:	3501      	adds	r5, #1
10005962:	88a2      	ldrh	r2, [r4, #4]
10005964:	b2ab      	uxth	r3, r5
10005966:	ebb3 0f42 	cmp.w	r3, r2, lsl #1
1000596a:	ea4f 0142 	mov.w	r1, r2, lsl #1
1000596e:	dbeb      	blt.n	10005948 <tu_fifo_write+0x78>
10005970:	e7e8      	b.n	10005944 <tu_fifo_write+0x74>
10005972:	bf00      	nop

10005974 <tu_fifo_write_n>:
10005974:	e92d 4ff0 	stmdb	sp!, {r4, r5, r6, r7, r8, r9, sl, fp, lr}
10005978:	4617      	mov	r7, r2
1000597a:	b083      	sub	sp, #12
1000597c:	2a00      	cmp	r2, #0
1000597e:	d075      	beq.n	10005a6c <tu_fifo_write_n+0xf8>
10005980:	4606      	mov	r6, r0
10005982:	68c0      	ldr	r0, [r0, #12]
10005984:	4689      	mov	r9, r1
10005986:	b118      	cbz	r0, 10005990 <tu_fifo_write_n+0x1c>
10005988:	f04f 31ff 	mov.w	r1, #4294967295
1000598c:	f002 fdd8 	bl	10008540 <__mutex_enter_timeout_ms_veneer>
10005990:	79f3      	ldrb	r3, [r6, #7]
10005992:	f8b6 8008 	ldrh.w	r8, [r6, #8]
10005996:	8972      	ldrh	r2, [r6, #10]
10005998:	09db      	lsrs	r3, r3, #7
1000599a:	88b5      	ldrh	r5, [r6, #4]
1000599c:	fa1f f888 	uxth.w	r8, r8
100059a0:	b292      	uxth	r2, r2
100059a2:	d13c      	bne.n	10005a1e <tu_fifo_write_n+0xaa>
100059a4:	4590      	cmp	r8, r2
100059a6:	bf36      	itet	cc
100059a8:	ebc2 0245 	rsbcc	r2, r2, r5, lsl #1
100059ac:	eba8 0202 	subcs.w	r2, r8, r2
100059b0:	4442      	addcc	r2, r8
100059b2:	b292      	uxth	r2, r2
100059b4:	42aa      	cmp	r2, r5
100059b6:	d25e      	bcs.n	10005a76 <tu_fifo_write_n+0x102>
100059b8:	1aaa      	subs	r2, r5, r2
100059ba:	b292      	uxth	r2, r2
100059bc:	42ba      	cmp	r2, r7
100059be:	bf28      	it	cs
100059c0:	463a      	movcs	r2, r7
100059c2:	f8b6 b006 	ldrh.w	fp, [r6, #6]
100059c6:	b297      	uxth	r7, r2
100059c8:	1b7b      	subs	r3, r7, r5
100059ca:	eb08 0a07 	add.w	sl, r8, r7
100059ce:	f3cb 0b0e 	ubfx	fp, fp, #0, #15
100059d2:	b29b      	uxth	r3, r3
100059d4:	fa1f fa8a 	uxth.w	sl, sl
100059d8:	45a8      	cmp	r8, r5
100059da:	4644      	mov	r4, r8
100059dc:	d303      	bcc.n	100059e6 <tu_fifo_write_n+0x72>
100059de:	1b64      	subs	r4, r4, r5
100059e0:	b2a4      	uxth	r4, r4
100059e2:	42ac      	cmp	r4, r5
100059e4:	d2fb      	bcs.n	100059de <tu_fifo_write_n+0x6a>
100059e6:	1b2d      	subs	r5, r5, r4
100059e8:	6830      	ldr	r0, [r6, #0]
100059ea:	b2ad      	uxth	r5, r5
100059ec:	42bd      	cmp	r5, r7
100059ee:	fb0b 0004 	mla	r0, fp, r4, r0
100059f2:	d357      	bcc.n	10005aa4 <tu_fifo_write_n+0x130>
100059f4:	4649      	mov	r1, r9
100059f6:	fb0b f207 	mul.w	r2, fp, r7
100059fa:	f002 fba1 	bl	10008140 <memcpy>
100059fe:	88b2      	ldrh	r2, [r6, #4]
10005a00:	45d0      	cmp	r8, sl
10005a02:	ea4f 0342 	mov.w	r3, r2, lsl #1
10005a06:	d802      	bhi.n	10005a0e <tu_fifo_write_n+0x9a>
10005a08:	ebba 0f42 	cmp.w	sl, r2, lsl #1
10005a0c:	db03      	blt.n	10005a16 <tu_fifo_write_n+0xa2>
10005a0e:	ebaa 0303 	sub.w	r3, sl, r3
10005a12:	fa1f fa83 	uxth.w	sl, r3
10005a16:	463d      	mov	r5, r7
10005a18:	f8a6 a008 	strh.w	sl, [r6, #8]
10005a1c:	e02c      	b.n	10005a78 <tu_fifo_write_n+0x104>
10005a1e:	f8b6 b006 	ldrh.w	fp, [r6, #6]
10005a22:	42af      	cmp	r7, r5
10005a24:	f3cb 0b0e 	ubfx	fp, fp, #0, #15
10005a28:	d22f      	bcs.n	10005a8a <tu_fifo_write_n+0x116>
10005a2a:	4590      	cmp	r8, r2
10005a2c:	bf36      	itet	cc
10005a2e:	ebc2 0145 	rsbcc	r1, r2, r5, lsl #1
10005a32:	eba8 0102 	subcs.w	r1, r8, r2
10005a36:	4441      	addcc	r1, r8
10005a38:	b289      	uxth	r1, r1
10005a3a:	0068      	lsls	r0, r5, #1
10005a3c:	4439      	add	r1, r7
10005a3e:	1b7b      	subs	r3, r7, r5
10005a40:	4281      	cmp	r1, r0
10005a42:	b29b      	uxth	r3, r3
10005a44:	db0d      	blt.n	10005a62 <tu_fifo_write_n+0xee>
10005a46:	eb02 0a05 	add.w	sl, r2, r5
10005a4a:	fa1f fa8a 	uxth.w	sl, sl
10005a4e:	ebaa 0807 	sub.w	r8, sl, r7
10005a52:	fa1f f888 	uxth.w	r8, r8
10005a56:	4542      	cmp	r2, r8
10005a58:	d937      	bls.n	10005aca <tu_fifo_write_n+0x156>
10005a5a:	eba8 0000 	sub.w	r0, r8, r0
10005a5e:	fa1f f880 	uxth.w	r8, r0
10005a62:	eb07 0a08 	add.w	sl, r7, r8
10005a66:	fa1f fa8a 	uxth.w	sl, sl
10005a6a:	e7b5      	b.n	100059d8 <tu_fifo_write_n+0x64>
10005a6c:	4615      	mov	r5, r2
10005a6e:	4628      	mov	r0, r5
10005a70:	b003      	add	sp, #12
10005a72:	e8bd 8ff0 	ldmia.w	sp!, {r4, r5, r6, r7, r8, r9, sl, fp, pc}
10005a76:	2500      	movs	r5, #0
10005a78:	68f0      	ldr	r0, [r6, #12]
10005a7a:	2800      	cmp	r0, #0
10005a7c:	d0f7      	beq.n	10005a6e <tu_fifo_write_n+0xfa>
10005a7e:	f002 fd6f 	bl	10008560 <__mutex_exit_veneer>
10005a82:	4628      	mov	r0, r5
10005a84:	b003      	add	sp, #12
10005a86:	e8bd 8ff0 	ldmia.w	sp!, {r4, r5, r6, r7, r8, r9, sl, fp, pc}
10005a8a:	2d00      	cmp	r5, #0
10005a8c:	d0f4      	beq.n	10005a78 <tu_fifo_write_n+0x104>
10005a8e:	1b7f      	subs	r7, r7, r5
10005a90:	eb02 0a05 	add.w	sl, r2, r5
10005a94:	fb0b 9907 	mla	r9, fp, r7, r9
10005a98:	4690      	mov	r8, r2
10005a9a:	462f      	mov	r7, r5
10005a9c:	2300      	movs	r3, #0
10005a9e:	fa1f fa8a 	uxth.w	sl, sl
10005aa2:	e799      	b.n	100059d8 <tu_fifo_write_n+0x64>
10005aa4:	fb15 f50b 	smulbb	r5, r5, fp
10005aa8:	b2ad      	uxth	r5, r5
10005aaa:	462a      	mov	r2, r5
10005aac:	4649      	mov	r1, r9
10005aae:	9301      	str	r3, [sp, #4]
10005ab0:	f002 fb46 	bl	10008140 <memcpy>
10005ab4:	9b01      	ldr	r3, [sp, #4]
10005ab6:	6830      	ldr	r0, [r6, #0]
10005ab8:	18e2      	adds	r2, r4, r3
10005aba:	fb12 f20b 	smulbb	r2, r2, fp
10005abe:	eb09 0105 	add.w	r1, r9, r5
10005ac2:	b292      	uxth	r2, r2
10005ac4:	f002 fb3c 	bl	10008140 <memcpy>
10005ac8:	e799      	b.n	100059fe <tu_fifo_write_n+0x8a>
10005aca:	4540      	cmp	r0, r8
10005acc:	dc84      	bgt.n	100059d8 <tu_fifo_write_n+0x64>
10005ace:	e7c4      	b.n	10005a5a <tu_fifo_write_n+0xe6>

10005ad0 <tu_fifo_clear>:
10005ad0:	b510      	push	{r4, lr}
10005ad2:	4604      	mov	r4, r0
10005ad4:	68c0      	ldr	r0, [r0, #12]
10005ad6:	b118      	cbz	r0, 10005ae0 <tu_fifo_clear+0x10>
10005ad8:	f04f 31ff 	mov.w	r1, #4294967295
10005adc:	f002 fd30 	bl	10008540 <__mutex_enter_timeout_ms_veneer>
10005ae0:	6920      	ldr	r0, [r4, #16]
10005ae2:	b118      	cbz	r0, 10005aec <tu_fifo_clear+0x1c>
10005ae4:	f04f 31ff 	mov.w	r1, #4294967295
10005ae8:	f002 fd2a 	bl	10008540 <__mutex_enter_timeout_ms_veneer>
10005aec:	2300      	movs	r3, #0
10005aee:	68e0      	ldr	r0, [r4, #12]
10005af0:	8163      	strh	r3, [r4, #10]
10005af2:	8123      	strh	r3, [r4, #8]
10005af4:	b108      	cbz	r0, 10005afa <tu_fifo_clear+0x2a>
10005af6:	f002 fd33 	bl	10008560 <__mutex_exit_veneer>
10005afa:	6920      	ldr	r0, [r4, #16]
10005afc:	b108      	cbz	r0, 10005b02 <tu_fifo_clear+0x32>
10005afe:	f002 fd2f 	bl	10008560 <__mutex_exit_veneer>
10005b02:	2001      	movs	r0, #1
10005b04:	bd10      	pop	{r4, pc}
10005b06:	bf00      	nop

10005b08 <tu_fifo_set_overwritable>:
10005b08:	b538      	push	{r3, r4, r5, lr}
10005b0a:	4604      	mov	r4, r0
10005b0c:	68c0      	ldr	r0, [r0, #12]
10005b0e:	460d      	mov	r5, r1
10005b10:	b118      	cbz	r0, 10005b1a <tu_fifo_set_overwritable+0x12>
10005b12:	f04f 31ff 	mov.w	r1, #4294967295
10005b16:	f002 fd13 	bl	10008540 <__mutex_enter_timeout_ms_veneer>
10005b1a:	6920      	ldr	r0, [r4, #16]
10005b1c:	b118      	cbz	r0, 10005b26 <tu_fifo_set_overwritable+0x1e>
10005b1e:	f04f 31ff 	mov.w	r1, #4294967295
10005b22:	f002 fd0d 	bl	10008540 <__mutex_enter_timeout_ms_veneer>
10005b26:	79e3      	ldrb	r3, [r4, #7]
10005b28:	68e0      	ldr	r0, [r4, #12]
10005b2a:	f365 13c7 	bfi	r3, r5, #7, #1
10005b2e:	71e3      	strb	r3, [r4, #7]
10005b30:	b108      	cbz	r0, 10005b36 <tu_fifo_set_overwritable+0x2e>
10005b32:	f002 fd15 	bl	10008560 <__mutex_exit_veneer>
10005b36:	6920      	ldr	r0, [r4, #16]
10005b38:	b108      	cbz	r0, 10005b3e <tu_fifo_set_overwritable+0x36>
10005b3a:	f002 fd11 	bl	10008560 <__mutex_exit_veneer>
10005b3e:	2001      	movs	r0, #1
10005b40:	bd38      	pop	{r3, r4, r5, pc}
10005b42:	bf00      	nop

10005b44 <exception_set_exclusive_handler>:
10005b44:	b5f8      	push	{r3, r4, r5, r6, r7, lr}
10005b46:	4604      	mov	r4, r0
10005b48:	460d      	mov	r5, r1
10005b4a:	f3ef 8710 	mrs	r7, PRIMASK
10005b4e:	b672      	cpsid	i
10005b50:	4b0c      	ldr	r3, [pc, #48]	@ (10005b84 <exception_set_exclusive_handler+0x40>)
10005b52:	689b      	ldr	r3, [r3, #8]
10005b54:	f853 6020 	ldr.w	r6, [r3, r0, lsl #2]
10005b58:	42b1      	cmp	r1, r6
10005b5a:	d004      	beq.n	10005b66 <exception_set_exclusive_handler+0x22>
10005b5c:	4b0a      	ldr	r3, [pc, #40]	@ (10005b88 <exception_set_exclusive_handler+0x44>)
10005b5e:	429e      	cmp	r6, r3
10005b60:	d20b      	bcs.n	10005b7a <exception_set_exclusive_handler+0x36>
10005b62:	f7fb fc7d 	bl	10001460 <hard_assertion_failure>
10005b66:	4b07      	ldr	r3, [pc, #28]	@ (10005b84 <exception_set_exclusive_handler+0x40>)
10005b68:	689b      	ldr	r3, [r3, #8]
10005b6a:	f843 5024 	str.w	r5, [r3, r4, lsl #2]
10005b6e:	f3bf 8f5f 	dmb	sy
10005b72:	f387 8810 	msr	PRIMASK, r7
10005b76:	4630      	mov	r0, r6
10005b78:	bdf8      	pop	{r3, r4, r5, r6, r7, pc}
10005b7a:	4b04      	ldr	r3, [pc, #16]	@ (10005b8c <exception_set_exclusive_handler+0x48>)
10005b7c:	429e      	cmp	r6, r3
10005b7e:	d3f2      	bcc.n	10005b66 <exception_set_exclusive_handler+0x22>
10005b80:	e7ef      	b.n	10005b62 <exception_set_exclusive_handler+0x1e>
10005b82:	bf00      	nop
10005b84:	e000ed00 	.word	0xe000ed00
10005b88:	10000110 	.word	0x10000110
10005b8c:	1000011c 	.word	0x1000011c

10005b90 <prvCopyDataToQueue>:
10005b90:	b570      	push	{r4, r5, r6, lr}
10005b92:	4616      	mov	r6, r2
10005b94:	6c02      	ldr	r2, [r0, #64]	@ 0x40
10005b96:	4604      	mov	r4, r0
10005b98:	6b85      	ldr	r5, [r0, #56]	@ 0x38
10005b9a:	b92a      	cbnz	r2, 10005ba8 <prvCopyDataToQueue+0x18>
10005b9c:	6806      	ldr	r6, [r0, #0]
10005b9e:	3501      	adds	r5, #1
10005ba0:	b34e      	cbz	r6, 10005bf6 <prvCopyDataToQueue+0x66>
10005ba2:	4610      	mov	r0, r2
10005ba4:	63a5      	str	r5, [r4, #56]	@ 0x38
10005ba6:	bd70      	pop	{r4, r5, r6, pc}
10005ba8:	b98e      	cbnz	r6, 10005bce <prvCopyDataToQueue+0x3e>
10005baa:	6840      	ldr	r0, [r0, #4]
10005bac:	f002 fac8 	bl	10008140 <memcpy>
10005bb0:	6863      	ldr	r3, [r4, #4]
10005bb2:	6c21      	ldr	r1, [r4, #64]	@ 0x40
10005bb4:	68a2      	ldr	r2, [r4, #8]
10005bb6:	440b      	add	r3, r1
10005bb8:	4293      	cmp	r3, r2
10005bba:	6063      	str	r3, [r4, #4]
10005bbc:	bf28      	it	cs
10005bbe:	6823      	ldrcs	r3, [r4, #0]
10005bc0:	f105 0501 	add.w	r5, r5, #1
10005bc4:	bf28      	it	cs
10005bc6:	6063      	strcs	r3, [r4, #4]
10005bc8:	2000      	movs	r0, #0
10005bca:	63a5      	str	r5, [r4, #56]	@ 0x38
10005bcc:	bd70      	pop	{r4, r5, r6, pc}
10005bce:	68c0      	ldr	r0, [r0, #12]
10005bd0:	f002 fab6 	bl	10008140 <memcpy>
10005bd4:	6c22      	ldr	r2, [r4, #64]	@ 0x40
10005bd6:	68e3      	ldr	r3, [r4, #12]
10005bd8:	4251      	negs	r1, r2
10005bda:	1a9b      	subs	r3, r3, r2
10005bdc:	6822      	ldr	r2, [r4, #0]
10005bde:	60e3      	str	r3, [r4, #12]
10005be0:	4293      	cmp	r3, r2
10005be2:	d202      	bcs.n	10005bea <prvCopyDataToQueue+0x5a>
10005be4:	68a3      	ldr	r3, [r4, #8]
10005be6:	440b      	add	r3, r1
10005be8:	60e3      	str	r3, [r4, #12]
10005bea:	2e02      	cmp	r6, #2
10005bec:	d008      	beq.n	10005c00 <prvCopyDataToQueue+0x70>
10005bee:	3501      	adds	r5, #1
10005bf0:	2000      	movs	r0, #0
10005bf2:	63a5      	str	r5, [r4, #56]	@ 0x38
10005bf4:	bd70      	pop	{r4, r5, r6, pc}
10005bf6:	6880      	ldr	r0, [r0, #8]
10005bf8:	f001 fade 	bl	100071b8 <xTaskPriorityDisinherit>
10005bfc:	60a6      	str	r6, [r4, #8]
10005bfe:	e7d1      	b.n	10005ba4 <prvCopyDataToQueue+0x14>
10005c00:	2d01      	cmp	r5, #1
10005c02:	bf38      	it	cc
10005c04:	2501      	movcc	r5, #1
10005c06:	e7df      	b.n	10005bc8 <prvCopyDataToQueue+0x38>

10005c08 <xQueueGenericCreate>:
10005c08:	b570      	push	{r4, r5, r6, lr}
10005c0a:	b3a0      	cbz	r0, 10005c76 <xQueueGenericCreate+0x6e>
10005c0c:	fba1 2300 	umull	r2, r3, r1, r0
10005c10:	4605      	mov	r5, r0
10005c12:	460e      	mov	r6, r1
10005c14:	bb7b      	cbnz	r3, 10005c76 <xQueueGenericCreate+0x6e>
10005c16:	fb01 f000 	mul.w	r0, r1, r0
10005c1a:	f110 0f49 	cmn.w	r0, #73	@ 0x49
10005c1e:	d82a      	bhi.n	10005c76 <xQueueGenericCreate+0x6e>
10005c20:	3048      	adds	r0, #72	@ 0x48
10005c22:	f001 fd2f 	bl	10007684 <pvPortMalloc>
10005c26:	4604      	mov	r4, r0
10005c28:	b328      	cbz	r0, 10005c76 <xQueueGenericCreate+0x6e>
10005c2a:	b33e      	cbz	r6, 10005c7c <xQueueGenericCreate+0x74>
10005c2c:	f100 0348 	add.w	r3, r0, #72	@ 0x48
10005c30:	6023      	str	r3, [r4, #0]
10005c32:	e9c4 560f 	strd	r5, r6, [r4, #60]	@ 0x3c
10005c36:	f001 fd7f 	bl	10007738 <vPortEnterCritical>
10005c3a:	2300      	movs	r3, #0
10005c3c:	20ff      	movs	r0, #255	@ 0xff
10005c3e:	63a3      	str	r3, [r4, #56]	@ 0x38
10005c40:	6c21      	ldr	r1, [r4, #64]	@ 0x40
10005c42:	6be3      	ldr	r3, [r4, #60]	@ 0x3c
10005c44:	6822      	ldr	r2, [r4, #0]
10005c46:	fb01 f303 	mul.w	r3, r1, r3
10005c4a:	1a59      	subs	r1, r3, r1
10005c4c:	6062      	str	r2, [r4, #4]
10005c4e:	4413      	add	r3, r2
10005c50:	440a      	add	r2, r1
10005c52:	e9c4 3202 	strd	r3, r2, [r4, #8]
10005c56:	f884 0044 	strb.w	r0, [r4, #68]	@ 0x44
10005c5a:	f884 0045 	strb.w	r0, [r4, #69]	@ 0x45
10005c5e:	f104 0010 	add.w	r0, r4, #16
10005c62:	f001 fee1 	bl	10007a28 <vListInitialise>
10005c66:	f104 0024 	add.w	r0, r4, #36	@ 0x24
10005c6a:	f001 fedd 	bl	10007a28 <vListInitialise>
10005c6e:	f001 fd71 	bl	10007754 <vPortExitCritical>
10005c72:	4620      	mov	r0, r4
10005c74:	bd70      	pop	{r4, r5, r6, pc}
10005c76:	2400      	movs	r4, #0
10005c78:	4620      	mov	r0, r4
10005c7a:	bd70      	pop	{r4, r5, r6, pc}
10005c7c:	4603      	mov	r3, r0
10005c7e:	e7d7      	b.n	10005c30 <xQueueGenericCreate+0x28>

10005c80 <xQueueGenericSend>:
10005c80:	e92d 43f0 	stmdb	sp!, {r4, r5, r6, r7, r8, r9, lr}
10005c84:	4604      	mov	r4, r0
10005c86:	b085      	sub	sp, #20
10005c88:	461f      	mov	r7, r3
10005c8a:	9201      	str	r2, [sp, #4]
10005c8c:	4688      	mov	r8, r1
10005c8e:	f001 fd53 	bl	10007738 <vPortEnterCritical>
10005c92:	6ba2      	ldr	r2, [r4, #56]	@ 0x38
10005c94:	6be3      	ldr	r3, [r4, #60]	@ 0x3c
10005c96:	429a      	cmp	r2, r3
10005c98:	d379      	bcc.n	10005d8e <xQueueGenericSend+0x10e>
10005c9a:	2f02      	cmp	r7, #2
10005c9c:	d077      	beq.n	10005d8e <xQueueGenericSend+0x10e>
10005c9e:	2200      	movs	r2, #0
10005ca0:	f104 0624 	add.w	r6, r4, #36	@ 0x24
10005ca4:	9b01      	ldr	r3, [sp, #4]
10005ca6:	2b00      	cmp	r3, #0
10005ca8:	f000 80d4 	beq.w	10005e54 <xQueueGenericSend+0x1d4>
10005cac:	2a00      	cmp	r2, #0
10005cae:	f000 80cd 	beq.w	10005e4c <xQueueGenericSend+0x1cc>
10005cb2:	f001 fd4f 	bl	10007754 <vPortExitCritical>
10005cb6:	f000 ff69 	bl	10006b8c <vTaskSuspendAll>
10005cba:	f001 fd3d 	bl	10007738 <vPortEnterCritical>
10005cbe:	f894 3044 	ldrb.w	r3, [r4, #68]	@ 0x44
10005cc2:	2bff      	cmp	r3, #255	@ 0xff
10005cc4:	bf04      	itt	eq
10005cc6:	2300      	moveq	r3, #0
10005cc8:	f884 3044 	strbeq.w	r3, [r4, #68]	@ 0x44
10005ccc:	f894 3045 	ldrb.w	r3, [r4, #69]	@ 0x45
10005cd0:	2bff      	cmp	r3, #255	@ 0xff
10005cd2:	bf04      	itt	eq
10005cd4:	2300      	moveq	r3, #0
10005cd6:	f884 3045 	strbeq.w	r3, [r4, #69]	@ 0x45
10005cda:	f001 fd3b 	bl	10007754 <vPortExitCritical>
10005cde:	a802      	add	r0, sp, #8
10005ce0:	a901      	add	r1, sp, #4
10005ce2:	f001 f9eb 	bl	100070bc <xTaskCheckForTimeOut>
10005ce6:	2800      	cmp	r0, #0
10005ce8:	f040 80ba 	bne.w	10005e60 <xQueueGenericSend+0x1e0>
10005cec:	f001 fd24 	bl	10007738 <vPortEnterCritical>
10005cf0:	6ba2      	ldr	r2, [r4, #56]	@ 0x38
10005cf2:	6be3      	ldr	r3, [r4, #60]	@ 0x3c
10005cf4:	429a      	cmp	r2, r3
10005cf6:	d05c      	beq.n	10005db2 <xQueueGenericSend+0x132>
10005cf8:	f001 fd2c 	bl	10007754 <vPortExitCritical>
10005cfc:	f001 fd1c 	bl	10007738 <vPortEnterCritical>
10005d00:	f894 2045 	ldrb.w	r2, [r4, #69]	@ 0x45
10005d04:	b255      	sxtb	r5, r2
10005d06:	2d00      	cmp	r5, #0
10005d08:	dc04      	bgt.n	10005d14 <xQueueGenericSend+0x94>
10005d0a:	e011      	b.n	10005d30 <xQueueGenericSend+0xb0>
10005d0c:	1e6a      	subs	r2, r5, #1
10005d0e:	b2d3      	uxtb	r3, r2
10005d10:	b255      	sxtb	r5, r2
10005d12:	b16b      	cbz	r3, 10005d30 <xQueueGenericSend+0xb0>
10005d14:	6a63      	ldr	r3, [r4, #36]	@ 0x24
10005d16:	b15b      	cbz	r3, 10005d30 <xQueueGenericSend+0xb0>
10005d18:	4630      	mov	r0, r6
10005d1a:	f001 f95b 	bl	10006fd4 <xTaskRemoveFromEventList>
10005d1e:	2800      	cmp	r0, #0
10005d20:	d0f4      	beq.n	10005d0c <xQueueGenericSend+0x8c>
10005d22:	f001 f9fb 	bl	1000711c <vTaskMissedYield>
10005d26:	1e6a      	subs	r2, r5, #1
10005d28:	b2d3      	uxtb	r3, r2
10005d2a:	b255      	sxtb	r5, r2
10005d2c:	2b00      	cmp	r3, #0
10005d2e:	d1f1      	bne.n	10005d14 <xQueueGenericSend+0x94>
10005d30:	23ff      	movs	r3, #255	@ 0xff
10005d32:	f884 3045 	strb.w	r3, [r4, #69]	@ 0x45
10005d36:	f001 fd0d 	bl	10007754 <vPortExitCritical>
10005d3a:	f001 fcfd 	bl	10007738 <vPortEnterCritical>
10005d3e:	f894 2044 	ldrb.w	r2, [r4, #68]	@ 0x44
10005d42:	b255      	sxtb	r5, r2
10005d44:	2d00      	cmp	r5, #0
10005d46:	dd14      	ble.n	10005d72 <xQueueGenericSend+0xf2>
10005d48:	f104 0910 	add.w	r9, r4, #16
10005d4c:	e003      	b.n	10005d56 <xQueueGenericSend+0xd6>
10005d4e:	1e6a      	subs	r2, r5, #1
10005d50:	b2d3      	uxtb	r3, r2
10005d52:	b255      	sxtb	r5, r2
10005d54:	b16b      	cbz	r3, 10005d72 <xQueueGenericSend+0xf2>
10005d56:	6923      	ldr	r3, [r4, #16]
10005d58:	b15b      	cbz	r3, 10005d72 <xQueueGenericSend+0xf2>
10005d5a:	4648      	mov	r0, r9
10005d5c:	f001 f93a 	bl	10006fd4 <xTaskRemoveFromEventList>
10005d60:	2800      	cmp	r0, #0
10005d62:	d0f4      	beq.n	10005d4e <xQueueGenericSend+0xce>
10005d64:	f001 f9da 	bl	1000711c <vTaskMissedYield>
10005d68:	1e6a      	subs	r2, r5, #1
10005d6a:	b2d3      	uxtb	r3, r2
10005d6c:	b255      	sxtb	r5, r2
10005d6e:	2b00      	cmp	r3, #0
10005d70:	d1f1      	bne.n	10005d56 <xQueueGenericSend+0xd6>
10005d72:	23ff      	movs	r3, #255	@ 0xff
10005d74:	f884 3044 	strb.w	r3, [r4, #68]	@ 0x44
10005d78:	f001 fcec 	bl	10007754 <vPortExitCritical>
10005d7c:	f000 ff0e 	bl	10006b9c <xTaskResumeAll>
10005d80:	f001 fcda 	bl	10007738 <vPortEnterCritical>
10005d84:	6ba1      	ldr	r1, [r4, #56]	@ 0x38
10005d86:	6be3      	ldr	r3, [r4, #60]	@ 0x3c
10005d88:	2201      	movs	r2, #1
10005d8a:	4299      	cmp	r1, r3
10005d8c:	d28a      	bcs.n	10005ca4 <xQueueGenericSend+0x24>
10005d8e:	463a      	mov	r2, r7
10005d90:	4641      	mov	r1, r8
10005d92:	4620      	mov	r0, r4
10005d94:	f7ff fefc 	bl	10005b90 <prvCopyDataToQueue>
10005d98:	6a63      	ldr	r3, [r4, #36]	@ 0x24
10005d9a:	2b00      	cmp	r3, #0
10005d9c:	f040 80a8 	bne.w	10005ef0 <xQueueGenericSend+0x270>
10005da0:	2800      	cmp	r0, #0
10005da2:	f040 80a2 	bne.w	10005eea <xQueueGenericSend+0x26a>
10005da6:	f001 fcd5 	bl	10007754 <vPortExitCritical>
10005daa:	2001      	movs	r0, #1
10005dac:	b005      	add	sp, #20
10005dae:	e8bd 83f0 	ldmia.w	sp!, {r4, r5, r6, r7, r8, r9, pc}
10005db2:	f104 0910 	add.w	r9, r4, #16
10005db6:	f001 fccd 	bl	10007754 <vPortExitCritical>
10005dba:	4648      	mov	r0, r9
10005dbc:	9901      	ldr	r1, [sp, #4]
10005dbe:	f001 f857 	bl	10006e70 <vTaskPlaceOnEventList>
10005dc2:	f001 fcb9 	bl	10007738 <vPortEnterCritical>
10005dc6:	f894 3045 	ldrb.w	r3, [r4, #69]	@ 0x45
10005dca:	b25d      	sxtb	r5, r3
10005dcc:	2d00      	cmp	r5, #0
10005dce:	dc04      	bgt.n	10005dda <xQueueGenericSend+0x15a>
10005dd0:	e011      	b.n	10005df6 <xQueueGenericSend+0x176>
10005dd2:	1e6b      	subs	r3, r5, #1
10005dd4:	b2da      	uxtb	r2, r3
10005dd6:	b25d      	sxtb	r5, r3
10005dd8:	b16a      	cbz	r2, 10005df6 <xQueueGenericSend+0x176>
10005dda:	6a63      	ldr	r3, [r4, #36]	@ 0x24
10005ddc:	b15b      	cbz	r3, 10005df6 <xQueueGenericSend+0x176>
10005dde:	4630      	mov	r0, r6
10005de0:	f001 f8f8 	bl	10006fd4 <xTaskRemoveFromEventList>
10005de4:	2800      	cmp	r0, #0
10005de6:	d0f4      	beq.n	10005dd2 <xQueueGenericSend+0x152>
10005de8:	f001 f998 	bl	1000711c <vTaskMissedYield>
10005dec:	1e6b      	subs	r3, r5, #1
10005dee:	b2da      	uxtb	r2, r3
10005df0:	b25d      	sxtb	r5, r3
10005df2:	2a00      	cmp	r2, #0
10005df4:	d1f1      	bne.n	10005dda <xQueueGenericSend+0x15a>
10005df6:	23ff      	movs	r3, #255	@ 0xff
10005df8:	f884 3045 	strb.w	r3, [r4, #69]	@ 0x45
10005dfc:	f001 fcaa 	bl	10007754 <vPortExitCritical>
10005e00:	f001 fc9a 	bl	10007738 <vPortEnterCritical>
10005e04:	f894 3044 	ldrb.w	r3, [r4, #68]	@ 0x44
10005e08:	b25d      	sxtb	r5, r3
10005e0a:	2d00      	cmp	r5, #0
10005e0c:	dc04      	bgt.n	10005e18 <xQueueGenericSend+0x198>
10005e0e:	e011      	b.n	10005e34 <xQueueGenericSend+0x1b4>
10005e10:	1e6b      	subs	r3, r5, #1
10005e12:	b2da      	uxtb	r2, r3
10005e14:	b25d      	sxtb	r5, r3
10005e16:	b16a      	cbz	r2, 10005e34 <xQueueGenericSend+0x1b4>
10005e18:	6923      	ldr	r3, [r4, #16]
10005e1a:	b15b      	cbz	r3, 10005e34 <xQueueGenericSend+0x1b4>
10005e1c:	4648      	mov	r0, r9
10005e1e:	f001 f8d9 	bl	10006fd4 <xTaskRemoveFromEventList>
10005e22:	2800      	cmp	r0, #0
10005e24:	d0f4      	beq.n	10005e10 <xQueueGenericSend+0x190>
10005e26:	f001 f979 	bl	1000711c <vTaskMissedYield>
10005e2a:	1e6b      	subs	r3, r5, #1
10005e2c:	b2da      	uxtb	r2, r3
10005e2e:	b25d      	sxtb	r5, r3
10005e30:	2a00      	cmp	r2, #0
10005e32:	d1f1      	bne.n	10005e18 <xQueueGenericSend+0x198>
10005e34:	23ff      	movs	r3, #255	@ 0xff
10005e36:	f884 3044 	strb.w	r3, [r4, #68]	@ 0x44
10005e3a:	f001 fc8b 	bl	10007754 <vPortExitCritical>
10005e3e:	f000 fead 	bl	10006b9c <xTaskResumeAll>
10005e42:	2800      	cmp	r0, #0
10005e44:	d19c      	bne.n	10005d80 <xQueueGenericSend+0x100>
10005e46:	f001 fc6b 	bl	10007720 <vPortYield>
10005e4a:	e799      	b.n	10005d80 <xQueueGenericSend+0x100>
10005e4c:	a802      	add	r0, sp, #8
10005e4e:	f001 f929 	bl	100070a4 <vTaskInternalSetTimeOutState>
10005e52:	e72e      	b.n	10005cb2 <xQueueGenericSend+0x32>
10005e54:	f001 fc7e 	bl	10007754 <vPortExitCritical>
10005e58:	2000      	movs	r0, #0
10005e5a:	b005      	add	sp, #20
10005e5c:	e8bd 83f0 	ldmia.w	sp!, {r4, r5, r6, r7, r8, r9, pc}
10005e60:	f001 fc6a 	bl	10007738 <vPortEnterCritical>
10005e64:	f894 3045 	ldrb.w	r3, [r4, #69]	@ 0x45
10005e68:	b25d      	sxtb	r5, r3
10005e6a:	2d00      	cmp	r5, #0
10005e6c:	dd14      	ble.n	10005e98 <xQueueGenericSend+0x218>
10005e6e:	f104 0624 	add.w	r6, r4, #36	@ 0x24
10005e72:	e003      	b.n	10005e7c <xQueueGenericSend+0x1fc>
10005e74:	1e6b      	subs	r3, r5, #1
10005e76:	b2da      	uxtb	r2, r3
10005e78:	b25d      	sxtb	r5, r3
10005e7a:	b16a      	cbz	r2, 10005e98 <xQueueGenericSend+0x218>
10005e7c:	6a63      	ldr	r3, [r4, #36]	@ 0x24
10005e7e:	b15b      	cbz	r3, 10005e98 <xQueueGenericSend+0x218>
10005e80:	4630      	mov	r0, r6
10005e82:	f001 f8a7 	bl	10006fd4 <xTaskRemoveFromEventList>
10005e86:	2800      	cmp	r0, #0
10005e88:	d0f4      	beq.n	10005e74 <xQueueGenericSend+0x1f4>
10005e8a:	f001 f947 	bl	1000711c <vTaskMissedYield>
10005e8e:	1e6b      	subs	r3, r5, #1
10005e90:	b2da      	uxtb	r2, r3
10005e92:	b25d      	sxtb	r5, r3
10005e94:	2a00      	cmp	r2, #0
10005e96:	d1f1      	bne.n	10005e7c <xQueueGenericSend+0x1fc>
10005e98:	23ff      	movs	r3, #255	@ 0xff
10005e9a:	f884 3045 	strb.w	r3, [r4, #69]	@ 0x45
10005e9e:	f001 fc59 	bl	10007754 <vPortExitCritical>
10005ea2:	f001 fc49 	bl	10007738 <vPortEnterCritical>
10005ea6:	f894 3044 	ldrb.w	r3, [r4, #68]	@ 0x44
10005eaa:	b25d      	sxtb	r5, r3
10005eac:	2d00      	cmp	r5, #0
10005eae:	dd14      	ble.n	10005eda <xQueueGenericSend+0x25a>
10005eb0:	f104 0610 	add.w	r6, r4, #16
10005eb4:	e003      	b.n	10005ebe <xQueueGenericSend+0x23e>
10005eb6:	1e6b      	subs	r3, r5, #1
10005eb8:	b2da      	uxtb	r2, r3
10005eba:	b25d      	sxtb	r5, r3
10005ebc:	b16a      	cbz	r2, 10005eda <xQueueGenericSend+0x25a>
10005ebe:	6923      	ldr	r3, [r4, #16]
10005ec0:	b15b      	cbz	r3, 10005eda <xQueueGenericSend+0x25a>
10005ec2:	4630      	mov	r0, r6
10005ec4:	f001 f886 	bl	10006fd4 <xTaskRemoveFromEventList>
10005ec8:	2800      	cmp	r0, #0
10005eca:	d0f4      	beq.n	10005eb6 <xQueueGenericSend+0x236>
10005ecc:	f001 f926 	bl	1000711c <vTaskMissedYield>
10005ed0:	1e6b      	subs	r3, r5, #1
10005ed2:	b2da      	uxtb	r2, r3
10005ed4:	b25d      	sxtb	r5, r3
10005ed6:	2a00      	cmp	r2, #0
10005ed8:	d1f1      	bne.n	10005ebe <xQueueGenericSend+0x23e>
10005eda:	23ff      	movs	r3, #255	@ 0xff
10005edc:	f884 3044 	strb.w	r3, [r4, #68]	@ 0x44
10005ee0:	f001 fc38 	bl	10007754 <vPortExitCritical>
10005ee4:	f000 fe5a 	bl	10006b9c <xTaskResumeAll>
10005ee8:	e7b6      	b.n	10005e58 <xQueueGenericSend+0x1d8>
10005eea:	f001 fc19 	bl	10007720 <vPortYield>
10005eee:	e75a      	b.n	10005da6 <xQueueGenericSend+0x126>
10005ef0:	f104 0024 	add.w	r0, r4, #36	@ 0x24
10005ef4:	f001 f86e 	bl	10006fd4 <xTaskRemoveFromEventList>
10005ef8:	2800      	cmp	r0, #0
10005efa:	f43f af54 	beq.w	10005da6 <xQueueGenericSend+0x126>
10005efe:	e7f4      	b.n	10005eea <xQueueGenericSend+0x26a>

10005f00 <xQueueCreateMutex>:
10005f00:	b538      	push	{r3, r4, r5, lr}
10005f02:	2048      	movs	r0, #72	@ 0x48
10005f04:	f001 fbbe 	bl	10007684 <pvPortMalloc>
10005f08:	4604      	mov	r4, r0
10005f0a:	b350      	cbz	r0, 10005f62 <xQueueCreateMutex+0x62>
10005f0c:	2500      	movs	r5, #0
10005f0e:	2301      	movs	r3, #1
10005f10:	6020      	str	r0, [r4, #0]
10005f12:	e9c0 350f 	strd	r3, r5, [r0, #60]	@ 0x3c
10005f16:	f001 fc0f 	bl	10007738 <vPortEnterCritical>
10005f1a:	e9d4 310f 	ldrd	r3, r1, [r4, #60]	@ 0x3c
10005f1e:	20ff      	movs	r0, #255	@ 0xff
10005f20:	fb01 f303 	mul.w	r3, r1, r3
10005f24:	6822      	ldr	r2, [r4, #0]
10005f26:	1a59      	subs	r1, r3, r1
10005f28:	6062      	str	r2, [r4, #4]
10005f2a:	4413      	add	r3, r2
10005f2c:	440a      	add	r2, r1
10005f2e:	e9c4 3202 	strd	r3, r2, [r4, #8]
10005f32:	63a5      	str	r5, [r4, #56]	@ 0x38
10005f34:	f884 0044 	strb.w	r0, [r4, #68]	@ 0x44
10005f38:	f884 0045 	strb.w	r0, [r4, #69]	@ 0x45
10005f3c:	f104 0010 	add.w	r0, r4, #16
10005f40:	f001 fd72 	bl	10007a28 <vListInitialise>
10005f44:	f104 0024 	add.w	r0, r4, #36	@ 0x24
10005f48:	f001 fd6e 	bl	10007a28 <vListInitialise>
10005f4c:	f001 fc02 	bl	10007754 <vPortExitCritical>
10005f50:	462b      	mov	r3, r5
10005f52:	462a      	mov	r2, r5
10005f54:	4629      	mov	r1, r5
10005f56:	4620      	mov	r0, r4
10005f58:	60a5      	str	r5, [r4, #8]
10005f5a:	6025      	str	r5, [r4, #0]
10005f5c:	60e5      	str	r5, [r4, #12]
10005f5e:	f7ff fe8f 	bl	10005c80 <xQueueGenericSend>
10005f62:	4620      	mov	r0, r4
10005f64:	bd38      	pop	{r3, r4, r5, pc}
10005f66:	bf00      	nop

10005f68 <xQueueReceive>:
10005f68:	e92d 43f0 	stmdb	sp!, {r4, r5, r6, r7, r8, r9, lr}
10005f6c:	4604      	mov	r4, r0
10005f6e:	b085      	sub	sp, #20
10005f70:	4688      	mov	r8, r1
10005f72:	9201      	str	r2, [sp, #4]
10005f74:	f001 fbe0 	bl	10007738 <vPortEnterCritical>
10005f78:	6ba5      	ldr	r5, [r4, #56]	@ 0x38
10005f7a:	2d00      	cmp	r5, #0
10005f7c:	f040 8117 	bne.w	100061ae <xQueueReceive+0x246>
10005f80:	9b01      	ldr	r3, [sp, #4]
10005f82:	2b00      	cmp	r3, #0
10005f84:	f000 80c6 	beq.w	10006114 <xQueueReceive+0x1ac>
10005f88:	a802      	add	r0, sp, #8
10005f8a:	f001 f88b 	bl	100070a4 <vTaskInternalSetTimeOutState>
10005f8e:	462f      	mov	r7, r5
10005f90:	f104 0624 	add.w	r6, r4, #36	@ 0x24
10005f94:	f001 fbde 	bl	10007754 <vPortExitCritical>
10005f98:	f000 fdf8 	bl	10006b8c <vTaskSuspendAll>
10005f9c:	f001 fbcc 	bl	10007738 <vPortEnterCritical>
10005fa0:	f894 3044 	ldrb.w	r3, [r4, #68]	@ 0x44
10005fa4:	2bff      	cmp	r3, #255	@ 0xff
10005fa6:	bf08      	it	eq
10005fa8:	f884 7044 	strbeq.w	r7, [r4, #68]	@ 0x44
10005fac:	f894 3045 	ldrb.w	r3, [r4, #69]	@ 0x45
10005fb0:	2bff      	cmp	r3, #255	@ 0xff
10005fb2:	bf08      	it	eq
10005fb4:	f884 7045 	strbeq.w	r7, [r4, #69]	@ 0x45
10005fb8:	f001 fbcc 	bl	10007754 <vPortExitCritical>
10005fbc:	a901      	add	r1, sp, #4
10005fbe:	a802      	add	r0, sp, #8
10005fc0:	f001 f87c 	bl	100070bc <xTaskCheckForTimeOut>
10005fc4:	2800      	cmp	r0, #0
10005fc6:	d154      	bne.n	10006072 <xQueueReceive+0x10a>
10005fc8:	f001 fbb6 	bl	10007738 <vPortEnterCritical>
10005fcc:	6ba3      	ldr	r3, [r4, #56]	@ 0x38
10005fce:	2b00      	cmp	r3, #0
10005fd0:	f040 80a6 	bne.w	10006120 <xQueueReceive+0x1b8>
10005fd4:	f104 0924 	add.w	r9, r4, #36	@ 0x24
10005fd8:	f001 fbbc 	bl	10007754 <vPortExitCritical>
10005fdc:	4648      	mov	r0, r9
10005fde:	9901      	ldr	r1, [sp, #4]
10005fe0:	f000 ff46 	bl	10006e70 <vTaskPlaceOnEventList>
10005fe4:	f001 fba8 	bl	10007738 <vPortEnterCritical>
10005fe8:	f894 3045 	ldrb.w	r3, [r4, #69]	@ 0x45
10005fec:	b25d      	sxtb	r5, r3
10005fee:	2d00      	cmp	r5, #0
10005ff0:	dc04      	bgt.n	10005ffc <xQueueReceive+0x94>
10005ff2:	e011      	b.n	10006018 <xQueueReceive+0xb0>
10005ff4:	1e6b      	subs	r3, r5, #1
10005ff6:	b2da      	uxtb	r2, r3
10005ff8:	b25d      	sxtb	r5, r3
10005ffa:	b16a      	cbz	r2, 10006018 <xQueueReceive+0xb0>
10005ffc:	6a63      	ldr	r3, [r4, #36]	@ 0x24
10005ffe:	b15b      	cbz	r3, 10006018 <xQueueReceive+0xb0>
10006000:	4648      	mov	r0, r9
10006002:	f000 ffe7 	bl	10006fd4 <xTaskRemoveFromEventList>
10006006:	2800      	cmp	r0, #0
10006008:	d0f4      	beq.n	10005ff4 <xQueueReceive+0x8c>
1000600a:	f001 f887 	bl	1000711c <vTaskMissedYield>
1000600e:	1e6b      	subs	r3, r5, #1
10006010:	b2da      	uxtb	r2, r3
10006012:	b25d      	sxtb	r5, r3
10006014:	2a00      	cmp	r2, #0
10006016:	d1f1      	bne.n	10005ffc <xQueueReceive+0x94>
10006018:	23ff      	movs	r3, #255	@ 0xff
1000601a:	f884 3045 	strb.w	r3, [r4, #69]	@ 0x45
1000601e:	f001 fb99 	bl	10007754 <vPortExitCritical>
10006022:	f001 fb89 	bl	10007738 <vPortEnterCritical>
10006026:	f894 3044 	ldrb.w	r3, [r4, #68]	@ 0x44
1000602a:	b25d      	sxtb	r5, r3
1000602c:	2d00      	cmp	r5, #0
1000602e:	dd14      	ble.n	1000605a <xQueueReceive+0xf2>
10006030:	f104 0910 	add.w	r9, r4, #16
10006034:	e003      	b.n	1000603e <xQueueReceive+0xd6>
10006036:	1e6b      	subs	r3, r5, #1
10006038:	b2da      	uxtb	r2, r3
1000603a:	b25d      	sxtb	r5, r3
1000603c:	b16a      	cbz	r2, 1000605a <xQueueReceive+0xf2>
1000603e:	6923      	ldr	r3, [r4, #16]
10006040:	b15b      	cbz	r3, 1000605a <xQueueReceive+0xf2>
10006042:	4648      	mov	r0, r9
10006044:	f000 ffc6 	bl	10006fd4 <xTaskRemoveFromEventList>
10006048:	2800      	cmp	r0, #0
1000604a:	d0f4      	beq.n	10006036 <xQueueReceive+0xce>
1000604c:	f001 f866 	bl	1000711c <vTaskMissedYield>
10006050:	1e6b      	subs	r3, r5, #1
10006052:	b2da      	uxtb	r2, r3
10006054:	b25d      	sxtb	r5, r3
10006056:	2a00      	cmp	r2, #0
10006058:	d1f1      	bne.n	1000603e <xQueueReceive+0xd6>
1000605a:	23ff      	movs	r3, #255	@ 0xff
1000605c:	f884 3044 	strb.w	r3, [r4, #68]	@ 0x44
10006060:	f001 fb78 	bl	10007754 <vPortExitCritical>
10006064:	f000 fd9a 	bl	10006b9c <xTaskResumeAll>
10006068:	2800      	cmp	r0, #0
1000606a:	d14a      	bne.n	10006102 <xQueueReceive+0x19a>
1000606c:	f001 fb58 	bl	10007720 <vPortYield>
10006070:	e047      	b.n	10006102 <xQueueReceive+0x19a>
10006072:	f001 fb61 	bl	10007738 <vPortEnterCritical>
10006076:	f894 3045 	ldrb.w	r3, [r4, #69]	@ 0x45
1000607a:	b25d      	sxtb	r5, r3
1000607c:	2d00      	cmp	r5, #0
1000607e:	dc04      	bgt.n	1000608a <xQueueReceive+0x122>
10006080:	e011      	b.n	100060a6 <xQueueReceive+0x13e>
10006082:	1e6b      	subs	r3, r5, #1
10006084:	b2da      	uxtb	r2, r3
10006086:	b25d      	sxtb	r5, r3
10006088:	b16a      	cbz	r2, 100060a6 <xQueueReceive+0x13e>
1000608a:	6a63      	ldr	r3, [r4, #36]	@ 0x24
1000608c:	b15b      	cbz	r3, 100060a6 <xQueueReceive+0x13e>
1000608e:	4630      	mov	r0, r6
10006090:	f000 ffa0 	bl	10006fd4 <xTaskRemoveFromEventList>
10006094:	2800      	cmp	r0, #0
10006096:	d0f4      	beq.n	10006082 <xQueueReceive+0x11a>
10006098:	f001 f840 	bl	1000711c <vTaskMissedYield>
1000609c:	1e6b      	subs	r3, r5, #1
1000609e:	b2da      	uxtb	r2, r3
100060a0:	b25d      	sxtb	r5, r3
100060a2:	2a00      	cmp	r2, #0
100060a4:	d1f1      	bne.n	1000608a <xQueueReceive+0x122>
100060a6:	23ff      	movs	r3, #255	@ 0xff
100060a8:	f884 3045 	strb.w	r3, [r4, #69]	@ 0x45
100060ac:	f001 fb52 	bl	10007754 <vPortExitCritical>
100060b0:	f001 fb42 	bl	10007738 <vPortEnterCritical>
100060b4:	f894 3044 	ldrb.w	r3, [r4, #68]	@ 0x44
100060b8:	b25d      	sxtb	r5, r3
100060ba:	2d00      	cmp	r5, #0
100060bc:	dd14      	ble.n	100060e8 <xQueueReceive+0x180>
100060be:	f104 0910 	add.w	r9, r4, #16
100060c2:	e003      	b.n	100060cc <xQueueReceive+0x164>
100060c4:	1e6b      	subs	r3, r5, #1
100060c6:	b2da      	uxtb	r2, r3
100060c8:	b25d      	sxtb	r5, r3
100060ca:	b16a      	cbz	r2, 100060e8 <xQueueReceive+0x180>
100060cc:	6923      	ldr	r3, [r4, #16]
100060ce:	b15b      	cbz	r3, 100060e8 <xQueueReceive+0x180>
100060d0:	4648      	mov	r0, r9
100060d2:	f000 ff7f 	bl	10006fd4 <xTaskRemoveFromEventList>
100060d6:	2800      	cmp	r0, #0
100060d8:	d0f4      	beq.n	100060c4 <xQueueReceive+0x15c>
100060da:	f001 f81f 	bl	1000711c <vTaskMissedYield>
100060de:	1e6b      	subs	r3, r5, #1
100060e0:	b2da      	uxtb	r2, r3
100060e2:	b25d      	sxtb	r5, r3
100060e4:	2a00      	cmp	r2, #0
100060e6:	d1f1      	bne.n	100060cc <xQueueReceive+0x164>
100060e8:	23ff      	movs	r3, #255	@ 0xff
100060ea:	f884 3044 	strb.w	r3, [r4, #68]	@ 0x44
100060ee:	f001 fb31 	bl	10007754 <vPortExitCritical>
100060f2:	f000 fd53 	bl	10006b9c <xTaskResumeAll>
100060f6:	f001 fb1f 	bl	10007738 <vPortEnterCritical>
100060fa:	6ba3      	ldr	r3, [r4, #56]	@ 0x38
100060fc:	b153      	cbz	r3, 10006114 <xQueueReceive+0x1ac>
100060fe:	f001 fb29 	bl	10007754 <vPortExitCritical>
10006102:	f001 fb19 	bl	10007738 <vPortEnterCritical>
10006106:	6ba5      	ldr	r5, [r4, #56]	@ 0x38
10006108:	2d00      	cmp	r5, #0
1000610a:	d150      	bne.n	100061ae <xQueueReceive+0x246>
1000610c:	9b01      	ldr	r3, [sp, #4]
1000610e:	2b00      	cmp	r3, #0
10006110:	f47f af40 	bne.w	10005f94 <xQueueReceive+0x2c>
10006114:	f001 fb1e 	bl	10007754 <vPortExitCritical>
10006118:	2000      	movs	r0, #0
1000611a:	b005      	add	sp, #20
1000611c:	e8bd 83f0 	ldmia.w	sp!, {r4, r5, r6, r7, r8, r9, pc}
10006120:	f001 fb18 	bl	10007754 <vPortExitCritical>
10006124:	f001 fb08 	bl	10007738 <vPortEnterCritical>
10006128:	f894 3045 	ldrb.w	r3, [r4, #69]	@ 0x45
1000612c:	b25d      	sxtb	r5, r3
1000612e:	2d00      	cmp	r5, #0
10006130:	dd14      	ble.n	1000615c <xQueueReceive+0x1f4>
10006132:	f104 0924 	add.w	r9, r4, #36	@ 0x24
10006136:	e003      	b.n	10006140 <xQueueReceive+0x1d8>
10006138:	1e6b      	subs	r3, r5, #1
1000613a:	b2da      	uxtb	r2, r3
1000613c:	b25d      	sxtb	r5, r3
1000613e:	b16a      	cbz	r2, 1000615c <xQueueReceive+0x1f4>
10006140:	6a63      	ldr	r3, [r4, #36]	@ 0x24
10006142:	b15b      	cbz	r3, 1000615c <xQueueReceive+0x1f4>
10006144:	4648      	mov	r0, r9
10006146:	f000 ff45 	bl	10006fd4 <xTaskRemoveFromEventList>
1000614a:	2800      	cmp	r0, #0
1000614c:	d0f4      	beq.n	10006138 <xQueueReceive+0x1d0>
1000614e:	f000 ffe5 	bl	1000711c <vTaskMissedYield>
10006152:	1e6b      	subs	r3, r5, #1
10006154:	b2da      	uxtb	r2, r3
10006156:	b25d      	sxtb	r5, r3
10006158:	2a00      	cmp	r2, #0
1000615a:	d1f1      	bne.n	10006140 <xQueueReceive+0x1d8>
1000615c:	23ff      	movs	r3, #255	@ 0xff
1000615e:	f884 3045 	strb.w	r3, [r4, #69]	@ 0x45
10006162:	f001 faf7 	bl	10007754 <vPortExitCritical>
10006166:	f001 fae7 	bl	10007738 <vPortEnterCritical>
1000616a:	f894 3044 	ldrb.w	r3, [r4, #68]	@ 0x44
1000616e:	b25d      	sxtb	r5, r3
10006170:	2d00      	cmp	r5, #0
10006172:	dd14      	ble.n	1000619e <xQueueReceive+0x236>
10006174:	f104 0910 	add.w	r9, r4, #16
10006178:	e003      	b.n	10006182 <xQueueReceive+0x21a>
1000617a:	1e6b      	subs	r3, r5, #1
1000617c:	b2da      	uxtb	r2, r3
1000617e:	b25d      	sxtb	r5, r3
10006180:	b16a      	cbz	r2, 1000619e <xQueueReceive+0x236>
10006182:	6923      	ldr	r3, [r4, #16]
10006184:	b15b      	cbz	r3, 1000619e <xQueueReceive+0x236>
10006186:	4648      	mov	r0, r9
10006188:	f000 ff24 	bl	10006fd4 <xTaskRemoveFromEventList>
1000618c:	2800      	cmp	r0, #0
1000618e:	d0f4      	beq.n	1000617a <xQueueReceive+0x212>
10006190:	f000 ffc4 	bl	1000711c <vTaskMissedYield>
10006194:	1e6b      	subs	r3, r5, #1
10006196:	b2da      	uxtb	r2, r3
10006198:	b25d      	sxtb	r5, r3
1000619a:	2a00      	cmp	r2, #0
1000619c:	d1f1      	bne.n	10006182 <xQueueReceive+0x21a>
1000619e:	23ff      	movs	r3, #255	@ 0xff
100061a0:	f884 3044 	strb.w	r3, [r4, #68]	@ 0x44
100061a4:	f001 fad6 	bl	10007754 <vPortExitCritical>
100061a8:	f000 fcf8 	bl	10006b9c <xTaskResumeAll>
100061ac:	e7a9      	b.n	10006102 <xQueueReceive+0x19a>
100061ae:	6c22      	ldr	r2, [r4, #64]	@ 0x40
100061b0:	b15a      	cbz	r2, 100061ca <xQueueReceive+0x262>
100061b2:	68e1      	ldr	r1, [r4, #12]
100061b4:	68a3      	ldr	r3, [r4, #8]
100061b6:	4411      	add	r1, r2
100061b8:	4299      	cmp	r1, r3
100061ba:	60e1      	str	r1, [r4, #12]
100061bc:	bf28      	it	cs
100061be:	6821      	ldrcs	r1, [r4, #0]
100061c0:	4640      	mov	r0, r8
100061c2:	bf28      	it	cs
100061c4:	60e1      	strcs	r1, [r4, #12]
100061c6:	f001 ffbb 	bl	10008140 <memcpy>
100061ca:	6923      	ldr	r3, [r4, #16]
100061cc:	3d01      	subs	r5, #1
100061ce:	63a5      	str	r5, [r4, #56]	@ 0x38
100061d0:	b92b      	cbnz	r3, 100061de <xQueueReceive+0x276>
100061d2:	f001 fabf 	bl	10007754 <vPortExitCritical>
100061d6:	2001      	movs	r0, #1
100061d8:	b005      	add	sp, #20
100061da:	e8bd 83f0 	ldmia.w	sp!, {r4, r5, r6, r7, r8, r9, pc}
100061de:	f104 0010 	add.w	r0, r4, #16
100061e2:	f000 fef7 	bl	10006fd4 <xTaskRemoveFromEventList>
100061e6:	2800      	cmp	r0, #0
100061e8:	d0f3      	beq.n	100061d2 <xQueueReceive+0x26a>
100061ea:	f001 fa99 	bl	10007720 <vPortYield>
100061ee:	e7f0      	b.n	100061d2 <xQueueReceive+0x26a>

100061f0 <xQueueSemaphoreTake>:
100061f0:	e92d 43f0 	stmdb	sp!, {r4, r5, r6, r7, r8, r9, lr}
100061f4:	4604      	mov	r4, r0
100061f6:	b085      	sub	sp, #20
100061f8:	9101      	str	r1, [sp, #4]
100061fa:	f001 fa9d 	bl	10007738 <vPortEnterCritical>
100061fe:	6ba5      	ldr	r5, [r4, #56]	@ 0x38
10006200:	2d00      	cmp	r5, #0
10006202:	f040 813b 	bne.w	1000647c <xQueueSemaphoreTake+0x28c>
10006206:	9b01      	ldr	r3, [sp, #4]
10006208:	2b00      	cmp	r3, #0
1000620a:	f000 8081 	beq.w	10006310 <xQueueSemaphoreTake+0x120>
1000620e:	a802      	add	r0, sp, #8
10006210:	f000 ff48 	bl	100070a4 <vTaskInternalSetTimeOutState>
10006214:	462f      	mov	r7, r5
10006216:	46a8      	mov	r8, r5
10006218:	f104 0624 	add.w	r6, r4, #36	@ 0x24
1000621c:	f001 fa9a 	bl	10007754 <vPortExitCritical>
10006220:	f000 fcb4 	bl	10006b8c <vTaskSuspendAll>
10006224:	f001 fa88 	bl	10007738 <vPortEnterCritical>
10006228:	f894 3044 	ldrb.w	r3, [r4, #68]	@ 0x44
1000622c:	2bff      	cmp	r3, #255	@ 0xff
1000622e:	bf08      	it	eq
10006230:	f884 8044 	strbeq.w	r8, [r4, #68]	@ 0x44
10006234:	f894 3045 	ldrb.w	r3, [r4, #69]	@ 0x45
10006238:	2bff      	cmp	r3, #255	@ 0xff
1000623a:	bf08      	it	eq
1000623c:	f884 8045 	strbeq.w	r8, [r4, #69]	@ 0x45
10006240:	f001 fa88 	bl	10007754 <vPortExitCritical>
10006244:	a901      	add	r1, sp, #4
10006246:	a802      	add	r0, sp, #8
10006248:	f000 ff38 	bl	100070bc <xTaskCheckForTimeOut>
1000624c:	2800      	cmp	r0, #0
1000624e:	d162      	bne.n	10006316 <xQueueSemaphoreTake+0x126>
10006250:	f001 fa72 	bl	10007738 <vPortEnterCritical>
10006254:	6ba3      	ldr	r3, [r4, #56]	@ 0x38
10006256:	2b00      	cmp	r3, #0
10006258:	f040 80ac 	bne.w	100063b4 <xQueueSemaphoreTake+0x1c4>
1000625c:	f001 fa7a 	bl	10007754 <vPortExitCritical>
10006260:	6823      	ldr	r3, [r4, #0]
10006262:	2b00      	cmp	r3, #0
10006264:	f000 8101 	beq.w	1000646a <xQueueSemaphoreTake+0x27a>
10006268:	f104 0924 	add.w	r9, r4, #36	@ 0x24
1000626c:	4648      	mov	r0, r9
1000626e:	9901      	ldr	r1, [sp, #4]
10006270:	f000 fdfe 	bl	10006e70 <vTaskPlaceOnEventList>
10006274:	f001 fa60 	bl	10007738 <vPortEnterCritical>
10006278:	f894 3045 	ldrb.w	r3, [r4, #69]	@ 0x45
1000627c:	b25d      	sxtb	r5, r3
1000627e:	2d00      	cmp	r5, #0
10006280:	dc04      	bgt.n	1000628c <xQueueSemaphoreTake+0x9c>
10006282:	e011      	b.n	100062a8 <xQueueSemaphoreTake+0xb8>
10006284:	1e6b      	subs	r3, r5, #1
10006286:	b2da      	uxtb	r2, r3
10006288:	b25d      	sxtb	r5, r3
1000628a:	b16a      	cbz	r2, 100062a8 <xQueueSemaphoreTake+0xb8>
1000628c:	6a63      	ldr	r3, [r4, #36]	@ 0x24
1000628e:	b15b      	cbz	r3, 100062a8 <xQueueSemaphoreTake+0xb8>
10006290:	4648      	mov	r0, r9
10006292:	f000 fe9f 	bl	10006fd4 <xTaskRemoveFromEventList>
10006296:	2800      	cmp	r0, #0
10006298:	d0f4      	beq.n	10006284 <xQueueSemaphoreTake+0x94>
1000629a:	f000 ff3f 	bl	1000711c <vTaskMissedYield>
1000629e:	1e6b      	subs	r3, r5, #1
100062a0:	b2da      	uxtb	r2, r3
100062a2:	b25d      	sxtb	r5, r3
100062a4:	2a00      	cmp	r2, #0
100062a6:	d1f1      	bne.n	1000628c <xQueueSemaphoreTake+0x9c>
100062a8:	23ff      	movs	r3, #255	@ 0xff
100062aa:	f884 3045 	strb.w	r3, [r4, #69]	@ 0x45
100062ae:	f001 fa51 	bl	10007754 <vPortExitCritical>
100062b2:	f001 fa41 	bl	10007738 <vPortEnterCritical>
100062b6:	f894 3044 	ldrb.w	r3, [r4, #68]	@ 0x44
100062ba:	b25d      	sxtb	r5, r3
100062bc:	2d00      	cmp	r5, #0
100062be:	dd14      	ble.n	100062ea <xQueueSemaphoreTake+0xfa>
100062c0:	f104 0910 	add.w	r9, r4, #16
100062c4:	e003      	b.n	100062ce <xQueueSemaphoreTake+0xde>
100062c6:	1e6b      	subs	r3, r5, #1
100062c8:	b2da      	uxtb	r2, r3
100062ca:	b25d      	sxtb	r5, r3
100062cc:	b16a      	cbz	r2, 100062ea <xQueueSemaphoreTake+0xfa>
100062ce:	6923      	ldr	r3, [r4, #16]
100062d0:	b15b      	cbz	r3, 100062ea <xQueueSemaphoreTake+0xfa>
100062d2:	4648      	mov	r0, r9
100062d4:	f000 fe7e 	bl	10006fd4 <xTaskRemoveFromEventList>
100062d8:	2800      	cmp	r0, #0
100062da:	d0f4      	beq.n	100062c6 <xQueueSemaphoreTake+0xd6>
100062dc:	f000 ff1e 	bl	1000711c <vTaskMissedYield>
100062e0:	1e6b      	subs	r3, r5, #1
100062e2:	b2da      	uxtb	r2, r3
100062e4:	b25d      	sxtb	r5, r3
100062e6:	2a00      	cmp	r2, #0
100062e8:	d1f1      	bne.n	100062ce <xQueueSemaphoreTake+0xde>
100062ea:	23ff      	movs	r3, #255	@ 0xff
100062ec:	f884 3044 	strb.w	r3, [r4, #68]	@ 0x44
100062f0:	f001 fa30 	bl	10007754 <vPortExitCritical>
100062f4:	f000 fc52 	bl	10006b9c <xTaskResumeAll>
100062f8:	2800      	cmp	r0, #0
100062fa:	f000 80a5 	beq.w	10006448 <xQueueSemaphoreTake+0x258>
100062fe:	f001 fa1b 	bl	10007738 <vPortEnterCritical>
10006302:	6ba5      	ldr	r5, [r4, #56]	@ 0x38
10006304:	2d00      	cmp	r5, #0
10006306:	f040 80b9 	bne.w	1000647c <xQueueSemaphoreTake+0x28c>
1000630a:	9b01      	ldr	r3, [sp, #4]
1000630c:	2b00      	cmp	r3, #0
1000630e:	d185      	bne.n	1000621c <xQueueSemaphoreTake+0x2c>
10006310:	f001 fa20 	bl	10007754 <vPortExitCritical>
10006314:	e04a      	b.n	100063ac <xQueueSemaphoreTake+0x1bc>
10006316:	f001 fa0f 	bl	10007738 <vPortEnterCritical>
1000631a:	f894 3045 	ldrb.w	r3, [r4, #69]	@ 0x45
1000631e:	b25d      	sxtb	r5, r3
10006320:	2d00      	cmp	r5, #0
10006322:	dc04      	bgt.n	1000632e <xQueueSemaphoreTake+0x13e>
10006324:	e011      	b.n	1000634a <xQueueSemaphoreTake+0x15a>
10006326:	1e6b      	subs	r3, r5, #1
10006328:	b2da      	uxtb	r2, r3
1000632a:	b25d      	sxtb	r5, r3
1000632c:	b16a      	cbz	r2, 1000634a <xQueueSemaphoreTake+0x15a>
1000632e:	6a63      	ldr	r3, [r4, #36]	@ 0x24
10006330:	b15b      	cbz	r3, 1000634a <xQueueSemaphoreTake+0x15a>
10006332:	4630      	mov	r0, r6
10006334:	f000 fe4e 	bl	10006fd4 <xTaskRemoveFromEventList>
10006338:	2800      	cmp	r0, #0
1000633a:	d0f4      	beq.n	10006326 <xQueueSemaphoreTake+0x136>
1000633c:	f000 feee 	bl	1000711c <vTaskMissedYield>
10006340:	1e6b      	subs	r3, r5, #1
10006342:	b2da      	uxtb	r2, r3
10006344:	b25d      	sxtb	r5, r3
10006346:	2a00      	cmp	r2, #0
10006348:	d1f1      	bne.n	1000632e <xQueueSemaphoreTake+0x13e>
1000634a:	23ff      	movs	r3, #255	@ 0xff
1000634c:	f884 3045 	strb.w	r3, [r4, #69]	@ 0x45
10006350:	f001 fa00 	bl	10007754 <vPortExitCritical>
10006354:	f001 f9f0 	bl	10007738 <vPortEnterCritical>
10006358:	f894 3044 	ldrb.w	r3, [r4, #68]	@ 0x44
1000635c:	b25d      	sxtb	r5, r3
1000635e:	2d00      	cmp	r5, #0
10006360:	dd14      	ble.n	1000638c <xQueueSemaphoreTake+0x19c>
10006362:	f104 0910 	add.w	r9, r4, #16
10006366:	e003      	b.n	10006370 <xQueueSemaphoreTake+0x180>
10006368:	1e6b      	subs	r3, r5, #1
1000636a:	b2da      	uxtb	r2, r3
1000636c:	b25d      	sxtb	r5, r3
1000636e:	b16a      	cbz	r2, 1000638c <xQueueSemaphoreTake+0x19c>
10006370:	6923      	ldr	r3, [r4, #16]
10006372:	b15b      	cbz	r3, 1000638c <xQueueSemaphoreTake+0x19c>
10006374:	4648      	mov	r0, r9
10006376:	f000 fe2d 	bl	10006fd4 <xTaskRemoveFromEventList>
1000637a:	2800      	cmp	r0, #0
1000637c:	d0f4      	beq.n	10006368 <xQueueSemaphoreTake+0x178>
1000637e:	f000 fecd 	bl	1000711c <vTaskMissedYield>
10006382:	1e6b      	subs	r3, r5, #1
10006384:	b2da      	uxtb	r2, r3
10006386:	b25d      	sxtb	r5, r3
10006388:	2a00      	cmp	r2, #0
1000638a:	d1f1      	bne.n	10006370 <xQueueSemaphoreTake+0x180>
1000638c:	23ff      	movs	r3, #255	@ 0xff
1000638e:	f884 3044 	strb.w	r3, [r4, #68]	@ 0x44
10006392:	f001 f9df 	bl	10007754 <vPortExitCritical>
10006396:	f000 fc01 	bl	10006b9c <xTaskResumeAll>
1000639a:	f001 f9cd 	bl	10007738 <vPortEnterCritical>
1000639e:	6ba3      	ldr	r3, [r4, #56]	@ 0x38
100063a0:	2b00      	cmp	r3, #0
100063a2:	d14e      	bne.n	10006442 <xQueueSemaphoreTake+0x252>
100063a4:	f001 f9d6 	bl	10007754 <vPortExitCritical>
100063a8:	2f00      	cmp	r7, #0
100063aa:	d150      	bne.n	1000644e <xQueueSemaphoreTake+0x25e>
100063ac:	2000      	movs	r0, #0
100063ae:	b005      	add	sp, #20
100063b0:	e8bd 83f0 	ldmia.w	sp!, {r4, r5, r6, r7, r8, r9, pc}
100063b4:	f001 f9ce 	bl	10007754 <vPortExitCritical>
100063b8:	f001 f9be 	bl	10007738 <vPortEnterCritical>
100063bc:	f894 3045 	ldrb.w	r3, [r4, #69]	@ 0x45
100063c0:	b25d      	sxtb	r5, r3
100063c2:	2d00      	cmp	r5, #0
100063c4:	dd14      	ble.n	100063f0 <xQueueSemaphoreTake+0x200>
100063c6:	f104 0924 	add.w	r9, r4, #36	@ 0x24
100063ca:	e003      	b.n	100063d4 <xQueueSemaphoreTake+0x1e4>
100063cc:	1e6b      	subs	r3, r5, #1
100063ce:	b2da      	uxtb	r2, r3
100063d0:	b25d      	sxtb	r5, r3
100063d2:	b16a      	cbz	r2, 100063f0 <xQueueSemaphoreTake+0x200>
100063d4:	6a63      	ldr	r3, [r4, #36]	@ 0x24
100063d6:	b15b      	cbz	r3, 100063f0 <xQueueSemaphoreTake+0x200>
100063d8:	4648      	mov	r0, r9
100063da:	f000 fdfb 	bl	10006fd4 <xTaskRemoveFromEventList>
100063de:	2800      	cmp	r0, #0
100063e0:	d0f4      	beq.n	100063cc <xQueueSemaphoreTake+0x1dc>
100063e2:	f000 fe9b 	bl	1000711c <vTaskMissedYield>
100063e6:	1e6b      	subs	r3, r5, #1
100063e8:	b2da      	uxtb	r2, r3
100063ea:	b25d      	sxtb	r5, r3
100063ec:	2a00      	cmp	r2, #0
100063ee:	d1f1      	bne.n	100063d4 <xQueueSemaphoreTake+0x1e4>
100063f0:	23ff      	movs	r3, #255	@ 0xff
100063f2:	f884 3045 	strb.w	r3, [r4, #69]	@ 0x45
100063f6:	f001 f9ad 	bl	10007754 <vPortExitCritical>
100063fa:	f001 f99d 	bl	10007738 <vPortEnterCritical>
100063fe:	f894 3044 	ldrb.w	r3, [r4, #68]	@ 0x44
10006402:	b25d      	sxtb	r5, r3
10006404:	2d00      	cmp	r5, #0
10006406:	dd14      	ble.n	10006432 <xQueueSemaphoreTake+0x242>
10006408:	f104 0910 	add.w	r9, r4, #16
1000640c:	e003      	b.n	10006416 <xQueueSemaphoreTake+0x226>
1000640e:	1e6b      	subs	r3, r5, #1
10006410:	b2da      	uxtb	r2, r3
10006412:	b25d      	sxtb	r5, r3
10006414:	b16a      	cbz	r2, 10006432 <xQueueSemaphoreTake+0x242>
10006416:	6923      	ldr	r3, [r4, #16]
10006418:	b15b      	cbz	r3, 10006432 <xQueueSemaphoreTake+0x242>
1000641a:	4648      	mov	r0, r9
1000641c:	f000 fdda 	bl	10006fd4 <xTaskRemoveFromEventList>
10006420:	2800      	cmp	r0, #0
10006422:	d0f4      	beq.n	1000640e <xQueueSemaphoreTake+0x21e>
10006424:	f000 fe7a 	bl	1000711c <vTaskMissedYield>
10006428:	1e6b      	subs	r3, r5, #1
1000642a:	b2da      	uxtb	r2, r3
1000642c:	b25d      	sxtb	r5, r3
1000642e:	2a00      	cmp	r2, #0
10006430:	d1f1      	bne.n	10006416 <xQueueSemaphoreTake+0x226>
10006432:	23ff      	movs	r3, #255	@ 0xff
10006434:	f884 3044 	strb.w	r3, [r4, #68]	@ 0x44
10006438:	f001 f98c 	bl	10007754 <vPortExitCritical>
1000643c:	f000 fbae 	bl	10006b9c <xTaskResumeAll>
10006440:	e75d      	b.n	100062fe <xQueueSemaphoreTake+0x10e>
10006442:	f001 f987 	bl	10007754 <vPortExitCritical>
10006446:	e75a      	b.n	100062fe <xQueueSemaphoreTake+0x10e>
10006448:	f001 f96a 	bl	10007720 <vPortYield>
1000644c:	e757      	b.n	100062fe <xQueueSemaphoreTake+0x10e>
1000644e:	f001 f973 	bl	10007738 <vPortEnterCritical>
10006452:	6a61      	ldr	r1, [r4, #36]	@ 0x24
10006454:	b119      	cbz	r1, 1000645e <xQueueSemaphoreTake+0x26e>
10006456:	6b23      	ldr	r3, [r4, #48]	@ 0x30
10006458:	6819      	ldr	r1, [r3, #0]
1000645a:	f1c1 0106 	rsb	r1, r1, #6
1000645e:	68a0      	ldr	r0, [r4, #8]
10006460:	f000 fee0 	bl	10007224 <vTaskPriorityDisinheritAfterTimeout>
10006464:	f001 f976 	bl	10007754 <vPortExitCritical>
10006468:	e7a0      	b.n	100063ac <xQueueSemaphoreTake+0x1bc>
1000646a:	f001 f965 	bl	10007738 <vPortEnterCritical>
1000646e:	68a0      	ldr	r0, [r4, #8]
10006470:	f000 fe5a 	bl	10007128 <xTaskPriorityInherit>
10006474:	4607      	mov	r7, r0
10006476:	f001 f96d 	bl	10007754 <vPortExitCritical>
1000647a:	e6f5      	b.n	10006268 <xQueueSemaphoreTake+0x78>
1000647c:	6823      	ldr	r3, [r4, #0]
1000647e:	3d01      	subs	r5, #1
10006480:	63a5      	str	r5, [r4, #56]	@ 0x38
10006482:	b183      	cbz	r3, 100064a6 <xQueueSemaphoreTake+0x2b6>
10006484:	6923      	ldr	r3, [r4, #16]
10006486:	b92b      	cbnz	r3, 10006494 <xQueueSemaphoreTake+0x2a4>
10006488:	f001 f964 	bl	10007754 <vPortExitCritical>
1000648c:	2001      	movs	r0, #1
1000648e:	b005      	add	sp, #20
10006490:	e8bd 83f0 	ldmia.w	sp!, {r4, r5, r6, r7, r8, r9, pc}
10006494:	f104 0010 	add.w	r0, r4, #16
10006498:	f000 fd9c 	bl	10006fd4 <xTaskRemoveFromEventList>
1000649c:	2800      	cmp	r0, #0
1000649e:	d0f3      	beq.n	10006488 <xQueueSemaphoreTake+0x298>
100064a0:	f001 f93e 	bl	10007720 <vPortYield>
100064a4:	e7f0      	b.n	10006488 <xQueueSemaphoreTake+0x298>
100064a6:	f000 fef9 	bl	1000729c <pvTaskIncrementMutexHeldCount>
100064aa:	60a0      	str	r0, [r4, #8]
100064ac:	e7ea      	b.n	10006484 <xQueueSemaphoreTake+0x294>
100064ae:	bf00      	nop

100064b0 <vQueueAddToRegistry>:
100064b0:	2900      	cmp	r1, #0
100064b2:	d06b      	beq.n	1000658c <vQueueAddToRegistry+0xdc>
100064b4:	4b56      	ldr	r3, [pc, #344]	@ (10006610 <vQueueAddToRegistry+0x160>)
100064b6:	685a      	ldr	r2, [r3, #4]
100064b8:	4290      	cmp	r0, r2
100064ba:	f000 808b 	beq.w	100065d4 <vQueueAddToRegistry+0x124>
100064be:	681a      	ldr	r2, [r3, #0]
100064c0:	b410      	push	{r4}
100064c2:	2a00      	cmp	r2, #0
100064c4:	d03b      	beq.n	1000653e <vQueueAddToRegistry+0x8e>
100064c6:	68da      	ldr	r2, [r3, #12]
100064c8:	4290      	cmp	r0, r2
100064ca:	f000 809e 	beq.w	1000660a <vQueueAddToRegistry+0x15a>
100064ce:	689a      	ldr	r2, [r3, #8]
100064d0:	2a00      	cmp	r2, #0
100064d2:	d055      	beq.n	10006580 <vQueueAddToRegistry+0xd0>
100064d4:	695a      	ldr	r2, [r3, #20]
100064d6:	4290      	cmp	r0, r2
100064d8:	f000 8095 	beq.w	10006606 <vQueueAddToRegistry+0x156>
100064dc:	691a      	ldr	r2, [r3, #16]
100064de:	2a00      	cmp	r2, #0
100064e0:	d055      	beq.n	1000658e <vQueueAddToRegistry+0xde>
100064e2:	69da      	ldr	r2, [r3, #28]
100064e4:	4290      	cmp	r0, r2
100064e6:	f000 8082 	beq.w	100065ee <vQueueAddToRegistry+0x13e>
100064ea:	699a      	ldr	r2, [r3, #24]
100064ec:	2a00      	cmp	r2, #0
100064ee:	d054      	beq.n	1000659a <vQueueAddToRegistry+0xea>
100064f0:	6a5a      	ldr	r2, [r3, #36]	@ 0x24
100064f2:	4290      	cmp	r0, r2
100064f4:	d056      	beq.n	100065a4 <vQueueAddToRegistry+0xf4>
100064f6:	6a1a      	ldr	r2, [r3, #32]
100064f8:	2a00      	cmp	r2, #0
100064fa:	d057      	beq.n	100065ac <vQueueAddToRegistry+0xfc>
100064fc:	6ada      	ldr	r2, [r3, #44]	@ 0x2c
100064fe:	4290      	cmp	r0, r2
10006500:	d077      	beq.n	100065f2 <vQueueAddToRegistry+0x142>
10006502:	6a9a      	ldr	r2, [r3, #40]	@ 0x28
10006504:	2a00      	cmp	r2, #0
10006506:	d056      	beq.n	100065b6 <vQueueAddToRegistry+0x106>
10006508:	6b5a      	ldr	r2, [r3, #52]	@ 0x34
1000650a:	4290      	cmp	r0, r2
1000650c:	d073      	beq.n	100065f6 <vQueueAddToRegistry+0x146>
1000650e:	6b1a      	ldr	r2, [r3, #48]	@ 0x30
10006510:	2a00      	cmp	r2, #0
10006512:	d055      	beq.n	100065c0 <vQueueAddToRegistry+0x110>
10006514:	6bda      	ldr	r2, [r3, #60]	@ 0x3c
10006516:	4290      	cmp	r0, r2
10006518:	d06f      	beq.n	100065fa <vQueueAddToRegistry+0x14a>
1000651a:	6b9a      	ldr	r2, [r3, #56]	@ 0x38
1000651c:	2a00      	cmp	r2, #0
1000651e:	d054      	beq.n	100065ca <vQueueAddToRegistry+0x11a>
10006520:	6c5a      	ldr	r2, [r3, #68]	@ 0x44
10006522:	4290      	cmp	r0, r2
10006524:	d06b      	beq.n	100065fe <vQueueAddToRegistry+0x14e>
10006526:	6c1a      	ldr	r2, [r3, #64]	@ 0x40
10006528:	2a00      	cmp	r2, #0
1000652a:	d059      	beq.n	100065e0 <vQueueAddToRegistry+0x130>
1000652c:	6cda      	ldr	r2, [r3, #76]	@ 0x4c
1000652e:	4290      	cmp	r0, r2
10006530:	d067      	beq.n	10006602 <vQueueAddToRegistry+0x152>
10006532:	6c9b      	ldr	r3, [r3, #72]	@ 0x48
10006534:	2b00      	cmp	r3, #0
10006536:	d058      	beq.n	100065ea <vQueueAddToRegistry+0x13a>
10006538:	f85d 4b04 	ldr.w	r4, [sp], #4
1000653c:	4770      	bx	lr
1000653e:	68da      	ldr	r2, [r3, #12]
10006540:	4290      	cmp	r0, r2
10006542:	d062      	beq.n	1000660a <vQueueAddToRegistry+0x15a>
10006544:	695a      	ldr	r2, [r3, #20]
10006546:	4290      	cmp	r0, r2
10006548:	d05d      	beq.n	10006606 <vQueueAddToRegistry+0x156>
1000654a:	461a      	mov	r2, r3
1000654c:	69dc      	ldr	r4, [r3, #28]
1000654e:	42a0      	cmp	r0, r4
10006550:	d04d      	beq.n	100065ee <vQueueAddToRegistry+0x13e>
10006552:	6a5c      	ldr	r4, [r3, #36]	@ 0x24
10006554:	42a0      	cmp	r0, r4
10006556:	d025      	beq.n	100065a4 <vQueueAddToRegistry+0xf4>
10006558:	6adc      	ldr	r4, [r3, #44]	@ 0x2c
1000655a:	42a0      	cmp	r0, r4
1000655c:	d049      	beq.n	100065f2 <vQueueAddToRegistry+0x142>
1000655e:	6b5c      	ldr	r4, [r3, #52]	@ 0x34
10006560:	42a0      	cmp	r0, r4
10006562:	d048      	beq.n	100065f6 <vQueueAddToRegistry+0x146>
10006564:	6bdc      	ldr	r4, [r3, #60]	@ 0x3c
10006566:	42a0      	cmp	r0, r4
10006568:	d047      	beq.n	100065fa <vQueueAddToRegistry+0x14a>
1000656a:	6c5c      	ldr	r4, [r3, #68]	@ 0x44
1000656c:	42a0      	cmp	r0, r4
1000656e:	d046      	beq.n	100065fe <vQueueAddToRegistry+0x14e>
10006570:	6cdc      	ldr	r4, [r3, #76]	@ 0x4c
10006572:	42a0      	cmp	r0, r4
10006574:	d045      	beq.n	10006602 <vQueueAddToRegistry+0x152>
10006576:	e9c2 1000 	strd	r1, r0, [r2]
1000657a:	f85d 4b04 	ldr.w	r4, [sp], #4
1000657e:	4770      	bx	lr
10006580:	695a      	ldr	r2, [r3, #20]
10006582:	4290      	cmp	r0, r2
10006584:	d03f      	beq.n	10006606 <vQueueAddToRegistry+0x156>
10006586:	f103 0208 	add.w	r2, r3, #8
1000658a:	e7df      	b.n	1000654c <vQueueAddToRegistry+0x9c>
1000658c:	4770      	bx	lr
1000658e:	69da      	ldr	r2, [r3, #28]
10006590:	4290      	cmp	r0, r2
10006592:	d02c      	beq.n	100065ee <vQueueAddToRegistry+0x13e>
10006594:	f103 0210 	add.w	r2, r3, #16
10006598:	e7db      	b.n	10006552 <vQueueAddToRegistry+0xa2>
1000659a:	6a5a      	ldr	r2, [r3, #36]	@ 0x24
1000659c:	4290      	cmp	r0, r2
1000659e:	d001      	beq.n	100065a4 <vQueueAddToRegistry+0xf4>
100065a0:	4a1c      	ldr	r2, [pc, #112]	@ (10006614 <vQueueAddToRegistry+0x164>)
100065a2:	e7d9      	b.n	10006558 <vQueueAddToRegistry+0xa8>
100065a4:	2204      	movs	r2, #4
100065a6:	eb03 02c2 	add.w	r2, r3, r2, lsl #3
100065aa:	e7e4      	b.n	10006576 <vQueueAddToRegistry+0xc6>
100065ac:	6ada      	ldr	r2, [r3, #44]	@ 0x2c
100065ae:	4290      	cmp	r0, r2
100065b0:	d01f      	beq.n	100065f2 <vQueueAddToRegistry+0x142>
100065b2:	4a19      	ldr	r2, [pc, #100]	@ (10006618 <vQueueAddToRegistry+0x168>)
100065b4:	e7d3      	b.n	1000655e <vQueueAddToRegistry+0xae>
100065b6:	6b5a      	ldr	r2, [r3, #52]	@ 0x34
100065b8:	4290      	cmp	r0, r2
100065ba:	d01c      	beq.n	100065f6 <vQueueAddToRegistry+0x146>
100065bc:	4a17      	ldr	r2, [pc, #92]	@ (1000661c <vQueueAddToRegistry+0x16c>)
100065be:	e7d1      	b.n	10006564 <vQueueAddToRegistry+0xb4>
100065c0:	6bda      	ldr	r2, [r3, #60]	@ 0x3c
100065c2:	4290      	cmp	r0, r2
100065c4:	d019      	beq.n	100065fa <vQueueAddToRegistry+0x14a>
100065c6:	4a16      	ldr	r2, [pc, #88]	@ (10006620 <vQueueAddToRegistry+0x170>)
100065c8:	e7cf      	b.n	1000656a <vQueueAddToRegistry+0xba>
100065ca:	6c5a      	ldr	r2, [r3, #68]	@ 0x44
100065cc:	4290      	cmp	r0, r2
100065ce:	d016      	beq.n	100065fe <vQueueAddToRegistry+0x14e>
100065d0:	4a14      	ldr	r2, [pc, #80]	@ (10006624 <vQueueAddToRegistry+0x174>)
100065d2:	e7cd      	b.n	10006570 <vQueueAddToRegistry+0xc0>
100065d4:	2200      	movs	r2, #0
100065d6:	eb03 02c2 	add.w	r2, r3, r2, lsl #3
100065da:	e9c2 1000 	strd	r1, r0, [r2]
100065de:	4770      	bx	lr
100065e0:	6cda      	ldr	r2, [r3, #76]	@ 0x4c
100065e2:	4290      	cmp	r0, r2
100065e4:	d00d      	beq.n	10006602 <vQueueAddToRegistry+0x152>
100065e6:	4a10      	ldr	r2, [pc, #64]	@ (10006628 <vQueueAddToRegistry+0x178>)
100065e8:	e7c5      	b.n	10006576 <vQueueAddToRegistry+0xc6>
100065ea:	4a10      	ldr	r2, [pc, #64]	@ (1000662c <vQueueAddToRegistry+0x17c>)
100065ec:	e7c3      	b.n	10006576 <vQueueAddToRegistry+0xc6>
100065ee:	2203      	movs	r2, #3
100065f0:	e7d9      	b.n	100065a6 <vQueueAddToRegistry+0xf6>
100065f2:	2205      	movs	r2, #5
100065f4:	e7d7      	b.n	100065a6 <vQueueAddToRegistry+0xf6>
100065f6:	2206      	movs	r2, #6
100065f8:	e7d5      	b.n	100065a6 <vQueueAddToRegistry+0xf6>
100065fa:	2207      	movs	r2, #7
100065fc:	e7d3      	b.n	100065a6 <vQueueAddToRegistry+0xf6>
100065fe:	2208      	movs	r2, #8
10006600:	e7d1      	b.n	100065a6 <vQueueAddToRegistry+0xf6>
10006602:	2209      	movs	r2, #9
10006604:	e7cf      	b.n	100065a6 <vQueueAddToRegistry+0xf6>
10006606:	2202      	movs	r2, #2
10006608:	e7cd      	b.n	100065a6 <vQueueAddToRegistry+0xf6>
1000660a:	2201      	movs	r2, #1
1000660c:	e7cb      	b.n	100065a6 <vQueueAddToRegistry+0xf6>
1000660e:	bf00      	nop
10006610:	20001908 	.word	0x20001908
10006614:	20001920 	.word	0x20001920
10006618:	20001928 	.word	0x20001928
1000661c:	20001930 	.word	0x20001930
10006620:	20001938 	.word	0x20001938
10006624:	20001940 	.word	0x20001940
10006628:	20001948 	.word	0x20001948
1000662c:	20001950 	.word	0x20001950

10006630 <vQueueWaitForMessageRestricted>:
10006630:	b570      	push	{r4, r5, r6, lr}
10006632:	4605      	mov	r5, r0
10006634:	460e      	mov	r6, r1
10006636:	4614      	mov	r4, r2
10006638:	f001 f87e 	bl	10007738 <vPortEnterCritical>
1000663c:	f895 3044 	ldrb.w	r3, [r5, #68]	@ 0x44
10006640:	2bff      	cmp	r3, #255	@ 0xff
10006642:	bf04      	itt	eq
10006644:	2300      	moveq	r3, #0
10006646:	f885 3044 	strbeq.w	r3, [r5, #68]	@ 0x44
1000664a:	f895 3045 	ldrb.w	r3, [r5, #69]	@ 0x45
1000664e:	2bff      	cmp	r3, #255	@ 0xff
10006650:	bf04      	itt	eq
10006652:	2300      	moveq	r3, #0
10006654:	f885 3045 	strbeq.w	r3, [r5, #69]	@ 0x45
10006658:	f001 f87c 	bl	10007754 <vPortExitCritical>
1000665c:	6bab      	ldr	r3, [r5, #56]	@ 0x38
1000665e:	2b00      	cmp	r3, #0
10006660:	d043      	beq.n	100066ea <vQueueWaitForMessageRestricted+0xba>
10006662:	f001 f869 	bl	10007738 <vPortEnterCritical>
10006666:	f895 3045 	ldrb.w	r3, [r5, #69]	@ 0x45
1000666a:	b25c      	sxtb	r4, r3
1000666c:	2c00      	cmp	r4, #0
1000666e:	dd14      	ble.n	1000669a <vQueueWaitForMessageRestricted+0x6a>
10006670:	f105 0624 	add.w	r6, r5, #36	@ 0x24
10006674:	e003      	b.n	1000667e <vQueueWaitForMessageRestricted+0x4e>
10006676:	1e63      	subs	r3, r4, #1
10006678:	b2da      	uxtb	r2, r3
1000667a:	b25c      	sxtb	r4, r3
1000667c:	b16a      	cbz	r2, 1000669a <vQueueWaitForMessageRestricted+0x6a>
1000667e:	6a6b      	ldr	r3, [r5, #36]	@ 0x24
10006680:	b15b      	cbz	r3, 1000669a <vQueueWaitForMessageRestricted+0x6a>
10006682:	4630      	mov	r0, r6
10006684:	f000 fca6 	bl	10006fd4 <xTaskRemoveFromEventList>
10006688:	2800      	cmp	r0, #0
1000668a:	d0f4      	beq.n	10006676 <vQueueWaitForMessageRestricted+0x46>
1000668c:	f000 fd46 	bl	1000711c <vTaskMissedYield>
10006690:	1e63      	subs	r3, r4, #1
10006692:	b2da      	uxtb	r2, r3
10006694:	b25c      	sxtb	r4, r3
10006696:	2a00      	cmp	r2, #0
10006698:	d1f1      	bne.n	1000667e <vQueueWaitForMessageRestricted+0x4e>
1000669a:	23ff      	movs	r3, #255	@ 0xff
1000669c:	f885 3045 	strb.w	r3, [r5, #69]	@ 0x45
100066a0:	f001 f858 	bl	10007754 <vPortExitCritical>
100066a4:	f001 f848 	bl	10007738 <vPortEnterCritical>
100066a8:	f895 3044 	ldrb.w	r3, [r5, #68]	@ 0x44
100066ac:	b25c      	sxtb	r4, r3
100066ae:	2c00      	cmp	r4, #0
100066b0:	dd14      	ble.n	100066dc <vQueueWaitForMessageRestricted+0xac>
100066b2:	f105 0610 	add.w	r6, r5, #16
100066b6:	e003      	b.n	100066c0 <vQueueWaitForMessageRestricted+0x90>
100066b8:	1e63      	subs	r3, r4, #1
100066ba:	b2da      	uxtb	r2, r3
100066bc:	b25c      	sxtb	r4, r3
100066be:	b16a      	cbz	r2, 100066dc <vQueueWaitForMessageRestricted+0xac>
100066c0:	692b      	ldr	r3, [r5, #16]
100066c2:	b15b      	cbz	r3, 100066dc <vQueueWaitForMessageRestricted+0xac>
100066c4:	4630      	mov	r0, r6
100066c6:	f000 fc85 	bl	10006fd4 <xTaskRemoveFromEventList>
100066ca:	2800      	cmp	r0, #0
100066cc:	d0f4      	beq.n	100066b8 <vQueueWaitForMessageRestricted+0x88>
100066ce:	f000 fd25 	bl	1000711c <vTaskMissedYield>
100066d2:	1e63      	subs	r3, r4, #1
100066d4:	b2da      	uxtb	r2, r3
100066d6:	b25c      	sxtb	r4, r3
100066d8:	2a00      	cmp	r2, #0
100066da:	d1f1      	bne.n	100066c0 <vQueueWaitForMessageRestricted+0x90>
100066dc:	23ff      	movs	r3, #255	@ 0xff
100066de:	f885 3044 	strb.w	r3, [r5, #68]	@ 0x44
100066e2:	e8bd 4070 	ldmia.w	sp!, {r4, r5, r6, lr}
100066e6:	f001 b835 	b.w	10007754 <vPortExitCritical>
100066ea:	4622      	mov	r2, r4
100066ec:	4631      	mov	r1, r6
100066ee:	f105 0024 	add.w	r0, r5, #36	@ 0x24
100066f2:	f000 fc09 	bl	10006f08 <vTaskPlaceOnEventListRestricted>
100066f6:	e7b4      	b.n	10006662 <vQueueWaitForMessageRestricted+0x32>

100066f8 <prvAddNewTaskToReadyList>:
100066f8:	e92d 41f0 	stmdb	sp!, {r4, r5, r6, r7, r8, lr}
100066fc:	4604      	mov	r4, r0
100066fe:	f001 f81b 	bl	10007738 <vPortEnterCritical>
10006702:	4a36      	ldr	r2, [pc, #216]	@ (100067dc <prvAddNewTaskToReadyList+0xe4>)
10006704:	4e36      	ldr	r6, [pc, #216]	@ (100067e0 <prvAddNewTaskToReadyList+0xe8>)
10006706:	6813      	ldr	r3, [r2, #0]
10006708:	3301      	adds	r3, #1
1000670a:	6013      	str	r3, [r2, #0]
1000670c:	6833      	ldr	r3, [r6, #0]
1000670e:	2b00      	cmp	r3, #0
10006710:	d034      	beq.n	1000677c <prvAddNewTaskToReadyList+0x84>
10006712:	4f34      	ldr	r7, [pc, #208]	@ (100067e4 <prvAddNewTaskToReadyList+0xec>)
10006714:	6ae3      	ldr	r3, [r4, #44]	@ 0x2c
10006716:	683a      	ldr	r2, [r7, #0]
10006718:	b34a      	cbz	r2, 1000676e <prvAddNewTaskToReadyList+0x76>
1000671a:	4d33      	ldr	r5, [pc, #204]	@ (100067e8 <prvAddNewTaskToReadyList+0xf0>)
1000671c:	4933      	ldr	r1, [pc, #204]	@ (100067ec <prvAddNewTaskToReadyList+0xf4>)
1000671e:	4834      	ldr	r0, [pc, #208]	@ (100067f0 <prvAddNewTaskToReadyList+0xf8>)
10006720:	680a      	ldr	r2, [r1, #0]
10006722:	f104 0c04 	add.w	ip, r4, #4
10006726:	3201      	adds	r2, #1
10006728:	600a      	str	r2, [r1, #0]
1000672a:	6802      	ldr	r2, [r0, #0]
1000672c:	429a      	cmp	r2, r3
1000672e:	bf38      	it	cc
10006730:	6003      	strcc	r3, [r0, #0]
10006732:	eb03 0383 	add.w	r3, r3, r3, lsl #2
10006736:	eb05 0083 	add.w	r0, r5, r3, lsl #2
1000673a:	6841      	ldr	r1, [r0, #4]
1000673c:	009b      	lsls	r3, r3, #2
1000673e:	58ea      	ldr	r2, [r5, r3]
10006740:	f8d1 e008 	ldr.w	lr, [r1, #8]
10006744:	60a1      	str	r1, [r4, #8]
10006746:	f8c4 e00c 	str.w	lr, [r4, #12]
1000674a:	3201      	adds	r2, #1
1000674c:	f8ce c004 	str.w	ip, [lr, #4]
10006750:	f8c1 c008 	str.w	ip, [r1, #8]
10006754:	6160      	str	r0, [r4, #20]
10006756:	50ea      	str	r2, [r5, r3]
10006758:	f000 fffc 	bl	10007754 <vPortExitCritical>
1000675c:	683b      	ldr	r3, [r7, #0]
1000675e:	b123      	cbz	r3, 1000676a <prvAddNewTaskToReadyList+0x72>
10006760:	6832      	ldr	r2, [r6, #0]
10006762:	6ae3      	ldr	r3, [r4, #44]	@ 0x2c
10006764:	6ad2      	ldr	r2, [r2, #44]	@ 0x2c
10006766:	429a      	cmp	r2, r3
10006768:	d310      	bcc.n	1000678c <prvAddNewTaskToReadyList+0x94>
1000676a:	e8bd 81f0 	ldmia.w	sp!, {r4, r5, r6, r7, r8, pc}
1000676e:	6832      	ldr	r2, [r6, #0]
10006770:	4d1d      	ldr	r5, [pc, #116]	@ (100067e8 <prvAddNewTaskToReadyList+0xf0>)
10006772:	6ad2      	ldr	r2, [r2, #44]	@ 0x2c
10006774:	429a      	cmp	r2, r3
10006776:	bf98      	it	ls
10006778:	6034      	strls	r4, [r6, #0]
1000677a:	e7cf      	b.n	1000671c <prvAddNewTaskToReadyList+0x24>
1000677c:	6034      	str	r4, [r6, #0]
1000677e:	6813      	ldr	r3, [r2, #0]
10006780:	2b01      	cmp	r3, #1
10006782:	d007      	beq.n	10006794 <prvAddNewTaskToReadyList+0x9c>
10006784:	6ae3      	ldr	r3, [r4, #44]	@ 0x2c
10006786:	4d18      	ldr	r5, [pc, #96]	@ (100067e8 <prvAddNewTaskToReadyList+0xf0>)
10006788:	4f16      	ldr	r7, [pc, #88]	@ (100067e4 <prvAddNewTaskToReadyList+0xec>)
1000678a:	e7c7      	b.n	1000671c <prvAddNewTaskToReadyList+0x24>
1000678c:	e8bd 41f0 	ldmia.w	sp!, {r4, r5, r6, r7, r8, lr}
10006790:	f000 bfc6 	b.w	10007720 <vPortYield>
10006794:	4d14      	ldr	r5, [pc, #80]	@ (100067e8 <prvAddNewTaskToReadyList+0xf0>)
10006796:	462f      	mov	r7, r5
10006798:	f105 0878 	add.w	r8, r5, #120	@ 0x78
1000679c:	4638      	mov	r0, r7
1000679e:	3714      	adds	r7, #20
100067a0:	f001 f942 	bl	10007a28 <vListInitialise>
100067a4:	4547      	cmp	r7, r8
100067a6:	d1f9      	bne.n	1000679c <prvAddNewTaskToReadyList+0xa4>
100067a8:	f8df 8060 	ldr.w	r8, [pc, #96]	@ 1000680c <prvAddNewTaskToReadyList+0x114>
100067ac:	4f11      	ldr	r7, [pc, #68]	@ (100067f4 <prvAddNewTaskToReadyList+0xfc>)
100067ae:	4640      	mov	r0, r8
100067b0:	f001 f93a 	bl	10007a28 <vListInitialise>
100067b4:	4638      	mov	r0, r7
100067b6:	f001 f937 	bl	10007a28 <vListInitialise>
100067ba:	480f      	ldr	r0, [pc, #60]	@ (100067f8 <prvAddNewTaskToReadyList+0x100>)
100067bc:	f001 f934 	bl	10007a28 <vListInitialise>
100067c0:	480e      	ldr	r0, [pc, #56]	@ (100067fc <prvAddNewTaskToReadyList+0x104>)
100067c2:	f001 f931 	bl	10007a28 <vListInitialise>
100067c6:	480e      	ldr	r0, [pc, #56]	@ (10006800 <prvAddNewTaskToReadyList+0x108>)
100067c8:	f001 f92e 	bl	10007a28 <vListInitialise>
100067cc:	4b0d      	ldr	r3, [pc, #52]	@ (10006804 <prvAddNewTaskToReadyList+0x10c>)
100067ce:	f8c3 8000 	str.w	r8, [r3]
100067d2:	4b0d      	ldr	r3, [pc, #52]	@ (10006808 <prvAddNewTaskToReadyList+0x110>)
100067d4:	601f      	str	r7, [r3, #0]
100067d6:	6ae3      	ldr	r3, [r4, #44]	@ 0x2c
100067d8:	4f02      	ldr	r7, [pc, #8]	@ (100067e4 <prvAddNewTaskToReadyList+0xec>)
100067da:	e79f      	b.n	1000671c <prvAddNewTaskToReadyList+0x24>
100067dc:	20002600 	.word	0x20002600
100067e0:	20002548 	.word	0x20002548
100067e4:	20002694 	.word	0x20002694
100067e8:	2000255c 	.word	0x2000255c
100067ec:	2000260c 	.word	0x2000260c
100067f0:	20002610 	.word	0x20002610
100067f4:	20002650 	.word	0x20002650
100067f8:	20002680 	.word	0x20002680
100067fc:	200026ac 	.word	0x200026ac
10006800:	20002698 	.word	0x20002698
10006804:	20002550 	.word	0x20002550
10006808:	20002554 	.word	0x20002554
1000680c:	2000263c 	.word	0x2000263c

10006810 <prvIdleTask>:
10006810:	b580      	push	{r7, lr}
10006812:	4d12      	ldr	r5, [pc, #72]	@ (1000685c <prvIdleTask+0x4c>)
10006814:	4f12      	ldr	r7, [pc, #72]	@ (10006860 <prvIdleTask+0x50>)
10006816:	4e13      	ldr	r6, [pc, #76]	@ (10006864 <prvIdleTask+0x54>)
10006818:	f8df 804c 	ldr.w	r8, [pc, #76]	@ 10006868 <prvIdleTask+0x58>
1000681c:	e014      	b.n	10006848 <prvIdleTask+0x38>
1000681e:	f000 ff8b 	bl	10007738 <vPortEnterCritical>
10006822:	68fb      	ldr	r3, [r7, #12]
10006824:	68dc      	ldr	r4, [r3, #12]
10006826:	1d20      	adds	r0, r4, #4
10006828:	f001 f926 	bl	10007a78 <uxListRemove>
1000682c:	6833      	ldr	r3, [r6, #0]
1000682e:	3b01      	subs	r3, #1
10006830:	6033      	str	r3, [r6, #0]
10006832:	682b      	ldr	r3, [r5, #0]
10006834:	3b01      	subs	r3, #1
10006836:	602b      	str	r3, [r5, #0]
10006838:	f000 ff8c 	bl	10007754 <vPortExitCritical>
1000683c:	6b20      	ldr	r0, [r4, #48]	@ 0x30
1000683e:	f000 ff2d 	bl	1000769c <vPortFree>
10006842:	4620      	mov	r0, r4
10006844:	f000 ff2a 	bl	1000769c <vPortFree>
10006848:	682b      	ldr	r3, [r5, #0]
1000684a:	2b00      	cmp	r3, #0
1000684c:	d1e7      	bne.n	1000681e <prvIdleTask+0xe>
1000684e:	f8d8 3000 	ldr.w	r3, [r8]
10006852:	2b01      	cmp	r3, #1
10006854:	d9f8      	bls.n	10006848 <prvIdleTask+0x38>
10006856:	f000 ff63 	bl	10007720 <vPortYield>
1000685a:	e7f5      	b.n	10006848 <prvIdleTask+0x38>
1000685c:	20002604 	.word	0x20002604
10006860:	200026ac 	.word	0x200026ac
10006864:	20002600 	.word	0x20002600
10006868:	2000255c 	.word	0x2000255c

1000686c <xTaskIncrementTick.part.0>:
1000686c:	e92d 4ff0 	stmdb	sp!, {r4, r5, r6, r7, r8, r9, sl, fp, lr}
10006870:	4b4c      	ldr	r3, [pc, #304]	@ (100069a4 <xTaskIncrementTick.part.0+0x138>)
10006872:	b083      	sub	sp, #12
10006874:	681d      	ldr	r5, [r3, #0]
10006876:	3501      	adds	r5, #1
10006878:	601d      	str	r5, [r3, #0]
1000687a:	2d00      	cmp	r5, #0
1000687c:	d067      	beq.n	1000694e <xTaskIncrementTick.part.0+0xe2>
1000687e:	494a      	ldr	r1, [pc, #296]	@ (100069a8 <xTaskIncrementTick.part.0+0x13c>)
10006880:	680b      	ldr	r3, [r1, #0]
10006882:	429d      	cmp	r5, r3
10006884:	d377      	bcc.n	10006976 <xTaskIncrementTick.part.0+0x10a>
10006886:	4e49      	ldr	r6, [pc, #292]	@ (100069ac <xTaskIncrementTick.part.0+0x140>)
10006888:	6833      	ldr	r3, [r6, #0]
1000688a:	6818      	ldr	r0, [r3, #0]
1000688c:	2800      	cmp	r0, #0
1000688e:	f000 8084 	beq.w	1000699a <xTaskIncrementTick.part.0+0x12e>
10006892:	2000      	movs	r0, #0
10006894:	46aa      	mov	sl, r5
10006896:	4607      	mov	r7, r0
10006898:	4681      	mov	r9, r0
1000689a:	f8df e128 	ldr.w	lr, [pc, #296]	@ 100069c4 <xTaskIncrementTick.part.0+0x158>
1000689e:	4c44      	ldr	r4, [pc, #272]	@ (100069b0 <xTaskIncrementTick.part.0+0x144>)
100068a0:	9101      	str	r1, [sp, #4]
100068a2:	e047      	b.n	10006934 <xTaskIncrementTick.part.0+0xc8>
100068a4:	6958      	ldr	r0, [r3, #20]
100068a6:	e9d3 2c02 	ldrd	r2, ip, [r3, #8]
100068aa:	f8c2 c008 	str.w	ip, [r2, #8]
100068ae:	f8cc 2004 	str.w	r2, [ip, #4]
100068b2:	6842      	ldr	r2, [r0, #4]
100068b4:	428a      	cmp	r2, r1
100068b6:	6802      	ldr	r2, [r0, #0]
100068b8:	bf08      	it	eq
100068ba:	f8c0 c004 	streq.w	ip, [r0, #4]
100068be:	3a01      	subs	r2, #1
100068c0:	615f      	str	r7, [r3, #20]
100068c2:	6002      	str	r2, [r0, #0]
100068c4:	6a98      	ldr	r0, [r3, #40]	@ 0x28
100068c6:	b170      	cbz	r0, 100068e6 <xTaskIncrementTick.part.0+0x7a>
100068c8:	e9d3 2c07 	ldrd	r2, ip, [r3, #28]
100068cc:	f8c2 c008 	str.w	ip, [r2, #8]
100068d0:	f8cc 2004 	str.w	r2, [ip, #4]
100068d4:	6842      	ldr	r2, [r0, #4]
100068d6:	42aa      	cmp	r2, r5
100068d8:	6802      	ldr	r2, [r0, #0]
100068da:	bf08      	it	eq
100068dc:	f8c0 c004 	streq.w	ip, [r0, #4]
100068e0:	3a01      	subs	r2, #1
100068e2:	629f      	str	r7, [r3, #40]	@ 0x28
100068e4:	6002      	str	r2, [r0, #0]
100068e6:	6ada      	ldr	r2, [r3, #44]	@ 0x2c
100068e8:	f8de 0000 	ldr.w	r0, [lr]
100068ec:	eb02 0c82 	add.w	ip, r2, r2, lsl #2
100068f0:	eb04 088c 	add.w	r8, r4, ip, lsl #2
100068f4:	4282      	cmp	r2, r0
100068f6:	f8d8 0004 	ldr.w	r0, [r8, #4]
100068fa:	f854 502c 	ldr.w	r5, [r4, ip, lsl #2]
100068fe:	f8d0 b008 	ldr.w	fp, [r0, #8]
10006902:	6098      	str	r0, [r3, #8]
10006904:	f8c3 b00c 	str.w	fp, [r3, #12]
10006908:	f8cb 1004 	str.w	r1, [fp, #4]
1000690c:	6081      	str	r1, [r0, #8]
1000690e:	f8c3 8014 	str.w	r8, [r3, #20]
10006912:	4b28      	ldr	r3, [pc, #160]	@ (100069b4 <xTaskIncrementTick.part.0+0x148>)
10006914:	bf88      	it	hi
10006916:	f8ce 2000 	strhi.w	r2, [lr]
1000691a:	6819      	ldr	r1, [r3, #0]
1000691c:	3501      	adds	r5, #1
1000691e:	6833      	ldr	r3, [r6, #0]
10006920:	f844 502c 	str.w	r5, [r4, ip, lsl #2]
10006924:	6ac9      	ldr	r1, [r1, #44]	@ 0x2c
10006926:	681b      	ldr	r3, [r3, #0]
10006928:	428a      	cmp	r2, r1
1000692a:	bf88      	it	hi
1000692c:	f049 0901 	orrhi.w	r9, r9, #1
10006930:	2b00      	cmp	r3, #0
10006932:	d030      	beq.n	10006996 <xTaskIncrementTick.part.0+0x12a>
10006934:	6833      	ldr	r3, [r6, #0]
10006936:	68db      	ldr	r3, [r3, #12]
10006938:	68db      	ldr	r3, [r3, #12]
1000693a:	685a      	ldr	r2, [r3, #4]
1000693c:	1d19      	adds	r1, r3, #4
1000693e:	4592      	cmp	sl, r2
10006940:	f103 0518 	add.w	r5, r3, #24
10006944:	d2ae      	bcs.n	100068a4 <xTaskIncrementTick.part.0+0x38>
10006946:	9901      	ldr	r1, [sp, #4]
10006948:	4648      	mov	r0, r9
1000694a:	600a      	str	r2, [r1, #0]
1000694c:	e014      	b.n	10006978 <xTaskIncrementTick.part.0+0x10c>
1000694e:	4b17      	ldr	r3, [pc, #92]	@ (100069ac <xTaskIncrementTick.part.0+0x140>)
10006950:	4a19      	ldr	r2, [pc, #100]	@ (100069b8 <xTaskIncrementTick.part.0+0x14c>)
10006952:	6818      	ldr	r0, [r3, #0]
10006954:	6811      	ldr	r1, [r2, #0]
10006956:	6019      	str	r1, [r3, #0]
10006958:	4918      	ldr	r1, [pc, #96]	@ (100069bc <xTaskIncrementTick.part.0+0x150>)
1000695a:	6010      	str	r0, [r2, #0]
1000695c:	680a      	ldr	r2, [r1, #0]
1000695e:	3201      	adds	r2, #1
10006960:	600a      	str	r2, [r1, #0]
10006962:	681a      	ldr	r2, [r3, #0]
10006964:	6812      	ldr	r2, [r2, #0]
10006966:	b982      	cbnz	r2, 1000698a <xTaskIncrementTick.part.0+0x11e>
10006968:	f04f 33ff 	mov.w	r3, #4294967295
1000696c:	490e      	ldr	r1, [pc, #56]	@ (100069a8 <xTaskIncrementTick.part.0+0x13c>)
1000696e:	600b      	str	r3, [r1, #0]
10006970:	680b      	ldr	r3, [r1, #0]
10006972:	429d      	cmp	r5, r3
10006974:	d287      	bcs.n	10006886 <xTaskIncrementTick.part.0+0x1a>
10006976:	2000      	movs	r0, #0
10006978:	4b11      	ldr	r3, [pc, #68]	@ (100069c0 <xTaskIncrementTick.part.0+0x154>)
1000697a:	681b      	ldr	r3, [r3, #0]
1000697c:	2b00      	cmp	r3, #0
1000697e:	bf18      	it	ne
10006980:	f040 0001 	orrne.w	r0, r0, #1
10006984:	b003      	add	sp, #12
10006986:	e8bd 8ff0 	ldmia.w	sp!, {r4, r5, r6, r7, r8, r9, sl, fp, pc}
1000698a:	681b      	ldr	r3, [r3, #0]
1000698c:	4906      	ldr	r1, [pc, #24]	@ (100069a8 <xTaskIncrementTick.part.0+0x13c>)
1000698e:	68db      	ldr	r3, [r3, #12]
10006990:	681b      	ldr	r3, [r3, #0]
10006992:	600b      	str	r3, [r1, #0]
10006994:	e774      	b.n	10006880 <xTaskIncrementTick.part.0+0x14>
10006996:	4648      	mov	r0, r9
10006998:	9901      	ldr	r1, [sp, #4]
1000699a:	f04f 33ff 	mov.w	r3, #4294967295
1000699e:	600b      	str	r3, [r1, #0]
100069a0:	e7ea      	b.n	10006978 <xTaskIncrementTick.part.0+0x10c>
100069a2:	bf00      	nop
100069a4:	200026c0 	.word	0x200026c0
100069a8:	20002674 	.word	0x20002674
100069ac:	20002550 	.word	0x20002550
100069b0:	2000255c 	.word	0x2000255c
100069b4:	20002548 	.word	0x20002548
100069b8:	20002554 	.word	0x20002554
100069bc:	20002678 	.word	0x20002678
100069c0:	200026cc 	.word	0x200026cc
100069c4:	20002610 	.word	0x20002610

100069c8 <xTaskCreate>:
100069c8:	e92d 43f8 	stmdb	sp!, {r3, r4, r5, r6, r7, r8, r9, lr}
100069cc:	0095      	lsls	r5, r2, #2
100069ce:	4680      	mov	r8, r0
100069d0:	4628      	mov	r0, r5
100069d2:	460f      	mov	r7, r1
100069d4:	4699      	mov	r9, r3
100069d6:	f000 fe55 	bl	10007684 <pvPortMalloc>
100069da:	2800      	cmp	r0, #0
100069dc:	d072      	beq.n	10006ac4 <xTaskCreate+0xfc>
100069de:	4606      	mov	r6, r0
100069e0:	2070      	movs	r0, #112	@ 0x70
100069e2:	f000 fe4f 	bl	10007684 <pvPortMalloc>
100069e6:	4604      	mov	r4, r0
100069e8:	2800      	cmp	r0, #0
100069ea:	d068      	beq.n	10006abe <xTaskCreate+0xf6>
100069ec:	3d04      	subs	r5, #4
100069ee:	2270      	movs	r2, #112	@ 0x70
100069f0:	2100      	movs	r1, #0
100069f2:	4435      	add	r5, r6
100069f4:	f001 fb2c 	bl	10008050 <memset>
100069f8:	f025 0507 	bic.w	r5, r5, #7
100069fc:	6326      	str	r6, [r4, #48]	@ 0x30
100069fe:	2f00      	cmp	r7, #0
10006a00:	d03b      	beq.n	10006a7a <xTaskCreate+0xb2>
10006a02:	783b      	ldrb	r3, [r7, #0]
10006a04:	f884 3034 	strb.w	r3, [r4, #52]	@ 0x34
10006a08:	2b00      	cmp	r3, #0
10006a0a:	d036      	beq.n	10006a7a <xTaskCreate+0xb2>
10006a0c:	787b      	ldrb	r3, [r7, #1]
10006a0e:	f884 3035 	strb.w	r3, [r4, #53]	@ 0x35
10006a12:	b393      	cbz	r3, 10006a7a <xTaskCreate+0xb2>
10006a14:	78bb      	ldrb	r3, [r7, #2]
10006a16:	f884 3036 	strb.w	r3, [r4, #54]	@ 0x36
10006a1a:	b373      	cbz	r3, 10006a7a <xTaskCreate+0xb2>
10006a1c:	78fb      	ldrb	r3, [r7, #3]
10006a1e:	f884 3037 	strb.w	r3, [r4, #55]	@ 0x37
10006a22:	b353      	cbz	r3, 10006a7a <xTaskCreate+0xb2>
10006a24:	793b      	ldrb	r3, [r7, #4]
10006a26:	f884 3038 	strb.w	r3, [r4, #56]	@ 0x38
10006a2a:	b333      	cbz	r3, 10006a7a <xTaskCreate+0xb2>
10006a2c:	797b      	ldrb	r3, [r7, #5]
10006a2e:	f884 3039 	strb.w	r3, [r4, #57]	@ 0x39
10006a32:	b313      	cbz	r3, 10006a7a <xTaskCreate+0xb2>
10006a34:	79bb      	ldrb	r3, [r7, #6]
10006a36:	f884 303a 	strb.w	r3, [r4, #58]	@ 0x3a
10006a3a:	b1f3      	cbz	r3, 10006a7a <xTaskCreate+0xb2>
10006a3c:	79fb      	ldrb	r3, [r7, #7]
10006a3e:	f884 303b 	strb.w	r3, [r4, #59]	@ 0x3b
10006a42:	b1d3      	cbz	r3, 10006a7a <xTaskCreate+0xb2>
10006a44:	7a3b      	ldrb	r3, [r7, #8]
10006a46:	f884 303c 	strb.w	r3, [r4, #60]	@ 0x3c
10006a4a:	b1b3      	cbz	r3, 10006a7a <xTaskCreate+0xb2>
10006a4c:	7a7b      	ldrb	r3, [r7, #9]
10006a4e:	f884 303d 	strb.w	r3, [r4, #61]	@ 0x3d
10006a52:	b193      	cbz	r3, 10006a7a <xTaskCreate+0xb2>
10006a54:	7abb      	ldrb	r3, [r7, #10]
10006a56:	f884 303e 	strb.w	r3, [r4, #62]	@ 0x3e
10006a5a:	b173      	cbz	r3, 10006a7a <xTaskCreate+0xb2>
10006a5c:	7afb      	ldrb	r3, [r7, #11]
10006a5e:	f884 303f 	strb.w	r3, [r4, #63]	@ 0x3f
10006a62:	b153      	cbz	r3, 10006a7a <xTaskCreate+0xb2>
10006a64:	7b3b      	ldrb	r3, [r7, #12]
10006a66:	f884 3040 	strb.w	r3, [r4, #64]	@ 0x40
10006a6a:	b133      	cbz	r3, 10006a7a <xTaskCreate+0xb2>
10006a6c:	7b7b      	ldrb	r3, [r7, #13]
10006a6e:	f884 3041 	strb.w	r3, [r4, #65]	@ 0x41
10006a72:	b113      	cbz	r3, 10006a7a <xTaskCreate+0xb2>
10006a74:	7bbb      	ldrb	r3, [r7, #14]
10006a76:	f884 3042 	strb.w	r3, [r4, #66]	@ 0x42
10006a7a:	9f08      	ldr	r7, [sp, #32]
10006a7c:	1d20      	adds	r0, r4, #4
10006a7e:	2f05      	cmp	r7, #5
10006a80:	bf28      	it	cs
10006a82:	2705      	movcs	r7, #5
10006a84:	62e7      	str	r7, [r4, #44]	@ 0x2c
10006a86:	6467      	str	r7, [r4, #68]	@ 0x44
10006a88:	f000 ffda 	bl	10007a40 <vListInitialiseItem>
10006a8c:	f1c7 0706 	rsb	r7, r7, #6
10006a90:	f104 0018 	add.w	r0, r4, #24
10006a94:	f000 ffd4 	bl	10007a40 <vListInitialiseItem>
10006a98:	464b      	mov	r3, r9
10006a9a:	4642      	mov	r2, r8
10006a9c:	4628      	mov	r0, r5
10006a9e:	6b21      	ldr	r1, [r4, #48]	@ 0x30
10006aa0:	61a7      	str	r7, [r4, #24]
10006aa2:	6124      	str	r4, [r4, #16]
10006aa4:	6264      	str	r4, [r4, #36]	@ 0x24
10006aa6:	f000 fe77 	bl	10007798 <pxPortInitialiseStack>
10006aaa:	9b09      	ldr	r3, [sp, #36]	@ 0x24
10006aac:	6020      	str	r0, [r4, #0]
10006aae:	b103      	cbz	r3, 10006ab2 <xTaskCreate+0xea>
10006ab0:	601c      	str	r4, [r3, #0]
10006ab2:	4620      	mov	r0, r4
10006ab4:	f7ff fe20 	bl	100066f8 <prvAddNewTaskToReadyList>
10006ab8:	2001      	movs	r0, #1
10006aba:	e8bd 83f8 	ldmia.w	sp!, {r3, r4, r5, r6, r7, r8, r9, pc}
10006abe:	4630      	mov	r0, r6
10006ac0:	f000 fdec 	bl	1000769c <vPortFree>
10006ac4:	f04f 30ff 	mov.w	r0, #4294967295
10006ac8:	e8bd 83f8 	ldmia.w	sp!, {r3, r4, r5, r6, r7, r8, r9, pc}

10006acc <vTaskStartScheduler>:
10006acc:	e92d 43f8 	stmdb	sp!, {r3, r4, r5, r6, r7, r8, r9, lr}
10006ad0:	f44f 7000 	mov.w	r0, #512	@ 0x200
10006ad4:	f000 fdd6 	bl	10007684 <pvPortMalloc>
10006ad8:	b388      	cbz	r0, 10006b3e <vTaskStartScheduler+0x72>
10006ada:	4606      	mov	r6, r0
10006adc:	2070      	movs	r0, #112	@ 0x70
10006ade:	f000 fdd1 	bl	10007684 <pvPortMalloc>
10006ae2:	4604      	mov	r4, r0
10006ae4:	b378      	cbz	r0, 10006b46 <vTaskStartScheduler+0x7a>
10006ae6:	2700      	movs	r7, #0
10006ae8:	f8df 9098 	ldr.w	r9, [pc, #152]	@ 10006b84 <vTaskStartScheduler+0xb8>
10006aec:	4639      	mov	r1, r7
10006aee:	2270      	movs	r2, #112	@ 0x70
10006af0:	f001 faae 	bl	10008050 <memset>
10006af4:	f506 75fe 	add.w	r5, r6, #508	@ 0x1fc
10006af8:	e9c4 690c 	strd	r6, r9, [r4, #48]	@ 0x30
10006afc:	2606      	movs	r6, #6
10006afe:	1d20      	adds	r0, r4, #4
10006b00:	f000 ff9e 	bl	10007a40 <vListInitialiseItem>
10006b04:	f025 0507 	bic.w	r5, r5, #7
10006b08:	f104 0018 	add.w	r0, r4, #24
10006b0c:	f000 ff98 	bl	10007a40 <vListInitialiseItem>
10006b10:	463b      	mov	r3, r7
10006b12:	4a17      	ldr	r2, [pc, #92]	@ (10006b70 <vTaskStartScheduler+0xa4>)
10006b14:	6b21      	ldr	r1, [r4, #48]	@ 0x30
10006b16:	4628      	mov	r0, r5
10006b18:	6124      	str	r4, [r4, #16]
10006b1a:	61a6      	str	r6, [r4, #24]
10006b1c:	6264      	str	r4, [r4, #36]	@ 0x24
10006b1e:	f000 fe3b 	bl	10007798 <pxPortInitialiseStack>
10006b22:	4603      	mov	r3, r0
10006b24:	f8df 8060 	ldr.w	r8, [pc, #96]	@ 10006b88 <vTaskStartScheduler+0xbc>
10006b28:	6023      	str	r3, [r4, #0]
10006b2a:	4620      	mov	r0, r4
10006b2c:	2701      	movs	r7, #1
10006b2e:	f8c8 4000 	str.w	r4, [r8]
10006b32:	f7ff fde1 	bl	100066f8 <prvAddNewTaskToReadyList>
10006b36:	f000 fd63 	bl	10007600 <xTimerCreateTimerTask>
10006b3a:	42b8      	cmp	r0, r7
10006b3c:	d00a      	beq.n	10006b54 <vTaskStartScheduler+0x88>
10006b3e:	4b0d      	ldr	r3, [pc, #52]	@ (10006b74 <vTaskStartScheduler+0xa8>)
10006b40:	681b      	ldr	r3, [r3, #0]
10006b42:	e8bd 83f8 	ldmia.w	sp!, {r3, r4, r5, r6, r7, r8, r9, pc}
10006b46:	4630      	mov	r0, r6
10006b48:	f000 fda8 	bl	1000769c <vPortFree>
10006b4c:	4b09      	ldr	r3, [pc, #36]	@ (10006b74 <vTaskStartScheduler+0xa8>)
10006b4e:	681b      	ldr	r3, [r3, #0]
10006b50:	e8bd 83f8 	ldmia.w	sp!, {r3, r4, r5, r6, r7, r8, r9, pc}
10006b54:	f000 fefa 	bl	1000794c <ulSetInterruptMask>
10006b58:	f04f 34ff 	mov.w	r4, #4294967295
10006b5c:	2200      	movs	r2, #0
10006b5e:	4906      	ldr	r1, [pc, #24]	@ (10006b78 <vTaskStartScheduler+0xac>)
10006b60:	4b06      	ldr	r3, [pc, #24]	@ (10006b7c <vTaskStartScheduler+0xb0>)
10006b62:	4807      	ldr	r0, [pc, #28]	@ (10006b80 <vTaskStartScheduler+0xb4>)
10006b64:	6004      	str	r4, [r0, #0]
10006b66:	600f      	str	r7, [r1, #0]
10006b68:	601a      	str	r2, [r3, #0]
10006b6a:	f000 fe51 	bl	10007810 <xPortStartScheduler>
10006b6e:	e7e6      	b.n	10006b3e <vTaskStartScheduler+0x72>
10006b70:	10006811 	.word	0x10006811
10006b74:	10008b8c 	.word	0x10008b8c
10006b78:	20002694 	.word	0x20002694
10006b7c:	200026c0 	.word	0x200026c0
10006b80:	20002674 	.word	0x20002674
10006b84:	454c4449 	.word	0x454c4449
10006b88:	20002668 	.word	0x20002668

10006b8c <vTaskSuspendAll>:
10006b8c:	4a02      	ldr	r2, [pc, #8]	@ (10006b98 <vTaskSuspendAll+0xc>)
10006b8e:	6813      	ldr	r3, [r2, #0]
10006b90:	3301      	adds	r3, #1
10006b92:	6013      	str	r3, [r2, #0]
10006b94:	4770      	bx	lr
10006b96:	bf00      	nop
10006b98:	20002608 	.word	0x20002608

10006b9c <xTaskResumeAll>:
10006b9c:	e92d 4ff0 	stmdb	sp!, {r4, r5, r6, r7, r8, r9, sl, fp, lr}
10006ba0:	f8df 816c 	ldr.w	r8, [pc, #364]	@ 10006d10 <xTaskResumeAll+0x174>
10006ba4:	b083      	sub	sp, #12
10006ba6:	f000 fdc7 	bl	10007738 <vPortEnterCritical>
10006baa:	f8d8 3000 	ldr.w	r3, [r8]
10006bae:	3b01      	subs	r3, #1
10006bb0:	f8c8 3000 	str.w	r3, [r8]
10006bb4:	f8d8 e000 	ldr.w	lr, [r8]
10006bb8:	f1be 0f00 	cmp.w	lr, #0
10006bbc:	f040 8081 	bne.w	10006cc2 <xTaskResumeAll+0x126>
10006bc0:	4b4c      	ldr	r3, [pc, #304]	@ (10006cf4 <xTaskResumeAll+0x158>)
10006bc2:	681b      	ldr	r3, [r3, #0]
10006bc4:	2b00      	cmp	r3, #0
10006bc6:	d07c      	beq.n	10006cc2 <xTaskResumeAll+0x126>
10006bc8:	f8df c148 	ldr.w	ip, [pc, #328]	@ 10006d14 <xTaskResumeAll+0x178>
10006bcc:	f8dc 3000 	ldr.w	r3, [ip]
10006bd0:	2b00      	cmp	r3, #0
10006bd2:	f000 808b 	beq.w	10006cec <xTaskResumeAll+0x150>
10006bd6:	4b48      	ldr	r3, [pc, #288]	@ (10006cf8 <xTaskResumeAll+0x15c>)
10006bd8:	f8df 913c 	ldr.w	r9, [pc, #316]	@ 10006d18 <xTaskResumeAll+0x17c>
10006bdc:	4e47      	ldr	r6, [pc, #284]	@ (10006cfc <xTaskResumeAll+0x160>)
10006bde:	9301      	str	r3, [sp, #4]
10006be0:	f8dc 300c 	ldr.w	r3, [ip, #12]
10006be4:	68db      	ldr	r3, [r3, #12]
10006be6:	6a9a      	ldr	r2, [r3, #40]	@ 0x28
10006be8:	e9d3 0107 	ldrd	r0, r1, [r3, #28]
10006bec:	6854      	ldr	r4, [r2, #4]
10006bee:	6081      	str	r1, [r0, #8]
10006bf0:	6048      	str	r0, [r1, #4]
10006bf2:	f103 0018 	add.w	r0, r3, #24
10006bf6:	4284      	cmp	r4, r0
10006bf8:	bf08      	it	eq
10006bfa:	6051      	streq	r1, [r2, #4]
10006bfc:	6811      	ldr	r1, [r2, #0]
10006bfe:	f8c3 e028 	str.w	lr, [r3, #40]	@ 0x28
10006c02:	3901      	subs	r1, #1
10006c04:	6011      	str	r1, [r2, #0]
10006c06:	695a      	ldr	r2, [r3, #20]
10006c08:	e9d3 4102 	ldrd	r4, r1, [r3, #8]
10006c0c:	60a1      	str	r1, [r4, #8]
10006c0e:	604c      	str	r4, [r1, #4]
10006c10:	6854      	ldr	r4, [r2, #4]
10006c12:	1d1d      	adds	r5, r3, #4
10006c14:	42ac      	cmp	r4, r5
10006c16:	bf08      	it	eq
10006c18:	6051      	streq	r1, [r2, #4]
10006c1a:	6811      	ldr	r1, [r2, #0]
10006c1c:	f8d9 0000 	ldr.w	r0, [r9]
10006c20:	3901      	subs	r1, #1
10006c22:	6011      	str	r1, [r2, #0]
10006c24:	6ada      	ldr	r2, [r3, #44]	@ 0x2c
10006c26:	4282      	cmp	r2, r0
10006c28:	4835      	ldr	r0, [pc, #212]	@ (10006d00 <xTaskResumeAll+0x164>)
10006c2a:	eb02 0182 	add.w	r1, r2, r2, lsl #2
10006c2e:	bf88      	it	hi
10006c30:	f8c9 2000 	strhi.w	r2, [r9]
10006c34:	6800      	ldr	r0, [r0, #0]
10006c36:	eb06 0781 	add.w	r7, r6, r1, lsl #2
10006c3a:	687c      	ldr	r4, [r7, #4]
10006c3c:	f8d0 a02c 	ldr.w	sl, [r0, #44]	@ 0x2c
10006c40:	f856 0021 	ldr.w	r0, [r6, r1, lsl #2]
10006c44:	f8d4 b008 	ldr.w	fp, [r4, #8]
10006c48:	3001      	adds	r0, #1
10006c4a:	4552      	cmp	r2, sl
10006c4c:	609c      	str	r4, [r3, #8]
10006c4e:	f8c3 b00c 	str.w	fp, [r3, #12]
10006c52:	f8cb 5004 	str.w	r5, [fp, #4]
10006c56:	60a5      	str	r5, [r4, #8]
10006c58:	615f      	str	r7, [r3, #20]
10006c5a:	f846 0021 	str.w	r0, [r6, r1, lsl #2]
10006c5e:	d937      	bls.n	10006cd0 <xTaskResumeAll+0x134>
10006c60:	2201      	movs	r2, #1
10006c62:	9b01      	ldr	r3, [sp, #4]
10006c64:	601a      	str	r2, [r3, #0]
10006c66:	f8dc 3000 	ldr.w	r3, [ip]
10006c6a:	2b00      	cmp	r3, #0
10006c6c:	d1b8      	bne.n	10006be0 <xTaskResumeAll+0x44>
10006c6e:	4b25      	ldr	r3, [pc, #148]	@ (10006d04 <xTaskResumeAll+0x168>)
10006c70:	681a      	ldr	r2, [r3, #0]
10006c72:	6812      	ldr	r2, [r2, #0]
10006c74:	2a00      	cmp	r2, #0
10006c76:	d034      	beq.n	10006ce2 <xTaskResumeAll+0x146>
10006c78:	681a      	ldr	r2, [r3, #0]
10006c7a:	4b23      	ldr	r3, [pc, #140]	@ (10006d08 <xTaskResumeAll+0x16c>)
10006c7c:	68d2      	ldr	r2, [r2, #12]
10006c7e:	6812      	ldr	r2, [r2, #0]
10006c80:	601a      	str	r2, [r3, #0]
10006c82:	4d22      	ldr	r5, [pc, #136]	@ (10006d0c <xTaskResumeAll+0x170>)
10006c84:	682c      	ldr	r4, [r5, #0]
10006c86:	b19c      	cbz	r4, 10006cb0 <xTaskResumeAll+0x114>
10006c88:	2601      	movs	r6, #1
10006c8a:	9f01      	ldr	r7, [sp, #4]
10006c8c:	e005      	b.n	10006c9a <xTaskResumeAll+0xfe>
10006c8e:	f7ff fded 	bl	1000686c <xTaskIncrementTick.part.0>
10006c92:	b100      	cbz	r0, 10006c96 <xTaskResumeAll+0xfa>
10006c94:	603e      	str	r6, [r7, #0]
10006c96:	3c01      	subs	r4, #1
10006c98:	d009      	beq.n	10006cae <xTaskResumeAll+0x112>
10006c9a:	f8d8 3000 	ldr.w	r3, [r8]
10006c9e:	2b00      	cmp	r3, #0
10006ca0:	d0f5      	beq.n	10006c8e <xTaskResumeAll+0xf2>
10006ca2:	682b      	ldr	r3, [r5, #0]
10006ca4:	3c01      	subs	r4, #1
10006ca6:	f103 0301 	add.w	r3, r3, #1
10006caa:	602b      	str	r3, [r5, #0]
10006cac:	d1f5      	bne.n	10006c9a <xTaskResumeAll+0xfe>
10006cae:	602c      	str	r4, [r5, #0]
10006cb0:	9b01      	ldr	r3, [sp, #4]
10006cb2:	681b      	ldr	r3, [r3, #0]
10006cb4:	b12b      	cbz	r3, 10006cc2 <xTaskResumeAll+0x126>
10006cb6:	4b12      	ldr	r3, [pc, #72]	@ (10006d00 <xTaskResumeAll+0x164>)
10006cb8:	2401      	movs	r4, #1
10006cba:	681b      	ldr	r3, [r3, #0]
10006cbc:	f000 fd30 	bl	10007720 <vPortYield>
10006cc0:	e000      	b.n	10006cc4 <xTaskResumeAll+0x128>
10006cc2:	2400      	movs	r4, #0
10006cc4:	f000 fd46 	bl	10007754 <vPortExitCritical>
10006cc8:	4620      	mov	r0, r4
10006cca:	b003      	add	sp, #12
10006ccc:	e8bd 8ff0 	ldmia.w	sp!, {r4, r5, r6, r7, r8, r9, sl, fp, pc}
10006cd0:	f8dc 3000 	ldr.w	r3, [ip]
10006cd4:	2b00      	cmp	r3, #0
10006cd6:	d183      	bne.n	10006be0 <xTaskResumeAll+0x44>
10006cd8:	4b0a      	ldr	r3, [pc, #40]	@ (10006d04 <xTaskResumeAll+0x168>)
10006cda:	681a      	ldr	r2, [r3, #0]
10006cdc:	6812      	ldr	r2, [r2, #0]
10006cde:	2a00      	cmp	r2, #0
10006ce0:	d1ca      	bne.n	10006c78 <xTaskResumeAll+0xdc>
10006ce2:	f04f 32ff 	mov.w	r2, #4294967295
10006ce6:	4b08      	ldr	r3, [pc, #32]	@ (10006d08 <xTaskResumeAll+0x16c>)
10006ce8:	601a      	str	r2, [r3, #0]
10006cea:	e7ca      	b.n	10006c82 <xTaskResumeAll+0xe6>
10006cec:	4b02      	ldr	r3, [pc, #8]	@ (10006cf8 <xTaskResumeAll+0x15c>)
10006cee:	9301      	str	r3, [sp, #4]
10006cf0:	e7c7      	b.n	10006c82 <xTaskResumeAll+0xe6>
10006cf2:	bf00      	nop
10006cf4:	20002600 	.word	0x20002600
10006cf8:	200026cc 	.word	0x200026cc
10006cfc:	2000255c 	.word	0x2000255c
10006d00:	20002548 	.word	0x20002548
10006d04:	20002550 	.word	0x20002550
10006d08:	20002674 	.word	0x20002674
10006d0c:	2000267c 	.word	0x2000267c
10006d10:	20002608 	.word	0x20002608
10006d14:	20002680 	.word	0x20002680
10006d18:	20002610 	.word	0x20002610

10006d1c <vTaskDelay>:
10006d1c:	b908      	cbnz	r0, 10006d22 <vTaskDelay+0x6>
10006d1e:	f000 bcff 	b.w	10007720 <vPortYield>
10006d22:	4a19      	ldr	r2, [pc, #100]	@ (10006d88 <vTaskDelay+0x6c>)
10006d24:	e92d 41f0 	stmdb	sp!, {r4, r5, r6, r7, r8, lr}
10006d28:	6813      	ldr	r3, [r2, #0]
10006d2a:	4604      	mov	r4, r0
10006d2c:	3301      	adds	r3, #1
10006d2e:	6013      	str	r3, [r2, #0]
10006d30:	4916      	ldr	r1, [pc, #88]	@ (10006d8c <vTaskDelay+0x70>)
10006d32:	4b17      	ldr	r3, [pc, #92]	@ (10006d90 <vTaskDelay+0x74>)
10006d34:	4d17      	ldr	r5, [pc, #92]	@ (10006d94 <vTaskDelay+0x78>)
10006d36:	4a18      	ldr	r2, [pc, #96]	@ (10006d98 <vTaskDelay+0x7c>)
10006d38:	680e      	ldr	r6, [r1, #0]
10006d3a:	6817      	ldr	r7, [r2, #0]
10006d3c:	f8d3 8000 	ldr.w	r8, [r3]
10006d40:	6828      	ldr	r0, [r5, #0]
10006d42:	3004      	adds	r0, #4
10006d44:	f000 fe98 	bl	10007a78 <uxListRemove>
10006d48:	682b      	ldr	r3, [r5, #0]
10006d4a:	19a4      	adds	r4, r4, r6
10006d4c:	6829      	ldr	r1, [r5, #0]
10006d4e:	605c      	str	r4, [r3, #4]
10006d50:	d20d      	bcs.n	10006d6e <vTaskDelay+0x52>
10006d52:	4638      	mov	r0, r7
10006d54:	3104      	adds	r1, #4
10006d56:	f000 fe77 	bl	10007a48 <vListInsert>
10006d5a:	4b10      	ldr	r3, [pc, #64]	@ (10006d9c <vTaskDelay+0x80>)
10006d5c:	681a      	ldr	r2, [r3, #0]
10006d5e:	4294      	cmp	r4, r2
10006d60:	bf38      	it	cc
10006d62:	601c      	strcc	r4, [r3, #0]
10006d64:	f7ff ff1a 	bl	10006b9c <xTaskResumeAll>
10006d68:	b148      	cbz	r0, 10006d7e <vTaskDelay+0x62>
10006d6a:	e8bd 81f0 	ldmia.w	sp!, {r4, r5, r6, r7, r8, pc}
10006d6e:	4640      	mov	r0, r8
10006d70:	3104      	adds	r1, #4
10006d72:	f000 fe69 	bl	10007a48 <vListInsert>
10006d76:	f7ff ff11 	bl	10006b9c <xTaskResumeAll>
10006d7a:	2800      	cmp	r0, #0
10006d7c:	d1f5      	bne.n	10006d6a <vTaskDelay+0x4e>
10006d7e:	e8bd 41f0 	ldmia.w	sp!, {r4, r5, r6, r7, r8, lr}
10006d82:	f000 bccd 	b.w	10007720 <vPortYield>
10006d86:	bf00      	nop
10006d88:	20002608 	.word	0x20002608
10006d8c:	200026c0 	.word	0x200026c0
10006d90:	20002554 	.word	0x20002554
10006d94:	20002548 	.word	0x20002548
10006d98:	20002550 	.word	0x20002550
10006d9c:	20002674 	.word	0x20002674

10006da0 <xTaskGetTickCount>:
10006da0:	4b01      	ldr	r3, [pc, #4]	@ (10006da8 <xTaskGetTickCount+0x8>)
10006da2:	6818      	ldr	r0, [r3, #0]
10006da4:	4770      	bx	lr
10006da6:	bf00      	nop
10006da8:	200026c0 	.word	0x200026c0

10006dac <xTaskIncrementTick>:
10006dac:	4b05      	ldr	r3, [pc, #20]	@ (10006dc4 <xTaskIncrementTick+0x18>)
10006dae:	681b      	ldr	r3, [r3, #0]
10006db0:	b90b      	cbnz	r3, 10006db6 <xTaskIncrementTick+0xa>
10006db2:	f7ff bd5b 	b.w	1000686c <xTaskIncrementTick.part.0>
10006db6:	4a04      	ldr	r2, [pc, #16]	@ (10006dc8 <xTaskIncrementTick+0x1c>)
10006db8:	2000      	movs	r0, #0
10006dba:	6813      	ldr	r3, [r2, #0]
10006dbc:	3301      	adds	r3, #1
10006dbe:	6013      	str	r3, [r2, #0]
10006dc0:	4770      	bx	lr
10006dc2:	bf00      	nop
10006dc4:	20002608 	.word	0x20002608
10006dc8:	2000267c 	.word	0x2000267c

10006dcc <vTaskSwitchContext>:
10006dcc:	4b23      	ldr	r3, [pc, #140]	@ (10006e5c <vTaskSwitchContext+0x90>)
10006dce:	681b      	ldr	r3, [r3, #0]
10006dd0:	b11b      	cbz	r3, 10006dda <vTaskSwitchContext+0xe>
10006dd2:	2201      	movs	r2, #1
10006dd4:	4b22      	ldr	r3, [pc, #136]	@ (10006e60 <vTaskSwitchContext+0x94>)
10006dd6:	601a      	str	r2, [r3, #0]
10006dd8:	4770      	bx	lr
10006dda:	4a21      	ldr	r2, [pc, #132]	@ (10006e60 <vTaskSwitchContext+0x94>)
10006ddc:	b430      	push	{r4, r5}
10006dde:	4c21      	ldr	r4, [pc, #132]	@ (10006e64 <vTaskSwitchContext+0x98>)
10006de0:	6013      	str	r3, [r2, #0]
10006de2:	6820      	ldr	r0, [r4, #0]
10006de4:	4a20      	ldr	r2, [pc, #128]	@ (10006e68 <vTaskSwitchContext+0x9c>)
10006de6:	eb00 0380 	add.w	r3, r0, r0, lsl #2
10006dea:	f852 3023 	ldr.w	r3, [r2, r3, lsl #2]
10006dee:	0081      	lsls	r1, r0, #2
10006df0:	bb8b      	cbnz	r3, 10006e56 <vTaskSwitchContext+0x8a>
10006df2:	1e43      	subs	r3, r0, #1
10006df4:	eb03 0583 	add.w	r5, r3, r3, lsl #2
10006df8:	f852 5025 	ldr.w	r5, [r2, r5, lsl #2]
10006dfc:	0099      	lsls	r1, r3, #2
10006dfe:	b9b5      	cbnz	r5, 10006e2e <vTaskSwitchContext+0x62>
10006e00:	1e83      	subs	r3, r0, #2
10006e02:	eb03 0583 	add.w	r5, r3, r3, lsl #2
10006e06:	f852 5025 	ldr.w	r5, [r2, r5, lsl #2]
10006e0a:	0099      	lsls	r1, r3, #2
10006e0c:	b97d      	cbnz	r5, 10006e2e <vTaskSwitchContext+0x62>
10006e0e:	1ec3      	subs	r3, r0, #3
10006e10:	eb03 0583 	add.w	r5, r3, r3, lsl #2
10006e14:	f852 5025 	ldr.w	r5, [r2, r5, lsl #2]
10006e18:	0099      	lsls	r1, r3, #2
10006e1a:	b945      	cbnz	r5, 10006e2e <vTaskSwitchContext+0x62>
10006e1c:	1f03      	subs	r3, r0, #4
10006e1e:	eb03 0583 	add.w	r5, r3, r3, lsl #2
10006e22:	f852 5025 	ldr.w	r5, [r2, r5, lsl #2]
10006e26:	0099      	lsls	r1, r3, #2
10006e28:	b90d      	cbnz	r5, 10006e2e <vTaskSwitchContext+0x62>
10006e2a:	1f43      	subs	r3, r0, #5
10006e2c:	0099      	lsls	r1, r3, #2
10006e2e:	4419      	add	r1, r3
10006e30:	eb02 0081 	add.w	r0, r2, r1, lsl #2
10006e34:	4602      	mov	r2, r0
10006e36:	6841      	ldr	r1, [r0, #4]
10006e38:	3208      	adds	r2, #8
10006e3a:	6849      	ldr	r1, [r1, #4]
10006e3c:	4291      	cmp	r1, r2
10006e3e:	6041      	str	r1, [r0, #4]
10006e40:	bf08      	it	eq
10006e42:	68c1      	ldreq	r1, [r0, #12]
10006e44:	4a09      	ldr	r2, [pc, #36]	@ (10006e6c <vTaskSwitchContext+0xa0>)
10006e46:	bf08      	it	eq
10006e48:	6041      	streq	r1, [r0, #4]
10006e4a:	68c9      	ldr	r1, [r1, #12]
10006e4c:	6011      	str	r1, [r2, #0]
10006e4e:	6023      	str	r3, [r4, #0]
10006e50:	6813      	ldr	r3, [r2, #0]
10006e52:	bc30      	pop	{r4, r5}
10006e54:	4770      	bx	lr
10006e56:	4603      	mov	r3, r0
10006e58:	e7e9      	b.n	10006e2e <vTaskSwitchContext+0x62>
10006e5a:	bf00      	nop
10006e5c:	20002608 	.word	0x20002608
10006e60:	200026cc 	.word	0x200026cc
10006e64:	20002610 	.word	0x20002610
10006e68:	2000255c 	.word	0x2000255c
10006e6c:	20002548 	.word	0x20002548

10006e70 <vTaskPlaceOnEventList>:
10006e70:	e92d 41f0 	stmdb	sp!, {r4, r5, r6, r7, r8, lr}
10006e74:	460c      	mov	r4, r1
10006e76:	4d1e      	ldr	r5, [pc, #120]	@ (10006ef0 <vTaskPlaceOnEventList+0x80>)
10006e78:	6829      	ldr	r1, [r5, #0]
10006e7a:	3118      	adds	r1, #24
10006e7c:	f000 fde4 	bl	10007a48 <vListInsert>
10006e80:	4b1c      	ldr	r3, [pc, #112]	@ (10006ef4 <vTaskPlaceOnEventList+0x84>)
10006e82:	491d      	ldr	r1, [pc, #116]	@ (10006ef8 <vTaskPlaceOnEventList+0x88>)
10006e84:	4a1d      	ldr	r2, [pc, #116]	@ (10006efc <vTaskPlaceOnEventList+0x8c>)
10006e86:	680e      	ldr	r6, [r1, #0]
10006e88:	6817      	ldr	r7, [r2, #0]
10006e8a:	f8d3 8000 	ldr.w	r8, [r3]
10006e8e:	6828      	ldr	r0, [r5, #0]
10006e90:	3004      	adds	r0, #4
10006e92:	f000 fdf1 	bl	10007a78 <uxListRemove>
10006e96:	1c63      	adds	r3, r4, #1
10006e98:	d015      	beq.n	10006ec6 <vTaskPlaceOnEventList+0x56>
10006e9a:	682b      	ldr	r3, [r5, #0]
10006e9c:	19a4      	adds	r4, r4, r6
10006e9e:	6829      	ldr	r1, [r5, #0]
10006ea0:	605c      	str	r4, [r3, #4]
10006ea2:	d20a      	bcs.n	10006eba <vTaskPlaceOnEventList+0x4a>
10006ea4:	4638      	mov	r0, r7
10006ea6:	3104      	adds	r1, #4
10006ea8:	f000 fdce 	bl	10007a48 <vListInsert>
10006eac:	4b14      	ldr	r3, [pc, #80]	@ (10006f00 <vTaskPlaceOnEventList+0x90>)
10006eae:	681a      	ldr	r2, [r3, #0]
10006eb0:	4294      	cmp	r4, r2
10006eb2:	bf38      	it	cc
10006eb4:	601c      	strcc	r4, [r3, #0]
10006eb6:	e8bd 81f0 	ldmia.w	sp!, {r4, r5, r6, r7, r8, pc}
10006eba:	4640      	mov	r0, r8
10006ebc:	e8bd 41f0 	ldmia.w	sp!, {r4, r5, r6, r7, r8, lr}
10006ec0:	3104      	adds	r1, #4
10006ec2:	f000 bdc1 	b.w	10007a48 <vListInsert>
10006ec6:	4b0f      	ldr	r3, [pc, #60]	@ (10006f04 <vTaskPlaceOnEventList+0x94>)
10006ec8:	6829      	ldr	r1, [r5, #0]
10006eca:	685a      	ldr	r2, [r3, #4]
10006ecc:	681c      	ldr	r4, [r3, #0]
10006ece:	608a      	str	r2, [r1, #8]
10006ed0:	682e      	ldr	r6, [r5, #0]
10006ed2:	3401      	adds	r4, #1
10006ed4:	6828      	ldr	r0, [r5, #0]
10006ed6:	6829      	ldr	r1, [r5, #0]
10006ed8:	601c      	str	r4, [r3, #0]
10006eda:	682d      	ldr	r5, [r5, #0]
10006edc:	6894      	ldr	r4, [r2, #8]
10006ede:	3004      	adds	r0, #4
10006ee0:	3104      	adds	r1, #4
10006ee2:	60f4      	str	r4, [r6, #12]
10006ee4:	6060      	str	r0, [r4, #4]
10006ee6:	6091      	str	r1, [r2, #8]
10006ee8:	616b      	str	r3, [r5, #20]
10006eea:	e8bd 81f0 	ldmia.w	sp!, {r4, r5, r6, r7, r8, pc}
10006eee:	bf00      	nop
10006ef0:	20002548 	.word	0x20002548
10006ef4:	20002554 	.word	0x20002554
10006ef8:	200026c0 	.word	0x200026c0
10006efc:	20002550 	.word	0x20002550
10006f00:	20002674 	.word	0x20002674
10006f04:	20002698 	.word	0x20002698

10006f08 <vTaskPlaceOnEventListRestricted>:
10006f08:	4694      	mov	ip, r2
10006f0a:	e92d 41f0 	stmdb	sp!, {r4, r5, r6, r7, r8, lr}
10006f0e:	4c2b      	ldr	r4, [pc, #172]	@ (10006fbc <vTaskPlaceOnEventListRestricted+0xb4>)
10006f10:	460d      	mov	r5, r1
10006f12:	6823      	ldr	r3, [r4, #0]
10006f14:	6841      	ldr	r1, [r0, #4]
10006f16:	f8d4 8000 	ldr.w	r8, [r4]
10006f1a:	61d9      	str	r1, [r3, #28]
10006f1c:	6827      	ldr	r7, [r4, #0]
10006f1e:	6803      	ldr	r3, [r0, #0]
10006f20:	6826      	ldr	r6, [r4, #0]
10006f22:	688a      	ldr	r2, [r1, #8]
10006f24:	f8d4 e000 	ldr.w	lr, [r4]
10006f28:	3301      	adds	r3, #1
10006f2a:	3718      	adds	r7, #24
10006f2c:	3618      	adds	r6, #24
10006f2e:	f8c8 2020 	str.w	r2, [r8, #32]
10006f32:	6057      	str	r7, [r2, #4]
10006f34:	608e      	str	r6, [r1, #8]
10006f36:	4a22      	ldr	r2, [pc, #136]	@ (10006fc0 <vTaskPlaceOnEventListRestricted+0xb8>)
10006f38:	f8ce 0028 	str.w	r0, [lr, #40]	@ 0x28
10006f3c:	4921      	ldr	r1, [pc, #132]	@ (10006fc4 <vTaskPlaceOnEventListRestricted+0xbc>)
10006f3e:	6003      	str	r3, [r0, #0]
10006f40:	4b21      	ldr	r3, [pc, #132]	@ (10006fc8 <vTaskPlaceOnEventListRestricted+0xc0>)
10006f42:	f1bc 0f00 	cmp.w	ip, #0
10006f46:	d01a      	beq.n	10006f7e <vTaskPlaceOnEventListRestricted+0x76>
10006f48:	6809      	ldr	r1, [r1, #0]
10006f4a:	6812      	ldr	r2, [r2, #0]
10006f4c:	681b      	ldr	r3, [r3, #0]
10006f4e:	6820      	ldr	r0, [r4, #0]
10006f50:	3004      	adds	r0, #4
10006f52:	f000 fd91 	bl	10007a78 <uxListRemove>
10006f56:	4b1d      	ldr	r3, [pc, #116]	@ (10006fcc <vTaskPlaceOnEventListRestricted+0xc4>)
10006f58:	6819      	ldr	r1, [r3, #0]
10006f5a:	685a      	ldr	r2, [r3, #4]
10006f5c:	3101      	adds	r1, #1
10006f5e:	6019      	str	r1, [r3, #0]
10006f60:	6821      	ldr	r1, [r4, #0]
10006f62:	6890      	ldr	r0, [r2, #8]
10006f64:	608a      	str	r2, [r1, #8]
10006f66:	6821      	ldr	r1, [r4, #0]
10006f68:	60c8      	str	r0, [r1, #12]
10006f6a:	6821      	ldr	r1, [r4, #0]
10006f6c:	3104      	adds	r1, #4
10006f6e:	6041      	str	r1, [r0, #4]
10006f70:	6821      	ldr	r1, [r4, #0]
10006f72:	6820      	ldr	r0, [r4, #0]
10006f74:	3104      	adds	r1, #4
10006f76:	6091      	str	r1, [r2, #8]
10006f78:	6143      	str	r3, [r0, #20]
10006f7a:	e8bd 81f0 	ldmia.w	sp!, {r4, r5, r6, r7, r8, pc}
10006f7e:	680e      	ldr	r6, [r1, #0]
10006f80:	6817      	ldr	r7, [r2, #0]
10006f82:	f8d3 8000 	ldr.w	r8, [r3]
10006f86:	6820      	ldr	r0, [r4, #0]
10006f88:	3004      	adds	r0, #4
10006f8a:	f000 fd75 	bl	10007a78 <uxListRemove>
10006f8e:	6823      	ldr	r3, [r4, #0]
10006f90:	19ad      	adds	r5, r5, r6
10006f92:	6821      	ldr	r1, [r4, #0]
10006f94:	605d      	str	r5, [r3, #4]
10006f96:	d305      	bcc.n	10006fa4 <vTaskPlaceOnEventListRestricted+0x9c>
10006f98:	4640      	mov	r0, r8
10006f9a:	e8bd 41f0 	ldmia.w	sp!, {r4, r5, r6, r7, r8, lr}
10006f9e:	3104      	adds	r1, #4
10006fa0:	f000 bd52 	b.w	10007a48 <vListInsert>
10006fa4:	4638      	mov	r0, r7
10006fa6:	3104      	adds	r1, #4
10006fa8:	f000 fd4e 	bl	10007a48 <vListInsert>
10006fac:	4b08      	ldr	r3, [pc, #32]	@ (10006fd0 <vTaskPlaceOnEventListRestricted+0xc8>)
10006fae:	681a      	ldr	r2, [r3, #0]
10006fb0:	4295      	cmp	r5, r2
10006fb2:	bf38      	it	cc
10006fb4:	601d      	strcc	r5, [r3, #0]
10006fb6:	e8bd 81f0 	ldmia.w	sp!, {r4, r5, r6, r7, r8, pc}
10006fba:	bf00      	nop
10006fbc:	20002548 	.word	0x20002548
10006fc0:	20002550 	.word	0x20002550
10006fc4:	200026c0 	.word	0x200026c0
10006fc8:	20002554 	.word	0x20002554
10006fcc:	20002698 	.word	0x20002698
10006fd0:	20002674 	.word	0x20002674

10006fd4 <xTaskRemoveFromEventList>:
10006fd4:	b4f0      	push	{r4, r5, r6, r7}
10006fd6:	2600      	movs	r6, #0
10006fd8:	68c3      	ldr	r3, [r0, #12]
10006fda:	68db      	ldr	r3, [r3, #12]
10006fdc:	6a9a      	ldr	r2, [r3, #40]	@ 0x28
10006fde:	e9d3 0107 	ldrd	r0, r1, [r3, #28]
10006fe2:	6081      	str	r1, [r0, #8]
10006fe4:	6048      	str	r0, [r1, #4]
10006fe6:	6850      	ldr	r0, [r2, #4]
10006fe8:	f103 0418 	add.w	r4, r3, #24
10006fec:	42a0      	cmp	r0, r4
10006fee:	4827      	ldr	r0, [pc, #156]	@ (1000708c <xTaskRemoveFromEventList+0xb8>)
10006ff0:	bf08      	it	eq
10006ff2:	6051      	streq	r1, [r2, #4]
10006ff4:	6811      	ldr	r1, [r2, #0]
10006ff6:	6805      	ldr	r5, [r0, #0]
10006ff8:	3901      	subs	r1, #1
10006ffa:	6ad8      	ldr	r0, [r3, #44]	@ 0x2c
10006ffc:	629e      	str	r6, [r3, #40]	@ 0x28
10006ffe:	6011      	str	r1, [r2, #0]
10007000:	2d00      	cmp	r5, #0
10007002:	d12f      	bne.n	10007064 <xTaskRemoveFromEventList+0x90>
10007004:	e9d3 4102 	ldrd	r4, r1, [r3, #8]
10007008:	695a      	ldr	r2, [r3, #20]
1000700a:	60a1      	str	r1, [r4, #8]
1000700c:	604c      	str	r4, [r1, #4]
1000700e:	6854      	ldr	r4, [r2, #4]
10007010:	1d1e      	adds	r6, r3, #4
10007012:	42b4      	cmp	r4, r6
10007014:	bf08      	it	eq
10007016:	6051      	streq	r1, [r2, #4]
10007018:	6811      	ldr	r1, [r2, #0]
1000701a:	3901      	subs	r1, #1
1000701c:	6011      	str	r1, [r2, #0]
1000701e:	4a1c      	ldr	r2, [pc, #112]	@ (10007090 <xTaskRemoveFromEventList+0xbc>)
10007020:	6811      	ldr	r1, [r2, #0]
10007022:	4281      	cmp	r1, r0
10007024:	491b      	ldr	r1, [pc, #108]	@ (10007094 <xTaskRemoveFromEventList+0xc0>)
10007026:	bf38      	it	cc
10007028:	6010      	strcc	r0, [r2, #0]
1000702a:	eb00 0280 	add.w	r2, r0, r0, lsl #2
1000702e:	eb01 0782 	add.w	r7, r1, r2, lsl #2
10007032:	687d      	ldr	r5, [r7, #4]
10007034:	0092      	lsls	r2, r2, #2
10007036:	f8d5 c008 	ldr.w	ip, [r5, #8]
1000703a:	588c      	ldr	r4, [r1, r2]
1000703c:	609d      	str	r5, [r3, #8]
1000703e:	f8c3 c00c 	str.w	ip, [r3, #12]
10007042:	f8cc 6004 	str.w	r6, [ip, #4]
10007046:	60ae      	str	r6, [r5, #8]
10007048:	615f      	str	r7, [r3, #20]
1000704a:	4b13      	ldr	r3, [pc, #76]	@ (10007098 <xTaskRemoveFromEventList+0xc4>)
1000704c:	3401      	adds	r4, #1
1000704e:	681b      	ldr	r3, [r3, #0]
10007050:	508c      	str	r4, [r1, r2]
10007052:	6adb      	ldr	r3, [r3, #44]	@ 0x2c
10007054:	4283      	cmp	r3, r0
10007056:	d215      	bcs.n	10007084 <xTaskRemoveFromEventList+0xb0>
10007058:	bcf0      	pop	{r4, r5, r6, r7}
1000705a:	2301      	movs	r3, #1
1000705c:	4a0f      	ldr	r2, [pc, #60]	@ (1000709c <xTaskRemoveFromEventList+0xc8>)
1000705e:	4618      	mov	r0, r3
10007060:	6013      	str	r3, [r2, #0]
10007062:	4770      	bx	lr
10007064:	4a0e      	ldr	r2, [pc, #56]	@ (100070a0 <xTaskRemoveFromEventList+0xcc>)
10007066:	6815      	ldr	r5, [r2, #0]
10007068:	6851      	ldr	r1, [r2, #4]
1000706a:	3501      	adds	r5, #1
1000706c:	6015      	str	r5, [r2, #0]
1000706e:	688d      	ldr	r5, [r1, #8]
10007070:	61d9      	str	r1, [r3, #28]
10007072:	621d      	str	r5, [r3, #32]
10007074:	606c      	str	r4, [r5, #4]
10007076:	608c      	str	r4, [r1, #8]
10007078:	629a      	str	r2, [r3, #40]	@ 0x28
1000707a:	4b07      	ldr	r3, [pc, #28]	@ (10007098 <xTaskRemoveFromEventList+0xc4>)
1000707c:	681b      	ldr	r3, [r3, #0]
1000707e:	6adb      	ldr	r3, [r3, #44]	@ 0x2c
10007080:	4283      	cmp	r3, r0
10007082:	d3e9      	bcc.n	10007058 <xTaskRemoveFromEventList+0x84>
10007084:	bcf0      	pop	{r4, r5, r6, r7}
10007086:	2000      	movs	r0, #0
10007088:	4770      	bx	lr
1000708a:	bf00      	nop
1000708c:	20002608 	.word	0x20002608
10007090:	20002610 	.word	0x20002610
10007094:	2000255c 	.word	0x2000255c
10007098:	20002548 	.word	0x20002548
1000709c:	200026cc 	.word	0x200026cc
100070a0:	20002680 	.word	0x20002680

100070a4 <vTaskInternalSetTimeOutState>:
100070a4:	4a03      	ldr	r2, [pc, #12]	@ (100070b4 <vTaskInternalSetTimeOutState+0x10>)
100070a6:	4b04      	ldr	r3, [pc, #16]	@ (100070b8 <vTaskInternalSetTimeOutState+0x14>)
100070a8:	6812      	ldr	r2, [r2, #0]
100070aa:	681b      	ldr	r3, [r3, #0]
100070ac:	e9c0 2300 	strd	r2, r3, [r0]
100070b0:	4770      	bx	lr
100070b2:	bf00      	nop
100070b4:	20002678 	.word	0x20002678
100070b8:	200026c0 	.word	0x200026c0

100070bc <xTaskCheckForTimeOut>:
100070bc:	b5f8      	push	{r3, r4, r5, r6, r7, lr}
100070be:	460d      	mov	r5, r1
100070c0:	4604      	mov	r4, r0
100070c2:	f000 fb39 	bl	10007738 <vPortEnterCritical>
100070c6:	682b      	ldr	r3, [r5, #0]
100070c8:	4a12      	ldr	r2, [pc, #72]	@ (10007114 <xTaskCheckForTimeOut+0x58>)
100070ca:	1c58      	adds	r0, r3, #1
100070cc:	6811      	ldr	r1, [r2, #0]
100070ce:	d01b      	beq.n	10007108 <xTaskCheckForTimeOut+0x4c>
100070d0:	e9d4 6000 	ldrd	r6, r0, [r4]
100070d4:	f8df c040 	ldr.w	ip, [pc, #64]	@ 10007118 <xTaskCheckForTimeOut+0x5c>
100070d8:	f8dc 7000 	ldr.w	r7, [ip]
100070dc:	42be      	cmp	r6, r7
100070de:	d008      	beq.n	100070f2 <xTaskCheckForTimeOut+0x36>
100070e0:	4288      	cmp	r0, r1
100070e2:	d806      	bhi.n	100070f2 <xTaskCheckForTimeOut+0x36>
100070e4:	2300      	movs	r3, #0
100070e6:	2401      	movs	r4, #1
100070e8:	602b      	str	r3, [r5, #0]
100070ea:	f000 fb33 	bl	10007754 <vPortExitCritical>
100070ee:	4620      	mov	r0, r4
100070f0:	bdf8      	pop	{r3, r4, r5, r6, r7, pc}
100070f2:	1a0f      	subs	r7, r1, r0
100070f4:	42bb      	cmp	r3, r7
100070f6:	d9f5      	bls.n	100070e4 <xTaskCheckForTimeOut+0x28>
100070f8:	1a5b      	subs	r3, r3, r1
100070fa:	f8dc 1000 	ldr.w	r1, [ip]
100070fe:	6812      	ldr	r2, [r2, #0]
10007100:	4403      	add	r3, r0
10007102:	602b      	str	r3, [r5, #0]
10007104:	e9c4 1200 	strd	r1, r2, [r4]
10007108:	2400      	movs	r4, #0
1000710a:	f000 fb23 	bl	10007754 <vPortExitCritical>
1000710e:	4620      	mov	r0, r4
10007110:	bdf8      	pop	{r3, r4, r5, r6, r7, pc}
10007112:	bf00      	nop
10007114:	200026c0 	.word	0x200026c0
10007118:	20002678 	.word	0x20002678

1000711c <vTaskMissedYield>:
1000711c:	2201      	movs	r2, #1
1000711e:	4b01      	ldr	r3, [pc, #4]	@ (10007124 <vTaskMissedYield+0x8>)
10007120:	601a      	str	r2, [r3, #0]
10007122:	4770      	bx	lr
10007124:	200026cc 	.word	0x200026cc

10007128 <xTaskPriorityInherit>:
10007128:	b5f8      	push	{r3, r4, r5, r6, r7, lr}
1000712a:	4604      	mov	r4, r0
1000712c:	b1c8      	cbz	r0, 10007162 <xTaskPriorityInherit+0x3a>
1000712e:	4d1f      	ldr	r5, [pc, #124]	@ (100071ac <xTaskPriorityInherit+0x84>)
10007130:	6ac3      	ldr	r3, [r0, #44]	@ 0x2c
10007132:	682a      	ldr	r2, [r5, #0]
10007134:	6ad2      	ldr	r2, [r2, #44]	@ 0x2c
10007136:	4293      	cmp	r3, r2
10007138:	d214      	bcs.n	10007164 <xTaskPriorityInherit+0x3c>
1000713a:	6982      	ldr	r2, [r0, #24]
1000713c:	2a00      	cmp	r2, #0
1000713e:	db04      	blt.n	1000714a <xTaskPriorityInherit+0x22>
10007140:	682a      	ldr	r2, [r5, #0]
10007142:	6ad2      	ldr	r2, [r2, #44]	@ 0x2c
10007144:	f1c2 0206 	rsb	r2, r2, #6
10007148:	6182      	str	r2, [r0, #24]
1000714a:	4e19      	ldr	r6, [pc, #100]	@ (100071b0 <xTaskPriorityInherit+0x88>)
1000714c:	6962      	ldr	r2, [r4, #20]
1000714e:	eb03 0383 	add.w	r3, r3, r3, lsl #2
10007152:	eb06 0383 	add.w	r3, r6, r3, lsl #2
10007156:	429a      	cmp	r2, r3
10007158:	d00c      	beq.n	10007174 <xTaskPriorityInherit+0x4c>
1000715a:	682b      	ldr	r3, [r5, #0]
1000715c:	6adb      	ldr	r3, [r3, #44]	@ 0x2c
1000715e:	62e3      	str	r3, [r4, #44]	@ 0x2c
10007160:	2001      	movs	r0, #1
10007162:	bdf8      	pop	{r3, r4, r5, r6, r7, pc}
10007164:	682b      	ldr	r3, [r5, #0]
10007166:	6c40      	ldr	r0, [r0, #68]	@ 0x44
10007168:	6adb      	ldr	r3, [r3, #44]	@ 0x2c
1000716a:	4298      	cmp	r0, r3
1000716c:	bf2c      	ite	cs
1000716e:	2000      	movcs	r0, #0
10007170:	2001      	movcc	r0, #1
10007172:	bdf8      	pop	{r3, r4, r5, r6, r7, pc}
10007174:	1d27      	adds	r7, r4, #4
10007176:	4638      	mov	r0, r7
10007178:	f000 fc7e 	bl	10007a78 <uxListRemove>
1000717c:	682b      	ldr	r3, [r5, #0]
1000717e:	4a0d      	ldr	r2, [pc, #52]	@ (100071b4 <xTaskPriorityInherit+0x8c>)
10007180:	6adb      	ldr	r3, [r3, #44]	@ 0x2c
10007182:	6811      	ldr	r1, [r2, #0]
10007184:	62e3      	str	r3, [r4, #44]	@ 0x2c
10007186:	428b      	cmp	r3, r1
10007188:	bf88      	it	hi
1000718a:	6013      	strhi	r3, [r2, #0]
1000718c:	eb03 0383 	add.w	r3, r3, r3, lsl #2
10007190:	0098      	lsls	r0, r3, #2
10007192:	eb06 0383 	add.w	r3, r6, r3, lsl #2
10007196:	6859      	ldr	r1, [r3, #4]
10007198:	5832      	ldr	r2, [r6, r0]
1000719a:	688d      	ldr	r5, [r1, #8]
1000719c:	3201      	adds	r2, #1
1000719e:	60a1      	str	r1, [r4, #8]
100071a0:	60e5      	str	r5, [r4, #12]
100071a2:	606f      	str	r7, [r5, #4]
100071a4:	608f      	str	r7, [r1, #8]
100071a6:	6163      	str	r3, [r4, #20]
100071a8:	5032      	str	r2, [r6, r0]
100071aa:	e7d9      	b.n	10007160 <xTaskPriorityInherit+0x38>
100071ac:	20002548 	.word	0x20002548
100071b0:	2000255c 	.word	0x2000255c
100071b4:	20002610 	.word	0x20002610

100071b8 <xTaskPriorityDisinherit>:
100071b8:	b158      	cbz	r0, 100071d2 <xTaskPriorityDisinherit+0x1a>
100071ba:	b5f8      	push	{r3, r4, r5, r6, r7, lr}
100071bc:	6ac1      	ldr	r1, [r0, #44]	@ 0x2c
100071be:	6c83      	ldr	r3, [r0, #72]	@ 0x48
100071c0:	6c42      	ldr	r2, [r0, #68]	@ 0x44
100071c2:	3b01      	subs	r3, #1
100071c4:	4291      	cmp	r1, r2
100071c6:	4604      	mov	r4, r0
100071c8:	6483      	str	r3, [r0, #72]	@ 0x48
100071ca:	d000      	beq.n	100071ce <xTaskPriorityDisinherit+0x16>
100071cc:	b11b      	cbz	r3, 100071d6 <xTaskPriorityDisinherit+0x1e>
100071ce:	2000      	movs	r0, #0
100071d0:	bdf8      	pop	{r3, r4, r5, r6, r7, pc}
100071d2:	2000      	movs	r0, #0
100071d4:	4770      	bx	lr
100071d6:	1d06      	adds	r6, r0, #4
100071d8:	4630      	mov	r0, r6
100071da:	f000 fc4d 	bl	10007a78 <uxListRemove>
100071de:	6c63      	ldr	r3, [r4, #68]	@ 0x44
100071e0:	4a0e      	ldr	r2, [pc, #56]	@ (1000721c <xTaskPriorityDisinherit+0x64>)
100071e2:	f1c3 0006 	rsb	r0, r3, #6
100071e6:	61a0      	str	r0, [r4, #24]
100071e8:	2001      	movs	r0, #1
100071ea:	6811      	ldr	r1, [r2, #0]
100071ec:	62e3      	str	r3, [r4, #44]	@ 0x2c
100071ee:	428b      	cmp	r3, r1
100071f0:	bf88      	it	hi
100071f2:	6013      	strhi	r3, [r2, #0]
100071f4:	4a0a      	ldr	r2, [pc, #40]	@ (10007220 <xTaskPriorityDisinherit+0x68>)
100071f6:	eb03 0383 	add.w	r3, r3, r3, lsl #2
100071fa:	ea4f 0c83 	mov.w	ip, r3, lsl #2
100071fe:	eb02 0383 	add.w	r3, r2, r3, lsl #2
10007202:	685d      	ldr	r5, [r3, #4]
10007204:	f852 100c 	ldr.w	r1, [r2, ip]
10007208:	68af      	ldr	r7, [r5, #8]
1000720a:	4401      	add	r1, r0
1000720c:	60a5      	str	r5, [r4, #8]
1000720e:	60e7      	str	r7, [r4, #12]
10007210:	607e      	str	r6, [r7, #4]
10007212:	60ae      	str	r6, [r5, #8]
10007214:	6163      	str	r3, [r4, #20]
10007216:	f842 100c 	str.w	r1, [r2, ip]
1000721a:	bdf8      	pop	{r3, r4, r5, r6, r7, pc}
1000721c:	20002610 	.word	0x20002610
10007220:	2000255c 	.word	0x2000255c

10007224 <vTaskPriorityDisinheritAfterTimeout>:
10007224:	b160      	cbz	r0, 10007240 <vTaskPriorityDisinheritAfterTimeout+0x1c>
10007226:	6c42      	ldr	r2, [r0, #68]	@ 0x44
10007228:	b5f8      	push	{r3, r4, r5, r6, r7, lr}
1000722a:	4291      	cmp	r1, r2
1000722c:	bf38      	it	cc
1000722e:	4611      	movcc	r1, r2
10007230:	6ac3      	ldr	r3, [r0, #44]	@ 0x2c
10007232:	4604      	mov	r4, r0
10007234:	428b      	cmp	r3, r1
10007236:	d002      	beq.n	1000723e <vTaskPriorityDisinheritAfterTimeout+0x1a>
10007238:	6c82      	ldr	r2, [r0, #72]	@ 0x48
1000723a:	2a01      	cmp	r2, #1
1000723c:	d001      	beq.n	10007242 <vTaskPriorityDisinheritAfterTimeout+0x1e>
1000723e:	bdf8      	pop	{r3, r4, r5, r6, r7, pc}
10007240:	4770      	bx	lr
10007242:	6982      	ldr	r2, [r0, #24]
10007244:	4d13      	ldr	r5, [pc, #76]	@ (10007294 <vTaskPriorityDisinheritAfterTimeout+0x70>)
10007246:	2a00      	cmp	r2, #0
10007248:	eb03 0383 	add.w	r3, r3, r3, lsl #2
1000724c:	6942      	ldr	r2, [r0, #20]
1000724e:	62c1      	str	r1, [r0, #44]	@ 0x2c
10007250:	eb05 0383 	add.w	r3, r5, r3, lsl #2
10007254:	bfa4      	itt	ge
10007256:	f1c1 0106 	rsbge	r1, r1, #6
1000725a:	6181      	strge	r1, [r0, #24]
1000725c:	429a      	cmp	r2, r3
1000725e:	d1ee      	bne.n	1000723e <vTaskPriorityDisinheritAfterTimeout+0x1a>
10007260:	1d06      	adds	r6, r0, #4
10007262:	4630      	mov	r0, r6
10007264:	f000 fc08 	bl	10007a78 <uxListRemove>
10007268:	4a0b      	ldr	r2, [pc, #44]	@ (10007298 <vTaskPriorityDisinheritAfterTimeout+0x74>)
1000726a:	6ae3      	ldr	r3, [r4, #44]	@ 0x2c
1000726c:	6811      	ldr	r1, [r2, #0]
1000726e:	428b      	cmp	r3, r1
10007270:	bf88      	it	hi
10007272:	6013      	strhi	r3, [r2, #0]
10007274:	eb03 0383 	add.w	r3, r3, r3, lsl #2
10007278:	0098      	lsls	r0, r3, #2
1000727a:	eb05 0383 	add.w	r3, r5, r3, lsl #2
1000727e:	6859      	ldr	r1, [r3, #4]
10007280:	582a      	ldr	r2, [r5, r0]
10007282:	688f      	ldr	r7, [r1, #8]
10007284:	3201      	adds	r2, #1
10007286:	60a1      	str	r1, [r4, #8]
10007288:	60e7      	str	r7, [r4, #12]
1000728a:	607e      	str	r6, [r7, #4]
1000728c:	608e      	str	r6, [r1, #8]
1000728e:	6163      	str	r3, [r4, #20]
10007290:	502a      	str	r2, [r5, r0]
10007292:	bdf8      	pop	{r3, r4, r5, r6, r7, pc}
10007294:	2000255c 	.word	0x2000255c
10007298:	20002610 	.word	0x20002610

1000729c <pvTaskIncrementMutexHeldCount>:
1000729c:	4b03      	ldr	r3, [pc, #12]	@ (100072ac <pvTaskIncrementMutexHeldCount+0x10>)
1000729e:	6818      	ldr	r0, [r3, #0]
100072a0:	b110      	cbz	r0, 100072a8 <pvTaskIncrementMutexHeldCount+0xc>
100072a2:	6c83      	ldr	r3, [r0, #72]	@ 0x48
100072a4:	3301      	adds	r3, #1
100072a6:	6483      	str	r3, [r0, #72]	@ 0x48
100072a8:	4770      	bx	lr
100072aa:	bf00      	nop
100072ac:	20002548 	.word	0x20002548

100072b0 <prvTimerTask>:
100072b0:	e92d 4ff0 	stmdb	sp!, {r4, r5, r6, r7, r8, r9, sl, fp, lr}
100072b4:	4fb7      	ldr	r7, [pc, #732]	@ (10007594 <prvTimerTask+0x2e4>)
100072b6:	f8df b2e4 	ldr.w	fp, [pc, #740]	@ 1000759c <prvTimerTask+0x2ec>
100072ba:	f8df 82e4 	ldr.w	r8, [pc, #740]	@ 100075a0 <prvTimerTask+0x2f0>
100072be:	4db6      	ldr	r5, [pc, #728]	@ (10007598 <prvTimerTask+0x2e8>)
100072c0:	b087      	sub	sp, #28
100072c2:	683b      	ldr	r3, [r7, #0]
100072c4:	681c      	ldr	r4, [r3, #0]
100072c6:	2c00      	cmp	r4, #0
100072c8:	f040 811d 	bne.w	10007506 <prvTimerTask+0x256>
100072cc:	f7ff fc5e 	bl	10006b8c <vTaskSuspendAll>
100072d0:	f7ff fd66 	bl	10006da0 <xTaskGetTickCount>
100072d4:	f8db 3000 	ldr.w	r3, [fp]
100072d8:	4681      	mov	r9, r0
100072da:	4283      	cmp	r3, r0
100072dc:	d848      	bhi.n	10007370 <prvTimerTask+0xc0>
100072de:	f8d8 3000 	ldr.w	r3, [r8]
100072e2:	f8cb 0000 	str.w	r0, [fp]
100072e6:	681a      	ldr	r2, [r3, #0]
100072e8:	fab2 f282 	clz	r2, r2
100072ec:	0952      	lsrs	r2, r2, #5
100072ee:	6828      	ldr	r0, [r5, #0]
100072f0:	eba4 0109 	sub.w	r1, r4, r9
100072f4:	f7ff f99c 	bl	10006630 <vQueueWaitForMessageRestricted>
100072f8:	f7ff fc50 	bl	10006b9c <xTaskResumeAll>
100072fc:	2800      	cmp	r0, #0
100072fe:	f000 8124 	beq.w	1000754a <prvTimerTask+0x29a>
10007302:	2300      	movs	r3, #0
10007304:	e9cd 3302 	strd	r3, r3, [sp, #8]
10007308:	e9cd 3304 	strd	r3, r3, [sp, #16]
1000730c:	2200      	movs	r2, #0
1000730e:	6828      	ldr	r0, [r5, #0]
10007310:	a902      	add	r1, sp, #8
10007312:	f7fe fe29 	bl	10005f68 <xQueueReceive>
10007316:	2800      	cmp	r0, #0
10007318:	d0d3      	beq.n	100072c2 <prvTimerTask+0x12>
1000731a:	9b02      	ldr	r3, [sp, #8]
1000731c:	9804      	ldr	r0, [sp, #16]
1000731e:	2b00      	cmp	r3, #0
10007320:	f2c0 80e9 	blt.w	100074f6 <prvTimerTask+0x246>
10007324:	f8dd a010 	ldr.w	sl, [sp, #16]
10007328:	f8da 3014 	ldr.w	r3, [sl, #20]
1000732c:	b11b      	cbz	r3, 10007336 <prvTimerTask+0x86>
1000732e:	f10a 0004 	add.w	r0, sl, #4
10007332:	f000 fba1 	bl	10007a78 <uxListRemove>
10007336:	f7ff fd33 	bl	10006da0 <xTaskGetTickCount>
1000733a:	f8db 3000 	ldr.w	r3, [fp]
1000733e:	9001      	str	r0, [sp, #4]
10007340:	4298      	cmp	r0, r3
10007342:	d343      	bcc.n	100073cc <prvTimerTask+0x11c>
10007344:	e9dd 2301 	ldrd	r2, r3, [sp, #4]
10007348:	3b01      	subs	r3, #1
1000734a:	f8cb 2000 	str.w	r2, [fp]
1000734e:	2b08      	cmp	r3, #8
10007350:	d8dc      	bhi.n	1000730c <prvTimerTask+0x5c>
10007352:	e8df f003 	tbb	[pc, r3]
10007356:	6161      	.short	0x6161
10007358:	61c7a5c0 	.word	0x61c7a5c0
1000735c:	c061      	.short	0xc061
1000735e:	a5          	.byte	0xa5
1000735f:	00          	.byte	0x00
10007360:	f022 0201 	bic.w	r2, r2, #1
10007364:	f88a 2024 	strb.w	r2, [sl, #36]	@ 0x24
10007368:	4650      	mov	r0, sl
1000736a:	f8da 3020 	ldr.w	r3, [sl, #32]
1000736e:	4798      	blx	r3
10007370:	683b      	ldr	r3, [r7, #0]
10007372:	681a      	ldr	r2, [r3, #0]
10007374:	2a00      	cmp	r2, #0
10007376:	f000 80d8 	beq.w	1000752a <prvTimerTask+0x27a>
1000737a:	68da      	ldr	r2, [r3, #12]
1000737c:	f8d2 a00c 	ldr.w	sl, [r2, #12]
10007380:	6814      	ldr	r4, [r2, #0]
10007382:	f10a 0604 	add.w	r6, sl, #4
10007386:	4630      	mov	r0, r6
10007388:	f000 fb76 	bl	10007a78 <uxListRemove>
1000738c:	f89a 2024 	ldrb.w	r2, [sl, #36]	@ 0x24
10007390:	0751      	lsls	r1, r2, #29
10007392:	d5e5      	bpl.n	10007360 <prvTimerTask+0xb0>
10007394:	e003      	b.n	1000739e <prvTimerTask+0xee>
10007396:	4650      	mov	r0, sl
10007398:	f8da 2020 	ldr.w	r2, [sl, #32]
1000739c:	4790      	blx	r2
1000739e:	f8da 2018 	ldr.w	r2, [sl, #24]
100073a2:	f8ca a010 	str.w	sl, [sl, #16]
100073a6:	1911      	adds	r1, r2, r4
100073a8:	18a4      	adds	r4, r4, r2
100073aa:	f8ca 1004 	str.w	r1, [sl, #4]
100073ae:	d3f2      	bcc.n	10007396 <prvTimerTask+0xe6>
100073b0:	4631      	mov	r1, r6
100073b2:	f8d8 0000 	ldr.w	r0, [r8]
100073b6:	f000 fb47 	bl	10007a48 <vListInsert>
100073ba:	e7d5      	b.n	10007368 <prvTimerTask+0xb8>
100073bc:	f021 0101 	bic.w	r1, r1, #1
100073c0:	f889 1024 	strb.w	r1, [r9, #36]	@ 0x24
100073c4:	4648      	mov	r0, r9
100073c6:	f8d9 3020 	ldr.w	r3, [r9, #32]
100073ca:	4798      	blx	r3
100073cc:	683b      	ldr	r3, [r7, #0]
100073ce:	6819      	ldr	r1, [r3, #0]
100073d0:	2900      	cmp	r1, #0
100073d2:	f000 80b4 	beq.w	1000753e <prvTimerTask+0x28e>
100073d6:	68d9      	ldr	r1, [r3, #12]
100073d8:	f8d1 900c 	ldr.w	r9, [r1, #12]
100073dc:	680c      	ldr	r4, [r1, #0]
100073de:	f109 0604 	add.w	r6, r9, #4
100073e2:	4630      	mov	r0, r6
100073e4:	f000 fb48 	bl	10007a78 <uxListRemove>
100073e8:	f899 1024 	ldrb.w	r1, [r9, #36]	@ 0x24
100073ec:	0748      	lsls	r0, r1, #29
100073ee:	d5e5      	bpl.n	100073bc <prvTimerTask+0x10c>
100073f0:	e003      	b.n	100073fa <prvTimerTask+0x14a>
100073f2:	4648      	mov	r0, r9
100073f4:	f8d9 1020 	ldr.w	r1, [r9, #32]
100073f8:	4788      	blx	r1
100073fa:	f8d9 1018 	ldr.w	r1, [r9, #24]
100073fe:	f8c9 9010 	str.w	r9, [r9, #16]
10007402:	1908      	adds	r0, r1, r4
10007404:	1864      	adds	r4, r4, r1
10007406:	f8c9 0004 	str.w	r0, [r9, #4]
1000740a:	d3f2      	bcc.n	100073f2 <prvTimerTask+0x142>
1000740c:	4631      	mov	r1, r6
1000740e:	f8d8 0000 	ldr.w	r0, [r8]
10007412:	f000 fb19 	bl	10007a48 <vListInsert>
10007416:	e7d5      	b.n	100073c4 <prvTimerTask+0x114>
10007418:	f89a 0024 	ldrb.w	r0, [sl, #36]	@ 0x24
1000741c:	9903      	ldr	r1, [sp, #12]
1000741e:	f8da 4018 	ldr.w	r4, [sl, #24]
10007422:	9a01      	ldr	r2, [sp, #4]
10007424:	190b      	adds	r3, r1, r4
10007426:	f040 0601 	orr.w	r6, r0, #1
1000742a:	f88a 6024 	strb.w	r6, [sl, #36]	@ 0x24
1000742e:	bf2c      	ite	cs
10007430:	2601      	movcs	r6, #1
10007432:	2600      	movcc	r6, #0
10007434:	4293      	cmp	r3, r2
10007436:	f8ca 3004 	str.w	r3, [sl, #4]
1000743a:	f8ca a010 	str.w	sl, [sl, #16]
1000743e:	f200 8087 	bhi.w	10007550 <prvTimerTask+0x2a0>
10007442:	1a51      	subs	r1, r2, r1
10007444:	428c      	cmp	r4, r1
10007446:	d83f      	bhi.n	100074c8 <prvTimerTask+0x218>
10007448:	0741      	lsls	r1, r0, #29
1000744a:	d412      	bmi.n	10007472 <prvTimerTask+0x1c2>
1000744c:	f020 0001 	bic.w	r0, r0, #1
10007450:	f88a 0024 	strb.w	r0, [sl, #36]	@ 0x24
10007454:	4650      	mov	r0, sl
10007456:	f8da 3020 	ldr.w	r3, [sl, #32]
1000745a:	4798      	blx	r3
1000745c:	e756      	b.n	1000730c <prvTimerTask+0x5c>
1000745e:	428c      	cmp	r4, r1
10007460:	f200 80c6 	bhi.w	100075f0 <prvTimerTask+0x340>
10007464:	f8da 3020 	ldr.w	r3, [sl, #32]
10007468:	4650      	mov	r0, sl
1000746a:	4798      	blx	r3
1000746c:	4633      	mov	r3, r6
1000746e:	f8da 4018 	ldr.w	r4, [sl, #24]
10007472:	9a01      	ldr	r2, [sp, #4]
10007474:	18e6      	adds	r6, r4, r3
10007476:	bf2c      	ite	cs
10007478:	2001      	movcs	r0, #1
1000747a:	2000      	movcc	r0, #0
1000747c:	42b2      	cmp	r2, r6
1000747e:	eba2 0103 	sub.w	r1, r2, r3
10007482:	f8ca 6004 	str.w	r6, [sl, #4]
10007486:	f8ca a010 	str.w	sl, [sl, #16]
1000748a:	d2e8      	bcs.n	1000745e <prvTimerTask+0x1ae>
1000748c:	429a      	cmp	r2, r3
1000748e:	d201      	bcs.n	10007494 <prvTimerTask+0x1e4>
10007490:	2800      	cmp	r0, #0
10007492:	d0e7      	beq.n	10007464 <prvTimerTask+0x1b4>
10007494:	6838      	ldr	r0, [r7, #0]
10007496:	f10a 0104 	add.w	r1, sl, #4
1000749a:	f000 fad5 	bl	10007a48 <vListInsert>
1000749e:	e7d9      	b.n	10007454 <prvTimerTask+0x1a4>
100074a0:	9903      	ldr	r1, [sp, #12]
100074a2:	9a01      	ldr	r2, [sp, #4]
100074a4:	f89a 3024 	ldrb.w	r3, [sl, #36]	@ 0x24
100074a8:	1888      	adds	r0, r1, r2
100074aa:	f043 0301 	orr.w	r3, r3, #1
100074ae:	4290      	cmp	r0, r2
100074b0:	f88a 3024 	strb.w	r3, [sl, #36]	@ 0x24
100074b4:	f8ca 1018 	str.w	r1, [sl, #24]
100074b8:	f8ca 0004 	str.w	r0, [sl, #4]
100074bc:	f8ca a010 	str.w	sl, [sl, #16]
100074c0:	d84b      	bhi.n	1000755a <prvTimerTask+0x2aa>
100074c2:	2900      	cmp	r1, #0
100074c4:	f43f af22 	beq.w	1000730c <prvTimerTask+0x5c>
100074c8:	f8d8 0000 	ldr.w	r0, [r8]
100074cc:	f10a 0104 	add.w	r1, sl, #4
100074d0:	f000 faba 	bl	10007a48 <vListInsert>
100074d4:	e71a      	b.n	1000730c <prvTimerTask+0x5c>
100074d6:	f89a 3024 	ldrb.w	r3, [sl, #36]	@ 0x24
100074da:	f023 0301 	bic.w	r3, r3, #1
100074de:	f88a 3024 	strb.w	r3, [sl, #36]	@ 0x24
100074e2:	e713      	b.n	1000730c <prvTimerTask+0x5c>
100074e4:	f89a 3024 	ldrb.w	r3, [sl, #36]	@ 0x24
100074e8:	079a      	lsls	r2, r3, #30
100074ea:	d577      	bpl.n	100075dc <prvTimerTask+0x32c>
100074ec:	f023 0301 	bic.w	r3, r3, #1
100074f0:	f88a 3024 	strb.w	r3, [sl, #36]	@ 0x24
100074f4:	e70a      	b.n	1000730c <prvTimerTask+0x5c>
100074f6:	9b03      	ldr	r3, [sp, #12]
100074f8:	9905      	ldr	r1, [sp, #20]
100074fa:	4798      	blx	r3
100074fc:	9b02      	ldr	r3, [sp, #8]
100074fe:	2b00      	cmp	r3, #0
10007500:	f6ff af04 	blt.w	1000730c <prvTimerTask+0x5c>
10007504:	e70e      	b.n	10007324 <prvTimerTask+0x74>
10007506:	68db      	ldr	r3, [r3, #12]
10007508:	681c      	ldr	r4, [r3, #0]
1000750a:	f7ff fb3f 	bl	10006b8c <vTaskSuspendAll>
1000750e:	f7ff fc47 	bl	10006da0 <xTaskGetTickCount>
10007512:	f8db 3000 	ldr.w	r3, [fp]
10007516:	4681      	mov	r9, r0
10007518:	4283      	cmp	r3, r0
1000751a:	f63f af29 	bhi.w	10007370 <prvTimerTask+0xc0>
1000751e:	4284      	cmp	r4, r0
10007520:	f8cb 0000 	str.w	r0, [fp]
10007524:	d91f      	bls.n	10007566 <prvTimerTask+0x2b6>
10007526:	2200      	movs	r2, #0
10007528:	e6e1      	b.n	100072ee <prvTimerTask+0x3e>
1000752a:	f8d8 2000 	ldr.w	r2, [r8]
1000752e:	f8cb 9000 	str.w	r9, [fp]
10007532:	603a      	str	r2, [r7, #0]
10007534:	f8c8 3000 	str.w	r3, [r8]
10007538:	f7ff fb30 	bl	10006b9c <xTaskResumeAll>
1000753c:	e6e1      	b.n	10007302 <prvTimerTask+0x52>
1000753e:	f8d8 1000 	ldr.w	r1, [r8]
10007542:	f8c8 3000 	str.w	r3, [r8]
10007546:	6039      	str	r1, [r7, #0]
10007548:	e6fc      	b.n	10007344 <prvTimerTask+0x94>
1000754a:	f000 f8e9 	bl	10007720 <vPortYield>
1000754e:	e6d8      	b.n	10007302 <prvTimerTask+0x52>
10007550:	4291      	cmp	r1, r2
10007552:	d902      	bls.n	1000755a <prvTimerTask+0x2aa>
10007554:	2e00      	cmp	r6, #0
10007556:	f43f af77 	beq.w	10007448 <prvTimerTask+0x198>
1000755a:	6838      	ldr	r0, [r7, #0]
1000755c:	f10a 0104 	add.w	r1, sl, #4
10007560:	f000 fa72 	bl	10007a48 <vListInsert>
10007564:	e6d2      	b.n	1000730c <prvTimerTask+0x5c>
10007566:	f7ff fb19 	bl	10006b9c <xTaskResumeAll>
1000756a:	683b      	ldr	r3, [r7, #0]
1000756c:	68db      	ldr	r3, [r3, #12]
1000756e:	68de      	ldr	r6, [r3, #12]
10007570:	1d33      	adds	r3, r6, #4
10007572:	4618      	mov	r0, r3
10007574:	9301      	str	r3, [sp, #4]
10007576:	f000 fa7f 	bl	10007a78 <uxListRemove>
1000757a:	f896 2024 	ldrb.w	r2, [r6, #36]	@ 0x24
1000757e:	0753      	lsls	r3, r2, #29
10007580:	d416      	bmi.n	100075b0 <prvTimerTask+0x300>
10007582:	f022 0201 	bic.w	r2, r2, #1
10007586:	f886 2024 	strb.w	r2, [r6, #36]	@ 0x24
1000758a:	4630      	mov	r0, r6
1000758c:	6a33      	ldr	r3, [r6, #32]
1000758e:	4798      	blx	r3
10007590:	e6b7      	b.n	10007302 <prvTimerTask+0x52>
10007592:	bf00      	nop
10007594:	2000254c 	.word	0x2000254c
10007598:	200026c4 	.word	0x200026c4
1000759c:	2000266c 	.word	0x2000266c
100075a0:	20002558 	.word	0x20002558
100075a4:	4281      	cmp	r1, r0
100075a6:	d81d      	bhi.n	100075e4 <prvTimerTask+0x334>
100075a8:	4630      	mov	r0, r6
100075aa:	6a31      	ldr	r1, [r6, #32]
100075ac:	4788      	blx	r1
100075ae:	4654      	mov	r4, sl
100075b0:	69b1      	ldr	r1, [r6, #24]
100075b2:	eba9 0004 	sub.w	r0, r9, r4
100075b6:	eb14 0a01 	adds.w	sl, r4, r1
100075ba:	bf2c      	ite	cs
100075bc:	2301      	movcs	r3, #1
100075be:	2300      	movcc	r3, #0
100075c0:	45ca      	cmp	sl, r9
100075c2:	f8c6 a004 	str.w	sl, [r6, #4]
100075c6:	6136      	str	r6, [r6, #16]
100075c8:	d9ec      	bls.n	100075a4 <prvTimerTask+0x2f4>
100075ca:	454c      	cmp	r4, r9
100075cc:	d901      	bls.n	100075d2 <prvTimerTask+0x322>
100075ce:	2b00      	cmp	r3, #0
100075d0:	d0ea      	beq.n	100075a8 <prvTimerTask+0x2f8>
100075d2:	9901      	ldr	r1, [sp, #4]
100075d4:	6838      	ldr	r0, [r7, #0]
100075d6:	f000 fa37 	bl	10007a48 <vListInsert>
100075da:	e7d6      	b.n	1000758a <prvTimerTask+0x2da>
100075dc:	4650      	mov	r0, sl
100075de:	f000 f85d 	bl	1000769c <vPortFree>
100075e2:	e693      	b.n	1000730c <prvTimerTask+0x5c>
100075e4:	9901      	ldr	r1, [sp, #4]
100075e6:	f8d8 0000 	ldr.w	r0, [r8]
100075ea:	f000 fa2d 	bl	10007a48 <vListInsert>
100075ee:	e7cc      	b.n	1000758a <prvTimerTask+0x2da>
100075f0:	f8d8 0000 	ldr.w	r0, [r8]
100075f4:	f10a 0104 	add.w	r1, sl, #4
100075f8:	f000 fa26 	bl	10007a48 <vListInsert>
100075fc:	e72a      	b.n	10007454 <prvTimerTask+0x1a4>
100075fe:	bf00      	nop

10007600 <xTimerCreateTimerTask>:
10007600:	b5f0      	push	{r4, r5, r6, r7, lr}
10007602:	4c17      	ldr	r4, [pc, #92]	@ (10007660 <xTimerCreateTimerTask+0x60>)
10007604:	b083      	sub	sp, #12
10007606:	f000 f897 	bl	10007738 <vPortEnterCritical>
1000760a:	6825      	ldr	r5, [r4, #0]
1000760c:	b17d      	cbz	r5, 1000762e <xTimerCreateTimerTask+0x2e>
1000760e:	f000 f8a1 	bl	10007754 <vPortExitCritical>
10007612:	6820      	ldr	r0, [r4, #0]
10007614:	b148      	cbz	r0, 1000762a <xTimerCreateTimerTask+0x2a>
10007616:	2403      	movs	r4, #3
10007618:	4812      	ldr	r0, [pc, #72]	@ (10007664 <xTimerCreateTimerTask+0x64>)
1000761a:	2300      	movs	r3, #0
1000761c:	9001      	str	r0, [sp, #4]
1000761e:	2280      	movs	r2, #128	@ 0x80
10007620:	4911      	ldr	r1, [pc, #68]	@ (10007668 <xTimerCreateTimerTask+0x68>)
10007622:	4812      	ldr	r0, [pc, #72]	@ (1000766c <xTimerCreateTimerTask+0x6c>)
10007624:	9400      	str	r4, [sp, #0]
10007626:	f7ff f9cf 	bl	100069c8 <xTaskCreate>
1000762a:	b003      	add	sp, #12
1000762c:	bdf0      	pop	{r4, r5, r6, r7, pc}
1000762e:	4e10      	ldr	r6, [pc, #64]	@ (10007670 <xTimerCreateTimerTask+0x70>)
10007630:	4f10      	ldr	r7, [pc, #64]	@ (10007674 <xTimerCreateTimerTask+0x74>)
10007632:	4630      	mov	r0, r6
10007634:	f000 f9f8 	bl	10007a28 <vListInitialise>
10007638:	4638      	mov	r0, r7
1000763a:	f000 f9f5 	bl	10007a28 <vListInitialise>
1000763e:	4a0e      	ldr	r2, [pc, #56]	@ (10007678 <xTimerCreateTimerTask+0x78>)
10007640:	4b0e      	ldr	r3, [pc, #56]	@ (1000767c <xTimerCreateTimerTask+0x7c>)
10007642:	6017      	str	r7, [r2, #0]
10007644:	2110      	movs	r1, #16
10007646:	462a      	mov	r2, r5
10007648:	200a      	movs	r0, #10
1000764a:	601e      	str	r6, [r3, #0]
1000764c:	f7fe fadc 	bl	10005c08 <xQueueGenericCreate>
10007650:	6020      	str	r0, [r4, #0]
10007652:	2800      	cmp	r0, #0
10007654:	d0db      	beq.n	1000760e <xTimerCreateTimerTask+0xe>
10007656:	490a      	ldr	r1, [pc, #40]	@ (10007680 <xTimerCreateTimerTask+0x80>)
10007658:	f7fe ff2a 	bl	100064b0 <vQueueAddToRegistry>
1000765c:	e7d7      	b.n	1000760e <xTimerCreateTimerTask+0xe>
1000765e:	bf00      	nop
10007660:	200026c4 	.word	0x200026c4
10007664:	200026c8 	.word	0x200026c8
10007668:	10008914 	.word	0x10008914
1000766c:	100072b1 	.word	0x100072b1
10007670:	20002614 	.word	0x20002614
10007674:	20002628 	.word	0x20002628
10007678:	20002558 	.word	0x20002558
1000767c:	2000254c 	.word	0x2000254c
10007680:	1000890c 	.word	0x1000890c

10007684 <pvPortMalloc>:
10007684:	b510      	push	{r4, lr}
10007686:	4604      	mov	r4, r0
10007688:	f7ff fa80 	bl	10006b8c <vTaskSuspendAll>
1000768c:	4620      	mov	r0, r4
1000768e:	f7fa f93b 	bl	10001908 <__wrap_malloc>
10007692:	4604      	mov	r4, r0
10007694:	f7ff fa82 	bl	10006b9c <xTaskResumeAll>
10007698:	4620      	mov	r0, r4
1000769a:	bd10      	pop	{r4, pc}

1000769c <vPortFree>:
1000769c:	b150      	cbz	r0, 100076b4 <vPortFree+0x18>
1000769e:	b510      	push	{r4, lr}
100076a0:	4604      	mov	r4, r0
100076a2:	f7ff fa73 	bl	10006b8c <vTaskSuspendAll>
100076a6:	4620      	mov	r0, r4
100076a8:	f7fa f940 	bl	1000192c <__wrap_free>
100076ac:	e8bd 4010 	ldmia.w	sp!, {r4, lr}
100076b0:	f7ff ba74 	b.w	10006b9c <xTaskResumeAll>
100076b4:	4770      	bx	lr
100076b6:	bf00      	nop

100076b8 <prvTaskExitError>:
100076b8:	2300      	movs	r3, #0
100076ba:	b500      	push	{lr}
100076bc:	b083      	sub	sp, #12
100076be:	9301      	str	r3, [sp, #4]
100076c0:	f000 f944 	bl	1000794c <ulSetInterruptMask>
100076c4:	9b01      	ldr	r3, [sp, #4]
100076c6:	2b00      	cmp	r3, #0
100076c8:	d0fc      	beq.n	100076c4 <prvTaskExitError+0xc>
100076ca:	b003      	add	sp, #12
100076cc:	f85d fb04 	ldr.w	pc, [sp], #4

100076d0 <isr_systick>:
100076d0:	b510      	push	{r4, lr}
100076d2:	f000 f93b 	bl	1000794c <ulSetInterruptMask>
100076d6:	4604      	mov	r4, r0
100076d8:	f7ff fb68 	bl	10006dac <xTaskIncrementTick>
100076dc:	b128      	cbz	r0, 100076ea <isr_systick+0x1a>
100076de:	f04f 23e0 	mov.w	r3, #3758153728	@ 0xe000e000
100076e2:	f04f 5280 	mov.w	r2, #268435456	@ 0x10000000
100076e6:	f8c3 2d04 	str.w	r2, [r3, #3332]	@ 0xd04
100076ea:	4620      	mov	r0, r4
100076ec:	e8bd 4010 	ldmia.w	sp!, {r4, lr}
100076f0:	f000 b938 	b.w	10007964 <vClearInterruptMask>

100076f4 <vPortSetupTimerInterrupt>:
100076f4:	b510      	push	{r4, lr}
100076f6:	2204      	movs	r2, #4
100076f8:	f04f 24e0 	mov.w	r4, #3758153728	@ 0xe000e000
100076fc:	2300      	movs	r3, #0
100076fe:	6122      	str	r2, [r4, #16]
10007700:	2005      	movs	r0, #5
10007702:	61a3      	str	r3, [r4, #24]
10007704:	f7f9 fda2 	bl	1000124c <clock_get_hz>
10007708:	2107      	movs	r1, #7
1000770a:	4b04      	ldr	r3, [pc, #16]	@ (1000771c <vPortSetupTimerInterrupt+0x28>)
1000770c:	fba3 2300 	umull	r2, r3, r3, r0
10007710:	099b      	lsrs	r3, r3, #6
10007712:	3b01      	subs	r3, #1
10007714:	6163      	str	r3, [r4, #20]
10007716:	6121      	str	r1, [r4, #16]
10007718:	bd10      	pop	{r4, pc}
1000771a:	bf00      	nop
1000771c:	10624dd3 	.word	0x10624dd3

10007720 <vPortYield>:
10007720:	f04f 23e0 	mov.w	r3, #3758153728	@ 0xe000e000
10007724:	f04f 5280 	mov.w	r2, #268435456	@ 0x10000000
10007728:	f8c3 2d04 	str.w	r2, [r3, #3332]	@ 0xd04
1000772c:	f3bf 8f4f 	dsb	sy
10007730:	f3bf 8f6f 	isb	sy
10007734:	4770      	bx	lr
10007736:	bf00      	nop

10007738 <vPortEnterCritical>:
10007738:	b508      	push	{r3, lr}
1000773a:	f000 f907 	bl	1000794c <ulSetInterruptMask>
1000773e:	4a04      	ldr	r2, [pc, #16]	@ (10007750 <vPortEnterCritical+0x18>)
10007740:	6813      	ldr	r3, [r2, #0]
10007742:	3301      	adds	r3, #1
10007744:	6013      	str	r3, [r2, #0]
10007746:	f3bf 8f4f 	dsb	sy
1000774a:	f3bf 8f6f 	isb	sy
1000774e:	bd08      	pop	{r3, pc}
10007750:	2000121c 	.word	0x2000121c

10007754 <vPortExitCritical>:
10007754:	4b04      	ldr	r3, [pc, #16]	@ (10007768 <vPortExitCritical+0x14>)
10007756:	681a      	ldr	r2, [r3, #0]
10007758:	3a01      	subs	r2, #1
1000775a:	601a      	str	r2, [r3, #0]
1000775c:	6818      	ldr	r0, [r3, #0]
1000775e:	b100      	cbz	r0, 10007762 <vPortExitCritical+0xe>
10007760:	4770      	bx	lr
10007762:	f000 b8ff 	b.w	10007964 <vClearInterruptMask>
10007766:	bf00      	nop
10007768:	2000121c 	.word	0x2000121c

1000776c <vPortSVCHandler_C>:
1000776c:	6983      	ldr	r3, [r0, #24]
1000776e:	f813 3c02 	ldrb.w	r3, [r3, #-2]
10007772:	2b66      	cmp	r3, #102	@ 0x66
10007774:	d000      	beq.n	10007778 <vPortSVCHandler_C+0xc>
10007776:	4770      	bx	lr
10007778:	f04f 23e0 	mov.w	r3, #3758153728	@ 0xe000e000
1000777c:	f8d3 2d88 	ldr.w	r2, [r3, #3464]	@ 0xd88
10007780:	f442 0270 	orr.w	r2, r2, #15728640	@ 0xf00000
10007784:	f8c3 2d88 	str.w	r2, [r3, #3464]	@ 0xd88
10007788:	f8d3 2f34 	ldr.w	r2, [r3, #3892]	@ 0xf34
1000778c:	f042 4240 	orr.w	r2, r2, #3221225472	@ 0xc0000000
10007790:	f8c3 2f34 	str.w	r2, [r3, #3892]	@ 0xf34
10007794:	f000 b8bc 	b.w	10007910 <vRestoreContextOfFirstTask>

10007798 <pxPortInitialiseStack>:
10007798:	e92d 4ff0 	stmdb	sp!, {r4, r5, r6, r7, r8, r9, sl, fp, lr}
1000779c:	f04f 3e11 	mov.w	lr, #286331153	@ 0x11111111
100077a0:	f04f 7480 	mov.w	r4, #16777216	@ 0x1000000
100077a4:	e940 e309 	strd	lr, r3, [r0, #-36]	@ 0x24
100077a8:	f04f 3307 	mov.w	r3, #117901063	@ 0x7070707
100077ac:	f840 4c04 	str.w	r4, [r0, #-4]
100077b0:	4c16      	ldr	r4, [pc, #88]	@ (1000780c <pxPortInitialiseStack+0x74>)
100077b2:	f840 3c34 	str.w	r3, [r0, #-52]
100077b6:	e940 4203 	strd	r4, r2, [r0, #-12]
100077ba:	f04f 3305 	mov.w	r3, #84215045	@ 0x5050505
100077be:	f04f 3206 	mov.w	r2, #101058054	@ 0x6060606
100077c2:	f04f 3b12 	mov.w	fp, #303174162	@ 0x12121212
100077c6:	e940 320f 	strd	r3, r2, [r0, #-60]	@ 0x3c
100077ca:	f04f 3a03 	mov.w	sl, #50529027	@ 0x3030303
100077ce:	f04f 3902 	mov.w	r9, #33686018	@ 0x2020202
100077d2:	f04f 3801 	mov.w	r8, #16843009	@ 0x1010101
100077d6:	f04f 3710 	mov.w	r7, #269488144	@ 0x10101010
100077da:	f04f 3609 	mov.w	r6, #151587081	@ 0x9090909
100077de:	f04f 3508 	mov.w	r5, #134744072	@ 0x8080808
100077e2:	f04f 3404 	mov.w	r4, #67372036	@ 0x4040404
100077e6:	f06f 0302 	mvn.w	r3, #2
100077ea:	e940 ab05 	strd	sl, fp, [r0, #-20]
100077ee:	e940 8907 	strd	r8, r9, [r0, #-28]
100077f2:	e940 670b 	strd	r6, r7, [r0, #-44]	@ 0x2c
100077f6:	f840 5c30 	str.w	r5, [r0, #-48]
100077fa:	f840 4c40 	str.w	r4, [r0, #-64]
100077fe:	f840 3c44 	str.w	r3, [r0, #-68]
10007802:	f840 1d48 	str.w	r1, [r0, #-72]!
10007806:	e8bd 8ff0 	ldmia.w	sp!, {r4, r5, r6, r7, r8, r9, sl, fp, pc}
1000780a:	bf00      	nop
1000780c:	100076b9 	.word	0x100076b9

10007810 <xPortStartScheduler>:
10007810:	f04f 23e0 	mov.w	r3, #3758153728	@ 0xe000e000
10007814:	f04f 427f 	mov.w	r2, #4278190080	@ 0xff000000
10007818:	2100      	movs	r1, #0
1000781a:	b510      	push	{r4, lr}
1000781c:	b084      	sub	sp, #16
1000781e:	9102      	str	r1, [sp, #8]
10007820:	f8c3 2d1c 	str.w	r2, [r3, #3356]	@ 0xd1c
10007824:	f8d3 3d1c 	ldr.w	r3, [r3, #3356]	@ 0xd1c
10007828:	0e1b      	lsrs	r3, r3, #24
1000782a:	f88d 3007 	strb.w	r3, [sp, #7]
1000782e:	f89d 3007 	ldrb.w	r3, [sp, #7]
10007832:	f89d 3007 	ldrb.w	r3, [sp, #7]
10007836:	061a      	lsls	r2, r3, #24
10007838:	d50c      	bpl.n	10007854 <xPortStartScheduler+0x44>
1000783a:	9b02      	ldr	r3, [sp, #8]
1000783c:	3301      	adds	r3, #1
1000783e:	9302      	str	r3, [sp, #8]
10007840:	f89d 3007 	ldrb.w	r3, [sp, #7]
10007844:	005b      	lsls	r3, r3, #1
10007846:	b2db      	uxtb	r3, r3
10007848:	f88d 3007 	strb.w	r3, [sp, #7]
1000784c:	f89d 3007 	ldrb.w	r3, [sp, #7]
10007850:	061b      	lsls	r3, r3, #24
10007852:	d4f2      	bmi.n	1000783a <xPortStartScheduler+0x2a>
10007854:	9b02      	ldr	r3, [sp, #8]
10007856:	2b08      	cmp	r3, #8
10007858:	d03a      	beq.n	100078d0 <xPortStartScheduler+0xc0>
1000785a:	9a02      	ldr	r2, [sp, #8]
1000785c:	f1c2 0207 	rsb	r2, r2, #7
10007860:	0212      	lsls	r2, r2, #8
10007862:	f402 62e0 	and.w	r2, r2, #1792	@ 0x700
10007866:	f04f 23e0 	mov.w	r3, #3758153728	@ 0xe000e000
1000786a:	2400      	movs	r4, #0
1000786c:	4919      	ldr	r1, [pc, #100]	@ (100078d4 <xPortStartScheduler+0xc4>)
1000786e:	200e      	movs	r0, #14
10007870:	600a      	str	r2, [r1, #0]
10007872:	f8d3 2d20 	ldr.w	r2, [r3, #3360]	@ 0xd20
10007876:	4918      	ldr	r1, [pc, #96]	@ (100078d8 <xPortStartScheduler+0xc8>)
10007878:	f442 027f 	orr.w	r2, r2, #16711680	@ 0xff0000
1000787c:	f8c3 2d20 	str.w	r2, [r3, #3360]	@ 0xd20
10007880:	f8d3 2d20 	ldr.w	r2, [r3, #3360]	@ 0xd20
10007884:	f042 427f 	orr.w	r2, r2, #4278190080	@ 0xff000000
10007888:	f8c3 2d20 	str.w	r2, [r3, #3360]	@ 0xd20
1000788c:	f8c3 4d1c 	str.w	r4, [r3, #3356]	@ 0xd1c
10007890:	f7fe f958 	bl	10005b44 <exception_set_exclusive_handler>
10007894:	4911      	ldr	r1, [pc, #68]	@ (100078dc <xPortStartScheduler+0xcc>)
10007896:	200f      	movs	r0, #15
10007898:	f7fe f954 	bl	10005b44 <exception_set_exclusive_handler>
1000789c:	4910      	ldr	r1, [pc, #64]	@ (100078e0 <xPortStartScheduler+0xd0>)
1000789e:	200b      	movs	r0, #11
100078a0:	f7fe f950 	bl	10005b44 <exception_set_exclusive_handler>
100078a4:	f7ff ff26 	bl	100076f4 <vPortSetupTimerInterrupt>
100078a8:	f04f 4250 	mov.w	r2, #3489660928	@ 0xd0000000
100078ac:	490d      	ldr	r1, [pc, #52]	@ (100078e4 <xPortStartScheduler+0xd4>)
100078ae:	4b0e      	ldr	r3, [pc, #56]	@ (100078e8 <xPortStartScheduler+0xd8>)
100078b0:	600c      	str	r4, [r1, #0]
100078b2:	6812      	ldr	r2, [r2, #0]
100078b4:	701a      	strb	r2, [r3, #0]
100078b6:	f000 f841 	bl	1000793c <vStartFirstTask>
100078ba:	f7ff fa87 	bl	10006dcc <vTaskSwitchContext>
100078be:	9403      	str	r4, [sp, #12]
100078c0:	f000 f844 	bl	1000794c <ulSetInterruptMask>
100078c4:	9b03      	ldr	r3, [sp, #12]
100078c6:	2b00      	cmp	r3, #0
100078c8:	d0fc      	beq.n	100078c4 <xPortStartScheduler+0xb4>
100078ca:	2000      	movs	r0, #0
100078cc:	b004      	add	sp, #16
100078ce:	bd10      	pop	{r4, pc}
100078d0:	2200      	movs	r2, #0
100078d2:	e7c8      	b.n	10007866 <xPortStartScheduler+0x56>
100078d4:	200025e8 	.word	0x200025e8
100078d8:	10007975 	.word	0x10007975
100078dc:	100076d1 	.word	0x100076d1
100078e0:	100079f5 	.word	0x100079f5
100078e4:	2000121c 	.word	0x2000121c
100078e8:	20001219 	.word	0x20001219

100078ec <prvRuntimeInitializer>:
100078ec:	b508      	push	{r3, lr}
100078ee:	f7f8 fe11 	bl	10000514 <next_striped_spin_lock_num>
100078f2:	4b04      	ldr	r3, [pc, #16]	@ (10007904 <prvRuntimeInitializer+0x18>)
100078f4:	4a04      	ldr	r2, [pc, #16]	@ (10007908 <prvRuntimeInitializer+0x1c>)
100078f6:	4403      	add	r3, r0
100078f8:	6013      	str	r3, [r2, #0]
100078fa:	f000 f887 	bl	10007a0c <xEventGroupCreate>
100078fe:	4b03      	ldr	r3, [pc, #12]	@ (1000790c <prvRuntimeInitializer+0x20>)
10007900:	6018      	str	r0, [r3, #0]
10007902:	bd08      	pop	{r3, pc}
10007904:	20001c6c 	.word	0x20001c6c
10007908:	20002544 	.word	0x20002544
1000790c:	20002664 	.word	0x20002664

10007910 <vRestoreContextOfFirstTask>:
10007910:	4a09      	ldr	r2, [pc, #36]	@ (10007938 <vRestoreContextOfFirstTask+0x28>)
10007912:	6811      	ldr	r1, [r2, #0]
10007914:	6808      	ldr	r0, [r1, #0]
10007916:	c806      	ldmia	r0!, {r1, r2}
10007918:	f381 880b 	msr	PSPLIM, r1
1000791c:	2102      	movs	r1, #2
1000791e:	f381 8814 	msr	CONTROL, r1
10007922:	3020      	adds	r0, #32
10007924:	f380 8809 	msr	PSP, r0
10007928:	f3bf 8f6f 	isb	sy
1000792c:	f04f 0000 	mov.w	r0, #0
10007930:	f380 8811 	msr	BASEPRI, r0
10007934:	4710      	bx	r2
10007936:	0000      	.short	0x0000
10007938:	20002548 	.word	0x20002548

1000793c <vStartFirstTask>:
1000793c:	b662      	cpsie	i
1000793e:	b661      	cpsie	f
10007940:	f3bf 8f4f 	dsb	sy
10007944:	f3bf 8f6f 	isb	sy
10007948:	df66      	svc	102	@ 0x66
1000794a:	bf00      	nop

1000794c <ulSetInterruptMask>:
1000794c:	f3ef 8011 	mrs	r0, BASEPRI
10007950:	f04f 0110 	mov.w	r1, #16
10007954:	f381 8811 	msr	BASEPRI, r1
10007958:	f3bf 8f4f 	dsb	sy
1000795c:	f3bf 8f6f 	isb	sy
10007960:	4770      	bx	lr
10007962:	bf00      	nop

10007964 <vClearInterruptMask>:
10007964:	f380 8811 	msr	BASEPRI, r0
10007968:	f3bf 8f4f 	dsb	sy
1000796c:	f3bf 8f6f 	isb	sy
10007970:	4770      	bx	lr
10007972:	bf00      	nop

10007974 <isr_pendsv>:
10007974:	f3ef 8109 	mrs	r1, PSP
10007978:	f01e 0f10 	tst.w	lr, #16
1000797c:	bf08      	it	eq
1000797e:	ed21 8a10 	vstmdbeq	r1!, {s16-s31}
10007982:	f3ef 820b 	mrs	r2, PSPLIM
10007986:	4673      	mov	r3, lr
10007988:	e921 0ffc 	stmdb	r1!, {r2, r3, r4, r5, r6, r7, r8, r9, sl, fp}
1000798c:	fc55 4408 	dcp_pxmd r4, r5
10007990:	fc57 6409 	dcp_pymd r6, r7
10007994:	fc59 840a 	dcp_pefd r8, r9
10007998:	e901 03f0 	stmdb	r1, {r4, r5, r6, r7, r8, r9}
1000799c:	4a14      	ldr	r2, [pc, #80]	@ (100079f0 <isr_pendsv+0x7c>)
1000799e:	6813      	ldr	r3, [r2, #0]
100079a0:	6019      	str	r1, [r3, #0]
100079a2:	f04f 0110 	mov.w	r1, #16
100079a6:	f381 8811 	msr	BASEPRI, r1
100079aa:	f3bf 8f4f 	dsb	sy
100079ae:	f3bf 8f6f 	isb	sy
100079b2:	f7ff fa0b 	bl	10006dcc <vTaskSwitchContext>
100079b6:	f04f 0000 	mov.w	r0, #0
100079ba:	f380 8811 	msr	BASEPRI, r0
100079be:	4a0c      	ldr	r2, [pc, #48]	@ (100079f0 <isr_pendsv+0x7c>)
100079c0:	6811      	ldr	r1, [r2, #0]
100079c2:	6808      	ldr	r0, [r1, #0]
100079c4:	3818      	subs	r0, #24
100079c6:	e8b0 03f0 	ldmia.w	r0!, {r4, r5, r6, r7, r8, r9}
100079ca:	ec45 4400 	dcp_wxmd r4, r5
100079ce:	ec47 6401 	dcp_wymd r6, r7
100079d2:	ec49 8402 	dcp_wefd r8, r9
100079d6:	e8b0 0ffc 	ldmia.w	r0!, {r2, r3, r4, r5, r6, r7, r8, r9, sl, fp}
100079da:	f013 0f10 	tst.w	r3, #16
100079de:	bf08      	it	eq
100079e0:	ecb0 8a10 	vldmiaeq	r0!, {s16-s31}
100079e4:	f382 880b 	msr	PSPLIM, r2
100079e8:	f380 8809 	msr	PSP, r0
100079ec:	4718      	bx	r3
100079ee:	0000      	.short	0x0000
100079f0:	20002548 	.word	0x20002548

100079f4 <isr_svcall>:
100079f4:	f01e 0f04 	tst.w	lr, #4
100079f8:	bf0c      	ite	eq
100079fa:	f3ef 8008 	mrseq	r0, MSP
100079fe:	f3ef 8009 	mrsne	r0, PSP
10007a02:	4901      	ldr	r1, [pc, #4]	@ (10007a08 <isr_svcall+0x14>)
10007a04:	4708      	bx	r1
10007a06:	0000      	.short	0x0000
10007a08:	1000776d 	.word	0x1000776d

10007a0c <xEventGroupCreate>:
10007a0c:	b510      	push	{r4, lr}
10007a0e:	2018      	movs	r0, #24
10007a10:	f7ff fe38 	bl	10007684 <pvPortMalloc>
10007a14:	4604      	mov	r4, r0
10007a16:	b120      	cbz	r0, 10007a22 <xEventGroupCreate+0x16>
10007a18:	2300      	movs	r3, #0
10007a1a:	f840 3b04 	str.w	r3, [r0], #4
10007a1e:	f000 f803 	bl	10007a28 <vListInitialise>
10007a22:	4620      	mov	r0, r4
10007a24:	bd10      	pop	{r4, pc}
10007a26:	bf00      	nop

10007a28 <vListInitialise>:
10007a28:	f04f 31ff 	mov.w	r1, #4294967295
10007a2c:	2200      	movs	r2, #0
10007a2e:	f100 0308 	add.w	r3, r0, #8
10007a32:	e9c0 3101 	strd	r3, r1, [r0, #4]
10007a36:	e9c0 3303 	strd	r3, r3, [r0, #12]
10007a3a:	6002      	str	r2, [r0, #0]
10007a3c:	4770      	bx	lr
10007a3e:	bf00      	nop

10007a40 <vListInitialiseItem>:
10007a40:	2300      	movs	r3, #0
10007a42:	6103      	str	r3, [r0, #16]
10007a44:	4770      	bx	lr
10007a46:	bf00      	nop

10007a48 <vListInsert>:
10007a48:	b430      	push	{r4, r5}
10007a4a:	680d      	ldr	r5, [r1, #0]
10007a4c:	1c6b      	adds	r3, r5, #1
10007a4e:	d010      	beq.n	10007a72 <vListInsert+0x2a>
10007a50:	f100 0308 	add.w	r3, r0, #8
10007a54:	461c      	mov	r4, r3
10007a56:	685b      	ldr	r3, [r3, #4]
10007a58:	681a      	ldr	r2, [r3, #0]
10007a5a:	42aa      	cmp	r2, r5
10007a5c:	d9fa      	bls.n	10007a54 <vListInsert+0xc>
10007a5e:	6802      	ldr	r2, [r0, #0]
10007a60:	604b      	str	r3, [r1, #4]
10007a62:	3201      	adds	r2, #1
10007a64:	6099      	str	r1, [r3, #8]
10007a66:	608c      	str	r4, [r1, #8]
10007a68:	6061      	str	r1, [r4, #4]
10007a6a:	6108      	str	r0, [r1, #16]
10007a6c:	bc30      	pop	{r4, r5}
10007a6e:	6002      	str	r2, [r0, #0]
10007a70:	4770      	bx	lr
10007a72:	6904      	ldr	r4, [r0, #16]
10007a74:	6863      	ldr	r3, [r4, #4]
10007a76:	e7f2      	b.n	10007a5e <vListInsert+0x16>

10007a78 <uxListRemove>:
10007a78:	4603      	mov	r3, r0
10007a7a:	6902      	ldr	r2, [r0, #16]
10007a7c:	b410      	push	{r4}
10007a7e:	6854      	ldr	r4, [r2, #4]
10007a80:	6840      	ldr	r0, [r0, #4]
10007a82:	6899      	ldr	r1, [r3, #8]
10007a84:	429c      	cmp	r4, r3
10007a86:	6081      	str	r1, [r0, #8]
10007a88:	6048      	str	r0, [r1, #4]
10007a8a:	bf08      	it	eq
10007a8c:	6051      	streq	r1, [r2, #4]
10007a8e:	2100      	movs	r1, #0
10007a90:	6810      	ldr	r0, [r2, #0]
10007a92:	f85d 4b04 	ldr.w	r4, [sp], #4
10007a96:	3801      	subs	r0, #1
10007a98:	6119      	str	r1, [r3, #16]
10007a9a:	6010      	str	r0, [r2, #0]
10007a9c:	4770      	bx	lr
10007a9e:	bf00      	nop

10007aa0 <malloc>:
10007aa0:	4b02      	ldr	r3, [pc, #8]	@ (10007aac <malloc+0xc>)
10007aa2:	4601      	mov	r1, r0
10007aa4:	6818      	ldr	r0, [r3, #0]
10007aa6:	f000 b80b 	b.w	10007ac0 <_malloc_r>
10007aaa:	bf00      	nop
10007aac:	20001630 	.word	0x20001630

10007ab0 <free>:
10007ab0:	4b02      	ldr	r3, [pc, #8]	@ (10007abc <free+0xc>)
10007ab2:	4601      	mov	r1, r0
10007ab4:	6818      	ldr	r0, [r3, #0]
10007ab6:	f000 bc43 	b.w	10008340 <_free_r>
10007aba:	bf00      	nop
10007abc:	20001630 	.word	0x20001630

10007ac0 <_malloc_r>:
10007ac0:	f101 030b 	add.w	r3, r1, #11
10007ac4:	2b16      	cmp	r3, #22
10007ac6:	e92d 4ff0 	stmdb	sp!, {r4, r5, r6, r7, r8, r9, sl, fp, lr}
10007aca:	4607      	mov	r7, r0
10007acc:	b083      	sub	sp, #12
10007ace:	d823      	bhi.n	10007b18 <_malloc_r+0x58>
10007ad0:	2910      	cmp	r1, #16
10007ad2:	f200 80af 	bhi.w	10007c34 <_malloc_r+0x174>
10007ad6:	f000 faaf 	bl	10008038 <__malloc_lock>
10007ada:	2510      	movs	r5, #16
10007adc:	2318      	movs	r3, #24
10007ade:	2002      	movs	r0, #2
10007ae0:	4eba      	ldr	r6, [pc, #744]	@ (10007dcc <_malloc_r+0x30c>)
10007ae2:	4433      	add	r3, r6
10007ae4:	685c      	ldr	r4, [r3, #4]
10007ae6:	f1a3 0208 	sub.w	r2, r3, #8
10007aea:	4294      	cmp	r4, r2
10007aec:	f000 8156 	beq.w	10007d9c <_malloc_r+0x2dc>
10007af0:	6863      	ldr	r3, [r4, #4]
10007af2:	4638      	mov	r0, r7
10007af4:	f023 0303 	bic.w	r3, r3, #3
10007af8:	e9d4 1202 	ldrd	r1, r2, [r4, #8]
10007afc:	4423      	add	r3, r4
10007afe:	60ca      	str	r2, [r1, #12]
10007b00:	6091      	str	r1, [r2, #8]
10007b02:	685a      	ldr	r2, [r3, #4]
10007b04:	3408      	adds	r4, #8
10007b06:	f042 0201 	orr.w	r2, r2, #1
10007b0a:	605a      	str	r2, [r3, #4]
10007b0c:	f000 fa9a 	bl	10008044 <__malloc_unlock>
10007b10:	4620      	mov	r0, r4
10007b12:	b003      	add	sp, #12
10007b14:	e8bd 8ff0 	ldmia.w	sp!, {r4, r5, r6, r7, r8, r9, sl, fp, pc}
10007b18:	2b00      	cmp	r3, #0
10007b1a:	f023 0507 	bic.w	r5, r3, #7
10007b1e:	f2c0 8089 	blt.w	10007c34 <_malloc_r+0x174>
10007b22:	42a9      	cmp	r1, r5
10007b24:	f200 8086 	bhi.w	10007c34 <_malloc_r+0x174>
10007b28:	f000 fa86 	bl	10008038 <__malloc_lock>
10007b2c:	f5b5 7ffc 	cmp.w	r5, #504	@ 0x1f8
10007b30:	f0c0 827b 	bcc.w	1000802a <_malloc_r+0x56a>
10007b34:	0a6b      	lsrs	r3, r5, #9
10007b36:	f000 8084 	beq.w	10007c42 <_malloc_r+0x182>
10007b3a:	2b04      	cmp	r3, #4
10007b3c:	f200 8162 	bhi.w	10007e04 <_malloc_r+0x344>
10007b40:	09ab      	lsrs	r3, r5, #6
10007b42:	f103 0039 	add.w	r0, r3, #57	@ 0x39
10007b46:	f103 0e38 	add.w	lr, r3, #56	@ 0x38
10007b4a:	00c3      	lsls	r3, r0, #3
10007b4c:	4e9f      	ldr	r6, [pc, #636]	@ (10007dcc <_malloc_r+0x30c>)
10007b4e:	4433      	add	r3, r6
10007b50:	f1a3 0c08 	sub.w	ip, r3, #8
10007b54:	685c      	ldr	r4, [r3, #4]
10007b56:	45a4      	cmp	ip, r4
10007b58:	d107      	bne.n	10007b6a <_malloc_r+0xaa>
10007b5a:	e00d      	b.n	10007b78 <_malloc_r+0xb8>
10007b5c:	2a00      	cmp	r2, #0
10007b5e:	68e1      	ldr	r1, [r4, #12]
10007b60:	f280 8116 	bge.w	10007d90 <_malloc_r+0x2d0>
10007b64:	458c      	cmp	ip, r1
10007b66:	460c      	mov	r4, r1
10007b68:	d006      	beq.n	10007b78 <_malloc_r+0xb8>
10007b6a:	6863      	ldr	r3, [r4, #4]
10007b6c:	f023 0303 	bic.w	r3, r3, #3
10007b70:	1b5a      	subs	r2, r3, r5
10007b72:	2a0f      	cmp	r2, #15
10007b74:	ddf2      	ble.n	10007b5c <_malloc_r+0x9c>
10007b76:	4670      	mov	r0, lr
10007b78:	f8df 8268 	ldr.w	r8, [pc, #616]	@ 10007de4 <_malloc_r+0x324>
10007b7c:	6934      	ldr	r4, [r6, #16]
10007b7e:	4544      	cmp	r4, r8
10007b80:	f000 80f2 	beq.w	10007d68 <_malloc_r+0x2a8>
10007b84:	6863      	ldr	r3, [r4, #4]
10007b86:	f023 0c03 	bic.w	ip, r3, #3
10007b8a:	ebac 0305 	sub.w	r3, ip, r5
10007b8e:	2b0f      	cmp	r3, #15
10007b90:	f300 8174 	bgt.w	10007e7c <_malloc_r+0x3bc>
10007b94:	2b00      	cmp	r3, #0
10007b96:	e9c6 8804 	strd	r8, r8, [r6, #16]
10007b9a:	f280 8163 	bge.w	10007e64 <_malloc_r+0x3a4>
10007b9e:	f5bc 7f00 	cmp.w	ip, #512	@ 0x200
10007ba2:	f8d6 e004 	ldr.w	lr, [r6, #4]
10007ba6:	f080 80ff 	bcs.w	10007da8 <_malloc_r+0x2e8>
10007baa:	ea4f 03dc 	mov.w	r3, ip, lsr #3
10007bae:	2201      	movs	r2, #1
10007bb0:	ea4f 1c5c 	mov.w	ip, ip, lsr #5
10007bb4:	3301      	adds	r3, #1
10007bb6:	fa02 f20c 	lsl.w	r2, r2, ip
10007bba:	f856 1033 	ldr.w	r1, [r6, r3, lsl #3]
10007bbe:	ea4e 0e02 	orr.w	lr, lr, r2
10007bc2:	eb06 02c3 	add.w	r2, r6, r3, lsl #3
10007bc6:	3a08      	subs	r2, #8
10007bc8:	f8c6 e004 	str.w	lr, [r6, #4]
10007bcc:	e9c4 1202 	strd	r1, r2, [r4, #8]
10007bd0:	f846 4033 	str.w	r4, [r6, r3, lsl #3]
10007bd4:	60cc      	str	r4, [r1, #12]
10007bd6:	1083      	asrs	r3, r0, #2
10007bd8:	f04f 0c01 	mov.w	ip, #1
10007bdc:	fa0c fc03 	lsl.w	ip, ip, r3
10007be0:	45f4      	cmp	ip, lr
10007be2:	d834      	bhi.n	10007c4e <_malloc_r+0x18e>
10007be4:	ea1c 0f0e 	tst.w	ip, lr
10007be8:	d107      	bne.n	10007bfa <_malloc_r+0x13a>
10007bea:	f020 0003 	bic.w	r0, r0, #3
10007bee:	ea4f 0c4c 	mov.w	ip, ip, lsl #1
10007bf2:	3004      	adds	r0, #4
10007bf4:	ea1c 0f0e 	tst.w	ip, lr
10007bf8:	d0f9      	beq.n	10007bee <_malloc_r+0x12e>
10007bfa:	eb06 0ac0 	add.w	sl, r6, r0, lsl #3
10007bfe:	4681      	mov	r9, r0
10007c00:	46d6      	mov	lr, sl
10007c02:	f8de 300c 	ldr.w	r3, [lr, #12]
10007c06:	e00b      	b.n	10007c20 <_malloc_r+0x160>
10007c08:	685a      	ldr	r2, [r3, #4]
10007c0a:	461c      	mov	r4, r3
10007c0c:	68db      	ldr	r3, [r3, #12]
10007c0e:	f022 0203 	bic.w	r2, r2, #3
10007c12:	1b51      	subs	r1, r2, r5
10007c14:	290f      	cmp	r1, #15
10007c16:	f300 8101 	bgt.w	10007e1c <_malloc_r+0x35c>
10007c1a:	2900      	cmp	r1, #0
10007c1c:	f280 8115 	bge.w	10007e4a <_malloc_r+0x38a>
10007c20:	459e      	cmp	lr, r3
10007c22:	d1f1      	bne.n	10007c08 <_malloc_r+0x148>
10007c24:	f109 0901 	add.w	r9, r9, #1
10007c28:	f10e 0e08 	add.w	lr, lr, #8
10007c2c:	f019 0f03 	tst.w	r9, #3
10007c30:	d1e7      	bne.n	10007c02 <_malloc_r+0x142>
10007c32:	e158      	b.n	10007ee6 <_malloc_r+0x426>
10007c34:	230c      	movs	r3, #12
10007c36:	603b      	str	r3, [r7, #0]
10007c38:	2400      	movs	r4, #0
10007c3a:	4620      	mov	r0, r4
10007c3c:	b003      	add	sp, #12
10007c3e:	e8bd 8ff0 	ldmia.w	sp!, {r4, r5, r6, r7, r8, r9, sl, fp, pc}
10007c42:	f44f 7300 	mov.w	r3, #512	@ 0x200
10007c46:	2040      	movs	r0, #64	@ 0x40
10007c48:	f04f 0e3f 	mov.w	lr, #63	@ 0x3f
10007c4c:	e77e      	b.n	10007b4c <_malloc_r+0x8c>
10007c4e:	68b4      	ldr	r4, [r6, #8]
10007c50:	6863      	ldr	r3, [r4, #4]
10007c52:	f023 0903 	bic.w	r9, r3, #3
10007c56:	45a9      	cmp	r9, r5
10007c58:	eba9 0305 	sub.w	r3, r9, r5
10007c5c:	d302      	bcc.n	10007c64 <_malloc_r+0x1a4>
10007c5e:	2b0f      	cmp	r3, #15
10007c60:	f300 8085 	bgt.w	10007d6e <_malloc_r+0x2ae>
10007c64:	4b5a      	ldr	r3, [pc, #360]	@ (10007dd0 <_malloc_r+0x310>)
10007c66:	2008      	movs	r0, #8
10007c68:	681b      	ldr	r3, [r3, #0]
10007c6a:	f103 0810 	add.w	r8, r3, #16
10007c6e:	eb04 0309 	add.w	r3, r4, r9
10007c72:	9300      	str	r3, [sp, #0]
10007c74:	f000 fa56 	bl	10008124 <sysconf>
10007c78:	4a56      	ldr	r2, [pc, #344]	@ (10007dd4 <_malloc_r+0x314>)
10007c7a:	44a8      	add	r8, r5
10007c7c:	4683      	mov	fp, r0
10007c7e:	6813      	ldr	r3, [r2, #0]
10007c80:	3301      	adds	r3, #1
10007c82:	d005      	beq.n	10007c90 <_malloc_r+0x1d0>
10007c84:	f108 38ff 	add.w	r8, r8, #4294967295
10007c88:	4243      	negs	r3, r0
10007c8a:	4480      	add	r8, r0
10007c8c:	ea03 0808 	and.w	r8, r3, r8
10007c90:	4641      	mov	r1, r8
10007c92:	4638      	mov	r0, r7
10007c94:	f000 fa2a 	bl	100080ec <_sbrk_r>
10007c98:	f1b0 3fff 	cmp.w	r0, #4294967295
10007c9c:	4682      	mov	sl, r0
10007c9e:	4a4d      	ldr	r2, [pc, #308]	@ (10007dd4 <_malloc_r+0x314>)
10007ca0:	f000 8107 	beq.w	10007eb2 <_malloc_r+0x3f2>
10007ca4:	eb04 0309 	add.w	r3, r4, r9
10007ca8:	4283      	cmp	r3, r0
10007caa:	f200 8100 	bhi.w	10007eae <_malloc_r+0x3ee>
10007cae:	4b4a      	ldr	r3, [pc, #296]	@ (10007dd8 <_malloc_r+0x318>)
10007cb0:	f10b 3cff 	add.w	ip, fp, #4294967295
10007cb4:	6818      	ldr	r0, [r3, #0]
10007cb6:	4440      	add	r0, r8
10007cb8:	6018      	str	r0, [r3, #0]
10007cba:	f000 8164 	beq.w	10007f86 <_malloc_r+0x4c6>
10007cbe:	6811      	ldr	r1, [r2, #0]
10007cc0:	3101      	adds	r1, #1
10007cc2:	f000 816c 	beq.w	10007f9e <_malloc_r+0x4de>
10007cc6:	eb04 0209 	add.w	r2, r4, r9
10007cca:	ebaa 0202 	sub.w	r2, sl, r2
10007cce:	4402      	add	r2, r0
10007cd0:	601a      	str	r2, [r3, #0]
10007cd2:	f01a 0207 	ands.w	r2, sl, #7
10007cd6:	e9cd 2300 	strd	r2, r3, [sp]
10007cda:	f000 8127 	beq.w	10007f2c <_malloc_r+0x46c>
10007cde:	f1c2 0208 	rsb	r2, r2, #8
10007ce2:	4638      	mov	r0, r7
10007ce4:	4492      	add	sl, r2
10007ce6:	445a      	add	r2, fp
10007ce8:	44d0      	add	r8, sl
10007cea:	ea08 010c 	and.w	r1, r8, ip
10007cee:	1a52      	subs	r2, r2, r1
10007cf0:	ea02 0b0c 	and.w	fp, r2, ip
10007cf4:	4659      	mov	r1, fp
10007cf6:	f000 f9f9 	bl	100080ec <_sbrk_r>
10007cfa:	1c42      	adds	r2, r0, #1
10007cfc:	9b01      	ldr	r3, [sp, #4]
10007cfe:	f000 816a 	beq.w	10007fd6 <_malloc_r+0x516>
10007d02:	eba0 000a 	sub.w	r0, r0, sl
10007d06:	eb00 080b 	add.w	r8, r0, fp
10007d0a:	6818      	ldr	r0, [r3, #0]
10007d0c:	f048 0201 	orr.w	r2, r8, #1
10007d10:	42b4      	cmp	r4, r6
10007d12:	f8c6 a008 	str.w	sl, [r6, #8]
10007d16:	4458      	add	r0, fp
10007d18:	f8ca 2004 	str.w	r2, [sl, #4]
10007d1c:	6018      	str	r0, [r3, #0]
10007d1e:	d017      	beq.n	10007d50 <_malloc_r+0x290>
10007d20:	f1b9 0f0f 	cmp.w	r9, #15
10007d24:	f240 813e 	bls.w	10007fa4 <_malloc_r+0x4e4>
10007d28:	6861      	ldr	r1, [r4, #4]
10007d2a:	f1a9 020c 	sub.w	r2, r9, #12
10007d2e:	f04f 0c05 	mov.w	ip, #5
10007d32:	f022 0207 	bic.w	r2, r2, #7
10007d36:	f001 0101 	and.w	r1, r1, #1
10007d3a:	4311      	orrs	r1, r2
10007d3c:	2a0f      	cmp	r2, #15
10007d3e:	6061      	str	r1, [r4, #4]
10007d40:	eb04 0102 	add.w	r1, r4, r2
10007d44:	e9c1 cc01 	strd	ip, ip, [r1, #4]
10007d48:	f200 814d 	bhi.w	10007fe6 <_malloc_r+0x526>
10007d4c:	f8da 2004 	ldr.w	r2, [sl, #4]
10007d50:	4b22      	ldr	r3, [pc, #136]	@ (10007ddc <_malloc_r+0x31c>)
10007d52:	4654      	mov	r4, sl
10007d54:	6819      	ldr	r1, [r3, #0]
10007d56:	4281      	cmp	r1, r0
10007d58:	bf38      	it	cc
10007d5a:	6018      	strcc	r0, [r3, #0]
10007d5c:	4b20      	ldr	r3, [pc, #128]	@ (10007de0 <_malloc_r+0x320>)
10007d5e:	6819      	ldr	r1, [r3, #0]
10007d60:	4281      	cmp	r1, r0
10007d62:	bf38      	it	cc
10007d64:	6018      	strcc	r0, [r3, #0]
10007d66:	e0a6      	b.n	10007eb6 <_malloc_r+0x3f6>
10007d68:	f8d6 e004 	ldr.w	lr, [r6, #4]
10007d6c:	e733      	b.n	10007bd6 <_malloc_r+0x116>
10007d6e:	1962      	adds	r2, r4, r5
10007d70:	f045 0501 	orr.w	r5, r5, #1
10007d74:	f043 0301 	orr.w	r3, r3, #1
10007d78:	3408      	adds	r4, #8
10007d7a:	f844 5c04 	str.w	r5, [r4, #-4]
10007d7e:	4638      	mov	r0, r7
10007d80:	60b2      	str	r2, [r6, #8]
10007d82:	6053      	str	r3, [r2, #4]
10007d84:	f000 f95e 	bl	10008044 <__malloc_unlock>
10007d88:	4620      	mov	r0, r4
10007d8a:	b003      	add	sp, #12
10007d8c:	e8bd 8ff0 	ldmia.w	sp!, {r4, r5, r6, r7, r8, r9, sl, fp, pc}
10007d90:	68a2      	ldr	r2, [r4, #8]
10007d92:	4423      	add	r3, r4
10007d94:	4638      	mov	r0, r7
10007d96:	60d1      	str	r1, [r2, #12]
10007d98:	608a      	str	r2, [r1, #8]
10007d9a:	e6b2      	b.n	10007b02 <_malloc_r+0x42>
10007d9c:	68dc      	ldr	r4, [r3, #12]
10007d9e:	42a3      	cmp	r3, r4
10007da0:	f47f aea6 	bne.w	10007af0 <_malloc_r+0x30>
10007da4:	3002      	adds	r0, #2
10007da6:	e6e7      	b.n	10007b78 <_malloc_r+0xb8>
10007da8:	f5bc 6f20 	cmp.w	ip, #2560	@ 0xa00
10007dac:	ea4f 225c 	mov.w	r2, ip, lsr #9
10007db0:	d376      	bcc.n	10007ea0 <_malloc_r+0x3e0>
10007db2:	2a14      	cmp	r2, #20
10007db4:	f200 80cd 	bhi.w	10007f52 <_malloc_r+0x492>
10007db8:	f102 035c 	add.w	r3, r2, #92	@ 0x5c
10007dbc:	325b      	adds	r2, #91	@ 0x5b
10007dbe:	00db      	lsls	r3, r3, #3
10007dc0:	18f1      	adds	r1, r6, r3
10007dc2:	58f3      	ldr	r3, [r6, r3]
10007dc4:	3908      	subs	r1, #8
10007dc6:	4299      	cmp	r1, r3
10007dc8:	d111      	bne.n	10007dee <_malloc_r+0x32e>
10007dca:	e0a5      	b.n	10007f18 <_malloc_r+0x458>
10007dcc:	20001228 	.word	0x20001228
10007dd0:	2000198c 	.word	0x2000198c
10007dd4:	20001220 	.word	0x20001220
10007dd8:	2000195c 	.word	0x2000195c
10007ddc:	20001984 	.word	0x20001984
10007de0:	20001988 	.word	0x20001988
10007de4:	20001230 	.word	0x20001230
10007de8:	689b      	ldr	r3, [r3, #8]
10007dea:	4299      	cmp	r1, r3
10007dec:	d004      	beq.n	10007df8 <_malloc_r+0x338>
10007dee:	685a      	ldr	r2, [r3, #4]
10007df0:	f022 0203 	bic.w	r2, r2, #3
10007df4:	4562      	cmp	r2, ip
10007df6:	d8f7      	bhi.n	10007de8 <_malloc_r+0x328>
10007df8:	68d9      	ldr	r1, [r3, #12]
10007dfa:	e9c4 3102 	strd	r3, r1, [r4, #8]
10007dfe:	608c      	str	r4, [r1, #8]
10007e00:	60dc      	str	r4, [r3, #12]
10007e02:	e6e8      	b.n	10007bd6 <_malloc_r+0x116>
10007e04:	2b14      	cmp	r3, #20
10007e06:	d963      	bls.n	10007ed0 <_malloc_r+0x410>
10007e08:	2b54      	cmp	r3, #84	@ 0x54
10007e0a:	f200 80ab 	bhi.w	10007f64 <_malloc_r+0x4a4>
10007e0e:	0b2b      	lsrs	r3, r5, #12
10007e10:	f103 006f 	add.w	r0, r3, #111	@ 0x6f
10007e14:	f103 0e6e 	add.w	lr, r3, #110	@ 0x6e
10007e18:	00c3      	lsls	r3, r0, #3
10007e1a:	e697      	b.n	10007b4c <_malloc_r+0x8c>
10007e1c:	f8d4 c008 	ldr.w	ip, [r4, #8]
10007e20:	4638      	mov	r0, r7
10007e22:	1967      	adds	r7, r4, r5
10007e24:	f045 0501 	orr.w	r5, r5, #1
10007e28:	6065      	str	r5, [r4, #4]
10007e2a:	f8cc 300c 	str.w	r3, [ip, #12]
10007e2e:	f8c3 c008 	str.w	ip, [r3, #8]
10007e32:	f041 0301 	orr.w	r3, r1, #1
10007e36:	e9c6 7704 	strd	r7, r7, [r6, #16]
10007e3a:	e9c7 8802 	strd	r8, r8, [r7, #8]
10007e3e:	607b      	str	r3, [r7, #4]
10007e40:	50a1      	str	r1, [r4, r2]
10007e42:	3408      	adds	r4, #8
10007e44:	f000 f8fe 	bl	10008044 <__malloc_unlock>
10007e48:	e6f7      	b.n	10007c3a <_malloc_r+0x17a>
10007e4a:	4422      	add	r2, r4
10007e4c:	4638      	mov	r0, r7
10007e4e:	6851      	ldr	r1, [r2, #4]
10007e50:	f041 0101 	orr.w	r1, r1, #1
10007e54:	6051      	str	r1, [r2, #4]
10007e56:	f854 2f08 	ldr.w	r2, [r4, #8]!
10007e5a:	60d3      	str	r3, [r2, #12]
10007e5c:	609a      	str	r2, [r3, #8]
10007e5e:	f000 f8f1 	bl	10008044 <__malloc_unlock>
10007e62:	e6ea      	b.n	10007c3a <_malloc_r+0x17a>
10007e64:	44a4      	add	ip, r4
10007e66:	4638      	mov	r0, r7
10007e68:	3408      	adds	r4, #8
10007e6a:	f8dc 3004 	ldr.w	r3, [ip, #4]
10007e6e:	f043 0301 	orr.w	r3, r3, #1
10007e72:	f8cc 3004 	str.w	r3, [ip, #4]
10007e76:	f000 f8e5 	bl	10008044 <__malloc_unlock>
10007e7a:	e6de      	b.n	10007c3a <_malloc_r+0x17a>
10007e7c:	1962      	adds	r2, r4, r5
10007e7e:	f043 0101 	orr.w	r1, r3, #1
10007e82:	f045 0501 	orr.w	r5, r5, #1
10007e86:	4638      	mov	r0, r7
10007e88:	6065      	str	r5, [r4, #4]
10007e8a:	e9c6 2204 	strd	r2, r2, [r6, #16]
10007e8e:	e9c2 8802 	strd	r8, r8, [r2, #8]
10007e92:	6051      	str	r1, [r2, #4]
10007e94:	f844 300c 	str.w	r3, [r4, ip]
10007e98:	3408      	adds	r4, #8
10007e9a:	f000 f8d3 	bl	10008044 <__malloc_unlock>
10007e9e:	e6cc      	b.n	10007c3a <_malloc_r+0x17a>
10007ea0:	ea4f 129c 	mov.w	r2, ip, lsr #6
10007ea4:	f102 0339 	add.w	r3, r2, #57	@ 0x39
10007ea8:	3238      	adds	r2, #56	@ 0x38
10007eaa:	00db      	lsls	r3, r3, #3
10007eac:	e788      	b.n	10007dc0 <_malloc_r+0x300>
10007eae:	42b4      	cmp	r4, r6
10007eb0:	d062      	beq.n	10007f78 <_malloc_r+0x4b8>
10007eb2:	68b4      	ldr	r4, [r6, #8]
10007eb4:	6862      	ldr	r2, [r4, #4]
10007eb6:	f022 0803 	bic.w	r8, r2, #3
10007eba:	45a8      	cmp	r8, r5
10007ebc:	eba8 0305 	sub.w	r3, r8, r5
10007ec0:	d302      	bcc.n	10007ec8 <_malloc_r+0x408>
10007ec2:	2b0f      	cmp	r3, #15
10007ec4:	f73f af53 	bgt.w	10007d6e <_malloc_r+0x2ae>
10007ec8:	4638      	mov	r0, r7
10007eca:	f000 f8bb 	bl	10008044 <__malloc_unlock>
10007ece:	e6b3      	b.n	10007c38 <_malloc_r+0x178>
10007ed0:	f103 005c 	add.w	r0, r3, #92	@ 0x5c
10007ed4:	f103 0e5b 	add.w	lr, r3, #91	@ 0x5b
10007ed8:	00c3      	lsls	r3, r0, #3
10007eda:	e637      	b.n	10007b4c <_malloc_r+0x8c>
10007edc:	f85a 3908 	ldr.w	r3, [sl], #-8
10007ee0:	4553      	cmp	r3, sl
10007ee2:	f040 80a0 	bne.w	10008026 <_malloc_r+0x566>
10007ee6:	f010 0f03 	tst.w	r0, #3
10007eea:	f100 30ff 	add.w	r0, r0, #4294967295
10007eee:	d1f5      	bne.n	10007edc <_malloc_r+0x41c>
10007ef0:	6873      	ldr	r3, [r6, #4]
10007ef2:	ea23 030c 	bic.w	r3, r3, ip
10007ef6:	6073      	str	r3, [r6, #4]
10007ef8:	ea4f 0c4c 	mov.w	ip, ip, lsl #1
10007efc:	f10c 32ff 	add.w	r2, ip, #4294967295
10007f00:	429a      	cmp	r2, r3
10007f02:	d304      	bcc.n	10007f0e <_malloc_r+0x44e>
10007f04:	e6a3      	b.n	10007c4e <_malloc_r+0x18e>
10007f06:	ea4f 0c4c 	mov.w	ip, ip, lsl #1
10007f0a:	f109 0904 	add.w	r9, r9, #4
10007f0e:	ea1c 0f03 	tst.w	ip, r3
10007f12:	d0f8      	beq.n	10007f06 <_malloc_r+0x446>
10007f14:	4648      	mov	r0, r9
10007f16:	e670      	b.n	10007bfa <_malloc_r+0x13a>
10007f18:	1092      	asrs	r2, r2, #2
10007f1a:	f04f 0c01 	mov.w	ip, #1
10007f1e:	fa0c f202 	lsl.w	r2, ip, r2
10007f22:	ea4e 0e02 	orr.w	lr, lr, r2
10007f26:	f8c6 e004 	str.w	lr, [r6, #4]
10007f2a:	e766      	b.n	10007dfa <_malloc_r+0x33a>
10007f2c:	eb0a 0208 	add.w	r2, sl, r8
10007f30:	4638      	mov	r0, r7
10007f32:	ea02 020c 	and.w	r2, r2, ip
10007f36:	ebab 0b02 	sub.w	fp, fp, r2
10007f3a:	ea0b 0b0c 	and.w	fp, fp, ip
10007f3e:	4659      	mov	r1, fp
10007f40:	f000 f8d4 	bl	100080ec <_sbrk_r>
10007f44:	1c43      	adds	r3, r0, #1
10007f46:	9b01      	ldr	r3, [sp, #4]
10007f48:	f47f aedb 	bne.w	10007d02 <_malloc_r+0x242>
10007f4c:	f8dd b000 	ldr.w	fp, [sp]
10007f50:	e6db      	b.n	10007d0a <_malloc_r+0x24a>
10007f52:	2a54      	cmp	r2, #84	@ 0x54
10007f54:	d82a      	bhi.n	10007fac <_malloc_r+0x4ec>
10007f56:	ea4f 321c 	mov.w	r2, ip, lsr #12
10007f5a:	f102 036f 	add.w	r3, r2, #111	@ 0x6f
10007f5e:	326e      	adds	r2, #110	@ 0x6e
10007f60:	00db      	lsls	r3, r3, #3
10007f62:	e72d      	b.n	10007dc0 <_malloc_r+0x300>
10007f64:	f5b3 7faa 	cmp.w	r3, #340	@ 0x154
10007f68:	d82a      	bhi.n	10007fc0 <_malloc_r+0x500>
10007f6a:	0beb      	lsrs	r3, r5, #15
10007f6c:	f103 0078 	add.w	r0, r3, #120	@ 0x78
10007f70:	f103 0e77 	add.w	lr, r3, #119	@ 0x77
10007f74:	00c3      	lsls	r3, r0, #3
10007f76:	e5e9      	b.n	10007b4c <_malloc_r+0x8c>
10007f78:	4b2e      	ldr	r3, [pc, #184]	@ (10008034 <_malloc_r+0x574>)
10007f7a:	f10b 3cff 	add.w	ip, fp, #4294967295
10007f7e:	6818      	ldr	r0, [r3, #0]
10007f80:	4440      	add	r0, r8
10007f82:	6018      	str	r0, [r3, #0]
10007f84:	e69b      	b.n	10007cbe <_malloc_r+0x1fe>
10007f86:	ea1a 0f0c 	tst.w	sl, ip
10007f8a:	f47f ae98 	bne.w	10007cbe <_malloc_r+0x1fe>
10007f8e:	44c8      	add	r8, r9
10007f90:	f8d6 a008 	ldr.w	sl, [r6, #8]
10007f94:	f048 0201 	orr.w	r2, r8, #1
10007f98:	f8ca 2004 	str.w	r2, [sl, #4]
10007f9c:	e6d8      	b.n	10007d50 <_malloc_r+0x290>
10007f9e:	f8c2 a000 	str.w	sl, [r2]
10007fa2:	e696      	b.n	10007cd2 <_malloc_r+0x212>
10007fa4:	2301      	movs	r3, #1
10007fa6:	f8ca 3004 	str.w	r3, [sl, #4]
10007faa:	e78d      	b.n	10007ec8 <_malloc_r+0x408>
10007fac:	f5b2 7faa 	cmp.w	r2, #340	@ 0x154
10007fb0:	d824      	bhi.n	10007ffc <_malloc_r+0x53c>
10007fb2:	ea4f 32dc 	mov.w	r2, ip, lsr #15
10007fb6:	f102 0378 	add.w	r3, r2, #120	@ 0x78
10007fba:	3277      	adds	r2, #119	@ 0x77
10007fbc:	00db      	lsls	r3, r3, #3
10007fbe:	e6ff      	b.n	10007dc0 <_malloc_r+0x300>
10007fc0:	f240 5254 	movw	r2, #1364	@ 0x554
10007fc4:	4293      	cmp	r3, r2
10007fc6:	d824      	bhi.n	10008012 <_malloc_r+0x552>
10007fc8:	0cab      	lsrs	r3, r5, #18
10007fca:	f103 007d 	add.w	r0, r3, #125	@ 0x7d
10007fce:	f103 0e7c 	add.w	lr, r3, #124	@ 0x7c
10007fd2:	00c3      	lsls	r3, r0, #3
10007fd4:	e5ba      	b.n	10007b4c <_malloc_r+0x8c>
10007fd6:	9a00      	ldr	r2, [sp, #0]
10007fd8:	f04f 0b00 	mov.w	fp, #0
10007fdc:	3a08      	subs	r2, #8
10007fde:	4490      	add	r8, r2
10007fe0:	eba8 080a 	sub.w	r8, r8, sl
10007fe4:	e691      	b.n	10007d0a <_malloc_r+0x24a>
10007fe6:	4638      	mov	r0, r7
10007fe8:	f104 0108 	add.w	r1, r4, #8
10007fec:	9300      	str	r3, [sp, #0]
10007fee:	f000 f9a7 	bl	10008340 <_free_r>
10007ff2:	9b00      	ldr	r3, [sp, #0]
10007ff4:	f8d6 a008 	ldr.w	sl, [r6, #8]
10007ff8:	6818      	ldr	r0, [r3, #0]
10007ffa:	e6a7      	b.n	10007d4c <_malloc_r+0x28c>
10007ffc:	f240 5354 	movw	r3, #1364	@ 0x554
10008000:	429a      	cmp	r2, r3
10008002:	d80c      	bhi.n	1000801e <_malloc_r+0x55e>
10008004:	ea4f 429c 	mov.w	r2, ip, lsr #18
10008008:	f102 037d 	add.w	r3, r2, #125	@ 0x7d
1000800c:	327c      	adds	r2, #124	@ 0x7c
1000800e:	00db      	lsls	r3, r3, #3
10008010:	e6d6      	b.n	10007dc0 <_malloc_r+0x300>
10008012:	f44f 737e 	mov.w	r3, #1016	@ 0x3f8
10008016:	207f      	movs	r0, #127	@ 0x7f
10008018:	f04f 0e7e 	mov.w	lr, #126	@ 0x7e
1000801c:	e596      	b.n	10007b4c <_malloc_r+0x8c>
1000801e:	f44f 737e 	mov.w	r3, #1016	@ 0x3f8
10008022:	227e      	movs	r2, #126	@ 0x7e
10008024:	e6cc      	b.n	10007dc0 <_malloc_r+0x300>
10008026:	6873      	ldr	r3, [r6, #4]
10008028:	e766      	b.n	10007ef8 <_malloc_r+0x438>
1000802a:	08e8      	lsrs	r0, r5, #3
1000802c:	f105 0308 	add.w	r3, r5, #8
10008030:	e556      	b.n	10007ae0 <_malloc_r+0x20>
10008032:	bf00      	nop
10008034:	2000195c 	.word	0x2000195c

10008038 <__malloc_lock>:
10008038:	4801      	ldr	r0, [pc, #4]	@ (10008040 <__malloc_lock+0x8>)
1000803a:	f000 b86f 	b.w	1000811c <__retarget_lock_acquire_recursive>
1000803e:	bf00      	nop
10008040:	20001958 	.word	0x20001958

10008044 <__malloc_unlock>:
10008044:	4801      	ldr	r0, [pc, #4]	@ (1000804c <__malloc_unlock+0x8>)
10008046:	f000 b86b 	b.w	10008120 <__retarget_lock_release_recursive>
1000804a:	bf00      	nop
1000804c:	20001958 	.word	0x20001958

10008050 <memset>:
10008050:	0783      	lsls	r3, r0, #30
10008052:	b530      	push	{r4, r5, lr}
10008054:	d046      	beq.n	100080e4 <memset+0x94>
10008056:	1884      	adds	r4, r0, r2
10008058:	4684      	mov	ip, r0
1000805a:	e004      	b.n	10008066 <memset+0x16>
1000805c:	f803 1b01 	strb.w	r1, [r3], #1
10008060:	079d      	lsls	r5, r3, #30
10008062:	d004      	beq.n	1000806e <memset+0x1e>
10008064:	469c      	mov	ip, r3
10008066:	45a4      	cmp	ip, r4
10008068:	4663      	mov	r3, ip
1000806a:	d1f7      	bne.n	1000805c <memset+0xc>
1000806c:	bd30      	pop	{r4, r5, pc}
1000806e:	3a01      	subs	r2, #1
10008070:	4402      	add	r2, r0
10008072:	eba2 020c 	sub.w	r2, r2, ip
10008076:	2a03      	cmp	r2, #3
10008078:	d929      	bls.n	100080ce <memset+0x7e>
1000807a:	b2cc      	uxtb	r4, r1
1000807c:	2a0f      	cmp	r2, #15
1000807e:	eb04 2404 	add.w	r4, r4, r4, lsl #8
10008082:	eb04 4404 	add.w	r4, r4, r4, lsl #16
10008086:	d92f      	bls.n	100080e8 <memset+0x98>
10008088:	f1a2 0c10 	sub.w	ip, r2, #16
1000808c:	f103 0510 	add.w	r5, r3, #16
10008090:	f02c 0c0f 	bic.w	ip, ip, #15
10008094:	44ac      	add	ip, r5
10008096:	e9c3 4400 	strd	r4, r4, [r3]
1000809a:	e9c3 4402 	strd	r4, r4, [r3, #8]
1000809e:	3310      	adds	r3, #16
100080a0:	4563      	cmp	r3, ip
100080a2:	d1f8      	bne.n	10008096 <memset+0x46>
100080a4:	f012 0f0c 	tst.w	r2, #12
100080a8:	f002 0e0f 	and.w	lr, r2, #15
100080ac:	d018      	beq.n	100080e0 <memset+0x90>
100080ae:	f02e 0c03 	bic.w	ip, lr, #3
100080b2:	f1ae 0504 	sub.w	r5, lr, #4
100080b6:	461a      	mov	r2, r3
100080b8:	449c      	add	ip, r3
100080ba:	f842 4b04 	str.w	r4, [r2], #4
100080be:	4562      	cmp	r2, ip
100080c0:	d1fb      	bne.n	100080ba <memset+0x6a>
100080c2:	f025 0403 	bic.w	r4, r5, #3
100080c6:	3304      	adds	r3, #4
100080c8:	f00e 0203 	and.w	r2, lr, #3
100080cc:	4423      	add	r3, r4
100080ce:	2a00      	cmp	r2, #0
100080d0:	d0cc      	beq.n	1000806c <memset+0x1c>
100080d2:	b2c9      	uxtb	r1, r1
100080d4:	441a      	add	r2, r3
100080d6:	f803 1b01 	strb.w	r1, [r3], #1
100080da:	4293      	cmp	r3, r2
100080dc:	d1fb      	bne.n	100080d6 <memset+0x86>
100080de:	bd30      	pop	{r4, r5, pc}
100080e0:	4672      	mov	r2, lr
100080e2:	e7f4      	b.n	100080ce <memset+0x7e>
100080e4:	4603      	mov	r3, r0
100080e6:	e7c6      	b.n	10008076 <memset+0x26>
100080e8:	4696      	mov	lr, r2
100080ea:	e7e0      	b.n	100080ae <memset+0x5e>

100080ec <_sbrk_r>:
100080ec:	b538      	push	{r3, r4, r5, lr}
100080ee:	2200      	movs	r2, #0
100080f0:	4d06      	ldr	r5, [pc, #24]	@ (1000810c <_sbrk_r+0x20>)
100080f2:	4604      	mov	r4, r0
100080f4:	4608      	mov	r0, r1
100080f6:	602a      	str	r2, [r5, #0]
100080f8:	f7fa ff98 	bl	1000302c <_sbrk>
100080fc:	1c43      	adds	r3, r0, #1
100080fe:	d000      	beq.n	10008102 <_sbrk_r+0x16>
10008100:	bd38      	pop	{r3, r4, r5, pc}
10008102:	682b      	ldr	r3, [r5, #0]
10008104:	2b00      	cmp	r3, #0
10008106:	d0fb      	beq.n	10008100 <_sbrk_r+0x14>
10008108:	6023      	str	r3, [r4, #0]
1000810a:	bd38      	pop	{r3, r4, r5, pc}
1000810c:	200020ec 	.word	0x200020ec

10008110 <__errno>:
10008110:	4b01      	ldr	r3, [pc, #4]	@ (10008118 <__errno+0x8>)
10008112:	6818      	ldr	r0, [r3, #0]
10008114:	4770      	bx	lr
10008116:	bf00      	nop
10008118:	20001630 	.word	0x20001630

1000811c <__retarget_lock_acquire_recursive>:
1000811c:	4770      	bx	lr
1000811e:	bf00      	nop

10008120 <__retarget_lock_release_recursive>:
10008120:	4770      	bx	lr
10008122:	bf00      	nop

10008124 <sysconf>:
10008124:	2808      	cmp	r0, #8
10008126:	d102      	bne.n	1000812e <sysconf+0xa>
10008128:	f44f 5080 	mov.w	r0, #4096	@ 0x1000
1000812c:	4770      	bx	lr
1000812e:	b508      	push	{r3, lr}
10008130:	f7ff ffee 	bl	10008110 <__errno>
10008134:	2216      	movs	r2, #22
10008136:	4603      	mov	r3, r0
10008138:	f04f 30ff 	mov.w	r0, #4294967295
1000813c:	601a      	str	r2, [r3, #0]
1000813e:	bd08      	pop	{r3, pc}

10008140 <memcpy>:
10008140:	4684      	mov	ip, r0
10008142:	ea41 0300 	orr.w	r3, r1, r0
10008146:	f013 0303 	ands.w	r3, r3, #3
1000814a:	d149      	bne.n	100081e0 <memcpy+0xa0>
1000814c:	3a40      	subs	r2, #64	@ 0x40
1000814e:	d323      	bcc.n	10008198 <memcpy+0x58>
10008150:	680b      	ldr	r3, [r1, #0]
10008152:	6003      	str	r3, [r0, #0]
10008154:	684b      	ldr	r3, [r1, #4]
10008156:	6043      	str	r3, [r0, #4]
10008158:	688b      	ldr	r3, [r1, #8]
1000815a:	6083      	str	r3, [r0, #8]
1000815c:	68cb      	ldr	r3, [r1, #12]
1000815e:	60c3      	str	r3, [r0, #12]
10008160:	690b      	ldr	r3, [r1, #16]
10008162:	6103      	str	r3, [r0, #16]
10008164:	694b      	ldr	r3, [r1, #20]
10008166:	6143      	str	r3, [r0, #20]
10008168:	698b      	ldr	r3, [r1, #24]
1000816a:	6183      	str	r3, [r0, #24]
1000816c:	69cb      	ldr	r3, [r1, #28]
1000816e:	61c3      	str	r3, [r0, #28]
10008170:	6a0b      	ldr	r3, [r1, #32]
10008172:	6203      	str	r3, [r0, #32]
10008174:	6a4b      	ldr	r3, [r1, #36]	@ 0x24
10008176:	6243      	str	r3, [r0, #36]	@ 0x24
10008178:	6a8b      	ldr	r3, [r1, #40]	@ 0x28
1000817a:	6283      	str	r3, [r0, #40]	@ 0x28
1000817c:	6acb      	ldr	r3, [r1, #44]	@ 0x2c
1000817e:	62c3      	str	r3, [r0, #44]	@ 0x2c
10008180:	6b0b      	ldr	r3, [r1, #48]	@ 0x30
10008182:	6303      	str	r3, [r0, #48]	@ 0x30
10008184:	6b4b      	ldr	r3, [r1, #52]	@ 0x34
10008186:	6343      	str	r3, [r0, #52]	@ 0x34
10008188:	6b8b      	ldr	r3, [r1, #56]	@ 0x38
1000818a:	6383      	str	r3, [r0, #56]	@ 0x38
1000818c:	6bcb      	ldr	r3, [r1, #60]	@ 0x3c
1000818e:	63c3      	str	r3, [r0, #60]	@ 0x3c
10008190:	3040      	adds	r0, #64	@ 0x40
10008192:	3140      	adds	r1, #64	@ 0x40
10008194:	3a40      	subs	r2, #64	@ 0x40
10008196:	d2db      	bcs.n	10008150 <memcpy+0x10>
10008198:	3230      	adds	r2, #48	@ 0x30
1000819a:	d30b      	bcc.n	100081b4 <memcpy+0x74>
1000819c:	680b      	ldr	r3, [r1, #0]
1000819e:	6003      	str	r3, [r0, #0]
100081a0:	684b      	ldr	r3, [r1, #4]
100081a2:	6043      	str	r3, [r0, #4]
100081a4:	688b      	ldr	r3, [r1, #8]
100081a6:	6083      	str	r3, [r0, #8]
100081a8:	68cb      	ldr	r3, [r1, #12]
100081aa:	60c3      	str	r3, [r0, #12]
100081ac:	3010      	adds	r0, #16
100081ae:	3110      	adds	r1, #16
100081b0:	3a10      	subs	r2, #16
100081b2:	d2f3      	bcs.n	1000819c <memcpy+0x5c>
100081b4:	320c      	adds	r2, #12
100081b6:	d305      	bcc.n	100081c4 <memcpy+0x84>
100081b8:	f851 3b04 	ldr.w	r3, [r1], #4
100081bc:	f840 3b04 	str.w	r3, [r0], #4
100081c0:	3a04      	subs	r2, #4
100081c2:	d2f9      	bcs.n	100081b8 <memcpy+0x78>
100081c4:	3204      	adds	r2, #4
100081c6:	d008      	beq.n	100081da <memcpy+0x9a>
100081c8:	07d2      	lsls	r2, r2, #31
100081ca:	bf1c      	itt	ne
100081cc:	f811 3b01 	ldrbne.w	r3, [r1], #1
100081d0:	f800 3b01 	strbne.w	r3, [r0], #1
100081d4:	d301      	bcc.n	100081da <memcpy+0x9a>
100081d6:	880b      	ldrh	r3, [r1, #0]
100081d8:	8003      	strh	r3, [r0, #0]
100081da:	4660      	mov	r0, ip
100081dc:	4770      	bx	lr
100081de:	bf00      	nop
100081e0:	2a08      	cmp	r2, #8
100081e2:	d313      	bcc.n	1000820c <memcpy+0xcc>
100081e4:	078b      	lsls	r3, r1, #30
100081e6:	d0b1      	beq.n	1000814c <memcpy+0xc>
100081e8:	f010 0303 	ands.w	r3, r0, #3
100081ec:	d0ae      	beq.n	1000814c <memcpy+0xc>
100081ee:	f1c3 0304 	rsb	r3, r3, #4
100081f2:	1ad2      	subs	r2, r2, r3
100081f4:	07db      	lsls	r3, r3, #31
100081f6:	bf1c      	itt	ne
100081f8:	f811 3b01 	ldrbne.w	r3, [r1], #1
100081fc:	f800 3b01 	strbne.w	r3, [r0], #1
10008200:	d3a4      	bcc.n	1000814c <memcpy+0xc>
10008202:	f831 3b02 	ldrh.w	r3, [r1], #2
10008206:	f820 3b02 	strh.w	r3, [r0], #2
1000820a:	e79f      	b.n	1000814c <memcpy+0xc>
1000820c:	3a04      	subs	r2, #4
1000820e:	d3d9      	bcc.n	100081c4 <memcpy+0x84>
10008210:	3a01      	subs	r2, #1
10008212:	f811 3b01 	ldrb.w	r3, [r1], #1
10008216:	f800 3b01 	strb.w	r3, [r0], #1
1000821a:	d2f9      	bcs.n	10008210 <memcpy+0xd0>
1000821c:	780b      	ldrb	r3, [r1, #0]
1000821e:	7003      	strb	r3, [r0, #0]
10008220:	784b      	ldrb	r3, [r1, #1]
10008222:	7043      	strb	r3, [r0, #1]
10008224:	788b      	ldrb	r3, [r1, #2]
10008226:	7083      	strb	r3, [r0, #2]
10008228:	4660      	mov	r0, ip
1000822a:	4770      	bx	lr

1000822c <strlen>:
1000822c:	f020 0103 	bic.w	r1, r0, #3
10008230:	f010 0003 	ands.w	r0, r0, #3
10008234:	f1c0 0000 	rsb	r0, r0, #0
10008238:	f851 3b04 	ldr.w	r3, [r1], #4
1000823c:	f100 0c04 	add.w	ip, r0, #4
10008240:	ea4f 0ccc 	mov.w	ip, ip, lsl #3
10008244:	f06f 0200 	mvn.w	r2, #0
10008248:	bf1c      	itt	ne
1000824a:	fa22 f20c 	lsrne.w	r2, r2, ip
1000824e:	4313      	orrne	r3, r2
10008250:	f04f 0c01 	mov.w	ip, #1
10008254:	ea4c 2c0c 	orr.w	ip, ip, ip, lsl #8
10008258:	ea4c 4c0c 	orr.w	ip, ip, ip, lsl #16
1000825c:	eba3 020c 	sub.w	r2, r3, ip
10008260:	ea22 0203 	bic.w	r2, r2, r3
10008264:	ea12 12cc 	ands.w	r2, r2, ip, lsl #7
10008268:	bf04      	itt	eq
1000826a:	f851 3b04 	ldreq.w	r3, [r1], #4
1000826e:	3004      	addeq	r0, #4
10008270:	d0f4      	beq.n	1000825c <strlen+0x30>
10008272:	f1c2 0100 	rsb	r1, r2, #0
10008276:	ea02 0201 	and.w	r2, r2, r1
1000827a:	fab2 f282 	clz	r2, r2
1000827e:	f1c2 021f 	rsb	r2, r2, #31
10008282:	eb00 00d2 	add.w	r0, r0, r2, lsr #3
10008286:	4770      	bx	lr

10008288 <_malloc_trim_r>:
10008288:	e92d 43f8 	stmdb	sp!, {r3, r4, r5, r6, r7, r8, r9, lr}
1000828c:	4606      	mov	r6, r0
1000828e:	f8df 80ac 	ldr.w	r8, [pc, #172]	@ 1000833c <_malloc_trim_r+0xb4>
10008292:	2008      	movs	r0, #8
10008294:	4689      	mov	r9, r1
10008296:	f7ff ff45 	bl	10008124 <sysconf>
1000829a:	4605      	mov	r5, r0
1000829c:	4630      	mov	r0, r6
1000829e:	f7ff fecb 	bl	10008038 <__malloc_lock>
100082a2:	f8d8 3008 	ldr.w	r3, [r8, #8]
100082a6:	685f      	ldr	r7, [r3, #4]
100082a8:	f027 0703 	bic.w	r7, r7, #3
100082ac:	f1a7 0411 	sub.w	r4, r7, #17
100082b0:	eba4 0409 	sub.w	r4, r4, r9
100082b4:	442c      	add	r4, r5
100082b6:	fbb4 f4f5 	udiv	r4, r4, r5
100082ba:	3c01      	subs	r4, #1
100082bc:	fb05 f404 	mul.w	r4, r5, r4
100082c0:	42a5      	cmp	r5, r4
100082c2:	dc08      	bgt.n	100082d6 <_malloc_trim_r+0x4e>
100082c4:	2100      	movs	r1, #0
100082c6:	4630      	mov	r0, r6
100082c8:	f7ff ff10 	bl	100080ec <_sbrk_r>
100082cc:	f8d8 3008 	ldr.w	r3, [r8, #8]
100082d0:	443b      	add	r3, r7
100082d2:	4298      	cmp	r0, r3
100082d4:	d005      	beq.n	100082e2 <_malloc_trim_r+0x5a>
100082d6:	4630      	mov	r0, r6
100082d8:	f7ff feb4 	bl	10008044 <__malloc_unlock>
100082dc:	2000      	movs	r0, #0
100082de:	e8bd 83f8 	ldmia.w	sp!, {r3, r4, r5, r6, r7, r8, r9, pc}
100082e2:	4261      	negs	r1, r4
100082e4:	4630      	mov	r0, r6
100082e6:	f7ff ff01 	bl	100080ec <_sbrk_r>
100082ea:	3001      	adds	r0, #1
100082ec:	d00f      	beq.n	1000830e <_malloc_trim_r+0x86>
100082ee:	1b3f      	subs	r7, r7, r4
100082f0:	4a10      	ldr	r2, [pc, #64]	@ (10008334 <_malloc_trim_r+0xac>)
100082f2:	f8d8 3008 	ldr.w	r3, [r8, #8]
100082f6:	4630      	mov	r0, r6
100082f8:	f047 0701 	orr.w	r7, r7, #1
100082fc:	605f      	str	r7, [r3, #4]
100082fe:	6813      	ldr	r3, [r2, #0]
10008300:	1b1b      	subs	r3, r3, r4
10008302:	6013      	str	r3, [r2, #0]
10008304:	f7ff fe9e 	bl	10008044 <__malloc_unlock>
10008308:	2001      	movs	r0, #1
1000830a:	e8bd 83f8 	ldmia.w	sp!, {r3, r4, r5, r6, r7, r8, r9, pc}
1000830e:	2100      	movs	r1, #0
10008310:	4630      	mov	r0, r6
10008312:	f7ff feeb 	bl	100080ec <_sbrk_r>
10008316:	f8d8 2008 	ldr.w	r2, [r8, #8]
1000831a:	1a83      	subs	r3, r0, r2
1000831c:	2b0f      	cmp	r3, #15
1000831e:	ddda      	ble.n	100082d6 <_malloc_trim_r+0x4e>
10008320:	f043 0301 	orr.w	r3, r3, #1
10008324:	4903      	ldr	r1, [pc, #12]	@ (10008334 <_malloc_trim_r+0xac>)
10008326:	6053      	str	r3, [r2, #4]
10008328:	4b03      	ldr	r3, [pc, #12]	@ (10008338 <_malloc_trim_r+0xb0>)
1000832a:	681b      	ldr	r3, [r3, #0]
1000832c:	1ac0      	subs	r0, r0, r3
1000832e:	6008      	str	r0, [r1, #0]
10008330:	e7d1      	b.n	100082d6 <_malloc_trim_r+0x4e>
10008332:	bf00      	nop
10008334:	2000195c 	.word	0x2000195c
10008338:	20001220 	.word	0x20001220
1000833c:	20001228 	.word	0x20001228

10008340 <_free_r>:
10008340:	2900      	cmp	r1, #0
10008342:	d05a      	beq.n	100083fa <_free_r+0xba>
10008344:	b5f8      	push	{r3, r4, r5, r6, r7, lr}
10008346:	460c      	mov	r4, r1
10008348:	4607      	mov	r7, r0
1000834a:	f7ff fe75 	bl	10008038 <__malloc_lock>
1000834e:	4d73      	ldr	r5, [pc, #460]	@ (1000851c <_free_r+0x1dc>)
10008350:	f854 cc04 	ldr.w	ip, [r4, #-4]
10008354:	f1a4 0208 	sub.w	r2, r4, #8
10008358:	68a8      	ldr	r0, [r5, #8]
1000835a:	f02c 0301 	bic.w	r3, ip, #1
1000835e:	f00c 0e01 	and.w	lr, ip, #1
10008362:	18d1      	adds	r1, r2, r3
10008364:	684e      	ldr	r6, [r1, #4]
10008366:	4288      	cmp	r0, r1
10008368:	f026 0603 	bic.w	r6, r6, #3
1000836c:	d07c      	beq.n	10008468 <_free_r+0x128>
1000836e:	1988      	adds	r0, r1, r6
10008370:	604e      	str	r6, [r1, #4]
10008372:	6840      	ldr	r0, [r0, #4]
10008374:	f000 0001 	and.w	r0, r0, #1
10008378:	f1be 0f00 	cmp.w	lr, #0
1000837c:	d12e      	bne.n	100083dc <_free_r+0x9c>
1000837e:	f854 4c08 	ldr.w	r4, [r4, #-8]
10008382:	f105 0c08 	add.w	ip, r5, #8
10008386:	1b12      	subs	r2, r2, r4
10008388:	4423      	add	r3, r4
1000838a:	6894      	ldr	r4, [r2, #8]
1000838c:	4564      	cmp	r4, ip
1000838e:	d060      	beq.n	10008452 <_free_r+0x112>
10008390:	f8d2 e00c 	ldr.w	lr, [r2, #12]
10008394:	f8c4 e00c 	str.w	lr, [r4, #12]
10008398:	f8ce 4008 	str.w	r4, [lr, #8]
1000839c:	2800      	cmp	r0, #0
1000839e:	d07d      	beq.n	1000849c <_free_r+0x15c>
100083a0:	f043 0001 	orr.w	r0, r3, #1
100083a4:	6050      	str	r0, [r2, #4]
100083a6:	600b      	str	r3, [r1, #0]
100083a8:	f5b3 7f00 	cmp.w	r3, #512	@ 0x200
100083ac:	d22e      	bcs.n	1000840c <_free_r+0xcc>
100083ae:	0958      	lsrs	r0, r3, #5
100083b0:	08d9      	lsrs	r1, r3, #3
100083b2:	2301      	movs	r3, #1
100083b4:	4083      	lsls	r3, r0
100083b6:	6868      	ldr	r0, [r5, #4]
100083b8:	3101      	adds	r1, #1
100083ba:	4303      	orrs	r3, r0
100083bc:	f855 0031 	ldr.w	r0, [r5, r1, lsl #3]
100083c0:	606b      	str	r3, [r5, #4]
100083c2:	eb05 03c1 	add.w	r3, r5, r1, lsl #3
100083c6:	3b08      	subs	r3, #8
100083c8:	e9c2 0302 	strd	r0, r3, [r2, #8]
100083cc:	f845 2031 	str.w	r2, [r5, r1, lsl #3]
100083d0:	60c2      	str	r2, [r0, #12]
100083d2:	4638      	mov	r0, r7
100083d4:	e8bd 40f8 	ldmia.w	sp!, {r3, r4, r5, r6, r7, lr}
100083d8:	f7ff be34 	b.w	10008044 <__malloc_unlock>
100083dc:	b970      	cbnz	r0, 100083fc <_free_r+0xbc>
100083de:	4433      	add	r3, r6
100083e0:	f105 0c08 	add.w	ip, r5, #8
100083e4:	6888      	ldr	r0, [r1, #8]
100083e6:	f043 0401 	orr.w	r4, r3, #1
100083ea:	4560      	cmp	r0, ip
100083ec:	d06e      	beq.n	100084cc <_free_r+0x18c>
100083ee:	68c9      	ldr	r1, [r1, #12]
100083f0:	60c1      	str	r1, [r0, #12]
100083f2:	6088      	str	r0, [r1, #8]
100083f4:	6054      	str	r4, [r2, #4]
100083f6:	50d3      	str	r3, [r2, r3]
100083f8:	e7d6      	b.n	100083a8 <_free_r+0x68>
100083fa:	4770      	bx	lr
100083fc:	f04c 0101 	orr.w	r1, ip, #1
10008400:	f5b3 7f00 	cmp.w	r3, #512	@ 0x200
10008404:	f844 1c04 	str.w	r1, [r4, #-4]
10008408:	50d3      	str	r3, [r2, r3]
1000840a:	d3d0      	bcc.n	100083ae <_free_r+0x6e>
1000840c:	f5b3 6f20 	cmp.w	r3, #2560	@ 0xa00
10008410:	ea4f 2153 	mov.w	r1, r3, lsr #9
10008414:	d244      	bcs.n	100084a0 <_free_r+0x160>
10008416:	0999      	lsrs	r1, r3, #6
10008418:	f101 0039 	add.w	r0, r1, #57	@ 0x39
1000841c:	f101 0438 	add.w	r4, r1, #56	@ 0x38
10008420:	00c1      	lsls	r1, r0, #3
10008422:	1868      	adds	r0, r5, r1
10008424:	5869      	ldr	r1, [r5, r1]
10008426:	3808      	subs	r0, #8
10008428:	4288      	cmp	r0, r1
1000842a:	d103      	bne.n	10008434 <_free_r+0xf4>
1000842c:	e055      	b.n	100084da <_free_r+0x19a>
1000842e:	6889      	ldr	r1, [r1, #8]
10008430:	4288      	cmp	r0, r1
10008432:	d004      	beq.n	1000843e <_free_r+0xfe>
10008434:	684c      	ldr	r4, [r1, #4]
10008436:	f024 0403 	bic.w	r4, r4, #3
1000843a:	429c      	cmp	r4, r3
1000843c:	d8f7      	bhi.n	1000842e <_free_r+0xee>
1000843e:	68c8      	ldr	r0, [r1, #12]
10008440:	e9c2 1002 	strd	r1, r0, [r2, #8]
10008444:	6082      	str	r2, [r0, #8]
10008446:	4638      	mov	r0, r7
10008448:	60ca      	str	r2, [r1, #12]
1000844a:	e8bd 40f8 	ldmia.w	sp!, {r3, r4, r5, r6, r7, lr}
1000844e:	f7ff bdf9 	b.w	10008044 <__malloc_unlock>
10008452:	bb80      	cbnz	r0, 100084b6 <_free_r+0x176>
10008454:	441e      	add	r6, r3
10008456:	e9d1 1302 	ldrd	r1, r3, [r1, #8]
1000845a:	60cb      	str	r3, [r1, #12]
1000845c:	6099      	str	r1, [r3, #8]
1000845e:	f046 0301 	orr.w	r3, r6, #1
10008462:	6053      	str	r3, [r2, #4]
10008464:	5196      	str	r6, [r2, r6]
10008466:	e7b4      	b.n	100083d2 <_free_r+0x92>
10008468:	441e      	add	r6, r3
1000846a:	f1be 0f00 	cmp.w	lr, #0
1000846e:	d107      	bne.n	10008480 <_free_r+0x140>
10008470:	f854 3c08 	ldr.w	r3, [r4, #-8]
10008474:	1ad2      	subs	r2, r2, r3
10008476:	441e      	add	r6, r3
10008478:	e9d2 1302 	ldrd	r1, r3, [r2, #8]
1000847c:	60cb      	str	r3, [r1, #12]
1000847e:	6099      	str	r1, [r3, #8]
10008480:	f046 0301 	orr.w	r3, r6, #1
10008484:	6053      	str	r3, [r2, #4]
10008486:	4b26      	ldr	r3, [pc, #152]	@ (10008520 <_free_r+0x1e0>)
10008488:	60aa      	str	r2, [r5, #8]
1000848a:	681b      	ldr	r3, [r3, #0]
1000848c:	42b3      	cmp	r3, r6
1000848e:	d8a0      	bhi.n	100083d2 <_free_r+0x92>
10008490:	4b24      	ldr	r3, [pc, #144]	@ (10008524 <_free_r+0x1e4>)
10008492:	4638      	mov	r0, r7
10008494:	6819      	ldr	r1, [r3, #0]
10008496:	f7ff fef7 	bl	10008288 <_malloc_trim_r>
1000849a:	e79a      	b.n	100083d2 <_free_r+0x92>
1000849c:	4433      	add	r3, r6
1000849e:	e7a1      	b.n	100083e4 <_free_r+0xa4>
100084a0:	2914      	cmp	r1, #20
100084a2:	d90d      	bls.n	100084c0 <_free_r+0x180>
100084a4:	2954      	cmp	r1, #84	@ 0x54
100084a6:	d81f      	bhi.n	100084e8 <_free_r+0x1a8>
100084a8:	0b19      	lsrs	r1, r3, #12
100084aa:	f101 006f 	add.w	r0, r1, #111	@ 0x6f
100084ae:	f101 046e 	add.w	r4, r1, #110	@ 0x6e
100084b2:	00c1      	lsls	r1, r0, #3
100084b4:	e7b5      	b.n	10008422 <_free_r+0xe2>
100084b6:	f043 0001 	orr.w	r0, r3, #1
100084ba:	6050      	str	r0, [r2, #4]
100084bc:	600b      	str	r3, [r1, #0]
100084be:	e788      	b.n	100083d2 <_free_r+0x92>
100084c0:	f101 005c 	add.w	r0, r1, #92	@ 0x5c
100084c4:	f101 045b 	add.w	r4, r1, #91	@ 0x5b
100084c8:	00c1      	lsls	r1, r0, #3
100084ca:	e7aa      	b.n	10008422 <_free_r+0xe2>
100084cc:	e9c5 2204 	strd	r2, r2, [r5, #16]
100084d0:	e9c2 cc02 	strd	ip, ip, [r2, #8]
100084d4:	6054      	str	r4, [r2, #4]
100084d6:	50d3      	str	r3, [r2, r3]
100084d8:	e77b      	b.n	100083d2 <_free_r+0x92>
100084da:	10a4      	asrs	r4, r4, #2
100084dc:	2301      	movs	r3, #1
100084de:	40a3      	lsls	r3, r4
100084e0:	686c      	ldr	r4, [r5, #4]
100084e2:	4323      	orrs	r3, r4
100084e4:	606b      	str	r3, [r5, #4]
100084e6:	e7ab      	b.n	10008440 <_free_r+0x100>
100084e8:	f5b1 7faa 	cmp.w	r1, #340	@ 0x154
100084ec:	d806      	bhi.n	100084fc <_free_r+0x1bc>
100084ee:	0bd9      	lsrs	r1, r3, #15
100084f0:	f101 0078 	add.w	r0, r1, #120	@ 0x78
100084f4:	f101 0477 	add.w	r4, r1, #119	@ 0x77
100084f8:	00c1      	lsls	r1, r0, #3
100084fa:	e792      	b.n	10008422 <_free_r+0xe2>
100084fc:	f240 5054 	movw	r0, #1364	@ 0x554
10008500:	4281      	cmp	r1, r0
10008502:	d806      	bhi.n	10008512 <_free_r+0x1d2>
10008504:	0c99      	lsrs	r1, r3, #18
10008506:	f101 007d 	add.w	r0, r1, #125	@ 0x7d
1000850a:	f101 047c 	add.w	r4, r1, #124	@ 0x7c
1000850e:	00c1      	lsls	r1, r0, #3
10008510:	e787      	b.n	10008422 <_free_r+0xe2>
10008512:	f44f 717e 	mov.w	r1, #1016	@ 0x3f8
10008516:	247e      	movs	r4, #126	@ 0x7e
10008518:	e783      	b.n	10008422 <_free_r+0xe2>
1000851a:	bf00      	nop
1000851c:	20001228 	.word	0x20001228
10008520:	20001224 	.word	0x20001224
10008524:	2000198c 	.word	0x2000198c

10008528 <_fini>:
10008528:	b5f8      	push	{r3, r4, r5, r6, r7, lr}
1000852a:	bf00      	nop
1000852c:	0000      	movs	r0, r0
	...

10008530 <__reset_non_control_endpoints_veneer>:
10008530:	f85f f000 	ldr.w	pc, [pc]	@ 10008534 <__reset_non_control_endpoints_veneer+0x4>
10008534:	200002a9 	.word	0x200002a9

10008538 <__e15_is_bulkin_ep_veneer>:
10008538:	f85f f000 	ldr.w	pc, [pc]	@ 1000853c <__e15_is_bulkin_ep_veneer+0x4>
1000853c:	20000a6d 	.word	0x20000a6d

10008540 <__mutex_enter_timeout_ms_veneer>:
10008540:	f85f f000 	ldr.w	pc, [pc]	@ 10008544 <__mutex_enter_timeout_ms_veneer+0x4>
10008544:	20000235 	.word	0x20000235

10008548 <__hw_endpoint_start_next_buffer_veneer>:
10008548:	f85f f000 	ldr.w	pc, [pc]	@ 1000854c <__hw_endpoint_start_next_buffer_veneer+0x4>
1000854c:	20000b0d 	.word	0x20000b0d

10008550 <__e15_is_critical_frame_period_veneer>:
10008550:	f85f f000 	ldr.w	pc, [pc]	@ 10008554 <__e15_is_critical_frame_period_veneer+0x4>
10008554:	20000a95 	.word	0x20000a95

10008558 <____aeabi_uldivmod_veneer>:
10008558:	f85f f000 	ldr.w	pc, [pc]	@ 1000855c <____aeabi_uldivmod_veneer+0x4>
1000855c:	20000dd1 	.word	0x20000dd1

10008560 <__mutex_exit_veneer>:
10008560:	f85f f000 	ldr.w	pc, [pc]	@ 10008564 <__mutex_exit_veneer+0x4>
10008564:	2000026d 	.word	0x2000026d

10008568 <___hw_endpoint_buffer_control_update32_veneer>:
10008568:	f85f f000 	ldr.w	pc, [pc]	@ 1000856c <___hw_endpoint_buffer_control_update32_veneer+0x4>
1000856c:	20000ac9 	.word	0x20000ac9

10008570 <__mutex_try_enter_block_until_veneer>:
10008570:	f85f f000 	ldr.w	pc, [pc]	@ 10008574 <__mutex_try_enter_block_until_veneer+0x4>
10008574:	200001cd 	.word	0x200001cd

10008578 <__mutex_try_enter_veneer>:
10008578:	f85f f000 	ldr.w	pc, [pc]	@ 1000857c <__mutex_try_enter_veneer+0x4>
1000857c:	20000111 	.word	0x20000111

10008580 <__pre_init_runtime_init_bootrom_reset>:
10008580:	10001519                                ....

10008584 <__pre_init_runtime_init_early_resets>:
10008584:	1000148d                                ....

10008588 <__pre_init_runtime_init_usb_power_down>:
10008588:	100014c1                                ....

1000858c <__pre_init_runtime_init_clocks>:
1000858c:	10001565                                e...

10008590 <__pre_init_runtime_init_post_clock_resets>:
10008590:	100014f9                                ....

10008594 <__pre_init_runtime_init_boot_locks_reset>:
10008594:	10001411                                ....

10008598 <__pre_init_runtime_init_spin_locks_reset>:
10008598:	10001541                                A...

1000859c <__pre_init_runtime_init_bootrom_locking_enable>:
1000859c:	100013fd                                ....

100085a0 <__pre_init_runtime_init_mutex>:
100085a0:	10000971                                q...

100085a4 <__pre_init_runtime_init_install_ram_vector_table>:
100085a4:	10001545                                E...

100085a8 <__pre_init_runtime_init_default_alarm_pool>:
100085a8:	10000d31                                1...

100085ac <__pre_init_first_per_core_initializer>:
100085ac:	1000145d                                ]...

100085b0 <__pre_init_runtime_init_per_core_bootrom_reset>:
100085b0:	1000152d                                -...

100085b4 <__pre_init_runtime_init_per_core_enable_coprocessors>:
100085b4:	100014dd                                ....

100085b8 <__pre_init_spinlock_set_extexclall>:
100085b8:	1000054d                                M...

100085bc <__pre_init_runtime_init_per_core_irq_priorities>:
100085bc:	10000575                                u...

100085c0 <__frame_dummy_init_array_entry>:
100085c0:	10000219 100039d9 100078ed              .....9...x..

Disassembly of section .data:

20000110 <mutex_try_enter>:
20000110:	4603      	mov	r3, r0
20000112:	b500      	push	{lr}
20000114:	6802      	ldr	r2, [r0, #0]
20000116:	f3ef 8c10 	mrs	ip, PRIMASK
2000011a:	b672      	cpsid	i
2000011c:	e8d2 efcf 	ldaexb	lr, [r2]
20000120:	2001      	movs	r0, #1
20000122:	f1be 0f00 	cmp.w	lr, #0
20000126:	d1f9      	bne.n	2000011c <mutex_try_enter+0xc>
20000128:	e8c2 0f4e 	strexb	lr, r0, [r2]
2000012c:	f1be 0f00 	cmp.w	lr, #0
20000130:	d1f4      	bne.n	2000011c <mutex_try_enter+0xc>
20000132:	f3bf 8f5f 	dmb	sy
20000136:	f993 2004 	ldrsb.w	r2, [r3, #4]
2000013a:	2a00      	cmp	r2, #0
2000013c:	db0a      	blt.n	20000154 <mutex_try_enter+0x44>
2000013e:	b101      	cbz	r1, 20000142 <mutex_try_enter+0x32>
20000140:	600a      	str	r2, [r1, #0]
20000142:	2000      	movs	r0, #0
20000144:	2200      	movs	r2, #0
20000146:	681b      	ldr	r3, [r3, #0]
20000148:	e8c3 2f8f 	stlb	r2, [r3]
2000014c:	f38c 8810 	msr	PRIMASK, ip
20000150:	f85d fb04 	ldr.w	pc, [sp], #4
20000154:	f04f 4250 	mov.w	r2, #3489660928	@ 0xd0000000
20000158:	6812      	ldr	r2, [r2, #0]
2000015a:	2001      	movs	r0, #1
2000015c:	711a      	strb	r2, [r3, #4]
2000015e:	e7f1      	b.n	20000144 <mutex_try_enter+0x34>

20000160 <mutex_enter_block_until>:
20000160:	f04f 4150 	mov.w	r1, #3489660928	@ 0xd0000000
20000164:	e92d 41f0 	stmdb	sp!, {r4, r5, r6, r7, r8, lr}
20000168:	2700      	movs	r7, #0
2000016a:	4604      	mov	r4, r0
2000016c:	4616      	mov	r6, r2
2000016e:	461d      	mov	r5, r3
20000170:	f8d1 8000 	ldr.w	r8, [r1]
20000174:	e008      	b.n	20000188 <mutex_enter_block_until+0x28>
20000176:	e8c1 7f8f 	stlb	r7, [r1]
2000017a:	f38c 8810 	msr	PRIMASK, ip
2000017e:	4630      	mov	r0, r6
20000180:	4629      	mov	r1, r5
20000182:	f000 fff1 	bl	20001168 <__best_effort_wfe_or_timeout_veneer>
20000186:	b9e8      	cbnz	r0, 200001c4 <mutex_enter_block_until+0x64>
20000188:	6821      	ldr	r1, [r4, #0]
2000018a:	f3ef 8c10 	mrs	ip, PRIMASK
2000018e:	b672      	cpsid	i
20000190:	e8d1 2fcf 	ldaexb	r2, [r1]
20000194:	2301      	movs	r3, #1
20000196:	2a00      	cmp	r2, #0
20000198:	d1fa      	bne.n	20000190 <mutex_enter_block_until+0x30>
2000019a:	e8c1 3f42 	strexb	r2, r3, [r1]
2000019e:	2a00      	cmp	r2, #0
200001a0:	d1f6      	bne.n	20000190 <mutex_enter_block_until+0x30>
200001a2:	f3bf 8f5f 	dmb	sy
200001a6:	f994 3004 	ldrsb.w	r3, [r4, #4]
200001aa:	6821      	ldr	r1, [r4, #0]
200001ac:	2b00      	cmp	r3, #0
200001ae:	dae2      	bge.n	20000176 <mutex_enter_block_until+0x16>
200001b0:	2300      	movs	r3, #0
200001b2:	f884 8004 	strb.w	r8, [r4, #4]
200001b6:	e8c1 3f8f 	stlb	r3, [r1]
200001ba:	f38c 8810 	msr	PRIMASK, ip
200001be:	2001      	movs	r0, #1
200001c0:	e8bd 81f0 	ldmia.w	sp!, {r4, r5, r6, r7, r8, pc}
200001c4:	2000      	movs	r0, #0
200001c6:	e8bd 81f0 	ldmia.w	sp!, {r4, r5, r6, r7, r8, pc}
200001ca:	bf00      	nop

200001cc <mutex_try_enter_block_until>:
200001cc:	b530      	push	{r4, r5, lr}
200001ce:	6804      	ldr	r4, [r0, #0]
200001d0:	f3ef 8c10 	mrs	ip, PRIMASK
200001d4:	b672      	cpsid	i
200001d6:	e8d4 efcf 	ldaexb	lr, [r4]
200001da:	2501      	movs	r5, #1
200001dc:	f1be 0f00 	cmp.w	lr, #0
200001e0:	d1f9      	bne.n	200001d6 <mutex_try_enter_block_until+0xa>
200001e2:	e8c4 5f4e 	strexb	lr, r5, [r4]
200001e6:	f1be 0f00 	cmp.w	lr, #0
200001ea:	d1f4      	bne.n	200001d6 <mutex_try_enter_block_until+0xa>
200001ec:	f3bf 8f5f 	dmb	sy
200001f0:	f990 4004 	ldrsb.w	r4, [r0, #4]
200001f4:	6805      	ldr	r5, [r0, #0]
200001f6:	2c00      	cmp	r4, #0
200001f8:	db10      	blt.n	2000021c <mutex_try_enter_block_until+0x50>
200001fa:	2100      	movs	r1, #0
200001fc:	e8c5 1f8f 	stlb	r1, [r5]
20000200:	f38c 8810 	msr	PRIMASK, ip
20000204:	f04f 4550 	mov.w	r5, #3489660928	@ 0xd0000000
20000208:	f995 5000 	ldrsb.w	r5, [r5]
2000020c:	42a5      	cmp	r5, r4
2000020e:	d101      	bne.n	20000214 <mutex_try_enter_block_until+0x48>
20000210:	4608      	mov	r0, r1
20000212:	bd30      	pop	{r4, r5, pc}
20000214:	e8bd 4030 	ldmia.w	sp!, {r4, r5, lr}
20000218:	f7ff bfa2 	b.w	20000160 <mutex_enter_block_until>
2000021c:	f04f 4250 	mov.w	r2, #3489660928	@ 0xd0000000
20000220:	6812      	ldr	r2, [r2, #0]
20000222:	2300      	movs	r3, #0
20000224:	7102      	strb	r2, [r0, #4]
20000226:	e8c5 3f8f 	stlb	r3, [r5]
2000022a:	f38c 8810 	msr	PRIMASK, ip
2000022e:	2001      	movs	r0, #1
20000230:	bd30      	pop	{r4, r5, pc}
20000232:	bf00      	nop

20000234 <mutex_enter_timeout_ms>:
20000234:	b570      	push	{r4, r5, r6, lr}
20000236:	4605      	mov	r5, r0
20000238:	460c      	mov	r4, r1
2000023a:	f000 ff89 	bl	20001150 <__time_us_64_veneer>
2000023e:	4602      	mov	r2, r0
20000240:	460b      	mov	r3, r1
20000242:	f44f 707a 	mov.w	r0, #1000	@ 0x3e8
20000246:	f04f 3eff 	mov.w	lr, #4294967295
2000024a:	f06f 4c00 	mvn.w	ip, #2147483648	@ 0x80000000
2000024e:	fbe4 2300 	umlal	r2, r3, r4, r0
20000252:	4596      	cmp	lr, r2
20000254:	eb7c 0103 	sbcs.w	r1, ip, r3
20000258:	bf38      	it	cc
2000025a:	4672      	movcc	r2, lr
2000025c:	4628      	mov	r0, r5
2000025e:	e8bd 4070 	ldmia.w	sp!, {r4, r5, r6, lr}
20000262:	bf38      	it	cc
20000264:	4663      	movcc	r3, ip
20000266:	f7ff bf7b 	b.w	20000160 <mutex_enter_block_until>
2000026a:	bf00      	nop

2000026c <mutex_exit>:
2000026c:	6803      	ldr	r3, [r0, #0]
2000026e:	f3ef 8210 	mrs	r2, PRIMASK
20000272:	b672      	cpsid	i
20000274:	e8d3 cfcf 	ldaexb	ip, [r3]
20000278:	2101      	movs	r1, #1
2000027a:	f1bc 0f00 	cmp.w	ip, #0
2000027e:	d1f9      	bne.n	20000274 <mutex_exit+0x8>
20000280:	e8c3 1f4c 	strexb	ip, r1, [r3]
20000284:	f1bc 0f00 	cmp.w	ip, #0
20000288:	d1f4      	bne.n	20000274 <mutex_exit+0x8>
2000028a:	f3bf 8f5f 	dmb	sy
2000028e:	f04f 0cff 	mov.w	ip, #255	@ 0xff
20000292:	2300      	movs	r3, #0
20000294:	6801      	ldr	r1, [r0, #0]
20000296:	f880 c004 	strb.w	ip, [r0, #4]
2000029a:	e8c1 3f8f 	stlb	r3, [r1]
2000029e:	f382 8810 	msr	PRIMASK, r2
200002a2:	bf40      	sev
200002a4:	4770      	bx	lr
200002a6:	bf00      	nop

200002a8 <reset_non_control_endpoints>:
200002a8:	2100      	movs	r1, #0
200002aa:	b508      	push	{r3, lr}
200002ac:	4b13      	ldr	r3, [pc, #76]	@ (200002fc <reset_non_control_endpoints+0x54>)
200002ae:	f44f 7270 	mov.w	r2, #960	@ 0x3c0
200002b2:	6099      	str	r1, [r3, #8]
200002b4:	4812      	ldr	r0, [pc, #72]	@ (20000300 <reset_non_control_endpoints+0x58>)
200002b6:	60d9      	str	r1, [r3, #12]
200002b8:	6119      	str	r1, [r3, #16]
200002ba:	6159      	str	r1, [r3, #20]
200002bc:	6199      	str	r1, [r3, #24]
200002be:	61d9      	str	r1, [r3, #28]
200002c0:	6219      	str	r1, [r3, #32]
200002c2:	6259      	str	r1, [r3, #36]	@ 0x24
200002c4:	6299      	str	r1, [r3, #40]	@ 0x28
200002c6:	62d9      	str	r1, [r3, #44]	@ 0x2c
200002c8:	6319      	str	r1, [r3, #48]	@ 0x30
200002ca:	6359      	str	r1, [r3, #52]	@ 0x34
200002cc:	6399      	str	r1, [r3, #56]	@ 0x38
200002ce:	63d9      	str	r1, [r3, #60]	@ 0x3c
200002d0:	6419      	str	r1, [r3, #64]	@ 0x40
200002d2:	6459      	str	r1, [r3, #68]	@ 0x44
200002d4:	6499      	str	r1, [r3, #72]	@ 0x48
200002d6:	64d9      	str	r1, [r3, #76]	@ 0x4c
200002d8:	6519      	str	r1, [r3, #80]	@ 0x50
200002da:	6559      	str	r1, [r3, #84]	@ 0x54
200002dc:	6599      	str	r1, [r3, #88]	@ 0x58
200002de:	65d9      	str	r1, [r3, #92]	@ 0x5c
200002e0:	6619      	str	r1, [r3, #96]	@ 0x60
200002e2:	6659      	str	r1, [r3, #100]	@ 0x64
200002e4:	6699      	str	r1, [r3, #104]	@ 0x68
200002e6:	66d9      	str	r1, [r3, #108]	@ 0x6c
200002e8:	6719      	str	r1, [r3, #112]	@ 0x70
200002ea:	6759      	str	r1, [r3, #116]	@ 0x74
200002ec:	6799      	str	r1, [r3, #120]	@ 0x78
200002ee:	67d9      	str	r1, [r3, #124]	@ 0x7c
200002f0:	f000 ff36 	bl	20001160 <__memset_veneer>
200002f4:	4b03      	ldr	r3, [pc, #12]	@ (20000304 <reset_non_control_endpoints+0x5c>)
200002f6:	4a04      	ldr	r2, [pc, #16]	@ (20000308 <reset_non_control_endpoints+0x60>)
200002f8:	601a      	str	r2, [r3, #0]
200002fa:	bd08      	pop	{r3, pc}
200002fc:	50100000 	.word	0x50100000
20000300:	20002138 	.word	0x20002138
20000304:	20002500 	.word	0x20002500
20000308:	50100180 	.word	0x50100180

2000030c <hw_handle_buff_status>:
2000030c:	e92d 4ff0 	stmdb	sp!, {r4, r5, r6, r7, r8, r9, sl, fp, lr}
20000310:	4b1f      	ldr	r3, [pc, #124]	@ (20000390 <hw_handle_buff_status+0x84>)
20000312:	b085      	sub	sp, #20
20000314:	f8d3 a058 	ldr.w	sl, [r3, #88]	@ 0x58
20000318:	f1ba 0f00 	cmp.w	sl, #0
2000031c:	d022      	beq.n	20000364 <hw_handle_buff_status+0x58>
2000031e:	2400      	movs	r4, #0
20000320:	2501      	movs	r5, #1
20000322:	f44f 69e0 	mov.w	r9, #1792	@ 0x700
20000326:	f8df 8070 	ldr.w	r8, [pc, #112]	@ 20000398 <hw_handle_buff_status+0x8c>
2000032a:	4f1a      	ldr	r7, [pc, #104]	@ (20000394 <hw_handle_buff_status+0x88>)
2000032c:	e001      	b.n	20000332 <hw_handle_buff_status+0x26>
2000032e:	2c20      	cmp	r4, #32
20000330:	d018      	beq.n	20000364 <hw_handle_buff_status+0x58>
20000332:	ea0a 0205 	and.w	r2, sl, r5
20000336:	1c61      	adds	r1, r4, #1
20000338:	4623      	mov	r3, r4
2000033a:	46ab      	mov	fp, r5
2000033c:	b2cc      	uxtb	r4, r1
2000033e:	006d      	lsls	r5, r5, #1
20000340:	2a00      	cmp	r2, #0
20000342:	d0f4      	beq.n	2000032e <hw_handle_buff_status+0x22>
20000344:	f004 0201 	and.w	r2, r4, #1
20000348:	f003 06fe 	and.w	r6, r3, #254	@ 0xfe
2000034c:	4416      	add	r6, r2
2000034e:	eb07 1646 	add.w	r6, r7, r6, lsl #5
20000352:	4630      	mov	r0, r6
20000354:	f8c8 b058 	str.w	fp, [r8, #88]	@ 0x58
20000358:	f000 fc0a 	bl	20000b70 <hw_endpoint_xfer_continue>
2000035c:	b928      	cbnz	r0, 2000036a <hw_handle_buff_status+0x5e>
2000035e:	ea3a 0a0b 	bics.w	sl, sl, fp
20000362:	d1e4      	bne.n	2000032e <hw_handle_buff_status+0x22>
20000364:	b005      	add	sp, #20
20000366:	e8bd 8ff0 	ldmia.w	sp!, {r4, r5, r6, r7, r8, r9, sl, fp, pc}
2000036a:	2300      	movs	r3, #0
2000036c:	f88d 3009 	strb.w	r3, [sp, #9]
20000370:	78b3      	ldrb	r3, [r6, #2]
20000372:	a801      	add	r0, sp, #4
20000374:	f88d 3008 	strb.w	r3, [sp, #8]
20000378:	8af3      	ldrh	r3, [r6, #22]
2000037a:	2101      	movs	r1, #1
2000037c:	f8ad 9004 	strh.w	r9, [sp, #4]
20000380:	9303      	str	r3, [sp, #12]
20000382:	f000 fc13 	bl	20000bac <dcd_event_handler>
20000386:	4630      	mov	r0, r6
20000388:	f000 fb98 	bl	20000abc <hw_endpoint_reset_transfer>
2000038c:	e7e7      	b.n	2000035e <hw_handle_buff_status+0x52>
2000038e:	bf00      	nop
20000390:	50110000 	.word	0x50110000
20000394:	200020f8 	.word	0x200020f8
20000398:	50113000 	.word	0x50113000

2000039c <dcd_rp2040_irq>:
2000039c:	b5f0      	push	{r4, r5, r6, r7, lr}
2000039e:	4bbb      	ldr	r3, [pc, #748]	@ (2000068c <dcd_rp2040_irq+0x2f0>)
200003a0:	b085      	sub	sp, #20
200003a2:	f8d3 5098 	ldr.w	r5, [r3, #152]	@ 0x98
200003a6:	f415 3600 	ands.w	r6, r5, #131072	@ 0x20000
200003aa:	d074      	beq.n	20000496 <dcd_rp2040_irq+0xfa>
200003ac:	4bb8      	ldr	r3, [pc, #736]	@ (20000690 <dcd_rp2040_irq+0x2f4>)
200003ae:	4cb9      	ldr	r4, [pc, #740]	@ (20000694 <dcd_rp2040_irq+0x2f8>)
200003b0:	6a99      	ldr	r1, [r3, #40]	@ 0x28
200003b2:	f894 303b 	ldrb.w	r3, [r4, #59]	@ 0x3b
200003b6:	4ab8      	ldr	r2, [pc, #736]	@ (20000698 <dcd_rp2040_irq+0x2fc>)
200003b8:	2b02      	cmp	r3, #2
200003ba:	6011      	str	r1, [r2, #0]
200003bc:	f000 80d4 	beq.w	20000568 <dcd_rp2040_irq+0x1cc>
200003c0:	2600      	movs	r6, #0
200003c2:	f894 307b 	ldrb.w	r3, [r4, #123]	@ 0x7b
200003c6:	2b02      	cmp	r3, #2
200003c8:	f000 813b 	beq.w	20000642 <dcd_rp2040_irq+0x2a6>
200003cc:	f894 30bb 	ldrb.w	r3, [r4, #187]	@ 0xbb
200003d0:	2b02      	cmp	r3, #2
200003d2:	f000 817d 	beq.w	200006d0 <dcd_rp2040_irq+0x334>
200003d6:	f894 30fb 	ldrb.w	r3, [r4, #251]	@ 0xfb
200003da:	2b02      	cmp	r3, #2
200003dc:	f000 816c 	beq.w	200006b8 <dcd_rp2040_irq+0x31c>
200003e0:	f894 313b 	ldrb.w	r3, [r4, #315]	@ 0x13b
200003e4:	2b02      	cmp	r3, #2
200003e6:	f000 8144 	beq.w	20000672 <dcd_rp2040_irq+0x2d6>
200003ea:	f894 317b 	ldrb.w	r3, [r4, #379]	@ 0x17b
200003ee:	2b02      	cmp	r3, #2
200003f0:	f000 8133 	beq.w	2000065a <dcd_rp2040_irq+0x2be>
200003f4:	f894 31bb 	ldrb.w	r3, [r4, #443]	@ 0x1bb
200003f8:	2b02      	cmp	r3, #2
200003fa:	f000 81b6 	beq.w	2000076a <dcd_rp2040_irq+0x3ce>
200003fe:	f894 31fb 	ldrb.w	r3, [r4, #507]	@ 0x1fb
20000402:	2b02      	cmp	r3, #2
20000404:	f000 81a6 	beq.w	20000754 <dcd_rp2040_irq+0x3b8>
20000408:	f894 323b 	ldrb.w	r3, [r4, #571]	@ 0x23b
2000040c:	2b02      	cmp	r3, #2
2000040e:	f000 8196 	beq.w	2000073e <dcd_rp2040_irq+0x3a2>
20000412:	f894 327b 	ldrb.w	r3, [r4, #635]	@ 0x27b
20000416:	2b02      	cmp	r3, #2
20000418:	f000 8186 	beq.w	20000728 <dcd_rp2040_irq+0x38c>
2000041c:	f894 32bb 	ldrb.w	r3, [r4, #699]	@ 0x2bb
20000420:	2b02      	cmp	r3, #2
20000422:	f000 8176 	beq.w	20000712 <dcd_rp2040_irq+0x376>
20000426:	f894 32fb 	ldrb.w	r3, [r4, #763]	@ 0x2fb
2000042a:	2b02      	cmp	r3, #2
2000042c:	f000 8166 	beq.w	200006fc <dcd_rp2040_irq+0x360>
20000430:	f894 333b 	ldrb.w	r3, [r4, #827]	@ 0x33b
20000434:	2b02      	cmp	r3, #2
20000436:	f000 8156 	beq.w	200006e6 <dcd_rp2040_irq+0x34a>
2000043a:	f894 337b 	ldrb.w	r3, [r4, #891]	@ 0x37b
2000043e:	2b02      	cmp	r3, #2
20000440:	f000 80a4 	beq.w	2000058c <dcd_rp2040_irq+0x1f0>
20000444:	f894 33bb 	ldrb.w	r3, [r4, #955]	@ 0x3bb
20000448:	2b02      	cmp	r3, #2
2000044a:	f000 8199 	beq.w	20000780 <dcd_rp2040_irq+0x3e4>
2000044e:	f894 33fb 	ldrb.w	r3, [r4, #1019]	@ 0x3fb
20000452:	2b02      	cmp	r3, #2
20000454:	f000 80b4 	beq.w	200005c0 <dcd_rp2040_irq+0x224>
20000458:	b93e      	cbnz	r6, 2000046a <dcd_rp2040_irq+0xce>
2000045a:	4b90      	ldr	r3, [pc, #576]	@ (2000069c <dcd_rp2040_irq+0x300>)
2000045c:	781b      	ldrb	r3, [r3, #0]
2000045e:	b923      	cbnz	r3, 2000046a <dcd_rp2040_irq+0xce>
20000460:	f44f 3200 	mov.w	r2, #131072	@ 0x20000
20000464:	4b8e      	ldr	r3, [pc, #568]	@ (200006a0 <dcd_rp2040_irq+0x304>)
20000466:	f8c3 2090 	str.w	r2, [r3, #144]	@ 0x90
2000046a:	f44f 7240 	mov.w	r2, #768	@ 0x300
2000046e:	4b87      	ldr	r3, [pc, #540]	@ (2000068c <dcd_rp2040_irq+0x2f0>)
20000470:	2101      	movs	r1, #1
20000472:	6c9b      	ldr	r3, [r3, #72]	@ 0x48
20000474:	a801      	add	r0, sp, #4
20000476:	f3c3 030a 	ubfx	r3, r3, #0, #11
2000047a:	f8ad 2004 	strh.w	r2, [sp, #4]
2000047e:	9302      	str	r3, [sp, #8]
20000480:	f000 fb94 	bl	20000bac <dcd_event_handler>
20000484:	06ea      	lsls	r2, r5, #27
20000486:	f44f 3600 	mov.w	r6, #131072	@ 0x20000
2000048a:	4c86      	ldr	r4, [pc, #536]	@ (200006a4 <dcd_rp2040_irq+0x308>)
2000048c:	d507      	bpl.n	2000049e <dcd_rp2040_irq+0x102>
2000048e:	f7ff ff3d 	bl	2000030c <hw_handle_buff_status>
20000492:	4626      	mov	r6, r4
20000494:	e003      	b.n	2000049e <dcd_rp2040_irq+0x102>
20000496:	06ea      	lsls	r2, r5, #27
20000498:	f04f 0410 	mov.w	r4, #16
2000049c:	d4f7      	bmi.n	2000048e <dcd_rp2040_irq+0xf2>
2000049e:	03eb      	lsls	r3, r5, #15
200004a0:	d522      	bpl.n	200004e8 <dcd_rp2040_irq+0x14c>
200004a2:	4c7c      	ldr	r4, [pc, #496]	@ (20000694 <dcd_rp2040_irq+0x2f8>)
200004a4:	f446 3680 	orr.w	r6, r6, #65536	@ 0x10000
200004a8:	7ea3      	ldrb	r3, [r4, #26]
200004aa:	2b00      	cmp	r3, #0
200004ac:	f040 8099 	bne.w	200005e2 <dcd_rp2040_irq+0x246>
200004b0:	2301      	movs	r3, #1
200004b2:	f894 203a 	ldrb.w	r2, [r4, #58]	@ 0x3a
200004b6:	70e3      	strb	r3, [r4, #3]
200004b8:	2a00      	cmp	r2, #0
200004ba:	f040 80ad 	bne.w	20000618 <dcd_rp2040_irq+0x27c>
200004be:	2301      	movs	r3, #1
200004c0:	f44f 61c0 	mov.w	r1, #1536	@ 0x600
200004c4:	4a78      	ldr	r2, [pc, #480]	@ (200006a8 <dcd_rp2040_irq+0x30c>)
200004c6:	f884 3023 	strb.w	r3, [r4, #35]	@ 0x23
200004ca:	f8ad 1004 	strh.w	r1, [sp, #4]
200004ce:	e892 0003 	ldmia.w	r2, {r0, r1}
200004d2:	aa04      	add	r2, sp, #16
200004d4:	e902 0003 	stmdb	r2, {r0, r1}
200004d8:	4619      	mov	r1, r3
200004da:	a801      	add	r0, sp, #4
200004dc:	f000 fb66 	bl	20000bac <dcd_event_handler>
200004e0:	f44f 3200 	mov.w	r2, #131072	@ 0x20000
200004e4:	4b6e      	ldr	r3, [pc, #440]	@ (200006a0 <dcd_rp2040_irq+0x304>)
200004e6:	651a      	str	r2, [r3, #80]	@ 0x50
200004e8:	04e9      	lsls	r1, r5, #19
200004ea:	d408      	bmi.n	200004fe <dcd_rp2040_irq+0x162>
200004ec:	046a      	lsls	r2, r5, #17
200004ee:	d41d      	bmi.n	2000052c <dcd_rp2040_irq+0x190>
200004f0:	042b      	lsls	r3, r5, #16
200004f2:	d42a      	bmi.n	2000054a <dcd_rp2040_irq+0x1ae>
200004f4:	42ae      	cmp	r6, r5
200004f6:	f040 81c5 	bne.w	20000884 <dcd_rp2040_irq+0x4e8>
200004fa:	b005      	add	sp, #20
200004fc:	bdf0      	pop	{r4, r5, r6, r7, pc}
200004fe:	2400      	movs	r4, #0
20000500:	4b62      	ldr	r3, [pc, #392]	@ (2000068c <dcd_rp2040_irq+0x2f0>)
20000502:	f446 5680 	orr.w	r6, r6, #4096	@ 0x1000
20000506:	601c      	str	r4, [r3, #0]
20000508:	f7ff fece 	bl	200002a8 <reset_non_control_endpoints>
2000050c:	f44f 7380 	mov.w	r3, #256	@ 0x100
20000510:	2101      	movs	r1, #1
20000512:	a801      	add	r0, sp, #4
20000514:	f8ad 3004 	strh.w	r3, [sp, #4]
20000518:	f88d 4008 	strb.w	r4, [sp, #8]
2000051c:	f000 fb46 	bl	20000bac <dcd_event_handler>
20000520:	f44f 2200 	mov.w	r2, #524288	@ 0x80000
20000524:	4b5e      	ldr	r3, [pc, #376]	@ (200006a0 <dcd_rp2040_irq+0x304>)
20000526:	651a      	str	r2, [r3, #80]	@ 0x50
20000528:	046a      	lsls	r2, r5, #17
2000052a:	d5e1      	bpl.n	200004f0 <dcd_rp2040_irq+0x154>
2000052c:	f44f 6380 	mov.w	r3, #1024	@ 0x400
20000530:	2101      	movs	r1, #1
20000532:	a801      	add	r0, sp, #4
20000534:	f8ad 3004 	strh.w	r3, [sp, #4]
20000538:	f000 fb38 	bl	20000bac <dcd_event_handler>
2000053c:	2210      	movs	r2, #16
2000053e:	4b58      	ldr	r3, [pc, #352]	@ (200006a0 <dcd_rp2040_irq+0x304>)
20000540:	f446 4680 	orr.w	r6, r6, #16384	@ 0x4000
20000544:	651a      	str	r2, [r3, #80]	@ 0x50
20000546:	042b      	lsls	r3, r5, #16
20000548:	d5d4      	bpl.n	200004f4 <dcd_rp2040_irq+0x158>
2000054a:	f44f 63a0 	mov.w	r3, #1280	@ 0x500
2000054e:	2101      	movs	r1, #1
20000550:	a801      	add	r0, sp, #4
20000552:	f8ad 3004 	strh.w	r3, [sp, #4]
20000556:	f000 fb29 	bl	20000bac <dcd_event_handler>
2000055a:	f44f 6200 	mov.w	r2, #2048	@ 0x800
2000055e:	4b50      	ldr	r3, [pc, #320]	@ (200006a0 <dcd_rp2040_irq+0x304>)
20000560:	f446 4600 	orr.w	r6, r6, #32768	@ 0x8000
20000564:	651a      	str	r2, [r3, #80]	@ 0x50
20000566:	e7c5      	b.n	200004f4 <dcd_rp2040_irq+0x158>
20000568:	f894 603a 	ldrb.w	r6, [r4, #58]	@ 0x3a
2000056c:	2e00      	cmp	r6, #0
2000056e:	f43f af28 	beq.w	200003c2 <dcd_rp2040_irq+0x26>
20000572:	f894 303c 	ldrb.w	r3, [r4, #60]	@ 0x3c
20000576:	2b00      	cmp	r3, #0
20000578:	f43f af23 	beq.w	200003c2 <dcd_rp2040_irq+0x26>
2000057c:	2300      	movs	r3, #0
2000057e:	f104 0020 	add.w	r0, r4, #32
20000582:	f884 303c 	strb.w	r3, [r4, #60]	@ 0x3c
20000586:	f000 fac1 	bl	20000b0c <hw_endpoint_start_next_buffer>
2000058a:	e71a      	b.n	200003c2 <dcd_rp2040_irq+0x26>
2000058c:	f894 737a 	ldrb.w	r7, [r4, #890]	@ 0x37a
20000590:	2f00      	cmp	r7, #0
20000592:	f43f af57 	beq.w	20000444 <dcd_rp2040_irq+0xa8>
20000596:	f894 337c 	ldrb.w	r3, [r4, #892]	@ 0x37c
2000059a:	2b00      	cmp	r3, #0
2000059c:	f040 8164 	bne.w	20000868 <dcd_rp2040_irq+0x4cc>
200005a0:	f894 33bb 	ldrb.w	r3, [r4, #955]	@ 0x3bb
200005a4:	2b02      	cmp	r3, #2
200005a6:	f040 80f4 	bne.w	20000792 <dcd_rp2040_irq+0x3f6>
200005aa:	f894 33ba 	ldrb.w	r3, [r4, #954]	@ 0x3ba
200005ae:	2b00      	cmp	r3, #0
200005b0:	f040 80eb 	bne.w	2000078a <dcd_rp2040_irq+0x3ee>
200005b4:	f894 33fb 	ldrb.w	r3, [r4, #1019]	@ 0x3fb
200005b8:	2b02      	cmp	r3, #2
200005ba:	f47f af56 	bne.w	2000046a <dcd_rp2040_irq+0xce>
200005be:	463e      	mov	r6, r7
200005c0:	f894 33fa 	ldrb.w	r3, [r4, #1018]	@ 0x3fa
200005c4:	2b00      	cmp	r3, #0
200005c6:	f43f af47 	beq.w	20000458 <dcd_rp2040_irq+0xbc>
200005ca:	f894 33fc 	ldrb.w	r3, [r4, #1020]	@ 0x3fc
200005ce:	2b00      	cmp	r3, #0
200005d0:	f43f af4b 	beq.w	2000046a <dcd_rp2040_irq+0xce>
200005d4:	2300      	movs	r3, #0
200005d6:	4835      	ldr	r0, [pc, #212]	@ (200006ac <dcd_rp2040_irq+0x310>)
200005d8:	f884 33fc 	strb.w	r3, [r4, #1020]	@ 0x3fc
200005dc:	f000 fa96 	bl	20000b0c <hw_endpoint_start_next_buffer>
200005e0:	e743      	b.n	2000046a <dcd_rp2040_irq+0xce>
200005e2:	2102      	movs	r1, #2
200005e4:	4b32      	ldr	r3, [pc, #200]	@ (200006b0 <dcd_rp2040_irq+0x314>)
200005e6:	4a29      	ldr	r2, [pc, #164]	@ (2000068c <dcd_rp2040_irq+0x2f0>)
200005e8:	6619      	str	r1, [r3, #96]	@ 0x60
200005ea:	6e53      	ldr	r3, [r2, #100]	@ 0x64
200005ec:	079f      	lsls	r7, r3, #30
200005ee:	d5fc      	bpl.n	200005ea <dcd_rp2040_irq+0x24e>
200005f0:	f44f 5240 	mov.w	r2, #12288	@ 0x3000
200005f4:	2100      	movs	r1, #0
200005f6:	4827      	ldr	r0, [pc, #156]	@ (20000694 <dcd_rp2040_irq+0x2f8>)
200005f8:	f000 fa66 	bl	20000ac8 <_hw_endpoint_buffer_control_update32>
200005fc:	4825      	ldr	r0, [pc, #148]	@ (20000694 <dcd_rp2040_irq+0x2f8>)
200005fe:	f000 fa5d 	bl	20000abc <hw_endpoint_reset_transfer>
20000602:	2202      	movs	r2, #2
20000604:	4b26      	ldr	r3, [pc, #152]	@ (200006a0 <dcd_rp2040_irq+0x304>)
20000606:	665a      	str	r2, [r3, #100]	@ 0x64
20000608:	661a      	str	r2, [r3, #96]	@ 0x60
2000060a:	2301      	movs	r3, #1
2000060c:	f894 203a 	ldrb.w	r2, [r4, #58]	@ 0x3a
20000610:	70e3      	strb	r3, [r4, #3]
20000612:	2a00      	cmp	r2, #0
20000614:	f43f af53 	beq.w	200004be <dcd_rp2040_irq+0x122>
20000618:	4a25      	ldr	r2, [pc, #148]	@ (200006b0 <dcd_rp2040_irq+0x314>)
2000061a:	6613      	str	r3, [r2, #96]	@ 0x60
2000061c:	f5a2 5200 	sub.w	r2, r2, #8192	@ 0x2000
20000620:	6e53      	ldr	r3, [r2, #100]	@ 0x64
20000622:	07d8      	lsls	r0, r3, #31
20000624:	d5fc      	bpl.n	20000620 <dcd_rp2040_irq+0x284>
20000626:	f44f 5240 	mov.w	r2, #12288	@ 0x3000
2000062a:	2100      	movs	r1, #0
2000062c:	4821      	ldr	r0, [pc, #132]	@ (200006b4 <dcd_rp2040_irq+0x318>)
2000062e:	f000 fa4b 	bl	20000ac8 <_hw_endpoint_buffer_control_update32>
20000632:	4820      	ldr	r0, [pc, #128]	@ (200006b4 <dcd_rp2040_irq+0x318>)
20000634:	f000 fa42 	bl	20000abc <hw_endpoint_reset_transfer>
20000638:	2201      	movs	r2, #1
2000063a:	4b19      	ldr	r3, [pc, #100]	@ (200006a0 <dcd_rp2040_irq+0x304>)
2000063c:	665a      	str	r2, [r3, #100]	@ 0x64
2000063e:	661a      	str	r2, [r3, #96]	@ 0x60
20000640:	e73d      	b.n	200004be <dcd_rp2040_irq+0x122>
20000642:	f894 707a 	ldrb.w	r7, [r4, #122]	@ 0x7a
20000646:	2f00      	cmp	r7, #0
20000648:	f43f aec0 	beq.w	200003cc <dcd_rp2040_irq+0x30>
2000064c:	f894 307c 	ldrb.w	r3, [r4, #124]	@ 0x7c
20000650:	2b00      	cmp	r3, #0
20000652:	f040 8101 	bne.w	20000858 <dcd_rp2040_irq+0x4bc>
20000656:	463e      	mov	r6, r7
20000658:	e6b8      	b.n	200003cc <dcd_rp2040_irq+0x30>
2000065a:	f894 717a 	ldrb.w	r7, [r4, #378]	@ 0x17a
2000065e:	2f00      	cmp	r7, #0
20000660:	f43f aec8 	beq.w	200003f4 <dcd_rp2040_irq+0x58>
20000664:	f894 317c 	ldrb.w	r3, [r4, #380]	@ 0x17c
20000668:	2b00      	cmp	r3, #0
2000066a:	f040 80ed 	bne.w	20000848 <dcd_rp2040_irq+0x4ac>
2000066e:	463e      	mov	r6, r7
20000670:	e6c0      	b.n	200003f4 <dcd_rp2040_irq+0x58>
20000672:	f894 713a 	ldrb.w	r7, [r4, #314]	@ 0x13a
20000676:	2f00      	cmp	r7, #0
20000678:	f43f aeb7 	beq.w	200003ea <dcd_rp2040_irq+0x4e>
2000067c:	f894 313c 	ldrb.w	r3, [r4, #316]	@ 0x13c
20000680:	2b00      	cmp	r3, #0
20000682:	f040 80d9 	bne.w	20000838 <dcd_rp2040_irq+0x49c>
20000686:	463e      	mov	r6, r7
20000688:	e6af      	b.n	200003ea <dcd_rp2040_irq+0x4e>
2000068a:	bf00      	nop
2000068c:	50110000 	.word	0x50110000
20000690:	400b0000 	.word	0x400b0000
20000694:	200020f8 	.word	0x200020f8
20000698:	200020e8 	.word	0x200020e8
2000069c:	200026d1 	.word	0x200026d1
200006a0:	50113000 	.word	0x50113000
200006a4:	00020010 	.word	0x00020010
200006a8:	50100000 	.word	0x50100000
200006ac:	200024d8 	.word	0x200024d8
200006b0:	50112000 	.word	0x50112000
200006b4:	20002118 	.word	0x20002118
200006b8:	f894 70fa 	ldrb.w	r7, [r4, #250]	@ 0xfa
200006bc:	2f00      	cmp	r7, #0
200006be:	f43f ae8f 	beq.w	200003e0 <dcd_rp2040_irq+0x44>
200006c2:	f894 30fc 	ldrb.w	r3, [r4, #252]	@ 0xfc
200006c6:	2b00      	cmp	r3, #0
200006c8:	f040 808e 	bne.w	200007e8 <dcd_rp2040_irq+0x44c>
200006cc:	463e      	mov	r6, r7
200006ce:	e687      	b.n	200003e0 <dcd_rp2040_irq+0x44>
200006d0:	f894 70ba 	ldrb.w	r7, [r4, #186]	@ 0xba
200006d4:	2f00      	cmp	r7, #0
200006d6:	f43f ae7e 	beq.w	200003d6 <dcd_rp2040_irq+0x3a>
200006da:	f894 30bc 	ldrb.w	r3, [r4, #188]	@ 0xbc
200006de:	2b00      	cmp	r3, #0
200006e0:	d17a      	bne.n	200007d8 <dcd_rp2040_irq+0x43c>
200006e2:	463e      	mov	r6, r7
200006e4:	e677      	b.n	200003d6 <dcd_rp2040_irq+0x3a>
200006e6:	f894 733a 	ldrb.w	r7, [r4, #826]	@ 0x33a
200006ea:	2f00      	cmp	r7, #0
200006ec:	f43f aea5 	beq.w	2000043a <dcd_rp2040_irq+0x9e>
200006f0:	f894 333c 	ldrb.w	r3, [r4, #828]	@ 0x33c
200006f4:	2b00      	cmp	r3, #0
200006f6:	d157      	bne.n	200007a8 <dcd_rp2040_irq+0x40c>
200006f8:	463e      	mov	r6, r7
200006fa:	e69e      	b.n	2000043a <dcd_rp2040_irq+0x9e>
200006fc:	f894 72fa 	ldrb.w	r7, [r4, #762]	@ 0x2fa
20000700:	2f00      	cmp	r7, #0
20000702:	f43f ae95 	beq.w	20000430 <dcd_rp2040_irq+0x94>
20000706:	f894 32fc 	ldrb.w	r3, [r4, #764]	@ 0x2fc
2000070a:	2b00      	cmp	r3, #0
2000070c:	d15c      	bne.n	200007c8 <dcd_rp2040_irq+0x42c>
2000070e:	463e      	mov	r6, r7
20000710:	e68e      	b.n	20000430 <dcd_rp2040_irq+0x94>
20000712:	f894 72ba 	ldrb.w	r7, [r4, #698]	@ 0x2ba
20000716:	2f00      	cmp	r7, #0
20000718:	f43f ae85 	beq.w	20000426 <dcd_rp2040_irq+0x8a>
2000071c:	f894 32bc 	ldrb.w	r3, [r4, #700]	@ 0x2bc
20000720:	2b00      	cmp	r3, #0
20000722:	d149      	bne.n	200007b8 <dcd_rp2040_irq+0x41c>
20000724:	463e      	mov	r6, r7
20000726:	e67e      	b.n	20000426 <dcd_rp2040_irq+0x8a>
20000728:	f894 727a 	ldrb.w	r7, [r4, #634]	@ 0x27a
2000072c:	2f00      	cmp	r7, #0
2000072e:	f43f ae75 	beq.w	2000041c <dcd_rp2040_irq+0x80>
20000732:	f894 327c 	ldrb.w	r3, [r4, #636]	@ 0x27c
20000736:	2b00      	cmp	r3, #0
20000738:	d176      	bne.n	20000828 <dcd_rp2040_irq+0x48c>
2000073a:	463e      	mov	r6, r7
2000073c:	e66e      	b.n	2000041c <dcd_rp2040_irq+0x80>
2000073e:	f894 723a 	ldrb.w	r7, [r4, #570]	@ 0x23a
20000742:	2f00      	cmp	r7, #0
20000744:	f43f ae65 	beq.w	20000412 <dcd_rp2040_irq+0x76>
20000748:	f894 323c 	ldrb.w	r3, [r4, #572]	@ 0x23c
2000074c:	2b00      	cmp	r3, #0
2000074e:	d163      	bne.n	20000818 <dcd_rp2040_irq+0x47c>
20000750:	463e      	mov	r6, r7
20000752:	e65e      	b.n	20000412 <dcd_rp2040_irq+0x76>
20000754:	f894 71fa 	ldrb.w	r7, [r4, #506]	@ 0x1fa
20000758:	2f00      	cmp	r7, #0
2000075a:	f43f ae55 	beq.w	20000408 <dcd_rp2040_irq+0x6c>
2000075e:	f894 31fc 	ldrb.w	r3, [r4, #508]	@ 0x1fc
20000762:	2b00      	cmp	r3, #0
20000764:	d150      	bne.n	20000808 <dcd_rp2040_irq+0x46c>
20000766:	463e      	mov	r6, r7
20000768:	e64e      	b.n	20000408 <dcd_rp2040_irq+0x6c>
2000076a:	f894 71ba 	ldrb.w	r7, [r4, #442]	@ 0x1ba
2000076e:	2f00      	cmp	r7, #0
20000770:	f43f ae45 	beq.w	200003fe <dcd_rp2040_irq+0x62>
20000774:	f894 31bc 	ldrb.w	r3, [r4, #444]	@ 0x1bc
20000778:	2b00      	cmp	r3, #0
2000077a:	d13d      	bne.n	200007f8 <dcd_rp2040_irq+0x45c>
2000077c:	463e      	mov	r6, r7
2000077e:	e63e      	b.n	200003fe <dcd_rp2040_irq+0x62>
20000780:	f894 33ba 	ldrb.w	r3, [r4, #954]	@ 0x3ba
20000784:	2b00      	cmp	r3, #0
20000786:	f43f ae62 	beq.w	2000044e <dcd_rp2040_irq+0xb2>
2000078a:	f894 33bc 	ldrb.w	r3, [r4, #956]	@ 0x3bc
2000078e:	2b00      	cmp	r3, #0
20000790:	d171      	bne.n	20000876 <dcd_rp2040_irq+0x4da>
20000792:	f894 33fb 	ldrb.w	r3, [r4, #1019]	@ 0x3fb
20000796:	2b02      	cmp	r3, #2
20000798:	f47f ae67 	bne.w	2000046a <dcd_rp2040_irq+0xce>
2000079c:	f894 33fa 	ldrb.w	r3, [r4, #1018]	@ 0x3fa
200007a0:	2b00      	cmp	r3, #0
200007a2:	f43f ae62 	beq.w	2000046a <dcd_rp2040_irq+0xce>
200007a6:	e710      	b.n	200005ca <dcd_rp2040_irq+0x22e>
200007a8:	2300      	movs	r3, #0
200007aa:	4839      	ldr	r0, [pc, #228]	@ (20000890 <dcd_rp2040_irq+0x4f4>)
200007ac:	f884 333c 	strb.w	r3, [r4, #828]	@ 0x33c
200007b0:	463e      	mov	r6, r7
200007b2:	f000 f9ab 	bl	20000b0c <hw_endpoint_start_next_buffer>
200007b6:	e640      	b.n	2000043a <dcd_rp2040_irq+0x9e>
200007b8:	2300      	movs	r3, #0
200007ba:	4836      	ldr	r0, [pc, #216]	@ (20000894 <dcd_rp2040_irq+0x4f8>)
200007bc:	f884 32bc 	strb.w	r3, [r4, #700]	@ 0x2bc
200007c0:	463e      	mov	r6, r7
200007c2:	f000 f9a3 	bl	20000b0c <hw_endpoint_start_next_buffer>
200007c6:	e62e      	b.n	20000426 <dcd_rp2040_irq+0x8a>
200007c8:	2300      	movs	r3, #0
200007ca:	4833      	ldr	r0, [pc, #204]	@ (20000898 <dcd_rp2040_irq+0x4fc>)
200007cc:	f884 32fc 	strb.w	r3, [r4, #764]	@ 0x2fc
200007d0:	463e      	mov	r6, r7
200007d2:	f000 f99b 	bl	20000b0c <hw_endpoint_start_next_buffer>
200007d6:	e62b      	b.n	20000430 <dcd_rp2040_irq+0x94>
200007d8:	2300      	movs	r3, #0
200007da:	4830      	ldr	r0, [pc, #192]	@ (2000089c <dcd_rp2040_irq+0x500>)
200007dc:	f884 30bc 	strb.w	r3, [r4, #188]	@ 0xbc
200007e0:	463e      	mov	r6, r7
200007e2:	f000 f993 	bl	20000b0c <hw_endpoint_start_next_buffer>
200007e6:	e5f6      	b.n	200003d6 <dcd_rp2040_irq+0x3a>
200007e8:	2300      	movs	r3, #0
200007ea:	482d      	ldr	r0, [pc, #180]	@ (200008a0 <dcd_rp2040_irq+0x504>)
200007ec:	f884 30fc 	strb.w	r3, [r4, #252]	@ 0xfc
200007f0:	463e      	mov	r6, r7
200007f2:	f000 f98b 	bl	20000b0c <hw_endpoint_start_next_buffer>
200007f6:	e5f3      	b.n	200003e0 <dcd_rp2040_irq+0x44>
200007f8:	2300      	movs	r3, #0
200007fa:	482a      	ldr	r0, [pc, #168]	@ (200008a4 <dcd_rp2040_irq+0x508>)
200007fc:	f884 31bc 	strb.w	r3, [r4, #444]	@ 0x1bc
20000800:	463e      	mov	r6, r7
20000802:	f000 f983 	bl	20000b0c <hw_endpoint_start_next_buffer>
20000806:	e5fa      	b.n	200003fe <dcd_rp2040_irq+0x62>
20000808:	2300      	movs	r3, #0
2000080a:	4827      	ldr	r0, [pc, #156]	@ (200008a8 <dcd_rp2040_irq+0x50c>)
2000080c:	f884 31fc 	strb.w	r3, [r4, #508]	@ 0x1fc
20000810:	463e      	mov	r6, r7
20000812:	f000 f97b 	bl	20000b0c <hw_endpoint_start_next_buffer>
20000816:	e5f7      	b.n	20000408 <dcd_rp2040_irq+0x6c>
20000818:	2300      	movs	r3, #0
2000081a:	4824      	ldr	r0, [pc, #144]	@ (200008ac <dcd_rp2040_irq+0x510>)
2000081c:	f884 323c 	strb.w	r3, [r4, #572]	@ 0x23c
20000820:	463e      	mov	r6, r7
20000822:	f000 f973 	bl	20000b0c <hw_endpoint_start_next_buffer>
20000826:	e5f4      	b.n	20000412 <dcd_rp2040_irq+0x76>
20000828:	2300      	movs	r3, #0
2000082a:	4821      	ldr	r0, [pc, #132]	@ (200008b0 <dcd_rp2040_irq+0x514>)
2000082c:	f884 327c 	strb.w	r3, [r4, #636]	@ 0x27c
20000830:	463e      	mov	r6, r7
20000832:	f000 f96b 	bl	20000b0c <hw_endpoint_start_next_buffer>
20000836:	e5f1      	b.n	2000041c <dcd_rp2040_irq+0x80>
20000838:	2300      	movs	r3, #0
2000083a:	481e      	ldr	r0, [pc, #120]	@ (200008b4 <dcd_rp2040_irq+0x518>)
2000083c:	f884 313c 	strb.w	r3, [r4, #316]	@ 0x13c
20000840:	463e      	mov	r6, r7
20000842:	f000 f963 	bl	20000b0c <hw_endpoint_start_next_buffer>
20000846:	e5d0      	b.n	200003ea <dcd_rp2040_irq+0x4e>
20000848:	2300      	movs	r3, #0
2000084a:	481b      	ldr	r0, [pc, #108]	@ (200008b8 <dcd_rp2040_irq+0x51c>)
2000084c:	f884 317c 	strb.w	r3, [r4, #380]	@ 0x17c
20000850:	463e      	mov	r6, r7
20000852:	f000 f95b 	bl	20000b0c <hw_endpoint_start_next_buffer>
20000856:	e5cd      	b.n	200003f4 <dcd_rp2040_irq+0x58>
20000858:	2300      	movs	r3, #0
2000085a:	4818      	ldr	r0, [pc, #96]	@ (200008bc <dcd_rp2040_irq+0x520>)
2000085c:	f884 307c 	strb.w	r3, [r4, #124]	@ 0x7c
20000860:	463e      	mov	r6, r7
20000862:	f000 f953 	bl	20000b0c <hw_endpoint_start_next_buffer>
20000866:	e5b1      	b.n	200003cc <dcd_rp2040_irq+0x30>
20000868:	2300      	movs	r3, #0
2000086a:	4815      	ldr	r0, [pc, #84]	@ (200008c0 <dcd_rp2040_irq+0x524>)
2000086c:	f884 337c 	strb.w	r3, [r4, #892]	@ 0x37c
20000870:	f000 f94c 	bl	20000b0c <hw_endpoint_start_next_buffer>
20000874:	e694      	b.n	200005a0 <dcd_rp2040_irq+0x204>
20000876:	2300      	movs	r3, #0
20000878:	4812      	ldr	r0, [pc, #72]	@ (200008c4 <dcd_rp2040_irq+0x528>)
2000087a:	f884 33bc 	strb.w	r3, [r4, #956]	@ 0x3bc
2000087e:	f000 f945 	bl	20000b0c <hw_endpoint_start_next_buffer>
20000882:	e786      	b.n	20000792 <dcd_rp2040_irq+0x3f6>
20000884:	4810      	ldr	r0, [pc, #64]	@ (200008c8 <dcd_rp2040_irq+0x52c>)
20000886:	ea86 0105 	eor.w	r1, r6, r5
2000088a:	f000 fc65 	bl	20001158 <__panic_veneer>
2000088e:	bf00      	nop
20000890:	20002418 	.word	0x20002418
20000894:	20002398 	.word	0x20002398
20000898:	200023d8 	.word	0x200023d8
2000089c:	20002198 	.word	0x20002198
200008a0:	200021d8 	.word	0x200021d8
200008a4:	20002298 	.word	0x20002298
200008a8:	200022d8 	.word	0x200022d8
200008ac:	20002318 	.word	0x20002318
200008b0:	20002358 	.word	0x20002358
200008b4:	20002218 	.word	0x20002218
200008b8:	20002258 	.word	0x20002258
200008bc:	20002158 	.word	0x20002158
200008c0:	20002458 	.word	0x20002458
200008c4:	20002498 	.word	0x20002498
200008c8:	100088b0 	.word	0x100088b0

200008cc <prepare_ep_buffer>:
200008cc:	e92d 47f0 	stmdb	sp!, {r4, r5, r6, r7, r8, r9, sl, lr}
200008d0:	8a84      	ldrh	r4, [r0, #20]
200008d2:	8b05      	ldrh	r5, [r0, #24]
200008d4:	78c2      	ldrb	r2, [r0, #3]
200008d6:	42a5      	cmp	r5, r4
200008d8:	bf28      	it	cs
200008da:	4625      	movcs	r5, r4
200008dc:	1e17      	subs	r7, r2, #0
200008de:	bf18      	it	ne
200008e0:	2701      	movne	r7, #1
200008e2:	1b64      	subs	r4, r4, r5
200008e4:	7846      	ldrb	r6, [r0, #1]
200008e6:	f082 0201 	eor.w	r2, r2, #1
200008ea:	b2a4      	uxth	r4, r4
200008ec:	4603      	mov	r3, r0
200008ee:	70c2      	strb	r2, [r0, #3]
200008f0:	8284      	strh	r4, [r0, #20]
200008f2:	f445 6080 	orr.w	r0, r5, #1024	@ 0x400
200008f6:	ea40 3047 	orr.w	r0, r0, r7, lsl #13
200008fa:	bba6      	cbnz	r6, 20000966 <prepare_ep_buffer+0x9a>
200008fc:	e9d3 2603 	ldrd	r2, r6, [r3, #12]
20000900:	1e6f      	subs	r7, r5, #1
20000902:	eb02 1e81 	add.w	lr, r2, r1, lsl #6
20000906:	b355      	cbz	r5, 2000095e <prepare_ep_buffer+0x92>
20000908:	2f05      	cmp	r7, #5
2000090a:	bf98      	it	ls
2000090c:	1c72      	addls	r2, r6, #1
2000090e:	d931      	bls.n	20000974 <prepare_ep_buffer+0xa8>
20000910:	eb02 1c81 	add.w	ip, r2, r1, lsl #6
20000914:	1c72      	adds	r2, r6, #1
20000916:	ebac 0402 	sub.w	r4, ip, r2
2000091a:	2c02      	cmp	r4, #2
2000091c:	d92a      	bls.n	20000974 <prepare_ep_buffer+0xa8>
2000091e:	4632      	mov	r2, r6
20000920:	ea4f 0995 	mov.w	r9, r5, lsr #2
20000924:	ea4f 0a89 	mov.w	sl, r9, lsl #2
20000928:	eb06 0889 	add.w	r8, r6, r9, lsl #2
2000092c:	f852 4b04 	ldr.w	r4, [r2], #4
20000930:	4542      	cmp	r2, r8
20000932:	f84c 4b04 	str.w	r4, [ip], #4
20000936:	d1f9      	bne.n	2000092c <prepare_ep_buffer+0x60>
20000938:	4555      	cmp	r5, sl
2000093a:	eba7 070a 	sub.w	r7, r7, sl
2000093e:	eb0e 040a 	add.w	r4, lr, sl
20000942:	d00a      	beq.n	2000095a <prepare_ep_buffer+0x8e>
20000944:	f816 6029 	ldrb.w	r6, [r6, r9, lsl #2]
20000948:	f80e 6029 	strb.w	r6, [lr, r9, lsl #2]
2000094c:	b12f      	cbz	r7, 2000095a <prepare_ep_buffer+0x8e>
2000094e:	7856      	ldrb	r6, [r2, #1]
20000950:	2f01      	cmp	r7, #1
20000952:	7066      	strb	r6, [r4, #1]
20000954:	d001      	beq.n	2000095a <prepare_ep_buffer+0x8e>
20000956:	7892      	ldrb	r2, [r2, #2]
20000958:	70a2      	strb	r2, [r4, #2]
2000095a:	691e      	ldr	r6, [r3, #16]
2000095c:	8a9c      	ldrh	r4, [r3, #20]
2000095e:	442e      	add	r6, r5
20000960:	611e      	str	r6, [r3, #16]
20000962:	f440 4000 	orr.w	r0, r0, #32768	@ 0x8000
20000966:	b90c      	cbnz	r4, 2000096c <prepare_ep_buffer+0xa0>
20000968:	f440 4080 	orr.w	r0, r0, #16384	@ 0x4000
2000096c:	b101      	cbz	r1, 20000970 <prepare_ep_buffer+0xa4>
2000096e:	0400      	lsls	r0, r0, #16
20000970:	e8bd 87f0 	ldmia.w	sp!, {r4, r5, r6, r7, r8, r9, sl, pc}
20000974:	f10e 3eff 	add.w	lr, lr, #4294967295
20000978:	442e      	add	r6, r5
2000097a:	e000      	b.n	2000097e <prepare_ep_buffer+0xb2>
2000097c:	3201      	adds	r2, #1
2000097e:	f812 4c01 	ldrb.w	r4, [r2, #-1]
20000982:	42b2      	cmp	r2, r6
20000984:	f80e 4f01 	strb.w	r4, [lr, #1]!
20000988:	d1f8      	bne.n	2000097c <prepare_ep_buffer+0xb0>
2000098a:	e7e6      	b.n	2000095a <prepare_ep_buffer+0x8e>

2000098c <sync_ep_buffer>:
2000098c:	6883      	ldr	r3, [r0, #8]
2000098e:	4602      	mov	r2, r0
20000990:	6818      	ldr	r0, [r3, #0]
20000992:	b101      	cbz	r1, 20000996 <sync_ep_buffer+0xa>
20000994:	0c00      	lsrs	r0, r0, #16
20000996:	7853      	ldrb	r3, [r2, #1]
20000998:	f3c0 0009 	ubfx	r0, r0, #0, #10
2000099c:	2b00      	cmp	r3, #0
2000099e:	d03c      	beq.n	20000a1a <sync_ep_buffer+0x8e>
200009a0:	e92d 41f0 	stmdb	sp!, {r4, r5, r6, r7, r8, lr}
200009a4:	e9d2 3403 	ldrd	r3, r4, [r2, #12]
200009a8:	1e46      	subs	r6, r0, #1
200009aa:	eb03 1e81 	add.w	lr, r3, r1, lsl #6
200009ae:	b340      	cbz	r0, 20000a02 <sync_ep_buffer+0x76>
200009b0:	2e05      	cmp	r6, #5
200009b2:	d93b      	bls.n	20000a2c <sync_ep_buffer+0xa0>
200009b4:	0189      	lsls	r1, r1, #6
200009b6:	1c4d      	adds	r5, r1, #1
200009b8:	441d      	add	r5, r3
200009ba:	1b65      	subs	r5, r4, r5
200009bc:	2d02      	cmp	r5, #2
200009be:	d935      	bls.n	20000a2c <sync_ep_buffer+0xa0>
200009c0:	4673      	mov	r3, lr
200009c2:	4621      	mov	r1, r4
200009c4:	f400 777f 	and.w	r7, r0, #1020	@ 0x3fc
200009c8:	ea4f 0890 	mov.w	r8, r0, lsr #2
200009cc:	18fd      	adds	r5, r7, r3
200009ce:	f853 cb04 	ldr.w	ip, [r3], #4
200009d2:	42ab      	cmp	r3, r5
200009d4:	f841 cb04 	str.w	ip, [r1], #4
200009d8:	d1f9      	bne.n	200009ce <sync_ep_buffer+0x42>
200009da:	42b8      	cmp	r0, r7
200009dc:	eba6 0607 	sub.w	r6, r6, r7
200009e0:	eb04 0307 	add.w	r3, r4, r7
200009e4:	eb0e 0107 	add.w	r1, lr, r7
200009e8:	d00a      	beq.n	20000a00 <sync_ep_buffer+0x74>
200009ea:	f81e 5028 	ldrb.w	r5, [lr, r8, lsl #2]
200009ee:	f804 5028 	strb.w	r5, [r4, r8, lsl #2]
200009f2:	b12e      	cbz	r6, 20000a00 <sync_ep_buffer+0x74>
200009f4:	784c      	ldrb	r4, [r1, #1]
200009f6:	2e01      	cmp	r6, #1
200009f8:	705c      	strb	r4, [r3, #1]
200009fa:	d001      	beq.n	20000a00 <sync_ep_buffer+0x74>
200009fc:	7889      	ldrb	r1, [r1, #2]
200009fe:	7099      	strb	r1, [r3, #2]
20000a00:	6914      	ldr	r4, [r2, #16]
20000a02:	8ad3      	ldrh	r3, [r2, #22]
20000a04:	4404      	add	r4, r0
20000a06:	4403      	add	r3, r0
20000a08:	82d3      	strh	r3, [r2, #22]
20000a0a:	8b13      	ldrh	r3, [r2, #24]
20000a0c:	6114      	str	r4, [r2, #16]
20000a0e:	4283      	cmp	r3, r0
20000a10:	bf84      	itt	hi
20000a12:	2300      	movhi	r3, #0
20000a14:	8293      	strhhi	r3, [r2, #20]
20000a16:	e8bd 81f0 	ldmia.w	sp!, {r4, r5, r6, r7, r8, pc}
20000a1a:	8ad3      	ldrh	r3, [r2, #22]
20000a1c:	4403      	add	r3, r0
20000a1e:	82d3      	strh	r3, [r2, #22]
20000a20:	8b13      	ldrh	r3, [r2, #24]
20000a22:	4283      	cmp	r3, r0
20000a24:	bf84      	itt	hi
20000a26:	2300      	movhi	r3, #0
20000a28:	8293      	strhhi	r3, [r2, #20]
20000a2a:	4770      	bx	lr
20000a2c:	3c01      	subs	r4, #1
20000a2e:	eb0e 0100 	add.w	r1, lr, r0
20000a32:	f81e 3b01 	ldrb.w	r3, [lr], #1
20000a36:	4571      	cmp	r1, lr
20000a38:	f804 3f01 	strb.w	r3, [r4, #1]!
20000a3c:	d1f9      	bne.n	20000a32 <sync_ep_buffer+0xa6>
20000a3e:	e7df      	b.n	20000a00 <sync_ep_buffer+0x74>

20000a40 <_hw_endpoint_xfer_sync>:
20000a40:	b510      	push	{r4, lr}
20000a42:	4604      	mov	r4, r0
20000a44:	6883      	ldr	r3, [r0, #8]
20000a46:	2100      	movs	r1, #0
20000a48:	681b      	ldr	r3, [r3, #0]
20000a4a:	f7ff ff9f 	bl	2000098c <sync_ep_buffer>
20000a4e:	6863      	ldr	r3, [r4, #4]
20000a50:	681b      	ldr	r3, [r3, #0]
20000a52:	005b      	lsls	r3, r3, #1
20000a54:	d502      	bpl.n	20000a5c <_hw_endpoint_xfer_sync+0x1c>
20000a56:	8b23      	ldrh	r3, [r4, #24]
20000a58:	4283      	cmp	r3, r0
20000a5a:	d000      	beq.n	20000a5e <_hw_endpoint_xfer_sync+0x1e>
20000a5c:	bd10      	pop	{r4, pc}
20000a5e:	4620      	mov	r0, r4
20000a60:	e8bd 4010 	ldmia.w	sp!, {r4, lr}
20000a64:	2101      	movs	r1, #1
20000a66:	f7ff bf91 	b.w	2000098c <sync_ep_buffer>
20000a6a:	bf00      	nop

20000a6c <e15_is_bulkin_ep>:
20000a6c:	4b08      	ldr	r3, [pc, #32]	@ (20000a90 <e15_is_bulkin_ep+0x24>)
20000a6e:	6c1b      	ldr	r3, [r3, #64]	@ 0x40
20000a70:	f013 0302 	ands.w	r3, r3, #2
20000a74:	d102      	bne.n	20000a7c <e15_is_bulkin_ep+0x10>
20000a76:	7882      	ldrb	r2, [r0, #2]
20000a78:	09d2      	lsrs	r2, r2, #7
20000a7a:	d101      	bne.n	20000a80 <e15_is_bulkin_ep+0x14>
20000a7c:	2000      	movs	r0, #0
20000a7e:	4770      	bx	lr
20000a80:	7ec0      	ldrb	r0, [r0, #27]
20000a82:	f1a0 0002 	sub.w	r0, r0, #2
20000a86:	fab0 f080 	clz	r0, r0
20000a8a:	0940      	lsrs	r0, r0, #5
20000a8c:	4770      	bx	lr
20000a8e:	bf00      	nop
20000a90:	50110000 	.word	0x50110000

20000a94 <e15_is_critical_frame_period>:
20000a94:	b508      	push	{r3, lr}
20000a96:	f7ff ffe9 	bl	20000a6c <e15_is_bulkin_ep>
20000a9a:	b150      	cbz	r0, 20000ab2 <e15_is_critical_frame_period+0x1e>
20000a9c:	4a05      	ldr	r2, [pc, #20]	@ (20000ab4 <e15_is_critical_frame_period+0x20>)
20000a9e:	4b06      	ldr	r3, [pc, #24]	@ (20000ab8 <e15_is_critical_frame_period+0x24>)
20000aa0:	6a90      	ldr	r0, [r2, #40]	@ 0x28
20000aa2:	681b      	ldr	r3, [r3, #0]
20000aa4:	f5a0 7048 	sub.w	r0, r0, #800	@ 0x320
20000aa8:	1ac0      	subs	r0, r0, r3
20000aaa:	28c6      	cmp	r0, #198	@ 0xc6
20000aac:	bf8c      	ite	hi
20000aae:	2000      	movhi	r0, #0
20000ab0:	2001      	movls	r0, #1
20000ab2:	bd08      	pop	{r3, pc}
20000ab4:	400b0000 	.word	0x400b0000
20000ab8:	200020e8 	.word	0x200020e8

20000abc <hw_endpoint_reset_transfer>:
20000abc:	2300      	movs	r3, #0
20000abe:	e9c0 3304 	strd	r3, r3, [r0, #16]
20000ac2:	7683      	strb	r3, [r0, #26]
20000ac4:	4770      	bx	lr
20000ac6:	bf00      	nop

20000ac8 <_hw_endpoint_buffer_control_update32>:
20000ac8:	b510      	push	{r4, lr}
20000aca:	6883      	ldr	r3, [r0, #8]
20000acc:	b109      	cbz	r1, 20000ad2 <_hw_endpoint_buffer_control_update32+0xa>
20000ace:	681c      	ldr	r4, [r3, #0]
20000ad0:	4021      	ands	r1, r4
20000ad2:	b182      	cbz	r2, 20000af6 <_hw_endpoint_buffer_control_update32+0x2e>
20000ad4:	4311      	orrs	r1, r2
20000ad6:	0552      	lsls	r2, r2, #21
20000ad8:	d50d      	bpl.n	20000af6 <_hw_endpoint_buffer_control_update32+0x2e>
20000ada:	681a      	ldr	r2, [r3, #0]
20000adc:	0554      	lsls	r4, r2, #21
20000ade:	d40c      	bmi.n	20000afa <_hw_endpoint_buffer_control_update32+0x32>
20000ae0:	4a08      	ldr	r2, [pc, #32]	@ (20000b04 <_hw_endpoint_buffer_control_update32+0x3c>)
20000ae2:	f421 6480 	bic.w	r4, r1, #1024	@ 0x400
20000ae6:	601c      	str	r4, [r3, #0]
20000ae8:	6c12      	ldr	r2, [r2, #64]	@ 0x40
20000aea:	0792      	lsls	r2, r2, #30
20000aec:	d403      	bmi.n	20000af6 <_hw_endpoint_buffer_control_update32+0x2e>
20000aee:	230c      	movs	r3, #12
20000af0:	3b03      	subs	r3, #3
20000af2:	d2fd      	bcs.n	20000af0 <_hw_endpoint_buffer_control_update32+0x28>
20000af4:	6883      	ldr	r3, [r0, #8]
20000af6:	6019      	str	r1, [r3, #0]
20000af8:	bd10      	pop	{r4, pc}
20000afa:	7881      	ldrb	r1, [r0, #2]
20000afc:	4802      	ldr	r0, [pc, #8]	@ (20000b08 <_hw_endpoint_buffer_control_update32+0x40>)
20000afe:	f000 fb2b 	bl	20001158 <__panic_veneer>
20000b02:	bf00      	nop
20000b04:	50110000 	.word	0x50110000
20000b08:	100088c4 	.word	0x100088c4

20000b0c <hw_endpoint_start_next_buffer>:
20000b0c:	b530      	push	{r4, r5, lr}
20000b0e:	6843      	ldr	r3, [r0, #4]
20000b10:	2100      	movs	r1, #0
20000b12:	b083      	sub	sp, #12
20000b14:	4604      	mov	r4, r0
20000b16:	681d      	ldr	r5, [r3, #0]
20000b18:	f7ff fed8 	bl	200008cc <prepare_ep_buffer>
20000b1c:	4b13      	ldr	r3, [pc, #76]	@ (20000b6c <hw_endpoint_start_next_buffer+0x60>)
20000b1e:	f440 5280 	orr.w	r2, r0, #4096	@ 0x1000
20000b22:	6c19      	ldr	r1, [r3, #64]	@ 0x40
20000b24:	78a3      	ldrb	r3, [r4, #2]
20000b26:	0789      	lsls	r1, r1, #30
20000b28:	d50e      	bpl.n	20000b48 <hw_endpoint_start_next_buffer+0x3c>
20000b2a:	065b      	lsls	r3, r3, #25
20000b2c:	d00e      	beq.n	20000b4c <hw_endpoint_start_next_buffer+0x40>
20000b2e:	f025 45a0 	bic.w	r5, r5, #1342177280	@ 0x50000000
20000b32:	f045 5500 	orr.w	r5, r5, #536870912	@ 0x20000000
20000b36:	2100      	movs	r1, #0
20000b38:	4620      	mov	r0, r4
20000b3a:	6863      	ldr	r3, [r4, #4]
20000b3c:	601d      	str	r5, [r3, #0]
20000b3e:	b003      	add	sp, #12
20000b40:	e8bd 4030 	ldmia.w	sp!, {r4, r5, lr}
20000b44:	f7ff bfc0 	b.w	20000ac8 <_hw_endpoint_buffer_control_update32>
20000b48:	09db      	lsrs	r3, r3, #7
20000b4a:	d0f0      	beq.n	20000b2e <hw_endpoint_start_next_buffer+0x22>
20000b4c:	8aa3      	ldrh	r3, [r4, #20]
20000b4e:	2b00      	cmp	r3, #0
20000b50:	d0ed      	beq.n	20000b2e <hw_endpoint_start_next_buffer+0x22>
20000b52:	2101      	movs	r1, #1
20000b54:	4620      	mov	r0, r4
20000b56:	9201      	str	r2, [sp, #4]
20000b58:	f7ff feb8 	bl	200008cc <prepare_ep_buffer>
20000b5c:	9a01      	ldr	r2, [sp, #4]
20000b5e:	f025 5500 	bic.w	r5, r5, #536870912	@ 0x20000000
20000b62:	4302      	orrs	r2, r0
20000b64:	f045 45a0 	orr.w	r5, r5, #1342177280	@ 0x50000000
20000b68:	e7e5      	b.n	20000b36 <hw_endpoint_start_next_buffer+0x2a>
20000b6a:	bf00      	nop
20000b6c:	50110000 	.word	0x50110000

20000b70 <hw_endpoint_xfer_continue>:
20000b70:	b538      	push	{r3, r4, r5, lr}
20000b72:	7e85      	ldrb	r5, [r0, #26]
20000b74:	4604      	mov	r4, r0
20000b76:	b195      	cbz	r5, 20000b9e <hw_endpoint_xfer_continue+0x2e>
20000b78:	f7ff ff62 	bl	20000a40 <_hw_endpoint_xfer_sync>
20000b7c:	8aa3      	ldrh	r3, [r4, #20]
20000b7e:	b90b      	cbnz	r3, 20000b84 <hw_endpoint_xfer_continue+0x14>
20000b80:	4628      	mov	r0, r5
20000b82:	bd38      	pop	{r3, r4, r5, pc}
20000b84:	4620      	mov	r0, r4
20000b86:	f7ff ff85 	bl	20000a94 <e15_is_critical_frame_period>
20000b8a:	b120      	cbz	r0, 20000b96 <hw_endpoint_xfer_continue+0x26>
20000b8c:	2301      	movs	r3, #1
20000b8e:	7723      	strb	r3, [r4, #28]
20000b90:	2500      	movs	r5, #0
20000b92:	4628      	mov	r0, r5
20000b94:	bd38      	pop	{r3, r4, r5, pc}
20000b96:	4620      	mov	r0, r4
20000b98:	f7ff ffb8 	bl	20000b0c <hw_endpoint_start_next_buffer>
20000b9c:	e7f8      	b.n	20000b90 <hw_endpoint_xfer_continue+0x20>
20000b9e:	7881      	ldrb	r1, [r0, #2]
20000ba0:	4801      	ldr	r0, [pc, #4]	@ (20000ba8 <hw_endpoint_xfer_continue+0x38>)
20000ba2:	f000 fad9 	bl	20001158 <__panic_veneer>
20000ba6:	bf00      	nop
20000ba8:	100088e4 	.word	0x100088e4

20000bac <dcd_event_handler>:
20000bac:	e92d 43f0 	stmdb	sp!, {r4, r5, r6, r7, r8, r9, lr}
20000bb0:	7843      	ldrb	r3, [r0, #1]
20000bb2:	4681      	mov	r9, r0
20000bb4:	3b02      	subs	r3, #2
20000bb6:	460d      	mov	r5, r1
20000bb8:	b085      	sub	sp, #20
20000bba:	2b04      	cmp	r3, #4
20000bbc:	d813      	bhi.n	20000be6 <dcd_event_handler+0x3a>
20000bbe:	e8df f003 	tbb	[pc, r3]
20000bc2:	4a03      	.short	0x4a03
20000bc4:	736a      	.short	0x736a
20000bc6:	44          	.byte	0x44
20000bc7:	00          	.byte	0x00
20000bc8:	2100      	movs	r1, #0
20000bca:	4b7b      	ldr	r3, [pc, #492]	@ (20000db8 <dcd_event_handler+0x20c>)
20000bcc:	781a      	ldrb	r2, [r3, #0]
20000bce:	f022 0201 	bic.w	r2, r2, #1
20000bd2:	701a      	strb	r2, [r3, #0]
20000bd4:	781a      	ldrb	r2, [r3, #0]
20000bd6:	f022 0202 	bic.w	r2, r2, #2
20000bda:	701a      	strb	r2, [r3, #0]
20000bdc:	7059      	strb	r1, [r3, #1]
20000bde:	781a      	ldrb	r2, [r3, #0]
20000be0:	f361 0282 	bfi	r2, r1, #2, #1
20000be4:	701a      	strb	r2, [r3, #0]
20000be6:	4b75      	ldr	r3, [pc, #468]	@ (20000dbc <dcd_event_handler+0x210>)
20000be8:	681c      	ldr	r4, [r3, #0]
20000bea:	6963      	ldr	r3, [r4, #20]
20000bec:	f3ef 8210 	mrs	r2, PRIMASK
20000bf0:	b672      	cpsid	i
20000bf2:	e8d3 0fcf 	ldaexb	r0, [r3]
20000bf6:	2101      	movs	r1, #1
20000bf8:	2800      	cmp	r0, #0
20000bfa:	d1fa      	bne.n	20000bf2 <dcd_event_handler+0x46>
20000bfc:	e8c3 1f40 	strexb	r0, r1, [r3]
20000c00:	2800      	cmp	r0, #0
20000c02:	d1f6      	bne.n	20000bf2 <dcd_event_handler+0x46>
20000c04:	f3bf 8f5f 	dmb	sy
20000c08:	61a2      	str	r2, [r4, #24]
20000c0a:	4649      	mov	r1, r9
20000c0c:	4620      	mov	r0, r4
20000c0e:	f000 faaf 	bl	20001170 <__tu_fifo_write_veneer>
20000c12:	2300      	movs	r3, #0
20000c14:	6962      	ldr	r2, [r4, #20]
20000c16:	e8c2 3f8f 	stlb	r3, [r2]
20000c1a:	69a3      	ldr	r3, [r4, #24]
20000c1c:	f383 8810 	msr	PRIMASK, r3
20000c20:	b948      	cbnz	r0, 20000c36 <dcd_event_handler+0x8a>
20000c22:	f04f 23e0 	mov.w	r3, #3758153728	@ 0xe000e000
20000c26:	f8d3 3df0 	ldr.w	r3, [r3, #3568]	@ 0xdf0
20000c2a:	07db      	lsls	r3, r3, #31
20000c2c:	d50a      	bpl.n	20000c44 <dcd_event_handler+0x98>
20000c2e:	be00      	bkpt	0x0000
20000c30:	b005      	add	sp, #20
20000c32:	e8bd 83f0 	ldmia.w	sp!, {r4, r5, r6, r7, r8, r9, pc}
20000c36:	462a      	mov	r2, r5
20000c38:	f899 1001 	ldrb.w	r1, [r9, #1]
20000c3c:	f899 0000 	ldrb.w	r0, [r9]
20000c40:	f000 fa9a 	bl	20001178 <__tud_event_hook_cb_veneer>
20000c44:	b005      	add	sp, #20
20000c46:	e8bd 83f0 	ldmia.w	sp!, {r4, r5, r6, r7, r8, r9, pc}
20000c4a:	4a5d      	ldr	r2, [pc, #372]	@ (20000dc0 <dcd_event_handler+0x214>)
20000c4c:	7813      	ldrb	r3, [r2, #0]
20000c4e:	3301      	adds	r3, #1
20000c50:	b2db      	uxtb	r3, r3
20000c52:	7013      	strb	r3, [r2, #0]
20000c54:	e7c7      	b.n	20000be6 <dcd_event_handler+0x3a>
20000c56:	2400      	movs	r4, #0
20000c58:	4e5a      	ldr	r6, [pc, #360]	@ (20000dc4 <dcd_event_handler+0x218>)
20000c5a:	4623      	mov	r3, r4
20000c5c:	7831      	ldrb	r1, [r6, #0]
20000c5e:	f8df 816c 	ldr.w	r8, [pc, #364]	@ 20000dcc <dcd_event_handler+0x220>
20000c62:	4f59      	ldr	r7, [pc, #356]	@ (20000dc8 <dcd_event_handler+0x21c>)
20000c64:	e011      	b.n	20000c8a <dcd_event_handler+0xde>
20000c66:	683b      	ldr	r3, [r7, #0]
20000c68:	eb13 1344 	adds.w	r3, r3, r4, lsl #5
20000c6c:	d007      	beq.n	20000c7e <dcd_event_handler+0xd2>
20000c6e:	69db      	ldr	r3, [r3, #28]
20000c70:	b12b      	cbz	r3, 20000c7e <dcd_event_handler+0xd2>
20000c72:	f8d9 1004 	ldr.w	r1, [r9, #4]
20000c76:	f899 0000 	ldrb.w	r0, [r9]
20000c7a:	4798      	blx	r3
20000c7c:	7831      	ldrb	r1, [r6, #0]
20000c7e:	3401      	adds	r4, #1
20000c80:	b2e4      	uxtb	r4, r4
20000c82:	1c4a      	adds	r2, r1, #1
20000c84:	42a2      	cmp	r2, r4
20000c86:	4623      	mov	r3, r4
20000c88:	db17      	blt.n	20000cba <dcd_event_handler+0x10e>
20000c8a:	42a1      	cmp	r1, r4
20000c8c:	d8eb      	bhi.n	20000c66 <dcd_event_handler+0xba>
20000c8e:	1a5b      	subs	r3, r3, r1
20000c90:	eb08 1343 	add.w	r3, r8, r3, lsl #5
20000c94:	e7eb      	b.n	20000c6e <dcd_event_handler+0xc2>
20000c96:	4b48      	ldr	r3, [pc, #288]	@ (20000db8 <dcd_event_handler+0x20c>)
20000c98:	781a      	ldrb	r2, [r3, #0]
20000c9a:	07d6      	lsls	r6, r2, #31
20000c9c:	d5d2      	bpl.n	20000c44 <dcd_event_handler+0x98>
20000c9e:	781a      	ldrb	r2, [r3, #0]
20000ca0:	f042 0204 	orr.w	r2, r2, #4
20000ca4:	701a      	strb	r2, [r3, #0]
20000ca6:	e79e      	b.n	20000be6 <dcd_event_handler+0x3a>
20000ca8:	4b43      	ldr	r3, [pc, #268]	@ (20000db8 <dcd_event_handler+0x20c>)
20000caa:	781a      	ldrb	r2, [r3, #0]
20000cac:	07d4      	lsls	r4, r2, #31
20000cae:	d5c9      	bpl.n	20000c44 <dcd_event_handler+0x98>
20000cb0:	781a      	ldrb	r2, [r3, #0]
20000cb2:	f022 0204 	bic.w	r2, r2, #4
20000cb6:	701a      	strb	r2, [r3, #0]
20000cb8:	e795      	b.n	20000be6 <dcd_event_handler+0x3a>
20000cba:	4c3f      	ldr	r4, [pc, #252]	@ (20000db8 <dcd_event_handler+0x20c>)
20000cbc:	7823      	ldrb	r3, [r4, #0]
20000cbe:	0758      	lsls	r0, r3, #29
20000cc0:	d43a      	bmi.n	20000d38 <dcd_event_handler+0x18c>
20000cc2:	78e3      	ldrb	r3, [r4, #3]
20000cc4:	07da      	lsls	r2, r3, #31
20000cc6:	d5bd      	bpl.n	20000c44 <dcd_event_handler+0x98>
20000cc8:	2303      	movs	r3, #3
20000cca:	2600      	movs	r6, #0
20000ccc:	4a3b      	ldr	r2, [pc, #236]	@ (20000dbc <dcd_event_handler+0x210>)
20000cce:	f899 1000 	ldrb.w	r1, [r9]
20000cd2:	6814      	ldr	r4, [r2, #0]
20000cd4:	f8d9 2004 	ldr.w	r2, [r9, #4]
20000cd8:	f88d 1004 	strb.w	r1, [sp, #4]
20000cdc:	f88d 3005 	strb.w	r3, [sp, #5]
20000ce0:	6963      	ldr	r3, [r4, #20]
20000ce2:	f8cd 6006 	str.w	r6, [sp, #6]
20000ce6:	f8cd 600a 	str.w	r6, [sp, #10]
20000cea:	f8ad 600e 	strh.w	r6, [sp, #14]
20000cee:	9202      	str	r2, [sp, #8]
20000cf0:	f3ef 8210 	mrs	r2, PRIMASK
20000cf4:	b672      	cpsid	i
20000cf6:	e8d3 0fcf 	ldaexb	r0, [r3]
20000cfa:	2101      	movs	r1, #1
20000cfc:	2800      	cmp	r0, #0
20000cfe:	d1fa      	bne.n	20000cf6 <dcd_event_handler+0x14a>
20000d00:	e8c3 1f40 	strexb	r0, r1, [r3]
20000d04:	2800      	cmp	r0, #0
20000d06:	d1f6      	bne.n	20000cf6 <dcd_event_handler+0x14a>
20000d08:	f3bf 8f5f 	dmb	sy
20000d0c:	4620      	mov	r0, r4
20000d0e:	61a2      	str	r2, [r4, #24]
20000d10:	a901      	add	r1, sp, #4
20000d12:	f000 fa2d 	bl	20001170 <__tu_fifo_write_veneer>
20000d16:	6963      	ldr	r3, [r4, #20]
20000d18:	e8c3 6f8f 	stlb	r6, [r3]
20000d1c:	69a3      	ldr	r3, [r4, #24]
20000d1e:	f383 8810 	msr	PRIMASK, r3
20000d22:	2800      	cmp	r0, #0
20000d24:	f43f af7d 	beq.w	20000c22 <dcd_event_handler+0x76>
20000d28:	462a      	mov	r2, r5
20000d2a:	f89d 1005 	ldrb.w	r1, [sp, #5]
20000d2e:	f89d 0004 	ldrb.w	r0, [sp, #4]
20000d32:	f000 fa21 	bl	20001178 <__tud_event_hook_cb_veneer>
20000d36:	e785      	b.n	20000c44 <dcd_event_handler+0x98>
20000d38:	7823      	ldrb	r3, [r4, #0]
20000d3a:	2700      	movs	r7, #0
20000d3c:	f023 0304 	bic.w	r3, r3, #4
20000d40:	7023      	strb	r3, [r4, #0]
20000d42:	2305      	movs	r3, #5
20000d44:	4a1d      	ldr	r2, [pc, #116]	@ (20000dbc <dcd_event_handler+0x210>)
20000d46:	f88d 3005 	strb.w	r3, [sp, #5]
20000d4a:	6816      	ldr	r6, [r2, #0]
20000d4c:	f899 2000 	ldrb.w	r2, [r9]
20000d50:	f8ad 700e 	strh.w	r7, [sp, #14]
20000d54:	f88d 2004 	strb.w	r2, [sp, #4]
20000d58:	6973      	ldr	r3, [r6, #20]
20000d5a:	f8cd 7006 	str.w	r7, [sp, #6]
20000d5e:	f8cd 700a 	str.w	r7, [sp, #10]
20000d62:	f3ef 8210 	mrs	r2, PRIMASK
20000d66:	b672      	cpsid	i
20000d68:	e8d3 0fcf 	ldaexb	r0, [r3]
20000d6c:	2101      	movs	r1, #1
20000d6e:	2800      	cmp	r0, #0
20000d70:	d1fa      	bne.n	20000d68 <dcd_event_handler+0x1bc>
20000d72:	e8c3 1f40 	strexb	r0, r1, [r3]
20000d76:	2800      	cmp	r0, #0
20000d78:	d1f6      	bne.n	20000d68 <dcd_event_handler+0x1bc>
20000d7a:	f3bf 8f5f 	dmb	sy
20000d7e:	4630      	mov	r0, r6
20000d80:	61b2      	str	r2, [r6, #24]
20000d82:	a901      	add	r1, sp, #4
20000d84:	f000 f9f4 	bl	20001170 <__tu_fifo_write_veneer>
20000d88:	6973      	ldr	r3, [r6, #20]
20000d8a:	e8c3 7f8f 	stlb	r7, [r3]
20000d8e:	69b3      	ldr	r3, [r6, #24]
20000d90:	f383 8810 	msr	PRIMASK, r3
20000d94:	b938      	cbnz	r0, 20000da6 <dcd_event_handler+0x1fa>
20000d96:	f04f 23e0 	mov.w	r3, #3758153728	@ 0xe000e000
20000d9a:	f8d3 3df0 	ldr.w	r3, [r3, #3568]	@ 0xdf0
20000d9e:	07d9      	lsls	r1, r3, #31
20000da0:	d58f      	bpl.n	20000cc2 <dcd_event_handler+0x116>
20000da2:	be00      	bkpt	0x0000
20000da4:	e78d      	b.n	20000cc2 <dcd_event_handler+0x116>
20000da6:	462a      	mov	r2, r5
20000da8:	f89d 1005 	ldrb.w	r1, [sp, #5]
20000dac:	f89d 0004 	ldrb.w	r0, [sp, #4]
20000db0:	f000 f9e2 	bl	20001178 <__tud_event_hook_cb_veneer>
20000db4:	e785      	b.n	20000cc2 <dcd_event_handler+0x116>
20000db6:	bf00      	nop
20000db8:	20001c98 	.word	0x20001c98
20000dbc:	20001cf0 	.word	0x20001cf0
20000dc0:	200026d2 	.word	0x200026d2
20000dc4:	200026d0 	.word	0x200026d0
20000dc8:	20001ac8 	.word	0x20001ac8
20000dcc:	10008b4c 	.word	0x10008b4c

20000dd0 <__aeabi_uldivmod>:
20000dd0:	b953      	cbnz	r3, 20000de8 <__aeabi_uldivmod+0x18>
20000dd2:	b94a      	cbnz	r2, 20000de8 <__aeabi_uldivmod+0x18>
20000dd4:	2900      	cmp	r1, #0
20000dd6:	bf08      	it	eq
20000dd8:	2800      	cmpeq	r0, #0
20000dda:	bf1c      	itt	ne
20000ddc:	f04f 31ff 	movne.w	r1, #4294967295
20000de0:	f04f 30ff 	movne.w	r0, #4294967295
20000de4:	f000 b9b2 	b.w	2000114c <__aeabi_idiv0>
20000de8:	f1ad 0c08 	sub.w	ip, sp, #8
20000dec:	e96d ce04 	strd	ip, lr, [sp, #-16]!
20000df0:	f000 f806 	bl	20000e00 <__udivmoddi4>
20000df4:	f8dd e004 	ldr.w	lr, [sp, #4]
20000df8:	e9dd 2302 	ldrd	r2, r3, [sp, #8]
20000dfc:	b004      	add	sp, #16
20000dfe:	4770      	bx	lr

20000e00 <__udivmoddi4>:
20000e00:	e92d 4ff0 	stmdb	sp!, {r4, r5, r6, r7, r8, r9, sl, fp, lr}
20000e04:	468c      	mov	ip, r1
20000e06:	9e09      	ldr	r6, [sp, #36]	@ 0x24
20000e08:	4604      	mov	r4, r0
20000e0a:	460f      	mov	r7, r1
20000e0c:	2b00      	cmp	r3, #0
20000e0e:	d148      	bne.n	20000ea2 <__udivmoddi4+0xa2>
20000e10:	428a      	cmp	r2, r1
20000e12:	4615      	mov	r5, r2
20000e14:	d95e      	bls.n	20000ed4 <__udivmoddi4+0xd4>
20000e16:	fab2 f382 	clz	r3, r2
20000e1a:	b13b      	cbz	r3, 20000e2c <__udivmoddi4+0x2c>
20000e1c:	f1c3 0220 	rsb	r2, r3, #32
20000e20:	409f      	lsls	r7, r3
20000e22:	409d      	lsls	r5, r3
20000e24:	409c      	lsls	r4, r3
20000e26:	fa20 f202 	lsr.w	r2, r0, r2
20000e2a:	4317      	orrs	r7, r2
20000e2c:	ea4f 4e15 	mov.w	lr, r5, lsr #16
20000e30:	fa1f fc85 	uxth.w	ip, r5
20000e34:	0c22      	lsrs	r2, r4, #16
20000e36:	fbb7 f1fe 	udiv	r1, r7, lr
20000e3a:	fb0e 7711 	mls	r7, lr, r1, r7
20000e3e:	fb01 f00c 	mul.w	r0, r1, ip
20000e42:	ea42 4207 	orr.w	r2, r2, r7, lsl #16
20000e46:	4290      	cmp	r0, r2
20000e48:	d907      	bls.n	20000e5a <__udivmoddi4+0x5a>
20000e4a:	18aa      	adds	r2, r5, r2
20000e4c:	f101 37ff 	add.w	r7, r1, #4294967295
20000e50:	d202      	bcs.n	20000e58 <__udivmoddi4+0x58>
20000e52:	4290      	cmp	r0, r2
20000e54:	f200 8158 	bhi.w	20001108 <__udivmoddi4+0x308>
20000e58:	4639      	mov	r1, r7
20000e5a:	1a12      	subs	r2, r2, r0
20000e5c:	b2a4      	uxth	r4, r4
20000e5e:	fbb2 f0fe 	udiv	r0, r2, lr
20000e62:	fb0e 2210 	mls	r2, lr, r0, r2
20000e66:	fb00 fc0c 	mul.w	ip, r0, ip
20000e6a:	ea44 4402 	orr.w	r4, r4, r2, lsl #16
20000e6e:	45a4      	cmp	ip, r4
20000e70:	d90b      	bls.n	20000e8a <__udivmoddi4+0x8a>
20000e72:	192c      	adds	r4, r5, r4
20000e74:	f100 32ff 	add.w	r2, r0, #4294967295
20000e78:	bf2c      	ite	cs
20000e7a:	2701      	movcs	r7, #1
20000e7c:	2700      	movcc	r7, #0
20000e7e:	45a4      	cmp	ip, r4
20000e80:	d902      	bls.n	20000e88 <__udivmoddi4+0x88>
20000e82:	2f00      	cmp	r7, #0
20000e84:	f000 8143 	beq.w	2000110e <__udivmoddi4+0x30e>
20000e88:	4610      	mov	r0, r2
20000e8a:	ea40 4001 	orr.w	r0, r0, r1, lsl #16
20000e8e:	eba4 040c 	sub.w	r4, r4, ip
20000e92:	2100      	movs	r1, #0
20000e94:	b11e      	cbz	r6, 20000e9e <__udivmoddi4+0x9e>
20000e96:	40dc      	lsrs	r4, r3
20000e98:	2300      	movs	r3, #0
20000e9a:	e9c6 4300 	strd	r4, r3, [r6]
20000e9e:	e8bd 8ff0 	ldmia.w	sp!, {r4, r5, r6, r7, r8, r9, sl, fp, pc}
20000ea2:	428b      	cmp	r3, r1
20000ea4:	d906      	bls.n	20000eb4 <__udivmoddi4+0xb4>
20000ea6:	b10e      	cbz	r6, 20000eac <__udivmoddi4+0xac>
20000ea8:	e9c6 0100 	strd	r0, r1, [r6]
20000eac:	2100      	movs	r1, #0
20000eae:	4608      	mov	r0, r1
20000eb0:	e8bd 8ff0 	ldmia.w	sp!, {r4, r5, r6, r7, r8, r9, sl, fp, pc}
20000eb4:	fab3 f183 	clz	r1, r3
20000eb8:	2900      	cmp	r1, #0
20000eba:	d151      	bne.n	20000f60 <__udivmoddi4+0x160>
20000ebc:	4563      	cmp	r3, ip
20000ebe:	f0c0 8116 	bcc.w	200010ee <__udivmoddi4+0x2ee>
20000ec2:	4282      	cmp	r2, r0
20000ec4:	f240 8113 	bls.w	200010ee <__udivmoddi4+0x2ee>
20000ec8:	4608      	mov	r0, r1
20000eca:	2e00      	cmp	r6, #0
20000ecc:	d0e7      	beq.n	20000e9e <__udivmoddi4+0x9e>
20000ece:	e9c6 4700 	strd	r4, r7, [r6]
20000ed2:	e7e4      	b.n	20000e9e <__udivmoddi4+0x9e>
20000ed4:	2a00      	cmp	r2, #0
20000ed6:	f000 80af 	beq.w	20001038 <__udivmoddi4+0x238>
20000eda:	fab2 f382 	clz	r3, r2
20000ede:	2b00      	cmp	r3, #0
20000ee0:	f040 80c2 	bne.w	20001068 <__udivmoddi4+0x268>
20000ee4:	1a8a      	subs	r2, r1, r2
20000ee6:	ea4f 4e15 	mov.w	lr, r5, lsr #16
20000eea:	b2af      	uxth	r7, r5
20000eec:	2101      	movs	r1, #1
20000eee:	0c20      	lsrs	r0, r4, #16
20000ef0:	fbb2 fcfe 	udiv	ip, r2, lr
20000ef4:	fb0e 221c 	mls	r2, lr, ip, r2
20000ef8:	ea40 4202 	orr.w	r2, r0, r2, lsl #16
20000efc:	fb07 f00c 	mul.w	r0, r7, ip
20000f00:	4290      	cmp	r0, r2
20000f02:	d90e      	bls.n	20000f22 <__udivmoddi4+0x122>
20000f04:	18aa      	adds	r2, r5, r2
20000f06:	f10c 38ff 	add.w	r8, ip, #4294967295
20000f0a:	bf2c      	ite	cs
20000f0c:	f04f 0901 	movcs.w	r9, #1
20000f10:	f04f 0900 	movcc.w	r9, #0
20000f14:	4290      	cmp	r0, r2
20000f16:	d903      	bls.n	20000f20 <__udivmoddi4+0x120>
20000f18:	f1b9 0f00 	cmp.w	r9, #0
20000f1c:	f000 80f0 	beq.w	20001100 <__udivmoddi4+0x300>
20000f20:	46c4      	mov	ip, r8
20000f22:	1a12      	subs	r2, r2, r0
20000f24:	b2a4      	uxth	r4, r4
20000f26:	fbb2 f0fe 	udiv	r0, r2, lr
20000f2a:	fb0e 2210 	mls	r2, lr, r0, r2
20000f2e:	fb00 f707 	mul.w	r7, r0, r7
20000f32:	ea44 4402 	orr.w	r4, r4, r2, lsl #16
20000f36:	42a7      	cmp	r7, r4
20000f38:	d90e      	bls.n	20000f58 <__udivmoddi4+0x158>
20000f3a:	192c      	adds	r4, r5, r4
20000f3c:	f100 32ff 	add.w	r2, r0, #4294967295
20000f40:	bf2c      	ite	cs
20000f42:	f04f 0e01 	movcs.w	lr, #1
20000f46:	f04f 0e00 	movcc.w	lr, #0
20000f4a:	42a7      	cmp	r7, r4
20000f4c:	d903      	bls.n	20000f56 <__udivmoddi4+0x156>
20000f4e:	f1be 0f00 	cmp.w	lr, #0
20000f52:	f000 80d2 	beq.w	200010fa <__udivmoddi4+0x2fa>
20000f56:	4610      	mov	r0, r2
20000f58:	1be4      	subs	r4, r4, r7
20000f5a:	ea40 400c 	orr.w	r0, r0, ip, lsl #16
20000f5e:	e799      	b.n	20000e94 <__udivmoddi4+0x94>
20000f60:	f1c1 0520 	rsb	r5, r1, #32
20000f64:	408b      	lsls	r3, r1
20000f66:	fa0c f401 	lsl.w	r4, ip, r1
20000f6a:	fa00 f901 	lsl.w	r9, r0, r1
20000f6e:	fa22 f705 	lsr.w	r7, r2, r5
20000f72:	fa2c fc05 	lsr.w	ip, ip, r5
20000f76:	408a      	lsls	r2, r1
20000f78:	431f      	orrs	r7, r3
20000f7a:	fa20 f305 	lsr.w	r3, r0, r5
20000f7e:	0c38      	lsrs	r0, r7, #16
20000f80:	4323      	orrs	r3, r4
20000f82:	fa1f fe87 	uxth.w	lr, r7
20000f86:	0c1c      	lsrs	r4, r3, #16
20000f88:	fbbc f8f0 	udiv	r8, ip, r0
20000f8c:	fb00 cc18 	mls	ip, r0, r8, ip
20000f90:	ea44 440c 	orr.w	r4, r4, ip, lsl #16
20000f94:	fb08 fc0e 	mul.w	ip, r8, lr
20000f98:	45a4      	cmp	ip, r4
20000f9a:	d90e      	bls.n	20000fba <__udivmoddi4+0x1ba>
20000f9c:	193c      	adds	r4, r7, r4
20000f9e:	f108 3aff 	add.w	sl, r8, #4294967295
20000fa2:	bf2c      	ite	cs
20000fa4:	f04f 0b01 	movcs.w	fp, #1
20000fa8:	f04f 0b00 	movcc.w	fp, #0
20000fac:	45a4      	cmp	ip, r4
20000fae:	d903      	bls.n	20000fb8 <__udivmoddi4+0x1b8>
20000fb0:	f1bb 0f00 	cmp.w	fp, #0
20000fb4:	f000 80b8 	beq.w	20001128 <__udivmoddi4+0x328>
20000fb8:	46d0      	mov	r8, sl
20000fba:	eba4 040c 	sub.w	r4, r4, ip
20000fbe:	fa1f fc83 	uxth.w	ip, r3
20000fc2:	fbb4 f3f0 	udiv	r3, r4, r0
20000fc6:	fb00 4413 	mls	r4, r0, r3, r4
20000fca:	fb03 fe0e 	mul.w	lr, r3, lr
20000fce:	ea4c 4404 	orr.w	r4, ip, r4, lsl #16
20000fd2:	45a6      	cmp	lr, r4
20000fd4:	d90e      	bls.n	20000ff4 <__udivmoddi4+0x1f4>
20000fd6:	193c      	adds	r4, r7, r4
20000fd8:	f103 30ff 	add.w	r0, r3, #4294967295
20000fdc:	bf2c      	ite	cs
20000fde:	f04f 0c01 	movcs.w	ip, #1
20000fe2:	f04f 0c00 	movcc.w	ip, #0
20000fe6:	45a6      	cmp	lr, r4
20000fe8:	d903      	bls.n	20000ff2 <__udivmoddi4+0x1f2>
20000fea:	f1bc 0f00 	cmp.w	ip, #0
20000fee:	f000 809f 	beq.w	20001130 <__udivmoddi4+0x330>
20000ff2:	4603      	mov	r3, r0
20000ff4:	ea43 4008 	orr.w	r0, r3, r8, lsl #16
20000ff8:	eba4 040e 	sub.w	r4, r4, lr
20000ffc:	fba0 ec02 	umull	lr, ip, r0, r2
20001000:	4564      	cmp	r4, ip
20001002:	4673      	mov	r3, lr
20001004:	46e0      	mov	r8, ip
20001006:	d302      	bcc.n	2000100e <__udivmoddi4+0x20e>
20001008:	d107      	bne.n	2000101a <__udivmoddi4+0x21a>
2000100a:	45f1      	cmp	r9, lr
2000100c:	d205      	bcs.n	2000101a <__udivmoddi4+0x21a>
2000100e:	ebbe 0302 	subs.w	r3, lr, r2
20001012:	eb6c 0c07 	sbc.w	ip, ip, r7
20001016:	3801      	subs	r0, #1
20001018:	46e0      	mov	r8, ip
2000101a:	b15e      	cbz	r6, 20001034 <__udivmoddi4+0x234>
2000101c:	ebb9 0203 	subs.w	r2, r9, r3
20001020:	eb64 0408 	sbc.w	r4, r4, r8
20001024:	fa04 f505 	lsl.w	r5, r4, r5
20001028:	fa22 f301 	lsr.w	r3, r2, r1
2000102c:	40cc      	lsrs	r4, r1
2000102e:	431d      	orrs	r5, r3
20001030:	e9c6 5400 	strd	r5, r4, [r6]
20001034:	2100      	movs	r1, #0
20001036:	e732      	b.n	20000e9e <__udivmoddi4+0x9e>
20001038:	0842      	lsrs	r2, r0, #1
2000103a:	462f      	mov	r7, r5
2000103c:	084b      	lsrs	r3, r1, #1
2000103e:	46ac      	mov	ip, r5
20001040:	ea42 72c1 	orr.w	r2, r2, r1, lsl #31
20001044:	46ae      	mov	lr, r5
20001046:	07c4      	lsls	r4, r0, #31
20001048:	0c11      	lsrs	r1, r2, #16
2000104a:	b292      	uxth	r2, r2
2000104c:	ea41 4103 	orr.w	r1, r1, r3, lsl #16
20001050:	ea42 4201 	orr.w	r2, r2, r1, lsl #16
20001054:	fbb1 f1f5 	udiv	r1, r1, r5
20001058:	fbb3 f0f5 	udiv	r0, r3, r5
2000105c:	231f      	movs	r3, #31
2000105e:	eba2 020c 	sub.w	r2, r2, ip
20001062:	ea41 4100 	orr.w	r1, r1, r0, lsl #16
20001066:	e742      	b.n	20000eee <__udivmoddi4+0xee>
20001068:	409d      	lsls	r5, r3
2000106a:	f1c3 0220 	rsb	r2, r3, #32
2000106e:	4099      	lsls	r1, r3
20001070:	409c      	lsls	r4, r3
20001072:	fa2c fc02 	lsr.w	ip, ip, r2
20001076:	ea4f 4e15 	mov.w	lr, r5, lsr #16
2000107a:	fa20 f202 	lsr.w	r2, r0, r2
2000107e:	b2af      	uxth	r7, r5
20001080:	fbbc f8fe 	udiv	r8, ip, lr
20001084:	430a      	orrs	r2, r1
20001086:	fb0e cc18 	mls	ip, lr, r8, ip
2000108a:	0c11      	lsrs	r1, r2, #16
2000108c:	ea41 410c 	orr.w	r1, r1, ip, lsl #16
20001090:	fb08 fc07 	mul.w	ip, r8, r7
20001094:	458c      	cmp	ip, r1
20001096:	d950      	bls.n	2000113a <__udivmoddi4+0x33a>
20001098:	1869      	adds	r1, r5, r1
2000109a:	f108 30ff 	add.w	r0, r8, #4294967295
2000109e:	bf2c      	ite	cs
200010a0:	f04f 0901 	movcs.w	r9, #1
200010a4:	f04f 0900 	movcc.w	r9, #0
200010a8:	458c      	cmp	ip, r1
200010aa:	d902      	bls.n	200010b2 <__udivmoddi4+0x2b2>
200010ac:	f1b9 0f00 	cmp.w	r9, #0
200010b0:	d030      	beq.n	20001114 <__udivmoddi4+0x314>
200010b2:	eba1 010c 	sub.w	r1, r1, ip
200010b6:	fbb1 f8fe 	udiv	r8, r1, lr
200010ba:	fb08 fc07 	mul.w	ip, r8, r7
200010be:	fb0e 1118 	mls	r1, lr, r8, r1
200010c2:	b292      	uxth	r2, r2
200010c4:	ea42 4201 	orr.w	r2, r2, r1, lsl #16
200010c8:	4562      	cmp	r2, ip
200010ca:	d234      	bcs.n	20001136 <__udivmoddi4+0x336>
200010cc:	18aa      	adds	r2, r5, r2
200010ce:	f108 31ff 	add.w	r1, r8, #4294967295
200010d2:	bf2c      	ite	cs
200010d4:	f04f 0901 	movcs.w	r9, #1
200010d8:	f04f 0900 	movcc.w	r9, #0
200010dc:	4562      	cmp	r2, ip
200010de:	d2be      	bcs.n	2000105e <__udivmoddi4+0x25e>
200010e0:	f1b9 0f00 	cmp.w	r9, #0
200010e4:	d1bb      	bne.n	2000105e <__udivmoddi4+0x25e>
200010e6:	f1a8 0102 	sub.w	r1, r8, #2
200010ea:	442a      	add	r2, r5
200010ec:	e7b7      	b.n	2000105e <__udivmoddi4+0x25e>
200010ee:	1a84      	subs	r4, r0, r2
200010f0:	eb6c 0203 	sbc.w	r2, ip, r3
200010f4:	2001      	movs	r0, #1
200010f6:	4617      	mov	r7, r2
200010f8:	e6e7      	b.n	20000eca <__udivmoddi4+0xca>
200010fa:	442c      	add	r4, r5
200010fc:	3802      	subs	r0, #2
200010fe:	e72b      	b.n	20000f58 <__udivmoddi4+0x158>
20001100:	f1ac 0c02 	sub.w	ip, ip, #2
20001104:	442a      	add	r2, r5
20001106:	e70c      	b.n	20000f22 <__udivmoddi4+0x122>
20001108:	3902      	subs	r1, #2
2000110a:	442a      	add	r2, r5
2000110c:	e6a5      	b.n	20000e5a <__udivmoddi4+0x5a>
2000110e:	442c      	add	r4, r5
20001110:	3802      	subs	r0, #2
20001112:	e6ba      	b.n	20000e8a <__udivmoddi4+0x8a>
20001114:	eba5 0c0c 	sub.w	ip, r5, ip
20001118:	f1a8 0002 	sub.w	r0, r8, #2
2000111c:	4461      	add	r1, ip
2000111e:	fbb1 f8fe 	udiv	r8, r1, lr
20001122:	fb08 fc07 	mul.w	ip, r8, r7
20001126:	e7ca      	b.n	200010be <__udivmoddi4+0x2be>
20001128:	f1a8 0802 	sub.w	r8, r8, #2
2000112c:	443c      	add	r4, r7
2000112e:	e744      	b.n	20000fba <__udivmoddi4+0x1ba>
20001130:	3b02      	subs	r3, #2
20001132:	443c      	add	r4, r7
20001134:	e75e      	b.n	20000ff4 <__udivmoddi4+0x1f4>
20001136:	4641      	mov	r1, r8
20001138:	e791      	b.n	2000105e <__udivmoddi4+0x25e>
2000113a:	eba1 010c 	sub.w	r1, r1, ip
2000113e:	4640      	mov	r0, r8
20001140:	fbb1 f8fe 	udiv	r8, r1, lr
20001144:	fb08 fc07 	mul.w	ip, r8, r7
20001148:	e7b9      	b.n	200010be <__udivmoddi4+0x2be>
2000114a:	bf00      	nop

2000114c <__aeabi_idiv0>:
2000114c:	4770      	bx	lr
2000114e:	bf00      	nop

20001150 <__time_us_64_veneer>:
20001150:	f85f f000 	ldr.w	pc, [pc]	@ 20001154 <__time_us_64_veneer+0x4>
20001154:	10001169 	.word	0x10001169

20001158 <__panic_veneer>:
20001158:	f85f f000 	ldr.w	pc, [pc]	@ 2000115c <__panic_veneer+0x4>
2000115c:	1000040d 	.word	0x1000040d

20001160 <__memset_veneer>:
20001160:	f85f f000 	ldr.w	pc, [pc]	@ 20001164 <__memset_veneer+0x4>
20001164:	10008051 	.word	0x10008051

20001168 <__best_effort_wfe_or_timeout_veneer>:
20001168:	f85f f000 	ldr.w	pc, [pc]	@ 2000116c <__best_effort_wfe_or_timeout_veneer+0x4>
2000116c:	10001061 	.word	0x10001061

20001170 <__tu_fifo_write_veneer>:
20001170:	f85f f000 	ldr.w	pc, [pc]	@ 20001174 <__tu_fifo_write_veneer+0x4>
20001174:	100058d1 	.word	0x100058d1

20001178 <__tud_event_hook_cb_veneer>:
20001178:	f85f f000 	ldr.w	pc, [pc]	@ 2000117c <__tud_event_hook_cb_veneer+0x4>
2000117c:	10003ef9 	.word	0x10003ef9

20001180 <striped_spin_lock_num>:
20001180:	00000010                                ....

20001184 <irq_handler_chain_slots>:
20001184:	00000000 	.word	0x00000000
20001188:	00010000 	.word	0x00010000
	...
20001194:	00020000 	.word	0x00020000
	...
200011a0:	00030000 	.word	0x00030000
	...
200011ac:	00ff0000 	.word	0x00ff0000
200011b0:	00000000 	.word	0x00000000

200011b4 <irq_handler_chain_first_slot>:
200011b4:	b501      	push	{r0, lr}
200011b6:	6848      	ldr	r0, [r1, #4]
200011b8:	3101      	adds	r1, #1
200011ba:	468e      	mov	lr, r1
200011bc:	4700      	bx	r0

200011be <irq_handler_chain_remove_tail>:
200011be:	4670      	mov	r0, lr
200011c0:	3809      	subs	r0, #9
200011c2:	4901      	ldr	r1, [pc, #4]	@ (200011c8 <irq_handler_chain_remove_tail+0xa>)
200011c4:	4788      	blx	r1
200011c6:	bd01      	pop	{r0, pc}
200011c8:	10000881 	.word	0x10000881

200011cc <default_alarm_pool>:
	...
200011e0:	20001780                                ... 

200011e4 <stdio_usb>:
200011e4:	100036a5 10003651 100035c9 10003539     .6..Q6...5..95..
200011f4:	00000000 00000100                       ........

200011fc <_usbd_qdef>:
200011fc:	20001cf4 000c0010 00000000 00000000     ... ............
	...

20001218 <_usbd_rhport>:
20001218:	                                         .

20001219 <ucPrimaryCoreNum>:
20001219:	                                         ...

2000121c <ulCriticalNesting>:
2000121c:	aaaaaaaa                                ....

20001220 <__malloc_sbrk_base>:
20001220:	ffffffff                                ....

20001224 <__malloc_trim_threshold>:
20001224:	00020000                                ....

20001228 <__malloc_av_>:
	...
20001230:	20001228 20001228 20001230 20001230     (.. (.. 0.. 0.. 
20001240:	20001238 20001238 20001240 20001240     8.. 8.. @.. @.. 
20001250:	20001248 20001248 20001250 20001250     H.. H.. P.. P.. 
20001260:	20001258 20001258 20001260 20001260     X.. X.. `.. `.. 
20001270:	20001268 20001268 20001270 20001270     h.. h.. p.. p.. 
20001280:	20001278 20001278 20001280 20001280     x.. x.. ... ... 
20001290:	20001288 20001288 20001290 20001290     ... ... ... ... 
200012a0:	20001298 20001298 200012a0 200012a0     ... ... ... ... 
200012b0:	200012a8 200012a8 200012b0 200012b0     ... ... ... ... 
200012c0:	200012b8 200012b8 200012c0 200012c0     ... ... ... ... 
200012d0:	200012c8 200012c8 200012d0 200012d0     ... ... ... ... 
200012e0:	200012d8 200012d8 200012e0 200012e0     ... ... ... ... 
200012f0:	200012e8 200012e8 200012f0 200012f0     ... ... ... ... 
20001300:	200012f8 200012f8 20001300 20001300     ... ... ... ... 
20001310:	20001308 20001308 20001310 20001310     ... ... ... ... 
20001320:	20001318 20001318 20001320 20001320     ... ...  ..  .. 
20001330:	20001328 20001328 20001330 20001330     (.. (.. 0.. 0.. 
20001340:	20001338 20001338 20001340 20001340     8.. 8.. @.. @.. 
20001350:	20001348 20001348 20001350 20001350     H.. H.. P.. P.. 
20001360:	20001358 20001358 20001360 20001360     X.. X.. `.. `.. 
20001370:	20001368 20001368 20001370 20001370     h.. h.. p.. p.. 
20001380:	20001378 20001378 20001380 20001380     x.. x.. ... ... 
20001390:	20001388 20001388 20001390 20001390     ... ... ... ... 
200013a0:	20001398 20001398 200013a0 200013a0     ... ... ... ... 
200013b0:	200013a8 200013a8 200013b0 200013b0     ... ... ... ... 
200013c0:	200013b8 200013b8 200013c0 200013c0     ... ... ... ... 
200013d0:	200013c8 200013c8 200013d0 200013d0     ... ... ... ... 
200013e0:	200013d8 200013d8 200013e0 200013e0     ... ... ... ... 
200013f0:	200013e8 200013e8 200013f0 200013f0     ... ... ... ... 
20001400:	200013f8 200013f8 20001400 20001400     ... ... ... ... 
20001410:	20001408 20001408 20001410 20001410     ... ... ... ... 
20001420:	20001418 20001418 20001420 20001420     ... ...  ..  .. 
20001430:	20001428 20001428 20001430 20001430     (.. (.. 0.. 0.. 
20001440:	20001438 20001438 20001440 20001440     8.. 8.. @.. @.. 
20001450:	20001448 20001448 20001450 20001450     H.. H.. P.. P.. 
20001460:	20001458 20001458 20001460 20001460     X.. X.. `.. `.. 
20001470:	20001468 20001468 20001470 20001470     h.. h.. p.. p.. 
20001480:	20001478 20001478 20001480 20001480     x.. x.. ... ... 
20001490:	20001488 20001488 20001490 20001490     ... ... ... ... 
200014a0:	20001498 20001498 200014a0 200014a0     ... ... ... ... 
200014b0:	200014a8 200014a8 200014b0 200014b0     ... ... ... ... 
200014c0:	200014b8 200014b8 200014c0 200014c0     ... ... ... ... 
200014d0:	200014c8 200014c8 200014d0 200014d0     ... ... ... ... 
200014e0:	200014d8 200014d8 200014e0 200014e0     ... ... ... ... 
200014f0:	200014e8 200014e8 200014f0 200014f0     ... ... ... ... 
20001500:	200014f8 200014f8 20001500 20001500     ... ... ... ... 
20001510:	20001508 20001508 20001510 20001510     ... ... ... ... 
20001520:	20001518 20001518 20001520 20001520     ... ...  ..  .. 
20001530:	20001528 20001528 20001530 20001530     (.. (.. 0.. 0.. 
20001540:	20001538 20001538 20001540 20001540     8.. 8.. @.. @.. 
20001550:	20001548 20001548 20001550 20001550     H.. H.. P.. P.. 
20001560:	20001558 20001558 20001560 20001560     X.. X.. `.. `.. 
20001570:	20001568 20001568 20001570 20001570     h.. h.. p.. p.. 
20001580:	20001578 20001578 20001580 20001580     x.. x.. ... ... 
20001590:	20001588 20001588 20001590 20001590     ... ... ... ... 
200015a0:	20001598 20001598 200015a0 200015a0     ... ... ... ... 
200015b0:	200015a8 200015a8 200015b0 200015b0     ... ... ... ... 
200015c0:	200015b8 200015b8 200015c0 200015c0     ... ... ... ... 
200015d0:	200015c8 200015c8 200015d0 200015d0     ... ... ... ... 
200015e0:	200015d8 200015d8 200015e0 200015e0     ... ... ... ... 
200015f0:	200015e8 200015e8 200015f0 200015f0     ... ... ... ... 
20001600:	200015f8 200015f8 20001600 20001600     ... ... ... ... 
20001610:	20001608 20001608 20001610 20001610     ... ... ... ... 
20001620:	20001618 20001618 20001620 20001620     ... ...  ..  .. 

20001630 <_impure_ptr>:
20001630:	20001638 00000000                       8.. ....

20001638 <_impure_data>:
20001638:	00000000 20001990 200019f8 20001a60     ....... ... `.. 
	...
200016d0:	00000001 00000000 abcd330e e66d1234     .........3..4.m.
200016e0:	0005deec 0000000b 00000000 00000000     ................
	...

20001778 <print_mutex>:
	...
