:020000041000EA
:10000000002008205D0100101301001015010010F0
:100010001101001011010010110100101101001058
:10002000110100101101001011010010598500107C
:100030001101001011010010D98400103582001048
:100040001D0100101D0100101D0100101D010010F8
:100050001D0100101D0100101D0100101D010010E8
:100060001D0100101D0100101D0100101D010010D8
:100070001D0100101D0100101D0100101D010010C8
:100080001D0100101D0100101D0100101D010010B8
:100090001D0100101D0100101D0100101D010010A8
:1000A0001D0100101D0100101D0100101D01001098
:1000B0001D0100101D0100101D0100101D01001088
:1000C0001D0100101D0100101D0100101D01001078
:1000D0001D0100101D0100101D0100101D01001068
:1000E0001D0100101D0100101D0100101D01001058
:1000F0001D0100101D0100101D0100101D01001048
:100100001D0100101D0100101D0100101D01001037
:1001100000BE00BE00BE00BE00BE00BEEFF3058004
:10012000103800BEF2EB8871A09A0010C49A00103B
:10013000A801001090A31AE7D3DEFFFF42012110AF
:10014000FF01000084B30000793512AB4FF00000CE
:100150002049086006C881F3088810474FF05040D6
:10016000006810B14FF00000F2E70FA40ECC002998
:1001700002D000F015F8F9E71749184A002000E00E
:1001800001C19142FCD1002080F30A8814498847BC
:10019000144988471449884700BEFDE701C901C2D8
:1001A0009A42FBD3704700BFC49A00101001002090
:1001B000081B0020BCB4001000000820000008202C
:1001C000BCB400100010082000100820000000003F
:1001D0007047000008ED00E0081B00207C2A00208A
:1001E000ED38001095040010E5380010F8B500BF98
:1001F000064B0749C91A891048BF0131491003D07D
:10020000044B0BB101481847704700BF081B002082
:10021000081B00200000000008B5054B1BB1054974
:100220000548AFF30080BDE80840FFF7E1BF00BF1D
:10023000000000009C28002034950010F0B58BB021
:1002400004A808F0E1FA1D4C1D4F4FF0FF31206863
:1002500006F022FD0128F8D1684601A908F008FB44
:1002600004A9009808F03AFB04AA0646DDE900104C
:1002700008F058FB054613480296039503F0A2FCCC
:10028000304609F00DF902460B460F4803F01AFDFF
:1002900029460E4803F016FD02A900230A223868F9
:1002A00006F042FA4FF47A7007F0EAFA0023206869
:1002B0001A46194606F038FAC7E700BF7C29002025
:1002C00048240020389500105095001068950010C3
:1002D00080B5002192B0022008F026FA2D4808F0DF
:1002E0003BFA0021032008F01FFA2B4808F034FAEB
:1002F0000A2007F0C5FA294DDFF8B480284E18E02F
:100300003378012B08D108F00BFA0021084608F0D9
:100310000BFA244808F020FA4FF47A7007F0B0FA8C
:10032000002328681A46194606F0FEF9642007F0F3
:10033000A7FA4FF0FF31286806F0AEFC012804460A
:10034000EAD164226946D8F8000006F061FB3378F0
:1003500003F0FF07002BD3D1009809F0A1F80B465A
:100360000246114902A803F063FA019A0F490AA84C
:1003700003F05EFA3946384608F0D6F902A808F0CC
:10038000EBF92046394608F0CFF90AA808F0E4F95D
:10039000B6E700BF7C950010909500107C290020E6
:1003A000782A0020D0950010A8950010BC95001068
:1003B0004824002010B52A492A4806F007F90321ED
:1003C000042000F0AFF90321052000F0ABF9002272
:1003D0000121042000F0C4F900220121052000F0D1
:1003E000BFF9204808F0F2F9062000F021FA0624AF
:1003F0004FF0000343EC444001222046002100F06E
:10040000AFF90122184B2046082100F0BDF9272141
:10041000144808F0ADF908F083F90021084608F007
:1004200083F9124808F098F90021012008F07CF9BE
:100430000F4808F091F90021022008F075F90D48E5
:1004400008F08AF90021032008F06EF90A4808F044
:1004500083F908F065F9BDE81040002007F08AB87C
:10046000801A0600941500207D040010E09500100D
:10047000F09500100096001010960010062800D08D
:1004800070470B07FCD50122014B1A70704700BF63
:10049000782A002000B583B003F050FB012006F05D
:1004A00083FA0346204D0022082105202B6006F028
:1004B000FFF81E4A2B68106093B388B300244FF0F6
:1004C000010C4FF480722346CDE900C41849194845
:1004D00006F0CEFF4FF0020C4FF480722346CDE9B8
:1004E00000C41549154806F0C3FF4FF0040C4FF443
:1004F00080722346CDE900C41149124806F0B8FFC6
:10050000234622462146286806F00EF907F090F8A7
:100510000D4803F057FB4FF47A7001F03DF9F7E70F
:100520000A4803F04FFBC9E77C290020482400203B
:10053000549600103D0200105C960010D10200108D
:1005400060960010B5030010709600102096001001
:100550004FF050422DE9F84F6D4BD2F800A053F800
:100560002A70BAF1000F2CD0DFF8B0816FB30026EB
:10057000DFF8A0B1DFF8A091F3080C3358F823504E
:1005800034460836CDB105F00F0120462D0901345F
:1005900089B15BF82A2000F00703C2404FEAD00C73
:1005A0009B00D20701FA03F30CF18C0C02D449F83A
:1005B0002C30B8470DB1B442E5D3202EDCD1BDE8D4
:1005C000F88FDFF85C81002FD1D15248F90801F192
:1005D0000C0358F82330002B7BD013F00F054FEAA3
:1005E00013120AD050F82A40FC40E60703D44A4CC4
:1005F0008C3144F82150002A6BD012F00F024FEAE0
:1006000013210DD050F82A407D1CEC40E40705D49E
:10061000EC08414D12018C3445F82420002958D0B3
:1006200011F00F014FEA133207D050F82A40BD1CD9
:10063000EC40E60757D5002A4BD012F00F024FEAE4
:10064000134107D050F82A40FD1CEC40E40751D577
:1006500000293ED011F00F014FEA135207D02D4C64
:1006600054F82A503C1DE540EE074AD58AB312F0F3
:100670000F024FEA13610DD0264C54F82A507C1D0E
:10068000E540ED0705D4244DE40812058C3445F807
:100690002420F1B111F00F014FEA13731FD01D4C4C
:1006A000BD1D54F82A20EA40D60705D4EA081A4DA1
:1006B00009068C3245F822105BB154F82A10FA1D55
:1006C000D140C90705D41449D2081B078C3241F820
:1006D00022300837202F7FF479AFBDE8F88F002B48
:1006E000F7D00C4CE9E7EC080B4D09028C3445F8C7
:1006F0002410A0E7EC08084D12038C3445F82420A0
:10070000A6E7054DE40809048C3445F82410ADE74C
:10071000082400206C2900200080024090820240C2
:100720004882024010B44FF480740C4B53F82020E0
:1007300003EB8003C00082F0400200F1804003F52B
:10074000805C02F0C00200F5203003F54053CCF885
:10075000002041601C605DF8044B7047048003403A
:1007600010B4084CC90041EA820154F8202004EB7F
:100770008003514003F5805301F00C015DF8044BF8
:1007800019607047048003402DE9F0434FF0504951
:100790001F46DFF89880D9F80030164658F8232015
:1007A00004460D4683B032B387B348F823704FF048
:1007B00050431B68BBB1194BE10804F00704184A09
:1007C000A40005FA04F403EB81038C3142F82140C4
:1007D0005EB10121152003F500531C6003B0BDE894
:1007E000F04300F01DB90F4BE6E703F540531C60E2
:1007F00003B0BDE8F083002FDCD015200A4948F88B
:10080000237000F07FF9D9F80030D3E715200649AE
:10081000019300F06BFA019BC7E700BF9082024092
:100820000080024048820240510500100824002048
:1008300030B44FF0000343EC440043EC4000052586
:100840004FF480740B4BC20053F8201003EB800070
:1008500081F0400102F1804303F5203301F0C00232
:1008600000F5805100F540500A605D60046030BCC6
:10087000704700BF048003400FB400B583B0049CF0
:10088000074803F09FF93CB105A92046019102F009
:10089000F9FF044803F096F9012003F00BF800BFBC
:1008A000809600109096001070B58646EFF3108584
:1008B00072B6124CD4E8CF6F0120002EFAD1C4E8F2
:1008C000460F002EF6D1BFF35F8F4FF0010CC80822
:1008D00001F007030CFA03F31EF800C01CEA03063C
:1008E00008D14CEA030C0EF800C0C4E88F6F85F302
:1008F000108870BD1046FFF7BFFF00BFFF1F00202C
:10090000F8B5EFF3108772B61C4ED6E8CF5F01241E
:10091000002DFAD1C6E8454F002DF6D1BFF35F8F09
:100920009A421BD8012502E00132934222D3D40817
:1009300010F804E002F0070C05FA0CFC1EEA0C0F9C
:10094000F2D14EEA0C0E00F804E010460023C6E88F
:100950008F3F87F31088984207DBF8BD0023C6E875
:100960008F3F87F310884FF0FF300029F5D00698AD
:10097000FFF782FF4FF0FF30E8E700BFFF1F0020C6
:10098000044A1078431CDBB2182B28BF10231370C5
:10099000704700BFF814002010B5054C82B0014626
:1009A0001F23182200940348FFF7AAFF02B010BDCE
:1009B00094960010182400204FF0E022936843F032
:1009C00000539360704700BF0021044B03F12002E5
:1009D000C3E88F1F01339342FAD17047F41F002000
:1009E0004FF0E0234FF08032C3F80024C3F8042412
:1009F000C3F80824C3F80C24C3F81024C3F8142443
:100A0000C3F81824C3F81C24C3F82024C3F82424F2
:100A1000C3F82824C3F82C24C3F83024704700BF3F
:100A2000012300F01F029340400941B1800000F112
:100A3000604000F56140C0F8803103607047024AB1
:100A4000203042F82030704700E100E00123064AE0
:100A5000410952F8212000F01F0003FA00F0104075
:100A6000003818BF0120704700E100E0012243096F
:100A7000034900F01F008240403341F823207047B3
:100A800000E100E0054A10309268054B52F8200062
:100A9000C01A2F288CBF00200120704700ED00E015
:100AA000FC140020F8B50D46EFF3108772B6124E15
:100AB000D6E8CF2F0123002AFAD1C6E8423F002A08
:100AC000F6D1BFF35F8F0D4B00F110049B680C4A09
:100AD00053F82430934203D0994201D001F0DCF85E
:100AE000064B9B6843F82450BFF35F8F0023C6E892
:100AF0008F3F87F31088F8BDFD1F002000ED00E058
:100B00001D0100102DE9F04F81468B46164683B03B
:100B1000EFF3108372B6DFF8D0A10093DAE8CF1FAD
:100B200001230029FAD1CAE8413F0029F6D1BFF3D9
:100B30005F8F664B93F90040002CC0F2A080644D9B
:100B400004EB440705EB870898F8061009F1100933
:100B50001970604BBF009B6853F829006300411B6C
:100B60002F292FD95C49884240F0A4801C445B4B5C
:100B700002372F44043BDB1BC3F34A036FEAC34332
:100B80004FF421416FEAD34325F8241005EB840488
:100B900063804BF60153A380FF2348F00100E67108
:100BA000C4F808B0A3714B4B9B6843F82900BFF30E
:100BB0005F8F0023CAE88F3F009B83F3108803B048
:100BC000BDE8F08F20F0010E9EF80710B1422ED83C
:100BD0004FF42143EB53414BB91C2944043B0437E8
:100BE0005B1A2F44AEF10401C91BC1F34A043C490E
:100BF000C3F34A030B432143A8F804103949A8F86A
:100C000002304AF6AA2073465B1B5B415843000D35
:100C100088F8076088F80600C8F808B048F00100B6
:100C2000CEF80010BFE7D179B1422ED996469EF991
:100C300006C00CEB4C02BCF1000F05EB8202F2DAAD
:100C40004BF601510EF10402A8F10407BF1AC7F3D5
:100C50004A076FEAC7476FEAD7478EF8064003EBAB
:100C60000408204C05EB8803AEF8047045F82840D2
:100C7000998083F806C0DE71C3F808B093E701F0ED
:100C80000BF8124B93F9004059E7724632F8041FF3
:100C9000490514D44915023102EB410101916FF06D
:100CA0000701C91B019F491B3944C1F34A0141F4A3
:100CB0006041C9E7019300F0EFFF019B56E701F5A2
:100CC000FF1101F5FF511F31E4E700BF742A002036
:100CD000FC14002000ED00E01D0100102C15002088
:100CE00000E0FFFF01488047FD1F00202DE9F04F85
:100CF00083B0EFF3108A72B6714ED6E8CF2F01237E
:100D0000002AFAD1C6E8423F002AF6D1BFF35F8F2E
:100D10006C4B00F110089B686B4A53F828509542C1
:100D200045D08D420C4650D0684FEB1B2F2B3ED840
:100D300001214FEA50194FEA890909F1604909F583
:100D4000614900F01F0301FA03F0D9F80030C9F837
:100D5000800000EA030BBFF35F8FEFF30581C9B298
:100D6000002934D0884505D0CDE9001000F094FF6B
:100D7000DDE9001025F0010EDEF808C0644505D15C
:100D800089E0D3F808C0644531D09E469EF906201C
:100D900002EB4203002A07EB8303F2DA644561D0D9
:100DA000BBF1000F20D0C9F88001C9F80000454B05
:100DB0009B6843F82850BFF35F8F0023C6E88F3F3E
:100DC0008AF3108803B0BDE8F08F1546EFE725F0F1
:100DD000010EDEF808C06445D8D19EF9064073467E
:100DE000002C08DA154646E0C9F88000DFE793F9E1
:100DF0000640002C37DB04EB440C07EB8C0C9CF812
:100E00000710DCF80820D9719A609CF9062061006F
:100E1000002A9A713DDBBCF804E05FEA4E5E05D51E
:100E20000EF5FF1E0EF5FF5E0EF11F0E6FF0070CA4
:100E30000A194FEA6E5E920002EB4E0208323A4403
:100E4000ACEB030C6244C2F34A026FEAC2426FEA9F
:100E5000D2429A801E4B21441A7807EB81011C7004
:100E60008A719DE77346D9B9FF228EF806204BF6AA
:100E70000152AEF80420164C4AF6AA2294F800C09B
:100E80001946C91B49414A43120D83F806C0227016
:100E900086E7104ADDE79EF906407346002CAADA81
:100EA0000D4A0E4CD21A083AC2F30A316FEA0151C8
:100EB0006FEA115144EA5202DA80998070E700BF6C
:100EC000FD1F002000ED00E01D010010FC140020BB
:100ED000742A002001BDFFFF3615002000F8FFFF37
:100EE000F0B5EFF30585EDB2EFF3108C72B626493D
:100EF000D1E8CF2F0123002AFAD1C1E8423F002ACE
:100F0000F6D1BFF35F8F214E40F0010EB4684AF670
:100F1000AA2354F825701E4A0446A41A6441634368
:100F20001B0D77455BB21BD092F906409C421CD04A
:100F300092F912409C4223D092F91E409C4221D04B
:100F400092F92A409C4208BF03240FD0114A002482
:100F5000157813708571C1E88F4F8CF31088F0BD40
:100F6000B2680D4C42F82540F0E7002404EB44043D
:100F700002EB8402FF2494714BF601549480E5E760
:100F80000124F3E70224F1E7FD1F002000ED00E05B
:100F9000FC140020742A00201D01001010B5074C1D
:100FA00082B001460523002200940548FFF7A8FC03
:100FB0000028A8BFC0F1330002B010BDB0960010E9
:100FC000792A0020014B0B4403607047F41F002076
:100FD00070B5104C104DAC420ED2FF26236863B1A1
:100FE000FFF7CEFC01462046FFF7ECFFA680BFF3DB
:100FF0005F8F0834AC42F1D370BDFFF7C1FC0146EE
:101000002046FFF7DFFF2671BFF35F8F0834AC4245
:10101000E4D370BD001B0020081B002010B504465F
:10102000FFF7AEFC01462046FFF7CCFFFF232371FC
:10103000BFF35F8F10BD00BF10B504460120FFF75E
:10104000ABFC034B03442360BFF35F8F10BD00BFB5
:10105000F41F0020024B0B440360BFF35F8F704707
:10106000F41F00200D4B1A68EFF3108172B6D2E81E
:10107000CFCF0120BCF1000FF9D1C2E84C0FBCF179
:10108000000FF4D1BFF35F8F00221B68C3E88F2FDE
:1010900081F3108840BF0020002170478029002084
:1010A0002DE9F04F2DED028B85B0EFF30583DBB218
:1010B000103B9A0818BF01224FF0010103F0030B07
:1010C00018BFAF4DAF4B08BFAF4D0BEB820253F8CB
:1010D000226001FA0BF205F541539FEDA78B0192B7
:1010E0005A602FE0B3881C0440F19380B379002B41
:1010F00040F0DD80B6F90820002AC0F21E81736935
:1011000002EB420203EBC203D3E90247B7F1FF3F10
:1011100008BFB4F1FF3F0ED005EB8B01AB6A0A6943
:10112000D21AE31A934205D301232A6A03FA0BF376
:10113000134200D10C61284600F018FCA042B941CE
:10114000C0F2FB80B6F90830019A002B0093EA63E5
:10115000C8DBD6F8148003EB4309284608EBC9071F
:10116000D7E9024A00F002FCA04271EB0A01B9DBA8
:10117000BAF1000FC0F2C380D7E90431834A934229
:1011800000F0ED807A88B6F9080092B242EA004099
:10119000984702460B4652EA030100F0B080002B4C
:1011A00080F2D180B4EB020E6AEB030A38F93930D1
:1011B000C7E902EA002B95DB716903EB430201EBFF
:1011C000C202D2E90270BE457AEB000C4FEA43023C
:1011D00088DBB4462CF8083F06E003EB430001EB44
:1011E000C0005A00D0E90270BE451A447AEB0000F4
:1011F00001EBC20404DB31F93230A446002BECDAF7
:1012000028F83930009BACF80030B3881C043FF557
:101210006DAF3369EFF3108272B6D3E8CF0F0121BF
:101220000028FAD1C3E8401F0028F6D1BFF35F8F32
:101230004FF6FF74B0880023316900B2B480C1E872
:101240008F3F82F310889842FFF650AF0746A946B9
:10125000746906F1080807EB470E04EBCE03D3E9E7
:101260000250B6F90830C446002B13DBB246009793
:1012700004E034F936309446002B09DB03EB4306D7
:1012800004EBC602D2E90271BD4270EB0101F0DA53
:101290005646009FACF8007034F93E7024F83E309A
:1012A000002FD8DAB3794D46002B3FF423AF00234B
:1012B000B371B6F9083006F10808581C3DD01A463B
:1012C000776903E08046591C3FF416AF03EB4301F6
:1012D00007EBC100B0F802C01C461CF4004F9E464C
:1012E00037F93130EED0944280ED028B05D0A8F86A
:1012F0000030328927F8312034817246E3E738F82C
:10130000393033813369EFF3108272B6D3E8CF0FEF
:1013100001210028FAD1C3E8401F0028F6D1BFF30D
:101320005F8F7388316928F83930009B7380002300
:10133000C1E88F3F82F31088D4E640BF05B0BDEC12
:10134000028BBDE8F08F2846CDE9022300F00EFBAA
:10135000029A039B10EB020E43EB010A26E70846B4
:101360000B69029198470028C9D00299D1E900235E
:1013700011E700BFAFF30080FFFFFFFFFFFFFFFF9C
:1013800000800B40BC28002000000B40A110001082
:101390002DE9F84F364C25692DB1BDE8F84F0A21EB
:1013A0003448FFF70FBEDFF8E4800321404600F029
:1013B000CBFA0326C4F80C80FFF7E2FA4FF0504C4A
:1013C0002D4B267003442361DCF800300F2163703D
:1013D000636961801D834FF00405A3F878504FF0D6
:1013E0000505A3F890504FF00605A3F8A8504FF05C
:1013F00007050E214FF6FF7208274FF00A0EA3F8DB
:10140000C0504FF001094FF00C0C4FF0020B4FF0A1
:10141000090A0D204FF00B05A3F868111749A280A7
:10142000A3F808E1A160A3F848B0A3F8F0A0A3F8DE
:101430002051A3F838C1A3F85001A3F83090A3F8C5
:101440006060A3F8D8701A800D4B3046C8F8207041
:101450000C49DC60FFF726FB49463046FFF7E0FA0F
:10146000094B0A211F640348BDE8F84FFFF7AABDE6
:101470004415002080290020F41F0020FFFF1000E9
:10148000BC280020A110001000200B4000000B40E1
:101490000048704744150020F8B59DF820500446D8
:1014A00017461E4635B900F069FA874266EB01011E
:1014B00000295CDB2169EFF3108372B6D1E8CF0F0E
:1014C00001220028FAD1C1E8402F0028F6D1BFF34D
:1014D0005F8FB4F90220656902EB4201002A4FEAEE
:1014E000C10C206905EBC10139DB35F80CE0A4F82B
:1014F00002E04FF0000EC0E88FEF83F310884888B9
:10150000069B0130C0F30E00012838BF01200B619B
:10151000079B48804B61C1E9027640EA024023699B
:10152000EFF3108172B6D3E8CF7F0126002FFAD1F6
:10153000C3E8476F002FF6D1BFF35F8FA38825F86C
:101540000C30A2802369C3E88FEF81F31088012259
:10155000E368217803F501538A405A60F8BD002200
:10156000C0E88F2F83F310884FF0FF30F8BD284676
:10157000F8BD00BF0146F0B50069EFF3108772B601
:10158000D0E8CF5F0124002DFAD1C0E8454F002DEF
:10159000F6D1BFF35F8FB1F902E04C690EEB4E0C50
:1015A000BEF1000F4FEACC05086904EBCC0C3CDB24
:1015B000665B4E800026C0E88F6F87F31088BCF80A
:1015C0000200CCE902230130C0F30E00012838BF2D
:1015D0000120059BACF80200CCF81030069B40EAD5
:1015E0000E40CCF814300B69EFF3108272B6D3E8DA
:1015F000CFCF0127BCF1000FF9D1C3E84C7FBCF17C
:10160000000FF4D1BFF35F8F8B886353A1F804E020
:101610000B69C3E88F6F82F310880122CB680978C9
:1016200003F501538A405A60F0BD0023C0E88F3FA4
:1016300087F310884FF0FF30F0BD00BF03464089AC
:10164000B0EB214F37DD58690A1402EB420210B5A6
:1016500000EBC2001C69EFF3108C72B6D4E8CFEF38
:101660000122BEF1000FF9D1C4E84E2FBEF1000FE8
:10167000F4D1BFF35F8F428889B292B28A4207D019
:1016800000221B69C3E88F2F8CF31088002010BD47
:1016900042F4004242800121002218699971C0E899
:1016A0008F2F8CF310881C78DA68084602F50153F6
:1016B000A140596010BD0020704700BF40787047BE
:1016C0002DE9F04182B004460E4600F057F94FF084
:1016D000FF326FF00043241846EB0106A24273EB81
:1016E00006013CBF14461E46A51F46F1FF37AC421B
:1016F00076EB07033CBF00252F4600F03FF9281A80
:1017000067EB010C01287CF1000C06DA204631461B
:1017100002B0BDE8F04100F03BB900F02FF985427E
:1017200067EB010100290ADB0021174B2A460093D1
:1017300016483B460191FFF71DFF0130E6D04FF000
:10174000000C134A1349536A9F4204D8906AA84276
:10175000DCD29F42DAD10B68EFF3108072B6D3E887
:10176000CF8F5FF0010EB8F1000FF8D1C3E848EF5A
:10177000B8F1000FF3D1BFF35F8F0B68C3E88FCFD1
:1017800080F3108820BFDEE76510001044150020AC
:1017900000000B40802900202DE9F04182B0064670
:1017A00000F0ECF84FF47A7304464FF0FF306FF01E
:1017B0000042E6FB0341A04272EB01033ABF04463C
:1017C00015460D46A61F45F1FF37B44275EB0703DA
:1017D0003CBF0026374600F0D1F8301A67EB010114
:1017E000012871F1000106DA2046294602B0BDE861
:1017F000F04100F0CDB800F0C1F8864267EB01017E
:1018000000290ADB0021174B3246009316483B465D
:101810000191FFF7AFFE0130E6D04FF0000C134A04
:101820001349536A9F4204D8906AB042DCD29F4267
:10183000DAD10B68EFF3108072B6D3E8CF8F5FF088
:10184000010EB8F1000FF8D1C3E848EFB8F1000F6E
:10185000F3D1BFF35F8F0B68C3E88FCF80F310889D
:1018600020BFDEE7651000104415002000000B408B
:10187000802900202DE9F04306460D4683B0EFF3A2
:101880000584E4B23CB12D4B5A6AAA421CD2002016
:1018900003B0BDE8F0832A4FD7F80C9097F800808A
:1018A000484600F063F808F1040859F828301B1A7C
:1018B000301A65EB0101984271F1000110DB20BF85
:1018C0001E4B5A6AAA42E2D314BF012400249B6A29
:1018D000B34234BF204644F0010003B0BDE8F083BA
:1018E00000F04CF8864265EB0101002914DB154B32
:1018F0003846CDE9003432462B46FFF73BFE011E49
:101900000ADD0E4B5A6AAA4216D39B6AB34211D320
:101910000B48FFF793FEB6E7084B5C6AAC42B6D3C0
:10192000641B18BF01249B6AB34234BF204644F0B5
:101930000100ADE7AA42EBD120BFE9E700000B4070
:10194000441500206510001010B4054B054C064AE4
:10195000A04214BF1846581C5DF8044BFEF7A4BF04
:101960001C24002000800B40CC9600100346416AE6
:101970000A46986A596A8A42FAD17047034B596AF3
:101980000A46986A596A9142FAD1704700000B40A2
:10199000074A536A9942FCD8994207D1044B02E0A6
:1019A0005A6A914202D19A6A9042F9D8704700BFB0
:1019B00000000B4000EB400C4FEA8C0C0CF1804C0B
:1019C0000CF5803CF0B51646DCF80420051FB2F596
:1019D000803F38BF4FF48032EDB238BFCCF80420DE
:1019E000012D2AD94FF40067254C0CF540521760A1
:1019F00054F82020B2B9DCF80020012D82EA46120A
:101A000002F0E0020CF5805632602AD94FF40061F2
:101A100044F820304FF480330CF500521160CCF8BC
:101A20000430F0BD6769B7FBF2FE0EF1010E0EEB5C
:101A30004E0EBEF1030EFCD2DDE70129D2D1032404
:101A40000CF540521460DCF80820D207FBD5DCF816
:101A500000200B4C82EA461202F0E0020CF58056A0
:101A600032600122DCF800504D4005F0030535607E
:101A700002FA01F1DCF808200A42FBD0C6E700BFF9
:101A800020240020014B53F8200070472024002020
:101A900070B4039D04682D0345EA03451B4B002CDD
:101AA000B3FBF1F3B2FBF3F61FDB194A194B90427B
:101AB00014BF4FF480424FF40042174C1A6003F5F4
:101AC00080531A60A36832EA0303FBD1212200F598
:101AD00040530433016086601A600268002AFCDA11
:101AE0000822C5601A6070BC7047036803F03F03AA
:101AF0008B42DAD18368C3F30B03B342D5D1C368F9
:101B000003F4EE23AB42D0D1EDE700BF001BB700DA
:101B100000800540002002400000024030B44FF039
:101B200080441C4B1C60E0B11B4CA3F54053DC61AE
:101B30001A4C40F0010044401C62596298624FF018
:101B400080454FF0E061134B1548164C1D608460D2
:101B500019604AB930BC4FF00042A3F580531A60B7
:101B60007047114BD861EAE74FF47A7303FB02F236
:101B7000B2F1807F2ABF6FF07F4313461A464FF0C1
:101B800080410A4C08482360094B426030BC196010
:101B9000704700BF00B00D40D3C007B02D3FF84FD5
:101BA00000A00140F3FFFF0100800D4094280020B9
:101BB00000A00D40012300EB4000800000F18040B8
:101BC00000F5841041600360704700BF002370B5CA
:101BD000DB8A04460D46002242E800F2520254BF5E
:101BE0001021042144F25220984786462B46224673
:101BF000F446BDE870400A214FF48170604700BF91
:101C00000023DB8A002242E800F2520201D41021B4
:101C100018470421184700BF08B503460846191E97
:101C200002DB1AB140F03000FFF7D0FF40F0200097
:101C3000FAE700BF034AD2F82838002BFBD0BFF3E5
:101C40005F8F704700000E400021044B044ABFF331
:101C50005F8F43F8041B9342F9D170470C080E4084
:101C60002C080E4010B44FF48D704FF42A64064ACD
:101C7000064B07491460D06019605368002BFCDAEA
:101C80005DF8044B704700BF0080044000A0044092
:101C900000B0FA00704700BF08B50148FEF7ECFD40
:101CA000F096001038B5054C054DAC4204D254F8FE
:101CB000043B9847AC42FAD338BD00BFE89400100B
:101CC0002895001010B40748074C084B084A0949EA
:101CD00004601A608B6832EA0303FBD15DF8044BA1
:101CE000704700BF002002407F3BEFEF0030024012
:101CF000F6FFF30300000240044BDB6CB3F5004F2A
:101D000003D14FF48022024BDA6470470000115077
:101D1000002011504FF0E022044BD2F8881D0B43F5
:101D2000C2F8883D10EE3004704700BF0303300056
:101D30006FF06041044B054A19609368DB4333F050
:101D40006043FAD1704700BF0030024000000240FB
:101D500010B545F25320FFF753FFBDE8104003468E
:101D60000420184710B545F25320FFF749FFBDE89E
:101D70001040034601201847FEF726BE10B5054B5C
:101D8000054C4FF488721846A16807F089F9A060E5
:101D900010BD00BF0000002000ED00E0002370B582
:101DA0002B4C82B0C4F88430FFF75CFF0122294B32
:101DB000DA63636C012BFCD10321264A244B1163A7
:101DC0009C6B012CFCD10226052521460523224AC5
:101DD00022480096FFF75CFE21462B46204A214808
:101DE0000095FFF755FE0022042031461E4BFFF7F9
:101DF000E1FD2146284600221C4BFFF7DBFD0022B7
:101E0000082011461A4BFFF7D5FD00220920114684
:101E1000174BFFF7CFFD002206201146134BFFF7AB
:101E2000C9FD0022114B07201146FFF7C3FD042016
:101E3000FFF728FE00240F4BA3FB0035AD0CE0B2EA
:101E400029460134FFF7B6FE062CF8D102B070BD6A
:101E50000000014000300140002F6859000005409B
:101E6000008C864700800540001BB70080D1F00839
:101E7000006CDC0283DE1B4386B003B451FC080413
:101E8000CDE9020151FC0904CDE9040151EC0A0439
:101E9000CDE9060103BCF047BDE800504EEC00C49C
:101EA000BDE800504EEC01C4BDE800504EEC02C449
:101EB00000BD000000B5FFF7DFFF02E010FE30F4C8
:101EC000F8D441EC100443EC112400EE010410EEB0
:101ED000010480EE200451EC1004704700B5FFF7B8
:101EE000CBFF02E010FE30F4F8D441EC100443ECD8
:101EF000112400EE010410EE210480EE200451ECC8
:101F00003004704700B5FFF7B7FF02E010FE30F471
:101F1000F8D410B541EC100443EC112451EC040446
:101F200053EC0524A0FB024C5FF0000EE0FB03CE57
:101F3000E1FB02CE4CEC20440024E1FB03E444EC42
:101F400030E480EE200451EC5004BDE810407047AE
:101F500000B5FFF791FF02E010FE30F4F8D441EC39
:101F6000100443EC112451EC2104A0FB01126FEA90
:101F7000820252FB100052FB12F252FB1000A0EB47
:101F8000D07C53EC04245CFB13F153EC1524A1FB2F
:101F9000022001FB030053EC4424A2EB000050FBA1
:101FA0001CF24FEA111312EB017043EBE27140EAAD
:101FB000515020EA915020F0070053EC7524A0FB0B
:101FC000023C53EC752400FB03CC01FB02CC53EC28
:101FD0000424ACEB824C40EA5C70A0F1010041ECBF
:101FE000400480EE200451EC7004704700B5FFF708
:101FF00043FF02E010FE30F4F8D441EC100480EE10
:10200000220410EEB204704700B5FFF735FF02E07E
:1020100010FE30F4F8D440EC700400EE010410EE31
:10202000210480EE200451EC3004704700B5FFF726
:1020300023FF02E010FE30F4F8D440EC600400EE20
:10204000010410EE210480EE200451EC30047047AE
:1020500000B5FFF711FF02E010FE30F4F8D441ECB8
:10206000800400EE010410EE010480EE400410EE46
:102070001304704700B5FFF7FFFE02E010FE30F4D6
:10208000F8D441EC800400EE010410EE010480EE6F
:10209000400410EE3304704700B5FFF7EDFE02E098
:1020A00010FE30F4F8D441EC100443EC112400EE9F
:1020B000010410EE3004C0F30070704700B5FFF764
:1020C000DBFE02E010FE30F4F8D443EC102441ECC7
:1020D000110400EE010410EE30F48CBF012000204A
:1020E000704700BF00B5FFF7C7FE02E010FE30F4F6
:1020F000F8D443EC102441EC110400EE010410EE7E
:1021000030F42CBF01200020704700BF00B5FFF75E
:10211000B3FE02E010FE30F4F8D441EC100443ECBE
:10212000112400EE010410EE30F42CBF0120002039
:10213000704700BF00B5FFF79FFE02E010FE30F4CD
:10214000F8D441EC100443EC112400EE010410EE2D
:1021500030F48CBF01200020704700BF10B504464A
:1021600006F04EFC28B10346034A2344934200D8AC
:1021700010BD0248FEF780FB00000820FC9600100E
:1021800006F046BC9A4238BF88547047704700BF7B
:102190002DE9F04F83B09946DDE90DAB0F9B8846E2
:1021A00011469A07074616D1DA453AD20C460D4633
:1021B000ABEB0A060E4422464B4641462020013432
:1021C000B847B442F7D12946BAF1000F08D12046EA
:1021D00003B0BDE8F08F0C46BAF1000F10D00E46E8
:1021E00055460C9B2E449A440191721B4B46013D6F
:1021F00041461AF8010D3446B847002DF5D1019932
:102200000F9B9B07E3D5651AAB45E0D922464B46A9
:10221000414620200135B8475D4504F10104F5D35E
:10222000D5E70C46BAF1000FD9D1D0E72DE9F04F30
:102230000F9FDDF8248017F0020F0A9C9DF82CA058
:102240000E9DDDE90C9644D1F5BBB44241D207F0B6
:10225000010B04F1FF3C4FF0300EC44404E00134A4
:10226000A6420CF801EF01D9202CF8D1BBF1000FE8
:1022700000F08880A5422CD904F1FF3C4FF0300ECD
:10228000C44404E00134AC420CF801EF21D0202C0E
:10229000F8D117F0100F0ED017F4806F54D1A6426A
:1022A00063D0A54261D0B9F1100F50D0B9F1020F3F
:1022B00056D0202C29D12024CDE90B57CDE9098413
:1022C000BDE8F04FFFF764BF17F0010B34D1B44203
:1022D000BFD317F0100F1ED017F4806FE3D1002C7E
:1022E000DDD1B9F1100F63D0B9F1020F77D03024EE
:1022F00088F800400124BAF1000F11D17E0748D5BB
:102300002B2608F804600134D6E7264601344FF046
:10231000300C08F806C0202CCDD0BAF1000FEDD05B
:102320002D2608F804600134CDE90B57CDE9098466
:10233000BDE8F04FFFF72CBFBAF1000F30D0B44228
:1023400005F1FF3585D395E7B9F1100FB3D1BE067E
:102350003BD5202CAFD0582608F804600134A8E7FC
:10236000202CA8D02646013407E0661EB9D0B9F16A
:10237000100F36D0B9F1020FC9D14FF0620C08F836
:1023800006C096E717F0100FC5D017F4806F86D0FF
:1023900089E73E0790D5202608F8046001348BE7D2
:1023A00017F00C0F00D0013DB442FFF452AF61E7CB
:1023B000BC0612D4782488F80040302488F8014004
:1023C0000224BAF1000F99D0AAE7202C3FF473AF92
:1023D000782608F8046001346BE75824EBE76224A0
:1023E000E9E717F0200FA4F1020C04D04FF0580ECB
:1023F00008F80CE08BE74FF0780E08F80CE086E761
:1024000000B9704701F09CBB10B1D1E90031184709
:10241000704700BF000000002DE9F04F97B09DED20
:10242000207BDDE9225B0746884651EC170B249C94
:1024300099460C920B4602468DED047B0794FFF7FC
:102440002FFE002840F0F481DDE904014FF0FF3257
:102450006FF48013FFF736FE002840F01B81DDE9A2
:1024600004014FF0FF32AC4BFFF768FE002840F04C
:10247000EE80DDE90401A4A3D3E90023FFF75EFEAB
:10248000002840F0D380DDE90401A1A3D3E90023B3
:10249000FFF718FE002840F0C980DDE904010022A2
:1024A0000023FFF70FFE002840F0E88023460D9040
:1024B00013F4806F08BF062530212B460EAAA5F124
:1024C000200605E0013BB34202F8011B00F09381B6
:1024D000092BF7D81E46ED1ADDE90401FFF7BCFD14
:1024E0008E4B044603EBC60393ED007B8DED087B1A
:1024F000FFF78EFD02460B46DDE90401FFF7F2FC13
:10250000DDE90823FFF702FD02460B46CDE90A2369
:10251000FFF7B4FD8246FFF78DFD02460B46DDE96D
:102520000A01FFF7DFFC02460B46CDE90A23002231
:102530007B4BFFF703FE002800F0FE800AF1010A42
:102540005046FFF777FD02460B46DDE90801FFF72D
:10255000CDFD10B14FF0000A0134002E00F0FD80D7
:10256000681E0EABDFF8CCC118440FE0ACFB0A21AB
:10257000C90801EB8102AAEB42023032BAF1090F1D
:1025800000F8012F40F21C818A461D46202D05F1DE
:10259000010306F1FF36E9D12025691E0EAB614823
:1025A000194410E080FB0462C3EBA20303EB830237
:1025B000A4EB420404F1300201351C4601F8012F5E
:1025C000002B00F0EB80202D4FEAE473EAD1079B4B
:1025D00003F00303012B18D1BBF1000F15D00D9BA5
:1025E000002B00F00A810BF1FF3BBBF1200F0CD94F
:1025F0006B1E0EA930220B4405E001355D4503F842
:10260000012F80F0D180202DF7D1079B0EACCDE9B2
:1026100002B341464B4638460C9A01950094FFF7A9
:10262000B7FD8246504617B0BDE8F08F079B9DED81
:10263000047BCDE923B341464B4638460C9A8DEDD9
:10264000207B229517B0BDE8F04F00F045B9610737
:1026500023464CBF042303234146219338464B466F
:10266000079A48BF304CCDE922B258BF2F4C0C9A84
:10267000209417B0BDE8F04FFFF78ABDDDE90423D1
:1026800000200021FFF72EFC0123CDE904010D936A
:1026900023460DE723469C0740F0AA80BBF1040FB8
:1026A00040F2A6800C9B1D461C1F04EB0B0A2A4619
:1026B0004B46414620200135B847AA45F7D155463B
:1026C0001B4C261F14F8010D2A464B464146B847BD
:1026D000B44205F10105F5D1079B0AF1040A9807F8
:1026E000A0D50C9CAAEB04039B459BD952464B46B4
:1026F000414620200AF1010AB847AAEB04035B45D2
:10270000F4D38FE7AFF300800000000065CDCD412A
:102710000000000065CDCDC1FFFFEF7F789800106D
:102720000000E03F676666665097001058970010FB
:1027300064970010CDCCCCCC0022DDE90A01634BBC
:10274000FFF7C0FC00287FF408AFBAF1000F6AD190
:102750000AF1010A002E7FF403AF2046FFF758FC70
:1027600002460B46DDE90401FFF7BCFB02460B46BF
:10277000CDE904230022554BFFF7A4FC00287FF489
:102780000CAFDDE904010022504BFFF7D7FC002815
:102790007FF403AF013424F00104FEE6079B03F04D
:1027A0000303012B00F08280202D3FF42EAF0D9B00
:1027B0007BB32D220DEB050383F83820013524E788
:1027C000202B3FF4E9AE0EAA15441E44302204E04B
:1027D000202B05F8012F3FF4DFAE9E4203F10103E9
:1027E000F6D12E220DEB060383F83820751CD4E6B3
:1027F000DDF830A063E720256EE6079B13F00C0F91
:1028000050D00BF1FF3BAB453FF6F2AE202D3FF42D
:10281000FCAE079B5A0701D52B22CBE71B077FF5A0
:10282000F4AE2022C6E71AF0010F3FF496AE8FE710
:10283000A60734D1BBF1030F31D90C9B1D46DC1E1A
:1028400004EB0B0A2A464B46414620200135B84787
:102850005545F7D155461E4CE61E14F8010D2A4683
:102860004B464146B847A64205F10105F5D1079B05
:102870000AF1030A9D077FF5D5AE0C9CAAEB040371
:102880009B457FF6CFAE52464B46414620200AF18B
:10289000010AB847AAEB04039B45F4D8C2E6DDF869
:1028A00030A0D7E7AB453FF6A3AEAEE6BBF1000FD5
:1028B0003FF47AAF0D9B002B9FD00BF1FF3B5D45A2
:1028C000FFF496AE202D7FF474AF9EE60000E03F4B
:1028D0005F970010000000002DE9F04F9FB02A9E86
:1028E000DDE92845074693460891099322462B4681
:1028F000204629460E96DDE92BA6FFF7D1FB0028DE
:1029000040F0BE80204629464FF0FF32784BFFF75B
:1029100015FC002840F0B480204629464FF0FF32D5
:102920006FF48013FFF7CEFB002840F0A98020460B
:10293000294600220023FFF7C5FB002840F0D5817F
:10294000CDE90A45DDE90A239046994606F400627E
:1029500016F480630F92139340F0A18058EA0903A4
:1029600040F0CA80002A40F0E38106230E9316F05F
:102970000202109240F0D4815346042B38BF042346
:102980000C920422043B12920F9320462946002207
:102990000023FFF797FB002840F0F3819DED0A7BB1
:1029A0000F9B5A4603930E9B8DED007B029326F4FA
:1029B000006304933846099B0899FFF72DFD0246F2
:1029C00016F0200F099B08990CBF6520452002F1E5
:1029D0000108B8470C9A129B16AC5D1E82EAE2739E
:1029E000A3EBE273D10F002622469946DFF804C11B
:1029F00001E0202E10D0CE46ACFB0930C00800EB21
:102A00008003A9EB43033033BEF1090F814606F181
:102A1000010602F8013BECD80523002006930A23A7
:102A200005950094099D089C4246CDE90330CDE907
:102A300001612B4621463846FFF7F8FB109A804685
:102A4000D2B1A0EB0B06B24516D90BEB06022B4612
:102A5000214620200136B847B245F6D80BF1FF33A6
:102A60005344CBF10102A3EB08034244924538BF23
:102A7000002308F10108984440461FB0BDE8F08FDC
:102A80005A463846CDE92845CDE92BA60E9C099B30
:102A900008992A941FB0BDE8F04FFFF7BDBC58EA73
:102AA00009032BD1002A3FF462AF00230C930E9B45
:102AB0000C9A934200F3B9814FF000082046294652
:102AC00000220023FFF7FEFA002840F013819DED5D
:102AD0000A7B26F4006646F480668DED287B5A4614
:102AE0003846CDE92A8A099B08992C96D2E700BF7F
:102AF000FFFFEF7FCDCCCCCC06230E93C9F30A5059
:102B0000A0F2FF30FFF784FAC1A3D3E90023FFF757
:102B1000FDF9C1A3D3E90023FFF7D0F9C9F31309E5
:102B2000CDE90C0149F07F5140460022B24B41F4FF
:102B30004011FFF7D7F9A4A3D3E90023FFF7E6F983
:102B400002460B46DDE90C01FFF7B8F9FFF784FAFE
:102B50000C90FFF75DFA9EA3D3E9002380468946D7
:102B6000FFF7D4F90022A54BFFF7A8F9FFF774FA95
:102B7000034649464046129397A3D3E90023FFF743
:102B8000C5F9804612988946FFF742FA94A3D3E923
:102B90000023FFF7BBF902460B4640464946FFF7C4
:102BA000A1F902460B4680468946FFF7AFF9424637
:102BB0004B46CDE9100140464946FFF77FF9002218
:102BC000CDE91401DDE910018D4BFFF7C5F90022B5
:102BD0008C4BFFF773F902460B46DDE91001FFF756
:102BE000BBF90022884BFFF769F902460B46DDE985
:102BF0001001FFF7B1F942464B4680468946002056
:102C00004FF08041FFF76EF902460B4640464946B9
:102C1000FFF754F902460B46DDE91401FFF79CF972
:102C200000227A4BFFF74AF9129B002203F2FF3C85
:102C30004FEA0C53FFF76AF980468946DDE90A013D
:102C400042464B46FFF73EFA50B10C9B4046013BD3
:102C500049460C9300226B4BFFF77EF9804689466C
:102C60000C9A43466332C62A06F002021092494685
:102C70000F9A2CD8002A5ED0042212920B433FF404
:102C800016AFDDE90A0158A3D3E90023FFF742FAA2
:102C900048B1DDE90A0156A3D3E90023FFF712FA90
:102CA00000287FF404AF0E9B002B50D0139A002A0B
:102CB0007DD0013B0E93129B9A4505D9109B002BAA
:102CC00000F0AE800223109300230F9344E022BB58
:102CD000BAF1050F4FD906F00203002B49D10523A5
:102CE0001293AAF105030F933AE005F100430A9409
:102CF0000B9327E626F4006646F4806638462C9649
:102D0000DDE90A67344607F100455A46CDE92A8ACB
:102D1000CDE92845099B0899BCE605221292ADE74A
:102D200000230222CDE90F3204220C9312922CE6EA
:102D30004FF00508C2E6BAF1040F1FD9109B002B13
:102D400078D104231293AAF104030F9304E0129B99
:102D50009A4531D80E9B0F930C9B002B3FF415AE78
:102D6000DDE90A0142464B46FFF7F6F8CDE90A01D4
:102D70000BE60223109305231293F1E70423129329
:102D8000EAE7DDE90A45A0460F9B05F100490393F8
:102D90000E9B5A46029326F4006304933846CDE90D
:102DA0000089099B0899FFF737FB024608E6129B4A
:102DB0009A4544D80F92CFE7109B8BB30E9B0F938D
:102DC00002231093C8E700BF61436F63A787D23F18
:102DD00071A379094F930A401655B5BBB16B0240F8
:102DE000EF39FAFE422EE63F2D431CEBE2361A3F46
:102DF0000000000080842E410000F83F0000E03F0A
:102E000000002C4000002440000018400000F03F6B
:102E1000FB799F501344D33FB3C8608B288AC63FC9
:102E2000129BAAEB03030F9396E7A3EB020808F1AA
:102E3000FF3843E604231293022310938CE7109B80
:102E4000002BEDD002230F92109385E72DE9F04F70
:102E50009BB0249C954D0A94954CB1F1000A18BF83
:102E6000834625601878934C914608BFA346099382
:102E7000002800F093824FF000080AE042464B46DB
:102E8000514608F10108D847099B1878002800F03E
:102E9000CE80099B252803F101030993EED11C463E
:102EA0000023224612F8010BA0F1200110290AD8B4
:102EB000DFE801F04009093C090909090909093855
:102EC000093409093000A0F130010929099440F2C0
:102ED0008A802A2800F0F08000252E2800F09680B5
:102EE0000026A0F1680112292DD8DFE811F0490170
:102EF0002C0043012C0038012C002C002C002C004D
:102F00002C002C002C0027002C002C002C002C0066
:102F10002C002700144643F00103C2E7144643F097
:102F20000203BEE7144643F00403BAE7144643F035
:102F30001003B6E7144643F00803B2E7099948784E
:102F400043F480730132672809927ED8242840F226
:102F5000C180A0F12502422A00F2BC80DFE812F015
:102F60005001BA00BA00BA00BA00BA00BA00BA00FA
:102F7000BA00BA00BA00BA00BA00BA00BA00BA0081
:102F8000BA00BA00BA00BA00BA00BA00BA00BA0071
:102F9000BA00BA00BA00BA00BA00BA00BA00BA0061
:102FA000190137011901BA00BA00BA00BA00BA0013
:102FB000BA00BA00BA00BA00BA00BA00BA00BA0041
:102FC000BA00BA00BA00BC01BA00BA00BA00BA002E
:102FD000BA00BA00BA00BA00BA00BC015801BC017C
:102FE000190137011901002500E0013205EB8505C3
:102FF00000EB45051078303DA0F130010929F4D9E6
:103000002E28099202F101027FF46AAF099943F474
:10301000806348781146A0F13006092E40F22181E4
:103020002A2800F02F8109920026013259E74446F0
:10303000C14501D809F1FF384B46424651460020B0
:10304000D84720461BB0BDE8F08FA0F16902D2B28C
:103050000F2A3FD8012149F241079140394040F001
:10306000F3800A2A3DD0072A34D10A9D55F8042B53
:10307000002A00F0138143F0210012AB1F460B938E
:1030800003E0202900F014811A4602F00F042346C1
:10309000092C94BF303337330F2A07F8013B01F175
:1030A00001014FEA1213ECD802E100BF4D2E0010CF
:1030B0008C2800208D2100100A99099851F8045B92
:1030C0004078002DCDE90921BCBF43F002036D42D9
:1030D000013202E742464B46514608F10108D84703
:1030E000D2E60A99002E51F8047B18BF3246387890
:1030F00008BF4FF0FF32002800F07B83BC18A446C5
:103100003A4604E012F8014F002C00F03F8194454C
:10311000F8D16446E41B5A0540F12281B44228BF2D
:10312000344613F0020300F088820223CDE90A51ED
:1031300042461D46464408E04B465146D84717F8DC
:10314000010F08F1010810B142464645F4D12B4663
:103150000B990A9D002B40F041810A9194E6099950
:1031600048786C287FF4ECAE0A46887843F44073C4
:103170000332E8E6099943F4007348780132E2E645
:1031800009994878682800F0038143F080030132F0
:10319000D9E6672800F0D980472800F0DC80452870
:1031A00000F0DB80CDE903530A9B0296073323F03E
:1031B00007031C464246F4E802674B465146584610
:1031C000CDE900670A94FFF787FB80465CE6462856
:1031D00008BF43F02003CDE903530A9B029607334F
:1031E00023F007031C464246F4E802674B4651466B
:1031F0005846CDE900670A94FFF70EF9804643E68A
:1032000042464B465146252008F10108D8473BE687
:103210000A9A990702F1040408F1010640F1C680F8
:1032200010784B4642465146D847012D88BFA844E6
:1032300040F2BD8132464B46514620200136D847E8
:103240004645F7D10A941FE66F2800F0818040F2CE
:103250004882782800F090810A2723F01003BC46AA
:1032600041E0002606EB860600EB4600A0F13006A2
:1032700011F8010FA0F13002092AF3D90A46099189
:1032800001322EE6DDE9092151F8046B9078023213
:1032900009920A91013226EAE67622E623F010002E
:1032A00013F4806240F021003FF4E7AE12AB0B93C1
:1032B0000B9B0690009308231020059300234246A1
:1032C000CDE9023001914B46514658460496FEF72F
:1032D000ADFF0A958046D7E5582862D0622840F0B5
:1032E0008F800227BC4613F4806000F0DD8023F05D
:1032F0000D0313F4007240F081810A990F1D13F43D
:10330000807140F037825C060A9A40F13B81127866
:10331000002A40F04E8123F01003002800F049817C
:10332000114612AA0B92CDE90553CDE903C60191CE
:103330000B9B4246009300235146029358464B464E
:10334000FEF774FF0A9780469EE543F4006329E781
:103350000827BC46C7E743F4006343F0200321E796
:1033600013F0020300F08E8102230A951E460D46DB
:1033700042464B465146D84717F8010F08F101085D
:103380000028F5D1294633460A9DE3E6D41BC2E660
:103390000A46887843F0C0030332D4E504468046E9
:1033A00046E6102743F02003BC469CE7012D40F27F
:1033B000F880464608F1FF372F4432464B465146C7
:1033C00020200136D847BE42F7D10A9B32461878F2
:1033D00051464B46D847A8440A9455E54646A5426F
:1033E0007FF6BBAEA844A8EB04080C4632464B4619
:1033F000514620200136D8474645F7D12146ACE654
:1034000013F4806200F0BB804FF4806223F0110C53
:103410001CF400770A9B4AD11CF4807003F1040469
:1034200040F034811CF0400F40F0A3801CF0800F6E
:1034300000F0D381B3F9001081EAE177A7EBE177DF
:10344000BFB2CB0F002900F056813A4612A90F46B1
:10345000DFF8D8E30B910A930C9501E020280FD0F8
:103460001546AEFB0213DB0803EB8301A2EB41011F
:103470003031092D1A4600F1010007F8011BEDD883
:103480000A9B0C9DCDE9055CCDE9010304960B9BDD
:10349000424600930A235146039358464B46FEF793
:1034A000C5FE0A948046EFE423F00C0321E70733BE
:1034B00023F00703194608465B6850F8081BDF0F26
:1034C0000A9051EA030062D1002A40F09F8113461E
:1034D000114612AACDE90C7500201546CDE90E68FB
:1034E000DFF848E30B9201E020282DD05A1842F172
:1034F0000002AEFB027828F0030707EB9807D21B07
:103500001E469B1A61F100070C464FF0CC3101FBBF
:1035100003F10EFB0711A3FB0E731944052307F0FB
:103520000108A8FB03389B180A2E03F130034FEA69
:10353000570774F1000405F8013B00F1010047EA68
:10354000C1734FEA5101CFD2DDE90C75DDE90E6898
:103550000B9B424600930A23CDE9055CCDE90107A8
:10356000049603934B4651465846FEF75FFE80464D
:103570008AE419780F4664E71027BC46B3E623F0C7
:10358000100C45E71C064CBF12881268C0E60A46BC
:10359000191E01DB13469CE75242134661EB4101C1
:1035A00097E713465146187842464B46D847B046EF
:1035B00048E613F0200F14BF4120612012ACA6464C
:1035C0000B940A93A0F10A040C9502E0202912D072
:1035D0002A46B2FBFCF50CFB1520C3B2092803F107
:1035E00030008ABF1B19C3B2DBB262450EF8013B43
:1035F00001F10101EAD20A9B0C9D94E60A9A073276
:1036000022F00702516852F8084B8E460A9254EA9B
:10361000010276D123F01003002872D00022114657
:1036200012AA0B92CDE905530B9B4246009300234F
:10363000CDE903C60191029394E7A54298BF0134F6
:103640007FF674AD4FF48063CDE90A7505EB08028F
:103650001F460D46141B42464B465146202008F19A
:103660000108D847A045F6D13B460A9F294638783D
:103670000B9D6C1C00283FF470AD002B3FF475AE21
:10368000002353E5A542DFD801346EE61968CB0F5D
:10369000002900F0A88081EAE172A2EBE17212A990
:1036A0000846DFF888E10B910A930C9501E0202F82
:1036B0000FD01546AEFB0213DB0803EB8301A2EB30
:1036C00041013031092D1A4607F1010700F8011BAD
:1036D000EDD80A9B0C9DCDE9055CCDE901730496FC
:1036E000D5E6692823F0100C40F08C8013F480623A
:1036F0003FF48EAE88E6002A3FF4A8AE12AA0B92E1
:10370000C0E613F0200F14BF41226122002012A94D
:103710000A3ACDE90E68CDE90C35CDF844B006463D
:103720008846754693460B91CDF840C003E0202EA5
:1037300017D004460D4629463A460023204605F098
:10374000BBFED2B2092A02F1300388BF02EB0B03A1
:10375000BC42DBB275F1000508F8013B06F1010639
:10376000E5D23146DDE90C35DDE910CBDDF83C80F2
:103770000E9E57E70A99096851B923F0100338B132
:1037800012A90B91CDE90553CDE903C60192CFE50E
:1037900013F0200F14BF4120612012ACA6460B94F9
:1037A0000A93A0F10A040C9502E0202A12D02946BF
:1037B000B1FBFCF50CFB1510C3B2092803F1300076
:1037C0008ABF1B19C3B2DBB261450EF8013B02F19F
:1037D0000102EAD20A9B0C9DD4E7196881EAE177DD
:1037E000A7EBE1772DE6002A3FF459AF12AA0B921E
:1037F00071E713F480640DD013F0020412D0044674
:103800004646ECE50A276346BC466CE512AB002051
:103810000B939DE613F002037FF4E0AD002D7FF4DF
:1038200013AF9AE4002D7FF40DAF96E4CDCCCCCC51
:103830000EB410B585B007AC54F8043B01464FF008
:10384000FF32009404480394FFF700FB05B0BDE885
:10385000104003B0704700BF8521001070B594463A
:103860001E4605460C4684B04FF0FF32634602A95F
:1038700000960348CDE90254FFF7E8FA04B070BDA2
:103880000924001010B5094B84B01C684CB10346E4
:1038900000914FF0FF3203A90548A047012004B072
:1038A00010BD00F08FF9204604B010BD8C28002018
:1038B0000124001000BEFDE7074A0346106838B136
:1038C000064903448B428CBF4FF0FF3013607047B2
:1038D000034908461160F3E7842400200000082013
:1038E0007C2A002008B5FFF7E5FF00BF38B5064C7D
:1038F000064DFEF7D7F9AC4204D254F8043B984782
:10390000AC42FAD338BD00BF2895001034950010A2
:1039100003680846114618472DE9F0411546427DD7
:1039200007468846002A46D0002D1DDD0B780A2B5D
:1039300023D0012D4FF0000C18D04646012416F874
:10394000012F21460A2A04F1010422D0A542F6D112
:1039500065450BDC08EB050313F8013CA3F10D03EF
:10396000B3FA83F35B093B75BDE8F0813B68A5EBD7
:103970000C0108EB0C009847ECE7037D002BD8D135
:10398000036802210F489847012DE3D04FF0010C46
:10399000D3E716F8013C0D2BD8D08C4508EB0C0072
:1039A000A1EB0C0101DA3B689847022105483B680E
:1039B0009847A446CAE7294640463B68BDE8F0411F
:1039C000184700BFC89800100B682DE9F041802B04
:1039D0000D46064605D05A1C2B442A601E71BDE8D0
:1039E000F0810F4B1C68A4B10E4F01F1040801E0F7
:1039F000246974B12368002BFAD03B680BB1A34251
:103A0000F6D1204641462A68FFF786FF2469002C3C
:103A1000F0D1002301222B442A601E71BDE8F08101
:103A200074240020802400202DE9F04782B00D4648
:103A300091461C460646FDF7A1FF4FF0FF3C6FF094
:103A400000472E4A821841F10003944577EB0301A9
:103A50003CBF62463B462A4805F03EFD6B1C804653
:103A600040D00CB3274F284B1C68B4B1B9F1000FFC
:103A70001CD1DFF89C9001E0246974B12368002B0D
:103A8000FAD0D9F800300BB19C42F5D120462A4635
:103A90003146B8472469002CF0D1B8F1000F26D187
:103AA000284602B0BDE8F087184FDCE74FF00A0A5D
:103AB000DFF85C9002E02469002CEED02368002B34
:103AC000F9D0D9F800300BB1A342F4D12A463146DF
:103AD0002046B847012220460DF107018DF807A0C6
:103AE000B847E8E7304605F051FB0546B9E704481A
:103AF00005F0E6FC284602B0BDE8F08740420F0022
:103B0000001B002019390010742400201139001006
:103B100080240020084A136823B90AE003F1100248
:103B20001B6933B18342F9D129B918691060196151
:103B3000704701B1106070477424002000F0DEBAB5
:103B4000F0B583B006468DF80700FDF717FF4FF07C
:103B5000FF356FF00044174A821841F10003954287
:103B600074EB03013CBF23462A46134805F0B4FC1E
:103B7000124B07461C689CB1114D01E024697CB1D1
:103B80002368002BFAD02B680BB19C42F6D120465B
:103B900001220DF10701FFF7BFFE2469002CEFD1D0
:103BA00017B9304603B0F0BD034805F089FC304634
:103BB00003B0F0BD40420F00001B00207424002021
:103BC0008024002038B5044605F0E0FA01230546BC
:103BD0001A4620462946FFF727FF084B1C682CB1E0
:103BE00063682BB198472469002CF9D1284638BD69
:103BF0002469002CF4D1284638BD00BF742400206D
:103C00002DE9F041A2B004460D46FDF7B7FE4FF096
:103C1000FF376FF00046264ADFF8A480821841F192
:103C20000003974276EB03013CBF3A4633462148F6
:103C300005F052FC00272B462246064601A91E48E5
:103C40000197FFF70BFE019B0546D8F80040C3B172
:103C5000002C2BD0194F01E0246974B12368002B8C
:103C6000FAD03B680BB1A342F6D12046019A02A9D3
:103C7000FFF752FE2469002CF0D10023D8F8004051
:103C800001932CB1636843B198472469002CF9D1A2
:103C90002EB9284622B0BDE8F0812469F1E7054835
:103CA00005F00EFC284622B0BDE8F0810194EFE754
:103CB00040420F00001B0020C93900108024002062
:103CC000742400200FB400B583B004A951F8040B8C
:103CD0000191FFF795FF03B05DF804EB04B0704766
:103CE000704700BF0022014B1A707047752A0020F0
:103CF0004B79FF2B0BD1887948B9CB79012B07D1B0
:103D0000082A05D9034B8A7809201A7070470020C9
:103D1000704700BF752A002001207047012901D09B
:103D20000120704708B5104B91881B78994201D04B
:103D3000002008BD5378012B08D0022BF8D10021B8
:103D400064220846FDF7EAFE012008BD5188CB0534
:103D500048BF480AC1F3402258BF4FF0FF3001F07E
:103D60007F01FDF759FF00BF752A0020004870470A
:103D700094990010012907D15378012B02D193881F
:103D8000072B03D000207047012070471146A6235F
:103D9000014A01F039BA00BFEC9800100346012235
:103DA00001481A70704700BFCC98001008B50B6826
:103DB000B3F5966F00D008BD00224FF0FF301146DA
:103DC000FDF72AFF024A034B10601960704700BFDD
:103DD0001024002014240020184B70B51A68002A03
:103DE00028D0EFF3108172B6D2E8CF4F0120002C1B
:103DF000FAD1C2E8440F002CF6D1BFF35F8F002246
:103E00000F4C186859602270C0E88F2F81F310881A
:103E1000002400250B4E3078FCF718FE20B9002452
:103E200000252046294670BD3078FCF71FFE20464D
:103E3000294670BD4FF47A740025EBE7B4280020C2
:103E4000772A0020762A0020014B1878FCF70EBE56
:103E5000762A002038B5044600200D4601F004FB08
:103E6000A8B3002001F016FB88B3FDF787FD4FF0E3
:103E7000FF3E6FF0004C174A821841F1000396454F
:103E80007CEB03013CBF72466346134805F024FBFC
:103E9000E8B1002001F0E8FA58B900214FF0FF30F6
:103EA00000F00AFD6FF002040B4805F009FB204604
:103EB00038BD002001F0EEFA0028EED021462A4657
:103EC000002001F0F1FA04460028EDD1EAE76FF096
:103ED0000204ECE740420F008429002008B5FDF7FA
:103EE0004DFD4FF0FF3E6FF0004C0F4A821841F13C
:103EF000000396457CEB03013CBF724663460B48CA
:103F000005F0EAFA70B14FF0FF30002100F0D4FC68
:103F1000002001F011FB0028F5D1BDE8084003485E
:103F200005F0CEBA08BD00BF40420F008429002032
:103F30002DE9F84380460F46FDF720FD4FF0FF3591
:103F40006FF00044334A821841F10003954274EB4C
:103F500003013CBF2A4623462F4805F0BDFA08B9A5
:103F6000BDE8F883002001F07FFA002847D0002F39
:103F700040DD0025DFF8A890284E13E022460020FF
:103F800001F020FB002104464FF0FF3000F094FCCC
:103F9000002001F0D1FAFDF7F1FCC9E90001254448
:103FA000AF4227DD002001F02DFB7C1B8442A8BF1F
:103FB000044608EB0501002CE0D121464FF0FF300C
:103FC00000F07AFC204601F0B7FA204601F04CFAE6
:103FD00080B1204601F016FB0028E1D1FDF7CEFCB0
:103FE000D9F80030D9F804209B1942F1000283422D
:103FF0008A41D5D20848BDE8F84305F061BA0020EF
:104000000021074BC3E90001BDE8F843024805F071
:1040100057BA00BF40420F008429002020A10700AA
:10402000881C002030B5002185B02E4805F058FAD4
:10403000F0B92D4B1A68CAB1EFF3108172B6D2E80D
:10404000CF5F0124002DFAD1C2E8454F002DF6D1F3
:10405000BFF35F8F254C1D6822785960D3B20122CF
:104060002270C5E88F0F81F31088CBB105B030BD49
:1040700000214FF0FF3000F01FFC002001F00AFA91
:104080000446184805F01CFA002CEFD0184B1B68AA
:10409000002BEBD0174A106805B0BDE83040184738
:1040A000FDF7F6F90446FDF769FC4FF0FF3C6FF0B1
:1040B000004510F57A7241F10003944575EB030158
:1040C00038BF2B464FF000014FF0010520460A4C47
:1040D00038BF6246CDE901150094FDF7DDF905B062
:1040E00030BD00BF84290020B4280020772A00209A
:1040F0001024002014240020D93D00104FF050431C
:1041000030B585B01C68FDF7C3F9FDF7D7FAA042BA
:1041100002D0002005B030BD00212A4B08461B7894
:1041200001F038FD28480368002B47D00120FCF738
:1041300035FF0346254C2649C0B22370FCF7B2FC7C
:1041400020780121FCF76CFC0E20FCF79BFC40BBA7
:10415000204B0125C3E90000FDF79AF90446FDF75D
:104160000DFC4FF0FF3E6FF0004C10F57A7241F1FC
:10417000000396457CEB03014FF000012046164CEE
:104180003CBF72466346CDE901150094FDF784F902
:104190000028BEDB01211148FFF7BCFC012005B05F
:1041A00030BD0120FCF7F8FB01460A48FCF752FF3E
:1041B00000220E200A49FCF7A5FCEBE7FCF72EFFD6
:1041C000B4E700BFC09A001084290020762A00209E
:1041D00025400010B4280020D93D00105C150020B7
:1041E000493E001000487047309A00100048704760
:1041F000DC99001038B5184B04461A780AB344B954
:1042000040F209424FF44173144D6A8013482B80E9
:1042100038BD052C1DD8124B104D53F824102846DC
:104220000023013903E0132B20F8022F0ED011F8E0
:10423000012F0133DBB2002AF5D15B0043F4407358
:10424000E4E71121184600F025F8D8E74FF44A7347
:10425000DCE7002038BD00BF902900204C2400205E
:10426000C499001000B545F247308BB0FDF7C8FC8B
:1042700001220346092101A89847DDE903320449D8
:1042800012BA1BBAC1E900230BB05DF804FB00BFF2
:1042900074290020012901F1FF3300F0B3805D494A
:1042A0000A784FEA121C9F2A8CBF0CF1370C0CF1D4
:1042B000300C012B80F800C000F0A78002F00F0244
:1042C000092A8CBF37323032022B427000F09D80B9
:1042D0004A784FEA121C9F2A8CBF0CF1370C0CF164
:1042E000300C032B80F802C000F08F8002F00F0228
:1042F000092A8CBF37323032042BC27000F085801F
:104300008A784FEA121C9F2A8CBF0CF1370C0CF1F3
:10431000300C052B80F804C077D002F00F02092A78
:104320008CBF37323032062B42716ED0CA784FEADA
:10433000121C9F2A8CBF0CF1370C0CF1300C072B90
:1043400080F806C061D002F00F02092A8CBF373214
:104350003032082BC27158D00A794FEA121C9F2ABA
:104360008CBF0CF1370C0CF1300C092B80F808C015
:104370004BD002F00F02092A8CBF373230320A2BA1
:10438000427242D04A794FEA121C9F2A8CBF0CF12C
:10439000370C0CF1300C0B2B80F80AC035D002F032
:1043A0000F02092A8CBF373230320C2BC2722CD04C
:1043B0008A794FEA121C9F2A8CBF0CF1370C0CF142
:1043C000300C0D2B80F80CC01FD002F00F02092A10
:1043D0008CBF373230320E2B427316D0CA79110996
:1043E0009F2A8CBF373130310F2B81730DD002F0F3
:1043F0000F02092A94BF30323732102BC27318BF14
:10440000103002D00023037070471844002303705B
:10441000704700BF7429002070B500F02DF90C23FF
:104420004026194CFF22A3670E201849FCF76AFBAF
:1044300032460021164804F0BBFD012500238021EF
:104440001348144A4184457006830687826043609E
:10445000136042F8043C80F8213080F83B3043621E
:104460000D4B4FF00056C360C362803B836205F082
:104470001FF84FF480320949094B25642846E66449
:10448000C4F89010DA6470BD000011509D03002044
:1044900088240020840010500001105010D001002A
:1044A0000020115001210E20FCF7BABA0022024868
:1044B000114600F001B900BFA8240020044B197078
:1044C00021B14FF40032034BC3F89020704700BF76
:1044D000712A0020002011500B785B0602D14B7826
:1044E000052B00D070474B88014ADBB21360704740
:1044F00000001150CB782DE9F04103F0030EBEF11E
:10450000010FC3F301005BD0002791F802C0344CC7
:104510000CF07F025600898806EBDC1304EB431392
:104520004FEADC15D876C1F30A0185F0010083F863
:1045300002C019835870DF70D3008DBB2948043343
:1045400004EB821C03EB0008CCF808801F5082B3F8
:10455000254BD2001344CCF80430244B3F311A6869
:1045600021F03F01BEF1020F08BF4900114419605C
:104570001F4B771904EB47179942FA602BD82E444A
:1045800004EB4613D97E82F0A04282F480125B686D
:1045900042EA816242F000421A600120BDE8F081E7
:1045A000104804EB821C0344CCF8283040F83270E9
:1045B0004AB900220F4904EB4513D9605A60ECE771
:1045C0000020BDE8F081D20002F1A04202F5801285
:1045D000CCF82420C1E7FDF75FFBFA68CFE700BF06
:1045E00088240020800010500400105098280020DB
:1045F000FF0F10500001105004F05ABF8C4608B550
:10460000114607481A460CF07F034FEADC1C0CEBFE
:10461000430C00EB4C1000F04FF8012008BD00BF28
:104620008824002011F07F0205D100290CBF022050
:104630000120064B9866C909054B01EB420003EBCC
:1046400040104FF40062002104F042BF00201150DE
:104650008824002011F07F0300D170470022054814
:104660005B0003EBD11300EB43106FF40061C270E9
:1046700004F02EBF882400204FF0805209480A49D8
:1046800008B50A4B02600A609968C94311F080516D
:10469000FAD14FF48052064804F08AFC0922054BF7
:1046A0005A6708BD0020024000300240000002406E
:1046B000000010500000115000234FF0010C10B505
:1046C00080F81AC08282C3820161044604F0ECFEC5
:1046D00020B14FF40032074BC3F89020204604F07D
:1046E000F3FE10B10123237710BD2046BDE8104032
:1046F00004F0D2BE002011502DE9F04100241D4EDF
:10470000054623463278DFF878801B4F0DE03B6882
:1047100013EB441324D0DB682846984732780134E1
:10472000E4B2511CA142234606DBA242A3EB0203E2
:10473000EDD808EB4313EEE7542200210F4804F0B4
:1047400037FC4FF0FF330D482022041D4360C4E9BD
:104750000133E360FF21BDE8F041143004F028BCD0
:104760004FF0E023D3F8F03DDB0700D500BEBDE8F5
:10477000F08100BF702A0020501E00202020002061
:10478000449A0010704700BF704700BF0020704778
:1047900000207047704700BF704700BF704700BFE0
:1047A000704700BF024B5878003818BF012070478F
:1047B00020200020024B1878C0F38000704700BF13
:1047C000202000202DE9F047DFF8E4A09AF800301F
:1047D000FF2B56D10E4600293ED000215422074619
:1047E000294804F0E5FB0022284C294B20461A708A
:1047F000FCF714FC274B28481C60284CFCF71CFCD9
:10480000204601F0ABFD264A264B146023B1264812
:10481000FFF7C4FA254B18600024234D23462A785D
:10482000DFF89090DFF884800EE0D8F8003013EBCA
:10483000441311D05B687BB198472A780134E4B205
:10484000511CA142234611DBA242EED89B1A09EB70
:1048500043135B68002BEFD14FF0E023D3F8F03D1A
:10486000DB0700D500BE0020BDE8F08731463846A2
:104870008AF80070FFF7D0FD0028EDD03846FFF72A
:1048800011FE0120BDE8F087202000201820002024
:10489000722A002074200020881500207415002042
:1048A000782000209D3D0010702A0020501E00201E
:1048B00090150020449A00102DE9F04FDFF8C892BF
:1048C0008BB099F80030FF2B00F0F180A84CA94D77
:1048D000DFF8B0A2DFF8B4B226687369EFF3108294
:1048E00072B6D3E8CF0F01210028FAD1C3E8401FE8
:1048F0000028F6D1BFF35F8FB261304607A901F0FF
:1049000077FB00237269C2E88F3FB36983F3108895
:10491000002800F0CC809DF81D30013B072B00F2F1
:104920007D83DFE803F0A7B1959D8E350A04089BCF
:10493000002BD1D009989847CEE79DF8201001F0C0
:104940007F0605EB460000EBD11090F8343023F0E1
:10495000010380F8343090F8343023F0040380F8F9
:104960003430002E00F0A680037D9AF80020934298
:1049700080F09380804A126812EB431300F090801D
:104980009E699DF82120099B9DF81C00B047A3E774
:104990009BF80030002B00F083809BF80030013B37
:1049A000DBB28BF800309BF8003003F0FF00002BE7
:1049B00092D1704F9DF81C803B7843F001033B700F
:1049C00097F8343060F3000387F8343097F83430C8
:1049D00060F3820387F8343097F8353060F30003D2
:1049E00087F8353097F8353060F3820387F8353033
:1049F00000F06CFC9DF8203003F06002602A6CD05F
:104A0000402A7CD003F01F03012B00F0C180022B51
:104A100000F08180002B60D1202A00F0E981002A7B
:104A20005BD19DF82130092B57D8DFE813F0B00196
:104A3000A2015600C101560095016B0156006001AC
:104A4000F4002B78D9077FF547AFFFF7A9FE43E7BE
:104A5000EB78DA077FF540AF0898FFF795FE3BE764
:104A60002B78D8077FF538AF2878C0F3C000FFF760
:104A700095FE31E79DF81C00FFF73EFE00F01CFCA0
:104A80009DF82030AB7027E79DF81C00FFF734FE3F
:104A900000F012FCFFF780FE1EE7501C984211DA6E
:104AA0004FF0E023D3F8F03DDC0700D500BE0BB09B
:104AB000BDE8F08F099B9DF821209DF81C0000F0B7
:104AC00019FC09E79B1A2D4A02EB431358E7FFF73D
:104AD0008DFB0246002840F082814FF0E023D3F89E
:104AE000F03DDE0700D500BE9DF81C000021FFF759
:104AF00099FD80219DF81C00FFF794FDECE620480D
:104B000000F0E4FB0121404608AAFFF733F9002832
:104B10007FF4E2AEE8E79DF8241011F0700FDCD1CD
:104B200001F07F0607EB4600164B00EBD1101B7817
:104B3000007D7600019698424FEAD116009659D32F
:104B40005E1C8642C0F26681C01A0C4B03EB401615
:104B5000002A00F06381706900F0B8FB0121404633
:104B6000736908AA984700287FF4B6AEBCE700BF77
:104B70007820002020200020501E0020449A0010A1
:104B8000753D0010702A002090150020722A002028
:104B90009DF824300F2BA7D8AE4A3B441B791278DE
:104BA000934232D3511C99429EDBAB4E9B1A06EBCB
:104BB0004316706900F08AFB01214046736908AA18
:104BC000984700287FF488AE9DF8203013F06006E7
:104BD0008AD19DF821300A3B012B85D800F076FB65
:104BE0009DF821300A2B00F0F281404608A900F020
:104BF000F1FA71E6994B1B6803EB4016002A00F0AE
:104C00000D81002E3FF470AFA5E7944A166816EBAD
:104C10004316CED168E77B789DF822609E4200F073
:104C20004F817B78002B40F0BE817E70002E00F01B
:104C30004581701EC0B2FFF7D9FA0346002800F084
:104C40005F814278022A40F05B81C17903F1090655
:104C5000C1F340121201C1F3801142EA4112314600
:104C6000387820F0300002433A705A88CDF80C8032
:104C70009A180192019B8B4240F2A4814A780B2A38
:104C800000F0AF810123042A40F03A810026019A06
:104C90000096521A92B202926E4A049312781DE064
:104CA0006E4B1B6813EB461800F02A81029AD8F865
:104CB000103003980591984708280246059906F197
:104CC000010303D90298904280F0FF80DEB2614B6D
:104CD00000961A78531C9E4200F31281009BB24248
:104CE000A3EB0202DCD85C4B03EB4218DEE77B78D7
:104CF00040468DF81A300DF11A02012308A900F080
:104D000083FAE9E5BDF82200030A013B020AC0B2BA
:104D10000E2B3FF6E9AE01A151F823F0314F001000
:104D2000CD4D00106D4F0010E94A0010E94A001007
:104D30004F4F0010CD4D0010E94A0010E94A001015
:104D4000E94A0010E94A0010E94A0010E94A001057
:104D5000E94A0010234F001008A800F0BDFA4046B1
:104D60009DF82210FFF7A2FB3B7843F002033B7053
:104D7000B2E5BDF82230012B7FF4B6AE3B78404659
:104D800023F0080308A93B7000F024FAA4E540468C
:104D90003B789A0802F00202C3F340131343ADF8C4
:104DA0001A300DF11A02022308A900F02DFA93E53A
:104DB000BDF82230012B7FF497AE3B78404643F09C
:104DC000080308A93B7000F005FA85E5022A3FF4C4
:104DD0007EAEFFF7DDFC024600283FF485AE40467C
:104DE000538808A900F010FA00287FF475AD7BE61F
:104DF0009DF824300F2B3FF677AE164A3B441B79C3
:104E0000127893421DD2154A166816EB43167FF4AA
:104E1000A2AE69E6002A7FF467AE00269DF8212045
:104E200002F0FD03012B1BD0002A7FF456AE019B3C
:104E3000009A3B44134493F834304046C3F3400394
:104E4000ADE7511C9942FFF64FAE034E9B1A06EB9D
:104E5000431680E6702A0020449A0010501E00205D
:104E6000BDF82230B3B9012A99F8000000F086801D
:104E7000FFF7D8FB019B009A3B44134493F834207E
:104E800042F0020283F8342093F8342042F0010209
:104E900083F83420002E3FF41FAD706900F016FA3D
:104EA0007369012108AA40469847002000F00EFAD5
:104EB00097F83530DF073FF50FAD96E6FFF76CFC4E
:104EC000404608A900F086F906E5049B012B00F096
:104ED0009E80002B00F08A80002091F8028005E07F
:104EE0008CF804605FFA80FC63457FD908EB000C06
:104EF00057FA8CFC9CF804E00130BEF1FF0FEFD0B4
:104F00004FF0E023D3F8F03DDA0700D500BE4FF0B4
:104F1000E023D3F8F03DDB0700D500BE00237B7013
:104F2000E2E5FEF723FF024600287FF458AFDBE5F9
:104F3000FFF758F9024600283FF4CFAD4046122350
:104F400008A900F061F900287FF4C6ACCCE5FFF7B2
:104F50001DFC024600283FF4C7AD4046137808A95F
:104F600000F052F900287FF4B7ACBDE5BDF824107D
:104F7000FFF740F902460028EFD1B5E50293FFF7AD
:104F800069FB019A009B3A441A4492F83410029B40
:104F900063F3410182F8341092F8341063F3000196
:104FA00082F8341076E700214046FFF787FA404642
:104FB000FFF722FBBB7840460093FFF79DFB009B69
:104FC000BB7032E6DDF80C80FFF7E4FB78E7404683
:104FD000012308A90DF11A028DF81A6000F014F9E6
:104FE0007AE40A78CB7811444A784CE63346104884
:104FF0000492029100F076FE0E4B049A02991B78FF
:105000001144009A01339342BFF634AE78E7D8F8E2
:1050100010C00948844508BF02235DE74FF0E02334
:10502000D3F8F03DDB077FF557AC00BE54E400BF7A
:1050300034200020702A0020055700102DE9F84F79
:105040000A9F002A40D00C461E4615464FF0000A23
:10505000DFF87C90DFF87C8018E0204698F802109A
:1050600099F800B000F00EFEE0B121465846FFF777
:1050700041FAF0B1A2780AF1010AD10916BF0B9BDF
:105080003A701A702278AA4514441DD06278052A15
:105090000FD1E17801F00301B1420AD1A27812F0F8
:1050A000700FDAD04FF0E023D3F8F03DDA0700D5E7
:1050B00000BE4FF0E023D3F8F03DDB0702D4002020
:1050C000BDE8F88F00BEFAE70120BDE8F88F00BF09
:1050D000901500202020002038B58B7813F0700F39
:1050E00008D04FF0E023D3F8F03DDB0700D500BE39
:1050F000002038BD074A084B0C46084691781D78B9
:1051000000F0C0FD0028ECD021462846BDE838401C
:10511000FFF7F0B920200020901500200B46064A2A
:1051200006481168DA09343203F07F0302EB4303C7
:10513000184400F061BD00BF742000202020002032
:105140000B46064A06481168DA09343203F07F0339
:1051500002EB4303184400F079BD00BF7420002027
:105160002020002010B5194801F07F0C00EB4C0006
:1051700000EBD11090F834C01CF0010F08D04FF0B4
:10518000E023D3F8F03DDA0700D500BE002010BDC3
:1051900000F1300494F804C00D484CF0010C007884
:1051A00084F804C0FFF72AFA0028F0D14FF0E0217C
:1051B000227960F300022271227960F38202227167
:1051C000D1F8F03DDB07E1D500BEDFE7202000206D
:1051D0009015002030B50B4C8C46A6460546086855
:1051E00049680023AEE803009CF800102846C94334
:1051F000C4E90233BDE830401A4601F08001FFF7F0
:10520000B1BF00BFE01F00202DE9F041284F4FF053
:105210000008BE468C46064608684968BA60AEE893
:105220000300A7F80E801546BCF80620934228BF5D
:105230001346BB819AB11C4633B3DDB197F90030F8
:10524000402C28BF4024002B29DB41462346304612
:10525000184AFFF787FF68B10120BDE8F0819CF88C
:1052600000101346C943304601F08001FFF77AFF72
:105270000028F1D14FF0E023D3F8F03DDB0700D553
:1052800000BE0020BDE8F0811A46397801F08001A7
:1052900023463046FFF766FF0028DDD1EAE72246C5
:1052A0002946044803F0FCFE8021024AF0E700BFD3
:1052B000E01F0020A01F00200022034BC3E90022B2
:1052C000C3E902221A617047E01F0020014B1861F8
:1052D000704700BFE01F002030B40246044C002598
:1052E000234600685168C4E9025530BC03C37047C7
:1052F000E01F002070B53D4CC90922780646B1EB8D
:10530000D21F1D4682B017D053B14FF0E023D3F81F
:10531000F03DDB0702D4002002B070BD00BEFAE70A
:105320002146FFF7D9F823691BB1224603213046F5
:105330009847012002B070BD94F90030002B06DBC5
:10534000A0680028E7D02A46294903F0A9FEE08991
:10535000A168E388284480B229448342E081A160A7
:1053600016D03F2D14D9A28994F90040131A9BB28C
:10537000402B28BF4023002C27DB90424FF0000138
:1053800031D01B4A3046FFF7EDFE0028D1D1BCE7F3
:10539000236923B102213046144A984760B121782D
:1053A0000023C94330461A4601F08001FFF7DAFEB8
:1053B0000028AAD00120BDE701463046FFF732F9A8
:1053C00080213046FFF72EF9B3E7904208D01A4605
:1053D0000748019303F064FE8021054A019BD1E751
:1053E00080210022CEE70A46CCE700BFE01F002064
:1053F000A01F00202DE9F0410446FFF7D3F908B9BA
:10540000BDE8F081FFF7D6F905460028F8D1C8239A
:1054100004FB03F3124EF718F9780029F0D010338B
:105420001E44304600F0D2FD3F28E9D92846F978DD
:10543000FFF774FE0028E3D0304600F0C7FD3F2898
:10544000F97808D9074A284602EBC4124023BDE880
:10545000F041FFF787BE2846BDE8F041FFF770BE78
:10546000D81E0020541E002010B50446FFF79AF9FC
:1054700008B9002010BDFFF79DF90028F9D1C82216
:10548000034B02FB0433187900F0010010BD00BF8C
:10549000D81E0020C82208B5024B02FB003000F0E5
:1054A0007BFD08BDE81E00202DE9F8434FF6FF7391
:1054B000C8249A4228BF1A4600FB04F4DFF874801F
:1054C00004F110054544064692B2284600F0DAFD84
:1054D0000746FFF767F910B93846BDE8F883FFF7CC
:1054E00069F981460028F7D1A04498F80330002BD1
:1054F000F2D0284600F06AFD3F28EDD9484698F8DA
:105500000310FFF70BFE0028E6D0284600F05EFDF2
:105510003F2898F8031007D9054A4846402302EB74
:10552000C612FFF71FFED7E74846FFF709FED3E78D
:10553000541E0020D81E00202DE9F0410446FFF73C
:1055400031F910B90020BDE8F081FFF733F90546C5
:105550000028F7D1C82604FB06F6DFF8648006F1C0
:1055600024074744384600F017FD0028EAD0B0442D
:10557000284698F80210FFF7D1FD0028E2D00F4E20
:10558000384606EBC4163146402200F07BFD98F801
:105590000210044668B1034632462846FFF7E2FD92
:1055A00050B94FF0E023D3F8F03DDB07CAD500BE79
:1055B000C8E7FFF7C5FDC5E72046C4E7941E0020F5
:1055C000D81E002038B54FF6FF75C823AA4228BF61
:1055D0002A460B4C92B203FB00440546204600F0DD
:1055E0000FFE034620461C4600F0D6FC3F2801D89B
:1055F000204638BD2846FFF79FFF204638BD00BF34
:10560000FC1E0020C82208B5024B02FB003000F04F
:10561000DDFC08BDFC1E0020F0B5002483B0C822CC
:105620000021174803F0C4FCFF234FF4E1310822A6
:1056300014480470124800940746437181608273D5
:1056400000F1380101234022103000F075FC0123E5
:10565000402207F17801009307F1B80607F1240012
:1056600000F06AFC07F1C0053046FBF7D7FC28467E
:10567000FBF7D4FCC7E90746C7E90C5403B0F0BDFB
:10568000D81E0020D41E00200A4A116B136A61B193
:105690003BB10023C2E90C33D36100231362012024
:1056A00070470120C2E90C337047002BF7D0D1615D
:1056B000F3E700BFD81E0020002210B50E4C0F48A3
:1056C000237802600271DA0707D59B070BD5BDE886
:1056D000104001210A4800F05DBE103000F03EFE8F
:1056E00023789B07F3D4064800F038FEBDE810404D
:1056F0000121034800F04EBED41E0020D81E002019
:10570000FC1E0020F0B54B7983B0022B02D18B79BF
:10571000022B03D00025284603B0F0BD274FBB78ED
:105720003BB14FF0E023D3F8F03DDB07F2D500BEEC
:10573000F0E78B7806463B700B78CC18617824290B
:1057400008BF092507D036E023781C4461782B4434
:1057500024299DB207D1AA42F6D20020FFF74AFEC3
:10576000284603B0F0BD0B46052916D0042BF4D112
:1057700063790A2BF1D1124B2778019301330093FF
:10578000022330461A46E119FFF758FC0028C8D01A
:105790000E3517FA85F5ADB2DFE721463046FFF743
:1057A0009BFC0028BDD0A3787B7023785A191C4439
:1057B000637895B2DAE70B460925D5E7D81E0020B5
:1057C000DA1E0020137803F06003202B08D170B597
:1057D000264C938894F800C09C4503D0002070BDEF
:1057E000002070475378203B032BF7D8DFE803F005
:1057F00027230D0201292ED003291ED11C4BE3B112
:1058000000205188AFF3008017E0012923D003293D
:1058100013D15588174805F0010686F0010125715E
:1058200000F0B8FD144B43B131460020C5F34002EF
:10583000AFF3008001E0012911D0012070BD0129E2
:105840000DD00329F9D10D4B002BF6D000200C49C7
:10585000FEF7ACFAF1E71146FFF7BCFCEDE71146A5
:105860000723074AFFF7D0FCE7E700BFD81E002058
:1058700000000000FC1E002000000000AD3D0010F4
:10588000E01E00202DE9F843354E0C46F27807461D
:105890008A421D463DD0B3788B4212D04FF0E023B0
:1058A000D3F8F03DDB0732D40020BDE8F8832D4B60
:1058B00023B12D4800F080FB00284DD00020FFF7D9
:1058C00099FDB378A34201D00120EEE7274B13B135
:1058D0000020AFF300800020FFF72EFE0028F3D158
:1058E000234800F059FB0028EED1002DECD015F034
:1058F0003F05E9D13846B178FFF710FC0028E3D026
:105900002B462A463846B178FFF72CFCDCE700BE70
:10591000CAE79AB2174906F1100000F071FC164B65
:10592000002BC4D07379FF2BC1D0002DBFD0DFF87E
:10593000448008EB050902E0C845B8D0737918F82F
:10594000012B9A42F8D1084800F036FB0028F3D129
:105950007179AFF30080EFE7AFF30080AEE700BFEF
:10596000D81E002000000000E81E002000000000FB
:10597000FC1E0020541E002000000000F0B54FF473
:10598000137285B00021124803F012FB4026002359
:105990004FF480750E4F0F4C07F5A6721946CDE9EE
:1059A0000246009201951A4607F5947000F0C6F978
:1059B0000023384607F1280134440091012219469A
:1059C000CDE902460195043000F0B8F905B0F0BD0C
:1059D000BC2100203C21002008B5054800F0DAF980
:1059E000034BA3F5927000F0D5F9012008BD00BF6C
:1059F000E422002038B50025064C04F59870257087
:105A000000F0ACFC04F10C0000F0A8FC84F8295173
:105A1000657138BDBC2100202DE9F8434B79FF2B7F
:105A200051D1354E96F82931002B4CD196F805808E
:105A3000B8F1000F47D18B780C7833700B790F4693
:105A40000C44ABB38146A51803E0A54230D92378B6
:105A50001C446378052BF8D1AC4229D22146484634
:105A6000FFF73AFB40B3A378DB092FD1234800F0BE
:105A700075FCA37896F8282186F82931A388484632
:105A8000C3F30A03A3F50073B3FA83F35B0963F36B
:105A900041021B4986F8282100F0EAF960B1237819
:105AA0003A7908F101081C445FFA88F39A42D0D889
:105AB000E11B88B2BDE8F8834FF0E023D3F8F03D56
:105AC000DB0700D500BE0020BDE8F8830D4800F0DC
:105AD00045FCA37832797371A3880B49C3F30A0399
:105AE000A3F50073B3FA83F35B0963F3410200206B
:105AF000327100F085F9D2E7BC210020EC220020B1
:105B0000E4220020C8210020C021002070B51B4CD9
:105B1000064694F829C11D468C4511D063798B4205
:105B200001D0002070BD164B1BB10020A9B2AFF30D
:105B300000803046134900F063F9C8B1012070BD00
:105B4000B4F8343163B9104B23B100200F49AAB225
:105B5000AFF3008030460E4900F08AF90120EEE7ED
:105B6000D4F82C11AAB204F5987000F049FBEAE7CA
:105B70002A463046034900F00FF9DFE7BC21002038
:105B800000000000C0210020000000003C21002097
:105B9000E422002010B582B0C9B101280CD80B78DE
:105BA00053B1144C012B235402D0012002B010BD7C
:105BB000FEF708FE0028F8D14FF0E023D3F8F03DBF
:105BC000DB0702D4002002B010BD00BEFAE70124BA
:105BD000084601A9ADF80440FEF7F4FD38B94FF0CE
:105BE000E023D3F8F03DDA07EDD500BEEBE7014B3B
:105BF0001C70E8E714200020F8B5037813F00104C6
:105C00001AD1037805465A07C3F3800701D5204609
:105C1000F8BD0E464FF0FF31304603F039FC2B78CB
:105C200013F001040BD12B785B0709D42B780124E6
:105C300043F004032B7003E000242046F8BD3C46EB
:105C4000304603F03DFC2046F8BD00BF70B50C4661
:105C500005464FF0FF31204603F01AFC2B78C3F3C2
:105C600080065B0708D52B7813F0010311BF0026CF
:105C70002A7863F382022A70204603F021FC304622
:105C800070BD00BFC378828803F003000228C2F30E
:105C90000A0215D003280AD001281CD1022940F29B
:105CA000FF3308BF4FF4806393420DD3704702293E
:105CB00014BF40234FF48063934205D30120704703
:105CC00002290AD0402AF9D94FF0E023D3F8F03D59
:105CD000DB0700D500BE00207047B2F5007FEDD095
:105CE000F2E700BF0A44914226D291F801C0BCF10C
:105CF000050F05D091F800C061448A42F5D870477D
:105D000000B591F802C00CF07F0E00EB4E0E4FEA8A
:105D1000DC1C0EF80C3091F800C061448A4209D9AD
:105D200091F801C0BCF1050FEBD091F800C06144BF
:105D30008A42F5D85DF804FB704700BF2DE9F041B9
:105D40008E4682B0009390F800C0089EBDF8247083
:105D50006EF3000C04461546012331463A4600F81E
:105D600008CBBDF82C8000F0E7F806B13FB9012060
:105D70000A9BA4F80280636002B0BDE8F08104F1E0
:105D80001C063046FBF74AF90DB135460026C4E93A
:105D90000556ECE701207047F8B50746084640F283
:105DA000FF13154610F8082B0C4612F0020F0CBF1B
:105DB0003F261E4600F0F0F828B925B12E4202D148
:105DC0002378DA0701D50020F8BD38466178FFF75F
:105DD000A5F90028F7D0237813F0010307D04FF07E
:105DE000E023D3F8F03DDB07EDD500BEEBE71A4624
:105DF00038466178FFF7B6F90028F0D0F8BD00BF4B
:105E000070B501F10805064628460C4600F0C4F8B6
:105E100010B12378DA0701D5002070BD30466178D3
:105E2000FFF77CF90028F7D028466288616800F007
:105E300029F92378054603F0010340B173B14FF00F
:105E4000E023D3F8F03DDB07E6D500BEE4E7002B06
:105E5000E2D130466178FFF773F9DDE70346626807
:105E600030466178FFF77EF90028E8D0284670BDFB
:105E70008A892DE9F0410B780C46064622B9DD07E8
:105E800034D50020BDE8F08104F1080799073846B1
:105E900047BF4FF47E484FF400754FF6C078402559
:105EA00000F094F88542ECD82378DA07E9D430463C
:105EB0006178FFF733F90028E3D0384600F086F820
:105EC0002378854203F001032DD8BBB9658808EA21
:105ED0000008454528BF454661785DB362682B469A
:105EE0003046FFF73FF948B12846CBE74978FFF73E
:105EF00015F90028C5D02378D80707D54FF0E0233F
:105F0000D3F8F03DDB07BCD500BEBAE76388617803
:105F10003BB162683046FFF725F90028EED0608873
:105F2000B0E71A46F6E7002BABD130466178FFF7B1
:105F300007F9A6E72A46D2E72DE9F041B2F5004F6E
:105F40009DF8188024D80446C06817460E461D46A2
:105F500018B14FF0FF3103F09BFA206918B14FF0F0
:105F6000FF3103F095FA0022C5F30E03E06843EA1F
:105F7000C83362812660A780E380228108B103F0E4
:105F80009FFA206908B103F09BFA0120BDE8F08177
:105F90000020BDE8F08100BF038942899BB292B224
:105FA0008088934236BFC2EB40029B1A9B189BB27B
:105FB000984228BF184670470289438990B29BB225
:105FC000C01AB0FA80F04009704700BF03894289C7
:105FD0009BB2808892B2934236BFC2EB40029B1ABA
:105FE0009B189BB2984286BFC01A80B200207047AF
:105FF00038B5044600690D4618B14FF0FF3103F083
:1060000047FA2189638989B29BB2A288994236BF37
:10601000C3EB4200C81A401880B250B3824209D282
:1060200091422CBF891A89188BB29A42638103D896
:106030009B1A9BB29A42FBD9E2882168C2F30E02F6
:1060400002FB0311284603F02BF86189012589B270
:106050004B1C9BB29942A2880ED9002302FA05F18B
:106060005B1A9BB22069638108B103F029FA2846C4
:1060700038BD054663899BB2B3EB420F4FEA42013C
:10608000F0DBEDE72DE9F0470646006988469146CA
:1060900018B14FF0FF3103F0FBF9338974899BB2DB
:1060A000A4B2B588A34236BFC4EB45071F1BFF1837
:1060B000BFB2002F4AD0BD4240D3B94528BFB94630
:1060C000A5421FFA89F703D8641BA4B2A542FBD9E5
:1060D000B6F806A02B1B31689BB2CAF30E029F4292
:1060E000924602FB041123D913FB02F31FFA83F932
:1060F0004A4640467D1B02F0D3FF621912FB0AF2AA
:10610000316808EB090092B202F0CAFF7289B588C3
:1061100092B2D3199BB29A421AD96A009B1A9BB2C7
:106120003069738108B103F0CBF93846BDE8F087D8
:10613000404607FB02F202F0B3FFE7E7AB422CBF99
:106140005B1B5B199CB22F467481B6E773899BB2C7
:10615000B3EB450F4FEA4502E2DBDFE7F8B5044653
:10616000C0680E4618B14FF0FF3103F091F9258950
:10617000238961899BB289B2A2888B4236BFC1EB69
:1061800042015B1A5B189BB29A42ADB208D8E7791C
:10619000FF0905D1E06808B103F092F93846F8BD6F
:1061A000954228BF2B4618D39B1A9BB29342FBD231
:1061B000E2882068C2F30E0202FB0300314602F0BF
:1061C0006FFF6B1C9BB29D42A28812D90023510025
:1061D0005B1A9BB201272381DCE7E2882068C2F3C7
:1061E0000E0205FB0200314602F05AFF0135A2887B
:1061F000ABB2B3EB420F4FEA4201EBDBE8E700BF83
:106200002DE9F04F174683B0002A75D00646C068C6
:10621000894618B14FF0FF3103F03AF9F379B6F837
:1062200008807289DB09B5881FFA88F892B23CD1E0
:10623000904536BFC2EB4502A8EB0202424492B23F
:10624000AA425ED2AA1A92B2BA4228BF3A46B6F819
:1062500006B097B27B1B08EB070ACBF30E0B9BB281
:106260001FFA8AFAA845444603D3641BA4B2AC4281
:10627000FBD22D1B3068ADB2BD420BFB040057D3DF
:1062800049460BFB07F202F00BFFB288D0454FEAFC
:10629000420302D8BAEB420F03DBAAEB03031FFA57
:1062A00083FA3D46A6F808A02CE0B6F806B0AF4247
:1062B000CBF30E0B2FD2904536BFC2EB4501A8EBB6
:1062C0000201414489B2680039447B1B81429BB280
:1062D0000DDB02EB050A1FFA8AFAAAEB07081FFA80
:1062E00088F8424537D9A8EB00001FFA80F807EB81
:1062F000080A1FFA8AFAB5E71546284603B0BDE832
:10630000F08F0025F0680028F7D003F0D9F8284670
:1063100003B0BDE8F08F002DF4D07F1B02EB050A1F
:106320000BFB079990462F4600231FFA8AFA99E73C
:1063300015FB0BF5ADB22A464946019302F0B0FEBB
:10634000019B3068E21812FB0BF209EB050192B2D7
:1063500002F0A6FE99E7404584DCC4E710B5044688
:10636000C06818B14FF0FF3103F092F8206918B1FE
:106370004FF0FF3103F08CF80023E0686381238144
:1063800008B103F09DF8206908B103F099F80120E5
:1063900010BD00BF38B50446C0680D4618B14FF0B7
:1063A000FF3103F075F8206918B14FF0FF3103F0A9
:1063B0006FF8E379E06865F3C713E37108B103F0A0
:1063C0007FF8206908B103F07BF8012038BD00BFD9
:1063D000F8B504460D46EFF3108772B60C4B9B6878
:1063E00053F82060B14204D00A4B9E420BD2FBF717
:1063F00053FC074B9B6843F82450BFF35F8F87F330
:1064000010883046F8BD044B9E42F2D3EFE700BF40
:1064100000ED00E0100100101C01001070B5002517
:1064200001260468002BE5668446616028469DF8D5
:1064300010E0E66616DD5D1E616F1029FCD000B32A
:106440000021A84204BF8EF0010641EA462141F432
:1064500080712161D4F88010616B490605D54FF039
:10646000FF30636D8CF804E070BDA16F0029F1D09E
:1064700021690130834202F8011BF3D0DCF80040AF
:10648000DAE79CF804108902DBE700BF2DE9F04150
:1064900000270124944602680546D7665160D466F9
:1064A0001C1E38469DF818601EDD297986F001070C
:1064B00089027F0204F1FF3E70450CBFB8464FF0E1
:1064C00000081CF8013B0B4343EA08031361536BBC
:1064D000D906FCD5D2F8801049B970451CD00130DE
:1064E00084424FF00001E7D12E71BDE8F0814FF0FA
:1064F0000108536D536B9B05FCD5136EB8F1000F6B
:10650000EDD069B1CB070BD411F0080F08BF4FF0E5
:10651000FF302E71BDE8F081002EE0D1B046E9E7F2
:106520004FF0FF30E0E700BFF8B5044605200F4606
:10653000FBF7A8FA00EB570CBCFBF7FC204D0CEB6B
:106540004C02A5FB02651F49AE088F4200EB4003D9
:10655000ACEB95052ED801F1D64101F5A10101F66C
:106560002C01A1FB03139B0D013300214F2A98BF7F
:1065700001222468B0FBFCF0E166216804F5805735
:1065800081F0040101F00601396088BF0C49E56122
:1065900084BFA1FB021292092662C4F8A020224601
:1065A000012152F87C5F6B409BB202F58052136070
:1065B000E166F8BD0449A1FB0313DB0D0133D4E709
:1065C000CDCCCCCC3F420F00893BE6550E4A30B4CF
:1065D000904214BF202210220C4D0D4B0D4C2A600E
:1065E0001A60A36832EA0303FBD140F26515032465
:1065F00002680371D3661560D3639363C2F8884061
:1066000030BCFFF791BF00BF94150020002002406E
:10661000003002400000024010B49DF80440019494
:106620005DF8044BFFF732BF10B49DF804400194AD
:106630005DF8044BFFF7F2BE70B51646026C0446D7
:10664000856B2AB9066801354EB31046A56370BD47
:106650008EB9406802F024FD6368216CA2680B4487
:106660009342636028BF236805F1010528BF63607A
:106670000020A56370BDC06802F012FD226CE368C3
:1066800051429B1A2268E360934202D2A3680B44F2
:10669000E360022E08D001350020A56370BD80683C
:1066A00001F03CFBA660D1E7012D38BF0125DFE7F3
:1066B00070B5A0B3A1FB002305460E467BBB01FBD2
:1066C00000F010F1490F2AD8483001F08DFD044642
:1066D00028B33EB300F148032360C4E90F5601F02C
:1066E000DDFD0023FF20A363216CE36B226801FB27
:1066F00003F3591A626013440A44C4E9023284F86D
:10670000440084F8450004F1100001F03FFF04F15B
:10671000240001F03BFF01F0CFFD204670BD0024B6
:10672000204670BD0346D7E72DE9F043044685B007
:106730001F460192884601F0B1FDA26BE36B9A42BD
:1067400079D3022F77D0002204F12406019B002B7D
:1067500000F0D480002A00F0CD8001F0ADFD00F003
:10676000C7FF01F09BFD94F84430FF2B04BF0023CA
:1067700084F8443094F84530FF2B04BF002384F89C
:10678000453001F099FD02A801A901F049FA00285D
:1067900040F0BA8001F082FDA26BE36B9A425CD0BC
:1067A00001F08AFD01F07AFD94F8452055B2002DE4
:1067B00004DC11E06A1ED3B255B26BB1636A5BB1FF
:1067C000304601F0B9F90028F4D001F059FA6A1EF8
:1067D000D3B255B2002BF1D1FF2384F8453001F03C
:1067E0006BFD01F05BFD94F8442055B2002D14DDE3
:1067F00004F1100903E06A1ED3B255B26BB12369EC
:106800005BB1484601F098F90028F4D001F038FA5D
:106810006A1ED3B255B2002BF1D1FF2384F8443065
:1068200001F04AFD00F06CFF01F038FDA16BE36B55
:10683000012299428AD23A4641462046FFF7FCFEA1
:10684000636A002B40F0A880002840F0A28001F08D
:1068500033FD012005B0BDE8F08304F1100901F01B
:106860002BFD4846019901F0B5F801F017FD94F8A9
:1068700045305DB2002D04DC11E06B1EDAB25DB272
:106880006AB1636A5BB1304601F056F90028F4D072
:1068900001F0F6F96B1EDAB25DB2002AF1D1FF23E6
:1068A00084F8453001F008FD01F0F8FC94F844301C
:1068B0005DB2002D04DC11E06B1EDAB25DB26AB18C
:1068C00023695BB1484601F037F90028F4D001F0A4
:1068D000D7F96B1EDAB25DB2002AF1D1FF2384F83A
:1068E000443001F0E9FC00F00BFF00289CD101F0DE
:1068F000C9FC99E702A801F087F92EE701F0DCFC5A
:10690000002005B0BDE8F08301F0C8FC94F84530E4
:106910005DB2002D14DD04F1240603E06B1EDAB233
:106920005DB26AB1636A5BB1304601F005F90028D7
:10693000F4D001F0A5F96B1EDAB25DB2002AF1D1F4
:10694000FF2384F8453001F0B7FC01F0A7FC94F870
:1069500044305DB2002D14DD04F1100603E06B1E1F
:10696000DAB25DB26AB123695BB1304601F0E4F896
:106970000028F4D001F084F96B1EDAB25DB2002A6F
:10698000F1D1FF2384F8443001F096FC00F0B8FE0A
:10699000B6E701F077FC5AE704F1240001F0CCF8E7
:1069A00000283FF454AFF4E738B5482001F01CFC50
:1069B000044650B3002501232060C0E90F3501F0E3
:1069C0006DFCD4E90F31FF2001FB03F32268591A53
:1069D000626013440A44C4E90232A56384F84400A7
:1069E00084F8450004F1100001F0D0FD04F124000A
:1069F00001F0CCFD01F060FC2B462A4629462046DA
:106A0000A5602560E560FFF78FFE204638BD00BF1A
:106A10002DE9F043044685B08846019201F03EFC22
:106A2000A56B002D40F01781019B002B00F0C68064
:106A300002A801F0E9F82F4604F1240601F03CFC1D
:106A400000F056FE01F02AFC94F84430FF2B08BFFA
:106A500084F8447094F84530FF2B08BF84F84570E3
:106A600001F02AFC01A902A801F0DAF8002854D1AB
:106A700001F014FCA36B002B40F0A68004F1240964
:106A800001F01AFC4846019900F0A4FF01F006FC51
:106A900094F845305DB2002D04DC11E06B1EDAB2D3
:106AA0005DB26AB1636A5BB1484601F045F80028FF
:106AB000F4D001F0E5F86B1EDAB25DB2002AF1D134
:106AC000FF2384F8453001F0F7FB01F0E7FB94F871
:106AD00044305DB2002D14DD04F1100903E06B1E9B
:106AE000DAB25DB26AB123695BB1484601F024F8BD
:106AF0000028F4D001F0C4F86B1EDAB25DB2002AAF
:106B0000F1D1FF2384F8443001F0D6FB00F0F8FD0A
:106B100000284AD101F0B6FB47E001F0BFFB94F832
:106B200045305DB2002D04DC11E06B1EDAB25DB2BF
:106B30006AB1636A5BB1304600F0FEFF0028F4D012
:106B400001F09EF86B1EDAB25DB2002AF1D1FF238C
:106B500084F8453001F0B0FB01F0A0FB94F844301C
:106B60005DB2002D14DD04F1100903E06B1EDAB2F2
:106B70005DB26AB123695BB1484600F0DDFF0028D1
:106B8000F4D001F07DF86B1EDAB25DB2002AF1D1CB
:106B9000FF2384F8443001F08FFB00F0B1FD01F0D9
:106BA0007DFBA36B53B101F087FB01F077FBA56B75
:106BB000002D50D1019B002B7FF440AF01F07CFBF6
:106BC000002005B0BDE8F08301F076FB01F066FB24
:106BD00094F845305DB2002D14DD04F1240903E082
:106BE0006B1EDAB25DB26AB1636A5BB1484600F00F
:106BF000A3FF0028F4D001F043F86B1EDAB25DB2B7
:106C0000002AF1D1FF2384F8453001F055FB01F053
:106C100045FB94F844305DB2002D14DD04F11009F9
:106C200003E06B1EDAB25DB26AB123695BB148461C
:106C300000F082FF0028F4D001F022F86B1EDAB2D7
:106C40005DB2002AF1D1FF2384F8443001F034FB17
:106C500000F056FDA9E7226C5AB1E168A36811441F
:106C60009942E16028BF2168404628BFE16002F0F8
:106C700017FA2369013DA5632BB901F01DFB012023
:106C800005B0BDE8F08304F1100000F055FF0028C6
:106C9000F3D001F0F7FAF0E72DE9F043044685B0B0
:106CA000019101F0FBFAA56B002D40F03B81019BA7
:106CB000002B00F0818002A800F0A6FF2F46A84616
:106CC00004F1240601F0F8FA00F012FD01F0E6FAF2
:106CD00094F84430FF2B08BF84F8448094F8453082
:106CE000FF2B08BF84F8458001F0E6FA01A902A84D
:106CF00000F096FF002862D101F0D0FAA36B002BC0
:106D000040F0AC8001F0D8FA2368002B00F001813C
:106D100004F124094846019900F05CFE01F0BEFA36
:106D200094F845305DB2002D04DC11E06B1EDAB240
:106D30005DB26AB1636A5BB1484600F0FDFE0028AF
:106D4000F4D000F09DFF6B1EDAB25DB2002AF1D1E3
:106D5000FF2384F8453001F0AFFA01F09FFA94F870
:106D600044305DB2002D14DD04F1100903E06B1E08
:106D7000DAB25DB26AB123695BB1484600F0DCFE6D
:106D80000028F4D000F07CFF6B1EDAB25DB2002A5E
:106D9000F1D1FF2384F8443001F08EFA00F0B0FC0A
:106DA000002800F0A58001F079FAA56B002D40F0D5
:106DB000B980019B002B85D101F07EFA4AE001F0F9
:106DC0006DFA94F845305DB2002D04DC11E06B1EC5
:106DD000DAB25DB26AB1636A5BB1304600F0ACFE14
:106DE0000028F4D000F04CFF6B1EDAB25DB2002A2E
:106DF000F1D1FF2384F8453001F05EFA01F04EFA3C
:106E000094F844305DB2002D14DD04F1100903E064
:106E10006B1EDAB25DB26AB123695BB1484600F01D
:106E20008BFE0028F4D000F02BFF6B1EDAB25DB2AF
:106E3000002AF1D1FF2384F8443001F03DFA00F03C
:106E40005FFC01F02BFAA36B002B4ED101F034FA5A
:106E5000002F50D1002005B0BDE8F08301F02CFADE
:106E600001F01CFA94F845305DB2002D14DD04F1F8
:106E7000240903E06B1EDAB25DB26AB1636A5BB1EA
:106E8000484600F059FE0028F4D000F0F9FE6B1ED1
:106E9000DAB25DB2002AF1D1FF2384F8453001F067
:106EA0000BFA01F0FBF994F844305DB2002D14DDCB
:106EB00004F1100903E06B1EDAB25DB26AB1236916
:106EC0005BB1484600F038FE0028F4D000F0D8FE50
:106ED0006B1EDAB25DB2002AF1D1FF2384F8443090
:106EE00001F0EAF900F00CFC5DE701F0E5F95AE782
:106EF00001F0C8F957E701F0D1F9616A19B1236BC4
:106F00001968C1F10601A06800F03EFF01F0D4F954
:106F1000A0E701F0C3F9A06800F0B8FE074601F051
:106F2000CBF9F5E62368013DA56383B123692BB94D
:106F300001F0C2F9012005B0BDE8F08304F11000B2
:106F400000F0FAFD0028F3D001F09CF9F0E700F022
:106F500057FFA060EAE700BF00296BD0564B5A6884
:106F6000904200F08B801A6810B4002A3BD0DA6897
:106F7000904200F09E809A68002A55D05A6990424B
:106F800000F095801A69002A55D0DA69904200F025
:106F900082809A69002A54D05A6A904256D01A6A5E
:106FA000002A57D0DA6A904277D09A6A002A56D0DF
:106FB0005A6B904273D01A6B002A55D0DA6B90420C
:106FC0006FD09A6B002A54D05A6C90426BD01A6CD6
:106FD000002A59D0DA6C904267D09B6C002B58D0B5
:106FE0005DF8044B7047DA68904262D05A6990426B
:106FF0005DD01A46DC69A0424DD05C6AA04225D023
:10700000DC6AA04249D05C6BA04248D0DC6BA04255
:1070100047D05C6CA04246D0DC6CA04245D0C2E9AF
:1070200000105DF8044B70475A6990423FD003F15D
:107030000802DFE77047DA6990422CD003F11002B2
:10704000DBE75A6A904201D01C4AD9E7042203EBDD
:10705000C202E4E7DA6A90421FD0194AD3E75A6BBA
:1070600090421CD0174AD1E7DA6B904219D0164AE9
:10707000CFE75A6C904216D0144ACDE7002203EBBA
:10708000C202C2E900107047DA6C90420DD0104A7B
:10709000C5E7104AC3E70322D9E70522D7E706224E
:1070A000D5E70722D3E70822D1E70922CFE702225A
:1070B000CDE70122CBE700BF901C0020A81C0020D8
:1070C000B01C0020B81C0020C01C0020C81C0020E0
:1070D000D01C0020D81C002070B505460E46144672
:1070E00001F0DCF895F84430FF2B04BF002385F84D
:1070F000443095F84530FF2B04BF002385F8453018
:1071000001F0DAF8AB6B002B43D001F0C7F895F82B
:1071100045305CB2002C14DD05F1240603E0631E4B
:10712000DAB25CB26AB16B6A5BB1304600F004FD62
:107130000028F4D000F0A4FD631EDAB25CB2002A8D
:10714000F1D1FF2385F8453001F0B6F801F0A6F83B
:1071500095F844305CB2002C14DD05F1100603E014
:10716000631EDAB25CB26AB12B695BB1304600F0E3
:10717000E3FC0028F4D000F083FD631EDAB25CB2B9
:10718000002AF1D1FF2385F84430BDE8704001F0BA
:1071900093B82246314605F1240000F067FCB4E7BD
:1071A0002DE9F041044601F079F8364A364E13686D
:1071B000013313603368002B34D0344FE36A3A68EC
:1071C0004AB3334D334934480A6804F1040C0132A0
:1071D0000A6002689A4238BF036003EB830305EB41
:1071E000830041689B00EA58D1F808E0A160C4F828
:1071F0000CE00132CEF804C0C1F808C06061EA506A
:1072000001F05AF83B6823B13268E36AD26A9A42C5
:1072100010D3BDE8F08132681D4DD26A9A4298BF02
:107220003460CFE734601368012B07D0E36A184D50
:10723000164FC7E7BDE8F04101F024B8144D2F46C2
:1072400005F178083846143701F0A0F94745F9D11F
:10725000DFF86080114F404601F098F9384601F0A0
:1072600095F90F4801F092F90E4801F08FF90E4898
:1072700001F08CF90D4BC3F800800D4B1F60E36AE1
:10728000024F9FE7A4290020E0280020342A002094
:10729000F4280020B0290020B4290020F42900207F
:1072A000202A00204C2A0020382A0020E82800202C
:1072B000EC280020E029002080B5124D124F134E1B
:1072C000DFF84C8014E000F0E9FFFB68DC68201D6B
:1072D00001F092F93368013B33602B68013B2B606E
:1072E00000F0EAFF206B00F08BFF204600F088FFE3
:1072F0002B68002BE7D1D8F80030012BF8D900F02B
:10730000C1FFF5E7A82900204C2A0020A42900206D
:10731000F42800202DE9F04F4C4B83B01D68013557
:107320001D60002D67D04A490B689D4277D3494EB6
:1073300033681868002800F084800020AA460746B9
:107340008146DFF828E1444C019147E05869D3E9D0
:10735000022CC2F808C0CCF8042042688A420268B5
:1073600008BFC0F804C0013A5F610260986A70B15A
:10737000D3E9072CC2F808C0CCF804204268AA421E
:10738000026808BFC0F804C0013A9F620260DA6A6E
:10739000DEF8000002EB820C04EB8C088242D8F885
:1073A000040054F82C50D0F808B09860C3F80CB022
:1073B000CBF804108160C3F81480284B88BFCEF846
:1073C000002019680135336844F82C50C96A1B68DD
:1073D0008A4288BF49F00109002B30D03368DB684E
:1073E000DB685A68191D924503F11805AED2019960
:1073F00048460A6014E0174B194A1868116819606A
:10740000184910600A6801320A601A68126882B965
:107410004FF0FF330E490B600B689D4287D200206E
:10742000114B1B68002B18BF40F0010003B0BDE8F2
:10743000F08F1B680649DB681B680B6074E74846E1
:1074400001994FF0FF330B60EAE700BF602A00208C
:10745000142A0020E8280020F4280020E02800203A
:10746000EC280020182A00206C2A0020B4290020D3
:107470002DE9F8439500804628460F46994600F0CE
:10748000B3FE002872D00646702000F0ADFE044620
:10749000002868D0043D70220021354401F088FDA9
:1074A00025F007052663002F3BD03B7884F8343065
:1074B000002B36D07B7884F8353093B3BB7884F8D2
:1074C000363073B3FB7884F8373053B33B7984F8A4
:1074D000383033B37B7984F8393013B3BB7984F80F
:1074E0003A30F3B1FB7984F83B30D3B13B7A84F87E
:1074F0003C30B3B17B7A84F83D3093B1BB7A84F8E9
:107500003E3073B1FB7A84F83F3053B13B7B84F853
:10751000403033B17B7B84F8413013B1BB7B84F8BE
:107520004230089F201D052F28BF0527E7626764AA
:1075300001F038F8C7F1060704F1180001F032F83D
:107540004B4642462846216BA7612461646200F0E5
:10755000D5FE099B206003B11C602046FFF720FE8A
:107560000120BDE8F883304600F04AFE4FF0FF30BE
:10757000BDE8F883F8B50446254E00F08FFE002CD8
:107580003FD0271D384601F037F8A36A1BB104F13C
:10759000180001F031F81F4A1F4D136801331360C2
:1075A0003368A3422B681FD01C4A1368013B136049
:1075B0001B4B1A68126892B11A681A4BD26812688B
:1075C0001A6000F079FE206B00F01AFE204600F0F1
:1075D00017FE2B6813B13368A34214D0F8BD4FF0E7
:1075E000FF32104B1A60ECE7002BDDD039460E4815
:1075F00000F0DCFF0D4A13680133136000F05CFEFD
:10760000E7E73468BDE7BDE8F84000F03BBE00BFE7
:10761000E0280020B0290020342A0020A4290020DE
:10762000E8280020142A00204C2A0020A829002045
:107630002DE9F8434FF4007000F0D6FD88B30646FC
:10764000702000F0D1FD044678B30027DFF8989051
:107650003946702201F0ACFC06F5FE75C4E90C69F0
:107660000626201D00F09EFF25F0070504F11800F6
:1076700000F098FF3B46174A216B28462461A6611B
:10768000646200F03BFE0346DFF860802360204622
:107690000127C8F80040FFF783FD00F063FDB84202
:1076A0000AD00D4B1B68BDE8F883304600F0A8FDFA
:1076B000094B1B68BDE8F88300F0FAFE4FF0FF3479
:1076C00000220649064B074804600F601A6000F06C
:1076D00051FEE6E7B9720010849A0010342A0020A7
:1076E000602A0020142A002049444C450C2A00201E
:1076F000024A136801331360704700BFAC290020B1
:107700002DE9F04FDFF86C8183B000F0C7FDD8F8A9
:107710000030013BC8F80030D8F800E0BEF1000F9F
:1077200040F081804C4B1B68002B7CD0DFF848C1B7
:10773000DCF80030002B00F08B80484BDFF83C91E8
:10774000474E0193DCF80C30DB689A6AD3E90701F5
:1077500054688160486003F11800844208BF51609A
:107760001168C3F828E0013911605A69D3E9024170
:10777000A1604C6054681D1DAC4208BF5160116887
:10778000D9F8000001391160DA6A8242354802EB0B
:10779000820188BFC9F80020006806EB81077C6879
:1077A000D0F82CA056F82100D4F808B0013052458A
:1077B0009C60C3F80CB0CBF80450A5605F6146F83C
:1077C000210037D90122019B1A60DCF80030002B20
:1077D000B8D1254B1A681268002A34D01A68234B96
:1077E000D26812681A60224D2C689CB10126019F54
:1077F00005E0FFF78FFD00B13E60013C09D0D8F8ED
:107800000030002BF5D02B68013C03F101032B6005
:10781000F5D12C60019B1B682BB1124B01241B6816
:1078200000F030FD00E0002400F046FD204603B0EB
:10783000BDE8F08FDCF80030002B83D10A4B1A68CA
:107840001268002ACAD14FF0FF32084B1A60CAE70B
:10785000024B0193C7E700BFA42900206C2A002037
:10786000F4280020E0280020E8280020142A002026
:107870001C2A0020AC290020202A0020B429002046
:1078800008B900F0FFBC194A2DE9F041136804461D
:10789000013313601649174B174D184A0E681768C5
:1078A000D3F800802868043000F0A6FE2B68A419E5
:1078B00029685C600DD23846043100F085FE104B1B
:1078C0001A68944238BF1C60FFF71AFF48B1BDE840
:1078D000F0814046043100F077FEFFF711FF0028E9
:1078E000F5D1BDE8F04100F0CDBC00BFAC290020CF
:1078F000602A0020EC280020E0280020E828002052
:10790000142A0020014B1868704700BF602A00202D
:10791000054B1B680BB9FFF7FDBC044A0020136838
:1079200001331360704700BFAC2900201C2A0020DF
:10793000234B1B681BB10122224B1A607047214A5E
:1079400030B4214C13602068204A00EB800352F8C9
:10795000233081008BBB431E03EB830552F8255077
:107960009900B5B9831E03EB830552F825509900A1
:107970007DB9C31E03EB830552F82550990045B924
:10798000031F03EB830552F8255099000DB9431FDF
:107990009900194402EB81000246416808324968A7
:1079A0009142416008BFC168094A08BF4160C96887
:1079B00011602360136830BC70470346E9E700BFDD
:1079C000AC2900206C2A0020B4290020F4280020D3
:1079D000E02800202DE9F0410C461E4D29681831A1
:1079E00000F0F2FD1C4B1D491D4A0E681768D3F8C4
:1079F00000802868043000F0FFFD631C15D02B6860
:107A0000A41929685C600AD23846043100F0DCFD14
:107A1000144B1A68944238BF1C60BDE8F0814046A0
:107A2000BDE8F041043100F0CFBD0F4B29685A6822
:107A30001C688A602E680134286829681C602D68DB
:107A4000946804300431F460606091606B61BDE85B
:107A5000F08100BFE0280020EC280020602A0020F0
:107A6000E8280020142A0020382A002094462DE916
:107A7000F0412B4C0D4623684168D4F80080D96151
:107A80002768036826688A68D4F800E0013318374D
:107A90001836C8F8202057608E60224ACEF8280099
:107AA00021490360214BBCF1000F1AD0096812680C
:107AB0001B682068043000F09FFD1D4B19685A6850
:107AC00001311960216890688A602168C860216866
:107AD0000431416021682068043191604361BDE850
:107AE000F0810E681768D3F800802068043000F039
:107AF00083FD2368AD1921685D6005D34046BDE86C
:107B0000F041043100F060BD3846043100F05CFD06
:107B1000084B1A68954238BF1D60BDE8F08100BF70
:107B2000E0280020E8280020602A0020EC2800201F
:107B3000382A0020142A0020F0B40026C368DB682D
:107B40009A6AD3E9070181604860506803F118041C
:107B5000A042274808BF5160116805680139D86AFA
:107B60009E621160002D2FD1D3E902415A69A160B4
:107B70004C6054681E1DB44208BF51601168013941
:107B800011601C4A116881421B4938BF106000EB2C
:107B9000800201EB82077D689200D5F808C08C58FE
:107BA0009D60C3F80CC0CCF80460AE605F61134BFD
:107BB00001341B688C50DB6A834215D2F0BC012370
:107BC0000F4A1846136070470E4A15685168013510
:107BD00015608D68D9611D626C608C609A62074B7C
:107BE0001B68DB6A8342E9D3F0BC0020704700BF0A
:107BF000AC290020B4290020F4280020E02800202F
:107C00006C2A0020202A0020034A044B12681B68BB
:107C1000C0E90023704700BF182A0020602A002016
:107C2000F8B50D46044600F039FB2B68124A581C83
:107C300011681BD0D4E90060DFF840C0DCF80070A8
:107C4000BE4208D0884206D8002301242B6000F0F1
:107C500033FB2046F8BD0F1ABB42F5D95B1ADCF89E
:107C60000010126803442B60C4E90012002400F0E5
:107C700023FB2046F8BD00BF602A0020182A002000
:107C80000122014B1A6070476C2A0020F8B50446A7
:107C9000C8B11F4DC36A2A68D26A934214D282695E
:107CA000002A04DB2A68D26AC2F106028261194EF8
:107CB000626903EB830306EB83039A420CD02B68C3
:107CC000DB6AE3620120F8BD2B68406CDB6A9842F6
:107CD0002CBF00200120F8BD271D384600F08CFC89
:107CE0002B680D4ADB6A1168E3628B4288BF136020
:107CF00003EB8303980006EB8303596832588D68C1
:107D00000132A160E5606F608F6063613250D9E736
:107D1000E0280020F4280020B429002058B1F8B54C
:107D2000C16A836C426C013B91420446836400D07B
:107D30001BB10020F8BD00207047061D304600F042
:107D40005BFC636C0E4AC3F10600A0610120116860
:107D5000E3628B4288BF13600A4A03EB83034FEA56
:107D6000830C02EB83035D6852F80C10AF6801448A
:107D7000A560E7607E60AE60636142F80C10F8BDFC
:107D8000B4290020F428002060B1426CF8B591427B
:107D900038BF1146C36A04468B4202D0826C012A66
:107DA00001D0F8BD70478269134D002A03EB8303AD
:107DB0004269C16205EB8303A4BFC1F10601816181
:107DC0009A42EED1061D304600F016FC0B4AE36ADB
:107DD00011688B4288BF136003EB8303980005EBA7
:107DE000830359682A588F680132A160E7607E607A
:107DF0008E6063612A50F8BDF4280020B429002069
:107E0000034B186810B1836C01338364704700BF63
:107E1000E02800202DE9F04FB74FDFF8E4B2DFF89B
:107E2000E482B64D87B03B681C68002C40F01D8191
:107E3000FFF75EFCFFF766FDDBF80030814683420A
:107E400048D8D8F80030CBF800001A68B2FA82F2AD
:107E500052092868A4EB0901FFF73EF9FFF750FC2F
:107E6000002800F024810023CDE90233CDE904335A
:107E70000022286802A9FEF7CBFD0028D3D0029B80
:107E80000498002BC0F2E980DDF810A0DAF8143075
:107E90001BB10AF1040000F0AFFBFFF733FDDBF884
:107EA00000300190984243D3DDE90123013BCBF838
:107EB0000020082BDCD8DFE803F06161C0A5C761B2
:107EC00061C0A50022F001028AF824205046DAF8A9
:107ED000203098473B681A68002A00F0D880DA689A
:107EE000D2F80CA014680AF10406304600F084FBB6
:107EF0009AF824205107E5D503E05046DAF820200F
:107F00009047DAF81820CAF810A01119A418CAF876
:107F10000410F2D33146D8F8000000F055FBD5E745
:107F200021F0010189F824104846D9F820309847FB
:107F30003B681968002900F0B480D968D1F80C902A
:107F40000C6809F10406304600F056FB99F824103D
:107F50004807E5D503E04846D9F820108847D9F806
:107F60001810C9F8109008196418C9F80400F2D361
:107F70003146D8F8000000F027FBD5E79AF8240036
:107F80000399DAF81840019A0B1940F001068AF8B3
:107F900024602CBF012600269342CAF80430CAF898
:107FA00010A000F28780511A8C423FD8410712D4AA
:107FB00020F001008AF824005046DAF82030984773
:107FC00056E78C4200F2C680DAF8203050469847D7
:107FD0003346DAF81840019AE6182CBF0120002039
:107FE000B242A2EB0301CAF80460CAF810A0E8D2BA
:107FF0009A4201D20028E7D038680AF1040100F063
:10800000E3FAD9E70399019A9AF82430881843F0E3
:10801000010390428AF82430CAF81810CAF8040004
:10802000CAF810A04BD800293FF422AFD8F80000BE
:108030000AF1040100F0C8FA1AE79AF8243023F094
:1080400001038AF8243013E79AF824309A0777D589
:1080500023F001038AF824300AE7039B0599984727
:10806000029B002BFFF604AF0EE7DB681C68FFF7EE
:108070003FFBFFF747FCDBF80030814683423FF6C9
:1080800029AF8442CBF800001FD90022E1E6D8F8DE
:108090000020CBF800903A60C8F80030FFF730FBC2
:1080A000E1E6D8F80010C8F800303960FCE600F0CE
:1080B000E9F8D8E6914202D9002E3FF477AF38684C
:1080C0000AF1040100F080FAD2E6FFF719FB3B68E1
:1080D000DB68DE68331D1846019300F08DFA96F8D0
:1080E0002420530716D422F0010286F824203046BB
:1080F000336A9847B7E600BFE4280020642A0020CE
:10810000102A0020F028002081421DD83046316A14
:1081100088475446B169A9EB040014EB010A2CBF4F
:1081200001230023CA45C6F804A03661ECD94C45AA
:1081300001D9002BEAD00199386800F045FAD6E75A
:10814000504600F05DF893E60199D8F8000000F081
:108150003BFACCE7D8F800000AF1040100F034FA49
:108160002AE700BFF0B5174C83B000F097F82568F8
:108170007DB100F0A1F8206848B103241248002323
:1081800001908022114912480094FFF771F903B061
:10819000F0BD104E104F304600F0F8F9384600F0B0
:1081A000F5F90E4A0E4B176010212A460A201E6070
:1081B000FEF77EFA20600028DBD00A49FEF7CCFEED
:1081C000D7E700BF642A0020682A00200C9800101E
:1081D000157E0010B8290020CC290020F0280020AE
:1081E000E42800200498001010B50446FFF780FA38
:1081F0002046F9F7B3FF0446FFF782FA204610BD88
:1082000050B110B50446FFF773FA2046F9F7B8FFEE
:10821000BDE81040FFF774BA704700BF002300B5F7
:1082200083B0019300F044F9019B002BFCD003B014
:108230005DF804FB10B500F03BF90446FFF768FB5E
:1082400028B14FF0E0234FF08052C3F8042D2046B0
:10825000BDE8104000F038B910B504224FF0E0241A
:10826000002322610520A361F9F70CFC0721044BD0
:10827000A3FB00239B09013B6361216110BD00BF8B
:10828000D34D62104FF0E0234FF08052C3F8042D1D
:10829000BFF34F8FBFF36F8F704700BF08B500F07B
:1082A00007F9044A136801331360BFF34F8FBFF31C
:1082B0006F8F08BDA0150020044B1A68013A1A60A0
:1082C000186800B1704700F0FFB800BFA01500208B
:1082D000836913F8023C662B00D070474FF0E0230F
:1082E000D3F8882D42F47002C3F8882DD3F8342FC8
:1082F00042F04042C3F8342F00F0BCB82DE9F04FF3
:108300004FF0113E4FF0807440E909E34FF007331E
:1083100040F8044C164C40F8343C40E903424FF01E
:1083200005334FF006324FF0123B40E90F324FF069
:10833000033A4FF002394FF001384FF010374FF049
:1083400009364FF008354FF004346FF0020340E96E
:1083500005AB40E9078940E90B6740F8305C40F81D
:10836000404C40F8443C40F8481DBDE8F08F00BF49
:108370001D8200104FF0E0234FF07F42002110B526
:1083800084B00291C3F81C2DD3F81C3D1B0E8DF850
:1083900007309DF807309DF807301A060CD5029B70
:1083A000013302939DF807305B00DBB28DF8073094
:1083B0009DF807301B06F2D4029B082B3AD0029A94
:1083C000C2F10702120202F4E0624FF0E02300243F
:1083D00019490E200A60D3F8202D184942F47F0273
:1083E000C3F8202DD3F8202D42F07F42C3F8202D72
:1083F000C3F81C4DFDF7ECFF11490F20FDF7E8FF16
:1084000010490B20FDF7E4FFFFF726FF4FF0504225
:108410000D490E4B0C6012681A7000F041F8FFF71E
:1084200087FA039400F044F8039B002BFCD0002053
:1084300004B010BD0022C8E78C290020D9840010A8
:108440003582001059850010A01500209C150020D1
:1084500008B5F8F795FA044B044A0344136000F09A
:1084600087F8034B186008BDF41F0020DC280020AB
:10847000082A0020094A1168086806C881F30B8899
:10848000022181F31488203080F30988BFF36F8FB5
:108490004FF0000080F3118810470000E028002012
:1084A00062B661B6BFF34F8FBFF36F8F66DF00BF59
:1084B000EFF311804FF0100181F31188BFF34F8F5C
:1084C000BFF36F8F704700BF80F31188BFF34F8FEA
:1084D000BFF36F8F704700BFEFF309811EF0100FDD
:1084E00008BF21ED108AEFF30B82734621E9FC0FE0
:1084F00055FC084457FC096459FC0A8401E9F0035F
:10850000144A136819604FF0100181F31188BFF30A
:108510004F8FBFF36F8FFFF70BFA4FF0000080F320
:1085200011880C4A116808681838B0E8F00345EC67
:10853000004447EC016449EC0284B0E8FC0F13F0FE
:10854000100F08BFB0EC108A82F30B8880F3098803
:1085500018470000E02800201EF0040F0CBFEFF3C6
:108560000880EFF30980014908470000D18200101C
:1085700010B51820FFF738FE044620B1002340F85C
:10858000043B00F003F8204610BD00BF4FF0FF3160
:10859000002200F10803C0E90131C0E903330260A1
:1085A000704700BF00230361704700BF10B4D0E9DB
:1085B000003294680133C1E90124616091605DF883
:1085C000044B08610360704730B40D686B1C10D019
:1085D00000F108031C465B681A68AA42FAD90268CF
:1085E0004B60013299608C606160086130BC026050
:1085F000704704696368F2E70346026910B454687F
:10860000406899689C428160486008BF51600021C1
:1086100010685DF8044B013819611060704700BFA5
:108620002DE9F04784460C4600252CF00F0864B273
:1086300044EA0808384F394E4FFA88F884B048F0B9
:10864000080A39780DF10F02012330685FFA8AFABF
:10865000009544EA0C148DF80FA0FDF7DDFF4FF4F0
:1086600016700021F9F72CF800950DF10F02012387
:108670003978306848F00C088DF80F80FDF7CCFF92
:108680004FF416700021F9F71BF800950DF10F0259
:1086900001233978306864B28DF80FA0FDF7BCFF74
:1086A0004FF416700021F9F70BF844F00809009513
:1086B0000DF10F02012339785FFA89F930688DF8DE
:1086C0000F90FDF7A9FF4FF416700021F8F7F8FF9F
:1086D00000950DF10F0201233978306844F00C0445
:1086E0008DF80F40FDF798FF4FF416700021F8F752
:1086F000E7FF3978306801230DF10F0200958DF8FE
:108700000F90FDF789FF4FF41670002104B0BDE80B
:10871000F047F8F7D5BF00BF732A0020902800204B
:1087200000210120FFF77CBF10B5844684B08E463F
:10873000084B04AC0FCB04E90F00002104EB8C0CB8
:108740005CF8100C80307044C0B204B0BDE810403A
:10875000FFF766BF889A001010B50446007830B164
:108760000121FFF75DFF14F8010F0028F8D110BDBB
:1087700038B50A460546134B134C002103201A70E6
:108780002560FFF74DFF00210320FFF749FF00217F
:108790000320FFF745FF00210220FFF741FF0021E2
:1087A0000620FFF73DFF00212820FFF739FF0021B9
:1087B0000C20FFF735FFBDE8384000210120FFF70E
:1087C0002FBF00BF732A00209028002030B500245E
:1087D00049F2F54C0B4D85B003AA00940223762193
:1087E0002860ADF80CC0FDF717FF42F6F47C28684E
:1087F0000223762103AA0094ADF80CC0FDF70CFF0C
:1088000005B030BD882800200123882270B50025DE
:108810008AB0164E009304468DF80F2076210DF194
:108820000F023068CDE90455CDE90655CDE908556C
:10883000FDF7F2FE306804AA182376210095FDF7B3
:10884000F3FE0799BDF81020DDF81230BDF81600D0
:10885000E16006992280C4F80230E080DDE9082357
:10886000A160226163610AB070BD00BF882800204A
:1088700001234FF0F70C70B5174E86B004460D4635
:1088800030680DF10F02009376218DF80FC0FDF7CF
:10889000C3FE0022306806230092762104AAFDF769
:1088A000C3FE9DF811209DF81010120142EA01321A
:1088B0009DF812109DF8143042EA11129DF8131021
:1088C0001B0143EA01339DF815102A6043EA111396
:1088D000236006B070BD00BF882800200A8808B554
:1088E000C2EB201303FB03F3B1F904C05200B1F94A
:1088F0000210C2EBE00218130CFB00F001FB02F2C5
:10890000801300EBE22000EB800080300012F9F7CA
:108910007FFB0022024BF9F71FFBF9F76BFB08BD49
:10892000000059408446108810B5C0EB211303FBAA
:1089300003F34000C0EBE100B2F902101B1301FB8E
:1089400000F0B2F90410B2F90AE001FB03F39B1343
:1089500003EBE0235B10A3F57A418B1003FB03F4D8
:10896000B2F90830601301FB03F300FB0EF05B105B
:1089700003EBE0039B14D08803F5004300FB03F3F3
:10898000D8133AD0B2F90E304FEAE42E01FB03F3CC
:10899000B2F910105B0001FB0E33B2F90C100904A0
:1089A00001EBA30315490CEB233C01FB0CFC0CF180
:1089B000434C0CF5A00CBCF1000FB3BFBCFBF0FCAA
:1089C0004FEA4C0CBCFBF0FC4FEA4C0C4FEADC03CA
:1089D00003FB03F3B2F91600B2F914105B0B00FBB2
:1089E00003F34FEA9C0001FB00F0B2F912204013A0
:1089F00000EB233010440CEB201010BDCBF3FFFF35
:108A0000024B0146186800F00BB800BFB8190020EF
:108A1000024B0146186800F043BC00BFB8190020A3
:108A200001F10B03162B2DE9F04F074683B023D835
:108A3000102900F2AF8000F0AFFA102518230220B1
:108A4000BA4E33445C68A3F10802944200F05681A8
:108A50006368384623F00303D4E902122344CA6052
:108A600091605A68083442F001025A6000F09AFAA4
:108A7000204603B0BDE8F08F002B23F00705C0F2BD
:108A80008980A94200F2868000F086FAB5F5FC7F65
:108A9000C0F07B826B0A00F08480042B00F26281BC
:108AA000AB0903F1390003F1380EC3009F4E334484
:108AB000A3F1080C5C68A44507D10DE0002AE16829
:108AC00080F216818C450C4606D0636823F00303C0
:108AD0005A1B0F2AF2DD7046DFF86882346944457C
:108AE00000F0F280636823F0030CACEB05030F2B5E
:108AF00000F37481002BC6E9048880F26381BCF521
:108B0000007FD6F804E080F0FF804FEADC0301220A
:108B10004FEA5C1C013302FA0CF256F833104EEAAD
:108B2000020E06EBC302083AC6F804E0C4E90212DA
:108B300046F83340CC6083104FF0010C0CFA03FC74
:108B4000F44534D81CEA0E0F07D120F003004FEA99
:108B50004C0C04301CEA0E0FF9D006EBC00A81461B
:108B6000D646DEF80C300BE05A681C46DB6822F073
:108B70000302511B0F2900F30181002980F21581A6
:108B80009E45F1D109F101090EF1080E19F0030F0C
:108B9000E7D158E10C233B600024204603B0BDE838
:108BA000F08F4FF4007340204FF03F0E7EE7B46823
:108BB000636823F00309A945A9EB050302D30F2B32
:108BC00000F385805A4B08201B6803F1100804EB62
:108BD0000903009300F056FA564AA84483461368E6
:108BE000013305D008F1FF384342804403EA080806
:108BF0004146384600F02AFAB0F1FF3F82464D4A1E
:108C000000F0078104EB0903834200F200814A4B24
:108C10000BF1FF3C18684044186000F06481116853
:108C2000013100F06C8104EB0902AAEB020202445C
:108C30001A601AF00702CDE9002300F02781C2F183
:108C40000802384692445A44D04408EA0C01521AA9
:108C500002EA0C0B594600F0F9F9421C019B00F0A6
:108C60006A81A0EB0A0000EB0B08186848F00102CB
:108C7000B442C6F808A05844CAF80420186017D0B7
:108C8000B9F10F0F40F23E816168A9F10C024FF07B
:108C9000050C22F0070201F0010111430F2A616067
:108CA00004EB0201C1E901CC00F24D81DAF80420A5
:108CB000224B54461968814238BF1860204B19680E
:108CC000814238BF1860A6E0D6F804E033E76219A5
:108CD00045F0010543F00103083444F8045C3846CC
:108CE000B260536000F05EF9204603B0BDE8F08F3B
:108CF000A26823443846D1608A60B2E6DC68A342A9
:108D00007FF4A6AE0230E7E6BCF5206F4FEA5C22A6
:108D100076D3142A00F2CD8002F15C035B32DB00D3
:108D2000F118F3580839994211D1A5E0B015002087
:108D3000141D0020A4150020E41C00200C1D0020A0
:108D4000101D0020B81500209B68994204D05A6875
:108D500022F003026245F7D8D968C4E902318C6079
:108D6000DC60E8E6142B63D9542B00F2AB802B0BAC
:108D700003F16F0003F16E0EC30097E6D4F808C04C
:108D80003846671945F001056560CCF80C30C3F82A
:108D900008C041F00103C6E90477C7E902887B6097
:108DA000A150083400F0FEF8F7E622443846516836
:108DB00041F00101516054F8082FD3609A6000F02F
:108DC000F1F8EAE6A44438460834DCF8043043F00D
:108DD0000103CCF8043000F0E5F8DEE6621943F058
:108DE000010145F0010538466560C6E90422C2E983
:108DF0000288516044F80C30083400F0D3F8CCE617
:108E00004FEA9C1202F139033832DB0088E7B442A2
:108E100062D0B468626822F00308A845A8EB050395
:108E200002D30F2B3FF753AF384600F0BBF8B3E641
:108E300003F15C0003F15B0EC30037E65AF8083912
:108E4000534540F0A08010F0030F00F1FF30F5D142
:108E5000736823EA0C0373604FEA4C0C0CF1FF3289
:108E60009A4204D3A3E64FEA4C0C09F104091CEA28
:108E7000030FF8D0484670E692104FF0010C0CFA40
:108E800002F24EEA020EC6F804E066E70AEB0802B8
:108E9000384602EA0C02ABEB020B0BEA0C0B59460C
:108EA00000F0D4F8431C019B7FF4DBAEDDF800B08A
:108EB000DBE6542A2AD84FEA1C3202F16F036E32E5
:108EC000DB002DE7B3F5AA7F2AD8EB0B03F178007E
:108ED00003F1770EC300E9E52E4B0BF1FF3C186858
:108EE000404418609BE61AEA0C0F7FF498AEC84421
:108EF000D6F808A048F00102CAF80420D8E6C2F863
:108F000000A096E60123CAF804308DE7B2F5AA7FE7
:108F100024D84FEADC3202F178037732DB00FFE637
:108F200040F25452934224D8AB0C03F17D0003F17C
:108F30007C0EC300BAE5009A4FF0000B083A90444B
:108F4000A8EB0A0891E6384604F10801009300F006
:108F5000A7F9009BD6F808A01868A7E640F254537A
:108F60009A420CD84FEA9C4202F17D037C32DB002E
:108F7000D6E64FF47E737F204FF07E0E96E54FF4D9
:108F80007E737E22CCE6736866E7E80805F1080385
:108F900056E500BFE41C0020014800F06FB800BF98
:108FA000E01C0020014800F06BB800BFE01C00206E
:108FB000830730B546D08418844604E003F8011BCB
:108FC0009D0704D09C46A4456346F7D130BD013AC5
:108FD0000244A2EB0C02032A29D9CCB20F2A04EBDB
:108FE000042404EB04442FD9A2F1100C03F1100562
:108FF0002CF00F0CAC44C3E90044C3E90244103325
:109000006345F8D112F00C0F02F00F0E18D02EF0BD
:10901000030CAEF104051A469C4442F8044B624529
:10902000FBD125F0030404330EF003022344002A8D
:10903000CCD0C9B21A4403F8011B9342FBD130BD16
:109040007246F4E70346C6E79646E0E738B50022E5
:10905000064D044608462A60FAF72EFC431C00D051
:1090600038BD2B68002BFBD0236038BD7C2400204A
:10907000014B1868704700BFB8190020704700BF47
:10908000704700BF082802D14FF48050704708B5E0
:10909000FFF7EEFF162203464FF0FF301A6008BDBF
:1090A000844641EA000313F0030349D1403A23D335
:1090B0000B6803604B6843608B688360CB68C36058
:1090C0000B6903614B6943618B698361CB69C36140
:1090D0000B6A03624B6A43628B6A8362CB6AC36228
:1090E0000B6B03634B6B43638B6B8363CB6BC36310
:1090F00040304031403ADBD230320BD30B68036052
:109100004B6843608B688360CB68C360103010315C
:10911000103AF3D20C3205D351F8043B40F8043B2B
:10912000043AF9D2043208D0D2071CBF11F8013B2F
:1091300000F8013B01D30B8803806046704700BFF5
:10914000082A13D38B07B1D010F00303AED0C3F1BC
:109150000403D21ADB071CBF11F8013B00F8013BE6
:10916000A4D331F8023B20F8023B9FE7043AD9D35D
:10917000013A11F8013B00F8013BF9D20B7803707A
:109180004B7843708B7883706046704720F0030102
:1091900010F00300C0F1000051F8043B00F1040C92
:1091A0004FEACC0C6FF000021CBF22FA0CF2134302
:1091B0004FF0010C4CEA0C2C4CEA0C4CA3EB0C02CB
:1091C00022EA030212EACC1204BF51F8043B043035
:1091D000F4D0C2F1000102EA0102B2FA82F2C2F155
:1091E0001F0200EBD20070472DE9F8430646DFF876
:1091F000AC8008208946FFF745FF05463046FFF75B
:10920000CBFED8F808305F6827F00307A7F11104F8
:10921000A4EB09042C44B4FBF5F4013C05FB04F475
:10922000A54208DC00213046FFF710FFD8F80830CF
:109230003B44984205D03046FFF7B4FE0020BDE81D
:10924000F88361423046FFF701FF01300FD03F1B2A
:10925000104AD8F80830304647F001075F601368BD
:109260001B1B1360FFF79EFE0120BDE8F883002161
:109270003046FFF7EBFED8F80820831A0F2BDADD13
:1092800043F0010303495360034B1B68C01A086095
:10929000D1E700BFE41C0020A4150020B015002079
:1092A00000295AD0F8B50C460746FFF775FE734DF6
:1092B00054F804CCA4F10802A8682CF001030CF0C7
:1092C000010ED1184E68884226F003067CD088191A
:1092D0004E60406800F00100BEF1000F2ED154F83E
:1092E000084C05F1080C121B23449468644560D0B7
:1092F000D2F80CE0C4F80CE0CEF8084000287DD08D
:1093000043F0010050600B60B3F5007F2ED2580986
:10931000D9080123834068680131034355F83100BF
:109320006B6005EBC103083BC2E9020345F831203D
:10933000C2603846BDE8F840FFF734BE70B9334428
:1093400005F1080C886843F0010460456ED0C968D7
:10935000C16088605460D350D6E770474CF001017B
:10936000B3F5007F44F8041CD350D0D3B3F5206F7D
:109370004FEA532144D2990901F1390001F138042F
:10938000C100681869580838884203D155E08968D7
:10939000884204D04C6824F003049C42F7D8C86883
:1093A000C2E9021082603846CA60BDE8F840FFF7A3
:1093B000F9BD80BB1E44D1E90213CB60996046F031
:1093C000010353609651B4E71E44BEF1000F07D16C
:1093D00054F8083CD21A1E44D2E90213CB609960BB
:1093E00046F001035360264BAA601B68B342A0D825
:1093F000244B38461968FFF7F7FE9AE73344A1E794
:1094000014290DD954291FD8190B01F16F0001F14E
:109410006E04C100B5E743F0010050600B6088E7BF
:1094200001F15C0001F15B04C100AAE7C5E9042277
:10943000C2E902CC5460D3507BE7A4100123A340BF
:109440006C6823436B60ABE7B1F5AA7F06D8D90BF4
:1094500001F1780001F17704C10092E740F2545025
:10946000814206D8990C01F17D0001F17C04C10014
:1094700087E74FF47E717E2483E700BFB01500209C
:10948000A8150020141D0020F8B500BF0000000042
:109490005FF800F0350200205FF800F00D0B0020AF
:1094A0005FF800F0991000205FF800F06D0A0020CE
:1094B0005FF800F0A90200205FF800F049110020D9
:1094C0005FF800F06D0200205FF800F0950A0020C0
:1094D0005FF800F0C90A00205FF800F0CD0100201D
:1094E0005FF800F011010020511D0010C51C001094
:1094F000F91C00109D1D0010311D0010491C0010AA
:10950000791D0010351C0010D10F00107D1D0010BA
:1095100091130010951C0010651D0010151D001002
:10952000B9090010E109001019020010654200108D
:049530005184001052
:109538004465736465206C612074617265612042C2
:109548004D5032383000000054656D70657261749A
:109558007572613D20252E326620C2B0430A000094
:1095680050726573696F6E3D20256C642050610AE6
:1095780000000000456A65637574616E646F20744D
:1095880061726561733A00007461736B5F626D703C
:10959800323830207461736B5F6C636400000000C4
:1095A800543D20252E32662043656C63697573200F
:1095B80000000000503D20256C64205061736361F9
:1095C8006C657320000000005669656E646F20505A
:1095D8006167696E6120320050726F636573616EF6
:1095E800646F2E2E2E00000053656E736F7220611B
:1095F8006374697661646F004C43442061637469E5
:109608007661646F00000000546172656120426FEA
:10961800727261646100000050726F626C656D6106
:10962800732070617261206372656172206C6120C1
:10963800636F6C61206F20656C2073656D61666F68
:10964800726F20726576697361720000424D503204
:10965800383000004C434400496E696369616C69A5
:109668007A6163696F6E000048656C6C6F2C2077B7
:109678006F726C64210000000A2A2A2A2050414E89
:109688004943202A2A2A0A000A0000004E6F207344
:1096980070696E6C6F636B732061726520617661AF
:1096A800696C61626C6500004E6F2075736572208D
:1096B800495251732061726520617661696C6162FB
:1096C8006C650000486172647761726520616C6145
:1096D800726D20256420616C726561647920636C09
:1096E80061696D656400000048617264206173738C
:1096F800657274004F7574206F66206D656D6F72AA
:109708007900000052656C6561736500626F6F7463
:10971800325F77323571303830000000302E31003A
:10972800322E312E310000007069636F3200000064
:109738004669726D77617265000000004A756E2097
:109748003138203230323500666E692B0000000057
:10975800666E69006E616E00666E692D000000001D
:1097680055534220737464696E202F207374646F9C
:109778007574000052617370626572727920506965
:10978800000000005069636F00000000426F6172C2
:109798006420434443000000526573657400000070
:1097A800556E68616E646C6564204952512030784A
:1097B80025780A006570202530325820776173209B
:1097C800616C726561647920617661696C61626C53
:1097D8006500000043616E277420636F6E74696EC4
:1097E80075652078666572206F6E20696E61637496
:1097F800697665206570202530325800546D7251A5
:1098080000000000546D7220537663000600525029
:10981800D3F075420C97001006005250E182887F01
:1098280014970010060052503ABCA9112497001052
:1098380006005250ABB360532897001006005250F0
:10984800BBFF3CB63097001006005250861C03023E
:1098580038970010060052505422A29D44970010D9
:1098680005005250DE65F468D0B400100000000016
:10987800000000000000F03F00000000000024404D
:1098880000000000000059400000000000408F4028
:10989800000000000088C34000000000006AF84093
:1098A8000000000080842E4100000000D0126341B7
:1098B8000000000084D797410000000065CDCD412D
:1098C8000D0A000000000000E13C0010000000004C
:1098D800E53C0010F13C00101D3D0010193D001042
:1098E800000000000A00000000000306A6000800AF
:1098F800020002009C001400030057494E555342D1
:1099080000000000000000000000800004000100CA
:10991800280044006500760069006300650049007E
:109928006E007400650072006600610063006500E7
:10993800470055004900440000004E007B006200CB
:1099480063003700330039003800630031002D0010
:1099580037003300630064002D00340063006200A8
:1099680037002D0039003800620038002D0039001A
:109978003100330061003800660063006100370081
:109988006200660036007D0000000000050F21001F
:10999800011C100500DF60DDD88945C74C9CD265E5
:1099A8009D9E648A9F00000306A600010000000037
:1099B8000600525053B4F4A168970010000000004C
:1099C8007C9700108C970010902900209497001025
:1099D800A097001009025400030100807D080B00C5
:1099E800020202000009040000010202000405242A
:1099F80000200105240100010424020605240600B4
:109A0800010705810308001009040100020A00008B
:109A18000007050202400000070582024000000915
:109A280004020000FF00010512011002EF020140CC
:109A38008A2E090000010102030100000000000055
:109A48001956001089560010B95600100557001015
:109A5800C5570010855800100000000000000000E5
:109A68007D590010D9590010F5590010195A0010E5
:109A7800753D00100D5B001000000000050000009F
:109A88000000000040000000140000005400000026
:089A980008F6FF7F0100000049
:109AA00014980010209800102C980010389800107E
:109AB00044980010509800105C98001068980010AE
:049AC000B899001041
:109AC400034600B50268EFF3108C72B6D2E8CFEF0C
:109AD4000120BEF1000FF9D1C2E84E0FBEF1000F14
:109AE400F4D1BFF35F8F93F90420002A0ADB01B19C
:109AF4000A60002000221B68C3E88F2F8CF31088B3
:109B04005DF804FB4FF05042126801201A71F1E72E
:109B14004FF050412DE9F0410027044616461D46FA
:109B2400D1F8008008E0C1E88F7F8CF310883046BC
:109B3400294601F0ADF9E8B92168EFF3108C72B64B
:109B4400D1E8CF2F0123002AFAD1C1E8423F002AED
:109B5400F6D1BFF35F8F94F904302168002BE2DA69
:109B6400002384F80480C1E88F3F8CF3108801201F
:109B7400BDE8F0810020BDE8F08100BF30B5046885
:109B8400EFF3108C72B6D4E8CFEF0125BEF1000FCD
:109B9400F9D1C4E84E5FBEF1000FF4D1BFF35F8F7B
:109BA40090F904400568002C10DB0021C5E88F1FE4
:109BB4008CF310884FF0504595F90050A54201D11F
:109BC400084630BDBDE83040FFF7A2BF4FF0504219
:109BD400126800230271C5E88F3F8CF310880120BE
:109BE40030BD00BF70B505460C4601F049F9024688
:109BF4000B464FF47A704FF0FF3E6FF0004CE4FBDD
:109C0400002396457CEB030138BF72462846BDE825
:109C1400704038BF6346FFF77BBF00BF0368EFF3B4
:109C2400108272B6D3E8CFCF0121BCF1000FF9D175
:109C3400C3E84C1FBCF1000FF4D1BFF35F8F4FF0AA
:109C4400FF0C0023016880F804C0C1E88F3F82F351
:109C5400108840BF704700BF002108B5134B4FF474
:109C6400707299601248D960196159619961D9611A
:109C7400196259629962D962196359639963D96304
:109C8400196459649964D964196559659965D965E4
:109C9400196659669966D966196759679967D967C4
:109CA40001F0EAF8034B044A1A6008BD00001050A2
:109CB400C824002098280020800110502DE9F04F7E
:109CC4001F4B85B0D3F858A0BAF1000F22D000245E
:109CD40001254FF4E069DFF870801A4F01E0202C71
:109CE40018D00AEA0502611C2346AB46CCB26D00CB
:109CF400002AF4D004F0010203F0FE06164407EB38
:109D040046163046C8F858B000F00AFC28B93AEABA
:109D14000B0AE4D105B0BDE8F08F00238DF80930BB
:109D2400B37801A88DF80830F38A0121ADF80490C6
:109D3400039300F013FC304600F098FBE7E700BF04
:109D4400000011508824002000301150F0B5BB4BA6
:109D540085B0D3F8985015F4003674D0B84BB94C8C
:109D6400996A94F83B30B84A022B116000F0D48011
:109D7400002694F87B30022B00F03B8194F8BB3032
:109D8400022B00F07D8194F8FB30022B00F06C81F3
:109D940094F83B31022B00F0448194F87B31022B80
:109DA40000F0338194F8BB31022B00F0B68194F8B3
:109DB400FB31022B00F0A68194F83B32022B00F019
:109DC400968194F87B32022B00F0868194F8BB32A2
:109DD400022B00F0768194F8FB32022B00F06681AE
:109DE40094F83B33022B00F0568194F87B33022B1A
:109DF40000F0A48094F8BB33022B00F0998194F80E
:109E0400FB33022B00F0B4803EB9904B1B7823B98E
:109E14004FF400328E4BC3F890204FF44072874BBE
:109E240001219B6C01A8C3F30A03ADF8042002933B
:109E340000F094FBEA064FF40036864C07D5FFF792
:109E44003DFF264603E0EA064FF01004F7D4EB0387
:109E540022D57C4C46F48036A37E002B40F09980BA
:109E6400012394F83A20E370002A40F0AD800123E6
:109E74004FF4C061784A84F82330ADF8041092E8B6
:109E8400030004AA02E90300194601A800F066FBD6
:109E94004FF400326E4B1A65E90408D46A041DD4E9
:109EA4002B042AD4AE4240F0C58105B0F0BD002495
:109EB400624B46F480561C60FFF7CEFE4FF480736D
:109EC400012101A8ADF804308DF8084000F046FBEC
:109ED4004FF400225E4B1A656A04E1D54FF48063A7
:109EE400012101A8ADF8043000F038FB1022584BD2
:109EF40046F480461A652B04D4D54FF4A06301219F
:109F040001A8ADF8043000F029FB4FF40062504B77
:109F140046F400461A65C5E794F83A60002E3FF40B
:109F240028AF94F83C30002B3FF423AF002304F116
:109F3400200084F83C3000F0C1FA1AE794F87A73F0
:109F4400002F3FF457AF94F87C33002B40F064812A
:109F540094F8BB33022B40F0F48094F8BA33002B0E
:109F640040F0EB8094F8FB33022B7FF456AF3E466F
:109F740094F8FA33002B3FF447AF94F8FC33002BEA
:109F84003FF44BAF0023354884F8FC3300F096FAD5
:109F940043E70221324B294A1966536E9F07FCD5C9
:109FA4004FF440520021274800F066FA254800F09B
:109FB4005DFA0222264B5A661A66012394F83A2067
:109FC400E370002A3FF453AF254A1366A2F500520A
:109FD400536ED807FCD54FF440520021214800F0BD
:109FE4004BFA204800F042FA0122194B5A661A66CD
:109FF4003DE794F87A70002F3FF4C0AE94F87C30BB
:10A00400002B40F001813E46B8E694F87A71002FA7
:10A014003FF4C8AE94F87C31002B40F0ED803E460E
:10A02400C0E694F83A71002F3FF4B7AE94F83C318F
:10A03400002B40F0D9803E46AFE600BF000011502F
:10A0440000000B408824002078240020712A00207E
:10A054000030115010000200000010506828002049
:10A0640000201150A824002094F8FA70002F3FF427
:10A074008FAE94F8FC30002B40F08E803E4687E68D
:10A0840094F8BA70002F3FF47EAE94F8BC30002BE5
:10A094007AD13E4677E694F83A73002F3FF4A5AEA2
:10A0A40094F83C33002B57D13E469EE694F8FA725E
:10A0B400002F3FF495AE94F8FC32002B5CD13E4661
:10A0C4008EE694F8BA72002F3FF485AE94F8BC3251
:10A0D400002B49D13E467EE694F87A72002F3FF475
:10A0E40075AE94F87C32002B76D13E466EE694F839
:10A0F4003A72002F3FF465AE94F83C32002B63D1E2
:10A104003E465EE694F8FA71002F3FF455AE94F89B
:10A11400FC31002B50D13E464EE694F8BA71002F24
:10A124003FF445AE94F8BC31002B3DD13E463EE6AB
:10A1340094F8BA33002B3FF462AE94F8BC33002B8E
:10A1440071D194F8FB33022B7FF467AE94F8FA33A1
:10A15400002B3FF462AE10E70023394884F83C3307
:10A164003E4600F0ABF940E60023364884F8BC32A2
:10A174003E4600F0A3F92EE60023334884F8FC326F
:10A184003E4600F09BF92BE60023304884F8BC30AF
:10A194003E4600F093F9F6E500232D4884F8FC30A0
:10A1A4003E4600F08BF9F3E500232A4884F8BC31DD
:10A1B4003E4600F083F9FAE50023274884F8FC3191
:10A1C4003E4600F07BF9F7E50023244884F83C324E
:10A1D4003E4600F073F9F4E50023214884F87C320C
:10A1E4003E4600F06BF9F1E500231E4884F83C314B
:10A1F4003E4600F063F9D0E500231B4884F87C3127
:10A204003E4600F05BF9CDE50023184884F87C3025
:10A214003E4600F053F9B1E50023154884F87C3339
:10A2240000F04CF994E60023124884F8BC3300F0A3
:10A2340045F986E7104886EA050100F02DFE00BFC7
:10A24400A827002028270020682700202825002090
:10A25400682500202826002068260020A826002043
:10A26400E8260020A8250020E8250020E824002076
:10A27400E827002028280020A89700102DE9F0479F
:10A28400848A058BC278A54228BF2546171E18BFAD
:10A294000127641B467882F00102A4B20346C2700F
:10A2A400848245F4806040EA4730A6BBD3E90326A4
:10A2B4006F1E02EB811E55B3052F98BF721C31D956
:10A2C40002EB811C721CACEB0204022C2AD932462C
:10A2D4004FEA95094FEA890A06EB890852F8044BBC
:10A2E40042454CF8044BF9D15545A7EB0A070EEB50
:10A2F4000A040AD016F829600EF829602FB156789E
:10A30400012F667001D09278A2701E699C8A2E4437
:10A314001E6140F400400CB940F4804001B10004D7
:10A32400BDE8F0870EF1FF3E2E4400E0013212F842
:10A33400014CB2420EF8014FF8D1E6E783680246B9
:10A34400186801B1000C5378C0F30900002B3CD00D
:10A354002DE9F041D2E90334461E03EB811E40B3DC
:10A36400052E3BD989014D1C1D44651B022D35D991
:10A374007346214600F47F774FEA9008FD1853F89E
:10A3840004CBAB4241F804CBF9D1B842A6EB0706A3
:10A3940004EB07030EEB07010AD01EF8285004F85B
:10A3A40028502EB14C78012E5C7001D089789970B8
:10A3B4001469D38A04440344D382138B1461834203
:10A3C40084BF00239382BDE8F081D38A0344D382FF
:10A3D400138B834284BF002393827047013C0EEBAE
:10A3E40000011EF8013B714504F8013FF9D1DFE794
:10A3F40010B50446836800211B68FFF79FFF63685C
:10A404001B685B0002D5238B834200D010BD20461D
:10A41400BDE810400121FFF791BF00BF084B1B6C42
:10A4240013F0020302D18278D20901D100207047CF
:10A43400C07EA0F10200B0FA80F04009704700BF6E
:10A444000000115008B5FFF7E9FF50B1054A064B6B
:10A45400906A1B68A0F54870C01AC6288CBF0020FB
:10A46400012008BD00000B40782400200023C0E92F
:10A4740004338376704700BF10B5836809B11C6844
:10A48400214082B1114352050DD51A6854050CD4EC
:10A49400084A21F480641C60126C920703D40C23D4
:10A4A400033BFDD28368196010BD8178024800F037
:10A4B400F3FC00BF00001150BC97001030B5436896
:10A4C400002183B004461D68FFF7D8FE134B40F407
:10A4D4008052196CA37889070ED55B060ED025F03F
:10A4E400A04545F000550021204663681D6003B077
:10A4F400BDE83040FFF7C0BFDB09F0D0A38A002BD2
:10A50400EDD0012120460192FFF7B8FE019A25F013
:10A514000055024345F0A045E5E700BF0000115097
:10A5240038B5857E044695B1FFF762FFA38A0BB95F
:10A53400284638BD2046FFF785FF20B10123237745
:10A544000025284638BD2046FFF7B8FFF8E7817894
:10A55400014800F0A1FC00BFDC9700102DE9F04396
:10A5640043788146023B0D4685B0042B13D8DFE8BF
:10A5740003F0034A6A73440000217B4B1A7822F0EB
:10A5840001021A701A7822F002021A7059701A78AD
:10A5940061F382021A70754B1C686369EFF31082D1
:10A5A40072B6D3E8CF0F01210028FAD1C3E8401FC7
:10A5B4000028F6D1BFF35F8FA2614946204600F020
:10A5C4006FFC00236269C2E88F3FA36983F310889C
:10A5D40048B94FF0E023D3F8F03DDB070AD500BEBD
:10A5E40005B0BDE8F0832A4699F8011099F80000F7
:10A5F40000F04AFC05B0BDE8F0835D4A13780133EE
:10A60400DBB21370C7E700245A4E23463178DFF8D3
:10A614006C81594F11E03B6813EB441307D0DB699D
:10A624002BB1D9F8041099F8000098473178013417
:10A63400E4B24A1CA242234617DBA142EBD85B1AC0
:10A6440008EB4313EBE7484B1A78D607D2D51A78B0
:10A6540042F004021A709EE7434B1A78D407C9D516
:10A664001A7822F004021A7095E73F4C23785807B1
:10A674003AD4E378DA07BDD5032300263B4A99F898
:10A6840000101468D9F804208DF804108DF80530F2
:10A694006369CDF80660CDF80A60ADF80E600292E9
:10A6A400EFF3108272B6D3E8CF0F01210028FAD15C
:10A6B400C3E8401F0028F6D1BFF35F8F2046A26194
:10A6C40001A900F0EDFB6369C3E88F6FA36983F30D
:10A6D400108800283FF47DAF2A469DF805109DF8A8
:10A6E400040000F0D1FB85E72378002723F004035E
:10A6F400237005231D4A8DF80530166899F800204B
:10A70400ADF80E708DF804207369CDF80670CDF89D
:10A714000A70EFF3108272B6D3E8CF0F012100283C
:10A72400FAD1C3E8401F0028F6D1BFF35F8F30464B
:10A73400B26101A900F0B4FB7369C3E88F7FB36908
:10A7440083F3108838B94FF0E023D3F8F03DD907EC
:10A754008FD500BE8DE72A469DF805109DF80400AC
:10A7640000F092FB85E700BF202000207820002025
:10A77400722A0020702A0020501E0020449A0010E3
:10A7840081F0004102E000BF83F0004330B54FEA9E
:10A7940041044FEA430594EA050F08BF90EA020F0B
:10A7A4001FBF54EA000C55EA020C7FEA645C7FEA9E
:10A7B400655C00F0E2804FEA5454D4EB5555B8BFC1
:10A7C4006D420CDD2C4480EA020281EA030382EA32
:10A7D400000083EA010180EA020281EA0303362DC4
:10A7E40088BF30BD11F0004F4FEA01314FF4801C97
:10A7F4004CEA113102D0404261EB410113F0004FA9
:10A804004FEA03334CEA133302D0524263EB43035F
:10A8140094EA050F00F0A780A4F10104D5F1200EFD
:10A824000DDB02FA0EFC22FA05F2801841F1000158
:10A8340003FA0EF2801843FA05F359410EE0A5F12C
:10A8440020050EF1200E012A03FA0EFC28BF4CF05D
:10A85400020C43FA05F3C01851EBE37101F0004513
:10A8640007D54FF0000EDCF1000C7EEB00006EEB20
:10A874000101B1F5801F1BD3B1F5001F0CD34908AA
:10A884005FEA30004FEA3C0C04F101044FEA445201
:10A8940012F5800F80F09A80BCF1004F08BF5FEA88
:10A8A400500C50F1000041EB045141EA050130BD68
:10A8B4005FEA4C0C404141EB0101013C28BFB1F57A
:10A8C400801FE9D291F0000F04BF01460020B1FAC5
:10A8D40081F308BF2033A3F10B03B3F120020CDA98
:10A8E4000C3208DD02F1140CC2F10C0201FA0CF076
:10A8F40021FA02F10CE002F11402D8BFC2F1200CDB
:10A9040001FA02F120FA0CFCDCBF41EA0C01904090
:10A91400E41AA2BF01EB0451294330BD6FEA0404D9
:10A924001F3C1CDA0C340EDC04F11404C4F12002C4
:10A9340020FA04F001FA02F340EA030021FA04F3D6
:10A9440045EA030130BDC4F10C04C4F1200220FA2D
:10A9540002F001FA04F340EA0300294630BD21FA6B
:10A9640004F0294630BD94F0000F83F4801306BF31
:10A9740081F480110134013D4EE77FEA645C18BF25
:10A984007FEA655C29D094EA050F08BF90EA020FBC
:10A9940005D054EA000C04BF1946104630BD91EAB4
:10A9A400030F1EBF0021002030BD5FEA545C05D1B7
:10A9B4004000494128BF41F0004130BD14F58004F6
:10A9C4003CBF01F5801130BD01F0004545F0FE416A
:10A9D40041F470014FF0000030BD7FEA645C1ABF9F
:10A9E400194610467FEA655C1CBF0B46024650EAD6
:10A9F400013406BF52EA033591EA030F41F4002102
:10AA040030BD00BF90F0000F04BF0021704730B587
:10AA14004FF4806404F132044FF000054FF000015C
:10AA240050E700BF90F0000F04BF0021704730B51D
:10AA34004FF4806404F1320410F0004548BF4042F2
:10AA44004FF000013EE700BF42004FEAE2014FEA47
:10AA540031014FEA02701FBF12F07F4393F07F4F22
:10AA640081F06051704732F07F4208BF704793F025
:10AA74007F4F04BF41F40021704730B54FF4607438
:10AA840001F0004521F000411CE700BF50EA01023B
:10AA940008BF704730B54FF000050AE050EA0102E4
:10AAA40008BF704730B511F0004502D5404261EB54
:10AAB40041014FF4806404F132045FEA915C3FF495
:10AAC400D8AE4FF003025FEADC0C18BF03325FEA32
:10AAD400DC0C18BF033202EBDC02C2F1200300FAE3
:10AAE40003FC20FA02F001FA03FE40EA0E0021FA08
:10AAF40002F11444BDE600BF53B94AB9002908BFA6
:10AB040000281CBF4FF0FF314FF0FF3000F0B2B906
:10AB1400ADF1080C6DE904CE00F006F8DDF804E0B0
:10AB2400DDE9022304B070472DE9F04F8C46099EFD
:10AB340004460F46002B48D18A4215465ED9B2FA24
:10AB440082F33BB1C3F120029F409D409C4020FA18
:10AB540002F217434FEA154E1FFA85FC220CB7FB8D
:10AB6400FEF10EFB117701FB0CF042EA0742904222
:10AB740007D9AA1801F1FF3702D2904200F2588196
:10AB84003946121AA4B2B2FBFEF00EFB102200FBEF
:10AB94000CFC44EA0244A4450BD92C1900F1FF3201
:10ABA4002CBF01270027A44502D9002F00F04381C0
:10ABB400104640EA0140A4EB0C0400211EB1DC4025
:10ABC4000023C6E90043BDE8F08F8B4206D90EB1DD
:10ABD400C6E9000100210846BDE8F08FB3FA83F10D
:10ABE400002951D16345C0F01681824240F213819D
:10ABF4000846002EE7D0C6E90047E4E7002A00F043
:10AC0400AF80B2FA82F3002B40F0C2808A1A4FEA76
:10AC1400154EAFB20121200CB2FBFEFC0EFB1C2230
:10AC240040EA024207FB0CF090420ED9AA180CF13C
:10AC3400FF382CBF4FF001094FF00009904203D9AF
:10AC4400B9F1000F00F0F080C446121AA4B2B2FBAE
:10AC5400FEF00EFB102200FB07F744EA0244A74271
:10AC64000ED92C1900F1FF322CBF4FF0010E4FF01A
:10AC7400000EA74203D9BEF1000F00F0D2801046A7
:10AC8400E41B40EA0C4099E7C1F120058B400CFA23
:10AC940001F400FA01F922FA05F72CFA05FC8A40BE
:10ACA4001F4320FA05F3380C23431FFA87FE1C0CBC
:10ACB400BCFBF0F800FB18CC44EA0C4408FB0EFC87
:10ACC400A4450ED93C1908F1FF3A2CBF4FF0010BF3
:10ACD4004FF0000BA44503D9BBF1000F00F0B8807E
:10ACE400D046A4EB0C041FFA83FCB4FBF0F300FB86
:10ACF400134403FB0EFE4CEA0444A6450ED93C194A
:10AD040003F1FF302CBF4FF0010C4FF0000CA645AF
:10AD140003D9BCF1000F00F09F80034643EA0840CA
:10AD2400A4EB0E04A0FB02EC64457346E04602D398
:10AD340007D1F14505D2BEEB02036CEB070C0138D9
:10AD4400E0465EB1B9EB030264EB080404FA05F5CE
:10AD540022FA01F3CC401D43C6E90054002132E736
:10AD640042082F464B08AC4642EAC172AE46C407BD
:10AD7400110C92B241EA034142EA0142B1FBF5F1FE
:10AD8400B3FBF5F01F23A2EB0C0241EA004142E7BA
:10AD94009D40C3F1200299409C402CFA02FC4FEAEA
:10ADA400154E20FA02F2AFB2BCFBFEF80A430EFBCA
:10ADB40018CC110C41EA0C4108FB07FC8C4550D916
:10ADC400691808F1FF302CBF4FF001094FF000095A
:10ADD4008C4502D9B9F1000F30D0A1EB0C01B1FBC5
:10ADE400FEF808FB07FC0EFB181192B242EA01427E
:10ADF400624534D2AA1808F1FF312CBF4FF0010983
:10AE04004FF000096245BED2B9F1000FBBD1A8F1E1
:10AE140002012A44B7E7841A6CEB030201201746A7
:10AE2400E7E62C4402382BE7ACF1020C2A440CE789
:10AE340002392A44A5E62C440238BAE6A5EB0C0CE8
:10AE4400A8F102006144B1FBFEF808FB07FCCAE765
:10AE5400A8F102083C4444E7023B3C445EE7414617
:10AE640091E7A1EB0C014046B1FBFEF808FB07FC9F
:10AE7400B9E700BF704700BF5FF800F0B18F001062
:10AE84005FF800F07D1900105FF800F085470010AE
:10AE94005FF800F0751800105FF800F079080010F2
:10AEA4005FF800F05D610010100000000000000079
:10AEB400000001000000000000000000000002008B
:10AEC400000000000000000000000300000000007B
:10AED400000000000000FF000000000001B5486809
:10AEE40001318E460047704609380149884701BD43
:10AEF400E10E00100000000000000000000000004F
:10AF04000000000000000000081B0020313F00107A
:10AF1400DD3E0010553E0010C53D0010000000004D
:10AF2400000100007C20002010000C000000000044
:10AF3400000000000000000000000000000000000D
:10AF4400FF0000000000094000000000FF000000B6
:10AF5400AAAAAAAAFFFFFFFF000002000000000047
:10AF64000000000000000000B0150020B015002013
:10AF7400B8150020B8150020C0150020C015002009
:10AF8400C8150020C8150020D0150020D0150020B9
:10AF9400D8150020D8150020E0150020E015002069
:10AFA400E8150020E8150020F0150020F015002019
:10AFB400F8150020F81500200016002000160020C7
:10AFC4000816002008160020101600201016002075
:10AFD4001816002018160020201600202016002025
:10AFE40028160020281600203016002030160020D5
:10AFF4003816002038160020401600204016002085
:10B004004816002048160020501600205016002034
:10B0140058160020581600206016002060160020E4
:10B024006816002068160020701600207016002094
:10B034007816002078160020801600208016002044
:10B0440088160020881600209016002090160020F4
:10B054009816002098160020A0160020A0160020A4
:10B06400A8160020A8160020B0160020B016002054
:10B07400B8160020B8160020C0160020C016002004
:10B08400C8160020C8160020D0160020D0160020B4
:10B09400D8160020D8160020E0160020E016002064
:10B0A400E8160020E8160020F0160020F016002014
:10B0B400F8160020F81600200017002000170020C2
:10B0C4000817002008170020101700201017002070
:10B0D4001817002018170020201700202017002020
:10B0E40028170020281700203017002030170020D0
:10B0F4003817002038170020401700204017002080
:10B10400481700204817002050170020501700202F
:10B1140058170020581700206017002060170020DF
:10B12400681700206817002070170020701700208F
:10B13400781700207817002080170020801700203F
:10B1440088170020881700209017002090170020EF
:10B154009817002098170020A0170020A01700209F
:10B16400A8170020A8170020B0170020B01700204F
:10B17400B8170020B8170020C0170020C0170020FF
:10B18400C8170020C8170020D0170020D0170020AF
:10B19400D8170020D8170020E0170020E01700205F
:10B1A400E8170020E8170020F0170020F01700200F
:10B1B400F8170020F81700200018002000180020BD
:10B1C400081800200818002010180020101800206B
:10B1D400181800201818002020180020201800201B
:10B1E40028180020281800203018002030180020CB
:10B1F400381800203818002040180020401800207B
:10B20400481800204818002050180020501800202A
:10B2140058180020581800206018002060180020DA
:10B22400681800206818002070180020701800208A
:10B23400781800207818002080180020801800203A
:10B2440088180020881800209018002090180020EA
:10B254009818002098180020A0180020A01800209A
:10B26400A8180020A8180020B0180020B01800204A
:10B27400B8180020B8180020C0180020C0180020FA
:10B28400C8180020C8180020D0180020D0180020AA
:10B29400D8180020D8180020E0180020E01800205A
:10B2A400E8180020E8180020F0180020F01800200A
:10B2B400F8180020F81800200019002000190020B8
:10B2C4000819002008190020101900201019002066
:10B2D4001819002018190020201900202019002016
:10B2E40028190020281900203019002030190020C6
:10B2F4003819002038190020401900204019002076
:10B304004819002048190020501900205019002025
:10B3140058190020581900206019002060190020D5
:10B324006819002068190020701900207019002085
:10B334007819002078190020801900208019002035
:10B3440088190020881900209019002090190020E5
:10B354009819002098190020A0190020A019002095
:10B36400A8190020A8190020C0190020000000001E
:10B3740000000000181D0020801D0020E81D002092
:10B3840000000000000000000000000000000000B9
:10B3940000000000000000000000000000000000A9
:10B3A4000000000000000000000000000000000099
:10B3B4000000000000000000000000000000000089
:10B3C4000000000000000000000000000000000079
:10B3D4000000000000000000000000000000000069
:10B3E4000000000000000000000000000000000059
:10B3F4000000000000000000000000000000000049
:10B404000000000000000000010000000000000037
:10B414000E33CDAB34126DE6ECDE05000B000000FC
:10B424000000000000000000000000000000000018
:10B434000000000000000000000000000000000008
:10B4440000000000000000000000000000000000F8
:10B4540000000000000000000000000000000000E8
:10B4640000000000000000000000000000000000D8
:10B4740000000000000000000000000000000000C8
:10B4840000000000000000000000000000000000B8
:10B4940000000000000000000000000000000000A8
:10B4A4000000000000000000000000000000000098
:08B4B400000000000000000090
:10B4BC00D3DEFFFFFE010000FF0100007C4CFFFF0C
:04B4CC00793512AB11
:040000051000014D99
:00000001FF
