
C:/Users/nahue/Desktop/Accesos Directos/GitHUB/Tenicas Digitales III/2025_td3_511_Portas_Nahuel/3_trabajos_practicos/tp4/Firmware/build/Firmware.elf:     file format elf32-littlearm

Sections:
Idx Name          Size      VMA       LMA       File off  Algn
  0 .text         00009534  10000000  10000000  00001000  2**3
                  CONTENTS, ALLOC, LOAD, READONLY, CODE
  1 .rodata       00000560  10009538  10009538  0000a538  2**3
                  CONTENTS, ALLOC, LOAD, READONLY, DATA
  2 .ARM.exidx    00000008  10009a98  10009a98  0000aa98  2**2
                  CONTENTS, ALLOC, LOAD, READONLY, DATA
  3 .binary_info  00000024  10009aa0  10009aa0  0000aaa0  2**2
                  CONTENTS, ALLOC, LOAD, READONLY, DATA
  4 .ram_vector_table 00000110  20000000  20000000  0000e000  2**2
                  ALLOC
  5 .uninitialized_data 00000000  20000110  20000110  0000d4d0  2**0
                  CONTENTS
  6 .data         000019f8  20000110  10009ac4  0000b110  2**3
                  CONTENTS, ALLOC, LOAD, READONLY, CODE
  7 .tdata        00000000  20001b08  20001b08  0000d4d0  2**0
                  CONTENTS, ALLOC, LOAD, DATA, THREAD_LOCAL
  8 .tbss         00000000  20001b08  20001b08  00000000  2**0
                  ALLOC, THREAD_LOCAL
  9 .bss          00000f74  20001b08  1000b4bc  0000db08  2**3
                  ALLOC
 10 .heap         00000800  20002a7c  20002a7c  0000d4d0  2**2
                  CONTENTS, READONLY
 11 .scratch_x    00000000  20080000  20080000  0000dcd0  2**0
                  CONTENTS
 12 .scratch_y    00000000  20081000  20081000  0000dcd0  2**0
                  CONTENTS
 13 .stack_dummy  00000800  20081000  20081000  0000dce0  2**5
                  CONTENTS, READONLY
 14 .flash_end    00000014  1000b4bc  1000b4bc  0000d4bc  2**2
                  CONTENTS, ALLOC, LOAD, READONLY, DATA
 15 .ARM.attributes 00000034  00000000  00000000  0000e4e0  2**0
                  CONTENTS, READONLY
 16 .comment      00000045  00000000  00000000  0000e514  2**0
                  CONTENTS, READONLY
 17 .debug_info   00042245  00000000  00000000  0000e559  2**0
                  CONTENTS, READONLY, DEBUGGING, OCTETS
 18 .debug_abbrev 0000b39b  00000000  00000000  0005079e  2**0
                  CONTENTS, READONLY, DEBUGGING, OCTETS
 19 .debug_loclists 00020228  00000000  00000000  0005bb39  2**0
                  CONTENTS, READONLY, DEBUGGING, OCTETS
 20 .debug_aranges 00001958  00000000  00000000  0007bd68  2**3
                  CONTENTS, READONLY, DEBUGGING, OCTETS
 21 .debug_rnglists 000055db  00000000  00000000  0007d6c0  2**0
                  CONTENTS, READONLY, DEBUGGING, OCTETS
 22 .debug_line   0002c4da  00000000  00000000  00082c9b  2**0
                  CONTENTS, READONLY, DEBUGGING, OCTETS
 23 .debug_str    0000c116  00000000  00000000  000af175  2**0
                  CONTENTS, READONLY, DEBUGGING, OCTETS
 24 .debug_frame  00004adc  00000000  00000000  000bb28c  2**2
                  CONTENTS, READONLY, DEBUGGING, OCTETS
 25 .debug_line_str 000002ed  00000000  00000000  000bfd68  2**0
                  CONTENTS, READONLY, DEBUGGING, OCTETS

C:/Users/nahue/Desktop/Accesos Directos/GitHUB/Tenicas Digitales III/2025_td3_511_Portas_Nahuel/3_trabajos_practicos/tp4/Firmware/build/Firmware.elf:     file format elf32-littlearm


Disassembly of section .text:

10000000 <__VECTOR_TABLE>:
10000000:	20082000 	.word	0x20082000
10000004:	1000015d 	.word	0x1000015d
10000008:	10000113 	.word	0x10000113
1000000c:	10000115 	.word	0x10000115
10000010:	10000111 	.word	0x10000111
10000014:	10000111 	.word	0x10000111
10000018:	10000111 	.word	0x10000111
1000001c:	10000111 	.word	0x10000111
10000020:	10000111 	.word	0x10000111
10000024:	10000111 	.word	0x10000111
10000028:	10000111 	.word	0x10000111
1000002c:	10008559 	.word	0x10008559
10000030:	10000111 	.word	0x10000111
10000034:	10000111 	.word	0x10000111
10000038:	100084d9 	.word	0x100084d9
1000003c:	10008235 	.word	0x10008235
10000040:	1000011d 	.word	0x1000011d
10000044:	1000011d 	.word	0x1000011d
10000048:	1000011d 	.word	0x1000011d
1000004c:	1000011d 	.word	0x1000011d
10000050:	1000011d 	.word	0x1000011d
10000054:	1000011d 	.word	0x1000011d
10000058:	1000011d 	.word	0x1000011d
1000005c:	1000011d 	.word	0x1000011d
10000060:	1000011d 	.word	0x1000011d
10000064:	1000011d 	.word	0x1000011d
10000068:	1000011d 	.word	0x1000011d
1000006c:	1000011d 	.word	0x1000011d
10000070:	1000011d 	.word	0x1000011d
10000074:	1000011d 	.word	0x1000011d
10000078:	1000011d 	.word	0x1000011d
1000007c:	1000011d 	.word	0x1000011d
10000080:	1000011d 	.word	0x1000011d
10000084:	1000011d 	.word	0x1000011d
10000088:	1000011d 	.word	0x1000011d
1000008c:	1000011d 	.word	0x1000011d
10000090:	1000011d 	.word	0x1000011d
10000094:	1000011d 	.word	0x1000011d
10000098:	1000011d 	.word	0x1000011d
1000009c:	1000011d 	.word	0x1000011d
100000a0:	1000011d 	.word	0x1000011d
100000a4:	1000011d 	.word	0x1000011d
100000a8:	1000011d 	.word	0x1000011d
100000ac:	1000011d 	.word	0x1000011d
100000b0:	1000011d 	.word	0x1000011d
100000b4:	1000011d 	.word	0x1000011d
100000b8:	1000011d 	.word	0x1000011d
100000bc:	1000011d 	.word	0x1000011d
100000c0:	1000011d 	.word	0x1000011d
100000c4:	1000011d 	.word	0x1000011d
100000c8:	1000011d 	.word	0x1000011d
100000cc:	1000011d 	.word	0x1000011d
100000d0:	1000011d 	.word	0x1000011d
100000d4:	1000011d 	.word	0x1000011d
100000d8:	1000011d 	.word	0x1000011d
100000dc:	1000011d 	.word	0x1000011d
100000e0:	1000011d 	.word	0x1000011d
100000e4:	1000011d 	.word	0x1000011d
100000e8:	1000011d 	.word	0x1000011d
100000ec:	1000011d 	.word	0x1000011d
100000f0:	1000011d 	.word	0x1000011d
100000f4:	1000011d 	.word	0x1000011d
100000f8:	1000011d 	.word	0x1000011d
100000fc:	1000011d 	.word	0x1000011d
10000100:	1000011d 	.word	0x1000011d
10000104:	1000011d 	.word	0x1000011d
10000108:	1000011d 	.word	0x1000011d
1000010c:	1000011d 	.word	0x1000011d

10000110 <isr_invalid>:
10000110:	be00      	bkpt	0x0000

10000112 <isr_nmi>:
10000112:	be00      	bkpt	0x0000

10000114 <isr_hardfault>:
10000114:	be00      	bkpt	0x0000
10000116:	be00      	bkpt	0x0000
10000118:	be00      	bkpt	0x0000
1000011a:	be00      	bkpt	0x0000

1000011c <__unhandled_user_irq>:
1000011c:	f3ef 8005 	mrs	r0, IPSR
10000120:	3810      	subs	r0, #16

10000122 <unhandled_user_irq_num_in_r0>:
10000122:	be00      	bkpt	0x0000

10000124 <binary_info_header>:
10000124:	7188ebf2 	.word	0x7188ebf2
10000128:	10009aa0 	.word	0x10009aa0
1000012c:	10009ac4 	.word	0x10009ac4
10000130:	100001a8 	.word	0x100001a8
10000134:	e71aa390 	.word	0xe71aa390

10000138 <__binary_info_header_end>:
10000138:	ffffded3 	.word	0xffffded3
1000013c:	10210142 	.word	0x10210142
10000140:	000001ff 	.word	0x000001ff
10000144:	0000b384 	.word	0x0000b384
10000148:	ab123579 	.word	0xab123579

1000014c <_entry_point>:
1000014c:	f04f 0000 	mov.w	r0, #0

10000150 <_enter_vtable_in_r0>:
10000150:	4920      	ldr	r1, [pc, #128]	@ (100001d4 <data_cpy_table+0x2c>)
10000152:	6008      	str	r0, [r1, #0]
10000154:	c806      	ldmia	r0!, {r1, r2}
10000156:	f381 8808 	msr	MSP, r1
1000015a:	4710      	bx	r2

1000015c <_reset_handler>:
1000015c:	f04f 4050 	mov.w	r0, #3489660928	@ 0xd0000000
10000160:	6800      	ldr	r0, [r0, #0]
10000162:	b110      	cbz	r0, 1000016a <hold_non_core0_in_bootrom+0x6>

10000164 <hold_non_core0_in_bootrom>:
10000164:	f04f 0000 	mov.w	r0, #0
10000168:	e7f2      	b.n	10000150 <_enter_vtable_in_r0>
1000016a:	a40f      	add	r4, pc, #60	@ (adr r4, 100001a8 <data_cpy_table>)
1000016c:	cc0e      	ldmia	r4!, {r1, r2, r3}
1000016e:	2900      	cmp	r1, #0
10000170:	d002      	beq.n	10000178 <hold_non_core0_in_bootrom+0x14>
10000172:	f000 f815 	bl	100001a0 <data_cpy>
10000176:	e7f9      	b.n	1000016c <hold_non_core0_in_bootrom+0x8>
10000178:	4917      	ldr	r1, [pc, #92]	@ (100001d8 <data_cpy_table+0x30>)
1000017a:	4a18      	ldr	r2, [pc, #96]	@ (100001dc <data_cpy_table+0x34>)
1000017c:	2000      	movs	r0, #0
1000017e:	e000      	b.n	10000182 <bss_fill_test>

10000180 <bss_fill_loop>:
10000180:	c101      	stmia	r1!, {r0}

10000182 <bss_fill_test>:
10000182:	4291      	cmp	r1, r2
10000184:	d1fc      	bne.n	10000180 <bss_fill_loop>

10000186 <platform_entry>:
10000186:	2000      	movs	r0, #0
10000188:	f380 880a 	msr	MSPLIM, r0
1000018c:	4914      	ldr	r1, [pc, #80]	@ (100001e0 <data_cpy_table+0x38>)
1000018e:	4788      	blx	r1
10000190:	4914      	ldr	r1, [pc, #80]	@ (100001e4 <data_cpy_table+0x3c>)
10000192:	4788      	blx	r1
10000194:	4914      	ldr	r1, [pc, #80]	@ (100001e8 <data_cpy_table+0x40>)
10000196:	4788      	blx	r1
10000198:	be00      	bkpt	0x0000
1000019a:	e7fd      	b.n	10000198 <platform_entry+0x12>

1000019c <data_cpy_loop>:
1000019c:	c901      	ldmia	r1!, {r0}
1000019e:	c201      	stmia	r2!, {r0}

100001a0 <data_cpy>:
100001a0:	429a      	cmp	r2, r3
100001a2:	d3fb      	bcc.n	1000019c <data_cpy_loop>
100001a4:	4770      	bx	lr
100001a6:	bf00      	nop

100001a8 <data_cpy_table>:
100001a8:	10009ac4 	.word	0x10009ac4
100001ac:	20000110 	.word	0x20000110
100001b0:	20001b08 	.word	0x20001b08
100001b4:	1000b4bc 	.word	0x1000b4bc
100001b8:	20080000 	.word	0x20080000
100001bc:	20080000 	.word	0x20080000
100001c0:	1000b4bc 	.word	0x1000b4bc
100001c4:	20081000 	.word	0x20081000
100001c8:	20081000 	.word	0x20081000
100001cc:	00000000 	.word	0x00000000
100001d0:	4770      	bx	lr
100001d2:	0000      	.short	0x0000
100001d4:	e000ed08 	.word	0xe000ed08
100001d8:	20001b08 	.word	0x20001b08
100001dc:	20002a7c 	.word	0x20002a7c
100001e0:	100038ed 	.word	0x100038ed
100001e4:	10000495 	.word	0x10000495
100001e8:	100038e5 	.word	0x100038e5

100001ec <_init>:
100001ec:	b5f8      	push	{r3, r4, r5, r6, r7, lr}
100001ee:	bf00      	nop

100001f0 <register_tm_clones>:
100001f0:	4b06      	ldr	r3, [pc, #24]	@ (1000020c <register_tm_clones+0x1c>)
100001f2:	4907      	ldr	r1, [pc, #28]	@ (10000210 <register_tm_clones+0x20>)
100001f4:	1ac9      	subs	r1, r1, r3
100001f6:	1089      	asrs	r1, r1, #2
100001f8:	bf48      	it	mi
100001fa:	3101      	addmi	r1, #1
100001fc:	1049      	asrs	r1, r1, #1
100001fe:	d003      	beq.n	10000208 <register_tm_clones+0x18>
10000200:	4b04      	ldr	r3, [pc, #16]	@ (10000214 <register_tm_clones+0x24>)
10000202:	b10b      	cbz	r3, 10000208 <register_tm_clones+0x18>
10000204:	4801      	ldr	r0, [pc, #4]	@ (1000020c <register_tm_clones+0x1c>)
10000206:	4718      	bx	r3
10000208:	4770      	bx	lr
1000020a:	bf00      	nop
1000020c:	20001b08 	.word	0x20001b08
10000210:	20001b08 	.word	0x20001b08
10000214:	00000000 	.word	0x00000000

10000218 <frame_dummy>:
10000218:	b508      	push	{r3, lr}
1000021a:	4b05      	ldr	r3, [pc, #20]	@ (10000230 <frame_dummy+0x18>)
1000021c:	b11b      	cbz	r3, 10000226 <frame_dummy+0xe>
1000021e:	4905      	ldr	r1, [pc, #20]	@ (10000234 <frame_dummy+0x1c>)
10000220:	4805      	ldr	r0, [pc, #20]	@ (10000238 <frame_dummy+0x20>)
10000222:	f3af 8000 	nop.w
10000226:	e8bd 4008 	ldmia.w	sp!, {r3, lr}
1000022a:	f7ff bfe1 	b.w	100001f0 <register_tm_clones>
1000022e:	bf00      	nop
10000230:	00000000 	.word	0x00000000
10000234:	2000289c 	.word	0x2000289c
10000238:	10009534 	.word	0x10009534

1000023c <task_bmp280>:
1000023c:	b5f0      	push	{r4, r5, r6, r7, lr}
1000023e:	b08b      	sub	sp, #44	@ 0x2c
10000240:	a804      	add	r0, sp, #16
10000242:	f008 fae1 	bl	10008808 <bmp280_get_calib_params>
10000246:	4c1d      	ldr	r4, [pc, #116]	@ (100002bc <task_bmp280+0x80>)
10000248:	4f1d      	ldr	r7, [pc, #116]	@ (100002c0 <task_bmp280+0x84>)
1000024a:	f04f 31ff 	mov.w	r1, #4294967295
1000024e:	6820      	ldr	r0, [r4, #0]
10000250:	f006 fd22 	bl	10006c98 <xQueueSemaphoreTake>
10000254:	2801      	cmp	r0, #1
10000256:	d1f8      	bne.n	1000024a <task_bmp280+0xe>
10000258:	4668      	mov	r0, sp
1000025a:	a901      	add	r1, sp, #4
1000025c:	f008 fb08 	bl	10008870 <bmp280_read_raw>
10000260:	a904      	add	r1, sp, #16
10000262:	9800      	ldr	r0, [sp, #0]
10000264:	f008 fb3a 	bl	100088dc <bmp280_convert_temp>
10000268:	aa04      	add	r2, sp, #16
1000026a:	4606      	mov	r6, r0
1000026c:	e9dd 1000 	ldrd	r1, r0, [sp]
10000270:	f008 fb58 	bl	10008924 <bmp280_convert_pressure>
10000274:	4605      	mov	r5, r0
10000276:	4813      	ldr	r0, [pc, #76]	@ (100002c4 <task_bmp280+0x88>)
10000278:	9602      	str	r6, [sp, #8]
1000027a:	9503      	str	r5, [sp, #12]
1000027c:	f003 fca2 	bl	10003bc4 <__wrap_puts>
10000280:	4630      	mov	r0, r6
10000282:	f009 f90d 	bl	100094a0 <____aeabi_f2d_veneer>
10000286:	4602      	mov	r2, r0
10000288:	460b      	mov	r3, r1
1000028a:	480f      	ldr	r0, [pc, #60]	@ (100002c8 <task_bmp280+0x8c>)
1000028c:	f003 fd1a 	bl	10003cc4 <__wrap_printf>
10000290:	4629      	mov	r1, r5
10000292:	480e      	ldr	r0, [pc, #56]	@ (100002cc <task_bmp280+0x90>)
10000294:	f003 fd16 	bl	10003cc4 <__wrap_printf>
10000298:	a902      	add	r1, sp, #8
1000029a:	2300      	movs	r3, #0
1000029c:	220a      	movs	r2, #10
1000029e:	6838      	ldr	r0, [r7, #0]
100002a0:	f006 fa42 	bl	10006728 <xQueueGenericSend>
100002a4:	f44f 707a 	mov.w	r0, #1000	@ 0x3e8
100002a8:	f007 faea 	bl	10007880 <vTaskDelay>
100002ac:	2300      	movs	r3, #0
100002ae:	6820      	ldr	r0, [r4, #0]
100002b0:	461a      	mov	r2, r3
100002b2:	4619      	mov	r1, r3
100002b4:	f006 fa38 	bl	10006728 <xQueueGenericSend>
100002b8:	e7c7      	b.n	1000024a <task_bmp280+0xe>
100002ba:	bf00      	nop
100002bc:	2000297c 	.word	0x2000297c
100002c0:	20002448 	.word	0x20002448
100002c4:	10009538 	.word	0x10009538
100002c8:	10009550 	.word	0x10009550
100002cc:	10009568 	.word	0x10009568

100002d0 <task_lcd>:
100002d0:	b580      	push	{r7, lr}
100002d2:	2100      	movs	r1, #0
100002d4:	b092      	sub	sp, #72	@ 0x48
100002d6:	2002      	movs	r0, #2
100002d8:	f008 fa26 	bl	10008728 <lcd_set_cursor>
100002dc:	482d      	ldr	r0, [pc, #180]	@ (10000394 <task_lcd+0xc4>)
100002de:	f008 fa3b 	bl	10008758 <lcd_string>
100002e2:	2100      	movs	r1, #0
100002e4:	2003      	movs	r0, #3
100002e6:	f008 fa1f 	bl	10008728 <lcd_set_cursor>
100002ea:	482b      	ldr	r0, [pc, #172]	@ (10000398 <task_lcd+0xc8>)
100002ec:	f008 fa34 	bl	10008758 <lcd_string>
100002f0:	200a      	movs	r0, #10
100002f2:	f007 fac5 	bl	10007880 <vTaskDelay>
100002f6:	4d29      	ldr	r5, [pc, #164]	@ (1000039c <task_lcd+0xcc>)
100002f8:	f8df 80b4 	ldr.w	r8, [pc, #180]	@ 100003b0 <task_lcd+0xe0>
100002fc:	4e28      	ldr	r6, [pc, #160]	@ (100003a0 <task_lcd+0xd0>)
100002fe:	e018      	b.n	10000332 <task_lcd+0x62>
10000300:	7833      	ldrb	r3, [r6, #0]
10000302:	2b01      	cmp	r3, #1
10000304:	d108      	bne.n	10000318 <task_lcd+0x48>
10000306:	f008 fa0b 	bl	10008720 <lcd_clear>
1000030a:	2100      	movs	r1, #0
1000030c:	4608      	mov	r0, r1
1000030e:	f008 fa0b 	bl	10008728 <lcd_set_cursor>
10000312:	4824      	ldr	r0, [pc, #144]	@ (100003a4 <task_lcd+0xd4>)
10000314:	f008 fa20 	bl	10008758 <lcd_string>
10000318:	f44f 707a 	mov.w	r0, #1000	@ 0x3e8
1000031c:	f007 fab0 	bl	10007880 <vTaskDelay>
10000320:	2300      	movs	r3, #0
10000322:	6828      	ldr	r0, [r5, #0]
10000324:	461a      	mov	r2, r3
10000326:	4619      	mov	r1, r3
10000328:	f006 f9fe 	bl	10006728 <xQueueGenericSend>
1000032c:	2064      	movs	r0, #100	@ 0x64
1000032e:	f007 faa7 	bl	10007880 <vTaskDelay>
10000332:	f04f 31ff 	mov.w	r1, #4294967295
10000336:	6828      	ldr	r0, [r5, #0]
10000338:	f006 fcae 	bl	10006c98 <xQueueSemaphoreTake>
1000033c:	2801      	cmp	r0, #1
1000033e:	4604      	mov	r4, r0
10000340:	d1ea      	bne.n	10000318 <task_lcd+0x48>
10000342:	2264      	movs	r2, #100	@ 0x64
10000344:	4669      	mov	r1, sp
10000346:	f8d8 0000 	ldr.w	r0, [r8]
1000034a:	f006 fb61 	bl	10006a10 <xQueueReceive>
1000034e:	7833      	ldrb	r3, [r6, #0]
10000350:	f003 07ff 	and.w	r7, r3, #255	@ 0xff
10000354:	2b00      	cmp	r3, #0
10000356:	d1d3      	bne.n	10000300 <task_lcd+0x30>
10000358:	9800      	ldr	r0, [sp, #0]
1000035a:	f009 f8a1 	bl	100094a0 <____aeabi_f2d_veneer>
1000035e:	460b      	mov	r3, r1
10000360:	4602      	mov	r2, r0
10000362:	4911      	ldr	r1, [pc, #68]	@ (100003a8 <task_lcd+0xd8>)
10000364:	a802      	add	r0, sp, #8
10000366:	f003 fa63 	bl	10003830 <__wrap_sprintf>
1000036a:	9a01      	ldr	r2, [sp, #4]
1000036c:	490f      	ldr	r1, [pc, #60]	@ (100003ac <task_lcd+0xdc>)
1000036e:	a80a      	add	r0, sp, #40	@ 0x28
10000370:	f003 fa5e 	bl	10003830 <__wrap_sprintf>
10000374:	4639      	mov	r1, r7
10000376:	4638      	mov	r0, r7
10000378:	f008 f9d6 	bl	10008728 <lcd_set_cursor>
1000037c:	a802      	add	r0, sp, #8
1000037e:	f008 f9eb 	bl	10008758 <lcd_string>
10000382:	4620      	mov	r0, r4
10000384:	4639      	mov	r1, r7
10000386:	f008 f9cf 	bl	10008728 <lcd_set_cursor>
1000038a:	a80a      	add	r0, sp, #40	@ 0x28
1000038c:	f008 f9e4 	bl	10008758 <lcd_string>
10000390:	e7b6      	b.n	10000300 <task_lcd+0x30>
10000392:	bf00      	nop
10000394:	1000957c 	.word	0x1000957c
10000398:	10009590 	.word	0x10009590
1000039c:	2000297c 	.word	0x2000297c
100003a0:	20002a78 	.word	0x20002a78
100003a4:	100095d0 	.word	0x100095d0
100003a8:	100095a8 	.word	0x100095a8
100003ac:	100095bc 	.word	0x100095bc
100003b0:	20002448 	.word	0x20002448

100003b4 <init_general>:
100003b4:	b510      	push	{r4, lr}
100003b6:	492a      	ldr	r1, [pc, #168]	@ (10000460 <init_general+0xac>)
100003b8:	482a      	ldr	r0, [pc, #168]	@ (10000464 <init_general+0xb0>)
100003ba:	f006 f907 	bl	100065cc <i2c_init>
100003be:	2103      	movs	r1, #3
100003c0:	2004      	movs	r0, #4
100003c2:	f000 f9af 	bl	10000724 <gpio_set_function>
100003c6:	2103      	movs	r1, #3
100003c8:	2005      	movs	r0, #5
100003ca:	f000 f9ab 	bl	10000724 <gpio_set_function>
100003ce:	2200      	movs	r2, #0
100003d0:	2101      	movs	r1, #1
100003d2:	2004      	movs	r0, #4
100003d4:	f000 f9c4 	bl	10000760 <gpio_set_pulls>
100003d8:	2200      	movs	r2, #0
100003da:	2101      	movs	r1, #1
100003dc:	2005      	movs	r0, #5
100003de:	f000 f9bf 	bl	10000760 <gpio_set_pulls>
100003e2:	4820      	ldr	r0, [pc, #128]	@ (10000464 <init_general+0xb0>)
100003e4:	f008 f9f2 	bl	100087cc <bmp280_init>
100003e8:	2006      	movs	r0, #6
100003ea:	f000 fa21 	bl	10000830 <gpio_init>
100003ee:	2406      	movs	r4, #6
100003f0:	f04f 0300 	mov.w	r3, #0
100003f4:	ec43 4044 	gpioc_bit_oe_put r4, r3
100003f8:	2201      	movs	r2, #1
100003fa:	4620      	mov	r0, r4
100003fc:	2100      	movs	r1, #0
100003fe:	f000 f9af 	bl	10000760 <gpio_set_pulls>
10000402:	2201      	movs	r2, #1
10000404:	4b18      	ldr	r3, [pc, #96]	@ (10000468 <init_general+0xb4>)
10000406:	4620      	mov	r0, r4
10000408:	2108      	movs	r1, #8
1000040a:	f000 f9bd 	bl	10000788 <gpio_set_irq_enabled_with_callback>
1000040e:	2127      	movs	r1, #39	@ 0x27
10000410:	4814      	ldr	r0, [pc, #80]	@ (10000464 <init_general+0xb0>)
10000412:	f008 f9ad 	bl	10008770 <lcd_init>
10000416:	f008 f983 	bl	10008720 <lcd_clear>
1000041a:	2100      	movs	r1, #0
1000041c:	4608      	mov	r0, r1
1000041e:	f008 f983 	bl	10008728 <lcd_set_cursor>
10000422:	4812      	ldr	r0, [pc, #72]	@ (1000046c <init_general+0xb8>)
10000424:	f008 f998 	bl	10008758 <lcd_string>
10000428:	2100      	movs	r1, #0
1000042a:	2001      	movs	r0, #1
1000042c:	f008 f97c 	bl	10008728 <lcd_set_cursor>
10000430:	480f      	ldr	r0, [pc, #60]	@ (10000470 <init_general+0xbc>)
10000432:	f008 f991 	bl	10008758 <lcd_string>
10000436:	2100      	movs	r1, #0
10000438:	2002      	movs	r0, #2
1000043a:	f008 f975 	bl	10008728 <lcd_set_cursor>
1000043e:	480d      	ldr	r0, [pc, #52]	@ (10000474 <init_general+0xc0>)
10000440:	f008 f98a 	bl	10008758 <lcd_string>
10000444:	2100      	movs	r1, #0
10000446:	2003      	movs	r0, #3
10000448:	f008 f96e 	bl	10008728 <lcd_set_cursor>
1000044c:	480a      	ldr	r0, [pc, #40]	@ (10000478 <init_general+0xc4>)
1000044e:	f008 f983 	bl	10008758 <lcd_string>
10000452:	f008 f965 	bl	10008720 <lcd_clear>
10000456:	e8bd 4010 	ldmia.w	sp!, {r4, lr}
1000045a:	2000      	movs	r0, #0
1000045c:	f007 b88a 	b.w	10007574 <vTaskDelete>
10000460:	00061a80 	.word	0x00061a80
10000464:	20001594 	.word	0x20001594
10000468:	1000047d 	.word	0x1000047d
1000046c:	100095e0 	.word	0x100095e0
10000470:	100095f0 	.word	0x100095f0
10000474:	10009600 	.word	0x10009600
10000478:	10009610 	.word	0x10009610

1000047c <gpio_callback>:
1000047c:	2806      	cmp	r0, #6
1000047e:	d000      	beq.n	10000482 <gpio_callback+0x6>
10000480:	4770      	bx	lr
10000482:	070b      	lsls	r3, r1, #28
10000484:	d5fc      	bpl.n	10000480 <gpio_callback+0x4>
10000486:	2201      	movs	r2, #1
10000488:	4b01      	ldr	r3, [pc, #4]	@ (10000490 <gpio_callback+0x14>)
1000048a:	701a      	strb	r2, [r3, #0]
1000048c:	4770      	bx	lr
1000048e:	bf00      	nop
10000490:	20002a78 	.word	0x20002a78

10000494 <main>:
10000494:	b500      	push	{lr}
10000496:	b083      	sub	sp, #12
10000498:	f003 fb50 	bl	10003b3c <stdio_init_all>
1000049c:	2001      	movs	r0, #1
1000049e:	f006 fa83 	bl	100069a8 <xQueueCreateMutex>
100004a2:	4603      	mov	r3, r0
100004a4:	4d20      	ldr	r5, [pc, #128]	@ (10000528 <main+0x94>)
100004a6:	2200      	movs	r2, #0
100004a8:	2108      	movs	r1, #8
100004aa:	2005      	movs	r0, #5
100004ac:	602b      	str	r3, [r5, #0]
100004ae:	f006 f8ff 	bl	100066b0 <xQueueGenericCreate>
100004b2:	4a1e      	ldr	r2, [pc, #120]	@ (1000052c <main+0x98>)
100004b4:	682b      	ldr	r3, [r5, #0]
100004b6:	6010      	str	r0, [r2, #0]
100004b8:	b393      	cbz	r3, 10000520 <main+0x8c>
100004ba:	b388      	cbz	r0, 10000520 <main+0x8c>
100004bc:	2400      	movs	r4, #0
100004be:	f04f 0c01 	mov.w	ip, #1
100004c2:	f44f 7280 	mov.w	r2, #256	@ 0x100
100004c6:	4623      	mov	r3, r4
100004c8:	e9cd c400 	strd	ip, r4, [sp]
100004cc:	4918      	ldr	r1, [pc, #96]	@ (10000530 <main+0x9c>)
100004ce:	4819      	ldr	r0, [pc, #100]	@ (10000534 <main+0xa0>)
100004d0:	f006 ffce 	bl	10007470 <xTaskCreate>
100004d4:	f04f 0c02 	mov.w	ip, #2
100004d8:	f44f 7280 	mov.w	r2, #256	@ 0x100
100004dc:	4623      	mov	r3, r4
100004de:	e9cd c400 	strd	ip, r4, [sp]
100004e2:	4915      	ldr	r1, [pc, #84]	@ (10000538 <main+0xa4>)
100004e4:	4815      	ldr	r0, [pc, #84]	@ (1000053c <main+0xa8>)
100004e6:	f006 ffc3 	bl	10007470 <xTaskCreate>
100004ea:	f04f 0c04 	mov.w	ip, #4
100004ee:	f44f 7280 	mov.w	r2, #256	@ 0x100
100004f2:	4623      	mov	r3, r4
100004f4:	e9cd c400 	strd	ip, r4, [sp]
100004f8:	4911      	ldr	r1, [pc, #68]	@ (10000540 <main+0xac>)
100004fa:	4812      	ldr	r0, [pc, #72]	@ (10000544 <main+0xb0>)
100004fc:	f006 ffb8 	bl	10007470 <xTaskCreate>
10000500:	4623      	mov	r3, r4
10000502:	4622      	mov	r2, r4
10000504:	4621      	mov	r1, r4
10000506:	6828      	ldr	r0, [r5, #0]
10000508:	f006 f90e 	bl	10006728 <xQueueGenericSend>
1000050c:	f007 f890 	bl	10007630 <vTaskStartScheduler>
10000510:	480d      	ldr	r0, [pc, #52]	@ (10000548 <main+0xb4>)
10000512:	f003 fb57 	bl	10003bc4 <__wrap_puts>
10000516:	f44f 707a 	mov.w	r0, #1000	@ 0x3e8
1000051a:	f001 f93d 	bl	10001798 <sleep_ms>
1000051e:	e7f7      	b.n	10000510 <main+0x7c>
10000520:	480a      	ldr	r0, [pc, #40]	@ (1000054c <main+0xb8>)
10000522:	f003 fb4f 	bl	10003bc4 <__wrap_puts>
10000526:	e7c9      	b.n	100004bc <main+0x28>
10000528:	2000297c 	.word	0x2000297c
1000052c:	20002448 	.word	0x20002448
10000530:	10009654 	.word	0x10009654
10000534:	1000023d 	.word	0x1000023d
10000538:	1000965c 	.word	0x1000965c
1000053c:	100002d1 	.word	0x100002d1
10000540:	10009660 	.word	0x10009660
10000544:	100003b5 	.word	0x100003b5
10000548:	10009670 	.word	0x10009670
1000054c:	10009620 	.word	0x10009620

10000550 <gpio_default_irq_handler>:
10000550:	f04f 4250 	mov.w	r2, #3489660928	@ 0xd0000000
10000554:	e92d 4ff8 	stmdb	sp!, {r3, r4, r5, r6, r7, r8, r9, sl, fp, lr}
10000558:	4b6d      	ldr	r3, [pc, #436]	@ (10000710 <gpio_default_irq_handler+0x1c0>)
1000055a:	f8d2 a000 	ldr.w	sl, [r2]
1000055e:	f853 702a 	ldr.w	r7, [r3, sl, lsl #2]
10000562:	f1ba 0f00 	cmp.w	sl, #0
10000566:	d02c      	beq.n	100005c2 <gpio_default_irq_handler+0x72>
10000568:	f8df 81b0 	ldr.w	r8, [pc, #432]	@ 1000071c <gpio_default_irq_handler+0x1cc>
1000056c:	b36f      	cbz	r7, 100005ca <gpio_default_irq_handler+0x7a>
1000056e:	2600      	movs	r6, #0
10000570:	f8df b1a0 	ldr.w	fp, [pc, #416]	@ 10000714 <gpio_default_irq_handler+0x1c4>
10000574:	f8df 91a0 	ldr.w	r9, [pc, #416]	@ 10000718 <gpio_default_irq_handler+0x1c8>
10000578:	08f3      	lsrs	r3, r6, #3
1000057a:	330c      	adds	r3, #12
1000057c:	f858 5023 	ldr.w	r5, [r8, r3, lsl #2]
10000580:	4634      	mov	r4, r6
10000582:	3608      	adds	r6, #8
10000584:	b1cd      	cbz	r5, 100005ba <gpio_default_irq_handler+0x6a>
10000586:	f005 010f 	and.w	r1, r5, #15
1000058a:	4620      	mov	r0, r4
1000058c:	092d      	lsrs	r5, r5, #4
1000058e:	3401      	adds	r4, #1
10000590:	b189      	cbz	r1, 100005b6 <gpio_default_irq_handler+0x66>
10000592:	f85b 202a 	ldr.w	r2, [fp, sl, lsl #2]
10000596:	f000 0307 	and.w	r3, r0, #7
1000059a:	40c2      	lsrs	r2, r0
1000059c:	ea4f 0cd0 	mov.w	ip, r0, lsr #3
100005a0:	009b      	lsls	r3, r3, #2
100005a2:	07d2      	lsls	r2, r2, #31
100005a4:	fa01 f303 	lsl.w	r3, r1, r3
100005a8:	f10c 0c8c 	add.w	ip, ip, #140	@ 0x8c
100005ac:	d402      	bmi.n	100005b4 <gpio_default_irq_handler+0x64>
100005ae:	f849 302c 	str.w	r3, [r9, ip, lsl #2]
100005b2:	47b8      	blx	r7
100005b4:	b10d      	cbz	r5, 100005ba <gpio_default_irq_handler+0x6a>
100005b6:	42b4      	cmp	r4, r6
100005b8:	d3e5      	bcc.n	10000586 <gpio_default_irq_handler+0x36>
100005ba:	2e20      	cmp	r6, #32
100005bc:	d1dc      	bne.n	10000578 <gpio_default_irq_handler+0x28>
100005be:	e8bd 8ff8 	ldmia.w	sp!, {r3, r4, r5, r6, r7, r8, r9, sl, fp, pc}
100005c2:	f8df 815c 	ldr.w	r8, [pc, #348]	@ 10000720 <gpio_default_irq_handler+0x1d0>
100005c6:	2f00      	cmp	r7, #0
100005c8:	d1d1      	bne.n	1000056e <gpio_default_irq_handler+0x1e>
100005ca:	4852      	ldr	r0, [pc, #328]	@ (10000714 <gpio_default_irq_handler+0x1c4>)
100005cc:	08f9      	lsrs	r1, r7, #3
100005ce:	f101 030c 	add.w	r3, r1, #12
100005d2:	f858 3023 	ldr.w	r3, [r8, r3, lsl #2]
100005d6:	2b00      	cmp	r3, #0
100005d8:	d07b      	beq.n	100006d2 <gpio_default_irq_handler+0x182>
100005da:	f013 050f 	ands.w	r5, r3, #15
100005de:	ea4f 1213 	mov.w	r2, r3, lsr #4
100005e2:	d00a      	beq.n	100005fa <gpio_default_irq_handler+0xaa>
100005e4:	f850 402a 	ldr.w	r4, [r0, sl, lsl #2]
100005e8:	40fc      	lsrs	r4, r7
100005ea:	07e6      	lsls	r6, r4, #31
100005ec:	d403      	bmi.n	100005f6 <gpio_default_irq_handler+0xa6>
100005ee:	4c4a      	ldr	r4, [pc, #296]	@ (10000718 <gpio_default_irq_handler+0x1c8>)
100005f0:	318c      	adds	r1, #140	@ 0x8c
100005f2:	f844 5021 	str.w	r5, [r4, r1, lsl #2]
100005f6:	2a00      	cmp	r2, #0
100005f8:	d06b      	beq.n	100006d2 <gpio_default_irq_handler+0x182>
100005fa:	f012 020f 	ands.w	r2, r2, #15
100005fe:	ea4f 2113 	mov.w	r1, r3, lsr #8
10000602:	d00d      	beq.n	10000620 <gpio_default_irq_handler+0xd0>
10000604:	f850 402a 	ldr.w	r4, [r0, sl, lsl #2]
10000608:	1c7d      	adds	r5, r7, #1
1000060a:	40ec      	lsrs	r4, r5
1000060c:	07e4      	lsls	r4, r4, #31
1000060e:	d405      	bmi.n	1000061c <gpio_default_irq_handler+0xcc>
10000610:	08ec      	lsrs	r4, r5, #3
10000612:	4d41      	ldr	r5, [pc, #260]	@ (10000718 <gpio_default_irq_handler+0x1c8>)
10000614:	0112      	lsls	r2, r2, #4
10000616:	348c      	adds	r4, #140	@ 0x8c
10000618:	f845 2024 	str.w	r2, [r5, r4, lsl #2]
1000061c:	2900      	cmp	r1, #0
1000061e:	d058      	beq.n	100006d2 <gpio_default_irq_handler+0x182>
10000620:	f011 010f 	ands.w	r1, r1, #15
10000624:	ea4f 3213 	mov.w	r2, r3, lsr #12
10000628:	d007      	beq.n	1000063a <gpio_default_irq_handler+0xea>
1000062a:	f850 402a 	ldr.w	r4, [r0, sl, lsl #2]
1000062e:	1cbd      	adds	r5, r7, #2
10000630:	40ec      	lsrs	r4, r5
10000632:	07e6      	lsls	r6, r4, #31
10000634:	d557      	bpl.n	100006e6 <gpio_default_irq_handler+0x196>
10000636:	2a00      	cmp	r2, #0
10000638:	d04b      	beq.n	100006d2 <gpio_default_irq_handler+0x182>
1000063a:	f012 020f 	ands.w	r2, r2, #15
1000063e:	ea4f 4113 	mov.w	r1, r3, lsr #16
10000642:	d007      	beq.n	10000654 <gpio_default_irq_handler+0x104>
10000644:	f850 402a 	ldr.w	r4, [r0, sl, lsl #2]
10000648:	1cfd      	adds	r5, r7, #3
1000064a:	40ec      	lsrs	r4, r5
1000064c:	07e4      	lsls	r4, r4, #31
1000064e:	d551      	bpl.n	100006f4 <gpio_default_irq_handler+0x1a4>
10000650:	2900      	cmp	r1, #0
10000652:	d03e      	beq.n	100006d2 <gpio_default_irq_handler+0x182>
10000654:	f011 010f 	ands.w	r1, r1, #15
10000658:	ea4f 5213 	mov.w	r2, r3, lsr #20
1000065c:	d007      	beq.n	1000066e <gpio_default_irq_handler+0x11e>
1000065e:	4c2d      	ldr	r4, [pc, #180]	@ (10000714 <gpio_default_irq_handler+0x1c4>)
10000660:	f854 502a 	ldr.w	r5, [r4, sl, lsl #2]
10000664:	1d3c      	adds	r4, r7, #4
10000666:	40e5      	lsrs	r5, r4
10000668:	07ee      	lsls	r6, r5, #31
1000066a:	d54a      	bpl.n	10000702 <gpio_default_irq_handler+0x1b2>
1000066c:	b38a      	cbz	r2, 100006d2 <gpio_default_irq_handler+0x182>
1000066e:	f012 020f 	ands.w	r2, r2, #15
10000672:	ea4f 6113 	mov.w	r1, r3, lsr #24
10000676:	d00d      	beq.n	10000694 <gpio_default_irq_handler+0x144>
10000678:	4c26      	ldr	r4, [pc, #152]	@ (10000714 <gpio_default_irq_handler+0x1c4>)
1000067a:	f854 502a 	ldr.w	r5, [r4, sl, lsl #2]
1000067e:	1d7c      	adds	r4, r7, #5
10000680:	40e5      	lsrs	r5, r4
10000682:	07ed      	lsls	r5, r5, #31
10000684:	d405      	bmi.n	10000692 <gpio_default_irq_handler+0x142>
10000686:	4d24      	ldr	r5, [pc, #144]	@ (10000718 <gpio_default_irq_handler+0x1c8>)
10000688:	08e4      	lsrs	r4, r4, #3
1000068a:	0512      	lsls	r2, r2, #20
1000068c:	348c      	adds	r4, #140	@ 0x8c
1000068e:	f845 2024 	str.w	r2, [r5, r4, lsl #2]
10000692:	b1f1      	cbz	r1, 100006d2 <gpio_default_irq_handler+0x182>
10000694:	f011 010f 	ands.w	r1, r1, #15
10000698:	ea4f 7313 	mov.w	r3, r3, lsr #28
1000069c:	d01f      	beq.n	100006de <gpio_default_irq_handler+0x18e>
1000069e:	4c1d      	ldr	r4, [pc, #116]	@ (10000714 <gpio_default_irq_handler+0x1c4>)
100006a0:	1dbd      	adds	r5, r7, #6
100006a2:	f854 202a 	ldr.w	r2, [r4, sl, lsl #2]
100006a6:	40ea      	lsrs	r2, r5
100006a8:	07d6      	lsls	r6, r2, #31
100006aa:	d405      	bmi.n	100006b8 <gpio_default_irq_handler+0x168>
100006ac:	08ea      	lsrs	r2, r5, #3
100006ae:	4d1a      	ldr	r5, [pc, #104]	@ (10000718 <gpio_default_irq_handler+0x1c8>)
100006b0:	0609      	lsls	r1, r1, #24
100006b2:	328c      	adds	r2, #140	@ 0x8c
100006b4:	f845 1022 	str.w	r1, [r5, r2, lsl #2]
100006b8:	b15b      	cbz	r3, 100006d2 <gpio_default_irq_handler+0x182>
100006ba:	f854 102a 	ldr.w	r1, [r4, sl, lsl #2]
100006be:	1dfa      	adds	r2, r7, #7
100006c0:	40d1      	lsrs	r1, r2
100006c2:	07c9      	lsls	r1, r1, #31
100006c4:	d405      	bmi.n	100006d2 <gpio_default_irq_handler+0x182>
100006c6:	4914      	ldr	r1, [pc, #80]	@ (10000718 <gpio_default_irq_handler+0x1c8>)
100006c8:	08d2      	lsrs	r2, r2, #3
100006ca:	071b      	lsls	r3, r3, #28
100006cc:	328c      	adds	r2, #140	@ 0x8c
100006ce:	f841 3022 	str.w	r3, [r1, r2, lsl #2]
100006d2:	3708      	adds	r7, #8
100006d4:	2f20      	cmp	r7, #32
100006d6:	f47f af79 	bne.w	100005cc <gpio_default_irq_handler+0x7c>
100006da:	e8bd 8ff8 	ldmia.w	sp!, {r3, r4, r5, r6, r7, r8, r9, sl, fp, pc}
100006de:	2b00      	cmp	r3, #0
100006e0:	d0f7      	beq.n	100006d2 <gpio_default_irq_handler+0x182>
100006e2:	4c0c      	ldr	r4, [pc, #48]	@ (10000714 <gpio_default_irq_handler+0x1c4>)
100006e4:	e7e9      	b.n	100006ba <gpio_default_irq_handler+0x16a>
100006e6:	08ec      	lsrs	r4, r5, #3
100006e8:	4d0b      	ldr	r5, [pc, #44]	@ (10000718 <gpio_default_irq_handler+0x1c8>)
100006ea:	0209      	lsls	r1, r1, #8
100006ec:	348c      	adds	r4, #140	@ 0x8c
100006ee:	f845 1024 	str.w	r1, [r5, r4, lsl #2]
100006f2:	e7a0      	b.n	10000636 <gpio_default_irq_handler+0xe6>
100006f4:	08ec      	lsrs	r4, r5, #3
100006f6:	4d08      	ldr	r5, [pc, #32]	@ (10000718 <gpio_default_irq_handler+0x1c8>)
100006f8:	0312      	lsls	r2, r2, #12
100006fa:	348c      	adds	r4, #140	@ 0x8c
100006fc:	f845 2024 	str.w	r2, [r5, r4, lsl #2]
10000700:	e7a6      	b.n	10000650 <gpio_default_irq_handler+0x100>
10000702:	4d05      	ldr	r5, [pc, #20]	@ (10000718 <gpio_default_irq_handler+0x1c8>)
10000704:	08e4      	lsrs	r4, r4, #3
10000706:	0409      	lsls	r1, r1, #16
10000708:	348c      	adds	r4, #140	@ 0x8c
1000070a:	f845 1024 	str.w	r1, [r5, r4, lsl #2]
1000070e:	e7ad      	b.n	1000066c <gpio_default_irq_handler+0x11c>
10000710:	20002408 	.word	0x20002408
10000714:	2000296c 	.word	0x2000296c
10000718:	40028000 	.word	0x40028000
1000071c:	40028290 	.word	0x40028290
10000720:	40028248 	.word	0x40028248

10000724 <gpio_set_function>:
10000724:	b410      	push	{r4}
10000726:	f44f 7480 	mov.w	r4, #256	@ 0x100
1000072a:	4b0c      	ldr	r3, [pc, #48]	@ (1000075c <gpio_set_function+0x38>)
1000072c:	f853 2020 	ldr.w	r2, [r3, r0, lsl #2]
10000730:	eb03 0380 	add.w	r3, r3, r0, lsl #2
10000734:	00c0      	lsls	r0, r0, #3
10000736:	f082 0240 	eor.w	r2, r2, #64	@ 0x40
1000073a:	f100 4080 	add.w	r0, r0, #1073741824	@ 0x40000000
1000073e:	f503 5c80 	add.w	ip, r3, #4096	@ 0x1000
10000742:	f002 02c0 	and.w	r2, r2, #192	@ 0xc0
10000746:	f500 3020 	add.w	r0, r0, #163840	@ 0x28000
1000074a:	f503 5340 	add.w	r3, r3, #12288	@ 0x3000
1000074e:	f8cc 2000 	str.w	r2, [ip]
10000752:	6041      	str	r1, [r0, #4]
10000754:	601c      	str	r4, [r3, #0]
10000756:	f85d 4b04 	ldr.w	r4, [sp], #4
1000075a:	4770      	bx	lr
1000075c:	40038004 	.word	0x40038004

10000760 <gpio_set_pulls>:
10000760:	b410      	push	{r4}
10000762:	4c08      	ldr	r4, [pc, #32]	@ (10000784 <gpio_set_pulls+0x24>)
10000764:	00c9      	lsls	r1, r1, #3
10000766:	ea41 0182 	orr.w	r1, r1, r2, lsl #2
1000076a:	f854 2020 	ldr.w	r2, [r4, r0, lsl #2]
1000076e:	eb04 0380 	add.w	r3, r4, r0, lsl #2
10000772:	4051      	eors	r1, r2
10000774:	f503 5380 	add.w	r3, r3, #4096	@ 0x1000
10000778:	f001 010c 	and.w	r1, r1, #12
1000077c:	f85d 4b04 	ldr.w	r4, [sp], #4
10000780:	6019      	str	r1, [r3, #0]
10000782:	4770      	bx	lr
10000784:	40038004 	.word	0x40038004

10000788 <gpio_set_irq_enabled_with_callback>:
10000788:	e92d 43f0 	stmdb	sp!, {r4, r5, r6, r7, r8, r9, lr}
1000078c:	f04f 4950 	mov.w	r9, #3489660928	@ 0xd0000000
10000790:	461f      	mov	r7, r3
10000792:	f8df 8098 	ldr.w	r8, [pc, #152]	@ 1000082c <gpio_set_irq_enabled_with_callback+0xa4>
10000796:	f8d9 3000 	ldr.w	r3, [r9]
1000079a:	4616      	mov	r6, r2
1000079c:	f858 2023 	ldr.w	r2, [r8, r3, lsl #2]
100007a0:	4604      	mov	r4, r0
100007a2:	460d      	mov	r5, r1
100007a4:	b083      	sub	sp, #12
100007a6:	b332      	cbz	r2, 100007f6 <gpio_set_irq_enabled_with_callback+0x6e>
100007a8:	b387      	cbz	r7, 1000080c <gpio_set_irq_enabled_with_callback+0x84>
100007aa:	f848 7023 	str.w	r7, [r8, r3, lsl #2]
100007ae:	f04f 4350 	mov.w	r3, #3489660928	@ 0xd0000000
100007b2:	681b      	ldr	r3, [r3, #0]
100007b4:	b1bb      	cbz	r3, 100007e6 <gpio_set_irq_enabled_with_callback+0x5e>
100007b6:	4b19      	ldr	r3, [pc, #100]	@ (1000081c <gpio_set_irq_enabled_with_callback+0x94>)
100007b8:	08e1      	lsrs	r1, r4, #3
100007ba:	f004 0407 	and.w	r4, r4, #7
100007be:	4a18      	ldr	r2, [pc, #96]	@ (10000820 <gpio_set_irq_enabled_with_callback+0x98>)
100007c0:	00a4      	lsls	r4, r4, #2
100007c2:	fa05 f404 	lsl.w	r4, r5, r4
100007c6:	eb03 0381 	add.w	r3, r3, r1, lsl #2
100007ca:	318c      	adds	r1, #140	@ 0x8c
100007cc:	f842 4021 	str.w	r4, [r2, r1, lsl #2]
100007d0:	b15e      	cbz	r6, 100007ea <gpio_set_irq_enabled_with_callback+0x62>
100007d2:	2101      	movs	r1, #1
100007d4:	2015      	movs	r0, #21
100007d6:	f503 5300 	add.w	r3, r3, #8192	@ 0x2000
100007da:	601c      	str	r4, [r3, #0]
100007dc:	b003      	add	sp, #12
100007de:	e8bd 43f0 	ldmia.w	sp!, {r4, r5, r6, r7, r8, r9, lr}
100007e2:	f000 b91d 	b.w	10000a20 <irq_set_enabled>
100007e6:	4b0f      	ldr	r3, [pc, #60]	@ (10000824 <gpio_set_irq_enabled_with_callback+0x9c>)
100007e8:	e7e6      	b.n	100007b8 <gpio_set_irq_enabled_with_callback+0x30>
100007ea:	f503 5340 	add.w	r3, r3, #12288	@ 0x3000
100007ee:	601c      	str	r4, [r3, #0]
100007f0:	b003      	add	sp, #12
100007f2:	e8bd 83f0 	ldmia.w	sp!, {r4, r5, r6, r7, r8, r9, pc}
100007f6:	2f00      	cmp	r7, #0
100007f8:	d0dc      	beq.n	100007b4 <gpio_set_irq_enabled_with_callback+0x2c>
100007fa:	2015      	movs	r0, #21
100007fc:	490a      	ldr	r1, [pc, #40]	@ (10000828 <gpio_set_irq_enabled_with_callback+0xa0>)
100007fe:	f848 7023 	str.w	r7, [r8, r3, lsl #2]
10000802:	f000 f97f 	bl	10000b04 <irq_add_shared_handler>
10000806:	f8d9 3000 	ldr.w	r3, [r9]
1000080a:	e7d3      	b.n	100007b4 <gpio_set_irq_enabled_with_callback+0x2c>
1000080c:	2015      	movs	r0, #21
1000080e:	4906      	ldr	r1, [pc, #24]	@ (10000828 <gpio_set_irq_enabled_with_callback+0xa0>)
10000810:	9301      	str	r3, [sp, #4]
10000812:	f000 fa6b 	bl	10000cec <irq_remove_handler>
10000816:	9b01      	ldr	r3, [sp, #4]
10000818:	e7c7      	b.n	100007aa <gpio_set_irq_enabled_with_callback+0x22>
1000081a:	bf00      	nop
1000081c:	40028290 	.word	0x40028290
10000820:	40028000 	.word	0x40028000
10000824:	40028248 	.word	0x40028248
10000828:	10000551 	.word	0x10000551
1000082c:	20002408 	.word	0x20002408

10000830 <gpio_init>:
10000830:	b430      	push	{r4, r5}
10000832:	f04f 0300 	mov.w	r3, #0
10000836:	ec43 0044 	gpioc_bit_oe_put r0, r3
1000083a:	ec43 0040 	gpioc_bit_out_put r0, r3
1000083e:	2505      	movs	r5, #5
10000840:	f44f 7480 	mov.w	r4, #256	@ 0x100
10000844:	4b0b      	ldr	r3, [pc, #44]	@ (10000874 <gpio_init+0x44>)
10000846:	00c2      	lsls	r2, r0, #3
10000848:	f853 1020 	ldr.w	r1, [r3, r0, lsl #2]
1000084c:	eb03 0080 	add.w	r0, r3, r0, lsl #2
10000850:	f081 0140 	eor.w	r1, r1, #64	@ 0x40
10000854:	f102 4380 	add.w	r3, r2, #1073741824	@ 0x40000000
10000858:	f503 3320 	add.w	r3, r3, #163840	@ 0x28000
1000085c:	f001 02c0 	and.w	r2, r1, #192	@ 0xc0
10000860:	f500 5180 	add.w	r1, r0, #4096	@ 0x1000
10000864:	f500 5040 	add.w	r0, r0, #12288	@ 0x3000
10000868:	600a      	str	r2, [r1, #0]
1000086a:	605d      	str	r5, [r3, #4]
1000086c:	6004      	str	r4, [r0, #0]
1000086e:	bc30      	pop	{r4, r5}
10000870:	4770      	bx	lr
10000872:	bf00      	nop
10000874:	40038004 	.word	0x40038004

10000878 <panic>:
10000878:	b40f      	push	{r0, r1, r2, r3}
1000087a:	b500      	push	{lr}
1000087c:	b083      	sub	sp, #12
1000087e:	9c04      	ldr	r4, [sp, #16]
10000880:	4807      	ldr	r0, [pc, #28]	@ (100008a0 <panic+0x28>)
10000882:	f003 f99f 	bl	10003bc4 <__wrap_puts>
10000886:	b13c      	cbz	r4, 10000898 <panic+0x20>
10000888:	a905      	add	r1, sp, #20
1000088a:	4620      	mov	r0, r4
1000088c:	9101      	str	r1, [sp, #4]
1000088e:	f002 fff9 	bl	10003884 <weak_raw_vprintf>
10000892:	4804      	ldr	r0, [pc, #16]	@ (100008a4 <panic+0x2c>)
10000894:	f003 f996 	bl	10003bc4 <__wrap_puts>
10000898:	2001      	movs	r0, #1
1000089a:	f003 f80b 	bl	100038b4 <_exit>
1000089e:	bf00      	nop
100008a0:	10009680 	.word	0x10009680
100008a4:	10009690 	.word	0x10009690

100008a8 <hw_claim_or_assert>:
100008a8:	b570      	push	{r4, r5, r6, lr}
100008aa:	4686      	mov	lr, r0
100008ac:	f3ef 8510 	mrs	r5, PRIMASK
100008b0:	b672      	cpsid	i
100008b2:	4c12      	ldr	r4, [pc, #72]	@ (100008fc <hw_claim_or_assert+0x54>)
100008b4:	e8d4 6fcf 	ldaexb	r6, [r4]
100008b8:	2001      	movs	r0, #1
100008ba:	2e00      	cmp	r6, #0
100008bc:	d1fa      	bne.n	100008b4 <hw_claim_or_assert+0xc>
100008be:	e8c4 0f46 	strexb	r6, r0, [r4]
100008c2:	2e00      	cmp	r6, #0
100008c4:	d1f6      	bne.n	100008b4 <hw_claim_or_assert+0xc>
100008c6:	f3bf 8f5f 	dmb	sy
100008ca:	f04f 0c01 	mov.w	ip, #1
100008ce:	08c8      	lsrs	r0, r1, #3
100008d0:	f001 0307 	and.w	r3, r1, #7
100008d4:	fa0c f303 	lsl.w	r3, ip, r3
100008d8:	f81e c000 	ldrb.w	ip, [lr, r0]
100008dc:	ea1c 0603 	ands.w	r6, ip, r3
100008e0:	d108      	bne.n	100008f4 <hw_claim_or_assert+0x4c>
100008e2:	ea4c 0c03 	orr.w	ip, ip, r3
100008e6:	f80e c000 	strb.w	ip, [lr, r0]
100008ea:	e8c4 6f8f 	stlb	r6, [r4]
100008ee:	f385 8810 	msr	PRIMASK, r5
100008f2:	bd70      	pop	{r4, r5, r6, pc}
100008f4:	4610      	mov	r0, r2
100008f6:	f7ff ffbf 	bl	10000878 <panic>
100008fa:	bf00      	nop
100008fc:	20001fff 	.word	0x20001fff

10000900 <hw_claim_unused_from_range>:
10000900:	b5f8      	push	{r3, r4, r5, r6, r7, lr}
10000902:	f3ef 8710 	mrs	r7, PRIMASK
10000906:	b672      	cpsid	i
10000908:	4e1c      	ldr	r6, [pc, #112]	@ (1000097c <hw_claim_unused_from_range+0x7c>)
1000090a:	e8d6 5fcf 	ldaexb	r5, [r6]
1000090e:	2401      	movs	r4, #1
10000910:	2d00      	cmp	r5, #0
10000912:	d1fa      	bne.n	1000090a <hw_claim_unused_from_range+0xa>
10000914:	e8c6 4f45 	strexb	r5, r4, [r6]
10000918:	2d00      	cmp	r5, #0
1000091a:	d1f6      	bne.n	1000090a <hw_claim_unused_from_range+0xa>
1000091c:	f3bf 8f5f 	dmb	sy
10000920:	429a      	cmp	r2, r3
10000922:	d81b      	bhi.n	1000095c <hw_claim_unused_from_range+0x5c>
10000924:	2501      	movs	r5, #1
10000926:	e002      	b.n	1000092e <hw_claim_unused_from_range+0x2e>
10000928:	3201      	adds	r2, #1
1000092a:	4293      	cmp	r3, r2
1000092c:	d322      	bcc.n	10000974 <hw_claim_unused_from_range+0x74>
1000092e:	08d4      	lsrs	r4, r2, #3
10000930:	f810 e004 	ldrb.w	lr, [r0, r4]
10000934:	f002 0c07 	and.w	ip, r2, #7
10000938:	fa05 fc0c 	lsl.w	ip, r5, ip
1000093c:	ea1e 0f0c 	tst.w	lr, ip
10000940:	d1f2      	bne.n	10000928 <hw_claim_unused_from_range+0x28>
10000942:	ea4e 0e0c 	orr.w	lr, lr, ip
10000946:	f800 e004 	strb.w	lr, [r0, r4]
1000094a:	4610      	mov	r0, r2
1000094c:	2300      	movs	r3, #0
1000094e:	e8c6 3f8f 	stlb	r3, [r6]
10000952:	f387 8810 	msr	PRIMASK, r7
10000956:	4298      	cmp	r0, r3
10000958:	db07      	blt.n	1000096a <hw_claim_unused_from_range+0x6a>
1000095a:	bdf8      	pop	{r3, r4, r5, r6, r7, pc}
1000095c:	2300      	movs	r3, #0
1000095e:	e8c6 3f8f 	stlb	r3, [r6]
10000962:	f387 8810 	msr	PRIMASK, r7
10000966:	f04f 30ff 	mov.w	r0, #4294967295
1000096a:	2900      	cmp	r1, #0
1000096c:	d0f5      	beq.n	1000095a <hw_claim_unused_from_range+0x5a>
1000096e:	9806      	ldr	r0, [sp, #24]
10000970:	f7ff ff82 	bl	10000878 <panic>
10000974:	f04f 30ff 	mov.w	r0, #4294967295
10000978:	e7e8      	b.n	1000094c <hw_claim_unused_from_range+0x4c>
1000097a:	bf00      	nop
1000097c:	20001fff 	.word	0x20001fff

10000980 <next_striped_spin_lock_num>:
10000980:	4a04      	ldr	r2, [pc, #16]	@ (10000994 <next_striped_spin_lock_num+0x14>)
10000982:	7810      	ldrb	r0, [r2, #0]
10000984:	1c43      	adds	r3, r0, #1
10000986:	b2db      	uxtb	r3, r3
10000988:	2b18      	cmp	r3, #24
1000098a:	bf28      	it	cs
1000098c:	2310      	movcs	r3, #16
1000098e:	7013      	strb	r3, [r2, #0]
10000990:	4770      	bx	lr
10000992:	bf00      	nop
10000994:	200014f8 	.word	0x200014f8

10000998 <spin_lock_claim_unused>:
10000998:	b510      	push	{r4, lr}
1000099a:	4c05      	ldr	r4, [pc, #20]	@ (100009b0 <spin_lock_claim_unused+0x18>)
1000099c:	b082      	sub	sp, #8
1000099e:	4601      	mov	r1, r0
100009a0:	231f      	movs	r3, #31
100009a2:	2218      	movs	r2, #24
100009a4:	9400      	str	r4, [sp, #0]
100009a6:	4803      	ldr	r0, [pc, #12]	@ (100009b4 <spin_lock_claim_unused+0x1c>)
100009a8:	f7ff ffaa 	bl	10000900 <hw_claim_unused_from_range>
100009ac:	b002      	add	sp, #8
100009ae:	bd10      	pop	{r4, pc}
100009b0:	10009694 	.word	0x10009694
100009b4:	20002418 	.word	0x20002418

100009b8 <spinlock_set_extexclall>:
100009b8:	f04f 22e0 	mov.w	r2, #3758153728	@ 0xe000e000
100009bc:	6893      	ldr	r3, [r2, #8]
100009be:	f043 5300 	orr.w	r3, r3, #536870912	@ 0x20000000
100009c2:	6093      	str	r3, [r2, #8]
100009c4:	4770      	bx	lr
100009c6:	bf00      	nop

100009c8 <spin_locks_reset>:
100009c8:	2100      	movs	r1, #0
100009ca:	4b04      	ldr	r3, [pc, #16]	@ (100009dc <spin_locks_reset+0x14>)
100009cc:	f103 0220 	add.w	r2, r3, #32
100009d0:	e8c3 1f8f 	stlb	r1, [r3]
100009d4:	3301      	adds	r3, #1
100009d6:	4293      	cmp	r3, r2
100009d8:	d1fa      	bne.n	100009d0 <spin_locks_reset+0x8>
100009da:	4770      	bx	lr
100009dc:	20001ff4 	.word	0x20001ff4

100009e0 <runtime_init_per_core_irq_priorities>:
100009e0:	f04f 23e0 	mov.w	r3, #3758153728	@ 0xe000e000
100009e4:	f04f 3280 	mov.w	r2, #2155905152	@ 0x80808080
100009e8:	f8c3 2400 	str.w	r2, [r3, #1024]	@ 0x400
100009ec:	f8c3 2404 	str.w	r2, [r3, #1028]	@ 0x404
100009f0:	f8c3 2408 	str.w	r2, [r3, #1032]	@ 0x408
100009f4:	f8c3 240c 	str.w	r2, [r3, #1036]	@ 0x40c
100009f8:	f8c3 2410 	str.w	r2, [r3, #1040]	@ 0x410
100009fc:	f8c3 2414 	str.w	r2, [r3, #1044]	@ 0x414
10000a00:	f8c3 2418 	str.w	r2, [r3, #1048]	@ 0x418
10000a04:	f8c3 241c 	str.w	r2, [r3, #1052]	@ 0x41c
10000a08:	f8c3 2420 	str.w	r2, [r3, #1056]	@ 0x420
10000a0c:	f8c3 2424 	str.w	r2, [r3, #1060]	@ 0x424
10000a10:	f8c3 2428 	str.w	r2, [r3, #1064]	@ 0x428
10000a14:	f8c3 242c 	str.w	r2, [r3, #1068]	@ 0x42c
10000a18:	f8c3 2430 	str.w	r2, [r3, #1072]	@ 0x430
10000a1c:	4770      	bx	lr
10000a1e:	bf00      	nop

10000a20 <irq_set_enabled>:
10000a20:	2301      	movs	r3, #1
10000a22:	f000 021f 	and.w	r2, r0, #31
10000a26:	4093      	lsls	r3, r2
10000a28:	0940      	lsrs	r0, r0, #5
10000a2a:	b141      	cbz	r1, 10000a3e <irq_set_enabled+0x1e>
10000a2c:	0080      	lsls	r0, r0, #2
10000a2e:	f100 4060 	add.w	r0, r0, #3758096384	@ 0xe0000000
10000a32:	f500 4061 	add.w	r0, r0, #57600	@ 0xe100
10000a36:	f8c0 3180 	str.w	r3, [r0, #384]	@ 0x180
10000a3a:	6003      	str	r3, [r0, #0]
10000a3c:	4770      	bx	lr
10000a3e:	4a02      	ldr	r2, [pc, #8]	@ (10000a48 <irq_set_enabled+0x28>)
10000a40:	3020      	adds	r0, #32
10000a42:	f842 3020 	str.w	r3, [r2, r0, lsl #2]
10000a46:	4770      	bx	lr
10000a48:	e000e100 	.word	0xe000e100

10000a4c <irq_is_enabled>:
10000a4c:	2301      	movs	r3, #1
10000a4e:	4a06      	ldr	r2, [pc, #24]	@ (10000a68 <irq_is_enabled+0x1c>)
10000a50:	0941      	lsrs	r1, r0, #5
10000a52:	f852 2021 	ldr.w	r2, [r2, r1, lsl #2]
10000a56:	f000 001f 	and.w	r0, r0, #31
10000a5a:	fa03 f000 	lsl.w	r0, r3, r0
10000a5e:	4010      	ands	r0, r2
10000a60:	3800      	subs	r0, #0
10000a62:	bf18      	it	ne
10000a64:	2001      	movne	r0, #1
10000a66:	4770      	bx	lr
10000a68:	e000e100 	.word	0xe000e100

10000a6c <irq_set_pending>:
10000a6c:	2201      	movs	r2, #1
10000a6e:	0943      	lsrs	r3, r0, #5
10000a70:	4903      	ldr	r1, [pc, #12]	@ (10000a80 <irq_set_pending+0x14>)
10000a72:	f000 001f 	and.w	r0, r0, #31
10000a76:	4082      	lsls	r2, r0
10000a78:	3340      	adds	r3, #64	@ 0x40
10000a7a:	f841 2023 	str.w	r2, [r1, r3, lsl #2]
10000a7e:	4770      	bx	lr
10000a80:	e000e100 	.word	0xe000e100

10000a84 <irq_has_shared_handler>:
10000a84:	4a05      	ldr	r2, [pc, #20]	@ (10000a9c <irq_has_shared_handler+0x18>)
10000a86:	3010      	adds	r0, #16
10000a88:	6892      	ldr	r2, [r2, #8]
10000a8a:	4b05      	ldr	r3, [pc, #20]	@ (10000aa0 <irq_has_shared_handler+0x1c>)
10000a8c:	f852 0020 	ldr.w	r0, [r2, r0, lsl #2]
10000a90:	1ac0      	subs	r0, r0, r3
10000a92:	282f      	cmp	r0, #47	@ 0x2f
10000a94:	bf8c      	ite	hi
10000a96:	2000      	movhi	r0, #0
10000a98:	2001      	movls	r0, #1
10000a9a:	4770      	bx	lr
10000a9c:	e000ed00 	.word	0xe000ed00
10000aa0:	200014fc 	.word	0x200014fc

10000aa4 <irq_set_exclusive_handler>:
10000aa4:	b5f8      	push	{r3, r4, r5, r6, r7, lr}
10000aa6:	460d      	mov	r5, r1
10000aa8:	f3ef 8710 	mrs	r7, PRIMASK
10000aac:	b672      	cpsid	i
10000aae:	4e12      	ldr	r6, [pc, #72]	@ (10000af8 <irq_set_exclusive_handler+0x54>)
10000ab0:	e8d6 2fcf 	ldaexb	r2, [r6]
10000ab4:	2301      	movs	r3, #1
10000ab6:	2a00      	cmp	r2, #0
10000ab8:	d1fa      	bne.n	10000ab0 <irq_set_exclusive_handler+0xc>
10000aba:	e8c6 3f42 	strexb	r2, r3, [r6]
10000abe:	2a00      	cmp	r2, #0
10000ac0:	d1f6      	bne.n	10000ab0 <irq_set_exclusive_handler+0xc>
10000ac2:	f3bf 8f5f 	dmb	sy
10000ac6:	4b0d      	ldr	r3, [pc, #52]	@ (10000afc <irq_set_exclusive_handler+0x58>)
10000ac8:	f100 0410 	add.w	r4, r0, #16
10000acc:	689b      	ldr	r3, [r3, #8]
10000ace:	4a0c      	ldr	r2, [pc, #48]	@ (10000b00 <irq_set_exclusive_handler+0x5c>)
10000ad0:	f853 3024 	ldr.w	r3, [r3, r4, lsl #2]
10000ad4:	4293      	cmp	r3, r2
10000ad6:	d003      	beq.n	10000ae0 <irq_set_exclusive_handler+0x3c>
10000ad8:	4299      	cmp	r1, r3
10000ada:	d001      	beq.n	10000ae0 <irq_set_exclusive_handler+0x3c>
10000adc:	f001 f8dc 	bl	10001c98 <hard_assertion_failure>
10000ae0:	4b06      	ldr	r3, [pc, #24]	@ (10000afc <irq_set_exclusive_handler+0x58>)
10000ae2:	689b      	ldr	r3, [r3, #8]
10000ae4:	f843 5024 	str.w	r5, [r3, r4, lsl #2]
10000ae8:	f3bf 8f5f 	dmb	sy
10000aec:	2300      	movs	r3, #0
10000aee:	e8c6 3f8f 	stlb	r3, [r6]
10000af2:	f387 8810 	msr	PRIMASK, r7
10000af6:	bdf8      	pop	{r3, r4, r5, r6, r7, pc}
10000af8:	20001ffd 	.word	0x20001ffd
10000afc:	e000ed00 	.word	0xe000ed00
10000b00:	1000011d 	.word	0x1000011d

10000b04 <irq_add_shared_handler>:
10000b04:	e92d 4ff0 	stmdb	sp!, {r4, r5, r6, r7, r8, r9, sl, fp, lr}
10000b08:	4681      	mov	r9, r0
10000b0a:	468b      	mov	fp, r1
10000b0c:	4616      	mov	r6, r2
10000b0e:	b083      	sub	sp, #12
10000b10:	f3ef 8310 	mrs	r3, PRIMASK
10000b14:	b672      	cpsid	i
10000b16:	f8df a1d0 	ldr.w	sl, [pc, #464]	@ 10000ce8 <irq_add_shared_handler+0x1e4>
10000b1a:	9300      	str	r3, [sp, #0]
10000b1c:	e8da 1fcf 	ldaexb	r1, [sl]
10000b20:	2301      	movs	r3, #1
10000b22:	2900      	cmp	r1, #0
10000b24:	d1fa      	bne.n	10000b1c <irq_add_shared_handler+0x18>
10000b26:	e8ca 3f41 	strexb	r1, r3, [sl]
10000b2a:	2900      	cmp	r1, #0
10000b2c:	d1f6      	bne.n	10000b1c <irq_add_shared_handler+0x18>
10000b2e:	f3bf 8f5f 	dmb	sy
10000b32:	4b66      	ldr	r3, [pc, #408]	@ (10000ccc <irq_add_shared_handler+0x1c8>)
10000b34:	f993 4000 	ldrsb.w	r4, [r3]
10000b38:	2c00      	cmp	r4, #0
10000b3a:	f2c0 80a0 	blt.w	10000c7e <irq_add_shared_handler+0x17a>
10000b3e:	4d64      	ldr	r5, [pc, #400]	@ (10000cd0 <irq_add_shared_handler+0x1cc>)
10000b40:	eb04 0744 	add.w	r7, r4, r4, lsl #1
10000b44:	eb05 0887 	add.w	r8, r5, r7, lsl #2
10000b48:	f898 1006 	ldrb.w	r1, [r8, #6]
10000b4c:	f109 0910 	add.w	r9, r9, #16
10000b50:	7019      	strb	r1, [r3, #0]
10000b52:	4b60      	ldr	r3, [pc, #384]	@ (10000cd4 <irq_add_shared_handler+0x1d0>)
10000b54:	00bf      	lsls	r7, r7, #2
10000b56:	689b      	ldr	r3, [r3, #8]
10000b58:	f853 0029 	ldr.w	r0, [r3, r9, lsl #2]
10000b5c:	0063      	lsls	r3, r4, #1
10000b5e:	1b41      	subs	r1, r0, r5
10000b60:	292f      	cmp	r1, #47	@ 0x2f
10000b62:	d92f      	bls.n	10000bc4 <irq_add_shared_handler+0xc0>
10000b64:	495c      	ldr	r1, [pc, #368]	@ (10000cd8 <irq_add_shared_handler+0x1d4>)
10000b66:	4288      	cmp	r0, r1
10000b68:	f040 80a4 	bne.w	10000cb4 <irq_add_shared_handler+0x1b0>
10000b6c:	441c      	add	r4, r3
10000b6e:	4b5b      	ldr	r3, [pc, #364]	@ (10000cdc <irq_add_shared_handler+0x1d8>)
10000b70:	3702      	adds	r7, #2
10000b72:	442f      	add	r7, r5
10000b74:	3b04      	subs	r3, #4
10000b76:	1bdb      	subs	r3, r3, r7
10000b78:	f3c3 034a 	ubfx	r3, r3, #1, #11
10000b7c:	ea6f 43c3 	mvn.w	r3, r3, lsl #19
10000b80:	f44f 4121 	mov.w	r1, #41216	@ 0xa100
10000b84:	ea6f 43d3 	mvn.w	r3, r3, lsr #19
10000b88:	f825 1024 	strh.w	r1, [r5, r4, lsl #2]
10000b8c:	eb05 0484 	add.w	r4, r5, r4, lsl #2
10000b90:	8063      	strh	r3, [r4, #2]
10000b92:	f64b 5301 	movw	r3, #48385	@ 0xbd01
10000b96:	80a3      	strh	r3, [r4, #4]
10000b98:	23ff      	movs	r3, #255	@ 0xff
10000b9a:	f048 0001 	orr.w	r0, r8, #1
10000b9e:	71e6      	strb	r6, [r4, #7]
10000ba0:	f8c4 b008 	str.w	fp, [r4, #8]
10000ba4:	71a3      	strb	r3, [r4, #6]
10000ba6:	4b4b      	ldr	r3, [pc, #300]	@ (10000cd4 <irq_add_shared_handler+0x1d0>)
10000ba8:	689b      	ldr	r3, [r3, #8]
10000baa:	f843 0029 	str.w	r0, [r3, r9, lsl #2]
10000bae:	f3bf 8f5f 	dmb	sy
10000bb2:	2300      	movs	r3, #0
10000bb4:	e8ca 3f8f 	stlb	r3, [sl]
10000bb8:	9b00      	ldr	r3, [sp, #0]
10000bba:	f383 8810 	msr	PRIMASK, r3
10000bbe:	b003      	add	sp, #12
10000bc0:	e8bd 8ff0 	ldmia.w	sp!, {r4, r5, r6, r7, r8, r9, sl, fp, pc}
10000bc4:	f020 0e01 	bic.w	lr, r0, #1
10000bc8:	f89e 1007 	ldrb.w	r1, [lr, #7]
10000bcc:	42b1      	cmp	r1, r6
10000bce:	d82e      	bhi.n	10000c2e <irq_add_shared_handler+0x12a>
10000bd0:	f44f 4321 	mov.w	r3, #41216	@ 0xa100
10000bd4:	53eb      	strh	r3, [r5, r7]
10000bd6:	4b41      	ldr	r3, [pc, #260]	@ (10000cdc <irq_add_shared_handler+0x1d8>)
10000bd8:	1cb9      	adds	r1, r7, #2
10000bda:	4429      	add	r1, r5
10000bdc:	3b04      	subs	r3, #4
10000bde:	3704      	adds	r7, #4
10000be0:	1a5b      	subs	r3, r3, r1
10000be2:	442f      	add	r7, r5
10000be4:	f1ae 0104 	sub.w	r1, lr, #4
10000be8:	1bc9      	subs	r1, r1, r7
10000bea:	f3c1 044a 	ubfx	r4, r1, #1, #11
10000bee:	493c      	ldr	r1, [pc, #240]	@ (10000ce0 <irq_add_shared_handler+0x1dc>)
10000bf0:	f3c3 034a 	ubfx	r3, r3, #1, #11
10000bf4:	430b      	orrs	r3, r1
10000bf6:	4321      	orrs	r1, r4
10000bf8:	f8a8 1004 	strh.w	r1, [r8, #4]
10000bfc:	4939      	ldr	r1, [pc, #228]	@ (10000ce4 <irq_add_shared_handler+0x1e0>)
10000bfe:	f8a8 3002 	strh.w	r3, [r8, #2]
10000c02:	f64a 20aa 	movw	r0, #43690	@ 0xaaaa
10000c06:	4673      	mov	r3, lr
10000c08:	1b5b      	subs	r3, r3, r5
10000c0a:	415b      	adcs	r3, r3
10000c0c:	4358      	muls	r0, r3
10000c0e:	0d00      	lsrs	r0, r0, #20
10000c10:	f888 6007 	strb.w	r6, [r8, #7]
10000c14:	f888 0006 	strb.w	r0, [r8, #6]
10000c18:	f8c8 b008 	str.w	fp, [r8, #8]
10000c1c:	f048 0001 	orr.w	r0, r8, #1
10000c20:	f8ce 1000 	str.w	r1, [lr]
10000c24:	e7bf      	b.n	10000ba6 <irq_add_shared_handler+0xa2>
10000c26:	79d1      	ldrb	r1, [r2, #7]
10000c28:	42b1      	cmp	r1, r6
10000c2a:	d92e      	bls.n	10000c8a <irq_add_shared_handler+0x186>
10000c2c:	4696      	mov	lr, r2
10000c2e:	f99e c006 	ldrsb.w	ip, [lr, #6]
10000c32:	eb0c 024c 	add.w	r2, ip, ip, lsl #1
10000c36:	f1bc 0f00 	cmp.w	ip, #0
10000c3a:	eb05 0282 	add.w	r2, r5, r2, lsl #2
10000c3e:	daf2      	bge.n	10000c26 <irq_add_shared_handler+0x122>
10000c40:	f64b 5101 	movw	r1, #48385	@ 0xbd01
10000c44:	f10e 0204 	add.w	r2, lr, #4
10000c48:	f1a8 0704 	sub.w	r7, r8, #4
10000c4c:	1abf      	subs	r7, r7, r2
10000c4e:	f3c7 074a 	ubfx	r7, r7, #1, #11
10000c52:	ea6f 47c7 	mvn.w	r7, r7, lsl #19
10000c56:	ea6f 47d7 	mvn.w	r7, r7, lsr #19
10000c5a:	f88e 4006 	strb.w	r4, [lr, #6]
10000c5e:	eb03 0804 	add.w	r8, r3, r4
10000c62:	4c20      	ldr	r4, [pc, #128]	@ (10000ce4 <irq_add_shared_handler+0x1e0>)
10000c64:	eb05 0388 	add.w	r3, r5, r8, lsl #2
10000c68:	f8ae 7004 	strh.w	r7, [lr, #4]
10000c6c:	f845 4028 	str.w	r4, [r5, r8, lsl #2]
10000c70:	8099      	strh	r1, [r3, #4]
10000c72:	f883 c006 	strb.w	ip, [r3, #6]
10000c76:	71de      	strb	r6, [r3, #7]
10000c78:	f8c3 b008 	str.w	fp, [r3, #8]
10000c7c:	e793      	b.n	10000ba6 <irq_add_shared_handler+0xa2>
10000c7e:	f001 f80b 	bl	10001c98 <hard_assertion_failure>
10000c82:	4b12      	ldr	r3, [pc, #72]	@ (10000ccc <irq_add_shared_handler+0x1c8>)
10000c84:	f993 4000 	ldrsb.w	r4, [r3]
10000c88:	e759      	b.n	10000b3e <irq_add_shared_handler+0x3a>
10000c8a:	4672      	mov	r2, lr
10000c8c:	f832 1f04 	ldrh.w	r1, [r2, #4]!
10000c90:	0549      	lsls	r1, r1, #21
10000c92:	d414      	bmi.n	10000cbe <irq_add_shared_handler+0x1ba>
10000c94:	1549      	asrs	r1, r1, #21
10000c96:	3102      	adds	r1, #2
10000c98:	eb02 0141 	add.w	r1, r2, r1, lsl #1
10000c9c:	9101      	str	r1, [sp, #4]
10000c9e:	f06f 0107 	mvn.w	r1, #7
10000ca2:	1bc9      	subs	r1, r1, r7
10000ca4:	9f01      	ldr	r7, [sp, #4]
10000ca6:	1b49      	subs	r1, r1, r5
10000ca8:	4439      	add	r1, r7
10000caa:	f3c1 014a 	ubfx	r1, r1, #1, #11
10000cae:	f441 4160 	orr.w	r1, r1, #57344	@ 0xe000
10000cb2:	e7c9      	b.n	10000c48 <irq_add_shared_handler+0x144>
10000cb4:	9301      	str	r3, [sp, #4]
10000cb6:	f000 ffef 	bl	10001c98 <hard_assertion_failure>
10000cba:	9b01      	ldr	r3, [sp, #4]
10000cbc:	e756      	b.n	10000b6c <irq_add_shared_handler+0x68>
10000cbe:	f501 11ff 	add.w	r1, r1, #2088960	@ 0x1fe000
10000cc2:	f501 51ff 	add.w	r1, r1, #8160	@ 0x1fe0
10000cc6:	311f      	adds	r1, #31
10000cc8:	e7e4      	b.n	10000c94 <irq_add_shared_handler+0x190>
10000cca:	bf00      	nop
10000ccc:	20002a74 	.word	0x20002a74
10000cd0:	200014fc 	.word	0x200014fc
10000cd4:	e000ed00 	.word	0xe000ed00
10000cd8:	1000011d 	.word	0x1000011d
10000cdc:	2000152c 	.word	0x2000152c
10000ce0:	ffffe000 	.word	0xffffe000
10000ce4:	47804801 	.word	0x47804801
10000ce8:	20001ffd 	.word	0x20001ffd

10000cec <irq_remove_handler>:
10000cec:	e92d 4ff0 	stmdb	sp!, {r4, r5, r6, r7, r8, r9, sl, fp, lr}
10000cf0:	b083      	sub	sp, #12
10000cf2:	f3ef 8a10 	mrs	sl, PRIMASK
10000cf6:	b672      	cpsid	i
10000cf8:	4e71      	ldr	r6, [pc, #452]	@ (10000ec0 <irq_remove_handler+0x1d4>)
10000cfa:	e8d6 2fcf 	ldaexb	r2, [r6]
10000cfe:	2301      	movs	r3, #1
10000d00:	2a00      	cmp	r2, #0
10000d02:	d1fa      	bne.n	10000cfa <irq_remove_handler+0xe>
10000d04:	e8c6 3f42 	strexb	r2, r3, [r6]
10000d08:	2a00      	cmp	r2, #0
10000d0a:	d1f6      	bne.n	10000cfa <irq_remove_handler+0xe>
10000d0c:	f3bf 8f5f 	dmb	sy
10000d10:	4b6c      	ldr	r3, [pc, #432]	@ (10000ec4 <irq_remove_handler+0x1d8>)
10000d12:	f100 0810 	add.w	r8, r0, #16
10000d16:	689b      	ldr	r3, [r3, #8]
10000d18:	4a6b      	ldr	r2, [pc, #428]	@ (10000ec8 <irq_remove_handler+0x1dc>)
10000d1a:	f853 5028 	ldr.w	r5, [r3, r8, lsl #2]
10000d1e:	4295      	cmp	r5, r2
10000d20:	d045      	beq.n	10000dae <irq_remove_handler+0xc2>
10000d22:	428d      	cmp	r5, r1
10000d24:	460c      	mov	r4, r1
10000d26:	d050      	beq.n	10000dca <irq_remove_handler+0xde>
10000d28:	4f68      	ldr	r7, [pc, #416]	@ (10000ecc <irq_remove_handler+0x1e0>)
10000d2a:	1beb      	subs	r3, r5, r7
10000d2c:	2b2f      	cmp	r3, #47	@ 0x2f
10000d2e:	d83e      	bhi.n	10000dae <irq_remove_handler+0xc2>
10000d30:	2101      	movs	r1, #1
10000d32:	ea4f 1950 	mov.w	r9, r0, lsr #5
10000d36:	ea4f 0989 	mov.w	r9, r9, lsl #2
10000d3a:	f109 4960 	add.w	r9, r9, #3758096384	@ 0xe0000000
10000d3e:	f509 4961 	add.w	r9, r9, #57600	@ 0xe100
10000d42:	f000 031f 	and.w	r3, r0, #31
10000d46:	fa01 f003 	lsl.w	r0, r1, r3
10000d4a:	f8d9 3000 	ldr.w	r3, [r9]
10000d4e:	f8c9 0080 	str.w	r0, [r9, #128]	@ 0x80
10000d52:	ea00 0b03 	and.w	fp, r0, r3
10000d56:	f3bf 8f5f 	dmb	sy
10000d5a:	f3ef 8105 	mrs	r1, IPSR
10000d5e:	b2c9      	uxtb	r1, r1
10000d60:	2900      	cmp	r1, #0
10000d62:	d034      	beq.n	10000dce <irq_remove_handler+0xe2>
10000d64:	4588      	cmp	r8, r1
10000d66:	d005      	beq.n	10000d74 <irq_remove_handler+0x88>
10000d68:	e9cd 1000 	strd	r1, r0, [sp]
10000d6c:	f000 ff94 	bl	10001c98 <hard_assertion_failure>
10000d70:	e9dd 1000 	ldrd	r1, r0, [sp]
10000d74:	f025 0e01 	bic.w	lr, r5, #1
10000d78:	f8de c008 	ldr.w	ip, [lr, #8]
10000d7c:	4564      	cmp	r4, ip
10000d7e:	d105      	bne.n	10000d8c <irq_remove_handler+0xa0>
10000d80:	e089      	b.n	10000e96 <irq_remove_handler+0x1aa>
10000d82:	f8d3 c008 	ldr.w	ip, [r3, #8]
10000d86:	4564      	cmp	r4, ip
10000d88:	d031      	beq.n	10000dee <irq_remove_handler+0x102>
10000d8a:	469e      	mov	lr, r3
10000d8c:	f99e 2006 	ldrsb.w	r2, [lr, #6]
10000d90:	eb02 0342 	add.w	r3, r2, r2, lsl #1
10000d94:	2a00      	cmp	r2, #0
10000d96:	eb07 0383 	add.w	r3, r7, r3, lsl #2
10000d9a:	daf2      	bge.n	10000d82 <irq_remove_handler+0x96>
10000d9c:	4564      	cmp	r4, ip
10000d9e:	d061      	beq.n	10000e64 <irq_remove_handler+0x178>
10000da0:	f1bb 0f00 	cmp.w	fp, #0
10000da4:	d020      	beq.n	10000de8 <irq_remove_handler+0xfc>
10000da6:	f8c9 0180 	str.w	r0, [r9, #384]	@ 0x180
10000daa:	f8c9 0000 	str.w	r0, [r9]
10000dae:	4b45      	ldr	r3, [pc, #276]	@ (10000ec4 <irq_remove_handler+0x1d8>)
10000db0:	689b      	ldr	r3, [r3, #8]
10000db2:	f843 5028 	str.w	r5, [r3, r8, lsl #2]
10000db6:	f3bf 8f5f 	dmb	sy
10000dba:	2300      	movs	r3, #0
10000dbc:	e8c6 3f8f 	stlb	r3, [r6]
10000dc0:	f38a 8810 	msr	PRIMASK, sl
10000dc4:	b003      	add	sp, #12
10000dc6:	e8bd 8ff0 	ldmia.w	sp!, {r4, r5, r6, r7, r8, r9, sl, fp, pc}
10000dca:	4615      	mov	r5, r2
10000dcc:	e7ef      	b.n	10000dae <irq_remove_handler+0xc2>
10000dce:	f025 0e01 	bic.w	lr, r5, #1
10000dd2:	f8de c008 	ldr.w	ip, [lr, #8]
10000dd6:	4564      	cmp	r4, ip
10000dd8:	d1d8      	bne.n	10000d8c <irq_remove_handler+0xa0>
10000dda:	f99e 4006 	ldrsb.w	r4, [lr, #6]
10000dde:	4673      	mov	r3, lr
10000de0:	2c00      	cmp	r4, #0
10000de2:	da08      	bge.n	10000df6 <irq_remove_handler+0x10a>
10000de4:	4615      	mov	r5, r2
10000de6:	e046      	b.n	10000e76 <irq_remove_handler+0x18a>
10000de8:	f8c9 0080 	str.w	r0, [r9, #128]	@ 0x80
10000dec:	e7df      	b.n	10000dae <irq_remove_handler+0xc2>
10000dee:	f993 4006 	ldrsb.w	r4, [r3, #6]
10000df2:	2c00      	cmp	r4, #0
10000df4:	db37      	blt.n	10000e66 <irq_remove_handler+0x17a>
10000df6:	eb04 0c44 	add.w	ip, r4, r4, lsl #1
10000dfa:	eb07 0c8c 	add.w	ip, r7, ip, lsl #2
10000dfe:	f89c 1007 	ldrb.w	r1, [ip, #7]
10000e02:	f8dc 2008 	ldr.w	r2, [ip, #8]
10000e06:	71d9      	strb	r1, [r3, #7]
10000e08:	609a      	str	r2, [r3, #8]
10000e0a:	f99c 2006 	ldrsb.w	r2, [ip, #6]
10000e0e:	0061      	lsls	r1, r4, #1
10000e10:	2a00      	cmp	r2, #0
10000e12:	719a      	strb	r2, [r3, #6]
10000e14:	db3d      	blt.n	10000e92 <irq_remove_handler+0x1a6>
10000e16:	f8bc e004 	ldrh.w	lr, [ip, #4]
10000e1a:	ea5f 5e4e 	movs.w	lr, lr, lsl #21
10000e1e:	d505      	bpl.n	10000e2c <irq_remove_handler+0x140>
10000e20:	f50e 1eff 	add.w	lr, lr, #2088960	@ 0x1fe000
10000e24:	f50e 5eff 	add.w	lr, lr, #8160	@ 0x1fe0
10000e28:	f10e 0e1f 	add.w	lr, lr, #31
10000e2c:	f06f 0c07 	mvn.w	ip, #7
10000e30:	190a      	adds	r2, r1, r4
10000e32:	ea4f 5e6e 	mov.w	lr, lr, asr #21
10000e36:	0092      	lsls	r2, r2, #2
10000e38:	eb02 024e 	add.w	r2, r2, lr, lsl #1
10000e3c:	3208      	adds	r2, #8
10000e3e:	443a      	add	r2, r7
10000e40:	ebac 0c03 	sub.w	ip, ip, r3
10000e44:	4462      	add	r2, ip
10000e46:	f3c2 024a 	ubfx	r2, r2, #1, #11
10000e4a:	ea6f 42c2 	mvn.w	r2, r2, lsl #19
10000e4e:	ea6f 42d2 	mvn.w	r2, r2, lsr #19
10000e52:	809a      	strh	r2, [r3, #4]
10000e54:	4b1e      	ldr	r3, [pc, #120]	@ (10000ed0 <irq_remove_handler+0x1e4>)
10000e56:	4421      	add	r1, r4
10000e58:	781a      	ldrb	r2, [r3, #0]
10000e5a:	eb07 0181 	add.w	r1, r7, r1, lsl #2
10000e5e:	701c      	strb	r4, [r3, #0]
10000e60:	718a      	strb	r2, [r1, #6]
10000e62:	e79d      	b.n	10000da0 <irq_remove_handler+0xb4>
10000e64:	4673      	mov	r3, lr
10000e66:	b9d9      	cbnz	r1, 10000ea0 <irq_remove_handler+0x1b4>
10000e68:	22ff      	movs	r2, #255	@ 0xff
10000e6a:	f88e 2006 	strb.w	r2, [lr, #6]
10000e6e:	f64b 5201 	movw	r2, #48385	@ 0xbd01
10000e72:	f8ae 2004 	strh.w	r2, [lr, #4]
10000e76:	4c16      	ldr	r4, [pc, #88]	@ (10000ed0 <irq_remove_handler+0x1e4>)
10000e78:	f64a 22aa 	movw	r2, #43690	@ 0xaaaa
10000e7c:	f894 c000 	ldrb.w	ip, [r4]
10000e80:	4619      	mov	r1, r3
10000e82:	1bc9      	subs	r1, r1, r7
10000e84:	4149      	adcs	r1, r1
10000e86:	434a      	muls	r2, r1
10000e88:	0d12      	lsrs	r2, r2, #20
10000e8a:	f883 c006 	strb.w	ip, [r3, #6]
10000e8e:	7022      	strb	r2, [r4, #0]
10000e90:	e786      	b.n	10000da0 <irq_remove_handler+0xb4>
10000e92:	4a10      	ldr	r2, [pc, #64]	@ (10000ed4 <irq_remove_handler+0x1e8>)
10000e94:	e7dd      	b.n	10000e52 <irq_remove_handler+0x166>
10000e96:	f99e 4006 	ldrsb.w	r4, [lr, #6]
10000e9a:	4673      	mov	r3, lr
10000e9c:	2c00      	cmp	r4, #0
10000e9e:	daaa      	bge.n	10000df6 <irq_remove_handler+0x10a>
10000ea0:	4a0d      	ldr	r2, [pc, #52]	@ (10000ed8 <irq_remove_handler+0x1ec>)
10000ea2:	4c0e      	ldr	r4, [pc, #56]	@ (10000edc <irq_remove_handler+0x1f0>)
10000ea4:	1ad2      	subs	r2, r2, r3
10000ea6:	3a08      	subs	r2, #8
10000ea8:	f3c2 310a 	ubfx	r1, r2, #12, #11
10000eac:	ea6f 5101 	mvn.w	r1, r1, lsl #20
10000eb0:	ea6f 5111 	mvn.w	r1, r1, lsr #20
10000eb4:	ea44 0252 	orr.w	r2, r4, r2, lsr #1
10000eb8:	80da      	strh	r2, [r3, #6]
10000eba:	8099      	strh	r1, [r3, #4]
10000ebc:	e770      	b.n	10000da0 <irq_remove_handler+0xb4>
10000ebe:	bf00      	nop
10000ec0:	20001ffd 	.word	0x20001ffd
10000ec4:	e000ed00 	.word	0xe000ed00
10000ec8:	1000011d 	.word	0x1000011d
10000ecc:	200014fc 	.word	0x200014fc
10000ed0:	20002a74 	.word	0x20002a74
10000ed4:	ffffbd01 	.word	0xffffbd01
10000ed8:	20001536 	.word	0x20001536
10000edc:	fffff800 	.word	0xfffff800

10000ee0 <irq_add_tail_to_free_list>:
10000ee0:	b5f0      	push	{r4, r5, r6, r7, lr}
10000ee2:	f3ef 8505 	mrs	r5, IPSR
10000ee6:	b2ed      	uxtb	r5, r5
10000ee8:	f3ef 8c10 	mrs	ip, PRIMASK
10000eec:	b672      	cpsid	i
10000eee:	4926      	ldr	r1, [pc, #152]	@ (10000f88 <irq_add_tail_to_free_list+0xa8>)
10000ef0:	e8d1 2fcf 	ldaexb	r2, [r1]
10000ef4:	2301      	movs	r3, #1
10000ef6:	2a00      	cmp	r2, #0
10000ef8:	d1fa      	bne.n	10000ef0 <irq_add_tail_to_free_list+0x10>
10000efa:	e8c1 3f42 	strexb	r2, r3, [r1]
10000efe:	2a00      	cmp	r2, #0
10000f00:	d1f6      	bne.n	10000ef0 <irq_add_tail_to_free_list+0x10>
10000f02:	f3bf 8f5f 	dmb	sy
10000f06:	4e21      	ldr	r6, [pc, #132]	@ (10000f8c <irq_add_tail_to_free_list+0xac>)
10000f08:	f040 0e01 	orr.w	lr, r0, #1
10000f0c:	68b4      	ldr	r4, [r6, #8]
10000f0e:	f64a 23aa 	movw	r3, #43690	@ 0xaaaa
10000f12:	f854 7025 	ldr.w	r7, [r4, r5, lsl #2]
10000f16:	4a1e      	ldr	r2, [pc, #120]	@ (10000f90 <irq_add_tail_to_free_list+0xb0>)
10000f18:	4604      	mov	r4, r0
10000f1a:	1aa4      	subs	r4, r4, r2
10000f1c:	4164      	adcs	r4, r4
10000f1e:	4363      	muls	r3, r4
10000f20:	0d1b      	lsrs	r3, r3, #20
10000f22:	4577      	cmp	r7, lr
10000f24:	b25b      	sxtb	r3, r3
10000f26:	d01b      	beq.n	10000f60 <irq_add_tail_to_free_list+0x80>
10000f28:	f992 4006 	ldrsb.w	r4, [r2, #6]
10000f2c:	429c      	cmp	r4, r3
10000f2e:	d01c      	beq.n	10000f6a <irq_add_tail_to_free_list+0x8a>
10000f30:	f992 4012 	ldrsb.w	r4, [r2, #18]
10000f34:	429c      	cmp	r4, r3
10000f36:	d023      	beq.n	10000f80 <irq_add_tail_to_free_list+0xa0>
10000f38:	f992 401e 	ldrsb.w	r4, [r2, #30]
10000f3c:	429c      	cmp	r4, r3
10000f3e:	d021      	beq.n	10000f84 <irq_add_tail_to_free_list+0xa4>
10000f40:	f992 402a 	ldrsb.w	r4, [r2, #42]	@ 0x2a
10000f44:	429c      	cmp	r4, r3
10000f46:	bf08      	it	eq
10000f48:	2403      	moveq	r4, #3
10000f4a:	d00f      	beq.n	10000f6c <irq_add_tail_to_free_list+0x8c>
10000f4c:	4a11      	ldr	r2, [pc, #68]	@ (10000f94 <irq_add_tail_to_free_list+0xb4>)
10000f4e:	2400      	movs	r4, #0
10000f50:	7815      	ldrb	r5, [r2, #0]
10000f52:	7013      	strb	r3, [r2, #0]
10000f54:	7185      	strb	r5, [r0, #6]
10000f56:	e8c1 4f8f 	stlb	r4, [r1]
10000f5a:	f38c 8810 	msr	PRIMASK, ip
10000f5e:	bdf0      	pop	{r4, r5, r6, r7, pc}
10000f60:	68b2      	ldr	r2, [r6, #8]
10000f62:	4c0d      	ldr	r4, [pc, #52]	@ (10000f98 <irq_add_tail_to_free_list+0xb8>)
10000f64:	f842 4025 	str.w	r4, [r2, r5, lsl #2]
10000f68:	e7f0      	b.n	10000f4c <irq_add_tail_to_free_list+0x6c>
10000f6a:	2400      	movs	r4, #0
10000f6c:	eb04 0444 	add.w	r4, r4, r4, lsl #1
10000f70:	eb02 0284 	add.w	r2, r2, r4, lsl #2
10000f74:	24ff      	movs	r4, #255	@ 0xff
10000f76:	7194      	strb	r4, [r2, #6]
10000f78:	f64b 5401 	movw	r4, #48385	@ 0xbd01
10000f7c:	8094      	strh	r4, [r2, #4]
10000f7e:	e7e5      	b.n	10000f4c <irq_add_tail_to_free_list+0x6c>
10000f80:	2401      	movs	r4, #1
10000f82:	e7f3      	b.n	10000f6c <irq_add_tail_to_free_list+0x8c>
10000f84:	2402      	movs	r4, #2
10000f86:	e7f1      	b.n	10000f6c <irq_add_tail_to_free_list+0x8c>
10000f88:	20001ffd 	.word	0x20001ffd
10000f8c:	e000ed00 	.word	0xe000ed00
10000f90:	200014fc 	.word	0x200014fc
10000f94:	20002a74 	.word	0x20002a74
10000f98:	1000011d 	.word	0x1000011d

10000f9c <user_irq_claim_unused>:
10000f9c:	b510      	push	{r4, lr}
10000f9e:	4c07      	ldr	r4, [pc, #28]	@ (10000fbc <user_irq_claim_unused+0x20>)
10000fa0:	b082      	sub	sp, #8
10000fa2:	4601      	mov	r1, r0
10000fa4:	2305      	movs	r3, #5
10000fa6:	2200      	movs	r2, #0
10000fa8:	9400      	str	r4, [sp, #0]
10000faa:	4805      	ldr	r0, [pc, #20]	@ (10000fc0 <user_irq_claim_unused+0x24>)
10000fac:	f7ff fca8 	bl	10000900 <hw_claim_unused_from_range>
10000fb0:	2800      	cmp	r0, #0
10000fb2:	bfa8      	it	ge
10000fb4:	f1c0 0033 	rsbge	r0, r0, #51	@ 0x33
10000fb8:	b002      	add	sp, #8
10000fba:	bd10      	pop	{r4, pc}
10000fbc:	100096b0 	.word	0x100096b0
10000fc0:	20002a79 	.word	0x20002a79

10000fc4 <lock_init>:
10000fc4:	4b01      	ldr	r3, [pc, #4]	@ (10000fcc <lock_init+0x8>)
10000fc6:	440b      	add	r3, r1
10000fc8:	6003      	str	r3, [r0, #0]
10000fca:	4770      	bx	lr
10000fcc:	20001ff4 	.word	0x20001ff4

10000fd0 <runtime_init_mutex>:
10000fd0:	b570      	push	{r4, r5, r6, lr}
10000fd2:	4c10      	ldr	r4, [pc, #64]	@ (10001014 <runtime_init_mutex+0x44>)
10000fd4:	4d10      	ldr	r5, [pc, #64]	@ (10001018 <runtime_init_mutex+0x48>)
10000fd6:	42ac      	cmp	r4, r5
10000fd8:	d20e      	bcs.n	10000ff8 <runtime_init_mutex+0x28>
10000fda:	26ff      	movs	r6, #255	@ 0xff
10000fdc:	6823      	ldr	r3, [r4, #0]
10000fde:	b163      	cbz	r3, 10000ffa <runtime_init_mutex+0x2a>
10000fe0:	f7ff fcce 	bl	10000980 <next_striped_spin_lock_num>
10000fe4:	4601      	mov	r1, r0
10000fe6:	4620      	mov	r0, r4
10000fe8:	f7ff ffec 	bl	10000fc4 <lock_init>
10000fec:	80a6      	strh	r6, [r4, #4]
10000fee:	f3bf 8f5f 	dmb	sy
10000ff2:	3408      	adds	r4, #8
10000ff4:	42ac      	cmp	r4, r5
10000ff6:	d3f1      	bcc.n	10000fdc <runtime_init_mutex+0xc>
10000ff8:	bd70      	pop	{r4, r5, r6, pc}
10000ffa:	f7ff fcc1 	bl	10000980 <next_striped_spin_lock_num>
10000ffe:	4601      	mov	r1, r0
10001000:	4620      	mov	r0, r4
10001002:	f7ff ffdf 	bl	10000fc4 <lock_init>
10001006:	7126      	strb	r6, [r4, #4]
10001008:	f3bf 8f5f 	dmb	sy
1000100c:	3408      	adds	r4, #8
1000100e:	42ac      	cmp	r4, r5
10001010:	d3e4      	bcc.n	10000fdc <runtime_init_mutex+0xc>
10001012:	bd70      	pop	{r4, r5, r6, pc}
10001014:	20001b00 	.word	0x20001b00
10001018:	20001b08 	.word	0x20001b08

1000101c <mutex_init>:
1000101c:	b510      	push	{r4, lr}
1000101e:	4604      	mov	r4, r0
10001020:	f7ff fcae 	bl	10000980 <next_striped_spin_lock_num>
10001024:	4601      	mov	r1, r0
10001026:	4620      	mov	r0, r4
10001028:	f7ff ffcc 	bl	10000fc4 <lock_init>
1000102c:	23ff      	movs	r3, #255	@ 0xff
1000102e:	7123      	strb	r3, [r4, #4]
10001030:	f3bf 8f5f 	dmb	sy
10001034:	bd10      	pop	{r4, pc}
10001036:	bf00      	nop

10001038 <critical_section_init>:
10001038:	b510      	push	{r4, lr}
1000103a:	4604      	mov	r4, r0
1000103c:	2001      	movs	r0, #1
1000103e:	f7ff fcab 	bl	10000998 <spin_lock_claim_unused>
10001042:	4b03      	ldr	r3, [pc, #12]	@ (10001050 <critical_section_init+0x18>)
10001044:	4403      	add	r3, r0
10001046:	6023      	str	r3, [r4, #0]
10001048:	f3bf 8f5f 	dmb	sy
1000104c:	bd10      	pop	{r4, pc}
1000104e:	bf00      	nop
10001050:	20001ff4 	.word	0x20001ff4

10001054 <critical_section_init_with_lock_num>:
10001054:	4b02      	ldr	r3, [pc, #8]	@ (10001060 <critical_section_init_with_lock_num+0xc>)
10001056:	440b      	add	r3, r1
10001058:	6003      	str	r3, [r0, #0]
1000105a:	f3bf 8f5f 	dmb	sy
1000105e:	4770      	bx	lr
10001060:	20001ff4 	.word	0x20001ff4

10001064 <sleep_until_callback>:
10001064:	4b0d      	ldr	r3, [pc, #52]	@ (1000109c <sleep_until_callback+0x38>)
10001066:	681a      	ldr	r2, [r3, #0]
10001068:	f3ef 8110 	mrs	r1, PRIMASK
1000106c:	b672      	cpsid	i
1000106e:	e8d2 cfcf 	ldaexb	ip, [r2]
10001072:	2001      	movs	r0, #1
10001074:	f1bc 0f00 	cmp.w	ip, #0
10001078:	d1f9      	bne.n	1000106e <sleep_until_callback+0xa>
1000107a:	e8c2 0f4c 	strexb	ip, r0, [r2]
1000107e:	f1bc 0f00 	cmp.w	ip, #0
10001082:	d1f4      	bne.n	1000106e <sleep_until_callback+0xa>
10001084:	f3bf 8f5f 	dmb	sy
10001088:	2200      	movs	r2, #0
1000108a:	681b      	ldr	r3, [r3, #0]
1000108c:	e8c3 2f8f 	stlb	r2, [r3]
10001090:	f381 8810 	msr	PRIMASK, r1
10001094:	bf40      	sev
10001096:	2000      	movs	r0, #0
10001098:	2100      	movs	r1, #0
1000109a:	4770      	bx	lr
1000109c:	20002980 	.word	0x20002980

100010a0 <alarm_pool_irq_handler>:
100010a0:	e92d 4ff0 	stmdb	sp!, {r4, r5, r6, r7, r8, r9, sl, fp, lr}
100010a4:	ed2d 8b02 	vpush	{d8}
100010a8:	b085      	sub	sp, #20
100010aa:	f3ef 8305 	mrs	r3, IPSR
100010ae:	b2db      	uxtb	r3, r3
100010b0:	3b10      	subs	r3, #16
100010b2:	089a      	lsrs	r2, r3, #2
100010b4:	bf18      	it	ne
100010b6:	2201      	movne	r2, #1
100010b8:	f04f 0101 	mov.w	r1, #1
100010bc:	f003 0b03 	and.w	fp, r3, #3
100010c0:	bf18      	it	ne
100010c2:	4daf      	ldrne	r5, [pc, #700]	@ (10001380 <alarm_pool_irq_handler+0x2e0>)
100010c4:	4baf      	ldr	r3, [pc, #700]	@ (10001384 <alarm_pool_irq_handler+0x2e4>)
100010c6:	bf08      	it	eq
100010c8:	4daf      	ldreq	r5, [pc, #700]	@ (10001388 <alarm_pool_irq_handler+0x2e8>)
100010ca:	eb0b 0282 	add.w	r2, fp, r2, lsl #2
100010ce:	f853 6022 	ldr.w	r6, [r3, r2, lsl #2]
100010d2:	fa01 f20b 	lsl.w	r2, r1, fp
100010d6:	f505 5341 	add.w	r3, r5, #12352	@ 0x3040
100010da:	ed9f 8ba7 	vldr	d8, [pc, #668]	@ 10001378 <alarm_pool_irq_handler+0x2d8>
100010de:	9201      	str	r2, [sp, #4]
100010e0:	605a      	str	r2, [r3, #4]
100010e2:	e02f      	b.n	10001144 <alarm_pool_irq_handler+0xa4>
100010e4:	88b3      	ldrh	r3, [r6, #4]
100010e6:	041c      	lsls	r4, r3, #16
100010e8:	f140 8093 	bpl.w	10001212 <alarm_pool_irq_handler+0x172>
100010ec:	79b3      	ldrb	r3, [r6, #6]
100010ee:	2b00      	cmp	r3, #0
100010f0:	f040 80dd 	bne.w	100012ae <alarm_pool_irq_handler+0x20e>
100010f4:	f9b6 2008 	ldrsh.w	r2, [r6, #8]
100010f8:	2a00      	cmp	r2, #0
100010fa:	f2c0 811e 	blt.w	1000133a <alarm_pool_irq_handler+0x29a>
100010fe:	6973      	ldr	r3, [r6, #20]
10001100:	eb02 0242 	add.w	r2, r2, r2, lsl #1
10001104:	eb03 03c2 	add.w	r3, r3, r2, lsl #3
10001108:	e9d3 4702 	ldrd	r4, r7, [r3, #8]
1000110c:	f1b7 3fff 	cmp.w	r7, #4294967295
10001110:	bf08      	it	eq
10001112:	f1b4 3fff 	cmpeq.w	r4, #4294967295
10001116:	d00e      	beq.n	10001136 <alarm_pool_irq_handler+0x96>
10001118:	eb05 018b 	add.w	r1, r5, fp, lsl #2
1000111c:	6aab      	ldr	r3, [r5, #40]	@ 0x28
1000111e:	690a      	ldr	r2, [r1, #16]
10001120:	1ad2      	subs	r2, r2, r3
10001122:	1ae3      	subs	r3, r4, r3
10001124:	4293      	cmp	r3, r2
10001126:	d305      	bcc.n	10001134 <alarm_pool_irq_handler+0x94>
10001128:	2301      	movs	r3, #1
1000112a:	6a2a      	ldr	r2, [r5, #32]
1000112c:	fa03 f30b 	lsl.w	r3, r3, fp
10001130:	4213      	tst	r3, r2
10001132:	d100      	bne.n	10001136 <alarm_pool_irq_handler+0x96>
10001134:	610c      	str	r4, [r1, #16]
10001136:	4628      	mov	r0, r5
10001138:	f000 fc18 	bl	1000196c <timer_time_us_64>
1000113c:	42a0      	cmp	r0, r4
1000113e:	41b9      	sbcs	r1, r7
10001140:	f2c0 80fb 	blt.w	1000133a <alarm_pool_irq_handler+0x29a>
10001144:	f9b6 3008 	ldrsh.w	r3, [r6, #8]
10001148:	9a01      	ldr	r2, [sp, #4]
1000114a:	2b00      	cmp	r3, #0
1000114c:	9300      	str	r3, [sp, #0]
1000114e:	63ea      	str	r2, [r5, #60]	@ 0x3c
10001150:	dbc8      	blt.n	100010e4 <alarm_pool_irq_handler+0x44>
10001152:	f8d6 8014 	ldr.w	r8, [r6, #20]
10001156:	eb03 0943 	add.w	r9, r3, r3, lsl #1
1000115a:	4628      	mov	r0, r5
1000115c:	eb08 07c9 	add.w	r7, r8, r9, lsl #3
10001160:	e9d7 4a02 	ldrd	r4, sl, [r7, #8]
10001164:	f000 fc02 	bl	1000196c <timer_time_us_64>
10001168:	42a0      	cmp	r0, r4
1000116a:	eb71 010a 	sbcs.w	r1, r1, sl
1000116e:	dbb9      	blt.n	100010e4 <alarm_pool_irq_handler+0x44>
10001170:	f1ba 0f00 	cmp.w	sl, #0
10001174:	f2c0 80c3 	blt.w	100012fe <alarm_pool_irq_handler+0x25e>
10001178:	e9d7 3104 	ldrd	r3, r1, [r7, #16]
1000117c:	4a83      	ldr	r2, [pc, #524]	@ (1000138c <alarm_pool_irq_handler+0x2ec>)
1000117e:	4293      	cmp	r3, r2
10001180:	f000 80ed 	beq.w	1000135e <alarm_pool_irq_handler+0x2be>
10001184:	887a      	ldrh	r2, [r7, #2]
10001186:	f9b6 0008 	ldrsh.w	r0, [r6, #8]
1000118a:	b292      	uxth	r2, r2
1000118c:	ea42 4000 	orr.w	r0, r2, r0, lsl #16
10001190:	4798      	blx	r3
10001192:	4602      	mov	r2, r0
10001194:	460b      	mov	r3, r1
10001196:	ea52 0103 	orrs.w	r1, r2, r3
1000119a:	f000 80b0 	beq.w	100012fe <alarm_pool_irq_handler+0x25e>
1000119e:	2b00      	cmp	r3, #0
100011a0:	f280 80d1 	bge.w	10001346 <alarm_pool_irq_handler+0x2a6>
100011a4:	ebb4 0e02 	subs.w	lr, r4, r2
100011a8:	eb6a 0a03 	sbc.w	sl, sl, r3
100011ac:	f938 3039 	ldrsh.w	r3, [r8, r9, lsl #3]
100011b0:	e9c7 ea02 	strd	lr, sl, [r7, #8]
100011b4:	2b00      	cmp	r3, #0
100011b6:	db95      	blt.n	100010e4 <alarm_pool_irq_handler+0x44>
100011b8:	6971      	ldr	r1, [r6, #20]
100011ba:	eb03 0243 	add.w	r2, r3, r3, lsl #1
100011be:	eb01 02c2 	add.w	r2, r1, r2, lsl #3
100011c2:	e9d2 7002 	ldrd	r7, r0, [r2, #8]
100011c6:	45be      	cmp	lr, r7
100011c8:	eb7a 0c00 	sbcs.w	ip, sl, r0
100011cc:	ea4f 0243 	mov.w	r2, r3, lsl #1
100011d0:	db88      	blt.n	100010e4 <alarm_pool_irq_handler+0x44>
100011d2:	46b4      	mov	ip, r6
100011d4:	f82c 3f08 	strh.w	r3, [ip, #8]!
100011d8:	e006      	b.n	100011e8 <alarm_pool_irq_handler+0x148>
100011da:	eb03 0043 	add.w	r0, r3, r3, lsl #1
100011de:	eb01 00c0 	add.w	r0, r1, r0, lsl #3
100011e2:	005a      	lsls	r2, r3, #1
100011e4:	e9d0 7002 	ldrd	r7, r0, [r0, #8]
100011e8:	45be      	cmp	lr, r7
100011ea:	441a      	add	r2, r3
100011ec:	eb7a 0000 	sbcs.w	r0, sl, r0
100011f0:	eb01 04c2 	add.w	r4, r1, r2, lsl #3
100011f4:	db04      	blt.n	10001200 <alarm_pool_irq_handler+0x160>
100011f6:	f931 3032 	ldrsh.w	r3, [r1, r2, lsl #3]
100011fa:	46a4      	mov	ip, r4
100011fc:	2b00      	cmp	r3, #0
100011fe:	daec      	bge.n	100011da <alarm_pool_irq_handler+0x13a>
10001200:	f828 3039 	strh.w	r3, [r8, r9, lsl #3]
10001204:	9b00      	ldr	r3, [sp, #0]
10001206:	f8ac 3000 	strh.w	r3, [ip]
1000120a:	88b3      	ldrh	r3, [r6, #4]
1000120c:	041c      	lsls	r4, r3, #16
1000120e:	f53f af6d 	bmi.w	100010ec <alarm_pool_irq_handler+0x4c>
10001212:	6933      	ldr	r3, [r6, #16]
10001214:	f3ef 8210 	mrs	r2, PRIMASK
10001218:	b672      	cpsid	i
1000121a:	e8d3 0fcf 	ldaexb	r0, [r3]
1000121e:	2101      	movs	r1, #1
10001220:	2800      	cmp	r0, #0
10001222:	d1fa      	bne.n	1000121a <alarm_pool_irq_handler+0x17a>
10001224:	e8c3 1f40 	strexb	r0, r1, [r3]
10001228:	2800      	cmp	r0, #0
1000122a:	d1f6      	bne.n	1000121a <alarm_pool_irq_handler+0x17a>
1000122c:	f3bf 8f5f 	dmb	sy
10001230:	f64f 74ff 	movw	r4, #65535	@ 0xffff
10001234:	88b0      	ldrh	r0, [r6, #4]
10001236:	2300      	movs	r3, #0
10001238:	6931      	ldr	r1, [r6, #16]
1000123a:	b200      	sxth	r0, r0
1000123c:	80b4      	strh	r4, [r6, #4]
1000123e:	e8c1 3f8f 	stlb	r3, [r1]
10001242:	f382 8810 	msr	PRIMASK, r2
10001246:	4298      	cmp	r0, r3
10001248:	f6ff af50 	blt.w	100010ec <alarm_pool_irq_handler+0x4c>
1000124c:	4607      	mov	r7, r0
1000124e:	46a9      	mov	r9, r5
10001250:	6974      	ldr	r4, [r6, #20]
10001252:	f106 0808 	add.w	r8, r6, #8
10001256:	eb07 0e47 	add.w	lr, r7, r7, lsl #1
1000125a:	eb04 03ce 	add.w	r3, r4, lr, lsl #3
1000125e:	e9d3 5002 	ldrd	r5, r0, [r3, #8]
10001262:	f9b6 3008 	ldrsh.w	r3, [r6, #8]
10001266:	46c4      	mov	ip, r8
10001268:	2b00      	cmp	r3, #0
1000126a:	db13      	blt.n	10001294 <alarm_pool_irq_handler+0x1f4>
1000126c:	46b2      	mov	sl, r6
1000126e:	9700      	str	r7, [sp, #0]
10001270:	e004      	b.n	1000127c <alarm_pool_irq_handler+0x1dc>
10001272:	f934 3036 	ldrsh.w	r3, [r4, r6, lsl #3]
10001276:	4694      	mov	ip, r2
10001278:	2b00      	cmp	r3, #0
1000127a:	db09      	blt.n	10001290 <alarm_pool_irq_handler+0x1f0>
1000127c:	eb03 0643 	add.w	r6, r3, r3, lsl #1
10001280:	eb04 02c6 	add.w	r2, r4, r6, lsl #3
10001284:	e9d2 7102 	ldrd	r7, r1, [r2, #8]
10001288:	42bd      	cmp	r5, r7
1000128a:	eb70 0101 	sbcs.w	r1, r0, r1
1000128e:	daf0      	bge.n	10001272 <alarm_pool_irq_handler+0x1d2>
10001290:	4656      	mov	r6, sl
10001292:	9f00      	ldr	r7, [sp, #0]
10001294:	f8ac 7000 	strh.w	r7, [ip]
10001298:	f934 703e 	ldrsh.w	r7, [r4, lr, lsl #3]
1000129c:	f824 303e 	strh.w	r3, [r4, lr, lsl #3]
100012a0:	2f00      	cmp	r7, #0
100012a2:	dad8      	bge.n	10001256 <alarm_pool_irq_handler+0x1b6>
100012a4:	79b3      	ldrb	r3, [r6, #6]
100012a6:	464d      	mov	r5, r9
100012a8:	2b00      	cmp	r3, #0
100012aa:	f43f af23 	beq.w	100010f4 <alarm_pool_irq_handler+0x54>
100012ae:	2300      	movs	r3, #0
100012b0:	71b3      	strb	r3, [r6, #6]
100012b2:	f9b6 3008 	ldrsh.w	r3, [r6, #8]
100012b6:	f106 0808 	add.w	r8, r6, #8
100012ba:	1c58      	adds	r0, r3, #1
100012bc:	d03d      	beq.n	1000133a <alarm_pool_irq_handler+0x29a>
100012be:	461a      	mov	r2, r3
100012c0:	6977      	ldr	r7, [r6, #20]
100012c2:	e003      	b.n	100012cc <alarm_pool_irq_handler+0x22c>
100012c4:	4680      	mov	r8, r0
100012c6:	1c59      	adds	r1, r3, #1
100012c8:	f43f af16 	beq.w	100010f8 <alarm_pool_irq_handler+0x58>
100012cc:	eb03 0143 	add.w	r1, r3, r3, lsl #1
100012d0:	eb07 00c1 	add.w	r0, r7, r1, lsl #3
100012d4:	f8b0 c002 	ldrh.w	ip, [r0, #2]
100012d8:	461c      	mov	r4, r3
100012da:	f41c 4f00 	tst.w	ip, #32768	@ 0x8000
100012de:	469e      	mov	lr, r3
100012e0:	f937 3031 	ldrsh.w	r3, [r7, r1, lsl #3]
100012e4:	d0ee      	beq.n	100012c4 <alarm_pool_irq_handler+0x224>
100012e6:	4294      	cmp	r4, r2
100012e8:	ed80 8b02 	vstr	d8, [r0, #8]
100012ec:	d005      	beq.n	100012fa <alarm_pool_irq_handler+0x25a>
100012ee:	f8a8 3000 	strh.w	r3, [r8]
100012f2:	8932      	ldrh	r2, [r6, #8]
100012f4:	f827 2031 	strh.w	r2, [r7, r1, lsl #3]
100012f8:	8134      	strh	r4, [r6, #8]
100012fa:	4672      	mov	r2, lr
100012fc:	e7e3      	b.n	100012c6 <alarm_pool_irq_handler+0x226>
100012fe:	f838 3039 	ldrh.w	r3, [r8, r9, lsl #3]
10001302:	8133      	strh	r3, [r6, #8]
10001304:	6933      	ldr	r3, [r6, #16]
10001306:	f3ef 8210 	mrs	r2, PRIMASK
1000130a:	b672      	cpsid	i
1000130c:	e8d3 0fcf 	ldaexb	r0, [r3]
10001310:	2101      	movs	r1, #1
10001312:	2800      	cmp	r0, #0
10001314:	d1fa      	bne.n	1000130c <alarm_pool_irq_handler+0x26c>
10001316:	e8c3 1f40 	strexb	r0, r1, [r3]
1000131a:	2800      	cmp	r0, #0
1000131c:	d1f6      	bne.n	1000130c <alarm_pool_irq_handler+0x26c>
1000131e:	f3bf 8f5f 	dmb	sy
10001322:	8873      	ldrh	r3, [r6, #2]
10001324:	6931      	ldr	r1, [r6, #16]
10001326:	f828 3039 	strh.w	r3, [r8, r9, lsl #3]
1000132a:	9b00      	ldr	r3, [sp, #0]
1000132c:	8073      	strh	r3, [r6, #2]
1000132e:	2300      	movs	r3, #0
10001330:	e8c1 3f8f 	stlb	r3, [r1]
10001334:	f382 8810 	msr	PRIMASK, r2
10001338:	e6d4      	b.n	100010e4 <alarm_pool_irq_handler+0x44>
1000133a:	bf40      	sev
1000133c:	b005      	add	sp, #20
1000133e:	ecbd 8b02 	vpop	{d8}
10001342:	e8bd 8ff0 	ldmia.w	sp!, {r4, r5, r6, r7, r8, r9, sl, fp, pc}
10001346:	4628      	mov	r0, r5
10001348:	e9cd 2302 	strd	r2, r3, [sp, #8]
1000134c:	f000 fb0e 	bl	1000196c <timer_time_us_64>
10001350:	9a02      	ldr	r2, [sp, #8]
10001352:	9b03      	ldr	r3, [sp, #12]
10001354:	eb10 0e02 	adds.w	lr, r0, r2
10001358:	eb43 0a01 	adc.w	sl, r3, r1
1000135c:	e726      	b.n	100011ac <alarm_pool_irq_handler+0x10c>
1000135e:	4608      	mov	r0, r1
10001360:	690b      	ldr	r3, [r1, #16]
10001362:	9102      	str	r1, [sp, #8]
10001364:	4798      	blx	r3
10001366:	2800      	cmp	r0, #0
10001368:	d0c9      	beq.n	100012fe <alarm_pool_irq_handler+0x25e>
1000136a:	9902      	ldr	r1, [sp, #8]
1000136c:	e9d1 2300 	ldrd	r2, r3, [r1]
10001370:	e711      	b.n	10001196 <alarm_pool_irq_handler+0xf6>
10001372:	bf00      	nop
10001374:	f3af 8000 	nop.w
10001378:	ffffffff 	.word	0xffffffff
1000137c:	ffffffff 	.word	0xffffffff
10001380:	400b8000 	.word	0x400b8000
10001384:	200028bc 	.word	0x200028bc
10001388:	400b0000 	.word	0x400b0000
1000138c:	100010a1 	.word	0x100010a1

10001390 <runtime_init_default_alarm_pool>:
10001390:	e92d 4ff8 	stmdb	sp!, {r3, r4, r5, r6, r7, r8, r9, sl, fp, lr}
10001394:	4c36      	ldr	r4, [pc, #216]	@ (10001470 <runtime_init_default_alarm_pool+0xe0>)
10001396:	6925      	ldr	r5, [r4, #16]
10001398:	b12d      	cbz	r5, 100013a6 <runtime_init_default_alarm_pool+0x16>
1000139a:	e8bd 4ff8 	ldmia.w	sp!, {r3, r4, r5, r6, r7, r8, r9, sl, fp, lr}
1000139e:	210a      	movs	r1, #10
100013a0:	4834      	ldr	r0, [pc, #208]	@ (10001474 <runtime_init_default_alarm_pool+0xe4>)
100013a2:	f7ff be0f 	b.w	10000fc4 <lock_init>
100013a6:	f8df 80e4 	ldr.w	r8, [pc, #228]	@ 1000148c <runtime_init_default_alarm_pool+0xfc>
100013aa:	2103      	movs	r1, #3
100013ac:	4640      	mov	r0, r8
100013ae:	f000 facb 	bl	10001948 <timer_hardware_alarm_claim>
100013b2:	2603      	movs	r6, #3
100013b4:	f8c4 800c 	str.w	r8, [r4, #12]
100013b8:	f7ff fae2 	bl	10000980 <next_striped_spin_lock_num>
100013bc:	f04f 4c50 	mov.w	ip, #3489660928	@ 0xd0000000
100013c0:	4b2d      	ldr	r3, [pc, #180]	@ (10001478 <runtime_init_default_alarm_pool+0xe8>)
100013c2:	7026      	strb	r6, [r4, #0]
100013c4:	4403      	add	r3, r0
100013c6:	6123      	str	r3, [r4, #16]
100013c8:	f8dc 3000 	ldr.w	r3, [ip]
100013cc:	210f      	movs	r1, #15
100013ce:	7063      	strb	r3, [r4, #1]
100013d0:	6963      	ldr	r3, [r4, #20]
100013d2:	8061      	strh	r1, [r4, #2]
100013d4:	831d      	strh	r5, [r3, #24]
100013d6:	f04f 0504 	mov.w	r5, #4
100013da:	f8a3 5078 	strh.w	r5, [r3, #120]	@ 0x78
100013de:	f04f 0505 	mov.w	r5, #5
100013e2:	f8a3 5090 	strh.w	r5, [r3, #144]	@ 0x90
100013e6:	f04f 0506 	mov.w	r5, #6
100013ea:	f8a3 50a8 	strh.w	r5, [r3, #168]	@ 0xa8
100013ee:	f04f 0507 	mov.w	r5, #7
100013f2:	210e      	movs	r1, #14
100013f4:	f64f 72ff 	movw	r2, #65535	@ 0xffff
100013f8:	2708      	movs	r7, #8
100013fa:	f04f 0e0a 	mov.w	lr, #10
100013fe:	f8a3 50c0 	strh.w	r5, [r3, #192]	@ 0xc0
10001402:	f04f 0901 	mov.w	r9, #1
10001406:	f04f 0c0c 	mov.w	ip, #12
1000140a:	f04f 0b02 	mov.w	fp, #2
1000140e:	f04f 0a09 	mov.w	sl, #9
10001412:	200d      	movs	r0, #13
10001414:	f04f 050b 	mov.w	r5, #11
10001418:	f8a3 1168 	strh.w	r1, [r3, #360]	@ 0x168
1000141c:	4917      	ldr	r1, [pc, #92]	@ (1000147c <runtime_init_default_alarm_pool+0xec>)
1000141e:	80a2      	strh	r2, [r4, #4]
10001420:	f8a3 e108 	strh.w	lr, [r3, #264]	@ 0x108
10001424:	60a1      	str	r1, [r4, #8]
10001426:	f8a3 b048 	strh.w	fp, [r3, #72]	@ 0x48
1000142a:	f8a3 a0f0 	strh.w	sl, [r3, #240]	@ 0xf0
1000142e:	f8a3 5120 	strh.w	r5, [r3, #288]	@ 0x120
10001432:	f8a3 c138 	strh.w	ip, [r3, #312]	@ 0x138
10001436:	f8a3 0150 	strh.w	r0, [r3, #336]	@ 0x150
1000143a:	f8a3 9030 	strh.w	r9, [r3, #48]	@ 0x30
1000143e:	f8a3 6060 	strh.w	r6, [r3, #96]	@ 0x60
10001442:	f8a3 70d8 	strh.w	r7, [r3, #216]	@ 0xd8
10001446:	801a      	strh	r2, [r3, #0]
10001448:	4b0d      	ldr	r3, [pc, #52]	@ (10001480 <runtime_init_default_alarm_pool+0xf0>)
1000144a:	4630      	mov	r0, r6
1000144c:	f8c8 7020 	str.w	r7, [r8, #32]
10001450:	490c      	ldr	r1, [pc, #48]	@ (10001484 <runtime_init_default_alarm_pool+0xf4>)
10001452:	60dc      	str	r4, [r3, #12]
10001454:	f7ff fb26 	bl	10000aa4 <irq_set_exclusive_handler>
10001458:	4649      	mov	r1, r9
1000145a:	4630      	mov	r0, r6
1000145c:	f7ff fae0 	bl	10000a20 <irq_set_enabled>
10001460:	4b09      	ldr	r3, [pc, #36]	@ (10001488 <runtime_init_default_alarm_pool+0xf8>)
10001462:	210a      	movs	r1, #10
10001464:	641f      	str	r7, [r3, #64]	@ 0x40
10001466:	4803      	ldr	r0, [pc, #12]	@ (10001474 <runtime_init_default_alarm_pool+0xe4>)
10001468:	e8bd 4ff8 	ldmia.w	sp!, {r3, r4, r5, r6, r7, r8, r9, sl, fp, lr}
1000146c:	f7ff bdaa 	b.w	10000fc4 <lock_init>
10001470:	20001544 	.word	0x20001544
10001474:	20002980 	.word	0x20002980
10001478:	20001ff4 	.word	0x20001ff4
1000147c:	0010ffff 	.word	0x0010ffff
10001480:	200028bc 	.word	0x200028bc
10001484:	100010a1 	.word	0x100010a1
10001488:	400b2000 	.word	0x400b2000
1000148c:	400b0000 	.word	0x400b0000

10001490 <alarm_pool_get_default>:
10001490:	4800      	ldr	r0, [pc, #0]	@ (10001494 <alarm_pool_get_default+0x4>)
10001492:	4770      	bx	lr
10001494:	20001544 	.word	0x20001544

10001498 <alarm_pool_add_alarm_at>:
10001498:	b5f8      	push	{r3, r4, r5, r6, r7, lr}
1000149a:	f89d 5020 	ldrb.w	r5, [sp, #32]
1000149e:	4604      	mov	r4, r0
100014a0:	4617      	mov	r7, r2
100014a2:	461e      	mov	r6, r3
100014a4:	b935      	cbnz	r5, 100014b4 <alarm_pool_add_alarm_at+0x1c>
100014a6:	f000 fa69 	bl	1000197c <time_us_64>
100014aa:	4287      	cmp	r7, r0
100014ac:	eb66 0101 	sbc.w	r1, r6, r1
100014b0:	2900      	cmp	r1, #0
100014b2:	db5c      	blt.n	1000156e <alarm_pool_add_alarm_at+0xd6>
100014b4:	6921      	ldr	r1, [r4, #16]
100014b6:	f3ef 8310 	mrs	r3, PRIMASK
100014ba:	b672      	cpsid	i
100014bc:	e8d1 0fcf 	ldaexb	r0, [r1]
100014c0:	2201      	movs	r2, #1
100014c2:	2800      	cmp	r0, #0
100014c4:	d1fa      	bne.n	100014bc <alarm_pool_add_alarm_at+0x24>
100014c6:	e8c1 2f40 	strexb	r0, r2, [r1]
100014ca:	2800      	cmp	r0, #0
100014cc:	d1f6      	bne.n	100014bc <alarm_pool_add_alarm_at+0x24>
100014ce:	f3bf 8f5f 	dmb	sy
100014d2:	f9b4 2002 	ldrsh.w	r2, [r4, #2]
100014d6:	6965      	ldr	r5, [r4, #20]
100014d8:	eb02 0142 	add.w	r1, r2, r2, lsl #1
100014dc:	2a00      	cmp	r2, #0
100014de:	ea4f 0cc1 	mov.w	ip, r1, lsl #3
100014e2:	6920      	ldr	r0, [r4, #16]
100014e4:	eb05 01c1 	add.w	r1, r5, r1, lsl #3
100014e8:	db39      	blt.n	1000155e <alarm_pool_add_alarm_at+0xc6>
100014ea:	f835 e00c 	ldrh.w	lr, [r5, ip]
100014ee:	f8a4 e002 	strh.w	lr, [r4, #2]
100014f2:	f04f 0e00 	mov.w	lr, #0
100014f6:	e8c0 ef8f 	stlb	lr, [r0]
100014fa:	f383 8810 	msr	PRIMASK, r3
100014fe:	8848      	ldrh	r0, [r1, #2]
10001500:	9b06      	ldr	r3, [sp, #24]
10001502:	3001      	adds	r0, #1
10001504:	f3c0 000e 	ubfx	r0, r0, #0, #15
10001508:	2801      	cmp	r0, #1
1000150a:	bf38      	it	cc
1000150c:	2001      	movcc	r0, #1
1000150e:	610b      	str	r3, [r1, #16]
10001510:	9b07      	ldr	r3, [sp, #28]
10001512:	8048      	strh	r0, [r1, #2]
10001514:	614b      	str	r3, [r1, #20]
10001516:	e9c1 7602 	strd	r7, r6, [r1, #8]
1000151a:	ea40 4002 	orr.w	r0, r0, r2, lsl #16
1000151e:	6923      	ldr	r3, [r4, #16]
10001520:	f3ef 8110 	mrs	r1, PRIMASK
10001524:	b672      	cpsid	i
10001526:	e8d3 7fcf 	ldaexb	r7, [r3]
1000152a:	2601      	movs	r6, #1
1000152c:	2f00      	cmp	r7, #0
1000152e:	d1fa      	bne.n	10001526 <alarm_pool_add_alarm_at+0x8e>
10001530:	e8c3 6f47 	strexb	r7, r6, [r3]
10001534:	2f00      	cmp	r7, #0
10001536:	d1f6      	bne.n	10001526 <alarm_pool_add_alarm_at+0x8e>
10001538:	f3bf 8f5f 	dmb	sy
1000153c:	88a3      	ldrh	r3, [r4, #4]
1000153e:	f825 300c 	strh.w	r3, [r5, ip]
10001542:	80a2      	strh	r2, [r4, #4]
10001544:	6923      	ldr	r3, [r4, #16]
10001546:	e8c3 ef8f 	stlb	lr, [r3]
1000154a:	f381 8810 	msr	PRIMASK, r1
1000154e:	2201      	movs	r2, #1
10001550:	68e3      	ldr	r3, [r4, #12]
10001552:	7821      	ldrb	r1, [r4, #0]
10001554:	f503 5301 	add.w	r3, r3, #8256	@ 0x2040
10001558:	408a      	lsls	r2, r1
1000155a:	605a      	str	r2, [r3, #4]
1000155c:	bdf8      	pop	{r3, r4, r5, r6, r7, pc}
1000155e:	2200      	movs	r2, #0
10001560:	e8c0 2f8f 	stlb	r2, [r0]
10001564:	f383 8810 	msr	PRIMASK, r3
10001568:	f04f 30ff 	mov.w	r0, #4294967295
1000156c:	bdf8      	pop	{r3, r4, r5, r6, r7, pc}
1000156e:	4628      	mov	r0, r5
10001570:	bdf8      	pop	{r3, r4, r5, r6, r7, pc}
10001572:	bf00      	nop

10001574 <alarm_pool_add_alarm_at_force_in_context>:
10001574:	4601      	mov	r1, r0
10001576:	b5f0      	push	{r4, r5, r6, r7, lr}
10001578:	6900      	ldr	r0, [r0, #16]
1000157a:	f3ef 8710 	mrs	r7, PRIMASK
1000157e:	b672      	cpsid	i
10001580:	e8d0 5fcf 	ldaexb	r5, [r0]
10001584:	2401      	movs	r4, #1
10001586:	2d00      	cmp	r5, #0
10001588:	d1fa      	bne.n	10001580 <alarm_pool_add_alarm_at_force_in_context+0xc>
1000158a:	e8c0 4f45 	strexb	r5, r4, [r0]
1000158e:	2d00      	cmp	r5, #0
10001590:	d1f6      	bne.n	10001580 <alarm_pool_add_alarm_at_force_in_context+0xc>
10001592:	f3bf 8f5f 	dmb	sy
10001596:	f9b1 e002 	ldrsh.w	lr, [r1, #2]
1000159a:	694c      	ldr	r4, [r1, #20]
1000159c:	eb0e 0c4e 	add.w	ip, lr, lr, lsl #1
100015a0:	f1be 0f00 	cmp.w	lr, #0
100015a4:	ea4f 05cc 	mov.w	r5, ip, lsl #3
100015a8:	6908      	ldr	r0, [r1, #16]
100015aa:	eb04 0ccc 	add.w	ip, r4, ip, lsl #3
100015ae:	db3c      	blt.n	1000162a <alarm_pool_add_alarm_at_force_in_context+0xb6>
100015b0:	5b66      	ldrh	r6, [r4, r5]
100015b2:	804e      	strh	r6, [r1, #2]
100015b4:	2600      	movs	r6, #0
100015b6:	e8c0 6f8f 	stlb	r6, [r0]
100015ba:	f387 8810 	msr	PRIMASK, r7
100015be:	f8bc 0002 	ldrh.w	r0, [ip, #2]
100015c2:	e9cc 2302 	strd	r2, r3, [ip, #8]
100015c6:	3001      	adds	r0, #1
100015c8:	f3c0 000e 	ubfx	r0, r0, #0, #15
100015cc:	2801      	cmp	r0, #1
100015ce:	bf38      	it	cc
100015d0:	2001      	movcc	r0, #1
100015d2:	9b05      	ldr	r3, [sp, #20]
100015d4:	f8ac 0002 	strh.w	r0, [ip, #2]
100015d8:	f8cc 3010 	str.w	r3, [ip, #16]
100015dc:	9b06      	ldr	r3, [sp, #24]
100015de:	ea40 400e 	orr.w	r0, r0, lr, lsl #16
100015e2:	f8cc 3014 	str.w	r3, [ip, #20]
100015e6:	690b      	ldr	r3, [r1, #16]
100015e8:	f3ef 8210 	mrs	r2, PRIMASK
100015ec:	b672      	cpsid	i
100015ee:	e8d3 cfcf 	ldaexb	ip, [r3]
100015f2:	2701      	movs	r7, #1
100015f4:	f1bc 0f00 	cmp.w	ip, #0
100015f8:	d1f9      	bne.n	100015ee <alarm_pool_add_alarm_at_force_in_context+0x7a>
100015fa:	e8c3 7f4c 	strexb	ip, r7, [r3]
100015fe:	f1bc 0f00 	cmp.w	ip, #0
10001602:	d1f4      	bne.n	100015ee <alarm_pool_add_alarm_at_force_in_context+0x7a>
10001604:	f3bf 8f5f 	dmb	sy
10001608:	888b      	ldrh	r3, [r1, #4]
1000160a:	5363      	strh	r3, [r4, r5]
1000160c:	f8a1 e004 	strh.w	lr, [r1, #4]
10001610:	690b      	ldr	r3, [r1, #16]
10001612:	e8c3 6f8f 	stlb	r6, [r3]
10001616:	f382 8810 	msr	PRIMASK, r2
1000161a:	2201      	movs	r2, #1
1000161c:	68cb      	ldr	r3, [r1, #12]
1000161e:	7809      	ldrb	r1, [r1, #0]
10001620:	f503 5301 	add.w	r3, r3, #8256	@ 0x2040
10001624:	408a      	lsls	r2, r1
10001626:	605a      	str	r2, [r3, #4]
10001628:	bdf0      	pop	{r4, r5, r6, r7, pc}
1000162a:	2300      	movs	r3, #0
1000162c:	e8c0 3f8f 	stlb	r3, [r0]
10001630:	f387 8810 	msr	PRIMASK, r7
10001634:	f04f 30ff 	mov.w	r0, #4294967295
10001638:	bdf0      	pop	{r4, r5, r6, r7, pc}
1000163a:	bf00      	nop

1000163c <alarm_pool_cancel_alarm>:
1000163c:	4603      	mov	r3, r0
1000163e:	8940      	ldrh	r0, [r0, #10]
10001640:	ebb0 4f21 	cmp.w	r0, r1, asr #16
10001644:	dd37      	ble.n	100016b6 <alarm_pool_cancel_alarm+0x7a>
10001646:	6958      	ldr	r0, [r3, #20]
10001648:	140a      	asrs	r2, r1, #16
1000164a:	eb02 0242 	add.w	r2, r2, r2, lsl #1
1000164e:	b510      	push	{r4, lr}
10001650:	eb00 00c2 	add.w	r0, r0, r2, lsl #3
10001654:	691c      	ldr	r4, [r3, #16]
10001656:	f3ef 8c10 	mrs	ip, PRIMASK
1000165a:	b672      	cpsid	i
1000165c:	e8d4 efcf 	ldaexb	lr, [r4]
10001660:	2201      	movs	r2, #1
10001662:	f1be 0f00 	cmp.w	lr, #0
10001666:	d1f9      	bne.n	1000165c <alarm_pool_cancel_alarm+0x20>
10001668:	e8c4 2f4e 	strexb	lr, r2, [r4]
1000166c:	f1be 0f00 	cmp.w	lr, #0
10001670:	d1f4      	bne.n	1000165c <alarm_pool_cancel_alarm+0x20>
10001672:	f3bf 8f5f 	dmb	sy
10001676:	8842      	ldrh	r2, [r0, #2]
10001678:	b289      	uxth	r1, r1
1000167a:	b292      	uxth	r2, r2
1000167c:	428a      	cmp	r2, r1
1000167e:	d007      	beq.n	10001690 <alarm_pool_cancel_alarm+0x54>
10001680:	2200      	movs	r2, #0
10001682:	691b      	ldr	r3, [r3, #16]
10001684:	e8c3 2f8f 	stlb	r2, [r3]
10001688:	f38c 8810 	msr	PRIMASK, ip
1000168c:	2000      	movs	r0, #0
1000168e:	bd10      	pop	{r4, pc}
10001690:	f442 4200 	orr.w	r2, r2, #32768	@ 0x8000
10001694:	8042      	strh	r2, [r0, #2]
10001696:	2101      	movs	r1, #1
10001698:	2200      	movs	r2, #0
1000169a:	6918      	ldr	r0, [r3, #16]
1000169c:	7199      	strb	r1, [r3, #6]
1000169e:	e8c0 2f8f 	stlb	r2, [r0]
100016a2:	f38c 8810 	msr	PRIMASK, ip
100016a6:	781c      	ldrb	r4, [r3, #0]
100016a8:	68da      	ldr	r2, [r3, #12]
100016aa:	4608      	mov	r0, r1
100016ac:	f502 5301 	add.w	r3, r2, #8256	@ 0x2040
100016b0:	40a1      	lsls	r1, r4
100016b2:	6059      	str	r1, [r3, #4]
100016b4:	bd10      	pop	{r4, pc}
100016b6:	2000      	movs	r0, #0
100016b8:	4770      	bx	lr
100016ba:	bf00      	nop

100016bc <alarm_pool_core_num>:
100016bc:	7840      	ldrb	r0, [r0, #1]
100016be:	4770      	bx	lr

100016c0 <sleep_us>:
100016c0:	e92d 41f0 	stmdb	sp!, {r4, r5, r6, r7, r8, lr}
100016c4:	b082      	sub	sp, #8
100016c6:	4604      	mov	r4, r0
100016c8:	460e      	mov	r6, r1
100016ca:	f000 f957 	bl	1000197c <time_us_64>
100016ce:	f04f 32ff 	mov.w	r2, #4294967295
100016d2:	f06f 4300 	mvn.w	r3, #2147483648	@ 0x80000000
100016d6:	1824      	adds	r4, r4, r0
100016d8:	eb46 0601 	adc.w	r6, r6, r1
100016dc:	42a2      	cmp	r2, r4
100016de:	eb73 0106 	sbcs.w	r1, r3, r6
100016e2:	bf3c      	itt	cc
100016e4:	4614      	movcc	r4, r2
100016e6:	461e      	movcc	r6, r3
100016e8:	1fa5      	subs	r5, r4, #6
100016ea:	f146 37ff 	adc.w	r7, r6, #4294967295
100016ee:	42ac      	cmp	r4, r5
100016f0:	eb76 0307 	sbcs.w	r3, r6, r7
100016f4:	bf3c      	itt	cc
100016f6:	2500      	movcc	r5, #0
100016f8:	462f      	movcc	r7, r5
100016fa:	f000 f93f 	bl	1000197c <time_us_64>
100016fe:	1a28      	subs	r0, r5, r0
10001700:	eb67 0c01 	sbc.w	ip, r7, r1
10001704:	2801      	cmp	r0, #1
10001706:	f17c 0c00 	sbcs.w	ip, ip, #0
1000170a:	da06      	bge.n	1000171a <sleep_us+0x5a>
1000170c:	4620      	mov	r0, r4
1000170e:	4631      	mov	r1, r6
10001710:	b002      	add	sp, #8
10001712:	e8bd 41f0 	ldmia.w	sp!, {r4, r5, r6, r7, r8, lr}
10001716:	f000 b93b 	b.w	10001990 <busy_wait_until>
1000171a:	f000 f92f 	bl	1000197c <time_us_64>
1000171e:	4285      	cmp	r5, r0
10001720:	eb67 0101 	sbc.w	r1, r7, r1
10001724:	2900      	cmp	r1, #0
10001726:	db0a      	blt.n	1000173e <sleep_us+0x7e>
10001728:	2100      	movs	r1, #0
1000172a:	4b17      	ldr	r3, [pc, #92]	@ (10001788 <sleep_us+0xc8>)
1000172c:	462a      	mov	r2, r5
1000172e:	9300      	str	r3, [sp, #0]
10001730:	4816      	ldr	r0, [pc, #88]	@ (1000178c <sleep_us+0xcc>)
10001732:	463b      	mov	r3, r7
10001734:	9101      	str	r1, [sp, #4]
10001736:	f7ff ff1d 	bl	10001574 <alarm_pool_add_alarm_at_force_in_context>
1000173a:	3001      	adds	r0, #1
1000173c:	d0e6      	beq.n	1000170c <sleep_us+0x4c>
1000173e:	f04f 0c00 	mov.w	ip, #0
10001742:	4a13      	ldr	r2, [pc, #76]	@ (10001790 <sleep_us+0xd0>)
10001744:	4913      	ldr	r1, [pc, #76]	@ (10001794 <sleep_us+0xd4>)
10001746:	6a53      	ldr	r3, [r2, #36]	@ 0x24
10001748:	429f      	cmp	r7, r3
1000174a:	d804      	bhi.n	10001756 <sleep_us+0x96>
1000174c:	6a90      	ldr	r0, [r2, #40]	@ 0x28
1000174e:	42a8      	cmp	r0, r5
10001750:	d2dc      	bcs.n	1000170c <sleep_us+0x4c>
10001752:	429f      	cmp	r7, r3
10001754:	d1da      	bne.n	1000170c <sleep_us+0x4c>
10001756:	680b      	ldr	r3, [r1, #0]
10001758:	f3ef 8010 	mrs	r0, PRIMASK
1000175c:	b672      	cpsid	i
1000175e:	e8d3 8fcf 	ldaexb	r8, [r3]
10001762:	f05f 0e01 	movs.w	lr, #1
10001766:	f1b8 0f00 	cmp.w	r8, #0
1000176a:	d1f8      	bne.n	1000175e <sleep_us+0x9e>
1000176c:	e8c3 ef48 	strexb	r8, lr, [r3]
10001770:	f1b8 0f00 	cmp.w	r8, #0
10001774:	d1f3      	bne.n	1000175e <sleep_us+0x9e>
10001776:	f3bf 8f5f 	dmb	sy
1000177a:	680b      	ldr	r3, [r1, #0]
1000177c:	e8c3 cf8f 	stlb	ip, [r3]
10001780:	f380 8810 	msr	PRIMASK, r0
10001784:	bf20      	wfe
10001786:	e7de      	b.n	10001746 <sleep_us+0x86>
10001788:	10001065 	.word	0x10001065
1000178c:	20001544 	.word	0x20001544
10001790:	400b0000 	.word	0x400b0000
10001794:	20002980 	.word	0x20002980

10001798 <sleep_ms>:
10001798:	e92d 41f0 	stmdb	sp!, {r4, r5, r6, r7, r8, lr}
1000179c:	b082      	sub	sp, #8
1000179e:	4606      	mov	r6, r0
100017a0:	f000 f8ec 	bl	1000197c <time_us_64>
100017a4:	f44f 737a 	mov.w	r3, #1000	@ 0x3e8
100017a8:	4604      	mov	r4, r0
100017aa:	f04f 30ff 	mov.w	r0, #4294967295
100017ae:	f06f 4200 	mvn.w	r2, #2147483648	@ 0x80000000
100017b2:	fbe6 4103 	umlal	r4, r1, r6, r3
100017b6:	42a0      	cmp	r0, r4
100017b8:	eb72 0301 	sbcs.w	r3, r2, r1
100017bc:	bf3a      	itte	cc
100017be:	4604      	movcc	r4, r0
100017c0:	4615      	movcc	r5, r2
100017c2:	460d      	movcs	r5, r1
100017c4:	1fa6      	subs	r6, r4, #6
100017c6:	f145 37ff 	adc.w	r7, r5, #4294967295
100017ca:	42b4      	cmp	r4, r6
100017cc:	eb75 0307 	sbcs.w	r3, r5, r7
100017d0:	bf3c      	itt	cc
100017d2:	2600      	movcc	r6, #0
100017d4:	4637      	movcc	r7, r6
100017d6:	f000 f8d1 	bl	1000197c <time_us_64>
100017da:	1a30      	subs	r0, r6, r0
100017dc:	eb67 0101 	sbc.w	r1, r7, r1
100017e0:	2801      	cmp	r0, #1
100017e2:	f171 0100 	sbcs.w	r1, r1, #0
100017e6:	da06      	bge.n	100017f6 <sleep_ms+0x5e>
100017e8:	4620      	mov	r0, r4
100017ea:	4629      	mov	r1, r5
100017ec:	b002      	add	sp, #8
100017ee:	e8bd 41f0 	ldmia.w	sp!, {r4, r5, r6, r7, r8, lr}
100017f2:	f000 b8cd 	b.w	10001990 <busy_wait_until>
100017f6:	f000 f8c1 	bl	1000197c <time_us_64>
100017fa:	4286      	cmp	r6, r0
100017fc:	eb67 0101 	sbc.w	r1, r7, r1
10001800:	2900      	cmp	r1, #0
10001802:	db0a      	blt.n	1000181a <sleep_ms+0x82>
10001804:	2100      	movs	r1, #0
10001806:	4b17      	ldr	r3, [pc, #92]	@ (10001864 <sleep_ms+0xcc>)
10001808:	4632      	mov	r2, r6
1000180a:	9300      	str	r3, [sp, #0]
1000180c:	4816      	ldr	r0, [pc, #88]	@ (10001868 <sleep_ms+0xd0>)
1000180e:	463b      	mov	r3, r7
10001810:	9101      	str	r1, [sp, #4]
10001812:	f7ff feaf 	bl	10001574 <alarm_pool_add_alarm_at_force_in_context>
10001816:	3001      	adds	r0, #1
10001818:	d0e6      	beq.n	100017e8 <sleep_ms+0x50>
1000181a:	f04f 0c00 	mov.w	ip, #0
1000181e:	4a13      	ldr	r2, [pc, #76]	@ (1000186c <sleep_ms+0xd4>)
10001820:	4913      	ldr	r1, [pc, #76]	@ (10001870 <sleep_ms+0xd8>)
10001822:	6a53      	ldr	r3, [r2, #36]	@ 0x24
10001824:	429f      	cmp	r7, r3
10001826:	d804      	bhi.n	10001832 <sleep_ms+0x9a>
10001828:	6a90      	ldr	r0, [r2, #40]	@ 0x28
1000182a:	42b0      	cmp	r0, r6
1000182c:	d2dc      	bcs.n	100017e8 <sleep_ms+0x50>
1000182e:	429f      	cmp	r7, r3
10001830:	d1da      	bne.n	100017e8 <sleep_ms+0x50>
10001832:	680b      	ldr	r3, [r1, #0]
10001834:	f3ef 8010 	mrs	r0, PRIMASK
10001838:	b672      	cpsid	i
1000183a:	e8d3 8fcf 	ldaexb	r8, [r3]
1000183e:	f05f 0e01 	movs.w	lr, #1
10001842:	f1b8 0f00 	cmp.w	r8, #0
10001846:	d1f8      	bne.n	1000183a <sleep_ms+0xa2>
10001848:	e8c3 ef48 	strexb	r8, lr, [r3]
1000184c:	f1b8 0f00 	cmp.w	r8, #0
10001850:	d1f3      	bne.n	1000183a <sleep_ms+0xa2>
10001852:	f3bf 8f5f 	dmb	sy
10001856:	680b      	ldr	r3, [r1, #0]
10001858:	e8c3 cf8f 	stlb	ip, [r3]
1000185c:	f380 8810 	msr	PRIMASK, r0
10001860:	bf20      	wfe
10001862:	e7de      	b.n	10001822 <sleep_ms+0x8a>
10001864:	10001065 	.word	0x10001065
10001868:	20001544 	.word	0x20001544
1000186c:	400b0000 	.word	0x400b0000
10001870:	20002980 	.word	0x20002980

10001874 <best_effort_wfe_or_timeout>:
10001874:	e92d 43f0 	stmdb	sp!, {r4, r5, r6, r7, r8, r9, lr}
10001878:	4606      	mov	r6, r0
1000187a:	460d      	mov	r5, r1
1000187c:	b083      	sub	sp, #12
1000187e:	f3ef 8405 	mrs	r4, IPSR
10001882:	b2e4      	uxtb	r4, r4
10001884:	b13c      	cbz	r4, 10001896 <best_effort_wfe_or_timeout+0x22>
10001886:	4b2d      	ldr	r3, [pc, #180]	@ (1000193c <best_effort_wfe_or_timeout+0xc8>)
10001888:	6a5a      	ldr	r2, [r3, #36]	@ 0x24
1000188a:	42aa      	cmp	r2, r5
1000188c:	d21c      	bcs.n	100018c8 <best_effort_wfe_or_timeout+0x54>
1000188e:	2000      	movs	r0, #0
10001890:	b003      	add	sp, #12
10001892:	e8bd 83f0 	ldmia.w	sp!, {r4, r5, r6, r7, r8, r9, pc}
10001896:	4f2a      	ldr	r7, [pc, #168]	@ (10001940 <best_effort_wfe_or_timeout+0xcc>)
10001898:	f8d7 900c 	ldr.w	r9, [r7, #12]
1000189c:	f897 8000 	ldrb.w	r8, [r7]
100018a0:	4648      	mov	r0, r9
100018a2:	f000 f863 	bl	1000196c <timer_time_us_64>
100018a6:	f108 0804 	add.w	r8, r8, #4
100018aa:	f859 3028 	ldr.w	r3, [r9, r8, lsl #2]
100018ae:	1a1b      	subs	r3, r3, r0
100018b0:	1a30      	subs	r0, r6, r0
100018b2:	eb65 0101 	sbc.w	r1, r5, r1
100018b6:	4298      	cmp	r0, r3
100018b8:	f171 0100 	sbcs.w	r1, r1, #0
100018bc:	db10      	blt.n	100018e0 <best_effort_wfe_or_timeout+0x6c>
100018be:	bf20      	wfe
100018c0:	4b1e      	ldr	r3, [pc, #120]	@ (1000193c <best_effort_wfe_or_timeout+0xc8>)
100018c2:	6a5a      	ldr	r2, [r3, #36]	@ 0x24
100018c4:	42aa      	cmp	r2, r5
100018c6:	d3e2      	bcc.n	1000188e <best_effort_wfe_or_timeout+0x1a>
100018c8:	bf14      	ite	ne
100018ca:	2401      	movne	r4, #1
100018cc:	2400      	moveq	r4, #0
100018ce:	6a9b      	ldr	r3, [r3, #40]	@ 0x28
100018d0:	42b3      	cmp	r3, r6
100018d2:	bf34      	ite	cc
100018d4:	4620      	movcc	r0, r4
100018d6:	f044 0001 	orrcs.w	r0, r4, #1
100018da:	b003      	add	sp, #12
100018dc:	e8bd 83f0 	ldmia.w	sp!, {r4, r5, r6, r7, r8, r9, pc}
100018e0:	f000 f84c 	bl	1000197c <time_us_64>
100018e4:	4286      	cmp	r6, r0
100018e6:	eb65 0101 	sbc.w	r1, r5, r1
100018ea:	2900      	cmp	r1, #0
100018ec:	db14      	blt.n	10001918 <best_effort_wfe_or_timeout+0xa4>
100018ee:	4b15      	ldr	r3, [pc, #84]	@ (10001944 <best_effort_wfe_or_timeout+0xd0>)
100018f0:	4638      	mov	r0, r7
100018f2:	e9cd 3400 	strd	r3, r4, [sp]
100018f6:	4632      	mov	r2, r6
100018f8:	462b      	mov	r3, r5
100018fa:	f7ff fe3b 	bl	10001574 <alarm_pool_add_alarm_at_force_in_context>
100018fe:	1e01      	subs	r1, r0, #0
10001900:	dd0a      	ble.n	10001918 <best_effort_wfe_or_timeout+0xa4>
10001902:	4b0e      	ldr	r3, [pc, #56]	@ (1000193c <best_effort_wfe_or_timeout+0xc8>)
10001904:	6a5a      	ldr	r2, [r3, #36]	@ 0x24
10001906:	42aa      	cmp	r2, r5
10001908:	d316      	bcc.n	10001938 <best_effort_wfe_or_timeout+0xc4>
1000190a:	6a9b      	ldr	r3, [r3, #40]	@ 0x28
1000190c:	42b3      	cmp	r3, r6
1000190e:	d311      	bcc.n	10001934 <best_effort_wfe_or_timeout+0xc0>
10001910:	480b      	ldr	r0, [pc, #44]	@ (10001940 <best_effort_wfe_or_timeout+0xcc>)
10001912:	f7ff fe93 	bl	1000163c <alarm_pool_cancel_alarm>
10001916:	e7b6      	b.n	10001886 <best_effort_wfe_or_timeout+0x12>
10001918:	4b08      	ldr	r3, [pc, #32]	@ (1000193c <best_effort_wfe_or_timeout+0xc8>)
1000191a:	6a5c      	ldr	r4, [r3, #36]	@ 0x24
1000191c:	42ac      	cmp	r4, r5
1000191e:	d3b6      	bcc.n	1000188e <best_effort_wfe_or_timeout+0x1a>
10001920:	1b64      	subs	r4, r4, r5
10001922:	bf18      	it	ne
10001924:	2401      	movne	r4, #1
10001926:	6a9b      	ldr	r3, [r3, #40]	@ 0x28
10001928:	42b3      	cmp	r3, r6
1000192a:	bf34      	ite	cc
1000192c:	4620      	movcc	r0, r4
1000192e:	f044 0001 	orrcs.w	r0, r4, #1
10001932:	e7ad      	b.n	10001890 <best_effort_wfe_or_timeout+0x1c>
10001934:	42aa      	cmp	r2, r5
10001936:	d1eb      	bne.n	10001910 <best_effort_wfe_or_timeout+0x9c>
10001938:	bf20      	wfe
1000193a:	e7e9      	b.n	10001910 <best_effort_wfe_or_timeout+0x9c>
1000193c:	400b0000 	.word	0x400b0000
10001940:	20001544 	.word	0x20001544
10001944:	10001065 	.word	0x10001065

10001948 <timer_hardware_alarm_claim>:
10001948:	b410      	push	{r4}
1000194a:	4b05      	ldr	r3, [pc, #20]	@ (10001960 <timer_hardware_alarm_claim+0x18>)
1000194c:	4c05      	ldr	r4, [pc, #20]	@ (10001964 <timer_hardware_alarm_claim+0x1c>)
1000194e:	4a06      	ldr	r2, [pc, #24]	@ (10001968 <timer_hardware_alarm_claim+0x20>)
10001950:	42a0      	cmp	r0, r4
10001952:	bf14      	ite	ne
10001954:	4618      	movne	r0, r3
10001956:	1c58      	addeq	r0, r3, #1
10001958:	f85d 4b04 	ldr.w	r4, [sp], #4
1000195c:	f7fe bfa4 	b.w	100008a8 <hw_claim_or_assert>
10001960:	2000241c 	.word	0x2000241c
10001964:	400b8000 	.word	0x400b8000
10001968:	100096cc 	.word	0x100096cc

1000196c <timer_time_us_64>:
1000196c:	4603      	mov	r3, r0
1000196e:	6a41      	ldr	r1, [r0, #36]	@ 0x24
10001970:	460a      	mov	r2, r1
10001972:	6a98      	ldr	r0, [r3, #40]	@ 0x28
10001974:	6a59      	ldr	r1, [r3, #36]	@ 0x24
10001976:	428a      	cmp	r2, r1
10001978:	d1fa      	bne.n	10001970 <timer_time_us_64+0x4>
1000197a:	4770      	bx	lr

1000197c <time_us_64>:
1000197c:	4b03      	ldr	r3, [pc, #12]	@ (1000198c <time_us_64+0x10>)
1000197e:	6a59      	ldr	r1, [r3, #36]	@ 0x24
10001980:	460a      	mov	r2, r1
10001982:	6a98      	ldr	r0, [r3, #40]	@ 0x28
10001984:	6a59      	ldr	r1, [r3, #36]	@ 0x24
10001986:	4291      	cmp	r1, r2
10001988:	d1fa      	bne.n	10001980 <time_us_64+0x4>
1000198a:	4770      	bx	lr
1000198c:	400b0000 	.word	0x400b0000

10001990 <busy_wait_until>:
10001990:	4a07      	ldr	r2, [pc, #28]	@ (100019b0 <busy_wait_until+0x20>)
10001992:	6a53      	ldr	r3, [r2, #36]	@ 0x24
10001994:	4299      	cmp	r1, r3
10001996:	d8fc      	bhi.n	10001992 <busy_wait_until+0x2>
10001998:	4299      	cmp	r1, r3
1000199a:	d107      	bne.n	100019ac <busy_wait_until+0x1c>
1000199c:	4b04      	ldr	r3, [pc, #16]	@ (100019b0 <busy_wait_until+0x20>)
1000199e:	e002      	b.n	100019a6 <busy_wait_until+0x16>
100019a0:	6a5a      	ldr	r2, [r3, #36]	@ 0x24
100019a2:	4291      	cmp	r1, r2
100019a4:	d102      	bne.n	100019ac <busy_wait_until+0x1c>
100019a6:	6a9a      	ldr	r2, [r3, #40]	@ 0x28
100019a8:	4290      	cmp	r0, r2
100019aa:	d8f9      	bhi.n	100019a0 <busy_wait_until+0x10>
100019ac:	4770      	bx	lr
100019ae:	bf00      	nop
100019b0:	400b0000 	.word	0x400b0000

100019b4 <clock_configure_undivided>:
100019b4:	eb00 0c40 	add.w	ip, r0, r0, lsl #1
100019b8:	ea4f 0c8c 	mov.w	ip, ip, lsl #2
100019bc:	f10c 4c80 	add.w	ip, ip, #1073741824	@ 0x40000000
100019c0:	f50c 3c80 	add.w	ip, ip, #65536	@ 0x10000
100019c4:	b5f0      	push	{r4, r5, r6, r7, lr}
100019c6:	4616      	mov	r6, r2
100019c8:	f8dc 2004 	ldr.w	r2, [ip, #4]
100019cc:	1f05      	subs	r5, r0, #4
100019ce:	f5b2 3f80 	cmp.w	r2, #65536	@ 0x10000
100019d2:	bf38      	it	cc
100019d4:	f44f 3280 	movcc.w	r2, #65536	@ 0x10000
100019d8:	b2ed      	uxtb	r5, r5
100019da:	bf38      	it	cc
100019dc:	f8cc 2004 	strcc.w	r2, [ip, #4]
100019e0:	2d01      	cmp	r5, #1
100019e2:	d92a      	bls.n	10001a3a <clock_configure_undivided+0x86>
100019e4:	f44f 6700 	mov.w	r7, #2048	@ 0x800
100019e8:	4c25      	ldr	r4, [pc, #148]	@ (10001a80 <clock_configure_undivided+0xcc>)
100019ea:	f50c 5240 	add.w	r2, ip, #12288	@ 0x3000
100019ee:	6017      	str	r7, [r2, #0]
100019f0:	f854 2020 	ldr.w	r2, [r4, r0, lsl #2]
100019f4:	b9b2      	cbnz	r2, 10001a24 <clock_configure_undivided+0x70>
100019f6:	f8dc 2000 	ldr.w	r2, [ip]
100019fa:	2d01      	cmp	r5, #1
100019fc:	ea82 1246 	eor.w	r2, r2, r6, lsl #5
10001a00:	f002 02e0 	and.w	r2, r2, #224	@ 0xe0
10001a04:	f50c 5680 	add.w	r6, ip, #4096	@ 0x1000
10001a08:	6032      	str	r2, [r6, #0]
10001a0a:	d92a      	bls.n	10001a62 <clock_configure_undivided+0xae>
10001a0c:	f44f 6100 	mov.w	r1, #2048	@ 0x800
10001a10:	f844 3020 	str.w	r3, [r4, r0, lsl #2]
10001a14:	f44f 3380 	mov.w	r3, #65536	@ 0x10000
10001a18:	f50c 5200 	add.w	r2, ip, #8192	@ 0x2000
10001a1c:	6011      	str	r1, [r2, #0]
10001a1e:	f8cc 3004 	str.w	r3, [ip, #4]
10001a22:	bdf0      	pop	{r4, r5, r6, r7, pc}
10001a24:	6967      	ldr	r7, [r4, #20]
10001a26:	fbb7 fef2 	udiv	lr, r7, r2
10001a2a:	f10e 0e01 	add.w	lr, lr, #1
10001a2e:	eb0e 0e4e 	add.w	lr, lr, lr, lsl #1
10001a32:	f1be 0e03 	subs.w	lr, lr, #3
10001a36:	d2fc      	bcs.n	10001a32 <clock_configure_undivided+0x7e>
10001a38:	e7dd      	b.n	100019f6 <clock_configure_undivided+0x42>
10001a3a:	2901      	cmp	r1, #1
10001a3c:	d1d2      	bne.n	100019e4 <clock_configure_undivided+0x30>
10001a3e:	2403      	movs	r4, #3
10001a40:	f50c 5240 	add.w	r2, ip, #12288	@ 0x3000
10001a44:	6014      	str	r4, [r2, #0]
10001a46:	f8dc 2008 	ldr.w	r2, [ip, #8]
10001a4a:	07d2      	lsls	r2, r2, #31
10001a4c:	d5fb      	bpl.n	10001a46 <clock_configure_undivided+0x92>
10001a4e:	f8dc 2000 	ldr.w	r2, [ip]
10001a52:	4c0b      	ldr	r4, [pc, #44]	@ (10001a80 <clock_configure_undivided+0xcc>)
10001a54:	ea82 1246 	eor.w	r2, r2, r6, lsl #5
10001a58:	f002 02e0 	and.w	r2, r2, #224	@ 0xe0
10001a5c:	f50c 5680 	add.w	r6, ip, #4096	@ 0x1000
10001a60:	6032      	str	r2, [r6, #0]
10001a62:	2201      	movs	r2, #1
10001a64:	f8dc 5000 	ldr.w	r5, [ip]
10001a68:	404d      	eors	r5, r1
10001a6a:	f005 0503 	and.w	r5, r5, #3
10001a6e:	6035      	str	r5, [r6, #0]
10001a70:	fa02 f101 	lsl.w	r1, r2, r1
10001a74:	f8dc 2008 	ldr.w	r2, [ip, #8]
10001a78:	420a      	tst	r2, r1
10001a7a:	d0fb      	beq.n	10001a74 <clock_configure_undivided+0xc0>
10001a7c:	e7c6      	b.n	10001a0c <clock_configure_undivided+0x58>
10001a7e:	bf00      	nop
10001a80:	20002420 	.word	0x20002420

10001a84 <clock_get_hz>:
10001a84:	4b01      	ldr	r3, [pc, #4]	@ (10001a8c <clock_get_hz+0x8>)
10001a86:	f853 0020 	ldr.w	r0, [r3, r0, lsl #2]
10001a8a:	4770      	bx	lr
10001a8c:	20002420 	.word	0x20002420

10001a90 <pll_init>:
10001a90:	b470      	push	{r4, r5, r6}
10001a92:	9d03      	ldr	r5, [sp, #12]
10001a94:	6804      	ldr	r4, [r0, #0]
10001a96:	032d      	lsls	r5, r5, #12
10001a98:	ea45 4503 	orr.w	r5, r5, r3, lsl #16
10001a9c:	4b1b      	ldr	r3, [pc, #108]	@ (10001b0c <pll_init+0x7c>)
10001a9e:	2c00      	cmp	r4, #0
10001aa0:	fbb3 f3f1 	udiv	r3, r3, r1
10001aa4:	fbb2 f6f3 	udiv	r6, r2, r3
10001aa8:	db1f      	blt.n	10001aea <pll_init+0x5a>
10001aaa:	4a19      	ldr	r2, [pc, #100]	@ (10001b10 <pll_init+0x80>)
10001aac:	4b19      	ldr	r3, [pc, #100]	@ (10001b14 <pll_init+0x84>)
10001aae:	4290      	cmp	r0, r2
10001ab0:	bf14      	ite	ne
10001ab2:	f44f 4280 	movne.w	r2, #16384	@ 0x4000
10001ab6:	f44f 4200 	moveq.w	r2, #32768	@ 0x8000
10001aba:	4c17      	ldr	r4, [pc, #92]	@ (10001b18 <pll_init+0x88>)
10001abc:	601a      	str	r2, [r3, #0]
10001abe:	f503 5380 	add.w	r3, r3, #4096	@ 0x1000
10001ac2:	601a      	str	r2, [r3, #0]
10001ac4:	68a3      	ldr	r3, [r4, #8]
10001ac6:	ea32 0303 	bics.w	r3, r2, r3
10001aca:	d1fb      	bne.n	10001ac4 <pll_init+0x34>
10001acc:	2221      	movs	r2, #33	@ 0x21
10001ace:	f500 5340 	add.w	r3, r0, #12288	@ 0x3000
10001ad2:	3304      	adds	r3, #4
10001ad4:	6001      	str	r1, [r0, #0]
10001ad6:	6086      	str	r6, [r0, #8]
10001ad8:	601a      	str	r2, [r3, #0]
10001ada:	6802      	ldr	r2, [r0, #0]
10001adc:	2a00      	cmp	r2, #0
10001ade:	dafc      	bge.n	10001ada <pll_init+0x4a>
10001ae0:	2208      	movs	r2, #8
10001ae2:	60c5      	str	r5, [r0, #12]
10001ae4:	601a      	str	r2, [r3, #0]
10001ae6:	bc70      	pop	{r4, r5, r6}
10001ae8:	4770      	bx	lr
10001aea:	6803      	ldr	r3, [r0, #0]
10001aec:	f003 033f 	and.w	r3, r3, #63	@ 0x3f
10001af0:	428b      	cmp	r3, r1
10001af2:	d1da      	bne.n	10001aaa <pll_init+0x1a>
10001af4:	6883      	ldr	r3, [r0, #8]
10001af6:	f3c3 030b 	ubfx	r3, r3, #0, #12
10001afa:	42b3      	cmp	r3, r6
10001afc:	d1d5      	bne.n	10001aaa <pll_init+0x1a>
10001afe:	68c3      	ldr	r3, [r0, #12]
10001b00:	f403 23ee 	and.w	r3, r3, #487424	@ 0x77000
10001b04:	42ab      	cmp	r3, r5
10001b06:	d1d0      	bne.n	10001aaa <pll_init+0x1a>
10001b08:	e7ed      	b.n	10001ae6 <pll_init+0x56>
10001b0a:	bf00      	nop
10001b0c:	00b71b00 	.word	0x00b71b00
10001b10:	40058000 	.word	0x40058000
10001b14:	40022000 	.word	0x40022000
10001b18:	40020000 	.word	0x40020000

10001b1c <watchdog_reboot>:
10001b1c:	b430      	push	{r4, r5}
10001b1e:	f04f 4480 	mov.w	r4, #1073741824	@ 0x40000000
10001b22:	4b1c      	ldr	r3, [pc, #112]	@ (10001b94 <watchdog_reboot+0x78>)
10001b24:	601c      	str	r4, [r3, #0]
10001b26:	b1e0      	cbz	r0, 10001b62 <watchdog_reboot+0x46>
10001b28:	4c1b      	ldr	r4, [pc, #108]	@ (10001b98 <watchdog_reboot+0x7c>)
10001b2a:	f5a3 5340 	sub.w	r3, r3, #12288	@ 0x3000
10001b2e:	61dc      	str	r4, [r3, #28]
10001b30:	4c1a      	ldr	r4, [pc, #104]	@ (10001b9c <watchdog_reboot+0x80>)
10001b32:	f040 0001 	orr.w	r0, r0, #1
10001b36:	4044      	eors	r4, r0
10001b38:	621c      	str	r4, [r3, #32]
10001b3a:	6259      	str	r1, [r3, #36]	@ 0x24
10001b3c:	6298      	str	r0, [r3, #40]	@ 0x28
10001b3e:	f04f 4580 	mov.w	r5, #1073741824	@ 0x40000000
10001b42:	f04f 61e0 	mov.w	r1, #117440512	@ 0x7000000
10001b46:	4b13      	ldr	r3, [pc, #76]	@ (10001b94 <watchdog_reboot+0x78>)
10001b48:	4815      	ldr	r0, [pc, #84]	@ (10001ba0 <watchdog_reboot+0x84>)
10001b4a:	4c16      	ldr	r4, [pc, #88]	@ (10001ba4 <watchdog_reboot+0x88>)
10001b4c:	601d      	str	r5, [r3, #0]
10001b4e:	6084      	str	r4, [r0, #8]
10001b50:	6019      	str	r1, [r3, #0]
10001b52:	b94a      	cbnz	r2, 10001b68 <watchdog_reboot+0x4c>
10001b54:	bc30      	pop	{r4, r5}
10001b56:	f04f 4200 	mov.w	r2, #2147483648	@ 0x80000000
10001b5a:	f5a3 5380 	sub.w	r3, r3, #4096	@ 0x1000
10001b5e:	601a      	str	r2, [r3, #0]
10001b60:	4770      	bx	lr
10001b62:	4b11      	ldr	r3, [pc, #68]	@ (10001ba8 <watchdog_reboot+0x8c>)
10001b64:	61d8      	str	r0, [r3, #28]
10001b66:	e7ea      	b.n	10001b3e <watchdog_reboot+0x22>
10001b68:	f44f 737a 	mov.w	r3, #1000	@ 0x3e8
10001b6c:	fb03 f202 	mul.w	r2, r3, r2
10001b70:	f1b2 7f80 	cmp.w	r2, #16777216	@ 0x1000000
10001b74:	bf2a      	itet	cs
10001b76:	f06f 437f 	mvncs.w	r3, #4278190080	@ 0xff000000
10001b7a:	4613      	movcc	r3, r2
10001b7c:	461a      	movcs	r2, r3
10001b7e:	f04f 4180 	mov.w	r1, #1073741824	@ 0x40000000
10001b82:	4c0a      	ldr	r4, [pc, #40]	@ (10001bac <watchdog_reboot+0x90>)
10001b84:	4808      	ldr	r0, [pc, #32]	@ (10001ba8 <watchdog_reboot+0x8c>)
10001b86:	6023      	str	r3, [r4, #0]
10001b88:	4b09      	ldr	r3, [pc, #36]	@ (10001bb0 <watchdog_reboot+0x94>)
10001b8a:	6042      	str	r2, [r0, #4]
10001b8c:	bc30      	pop	{r4, r5}
10001b8e:	6019      	str	r1, [r3, #0]
10001b90:	4770      	bx	lr
10001b92:	bf00      	nop
10001b94:	400db000 	.word	0x400db000
10001b98:	b007c0d3 	.word	0xb007c0d3
10001b9c:	4ff83f2d 	.word	0x4ff83f2d
10001ba0:	4001a000 	.word	0x4001a000
10001ba4:	01fffff3 	.word	0x01fffff3
10001ba8:	400d8000 	.word	0x400d8000
10001bac:	20002894 	.word	0x20002894
10001bb0:	400da000 	.word	0x400da000

10001bb4 <tick_start>:
10001bb4:	2301      	movs	r3, #1
10001bb6:	eb00 0040 	add.w	r0, r0, r0, lsl #1
10001bba:	0080      	lsls	r0, r0, #2
10001bbc:	f100 4080 	add.w	r0, r0, #1073741824	@ 0x40000000
10001bc0:	f500 1084 	add.w	r0, r0, #1081344	@ 0x108000
10001bc4:	6041      	str	r1, [r0, #4]
10001bc6:	6003      	str	r3, [r0, #0]
10001bc8:	4770      	bx	lr
10001bca:	bf00      	nop

10001bcc <rom_reboot.constprop.0.isra.0>:
10001bcc:	2300      	movs	r3, #0
10001bce:	b570      	push	{r4, r5, r6, lr}
10001bd0:	8adb      	ldrh	r3, [r3, #22]
10001bd2:	4604      	mov	r4, r0
10001bd4:	460d      	mov	r5, r1
10001bd6:	2200      	movs	r2, #0
10001bd8:	e842 f200 	tt	r2, r2
10001bdc:	0252      	lsls	r2, r2, #9
10001bde:	bf54      	ite	pl
10001be0:	2110      	movpl	r1, #16
10001be2:	2104      	movmi	r1, #4
10001be4:	f244 2052 	movw	r0, #16978	@ 0x4252
10001be8:	4798      	blx	r3
10001bea:	4686      	mov	lr, r0
10001bec:	462b      	mov	r3, r5
10001bee:	4622      	mov	r2, r4
10001bf0:	46f4      	mov	ip, lr
10001bf2:	e8bd 4070 	ldmia.w	sp!, {r4, r5, r6, lr}
10001bf6:	210a      	movs	r1, #10
10001bf8:	f44f 7081 	mov.w	r0, #258	@ 0x102
10001bfc:	4760      	bx	ip
10001bfe:	bf00      	nop

10001c00 <rom_func_lookup>:
10001c00:	2300      	movs	r3, #0
10001c02:	8adb      	ldrh	r3, [r3, #22]
10001c04:	2200      	movs	r2, #0
10001c06:	e842 f200 	tt	r2, r2
10001c0a:	0252      	lsls	r2, r2, #9
10001c0c:	d401      	bmi.n	10001c12 <rom_func_lookup+0x12>
10001c0e:	2110      	movs	r1, #16
10001c10:	4718      	bx	r3
10001c12:	2104      	movs	r1, #4
10001c14:	4718      	bx	r3
10001c16:	bf00      	nop

10001c18 <rom_reset_usb_boot_extra>:
10001c18:	b508      	push	{r3, lr}
10001c1a:	4603      	mov	r3, r0
10001c1c:	4608      	mov	r0, r1
10001c1e:	1e19      	subs	r1, r3, #0
10001c20:	db02      	blt.n	10001c28 <rom_reset_usb_boot_extra+0x10>
10001c22:	b11a      	cbz	r2, 10001c2c <rom_reset_usb_boot_extra+0x14>
10001c24:	f040 0030 	orr.w	r0, r0, #48	@ 0x30
10001c28:	f7ff ffd0 	bl	10001bcc <rom_reboot.constprop.0.isra.0>
10001c2c:	f040 0020 	orr.w	r0, r0, #32
10001c30:	e7fa      	b.n	10001c28 <rom_reset_usb_boot_extra+0x10>
10001c32:	bf00      	nop

10001c34 <runtime_init_bootrom_locking_enable>:
10001c34:	4a03      	ldr	r2, [pc, #12]	@ (10001c44 <runtime_init_bootrom_locking_enable+0x10>)
10001c36:	f8d2 3828 	ldr.w	r3, [r2, #2088]	@ 0x828
10001c3a:	2b00      	cmp	r3, #0
10001c3c:	d0fb      	beq.n	10001c36 <runtime_init_bootrom_locking_enable+0x2>
10001c3e:	f3bf 8f5f 	dmb	sy
10001c42:	4770      	bx	lr
10001c44:	400e0000 	.word	0x400e0000

10001c48 <runtime_init_boot_locks_reset>:
10001c48:	2100      	movs	r1, #0
10001c4a:	4b04      	ldr	r3, [pc, #16]	@ (10001c5c <runtime_init_boot_locks_reset+0x14>)
10001c4c:	4a04      	ldr	r2, [pc, #16]	@ (10001c60 <runtime_init_boot_locks_reset+0x18>)
10001c4e:	f3bf 8f5f 	dmb	sy
10001c52:	f843 1b04 	str.w	r1, [r3], #4
10001c56:	4293      	cmp	r3, r2
10001c58:	d1f9      	bne.n	10001c4e <runtime_init_boot_locks_reset+0x6>
10001c5a:	4770      	bx	lr
10001c5c:	400e080c 	.word	0x400e080c
10001c60:	400e082c 	.word	0x400e082c

10001c64 <xosc_init>:
10001c64:	b410      	push	{r4}
10001c66:	f44f 708d 	mov.w	r0, #282	@ 0x11a
10001c6a:	f44f 642a 	mov.w	r4, #2720	@ 0xaa0
10001c6e:	4a06      	ldr	r2, [pc, #24]	@ (10001c88 <xosc_init+0x24>)
10001c70:	4b06      	ldr	r3, [pc, #24]	@ (10001c8c <xosc_init+0x28>)
10001c72:	4907      	ldr	r1, [pc, #28]	@ (10001c90 <xosc_init+0x2c>)
10001c74:	6014      	str	r4, [r2, #0]
10001c76:	60d0      	str	r0, [r2, #12]
10001c78:	6019      	str	r1, [r3, #0]
10001c7a:	6853      	ldr	r3, [r2, #4]
10001c7c:	2b00      	cmp	r3, #0
10001c7e:	dafc      	bge.n	10001c7a <xosc_init+0x16>
10001c80:	f85d 4b04 	ldr.w	r4, [sp], #4
10001c84:	4770      	bx	lr
10001c86:	bf00      	nop
10001c88:	40048000 	.word	0x40048000
10001c8c:	4004a000 	.word	0x4004a000
10001c90:	00fab000 	.word	0x00fab000

10001c94 <first_per_core_initializer>:
10001c94:	4770      	bx	lr
10001c96:	bf00      	nop

10001c98 <hard_assertion_failure>:
10001c98:	b508      	push	{r3, lr}
10001c9a:	4801      	ldr	r0, [pc, #4]	@ (10001ca0 <hard_assertion_failure+0x8>)
10001c9c:	f7fe fdec 	bl	10000878 <panic>
10001ca0:	100096f0 	.word	0x100096f0

10001ca4 <runtime_run_initializers>:
10001ca4:	b538      	push	{r3, r4, r5, lr}
10001ca6:	4c05      	ldr	r4, [pc, #20]	@ (10001cbc <runtime_run_initializers+0x18>)
10001ca8:	4d05      	ldr	r5, [pc, #20]	@ (10001cc0 <runtime_run_initializers+0x1c>)
10001caa:	42ac      	cmp	r4, r5
10001cac:	d204      	bcs.n	10001cb8 <runtime_run_initializers+0x14>
10001cae:	f854 3b04 	ldr.w	r3, [r4], #4
10001cb2:	4798      	blx	r3
10001cb4:	42ac      	cmp	r4, r5
10001cb6:	d3fa      	bcc.n	10001cae <runtime_run_initializers+0xa>
10001cb8:	bd38      	pop	{r3, r4, r5, pc}
10001cba:	bf00      	nop
10001cbc:	100094e8 	.word	0x100094e8
10001cc0:	10009528 	.word	0x10009528

10001cc4 <runtime_init_early_resets>:
10001cc4:	b410      	push	{r4}
10001cc6:	4807      	ldr	r0, [pc, #28]	@ (10001ce4 <runtime_init_early_resets+0x20>)
10001cc8:	4c07      	ldr	r4, [pc, #28]	@ (10001ce8 <runtime_init_early_resets+0x24>)
10001cca:	4b08      	ldr	r3, [pc, #32]	@ (10001cec <runtime_init_early_resets+0x28>)
10001ccc:	4a08      	ldr	r2, [pc, #32]	@ (10001cf0 <runtime_init_early_resets+0x2c>)
10001cce:	4909      	ldr	r1, [pc, #36]	@ (10001cf4 <runtime_init_early_resets+0x30>)
10001cd0:	6004      	str	r4, [r0, #0]
10001cd2:	601a      	str	r2, [r3, #0]
10001cd4:	688b      	ldr	r3, [r1, #8]
10001cd6:	ea32 0303 	bics.w	r3, r2, r3
10001cda:	d1fb      	bne.n	10001cd4 <runtime_init_early_resets+0x10>
10001cdc:	f85d 4b04 	ldr.w	r4, [sp], #4
10001ce0:	4770      	bx	lr
10001ce2:	bf00      	nop
10001ce4:	40022000 	.word	0x40022000
10001ce8:	efef3b7f 	.word	0xefef3b7f
10001cec:	40023000 	.word	0x40023000
10001cf0:	03f3fff6 	.word	0x03f3fff6
10001cf4:	40020000 	.word	0x40020000

10001cf8 <runtime_init_usb_power_down>:
10001cf8:	4b04      	ldr	r3, [pc, #16]	@ (10001d0c <runtime_init_usb_power_down+0x14>)
10001cfa:	6cdb      	ldr	r3, [r3, #76]	@ 0x4c
10001cfc:	f5b3 4f00 	cmp.w	r3, #32768	@ 0x8000
10001d00:	d103      	bne.n	10001d0a <runtime_init_usb_power_down+0x12>
10001d02:	f44f 2280 	mov.w	r2, #262144	@ 0x40000
10001d06:	4b02      	ldr	r3, [pc, #8]	@ (10001d10 <runtime_init_usb_power_down+0x18>)
10001d08:	64da      	str	r2, [r3, #76]	@ 0x4c
10001d0a:	4770      	bx	lr
10001d0c:	50110000 	.word	0x50110000
10001d10:	50112000 	.word	0x50112000

10001d14 <runtime_init_per_core_enable_coprocessors>:
10001d14:	f04f 22e0 	mov.w	r2, #3758153728	@ 0xe000e000
10001d18:	4b04      	ldr	r3, [pc, #16]	@ (10001d2c <runtime_init_per_core_enable_coprocessors+0x18>)
10001d1a:	f8d2 1d88 	ldr.w	r1, [r2, #3464]	@ 0xd88
10001d1e:	430b      	orrs	r3, r1
10001d20:	f8c2 3d88 	str.w	r3, [r2, #3464]	@ 0xd88
10001d24:	ee10 0430 			dcp_rcmp r0
10001d28:	4770      	bx	lr
10001d2a:	bf00      	nop
10001d2c:	00300303 	.word	0x00300303

10001d30 <runtime_init_post_clock_resets>:
10001d30:	f06f 4160 	mvn.w	r1, #3758096384	@ 0xe0000000
10001d34:	4b04      	ldr	r3, [pc, #16]	@ (10001d48 <runtime_init_post_clock_resets+0x18>)
10001d36:	4a05      	ldr	r2, [pc, #20]	@ (10001d4c <runtime_init_post_clock_resets+0x1c>)
10001d38:	6019      	str	r1, [r3, #0]
10001d3a:	6893      	ldr	r3, [r2, #8]
10001d3c:	43db      	mvns	r3, r3
10001d3e:	f033 4360 	bics.w	r3, r3, #3758096384	@ 0xe0000000
10001d42:	d1fa      	bne.n	10001d3a <runtime_init_post_clock_resets+0xa>
10001d44:	4770      	bx	lr
10001d46:	bf00      	nop
10001d48:	40023000 	.word	0x40023000
10001d4c:	40020000 	.word	0x40020000

10001d50 <runtime_init_bootrom_reset>:
10001d50:	b510      	push	{r4, lr}
10001d52:	f245 2053 	movw	r0, #21075	@ 0x5253
10001d56:	f7ff ff53 	bl	10001c00 <rom_func_lookup>
10001d5a:	e8bd 4010 	ldmia.w	sp!, {r4, lr}
10001d5e:	4603      	mov	r3, r0
10001d60:	2004      	movs	r0, #4
10001d62:	4718      	bx	r3

10001d64 <runtime_init_per_core_bootrom_reset>:
10001d64:	b510      	push	{r4, lr}
10001d66:	f245 2053 	movw	r0, #21075	@ 0x5253
10001d6a:	f7ff ff49 	bl	10001c00 <rom_func_lookup>
10001d6e:	e8bd 4010 	ldmia.w	sp!, {r4, lr}
10001d72:	4603      	mov	r3, r0
10001d74:	2001      	movs	r0, #1
10001d76:	4718      	bx	r3

10001d78 <runtime_init_spin_locks_reset>:
10001d78:	f7fe be26 	b.w	100009c8 <spin_locks_reset>

10001d7c <runtime_init_install_ram_vector_table>:
10001d7c:	b510      	push	{r4, lr}
10001d7e:	4b05      	ldr	r3, [pc, #20]	@ (10001d94 <runtime_init_install_ram_vector_table+0x18>)
10001d80:	4c05      	ldr	r4, [pc, #20]	@ (10001d98 <runtime_init_install_ram_vector_table+0x1c>)
10001d82:	f44f 7288 	mov.w	r2, #272	@ 0x110
10001d86:	4618      	mov	r0, r3
10001d88:	68a1      	ldr	r1, [r4, #8]
10001d8a:	f007 f989 	bl	100090a0 <memcpy>
10001d8e:	60a0      	str	r0, [r4, #8]
10001d90:	bd10      	pop	{r4, pc}
10001d92:	bf00      	nop
10001d94:	20000000 	.word	0x20000000
10001d98:	e000ed00 	.word	0xe000ed00

10001d9c <runtime_init_clocks>:
10001d9c:	2300      	movs	r3, #0
10001d9e:	b570      	push	{r4, r5, r6, lr}
10001da0:	4c2b      	ldr	r4, [pc, #172]	@ (10001e50 <runtime_init_clocks+0xb4>)
10001da2:	b082      	sub	sp, #8
10001da4:	f8c4 3084 	str.w	r3, [r4, #132]	@ 0x84
10001da8:	f7ff ff5c 	bl	10001c64 <xosc_init>
10001dac:	2201      	movs	r2, #1
10001dae:	4b29      	ldr	r3, [pc, #164]	@ (10001e54 <runtime_init_clocks+0xb8>)
10001db0:	63da      	str	r2, [r3, #60]	@ 0x3c
10001db2:	6c63      	ldr	r3, [r4, #68]	@ 0x44
10001db4:	2b01      	cmp	r3, #1
10001db6:	d1fc      	bne.n	10001db2 <runtime_init_clocks+0x16>
10001db8:	2103      	movs	r1, #3
10001dba:	4a26      	ldr	r2, [pc, #152]	@ (10001e54 <runtime_init_clocks+0xb8>)
10001dbc:	4b24      	ldr	r3, [pc, #144]	@ (10001e50 <runtime_init_clocks+0xb4>)
10001dbe:	6311      	str	r1, [r2, #48]	@ 0x30
10001dc0:	6b9c      	ldr	r4, [r3, #56]	@ 0x38
10001dc2:	2c01      	cmp	r4, #1
10001dc4:	d1fc      	bne.n	10001dc0 <runtime_init_clocks+0x24>
10001dc6:	2602      	movs	r6, #2
10001dc8:	2505      	movs	r5, #5
10001dca:	4621      	mov	r1, r4
10001dcc:	2305      	movs	r3, #5
10001dce:	4a22      	ldr	r2, [pc, #136]	@ (10001e58 <runtime_init_clocks+0xbc>)
10001dd0:	4822      	ldr	r0, [pc, #136]	@ (10001e5c <runtime_init_clocks+0xc0>)
10001dd2:	9600      	str	r6, [sp, #0]
10001dd4:	f7ff fe5c 	bl	10001a90 <pll_init>
10001dd8:	4621      	mov	r1, r4
10001dda:	462b      	mov	r3, r5
10001ddc:	4a20      	ldr	r2, [pc, #128]	@ (10001e60 <runtime_init_clocks+0xc4>)
10001dde:	4821      	ldr	r0, [pc, #132]	@ (10001e64 <runtime_init_clocks+0xc8>)
10001de0:	9500      	str	r5, [sp, #0]
10001de2:	f7ff fe55 	bl	10001a90 <pll_init>
10001de6:	2200      	movs	r2, #0
10001de8:	2004      	movs	r0, #4
10001dea:	4631      	mov	r1, r6
10001dec:	4b1e      	ldr	r3, [pc, #120]	@ (10001e68 <runtime_init_clocks+0xcc>)
10001dee:	f7ff fde1 	bl	100019b4 <clock_configure_undivided>
10001df2:	4621      	mov	r1, r4
10001df4:	4628      	mov	r0, r5
10001df6:	2200      	movs	r2, #0
10001df8:	4b1c      	ldr	r3, [pc, #112]	@ (10001e6c <runtime_init_clocks+0xd0>)
10001dfa:	f7ff fddb 	bl	100019b4 <clock_configure_undivided>
10001dfe:	2200      	movs	r2, #0
10001e00:	2008      	movs	r0, #8
10001e02:	4611      	mov	r1, r2
10001e04:	4b1a      	ldr	r3, [pc, #104]	@ (10001e70 <runtime_init_clocks+0xd4>)
10001e06:	f7ff fdd5 	bl	100019b4 <clock_configure_undivided>
10001e0a:	2200      	movs	r2, #0
10001e0c:	2009      	movs	r0, #9
10001e0e:	4611      	mov	r1, r2
10001e10:	4b17      	ldr	r3, [pc, #92]	@ (10001e70 <runtime_init_clocks+0xd4>)
10001e12:	f7ff fdcf 	bl	100019b4 <clock_configure_undivided>
10001e16:	2200      	movs	r2, #0
10001e18:	2006      	movs	r0, #6
10001e1a:	4611      	mov	r1, r2
10001e1c:	4b13      	ldr	r3, [pc, #76]	@ (10001e6c <runtime_init_clocks+0xd0>)
10001e1e:	f7ff fdc9 	bl	100019b4 <clock_configure_undivided>
10001e22:	2200      	movs	r2, #0
10001e24:	4b11      	ldr	r3, [pc, #68]	@ (10001e6c <runtime_init_clocks+0xd0>)
10001e26:	2007      	movs	r0, #7
10001e28:	4611      	mov	r1, r2
10001e2a:	f7ff fdc3 	bl	100019b4 <clock_configure_undivided>
10001e2e:	2004      	movs	r0, #4
10001e30:	f7ff fe28 	bl	10001a84 <clock_get_hz>
10001e34:	2400      	movs	r4, #0
10001e36:	4b0f      	ldr	r3, [pc, #60]	@ (10001e74 <runtime_init_clocks+0xd8>)
10001e38:	fba3 3500 	umull	r3, r5, r3, r0
10001e3c:	0cad      	lsrs	r5, r5, #18
10001e3e:	b2e0      	uxtb	r0, r4
10001e40:	4629      	mov	r1, r5
10001e42:	3401      	adds	r4, #1
10001e44:	f7ff feb6 	bl	10001bb4 <tick_start>
10001e48:	2c06      	cmp	r4, #6
10001e4a:	d1f8      	bne.n	10001e3e <runtime_init_clocks+0xa2>
10001e4c:	b002      	add	sp, #8
10001e4e:	bd70      	pop	{r4, r5, r6, pc}
10001e50:	40010000 	.word	0x40010000
10001e54:	40013000 	.word	0x40013000
10001e58:	59682f00 	.word	0x59682f00
10001e5c:	40050000 	.word	0x40050000
10001e60:	47868c00 	.word	0x47868c00
10001e64:	40058000 	.word	0x40058000
10001e68:	00b71b00 	.word	0x00b71b00
10001e6c:	08f0d180 	.word	0x08f0d180
10001e70:	02dc6c00 	.word	0x02dc6c00
10001e74:	431bde83 	.word	0x431bde83

10001e78 <generic_save_state>:
10001e78:	b086      	sub	sp, #24
10001e7a:	b403      	push	{r0, r1}
10001e7c:	fc51 0408 	dcp_pxmd r0, r1
10001e80:	e9cd 0102 	strd	r0, r1, [sp, #8]
10001e84:	fc51 0409 	dcp_pymd r0, r1
10001e88:	e9cd 0104 	strd	r0, r1, [sp, #16]
10001e8c:	ec51 040a 	dcp_refd r0, r1
10001e90:	e9cd 0106 	strd	r0, r1, [sp, #24]
10001e94:	bc03      	pop	{r0, r1}
10001e96:	47f0      	blx	lr

10001e98 <generic_restore_state>:
10001e98:	e8bd 5000 	ldmia.w	sp!, {ip, lr}
10001e9c:	ec4e c400 	dcp_wxmd ip, lr
10001ea0:	e8bd 5000 	ldmia.w	sp!, {ip, lr}
10001ea4:	ec4e c401 	dcp_wymd ip, lr
10001ea8:	e8bd 5000 	ldmia.w	sp!, {ip, lr}
10001eac:	ec4e c402 	dcp_wefd ip, lr
10001eb0:	bd00      	pop	{pc}
10001eb2:	0000      	movs	r0, r0
10001eb4:	b500      	push	{lr}
10001eb6:	f7ff ffdf 	bl	10001e78 <generic_save_state>
10001eba:	e002      	b.n	10001ec2 <__wrap___aeabi_dadd+0x6>

10001ebc <__wrap___aeabi_dadd>:
10001ebc:	fe10 f430 	dcp_pcmp APSR_nzcv
10001ec0:	d4f8      	bmi.n	10001eb4 <generic_restore_state+0x1c>
10001ec2:	ec41 0410 	dcp_wxup r0, r1
10001ec6:	ec43 2411 	dcp_wyup r2, r3
10001eca:	ee00 0401 			dcp_add0
10001ece:	ee10 0401 			dcp_add1
10001ed2:	ee80 0420 			dcp_nrdd
10001ed6:	ec51 0410 	dcp_rdda r0, r1
10001eda:	4770      	bx	lr
10001edc:	b500      	push	{lr}
10001ede:	f7ff ffcb 	bl	10001e78 <generic_save_state>
10001ee2:	e002      	b.n	10001eea <__wrap___aeabi_dsub+0x6>

10001ee4 <__wrap___aeabi_dsub>:
10001ee4:	fe10 f430 	dcp_pcmp APSR_nzcv
10001ee8:	d4f8      	bmi.n	10001edc <__wrap___aeabi_dadd+0x20>
10001eea:	ec41 0410 	dcp_wxup r0, r1
10001eee:	ec43 2411 	dcp_wyup r2, r3
10001ef2:	ee00 0401 			dcp_add0
10001ef6:	ee10 0421 			dcp_sub1
10001efa:	ee80 0420 			dcp_nrdd
10001efe:	ec51 0430 	dcp_rdds r0, r1
10001f02:	4770      	bx	lr
10001f04:	b500      	push	{lr}
10001f06:	f7ff ffb7 	bl	10001e78 <generic_save_state>
10001f0a:	e002      	b.n	10001f12 <__wrap___aeabi_dmul+0x6>

10001f0c <__wrap___aeabi_dmul>:
10001f0c:	fe10 f430 	dcp_pcmp APSR_nzcv
10001f10:	d4f8      	bmi.n	10001f04 <__wrap___aeabi_dsub+0x20>
10001f12:	b510      	push	{r4, lr}
10001f14:	ec41 0410 	dcp_wxup r0, r1
10001f18:	ec43 2411 	dcp_wyup r2, r3
10001f1c:	ec51 0404 	dcp_rxms r0, r1, #0x0
10001f20:	ec53 2405 	dcp_ryms r2, r3, #0x0
10001f24:	fba0 4c02 	umull	r4, ip, r0, r2
10001f28:	f05f 0e00 	movs.w	lr, #0
10001f2c:	fbe0 ce03 	umlal	ip, lr, r0, r3
10001f30:	fbe1 ce02 	umlal	ip, lr, r1, r2
10001f34:	ec4c 4420 	dcp_wxms r4, ip
10001f38:	2400      	movs	r4, #0
10001f3a:	fbe1 e403 	umlal	lr, r4, r1, r3
10001f3e:	ec44 e430 	dcp_wxmo lr, r4
10001f42:	ee80 0420 			dcp_nrdd
10001f46:	ec51 0450 	dcp_rddm r0, r1
10001f4a:	e8bd 4010 	ldmia.w	sp!, {r4, lr}
10001f4e:	4770      	bx	lr
10001f50:	b500      	push	{lr}
10001f52:	f7ff ff91 	bl	10001e78 <generic_save_state>
10001f56:	e002      	b.n	10001f5e <__wrap___aeabi_ddiv+0x6>

10001f58 <__wrap___aeabi_ddiv>:
10001f58:	fe10 f430 	dcp_pcmp APSR_nzcv
10001f5c:	d4f8      	bmi.n	10001f50 <__wrap___aeabi_dmul+0x44>
10001f5e:	ec41 0410 	dcp_wxup r0, r1
10001f62:	ec43 2411 	dcp_wyup r2, r3
10001f66:	ec51 0421 	dcp_rymr r0, r1
10001f6a:	fba0 1201 	umull	r1, r2, r0, r1
10001f6e:	ea6f 0282 	mvn.w	r2, r2, lsl #2
10001f72:	fb52 0010 	smmlar	r0, r2, r0, r0
10001f76:	fb52 f212 	smmulr	r2, r2, r2
10001f7a:	fb52 0010 	smmlar	r0, r2, r0, r0
10001f7e:	eba0 7cd0 	sub.w	ip, r0, r0, lsr #31
10001f82:	ec53 2404 	dcp_rxms r2, r3, #0x0
10001f86:	fb5c f113 	smmulr	r1, ip, r3
10001f8a:	ec53 2415 	dcp_ryms r2, r3, #0x1
10001f8e:	fba1 2002 	umull	r2, r0, r1, r2
10001f92:	fb01 0003 	mla	r0, r1, r3, r0
10001f96:	ec53 2444 	dcp_rxms r2, r3, #0x4
10001f9a:	eba2 0000 	sub.w	r0, r2, r0
10001f9e:	fb50 f21c 	smmulr	r2, r0, ip
10001fa2:	ea4f 1311 	mov.w	r3, r1, lsr #4
10001fa6:	eb12 7001 	adds.w	r0, r2, r1, lsl #28
10001faa:	eb43 71e2 	adc.w	r1, r3, r2, asr #31
10001fae:	ea40 5051 	orr.w	r0, r0, r1, lsr #21
10001fb2:	ea20 5091 	bic.w	r0, r0, r1, lsr #22
10001fb6:	f020 0007 	bic.w	r0, r0, #7
10001fba:	ec53 2475 	dcp_ryms r2, r3, #0x7
10001fbe:	fba0 3c02 	umull	r3, ip, r0, r2
10001fc2:	ec53 2475 	dcp_ryms r2, r3, #0x7
10001fc6:	fb00 cc03 	mla	ip, r0, r3, ip
10001fca:	fb01 cc02 	mla	ip, r1, r2, ip
10001fce:	ec53 2404 	dcp_rxms r2, r3, #0x0
10001fd2:	ebac 4c82 	sub.w	ip, ip, r2, lsl #18
10001fd6:	ea40 705c 	orr.w	r0, r0, ip, lsr #29
10001fda:	f1a0 0001 	sub.w	r0, r0, #1
10001fde:	ec41 0440 	dcp_wxdd r0, r1
10001fe2:	ee80 0420 			dcp_nrdd
10001fe6:	ec51 0470 	dcp_rddd r0, r1
10001fea:	4770      	bx	lr
10001fec:	b500      	push	{lr}
10001fee:	f7ff ff43 	bl	10001e78 <generic_save_state>
10001ff2:	e002      	b.n	10001ffa <__wrap___aeabi_d2f+0x6>

10001ff4 <__wrap___aeabi_d2f>:
10001ff4:	fe10 f430 	dcp_pcmp APSR_nzcv
10001ff8:	d4f8      	bmi.n	10001fec <__wrap___aeabi_ddiv+0x94>
10001ffa:	ec41 0410 	dcp_wxup r0, r1
10001ffe:	ee80 0422 			dcp_nrdf
10002002:	ee10 04b2 			dcp_rdfg r0
10002006:	4770      	bx	lr
10002008:	b500      	push	{lr}
1000200a:	f7ff ff35 	bl	10001e78 <generic_save_state>
1000200e:	e002      	b.n	10002016 <__wrap___aeabi_i2d+0x6>

10002010 <__wrap___aeabi_i2d>:
10002010:	fe10 f430 	dcp_pcmp APSR_nzcv
10002014:	d4f8      	bmi.n	10002008 <__wrap___aeabi_d2f+0x14>
10002016:	ec40 0470 	dcp_wxic r0, r0
1000201a:	ee00 0401 			dcp_add0
1000201e:	ee10 0421 			dcp_sub1
10002022:	ee80 0420 			dcp_nrdd
10002026:	ec51 0430 	dcp_rdds r0, r1
1000202a:	4770      	bx	lr
1000202c:	b500      	push	{lr}
1000202e:	f7ff ff23 	bl	10001e78 <generic_save_state>
10002032:	e002      	b.n	1000203a <__wrap___aeabi_ui2d+0x6>

10002034 <__wrap___aeabi_ui2d>:
10002034:	fe10 f430 	dcp_pcmp APSR_nzcv
10002038:	d4f8      	bmi.n	1000202c <__wrap___aeabi_i2d+0x1c>
1000203a:	ec40 0460 	dcp_wxuc r0, r0
1000203e:	ee00 0401 			dcp_add0
10002042:	ee10 0421 			dcp_sub1
10002046:	ee80 0420 			dcp_nrdd
1000204a:	ec51 0430 	dcp_rdds r0, r1
1000204e:	4770      	bx	lr
10002050:	b500      	push	{lr}
10002052:	f7ff ff11 	bl	10001e78 <generic_save_state>
10002056:	e002      	b.n	1000205e <double2int_z_entry>

10002058 <__wrap___aeabi_d2iz>:
10002058:	fe10 f430 	dcp_pcmp APSR_nzcv
1000205c:	d4f8      	bmi.n	10002050 <__wrap___aeabi_ui2d+0x1c>

1000205e <double2int_z_entry>:
1000205e:	ec41 0480 	dcp_wxdc r0, r1
10002062:	ee00 0401 			dcp_add0
10002066:	ee10 0401 			dcp_add1
1000206a:	ee80 0440 			dcp_ntdc
1000206e:	ee10 0413 			dcp_rdic r0
10002072:	4770      	bx	lr
10002074:	b500      	push	{lr}
10002076:	f7ff feff 	bl	10001e78 <generic_save_state>
1000207a:	e002      	b.n	10002082 <double2uint_z_entry>

1000207c <__wrap___aeabi_d2uiz>:
1000207c:	fe10 f430 	dcp_pcmp APSR_nzcv
10002080:	d4f8      	bmi.n	10002074 <double2int_z_entry+0x16>

10002082 <double2uint_z_entry>:
10002082:	ec41 0480 	dcp_wxdc r0, r1
10002086:	ee00 0401 			dcp_add0
1000208a:	ee10 0401 			dcp_add1
1000208e:	ee80 0440 			dcp_ntdc
10002092:	ee10 0433 			dcp_rduc r0
10002096:	4770      	bx	lr
10002098:	b500      	push	{lr}
1000209a:	f7ff feed 	bl	10001e78 <generic_save_state>
1000209e:	e002      	b.n	100020a6 <__wrap___aeabi_dcmpun+0x6>

100020a0 <__wrap___aeabi_dcmpun>:
100020a0:	fe10 f430 	dcp_pcmp APSR_nzcv
100020a4:	d4f8      	bmi.n	10002098 <double2uint_z_entry+0x16>
100020a6:	ec41 0410 	dcp_wxup r0, r1
100020aa:	ec43 2411 	dcp_wyup r2, r3
100020ae:	ee00 0401 			dcp_add0
100020b2:	ee10 0430 			dcp_rcmp r0
100020b6:	f3c0 7000 	ubfx	r0, r0, #28, #1
100020ba:	4770      	bx	lr
100020bc:	b500      	push	{lr}
100020be:	f7ff fedb 	bl	10001e78 <generic_save_state>
100020c2:	e002      	b.n	100020ca <__wrap___aeabi_dcmplt+0x6>

100020c4 <__wrap___aeabi_dcmplt>:
100020c4:	fe10 f430 	dcp_pcmp APSR_nzcv
100020c8:	d4f8      	bmi.n	100020bc <__wrap___aeabi_dcmpun+0x1c>
100020ca:	ec43 2410 	dcp_wxup r2, r3
100020ce:	ec41 0411 	dcp_wyup r0, r1
100020d2:	ee00 0401 			dcp_add0
100020d6:	ee10 f430 			dcp_rcmp APSR_nzcv
100020da:	bf8c      	ite	hi
100020dc:	2001      	movhi	r0, #1
100020de:	2000      	movls	r0, #0
100020e0:	4770      	bx	lr
100020e2:	bf00      	nop
100020e4:	b500      	push	{lr}
100020e6:	f7ff fec7 	bl	10001e78 <generic_save_state>
100020ea:	e002      	b.n	100020f2 <__wrap___aeabi_dcmple+0x6>

100020ec <__wrap___aeabi_dcmple>:
100020ec:	fe10 f430 	dcp_pcmp APSR_nzcv
100020f0:	d4f8      	bmi.n	100020e4 <__wrap___aeabi_dcmplt+0x20>
100020f2:	ec43 2410 	dcp_wxup r2, r3
100020f6:	ec41 0411 	dcp_wyup r0, r1
100020fa:	ee00 0401 			dcp_add0
100020fe:	ee10 f430 			dcp_rcmp APSR_nzcv
10002102:	bf2c      	ite	cs
10002104:	2001      	movcs	r0, #1
10002106:	2000      	movcc	r0, #0
10002108:	4770      	bx	lr
1000210a:	bf00      	nop
1000210c:	b500      	push	{lr}
1000210e:	f7ff feb3 	bl	10001e78 <generic_save_state>
10002112:	e002      	b.n	1000211a <__wrap___aeabi_dcmpge+0x6>

10002114 <__wrap___aeabi_dcmpge>:
10002114:	fe10 f430 	dcp_pcmp APSR_nzcv
10002118:	d4f8      	bmi.n	1000210c <__wrap___aeabi_dcmple+0x20>
1000211a:	ec41 0410 	dcp_wxup r0, r1
1000211e:	ec43 2411 	dcp_wyup r2, r3
10002122:	ee00 0401 			dcp_add0
10002126:	ee10 f430 			dcp_rcmp APSR_nzcv
1000212a:	bf2c      	ite	cs
1000212c:	2001      	movcs	r0, #1
1000212e:	2000      	movcc	r0, #0
10002130:	4770      	bx	lr
10002132:	bf00      	nop
10002134:	b500      	push	{lr}
10002136:	f7ff fe9f 	bl	10001e78 <generic_save_state>
1000213a:	e002      	b.n	10002142 <__wrap___aeabi_dcmpgt+0x6>

1000213c <__wrap___aeabi_dcmpgt>:
1000213c:	fe10 f430 	dcp_pcmp APSR_nzcv
10002140:	d4f8      	bmi.n	10002134 <__wrap___aeabi_dcmpge+0x20>
10002142:	ec41 0410 	dcp_wxup r0, r1
10002146:	ec43 2411 	dcp_wyup r2, r3
1000214a:	ee00 0401 			dcp_add0
1000214e:	ee10 f430 			dcp_rcmp APSR_nzcv
10002152:	bf8c      	ite	hi
10002154:	2001      	movhi	r0, #1
10002156:	2000      	movls	r0, #0
10002158:	4770      	bx	lr
1000215a:	bf00      	nop

1000215c <__wrap_malloc>:
1000215c:	b510      	push	{r4, lr}
1000215e:	4604      	mov	r4, r0
10002160:	f006 fc4e 	bl	10008a00 <malloc>
10002164:	b128      	cbz	r0, 10002172 <__wrap_malloc+0x16>
10002166:	4603      	mov	r3, r0
10002168:	4a03      	ldr	r2, [pc, #12]	@ (10002178 <__wrap_malloc+0x1c>)
1000216a:	4423      	add	r3, r4
1000216c:	4293      	cmp	r3, r2
1000216e:	d800      	bhi.n	10002172 <__wrap_malloc+0x16>
10002170:	bd10      	pop	{r4, pc}
10002172:	4802      	ldr	r0, [pc, #8]	@ (1000217c <__wrap_malloc+0x20>)
10002174:	f7fe fb80 	bl	10000878 <panic>
10002178:	20080000 	.word	0x20080000
1000217c:	100096fc 	.word	0x100096fc

10002180 <__wrap_free>:
10002180:	f006 bc46 	b.w	10008a10 <free>

10002184 <_out_buffer>:
10002184:	429a      	cmp	r2, r3
10002186:	bf38      	it	cc
10002188:	5488      	strbcc	r0, [r1, r2]
1000218a:	4770      	bx	lr

1000218c <_out_null>:
1000218c:	4770      	bx	lr
1000218e:	bf00      	nop

10002190 <_out_rev>:
10002190:	e92d 4ff0 	stmdb	sp!, {r4, r5, r6, r7, r8, r9, sl, fp, lr}
10002194:	b083      	sub	sp, #12
10002196:	4699      	mov	r9, r3
10002198:	e9dd ab0d 	ldrd	sl, fp, [sp, #52]	@ 0x34
1000219c:	9b0f      	ldr	r3, [sp, #60]	@ 0x3c
1000219e:	4688      	mov	r8, r1
100021a0:	4611      	mov	r1, r2
100021a2:	079a      	lsls	r2, r3, #30
100021a4:	4607      	mov	r7, r0
100021a6:	d116      	bne.n	100021d6 <_out_rev+0x46>
100021a8:	45da      	cmp	sl, fp
100021aa:	d23a      	bcs.n	10002222 <_out_rev+0x92>
100021ac:	460c      	mov	r4, r1
100021ae:	460d      	mov	r5, r1
100021b0:	ebab 060a 	sub.w	r6, fp, sl
100021b4:	440e      	add	r6, r1
100021b6:	4622      	mov	r2, r4
100021b8:	464b      	mov	r3, r9
100021ba:	4641      	mov	r1, r8
100021bc:	2020      	movs	r0, #32
100021be:	3401      	adds	r4, #1
100021c0:	47b8      	blx	r7
100021c2:	42b4      	cmp	r4, r6
100021c4:	d1f7      	bne.n	100021b6 <_out_rev+0x26>
100021c6:	4629      	mov	r1, r5
100021c8:	f1ba 0f00 	cmp.w	sl, #0
100021cc:	d108      	bne.n	100021e0 <_out_rev+0x50>
100021ce:	4620      	mov	r0, r4
100021d0:	b003      	add	sp, #12
100021d2:	e8bd 8ff0 	ldmia.w	sp!, {r4, r5, r6, r7, r8, r9, sl, fp, pc}
100021d6:	460c      	mov	r4, r1
100021d8:	f1ba 0f00 	cmp.w	sl, #0
100021dc:	d010      	beq.n	10002200 <_out_rev+0x70>
100021de:	460e      	mov	r6, r1
100021e0:	4655      	mov	r5, sl
100021e2:	9b0c      	ldr	r3, [sp, #48]	@ 0x30
100021e4:	442e      	add	r6, r5
100021e6:	449a      	add	sl, r3
100021e8:	9101      	str	r1, [sp, #4]
100021ea:	1b72      	subs	r2, r6, r5
100021ec:	464b      	mov	r3, r9
100021ee:	3d01      	subs	r5, #1
100021f0:	4641      	mov	r1, r8
100021f2:	f81a 0d01 	ldrb.w	r0, [sl, #-1]!
100021f6:	4634      	mov	r4, r6
100021f8:	47b8      	blx	r7
100021fa:	2d00      	cmp	r5, #0
100021fc:	d1f5      	bne.n	100021ea <_out_rev+0x5a>
100021fe:	9901      	ldr	r1, [sp, #4]
10002200:	9b0f      	ldr	r3, [sp, #60]	@ 0x3c
10002202:	079b      	lsls	r3, r3, #30
10002204:	d5e3      	bpl.n	100021ce <_out_rev+0x3e>
10002206:	1a65      	subs	r5, r4, r1
10002208:	45ab      	cmp	fp, r5
1000220a:	d9e0      	bls.n	100021ce <_out_rev+0x3e>
1000220c:	4622      	mov	r2, r4
1000220e:	464b      	mov	r3, r9
10002210:	4641      	mov	r1, r8
10002212:	2020      	movs	r0, #32
10002214:	3501      	adds	r5, #1
10002216:	47b8      	blx	r7
10002218:	455d      	cmp	r5, fp
1000221a:	f104 0401 	add.w	r4, r4, #1
1000221e:	d3f5      	bcc.n	1000220c <_out_rev+0x7c>
10002220:	e7d5      	b.n	100021ce <_out_rev+0x3e>
10002222:	460c      	mov	r4, r1
10002224:	f1ba 0f00 	cmp.w	sl, #0
10002228:	d1d9      	bne.n	100021de <_out_rev+0x4e>
1000222a:	e7d0      	b.n	100021ce <_out_rev+0x3e>

1000222c <_ntoa_format>:
1000222c:	e92d 4ff0 	stmdb	sp!, {r4, r5, r6, r7, r8, r9, sl, fp, lr}
10002230:	9f0f      	ldr	r7, [sp, #60]	@ 0x3c
10002232:	f8dd 8024 	ldr.w	r8, [sp, #36]	@ 0x24
10002236:	f017 0f02 	tst.w	r7, #2
1000223a:	9c0a      	ldr	r4, [sp, #40]	@ 0x28
1000223c:	f89d a02c 	ldrb.w	sl, [sp, #44]	@ 0x2c
10002240:	9d0e      	ldr	r5, [sp, #56]	@ 0x38
10002242:	e9dd 960c 	ldrd	r9, r6, [sp, #48]	@ 0x30
10002246:	d144      	bne.n	100022d2 <_ntoa_format+0xa6>
10002248:	bbf5      	cbnz	r5, 100022c8 <_ntoa_format+0x9c>
1000224a:	42b4      	cmp	r4, r6
1000224c:	d241      	bcs.n	100022d2 <_ntoa_format+0xa6>
1000224e:	f007 0b01 	and.w	fp, r7, #1
10002252:	f104 3cff 	add.w	ip, r4, #4294967295
10002256:	f04f 0e30 	mov.w	lr, #48	@ 0x30
1000225a:	44c4      	add	ip, r8
1000225c:	e004      	b.n	10002268 <_ntoa_format+0x3c>
1000225e:	3401      	adds	r4, #1
10002260:	42a6      	cmp	r6, r4
10002262:	f80c ef01 	strb.w	lr, [ip, #1]!
10002266:	d901      	bls.n	1000226c <_ntoa_format+0x40>
10002268:	2c20      	cmp	r4, #32
1000226a:	d1f8      	bne.n	1000225e <_ntoa_format+0x32>
1000226c:	f1bb 0f00 	cmp.w	fp, #0
10002270:	f000 8088 	beq.w	10002384 <_ntoa_format+0x158>
10002274:	42a5      	cmp	r5, r4
10002276:	d92c      	bls.n	100022d2 <_ntoa_format+0xa6>
10002278:	f104 3cff 	add.w	ip, r4, #4294967295
1000227c:	f04f 0e30 	mov.w	lr, #48	@ 0x30
10002280:	44c4      	add	ip, r8
10002282:	e004      	b.n	1000228e <_ntoa_format+0x62>
10002284:	3401      	adds	r4, #1
10002286:	42ac      	cmp	r4, r5
10002288:	f80c ef01 	strb.w	lr, [ip, #1]!
1000228c:	d021      	beq.n	100022d2 <_ntoa_format+0xa6>
1000228e:	2c20      	cmp	r4, #32
10002290:	d1f8      	bne.n	10002284 <_ntoa_format+0x58>
10002292:	f017 0f10 	tst.w	r7, #16
10002296:	d00e      	beq.n	100022b6 <_ntoa_format+0x8a>
10002298:	f417 6f80 	tst.w	r7, #1024	@ 0x400
1000229c:	d154      	bne.n	10002348 <_ntoa_format+0x11c>
1000229e:	42a6      	cmp	r6, r4
100022a0:	d063      	beq.n	1000236a <_ntoa_format+0x13e>
100022a2:	42a5      	cmp	r5, r4
100022a4:	d061      	beq.n	1000236a <_ntoa_format+0x13e>
100022a6:	f1b9 0f10 	cmp.w	r9, #16
100022aa:	d050      	beq.n	1000234e <_ntoa_format+0x122>
100022ac:	f1b9 0f02 	cmp.w	r9, #2
100022b0:	d056      	beq.n	10002360 <_ntoa_format+0x134>
100022b2:	2c20      	cmp	r4, #32
100022b4:	d129      	bne.n	1000230a <_ntoa_format+0xde>
100022b6:	2420      	movs	r4, #32
100022b8:	e9cd 570b 	strd	r5, r7, [sp, #44]	@ 0x2c
100022bc:	e9cd 8409 	strd	r8, r4, [sp, #36]	@ 0x24
100022c0:	e8bd 4ff0 	ldmia.w	sp!, {r4, r5, r6, r7, r8, r9, sl, fp, lr}
100022c4:	f7ff bf64 	b.w	10002190 <_out_rev>
100022c8:	f017 0b01 	ands.w	fp, r7, #1
100022cc:	d134      	bne.n	10002338 <_ntoa_format+0x10c>
100022ce:	42b4      	cmp	r4, r6
100022d0:	d3bf      	bcc.n	10002252 <_ntoa_format+0x26>
100022d2:	f017 0f10 	tst.w	r7, #16
100022d6:	d01e      	beq.n	10002316 <_ntoa_format+0xea>
100022d8:	f417 6f80 	tst.w	r7, #1024	@ 0x400
100022dc:	d1e3      	bne.n	100022a6 <_ntoa_format+0x7a>
100022de:	2c00      	cmp	r4, #0
100022e0:	d1dd      	bne.n	1000229e <_ntoa_format+0x72>
100022e2:	f1b9 0f10 	cmp.w	r9, #16
100022e6:	d063      	beq.n	100023b0 <_ntoa_format+0x184>
100022e8:	f1b9 0f02 	cmp.w	r9, #2
100022ec:	d077      	beq.n	100023de <_ntoa_format+0x1b2>
100022ee:	2430      	movs	r4, #48	@ 0x30
100022f0:	f888 4000 	strb.w	r4, [r8]
100022f4:	2401      	movs	r4, #1
100022f6:	f1ba 0f00 	cmp.w	sl, #0
100022fa:	d111      	bne.n	10002320 <_ntoa_format+0xf4>
100022fc:	077e      	lsls	r6, r7, #29
100022fe:	d548      	bpl.n	10002392 <_ntoa_format+0x166>
10002300:	262b      	movs	r6, #43	@ 0x2b
10002302:	f808 6004 	strb.w	r6, [r8, r4]
10002306:	3401      	adds	r4, #1
10002308:	e7d6      	b.n	100022b8 <_ntoa_format+0x8c>
1000230a:	4626      	mov	r6, r4
1000230c:	3401      	adds	r4, #1
1000230e:	f04f 0c30 	mov.w	ip, #48	@ 0x30
10002312:	f808 c006 	strb.w	ip, [r8, r6]
10002316:	2c20      	cmp	r4, #32
10002318:	d0cd      	beq.n	100022b6 <_ntoa_format+0x8a>
1000231a:	f1ba 0f00 	cmp.w	sl, #0
1000231e:	d0ed      	beq.n	100022fc <_ntoa_format+0xd0>
10002320:	262d      	movs	r6, #45	@ 0x2d
10002322:	f808 6004 	strb.w	r6, [r8, r4]
10002326:	3401      	adds	r4, #1
10002328:	e9cd 570b 	strd	r5, r7, [sp, #44]	@ 0x2c
1000232c:	e9cd 8409 	strd	r8, r4, [sp, #36]	@ 0x24
10002330:	e8bd 4ff0 	ldmia.w	sp!, {r4, r5, r6, r7, r8, r9, sl, fp, lr}
10002334:	f7ff bf2c 	b.w	10002190 <_out_rev>
10002338:	f1ba 0f00 	cmp.w	sl, #0
1000233c:	d030      	beq.n	100023a0 <_ntoa_format+0x174>
1000233e:	42b4      	cmp	r4, r6
10002340:	f105 35ff 	add.w	r5, r5, #4294967295
10002344:	d385      	bcc.n	10002252 <_ntoa_format+0x26>
10002346:	e795      	b.n	10002274 <_ntoa_format+0x48>
10002348:	f1b9 0f10 	cmp.w	r9, #16
1000234c:	d1b3      	bne.n	100022b6 <_ntoa_format+0x8a>
1000234e:	06be      	lsls	r6, r7, #26
10002350:	d53b      	bpl.n	100023ca <_ntoa_format+0x19e>
10002352:	2c20      	cmp	r4, #32
10002354:	d0af      	beq.n	100022b6 <_ntoa_format+0x8a>
10002356:	2658      	movs	r6, #88	@ 0x58
10002358:	f808 6004 	strb.w	r6, [r8, r4]
1000235c:	3401      	adds	r4, #1
1000235e:	e7a8      	b.n	100022b2 <_ntoa_format+0x86>
10002360:	2c20      	cmp	r4, #32
10002362:	d0a8      	beq.n	100022b6 <_ntoa_format+0x8a>
10002364:	4626      	mov	r6, r4
10002366:	3401      	adds	r4, #1
10002368:	e007      	b.n	1000237a <_ntoa_format+0x14e>
1000236a:	1e66      	subs	r6, r4, #1
1000236c:	d0b9      	beq.n	100022e2 <_ntoa_format+0xb6>
1000236e:	f1b9 0f10 	cmp.w	r9, #16
10002372:	d036      	beq.n	100023e2 <_ntoa_format+0x1b6>
10002374:	f1b9 0f02 	cmp.w	r9, #2
10002378:	d1c9      	bne.n	1000230e <_ntoa_format+0xe2>
1000237a:	f04f 0c62 	mov.w	ip, #98	@ 0x62
1000237e:	f808 c006 	strb.w	ip, [r8, r6]
10002382:	e796      	b.n	100022b2 <_ntoa_format+0x86>
10002384:	f017 0f10 	tst.w	r7, #16
10002388:	d0c5      	beq.n	10002316 <_ntoa_format+0xea>
1000238a:	f417 6f80 	tst.w	r7, #1024	@ 0x400
1000238e:	d086      	beq.n	1000229e <_ntoa_format+0x72>
10002390:	e789      	b.n	100022a6 <_ntoa_format+0x7a>
10002392:	073e      	lsls	r6, r7, #28
10002394:	d590      	bpl.n	100022b8 <_ntoa_format+0x8c>
10002396:	2620      	movs	r6, #32
10002398:	f808 6004 	strb.w	r6, [r8, r4]
1000239c:	3401      	adds	r4, #1
1000239e:	e78b      	b.n	100022b8 <_ntoa_format+0x8c>
100023a0:	f017 0f0c 	tst.w	r7, #12
100023a4:	d000      	beq.n	100023a8 <_ntoa_format+0x17c>
100023a6:	3d01      	subs	r5, #1
100023a8:	42b4      	cmp	r4, r6
100023aa:	f4ff af52 	bcc.w	10002252 <_ntoa_format+0x26>
100023ae:	e761      	b.n	10002274 <_ntoa_format+0x48>
100023b0:	06bc      	lsls	r4, r7, #26
100023b2:	d412      	bmi.n	100023da <_ntoa_format+0x1ae>
100023b4:	2478      	movs	r4, #120	@ 0x78
100023b6:	f888 4000 	strb.w	r4, [r8]
100023ba:	2430      	movs	r4, #48	@ 0x30
100023bc:	f888 4001 	strb.w	r4, [r8, #1]
100023c0:	2402      	movs	r4, #2
100023c2:	f1ba 0f00 	cmp.w	sl, #0
100023c6:	d099      	beq.n	100022fc <_ntoa_format+0xd0>
100023c8:	e7aa      	b.n	10002320 <_ntoa_format+0xf4>
100023ca:	2c20      	cmp	r4, #32
100023cc:	f43f af73 	beq.w	100022b6 <_ntoa_format+0x8a>
100023d0:	2678      	movs	r6, #120	@ 0x78
100023d2:	f808 6004 	strb.w	r6, [r8, r4]
100023d6:	3401      	adds	r4, #1
100023d8:	e76b      	b.n	100022b2 <_ntoa_format+0x86>
100023da:	2458      	movs	r4, #88	@ 0x58
100023dc:	e7eb      	b.n	100023b6 <_ntoa_format+0x18a>
100023de:	2462      	movs	r4, #98	@ 0x62
100023e0:	e7e9      	b.n	100023b6 <_ntoa_format+0x18a>
100023e2:	f017 0f20 	tst.w	r7, #32
100023e6:	f1a4 0c02 	sub.w	ip, r4, #2
100023ea:	d004      	beq.n	100023f6 <_ntoa_format+0x1ca>
100023ec:	f04f 0e58 	mov.w	lr, #88	@ 0x58
100023f0:	f808 e00c 	strb.w	lr, [r8, ip]
100023f4:	e78b      	b.n	1000230e <_ntoa_format+0xe2>
100023f6:	f04f 0e78 	mov.w	lr, #120	@ 0x78
100023fa:	f808 e00c 	strb.w	lr, [r8, ip]
100023fe:	e786      	b.n	1000230e <_ntoa_format+0xe2>

10002400 <_out_char>:
10002400:	b900      	cbnz	r0, 10002404 <_out_char+0x4>
10002402:	4770      	bx	lr
10002404:	f001 bb9c 	b.w	10003b40 <__wrap_putchar>

10002408 <_out_fct>:
10002408:	b110      	cbz	r0, 10002410 <_out_fct+0x8>
1000240a:	e9d1 3100 	ldrd	r3, r1, [r1]
1000240e:	4718      	bx	r3
10002410:	4770      	bx	lr
10002412:	bf00      	nop
10002414:	0000      	movs	r0, r0
	...

10002418 <_ftoa>:
10002418:	e92d 4ff0 	stmdb	sp!, {r4, r5, r6, r7, r8, r9, sl, fp, lr}
1000241c:	b097      	sub	sp, #92	@ 0x5c
1000241e:	ed9d 7b20 	vldr	d7, [sp, #128]	@ 0x80
10002422:	e9dd 5b22 	ldrd	r5, fp, [sp, #136]	@ 0x88
10002426:	4607      	mov	r7, r0
10002428:	4688      	mov	r8, r1
1000242a:	ec51 0b17 	vmov	r0, r1, d7
1000242e:	9c24      	ldr	r4, [sp, #144]	@ 0x90
10002430:	4699      	mov	r9, r3
10002432:	920c      	str	r2, [sp, #48]	@ 0x30
10002434:	460b      	mov	r3, r1
10002436:	4602      	mov	r2, r0
10002438:	ed8d 7b04 	vstr	d7, [sp, #16]
1000243c:	9407      	str	r4, [sp, #28]
1000243e:	f7ff fe2f 	bl	100020a0 <__wrap___aeabi_dcmpun>
10002442:	2800      	cmp	r0, #0
10002444:	f040 81f4 	bne.w	10002830 <_ftoa+0x418>
10002448:	e9dd 0104 	ldrd	r0, r1, [sp, #16]
1000244c:	f04f 32ff 	mov.w	r2, #4294967295
10002450:	f46f 1380 	mvn.w	r3, #1048576	@ 0x100000
10002454:	f7ff fe36 	bl	100020c4 <__wrap___aeabi_dcmplt>
10002458:	2800      	cmp	r0, #0
1000245a:	f040 811b 	bne.w	10002694 <_ftoa+0x27c>
1000245e:	e9dd 0104 	ldrd	r0, r1, [sp, #16]
10002462:	f04f 32ff 	mov.w	r2, #4294967295
10002466:	4bac      	ldr	r3, [pc, #688]	@ (10002718 <_ftoa+0x300>)
10002468:	f7ff fe68 	bl	1000213c <__wrap___aeabi_dcmpgt>
1000246c:	2800      	cmp	r0, #0
1000246e:	f040 80ee 	bne.w	1000264e <_ftoa+0x236>
10002472:	e9dd 0104 	ldrd	r0, r1, [sp, #16]
10002476:	a3a4      	add	r3, pc, #656	@ (adr r3, 10002708 <_ftoa+0x2f0>)
10002478:	e9d3 2300 	ldrd	r2, r3, [r3]
1000247c:	f7ff fe5e 	bl	1000213c <__wrap___aeabi_dcmpgt>
10002480:	2800      	cmp	r0, #0
10002482:	f040 80d3 	bne.w	1000262c <_ftoa+0x214>
10002486:	e9dd 0104 	ldrd	r0, r1, [sp, #16]
1000248a:	a3a1      	add	r3, pc, #644	@ (adr r3, 10002710 <_ftoa+0x2f8>)
1000248c:	e9d3 2300 	ldrd	r2, r3, [r3]
10002490:	f7ff fe18 	bl	100020c4 <__wrap___aeabi_dcmplt>
10002494:	2800      	cmp	r0, #0
10002496:	f040 80c9 	bne.w	1000262c <_ftoa+0x214>
1000249a:	e9dd 0104 	ldrd	r0, r1, [sp, #16]
1000249e:	2200      	movs	r2, #0
100024a0:	2300      	movs	r3, #0
100024a2:	f7ff fe0f 	bl	100020c4 <__wrap___aeabi_dcmplt>
100024a6:	2800      	cmp	r0, #0
100024a8:	f040 80e8 	bne.w	1000267c <_ftoa+0x264>
100024ac:	4623      	mov	r3, r4
100024ae:	900d      	str	r0, [sp, #52]	@ 0x34
100024b0:	f413 6f80 	tst.w	r3, #1024	@ 0x400
100024b4:	bf08      	it	eq
100024b6:	2506      	moveq	r5, #6
100024b8:	2130      	movs	r1, #48	@ 0x30
100024ba:	462b      	mov	r3, r5
100024bc:	aa0e      	add	r2, sp, #56	@ 0x38
100024be:	f1a5 0620 	sub.w	r6, r5, #32
100024c2:	e005      	b.n	100024d0 <_ftoa+0xb8>
100024c4:	3b01      	subs	r3, #1
100024c6:	42b3      	cmp	r3, r6
100024c8:	f802 1b01 	strb.w	r1, [r2], #1
100024cc:	f000 8193 	beq.w	100027f6 <_ftoa+0x3de>
100024d0:	2b09      	cmp	r3, #9
100024d2:	d8f7      	bhi.n	100024c4 <_ftoa+0xac>
100024d4:	461e      	mov	r6, r3
100024d6:	1aed      	subs	r5, r5, r3
100024d8:	e9dd 0104 	ldrd	r0, r1, [sp, #16]
100024dc:	f7ff fdbc 	bl	10002058 <__wrap___aeabi_d2iz>
100024e0:	4b8e      	ldr	r3, [pc, #568]	@ (1000271c <_ftoa+0x304>)
100024e2:	4604      	mov	r4, r0
100024e4:	eb03 03c6 	add.w	r3, r3, r6, lsl #3
100024e8:	ed93 7b00 	vldr	d7, [r3]
100024ec:	ed8d 7b08 	vstr	d7, [sp, #32]
100024f0:	f7ff fd8e 	bl	10002010 <__wrap___aeabi_i2d>
100024f4:	4602      	mov	r2, r0
100024f6:	460b      	mov	r3, r1
100024f8:	e9dd 0104 	ldrd	r0, r1, [sp, #16]
100024fc:	f7ff fcf2 	bl	10001ee4 <__wrap___aeabi_dsub>
10002500:	e9dd 2308 	ldrd	r2, r3, [sp, #32]
10002504:	f7ff fd02 	bl	10001f0c <__wrap___aeabi_dmul>
10002508:	4602      	mov	r2, r0
1000250a:	460b      	mov	r3, r1
1000250c:	e9cd 230a 	strd	r2, r3, [sp, #40]	@ 0x28
10002510:	f7ff fdb4 	bl	1000207c <__wrap___aeabi_d2uiz>
10002514:	4682      	mov	sl, r0
10002516:	f7ff fd8d 	bl	10002034 <__wrap___aeabi_ui2d>
1000251a:	4602      	mov	r2, r0
1000251c:	460b      	mov	r3, r1
1000251e:	e9dd 010a 	ldrd	r0, r1, [sp, #40]	@ 0x28
10002522:	f7ff fcdf 	bl	10001ee4 <__wrap___aeabi_dsub>
10002526:	4602      	mov	r2, r0
10002528:	460b      	mov	r3, r1
1000252a:	e9cd 230a 	strd	r2, r3, [sp, #40]	@ 0x28
1000252e:	2200      	movs	r2, #0
10002530:	4b7b      	ldr	r3, [pc, #492]	@ (10002720 <_ftoa+0x308>)
10002532:	f7ff fe03 	bl	1000213c <__wrap___aeabi_dcmpgt>
10002536:	2800      	cmp	r0, #0
10002538:	f000 80fe 	beq.w	10002738 <_ftoa+0x320>
1000253c:	f10a 0a01 	add.w	sl, sl, #1
10002540:	4650      	mov	r0, sl
10002542:	f7ff fd77 	bl	10002034 <__wrap___aeabi_ui2d>
10002546:	4602      	mov	r2, r0
10002548:	460b      	mov	r3, r1
1000254a:	e9dd 0108 	ldrd	r0, r1, [sp, #32]
1000254e:	f7ff fdcd 	bl	100020ec <__wrap___aeabi_dcmple>
10002552:	b110      	cbz	r0, 1000255a <_ftoa+0x142>
10002554:	f04f 0a00 	mov.w	sl, #0
10002558:	3401      	adds	r4, #1
1000255a:	2e00      	cmp	r6, #0
1000255c:	f000 80fd 	beq.w	1000275a <_ftoa+0x342>
10002560:	1e68      	subs	r0, r5, #1
10002562:	ab0e      	add	r3, sp, #56	@ 0x38
10002564:	f8df c1cc 	ldr.w	ip, [pc, #460]	@ 10002734 <_ftoa+0x31c>
10002568:	4418      	add	r0, r3
1000256a:	e00f      	b.n	1000258c <_ftoa+0x174>
1000256c:	fbac 210a 	umull	r2, r1, ip, sl
10002570:	08c9      	lsrs	r1, r1, #3
10002572:	eb01 0281 	add.w	r2, r1, r1, lsl #2
10002576:	ebaa 0242 	sub.w	r2, sl, r2, lsl #1
1000257a:	3230      	adds	r2, #48	@ 0x30
1000257c:	f1ba 0f09 	cmp.w	sl, #9
10002580:	f800 2f01 	strb.w	r2, [r0, #1]!
10002584:	f240 811c 	bls.w	100027c0 <_ftoa+0x3a8>
10002588:	468a      	mov	sl, r1
1000258a:	461d      	mov	r5, r3
1000258c:	2d20      	cmp	r5, #32
1000258e:	f105 0301 	add.w	r3, r5, #1
10002592:	f106 36ff 	add.w	r6, r6, #4294967295
10002596:	d1e9      	bne.n	1000256c <_ftoa+0x154>
10002598:	2520      	movs	r5, #32
1000259a:	1e69      	subs	r1, r5, #1
1000259c:	ab0e      	add	r3, sp, #56	@ 0x38
1000259e:	4861      	ldr	r0, [pc, #388]	@ (10002724 <_ftoa+0x30c>)
100025a0:	4419      	add	r1, r3
100025a2:	e010      	b.n	100025c6 <_ftoa+0x1ae>
100025a4:	fb80 6204 	smull	r6, r2, r0, r4
100025a8:	ebc3 03a2 	rsb	r3, r3, r2, asr #2
100025ac:	eb03 0283 	add.w	r2, r3, r3, lsl #2
100025b0:	eba4 0442 	sub.w	r4, r4, r2, lsl #1
100025b4:	f104 0230 	add.w	r2, r4, #48	@ 0x30
100025b8:	3501      	adds	r5, #1
100025ba:	461c      	mov	r4, r3
100025bc:	f801 2f01 	strb.w	r2, [r1, #1]!
100025c0:	2b00      	cmp	r3, #0
100025c2:	f000 80eb 	beq.w	1000279c <_ftoa+0x384>
100025c6:	2d20      	cmp	r5, #32
100025c8:	ea4f 73e4 	mov.w	r3, r4, asr #31
100025cc:	d1ea      	bne.n	100025a4 <_ftoa+0x18c>
100025ce:	9b07      	ldr	r3, [sp, #28]
100025d0:	f003 0303 	and.w	r3, r3, #3
100025d4:	2b01      	cmp	r3, #1
100025d6:	d118      	bne.n	1000260a <_ftoa+0x1f2>
100025d8:	f1bb 0f00 	cmp.w	fp, #0
100025dc:	d015      	beq.n	1000260a <_ftoa+0x1f2>
100025de:	9b0d      	ldr	r3, [sp, #52]	@ 0x34
100025e0:	2b00      	cmp	r3, #0
100025e2:	f000 810a 	beq.w	100027fa <_ftoa+0x3e2>
100025e6:	f10b 3bff 	add.w	fp, fp, #4294967295
100025ea:	f1bb 0f20 	cmp.w	fp, #32
100025ee:	d90c      	bls.n	1000260a <_ftoa+0x1f2>
100025f0:	1e6b      	subs	r3, r5, #1
100025f2:	a90e      	add	r1, sp, #56	@ 0x38
100025f4:	2230      	movs	r2, #48	@ 0x30
100025f6:	440b      	add	r3, r1
100025f8:	e005      	b.n	10002606 <_ftoa+0x1ee>
100025fa:	3501      	adds	r5, #1
100025fc:	455d      	cmp	r5, fp
100025fe:	f803 2f01 	strb.w	r2, [r3, #1]!
10002602:	f080 80d1 	bcs.w	100027a8 <_ftoa+0x390>
10002606:	2d20      	cmp	r5, #32
10002608:	d1f7      	bne.n	100025fa <_ftoa+0x1e2>
1000260a:	9b07      	ldr	r3, [sp, #28]
1000260c:	ac0e      	add	r4, sp, #56	@ 0x38
1000260e:	e9cd b302 	strd	fp, r3, [sp, #8]
10002612:	4641      	mov	r1, r8
10002614:	464b      	mov	r3, r9
10002616:	4638      	mov	r0, r7
10002618:	9a0c      	ldr	r2, [sp, #48]	@ 0x30
1000261a:	9501      	str	r5, [sp, #4]
1000261c:	9400      	str	r4, [sp, #0]
1000261e:	f7ff fdb7 	bl	10002190 <_out_rev>
10002622:	4682      	mov	sl, r0
10002624:	4650      	mov	r0, sl
10002626:	b017      	add	sp, #92	@ 0x5c
10002628:	e8bd 8ff0 	ldmia.w	sp!, {r4, r5, r6, r7, r8, r9, sl, fp, pc}
1000262c:	9b07      	ldr	r3, [sp, #28]
1000262e:	ed9d 7b04 	vldr	d7, [sp, #16]
10002632:	e9cd b323 	strd	fp, r3, [sp, #140]	@ 0x8c
10002636:	4641      	mov	r1, r8
10002638:	464b      	mov	r3, r9
1000263a:	4638      	mov	r0, r7
1000263c:	9a0c      	ldr	r2, [sp, #48]	@ 0x30
1000263e:	ed8d 7b20 	vstr	d7, [sp, #128]	@ 0x80
10002642:	9522      	str	r5, [sp, #136]	@ 0x88
10002644:	b017      	add	sp, #92	@ 0x5c
10002646:	e8bd 4ff0 	ldmia.w	sp!, {r4, r5, r6, r7, r8, r9, sl, fp, lr}
1000264a:	f000 b945 	b.w	100028d8 <_etoa>
1000264e:	0761      	lsls	r1, r4, #29
10002650:	4623      	mov	r3, r4
10002652:	bf4c      	ite	mi
10002654:	2304      	movmi	r3, #4
10002656:	2303      	movpl	r3, #3
10002658:	4641      	mov	r1, r8
1000265a:	9321      	str	r3, [sp, #132]	@ 0x84
1000265c:	4638      	mov	r0, r7
1000265e:	464b      	mov	r3, r9
10002660:	9a07      	ldr	r2, [sp, #28]
10002662:	bf48      	it	mi
10002664:	4c30      	ldrmi	r4, [pc, #192]	@ (10002728 <_ftoa+0x310>)
10002666:	e9cd b222 	strd	fp, r2, [sp, #136]	@ 0x88
1000266a:	bf58      	it	pl
1000266c:	4c2f      	ldrpl	r4, [pc, #188]	@ (1000272c <_ftoa+0x314>)
1000266e:	9a0c      	ldr	r2, [sp, #48]	@ 0x30
10002670:	9420      	str	r4, [sp, #128]	@ 0x80
10002672:	b017      	add	sp, #92	@ 0x5c
10002674:	e8bd 4ff0 	ldmia.w	sp!, {r4, r5, r6, r7, r8, r9, sl, fp, lr}
10002678:	f7ff bd8a 	b.w	10002190 <_out_rev>
1000267c:	e9dd 2304 	ldrd	r2, r3, [sp, #16]
10002680:	2000      	movs	r0, #0
10002682:	2100      	movs	r1, #0
10002684:	f7ff fc2e 	bl	10001ee4 <__wrap___aeabi_dsub>
10002688:	2301      	movs	r3, #1
1000268a:	e9cd 0104 	strd	r0, r1, [sp, #16]
1000268e:	930d      	str	r3, [sp, #52]	@ 0x34
10002690:	4623      	mov	r3, r4
10002692:	e70d      	b.n	100024b0 <_ftoa+0x98>
10002694:	4623      	mov	r3, r4
10002696:	079c      	lsls	r4, r3, #30
10002698:	f040 80aa 	bne.w	100027f0 <_ftoa+0x3d8>
1000269c:	f1bb 0f04 	cmp.w	fp, #4
100026a0:	f240 80a6 	bls.w	100027f0 <_ftoa+0x3d8>
100026a4:	9b0c      	ldr	r3, [sp, #48]	@ 0x30
100026a6:	461d      	mov	r5, r3
100026a8:	1f1c      	subs	r4, r3, #4
100026aa:	eb04 0a0b 	add.w	sl, r4, fp
100026ae:	462a      	mov	r2, r5
100026b0:	464b      	mov	r3, r9
100026b2:	4641      	mov	r1, r8
100026b4:	2020      	movs	r0, #32
100026b6:	3501      	adds	r5, #1
100026b8:	47b8      	blx	r7
100026ba:	45aa      	cmp	sl, r5
100026bc:	d1f7      	bne.n	100026ae <_ftoa+0x296>
100026be:	4655      	mov	r5, sl
100026c0:	4c1b      	ldr	r4, [pc, #108]	@ (10002730 <_ftoa+0x318>)
100026c2:	1f26      	subs	r6, r4, #4
100026c4:	f814 0d01 	ldrb.w	r0, [r4, #-1]!
100026c8:	462a      	mov	r2, r5
100026ca:	464b      	mov	r3, r9
100026cc:	4641      	mov	r1, r8
100026ce:	47b8      	blx	r7
100026d0:	42b4      	cmp	r4, r6
100026d2:	f105 0501 	add.w	r5, r5, #1
100026d6:	d1f5      	bne.n	100026c4 <_ftoa+0x2ac>
100026d8:	9b07      	ldr	r3, [sp, #28]
100026da:	f10a 0a04 	add.w	sl, sl, #4
100026de:	0798      	lsls	r0, r3, #30
100026e0:	d5a0      	bpl.n	10002624 <_ftoa+0x20c>
100026e2:	9c0c      	ldr	r4, [sp, #48]	@ 0x30
100026e4:	ebaa 0304 	sub.w	r3, sl, r4
100026e8:	459b      	cmp	fp, r3
100026ea:	d99b      	bls.n	10002624 <_ftoa+0x20c>
100026ec:	4652      	mov	r2, sl
100026ee:	464b      	mov	r3, r9
100026f0:	4641      	mov	r1, r8
100026f2:	2020      	movs	r0, #32
100026f4:	f10a 0a01 	add.w	sl, sl, #1
100026f8:	47b8      	blx	r7
100026fa:	ebaa 0304 	sub.w	r3, sl, r4
100026fe:	455b      	cmp	r3, fp
10002700:	d3f4      	bcc.n	100026ec <_ftoa+0x2d4>
10002702:	e78f      	b.n	10002624 <_ftoa+0x20c>
10002704:	f3af 8000 	nop.w
10002708:	00000000 	.word	0x00000000
1000270c:	41cdcd65 	.word	0x41cdcd65
10002710:	00000000 	.word	0x00000000
10002714:	c1cdcd65 	.word	0xc1cdcd65
10002718:	7fefffff 	.word	0x7fefffff
1000271c:	10009878 	.word	0x10009878
10002720:	3fe00000 	.word	0x3fe00000
10002724:	66666667 	.word	0x66666667
10002728:	10009750 	.word	0x10009750
1000272c:	10009758 	.word	0x10009758
10002730:	10009764 	.word	0x10009764
10002734:	cccccccd 	.word	0xcccccccd
10002738:	2200      	movs	r2, #0
1000273a:	e9dd 010a 	ldrd	r0, r1, [sp, #40]	@ 0x28
1000273e:	4b63      	ldr	r3, [pc, #396]	@ (100028cc <_ftoa+0x4b4>)
10002740:	f7ff fcc0 	bl	100020c4 <__wrap___aeabi_dcmplt>
10002744:	2800      	cmp	r0, #0
10002746:	f47f af08 	bne.w	1000255a <_ftoa+0x142>
1000274a:	f1ba 0f00 	cmp.w	sl, #0
1000274e:	d16a      	bne.n	10002826 <_ftoa+0x40e>
10002750:	f10a 0a01 	add.w	sl, sl, #1
10002754:	2e00      	cmp	r6, #0
10002756:	f47f af03 	bne.w	10002560 <_ftoa+0x148>
1000275a:	4620      	mov	r0, r4
1000275c:	f7ff fc58 	bl	10002010 <__wrap___aeabi_i2d>
10002760:	4602      	mov	r2, r0
10002762:	460b      	mov	r3, r1
10002764:	e9dd 0104 	ldrd	r0, r1, [sp, #16]
10002768:	f7ff fbbc 	bl	10001ee4 <__wrap___aeabi_dsub>
1000276c:	4602      	mov	r2, r0
1000276e:	460b      	mov	r3, r1
10002770:	e9cd 2304 	strd	r2, r3, [sp, #16]
10002774:	2200      	movs	r2, #0
10002776:	4b55      	ldr	r3, [pc, #340]	@ (100028cc <_ftoa+0x4b4>)
10002778:	f7ff fca4 	bl	100020c4 <__wrap___aeabi_dcmplt>
1000277c:	2800      	cmp	r0, #0
1000277e:	f47f af0c 	bne.w	1000259a <_ftoa+0x182>
10002782:	e9dd 0104 	ldrd	r0, r1, [sp, #16]
10002786:	2200      	movs	r2, #0
10002788:	4b50      	ldr	r3, [pc, #320]	@ (100028cc <_ftoa+0x4b4>)
1000278a:	f7ff fcd7 	bl	1000213c <__wrap___aeabi_dcmpgt>
1000278e:	2800      	cmp	r0, #0
10002790:	f47f af03 	bne.w	1000259a <_ftoa+0x182>
10002794:	3401      	adds	r4, #1
10002796:	f024 0401 	bic.w	r4, r4, #1
1000279a:	e6fe      	b.n	1000259a <_ftoa+0x182>
1000279c:	9b07      	ldr	r3, [sp, #28]
1000279e:	f003 0303 	and.w	r3, r3, #3
100027a2:	2b01      	cmp	r3, #1
100027a4:	f000 8082 	beq.w	100028ac <_ftoa+0x494>
100027a8:	2d20      	cmp	r5, #32
100027aa:	f43f af2e 	beq.w	1000260a <_ftoa+0x1f2>
100027ae:	9b0d      	ldr	r3, [sp, #52]	@ 0x34
100027b0:	b37b      	cbz	r3, 10002812 <_ftoa+0x3fa>
100027b2:	222d      	movs	r2, #45	@ 0x2d
100027b4:	eb0d 0305 	add.w	r3, sp, r5
100027b8:	f883 2038 	strb.w	r2, [r3, #56]	@ 0x38
100027bc:	3501      	adds	r5, #1
100027be:	e724      	b.n	1000260a <_ftoa+0x1f2>
100027c0:	2b20      	cmp	r3, #32
100027c2:	f43f aee9 	beq.w	10002598 <_ftoa+0x180>
100027c6:	aa0e      	add	r2, sp, #56	@ 0x38
100027c8:	4415      	add	r5, r2
100027ca:	441e      	add	r6, r3
100027cc:	2230      	movs	r2, #48	@ 0x30
100027ce:	e004      	b.n	100027da <_ftoa+0x3c2>
100027d0:	2b20      	cmp	r3, #32
100027d2:	f805 2f01 	strb.w	r2, [r5, #1]!
100027d6:	f43f aedf 	beq.w	10002598 <_ftoa+0x180>
100027da:	429e      	cmp	r6, r3
100027dc:	f103 0301 	add.w	r3, r3, #1
100027e0:	d1f6      	bne.n	100027d0 <_ftoa+0x3b8>
100027e2:	222e      	movs	r2, #46	@ 0x2e
100027e4:	eb0d 0306 	add.w	r3, sp, r6
100027e8:	f883 2038 	strb.w	r2, [r3, #56]	@ 0x38
100027ec:	1c75      	adds	r5, r6, #1
100027ee:	e6d4      	b.n	1000259a <_ftoa+0x182>
100027f0:	f8dd a030 	ldr.w	sl, [sp, #48]	@ 0x30
100027f4:	e763      	b.n	100026be <_ftoa+0x2a6>
100027f6:	2520      	movs	r5, #32
100027f8:	e66e      	b.n	100024d8 <_ftoa+0xc0>
100027fa:	9b07      	ldr	r3, [sp, #28]
100027fc:	f013 0f0c 	tst.w	r3, #12
10002800:	d050      	beq.n	100028a4 <_ftoa+0x48c>
10002802:	f10b 3bff 	add.w	fp, fp, #4294967295
10002806:	45ab      	cmp	fp, r5
10002808:	f63f aef2 	bhi.w	100025f0 <_ftoa+0x1d8>
1000280c:	2d20      	cmp	r5, #32
1000280e:	f43f aefc 	beq.w	1000260a <_ftoa+0x1f2>
10002812:	9b07      	ldr	r3, [sp, #28]
10002814:	075a      	lsls	r2, r3, #29
10002816:	d501      	bpl.n	1000281c <_ftoa+0x404>
10002818:	222b      	movs	r2, #43	@ 0x2b
1000281a:	e7cb      	b.n	100027b4 <_ftoa+0x39c>
1000281c:	071b      	lsls	r3, r3, #28
1000281e:	f57f aef4 	bpl.w	1000260a <_ftoa+0x1f2>
10002822:	2220      	movs	r2, #32
10002824:	e7c6      	b.n	100027b4 <_ftoa+0x39c>
10002826:	f01a 0f01 	tst.w	sl, #1
1000282a:	f43f ae96 	beq.w	1000255a <_ftoa+0x142>
1000282e:	e78f      	b.n	10002750 <_ftoa+0x338>
10002830:	07a6      	lsls	r6, r4, #30
10002832:	d134      	bne.n	1000289e <_ftoa+0x486>
10002834:	f1bb 0f03 	cmp.w	fp, #3
10002838:	d931      	bls.n	1000289e <_ftoa+0x486>
1000283a:	9b0c      	ldr	r3, [sp, #48]	@ 0x30
1000283c:	461d      	mov	r5, r3
1000283e:	1edc      	subs	r4, r3, #3
10002840:	eb04 0a0b 	add.w	sl, r4, fp
10002844:	462a      	mov	r2, r5
10002846:	464b      	mov	r3, r9
10002848:	4641      	mov	r1, r8
1000284a:	2020      	movs	r0, #32
1000284c:	3501      	adds	r5, #1
1000284e:	47b8      	blx	r7
10002850:	4555      	cmp	r5, sl
10002852:	d1f7      	bne.n	10002844 <_ftoa+0x42c>
10002854:	4655      	mov	r5, sl
10002856:	4c1e      	ldr	r4, [pc, #120]	@ (100028d0 <_ftoa+0x4b8>)
10002858:	1ee6      	subs	r6, r4, #3
1000285a:	f814 0d01 	ldrb.w	r0, [r4, #-1]!
1000285e:	462a      	mov	r2, r5
10002860:	464b      	mov	r3, r9
10002862:	4641      	mov	r1, r8
10002864:	47b8      	blx	r7
10002866:	42a6      	cmp	r6, r4
10002868:	f105 0501 	add.w	r5, r5, #1
1000286c:	d1f5      	bne.n	1000285a <_ftoa+0x442>
1000286e:	9b07      	ldr	r3, [sp, #28]
10002870:	f10a 0a03 	add.w	sl, sl, #3
10002874:	079d      	lsls	r5, r3, #30
10002876:	f57f aed5 	bpl.w	10002624 <_ftoa+0x20c>
1000287a:	9c0c      	ldr	r4, [sp, #48]	@ 0x30
1000287c:	ebaa 0304 	sub.w	r3, sl, r4
10002880:	459b      	cmp	fp, r3
10002882:	f67f aecf 	bls.w	10002624 <_ftoa+0x20c>
10002886:	4652      	mov	r2, sl
10002888:	464b      	mov	r3, r9
1000288a:	4641      	mov	r1, r8
1000288c:	2020      	movs	r0, #32
1000288e:	f10a 0a01 	add.w	sl, sl, #1
10002892:	47b8      	blx	r7
10002894:	ebaa 0304 	sub.w	r3, sl, r4
10002898:	459b      	cmp	fp, r3
1000289a:	d8f4      	bhi.n	10002886 <_ftoa+0x46e>
1000289c:	e6c2      	b.n	10002624 <_ftoa+0x20c>
1000289e:	f8dd a030 	ldr.w	sl, [sp, #48]	@ 0x30
100028a2:	e7d7      	b.n	10002854 <_ftoa+0x43c>
100028a4:	45ab      	cmp	fp, r5
100028a6:	f63f aea3 	bhi.w	100025f0 <_ftoa+0x1d8>
100028aa:	e6ae      	b.n	1000260a <_ftoa+0x1f2>
100028ac:	f1bb 0f00 	cmp.w	fp, #0
100028b0:	f43f af7a 	beq.w	100027a8 <_ftoa+0x390>
100028b4:	9b0d      	ldr	r3, [sp, #52]	@ 0x34
100028b6:	2b00      	cmp	r3, #0
100028b8:	d09f      	beq.n	100027fa <_ftoa+0x3e2>
100028ba:	f10b 3bff 	add.w	fp, fp, #4294967295
100028be:	455d      	cmp	r5, fp
100028c0:	f4ff ae96 	bcc.w	100025f0 <_ftoa+0x1d8>
100028c4:	2d20      	cmp	r5, #32
100028c6:	f47f af74 	bne.w	100027b2 <_ftoa+0x39a>
100028ca:	e69e      	b.n	1000260a <_ftoa+0x1f2>
100028cc:	3fe00000 	.word	0x3fe00000
100028d0:	1000975f 	.word	0x1000975f
100028d4:	00000000 	.word	0x00000000

100028d8 <_etoa>:
100028d8:	e92d 4ff0 	stmdb	sp!, {r4, r5, r6, r7, r8, r9, sl, fp, lr}
100028dc:	b09f      	sub	sp, #124	@ 0x7c
100028de:	9e2a      	ldr	r6, [sp, #168]	@ 0xa8
100028e0:	e9dd 4528 	ldrd	r4, r5, [sp, #160]	@ 0xa0
100028e4:	4607      	mov	r7, r0
100028e6:	4693      	mov	fp, r2
100028e8:	9108      	str	r1, [sp, #32]
100028ea:	9309      	str	r3, [sp, #36]	@ 0x24
100028ec:	4622      	mov	r2, r4
100028ee:	462b      	mov	r3, r5
100028f0:	4620      	mov	r0, r4
100028f2:	4629      	mov	r1, r5
100028f4:	960e      	str	r6, [sp, #56]	@ 0x38
100028f6:	e9dd a62b 	ldrd	sl, r6, [sp, #172]	@ 0xac
100028fa:	f7ff fbd1 	bl	100020a0 <__wrap___aeabi_dcmpun>
100028fe:	2800      	cmp	r0, #0
10002900:	f040 80be 	bne.w	10002a80 <_etoa+0x1a8>
10002904:	4620      	mov	r0, r4
10002906:	4629      	mov	r1, r5
10002908:	f04f 32ff 	mov.w	r2, #4294967295
1000290c:	4b78      	ldr	r3, [pc, #480]	@ (10002af0 <_etoa+0x218>)
1000290e:	f7ff fc15 	bl	1000213c <__wrap___aeabi_dcmpgt>
10002912:	2800      	cmp	r0, #0
10002914:	f040 80b4 	bne.w	10002a80 <_etoa+0x1a8>
10002918:	4620      	mov	r0, r4
1000291a:	4629      	mov	r1, r5
1000291c:	f04f 32ff 	mov.w	r2, #4294967295
10002920:	f46f 1380 	mvn.w	r3, #1048576	@ 0x100000
10002924:	f7ff fbce 	bl	100020c4 <__wrap___aeabi_dcmplt>
10002928:	2800      	cmp	r0, #0
1000292a:	f040 80a9 	bne.w	10002a80 <_etoa+0x1a8>
1000292e:	4620      	mov	r0, r4
10002930:	4629      	mov	r1, r5
10002932:	2200      	movs	r2, #0
10002934:	2300      	movs	r3, #0
10002936:	f7ff fbc5 	bl	100020c4 <__wrap___aeabi_dcmplt>
1000293a:	2800      	cmp	r0, #0
1000293c:	f040 81d5 	bne.w	10002cea <_etoa+0x412>
10002940:	e9cd 450a 	strd	r4, r5, [sp, #40]	@ 0x28
10002944:	e9dd 230a 	ldrd	r2, r3, [sp, #40]	@ 0x28
10002948:	4690      	mov	r8, r2
1000294a:	4699      	mov	r9, r3
1000294c:	f406 6200 	and.w	r2, r6, #2048	@ 0x800
10002950:	f416 6380 	ands.w	r3, r6, #1024	@ 0x400
10002954:	920f      	str	r2, [sp, #60]	@ 0x3c
10002956:	9313      	str	r3, [sp, #76]	@ 0x4c
10002958:	f040 80a1 	bne.w	10002a9e <_etoa+0x1c6>
1000295c:	ea58 0309 	orrs.w	r3, r8, r9
10002960:	f040 80ca 	bne.w	10002af8 <_etoa+0x220>
10002964:	2a00      	cmp	r2, #0
10002966:	f040 81e3 	bne.w	10002d30 <_etoa+0x458>
1000296a:	2306      	movs	r3, #6
1000296c:	930e      	str	r3, [sp, #56]	@ 0x38
1000296e:	f016 0202 	ands.w	r2, r6, #2
10002972:	9210      	str	r2, [sp, #64]	@ 0x40
10002974:	f040 81d4 	bne.w	10002d20 <_etoa+0x448>
10002978:	4653      	mov	r3, sl
1000297a:	2b04      	cmp	r3, #4
1000297c:	bf38      	it	cc
1000297e:	2304      	movcc	r3, #4
10002980:	920c      	str	r2, [sp, #48]	@ 0x30
10002982:	2204      	movs	r2, #4
10002984:	3b04      	subs	r3, #4
10002986:	9212      	str	r2, [sp, #72]	@ 0x48
10002988:	930f      	str	r3, [sp, #60]	@ 0x3c
1000298a:	4620      	mov	r0, r4
1000298c:	4629      	mov	r1, r5
1000298e:	2200      	movs	r2, #0
10002990:	2300      	movs	r3, #0
10002992:	f7ff fb97 	bl	100020c4 <__wrap___aeabi_dcmplt>
10002996:	2800      	cmp	r0, #0
10002998:	f040 81f3 	bne.w	10002d82 <_etoa+0x4aa>
1000299c:	ed9d 7b0a 	vldr	d7, [sp, #40]	@ 0x28
100029a0:	9b0f      	ldr	r3, [sp, #60]	@ 0x3c
100029a2:	465a      	mov	r2, fp
100029a4:	9303      	str	r3, [sp, #12]
100029a6:	9b0e      	ldr	r3, [sp, #56]	@ 0x38
100029a8:	ed8d 7b00 	vstr	d7, [sp]
100029ac:	9302      	str	r3, [sp, #8]
100029ae:	f426 6300 	bic.w	r3, r6, #2048	@ 0x800
100029b2:	9304      	str	r3, [sp, #16]
100029b4:	4638      	mov	r0, r7
100029b6:	9b09      	ldr	r3, [sp, #36]	@ 0x24
100029b8:	9908      	ldr	r1, [sp, #32]
100029ba:	f7ff fd2d 	bl	10002418 <_ftoa>
100029be:	4602      	mov	r2, r0
100029c0:	f016 0f20 	tst.w	r6, #32
100029c4:	9b09      	ldr	r3, [sp, #36]	@ 0x24
100029c6:	9908      	ldr	r1, [sp, #32]
100029c8:	bf0c      	ite	eq
100029ca:	2065      	moveq	r0, #101	@ 0x65
100029cc:	2045      	movne	r0, #69	@ 0x45
100029ce:	f102 0801 	add.w	r8, r2, #1
100029d2:	47b8      	blx	r7
100029d4:	9a0c      	ldr	r2, [sp, #48]	@ 0x30
100029d6:	9b12      	ldr	r3, [sp, #72]	@ 0x48
100029d8:	ac16      	add	r4, sp, #88	@ 0x58
100029da:	1e5d      	subs	r5, r3, #1
100029dc:	ea82 73e2 	eor.w	r3, r2, r2, asr #31
100029e0:	eba3 73e2 	sub.w	r3, r3, r2, asr #31
100029e4:	0fd1      	lsrs	r1, r2, #31
100029e6:	2600      	movs	r6, #0
100029e8:	4622      	mov	r2, r4
100029ea:	4699      	mov	r9, r3
100029ec:	f8df c104 	ldr.w	ip, [pc, #260]	@ 10002af4 <_etoa+0x21c>
100029f0:	e001      	b.n	100029f6 <_etoa+0x11e>
100029f2:	2e20      	cmp	r6, #32
100029f4:	d010      	beq.n	10002a18 <_etoa+0x140>
100029f6:	46ce      	mov	lr, r9
100029f8:	fbac 3009 	umull	r3, r0, ip, r9
100029fc:	08c0      	lsrs	r0, r0, #3
100029fe:	eb00 0380 	add.w	r3, r0, r0, lsl #2
10002a02:	eba9 0343 	sub.w	r3, r9, r3, lsl #1
10002a06:	3330      	adds	r3, #48	@ 0x30
10002a08:	f1be 0f09 	cmp.w	lr, #9
10002a0c:	4681      	mov	r9, r0
10002a0e:	f106 0601 	add.w	r6, r6, #1
10002a12:	f802 3b01 	strb.w	r3, [r2], #1
10002a16:	d8ec      	bhi.n	100029f2 <_etoa+0x11a>
10002a18:	2305      	movs	r3, #5
10002a1a:	2000      	movs	r0, #0
10002a1c:	9306      	str	r3, [sp, #24]
10002a1e:	230a      	movs	r3, #10
10002a20:	9505      	str	r5, [sp, #20]
10002a22:	9400      	str	r4, [sp, #0]
10002a24:	9d09      	ldr	r5, [sp, #36]	@ 0x24
10002a26:	9c08      	ldr	r4, [sp, #32]
10002a28:	4642      	mov	r2, r8
10002a2a:	e9cd 3003 	strd	r3, r0, [sp, #12]
10002a2e:	e9cd 6101 	strd	r6, r1, [sp, #4]
10002a32:	462b      	mov	r3, r5
10002a34:	4621      	mov	r1, r4
10002a36:	4638      	mov	r0, r7
10002a38:	f7ff fbf8 	bl	1000222c <_ntoa_format>
10002a3c:	9a10      	ldr	r2, [sp, #64]	@ 0x40
10002a3e:	4680      	mov	r8, r0
10002a40:	b1d2      	cbz	r2, 10002a78 <_etoa+0x1a0>
10002a42:	eba0 060b 	sub.w	r6, r0, fp
10002a46:	45b2      	cmp	sl, r6
10002a48:	d916      	bls.n	10002a78 <_etoa+0x1a0>
10002a4a:	eb0b 0206 	add.w	r2, fp, r6
10002a4e:	462b      	mov	r3, r5
10002a50:	4621      	mov	r1, r4
10002a52:	2020      	movs	r0, #32
10002a54:	3601      	adds	r6, #1
10002a56:	47b8      	blx	r7
10002a58:	45b2      	cmp	sl, r6
10002a5a:	d8f6      	bhi.n	10002a4a <_etoa+0x172>
10002a5c:	f10b 33ff 	add.w	r3, fp, #4294967295
10002a60:	4453      	add	r3, sl
10002a62:	f1cb 0201 	rsb	r2, fp, #1
10002a66:	eba3 0308 	sub.w	r3, r3, r8
10002a6a:	4442      	add	r2, r8
10002a6c:	4592      	cmp	sl, r2
10002a6e:	bf38      	it	cc
10002a70:	2300      	movcc	r3, #0
10002a72:	f108 0801 	add.w	r8, r8, #1
10002a76:	4498      	add	r8, r3
10002a78:	4640      	mov	r0, r8
10002a7a:	b01f      	add	sp, #124	@ 0x7c
10002a7c:	e8bd 8ff0 	ldmia.w	sp!, {r4, r5, r6, r7, r8, r9, sl, fp, pc}
10002a80:	465a      	mov	r2, fp
10002a82:	4638      	mov	r0, r7
10002a84:	e9cd 4528 	strd	r4, r5, [sp, #160]	@ 0xa0
10002a88:	e9cd a62b 	strd	sl, r6, [sp, #172]	@ 0xac
10002a8c:	9c0e      	ldr	r4, [sp, #56]	@ 0x38
10002a8e:	9b09      	ldr	r3, [sp, #36]	@ 0x24
10002a90:	9908      	ldr	r1, [sp, #32]
10002a92:	942a      	str	r4, [sp, #168]	@ 0xa8
10002a94:	b01f      	add	sp, #124	@ 0x7c
10002a96:	e8bd 4ff0 	ldmia.w	sp!, {r4, r5, r6, r7, r8, r9, sl, fp, lr}
10002a9a:	f7ff bcbd 	b.w	10002418 <_ftoa>
10002a9e:	ea58 0309 	orrs.w	r3, r8, r9
10002aa2:	d12b      	bne.n	10002afc <_etoa+0x224>
10002aa4:	2a00      	cmp	r2, #0
10002aa6:	f43f af62 	beq.w	1000296e <_etoa+0x96>
10002aaa:	2300      	movs	r3, #0
10002aac:	930c      	str	r3, [sp, #48]	@ 0x30
10002aae:	9b0e      	ldr	r3, [sp, #56]	@ 0x38
10002ab0:	9a0c      	ldr	r2, [sp, #48]	@ 0x30
10002ab2:	4293      	cmp	r3, r2
10002ab4:	f300 81b9 	bgt.w	10002e2a <_etoa+0x552>
10002ab8:	f04f 0800 	mov.w	r8, #0
10002abc:	4620      	mov	r0, r4
10002abe:	4629      	mov	r1, r5
10002ac0:	2200      	movs	r2, #0
10002ac2:	2300      	movs	r3, #0
10002ac4:	f7ff fafe 	bl	100020c4 <__wrap___aeabi_dcmplt>
10002ac8:	2800      	cmp	r0, #0
10002aca:	f040 8113 	bne.w	10002cf4 <_etoa+0x41c>
10002ace:	ed9d 7b0a 	vldr	d7, [sp, #40]	@ 0x28
10002ad2:	f426 6600 	bic.w	r6, r6, #2048	@ 0x800
10002ad6:	f446 6680 	orr.w	r6, r6, #1024	@ 0x400
10002ada:	ed8d 7b28 	vstr	d7, [sp, #160]	@ 0xa0
10002ade:	465a      	mov	r2, fp
10002ae0:	4638      	mov	r0, r7
10002ae2:	e9cd 8a2a 	strd	r8, sl, [sp, #168]	@ 0xa8
10002ae6:	9b09      	ldr	r3, [sp, #36]	@ 0x24
10002ae8:	9908      	ldr	r1, [sp, #32]
10002aea:	962c      	str	r6, [sp, #176]	@ 0xb0
10002aec:	e7d2      	b.n	10002a94 <_etoa+0x1bc>
10002aee:	bf00      	nop
10002af0:	7fefffff 	.word	0x7fefffff
10002af4:	cccccccd 	.word	0xcccccccd
10002af8:	2306      	movs	r3, #6
10002afa:	930e      	str	r3, [sp, #56]	@ 0x38
10002afc:	f3c9 500a 	ubfx	r0, r9, #20, #11
10002b00:	f2a0 30ff 	subw	r0, r0, #1023	@ 0x3ff
10002b04:	f7ff fa84 	bl	10002010 <__wrap___aeabi_i2d>
10002b08:	a3c1      	add	r3, pc, #772	@ (adr r3, 10002e10 <_etoa+0x538>)
10002b0a:	e9d3 2300 	ldrd	r2, r3, [r3]
10002b0e:	f7ff f9fd 	bl	10001f0c <__wrap___aeabi_dmul>
10002b12:	a3c1      	add	r3, pc, #772	@ (adr r3, 10002e18 <_etoa+0x540>)
10002b14:	e9d3 2300 	ldrd	r2, r3, [r3]
10002b18:	f7ff f9d0 	bl	10001ebc <__wrap___aeabi_dadd>
10002b1c:	f3c9 0913 	ubfx	r9, r9, #0, #20
10002b20:	e9cd 010c 	strd	r0, r1, [sp, #48]	@ 0x30
10002b24:	f049 517f 	orr.w	r1, r9, #1069547520	@ 0x3fc00000
10002b28:	4640      	mov	r0, r8
10002b2a:	2200      	movs	r2, #0
10002b2c:	4bb2      	ldr	r3, [pc, #712]	@ (10002df8 <_etoa+0x520>)
10002b2e:	f441 1140 	orr.w	r1, r1, #3145728	@ 0x300000
10002b32:	f7ff f9d7 	bl	10001ee4 <__wrap___aeabi_dsub>
10002b36:	a3a4      	add	r3, pc, #656	@ (adr r3, 10002dc8 <_etoa+0x4f0>)
10002b38:	e9d3 2300 	ldrd	r2, r3, [r3]
10002b3c:	f7ff f9e6 	bl	10001f0c <__wrap___aeabi_dmul>
10002b40:	4602      	mov	r2, r0
10002b42:	460b      	mov	r3, r1
10002b44:	e9dd 010c 	ldrd	r0, r1, [sp, #48]	@ 0x30
10002b48:	f7ff f9b8 	bl	10001ebc <__wrap___aeabi_dadd>
10002b4c:	f7ff fa84 	bl	10002058 <__wrap___aeabi_d2iz>
10002b50:	900c      	str	r0, [sp, #48]	@ 0x30
10002b52:	f7ff fa5d 	bl	10002010 <__wrap___aeabi_i2d>
10002b56:	a39e      	add	r3, pc, #632	@ (adr r3, 10002dd0 <_etoa+0x4f8>)
10002b58:	e9d3 2300 	ldrd	r2, r3, [r3]
10002b5c:	4680      	mov	r8, r0
10002b5e:	4689      	mov	r9, r1
10002b60:	f7ff f9d4 	bl	10001f0c <__wrap___aeabi_dmul>
10002b64:	2200      	movs	r2, #0
10002b66:	4ba5      	ldr	r3, [pc, #660]	@ (10002dfc <_etoa+0x524>)
10002b68:	f7ff f9a8 	bl	10001ebc <__wrap___aeabi_dadd>
10002b6c:	f7ff fa74 	bl	10002058 <__wrap___aeabi_d2iz>
10002b70:	4603      	mov	r3, r0
10002b72:	4649      	mov	r1, r9
10002b74:	4640      	mov	r0, r8
10002b76:	9312      	str	r3, [sp, #72]	@ 0x48
10002b78:	a397      	add	r3, pc, #604	@ (adr r3, 10002dd8 <_etoa+0x500>)
10002b7a:	e9d3 2300 	ldrd	r2, r3, [r3]
10002b7e:	f7ff f9c5 	bl	10001f0c <__wrap___aeabi_dmul>
10002b82:	4680      	mov	r8, r0
10002b84:	9812      	ldr	r0, [sp, #72]	@ 0x48
10002b86:	4689      	mov	r9, r1
10002b88:	f7ff fa42 	bl	10002010 <__wrap___aeabi_i2d>
10002b8c:	a394      	add	r3, pc, #592	@ (adr r3, 10002de0 <_etoa+0x508>)
10002b8e:	e9d3 2300 	ldrd	r2, r3, [r3]
10002b92:	f7ff f9bb 	bl	10001f0c <__wrap___aeabi_dmul>
10002b96:	4602      	mov	r2, r0
10002b98:	460b      	mov	r3, r1
10002b9a:	4640      	mov	r0, r8
10002b9c:	4649      	mov	r1, r9
10002b9e:	f7ff f9a1 	bl	10001ee4 <__wrap___aeabi_dsub>
10002ba2:	4602      	mov	r2, r0
10002ba4:	460b      	mov	r3, r1
10002ba6:	4680      	mov	r8, r0
10002ba8:	4689      	mov	r9, r1
10002baa:	f7ff f9af 	bl	10001f0c <__wrap___aeabi_dmul>
10002bae:	4642      	mov	r2, r8
10002bb0:	464b      	mov	r3, r9
10002bb2:	e9cd 0110 	strd	r0, r1, [sp, #64]	@ 0x40
10002bb6:	4640      	mov	r0, r8
10002bb8:	4649      	mov	r1, r9
10002bba:	f7ff f97f 	bl	10001ebc <__wrap___aeabi_dadd>
10002bbe:	2200      	movs	r2, #0
10002bc0:	e9cd 0114 	strd	r0, r1, [sp, #80]	@ 0x50
10002bc4:	e9dd 0110 	ldrd	r0, r1, [sp, #64]	@ 0x40
10002bc8:	4b8d      	ldr	r3, [pc, #564]	@ (10002e00 <_etoa+0x528>)
10002bca:	f7ff f9c5 	bl	10001f58 <__wrap___aeabi_ddiv>
10002bce:	2200      	movs	r2, #0
10002bd0:	4b8c      	ldr	r3, [pc, #560]	@ (10002e04 <_etoa+0x52c>)
10002bd2:	f7ff f973 	bl	10001ebc <__wrap___aeabi_dadd>
10002bd6:	4602      	mov	r2, r0
10002bd8:	460b      	mov	r3, r1
10002bda:	e9dd 0110 	ldrd	r0, r1, [sp, #64]	@ 0x40
10002bde:	f7ff f9bb 	bl	10001f58 <__wrap___aeabi_ddiv>
10002be2:	2200      	movs	r2, #0
10002be4:	4b88      	ldr	r3, [pc, #544]	@ (10002e08 <_etoa+0x530>)
10002be6:	f7ff f969 	bl	10001ebc <__wrap___aeabi_dadd>
10002bea:	4602      	mov	r2, r0
10002bec:	460b      	mov	r3, r1
10002bee:	e9dd 0110 	ldrd	r0, r1, [sp, #64]	@ 0x40
10002bf2:	f7ff f9b1 	bl	10001f58 <__wrap___aeabi_ddiv>
10002bf6:	4642      	mov	r2, r8
10002bf8:	464b      	mov	r3, r9
10002bfa:	4680      	mov	r8, r0
10002bfc:	4689      	mov	r9, r1
10002bfe:	2000      	movs	r0, #0
10002c00:	f04f 4180 	mov.w	r1, #1073741824	@ 0x40000000
10002c04:	f7ff f96e 	bl	10001ee4 <__wrap___aeabi_dsub>
10002c08:	4602      	mov	r2, r0
10002c0a:	460b      	mov	r3, r1
10002c0c:	4640      	mov	r0, r8
10002c0e:	4649      	mov	r1, r9
10002c10:	f7ff f954 	bl	10001ebc <__wrap___aeabi_dadd>
10002c14:	4602      	mov	r2, r0
10002c16:	460b      	mov	r3, r1
10002c18:	e9dd 0114 	ldrd	r0, r1, [sp, #80]	@ 0x50
10002c1c:	f7ff f99c 	bl	10001f58 <__wrap___aeabi_ddiv>
10002c20:	2200      	movs	r2, #0
10002c22:	4b7a      	ldr	r3, [pc, #488]	@ (10002e0c <_etoa+0x534>)
10002c24:	f7ff f94a 	bl	10001ebc <__wrap___aeabi_dadd>
10002c28:	9b12      	ldr	r3, [sp, #72]	@ 0x48
10002c2a:	2200      	movs	r2, #0
10002c2c:	f203 3cff 	addw	ip, r3, #1023	@ 0x3ff
10002c30:	ea4f 530c 	mov.w	r3, ip, lsl #20
10002c34:	f7ff f96a 	bl	10001f0c <__wrap___aeabi_dmul>
10002c38:	4680      	mov	r8, r0
10002c3a:	4689      	mov	r9, r1
10002c3c:	e9dd 010a 	ldrd	r0, r1, [sp, #40]	@ 0x28
10002c40:	4642      	mov	r2, r8
10002c42:	464b      	mov	r3, r9
10002c44:	f7ff fa3e 	bl	100020c4 <__wrap___aeabi_dcmplt>
10002c48:	b150      	cbz	r0, 10002c60 <_etoa+0x388>
10002c4a:	9b0c      	ldr	r3, [sp, #48]	@ 0x30
10002c4c:	4640      	mov	r0, r8
10002c4e:	3b01      	subs	r3, #1
10002c50:	4649      	mov	r1, r9
10002c52:	930c      	str	r3, [sp, #48]	@ 0x30
10002c54:	2200      	movs	r2, #0
10002c56:	4b6b      	ldr	r3, [pc, #428]	@ (10002e04 <_etoa+0x52c>)
10002c58:	f7ff f97e 	bl	10001f58 <__wrap___aeabi_ddiv>
10002c5c:	4680      	mov	r8, r0
10002c5e:	4689      	mov	r9, r1
10002c60:	9a0c      	ldr	r2, [sp, #48]	@ 0x30
10002c62:	4643      	mov	r3, r8
10002c64:	3263      	adds	r2, #99	@ 0x63
10002c66:	2ac6      	cmp	r2, #198	@ 0xc6
10002c68:	f006 0202 	and.w	r2, r6, #2
10002c6c:	9210      	str	r2, [sp, #64]	@ 0x40
10002c6e:	4649      	mov	r1, r9
10002c70:	9a0f      	ldr	r2, [sp, #60]	@ 0x3c
10002c72:	d82c      	bhi.n	10002cce <_etoa+0x3f6>
10002c74:	2a00      	cmp	r2, #0
10002c76:	d05e      	beq.n	10002d36 <_etoa+0x45e>
10002c78:	2204      	movs	r2, #4
10002c7a:	9212      	str	r2, [sp, #72]	@ 0x48
10002c7c:	430b      	orrs	r3, r1
10002c7e:	f43f af16 	beq.w	10002aae <_etoa+0x1d6>
10002c82:	e9dd 010a 	ldrd	r0, r1, [sp, #40]	@ 0x28
10002c86:	a358      	add	r3, pc, #352	@ (adr r3, 10002de8 <_etoa+0x510>)
10002c88:	e9d3 2300 	ldrd	r2, r3, [r3]
10002c8c:	f7ff fa42 	bl	10002114 <__wrap___aeabi_dcmpge>
10002c90:	b148      	cbz	r0, 10002ca6 <_etoa+0x3ce>
10002c92:	e9dd 010a 	ldrd	r0, r1, [sp, #40]	@ 0x28
10002c96:	a356      	add	r3, pc, #344	@ (adr r3, 10002df0 <_etoa+0x518>)
10002c98:	e9d3 2300 	ldrd	r2, r3, [r3]
10002c9c:	f7ff fa12 	bl	100020c4 <__wrap___aeabi_dcmplt>
10002ca0:	2800      	cmp	r0, #0
10002ca2:	f47f af04 	bne.w	10002aae <_etoa+0x1d6>
10002ca6:	9b0e      	ldr	r3, [sp, #56]	@ 0x38
10002ca8:	2b00      	cmp	r3, #0
10002caa:	d050      	beq.n	10002d4e <_etoa+0x476>
10002cac:	9a13      	ldr	r2, [sp, #76]	@ 0x4c
10002cae:	2a00      	cmp	r2, #0
10002cb0:	d07d      	beq.n	10002dae <_etoa+0x4d6>
10002cb2:	3b01      	subs	r3, #1
10002cb4:	930e      	str	r3, [sp, #56]	@ 0x38
10002cb6:	9b12      	ldr	r3, [sp, #72]	@ 0x48
10002cb8:	459a      	cmp	sl, r3
10002cba:	d905      	bls.n	10002cc8 <_etoa+0x3f0>
10002cbc:	9b10      	ldr	r3, [sp, #64]	@ 0x40
10002cbe:	2b00      	cmp	r3, #0
10002cc0:	f000 80ae 	beq.w	10002e20 <_etoa+0x548>
10002cc4:	2302      	movs	r3, #2
10002cc6:	9310      	str	r3, [sp, #64]	@ 0x40
10002cc8:	2300      	movs	r3, #0
10002cca:	930f      	str	r3, [sp, #60]	@ 0x3c
10002ccc:	e044      	b.n	10002d58 <_etoa+0x480>
10002cce:	bb22      	cbnz	r2, 10002d1a <_etoa+0x442>
10002cd0:	f1ba 0f05 	cmp.w	sl, #5
10002cd4:	d94f      	bls.n	10002d76 <_etoa+0x49e>
10002cd6:	f006 0302 	and.w	r3, r6, #2
10002cda:	2b00      	cmp	r3, #0
10002cdc:	d149      	bne.n	10002d72 <_etoa+0x49a>
10002cde:	2305      	movs	r3, #5
10002ce0:	9312      	str	r3, [sp, #72]	@ 0x48
10002ce2:	f1aa 0305 	sub.w	r3, sl, #5
10002ce6:	930f      	str	r3, [sp, #60]	@ 0x3c
10002ce8:	e03a      	b.n	10002d60 <_etoa+0x488>
10002cea:	f105 4300 	add.w	r3, r5, #2147483648	@ 0x80000000
10002cee:	940a      	str	r4, [sp, #40]	@ 0x28
10002cf0:	930b      	str	r3, [sp, #44]	@ 0x2c
10002cf2:	e627      	b.n	10002944 <_etoa+0x6c>
10002cf4:	f426 6600 	bic.w	r6, r6, #2048	@ 0x800
10002cf8:	f446 6680 	orr.w	r6, r6, #1024	@ 0x400
10002cfc:	4638      	mov	r0, r7
10002cfe:	962c      	str	r6, [sp, #176]	@ 0xb0
10002d00:	e9dd 670a 	ldrd	r6, r7, [sp, #40]	@ 0x28
10002d04:	4634      	mov	r4, r6
10002d06:	f107 4500 	add.w	r5, r7, #2147483648	@ 0x80000000
10002d0a:	465a      	mov	r2, fp
10002d0c:	e9cd 8a2a 	strd	r8, sl, [sp, #168]	@ 0xa8
10002d10:	e9cd 4528 	strd	r4, r5, [sp, #160]	@ 0xa0
10002d14:	9b09      	ldr	r3, [sp, #36]	@ 0x24
10002d16:	9908      	ldr	r1, [sp, #32]
10002d18:	e6bc      	b.n	10002a94 <_etoa+0x1bc>
10002d1a:	2205      	movs	r2, #5
10002d1c:	9212      	str	r2, [sp, #72]	@ 0x48
10002d1e:	e7ad      	b.n	10002c7c <_etoa+0x3a4>
10002d20:	2300      	movs	r3, #0
10002d22:	2202      	movs	r2, #2
10002d24:	e9cd 320f 	strd	r3, r2, [sp, #60]	@ 0x3c
10002d28:	2204      	movs	r2, #4
10002d2a:	930c      	str	r3, [sp, #48]	@ 0x30
10002d2c:	9212      	str	r2, [sp, #72]	@ 0x48
10002d2e:	e62c      	b.n	1000298a <_etoa+0xb2>
10002d30:	f04f 0805 	mov.w	r8, #5
10002d34:	e6c2      	b.n	10002abc <_etoa+0x1e4>
10002d36:	f1ba 0f04 	cmp.w	sl, #4
10002d3a:	d91f      	bls.n	10002d7c <_etoa+0x4a4>
10002d3c:	9b10      	ldr	r3, [sp, #64]	@ 0x40
10002d3e:	2b00      	cmp	r3, #0
10002d40:	d178      	bne.n	10002e34 <_etoa+0x55c>
10002d42:	2304      	movs	r3, #4
10002d44:	9312      	str	r3, [sp, #72]	@ 0x48
10002d46:	f1aa 0304 	sub.w	r3, sl, #4
10002d4a:	930f      	str	r3, [sp, #60]	@ 0x3c
10002d4c:	e004      	b.n	10002d58 <_etoa+0x480>
10002d4e:	9b12      	ldr	r3, [sp, #72]	@ 0x48
10002d50:	459a      	cmp	sl, r3
10002d52:	d831      	bhi.n	10002db8 <_etoa+0x4e0>
10002d54:	9b0e      	ldr	r3, [sp, #56]	@ 0x38
10002d56:	930f      	str	r3, [sp, #60]	@ 0x3c
10002d58:	9b0c      	ldr	r3, [sp, #48]	@ 0x30
10002d5a:	2b00      	cmp	r3, #0
10002d5c:	f43f ae15 	beq.w	1000298a <_etoa+0xb2>
10002d60:	e9dd 010a 	ldrd	r0, r1, [sp, #40]	@ 0x28
10002d64:	4642      	mov	r2, r8
10002d66:	464b      	mov	r3, r9
10002d68:	f7ff f8f6 	bl	10001f58 <__wrap___aeabi_ddiv>
10002d6c:	e9cd 010a 	strd	r0, r1, [sp, #40]	@ 0x28
10002d70:	e60b      	b.n	1000298a <_etoa+0xb2>
10002d72:	2302      	movs	r3, #2
10002d74:	9310      	str	r3, [sp, #64]	@ 0x40
10002d76:	2305      	movs	r3, #5
10002d78:	9312      	str	r3, [sp, #72]	@ 0x48
10002d7a:	e7f1      	b.n	10002d60 <_etoa+0x488>
10002d7c:	2304      	movs	r3, #4
10002d7e:	9312      	str	r3, [sp, #72]	@ 0x48
10002d80:	e7ea      	b.n	10002d58 <_etoa+0x480>
10002d82:	e9dd 450a 	ldrd	r4, r5, [sp, #40]	@ 0x28
10002d86:	46a0      	mov	r8, r4
10002d88:	9b0f      	ldr	r3, [sp, #60]	@ 0x3c
10002d8a:	f105 4900 	add.w	r9, r5, #2147483648	@ 0x80000000
10002d8e:	9303      	str	r3, [sp, #12]
10002d90:	9b0e      	ldr	r3, [sp, #56]	@ 0x38
10002d92:	465a      	mov	r2, fp
10002d94:	9302      	str	r3, [sp, #8]
10002d96:	f426 6300 	bic.w	r3, r6, #2048	@ 0x800
10002d9a:	9304      	str	r3, [sp, #16]
10002d9c:	4638      	mov	r0, r7
10002d9e:	e9cd 8900 	strd	r8, r9, [sp]
10002da2:	9b09      	ldr	r3, [sp, #36]	@ 0x24
10002da4:	9908      	ldr	r1, [sp, #32]
10002da6:	f7ff fb37 	bl	10002418 <_ftoa>
10002daa:	4602      	mov	r2, r0
10002dac:	e608      	b.n	100029c0 <_etoa+0xe8>
10002dae:	9b12      	ldr	r3, [sp, #72]	@ 0x48
10002db0:	459a      	cmp	sl, r3
10002db2:	d844      	bhi.n	10002e3e <_etoa+0x566>
10002db4:	920f      	str	r2, [sp, #60]	@ 0x3c
10002db6:	e7cf      	b.n	10002d58 <_etoa+0x480>
10002db8:	9b10      	ldr	r3, [sp, #64]	@ 0x40
10002dba:	b38b      	cbz	r3, 10002e20 <_etoa+0x548>
10002dbc:	9b0e      	ldr	r3, [sp, #56]	@ 0x38
10002dbe:	930f      	str	r3, [sp, #60]	@ 0x3c
10002dc0:	2302      	movs	r3, #2
10002dc2:	9310      	str	r3, [sp, #64]	@ 0x40
10002dc4:	e7c8      	b.n	10002d58 <_etoa+0x480>
10002dc6:	bf00      	nop
10002dc8:	636f4361 	.word	0x636f4361
10002dcc:	3fd287a7 	.word	0x3fd287a7
10002dd0:	0979a371 	.word	0x0979a371
10002dd4:	400a934f 	.word	0x400a934f
10002dd8:	bbb55516 	.word	0xbbb55516
10002ddc:	40026bb1 	.word	0x40026bb1
10002de0:	fefa39ef 	.word	0xfefa39ef
10002de4:	3fe62e42 	.word	0x3fe62e42
10002de8:	eb1c432d 	.word	0xeb1c432d
10002dec:	3f1a36e2 	.word	0x3f1a36e2
10002df0:	00000000 	.word	0x00000000
10002df4:	412e8480 	.word	0x412e8480
10002df8:	3ff80000 	.word	0x3ff80000
10002dfc:	3fe00000 	.word	0x3fe00000
10002e00:	402c0000 	.word	0x402c0000
10002e04:	40240000 	.word	0x40240000
10002e08:	40180000 	.word	0x40180000
10002e0c:	3ff00000 	.word	0x3ff00000
10002e10:	509f79fb 	.word	0x509f79fb
10002e14:	3fd34413 	.word	0x3fd34413
10002e18:	8b60c8b3 	.word	0x8b60c8b3
10002e1c:	3fc68a28 	.word	0x3fc68a28
10002e20:	9b12      	ldr	r3, [sp, #72]	@ 0x48
10002e22:	ebaa 0303 	sub.w	r3, sl, r3
10002e26:	930f      	str	r3, [sp, #60]	@ 0x3c
10002e28:	e796      	b.n	10002d58 <_etoa+0x480>
10002e2a:	eba3 0802 	sub.w	r8, r3, r2
10002e2e:	f108 38ff 	add.w	r8, r8, #4294967295
10002e32:	e643      	b.n	10002abc <_etoa+0x1e4>
10002e34:	2304      	movs	r3, #4
10002e36:	9312      	str	r3, [sp, #72]	@ 0x48
10002e38:	2302      	movs	r3, #2
10002e3a:	9310      	str	r3, [sp, #64]	@ 0x40
10002e3c:	e78c      	b.n	10002d58 <_etoa+0x480>
10002e3e:	9b10      	ldr	r3, [sp, #64]	@ 0x40
10002e40:	2b00      	cmp	r3, #0
10002e42:	d0ed      	beq.n	10002e20 <_etoa+0x548>
10002e44:	2302      	movs	r3, #2
10002e46:	920f      	str	r2, [sp, #60]	@ 0x3c
10002e48:	9310      	str	r3, [sp, #64]	@ 0x40
10002e4a:	e785      	b.n	10002d58 <_etoa+0x480>

10002e4c <_vsnprintf>:
10002e4c:	e92d 4ff0 	stmdb	sp!, {r4, r5, r6, r7, r8, r9, sl, fp, lr}
10002e50:	b09b      	sub	sp, #108	@ 0x6c
10002e52:	9c24      	ldr	r4, [sp, #144]	@ 0x90
10002e54:	4d95      	ldr	r5, [pc, #596]	@ (100030ac <_vsnprintf+0x260>)
10002e56:	940a      	str	r4, [sp, #40]	@ 0x28
10002e58:	4c95      	ldr	r4, [pc, #596]	@ (100030b0 <_vsnprintf+0x264>)
10002e5a:	f1b1 0a00 	subs.w	sl, r1, #0
10002e5e:	bf18      	it	ne
10002e60:	4683      	movne	fp, r0
10002e62:	6025      	str	r5, [r4, #0]
10002e64:	7818      	ldrb	r0, [r3, #0]
10002e66:	4c93      	ldr	r4, [pc, #588]	@ (100030b4 <_vsnprintf+0x268>)
10002e68:	4691      	mov	r9, r2
10002e6a:	bf08      	it	eq
10002e6c:	46a3      	moveq	fp, r4
10002e6e:	9309      	str	r3, [sp, #36]	@ 0x24
10002e70:	2800      	cmp	r0, #0
10002e72:	f000 8293 	beq.w	1000339c <_vsnprintf+0x550>
10002e76:	f04f 0800 	mov.w	r8, #0
10002e7a:	e00a      	b.n	10002e92 <_vsnprintf+0x46>
10002e7c:	4642      	mov	r2, r8
10002e7e:	464b      	mov	r3, r9
10002e80:	4651      	mov	r1, sl
10002e82:	f108 0801 	add.w	r8, r8, #1
10002e86:	47d8      	blx	fp
10002e88:	9b09      	ldr	r3, [sp, #36]	@ 0x24
10002e8a:	7818      	ldrb	r0, [r3, #0]
10002e8c:	2800      	cmp	r0, #0
10002e8e:	f000 80ce 	beq.w	1000302e <_vsnprintf+0x1e2>
10002e92:	9b09      	ldr	r3, [sp, #36]	@ 0x24
10002e94:	2825      	cmp	r0, #37	@ 0x25
10002e96:	f103 0301 	add.w	r3, r3, #1
10002e9a:	9309      	str	r3, [sp, #36]	@ 0x24
10002e9c:	d1ee      	bne.n	10002e7c <_vsnprintf+0x30>
10002e9e:	461c      	mov	r4, r3
10002ea0:	2300      	movs	r3, #0
10002ea2:	4622      	mov	r2, r4
10002ea4:	f812 0b01 	ldrb.w	r0, [r2], #1
10002ea8:	f1a0 0120 	sub.w	r1, r0, #32
10002eac:	2910      	cmp	r1, #16
10002eae:	d80a      	bhi.n	10002ec6 <_vsnprintf+0x7a>
10002eb0:	e8df f001 	tbb	[pc, r1]
10002eb4:	3c090940 	.word	0x3c090940
10002eb8:	09090909 	.word	0x09090909
10002ebc:	38090909 	.word	0x38090909
10002ec0:	09093409 	.word	0x09093409
10002ec4:	30          	.byte	0x30
10002ec5:	00          	.byte	0x00
10002ec6:	f1a0 0130 	sub.w	r1, r0, #48	@ 0x30
10002eca:	2909      	cmp	r1, #9
10002ecc:	9409      	str	r4, [sp, #36]	@ 0x24
10002ece:	f240 808a 	bls.w	10002fe6 <_vsnprintf+0x19a>
10002ed2:	282a      	cmp	r0, #42	@ 0x2a
10002ed4:	f000 80f0 	beq.w	100030b8 <_vsnprintf+0x26c>
10002ed8:	2500      	movs	r5, #0
10002eda:	282e      	cmp	r0, #46	@ 0x2e
10002edc:	f000 8096 	beq.w	1000300c <_vsnprintf+0x1c0>
10002ee0:	2600      	movs	r6, #0
10002ee2:	f1a0 0168 	sub.w	r1, r0, #104	@ 0x68
10002ee6:	2912      	cmp	r1, #18
10002ee8:	d82d      	bhi.n	10002f46 <_vsnprintf+0xfa>
10002eea:	e8df f011 	tbh	[pc, r1, lsl #1]
10002eee:	0149      	.short	0x0149
10002ef0:	0143002c 	.word	0x0143002c
10002ef4:	0138002c 	.word	0x0138002c
10002ef8:	002c002c 	.word	0x002c002c
10002efc:	002c002c 	.word	0x002c002c
10002f00:	002c002c 	.word	0x002c002c
10002f04:	0027002c 	.word	0x0027002c
10002f08:	002c002c 	.word	0x002c002c
10002f0c:	002c002c 	.word	0x002c002c
10002f10:	0027002c 	.word	0x0027002c
10002f14:	4614      	mov	r4, r2
10002f16:	f043 0301 	orr.w	r3, r3, #1
10002f1a:	e7c2      	b.n	10002ea2 <_vsnprintf+0x56>
10002f1c:	4614      	mov	r4, r2
10002f1e:	f043 0302 	orr.w	r3, r3, #2
10002f22:	e7be      	b.n	10002ea2 <_vsnprintf+0x56>
10002f24:	4614      	mov	r4, r2
10002f26:	f043 0304 	orr.w	r3, r3, #4
10002f2a:	e7ba      	b.n	10002ea2 <_vsnprintf+0x56>
10002f2c:	4614      	mov	r4, r2
10002f2e:	f043 0310 	orr.w	r3, r3, #16
10002f32:	e7b6      	b.n	10002ea2 <_vsnprintf+0x56>
10002f34:	4614      	mov	r4, r2
10002f36:	f043 0308 	orr.w	r3, r3, #8
10002f3a:	e7b2      	b.n	10002ea2 <_vsnprintf+0x56>
10002f3c:	9909      	ldr	r1, [sp, #36]	@ 0x24
10002f3e:	7848      	ldrb	r0, [r1, #1]
10002f40:	f443 7380 	orr.w	r3, r3, #256	@ 0x100
10002f44:	3201      	adds	r2, #1
10002f46:	2867      	cmp	r0, #103	@ 0x67
10002f48:	9209      	str	r2, [sp, #36]	@ 0x24
10002f4a:	d87e      	bhi.n	1000304a <_vsnprintf+0x1fe>
10002f4c:	2824      	cmp	r0, #36	@ 0x24
10002f4e:	f240 80c1 	bls.w	100030d4 <_vsnprintf+0x288>
10002f52:	f1a0 0225 	sub.w	r2, r0, #37	@ 0x25
10002f56:	2a42      	cmp	r2, #66	@ 0x42
10002f58:	f200 80bc 	bhi.w	100030d4 <_vsnprintf+0x288>
10002f5c:	e8df f012 	tbh	[pc, r2, lsl #1]
10002f60:	00ba0150 	.word	0x00ba0150
10002f64:	00ba00ba 	.word	0x00ba00ba
10002f68:	00ba00ba 	.word	0x00ba00ba
10002f6c:	00ba00ba 	.word	0x00ba00ba
10002f70:	00ba00ba 	.word	0x00ba00ba
10002f74:	00ba00ba 	.word	0x00ba00ba
10002f78:	00ba00ba 	.word	0x00ba00ba
10002f7c:	00ba00ba 	.word	0x00ba00ba
10002f80:	00ba00ba 	.word	0x00ba00ba
10002f84:	00ba00ba 	.word	0x00ba00ba
10002f88:	00ba00ba 	.word	0x00ba00ba
10002f8c:	00ba00ba 	.word	0x00ba00ba
10002f90:	00ba00ba 	.word	0x00ba00ba
10002f94:	00ba00ba 	.word	0x00ba00ba
10002f98:	00ba00ba 	.word	0x00ba00ba
10002f9c:	00ba00ba 	.word	0x00ba00ba
10002fa0:	01370119 	.word	0x01370119
10002fa4:	00ba0119 	.word	0x00ba0119
10002fa8:	00ba00ba 	.word	0x00ba00ba
10002fac:	00ba00ba 	.word	0x00ba00ba
10002fb0:	00ba00ba 	.word	0x00ba00ba
10002fb4:	00ba00ba 	.word	0x00ba00ba
10002fb8:	00ba00ba 	.word	0x00ba00ba
10002fbc:	00ba00ba 	.word	0x00ba00ba
10002fc0:	00ba00ba 	.word	0x00ba00ba
10002fc4:	01bc00ba 	.word	0x01bc00ba
10002fc8:	00ba00ba 	.word	0x00ba00ba
10002fcc:	00ba00ba 	.word	0x00ba00ba
10002fd0:	00ba00ba 	.word	0x00ba00ba
10002fd4:	00ba00ba 	.word	0x00ba00ba
10002fd8:	01bc00ba 	.word	0x01bc00ba
10002fdc:	01bc0158 	.word	0x01bc0158
10002fe0:	01370119 	.word	0x01370119
10002fe4:	0119      	.short	0x0119
10002fe6:	2500      	movs	r5, #0
10002fe8:	e000      	b.n	10002fec <_vsnprintf+0x1a0>
10002fea:	3201      	adds	r2, #1
10002fec:	eb05 0585 	add.w	r5, r5, r5, lsl #2
10002ff0:	eb00 0545 	add.w	r5, r0, r5, lsl #1
10002ff4:	7810      	ldrb	r0, [r2, #0]
10002ff6:	3d30      	subs	r5, #48	@ 0x30
10002ff8:	f1a0 0130 	sub.w	r1, r0, #48	@ 0x30
10002ffc:	2909      	cmp	r1, #9
10002ffe:	d9f4      	bls.n	10002fea <_vsnprintf+0x19e>
10003000:	282e      	cmp	r0, #46	@ 0x2e
10003002:	9209      	str	r2, [sp, #36]	@ 0x24
10003004:	f102 0201 	add.w	r2, r2, #1
10003008:	f47f af6a 	bne.w	10002ee0 <_vsnprintf+0x94>
1000300c:	9909      	ldr	r1, [sp, #36]	@ 0x24
1000300e:	f443 6380 	orr.w	r3, r3, #1024	@ 0x400
10003012:	7848      	ldrb	r0, [r1, #1]
10003014:	4611      	mov	r1, r2
10003016:	f1a0 0630 	sub.w	r6, r0, #48	@ 0x30
1000301a:	2e09      	cmp	r6, #9
1000301c:	f240 8121 	bls.w	10003262 <_vsnprintf+0x416>
10003020:	282a      	cmp	r0, #42	@ 0x2a
10003022:	f000 812f 	beq.w	10003284 <_vsnprintf+0x438>
10003026:	9209      	str	r2, [sp, #36]	@ 0x24
10003028:	2600      	movs	r6, #0
1000302a:	3201      	adds	r2, #1
1000302c:	e759      	b.n	10002ee2 <_vsnprintf+0x96>
1000302e:	4644      	mov	r4, r8
10003030:	45c1      	cmp	r9, r8
10003032:	d801      	bhi.n	10003038 <_vsnprintf+0x1ec>
10003034:	f109 38ff 	add.w	r8, r9, #4294967295
10003038:	464b      	mov	r3, r9
1000303a:	4642      	mov	r2, r8
1000303c:	4651      	mov	r1, sl
1000303e:	2000      	movs	r0, #0
10003040:	47d8      	blx	fp
10003042:	4620      	mov	r0, r4
10003044:	b01b      	add	sp, #108	@ 0x6c
10003046:	e8bd 8ff0 	ldmia.w	sp!, {r4, r5, r6, r7, r8, r9, sl, fp, pc}
1000304a:	f1a0 0269 	sub.w	r2, r0, #105	@ 0x69
1000304e:	b2d2      	uxtb	r2, r2
10003050:	2a0f      	cmp	r2, #15
10003052:	d83f      	bhi.n	100030d4 <_vsnprintf+0x288>
10003054:	2101      	movs	r1, #1
10003056:	f249 0741 	movw	r7, #36929	@ 0x9041
1000305a:	4091      	lsls	r1, r2
1000305c:	4039      	ands	r1, r7
1000305e:	f040 80f3 	bne.w	10003248 <_vsnprintf+0x3fc>
10003062:	2a0a      	cmp	r2, #10
10003064:	d03d      	beq.n	100030e2 <_vsnprintf+0x296>
10003066:	2a07      	cmp	r2, #7
10003068:	d134      	bne.n	100030d4 <_vsnprintf+0x288>
1000306a:	9d0a      	ldr	r5, [sp, #40]	@ 0x28
1000306c:	f855 2b04 	ldr.w	r2, [r5], #4
10003070:	2a00      	cmp	r2, #0
10003072:	f000 8113 	beq.w	1000329c <_vsnprintf+0x450>
10003076:	f043 0021 	orr.w	r0, r3, #33	@ 0x21
1000307a:	ab12      	add	r3, sp, #72	@ 0x48
1000307c:	461f      	mov	r7, r3
1000307e:	930b      	str	r3, [sp, #44]	@ 0x2c
10003080:	e003      	b.n	1000308a <_vsnprintf+0x23e>
10003082:	2920      	cmp	r1, #32
10003084:	f000 8114 	beq.w	100032b0 <_vsnprintf+0x464>
10003088:	461a      	mov	r2, r3
1000308a:	f002 040f 	and.w	r4, r2, #15
1000308e:	4623      	mov	r3, r4
10003090:	2c09      	cmp	r4, #9
10003092:	bf94      	ite	ls
10003094:	3330      	addls	r3, #48	@ 0x30
10003096:	3337      	addhi	r3, #55	@ 0x37
10003098:	2a0f      	cmp	r2, #15
1000309a:	f807 3b01 	strb.w	r3, [r7], #1
1000309e:	f101 0101 	add.w	r1, r1, #1
100030a2:	ea4f 1312 	mov.w	r3, r2, lsr #4
100030a6:	d8ec      	bhi.n	10003082 <_vsnprintf+0x236>
100030a8:	e102      	b.n	100032b0 <_vsnprintf+0x464>
100030aa:	bf00      	nop
100030ac:	10002e4d 	.word	0x10002e4d
100030b0:	2000288c 	.word	0x2000288c
100030b4:	1000218d 	.word	0x1000218d
100030b8:	990a      	ldr	r1, [sp, #40]	@ 0x28
100030ba:	9809      	ldr	r0, [sp, #36]	@ 0x24
100030bc:	f851 5b04 	ldr.w	r5, [r1], #4
100030c0:	7840      	ldrb	r0, [r0, #1]
100030c2:	2d00      	cmp	r5, #0
100030c4:	e9cd 2109 	strd	r2, r1, [sp, #36]	@ 0x24
100030c8:	bfbc      	itt	lt
100030ca:	f043 0302 	orrlt.w	r3, r3, #2
100030ce:	426d      	neglt	r5, r5
100030d0:	3201      	adds	r2, #1
100030d2:	e702      	b.n	10002eda <_vsnprintf+0x8e>
100030d4:	4642      	mov	r2, r8
100030d6:	464b      	mov	r3, r9
100030d8:	4651      	mov	r1, sl
100030da:	f108 0801 	add.w	r8, r8, #1
100030de:	47d8      	blx	fp
100030e0:	e6d2      	b.n	10002e88 <_vsnprintf+0x3c>
100030e2:	990a      	ldr	r1, [sp, #40]	@ 0x28
100030e4:	2e00      	cmp	r6, #0
100030e6:	f851 7b04 	ldr.w	r7, [r1], #4
100030ea:	bf18      	it	ne
100030ec:	4632      	movne	r2, r6
100030ee:	7838      	ldrb	r0, [r7, #0]
100030f0:	bf08      	it	eq
100030f2:	f04f 32ff 	moveq.w	r2, #4294967295
100030f6:	2800      	cmp	r0, #0
100030f8:	f000 837b 	beq.w	100037f2 <_vsnprintf+0x9a6>
100030fc:	18bc      	adds	r4, r7, r2
100030fe:	46a4      	mov	ip, r4
10003100:	463a      	mov	r2, r7
10003102:	e004      	b.n	1000310e <_vsnprintf+0x2c2>
10003104:	f812 4f01 	ldrb.w	r4, [r2, #1]!
10003108:	2c00      	cmp	r4, #0
1000310a:	f000 813f 	beq.w	1000338c <_vsnprintf+0x540>
1000310e:	4594      	cmp	ip, r2
10003110:	d1f8      	bne.n	10003104 <_vsnprintf+0x2b8>
10003112:	4664      	mov	r4, ip
10003114:	1be4      	subs	r4, r4, r7
10003116:	055a      	lsls	r2, r3, #21
10003118:	f140 8122 	bpl.w	10003360 <_vsnprintf+0x514>
1000311c:	42b4      	cmp	r4, r6
1000311e:	bf28      	it	cs
10003120:	4634      	movcs	r4, r6
10003122:	f013 0302 	ands.w	r3, r3, #2
10003126:	f000 8288 	beq.w	1000363a <_vsnprintf+0x7ee>
1000312a:	2302      	movs	r3, #2
1000312c:	e9cd 510a 	strd	r5, r1, [sp, #40]	@ 0x28
10003130:	4642      	mov	r2, r8
10003132:	461d      	mov	r5, r3
10003134:	4446      	add	r6, r8
10003136:	e008      	b.n	1000314a <_vsnprintf+0x2fe>
10003138:	464b      	mov	r3, r9
1000313a:	4651      	mov	r1, sl
1000313c:	47d8      	blx	fp
1000313e:	f817 0f01 	ldrb.w	r0, [r7, #1]!
10003142:	f108 0801 	add.w	r8, r8, #1
10003146:	b110      	cbz	r0, 1000314e <_vsnprintf+0x302>
10003148:	4642      	mov	r2, r8
1000314a:	4546      	cmp	r6, r8
1000314c:	d1f4      	bne.n	10003138 <_vsnprintf+0x2ec>
1000314e:	462b      	mov	r3, r5
10003150:	990b      	ldr	r1, [sp, #44]	@ 0x2c
10003152:	9d0a      	ldr	r5, [sp, #40]	@ 0x28
10003154:	2b00      	cmp	r3, #0
10003156:	f040 8141 	bne.w	100033dc <_vsnprintf+0x590>
1000315a:	910a      	str	r1, [sp, #40]	@ 0x28
1000315c:	e694      	b.n	10002e88 <_vsnprintf+0x3c>
1000315e:	9909      	ldr	r1, [sp, #36]	@ 0x24
10003160:	7848      	ldrb	r0, [r1, #1]
10003162:	286c      	cmp	r0, #108	@ 0x6c
10003164:	f47f aeec 	bne.w	10002f40 <_vsnprintf+0xf4>
10003168:	460a      	mov	r2, r1
1000316a:	7888      	ldrb	r0, [r1, #2]
1000316c:	f443 7340 	orr.w	r3, r3, #768	@ 0x300
10003170:	3203      	adds	r2, #3
10003172:	e6e8      	b.n	10002f46 <_vsnprintf+0xfa>
10003174:	9909      	ldr	r1, [sp, #36]	@ 0x24
10003176:	f443 7300 	orr.w	r3, r3, #512	@ 0x200
1000317a:	7848      	ldrb	r0, [r1, #1]
1000317c:	3201      	adds	r2, #1
1000317e:	e6e2      	b.n	10002f46 <_vsnprintf+0xfa>
10003180:	9909      	ldr	r1, [sp, #36]	@ 0x24
10003182:	7848      	ldrb	r0, [r1, #1]
10003184:	2868      	cmp	r0, #104	@ 0x68
10003186:	f000 8103 	beq.w	10003390 <_vsnprintf+0x544>
1000318a:	f043 0380 	orr.w	r3, r3, #128	@ 0x80
1000318e:	3201      	adds	r2, #1
10003190:	e6d9      	b.n	10002f46 <_vsnprintf+0xfa>
10003192:	2867      	cmp	r0, #103	@ 0x67
10003194:	f000 80d9 	beq.w	1000334a <_vsnprintf+0x4fe>
10003198:	2847      	cmp	r0, #71	@ 0x47
1000319a:	f000 80dc 	beq.w	10003356 <_vsnprintf+0x50a>
1000319e:	2845      	cmp	r0, #69	@ 0x45
100031a0:	f000 80db 	beq.w	1000335a <_vsnprintf+0x50e>
100031a4:	e9cd 5303 	strd	r5, r3, [sp, #12]
100031a8:	9b0a      	ldr	r3, [sp, #40]	@ 0x28
100031aa:	9602      	str	r6, [sp, #8]
100031ac:	3307      	adds	r3, #7
100031ae:	f023 0307 	bic.w	r3, r3, #7
100031b2:	461c      	mov	r4, r3
100031b4:	4642      	mov	r2, r8
100031b6:	e8f4 6702 	ldrd	r6, r7, [r4], #8
100031ba:	464b      	mov	r3, r9
100031bc:	4651      	mov	r1, sl
100031be:	4658      	mov	r0, fp
100031c0:	e9cd 6700 	strd	r6, r7, [sp]
100031c4:	940a      	str	r4, [sp, #40]	@ 0x28
100031c6:	f7ff fb87 	bl	100028d8 <_etoa>
100031ca:	4680      	mov	r8, r0
100031cc:	e65c      	b.n	10002e88 <_vsnprintf+0x3c>
100031ce:	2846      	cmp	r0, #70	@ 0x46
100031d0:	bf08      	it	eq
100031d2:	f043 0320 	orreq.w	r3, r3, #32
100031d6:	e9cd 5303 	strd	r5, r3, [sp, #12]
100031da:	9b0a      	ldr	r3, [sp, #40]	@ 0x28
100031dc:	9602      	str	r6, [sp, #8]
100031de:	3307      	adds	r3, #7
100031e0:	f023 0307 	bic.w	r3, r3, #7
100031e4:	461c      	mov	r4, r3
100031e6:	4642      	mov	r2, r8
100031e8:	e8f4 6702 	ldrd	r6, r7, [r4], #8
100031ec:	464b      	mov	r3, r9
100031ee:	4651      	mov	r1, sl
100031f0:	4658      	mov	r0, fp
100031f2:	e9cd 6700 	strd	r6, r7, [sp]
100031f6:	940a      	str	r4, [sp, #40]	@ 0x28
100031f8:	f7ff f90e 	bl	10002418 <_ftoa>
100031fc:	4680      	mov	r8, r0
100031fe:	e643      	b.n	10002e88 <_vsnprintf+0x3c>
10003200:	4642      	mov	r2, r8
10003202:	464b      	mov	r3, r9
10003204:	4651      	mov	r1, sl
10003206:	2025      	movs	r0, #37	@ 0x25
10003208:	f108 0801 	add.w	r8, r8, #1
1000320c:	47d8      	blx	fp
1000320e:	e63b      	b.n	10002e88 <_vsnprintf+0x3c>
10003210:	9a0a      	ldr	r2, [sp, #40]	@ 0x28
10003212:	0799      	lsls	r1, r3, #30
10003214:	f102 0404 	add.w	r4, r2, #4
10003218:	f108 0601 	add.w	r6, r8, #1
1000321c:	f140 80c6 	bpl.w	100033ac <_vsnprintf+0x560>
10003220:	7810      	ldrb	r0, [r2, #0]
10003222:	464b      	mov	r3, r9
10003224:	4642      	mov	r2, r8
10003226:	4651      	mov	r1, sl
10003228:	47d8      	blx	fp
1000322a:	2d01      	cmp	r5, #1
1000322c:	bf88      	it	hi
1000322e:	44a8      	addhi	r8, r5
10003230:	f240 81bd 	bls.w	100035ae <_vsnprintf+0x762>
10003234:	4632      	mov	r2, r6
10003236:	464b      	mov	r3, r9
10003238:	4651      	mov	r1, sl
1000323a:	2020      	movs	r0, #32
1000323c:	3601      	adds	r6, #1
1000323e:	47d8      	blx	fp
10003240:	4546      	cmp	r6, r8
10003242:	d1f7      	bne.n	10003234 <_vsnprintf+0x3e8>
10003244:	940a      	str	r4, [sp, #40]	@ 0x28
10003246:	e61f      	b.n	10002e88 <_vsnprintf+0x3c>
10003248:	286f      	cmp	r0, #111	@ 0x6f
1000324a:	f000 8081 	beq.w	10003350 <_vsnprintf+0x504>
1000324e:	f240 8248 	bls.w	100036e2 <_vsnprintf+0x896>
10003252:	2878      	cmp	r0, #120	@ 0x78
10003254:	f000 8190 	beq.w	10003578 <_vsnprintf+0x72c>
10003258:	270a      	movs	r7, #10
1000325a:	f023 0310 	bic.w	r3, r3, #16
1000325e:	46bc      	mov	ip, r7
10003260:	e041      	b.n	100032e6 <_vsnprintf+0x49a>
10003262:	2600      	movs	r6, #0
10003264:	eb06 0686 	add.w	r6, r6, r6, lsl #2
10003268:	eb00 0046 	add.w	r0, r0, r6, lsl #1
1000326c:	f1a0 0630 	sub.w	r6, r0, #48	@ 0x30
10003270:	f811 0f01 	ldrb.w	r0, [r1, #1]!
10003274:	f1a0 0230 	sub.w	r2, r0, #48	@ 0x30
10003278:	2a09      	cmp	r2, #9
1000327a:	d9f3      	bls.n	10003264 <_vsnprintf+0x418>
1000327c:	460a      	mov	r2, r1
1000327e:	9109      	str	r1, [sp, #36]	@ 0x24
10003280:	3201      	adds	r2, #1
10003282:	e62e      	b.n	10002ee2 <_vsnprintf+0x96>
10003284:	e9dd 2109 	ldrd	r2, r1, [sp, #36]	@ 0x24
10003288:	f851 6b04 	ldr.w	r6, [r1], #4
1000328c:	7890      	ldrb	r0, [r2, #2]
1000328e:	3202      	adds	r2, #2
10003290:	9209      	str	r2, [sp, #36]	@ 0x24
10003292:	910a      	str	r1, [sp, #40]	@ 0x28
10003294:	3201      	adds	r2, #1
10003296:	ea26 76e6 	bic.w	r6, r6, r6, asr #31
1000329a:	e622      	b.n	10002ee2 <_vsnprintf+0x96>
1000329c:	f023 0010 	bic.w	r0, r3, #16
100032a0:	f413 6280 	ands.w	r2, r3, #1024	@ 0x400
100032a4:	f040 0021 	orr.w	r0, r0, #33	@ 0x21
100032a8:	f43f aee7 	beq.w	1000307a <_vsnprintf+0x22e>
100032ac:	ab12      	add	r3, sp, #72	@ 0x48
100032ae:	930b      	str	r3, [sp, #44]	@ 0x2c
100032b0:	9b0b      	ldr	r3, [sp, #44]	@ 0x2c
100032b2:	9006      	str	r0, [sp, #24]
100032b4:	9300      	str	r3, [sp, #0]
100032b6:	2308      	movs	r3, #8
100032b8:	2010      	movs	r0, #16
100032ba:	9305      	str	r3, [sp, #20]
100032bc:	2300      	movs	r3, #0
100032be:	4642      	mov	r2, r8
100032c0:	e9cd 3002 	strd	r3, r0, [sp, #8]
100032c4:	9101      	str	r1, [sp, #4]
100032c6:	464b      	mov	r3, r9
100032c8:	4651      	mov	r1, sl
100032ca:	4658      	mov	r0, fp
100032cc:	9604      	str	r6, [sp, #16]
100032ce:	f7fe ffad 	bl	1000222c <_ntoa_format>
100032d2:	950a      	str	r5, [sp, #40]	@ 0x28
100032d4:	4680      	mov	r8, r0
100032d6:	e5d7      	b.n	10002e88 <_vsnprintf+0x3c>
100032d8:	2858      	cmp	r0, #88	@ 0x58
100032da:	d062      	beq.n	100033a2 <_vsnprintf+0x556>
100032dc:	2862      	cmp	r0, #98	@ 0x62
100032de:	f040 808f 	bne.w	10003400 <_vsnprintf+0x5b4>
100032e2:	2702      	movs	r7, #2
100032e4:	46bc      	mov	ip, r7
100032e6:	f413 6080 	ands.w	r0, r3, #1024	@ 0x400
100032ea:	f000 80dd 	beq.w	100034a8 <_vsnprintf+0x65c>
100032ee:	f023 030d 	bic.w	r3, r3, #13
100032f2:	f413 7200 	ands.w	r2, r3, #512	@ 0x200
100032f6:	f040 8181 	bne.w	100035fc <_vsnprintf+0x7b0>
100032fa:	990a      	ldr	r1, [sp, #40]	@ 0x28
100032fc:	1d0f      	adds	r7, r1, #4
100032fe:	f413 7180 	ands.w	r1, r3, #256	@ 0x100
10003302:	f040 8237 	bne.w	10003774 <_vsnprintf+0x928>
10003306:	065c      	lsls	r4, r3, #25
10003308:	9a0a      	ldr	r2, [sp, #40]	@ 0x28
1000330a:	f140 813b 	bpl.w	10003584 <_vsnprintf+0x738>
1000330e:	7812      	ldrb	r2, [r2, #0]
10003310:	2a00      	cmp	r2, #0
10003312:	f040 814e 	bne.w	100035b2 <_vsnprintf+0x766>
10003316:	f023 0310 	bic.w	r3, r3, #16
1000331a:	2800      	cmp	r0, #0
1000331c:	f000 8149 	beq.w	100035b2 <_vsnprintf+0x766>
10003320:	4611      	mov	r1, r2
10003322:	aa12      	add	r2, sp, #72	@ 0x48
10003324:	920b      	str	r2, [sp, #44]	@ 0x2c
10003326:	e9cd 5305 	strd	r5, r3, [sp, #20]
1000332a:	e9cd c603 	strd	ip, r6, [sp, #12]
1000332e:	9101      	str	r1, [sp, #4]
10003330:	9b0b      	ldr	r3, [sp, #44]	@ 0x2c
10003332:	4642      	mov	r2, r8
10003334:	9300      	str	r3, [sp, #0]
10003336:	2300      	movs	r3, #0
10003338:	4651      	mov	r1, sl
1000333a:	9302      	str	r3, [sp, #8]
1000333c:	4658      	mov	r0, fp
1000333e:	464b      	mov	r3, r9
10003340:	f7fe ff74 	bl	1000222c <_ntoa_format>
10003344:	970a      	str	r7, [sp, #40]	@ 0x28
10003346:	4680      	mov	r8, r0
10003348:	e59e      	b.n	10002e88 <_vsnprintf+0x3c>
1000334a:	f443 6300 	orr.w	r3, r3, #2048	@ 0x800
1000334e:	e729      	b.n	100031a4 <_vsnprintf+0x358>
10003350:	2708      	movs	r7, #8
10003352:	46bc      	mov	ip, r7
10003354:	e7c7      	b.n	100032e6 <_vsnprintf+0x49a>
10003356:	f443 6300 	orr.w	r3, r3, #2048	@ 0x800
1000335a:	f043 0320 	orr.w	r3, r3, #32
1000335e:	e721      	b.n	100031a4 <_vsnprintf+0x358>
10003360:	f013 0302 	ands.w	r3, r3, #2
10003364:	f000 818e 	beq.w	10003684 <_vsnprintf+0x838>
10003368:	2302      	movs	r3, #2
1000336a:	950a      	str	r5, [sp, #40]	@ 0x28
1000336c:	461e      	mov	r6, r3
1000336e:	460d      	mov	r5, r1
10003370:	4642      	mov	r2, r8
10003372:	464b      	mov	r3, r9
10003374:	4651      	mov	r1, sl
10003376:	47d8      	blx	fp
10003378:	f817 0f01 	ldrb.w	r0, [r7, #1]!
1000337c:	f108 0801 	add.w	r8, r8, #1
10003380:	2800      	cmp	r0, #0
10003382:	d1f5      	bne.n	10003370 <_vsnprintf+0x524>
10003384:	4629      	mov	r1, r5
10003386:	4633      	mov	r3, r6
10003388:	9d0a      	ldr	r5, [sp, #40]	@ 0x28
1000338a:	e6e3      	b.n	10003154 <_vsnprintf+0x308>
1000338c:	1bd4      	subs	r4, r2, r7
1000338e:	e6c2      	b.n	10003116 <_vsnprintf+0x2ca>
10003390:	460a      	mov	r2, r1
10003392:	7888      	ldrb	r0, [r1, #2]
10003394:	f043 03c0 	orr.w	r3, r3, #192	@ 0xc0
10003398:	3203      	adds	r2, #3
1000339a:	e5d4      	b.n	10002f46 <_vsnprintf+0xfa>
1000339c:	4604      	mov	r4, r0
1000339e:	4680      	mov	r8, r0
100033a0:	e646      	b.n	10003030 <_vsnprintf+0x1e4>
100033a2:	2710      	movs	r7, #16
100033a4:	f043 0320 	orr.w	r3, r3, #32
100033a8:	46bc      	mov	ip, r7
100033aa:	e79c      	b.n	100032e6 <_vsnprintf+0x49a>
100033ac:	2d01      	cmp	r5, #1
100033ae:	f240 80f8 	bls.w	100035a2 <_vsnprintf+0x756>
100033b2:	4646      	mov	r6, r8
100033b4:	f108 37ff 	add.w	r7, r8, #4294967295
100033b8:	442f      	add	r7, r5
100033ba:	4632      	mov	r2, r6
100033bc:	464b      	mov	r3, r9
100033be:	4651      	mov	r1, sl
100033c0:	2020      	movs	r0, #32
100033c2:	3601      	adds	r6, #1
100033c4:	47d8      	blx	fp
100033c6:	42be      	cmp	r6, r7
100033c8:	d1f7      	bne.n	100033ba <_vsnprintf+0x56e>
100033ca:	9b0a      	ldr	r3, [sp, #40]	@ 0x28
100033cc:	4632      	mov	r2, r6
100033ce:	7818      	ldrb	r0, [r3, #0]
100033d0:	4651      	mov	r1, sl
100033d2:	464b      	mov	r3, r9
100033d4:	47d8      	blx	fp
100033d6:	44a8      	add	r8, r5
100033d8:	940a      	str	r4, [sp, #40]	@ 0x28
100033da:	e555      	b.n	10002e88 <_vsnprintf+0x3c>
100033dc:	4646      	mov	r6, r8
100033de:	42a5      	cmp	r5, r4
100033e0:	f67f aebb 	bls.w	1000315a <_vsnprintf+0x30e>
100033e4:	44a8      	add	r8, r5
100033e6:	eba8 0804 	sub.w	r8, r8, r4
100033ea:	460c      	mov	r4, r1
100033ec:	4632      	mov	r2, r6
100033ee:	464b      	mov	r3, r9
100033f0:	4651      	mov	r1, sl
100033f2:	2020      	movs	r0, #32
100033f4:	3601      	adds	r6, #1
100033f6:	47d8      	blx	fp
100033f8:	4546      	cmp	r6, r8
100033fa:	d1f7      	bne.n	100033ec <_vsnprintf+0x5a0>
100033fc:	4621      	mov	r1, r4
100033fe:	e6ac      	b.n	1000315a <_vsnprintf+0x30e>
10003400:	f413 6280 	ands.w	r2, r3, #1024	@ 0x400
10003404:	f000 80bb 	beq.w	1000357e <_vsnprintf+0x732>
10003408:	f44f 6280 	mov.w	r2, #1024	@ 0x400
1000340c:	f023 0c11 	bic.w	ip, r3, #17
10003410:	f41c 7700 	ands.w	r7, ip, #512	@ 0x200
10003414:	9b0a      	ldr	r3, [sp, #40]	@ 0x28
10003416:	d14a      	bne.n	100034ae <_vsnprintf+0x662>
10003418:	f41c 7080 	ands.w	r0, ip, #256	@ 0x100
1000341c:	f103 0404 	add.w	r4, r3, #4
10003420:	f040 8134 	bne.w	1000368c <_vsnprintf+0x840>
10003424:	f01c 0f40 	tst.w	ip, #64	@ 0x40
10003428:	f040 80a3 	bne.w	10003572 <_vsnprintf+0x726>
1000342c:	f01c 0f80 	tst.w	ip, #128	@ 0x80
10003430:	f000 81d3 	beq.w	100037da <_vsnprintf+0x98e>
10003434:	f9b3 1000 	ldrsh.w	r1, [r3]
10003438:	ea81 77e1 	eor.w	r7, r1, r1, asr #31
1000343c:	eba7 77e1 	sub.w	r7, r7, r1, asr #31
10003440:	b2bf      	uxth	r7, r7
10003442:	0fcb      	lsrs	r3, r1, #31
10003444:	2900      	cmp	r1, #0
10003446:	f000 8156 	beq.w	100036f6 <_vsnprintf+0x8aa>
1000344a:	463a      	mov	r2, r7
1000344c:	a912      	add	r1, sp, #72	@ 0x48
1000344e:	460f      	mov	r7, r1
10003450:	f8df e3d8 	ldr.w	lr, [pc, #984]	@ 1000382c <_vsnprintf+0x9e0>
10003454:	910b      	str	r1, [sp, #44]	@ 0x2c
10003456:	930a      	str	r3, [sp, #40]	@ 0x28
10003458:	950c      	str	r5, [sp, #48]	@ 0x30
1000345a:	e001      	b.n	10003460 <_vsnprintf+0x614>
1000345c:	2820      	cmp	r0, #32
1000345e:	d00f      	beq.n	10003480 <_vsnprintf+0x634>
10003460:	4615      	mov	r5, r2
10003462:	fbae 1302 	umull	r1, r3, lr, r2
10003466:	08db      	lsrs	r3, r3, #3
10003468:	eb03 0183 	add.w	r1, r3, r3, lsl #2
1000346c:	eba2 0141 	sub.w	r1, r2, r1, lsl #1
10003470:	3130      	adds	r1, #48	@ 0x30
10003472:	2d09      	cmp	r5, #9
10003474:	461a      	mov	r2, r3
10003476:	f100 0001 	add.w	r0, r0, #1
1000347a:	f807 1b01 	strb.w	r1, [r7], #1
1000347e:	d8ed      	bhi.n	1000345c <_vsnprintf+0x610>
10003480:	9b0a      	ldr	r3, [sp, #40]	@ 0x28
10003482:	9d0c      	ldr	r5, [sp, #48]	@ 0x30
10003484:	e9cd 5c05 	strd	r5, ip, [sp, #20]
10003488:	e9cd 0301 	strd	r0, r3, [sp, #4]
1000348c:	9604      	str	r6, [sp, #16]
1000348e:	9b0b      	ldr	r3, [sp, #44]	@ 0x2c
10003490:	4642      	mov	r2, r8
10003492:	9300      	str	r3, [sp, #0]
10003494:	230a      	movs	r3, #10
10003496:	4651      	mov	r1, sl
10003498:	9303      	str	r3, [sp, #12]
1000349a:	4658      	mov	r0, fp
1000349c:	464b      	mov	r3, r9
1000349e:	f7fe fec5 	bl	1000222c <_ntoa_format>
100034a2:	940a      	str	r4, [sp, #40]	@ 0x28
100034a4:	4680      	mov	r8, r0
100034a6:	e4ef      	b.n	10002e88 <_vsnprintf+0x3c>
100034a8:	f023 030c 	bic.w	r3, r3, #12
100034ac:	e721      	b.n	100032f2 <_vsnprintf+0x4a6>
100034ae:	3307      	adds	r3, #7
100034b0:	f023 0307 	bic.w	r3, r3, #7
100034b4:	4619      	mov	r1, r3
100034b6:	4608      	mov	r0, r1
100034b8:	685b      	ldr	r3, [r3, #4]
100034ba:	f850 1b08 	ldr.w	r1, [r0], #8
100034be:	0fdf      	lsrs	r7, r3, #31
100034c0:	900a      	str	r0, [sp, #40]	@ 0x28
100034c2:	ea51 0003 	orrs.w	r0, r1, r3
100034c6:	d162      	bne.n	1000358e <_vsnprintf+0x742>
100034c8:	2a00      	cmp	r2, #0
100034ca:	f040 819f 	bne.w	1000380c <_vsnprintf+0x9c0>
100034ce:	4613      	mov	r3, r2
100034d0:	4611      	mov	r1, r2
100034d2:	aa12      	add	r2, sp, #72	@ 0x48
100034d4:	e9cd 750c 	strd	r7, r5, [sp, #48]	@ 0x30
100034d8:	2000      	movs	r0, #0
100034da:	4615      	mov	r5, r2
100034dc:	e9cd 680e 	strd	r6, r8, [sp, #56]	@ 0x38
100034e0:	f8df e348 	ldr.w	lr, [pc, #840]	@ 1000382c <_vsnprintf+0x9e0>
100034e4:	920b      	str	r2, [sp, #44]	@ 0x2c
100034e6:	e001      	b.n	100034ec <_vsnprintf+0x6a0>
100034e8:	2820      	cmp	r0, #32
100034ea:	d02d      	beq.n	10003548 <_vsnprintf+0x6fc>
100034ec:	185a      	adds	r2, r3, r1
100034ee:	f142 0200 	adc.w	r2, r2, #0
100034f2:	fbae 7802 	umull	r7, r8, lr, r2
100034f6:	f028 0703 	bic.w	r7, r8, #3
100034fa:	eb07 0798 	add.w	r7, r7, r8, lsr #2
100034fe:	1bd2      	subs	r2, r2, r7
10003500:	461e      	mov	r6, r3
10003502:	1a9b      	subs	r3, r3, r2
10003504:	f161 0700 	sbc.w	r7, r1, #0
10003508:	460c      	mov	r4, r1
1000350a:	f04f 31cc 	mov.w	r1, #3435973836	@ 0xcccccccc
1000350e:	fb01 f103 	mul.w	r1, r1, r3
10003512:	fb0e 1107 	mla	r1, lr, r7, r1
10003516:	fba3 730e 	umull	r7, r3, r3, lr
1000351a:	4419      	add	r1, r3
1000351c:	2305      	movs	r3, #5
1000351e:	f007 0801 	and.w	r8, r7, #1
10003522:	fba8 3803 	umull	r3, r8, r8, r3
10003526:	189b      	adds	r3, r3, r2
10003528:	2e0a      	cmp	r6, #10
1000352a:	f103 0330 	add.w	r3, r3, #48	@ 0x30
1000352e:	ea4f 0757 	mov.w	r7, r7, lsr #1
10003532:	f174 0400 	sbcs.w	r4, r4, #0
10003536:	f805 3b01 	strb.w	r3, [r5], #1
1000353a:	f100 0001 	add.w	r0, r0, #1
1000353e:	ea47 73c1 	orr.w	r3, r7, r1, lsl #31
10003542:	ea4f 0151 	mov.w	r1, r1, lsr #1
10003546:	d2cf      	bcs.n	100034e8 <_vsnprintf+0x69c>
10003548:	e9dd 750c 	ldrd	r7, r5, [sp, #48]	@ 0x30
1000354c:	e9dd 680e 	ldrd	r6, r8, [sp, #56]	@ 0x38
10003550:	9b0b      	ldr	r3, [sp, #44]	@ 0x2c
10003552:	4642      	mov	r2, r8
10003554:	9300      	str	r3, [sp, #0]
10003556:	230a      	movs	r3, #10
10003558:	e9cd 5c05 	strd	r5, ip, [sp, #20]
1000355c:	e9cd 0701 	strd	r0, r7, [sp, #4]
10003560:	9604      	str	r6, [sp, #16]
10003562:	9303      	str	r3, [sp, #12]
10003564:	464b      	mov	r3, r9
10003566:	4651      	mov	r1, sl
10003568:	4658      	mov	r0, fp
1000356a:	f7fe fe5f 	bl	1000222c <_ntoa_format>
1000356e:	4680      	mov	r8, r0
10003570:	e48a      	b.n	10002e88 <_vsnprintf+0x3c>
10003572:	7819      	ldrb	r1, [r3, #0]
10003574:	460f      	mov	r7, r1
10003576:	e764      	b.n	10003442 <_vsnprintf+0x5f6>
10003578:	2710      	movs	r7, #16
1000357a:	46bc      	mov	ip, r7
1000357c:	e6b3      	b.n	100032e6 <_vsnprintf+0x49a>
1000357e:	f023 0c10 	bic.w	ip, r3, #16
10003582:	e745      	b.n	10003410 <_vsnprintf+0x5c4>
10003584:	061c      	lsls	r4, r3, #24
10003586:	bf4c      	ite	mi
10003588:	8812      	ldrhmi	r2, [r2, #0]
1000358a:	6812      	ldrpl	r2, [r2, #0]
1000358c:	e6c0      	b.n	10003310 <_vsnprintf+0x4c4>
1000358e:	460a      	mov	r2, r1
10003590:	1e19      	subs	r1, r3, #0
10003592:	db01      	blt.n	10003598 <_vsnprintf+0x74c>
10003594:	4613      	mov	r3, r2
10003596:	e79c      	b.n	100034d2 <_vsnprintf+0x686>
10003598:	4252      	negs	r2, r2
1000359a:	4613      	mov	r3, r2
1000359c:	eb61 0141 	sbc.w	r1, r1, r1, lsl #1
100035a0:	e797      	b.n	100034d2 <_vsnprintf+0x686>
100035a2:	4613      	mov	r3, r2
100035a4:	4651      	mov	r1, sl
100035a6:	7818      	ldrb	r0, [r3, #0]
100035a8:	4642      	mov	r2, r8
100035aa:	464b      	mov	r3, r9
100035ac:	47d8      	blx	fp
100035ae:	46b0      	mov	r8, r6
100035b0:	e648      	b.n	10003244 <_vsnprintf+0x3f8>
100035b2:	f013 0f20 	tst.w	r3, #32
100035b6:	bf14      	ite	ne
100035b8:	2041      	movne	r0, #65	@ 0x41
100035ba:	2061      	moveq	r0, #97	@ 0x61
100035bc:	ac12      	add	r4, sp, #72	@ 0x48
100035be:	46a6      	mov	lr, r4
100035c0:	940b      	str	r4, [sp, #44]	@ 0x2c
100035c2:	930a      	str	r3, [sp, #40]	@ 0x28
100035c4:	f1a0 040a 	sub.w	r4, r0, #10
100035c8:	950c      	str	r5, [sp, #48]	@ 0x30
100035ca:	e002      	b.n	100035d2 <_vsnprintf+0x786>
100035cc:	2920      	cmp	r1, #32
100035ce:	d012      	beq.n	100035f6 <_vsnprintf+0x7aa>
100035d0:	462a      	mov	r2, r5
100035d2:	fbb2 f5fc 	udiv	r5, r2, ip
100035d6:	fb0c 2015 	mls	r0, ip, r5, r2
100035da:	b2c3      	uxtb	r3, r0
100035dc:	2809      	cmp	r0, #9
100035de:	f103 0030 	add.w	r0, r3, #48	@ 0x30
100035e2:	bf8a      	itet	hi
100035e4:	191b      	addhi	r3, r3, r4
100035e6:	b2c3      	uxtbls	r3, r0
100035e8:	b2db      	uxtbhi	r3, r3
100035ea:	4562      	cmp	r2, ip
100035ec:	f80e 3b01 	strb.w	r3, [lr], #1
100035f0:	f101 0101 	add.w	r1, r1, #1
100035f4:	d2ea      	bcs.n	100035cc <_vsnprintf+0x780>
100035f6:	9b0a      	ldr	r3, [sp, #40]	@ 0x28
100035f8:	9d0c      	ldr	r5, [sp, #48]	@ 0x30
100035fa:	e694      	b.n	10003326 <_vsnprintf+0x4da>
100035fc:	9a0a      	ldr	r2, [sp, #40]	@ 0x28
100035fe:	3207      	adds	r2, #7
10003600:	f022 0207 	bic.w	r2, r2, #7
10003604:	6851      	ldr	r1, [r2, #4]
10003606:	f852 4b08 	ldr.w	r4, [r2], #8
1000360a:	468e      	mov	lr, r1
1000360c:	920a      	str	r2, [sp, #40]	@ 0x28
1000360e:	ea54 0201 	orrs.w	r2, r4, r1
10003612:	d176      	bne.n	10003702 <_vsnprintf+0x8b6>
10003614:	f023 0310 	bic.w	r3, r3, #16
10003618:	2800      	cmp	r0, #0
1000361a:	d072      	beq.n	10003702 <_vsnprintf+0x8b6>
1000361c:	2200      	movs	r2, #0
1000361e:	4611      	mov	r1, r2
10003620:	aa12      	add	r2, sp, #72	@ 0x48
10003622:	920b      	str	r2, [sp, #44]	@ 0x2c
10003624:	e9cd 5305 	strd	r5, r3, [sp, #20]
10003628:	9b0b      	ldr	r3, [sp, #44]	@ 0x2c
1000362a:	4642      	mov	r2, r8
1000362c:	9300      	str	r3, [sp, #0]
1000362e:	2300      	movs	r3, #0
10003630:	e9cd c603 	strd	ip, r6, [sp, #12]
10003634:	9101      	str	r1, [sp, #4]
10003636:	9302      	str	r3, [sp, #8]
10003638:	e794      	b.n	10003564 <_vsnprintf+0x718>
1000363a:	42a5      	cmp	r5, r4
1000363c:	bf98      	it	ls
1000363e:	3401      	addls	r4, #1
10003640:	f67f ad74 	bls.w	1000312c <_vsnprintf+0x2e0>
10003644:	f44f 6380 	mov.w	r3, #1024	@ 0x400
10003648:	e9cd 750a 	strd	r7, r5, [sp, #40]	@ 0x28
1000364c:	eb05 0208 	add.w	r2, r5, r8
10003650:	461f      	mov	r7, r3
10003652:	460d      	mov	r5, r1
10003654:	1b14      	subs	r4, r2, r4
10003656:	4642      	mov	r2, r8
10003658:	464b      	mov	r3, r9
1000365a:	4651      	mov	r1, sl
1000365c:	2020      	movs	r0, #32
1000365e:	f108 0801 	add.w	r8, r8, #1
10003662:	47d8      	blx	fp
10003664:	45a0      	cmp	r8, r4
10003666:	d1f6      	bne.n	10003656 <_vsnprintf+0x80a>
10003668:	463b      	mov	r3, r7
1000366a:	9f0a      	ldr	r7, [sp, #40]	@ 0x28
1000366c:	4629      	mov	r1, r5
1000366e:	7838      	ldrb	r0, [r7, #0]
10003670:	9d0b      	ldr	r5, [sp, #44]	@ 0x2c
10003672:	1c6c      	adds	r4, r5, #1
10003674:	2800      	cmp	r0, #0
10003676:	f43f ad70 	beq.w	1000315a <_vsnprintf+0x30e>
1000367a:	2b00      	cmp	r3, #0
1000367c:	f43f ae75 	beq.w	1000336a <_vsnprintf+0x51e>
10003680:	2300      	movs	r3, #0
10003682:	e553      	b.n	1000312c <_vsnprintf+0x2e0>
10003684:	42a5      	cmp	r5, r4
10003686:	d8df      	bhi.n	10003648 <_vsnprintf+0x7fc>
10003688:	3401      	adds	r4, #1
1000368a:	e66e      	b.n	1000336a <_vsnprintf+0x51e>
1000368c:	6819      	ldr	r1, [r3, #0]
1000368e:	0fcb      	lsrs	r3, r1, #31
10003690:	2900      	cmp	r1, #0
10003692:	f000 80a8 	beq.w	100037e6 <_vsnprintf+0x99a>
10003696:	ea81 72e1 	eor.w	r2, r1, r1, asr #31
1000369a:	eba2 72e1 	sub.w	r2, r2, r1, asr #31
1000369e:	a912      	add	r1, sp, #72	@ 0x48
100036a0:	4608      	mov	r0, r1
100036a2:	f8df e188 	ldr.w	lr, [pc, #392]	@ 1000382c <_vsnprintf+0x9e0>
100036a6:	910b      	str	r1, [sp, #44]	@ 0x2c
100036a8:	930a      	str	r3, [sp, #40]	@ 0x28
100036aa:	950c      	str	r5, [sp, #48]	@ 0x30
100036ac:	e001      	b.n	100036b2 <_vsnprintf+0x866>
100036ae:	2f20      	cmp	r7, #32
100036b0:	d00f      	beq.n	100036d2 <_vsnprintf+0x886>
100036b2:	4615      	mov	r5, r2
100036b4:	fbae 1302 	umull	r1, r3, lr, r2
100036b8:	08db      	lsrs	r3, r3, #3
100036ba:	eb03 0183 	add.w	r1, r3, r3, lsl #2
100036be:	eba2 0141 	sub.w	r1, r2, r1, lsl #1
100036c2:	3130      	adds	r1, #48	@ 0x30
100036c4:	2d09      	cmp	r5, #9
100036c6:	461a      	mov	r2, r3
100036c8:	f107 0701 	add.w	r7, r7, #1
100036cc:	f800 1b01 	strb.w	r1, [r0], #1
100036d0:	d8ed      	bhi.n	100036ae <_vsnprintf+0x862>
100036d2:	9b0a      	ldr	r3, [sp, #40]	@ 0x28
100036d4:	9d0c      	ldr	r5, [sp, #48]	@ 0x30
100036d6:	e9cd 5c05 	strd	r5, ip, [sp, #20]
100036da:	e9cd 7301 	strd	r7, r3, [sp, #4]
100036de:	9604      	str	r6, [sp, #16]
100036e0:	e6d5      	b.n	1000348e <_vsnprintf+0x642>
100036e2:	2869      	cmp	r0, #105	@ 0x69
100036e4:	f023 0c10 	bic.w	ip, r3, #16
100036e8:	f040 808c 	bne.w	10003804 <_vsnprintf+0x9b8>
100036ec:	f413 6280 	ands.w	r2, r3, #1024	@ 0x400
100036f0:	f43f ae8e 	beq.w	10003410 <_vsnprintf+0x5c4>
100036f4:	e688      	b.n	10003408 <_vsnprintf+0x5bc>
100036f6:	2a00      	cmp	r2, #0
100036f8:	f43f aea8 	beq.w	1000344c <_vsnprintf+0x600>
100036fc:	aa12      	add	r2, sp, #72	@ 0x48
100036fe:	920b      	str	r2, [sp, #44]	@ 0x2c
10003700:	e6c0      	b.n	10003484 <_vsnprintf+0x638>
10003702:	f013 0f20 	tst.w	r3, #32
10003706:	bf14      	ite	ne
10003708:	2241      	movne	r2, #65	@ 0x41
1000370a:	2261      	moveq	r2, #97	@ 0x61
1000370c:	2000      	movs	r0, #0
1000370e:	a912      	add	r1, sp, #72	@ 0x48
10003710:	3a0a      	subs	r2, #10
10003712:	e9cd 680e 	strd	r6, r8, [sp, #56]	@ 0x38
10003716:	e9cd 350c 	strd	r3, r5, [sp, #48]	@ 0x30
1000371a:	f8cd b044 	str.w	fp, [sp, #68]	@ 0x44
1000371e:	4606      	mov	r6, r0
10003720:	4688      	mov	r8, r1
10003722:	4675      	mov	r5, lr
10003724:	4693      	mov	fp, r2
10003726:	910b      	str	r1, [sp, #44]	@ 0x2c
10003728:	f8cd c040 	str.w	ip, [sp, #64]	@ 0x40
1000372c:	e003      	b.n	10003736 <_vsnprintf+0x8ea>
1000372e:	2e20      	cmp	r6, #32
10003730:	d017      	beq.n	10003762 <_vsnprintf+0x916>
10003732:	4604      	mov	r4, r0
10003734:	460d      	mov	r5, r1
10003736:	4629      	mov	r1, r5
10003738:	463a      	mov	r2, r7
1000373a:	2300      	movs	r3, #0
1000373c:	4620      	mov	r0, r4
1000373e:	f005 febb 	bl	100094b8 <____aeabi_uldivmod_veneer>
10003742:	b2d2      	uxtb	r2, r2
10003744:	2a09      	cmp	r2, #9
10003746:	f102 0330 	add.w	r3, r2, #48	@ 0x30
1000374a:	bf88      	it	hi
1000374c:	eb02 030b 	addhi.w	r3, r2, fp
10003750:	42bc      	cmp	r4, r7
10003752:	b2db      	uxtb	r3, r3
10003754:	f175 0500 	sbcs.w	r5, r5, #0
10003758:	f808 3b01 	strb.w	r3, [r8], #1
1000375c:	f106 0601 	add.w	r6, r6, #1
10003760:	d2e5      	bcs.n	1000372e <_vsnprintf+0x8e2>
10003762:	4631      	mov	r1, r6
10003764:	e9dd 350c 	ldrd	r3, r5, [sp, #48]	@ 0x30
10003768:	e9dd cb10 	ldrd	ip, fp, [sp, #64]	@ 0x40
1000376c:	f8dd 803c 	ldr.w	r8, [sp, #60]	@ 0x3c
10003770:	9e0e      	ldr	r6, [sp, #56]	@ 0x38
10003772:	e757      	b.n	10003624 <_vsnprintf+0x7d8>
10003774:	990a      	ldr	r1, [sp, #40]	@ 0x28
10003776:	6809      	ldr	r1, [r1, #0]
10003778:	b951      	cbnz	r1, 10003790 <_vsnprintf+0x944>
1000377a:	f023 0310 	bic.w	r3, r3, #16
1000377e:	b138      	cbz	r0, 10003790 <_vsnprintf+0x944>
10003780:	a912      	add	r1, sp, #72	@ 0x48
10003782:	910b      	str	r1, [sp, #44]	@ 0x2c
10003784:	e9cd 5305 	strd	r5, r3, [sp, #20]
10003788:	e9cd c603 	strd	ip, r6, [sp, #12]
1000378c:	9201      	str	r2, [sp, #4]
1000378e:	e5cf      	b.n	10003330 <_vsnprintf+0x4e4>
10003790:	f013 0f20 	tst.w	r3, #32
10003794:	bf14      	ite	ne
10003796:	2041      	movne	r0, #65	@ 0x41
10003798:	2061      	moveq	r0, #97	@ 0x61
1000379a:	ac12      	add	r4, sp, #72	@ 0x48
1000379c:	46a6      	mov	lr, r4
1000379e:	940b      	str	r4, [sp, #44]	@ 0x2c
100037a0:	930a      	str	r3, [sp, #40]	@ 0x28
100037a2:	f1a0 040a 	sub.w	r4, r0, #10
100037a6:	950c      	str	r5, [sp, #48]	@ 0x30
100037a8:	e002      	b.n	100037b0 <_vsnprintf+0x964>
100037aa:	2a20      	cmp	r2, #32
100037ac:	d012      	beq.n	100037d4 <_vsnprintf+0x988>
100037ae:	4629      	mov	r1, r5
100037b0:	fbb1 f5fc 	udiv	r5, r1, ip
100037b4:	fb0c 1015 	mls	r0, ip, r5, r1
100037b8:	b2c3      	uxtb	r3, r0
100037ba:	2809      	cmp	r0, #9
100037bc:	f103 0030 	add.w	r0, r3, #48	@ 0x30
100037c0:	bf8a      	itet	hi
100037c2:	191b      	addhi	r3, r3, r4
100037c4:	b2c3      	uxtbls	r3, r0
100037c6:	b2db      	uxtbhi	r3, r3
100037c8:	4561      	cmp	r1, ip
100037ca:	f80e 3b01 	strb.w	r3, [lr], #1
100037ce:	f102 0201 	add.w	r2, r2, #1
100037d2:	d2ea      	bcs.n	100037aa <_vsnprintf+0x95e>
100037d4:	9b0a      	ldr	r3, [sp, #40]	@ 0x28
100037d6:	9d0c      	ldr	r5, [sp, #48]	@ 0x30
100037d8:	e7d4      	b.n	10003784 <_vsnprintf+0x938>
100037da:	6819      	ldr	r1, [r3, #0]
100037dc:	ea81 77e1 	eor.w	r7, r1, r1, asr #31
100037e0:	eba7 77e1 	sub.w	r7, r7, r1, asr #31
100037e4:	e62d      	b.n	10003442 <_vsnprintf+0x5f6>
100037e6:	2a00      	cmp	r2, #0
100037e8:	f43f af59 	beq.w	1000369e <_vsnprintf+0x852>
100037ec:	aa12      	add	r2, sp, #72	@ 0x48
100037ee:	920b      	str	r2, [sp, #44]	@ 0x2c
100037f0:	e771      	b.n	100036d6 <_vsnprintf+0x88a>
100037f2:	f413 6480 	ands.w	r4, r3, #1024	@ 0x400
100037f6:	d00d      	beq.n	10003814 <_vsnprintf+0x9c8>
100037f8:	f013 0402 	ands.w	r4, r3, #2
100037fc:	d012      	beq.n	10003824 <_vsnprintf+0x9d8>
100037fe:	4604      	mov	r4, r0
10003800:	4646      	mov	r6, r8
10003802:	e5ec      	b.n	100033de <_vsnprintf+0x592>
10003804:	270a      	movs	r7, #10
10003806:	4663      	mov	r3, ip
10003808:	46bc      	mov	ip, r7
1000380a:	e56c      	b.n	100032e6 <_vsnprintf+0x49a>
1000380c:	ab12      	add	r3, sp, #72	@ 0x48
1000380e:	2000      	movs	r0, #0
10003810:	930b      	str	r3, [sp, #44]	@ 0x2c
10003812:	e69d      	b.n	10003550 <_vsnprintf+0x704>
10003814:	f013 0302 	ands.w	r3, r3, #2
10003818:	f47f ade0 	bne.w	100033dc <_vsnprintf+0x590>
1000381c:	2d00      	cmp	r5, #0
1000381e:	f47f af13 	bne.w	10003648 <_vsnprintf+0x7fc>
10003822:	e49a      	b.n	1000315a <_vsnprintf+0x30e>
10003824:	2d00      	cmp	r5, #0
10003826:	f47f af0d 	bne.w	10003644 <_vsnprintf+0x7f8>
1000382a:	e496      	b.n	1000315a <_vsnprintf+0x30e>
1000382c:	cccccccd 	.word	0xcccccccd

10003830 <__wrap_sprintf>:
10003830:	b40e      	push	{r1, r2, r3}
10003832:	b510      	push	{r4, lr}
10003834:	b085      	sub	sp, #20
10003836:	ac07      	add	r4, sp, #28
10003838:	f854 3b04 	ldr.w	r3, [r4], #4
1000383c:	4601      	mov	r1, r0
1000383e:	f04f 32ff 	mov.w	r2, #4294967295
10003842:	9400      	str	r4, [sp, #0]
10003844:	4804      	ldr	r0, [pc, #16]	@ (10003858 <__wrap_sprintf+0x28>)
10003846:	9403      	str	r4, [sp, #12]
10003848:	f7ff fb00 	bl	10002e4c <_vsnprintf>
1000384c:	b005      	add	sp, #20
1000384e:	e8bd 4010 	ldmia.w	sp!, {r4, lr}
10003852:	b003      	add	sp, #12
10003854:	4770      	bx	lr
10003856:	bf00      	nop
10003858:	10002185 	.word	0x10002185

1000385c <vfctprintf>:
1000385c:	b570      	push	{r4, r5, r6, lr}
1000385e:	4694      	mov	ip, r2
10003860:	461e      	mov	r6, r3
10003862:	4605      	mov	r5, r0
10003864:	460c      	mov	r4, r1
10003866:	b084      	sub	sp, #16
10003868:	f04f 32ff 	mov.w	r2, #4294967295
1000386c:	4663      	mov	r3, ip
1000386e:	a902      	add	r1, sp, #8
10003870:	9600      	str	r6, [sp, #0]
10003872:	4803      	ldr	r0, [pc, #12]	@ (10003880 <vfctprintf+0x24>)
10003874:	e9cd 5402 	strd	r5, r4, [sp, #8]
10003878:	f7ff fae8 	bl	10002e4c <_vsnprintf>
1000387c:	b004      	add	sp, #16
1000387e:	bd70      	pop	{r4, r5, r6, pc}
10003880:	10002409 	.word	0x10002409

10003884 <weak_raw_vprintf>:
10003884:	b510      	push	{r4, lr}
10003886:	4b09      	ldr	r3, [pc, #36]	@ (100038ac <weak_raw_vprintf+0x28>)
10003888:	b084      	sub	sp, #16
1000388a:	681c      	ldr	r4, [r3, #0]
1000388c:	b14c      	cbz	r4, 100038a2 <weak_raw_vprintf+0x1e>
1000388e:	4603      	mov	r3, r0
10003890:	9100      	str	r1, [sp, #0]
10003892:	f04f 32ff 	mov.w	r2, #4294967295
10003896:	a903      	add	r1, sp, #12
10003898:	4805      	ldr	r0, [pc, #20]	@ (100038b0 <weak_raw_vprintf+0x2c>)
1000389a:	47a0      	blx	r4
1000389c:	2001      	movs	r0, #1
1000389e:	b004      	add	sp, #16
100038a0:	bd10      	pop	{r4, pc}
100038a2:	f000 f98f 	bl	10003bc4 <__wrap_puts>
100038a6:	4620      	mov	r0, r4
100038a8:	b004      	add	sp, #16
100038aa:	bd10      	pop	{r4, pc}
100038ac:	2000288c 	.word	0x2000288c
100038b0:	10002401 	.word	0x10002401

100038b4 <_exit>:
100038b4:	be00      	bkpt	0x0000
100038b6:	e7fd      	b.n	100038b4 <_exit>

100038b8 <_sbrk>:
100038b8:	4a07      	ldr	r2, [pc, #28]	@ (100038d8 <_sbrk+0x20>)
100038ba:	4603      	mov	r3, r0
100038bc:	6810      	ldr	r0, [r2, #0]
100038be:	b138      	cbz	r0, 100038d0 <_sbrk+0x18>
100038c0:	4906      	ldr	r1, [pc, #24]	@ (100038dc <_sbrk+0x24>)
100038c2:	4403      	add	r3, r0
100038c4:	428b      	cmp	r3, r1
100038c6:	bf8c      	ite	hi
100038c8:	f04f 30ff 	movhi.w	r0, #4294967295
100038cc:	6013      	strls	r3, [r2, #0]
100038ce:	4770      	bx	lr
100038d0:	4903      	ldr	r1, [pc, #12]	@ (100038e0 <_sbrk+0x28>)
100038d2:	4608      	mov	r0, r1
100038d4:	6011      	str	r1, [r2, #0]
100038d6:	e7f3      	b.n	100038c0 <_sbrk+0x8>
100038d8:	20002484 	.word	0x20002484
100038dc:	20080000 	.word	0x20080000
100038e0:	20002a7c 	.word	0x20002a7c

100038e4 <exit>:
100038e4:	b508      	push	{r3, lr}
100038e6:	f7ff ffe5 	bl	100038b4 <_exit>
100038ea:	bf00      	nop

100038ec <runtime_init>:
100038ec:	b538      	push	{r3, r4, r5, lr}
100038ee:	4c06      	ldr	r4, [pc, #24]	@ (10003908 <runtime_init+0x1c>)
100038f0:	4d06      	ldr	r5, [pc, #24]	@ (1000390c <runtime_init+0x20>)
100038f2:	f7fe f9d7 	bl	10001ca4 <runtime_run_initializers>
100038f6:	42ac      	cmp	r4, r5
100038f8:	d204      	bcs.n	10003904 <runtime_init+0x18>
100038fa:	f854 3b04 	ldr.w	r3, [r4], #4
100038fe:	4798      	blx	r3
10003900:	42ac      	cmp	r4, r5
10003902:	d3fa      	bcc.n	100038fa <runtime_init+0xe>
10003904:	bd38      	pop	{r3, r4, r5, pc}
10003906:	bf00      	nop
10003908:	10009528 	.word	0x10009528
1000390c:	10009534 	.word	0x10009534

10003910 <stdio_out_chars_no_crlf>:
10003910:	6803      	ldr	r3, [r0, #0]
10003912:	4608      	mov	r0, r1
10003914:	4611      	mov	r1, r2
10003916:	4718      	bx	r3

10003918 <stdio_out_chars_crlf>:
10003918:	e92d 41f0 	stmdb	sp!, {r4, r5, r6, r7, r8, lr}
1000391c:	4615      	mov	r5, r2
1000391e:	7d42      	ldrb	r2, [r0, #21]
10003920:	4607      	mov	r7, r0
10003922:	4688      	mov	r8, r1
10003924:	2a00      	cmp	r2, #0
10003926:	d046      	beq.n	100039b6 <stdio_out_chars_crlf+0x9e>
10003928:	2d00      	cmp	r5, #0
1000392a:	dd1d      	ble.n	10003968 <stdio_out_chars_crlf+0x50>
1000392c:	780b      	ldrb	r3, [r1, #0]
1000392e:	2b0a      	cmp	r3, #10
10003930:	d023      	beq.n	1000397a <stdio_out_chars_crlf+0x62>
10003932:	2d01      	cmp	r5, #1
10003934:	f04f 0c00 	mov.w	ip, #0
10003938:	d018      	beq.n	1000396c <stdio_out_chars_crlf+0x54>
1000393a:	4646      	mov	r6, r8
1000393c:	2401      	movs	r4, #1
1000393e:	f816 2f01 	ldrb.w	r2, [r6, #1]!
10003942:	4621      	mov	r1, r4
10003944:	2a0a      	cmp	r2, #10
10003946:	f104 0401 	add.w	r4, r4, #1
1000394a:	d022      	beq.n	10003992 <stdio_out_chars_crlf+0x7a>
1000394c:	42a5      	cmp	r5, r4
1000394e:	d1f6      	bne.n	1000393e <stdio_out_chars_crlf+0x26>
10003950:	4565      	cmp	r5, ip
10003952:	dc0b      	bgt.n	1000396c <stdio_out_chars_crlf+0x54>
10003954:	eb08 0305 	add.w	r3, r8, r5
10003958:	f813 3c01 	ldrb.w	r3, [r3, #-1]
1000395c:	f1a3 030d 	sub.w	r3, r3, #13
10003960:	fab3 f383 	clz	r3, r3
10003964:	095b      	lsrs	r3, r3, #5
10003966:	753b      	strb	r3, [r7, #20]
10003968:	e8bd 81f0 	ldmia.w	sp!, {r4, r5, r6, r7, r8, pc}
1000396c:	683b      	ldr	r3, [r7, #0]
1000396e:	eba5 010c 	sub.w	r1, r5, ip
10003972:	eb08 000c 	add.w	r0, r8, ip
10003976:	4798      	blx	r3
10003978:	e7ec      	b.n	10003954 <stdio_out_chars_crlf+0x3c>
1000397a:	7d03      	ldrb	r3, [r0, #20]
1000397c:	2b00      	cmp	r3, #0
1000397e:	d1d8      	bne.n	10003932 <stdio_out_chars_crlf+0x1a>
10003980:	6803      	ldr	r3, [r0, #0]
10003982:	2102      	movs	r1, #2
10003984:	480f      	ldr	r0, [pc, #60]	@ (100039c4 <stdio_out_chars_crlf+0xac>)
10003986:	4798      	blx	r3
10003988:	2d01      	cmp	r5, #1
1000398a:	d0e3      	beq.n	10003954 <stdio_out_chars_crlf+0x3c>
1000398c:	f04f 0c01 	mov.w	ip, #1
10003990:	e7d3      	b.n	1000393a <stdio_out_chars_crlf+0x22>
10003992:	f816 3c01 	ldrb.w	r3, [r6, #-1]
10003996:	2b0d      	cmp	r3, #13
10003998:	d0d8      	beq.n	1000394c <stdio_out_chars_crlf+0x34>
1000399a:	458c      	cmp	ip, r1
1000399c:	eb08 000c 	add.w	r0, r8, ip
100039a0:	eba1 010c 	sub.w	r1, r1, ip
100039a4:	da01      	bge.n	100039aa <stdio_out_chars_crlf+0x92>
100039a6:	683b      	ldr	r3, [r7, #0]
100039a8:	4798      	blx	r3
100039aa:	2102      	movs	r1, #2
100039ac:	4805      	ldr	r0, [pc, #20]	@ (100039c4 <stdio_out_chars_crlf+0xac>)
100039ae:	683b      	ldr	r3, [r7, #0]
100039b0:	4798      	blx	r3
100039b2:	46a4      	mov	ip, r4
100039b4:	e7ca      	b.n	1000394c <stdio_out_chars_crlf+0x34>
100039b6:	4629      	mov	r1, r5
100039b8:	4640      	mov	r0, r8
100039ba:	683b      	ldr	r3, [r7, #0]
100039bc:	e8bd 41f0 	ldmia.w	sp!, {r4, r5, r6, r7, r8, lr}
100039c0:	4718      	bx	r3
100039c2:	bf00      	nop
100039c4:	100098c8 	.word	0x100098c8

100039c8 <stdio_buffered_printer>:
100039c8:	680b      	ldr	r3, [r1, #0]
100039ca:	e92d 41f0 	stmdb	sp!, {r4, r5, r6, r7, r8, lr}
100039ce:	2b80      	cmp	r3, #128	@ 0x80
100039d0:	460d      	mov	r5, r1
100039d2:	4606      	mov	r6, r0
100039d4:	d005      	beq.n	100039e2 <stdio_buffered_printer+0x1a>
100039d6:	1c5a      	adds	r2, r3, #1
100039d8:	442b      	add	r3, r5
100039da:	602a      	str	r2, [r5, #0]
100039dc:	711e      	strb	r6, [r3, #4]
100039de:	e8bd 81f0 	ldmia.w	sp!, {r4, r5, r6, r7, r8, pc}
100039e2:	4b0f      	ldr	r3, [pc, #60]	@ (10003a20 <stdio_buffered_printer+0x58>)
100039e4:	681c      	ldr	r4, [r3, #0]
100039e6:	b1a4      	cbz	r4, 10003a12 <stdio_buffered_printer+0x4a>
100039e8:	4f0e      	ldr	r7, [pc, #56]	@ (10003a24 <stdio_buffered_printer+0x5c>)
100039ea:	f101 0804 	add.w	r8, r1, #4
100039ee:	e001      	b.n	100039f4 <stdio_buffered_printer+0x2c>
100039f0:	6924      	ldr	r4, [r4, #16]
100039f2:	b174      	cbz	r4, 10003a12 <stdio_buffered_printer+0x4a>
100039f4:	6823      	ldr	r3, [r4, #0]
100039f6:	2b00      	cmp	r3, #0
100039f8:	d0fa      	beq.n	100039f0 <stdio_buffered_printer+0x28>
100039fa:	683b      	ldr	r3, [r7, #0]
100039fc:	b10b      	cbz	r3, 10003a02 <stdio_buffered_printer+0x3a>
100039fe:	42a3      	cmp	r3, r4
10003a00:	d1f6      	bne.n	100039f0 <stdio_buffered_printer+0x28>
10003a02:	4620      	mov	r0, r4
10003a04:	4641      	mov	r1, r8
10003a06:	682a      	ldr	r2, [r5, #0]
10003a08:	f7ff ff86 	bl	10003918 <stdio_out_chars_crlf>
10003a0c:	6924      	ldr	r4, [r4, #16]
10003a0e:	2c00      	cmp	r4, #0
10003a10:	d1f0      	bne.n	100039f4 <stdio_buffered_printer+0x2c>
10003a12:	2300      	movs	r3, #0
10003a14:	2201      	movs	r2, #1
10003a16:	442b      	add	r3, r5
10003a18:	602a      	str	r2, [r5, #0]
10003a1a:	711e      	strb	r6, [r3, #4]
10003a1c:	e8bd 81f0 	ldmia.w	sp!, {r4, r5, r6, r7, r8, pc}
10003a20:	20002474 	.word	0x20002474
10003a24:	20002480 	.word	0x20002480

10003a28 <stdio_put_string>:
10003a28:	e92d 47f0 	stmdb	sp!, {r4, r5, r6, r7, r8, r9, sl, lr}
10003a2c:	b082      	sub	sp, #8
10003a2e:	460d      	mov	r5, r1
10003a30:	4691      	mov	r9, r2
10003a32:	461c      	mov	r4, r3
10003a34:	4606      	mov	r6, r0
10003a36:	f7fd ffa1 	bl	1000197c <time_us_64>
10003a3a:	f04f 3cff 	mov.w	ip, #4294967295
10003a3e:	f06f 4700 	mvn.w	r7, #2147483648	@ 0x80000000
10003a42:	4a2e      	ldr	r2, [pc, #184]	@ (10003afc <stdio_put_string+0xd4>)
10003a44:	1882      	adds	r2, r0, r2
10003a46:	f141 0300 	adc.w	r3, r1, #0
10003a4a:	4594      	cmp	ip, r2
10003a4c:	eb77 0103 	sbcs.w	r1, r7, r3
10003a50:	bf3c      	itt	cc
10003a52:	4662      	movcc	r2, ip
10003a54:	463b      	movcc	r3, r7
10003a56:	482a      	ldr	r0, [pc, #168]	@ (10003b00 <stdio_put_string+0xd8>)
10003a58:	f005 fd3e 	bl	100094d8 <__mutex_try_enter_block_until_veneer>
10003a5c:	1c6b      	adds	r3, r5, #1
10003a5e:	4680      	mov	r8, r0
10003a60:	d040      	beq.n	10003ae4 <stdio_put_string+0xbc>
10003a62:	b30c      	cbz	r4, 10003aa8 <stdio_put_string+0x80>
10003a64:	4f27      	ldr	r7, [pc, #156]	@ (10003b04 <stdio_put_string+0xdc>)
10003a66:	4b28      	ldr	r3, [pc, #160]	@ (10003b08 <stdio_put_string+0xe0>)
10003a68:	681c      	ldr	r4, [r3, #0]
10003a6a:	b1b4      	cbz	r4, 10003a9a <stdio_put_string+0x72>
10003a6c:	f1b9 0f00 	cmp.w	r9, #0
10003a70:	d11c      	bne.n	10003aac <stdio_put_string+0x84>
10003a72:	f8df 909c 	ldr.w	r9, [pc, #156]	@ 10003b10 <stdio_put_string+0xe8>
10003a76:	e001      	b.n	10003a7c <stdio_put_string+0x54>
10003a78:	6924      	ldr	r4, [r4, #16]
10003a7a:	b174      	cbz	r4, 10003a9a <stdio_put_string+0x72>
10003a7c:	6823      	ldr	r3, [r4, #0]
10003a7e:	2b00      	cmp	r3, #0
10003a80:	d0fa      	beq.n	10003a78 <stdio_put_string+0x50>
10003a82:	f8d9 3000 	ldr.w	r3, [r9]
10003a86:	b10b      	cbz	r3, 10003a8c <stdio_put_string+0x64>
10003a88:	429c      	cmp	r4, r3
10003a8a:	d1f5      	bne.n	10003a78 <stdio_put_string+0x50>
10003a8c:	4620      	mov	r0, r4
10003a8e:	462a      	mov	r2, r5
10003a90:	4631      	mov	r1, r6
10003a92:	47b8      	blx	r7
10003a94:	6924      	ldr	r4, [r4, #16]
10003a96:	2c00      	cmp	r4, #0
10003a98:	d1f0      	bne.n	10003a7c <stdio_put_string+0x54>
10003a9a:	f1b8 0f00 	cmp.w	r8, #0
10003a9e:	d126      	bne.n	10003aee <stdio_put_string+0xc6>
10003aa0:	4628      	mov	r0, r5
10003aa2:	b002      	add	sp, #8
10003aa4:	e8bd 87f0 	ldmia.w	sp!, {r4, r5, r6, r7, r8, r9, sl, pc}
10003aa8:	4f18      	ldr	r7, [pc, #96]	@ (10003b0c <stdio_put_string+0xe4>)
10003aaa:	e7dc      	b.n	10003a66 <stdio_put_string+0x3e>
10003aac:	f04f 0a0a 	mov.w	sl, #10
10003ab0:	f8df 905c 	ldr.w	r9, [pc, #92]	@ 10003b10 <stdio_put_string+0xe8>
10003ab4:	e002      	b.n	10003abc <stdio_put_string+0x94>
10003ab6:	6924      	ldr	r4, [r4, #16]
10003ab8:	2c00      	cmp	r4, #0
10003aba:	d0ee      	beq.n	10003a9a <stdio_put_string+0x72>
10003abc:	6823      	ldr	r3, [r4, #0]
10003abe:	2b00      	cmp	r3, #0
10003ac0:	d0f9      	beq.n	10003ab6 <stdio_put_string+0x8e>
10003ac2:	f8d9 3000 	ldr.w	r3, [r9]
10003ac6:	b10b      	cbz	r3, 10003acc <stdio_put_string+0xa4>
10003ac8:	42a3      	cmp	r3, r4
10003aca:	d1f4      	bne.n	10003ab6 <stdio_put_string+0x8e>
10003acc:	462a      	mov	r2, r5
10003ace:	4631      	mov	r1, r6
10003ad0:	4620      	mov	r0, r4
10003ad2:	47b8      	blx	r7
10003ad4:	2201      	movs	r2, #1
10003ad6:	4620      	mov	r0, r4
10003ad8:	f10d 0107 	add.w	r1, sp, #7
10003adc:	f88d a007 	strb.w	sl, [sp, #7]
10003ae0:	47b8      	blx	r7
10003ae2:	e7e8      	b.n	10003ab6 <stdio_put_string+0x8e>
10003ae4:	4630      	mov	r0, r6
10003ae6:	f005 fb51 	bl	1000918c <strlen>
10003aea:	4605      	mov	r5, r0
10003aec:	e7b9      	b.n	10003a62 <stdio_put_string+0x3a>
10003aee:	4804      	ldr	r0, [pc, #16]	@ (10003b00 <stdio_put_string+0xd8>)
10003af0:	f005 fce6 	bl	100094c0 <__mutex_exit_veneer>
10003af4:	4628      	mov	r0, r5
10003af6:	b002      	add	sp, #8
10003af8:	e8bd 87f0 	ldmia.w	sp!, {r4, r5, r6, r7, r8, r9, sl, pc}
10003afc:	000f4240 	.word	0x000f4240
10003b00:	20001b00 	.word	0x20001b00
10003b04:	10003919 	.word	0x10003919
10003b08:	20002474 	.word	0x20002474
10003b0c:	10003911 	.word	0x10003911
10003b10:	20002480 	.word	0x20002480

10003b14 <stdio_set_driver_enabled>:
10003b14:	4a08      	ldr	r2, [pc, #32]	@ (10003b38 <stdio_set_driver_enabled+0x24>)
10003b16:	6813      	ldr	r3, [r2, #0]
10003b18:	b923      	cbnz	r3, 10003b24 <stdio_set_driver_enabled+0x10>
10003b1a:	e00a      	b.n	10003b32 <stdio_set_driver_enabled+0x1e>
10003b1c:	f103 0210 	add.w	r2, r3, #16
10003b20:	691b      	ldr	r3, [r3, #16]
10003b22:	b133      	cbz	r3, 10003b32 <stdio_set_driver_enabled+0x1e>
10003b24:	4283      	cmp	r3, r0
10003b26:	d1f9      	bne.n	10003b1c <stdio_set_driver_enabled+0x8>
10003b28:	b929      	cbnz	r1, 10003b36 <stdio_set_driver_enabled+0x22>
10003b2a:	6918      	ldr	r0, [r3, #16]
10003b2c:	6010      	str	r0, [r2, #0]
10003b2e:	6119      	str	r1, [r3, #16]
10003b30:	4770      	bx	lr
10003b32:	b101      	cbz	r1, 10003b36 <stdio_set_driver_enabled+0x22>
10003b34:	6010      	str	r0, [r2, #0]
10003b36:	4770      	bx	lr
10003b38:	20002474 	.word	0x20002474

10003b3c <stdio_init_all>:
10003b3c:	f000 bade 	b.w	100040fc <stdio_usb_init>

10003b40 <__wrap_putchar>:
10003b40:	b5f0      	push	{r4, r5, r6, r7, lr}
10003b42:	b083      	sub	sp, #12
10003b44:	4606      	mov	r6, r0
10003b46:	f88d 0007 	strb.w	r0, [sp, #7]
10003b4a:	f7fd ff17 	bl	1000197c <time_us_64>
10003b4e:	f04f 35ff 	mov.w	r5, #4294967295
10003b52:	f06f 4400 	mvn.w	r4, #2147483648	@ 0x80000000
10003b56:	4a17      	ldr	r2, [pc, #92]	@ (10003bb4 <__wrap_putchar+0x74>)
10003b58:	1882      	adds	r2, r0, r2
10003b5a:	f141 0300 	adc.w	r3, r1, #0
10003b5e:	4295      	cmp	r5, r2
10003b60:	eb74 0103 	sbcs.w	r1, r4, r3
10003b64:	bf3c      	itt	cc
10003b66:	4623      	movcc	r3, r4
10003b68:	462a      	movcc	r2, r5
10003b6a:	4813      	ldr	r0, [pc, #76]	@ (10003bb8 <__wrap_putchar+0x78>)
10003b6c:	f005 fcb4 	bl	100094d8 <__mutex_try_enter_block_until_veneer>
10003b70:	4b12      	ldr	r3, [pc, #72]	@ (10003bbc <__wrap_putchar+0x7c>)
10003b72:	4607      	mov	r7, r0
10003b74:	681c      	ldr	r4, [r3, #0]
10003b76:	b19c      	cbz	r4, 10003ba0 <__wrap_putchar+0x60>
10003b78:	4d11      	ldr	r5, [pc, #68]	@ (10003bc0 <__wrap_putchar+0x80>)
10003b7a:	e001      	b.n	10003b80 <__wrap_putchar+0x40>
10003b7c:	6924      	ldr	r4, [r4, #16]
10003b7e:	b17c      	cbz	r4, 10003ba0 <__wrap_putchar+0x60>
10003b80:	6823      	ldr	r3, [r4, #0]
10003b82:	2b00      	cmp	r3, #0
10003b84:	d0fa      	beq.n	10003b7c <__wrap_putchar+0x3c>
10003b86:	682b      	ldr	r3, [r5, #0]
10003b88:	b10b      	cbz	r3, 10003b8e <__wrap_putchar+0x4e>
10003b8a:	429c      	cmp	r4, r3
10003b8c:	d1f6      	bne.n	10003b7c <__wrap_putchar+0x3c>
10003b8e:	4620      	mov	r0, r4
10003b90:	2201      	movs	r2, #1
10003b92:	f10d 0107 	add.w	r1, sp, #7
10003b96:	f7ff febf 	bl	10003918 <stdio_out_chars_crlf>
10003b9a:	6924      	ldr	r4, [r4, #16]
10003b9c:	2c00      	cmp	r4, #0
10003b9e:	d1ef      	bne.n	10003b80 <__wrap_putchar+0x40>
10003ba0:	b917      	cbnz	r7, 10003ba8 <__wrap_putchar+0x68>
10003ba2:	4630      	mov	r0, r6
10003ba4:	b003      	add	sp, #12
10003ba6:	bdf0      	pop	{r4, r5, r6, r7, pc}
10003ba8:	4803      	ldr	r0, [pc, #12]	@ (10003bb8 <__wrap_putchar+0x78>)
10003baa:	f005 fc89 	bl	100094c0 <__mutex_exit_veneer>
10003bae:	4630      	mov	r0, r6
10003bb0:	b003      	add	sp, #12
10003bb2:	bdf0      	pop	{r4, r5, r6, r7, pc}
10003bb4:	000f4240 	.word	0x000f4240
10003bb8:	20001b00 	.word	0x20001b00
10003bbc:	20002474 	.word	0x20002474
10003bc0:	20002480 	.word	0x20002480

10003bc4 <__wrap_puts>:
10003bc4:	b538      	push	{r3, r4, r5, lr}
10003bc6:	4604      	mov	r4, r0
10003bc8:	f005 fae0 	bl	1000918c <strlen>
10003bcc:	2301      	movs	r3, #1
10003bce:	4605      	mov	r5, r0
10003bd0:	461a      	mov	r2, r3
10003bd2:	4620      	mov	r0, r4
10003bd4:	4629      	mov	r1, r5
10003bd6:	f7ff ff27 	bl	10003a28 <stdio_put_string>
10003bda:	4b08      	ldr	r3, [pc, #32]	@ (10003bfc <__wrap_puts+0x38>)
10003bdc:	681c      	ldr	r4, [r3, #0]
10003bde:	b12c      	cbz	r4, 10003bec <__wrap_puts+0x28>
10003be0:	6863      	ldr	r3, [r4, #4]
10003be2:	b12b      	cbz	r3, 10003bf0 <__wrap_puts+0x2c>
10003be4:	4798      	blx	r3
10003be6:	6924      	ldr	r4, [r4, #16]
10003be8:	2c00      	cmp	r4, #0
10003bea:	d1f9      	bne.n	10003be0 <__wrap_puts+0x1c>
10003bec:	4628      	mov	r0, r5
10003bee:	bd38      	pop	{r3, r4, r5, pc}
10003bf0:	6924      	ldr	r4, [r4, #16]
10003bf2:	2c00      	cmp	r4, #0
10003bf4:	d1f4      	bne.n	10003be0 <__wrap_puts+0x1c>
10003bf6:	4628      	mov	r0, r5
10003bf8:	bd38      	pop	{r3, r4, r5, pc}
10003bfa:	bf00      	nop
10003bfc:	20002474 	.word	0x20002474

10003c00 <__wrap_vprintf>:
10003c00:	e92d 41f0 	stmdb	sp!, {r4, r5, r6, r7, r8, lr}
10003c04:	b0a2      	sub	sp, #136	@ 0x88
10003c06:	4604      	mov	r4, r0
10003c08:	460d      	mov	r5, r1
10003c0a:	f7fd feb7 	bl	1000197c <time_us_64>
10003c0e:	f04f 37ff 	mov.w	r7, #4294967295
10003c12:	f06f 4600 	mvn.w	r6, #2147483648	@ 0x80000000
10003c16:	4a26      	ldr	r2, [pc, #152]	@ (10003cb0 <__wrap_vprintf+0xb0>)
10003c18:	f8df 80a4 	ldr.w	r8, [pc, #164]	@ 10003cc0 <__wrap_vprintf+0xc0>
10003c1c:	1882      	adds	r2, r0, r2
10003c1e:	f141 0300 	adc.w	r3, r1, #0
10003c22:	4297      	cmp	r7, r2
10003c24:	eb76 0103 	sbcs.w	r1, r6, r3
10003c28:	bf3c      	itt	cc
10003c2a:	463a      	movcc	r2, r7
10003c2c:	4633      	movcc	r3, r6
10003c2e:	4821      	ldr	r0, [pc, #132]	@ (10003cb4 <__wrap_vprintf+0xb4>)
10003c30:	f005 fc52 	bl	100094d8 <__mutex_try_enter_block_until_veneer>
10003c34:	2700      	movs	r7, #0
10003c36:	462b      	mov	r3, r5
10003c38:	4622      	mov	r2, r4
10003c3a:	4606      	mov	r6, r0
10003c3c:	a901      	add	r1, sp, #4
10003c3e:	481e      	ldr	r0, [pc, #120]	@ (10003cb8 <__wrap_vprintf+0xb8>)
10003c40:	9701      	str	r7, [sp, #4]
10003c42:	f7ff fe0b 	bl	1000385c <vfctprintf>
10003c46:	9b01      	ldr	r3, [sp, #4]
10003c48:	4605      	mov	r5, r0
10003c4a:	f8d8 4000 	ldr.w	r4, [r8]
10003c4e:	b1c3      	cbz	r3, 10003c82 <__wrap_vprintf+0x82>
10003c50:	2c00      	cmp	r4, #0
10003c52:	d02b      	beq.n	10003cac <__wrap_vprintf+0xac>
10003c54:	4f19      	ldr	r7, [pc, #100]	@ (10003cbc <__wrap_vprintf+0xbc>)
10003c56:	e001      	b.n	10003c5c <__wrap_vprintf+0x5c>
10003c58:	6924      	ldr	r4, [r4, #16]
10003c5a:	b174      	cbz	r4, 10003c7a <__wrap_vprintf+0x7a>
10003c5c:	6823      	ldr	r3, [r4, #0]
10003c5e:	2b00      	cmp	r3, #0
10003c60:	d0fa      	beq.n	10003c58 <__wrap_vprintf+0x58>
10003c62:	683b      	ldr	r3, [r7, #0]
10003c64:	b10b      	cbz	r3, 10003c6a <__wrap_vprintf+0x6a>
10003c66:	42a3      	cmp	r3, r4
10003c68:	d1f6      	bne.n	10003c58 <__wrap_vprintf+0x58>
10003c6a:	4620      	mov	r0, r4
10003c6c:	9a01      	ldr	r2, [sp, #4]
10003c6e:	a902      	add	r1, sp, #8
10003c70:	f7ff fe52 	bl	10003918 <stdio_out_chars_crlf>
10003c74:	6924      	ldr	r4, [r4, #16]
10003c76:	2c00      	cmp	r4, #0
10003c78:	d1f0      	bne.n	10003c5c <__wrap_vprintf+0x5c>
10003c7a:	2300      	movs	r3, #0
10003c7c:	f8d8 4000 	ldr.w	r4, [r8]
10003c80:	9301      	str	r3, [sp, #4]
10003c82:	b12c      	cbz	r4, 10003c90 <__wrap_vprintf+0x90>
10003c84:	6863      	ldr	r3, [r4, #4]
10003c86:	b143      	cbz	r3, 10003c9a <__wrap_vprintf+0x9a>
10003c88:	4798      	blx	r3
10003c8a:	6924      	ldr	r4, [r4, #16]
10003c8c:	2c00      	cmp	r4, #0
10003c8e:	d1f9      	bne.n	10003c84 <__wrap_vprintf+0x84>
10003c90:	b92e      	cbnz	r6, 10003c9e <__wrap_vprintf+0x9e>
10003c92:	4628      	mov	r0, r5
10003c94:	b022      	add	sp, #136	@ 0x88
10003c96:	e8bd 81f0 	ldmia.w	sp!, {r4, r5, r6, r7, r8, pc}
10003c9a:	6924      	ldr	r4, [r4, #16]
10003c9c:	e7f1      	b.n	10003c82 <__wrap_vprintf+0x82>
10003c9e:	4805      	ldr	r0, [pc, #20]	@ (10003cb4 <__wrap_vprintf+0xb4>)
10003ca0:	f005 fc0e 	bl	100094c0 <__mutex_exit_veneer>
10003ca4:	4628      	mov	r0, r5
10003ca6:	b022      	add	sp, #136	@ 0x88
10003ca8:	e8bd 81f0 	ldmia.w	sp!, {r4, r5, r6, r7, r8, pc}
10003cac:	9401      	str	r4, [sp, #4]
10003cae:	e7ef      	b.n	10003c90 <__wrap_vprintf+0x90>
10003cb0:	000f4240 	.word	0x000f4240
10003cb4:	20001b00 	.word	0x20001b00
10003cb8:	100039c9 	.word	0x100039c9
10003cbc:	20002480 	.word	0x20002480
10003cc0:	20002474 	.word	0x20002474

10003cc4 <__wrap_printf>:
10003cc4:	b40f      	push	{r0, r1, r2, r3}
10003cc6:	b500      	push	{lr}
10003cc8:	b083      	sub	sp, #12
10003cca:	a904      	add	r1, sp, #16
10003ccc:	f851 0b04 	ldr.w	r0, [r1], #4
10003cd0:	9101      	str	r1, [sp, #4]
10003cd2:	f7ff ff95 	bl	10003c00 <__wrap_vprintf>
10003cd6:	b003      	add	sp, #12
10003cd8:	f85d eb04 	ldr.w	lr, [sp], #4
10003cdc:	b004      	add	sp, #16
10003cde:	4770      	bx	lr

10003ce0 <resetd_init>:
10003ce0:	4770      	bx	lr
10003ce2:	bf00      	nop

10003ce4 <resetd_reset>:
10003ce4:	2200      	movs	r2, #0
10003ce6:	4b01      	ldr	r3, [pc, #4]	@ (10003cec <resetd_reset+0x8>)
10003ce8:	701a      	strb	r2, [r3, #0]
10003cea:	4770      	bx	lr
10003cec:	20002a75 	.word	0x20002a75

10003cf0 <resetd_open>:
10003cf0:	794b      	ldrb	r3, [r1, #5]
10003cf2:	2bff      	cmp	r3, #255	@ 0xff
10003cf4:	d10b      	bne.n	10003d0e <resetd_open+0x1e>
10003cf6:	7988      	ldrb	r0, [r1, #6]
10003cf8:	b948      	cbnz	r0, 10003d0e <resetd_open+0x1e>
10003cfa:	79cb      	ldrb	r3, [r1, #7]
10003cfc:	2b01      	cmp	r3, #1
10003cfe:	d107      	bne.n	10003d10 <resetd_open+0x20>
10003d00:	2a08      	cmp	r2, #8
10003d02:	d905      	bls.n	10003d10 <resetd_open+0x20>
10003d04:	4b03      	ldr	r3, [pc, #12]	@ (10003d14 <resetd_open+0x24>)
10003d06:	788a      	ldrb	r2, [r1, #2]
10003d08:	2009      	movs	r0, #9
10003d0a:	701a      	strb	r2, [r3, #0]
10003d0c:	4770      	bx	lr
10003d0e:	2000      	movs	r0, #0
10003d10:	4770      	bx	lr
10003d12:	bf00      	nop
10003d14:	20002a75 	.word	0x20002a75

10003d18 <resetd_xfer_cb>:
10003d18:	2001      	movs	r0, #1
10003d1a:	4770      	bx	lr

10003d1c <resetd_control_xfer_cb>:
10003d1c:	2901      	cmp	r1, #1
10003d1e:	d001      	beq.n	10003d24 <resetd_control_xfer_cb+0x8>
10003d20:	2001      	movs	r0, #1
10003d22:	4770      	bx	lr
10003d24:	b508      	push	{r3, lr}
10003d26:	4b10      	ldr	r3, [pc, #64]	@ (10003d68 <resetd_control_xfer_cb+0x4c>)
10003d28:	8891      	ldrh	r1, [r2, #4]
10003d2a:	781b      	ldrb	r3, [r3, #0]
10003d2c:	4299      	cmp	r1, r3
10003d2e:	d001      	beq.n	10003d34 <resetd_control_xfer_cb+0x18>
10003d30:	2000      	movs	r0, #0
10003d32:	bd08      	pop	{r3, pc}
10003d34:	7853      	ldrb	r3, [r2, #1]
10003d36:	2b01      	cmp	r3, #1
10003d38:	d008      	beq.n	10003d4c <resetd_control_xfer_cb+0x30>
10003d3a:	2b02      	cmp	r3, #2
10003d3c:	d1f8      	bne.n	10003d30 <resetd_control_xfer_cb+0x14>
10003d3e:	2100      	movs	r1, #0
10003d40:	2264      	movs	r2, #100	@ 0x64
10003d42:	4608      	mov	r0, r1
10003d44:	f7fd feea 	bl	10001b1c <watchdog_reboot>
10003d48:	2001      	movs	r0, #1
10003d4a:	bd08      	pop	{r3, pc}
10003d4c:	8851      	ldrh	r1, [r2, #2]
10003d4e:	05cb      	lsls	r3, r1, #23
10003d50:	bf48      	it	mi
10003d52:	0a48      	lsrmi	r0, r1, #9
10003d54:	f3c1 2240 	ubfx	r2, r1, #9, #1
10003d58:	bf58      	it	pl
10003d5a:	f04f 30ff 	movpl.w	r0, #4294967295
10003d5e:	f001 017f 	and.w	r1, r1, #127	@ 0x7f
10003d62:	f7fd ff59 	bl	10001c18 <rom_reset_usb_boot_extra>
10003d66:	bf00      	nop
10003d68:	20002a75 	.word	0x20002a75

10003d6c <tud_descriptor_bos_cb>:
10003d6c:	4800      	ldr	r0, [pc, #0]	@ (10003d70 <tud_descriptor_bos_cb+0x4>)
10003d6e:	4770      	bx	lr
10003d70:	10009994 	.word	0x10009994

10003d74 <tud_vendor_control_xfer_cb>:
10003d74:	2901      	cmp	r1, #1
10003d76:	d107      	bne.n	10003d88 <tud_vendor_control_xfer_cb+0x14>
10003d78:	7853      	ldrb	r3, [r2, #1]
10003d7a:	2b01      	cmp	r3, #1
10003d7c:	d102      	bne.n	10003d84 <tud_vendor_control_xfer_cb+0x10>
10003d7e:	8893      	ldrh	r3, [r2, #4]
10003d80:	2b07      	cmp	r3, #7
10003d82:	d003      	beq.n	10003d8c <tud_vendor_control_xfer_cb+0x18>
10003d84:	2000      	movs	r0, #0
10003d86:	4770      	bx	lr
10003d88:	2001      	movs	r0, #1
10003d8a:	4770      	bx	lr
10003d8c:	4611      	mov	r1, r2
10003d8e:	23a6      	movs	r3, #166	@ 0xa6
10003d90:	4a01      	ldr	r2, [pc, #4]	@ (10003d98 <tud_vendor_control_xfer_cb+0x24>)
10003d92:	f001 ba39 	b.w	10005208 <tud_control_xfer>
10003d96:	bf00      	nop
10003d98:	100098ec 	.word	0x100098ec

10003d9c <usbd_app_driver_get_cb>:
10003d9c:	4603      	mov	r3, r0
10003d9e:	2201      	movs	r2, #1
10003da0:	4801      	ldr	r0, [pc, #4]	@ (10003da8 <usbd_app_driver_get_cb+0xc>)
10003da2:	701a      	strb	r2, [r3, #0]
10003da4:	4770      	bx	lr
10003da6:	bf00      	nop
10003da8:	100098cc 	.word	0x100098cc

10003dac <tud_cdc_line_coding_cb>:
10003dac:	b508      	push	{r3, lr}
10003dae:	680b      	ldr	r3, [r1, #0]
10003db0:	f5b3 6f96 	cmp.w	r3, #1200	@ 0x4b0
10003db4:	d000      	beq.n	10003db8 <tud_cdc_line_coding_cb+0xc>
10003db6:	bd08      	pop	{r3, pc}
10003db8:	2200      	movs	r2, #0
10003dba:	f04f 30ff 	mov.w	r0, #4294967295
10003dbe:	4611      	mov	r1, r2
10003dc0:	f7fd ff2a 	bl	10001c18 <rom_reset_usb_boot_extra>

10003dc4 <stdio_usb_set_chars_available_callback>:
10003dc4:	4a02      	ldr	r2, [pc, #8]	@ (10003dd0 <stdio_usb_set_chars_available_callback+0xc>)
10003dc6:	4b03      	ldr	r3, [pc, #12]	@ (10003dd4 <stdio_usb_set_chars_available_callback+0x10>)
10003dc8:	6010      	str	r0, [r2, #0]
10003dca:	6019      	str	r1, [r3, #0]
10003dcc:	4770      	bx	lr
10003dce:	bf00      	nop
10003dd0:	20002410 	.word	0x20002410
10003dd4:	20002414 	.word	0x20002414

10003dd8 <timer_task>:
10003dd8:	4b18      	ldr	r3, [pc, #96]	@ (10003e3c <timer_task+0x64>)
10003dda:	b570      	push	{r4, r5, r6, lr}
10003ddc:	681a      	ldr	r2, [r3, #0]
10003dde:	2a00      	cmp	r2, #0
10003de0:	d028      	beq.n	10003e34 <timer_task+0x5c>
10003de2:	f3ef 8110 	mrs	r1, PRIMASK
10003de6:	b672      	cpsid	i
10003de8:	e8d2 4fcf 	ldaexb	r4, [r2]
10003dec:	2001      	movs	r0, #1
10003dee:	2c00      	cmp	r4, #0
10003df0:	d1fa      	bne.n	10003de8 <timer_task+0x10>
10003df2:	e8c2 0f44 	strexb	r4, r0, [r2]
10003df6:	2c00      	cmp	r4, #0
10003df8:	d1f6      	bne.n	10003de8 <timer_task+0x10>
10003dfa:	f3bf 8f5f 	dmb	sy
10003dfe:	2200      	movs	r2, #0
10003e00:	4c0f      	ldr	r4, [pc, #60]	@ (10003e40 <timer_task+0x68>)
10003e02:	6818      	ldr	r0, [r3, #0]
10003e04:	6059      	str	r1, [r3, #4]
10003e06:	7022      	strb	r2, [r4, #0]
10003e08:	e8c0 2f8f 	stlb	r2, [r0]
10003e0c:	f381 8810 	msr	PRIMASK, r1
10003e10:	2400      	movs	r4, #0
10003e12:	2500      	movs	r5, #0
10003e14:	4e0b      	ldr	r6, [pc, #44]	@ (10003e44 <timer_task+0x6c>)
10003e16:	7830      	ldrb	r0, [r6, #0]
10003e18:	f7fc fe18 	bl	10000a4c <irq_is_enabled>
10003e1c:	b920      	cbnz	r0, 10003e28 <timer_task+0x50>
10003e1e:	2400      	movs	r4, #0
10003e20:	2500      	movs	r5, #0
10003e22:	4620      	mov	r0, r4
10003e24:	4629      	mov	r1, r5
10003e26:	bd70      	pop	{r4, r5, r6, pc}
10003e28:	7830      	ldrb	r0, [r6, #0]
10003e2a:	f7fc fe1f 	bl	10000a6c <irq_set_pending>
10003e2e:	4620      	mov	r0, r4
10003e30:	4629      	mov	r1, r5
10003e32:	bd70      	pop	{r4, r5, r6, pc}
10003e34:	f44f 747a 	mov.w	r4, #1000	@ 0x3e8
10003e38:	2500      	movs	r5, #0
10003e3a:	e7eb      	b.n	10003e14 <timer_task+0x3c>
10003e3c:	200028b4 	.word	0x200028b4
10003e40:	20002a77 	.word	0x20002a77
10003e44:	20002a76 	.word	0x20002a76

10003e48 <usb_irq>:
10003e48:	4b01      	ldr	r3, [pc, #4]	@ (10003e50 <usb_irq+0x8>)
10003e4a:	7818      	ldrb	r0, [r3, #0]
10003e4c:	f7fc be0e 	b.w	10000a6c <irq_set_pending>
10003e50:	20002a76 	.word	0x20002a76

10003e54 <stdio_usb_in_chars>:
10003e54:	b538      	push	{r3, r4, r5, lr}
10003e56:	4604      	mov	r4, r0
10003e58:	2000      	movs	r0, #0
10003e5a:	460d      	mov	r5, r1
10003e5c:	f001 fb04 	bl	10005468 <tud_cdc_n_connected>
10003e60:	b3a8      	cbz	r0, 10003ece <stdio_usb_in_chars+0x7a>
10003e62:	2000      	movs	r0, #0
10003e64:	f001 fb16 	bl	10005494 <tud_cdc_n_available>
10003e68:	b388      	cbz	r0, 10003ece <stdio_usb_in_chars+0x7a>
10003e6a:	f7fd fd87 	bl	1000197c <time_us_64>
10003e6e:	f04f 3eff 	mov.w	lr, #4294967295
10003e72:	f06f 4c00 	mvn.w	ip, #2147483648	@ 0x80000000
10003e76:	4a17      	ldr	r2, [pc, #92]	@ (10003ed4 <stdio_usb_in_chars+0x80>)
10003e78:	1882      	adds	r2, r0, r2
10003e7a:	f141 0300 	adc.w	r3, r1, #0
10003e7e:	4596      	cmp	lr, r2
10003e80:	eb7c 0103 	sbcs.w	r1, ip, r3
10003e84:	bf3c      	itt	cc
10003e86:	4672      	movcc	r2, lr
10003e88:	4663      	movcc	r3, ip
10003e8a:	4813      	ldr	r0, [pc, #76]	@ (10003ed8 <stdio_usb_in_chars+0x84>)
10003e8c:	f005 fb24 	bl	100094d8 <__mutex_try_enter_block_until_veneer>
10003e90:	b1e8      	cbz	r0, 10003ece <stdio_usb_in_chars+0x7a>
10003e92:	2000      	movs	r0, #0
10003e94:	f001 fae8 	bl	10005468 <tud_cdc_n_connected>
10003e98:	b958      	cbnz	r0, 10003eb2 <stdio_usb_in_chars+0x5e>
10003e9a:	2100      	movs	r1, #0
10003e9c:	f04f 30ff 	mov.w	r0, #4294967295
10003ea0:	f000 fd0a 	bl	100048b8 <tud_task_ext>
10003ea4:	f06f 0402 	mvn.w	r4, #2
10003ea8:	480b      	ldr	r0, [pc, #44]	@ (10003ed8 <stdio_usb_in_chars+0x84>)
10003eaa:	f005 fb09 	bl	100094c0 <__mutex_exit_veneer>
10003eae:	4620      	mov	r0, r4
10003eb0:	bd38      	pop	{r3, r4, r5, pc}
10003eb2:	2000      	movs	r0, #0
10003eb4:	f001 faee 	bl	10005494 <tud_cdc_n_available>
10003eb8:	2800      	cmp	r0, #0
10003eba:	d0ee      	beq.n	10003e9a <stdio_usb_in_chars+0x46>
10003ebc:	4621      	mov	r1, r4
10003ebe:	462a      	mov	r2, r5
10003ec0:	2000      	movs	r0, #0
10003ec2:	f001 faf1 	bl	100054a8 <tud_cdc_n_read>
10003ec6:	4604      	mov	r4, r0
10003ec8:	2800      	cmp	r0, #0
10003eca:	d1ed      	bne.n	10003ea8 <stdio_usb_in_chars+0x54>
10003ecc:	e7ea      	b.n	10003ea4 <stdio_usb_in_chars+0x50>
10003ece:	f06f 0402 	mvn.w	r4, #2
10003ed2:	e7ec      	b.n	10003eae <stdio_usb_in_chars+0x5a>
10003ed4:	000f4240 	.word	0x000f4240
10003ed8:	20002984 	.word	0x20002984

10003edc <stdio_usb_out_flush>:
10003edc:	b508      	push	{r3, lr}
10003ede:	f7fd fd4d 	bl	1000197c <time_us_64>
10003ee2:	f04f 3eff 	mov.w	lr, #4294967295
10003ee6:	f06f 4c00 	mvn.w	ip, #2147483648	@ 0x80000000
10003eea:	4a0f      	ldr	r2, [pc, #60]	@ (10003f28 <stdio_usb_out_flush+0x4c>)
10003eec:	1882      	adds	r2, r0, r2
10003eee:	f141 0300 	adc.w	r3, r1, #0
10003ef2:	4596      	cmp	lr, r2
10003ef4:	eb7c 0103 	sbcs.w	r1, ip, r3
10003ef8:	bf3c      	itt	cc
10003efa:	4672      	movcc	r2, lr
10003efc:	4663      	movcc	r3, ip
10003efe:	480b      	ldr	r0, [pc, #44]	@ (10003f2c <stdio_usb_out_flush+0x50>)
10003f00:	f005 faea 	bl	100094d8 <__mutex_try_enter_block_until_veneer>
10003f04:	b170      	cbz	r0, 10003f24 <stdio_usb_out_flush+0x48>
10003f06:	f04f 30ff 	mov.w	r0, #4294967295
10003f0a:	2100      	movs	r1, #0
10003f0c:	f000 fcd4 	bl	100048b8 <tud_task_ext>
10003f10:	2000      	movs	r0, #0
10003f12:	f001 fb11 	bl	10005538 <tud_cdc_n_write_flush>
10003f16:	2800      	cmp	r0, #0
10003f18:	d1f5      	bne.n	10003f06 <stdio_usb_out_flush+0x2a>
10003f1a:	e8bd 4008 	ldmia.w	sp!, {r3, lr}
10003f1e:	4803      	ldr	r0, [pc, #12]	@ (10003f2c <stdio_usb_out_flush+0x50>)
10003f20:	f005 bace 	b.w	100094c0 <__mutex_exit_veneer>
10003f24:	bd08      	pop	{r3, pc}
10003f26:	bf00      	nop
10003f28:	000f4240 	.word	0x000f4240
10003f2c:	20002984 	.word	0x20002984

10003f30 <stdio_usb_out_chars>:
10003f30:	e92d 43f8 	stmdb	sp!, {r3, r4, r5, r6, r7, r8, r9, lr}
10003f34:	4680      	mov	r8, r0
10003f36:	460f      	mov	r7, r1
10003f38:	f7fd fd20 	bl	1000197c <time_us_64>
10003f3c:	f04f 35ff 	mov.w	r5, #4294967295
10003f40:	f06f 4400 	mvn.w	r4, #2147483648	@ 0x80000000
10003f44:	4a33      	ldr	r2, [pc, #204]	@ (10004014 <stdio_usb_out_chars+0xe4>)
10003f46:	1882      	adds	r2, r0, r2
10003f48:	f141 0300 	adc.w	r3, r1, #0
10003f4c:	4295      	cmp	r5, r2
10003f4e:	eb74 0103 	sbcs.w	r1, r4, r3
10003f52:	bf3c      	itt	cc
10003f54:	462a      	movcc	r2, r5
10003f56:	4623      	movcc	r3, r4
10003f58:	482f      	ldr	r0, [pc, #188]	@ (10004018 <stdio_usb_out_chars+0xe8>)
10003f5a:	f005 fabd 	bl	100094d8 <__mutex_try_enter_block_until_veneer>
10003f5e:	b908      	cbnz	r0, 10003f64 <stdio_usb_out_chars+0x34>
10003f60:	e8bd 83f8 	ldmia.w	sp!, {r3, r4, r5, r6, r7, r8, r9, pc}
10003f64:	2000      	movs	r0, #0
10003f66:	f001 fa7f 	bl	10005468 <tud_cdc_n_connected>
10003f6a:	2800      	cmp	r0, #0
10003f6c:	d047      	beq.n	10003ffe <stdio_usb_out_chars+0xce>
10003f6e:	2f00      	cmp	r7, #0
10003f70:	dd40      	ble.n	10003ff4 <stdio_usb_out_chars+0xc4>
10003f72:	2500      	movs	r5, #0
10003f74:	f8df 90a8 	ldr.w	r9, [pc, #168]	@ 10004020 <stdio_usb_out_chars+0xf0>
10003f78:	4e28      	ldr	r6, [pc, #160]	@ (1000401c <stdio_usb_out_chars+0xec>)
10003f7a:	e013      	b.n	10003fa4 <stdio_usb_out_chars+0x74>
10003f7c:	4622      	mov	r2, r4
10003f7e:	2000      	movs	r0, #0
10003f80:	f001 fb20 	bl	100055c4 <tud_cdc_n_write>
10003f84:	2100      	movs	r1, #0
10003f86:	4604      	mov	r4, r0
10003f88:	f04f 30ff 	mov.w	r0, #4294967295
10003f8c:	f000 fc94 	bl	100048b8 <tud_task_ext>
10003f90:	2000      	movs	r0, #0
10003f92:	f001 fad1 	bl	10005538 <tud_cdc_n_write_flush>
10003f96:	f7fd fcf1 	bl	1000197c <time_us_64>
10003f9a:	e9c9 0100 	strd	r0, r1, [r9]
10003f9e:	4425      	add	r5, r4
10003fa0:	42af      	cmp	r7, r5
10003fa2:	dd27      	ble.n	10003ff4 <stdio_usb_out_chars+0xc4>
10003fa4:	2000      	movs	r0, #0
10003fa6:	f001 fb2d 	bl	10005604 <tud_cdc_n_write_available>
10003faa:	1b7c      	subs	r4, r7, r5
10003fac:	4284      	cmp	r4, r0
10003fae:	bfa8      	it	ge
10003fb0:	4604      	movge	r4, r0
10003fb2:	eb08 0105 	add.w	r1, r8, r5
10003fb6:	2c00      	cmp	r4, #0
10003fb8:	d1e0      	bne.n	10003f7c <stdio_usb_out_chars+0x4c>
10003fba:	4621      	mov	r1, r4
10003fbc:	f04f 30ff 	mov.w	r0, #4294967295
10003fc0:	f000 fc7a 	bl	100048b8 <tud_task_ext>
10003fc4:	4620      	mov	r0, r4
10003fc6:	f001 fab7 	bl	10005538 <tud_cdc_n_write_flush>
10003fca:	4620      	mov	r0, r4
10003fcc:	f001 fa4c 	bl	10005468 <tud_cdc_n_connected>
10003fd0:	b180      	cbz	r0, 10003ff4 <stdio_usb_out_chars+0xc4>
10003fd2:	4620      	mov	r0, r4
10003fd4:	f001 fb16 	bl	10005604 <tud_cdc_n_write_available>
10003fd8:	2800      	cmp	r0, #0
10003fda:	d1e1      	bne.n	10003fa0 <stdio_usb_out_chars+0x70>
10003fdc:	f7fd fcce 	bl	1000197c <time_us_64>
10003fe0:	f8d9 3000 	ldr.w	r3, [r9]
10003fe4:	f8d9 2004 	ldr.w	r2, [r9, #4]
10003fe8:	199b      	adds	r3, r3, r6
10003fea:	f142 0200 	adc.w	r2, r2, #0
10003fee:	4283      	cmp	r3, r0
10003ff0:	418a      	sbcs	r2, r1
10003ff2:	d2d5      	bcs.n	10003fa0 <stdio_usb_out_chars+0x70>
10003ff4:	4808      	ldr	r0, [pc, #32]	@ (10004018 <stdio_usb_out_chars+0xe8>)
10003ff6:	e8bd 43f8 	ldmia.w	sp!, {r3, r4, r5, r6, r7, r8, r9, lr}
10003ffa:	f005 ba61 	b.w	100094c0 <__mutex_exit_veneer>
10003ffe:	2000      	movs	r0, #0
10004000:	2100      	movs	r1, #0
10004002:	4b07      	ldr	r3, [pc, #28]	@ (10004020 <stdio_usb_out_chars+0xf0>)
10004004:	e9c3 0100 	strd	r0, r1, [r3]
10004008:	e8bd 43f8 	ldmia.w	sp!, {r3, r4, r5, r6, r7, r8, r9, lr}
1000400c:	4802      	ldr	r0, [pc, #8]	@ (10004018 <stdio_usb_out_chars+0xe8>)
1000400e:	f005 ba57 	b.w	100094c0 <__mutex_exit_veneer>
10004012:	bf00      	nop
10004014:	000f4240 	.word	0x000f4240
10004018:	20002984 	.word	0x20002984
1000401c:	0007a120 	.word	0x0007a120
10004020:	20001c88 	.word	0x20001c88

10004024 <low_priority_worker_irq>:
10004024:	b530      	push	{r4, r5, lr}
10004026:	2100      	movs	r1, #0
10004028:	b085      	sub	sp, #20
1000402a:	482e      	ldr	r0, [pc, #184]	@ (100040e4 <low_priority_worker_irq+0xc0>)
1000402c:	f005 fa58 	bl	100094e0 <__mutex_try_enter_veneer>
10004030:	b9f0      	cbnz	r0, 10004070 <low_priority_worker_irq+0x4c>
10004032:	4b2d      	ldr	r3, [pc, #180]	@ (100040e8 <low_priority_worker_irq+0xc4>)
10004034:	681a      	ldr	r2, [r3, #0]
10004036:	b1ca      	cbz	r2, 1000406c <low_priority_worker_irq+0x48>
10004038:	f3ef 8110 	mrs	r1, PRIMASK
1000403c:	b672      	cpsid	i
1000403e:	e8d2 5fcf 	ldaexb	r5, [r2]
10004042:	2401      	movs	r4, #1
10004044:	2d00      	cmp	r5, #0
10004046:	d1fa      	bne.n	1000403e <low_priority_worker_irq+0x1a>
10004048:	e8c2 4f45 	strexb	r5, r4, [r2]
1000404c:	2d00      	cmp	r5, #0
1000404e:	d1f6      	bne.n	1000403e <low_priority_worker_irq+0x1a>
10004050:	f3bf 8f5f 	dmb	sy
10004054:	4c25      	ldr	r4, [pc, #148]	@ (100040ec <low_priority_worker_irq+0xc8>)
10004056:	681d      	ldr	r5, [r3, #0]
10004058:	7822      	ldrb	r2, [r4, #0]
1000405a:	6059      	str	r1, [r3, #4]
1000405c:	b2d3      	uxtb	r3, r2
1000405e:	2201      	movs	r2, #1
10004060:	7022      	strb	r2, [r4, #0]
10004062:	e8c5 0f8f 	stlb	r0, [r5]
10004066:	f381 8810 	msr	PRIMASK, r1
1000406a:	b1cb      	cbz	r3, 100040a0 <low_priority_worker_irq+0x7c>
1000406c:	b005      	add	sp, #20
1000406e:	bd30      	pop	{r4, r5, pc}
10004070:	2100      	movs	r1, #0
10004072:	f04f 30ff 	mov.w	r0, #4294967295
10004076:	f000 fc1f 	bl	100048b8 <tud_task_ext>
1000407a:	2000      	movs	r0, #0
1000407c:	f001 fa0a 	bl	10005494 <tud_cdc_n_available>
10004080:	4604      	mov	r4, r0
10004082:	4818      	ldr	r0, [pc, #96]	@ (100040e4 <low_priority_worker_irq+0xc0>)
10004084:	f005 fa1c 	bl	100094c0 <__mutex_exit_veneer>
10004088:	2c00      	cmp	r4, #0
1000408a:	d0ef      	beq.n	1000406c <low_priority_worker_irq+0x48>
1000408c:	4b18      	ldr	r3, [pc, #96]	@ (100040f0 <low_priority_worker_irq+0xcc>)
1000408e:	681b      	ldr	r3, [r3, #0]
10004090:	2b00      	cmp	r3, #0
10004092:	d0eb      	beq.n	1000406c <low_priority_worker_irq+0x48>
10004094:	4a17      	ldr	r2, [pc, #92]	@ (100040f4 <low_priority_worker_irq+0xd0>)
10004096:	6810      	ldr	r0, [r2, #0]
10004098:	b005      	add	sp, #20
1000409a:	e8bd 4030 	ldmia.w	sp!, {r4, r5, lr}
1000409e:	4718      	bx	r3
100040a0:	f7fd f9f6 	bl	10001490 <alarm_pool_get_default>
100040a4:	4604      	mov	r4, r0
100040a6:	f7fd fc69 	bl	1000197c <time_us_64>
100040aa:	f04f 3cff 	mov.w	ip, #4294967295
100040ae:	f06f 4500 	mvn.w	r5, #2147483648	@ 0x80000000
100040b2:	f510 727a 	adds.w	r2, r0, #1000	@ 0x3e8
100040b6:	f141 0300 	adc.w	r3, r1, #0
100040ba:	4594      	cmp	ip, r2
100040bc:	eb75 0103 	sbcs.w	r1, r5, r3
100040c0:	bf38      	it	cc
100040c2:	462b      	movcc	r3, r5
100040c4:	f04f 0100 	mov.w	r1, #0
100040c8:	f04f 0501 	mov.w	r5, #1
100040cc:	4620      	mov	r0, r4
100040ce:	4c0a      	ldr	r4, [pc, #40]	@ (100040f8 <low_priority_worker_irq+0xd4>)
100040d0:	bf38      	it	cc
100040d2:	4662      	movcc	r2, ip
100040d4:	e9cd 1501 	strd	r1, r5, [sp, #4]
100040d8:	9400      	str	r4, [sp, #0]
100040da:	f7fd f9dd 	bl	10001498 <alarm_pool_add_alarm_at>
100040de:	b005      	add	sp, #20
100040e0:	bd30      	pop	{r4, r5, pc}
100040e2:	bf00      	nop
100040e4:	20002984 	.word	0x20002984
100040e8:	200028b4 	.word	0x200028b4
100040ec:	20002a77 	.word	0x20002a77
100040f0:	20002410 	.word	0x20002410
100040f4:	20002414 	.word	0x20002414
100040f8:	10003dd9 	.word	0x10003dd9

100040fc <stdio_usb_init>:
100040fc:	f04f 4350 	mov.w	r3, #3489660928	@ 0xd0000000
10004100:	b530      	push	{r4, r5, lr}
10004102:	b085      	sub	sp, #20
10004104:	681c      	ldr	r4, [r3, #0]
10004106:	f7fd f9c3 	bl	10001490 <alarm_pool_get_default>
1000410a:	f7fd fad7 	bl	100016bc <alarm_pool_core_num>
1000410e:	42a0      	cmp	r0, r4
10004110:	d002      	beq.n	10004118 <stdio_usb_init+0x1c>
10004112:	2000      	movs	r0, #0
10004114:	b005      	add	sp, #20
10004116:	bd30      	pop	{r4, r5, pc}
10004118:	2100      	movs	r1, #0
1000411a:	4b2a      	ldr	r3, [pc, #168]	@ (100041c4 <stdio_usb_init+0xc8>)
1000411c:	4608      	mov	r0, r1
1000411e:	781b      	ldrb	r3, [r3, #0]
10004120:	f001 fd38 	bl	10005b94 <tusb_rhport_init>
10004124:	4828      	ldr	r0, [pc, #160]	@ (100041c8 <stdio_usb_init+0xcc>)
10004126:	6803      	ldr	r3, [r0, #0]
10004128:	2b00      	cmp	r3, #0
1000412a:	d047      	beq.n	100041bc <stdio_usb_init+0xc0>
1000412c:	2001      	movs	r0, #1
1000412e:	f7fc ff35 	bl	10000f9c <user_irq_claim_unused>
10004132:	4603      	mov	r3, r0
10004134:	4c25      	ldr	r4, [pc, #148]	@ (100041cc <stdio_usb_init+0xd0>)
10004136:	4926      	ldr	r1, [pc, #152]	@ (100041d0 <stdio_usb_init+0xd4>)
10004138:	b2c0      	uxtb	r0, r0
1000413a:	7023      	strb	r3, [r4, #0]
1000413c:	f7fc fcb2 	bl	10000aa4 <irq_set_exclusive_handler>
10004140:	7820      	ldrb	r0, [r4, #0]
10004142:	2101      	movs	r1, #1
10004144:	f7fc fc6c 	bl	10000a20 <irq_set_enabled>
10004148:	200e      	movs	r0, #14
1000414a:	f7fc fc9b 	bl	10000a84 <irq_has_shared_handler>
1000414e:	bb40      	cbnz	r0, 100041a2 <stdio_usb_init+0xa6>
10004150:	4b20      	ldr	r3, [pc, #128]	@ (100041d4 <stdio_usb_init+0xd8>)
10004152:	2501      	movs	r5, #1
10004154:	e9c3 0000 	strd	r0, r0, [r3]
10004158:	f7fd f99a 	bl	10001490 <alarm_pool_get_default>
1000415c:	4604      	mov	r4, r0
1000415e:	f7fd fc0d 	bl	1000197c <time_us_64>
10004162:	f04f 3eff 	mov.w	lr, #4294967295
10004166:	f06f 4c00 	mvn.w	ip, #2147483648	@ 0x80000000
1000416a:	f510 727a 	adds.w	r2, r0, #1000	@ 0x3e8
1000416e:	f141 0300 	adc.w	r3, r1, #0
10004172:	4596      	cmp	lr, r2
10004174:	eb7c 0103 	sbcs.w	r1, ip, r3
10004178:	f04f 0100 	mov.w	r1, #0
1000417c:	4620      	mov	r0, r4
1000417e:	4c16      	ldr	r4, [pc, #88]	@ (100041d8 <stdio_usb_init+0xdc>)
10004180:	bf3c      	itt	cc
10004182:	4672      	movcc	r2, lr
10004184:	4663      	movcc	r3, ip
10004186:	e9cd 1501 	strd	r1, r5, [sp, #4]
1000418a:	9400      	str	r4, [sp, #0]
1000418c:	f7fd f984 	bl	10001498 <alarm_pool_add_alarm_at>
10004190:	2800      	cmp	r0, #0
10004192:	dbbe      	blt.n	10004112 <stdio_usb_init+0x16>
10004194:	2101      	movs	r1, #1
10004196:	4811      	ldr	r0, [pc, #68]	@ (100041dc <stdio_usb_init+0xe0>)
10004198:	f7ff fcbc 	bl	10003b14 <stdio_set_driver_enabled>
1000419c:	2001      	movs	r0, #1
1000419e:	b005      	add	sp, #20
100041a0:	bd30      	pop	{r4, r5, pc}
100041a2:	2001      	movs	r0, #1
100041a4:	f7fc fbf8 	bl	10000998 <spin_lock_claim_unused>
100041a8:	4601      	mov	r1, r0
100041aa:	480a      	ldr	r0, [pc, #40]	@ (100041d4 <stdio_usb_init+0xd8>)
100041ac:	f7fc ff52 	bl	10001054 <critical_section_init_with_lock_num>
100041b0:	2200      	movs	r2, #0
100041b2:	200e      	movs	r0, #14
100041b4:	490a      	ldr	r1, [pc, #40]	@ (100041e0 <stdio_usb_init+0xe4>)
100041b6:	f7fc fca5 	bl	10000b04 <irq_add_shared_handler>
100041ba:	e7eb      	b.n	10004194 <stdio_usb_init+0x98>
100041bc:	f7fc ff2e 	bl	1000101c <mutex_init>
100041c0:	e7b4      	b.n	1000412c <stdio_usb_init+0x30>
100041c2:	bf00      	nop
100041c4:	10009ac0 	.word	0x10009ac0
100041c8:	20002984 	.word	0x20002984
100041cc:	20002a76 	.word	0x20002a76
100041d0:	10004025 	.word	0x10004025
100041d4:	200028b4 	.word	0x200028b4
100041d8:	10003dd9 	.word	0x10003dd9
100041dc:	2000155c 	.word	0x2000155c
100041e0:	10003e49 	.word	0x10003e49

100041e4 <tud_descriptor_device_cb>:
100041e4:	4800      	ldr	r0, [pc, #0]	@ (100041e8 <tud_descriptor_device_cb+0x4>)
100041e6:	4770      	bx	lr
100041e8:	10009a30 	.word	0x10009a30

100041ec <tud_descriptor_configuration_cb>:
100041ec:	4800      	ldr	r0, [pc, #0]	@ (100041f0 <tud_descriptor_configuration_cb+0x4>)
100041ee:	4770      	bx	lr
100041f0:	100099dc 	.word	0x100099dc

100041f4 <tud_descriptor_string_cb>:
100041f4:	b538      	push	{r3, r4, r5, lr}
100041f6:	4b18      	ldr	r3, [pc, #96]	@ (10004258 <tud_descriptor_string_cb+0x64>)
100041f8:	4604      	mov	r4, r0
100041fa:	781a      	ldrb	r2, [r3, #0]
100041fc:	b30a      	cbz	r2, 10004242 <tud_descriptor_string_cb+0x4e>
100041fe:	b944      	cbnz	r4, 10004212 <tud_descriptor_string_cb+0x1e>
10004200:	f240 4209 	movw	r2, #1033	@ 0x409
10004204:	f44f 7341 	mov.w	r3, #772	@ 0x304
10004208:	4d14      	ldr	r5, [pc, #80]	@ (1000425c <tud_descriptor_string_cb+0x68>)
1000420a:	806a      	strh	r2, [r5, #2]
1000420c:	4813      	ldr	r0, [pc, #76]	@ (1000425c <tud_descriptor_string_cb+0x68>)
1000420e:	802b      	strh	r3, [r5, #0]
10004210:	bd38      	pop	{r3, r4, r5, pc}
10004212:	2c05      	cmp	r4, #5
10004214:	d81d      	bhi.n	10004252 <tud_descriptor_string_cb+0x5e>
10004216:	4b12      	ldr	r3, [pc, #72]	@ (10004260 <tud_descriptor_string_cb+0x6c>)
10004218:	4d10      	ldr	r5, [pc, #64]	@ (1000425c <tud_descriptor_string_cb+0x68>)
1000421a:	f853 1024 	ldr.w	r1, [r3, r4, lsl #2]
1000421e:	4628      	mov	r0, r5
10004220:	2300      	movs	r3, #0
10004222:	3901      	subs	r1, #1
10004224:	e003      	b.n	1000422e <tud_descriptor_string_cb+0x3a>
10004226:	2b13      	cmp	r3, #19
10004228:	f820 2f02 	strh.w	r2, [r0, #2]!
1000422c:	d00e      	beq.n	1000424c <tud_descriptor_string_cb+0x58>
1000422e:	f811 2f01 	ldrb.w	r2, [r1, #1]!
10004232:	3301      	adds	r3, #1
10004234:	b2db      	uxtb	r3, r3
10004236:	2a00      	cmp	r2, #0
10004238:	d1f5      	bne.n	10004226 <tud_descriptor_string_cb+0x32>
1000423a:	005b      	lsls	r3, r3, #1
1000423c:	f443 7340 	orr.w	r3, r3, #768	@ 0x300
10004240:	e7e4      	b.n	1000420c <tud_descriptor_string_cb+0x18>
10004242:	2111      	movs	r1, #17
10004244:	4618      	mov	r0, r3
10004246:	f000 f825 	bl	10004294 <pico_get_unique_board_id_string>
1000424a:	e7d8      	b.n	100041fe <tud_descriptor_string_cb+0xa>
1000424c:	f44f 734a 	mov.w	r3, #808	@ 0x328
10004250:	e7dc      	b.n	1000420c <tud_descriptor_string_cb+0x18>
10004252:	2000      	movs	r0, #0
10004254:	bd38      	pop	{r3, r4, r5, pc}
10004256:	bf00      	nop
10004258:	20002990 	.word	0x20002990
1000425c:	2000244c 	.word	0x2000244c
10004260:	100099c4 	.word	0x100099c4

10004264 <_retrieve_unique_id_on_boot>:
10004264:	b500      	push	{lr}
10004266:	f245 3047 	movw	r0, #21319	@ 0x5347
1000426a:	b08b      	sub	sp, #44	@ 0x2c
1000426c:	f7fd fcc8 	bl	10001c00 <rom_func_lookup>
10004270:	2201      	movs	r2, #1
10004272:	4603      	mov	r3, r0
10004274:	2109      	movs	r1, #9
10004276:	a801      	add	r0, sp, #4
10004278:	4798      	blx	r3
1000427a:	e9dd 3203 	ldrd	r3, r2, [sp, #12]
1000427e:	4904      	ldr	r1, [pc, #16]	@ (10004290 <_retrieve_unique_id_on_boot+0x2c>)
10004280:	ba12      	rev	r2, r2
10004282:	ba1b      	rev	r3, r3
10004284:	e9c1 2300 	strd	r2, r3, [r1]
10004288:	b00b      	add	sp, #44	@ 0x2c
1000428a:	f85d fb04 	ldr.w	pc, [sp], #4
1000428e:	bf00      	nop
10004290:	20002974 	.word	0x20002974

10004294 <pico_get_unique_board_id_string>:
10004294:	2901      	cmp	r1, #1
10004296:	f101 33ff 	add.w	r3, r1, #4294967295
1000429a:	f000 80b3 	beq.w	10004404 <pico_get_unique_board_id_string+0x170>
1000429e:	495d      	ldr	r1, [pc, #372]	@ (10004414 <pico_get_unique_board_id_string+0x180>)
100042a0:	780a      	ldrb	r2, [r1, #0]
100042a2:	ea4f 1c12 	mov.w	ip, r2, lsr #4
100042a6:	2a9f      	cmp	r2, #159	@ 0x9f
100042a8:	bf8c      	ite	hi
100042aa:	f10c 0c37 	addhi.w	ip, ip, #55	@ 0x37
100042ae:	f10c 0c30 	addls.w	ip, ip, #48	@ 0x30
100042b2:	2b01      	cmp	r3, #1
100042b4:	f880 c000 	strb.w	ip, [r0]
100042b8:	f000 80a7 	beq.w	1000440a <pico_get_unique_board_id_string+0x176>
100042bc:	f002 020f 	and.w	r2, r2, #15
100042c0:	2a09      	cmp	r2, #9
100042c2:	bf8c      	ite	hi
100042c4:	3237      	addhi	r2, #55	@ 0x37
100042c6:	3230      	addls	r2, #48	@ 0x30
100042c8:	2b02      	cmp	r3, #2
100042ca:	7042      	strb	r2, [r0, #1]
100042cc:	f000 809d 	beq.w	1000440a <pico_get_unique_board_id_string+0x176>
100042d0:	784a      	ldrb	r2, [r1, #1]
100042d2:	ea4f 1c12 	mov.w	ip, r2, lsr #4
100042d6:	2a9f      	cmp	r2, #159	@ 0x9f
100042d8:	bf8c      	ite	hi
100042da:	f10c 0c37 	addhi.w	ip, ip, #55	@ 0x37
100042de:	f10c 0c30 	addls.w	ip, ip, #48	@ 0x30
100042e2:	2b03      	cmp	r3, #3
100042e4:	f880 c002 	strb.w	ip, [r0, #2]
100042e8:	f000 808f 	beq.w	1000440a <pico_get_unique_board_id_string+0x176>
100042ec:	f002 020f 	and.w	r2, r2, #15
100042f0:	2a09      	cmp	r2, #9
100042f2:	bf8c      	ite	hi
100042f4:	3237      	addhi	r2, #55	@ 0x37
100042f6:	3230      	addls	r2, #48	@ 0x30
100042f8:	2b04      	cmp	r3, #4
100042fa:	70c2      	strb	r2, [r0, #3]
100042fc:	f000 8085 	beq.w	1000440a <pico_get_unique_board_id_string+0x176>
10004300:	788a      	ldrb	r2, [r1, #2]
10004302:	ea4f 1c12 	mov.w	ip, r2, lsr #4
10004306:	2a9f      	cmp	r2, #159	@ 0x9f
10004308:	bf8c      	ite	hi
1000430a:	f10c 0c37 	addhi.w	ip, ip, #55	@ 0x37
1000430e:	f10c 0c30 	addls.w	ip, ip, #48	@ 0x30
10004312:	2b05      	cmp	r3, #5
10004314:	f880 c004 	strb.w	ip, [r0, #4]
10004318:	d077      	beq.n	1000440a <pico_get_unique_board_id_string+0x176>
1000431a:	f002 020f 	and.w	r2, r2, #15
1000431e:	2a09      	cmp	r2, #9
10004320:	bf8c      	ite	hi
10004322:	3237      	addhi	r2, #55	@ 0x37
10004324:	3230      	addls	r2, #48	@ 0x30
10004326:	2b06      	cmp	r3, #6
10004328:	7142      	strb	r2, [r0, #5]
1000432a:	d06e      	beq.n	1000440a <pico_get_unique_board_id_string+0x176>
1000432c:	78ca      	ldrb	r2, [r1, #3]
1000432e:	ea4f 1c12 	mov.w	ip, r2, lsr #4
10004332:	2a9f      	cmp	r2, #159	@ 0x9f
10004334:	bf8c      	ite	hi
10004336:	f10c 0c37 	addhi.w	ip, ip, #55	@ 0x37
1000433a:	f10c 0c30 	addls.w	ip, ip, #48	@ 0x30
1000433e:	2b07      	cmp	r3, #7
10004340:	f880 c006 	strb.w	ip, [r0, #6]
10004344:	d061      	beq.n	1000440a <pico_get_unique_board_id_string+0x176>
10004346:	f002 020f 	and.w	r2, r2, #15
1000434a:	2a09      	cmp	r2, #9
1000434c:	bf8c      	ite	hi
1000434e:	3237      	addhi	r2, #55	@ 0x37
10004350:	3230      	addls	r2, #48	@ 0x30
10004352:	2b08      	cmp	r3, #8
10004354:	71c2      	strb	r2, [r0, #7]
10004356:	d058      	beq.n	1000440a <pico_get_unique_board_id_string+0x176>
10004358:	790a      	ldrb	r2, [r1, #4]
1000435a:	ea4f 1c12 	mov.w	ip, r2, lsr #4
1000435e:	2a9f      	cmp	r2, #159	@ 0x9f
10004360:	bf8c      	ite	hi
10004362:	f10c 0c37 	addhi.w	ip, ip, #55	@ 0x37
10004366:	f10c 0c30 	addls.w	ip, ip, #48	@ 0x30
1000436a:	2b09      	cmp	r3, #9
1000436c:	f880 c008 	strb.w	ip, [r0, #8]
10004370:	d04b      	beq.n	1000440a <pico_get_unique_board_id_string+0x176>
10004372:	f002 020f 	and.w	r2, r2, #15
10004376:	2a09      	cmp	r2, #9
10004378:	bf8c      	ite	hi
1000437a:	3237      	addhi	r2, #55	@ 0x37
1000437c:	3230      	addls	r2, #48	@ 0x30
1000437e:	2b0a      	cmp	r3, #10
10004380:	7242      	strb	r2, [r0, #9]
10004382:	d042      	beq.n	1000440a <pico_get_unique_board_id_string+0x176>
10004384:	794a      	ldrb	r2, [r1, #5]
10004386:	ea4f 1c12 	mov.w	ip, r2, lsr #4
1000438a:	2a9f      	cmp	r2, #159	@ 0x9f
1000438c:	bf8c      	ite	hi
1000438e:	f10c 0c37 	addhi.w	ip, ip, #55	@ 0x37
10004392:	f10c 0c30 	addls.w	ip, ip, #48	@ 0x30
10004396:	2b0b      	cmp	r3, #11
10004398:	f880 c00a 	strb.w	ip, [r0, #10]
1000439c:	d035      	beq.n	1000440a <pico_get_unique_board_id_string+0x176>
1000439e:	f002 020f 	and.w	r2, r2, #15
100043a2:	2a09      	cmp	r2, #9
100043a4:	bf8c      	ite	hi
100043a6:	3237      	addhi	r2, #55	@ 0x37
100043a8:	3230      	addls	r2, #48	@ 0x30
100043aa:	2b0c      	cmp	r3, #12
100043ac:	72c2      	strb	r2, [r0, #11]
100043ae:	d02c      	beq.n	1000440a <pico_get_unique_board_id_string+0x176>
100043b0:	798a      	ldrb	r2, [r1, #6]
100043b2:	ea4f 1c12 	mov.w	ip, r2, lsr #4
100043b6:	2a9f      	cmp	r2, #159	@ 0x9f
100043b8:	bf8c      	ite	hi
100043ba:	f10c 0c37 	addhi.w	ip, ip, #55	@ 0x37
100043be:	f10c 0c30 	addls.w	ip, ip, #48	@ 0x30
100043c2:	2b0d      	cmp	r3, #13
100043c4:	f880 c00c 	strb.w	ip, [r0, #12]
100043c8:	d01f      	beq.n	1000440a <pico_get_unique_board_id_string+0x176>
100043ca:	f002 020f 	and.w	r2, r2, #15
100043ce:	2a09      	cmp	r2, #9
100043d0:	bf8c      	ite	hi
100043d2:	3237      	addhi	r2, #55	@ 0x37
100043d4:	3230      	addls	r2, #48	@ 0x30
100043d6:	2b0e      	cmp	r3, #14
100043d8:	7342      	strb	r2, [r0, #13]
100043da:	d016      	beq.n	1000440a <pico_get_unique_board_id_string+0x176>
100043dc:	79ca      	ldrb	r2, [r1, #7]
100043de:	0911      	lsrs	r1, r2, #4
100043e0:	2a9f      	cmp	r2, #159	@ 0x9f
100043e2:	bf8c      	ite	hi
100043e4:	3137      	addhi	r1, #55	@ 0x37
100043e6:	3130      	addls	r1, #48	@ 0x30
100043e8:	2b0f      	cmp	r3, #15
100043ea:	7381      	strb	r1, [r0, #14]
100043ec:	d00d      	beq.n	1000440a <pico_get_unique_board_id_string+0x176>
100043ee:	f002 020f 	and.w	r2, r2, #15
100043f2:	2a09      	cmp	r2, #9
100043f4:	bf94      	ite	ls
100043f6:	3230      	addls	r2, #48	@ 0x30
100043f8:	3237      	addhi	r2, #55	@ 0x37
100043fa:	2b10      	cmp	r3, #16
100043fc:	73c2      	strb	r2, [r0, #15]
100043fe:	bf18      	it	ne
10004400:	3010      	addne	r0, #16
10004402:	d002      	beq.n	1000440a <pico_get_unique_board_id_string+0x176>
10004404:	2300      	movs	r3, #0
10004406:	7003      	strb	r3, [r0, #0]
10004408:	4770      	bx	lr
1000440a:	4418      	add	r0, r3
1000440c:	2300      	movs	r3, #0
1000440e:	7003      	strb	r3, [r0, #0]
10004410:	4770      	bx	lr
10004412:	bf00      	nop
10004414:	20002974 	.word	0x20002974

10004418 <dcd_init>:
10004418:	b570      	push	{r4, r5, r6, lr}
1000441a:	f000 f92d 	bl	10004678 <rp2040_usb_init>
1000441e:	230c      	movs	r3, #12
10004420:	2640      	movs	r6, #64	@ 0x40
10004422:	4c19      	ldr	r4, [pc, #100]	@ (10004488 <dcd_init+0x70>)
10004424:	22ff      	movs	r2, #255	@ 0xff
10004426:	67a3      	str	r3, [r4, #120]	@ 0x78
10004428:	200e      	movs	r0, #14
1000442a:	4918      	ldr	r1, [pc, #96]	@ (1000448c <dcd_init+0x74>)
1000442c:	f7fc fb6a 	bl	10000b04 <irq_add_shared_handler>
10004430:	4632      	mov	r2, r6
10004432:	2100      	movs	r1, #0
10004434:	4816      	ldr	r0, [pc, #88]	@ (10004490 <dcd_init+0x78>)
10004436:	f004 fdbb 	bl	10008fb0 <memset>
1000443a:	2501      	movs	r5, #1
1000443c:	2300      	movs	r3, #0
1000443e:	2180      	movs	r1, #128	@ 0x80
10004440:	4813      	ldr	r0, [pc, #76]	@ (10004490 <dcd_init+0x78>)
10004442:	4a14      	ldr	r2, [pc, #80]	@ (10004494 <dcd_init+0x7c>)
10004444:	8441      	strh	r1, [r0, #34]	@ 0x22
10004446:	7045      	strb	r5, [r0, #1]
10004448:	8306      	strh	r6, [r0, #24]
1000444a:	8706      	strh	r6, [r0, #56]	@ 0x38
1000444c:	6082      	str	r2, [r0, #8]
1000444e:	6043      	str	r3, [r0, #4]
10004450:	6013      	str	r3, [r2, #0]
10004452:	f842 3c04 	str.w	r3, [r2, #-4]
10004456:	f880 3021 	strb.w	r3, [r0, #33]	@ 0x21
1000445a:	f880 303b 	strb.w	r3, [r0, #59]	@ 0x3b
1000445e:	6243      	str	r3, [r0, #36]	@ 0x24
10004460:	4b0d      	ldr	r3, [pc, #52]	@ (10004498 <dcd_init+0x80>)
10004462:	f04f 5600 	mov.w	r6, #536870912	@ 0x20000000
10004466:	60c3      	str	r3, [r0, #12]
10004468:	62c3      	str	r3, [r0, #44]	@ 0x2c
1000446a:	3b80      	subs	r3, #128	@ 0x80
1000446c:	6283      	str	r3, [r0, #40]	@ 0x28
1000446e:	f005 f81f 	bl	100094b0 <__reset_non_control_endpoints_veneer>
10004472:	f44f 3280 	mov.w	r2, #65536	@ 0x10000
10004476:	4909      	ldr	r1, [pc, #36]	@ (1000449c <dcd_init+0x84>)
10004478:	4b09      	ldr	r3, [pc, #36]	@ (100044a0 <dcd_init+0x88>)
1000447a:	6425      	str	r5, [r4, #64]	@ 0x40
1000447c:	4628      	mov	r0, r5
1000447e:	64e6      	str	r6, [r4, #76]	@ 0x4c
10004480:	f8c4 1090 	str.w	r1, [r4, #144]	@ 0x90
10004484:	64da      	str	r2, [r3, #76]	@ 0x4c
10004486:	bd70      	pop	{r4, r5, r6, pc}
10004488:	50110000 	.word	0x50110000
1000448c:	2000039d 	.word	0x2000039d
10004490:	20002488 	.word	0x20002488
10004494:	50100084 	.word	0x50100084
10004498:	50100100 	.word	0x50100100
1000449c:	0001d010 	.word	0x0001d010
100044a0:	50112000 	.word	0x50112000

100044a4 <dcd_int_enable>:
100044a4:	2101      	movs	r1, #1
100044a6:	200e      	movs	r0, #14
100044a8:	f7fc baba 	b.w	10000a20 <irq_set_enabled>

100044ac <dcd_set_address>:
100044ac:	2200      	movs	r2, #0
100044ae:	4802      	ldr	r0, [pc, #8]	@ (100044b8 <dcd_set_address+0xc>)
100044b0:	4611      	mov	r1, r2
100044b2:	f000 b901 	b.w	100046b8 <hw_endpoint_xfer_start>
100044b6:	bf00      	nop
100044b8:	200024a8 	.word	0x200024a8

100044bc <dcd_sof_enable>:
100044bc:	4b04      	ldr	r3, [pc, #16]	@ (100044d0 <dcd_sof_enable+0x14>)
100044be:	7019      	strb	r1, [r3, #0]
100044c0:	b121      	cbz	r1, 100044cc <dcd_sof_enable+0x10>
100044c2:	f44f 3200 	mov.w	r2, #131072	@ 0x20000
100044c6:	4b03      	ldr	r3, [pc, #12]	@ (100044d4 <dcd_sof_enable+0x18>)
100044c8:	f8c3 2090 	str.w	r2, [r3, #144]	@ 0x90
100044cc:	4770      	bx	lr
100044ce:	bf00      	nop
100044d0:	20002a71 	.word	0x20002a71
100044d4:	50112000 	.word	0x50112000

100044d8 <dcd_edpt0_status_complete>:
100044d8:	780b      	ldrb	r3, [r1, #0]
100044da:	065b      	lsls	r3, r3, #25
100044dc:	d102      	bne.n	100044e4 <dcd_edpt0_status_complete+0xc>
100044de:	784b      	ldrb	r3, [r1, #1]
100044e0:	2b05      	cmp	r3, #5
100044e2:	d000      	beq.n	100044e6 <dcd_edpt0_status_complete+0xe>
100044e4:	4770      	bx	lr
100044e6:	884b      	ldrh	r3, [r1, #2]
100044e8:	4a01      	ldr	r2, [pc, #4]	@ (100044f0 <dcd_edpt0_status_complete+0x18>)
100044ea:	b2db      	uxtb	r3, r3
100044ec:	6013      	str	r3, [r2, #0]
100044ee:	4770      	bx	lr
100044f0:	50110000 	.word	0x50110000

100044f4 <dcd_edpt_open>:
100044f4:	78cb      	ldrb	r3, [r1, #3]
100044f6:	e92d 41f0 	stmdb	sp!, {r4, r5, r6, r7, r8, lr}
100044fa:	f003 0e03 	and.w	lr, r3, #3
100044fe:	f1be 0f01 	cmp.w	lr, #1
10004502:	f3c3 0001 	ubfx	r0, r3, #0, #2
10004506:	d05b      	beq.n	100045c0 <dcd_edpt_open+0xcc>
10004508:	2700      	movs	r7, #0
1000450a:	f891 c002 	ldrb.w	ip, [r1, #2]
1000450e:	4c34      	ldr	r4, [pc, #208]	@ (100045e0 <dcd_edpt_open+0xec>)
10004510:	f00c 027f 	and.w	r2, ip, #127	@ 0x7f
10004514:	0056      	lsls	r6, r2, #1
10004516:	8889      	ldrh	r1, [r1, #4]
10004518:	eb06 13dc 	add.w	r3, r6, ip, lsr #7
1000451c:	eb04 1343 	add.w	r3, r4, r3, lsl #5
10004520:	ea4f 15dc 	mov.w	r5, ip, lsr #7
10004524:	76d8      	strb	r0, [r3, #27]
10004526:	f3c1 010a 	ubfx	r1, r1, #0, #11
1000452a:	f085 0001 	eor.w	r0, r5, #1
1000452e:	f883 c002 	strb.w	ip, [r3, #2]
10004532:	8319      	strh	r1, [r3, #24]
10004534:	7058      	strb	r0, [r3, #1]
10004536:	70df      	strb	r7, [r3, #3]
10004538:	00d3      	lsls	r3, r2, #3
1000453a:	bb8d      	cbnz	r5, 100045a0 <dcd_edpt_open+0xac>
1000453c:	4829      	ldr	r0, [pc, #164]	@ (100045e4 <dcd_edpt_open+0xf0>)
1000453e:	3304      	adds	r3, #4
10004540:	eb04 1c82 	add.w	ip, r4, r2, lsl #6
10004544:	eb03 0800 	add.w	r8, r3, r0
10004548:	f8cc 8008 	str.w	r8, [ip, #8]
1000454c:	501f      	str	r7, [r3, r0]
1000454e:	b382      	cbz	r2, 100045b2 <dcd_edpt_open+0xbe>
10004550:	4b25      	ldr	r3, [pc, #148]	@ (100045e8 <dcd_edpt_open+0xf4>)
10004552:	00d2      	lsls	r2, r2, #3
10004554:	4413      	add	r3, r2
10004556:	f8cc 3004 	str.w	r3, [ip, #4]
1000455a:	4b24      	ldr	r3, [pc, #144]	@ (100045ec <dcd_edpt_open+0xf8>)
1000455c:	313f      	adds	r1, #63	@ 0x3f
1000455e:	681a      	ldr	r2, [r3, #0]
10004560:	f021 013f 	bic.w	r1, r1, #63	@ 0x3f
10004564:	f1be 0f02 	cmp.w	lr, #2
10004568:	bf08      	it	eq
1000456a:	0049      	lsleq	r1, r1, #1
1000456c:	4411      	add	r1, r2
1000456e:	6019      	str	r1, [r3, #0]
10004570:	4b1f      	ldr	r3, [pc, #124]	@ (100045f0 <dcd_edpt_open+0xfc>)
10004572:	1977      	adds	r7, r6, r5
10004574:	eb04 1747 	add.w	r7, r4, r7, lsl #5
10004578:	4299      	cmp	r1, r3
1000457a:	60fa      	str	r2, [r7, #12]
1000457c:	d82b      	bhi.n	100045d6 <dcd_edpt_open+0xe2>
1000457e:	442e      	add	r6, r5
10004580:	eb04 1346 	add.w	r3, r4, r6, lsl #5
10004584:	7ed9      	ldrb	r1, [r3, #27]
10004586:	f082 42a0 	eor.w	r2, r2, #1342177280	@ 0x50000000
1000458a:	f482 1280 	eor.w	r2, r2, #1048576	@ 0x100000
1000458e:	685b      	ldr	r3, [r3, #4]
10004590:	ea42 6281 	orr.w	r2, r2, r1, lsl #26
10004594:	f042 4200 	orr.w	r2, r2, #2147483648	@ 0x80000000
10004598:	601a      	str	r2, [r3, #0]
1000459a:	2001      	movs	r0, #1
1000459c:	e8bd 81f0 	ldmia.w	sp!, {r4, r5, r6, r7, r8, pc}
100045a0:	4810      	ldr	r0, [pc, #64]	@ (100045e4 <dcd_edpt_open+0xf0>)
100045a2:	eb04 1c82 	add.w	ip, r4, r2, lsl #6
100045a6:	4403      	add	r3, r0
100045a8:	f8cc 3028 	str.w	r3, [ip, #40]	@ 0x28
100045ac:	f840 7032 	str.w	r7, [r0, r2, lsl #3]
100045b0:	b94a      	cbnz	r2, 100045c6 <dcd_edpt_open+0xd2>
100045b2:	2200      	movs	r2, #0
100045b4:	490f      	ldr	r1, [pc, #60]	@ (100045f4 <dcd_edpt_open+0x100>)
100045b6:	eb04 1345 	add.w	r3, r4, r5, lsl #5
100045ba:	60d9      	str	r1, [r3, #12]
100045bc:	605a      	str	r2, [r3, #4]
100045be:	e7ec      	b.n	1000459a <dcd_edpt_open+0xa6>
100045c0:	2000      	movs	r0, #0
100045c2:	e8bd 81f0 	ldmia.w	sp!, {r4, r5, r6, r7, r8, pc}
100045c6:	00d2      	lsls	r2, r2, #3
100045c8:	f102 42a0 	add.w	r2, r2, #1342177280	@ 0x50000000
100045cc:	f502 1280 	add.w	r2, r2, #1048576	@ 0x100000
100045d0:	f8cc 2024 	str.w	r2, [ip, #36]	@ 0x24
100045d4:	e7c1      	b.n	1000455a <dcd_edpt_open+0x66>
100045d6:	f7fd fb5f 	bl	10001c98 <hard_assertion_failure>
100045da:	68fa      	ldr	r2, [r7, #12]
100045dc:	e7cf      	b.n	1000457e <dcd_edpt_open+0x8a>
100045de:	bf00      	nop
100045e0:	20002488 	.word	0x20002488
100045e4:	50100080 	.word	0x50100080
100045e8:	50100004 	.word	0x50100004
100045ec:	20002898 	.word	0x20002898
100045f0:	50100fff 	.word	0x50100fff
100045f4:	50100100 	.word	0x50100100

100045f8 <dcd_edpt_close_all>:
100045f8:	f004 bf5a 	b.w	100094b0 <__reset_non_control_endpoints_veneer>

100045fc <dcd_edpt_xfer>:
100045fc:	468c      	mov	ip, r1
100045fe:	b508      	push	{r3, lr}
10004600:	4611      	mov	r1, r2
10004602:	4807      	ldr	r0, [pc, #28]	@ (10004620 <dcd_edpt_xfer+0x24>)
10004604:	461a      	mov	r2, r3
10004606:	f00c 037f 	and.w	r3, ip, #127	@ 0x7f
1000460a:	ea4f 1cdc 	mov.w	ip, ip, lsr #7
1000460e:	eb0c 0c43 	add.w	ip, ip, r3, lsl #1
10004612:	eb00 104c 	add.w	r0, r0, ip, lsl #5
10004616:	f000 f84f 	bl	100046b8 <hw_endpoint_xfer_start>
1000461a:	2001      	movs	r0, #1
1000461c:	bd08      	pop	{r3, pc}
1000461e:	bf00      	nop
10004620:	20002488 	.word	0x20002488

10004624 <dcd_edpt_stall>:
10004624:	f011 027f 	ands.w	r2, r1, #127	@ 0x7f
10004628:	d105      	bne.n	10004636 <dcd_edpt_stall+0x12>
1000462a:	2900      	cmp	r1, #0
1000462c:	bf0c      	ite	eq
1000462e:	2002      	moveq	r0, #2
10004630:	2001      	movne	r0, #1
10004632:	4b06      	ldr	r3, [pc, #24]	@ (1000464c <dcd_edpt_stall+0x28>)
10004634:	6698      	str	r0, [r3, #104]	@ 0x68
10004636:	09c9      	lsrs	r1, r1, #7
10004638:	4b05      	ldr	r3, [pc, #20]	@ (10004650 <dcd_edpt_stall+0x2c>)
1000463a:	eb01 0042 	add.w	r0, r1, r2, lsl #1
1000463e:	eb03 1040 	add.w	r0, r3, r0, lsl #5
10004642:	f44f 6200 	mov.w	r2, #2048	@ 0x800
10004646:	2100      	movs	r1, #0
10004648:	f004 bf42 	b.w	100094d0 <___hw_endpoint_buffer_control_update32_veneer>
1000464c:	50112000 	.word	0x50112000
10004650:	20002488 	.word	0x20002488

10004654 <dcd_edpt_clear_stall>:
10004654:	f011 037f 	ands.w	r3, r1, #127	@ 0x7f
10004658:	d100      	bne.n	1000465c <dcd_edpt_clear_stall+0x8>
1000465a:	4770      	bx	lr
1000465c:	2200      	movs	r2, #0
1000465e:	4805      	ldr	r0, [pc, #20]	@ (10004674 <dcd_edpt_clear_stall+0x20>)
10004660:	005b      	lsls	r3, r3, #1
10004662:	eb03 13d1 	add.w	r3, r3, r1, lsr #7
10004666:	eb00 1043 	add.w	r0, r0, r3, lsl #5
1000466a:	f46f 6100 	mvn.w	r1, #2048	@ 0x800
1000466e:	70c2      	strb	r2, [r0, #3]
10004670:	f004 bf2e 	b.w	100094d0 <___hw_endpoint_buffer_control_update32_veneer>
10004674:	20002488 	.word	0x20002488

10004678 <rp2040_usb_init>:
10004678:	f04f 5280 	mov.w	r2, #268435456	@ 0x10000000
1000467c:	4809      	ldr	r0, [pc, #36]	@ (100046a4 <rp2040_usb_init+0x2c>)
1000467e:	490a      	ldr	r1, [pc, #40]	@ (100046a8 <rp2040_usb_init+0x30>)
10004680:	b508      	push	{r3, lr}
10004682:	4b0a      	ldr	r3, [pc, #40]	@ (100046ac <rp2040_usb_init+0x34>)
10004684:	6002      	str	r2, [r0, #0]
10004686:	600a      	str	r2, [r1, #0]
10004688:	6899      	ldr	r1, [r3, #8]
1000468a:	43c9      	mvns	r1, r1
1000468c:	f011 5180 	ands.w	r1, r1, #268435456	@ 0x10000000
10004690:	d1fa      	bne.n	10004688 <rp2040_usb_init+0x10>
10004692:	f44f 5280 	mov.w	r2, #4096	@ 0x1000
10004696:	4806      	ldr	r0, [pc, #24]	@ (100046b0 <rp2040_usb_init+0x38>)
10004698:	f004 fc8a 	bl	10008fb0 <memset>
1000469c:	2209      	movs	r2, #9
1000469e:	4b05      	ldr	r3, [pc, #20]	@ (100046b4 <rp2040_usb_init+0x3c>)
100046a0:	675a      	str	r2, [r3, #116]	@ 0x74
100046a2:	bd08      	pop	{r3, pc}
100046a4:	40022000 	.word	0x40022000
100046a8:	40023000 	.word	0x40023000
100046ac:	40020000 	.word	0x40020000
100046b0:	50100000 	.word	0x50100000
100046b4:	50110000 	.word	0x50110000

100046b8 <hw_endpoint_xfer_start>:
100046b8:	2300      	movs	r3, #0
100046ba:	f04f 0c01 	mov.w	ip, #1
100046be:	b510      	push	{r4, lr}
100046c0:	f880 c01a 	strb.w	ip, [r0, #26]
100046c4:	8282      	strh	r2, [r0, #20]
100046c6:	82c3      	strh	r3, [r0, #22]
100046c8:	6101      	str	r1, [r0, #16]
100046ca:	4604      	mov	r4, r0
100046cc:	f004 feec 	bl	100094a8 <__e15_is_bulkin_ep_veneer>
100046d0:	b120      	cbz	r0, 100046dc <hw_endpoint_xfer_start+0x24>
100046d2:	f44f 3200 	mov.w	r2, #131072	@ 0x20000
100046d6:	4b07      	ldr	r3, [pc, #28]	@ (100046f4 <hw_endpoint_xfer_start+0x3c>)
100046d8:	f8c3 2090 	str.w	r2, [r3, #144]	@ 0x90
100046dc:	4620      	mov	r0, r4
100046de:	f004 fef3 	bl	100094c8 <__e15_is_critical_frame_period_veneer>
100046e2:	b110      	cbz	r0, 100046ea <hw_endpoint_xfer_start+0x32>
100046e4:	2301      	movs	r3, #1
100046e6:	7723      	strb	r3, [r4, #28]
100046e8:	bd10      	pop	{r4, pc}
100046ea:	4620      	mov	r0, r4
100046ec:	e8bd 4010 	ldmia.w	sp!, {r4, lr}
100046f0:	f004 bed2 	b.w	10009498 <__hw_endpoint_start_next_buffer_veneer>
100046f4:	50112000 	.word	0x50112000

100046f8 <configuration_reset>:
100046f8:	e92d 41f0 	stmdb	sp!, {r4, r5, r6, r7, r8, lr}
100046fc:	2400      	movs	r4, #0
100046fe:	4e1d      	ldr	r6, [pc, #116]	@ (10004774 <configuration_reset+0x7c>)
10004700:	4605      	mov	r5, r0
10004702:	4623      	mov	r3, r4
10004704:	7832      	ldrb	r2, [r6, #0]
10004706:	f8df 8078 	ldr.w	r8, [pc, #120]	@ 10004780 <configuration_reset+0x88>
1000470a:	4f1b      	ldr	r7, [pc, #108]	@ (10004778 <configuration_reset+0x80>)
1000470c:	e00d      	b.n	1000472a <configuration_reset+0x32>
1000470e:	683b      	ldr	r3, [r7, #0]
10004710:	eb13 1344 	adds.w	r3, r3, r4, lsl #5
10004714:	d024      	beq.n	10004760 <configuration_reset+0x68>
10004716:	68db      	ldr	r3, [r3, #12]
10004718:	4628      	mov	r0, r5
1000471a:	4798      	blx	r3
1000471c:	7832      	ldrb	r2, [r6, #0]
1000471e:	3401      	adds	r4, #1
10004720:	b2e4      	uxtb	r4, r4
10004722:	1c51      	adds	r1, r2, #1
10004724:	42a1      	cmp	r1, r4
10004726:	4623      	mov	r3, r4
10004728:	db06      	blt.n	10004738 <configuration_reset+0x40>
1000472a:	42a2      	cmp	r2, r4
1000472c:	eba3 0302 	sub.w	r3, r3, r2
10004730:	d8ed      	bhi.n	1000470e <configuration_reset+0x16>
10004732:	eb08 1343 	add.w	r3, r8, r3, lsl #5
10004736:	e7ee      	b.n	10004716 <configuration_reset+0x1e>
10004738:	2254      	movs	r2, #84	@ 0x54
1000473a:	2100      	movs	r1, #0
1000473c:	480f      	ldr	r0, [pc, #60]	@ (1000477c <configuration_reset+0x84>)
1000473e:	f004 fc37 	bl	10008fb0 <memset>
10004742:	f04f 33ff 	mov.w	r3, #4294967295
10004746:	480d      	ldr	r0, [pc, #52]	@ (1000477c <configuration_reset+0x84>)
10004748:	2220      	movs	r2, #32
1000474a:	1d04      	adds	r4, r0, #4
1000474c:	6043      	str	r3, [r0, #4]
1000474e:	e9c4 3301 	strd	r3, r3, [r4, #4]
10004752:	60e3      	str	r3, [r4, #12]
10004754:	21ff      	movs	r1, #255	@ 0xff
10004756:	e8bd 41f0 	ldmia.w	sp!, {r4, r5, r6, r7, r8, lr}
1000475a:	3014      	adds	r0, #20
1000475c:	f004 bc28 	b.w	10008fb0 <memset>
10004760:	f04f 23e0 	mov.w	r3, #3758153728	@ 0xe000e000
10004764:	f8d3 3df0 	ldr.w	r3, [r3, #3568]	@ 0xdf0
10004768:	07db      	lsls	r3, r3, #31
1000476a:	d500      	bpl.n	1000476e <configuration_reset+0x76>
1000476c:	be00      	bkpt	0x0000
1000476e:	e8bd 81f0 	ldmia.w	sp!, {r4, r5, r6, r7, r8, pc}
10004772:	bf00      	nop
10004774:	20002a70 	.word	0x20002a70
10004778:	20001e50 	.word	0x20001e50
1000477c:	20002020 	.word	0x20002020
10004780:	10009a44 	.word	0x10009a44

10004784 <tud_event_hook_cb>:
10004784:	4770      	bx	lr
10004786:	bf00      	nop

10004788 <tud_sof_cb>:
10004788:	4770      	bx	lr
1000478a:	bf00      	nop

1000478c <tud_descriptor_device_qualifier_cb>:
1000478c:	2000      	movs	r0, #0
1000478e:	4770      	bx	lr

10004790 <tud_descriptor_other_speed_configuration_cb>:
10004790:	2000      	movs	r0, #0
10004792:	4770      	bx	lr

10004794 <tud_mount_cb>:
10004794:	4770      	bx	lr
10004796:	bf00      	nop

10004798 <tud_umount_cb>:
10004798:	4770      	bx	lr
1000479a:	bf00      	nop

1000479c <tud_suspend_cb>:
1000479c:	4770      	bx	lr
1000479e:	bf00      	nop

100047a0 <tud_resume_cb>:
100047a0:	4770      	bx	lr
100047a2:	bf00      	nop

100047a4 <tud_mounted>:
100047a4:	4b02      	ldr	r3, [pc, #8]	@ (100047b0 <tud_mounted+0xc>)
100047a6:	7858      	ldrb	r0, [r3, #1]
100047a8:	3800      	subs	r0, #0
100047aa:	bf18      	it	ne
100047ac:	2001      	movne	r0, #1
100047ae:	4770      	bx	lr
100047b0:	20002020 	.word	0x20002020

100047b4 <tud_suspended>:
100047b4:	4b02      	ldr	r3, [pc, #8]	@ (100047c0 <tud_suspended+0xc>)
100047b6:	7818      	ldrb	r0, [r3, #0]
100047b8:	f3c0 0080 	ubfx	r0, r0, #2, #1
100047bc:	4770      	bx	lr
100047be:	bf00      	nop
100047c0:	20002020 	.word	0x20002020

100047c4 <tud_rhport_init>:
100047c4:	e92d 47f0 	stmdb	sp!, {r4, r5, r6, r7, r8, r9, sl, lr}
100047c8:	f8df a0e4 	ldr.w	sl, [pc, #228]	@ 100048b0 <tud_rhport_init+0xec>
100047cc:	f89a 3000 	ldrb.w	r3, [sl]
100047d0:	2bff      	cmp	r3, #255	@ 0xff
100047d2:	d156      	bne.n	10004882 <tud_rhport_init+0xbe>
100047d4:	460e      	mov	r6, r1
100047d6:	2900      	cmp	r1, #0
100047d8:	d03e      	beq.n	10004858 <tud_rhport_init+0x94>
100047da:	2100      	movs	r1, #0
100047dc:	2254      	movs	r2, #84	@ 0x54
100047de:	4607      	mov	r7, r0
100047e0:	4829      	ldr	r0, [pc, #164]	@ (10004888 <tud_rhport_init+0xc4>)
100047e2:	f004 fbe5 	bl	10008fb0 <memset>
100047e6:	2200      	movs	r2, #0
100047e8:	4c28      	ldr	r4, [pc, #160]	@ (1000488c <tud_rhport_init+0xc8>)
100047ea:	4b29      	ldr	r3, [pc, #164]	@ (10004890 <tud_rhport_init+0xcc>)
100047ec:	4620      	mov	r0, r4
100047ee:	701a      	strb	r2, [r3, #0]
100047f0:	f7fc fc14 	bl	1000101c <mutex_init>
100047f4:	4b27      	ldr	r3, [pc, #156]	@ (10004894 <tud_rhport_init+0xd0>)
100047f6:	4828      	ldr	r0, [pc, #160]	@ (10004898 <tud_rhport_init+0xd4>)
100047f8:	601c      	str	r4, [r3, #0]
100047fa:	4c28      	ldr	r4, [pc, #160]	@ (1000489c <tud_rhport_init+0xd8>)
100047fc:	f7fc fc1c 	bl	10001038 <critical_section_init>
10004800:	4620      	mov	r0, r4
10004802:	f001 fdab 	bl	1000635c <tu_fifo_clear>
10004806:	4a26      	ldr	r2, [pc, #152]	@ (100048a0 <tud_rhport_init+0xdc>)
10004808:	4b26      	ldr	r3, [pc, #152]	@ (100048a4 <tud_rhport_init+0xe0>)
1000480a:	6014      	str	r4, [r2, #0]
1000480c:	b123      	cbz	r3, 10004818 <tud_rhport_init+0x54>
1000480e:	4826      	ldr	r0, [pc, #152]	@ (100048a8 <tud_rhport_init+0xe4>)
10004810:	f7ff fac4 	bl	10003d9c <usbd_app_driver_get_cb>
10004814:	4b25      	ldr	r3, [pc, #148]	@ (100048ac <tud_rhport_init+0xe8>)
10004816:	6018      	str	r0, [r3, #0]
10004818:	2400      	movs	r4, #0
1000481a:	4d23      	ldr	r5, [pc, #140]	@ (100048a8 <tud_rhport_init+0xe4>)
1000481c:	4623      	mov	r3, r4
1000481e:	782a      	ldrb	r2, [r5, #0]
10004820:	f8df 9090 	ldr.w	r9, [pc, #144]	@ 100048b4 <tud_rhport_init+0xf0>
10004824:	f8df 8084 	ldr.w	r8, [pc, #132]	@ 100048ac <tud_rhport_init+0xe8>
10004828:	e00e      	b.n	10004848 <tud_rhport_init+0x84>
1000482a:	f8d8 3000 	ldr.w	r3, [r8]
1000482e:	eb13 1344 	adds.w	r3, r3, r4, lsl #5
10004832:	d011      	beq.n	10004858 <tud_rhport_init+0x94>
10004834:	685b      	ldr	r3, [r3, #4]
10004836:	b17b      	cbz	r3, 10004858 <tud_rhport_init+0x94>
10004838:	4798      	blx	r3
1000483a:	782a      	ldrb	r2, [r5, #0]
1000483c:	3401      	adds	r4, #1
1000483e:	b2e4      	uxtb	r4, r4
10004840:	1c51      	adds	r1, r2, #1
10004842:	42a1      	cmp	r1, r4
10004844:	4623      	mov	r3, r4
10004846:	db11      	blt.n	1000486c <tud_rhport_init+0xa8>
10004848:	42a2      	cmp	r2, r4
1000484a:	d8ee      	bhi.n	1000482a <tud_rhport_init+0x66>
1000484c:	1a9b      	subs	r3, r3, r2
1000484e:	eb09 1343 	add.w	r3, r9, r3, lsl #5
10004852:	685b      	ldr	r3, [r3, #4]
10004854:	2b00      	cmp	r3, #0
10004856:	d1ef      	bne.n	10004838 <tud_rhport_init+0x74>
10004858:	f04f 23e0 	mov.w	r3, #3758153728	@ 0xe000e000
1000485c:	f8d3 3df0 	ldr.w	r3, [r3, #3568]	@ 0xdf0
10004860:	07db      	lsls	r3, r3, #31
10004862:	d500      	bpl.n	10004866 <tud_rhport_init+0xa2>
10004864:	be00      	bkpt	0x0000
10004866:	2000      	movs	r0, #0
10004868:	e8bd 87f0 	ldmia.w	sp!, {r4, r5, r6, r7, r8, r9, sl, pc}
1000486c:	4631      	mov	r1, r6
1000486e:	4638      	mov	r0, r7
10004870:	f88a 7000 	strb.w	r7, [sl]
10004874:	f7ff fdd0 	bl	10004418 <dcd_init>
10004878:	2800      	cmp	r0, #0
1000487a:	d0ed      	beq.n	10004858 <tud_rhport_init+0x94>
1000487c:	4638      	mov	r0, r7
1000487e:	f7ff fe11 	bl	100044a4 <dcd_int_enable>
10004882:	2001      	movs	r0, #1
10004884:	e8bd 87f0 	ldmia.w	sp!, {r4, r5, r6, r7, r8, r9, sl, pc}
10004888:	20002020 	.word	0x20002020
1000488c:	20002018 	.word	0x20002018
10004890:	20002a72 	.word	0x20002a72
10004894:	20002074 	.word	0x20002074
10004898:	20001588 	.word	0x20001588
1000489c:	20001574 	.word	0x20001574
100048a0:	20002078 	.word	0x20002078
100048a4:	10003d9d 	.word	0x10003d9d
100048a8:	20002a70 	.word	0x20002a70
100048ac:	20001e50 	.word	0x20001e50
100048b0:	20001590 	.word	0x20001590
100048b4:	10009a44 	.word	0x10009a44

100048b8 <tud_task_ext>:
100048b8:	e92d 4ff0 	stmdb	sp!, {r4, r5, r6, r7, r8, r9, sl, fp, lr}
100048bc:	f8df 92c8 	ldr.w	r9, [pc, #712]	@ 10004b88 <tud_task_ext+0x2d0>
100048c0:	b08b      	sub	sp, #44	@ 0x2c
100048c2:	f899 3000 	ldrb.w	r3, [r9]
100048c6:	2bff      	cmp	r3, #255	@ 0xff
100048c8:	f000 80f1 	beq.w	10004aae <tud_task_ext+0x1f6>
100048cc:	4ca8      	ldr	r4, [pc, #672]	@ (10004b70 <tud_task_ext+0x2b8>)
100048ce:	4da9      	ldr	r5, [pc, #676]	@ (10004b74 <tud_task_ext+0x2bc>)
100048d0:	f8df a2b0 	ldr.w	sl, [pc, #688]	@ 10004b84 <tud_task_ext+0x2cc>
100048d4:	f8df b2b4 	ldr.w	fp, [pc, #692]	@ 10004b8c <tud_task_ext+0x2d4>
100048d8:	6826      	ldr	r6, [r4, #0]
100048da:	6973      	ldr	r3, [r6, #20]
100048dc:	f3ef 8210 	mrs	r2, PRIMASK
100048e0:	b672      	cpsid	i
100048e2:	e8d3 0fcf 	ldaexb	r0, [r3]
100048e6:	2101      	movs	r1, #1
100048e8:	2800      	cmp	r0, #0
100048ea:	d1fa      	bne.n	100048e2 <tud_task_ext+0x2a>
100048ec:	e8c3 1f40 	strexb	r0, r1, [r3]
100048f0:	2800      	cmp	r0, #0
100048f2:	d1f6      	bne.n	100048e2 <tud_task_ext+0x2a>
100048f4:	f3bf 8f5f 	dmb	sy
100048f8:	61b2      	str	r2, [r6, #24]
100048fa:	4630      	mov	r0, r6
100048fc:	a907      	add	r1, sp, #28
100048fe:	f001 fb77 	bl	10005ff0 <tu_fifo_read>
10004902:	2300      	movs	r3, #0
10004904:	6972      	ldr	r2, [r6, #20]
10004906:	e8c2 3f8f 	stlb	r3, [r2]
1000490a:	69b3      	ldr	r3, [r6, #24]
1000490c:	f383 8810 	msr	PRIMASK, r3
10004910:	2800      	cmp	r0, #0
10004912:	f000 80cc 	beq.w	10004aae <tud_task_ext+0x1f6>
10004916:	f89d 301d 	ldrb.w	r3, [sp, #29]
1000491a:	3b01      	subs	r3, #1
1000491c:	2b07      	cmp	r3, #7
1000491e:	f200 837d 	bhi.w	1000501c <tud_task_ext+0x764>
10004922:	e8df f003 	tbb	[pc, r3]
10004926:	b1a7      	.short	0xb1a7
10004928:	358e9d95 	.word	0x358e9d95
1000492c:	040a      	.short	0x040a
1000492e:	9b08      	ldr	r3, [sp, #32]
10004930:	2b00      	cmp	r3, #0
10004932:	d0d1      	beq.n	100048d8 <tud_task_ext+0x20>
10004934:	9809      	ldr	r0, [sp, #36]	@ 0x24
10004936:	4798      	blx	r3
10004938:	e7ce      	b.n	100048d8 <tud_task_ext+0x20>
1000493a:	f89d 1020 	ldrb.w	r1, [sp, #32]
1000493e:	f001 067f 	and.w	r6, r1, #127	@ 0x7f
10004942:	eb05 0046 	add.w	r0, r5, r6, lsl #1
10004946:	eb00 10d1 	add.w	r0, r0, r1, lsr #7
1000494a:	f890 3034 	ldrb.w	r3, [r0, #52]	@ 0x34
1000494e:	f023 0301 	bic.w	r3, r3, #1
10004952:	f880 3034 	strb.w	r3, [r0, #52]	@ 0x34
10004956:	f890 3034 	ldrb.w	r3, [r0, #52]	@ 0x34
1000495a:	f023 0304 	bic.w	r3, r3, #4
1000495e:	f880 3034 	strb.w	r3, [r0, #52]	@ 0x34
10004962:	2e00      	cmp	r6, #0
10004964:	f000 80a6 	beq.w	10004ab4 <tud_task_ext+0x1fc>
10004968:	7d03      	ldrb	r3, [r0, #20]
1000496a:	f89a 2000 	ldrb.w	r2, [sl]
1000496e:	4293      	cmp	r3, r2
10004970:	f080 8093 	bcs.w	10004a9a <tud_task_ext+0x1e2>
10004974:	4a80      	ldr	r2, [pc, #512]	@ (10004b78 <tud_task_ext+0x2c0>)
10004976:	6812      	ldr	r2, [r2, #0]
10004978:	eb12 1343 	adds.w	r3, r2, r3, lsl #5
1000497c:	f000 8090 	beq.w	10004aa0 <tud_task_ext+0x1e8>
10004980:	699e      	ldr	r6, [r3, #24]
10004982:	f89d 2021 	ldrb.w	r2, [sp, #33]	@ 0x21
10004986:	9b09      	ldr	r3, [sp, #36]	@ 0x24
10004988:	f89d 001c 	ldrb.w	r0, [sp, #28]
1000498c:	47b0      	blx	r6
1000498e:	e7a3      	b.n	100048d8 <tud_task_ext+0x20>
10004990:	f89b 3000 	ldrb.w	r3, [fp]
10004994:	2b00      	cmp	r3, #0
10004996:	f000 8083 	beq.w	10004aa0 <tud_task_ext+0x1e8>
1000499a:	f89b 3000 	ldrb.w	r3, [fp]
1000499e:	3b01      	subs	r3, #1
100049a0:	b2db      	uxtb	r3, r3
100049a2:	f88b 3000 	strb.w	r3, [fp]
100049a6:	f89b 3000 	ldrb.w	r3, [fp]
100049aa:	f003 00ff 	and.w	r0, r3, #255	@ 0xff
100049ae:	2b00      	cmp	r3, #0
100049b0:	d192      	bne.n	100048d8 <tud_task_ext+0x20>
100049b2:	4f70      	ldr	r7, [pc, #448]	@ (10004b74 <tud_task_ext+0x2bc>)
100049b4:	f89d 801c 	ldrb.w	r8, [sp, #28]
100049b8:	783b      	ldrb	r3, [r7, #0]
100049ba:	f043 0301 	orr.w	r3, r3, #1
100049be:	703b      	strb	r3, [r7, #0]
100049c0:	f897 3034 	ldrb.w	r3, [r7, #52]	@ 0x34
100049c4:	f360 0300 	bfi	r3, r0, #0, #1
100049c8:	f887 3034 	strb.w	r3, [r7, #52]	@ 0x34
100049cc:	f897 3034 	ldrb.w	r3, [r7, #52]	@ 0x34
100049d0:	f360 0382 	bfi	r3, r0, #2, #1
100049d4:	f887 3034 	strb.w	r3, [r7, #52]	@ 0x34
100049d8:	f897 3035 	ldrb.w	r3, [r7, #53]	@ 0x35
100049dc:	f360 0300 	bfi	r3, r0, #0, #1
100049e0:	f887 3035 	strb.w	r3, [r7, #53]	@ 0x35
100049e4:	f897 3035 	ldrb.w	r3, [r7, #53]	@ 0x35
100049e8:	f360 0382 	bfi	r3, r0, #2, #1
100049ec:	f887 3035 	strb.w	r3, [r7, #53]	@ 0x35
100049f0:	f000 fc6c 	bl	100052cc <usbd_control_set_complete_callback>
100049f4:	f89d 3020 	ldrb.w	r3, [sp, #32]
100049f8:	f003 0260 	and.w	r2, r3, #96	@ 0x60
100049fc:	2a60      	cmp	r2, #96	@ 0x60
100049fe:	d06c      	beq.n	10004ada <tud_task_ext+0x222>
10004a00:	2a40      	cmp	r2, #64	@ 0x40
10004a02:	d07c      	beq.n	10004afe <tud_task_ext+0x246>
10004a04:	f003 031f 	and.w	r3, r3, #31
10004a08:	2b01      	cmp	r3, #1
10004a0a:	f000 80c1 	beq.w	10004b90 <tud_task_ext+0x2d8>
10004a0e:	2b02      	cmp	r3, #2
10004a10:	f000 8081 	beq.w	10004b16 <tud_task_ext+0x25e>
10004a14:	2b00      	cmp	r3, #0
10004a16:	d160      	bne.n	10004ada <tud_task_ext+0x222>
10004a18:	2a20      	cmp	r2, #32
10004a1a:	f000 81e9 	beq.w	10004df0 <tud_task_ext+0x538>
10004a1e:	2a00      	cmp	r2, #0
10004a20:	d15b      	bne.n	10004ada <tud_task_ext+0x222>
10004a22:	f89d 3021 	ldrb.w	r3, [sp, #33]	@ 0x21
10004a26:	2b09      	cmp	r3, #9
10004a28:	d857      	bhi.n	10004ada <tud_task_ext+0x222>
10004a2a:	e8df f013 	tbh	[pc, r3, lsl #1]
10004a2e:	01b0      	.short	0x01b0
10004a30:	005601a2 	.word	0x005601a2
10004a34:	005601c1 	.word	0x005601c1
10004a38:	016b0195 	.word	0x016b0195
10004a3c:	01600056 	.word	0x01600056
10004a40:	00f4      	.short	0x00f4
10004a42:	782b      	ldrb	r3, [r5, #0]
10004a44:	07d9      	lsls	r1, r3, #31
10004a46:	f57f af47 	bpl.w	100048d8 <tud_task_ext+0x20>
10004a4a:	f7ff fea9 	bl	100047a0 <tud_resume_cb>
10004a4e:	e743      	b.n	100048d8 <tud_task_ext+0x20>
10004a50:	78eb      	ldrb	r3, [r5, #3]
10004a52:	07da      	lsls	r2, r3, #31
10004a54:	f57f af40 	bpl.w	100048d8 <tud_task_ext+0x20>
10004a58:	9808      	ldr	r0, [sp, #32]
10004a5a:	f7ff fe95 	bl	10004788 <tud_sof_cb>
10004a5e:	e73b      	b.n	100048d8 <tud_task_ext+0x20>
10004a60:	782b      	ldrb	r3, [r5, #0]
10004a62:	07d8      	lsls	r0, r3, #31
10004a64:	f57f af38 	bpl.w	100048d8 <tud_task_ext+0x20>
10004a68:	7828      	ldrb	r0, [r5, #0]
10004a6a:	f3c0 00c0 	ubfx	r0, r0, #3, #1
10004a6e:	f7ff fe95 	bl	1000479c <tud_suspend_cb>
10004a72:	e731      	b.n	100048d8 <tud_task_ext+0x20>
10004a74:	f89d 001c 	ldrb.w	r0, [sp, #28]
10004a78:	f7ff fe3e 	bl	100046f8 <configuration_reset>
10004a7c:	f000 fc1c 	bl	100052b8 <usbd_control_reset>
10004a80:	f89d 3020 	ldrb.w	r3, [sp, #32]
10004a84:	70ab      	strb	r3, [r5, #2]
10004a86:	e727      	b.n	100048d8 <tud_task_ext+0x20>
10004a88:	f89d 001c 	ldrb.w	r0, [sp, #28]
10004a8c:	f7ff fe34 	bl	100046f8 <configuration_reset>
10004a90:	f000 fc12 	bl	100052b8 <usbd_control_reset>
10004a94:	f7ff fe80 	bl	10004798 <tud_umount_cb>
10004a98:	e71e      	b.n	100048d8 <tud_task_ext+0x20>
10004a9a:	1c50      	adds	r0, r2, #1
10004a9c:	4298      	cmp	r0, r3
10004a9e:	da11      	bge.n	10004ac4 <tud_task_ext+0x20c>
10004aa0:	f04f 23e0 	mov.w	r3, #3758153728	@ 0xe000e000
10004aa4:	f8d3 3df0 	ldr.w	r3, [r3, #3568]	@ 0xdf0
10004aa8:	07dc      	lsls	r4, r3, #31
10004aaa:	d500      	bpl.n	10004aae <tud_task_ext+0x1f6>
10004aac:	be00      	bkpt	0x0000
10004aae:	b00b      	add	sp, #44	@ 0x2c
10004ab0:	e8bd 8ff0 	ldmia.w	sp!, {r4, r5, r6, r7, r8, r9, sl, fp, pc}
10004ab4:	9b09      	ldr	r3, [sp, #36]	@ 0x24
10004ab6:	f89d 2021 	ldrb.w	r2, [sp, #33]	@ 0x21
10004aba:	f89d 001c 	ldrb.w	r0, [sp, #28]
10004abe:	f000 fc19 	bl	100052f4 <usbd_control_xfer_cb>
10004ac2:	e709      	b.n	100048d8 <tud_task_ext+0x20>
10004ac4:	1a9b      	subs	r3, r3, r2
10004ac6:	4a2d      	ldr	r2, [pc, #180]	@ (10004b7c <tud_task_ext+0x2c4>)
10004ac8:	eb02 1343 	add.w	r3, r2, r3, lsl #5
10004acc:	e758      	b.n	10004980 <tud_task_ext+0xc8>
10004ace:	f7ff fb8d 	bl	100041ec <tud_descriptor_configuration_cb>
10004ad2:	4602      	mov	r2, r0
10004ad4:	2800      	cmp	r0, #0
10004ad6:	f040 8182 	bne.w	10004dde <tud_task_ext+0x526>
10004ada:	f04f 23e0 	mov.w	r3, #3758153728	@ 0xe000e000
10004ade:	f8d3 3df0 	ldr.w	r3, [r3, #3568]	@ 0xdf0
10004ae2:	07de      	lsls	r6, r3, #31
10004ae4:	d500      	bpl.n	10004ae8 <tud_task_ext+0x230>
10004ae6:	be00      	bkpt	0x0000
10004ae8:	f89d 001c 	ldrb.w	r0, [sp, #28]
10004aec:	2100      	movs	r1, #0
10004aee:	f7ff fd99 	bl	10004624 <dcd_edpt_stall>
10004af2:	2180      	movs	r1, #128	@ 0x80
10004af4:	f89d 001c 	ldrb.w	r0, [sp, #28]
10004af8:	f7ff fd94 	bl	10004624 <dcd_edpt_stall>
10004afc:	e6ec      	b.n	100048d8 <tud_task_ext+0x20>
10004afe:	4820      	ldr	r0, [pc, #128]	@ (10004b80 <tud_task_ext+0x2c8>)
10004b00:	f000 fbe4 	bl	100052cc <usbd_control_set_complete_callback>
10004b04:	2101      	movs	r1, #1
10004b06:	4640      	mov	r0, r8
10004b08:	aa08      	add	r2, sp, #32
10004b0a:	f7ff f933 	bl	10003d74 <tud_vendor_control_xfer_cb>
10004b0e:	2800      	cmp	r0, #0
10004b10:	f47f aee2 	bne.w	100048d8 <tud_task_ext+0x20>
10004b14:	e7e8      	b.n	10004ae8 <tud_task_ext+0x230>
10004b16:	f89d 1024 	ldrb.w	r1, [sp, #36]	@ 0x24
10004b1a:	f011 0f70 	tst.w	r1, #112	@ 0x70
10004b1e:	d1dc      	bne.n	10004ada <tud_task_ext+0x222>
10004b20:	f001 067f 	and.w	r6, r1, #127	@ 0x7f
10004b24:	eb07 0046 	add.w	r0, r7, r6, lsl #1
10004b28:	4b16      	ldr	r3, [pc, #88]	@ (10004b84 <tud_task_ext+0x2cc>)
10004b2a:	eb00 10d1 	add.w	r0, r0, r1, lsr #7
10004b2e:	781b      	ldrb	r3, [r3, #0]
10004b30:	7d00      	ldrb	r0, [r0, #20]
10004b32:	0076      	lsls	r6, r6, #1
10004b34:	9601      	str	r6, [sp, #4]
10004b36:	4298      	cmp	r0, r3
10004b38:	ea4f 16d1 	mov.w	r6, r1, lsr #7
10004b3c:	9600      	str	r6, [sp, #0]
10004b3e:	d359      	bcc.n	10004bf4 <tud_task_ext+0x33c>
10004b40:	1c5e      	adds	r6, r3, #1
10004b42:	4286      	cmp	r6, r0
10004b44:	f2c0 8166 	blt.w	10004e14 <tud_task_ext+0x55c>
10004b48:	1ac0      	subs	r0, r0, r3
10004b4a:	4b0c      	ldr	r3, [pc, #48]	@ (10004b7c <tud_task_ext+0x2c4>)
10004b4c:	eb03 1640 	add.w	r6, r3, r0, lsl #5
10004b50:	2a00      	cmp	r2, #0
10004b52:	f000 8163 	beq.w	10004e1c <tud_task_ext+0x564>
10004b56:	6970      	ldr	r0, [r6, #20]
10004b58:	f000 fbb8 	bl	100052cc <usbd_control_set_complete_callback>
10004b5c:	2101      	movs	r1, #1
10004b5e:	4640      	mov	r0, r8
10004b60:	6973      	ldr	r3, [r6, #20]
10004b62:	aa08      	add	r2, sp, #32
10004b64:	4798      	blx	r3
10004b66:	2800      	cmp	r0, #0
10004b68:	f47f aeb6 	bne.w	100048d8 <tud_task_ext+0x20>
10004b6c:	e7bc      	b.n	10004ae8 <tud_task_ext+0x230>
10004b6e:	bf00      	nop
10004b70:	20002078 	.word	0x20002078
10004b74:	20002020 	.word	0x20002020
10004b78:	20001e50 	.word	0x20001e50
10004b7c:	10009a44 	.word	0x10009a44
10004b80:	10003d75 	.word	0x10003d75
10004b84:	20002a70 	.word	0x20002a70
10004b88:	20001590 	.word	0x20001590
10004b8c:	20002a72 	.word	0x20002a72
10004b90:	f89d 3024 	ldrb.w	r3, [sp, #36]	@ 0x24
10004b94:	2b0f      	cmp	r3, #15
10004b96:	d8a7      	bhi.n	10004ae8 <tud_task_ext+0x230>
10004b98:	4aae      	ldr	r2, [pc, #696]	@ (10004e54 <tud_task_ext+0x59c>)
10004b9a:	443b      	add	r3, r7
10004b9c:	791b      	ldrb	r3, [r3, #4]
10004b9e:	7812      	ldrb	r2, [r2, #0]
10004ba0:	4293      	cmp	r3, r2
10004ba2:	d332      	bcc.n	10004c0a <tud_task_ext+0x352>
10004ba4:	1c51      	adds	r1, r2, #1
10004ba6:	4299      	cmp	r1, r3
10004ba8:	db9e      	blt.n	10004ae8 <tud_task_ext+0x230>
10004baa:	4eab      	ldr	r6, [pc, #684]	@ (10004e58 <tud_task_ext+0x5a0>)
10004bac:	1a9b      	subs	r3, r3, r2
10004bae:	eb06 1643 	add.w	r6, r6, r3, lsl #5
10004bb2:	6970      	ldr	r0, [r6, #20]
10004bb4:	f000 fb8a 	bl	100052cc <usbd_control_set_complete_callback>
10004bb8:	2101      	movs	r1, #1
10004bba:	4640      	mov	r0, r8
10004bbc:	6973      	ldr	r3, [r6, #20]
10004bbe:	aa08      	add	r2, sp, #32
10004bc0:	4798      	blx	r3
10004bc2:	2800      	cmp	r0, #0
10004bc4:	f47f ae88 	bne.w	100048d8 <tud_task_ext+0x20>
10004bc8:	f89d 3020 	ldrb.w	r3, [sp, #32]
10004bcc:	f013 0660 	ands.w	r6, r3, #96	@ 0x60
10004bd0:	d18a      	bne.n	10004ae8 <tud_task_ext+0x230>
10004bd2:	f89d 3021 	ldrb.w	r3, [sp, #33]	@ 0x21
10004bd6:	3b0a      	subs	r3, #10
10004bd8:	2b01      	cmp	r3, #1
10004bda:	d885      	bhi.n	10004ae8 <tud_task_ext+0x230>
10004bdc:	f000 fb76 	bl	100052cc <usbd_control_set_complete_callback>
10004be0:	f89d 3021 	ldrb.w	r3, [sp, #33]	@ 0x21
10004be4:	2b0a      	cmp	r3, #10
10004be6:	f000 81f2 	beq.w	10004fce <tud_task_ext+0x716>
10004bea:	4640      	mov	r0, r8
10004bec:	a908      	add	r1, sp, #32
10004bee:	f000 faf1 	bl	100051d4 <tud_control_status>
10004bf2:	e671      	b.n	100048d8 <tud_task_ext+0x20>
10004bf4:	4b99      	ldr	r3, [pc, #612]	@ (10004e5c <tud_task_ext+0x5a4>)
10004bf6:	681b      	ldr	r3, [r3, #0]
10004bf8:	eb03 1640 	add.w	r6, r3, r0, lsl #5
10004bfc:	2a00      	cmp	r2, #0
10004bfe:	f000 810d 	beq.w	10004e1c <tud_task_ext+0x564>
10004c02:	2e00      	cmp	r6, #0
10004c04:	f43f af70 	beq.w	10004ae8 <tud_task_ext+0x230>
10004c08:	e7a5      	b.n	10004b56 <tud_task_ext+0x29e>
10004c0a:	4a94      	ldr	r2, [pc, #592]	@ (10004e5c <tud_task_ext+0x5a4>)
10004c0c:	6816      	ldr	r6, [r2, #0]
10004c0e:	eb16 1643 	adds.w	r6, r6, r3, lsl #5
10004c12:	d1ce      	bne.n	10004bb2 <tud_task_ext+0x2fa>
10004c14:	e768      	b.n	10004ae8 <tud_task_ext+0x230>
10004c16:	787b      	ldrb	r3, [r7, #1]
10004c18:	f89d 6022 	ldrb.w	r6, [sp, #34]	@ 0x22
10004c1c:	429e      	cmp	r6, r3
10004c1e:	f000 814f 	beq.w	10004ec0 <tud_task_ext+0x608>
10004c22:	787b      	ldrb	r3, [r7, #1]
10004c24:	2b00      	cmp	r3, #0
10004c26:	f040 81be 	bne.w	10004fa6 <tud_task_ext+0x6ee>
10004c2a:	707e      	strb	r6, [r7, #1]
10004c2c:	2e00      	cmp	r6, #0
10004c2e:	f000 8145 	beq.w	10004ebc <tud_task_ext+0x604>
10004c32:	1e70      	subs	r0, r6, #1
10004c34:	b2c0      	uxtb	r0, r0
10004c36:	f7ff fad9 	bl	100041ec <tud_descriptor_configuration_cb>
10004c3a:	4603      	mov	r3, r0
10004c3c:	2800      	cmp	r0, #0
10004c3e:	f000 815f 	beq.w	10004f00 <tud_task_ext+0x648>
10004c42:	7842      	ldrb	r2, [r0, #1]
10004c44:	2a02      	cmp	r2, #2
10004c46:	f040 815b 	bne.w	10004f00 <tud_task_ext+0x648>
10004c4a:	79c1      	ldrb	r1, [r0, #7]
10004c4c:	f103 0609 	add.w	r6, r3, #9
10004c50:	f3c1 1240 	ubfx	r2, r1, #5, #1
10004c54:	0112      	lsls	r2, r2, #4
10004c56:	f3c1 1180 	ubfx	r1, r1, #6, #1
10004c5a:	ea42 1241 	orr.w	r2, r2, r1, lsl #5
10004c5e:	4631      	mov	r1, r6
10004c60:	7838      	ldrb	r0, [r7, #0]
10004c62:	f020 0030 	bic.w	r0, r0, #48	@ 0x30
10004c66:	4302      	orrs	r2, r0
10004c68:	703a      	strb	r2, [r7, #0]
10004c6a:	885a      	ldrh	r2, [r3, #2]
10004c6c:	f8cd 800c 	str.w	r8, [sp, #12]
10004c70:	189a      	adds	r2, r3, r2
10004c72:	9201      	str	r2, [sp, #4]
10004c74:	9b01      	ldr	r3, [sp, #4]
10004c76:	428b      	cmp	r3, r1
10004c78:	f240 81a4 	bls.w	10004fc4 <tud_task_ext+0x70c>
10004c7c:	784a      	ldrb	r2, [r1, #1]
10004c7e:	2a0b      	cmp	r2, #11
10004c80:	f000 81af 	beq.w	10004fe2 <tud_task_ext+0x72a>
10004c84:	2301      	movs	r3, #1
10004c86:	2a04      	cmp	r2, #4
10004c88:	f040 813a 	bne.w	10004f00 <tud_task_ext+0x648>
10004c8c:	2600      	movs	r6, #0
10004c8e:	9a01      	ldr	r2, [sp, #4]
10004c90:	9600      	str	r6, [sp, #0]
10004c92:	1a52      	subs	r2, r2, r1
10004c94:	b292      	uxth	r2, r2
10004c96:	9202      	str	r2, [sp, #8]
10004c98:	4a6e      	ldr	r2, [pc, #440]	@ (10004e54 <tud_task_ext+0x59c>)
10004c9a:	9304      	str	r3, [sp, #16]
10004c9c:	7812      	ldrb	r2, [r2, #0]
10004c9e:	e01d      	b.n	10004cdc <tud_task_ext+0x424>
10004ca0:	4b6e      	ldr	r3, [pc, #440]	@ (10004e5c <tud_task_ext+0x5a4>)
10004ca2:	681b      	ldr	r3, [r3, #0]
10004ca4:	eb13 1846 	adds.w	r8, r3, r6, lsl #5
10004ca8:	f000 812a 	beq.w	10004f00 <tud_task_ext+0x648>
10004cac:	9a02      	ldr	r2, [sp, #8]
10004cae:	f8d8 3010 	ldr.w	r3, [r8, #16]
10004cb2:	9803      	ldr	r0, [sp, #12]
10004cb4:	9105      	str	r1, [sp, #20]
10004cb6:	4798      	blx	r3
10004cb8:	2808      	cmp	r0, #8
10004cba:	4602      	mov	r2, r0
10004cbc:	9905      	ldr	r1, [sp, #20]
10004cbe:	f106 0301 	add.w	r3, r6, #1
10004cc2:	d903      	bls.n	10004ccc <tud_task_ext+0x414>
10004cc4:	9802      	ldr	r0, [sp, #8]
10004cc6:	4290      	cmp	r0, r2
10004cc8:	f080 80ff 	bcs.w	10004eca <tud_task_ext+0x612>
10004ccc:	b2de      	uxtb	r6, r3
10004cce:	4b61      	ldr	r3, [pc, #388]	@ (10004e54 <tud_task_ext+0x59c>)
10004cd0:	9600      	str	r6, [sp, #0]
10004cd2:	781a      	ldrb	r2, [r3, #0]
10004cd4:	1c53      	adds	r3, r2, #1
10004cd6:	429e      	cmp	r6, r3
10004cd8:	f300 8112 	bgt.w	10004f00 <tud_task_ext+0x648>
10004cdc:	9b00      	ldr	r3, [sp, #0]
10004cde:	42b2      	cmp	r2, r6
10004ce0:	eba3 0202 	sub.w	r2, r3, r2
10004ce4:	d8dc      	bhi.n	10004ca0 <tud_task_ext+0x3e8>
10004ce6:	4b5c      	ldr	r3, [pc, #368]	@ (10004e58 <tud_task_ext+0x5a0>)
10004ce8:	eb03 1842 	add.w	r8, r3, r2, lsl #5
10004cec:	e7de      	b.n	10004cac <tud_task_ext+0x3f4>
10004cee:	787b      	ldrb	r3, [r7, #1]
10004cf0:	4640      	mov	r0, r8
10004cf2:	f88d 301a 	strb.w	r3, [sp, #26]
10004cf6:	f10d 021a 	add.w	r2, sp, #26
10004cfa:	2301      	movs	r3, #1
10004cfc:	a908      	add	r1, sp, #32
10004cfe:	f000 fa83 	bl	10005208 <tud_control_xfer>
10004d02:	e5e9      	b.n	100048d8 <tud_task_ext+0x20>
10004d04:	f8bd 0022 	ldrh.w	r0, [sp, #34]	@ 0x22
10004d08:	0a03      	lsrs	r3, r0, #8
10004d0a:	3b01      	subs	r3, #1
10004d0c:	0a02      	lsrs	r2, r0, #8
10004d0e:	b2c0      	uxtb	r0, r0
10004d10:	2b0e      	cmp	r3, #14
10004d12:	f63f aee9 	bhi.w	10004ae8 <tud_task_ext+0x230>
10004d16:	a101      	add	r1, pc, #4	@ (adr r1, 10004d1c <tud_task_ext+0x464>)
10004d18:	f851 f023 	ldr.w	pc, [r1, r3, lsl #2]
10004d1c:	10004f31 	.word	0x10004f31
10004d20:	10004dcd 	.word	0x10004dcd
10004d24:	10004f6d 	.word	0x10004f6d
10004d28:	10004ae9 	.word	0x10004ae9
10004d2c:	10004ae9 	.word	0x10004ae9
10004d30:	10004f4f 	.word	0x10004f4f
10004d34:	10004dcd 	.word	0x10004dcd
10004d38:	10004ae9 	.word	0x10004ae9
10004d3c:	10004ae9 	.word	0x10004ae9
10004d40:	10004ae9 	.word	0x10004ae9
10004d44:	10004ae9 	.word	0x10004ae9
10004d48:	10004ae9 	.word	0x10004ae9
10004d4c:	10004ae9 	.word	0x10004ae9
10004d50:	10004ae9 	.word	0x10004ae9
10004d54:	10004f23 	.word	0x10004f23
10004d58:	a808      	add	r0, sp, #32
10004d5a:	f000 fabd 	bl	100052d8 <usbd_control_set_request>
10004d5e:	4640      	mov	r0, r8
10004d60:	f89d 1022 	ldrb.w	r1, [sp, #34]	@ 0x22
10004d64:	f7ff fba2 	bl	100044ac <dcd_set_address>
10004d68:	783b      	ldrb	r3, [r7, #0]
10004d6a:	f043 0302 	orr.w	r3, r3, #2
10004d6e:	703b      	strb	r3, [r7, #0]
10004d70:	e5b2      	b.n	100048d8 <tud_task_ext+0x20>
10004d72:	f8bd 3022 	ldrh.w	r3, [sp, #34]	@ 0x22
10004d76:	2b01      	cmp	r3, #1
10004d78:	f47f aeb6 	bne.w	10004ae8 <tud_task_ext+0x230>
10004d7c:	783b      	ldrb	r3, [r7, #0]
10004d7e:	4640      	mov	r0, r8
10004d80:	f023 0308 	bic.w	r3, r3, #8
10004d84:	a908      	add	r1, sp, #32
10004d86:	703b      	strb	r3, [r7, #0]
10004d88:	f000 fa24 	bl	100051d4 <tud_control_status>
10004d8c:	e5a4      	b.n	100048d8 <tud_task_ext+0x20>
10004d8e:	4640      	mov	r0, r8
10004d90:	783b      	ldrb	r3, [r7, #0]
10004d92:	089a      	lsrs	r2, r3, #2
10004d94:	f002 0202 	and.w	r2, r2, #2
10004d98:	f3c3 1340 	ubfx	r3, r3, #5, #1
10004d9c:	4313      	orrs	r3, r2
10004d9e:	f8ad 301a 	strh.w	r3, [sp, #26]
10004da2:	f10d 021a 	add.w	r2, sp, #26
10004da6:	2302      	movs	r3, #2
10004da8:	a908      	add	r1, sp, #32
10004daa:	f000 fa2d 	bl	10005208 <tud_control_xfer>
10004dae:	e593      	b.n	100048d8 <tud_task_ext+0x20>
10004db0:	f8bd 3022 	ldrh.w	r3, [sp, #34]	@ 0x22
10004db4:	2b01      	cmp	r3, #1
10004db6:	f47f ae97 	bne.w	10004ae8 <tud_task_ext+0x230>
10004dba:	783b      	ldrb	r3, [r7, #0]
10004dbc:	4640      	mov	r0, r8
10004dbe:	f043 0308 	orr.w	r3, r3, #8
10004dc2:	a908      	add	r1, sp, #32
10004dc4:	703b      	strb	r3, [r7, #0]
10004dc6:	f000 fa05 	bl	100051d4 <tud_control_status>
10004dca:	e585      	b.n	100048d8 <tud_task_ext+0x20>
10004dcc:	2a02      	cmp	r2, #2
10004dce:	f43f ae7e 	beq.w	10004ace <tud_task_ext+0x216>
10004dd2:	f7ff fcdd 	bl	10004790 <tud_descriptor_other_speed_configuration_cb>
10004dd6:	4602      	mov	r2, r0
10004dd8:	2800      	cmp	r0, #0
10004dda:	f43f ae85 	beq.w	10004ae8 <tud_task_ext+0x230>
10004dde:	4640      	mov	r0, r8
10004de0:	8853      	ldrh	r3, [r2, #2]
10004de2:	a908      	add	r1, sp, #32
10004de4:	f000 fa10 	bl	10005208 <tud_control_xfer>
10004de8:	2800      	cmp	r0, #0
10004dea:	f47f ad75 	bne.w	100048d8 <tud_task_ext+0x20>
10004dee:	e67b      	b.n	10004ae8 <tud_task_ext+0x230>
10004df0:	f89d 3024 	ldrb.w	r3, [sp, #36]	@ 0x24
10004df4:	2b0f      	cmp	r3, #15
10004df6:	f63f ae77 	bhi.w	10004ae8 <tud_task_ext+0x230>
10004dfa:	4a16      	ldr	r2, [pc, #88]	@ (10004e54 <tud_task_ext+0x59c>)
10004dfc:	443b      	add	r3, r7
10004dfe:	791b      	ldrb	r3, [r3, #4]
10004e00:	7812      	ldrb	r2, [r2, #0]
10004e02:	4293      	cmp	r3, r2
10004e04:	d21d      	bcs.n	10004e42 <tud_task_ext+0x58a>
10004e06:	4a15      	ldr	r2, [pc, #84]	@ (10004e5c <tud_task_ext+0x5a4>)
10004e08:	6816      	ldr	r6, [r2, #0]
10004e0a:	eb16 1643 	adds.w	r6, r6, r3, lsl #5
10004e0e:	f47f aea2 	bne.w	10004b56 <tud_task_ext+0x29e>
10004e12:	e669      	b.n	10004ae8 <tud_task_ext+0x230>
10004e14:	2a00      	cmp	r2, #0
10004e16:	f47f ae67 	bne.w	10004ae8 <tud_task_ext+0x230>
10004e1a:	2600      	movs	r6, #0
10004e1c:	f89d 2021 	ldrb.w	r2, [sp, #33]	@ 0x21
10004e20:	f002 03fd 	and.w	r3, r2, #253	@ 0xfd
10004e24:	2b01      	cmp	r3, #1
10004e26:	d01b      	beq.n	10004e60 <tud_task_ext+0x5a8>
10004e28:	2a00      	cmp	r2, #0
10004e2a:	f47f ae56 	bne.w	10004ada <tud_task_ext+0x222>
10004e2e:	9b01      	ldr	r3, [sp, #4]
10004e30:	9a00      	ldr	r2, [sp, #0]
10004e32:	443b      	add	r3, r7
10004e34:	4413      	add	r3, r2
10004e36:	f893 3034 	ldrb.w	r3, [r3, #52]	@ 0x34
10004e3a:	4640      	mov	r0, r8
10004e3c:	f3c3 0340 	ubfx	r3, r3, #1, #1
10004e40:	e7ad      	b.n	10004d9e <tud_task_ext+0x4e6>
10004e42:	1c51      	adds	r1, r2, #1
10004e44:	4299      	cmp	r1, r3
10004e46:	f6ff ae4f 	blt.w	10004ae8 <tud_task_ext+0x230>
10004e4a:	4e03      	ldr	r6, [pc, #12]	@ (10004e58 <tud_task_ext+0x5a0>)
10004e4c:	1a9b      	subs	r3, r3, r2
10004e4e:	eb06 1643 	add.w	r6, r6, r3, lsl #5
10004e52:	e680      	b.n	10004b56 <tud_task_ext+0x29e>
10004e54:	20002a70 	.word	0x20002a70
10004e58:	10009a44 	.word	0x10009a44
10004e5c:	20001e50 	.word	0x20001e50
10004e60:	f8bd 3022 	ldrh.w	r3, [sp, #34]	@ 0x22
10004e64:	b9b3      	cbnz	r3, 10004e94 <tud_task_ext+0x5dc>
10004e66:	2a01      	cmp	r2, #1
10004e68:	f899 0000 	ldrb.w	r0, [r9]
10004e6c:	f000 8086 	beq.w	10004f7c <tud_task_ext+0x6c4>
10004e70:	f7ff fbd8 	bl	10004624 <dcd_edpt_stall>
10004e74:	9b01      	ldr	r3, [sp, #4]
10004e76:	9a00      	ldr	r2, [sp, #0]
10004e78:	443b      	add	r3, r7
10004e7a:	4413      	add	r3, r2
10004e7c:	f893 2034 	ldrb.w	r2, [r3, #52]	@ 0x34
10004e80:	f042 0202 	orr.w	r2, r2, #2
10004e84:	f883 2034 	strb.w	r2, [r3, #52]	@ 0x34
10004e88:	f893 2034 	ldrb.w	r2, [r3, #52]	@ 0x34
10004e8c:	f042 0201 	orr.w	r2, r2, #1
10004e90:	f883 2034 	strb.w	r2, [r3, #52]	@ 0x34
10004e94:	2e00      	cmp	r6, #0
10004e96:	f43f ad1f 	beq.w	100048d8 <tud_task_ext+0x20>
10004e9a:	6970      	ldr	r0, [r6, #20]
10004e9c:	f000 fa16 	bl	100052cc <usbd_control_set_complete_callback>
10004ea0:	6973      	ldr	r3, [r6, #20]
10004ea2:	2101      	movs	r1, #1
10004ea4:	aa08      	add	r2, sp, #32
10004ea6:	4640      	mov	r0, r8
10004ea8:	4798      	blx	r3
10004eaa:	2000      	movs	r0, #0
10004eac:	f000 fa0e 	bl	100052cc <usbd_control_set_complete_callback>
10004eb0:	f897 3035 	ldrb.w	r3, [r7, #53]	@ 0x35
10004eb4:	07df      	lsls	r7, r3, #31
10004eb6:	f53f ad0f 	bmi.w	100048d8 <tud_task_ext+0x20>
10004eba:	e696      	b.n	10004bea <tud_task_ext+0x332>
10004ebc:	f7ff fc6c 	bl	10004798 <tud_umount_cb>
10004ec0:	4640      	mov	r0, r8
10004ec2:	a908      	add	r1, sp, #32
10004ec4:	f000 f986 	bl	100051d4 <tud_control_status>
10004ec8:	e506      	b.n	100048d8 <tud_task_ext+0x20>
10004eca:	9b04      	ldr	r3, [sp, #16]
10004ecc:	2b01      	cmp	r3, #1
10004ece:	f000 809e 	beq.w	1000500e <tud_task_ext+0x756>
10004ed2:	2b00      	cmp	r3, #0
10004ed4:	f000 808a 	beq.w	10004fec <tud_task_ext+0x734>
10004ed8:	2000      	movs	r0, #0
10004eda:	f891 8002 	ldrb.w	r8, [r1, #2]
10004ede:	e005      	b.n	10004eec <tud_task_ext+0x634>
10004ee0:	f88c 6004 	strb.w	r6, [ip, #4]
10004ee4:	fa5f fc80 	uxtb.w	ip, r0
10004ee8:	4563      	cmp	r3, ip
10004eea:	d97f      	bls.n	10004fec <tud_task_ext+0x734>
10004eec:	eb08 0c00 	add.w	ip, r8, r0
10004ef0:	fa57 fc8c 	uxtab	ip, r7, ip
10004ef4:	f89c e004 	ldrb.w	lr, [ip, #4]
10004ef8:	3001      	adds	r0, #1
10004efa:	f1be 0fff 	cmp.w	lr, #255	@ 0xff
10004efe:	d0ef      	beq.n	10004ee0 <tud_task_ext+0x628>
10004f00:	f04f 23e0 	mov.w	r3, #3758153728	@ 0xe000e000
10004f04:	f8d3 3df0 	ldr.w	r3, [r3, #3568]	@ 0xdf0
10004f08:	07da      	lsls	r2, r3, #31
10004f0a:	d500      	bpl.n	10004f0e <tud_task_ext+0x656>
10004f0c:	be00      	bkpt	0x0000
10004f0e:	f04f 23e0 	mov.w	r3, #3758153728	@ 0xe000e000
10004f12:	f8d3 3df0 	ldr.w	r3, [r3, #3568]	@ 0xdf0
10004f16:	07db      	lsls	r3, r3, #31
10004f18:	d500      	bpl.n	10004f1c <tud_task_ext+0x664>
10004f1a:	be00      	bkpt	0x0000
10004f1c:	2300      	movs	r3, #0
10004f1e:	707b      	strb	r3, [r7, #1]
10004f20:	e5e2      	b.n	10004ae8 <tud_task_ext+0x230>
10004f22:	f7fe ff23 	bl	10003d6c <tud_descriptor_bos_cb>
10004f26:	4602      	mov	r2, r0
10004f28:	2800      	cmp	r0, #0
10004f2a:	f47f af58 	bne.w	10004dde <tud_task_ext+0x526>
10004f2e:	e5db      	b.n	10004ae8 <tud_task_ext+0x230>
10004f30:	f7ff f958 	bl	100041e4 <tud_descriptor_device_cb>
10004f34:	4602      	mov	r2, r0
10004f36:	2800      	cmp	r0, #0
10004f38:	f43f adcf 	beq.w	10004ada <tud_task_ext+0x222>
10004f3c:	4640      	mov	r0, r8
10004f3e:	2312      	movs	r3, #18
10004f40:	a908      	add	r1, sp, #32
10004f42:	f000 f961 	bl	10005208 <tud_control_xfer>
10004f46:	2800      	cmp	r0, #0
10004f48:	f47f acc6 	bne.w	100048d8 <tud_task_ext+0x20>
10004f4c:	e5cc      	b.n	10004ae8 <tud_task_ext+0x230>
10004f4e:	f7ff fc1d 	bl	1000478c <tud_descriptor_device_qualifier_cb>
10004f52:	4602      	mov	r2, r0
10004f54:	2800      	cmp	r0, #0
10004f56:	f43f adc7 	beq.w	10004ae8 <tud_task_ext+0x230>
10004f5a:	4640      	mov	r0, r8
10004f5c:	7813      	ldrb	r3, [r2, #0]
10004f5e:	a908      	add	r1, sp, #32
10004f60:	f000 f952 	bl	10005208 <tud_control_xfer>
10004f64:	2800      	cmp	r0, #0
10004f66:	f47f acb7 	bne.w	100048d8 <tud_task_ext+0x20>
10004f6a:	e5bd      	b.n	10004ae8 <tud_task_ext+0x230>
10004f6c:	f8bd 1024 	ldrh.w	r1, [sp, #36]	@ 0x24
10004f70:	f7ff f940 	bl	100041f4 <tud_descriptor_string_cb>
10004f74:	4602      	mov	r2, r0
10004f76:	2800      	cmp	r0, #0
10004f78:	d1ef      	bne.n	10004f5a <tud_task_ext+0x6a2>
10004f7a:	e5b5      	b.n	10004ae8 <tud_task_ext+0x230>
10004f7c:	9302      	str	r3, [sp, #8]
10004f7e:	f7ff fb69 	bl	10004654 <dcd_edpt_clear_stall>
10004f82:	9a01      	ldr	r2, [sp, #4]
10004f84:	9b00      	ldr	r3, [sp, #0]
10004f86:	443a      	add	r2, r7
10004f88:	441a      	add	r2, r3
10004f8a:	f892 1034 	ldrb.w	r1, [r2, #52]	@ 0x34
10004f8e:	9b02      	ldr	r3, [sp, #8]
10004f90:	f363 0141 	bfi	r1, r3, #1, #1
10004f94:	f882 1034 	strb.w	r1, [r2, #52]	@ 0x34
10004f98:	f892 1034 	ldrb.w	r1, [r2, #52]	@ 0x34
10004f9c:	f363 0100 	bfi	r1, r3, #0, #1
10004fa0:	f882 1034 	strb.w	r1, [r2, #52]	@ 0x34
10004fa4:	e776      	b.n	10004e94 <tud_task_ext+0x5dc>
10004fa6:	2100      	movs	r1, #0
10004fa8:	4640      	mov	r0, r8
10004faa:	f7ff fa87 	bl	100044bc <dcd_sof_enable>
10004fae:	4640      	mov	r0, r8
10004fb0:	f7ff fb22 	bl	100045f8 <dcd_edpt_close_all>
10004fb4:	78bb      	ldrb	r3, [r7, #2]
10004fb6:	4640      	mov	r0, r8
10004fb8:	9300      	str	r3, [sp, #0]
10004fba:	f7ff fb9d 	bl	100046f8 <configuration_reset>
10004fbe:	9b00      	ldr	r3, [sp, #0]
10004fc0:	70bb      	strb	r3, [r7, #2]
10004fc2:	e632      	b.n	10004c2a <tud_task_ext+0x372>
10004fc4:	f8dd 800c 	ldr.w	r8, [sp, #12]
10004fc8:	f7ff fbe4 	bl	10004794 <tud_mount_cb>
10004fcc:	e778      	b.n	10004ec0 <tud_task_ext+0x608>
10004fce:	4640      	mov	r0, r8
10004fd0:	2301      	movs	r3, #1
10004fd2:	a908      	add	r1, sp, #32
10004fd4:	f10d 021a 	add.w	r2, sp, #26
10004fd8:	f88d 601a 	strb.w	r6, [sp, #26]
10004fdc:	f000 f914 	bl	10005208 <tud_control_xfer>
10004fe0:	e47a      	b.n	100048d8 <tud_task_ext+0x20>
10004fe2:	780a      	ldrb	r2, [r1, #0]
10004fe4:	78cb      	ldrb	r3, [r1, #3]
10004fe6:	4411      	add	r1, r2
10004fe8:	784a      	ldrb	r2, [r1, #1]
10004fea:	e64c      	b.n	10004c86 <tud_task_ext+0x3ce>
10004fec:	4633      	mov	r3, r6
10004fee:	4810      	ldr	r0, [pc, #64]	@ (10005030 <tud_task_ext+0x778>)
10004ff0:	9204      	str	r2, [sp, #16]
10004ff2:	9102      	str	r1, [sp, #8]
10004ff4:	f000 fe76 	bl	10005ce4 <tu_edpt_bind_driver>
10004ff8:	4b0e      	ldr	r3, [pc, #56]	@ (10005034 <tud_task_ext+0x77c>)
10004ffa:	9a04      	ldr	r2, [sp, #16]
10004ffc:	9902      	ldr	r1, [sp, #8]
10004ffe:	781b      	ldrb	r3, [r3, #0]
10005000:	4411      	add	r1, r2
10005002:	9a00      	ldr	r2, [sp, #0]
10005004:	3301      	adds	r3, #1
10005006:	4293      	cmp	r3, r2
10005008:	f6bf ae34 	bge.w	10004c74 <tud_task_ext+0x3bc>
1000500c:	e778      	b.n	10004f00 <tud_task_ext+0x648>
1000500e:	f8d8 c010 	ldr.w	ip, [r8, #16]
10005012:	4809      	ldr	r0, [pc, #36]	@ (10005038 <tud_task_ext+0x780>)
10005014:	4584      	cmp	ip, r0
10005016:	bf08      	it	eq
10005018:	2302      	moveq	r3, #2
1000501a:	e75d      	b.n	10004ed8 <tud_task_ext+0x620>
1000501c:	f04f 23e0 	mov.w	r3, #3758153728	@ 0xe000e000
10005020:	f8d3 3df0 	ldr.w	r3, [r3, #3568]	@ 0xdf0
10005024:	07db      	lsls	r3, r3, #31
10005026:	f57f ac57 	bpl.w	100048d8 <tud_task_ext+0x20>
1000502a:	be00      	bkpt	0x0000
1000502c:	e454      	b.n	100048d8 <tud_task_ext+0x20>
1000502e:	bf00      	nop
10005030:	20002034 	.word	0x20002034
10005034:	20002a70 	.word	0x20002a70
10005038:	10005705 	.word	0x10005705

1000503c <usbd_open_edpt_pair>:
1000503c:	e92d 4ff8 	stmdb	sp!, {r3, r4, r5, r6, r7, r8, r9, sl, fp, lr}
10005040:	9f0a      	ldr	r7, [sp, #40]	@ 0x28
10005042:	2a00      	cmp	r2, #0
10005044:	d040      	beq.n	100050c8 <usbd_open_edpt_pair+0x8c>
10005046:	460c      	mov	r4, r1
10005048:	461e      	mov	r6, r3
1000504a:	4615      	mov	r5, r2
1000504c:	f04f 0a00 	mov.w	sl, #0
10005050:	f8df 907c 	ldr.w	r9, [pc, #124]	@ 100050d0 <usbd_open_edpt_pair+0x94>
10005054:	f8df 807c 	ldr.w	r8, [pc, #124]	@ 100050d4 <usbd_open_edpt_pair+0x98>
10005058:	e018      	b.n	1000508c <usbd_open_edpt_pair+0x50>
1000505a:	4620      	mov	r0, r4
1000505c:	f898 1002 	ldrb.w	r1, [r8, #2]
10005060:	f899 b000 	ldrb.w	fp, [r9]
10005064:	f000 fe0e 	bl	10005c84 <tu_edpt_validate>
10005068:	b1e0      	cbz	r0, 100050a4 <usbd_open_edpt_pair+0x68>
1000506a:	4621      	mov	r1, r4
1000506c:	4658      	mov	r0, fp
1000506e:	f7ff fa41 	bl	100044f4 <dcd_edpt_open>
10005072:	b1f0      	cbz	r0, 100050b2 <usbd_open_edpt_pair+0x76>
10005074:	78a2      	ldrb	r2, [r4, #2]
10005076:	f10a 0a01 	add.w	sl, sl, #1
1000507a:	09d1      	lsrs	r1, r2, #7
1000507c:	bf16      	itet	ne
1000507e:	9b0b      	ldrne	r3, [sp, #44]	@ 0x2c
10005080:	703a      	strbeq	r2, [r7, #0]
10005082:	701a      	strbne	r2, [r3, #0]
10005084:	7822      	ldrb	r2, [r4, #0]
10005086:	45aa      	cmp	sl, r5
10005088:	4414      	add	r4, r2
1000508a:	d01d      	beq.n	100050c8 <usbd_open_edpt_pair+0x8c>
1000508c:	7862      	ldrb	r2, [r4, #1]
1000508e:	2a05      	cmp	r2, #5
10005090:	d10f      	bne.n	100050b2 <usbd_open_edpt_pair+0x76>
10005092:	78e1      	ldrb	r1, [r4, #3]
10005094:	f001 0103 	and.w	r1, r1, #3
10005098:	42b1      	cmp	r1, r6
1000509a:	d10a      	bne.n	100050b2 <usbd_open_edpt_pair+0x76>
1000509c:	78a2      	ldrb	r2, [r4, #2]
1000509e:	f012 0f70 	tst.w	r2, #112	@ 0x70
100050a2:	d0da      	beq.n	1000505a <usbd_open_edpt_pair+0x1e>
100050a4:	f04f 23e0 	mov.w	r3, #3758153728	@ 0xe000e000
100050a8:	f8d3 3df0 	ldr.w	r3, [r3, #3568]	@ 0xdf0
100050ac:	07da      	lsls	r2, r3, #31
100050ae:	d500      	bpl.n	100050b2 <usbd_open_edpt_pair+0x76>
100050b0:	be00      	bkpt	0x0000
100050b2:	f04f 23e0 	mov.w	r3, #3758153728	@ 0xe000e000
100050b6:	f8d3 3df0 	ldr.w	r3, [r3, #3568]	@ 0xdf0
100050ba:	07db      	lsls	r3, r3, #31
100050bc:	d402      	bmi.n	100050c4 <usbd_open_edpt_pair+0x88>
100050be:	2000      	movs	r0, #0
100050c0:	e8bd 8ff8 	ldmia.w	sp!, {r3, r4, r5, r6, r7, r8, r9, sl, fp, pc}
100050c4:	be00      	bkpt	0x0000
100050c6:	e7fa      	b.n	100050be <usbd_open_edpt_pair+0x82>
100050c8:	2001      	movs	r0, #1
100050ca:	e8bd 8ff8 	ldmia.w	sp!, {r3, r4, r5, r6, r7, r8, r9, sl, fp, pc}
100050ce:	bf00      	nop
100050d0:	20001590 	.word	0x20001590
100050d4:	20002020 	.word	0x20002020

100050d8 <usbd_edpt_open>:
100050d8:	b538      	push	{r3, r4, r5, lr}
100050da:	788b      	ldrb	r3, [r1, #2]
100050dc:	f013 0f70 	tst.w	r3, #112	@ 0x70
100050e0:	d008      	beq.n	100050f4 <usbd_edpt_open+0x1c>
100050e2:	f04f 23e0 	mov.w	r3, #3758153728	@ 0xe000e000
100050e6:	f8d3 3df0 	ldr.w	r3, [r3, #3568]	@ 0xdf0
100050ea:	07db      	lsls	r3, r3, #31
100050ec:	d500      	bpl.n	100050f0 <usbd_edpt_open+0x18>
100050ee:	be00      	bkpt	0x0000
100050f0:	2000      	movs	r0, #0
100050f2:	bd38      	pop	{r3, r4, r5, pc}
100050f4:	4a07      	ldr	r2, [pc, #28]	@ (10005114 <usbd_edpt_open+0x3c>)
100050f6:	4b08      	ldr	r3, [pc, #32]	@ (10005118 <usbd_edpt_open+0x40>)
100050f8:	460c      	mov	r4, r1
100050fa:	4608      	mov	r0, r1
100050fc:	7891      	ldrb	r1, [r2, #2]
100050fe:	781d      	ldrb	r5, [r3, #0]
10005100:	f000 fdc0 	bl	10005c84 <tu_edpt_validate>
10005104:	2800      	cmp	r0, #0
10005106:	d0ec      	beq.n	100050e2 <usbd_edpt_open+0xa>
10005108:	4621      	mov	r1, r4
1000510a:	4628      	mov	r0, r5
1000510c:	e8bd 4038 	ldmia.w	sp!, {r3, r4, r5, lr}
10005110:	f7ff b9f0 	b.w	100044f4 <dcd_edpt_open>
10005114:	20002020 	.word	0x20002020
10005118:	20001590 	.word	0x20001590

1000511c <usbd_edpt_claim>:
1000511c:	460b      	mov	r3, r1
1000511e:	4a06      	ldr	r2, [pc, #24]	@ (10005138 <usbd_edpt_claim+0x1c>)
10005120:	4806      	ldr	r0, [pc, #24]	@ (1000513c <usbd_edpt_claim+0x20>)
10005122:	6811      	ldr	r1, [r2, #0]
10005124:	09da      	lsrs	r2, r3, #7
10005126:	3234      	adds	r2, #52	@ 0x34
10005128:	f003 037f 	and.w	r3, r3, #127	@ 0x7f
1000512c:	eb02 0343 	add.w	r3, r2, r3, lsl #1
10005130:	4418      	add	r0, r3
10005132:	f000 bd61 	b.w	10005bf8 <tu_edpt_claim>
10005136:	bf00      	nop
10005138:	20002074 	.word	0x20002074
1000513c:	20002020 	.word	0x20002020

10005140 <usbd_edpt_release>:
10005140:	460b      	mov	r3, r1
10005142:	4a06      	ldr	r2, [pc, #24]	@ (1000515c <usbd_edpt_release+0x1c>)
10005144:	4806      	ldr	r0, [pc, #24]	@ (10005160 <usbd_edpt_release+0x20>)
10005146:	6811      	ldr	r1, [r2, #0]
10005148:	09da      	lsrs	r2, r3, #7
1000514a:	3234      	adds	r2, #52	@ 0x34
1000514c:	f003 037f 	and.w	r3, r3, #127	@ 0x7f
10005150:	eb02 0343 	add.w	r3, r2, r3, lsl #1
10005154:	4418      	add	r0, r3
10005156:	f000 bd79 	b.w	10005c4c <tu_edpt_release>
1000515a:	bf00      	nop
1000515c:	20002074 	.word	0x20002074
10005160:	20002020 	.word	0x20002020

10005164 <usbd_edpt_xfer>:
10005164:	b510      	push	{r4, lr}
10005166:	4819      	ldr	r0, [pc, #100]	@ (100051cc <usbd_edpt_xfer+0x68>)
10005168:	f001 0c7f 	and.w	ip, r1, #127	@ 0x7f
1000516c:	eb00 004c 	add.w	r0, r0, ip, lsl #1
10005170:	eb00 10d1 	add.w	r0, r0, r1, lsr #7
10005174:	f890 c034 	ldrb.w	ip, [r0, #52]	@ 0x34
10005178:	f01c 0f01 	tst.w	ip, #1
1000517c:	d008      	beq.n	10005190 <usbd_edpt_xfer+0x2c>
1000517e:	f04f 23e0 	mov.w	r3, #3758153728	@ 0xe000e000
10005182:	f8d3 3df0 	ldr.w	r3, [r3, #3568]	@ 0xdf0
10005186:	07da      	lsls	r2, r3, #31
10005188:	d500      	bpl.n	1000518c <usbd_edpt_xfer+0x28>
1000518a:	be00      	bkpt	0x0000
1000518c:	2000      	movs	r0, #0
1000518e:	bd10      	pop	{r4, pc}
10005190:	f100 0430 	add.w	r4, r0, #48	@ 0x30
10005194:	f894 c004 	ldrb.w	ip, [r4, #4]
10005198:	480d      	ldr	r0, [pc, #52]	@ (100051d0 <usbd_edpt_xfer+0x6c>)
1000519a:	f04c 0c01 	orr.w	ip, ip, #1
1000519e:	7800      	ldrb	r0, [r0, #0]
100051a0:	f884 c004 	strb.w	ip, [r4, #4]
100051a4:	f7ff fa2a 	bl	100045fc <dcd_edpt_xfer>
100051a8:	2800      	cmp	r0, #0
100051aa:	d1f0      	bne.n	1000518e <usbd_edpt_xfer+0x2a>
100051ac:	f04f 21e0 	mov.w	r1, #3758153728	@ 0xe000e000
100051b0:	7922      	ldrb	r2, [r4, #4]
100051b2:	f360 0200 	bfi	r2, r0, #0, #1
100051b6:	7122      	strb	r2, [r4, #4]
100051b8:	7922      	ldrb	r2, [r4, #4]
100051ba:	f360 0282 	bfi	r2, r0, #2, #1
100051be:	7122      	strb	r2, [r4, #4]
100051c0:	f8d1 3df0 	ldr.w	r3, [r1, #3568]	@ 0xdf0
100051c4:	07db      	lsls	r3, r3, #31
100051c6:	d5e1      	bpl.n	1000518c <usbd_edpt_xfer+0x28>
100051c8:	be00      	bkpt	0x0000
100051ca:	e7df      	b.n	1000518c <usbd_edpt_xfer+0x28>
100051cc:	20002020 	.word	0x20002020
100051d0:	20001590 	.word	0x20001590

100051d4 <tud_control_status>:
100051d4:	b530      	push	{r4, r5, lr}
100051d6:	4c0b      	ldr	r4, [pc, #44]	@ (10005204 <tud_control_status+0x30>)
100051d8:	468c      	mov	ip, r1
100051da:	46a6      	mov	lr, r4
100051dc:	4605      	mov	r5, r0
100051de:	6808      	ldr	r0, [r1, #0]
100051e0:	6849      	ldr	r1, [r1, #4]
100051e2:	2300      	movs	r3, #0
100051e4:	e8ae 0003 	stmia.w	lr!, {r0, r1}
100051e8:	f89c 1000 	ldrb.w	r1, [ip]
100051ec:	4628      	mov	r0, r5
100051ee:	43c9      	mvns	r1, r1
100051f0:	e9c4 3302 	strd	r3, r3, [r4, #8]
100051f4:	e8bd 4030 	ldmia.w	sp!, {r4, r5, lr}
100051f8:	461a      	mov	r2, r3
100051fa:	f001 0180 	and.w	r1, r1, #128	@ 0x80
100051fe:	f7ff bfb1 	b.w	10005164 <usbd_edpt_xfer>
10005202:	bf00      	nop
10005204:	20001fe0 	.word	0x20001fe0

10005208 <tud_control_xfer>:
10005208:	e92d 41f0 	stmdb	sp!, {r4, r5, r6, r7, r8, lr}
1000520c:	4f28      	ldr	r7, [pc, #160]	@ (100052b0 <tud_control_xfer+0xa8>)
1000520e:	f04f 0800 	mov.w	r8, #0
10005212:	46be      	mov	lr, r7
10005214:	468c      	mov	ip, r1
10005216:	4606      	mov	r6, r0
10005218:	6808      	ldr	r0, [r1, #0]
1000521a:	6849      	ldr	r1, [r1, #4]
1000521c:	60ba      	str	r2, [r7, #8]
1000521e:	e8ae 0003 	stmia.w	lr!, {r0, r1}
10005222:	f8a7 800e 	strh.w	r8, [r7, #14]
10005226:	4615      	mov	r5, r2
10005228:	f8bc 2006 	ldrh.w	r2, [ip, #6]
1000522c:	4293      	cmp	r3, r2
1000522e:	bf28      	it	cs
10005230:	4613      	movcs	r3, r2
10005232:	81bb      	strh	r3, [r7, #12]
10005234:	b19a      	cbz	r2, 1000525e <tud_control_xfer+0x56>
10005236:	461c      	mov	r4, r3
10005238:	b333      	cbz	r3, 10005288 <tud_control_xfer+0x80>
1000523a:	b1dd      	cbz	r5, 10005274 <tud_control_xfer+0x6c>
1000523c:	f997 3000 	ldrsb.w	r3, [r7]
10005240:	2c40      	cmp	r4, #64	@ 0x40
10005242:	bf28      	it	cs
10005244:	2440      	movcs	r4, #64	@ 0x40
10005246:	2b00      	cmp	r3, #0
10005248:	db29      	blt.n	1000529e <tud_control_xfer+0x96>
1000524a:	4641      	mov	r1, r8
1000524c:	4623      	mov	r3, r4
1000524e:	4630      	mov	r0, r6
10005250:	4a18      	ldr	r2, [pc, #96]	@ (100052b4 <tud_control_xfer+0xac>)
10005252:	f7ff ff87 	bl	10005164 <usbd_edpt_xfer>
10005256:	b168      	cbz	r0, 10005274 <tud_control_xfer+0x6c>
10005258:	2001      	movs	r0, #1
1000525a:	e8bd 81f0 	ldmia.w	sp!, {r4, r5, r6, r7, r8, pc}
1000525e:	f89c 1000 	ldrb.w	r1, [ip]
10005262:	4613      	mov	r3, r2
10005264:	43c9      	mvns	r1, r1
10005266:	4630      	mov	r0, r6
10005268:	f001 0180 	and.w	r1, r1, #128	@ 0x80
1000526c:	f7ff ff7a 	bl	10005164 <usbd_edpt_xfer>
10005270:	2800      	cmp	r0, #0
10005272:	d1f1      	bne.n	10005258 <tud_control_xfer+0x50>
10005274:	f04f 23e0 	mov.w	r3, #3758153728	@ 0xe000e000
10005278:	f8d3 3df0 	ldr.w	r3, [r3, #3568]	@ 0xdf0
1000527c:	07db      	lsls	r3, r3, #31
1000527e:	d500      	bpl.n	10005282 <tud_control_xfer+0x7a>
10005280:	be00      	bkpt	0x0000
10005282:	2000      	movs	r0, #0
10005284:	e8bd 81f0 	ldmia.w	sp!, {r4, r5, r6, r7, r8, pc}
10005288:	461a      	mov	r2, r3
1000528a:	7839      	ldrb	r1, [r7, #0]
1000528c:	f001 0180 	and.w	r1, r1, #128	@ 0x80
10005290:	4623      	mov	r3, r4
10005292:	4630      	mov	r0, r6
10005294:	f7ff ff66 	bl	10005164 <usbd_edpt_xfer>
10005298:	2800      	cmp	r0, #0
1000529a:	d1dd      	bne.n	10005258 <tud_control_xfer+0x50>
1000529c:	e7ea      	b.n	10005274 <tud_control_xfer+0x6c>
1000529e:	4622      	mov	r2, r4
100052a0:	4629      	mov	r1, r5
100052a2:	4804      	ldr	r0, [pc, #16]	@ (100052b4 <tud_control_xfer+0xac>)
100052a4:	f003 fefc 	bl	100090a0 <memcpy>
100052a8:	2180      	movs	r1, #128	@ 0x80
100052aa:	4a02      	ldr	r2, [pc, #8]	@ (100052b4 <tud_control_xfer+0xac>)
100052ac:	e7f0      	b.n	10005290 <tud_control_xfer+0x88>
100052ae:	bf00      	nop
100052b0:	20001fe0 	.word	0x20001fe0
100052b4:	20001fa0 	.word	0x20001fa0

100052b8 <usbd_control_reset>:
100052b8:	2200      	movs	r2, #0
100052ba:	4b03      	ldr	r3, [pc, #12]	@ (100052c8 <usbd_control_reset+0x10>)
100052bc:	e9c3 2200 	strd	r2, r2, [r3]
100052c0:	e9c3 2202 	strd	r2, r2, [r3, #8]
100052c4:	611a      	str	r2, [r3, #16]
100052c6:	4770      	bx	lr
100052c8:	20001fe0 	.word	0x20001fe0

100052cc <usbd_control_set_complete_callback>:
100052cc:	4b01      	ldr	r3, [pc, #4]	@ (100052d4 <usbd_control_set_complete_callback+0x8>)
100052ce:	6118      	str	r0, [r3, #16]
100052d0:	4770      	bx	lr
100052d2:	bf00      	nop
100052d4:	20001fe0 	.word	0x20001fe0

100052d8 <usbd_control_set_request>:
100052d8:	b430      	push	{r4, r5}
100052da:	4602      	mov	r2, r0
100052dc:	4c04      	ldr	r4, [pc, #16]	@ (100052f0 <usbd_control_set_request+0x18>)
100052de:	2500      	movs	r5, #0
100052e0:	4623      	mov	r3, r4
100052e2:	6800      	ldr	r0, [r0, #0]
100052e4:	6851      	ldr	r1, [r2, #4]
100052e6:	e9c4 5502 	strd	r5, r5, [r4, #8]
100052ea:	bc30      	pop	{r4, r5}
100052ec:	c303      	stmia	r3!, {r0, r1}
100052ee:	4770      	bx	lr
100052f0:	20001fe0 	.word	0x20001fe0

100052f4 <usbd_control_xfer_cb>:
100052f4:	b570      	push	{r4, r5, r6, lr}
100052f6:	4c3d      	ldr	r4, [pc, #244]	@ (100053ec <usbd_control_xfer_cb+0xf8>)
100052f8:	09c9      	lsrs	r1, r1, #7
100052fa:	7822      	ldrb	r2, [r4, #0]
100052fc:	4606      	mov	r6, r0
100052fe:	ebb1 1fd2 	cmp.w	r1, r2, lsr #7
10005302:	461d      	mov	r5, r3
10005304:	b082      	sub	sp, #8
10005306:	d017      	beq.n	10005338 <usbd_control_xfer_cb+0x44>
10005308:	b153      	cbz	r3, 10005320 <usbd_control_xfer_cb+0x2c>
1000530a:	f04f 23e0 	mov.w	r3, #3758153728	@ 0xe000e000
1000530e:	f8d3 3df0 	ldr.w	r3, [r3, #3568]	@ 0xdf0
10005312:	07db      	lsls	r3, r3, #31
10005314:	d402      	bmi.n	1000531c <usbd_control_xfer_cb+0x28>
10005316:	2000      	movs	r0, #0
10005318:	b002      	add	sp, #8
1000531a:	bd70      	pop	{r4, r5, r6, pc}
1000531c:	be00      	bkpt	0x0000
1000531e:	e7fa      	b.n	10005316 <usbd_control_xfer_cb+0x22>
10005320:	4621      	mov	r1, r4
10005322:	f7ff f8d9 	bl	100044d8 <dcd_edpt0_status_complete>
10005326:	6923      	ldr	r3, [r4, #16]
10005328:	b11b      	cbz	r3, 10005332 <usbd_control_xfer_cb+0x3e>
1000532a:	4622      	mov	r2, r4
1000532c:	2103      	movs	r1, #3
1000532e:	4630      	mov	r0, r6
10005330:	4798      	blx	r3
10005332:	2001      	movs	r0, #1
10005334:	b002      	add	sp, #8
10005336:	bd70      	pop	{r4, r5, r6, pc}
10005338:	f994 3000 	ldrsb.w	r3, [r4]
1000533c:	2b00      	cmp	r3, #0
1000533e:	db06      	blt.n	1000534e <usbd_control_xfer_cb+0x5a>
10005340:	68a0      	ldr	r0, [r4, #8]
10005342:	2800      	cmp	r0, #0
10005344:	d0e7      	beq.n	10005316 <usbd_control_xfer_cb+0x22>
10005346:	462a      	mov	r2, r5
10005348:	4929      	ldr	r1, [pc, #164]	@ (100053f0 <usbd_control_xfer_cb+0xfc>)
1000534a:	f003 fea9 	bl	100090a0 <memcpy>
1000534e:	89e0      	ldrh	r0, [r4, #14]
10005350:	68a1      	ldr	r1, [r4, #8]
10005352:	88e3      	ldrh	r3, [r4, #6]
10005354:	4428      	add	r0, r5
10005356:	b280      	uxth	r0, r0
10005358:	4429      	add	r1, r5
1000535a:	4283      	cmp	r3, r0
1000535c:	81e0      	strh	r0, [r4, #14]
1000535e:	60a1      	str	r1, [r4, #8]
10005360:	d016      	beq.n	10005390 <usbd_control_xfer_cb+0x9c>
10005362:	2d3f      	cmp	r5, #63	@ 0x3f
10005364:	d914      	bls.n	10005390 <usbd_control_xfer_cb+0x9c>
10005366:	89a2      	ldrh	r2, [r4, #12]
10005368:	f994 4000 	ldrsb.w	r4, [r4]
1000536c:	1a13      	subs	r3, r2, r0
1000536e:	b29b      	uxth	r3, r3
10005370:	2b40      	cmp	r3, #64	@ 0x40
10005372:	bf28      	it	cs
10005374:	2340      	movcs	r3, #64	@ 0x40
10005376:	2c00      	cmp	r4, #0
10005378:	db27      	blt.n	100053ca <usbd_control_xfer_cb+0xd6>
1000537a:	4290      	cmp	r0, r2
1000537c:	f04f 0100 	mov.w	r1, #0
10005380:	d031      	beq.n	100053e6 <usbd_control_xfer_cb+0xf2>
10005382:	4a1b      	ldr	r2, [pc, #108]	@ (100053f0 <usbd_control_xfer_cb+0xfc>)
10005384:	4630      	mov	r0, r6
10005386:	f7ff feed 	bl	10005164 <usbd_edpt_xfer>
1000538a:	2800      	cmp	r0, #0
1000538c:	d1d1      	bne.n	10005332 <usbd_control_xfer_cb+0x3e>
1000538e:	e7bc      	b.n	1000530a <usbd_control_xfer_cb+0x16>
10005390:	6923      	ldr	r3, [r4, #16]
10005392:	b123      	cbz	r3, 1000539e <usbd_control_xfer_cb+0xaa>
10005394:	2102      	movs	r1, #2
10005396:	4630      	mov	r0, r6
10005398:	4a14      	ldr	r2, [pc, #80]	@ (100053ec <usbd_control_xfer_cb+0xf8>)
1000539a:	4798      	blx	r3
1000539c:	b160      	cbz	r0, 100053b8 <usbd_control_xfer_cb+0xc4>
1000539e:	7821      	ldrb	r1, [r4, #0]
100053a0:	2300      	movs	r3, #0
100053a2:	43c9      	mvns	r1, r1
100053a4:	4630      	mov	r0, r6
100053a6:	461a      	mov	r2, r3
100053a8:	f001 0180 	and.w	r1, r1, #128	@ 0x80
100053ac:	f7ff feda 	bl	10005164 <usbd_edpt_xfer>
100053b0:	2800      	cmp	r0, #0
100053b2:	d0aa      	beq.n	1000530a <usbd_control_xfer_cb+0x16>
100053b4:	2001      	movs	r0, #1
100053b6:	e7bd      	b.n	10005334 <usbd_control_xfer_cb+0x40>
100053b8:	4601      	mov	r1, r0
100053ba:	4630      	mov	r0, r6
100053bc:	f7ff f932 	bl	10004624 <dcd_edpt_stall>
100053c0:	2180      	movs	r1, #128	@ 0x80
100053c2:	4630      	mov	r0, r6
100053c4:	f7ff f92e 	bl	10004624 <dcd_edpt_stall>
100053c8:	e7b3      	b.n	10005332 <usbd_control_xfer_cb+0x3e>
100053ca:	4290      	cmp	r0, r2
100053cc:	d008      	beq.n	100053e0 <usbd_control_xfer_cb+0xec>
100053ce:	461a      	mov	r2, r3
100053d0:	4807      	ldr	r0, [pc, #28]	@ (100053f0 <usbd_control_xfer_cb+0xfc>)
100053d2:	9301      	str	r3, [sp, #4]
100053d4:	f003 fe64 	bl	100090a0 <memcpy>
100053d8:	2180      	movs	r1, #128	@ 0x80
100053da:	4a05      	ldr	r2, [pc, #20]	@ (100053f0 <usbd_control_xfer_cb+0xfc>)
100053dc:	9b01      	ldr	r3, [sp, #4]
100053de:	e7d1      	b.n	10005384 <usbd_control_xfer_cb+0x90>
100053e0:	2180      	movs	r1, #128	@ 0x80
100053e2:	2200      	movs	r2, #0
100053e4:	e7ce      	b.n	10005384 <usbd_control_xfer_cb+0x90>
100053e6:	460a      	mov	r2, r1
100053e8:	e7cc      	b.n	10005384 <usbd_control_xfer_cb+0x90>
100053ea:	bf00      	nop
100053ec:	20001fe0 	.word	0x20001fe0
100053f0:	20001fa0 	.word	0x20001fa0

100053f4 <_prep_out_transaction.isra.0>:
100053f4:	e92d 41f0 	stmdb	sp!, {r4, r5, r6, r7, r8, lr}
100053f8:	4604      	mov	r4, r0
100053fa:	f7ff f9d3 	bl	100047a4 <tud_mounted>
100053fe:	b908      	cbnz	r0, 10005404 <_prep_out_transaction.isra.0+0x10>
10005400:	e8bd 81f0 	ldmia.w	sp!, {r4, r5, r6, r7, r8, pc}
10005404:	f7ff f9d6 	bl	100047b4 <tud_suspended>
10005408:	4605      	mov	r5, r0
1000540a:	2800      	cmp	r0, #0
1000540c:	d1f8      	bne.n	10005400 <_prep_out_transaction.isra.0+0xc>
1000540e:	23c8      	movs	r3, #200	@ 0xc8
10005410:	fb04 f303 	mul.w	r3, r4, r3
10005414:	4e12      	ldr	r6, [pc, #72]	@ (10005460 <_prep_out_transaction.isra.0+0x6c>)
10005416:	18f7      	adds	r7, r6, r3
10005418:	78f9      	ldrb	r1, [r7, #3]
1000541a:	2900      	cmp	r1, #0
1000541c:	d0f0      	beq.n	10005400 <_prep_out_transaction.isra.0+0xc>
1000541e:	3310      	adds	r3, #16
10005420:	441e      	add	r6, r3
10005422:	4630      	mov	r0, r6
10005424:	f000 fdd2 	bl	10005fcc <tu_fifo_remaining>
10005428:	283f      	cmp	r0, #63	@ 0x3f
1000542a:	d9e9      	bls.n	10005400 <_prep_out_transaction.isra.0+0xc>
1000542c:	4628      	mov	r0, r5
1000542e:	78f9      	ldrb	r1, [r7, #3]
10005430:	f7ff fe74 	bl	1000511c <usbd_edpt_claim>
10005434:	2800      	cmp	r0, #0
10005436:	d0e3      	beq.n	10005400 <_prep_out_transaction.isra.0+0xc>
10005438:	4630      	mov	r0, r6
1000543a:	f000 fdc7 	bl	10005fcc <tu_fifo_remaining>
1000543e:	283f      	cmp	r0, #63	@ 0x3f
10005440:	78f9      	ldrb	r1, [r7, #3]
10005442:	d908      	bls.n	10005456 <_prep_out_transaction.isra.0+0x62>
10005444:	4a07      	ldr	r2, [pc, #28]	@ (10005464 <_prep_out_transaction.isra.0+0x70>)
10005446:	4628      	mov	r0, r5
10005448:	eb02 12c4 	add.w	r2, r2, r4, lsl #7
1000544c:	2340      	movs	r3, #64	@ 0x40
1000544e:	e8bd 41f0 	ldmia.w	sp!, {r4, r5, r6, r7, r8, lr}
10005452:	f7ff be87 	b.w	10005164 <usbd_edpt_xfer>
10005456:	4628      	mov	r0, r5
10005458:	e8bd 41f0 	ldmia.w	sp!, {r4, r5, r6, r7, r8, lr}
1000545c:	f7ff be70 	b.w	10005140 <usbd_edpt_release>
10005460:	20001ed8 	.word	0x20001ed8
10005464:	20001e54 	.word	0x20001e54

10005468 <tud_cdc_n_connected>:
10005468:	b510      	push	{r4, lr}
1000546a:	4604      	mov	r4, r0
1000546c:	f7ff f99a 	bl	100047a4 <tud_mounted>
10005470:	b908      	cbnz	r0, 10005476 <tud_cdc_n_connected+0xe>
10005472:	2000      	movs	r0, #0
10005474:	bd10      	pop	{r4, pc}
10005476:	f7ff f99d 	bl	100047b4 <tud_suspended>
1000547a:	2800      	cmp	r0, #0
1000547c:	d1f9      	bne.n	10005472 <tud_cdc_n_connected+0xa>
1000547e:	22c8      	movs	r2, #200	@ 0xc8
10005480:	4b03      	ldr	r3, [pc, #12]	@ (10005490 <tud_cdc_n_connected+0x28>)
10005482:	fb02 3304 	mla	r3, r2, r4, r3
10005486:	7918      	ldrb	r0, [r3, #4]
10005488:	f000 0001 	and.w	r0, r0, #1
1000548c:	bd10      	pop	{r4, pc}
1000548e:	bf00      	nop
10005490:	20001ed8 	.word	0x20001ed8

10005494 <tud_cdc_n_available>:
10005494:	22c8      	movs	r2, #200	@ 0xc8
10005496:	b508      	push	{r3, lr}
10005498:	4b02      	ldr	r3, [pc, #8]	@ (100054a4 <tud_cdc_n_available+0x10>)
1000549a:	fb02 3000 	mla	r0, r2, r0, r3
1000549e:	f000 fd7b 	bl	10005f98 <tu_fifo_count>
100054a2:	bd08      	pop	{r3, pc}
100054a4:	20001ee8 	.word	0x20001ee8

100054a8 <tud_cdc_n_read>:
100054a8:	e92d 43f8 	stmdb	sp!, {r3, r4, r5, r6, r7, r8, r9, lr}
100054ac:	f64f 73ff 	movw	r3, #65535	@ 0xffff
100054b0:	24c8      	movs	r4, #200	@ 0xc8
100054b2:	429a      	cmp	r2, r3
100054b4:	bf28      	it	cs
100054b6:	461a      	movcs	r2, r3
100054b8:	fb00 f404 	mul.w	r4, r0, r4
100054bc:	f8df 8074 	ldr.w	r8, [pc, #116]	@ 10005534 <tud_cdc_n_read+0x8c>
100054c0:	f104 0510 	add.w	r5, r4, #16
100054c4:	4445      	add	r5, r8
100054c6:	4606      	mov	r6, r0
100054c8:	b292      	uxth	r2, r2
100054ca:	4628      	mov	r0, r5
100054cc:	f000 fdda 	bl	10006084 <tu_fifo_read_n>
100054d0:	4607      	mov	r7, r0
100054d2:	f7ff f967 	bl	100047a4 <tud_mounted>
100054d6:	b910      	cbnz	r0, 100054de <tud_cdc_n_read+0x36>
100054d8:	4638      	mov	r0, r7
100054da:	e8bd 83f8 	ldmia.w	sp!, {r3, r4, r5, r6, r7, r8, r9, pc}
100054de:	f7ff f969 	bl	100047b4 <tud_suspended>
100054e2:	4681      	mov	r9, r0
100054e4:	2800      	cmp	r0, #0
100054e6:	d1f7      	bne.n	100054d8 <tud_cdc_n_read+0x30>
100054e8:	44a0      	add	r8, r4
100054ea:	f898 3003 	ldrb.w	r3, [r8, #3]
100054ee:	2b00      	cmp	r3, #0
100054f0:	d0f2      	beq.n	100054d8 <tud_cdc_n_read+0x30>
100054f2:	4628      	mov	r0, r5
100054f4:	f000 fd6a 	bl	10005fcc <tu_fifo_remaining>
100054f8:	283f      	cmp	r0, #63	@ 0x3f
100054fa:	d9ed      	bls.n	100054d8 <tud_cdc_n_read+0x30>
100054fc:	4648      	mov	r0, r9
100054fe:	f898 1003 	ldrb.w	r1, [r8, #3]
10005502:	f7ff fe0b 	bl	1000511c <usbd_edpt_claim>
10005506:	2800      	cmp	r0, #0
10005508:	d0e6      	beq.n	100054d8 <tud_cdc_n_read+0x30>
1000550a:	4628      	mov	r0, r5
1000550c:	f000 fd5e 	bl	10005fcc <tu_fifo_remaining>
10005510:	283f      	cmp	r0, #63	@ 0x3f
10005512:	f898 1003 	ldrb.w	r1, [r8, #3]
10005516:	d907      	bls.n	10005528 <tud_cdc_n_read+0x80>
10005518:	4a05      	ldr	r2, [pc, #20]	@ (10005530 <tud_cdc_n_read+0x88>)
1000551a:	4648      	mov	r0, r9
1000551c:	2340      	movs	r3, #64	@ 0x40
1000551e:	eb02 12c6 	add.w	r2, r2, r6, lsl #7
10005522:	f7ff fe1f 	bl	10005164 <usbd_edpt_xfer>
10005526:	e7d7      	b.n	100054d8 <tud_cdc_n_read+0x30>
10005528:	4648      	mov	r0, r9
1000552a:	f7ff fe09 	bl	10005140 <usbd_edpt_release>
1000552e:	e7d3      	b.n	100054d8 <tud_cdc_n_read+0x30>
10005530:	20001e54 	.word	0x20001e54
10005534:	20001ed8 	.word	0x20001ed8

10005538 <tud_cdc_n_write_flush>:
10005538:	e92d 41f0 	stmdb	sp!, {r4, r5, r6, r7, r8, lr}
1000553c:	4604      	mov	r4, r0
1000553e:	f7ff f931 	bl	100047a4 <tud_mounted>
10005542:	b910      	cbnz	r0, 1000554a <tud_cdc_n_write_flush+0x12>
10005544:	2000      	movs	r0, #0
10005546:	e8bd 81f0 	ldmia.w	sp!, {r4, r5, r6, r7, r8, pc}
1000554a:	f7ff f933 	bl	100047b4 <tud_suspended>
1000554e:	4605      	mov	r5, r0
10005550:	2800      	cmp	r0, #0
10005552:	d1f7      	bne.n	10005544 <tud_cdc_n_write_flush+0xc>
10005554:	26c8      	movs	r6, #200	@ 0xc8
10005556:	fb04 f606 	mul.w	r6, r4, r6
1000555a:	f8df 8064 	ldr.w	r8, [pc, #100]	@ 100055c0 <tud_cdc_n_write_flush+0x88>
1000555e:	f106 0724 	add.w	r7, r6, #36	@ 0x24
10005562:	4447      	add	r7, r8
10005564:	4638      	mov	r0, r7
10005566:	f000 fd17 	bl	10005f98 <tu_fifo_count>
1000556a:	2800      	cmp	r0, #0
1000556c:	d0ea      	beq.n	10005544 <tud_cdc_n_write_flush+0xc>
1000556e:	44b0      	add	r8, r6
10005570:	4628      	mov	r0, r5
10005572:	f898 1002 	ldrb.w	r1, [r8, #2]
10005576:	f7ff fdd1 	bl	1000511c <usbd_edpt_claim>
1000557a:	2800      	cmp	r0, #0
1000557c:	d0e2      	beq.n	10005544 <tud_cdc_n_write_flush+0xc>
1000557e:	4e0f      	ldr	r6, [pc, #60]	@ (100055bc <tud_cdc_n_write_flush+0x84>)
10005580:	4638      	mov	r0, r7
10005582:	eb06 16c4 	add.w	r6, r6, r4, lsl #7
10005586:	4631      	mov	r1, r6
10005588:	2240      	movs	r2, #64	@ 0x40
1000558a:	f000 fd7b 	bl	10006084 <tu_fifo_read_n>
1000558e:	f898 1002 	ldrb.w	r1, [r8, #2]
10005592:	4604      	mov	r4, r0
10005594:	b168      	cbz	r0, 100055b2 <tud_cdc_n_write_flush+0x7a>
10005596:	4603      	mov	r3, r0
10005598:	4632      	mov	r2, r6
1000559a:	4628      	mov	r0, r5
1000559c:	f7ff fde2 	bl	10005164 <usbd_edpt_xfer>
100055a0:	b950      	cbnz	r0, 100055b8 <tud_cdc_n_write_flush+0x80>
100055a2:	f04f 23e0 	mov.w	r3, #3758153728	@ 0xe000e000
100055a6:	f8d3 3df0 	ldr.w	r3, [r3, #3568]	@ 0xdf0
100055aa:	07db      	lsls	r3, r3, #31
100055ac:	d5ca      	bpl.n	10005544 <tud_cdc_n_write_flush+0xc>
100055ae:	be00      	bkpt	0x0000
100055b0:	e7c8      	b.n	10005544 <tud_cdc_n_write_flush+0xc>
100055b2:	f7ff fdc5 	bl	10005140 <usbd_edpt_release>
100055b6:	e7c5      	b.n	10005544 <tud_cdc_n_write_flush+0xc>
100055b8:	4620      	mov	r0, r4
100055ba:	e7c4      	b.n	10005546 <tud_cdc_n_write_flush+0xe>
100055bc:	20001e94 	.word	0x20001e94
100055c0:	20001ed8 	.word	0x20001ed8

100055c4 <tud_cdc_n_write>:
100055c4:	b538      	push	{r3, r4, r5, lr}
100055c6:	f64f 75ff 	movw	r5, #65535	@ 0xffff
100055ca:	23c8      	movs	r3, #200	@ 0xc8
100055cc:	42aa      	cmp	r2, r5
100055ce:	bf28      	it	cs
100055d0:	462a      	movcs	r2, r5
100055d2:	4c0b      	ldr	r4, [pc, #44]	@ (10005600 <tud_cdc_n_write+0x3c>)
100055d4:	b292      	uxth	r2, r2
100055d6:	fb03 4400 	mla	r4, r3, r0, r4
100055da:	4605      	mov	r5, r0
100055dc:	4620      	mov	r0, r4
100055de:	f000 fe0f 	bl	10006200 <tu_fifo_write_n>
100055e2:	4603      	mov	r3, r0
100055e4:	4620      	mov	r0, r4
100055e6:	461c      	mov	r4, r3
100055e8:	f000 fcd6 	bl	10005f98 <tu_fifo_count>
100055ec:	283f      	cmp	r0, #63	@ 0x3f
100055ee:	d801      	bhi.n	100055f4 <tud_cdc_n_write+0x30>
100055f0:	4620      	mov	r0, r4
100055f2:	bd38      	pop	{r3, r4, r5, pc}
100055f4:	4628      	mov	r0, r5
100055f6:	f7ff ff9f 	bl	10005538 <tud_cdc_n_write_flush>
100055fa:	4620      	mov	r0, r4
100055fc:	bd38      	pop	{r3, r4, r5, pc}
100055fe:	bf00      	nop
10005600:	20001efc 	.word	0x20001efc

10005604 <tud_cdc_n_write_available>:
10005604:	22c8      	movs	r2, #200	@ 0xc8
10005606:	b508      	push	{r3, lr}
10005608:	4b02      	ldr	r3, [pc, #8]	@ (10005614 <tud_cdc_n_write_available+0x10>)
1000560a:	fb02 3000 	mla	r0, r2, r0, r3
1000560e:	f000 fcdd 	bl	10005fcc <tu_fifo_remaining>
10005612:	bd08      	pop	{r3, pc}
10005614:	20001efc 	.word	0x20001efc

10005618 <cdcd_init>:
10005618:	b5f0      	push	{r4, r5, r6, r7, lr}
1000561a:	2400      	movs	r4, #0
1000561c:	b083      	sub	sp, #12
1000561e:	22c8      	movs	r2, #200	@ 0xc8
10005620:	2100      	movs	r1, #0
10005622:	4817      	ldr	r0, [pc, #92]	@ (10005680 <cdcd_init+0x68>)
10005624:	f003 fcc4 	bl	10008fb0 <memset>
10005628:	23ff      	movs	r3, #255	@ 0xff
1000562a:	f44f 31e1 	mov.w	r1, #115200	@ 0x1c200
1000562e:	2208      	movs	r2, #8
10005630:	4814      	ldr	r0, [pc, #80]	@ (10005684 <cdcd_init+0x6c>)
10005632:	7004      	strb	r4, [r0, #0]
10005634:	4812      	ldr	r0, [pc, #72]	@ (10005680 <cdcd_init+0x68>)
10005636:	9400      	str	r4, [sp, #0]
10005638:	4607      	mov	r7, r0
1000563a:	7143      	strb	r3, [r0, #5]
1000563c:	6081      	str	r1, [r0, #8]
1000563e:	7382      	strb	r2, [r0, #14]
10005640:	f100 0138 	add.w	r1, r0, #56	@ 0x38
10005644:	2301      	movs	r3, #1
10005646:	2240      	movs	r2, #64	@ 0x40
10005648:	3010      	adds	r0, #16
1000564a:	f000 fc75 	bl	10005f38 <tu_fifo_config>
1000564e:	2301      	movs	r3, #1
10005650:	2240      	movs	r2, #64	@ 0x40
10005652:	f107 0178 	add.w	r1, r7, #120	@ 0x78
10005656:	9300      	str	r3, [sp, #0]
10005658:	f107 06b8 	add.w	r6, r7, #184	@ 0xb8
1000565c:	f107 0024 	add.w	r0, r7, #36	@ 0x24
10005660:	f000 fc6a 	bl	10005f38 <tu_fifo_config>
10005664:	f107 05c0 	add.w	r5, r7, #192	@ 0xc0
10005668:	4630      	mov	r0, r6
1000566a:	f7fb fcd7 	bl	1000101c <mutex_init>
1000566e:	4628      	mov	r0, r5
10005670:	f7fb fcd4 	bl	1000101c <mutex_init>
10005674:	e9c7 4607 	strd	r4, r6, [r7, #28]
10005678:	e9c7 540c 	strd	r5, r4, [r7, #48]	@ 0x30
1000567c:	b003      	add	sp, #12
1000567e:	bdf0      	pop	{r4, r5, r6, r7, pc}
10005680:	20001ed8 	.word	0x20001ed8
10005684:	20001ed4 	.word	0x20001ed4

10005688 <cdcd_deinit>:
10005688:	4a0a      	ldr	r2, [pc, #40]	@ (100056b4 <cdcd_deinit+0x2c>)
1000568a:	6b11      	ldr	r1, [r2, #48]	@ 0x30
1000568c:	6a13      	ldr	r3, [r2, #32]
1000568e:	b161      	cbz	r1, 100056aa <cdcd_deinit+0x22>
10005690:	b13b      	cbz	r3, 100056a2 <cdcd_deinit+0x1a>
10005692:	2300      	movs	r3, #0
10005694:	e9c2 330c 	strd	r3, r3, [r2, #48]	@ 0x30
10005698:	61d3      	str	r3, [r2, #28]
1000569a:	2300      	movs	r3, #0
1000569c:	6213      	str	r3, [r2, #32]
1000569e:	2001      	movs	r0, #1
100056a0:	4770      	bx	lr
100056a2:	2001      	movs	r0, #1
100056a4:	e9c2 330c 	strd	r3, r3, [r2, #48]	@ 0x30
100056a8:	4770      	bx	lr
100056aa:	2b00      	cmp	r3, #0
100056ac:	d0f7      	beq.n	1000569e <cdcd_deinit+0x16>
100056ae:	61d1      	str	r1, [r2, #28]
100056b0:	e7f3      	b.n	1000569a <cdcd_deinit+0x12>
100056b2:	bf00      	nop
100056b4:	20001ed8 	.word	0x20001ed8

100056b8 <cdcd_reset>:
100056b8:	2200      	movs	r2, #0
100056ba:	b510      	push	{r4, lr}
100056bc:	4c0e      	ldr	r4, [pc, #56]	@ (100056f8 <cdcd_reset+0x40>)
100056be:	480f      	ldr	r0, [pc, #60]	@ (100056fc <cdcd_reset+0x44>)
100056c0:	7823      	ldrb	r3, [r4, #0]
100056c2:	6002      	str	r2, [r0, #0]
100056c4:	7102      	strb	r2, [r0, #4]
100056c6:	07da      	lsls	r2, r3, #31
100056c8:	d507      	bpl.n	100056da <cdcd_reset+0x22>
100056ca:	079b      	lsls	r3, r3, #30
100056cc:	d50b      	bpl.n	100056e6 <cdcd_reset+0x2e>
100056ce:	e8bd 4010 	ldmia.w	sp!, {r4, lr}
100056d2:	2101      	movs	r1, #1
100056d4:	480a      	ldr	r0, [pc, #40]	@ (10005700 <cdcd_reset+0x48>)
100056d6:	f000 be5d 	b.w	10006394 <tu_fifo_set_overwritable>
100056da:	3010      	adds	r0, #16
100056dc:	f000 fe3e 	bl	1000635c <tu_fifo_clear>
100056e0:	7823      	ldrb	r3, [r4, #0]
100056e2:	079b      	lsls	r3, r3, #30
100056e4:	d4f3      	bmi.n	100056ce <cdcd_reset+0x16>
100056e6:	4806      	ldr	r0, [pc, #24]	@ (10005700 <cdcd_reset+0x48>)
100056e8:	f000 fe38 	bl	1000635c <tu_fifo_clear>
100056ec:	e8bd 4010 	ldmia.w	sp!, {r4, lr}
100056f0:	2101      	movs	r1, #1
100056f2:	4803      	ldr	r0, [pc, #12]	@ (10005700 <cdcd_reset+0x48>)
100056f4:	f000 be4e 	b.w	10006394 <tu_fifo_set_overwritable>
100056f8:	20001ed4 	.word	0x20001ed4
100056fc:	20001ed8 	.word	0x20001ed8
10005700:	20001efc 	.word	0x20001efc

10005704 <cdcd_open>:
10005704:	b5f0      	push	{r4, r5, r6, r7, lr}
10005706:	794b      	ldrb	r3, [r1, #5]
10005708:	b083      	sub	sp, #12
1000570a:	2b02      	cmp	r3, #2
1000570c:	d102      	bne.n	10005714 <cdcd_open+0x10>
1000570e:	798b      	ldrb	r3, [r1, #6]
10005710:	2b02      	cmp	r3, #2
10005712:	d003      	beq.n	1000571c <cdcd_open+0x18>
10005714:	2500      	movs	r5, #0
10005716:	4628      	mov	r0, r5
10005718:	b003      	add	sp, #12
1000571a:	bdf0      	pop	{r4, r5, r6, r7, pc}
1000571c:	4f27      	ldr	r7, [pc, #156]	@ (100057bc <cdcd_open+0xb8>)
1000571e:	78bb      	ldrb	r3, [r7, #2]
10005720:	b13b      	cbz	r3, 10005732 <cdcd_open+0x2e>
10005722:	f04f 23e0 	mov.w	r3, #3758153728	@ 0xe000e000
10005726:	f8d3 3df0 	ldr.w	r3, [r3, #3568]	@ 0xdf0
1000572a:	07db      	lsls	r3, r3, #31
1000572c:	d5f2      	bpl.n	10005714 <cdcd_open+0x10>
1000572e:	be00      	bkpt	0x0000
10005730:	e7f0      	b.n	10005714 <cdcd_open+0x10>
10005732:	788b      	ldrb	r3, [r1, #2]
10005734:	4606      	mov	r6, r0
10005736:	703b      	strb	r3, [r7, #0]
10005738:	780b      	ldrb	r3, [r1, #0]
1000573a:	18cc      	adds	r4, r1, r3
1000573c:	7861      	ldrb	r1, [r4, #1]
1000573e:	2924      	cmp	r1, #36	@ 0x24
10005740:	bf08      	it	eq
10005742:	2509      	moveq	r5, #9
10005744:	d007      	beq.n	10005756 <cdcd_open+0x52>
10005746:	e036      	b.n	100057b6 <cdcd_open+0xb2>
10005748:	7823      	ldrb	r3, [r4, #0]
1000574a:	441c      	add	r4, r3
1000574c:	7861      	ldrb	r1, [r4, #1]
1000574e:	442b      	add	r3, r5
10005750:	2924      	cmp	r1, #36	@ 0x24
10005752:	b29d      	uxth	r5, r3
10005754:	d107      	bne.n	10005766 <cdcd_open+0x62>
10005756:	42aa      	cmp	r2, r5
10005758:	d2f6      	bcs.n	10005748 <cdcd_open+0x44>
1000575a:	2000      	movs	r0, #0
1000575c:	f7ff fe4a 	bl	100053f4 <_prep_out_transaction.isra.0>
10005760:	4628      	mov	r0, r5
10005762:	b003      	add	sp, #12
10005764:	bdf0      	pop	{r4, r5, r6, r7, pc}
10005766:	460b      	mov	r3, r1
10005768:	2905      	cmp	r1, #5
1000576a:	d016      	beq.n	1000579a <cdcd_open+0x96>
1000576c:	2b04      	cmp	r3, #4
1000576e:	d1f4      	bne.n	1000575a <cdcd_open+0x56>
10005770:	7963      	ldrb	r3, [r4, #5]
10005772:	2b0a      	cmp	r3, #10
10005774:	d1f1      	bne.n	1000575a <cdcd_open+0x56>
10005776:	4b12      	ldr	r3, [pc, #72]	@ (100057c0 <cdcd_open+0xbc>)
10005778:	7827      	ldrb	r7, [r4, #0]
1000577a:	9301      	str	r3, [sp, #4]
1000577c:	3301      	adds	r3, #1
1000577e:	9300      	str	r3, [sp, #0]
10005780:	2302      	movs	r3, #2
10005782:	4630      	mov	r0, r6
10005784:	461a      	mov	r2, r3
10005786:	19e1      	adds	r1, r4, r7
10005788:	f7ff fc58 	bl	1000503c <usbd_open_edpt_pair>
1000578c:	2800      	cmp	r0, #0
1000578e:	d0c8      	beq.n	10005722 <cdcd_open+0x1e>
10005790:	350e      	adds	r5, #14
10005792:	fa17 f585 	uxtah	r5, r7, r5
10005796:	b2ad      	uxth	r5, r5
10005798:	e7df      	b.n	1000575a <cdcd_open+0x56>
1000579a:	4621      	mov	r1, r4
1000579c:	4630      	mov	r0, r6
1000579e:	f7ff fc9b 	bl	100050d8 <usbd_edpt_open>
100057a2:	2800      	cmp	r0, #0
100057a4:	d0bd      	beq.n	10005722 <cdcd_open+0x1e>
100057a6:	78a3      	ldrb	r3, [r4, #2]
100057a8:	707b      	strb	r3, [r7, #1]
100057aa:	7823      	ldrb	r3, [r4, #0]
100057ac:	195a      	adds	r2, r3, r5
100057ae:	441c      	add	r4, r3
100057b0:	7863      	ldrb	r3, [r4, #1]
100057b2:	b295      	uxth	r5, r2
100057b4:	e7da      	b.n	1000576c <cdcd_open+0x68>
100057b6:	460b      	mov	r3, r1
100057b8:	2509      	movs	r5, #9
100057ba:	e7d5      	b.n	10005768 <cdcd_open+0x64>
100057bc:	20001ed8 	.word	0x20001ed8
100057c0:	20001eda 	.word	0x20001eda

100057c4 <cdcd_control_xfer_cb>:
100057c4:	7813      	ldrb	r3, [r2, #0]
100057c6:	f003 0360 	and.w	r3, r3, #96	@ 0x60
100057ca:	2b20      	cmp	r3, #32
100057cc:	d108      	bne.n	100057e0 <cdcd_control_xfer_cb+0x1c>
100057ce:	b570      	push	{r4, r5, r6, lr}
100057d0:	4c26      	ldr	r4, [pc, #152]	@ (1000586c <cdcd_control_xfer_cb+0xa8>)
100057d2:	8893      	ldrh	r3, [r2, #4]
100057d4:	f894 c000 	ldrb.w	ip, [r4]
100057d8:	459c      	cmp	ip, r3
100057da:	d003      	beq.n	100057e4 <cdcd_control_xfer_cb+0x20>
100057dc:	2000      	movs	r0, #0
100057de:	bd70      	pop	{r4, r5, r6, pc}
100057e0:	2000      	movs	r0, #0
100057e2:	4770      	bx	lr
100057e4:	7853      	ldrb	r3, [r2, #1]
100057e6:	3b20      	subs	r3, #32
100057e8:	2b03      	cmp	r3, #3
100057ea:	d8f7      	bhi.n	100057dc <cdcd_control_xfer_cb+0x18>
100057ec:	e8df f003 	tbb	[pc, r3]
100057f0:	020d2327 	.word	0x020d2327
100057f4:	2901      	cmp	r1, #1
100057f6:	d02e      	beq.n	10005856 <cdcd_control_xfer_cb+0x92>
100057f8:	2903      	cmp	r1, #3
100057fa:	d11e      	bne.n	1000583a <cdcd_control_xfer_cb+0x76>
100057fc:	4b1c      	ldr	r3, [pc, #112]	@ (10005870 <cdcd_control_xfer_cb+0xac>)
100057fe:	b1e3      	cbz	r3, 1000583a <cdcd_control_xfer_cb+0x76>
10005800:	2000      	movs	r0, #0
10005802:	8851      	ldrh	r1, [r2, #2]
10005804:	f3af 8000 	nop.w
10005808:	e017      	b.n	1000583a <cdcd_control_xfer_cb+0x76>
1000580a:	2901      	cmp	r1, #1
1000580c:	d023      	beq.n	10005856 <cdcd_control_xfer_cb+0x92>
1000580e:	2903      	cmp	r1, #3
10005810:	d113      	bne.n	1000583a <cdcd_control_xfer_cb+0x76>
10005812:	8855      	ldrh	r5, [r2, #2]
10005814:	4817      	ldr	r0, [pc, #92]	@ (10005874 <cdcd_control_xfer_cb+0xb0>)
10005816:	f005 0601 	and.w	r6, r5, #1
1000581a:	f086 0101 	eor.w	r1, r6, #1
1000581e:	7125      	strb	r5, [r4, #4]
10005820:	f000 fdb8 	bl	10006394 <tu_fifo_set_overwritable>
10005824:	4b14      	ldr	r3, [pc, #80]	@ (10005878 <cdcd_control_xfer_cb+0xb4>)
10005826:	b143      	cbz	r3, 1000583a <cdcd_control_xfer_cb+0x76>
10005828:	4631      	mov	r1, r6
1000582a:	2000      	movs	r0, #0
1000582c:	f3c5 0240 	ubfx	r2, r5, #1, #1
10005830:	f3af 8000 	nop.w
10005834:	e001      	b.n	1000583a <cdcd_control_xfer_cb+0x76>
10005836:	2901      	cmp	r1, #1
10005838:	d011      	beq.n	1000585e <cdcd_control_xfer_cb+0x9a>
1000583a:	2001      	movs	r0, #1
1000583c:	bd70      	pop	{r4, r5, r6, pc}
1000583e:	2901      	cmp	r1, #1
10005840:	d00d      	beq.n	1000585e <cdcd_control_xfer_cb+0x9a>
10005842:	2903      	cmp	r1, #3
10005844:	d1f9      	bne.n	1000583a <cdcd_control_xfer_cb+0x76>
10005846:	4b0d      	ldr	r3, [pc, #52]	@ (1000587c <cdcd_control_xfer_cb+0xb8>)
10005848:	2b00      	cmp	r3, #0
1000584a:	d0f6      	beq.n	1000583a <cdcd_control_xfer_cb+0x76>
1000584c:	2000      	movs	r0, #0
1000584e:	490c      	ldr	r1, [pc, #48]	@ (10005880 <cdcd_control_xfer_cb+0xbc>)
10005850:	f7fe faac 	bl	10003dac <tud_cdc_line_coding_cb>
10005854:	e7f1      	b.n	1000583a <cdcd_control_xfer_cb+0x76>
10005856:	4611      	mov	r1, r2
10005858:	f7ff fcbc 	bl	100051d4 <tud_control_status>
1000585c:	e7ed      	b.n	1000583a <cdcd_control_xfer_cb+0x76>
1000585e:	4611      	mov	r1, r2
10005860:	2307      	movs	r3, #7
10005862:	4a07      	ldr	r2, [pc, #28]	@ (10005880 <cdcd_control_xfer_cb+0xbc>)
10005864:	f7ff fcd0 	bl	10005208 <tud_control_xfer>
10005868:	e7e7      	b.n	1000583a <cdcd_control_xfer_cb+0x76>
1000586a:	bf00      	nop
1000586c:	20001ed8 	.word	0x20001ed8
10005870:	00000000 	.word	0x00000000
10005874:	20001efc 	.word	0x20001efc
10005878:	00000000 	.word	0x00000000
1000587c:	10003dad 	.word	0x10003dad
10005880:	20001ee0 	.word	0x20001ee0

10005884 <cdcd_xfer_cb>:
10005884:	e92d 43f8 	stmdb	sp!, {r3, r4, r5, r6, r7, r8, r9, lr}
10005888:	4e35      	ldr	r6, [pc, #212]	@ (10005960 <cdcd_xfer_cb+0xdc>)
1000588a:	460c      	mov	r4, r1
1000588c:	78f2      	ldrb	r2, [r6, #3]
1000588e:	4607      	mov	r7, r0
10005890:	428a      	cmp	r2, r1
10005892:	461d      	mov	r5, r3
10005894:	d03d      	beq.n	10005912 <cdcd_xfer_cb+0x8e>
10005896:	78b3      	ldrb	r3, [r6, #2]
10005898:	428b      	cmp	r3, r1
1000589a:	d012      	beq.n	100058c2 <cdcd_xfer_cb+0x3e>
1000589c:	f04f 23e0 	mov.w	r3, #3758153728	@ 0xe000e000
100058a0:	f8d3 3df0 	ldr.w	r3, [r3, #3568]	@ 0xdf0
100058a4:	07db      	lsls	r3, r3, #31
100058a6:	d432      	bmi.n	1000590e <cdcd_xfer_cb+0x8a>
100058a8:	2000      	movs	r0, #0
100058aa:	e8bd 83f8 	ldmia.w	sp!, {r3, r4, r5, r6, r7, r8, r9, pc}
100058ae:	4b2d      	ldr	r3, [pc, #180]	@ (10005964 <cdcd_xfer_cb+0xe0>)
100058b0:	b123      	cbz	r3, 100058bc <cdcd_xfer_cb+0x38>
100058b2:	482d      	ldr	r0, [pc, #180]	@ (10005968 <cdcd_xfer_cb+0xe4>)
100058b4:	f000 fb80 	bl	10005fb8 <tu_fifo_empty>
100058b8:	2800      	cmp	r0, #0
100058ba:	d04d      	beq.n	10005958 <cdcd_xfer_cb+0xd4>
100058bc:	2000      	movs	r0, #0
100058be:	f7ff fd99 	bl	100053f4 <_prep_out_transaction.isra.0>
100058c2:	78b3      	ldrb	r3, [r6, #2]
100058c4:	42a3      	cmp	r3, r4
100058c6:	d001      	beq.n	100058cc <cdcd_xfer_cb+0x48>
100058c8:	2001      	movs	r0, #1
100058ca:	e7ee      	b.n	100058aa <cdcd_xfer_cb+0x26>
100058cc:	4b27      	ldr	r3, [pc, #156]	@ (1000596c <cdcd_xfer_cb+0xe8>)
100058ce:	b113      	cbz	r3, 100058d6 <cdcd_xfer_cb+0x52>
100058d0:	2000      	movs	r0, #0
100058d2:	f3af 8000 	nop.w
100058d6:	2000      	movs	r0, #0
100058d8:	f7ff fe2e 	bl	10005538 <tud_cdc_n_write_flush>
100058dc:	2800      	cmp	r0, #0
100058de:	d1f3      	bne.n	100058c8 <cdcd_xfer_cb+0x44>
100058e0:	4823      	ldr	r0, [pc, #140]	@ (10005970 <cdcd_xfer_cb+0xec>)
100058e2:	f000 fb59 	bl	10005f98 <tu_fifo_count>
100058e6:	2800      	cmp	r0, #0
100058e8:	d1ee      	bne.n	100058c8 <cdcd_xfer_cb+0x44>
100058ea:	2d00      	cmp	r5, #0
100058ec:	d0ec      	beq.n	100058c8 <cdcd_xfer_cb+0x44>
100058ee:	f015 053f 	ands.w	r5, r5, #63	@ 0x3f
100058f2:	d1e9      	bne.n	100058c8 <cdcd_xfer_cb+0x44>
100058f4:	4638      	mov	r0, r7
100058f6:	78b1      	ldrb	r1, [r6, #2]
100058f8:	f7ff fc10 	bl	1000511c <usbd_edpt_claim>
100058fc:	2800      	cmp	r0, #0
100058fe:	d0e3      	beq.n	100058c8 <cdcd_xfer_cb+0x44>
10005900:	462b      	mov	r3, r5
10005902:	462a      	mov	r2, r5
10005904:	4638      	mov	r0, r7
10005906:	78b1      	ldrb	r1, [r6, #2]
10005908:	f7ff fc2c 	bl	10005164 <usbd_edpt_xfer>
1000590c:	e7dc      	b.n	100058c8 <cdcd_xfer_cb+0x44>
1000590e:	be00      	bkpt	0x0000
10005910:	e7ca      	b.n	100058a8 <cdcd_xfer_cb+0x24>
10005912:	b29a      	uxth	r2, r3
10005914:	4917      	ldr	r1, [pc, #92]	@ (10005974 <cdcd_xfer_cb+0xf0>)
10005916:	f106 0010 	add.w	r0, r6, #16
1000591a:	f000 fc71 	bl	10006200 <tu_fifo_write_n>
1000591e:	4b16      	ldr	r3, [pc, #88]	@ (10005978 <cdcd_xfer_cb+0xf4>)
10005920:	2b00      	cmp	r3, #0
10005922:	d0c4      	beq.n	100058ae <cdcd_xfer_cb+0x2a>
10005924:	7973      	ldrb	r3, [r6, #5]
10005926:	2bff      	cmp	r3, #255	@ 0xff
10005928:	d0c1      	beq.n	100058ae <cdcd_xfer_cb+0x2a>
1000592a:	2d00      	cmp	r5, #0
1000592c:	d0bf      	beq.n	100058ae <cdcd_xfer_cb+0x2a>
1000592e:	f8df 8044 	ldr.w	r8, [pc, #68]	@ 10005974 <cdcd_xfer_cb+0xf0>
10005932:	eb08 0905 	add.w	r9, r8, r5
10005936:	e002      	b.n	1000593e <cdcd_xfer_cb+0xba>
10005938:	45c8      	cmp	r8, r9
1000593a:	d0b8      	beq.n	100058ae <cdcd_xfer_cb+0x2a>
1000593c:	7973      	ldrb	r3, [r6, #5]
1000593e:	f818 2b01 	ldrb.w	r2, [r8], #1
10005942:	429a      	cmp	r2, r3
10005944:	d1f8      	bne.n	10005938 <cdcd_xfer_cb+0xb4>
10005946:	4808      	ldr	r0, [pc, #32]	@ (10005968 <cdcd_xfer_cb+0xe4>)
10005948:	f000 fb36 	bl	10005fb8 <tu_fifo_empty>
1000594c:	2800      	cmp	r0, #0
1000594e:	d1f3      	bne.n	10005938 <cdcd_xfer_cb+0xb4>
10005950:	7971      	ldrb	r1, [r6, #5]
10005952:	f3af 8000 	nop.w
10005956:	e7ef      	b.n	10005938 <cdcd_xfer_cb+0xb4>
10005958:	f3af 8000 	nop.w
1000595c:	e7ae      	b.n	100058bc <cdcd_xfer_cb+0x38>
1000595e:	bf00      	nop
10005960:	20001ed8 	.word	0x20001ed8
10005964:	00000000 	.word	0x00000000
10005968:	20001ee8 	.word	0x20001ee8
1000596c:	00000000 	.word	0x00000000
10005970:	20001efc 	.word	0x20001efc
10005974:	20001e54 	.word	0x20001e54
10005978:	00000000 	.word	0x00000000

1000597c <vendord_init>:
1000597c:	b5f0      	push	{r4, r5, r6, r7, lr}
1000597e:	f44f 7213 	mov.w	r2, #588	@ 0x24c
10005982:	b085      	sub	sp, #20
10005984:	2100      	movs	r1, #0
10005986:	4812      	ldr	r0, [pc, #72]	@ (100059d0 <vendord_init+0x54>)
10005988:	f003 fb12 	bl	10008fb0 <memset>
1000598c:	2640      	movs	r6, #64	@ 0x40
1000598e:	2300      	movs	r3, #0
10005990:	f44f 7580 	mov.w	r5, #256	@ 0x100
10005994:	4f0e      	ldr	r7, [pc, #56]	@ (100059d0 <vendord_init+0x54>)
10005996:	4c0f      	ldr	r4, [pc, #60]	@ (100059d4 <vendord_init+0x58>)
10005998:	f507 72a6 	add.w	r2, r7, #332	@ 0x14c
1000599c:	4619      	mov	r1, r3
1000599e:	e9cd 4602 	strd	r4, r6, [sp, #8]
100059a2:	9200      	str	r2, [sp, #0]
100059a4:	9501      	str	r5, [sp, #4]
100059a6:	461a      	mov	r2, r3
100059a8:	f507 7094 	add.w	r0, r7, #296	@ 0x128
100059ac:	f000 f9c6 	bl	10005d3c <tu_edpt_stream_init>
100059b0:	2300      	movs	r3, #0
100059b2:	4638      	mov	r0, r7
100059b4:	f107 0128 	add.w	r1, r7, #40	@ 0x28
100059b8:	4434      	add	r4, r6
100059ba:	9100      	str	r1, [sp, #0]
100059bc:	2201      	movs	r2, #1
100059be:	4619      	mov	r1, r3
100059c0:	e9cd 4602 	strd	r4, r6, [sp, #8]
100059c4:	9501      	str	r5, [sp, #4]
100059c6:	3004      	adds	r0, #4
100059c8:	f000 f9b8 	bl	10005d3c <tu_edpt_stream_init>
100059cc:	b005      	add	sp, #20
100059ce:	bdf0      	pop	{r4, r5, r6, r7, pc}
100059d0:	200021bc 	.word	0x200021bc
100059d4:	2000213c 	.word	0x2000213c

100059d8 <vendord_deinit>:
100059d8:	b508      	push	{r3, lr}
100059da:	4805      	ldr	r0, [pc, #20]	@ (100059f0 <vendord_deinit+0x18>)
100059dc:	f000 f9da 	bl	10005d94 <tu_edpt_stream_deinit>
100059e0:	4b03      	ldr	r3, [pc, #12]	@ (100059f0 <vendord_deinit+0x18>)
100059e2:	f5a3 7092 	sub.w	r0, r3, #292	@ 0x124
100059e6:	f000 f9d5 	bl	10005d94 <tu_edpt_stream_deinit>
100059ea:	2001      	movs	r0, #1
100059ec:	bd08      	pop	{r3, pc}
100059ee:	bf00      	nop
100059f0:	200022e4 	.word	0x200022e4

100059f4 <vendord_reset>:
100059f4:	b538      	push	{r3, r4, r5, lr}
100059f6:	2500      	movs	r5, #0
100059f8:	4c06      	ldr	r4, [pc, #24]	@ (10005a14 <vendord_reset+0x20>)
100059fa:	f504 7098 	add.w	r0, r4, #304	@ 0x130
100059fe:	7025      	strb	r5, [r4, #0]
10005a00:	f000 fcac 	bl	1000635c <tu_fifo_clear>
10005a04:	f104 000c 	add.w	r0, r4, #12
10005a08:	f000 fca8 	bl	1000635c <tu_fifo_clear>
10005a0c:	f884 5129 	strb.w	r5, [r4, #297]	@ 0x129
10005a10:	7165      	strb	r5, [r4, #5]
10005a12:	bd38      	pop	{r3, r4, r5, pc}
10005a14:	200021bc 	.word	0x200021bc

10005a18 <vendord_open>:
10005a18:	e92d 43f8 	stmdb	sp!, {r3, r4, r5, r6, r7, r8, r9, lr}
10005a1c:	794b      	ldrb	r3, [r1, #5]
10005a1e:	2bff      	cmp	r3, #255	@ 0xff
10005a20:	d151      	bne.n	10005ac6 <vendord_open+0xae>
10005a22:	4e35      	ldr	r6, [pc, #212]	@ (10005af8 <vendord_open+0xe0>)
10005a24:	f896 3129 	ldrb.w	r3, [r6, #297]	@ 0x129
10005a28:	2b00      	cmp	r3, #0
10005a2a:	d14c      	bne.n	10005ac6 <vendord_open+0xae>
10005a2c:	f896 8005 	ldrb.w	r8, [r6, #5]
10005a30:	f1b8 0f00 	cmp.w	r8, #0
10005a34:	d147      	bne.n	10005ac6 <vendord_open+0xae>
10005a36:	788b      	ldrb	r3, [r1, #2]
10005a38:	780c      	ldrb	r4, [r1, #0]
10005a3a:	7033      	strb	r3, [r6, #0]
10005a3c:	790b      	ldrb	r3, [r1, #4]
10005a3e:	460f      	mov	r7, r1
10005a40:	440c      	add	r4, r1
10005a42:	b3ab      	cbz	r3, 10005ab0 <vendord_open+0x98>
10005a44:	4681      	mov	r9, r0
10005a46:	18a5      	adds	r5, r4, r2
10005a48:	e003      	b.n	10005a52 <vendord_open+0x3a>
10005a4a:	42a5      	cmp	r5, r4
10005a4c:	d930      	bls.n	10005ab0 <vendord_open+0x98>
10005a4e:	7823      	ldrb	r3, [r4, #0]
10005a50:	441c      	add	r4, r3
10005a52:	7863      	ldrb	r3, [r4, #1]
10005a54:	2b05      	cmp	r3, #5
10005a56:	d1f8      	bne.n	10005a4a <vendord_open+0x32>
10005a58:	42ac      	cmp	r4, r5
10005a5a:	d229      	bcs.n	10005ab0 <vendord_open+0x98>
10005a5c:	4621      	mov	r1, r4
10005a5e:	4648      	mov	r0, r9
10005a60:	f7ff fb3a 	bl	100050d8 <usbd_edpt_open>
10005a64:	b340      	cbz	r0, 10005ab8 <vendord_open+0xa0>
10005a66:	78a3      	ldrb	r3, [r4, #2]
10005a68:	09db      	lsrs	r3, r3, #7
10005a6a:	d12f      	bne.n	10005acc <vendord_open+0xb4>
10005a6c:	4823      	ldr	r0, [pc, #140]	@ (10005afc <vendord_open+0xe4>)
10005a6e:	f000 fc75 	bl	1000635c <tu_fifo_clear>
10005a72:	78a3      	ldrb	r3, [r4, #2]
10005a74:	f896 2128 	ldrb.w	r2, [r6, #296]	@ 0x128
10005a78:	f886 3129 	strb.w	r3, [r6, #297]	@ 0x129
10005a7c:	88a3      	ldrh	r3, [r4, #4]
10005a7e:	4648      	mov	r0, r9
10005a80:	f3c3 030a 	ubfx	r3, r3, #0, #11
10005a84:	f5a3 7300 	sub.w	r3, r3, #512	@ 0x200
10005a88:	fab3 f383 	clz	r3, r3
10005a8c:	095b      	lsrs	r3, r3, #5
10005a8e:	f363 0241 	bfi	r2, r3, #1, #1
10005a92:	491b      	ldr	r1, [pc, #108]	@ (10005b00 <vendord_open+0xe8>)
10005a94:	f886 2128 	strb.w	r2, [r6, #296]	@ 0x128
10005a98:	f000 f9ea 	bl	10005e70 <tu_edpt_stream_read_xfer>
10005a9c:	b160      	cbz	r0, 10005ab8 <vendord_open+0xa0>
10005a9e:	7823      	ldrb	r3, [r4, #0]
10005aa0:	793a      	ldrb	r2, [r7, #4]
10005aa2:	f108 0801 	add.w	r8, r8, #1
10005aa6:	441c      	add	r4, r3
10005aa8:	fa5f f388 	uxtb.w	r3, r8
10005aac:	429a      	cmp	r2, r3
10005aae:	d8d0      	bhi.n	10005a52 <vendord_open+0x3a>
10005ab0:	1be1      	subs	r1, r4, r7
10005ab2:	b288      	uxth	r0, r1
10005ab4:	e8bd 83f8 	ldmia.w	sp!, {r3, r4, r5, r6, r7, r8, r9, pc}
10005ab8:	f04f 23e0 	mov.w	r3, #3758153728	@ 0xe000e000
10005abc:	f8d3 3df0 	ldr.w	r3, [r3, #3568]	@ 0xdf0
10005ac0:	07db      	lsls	r3, r3, #31
10005ac2:	d500      	bpl.n	10005ac6 <vendord_open+0xae>
10005ac4:	be00      	bkpt	0x0000
10005ac6:	2000      	movs	r0, #0
10005ac8:	e8bd 83f8 	ldmia.w	sp!, {r3, r4, r5, r6, r7, r8, r9, pc}
10005acc:	480d      	ldr	r0, [pc, #52]	@ (10005b04 <vendord_open+0xec>)
10005ace:	f000 fc45 	bl	1000635c <tu_fifo_clear>
10005ad2:	78a3      	ldrb	r3, [r4, #2]
10005ad4:	7932      	ldrb	r2, [r6, #4]
10005ad6:	7173      	strb	r3, [r6, #5]
10005ad8:	88a3      	ldrh	r3, [r4, #4]
10005ada:	490b      	ldr	r1, [pc, #44]	@ (10005b08 <vendord_open+0xf0>)
10005adc:	f3c3 030a 	ubfx	r3, r3, #0, #11
10005ae0:	f5a3 7300 	sub.w	r3, r3, #512	@ 0x200
10005ae4:	fab3 f383 	clz	r3, r3
10005ae8:	095b      	lsrs	r3, r3, #5
10005aea:	f363 0241 	bfi	r2, r3, #1, #1
10005aee:	2000      	movs	r0, #0
10005af0:	7132      	strb	r2, [r6, #4]
10005af2:	f000 f985 	bl	10005e00 <tu_edpt_stream_write_xfer>
10005af6:	e7d2      	b.n	10005a9e <vendord_open+0x86>
10005af8:	200021bc 	.word	0x200021bc
10005afc:	200022ec 	.word	0x200022ec
10005b00:	200022e4 	.word	0x200022e4
10005b04:	200021c8 	.word	0x200021c8
10005b08:	200021c0 	.word	0x200021c0

10005b0c <vendord_xfer_cb>:
10005b0c:	b570      	push	{r4, r5, r6, lr}
10005b0e:	4c1b      	ldr	r4, [pc, #108]	@ (10005b7c <vendord_xfer_cb+0x70>)
10005b10:	4606      	mov	r6, r0
10005b12:	f894 c129 	ldrb.w	ip, [r4, #297]	@ 0x129
10005b16:	461d      	mov	r5, r3
10005b18:	458c      	cmp	ip, r1
10005b1a:	d011      	beq.n	10005b40 <vendord_xfer_cb+0x34>
10005b1c:	7963      	ldrb	r3, [r4, #5]
10005b1e:	428b      	cmp	r3, r1
10005b20:	d001      	beq.n	10005b26 <vendord_xfer_cb+0x1a>
10005b22:	2000      	movs	r0, #0
10005b24:	bd70      	pop	{r4, r5, r6, pc}
10005b26:	4b16      	ldr	r3, [pc, #88]	@ (10005b80 <vendord_xfer_cb+0x74>)
10005b28:	b11b      	cbz	r3, 10005b32 <vendord_xfer_cb+0x26>
10005b2a:	2000      	movs	r0, #0
10005b2c:	b2a9      	uxth	r1, r5
10005b2e:	f3af 8000 	nop.w
10005b32:	4630      	mov	r0, r6
10005b34:	4913      	ldr	r1, [pc, #76]	@ (10005b84 <vendord_xfer_cb+0x78>)
10005b36:	f000 f963 	bl	10005e00 <tu_edpt_stream_write_xfer>
10005b3a:	b1c8      	cbz	r0, 10005b70 <vendord_xfer_cb+0x64>
10005b3c:	2001      	movs	r0, #1
10005b3e:	bd70      	pop	{r4, r5, r6, pc}
10005b40:	f8b4 3134 	ldrh.w	r3, [r4, #308]	@ 0x134
10005b44:	b963      	cbnz	r3, 10005b60 <vendord_xfer_cb+0x54>
10005b46:	4b10      	ldr	r3, [pc, #64]	@ (10005b88 <vendord_xfer_cb+0x7c>)
10005b48:	b123      	cbz	r3, 10005b54 <vendord_xfer_cb+0x48>
10005b4a:	2000      	movs	r0, #0
10005b4c:	490f      	ldr	r1, [pc, #60]	@ (10005b8c <vendord_xfer_cb+0x80>)
10005b4e:	b2aa      	uxth	r2, r5
10005b50:	f3af 8000 	nop.w
10005b54:	4630      	mov	r0, r6
10005b56:	490e      	ldr	r1, [pc, #56]	@ (10005b90 <vendord_xfer_cb+0x84>)
10005b58:	f000 f98a 	bl	10005e70 <tu_edpt_stream_read_xfer>
10005b5c:	2001      	movs	r0, #1
10005b5e:	e7ee      	b.n	10005b3e <vendord_xfer_cb+0x32>
10005b60:	f8d4 112c 	ldr.w	r1, [r4, #300]	@ 0x12c
10005b64:	b2aa      	uxth	r2, r5
10005b66:	f504 7098 	add.w	r0, r4, #304	@ 0x130
10005b6a:	f000 fb49 	bl	10006200 <tu_fifo_write_n>
10005b6e:	e7ea      	b.n	10005b46 <vendord_xfer_cb+0x3a>
10005b70:	462a      	mov	r2, r5
10005b72:	4630      	mov	r0, r6
10005b74:	4903      	ldr	r1, [pc, #12]	@ (10005b84 <vendord_xfer_cb+0x78>)
10005b76:	f000 f90f 	bl	10005d98 <tu_edpt_stream_write_zlp_if_needed>
10005b7a:	e7df      	b.n	10005b3c <vendord_xfer_cb+0x30>
10005b7c:	200021bc 	.word	0x200021bc
10005b80:	00000000 	.word	0x00000000
10005b84:	200021c0 	.word	0x200021c0
10005b88:	00000000 	.word	0x00000000
10005b8c:	2000213c 	.word	0x2000213c
10005b90:	200022e4 	.word	0x200022e4

10005b94 <tusb_rhport_init>:
10005b94:	b510      	push	{r4, lr}
10005b96:	b082      	sub	sp, #8
10005b98:	b1c9      	cbz	r1, 10005bce <tusb_rhport_init+0x3a>
10005b9a:	2801      	cmp	r0, #1
10005b9c:	d80c      	bhi.n	10005bb8 <tusb_rhport_init+0x24>
10005b9e:	780b      	ldrb	r3, [r1, #0]
10005ba0:	b153      	cbz	r3, 10005bb8 <tusb_rhport_init+0x24>
10005ba2:	4c14      	ldr	r4, [pc, #80]	@ (10005bf4 <tusb_rhport_init+0x60>)
10005ba4:	2b01      	cmp	r3, #1
10005ba6:	5423      	strb	r3, [r4, r0]
10005ba8:	d002      	beq.n	10005bb0 <tusb_rhport_init+0x1c>
10005baa:	2001      	movs	r0, #1
10005bac:	b002      	add	sp, #8
10005bae:	bd10      	pop	{r4, pc}
10005bb0:	f7fe fe08 	bl	100047c4 <tud_rhport_init>
10005bb4:	2800      	cmp	r0, #0
10005bb6:	d1f8      	bne.n	10005baa <tusb_rhport_init+0x16>
10005bb8:	f04f 23e0 	mov.w	r3, #3758153728	@ 0xe000e000
10005bbc:	f8d3 3df0 	ldr.w	r3, [r3, #3568]	@ 0xdf0
10005bc0:	07db      	lsls	r3, r3, #31
10005bc2:	d402      	bmi.n	10005bca <tusb_rhport_init+0x36>
10005bc4:	2000      	movs	r0, #0
10005bc6:	b002      	add	sp, #8
10005bc8:	bd10      	pop	{r4, pc}
10005bca:	be00      	bkpt	0x0000
10005bcc:	e7fa      	b.n	10005bc4 <tusb_rhport_init+0x30>
10005bce:	2401      	movs	r4, #1
10005bd0:	4608      	mov	r0, r1
10005bd2:	a901      	add	r1, sp, #4
10005bd4:	f8ad 4004 	strh.w	r4, [sp, #4]
10005bd8:	f7fe fdf4 	bl	100047c4 <tud_rhport_init>
10005bdc:	b938      	cbnz	r0, 10005bee <tusb_rhport_init+0x5a>
10005bde:	f04f 23e0 	mov.w	r3, #3758153728	@ 0xe000e000
10005be2:	f8d3 3df0 	ldr.w	r3, [r3, #3568]	@ 0xdf0
10005be6:	07da      	lsls	r2, r3, #31
10005be8:	d5ed      	bpl.n	10005bc6 <tusb_rhport_init+0x32>
10005bea:	be00      	bkpt	0x0000
10005bec:	e7eb      	b.n	10005bc6 <tusb_rhport_init+0x32>
10005bee:	4b01      	ldr	r3, [pc, #4]	@ (10005bf4 <tusb_rhport_init+0x60>)
10005bf0:	701c      	strb	r4, [r3, #0]
10005bf2:	e7e8      	b.n	10005bc6 <tusb_rhport_init+0x32>
10005bf4:	20002014 	.word	0x20002014

10005bf8 <tu_edpt_claim>:
10005bf8:	b5f8      	push	{r3, r4, r5, r6, r7, lr}
10005bfa:	7803      	ldrb	r3, [r0, #0]
10005bfc:	f013 0401 	ands.w	r4, r3, #1
10005c00:	d11a      	bne.n	10005c38 <tu_edpt_claim+0x40>
10005c02:	7803      	ldrb	r3, [r0, #0]
10005c04:	4605      	mov	r5, r0
10005c06:	075a      	lsls	r2, r3, #29
10005c08:	f3c3 0780 	ubfx	r7, r3, #2, #1
10005c0c:	d501      	bpl.n	10005c12 <tu_edpt_claim+0x1a>
10005c0e:	4620      	mov	r0, r4
10005c10:	bdf8      	pop	{r3, r4, r5, r6, r7, pc}
10005c12:	460e      	mov	r6, r1
10005c14:	f04f 31ff 	mov.w	r1, #4294967295
10005c18:	4630      	mov	r0, r6
10005c1a:	f003 fc39 	bl	10009490 <__mutex_enter_timeout_ms_veneer>
10005c1e:	782b      	ldrb	r3, [r5, #0]
10005c20:	f013 0401 	ands.w	r4, r3, #1
10005c24:	d10b      	bne.n	10005c3e <tu_edpt_claim+0x46>
10005c26:	782b      	ldrb	r3, [r5, #0]
10005c28:	075b      	lsls	r3, r3, #29
10005c2a:	d409      	bmi.n	10005c40 <tu_edpt_claim+0x48>
10005c2c:	782b      	ldrb	r3, [r5, #0]
10005c2e:	2401      	movs	r4, #1
10005c30:	f043 0304 	orr.w	r3, r3, #4
10005c34:	702b      	strb	r3, [r5, #0]
10005c36:	e003      	b.n	10005c40 <tu_edpt_claim+0x48>
10005c38:	2400      	movs	r4, #0
10005c3a:	4620      	mov	r0, r4
10005c3c:	bdf8      	pop	{r3, r4, r5, r6, r7, pc}
10005c3e:	463c      	mov	r4, r7
10005c40:	4630      	mov	r0, r6
10005c42:	f003 fc3d 	bl	100094c0 <__mutex_exit_veneer>
10005c46:	4620      	mov	r0, r4
10005c48:	bdf8      	pop	{r3, r4, r5, r6, r7, pc}
10005c4a:	bf00      	nop

10005c4c <tu_edpt_release>:
10005c4c:	b570      	push	{r4, r5, r6, lr}
10005c4e:	460c      	mov	r4, r1
10005c50:	4605      	mov	r5, r0
10005c52:	f04f 31ff 	mov.w	r1, #4294967295
10005c56:	4620      	mov	r0, r4
10005c58:	f003 fc1a 	bl	10009490 <__mutex_enter_timeout_ms_veneer>
10005c5c:	782b      	ldrb	r3, [r5, #0]
10005c5e:	f3c3 0680 	ubfx	r6, r3, #2, #1
10005c62:	075b      	lsls	r3, r3, #29
10005c64:	d508      	bpl.n	10005c78 <tu_edpt_release+0x2c>
10005c66:	782b      	ldrb	r3, [r5, #0]
10005c68:	f013 0301 	ands.w	r3, r3, #1
10005c6c:	bf11      	iteee	ne
10005c6e:	2600      	movne	r6, #0
10005c70:	782a      	ldrbeq	r2, [r5, #0]
10005c72:	f363 0282 	bfieq	r2, r3, #2, #1
10005c76:	702a      	strbeq	r2, [r5, #0]
10005c78:	4620      	mov	r0, r4
10005c7a:	f003 fc21 	bl	100094c0 <__mutex_exit_veneer>
10005c7e:	4630      	mov	r0, r6
10005c80:	bd70      	pop	{r4, r5, r6, pc}
10005c82:	bf00      	nop

10005c84 <tu_edpt_validate>:
10005c84:	78c3      	ldrb	r3, [r0, #3]
10005c86:	8882      	ldrh	r2, [r0, #4]
10005c88:	f003 0003 	and.w	r0, r3, #3
10005c8c:	2802      	cmp	r0, #2
10005c8e:	f3c2 020a 	ubfx	r2, r2, #0, #11
10005c92:	d015      	beq.n	10005cc0 <tu_edpt_validate+0x3c>
10005c94:	2803      	cmp	r0, #3
10005c96:	d00a      	beq.n	10005cae <tu_edpt_validate+0x2a>
10005c98:	2801      	cmp	r0, #1
10005c9a:	d11c      	bne.n	10005cd6 <tu_edpt_validate+0x52>
10005c9c:	2902      	cmp	r1, #2
10005c9e:	f240 33ff 	movw	r3, #1023	@ 0x3ff
10005ca2:	bf08      	it	eq
10005ca4:	f44f 6380 	moveq.w	r3, #1024	@ 0x400
10005ca8:	4293      	cmp	r3, r2
10005caa:	d30d      	bcc.n	10005cc8 <tu_edpt_validate+0x44>
10005cac:	4770      	bx	lr
10005cae:	2902      	cmp	r1, #2
10005cb0:	bf14      	ite	ne
10005cb2:	2340      	movne	r3, #64	@ 0x40
10005cb4:	f44f 6380 	moveq.w	r3, #1024	@ 0x400
10005cb8:	4293      	cmp	r3, r2
10005cba:	d305      	bcc.n	10005cc8 <tu_edpt_validate+0x44>
10005cbc:	2001      	movs	r0, #1
10005cbe:	4770      	bx	lr
10005cc0:	2902      	cmp	r1, #2
10005cc2:	d00a      	beq.n	10005cda <tu_edpt_validate+0x56>
10005cc4:	2a40      	cmp	r2, #64	@ 0x40
10005cc6:	d9f9      	bls.n	10005cbc <tu_edpt_validate+0x38>
10005cc8:	f04f 23e0 	mov.w	r3, #3758153728	@ 0xe000e000
10005ccc:	f8d3 3df0 	ldr.w	r3, [r3, #3568]	@ 0xdf0
10005cd0:	07db      	lsls	r3, r3, #31
10005cd2:	d500      	bpl.n	10005cd6 <tu_edpt_validate+0x52>
10005cd4:	be00      	bkpt	0x0000
10005cd6:	2000      	movs	r0, #0
10005cd8:	4770      	bx	lr
10005cda:	f5b2 7f00 	cmp.w	r2, #512	@ 0x200
10005cde:	d0ed      	beq.n	10005cbc <tu_edpt_validate+0x38>
10005ce0:	e7f2      	b.n	10005cc8 <tu_edpt_validate+0x44>
10005ce2:	bf00      	nop

10005ce4 <tu_edpt_bind_driver>:
10005ce4:	440a      	add	r2, r1
10005ce6:	4291      	cmp	r1, r2
10005ce8:	d226      	bcs.n	10005d38 <tu_edpt_bind_driver+0x54>
10005cea:	f891 c001 	ldrb.w	ip, [r1, #1]
10005cee:	f1bc 0f05 	cmp.w	ip, #5
10005cf2:	d005      	beq.n	10005d00 <tu_edpt_bind_driver+0x1c>
10005cf4:	f891 c000 	ldrb.w	ip, [r1]
10005cf8:	4461      	add	r1, ip
10005cfa:	428a      	cmp	r2, r1
10005cfc:	d8f5      	bhi.n	10005cea <tu_edpt_bind_driver+0x6>
10005cfe:	4770      	bx	lr
10005d00:	b500      	push	{lr}
10005d02:	f891 c002 	ldrb.w	ip, [r1, #2]
10005d06:	f00c 0e7f 	and.w	lr, ip, #127	@ 0x7f
10005d0a:	eb00 0e4e 	add.w	lr, r0, lr, lsl #1
10005d0e:	ea4f 1cdc 	mov.w	ip, ip, lsr #7
10005d12:	f80e 300c 	strb.w	r3, [lr, ip]
10005d16:	f891 c000 	ldrb.w	ip, [r1]
10005d1a:	4461      	add	r1, ip
10005d1c:	428a      	cmp	r2, r1
10005d1e:	d909      	bls.n	10005d34 <tu_edpt_bind_driver+0x50>
10005d20:	f891 c001 	ldrb.w	ip, [r1, #1]
10005d24:	f1bc 0f05 	cmp.w	ip, #5
10005d28:	d0eb      	beq.n	10005d02 <tu_edpt_bind_driver+0x1e>
10005d2a:	f891 c000 	ldrb.w	ip, [r1]
10005d2e:	4461      	add	r1, ip
10005d30:	428a      	cmp	r2, r1
10005d32:	d8f5      	bhi.n	10005d20 <tu_edpt_bind_driver+0x3c>
10005d34:	f85d fb04 	ldr.w	pc, [sp], #4
10005d38:	4770      	bx	lr
10005d3a:	bf00      	nop

10005d3c <tu_edpt_stream_init>:
10005d3c:	e92d 41f0 	stmdb	sp!, {r4, r5, r6, r7, r8, lr}
10005d40:	468e      	mov	lr, r1
10005d42:	b082      	sub	sp, #8
10005d44:	9300      	str	r3, [sp, #0]
10005d46:	f890 c000 	ldrb.w	ip, [r0]
10005d4a:	9e08      	ldr	r6, [sp, #32]
10005d4c:	f8bd 7024 	ldrh.w	r7, [sp, #36]	@ 0x24
10005d50:	f36e 0c00 	bfi	ip, lr, #0, #1
10005d54:	4604      	mov	r4, r0
10005d56:	4615      	mov	r5, r2
10005d58:	2301      	movs	r3, #1
10005d5a:	4631      	mov	r1, r6
10005d5c:	463a      	mov	r2, r7
10005d5e:	f800 cb08 	strb.w	ip, [r0], #8
10005d62:	f8bd 802c 	ldrh.w	r8, [sp, #44]	@ 0x2c
10005d66:	f000 f8e7 	bl	10005f38 <tu_fifo_config>
10005d6a:	b106      	cbz	r6, 10005d6e <tu_edpt_stream_init+0x32>
10005d6c:	b93f      	cbnz	r7, 10005d7e <tu_edpt_stream_init+0x42>
10005d6e:	2001      	movs	r0, #1
10005d70:	9b0a      	ldr	r3, [sp, #40]	@ 0x28
10005d72:	f8a4 8002 	strh.w	r8, [r4, #2]
10005d76:	6063      	str	r3, [r4, #4]
10005d78:	b002      	add	sp, #8
10005d7a:	e8bd 81f0 	ldmia.w	sp!, {r4, r5, r6, r7, r8, pc}
10005d7e:	f104 061c 	add.w	r6, r4, #28
10005d82:	4630      	mov	r0, r6
10005d84:	f7fb f94a 	bl	1000101c <mutex_init>
10005d88:	b10d      	cbz	r5, 10005d8e <tu_edpt_stream_init+0x52>
10005d8a:	4635      	mov	r5, r6
10005d8c:	2600      	movs	r6, #0
10005d8e:	e9c4 5605 	strd	r5, r6, [r4, #20]
10005d92:	e7ec      	b.n	10005d6e <tu_edpt_stream_init+0x32>

10005d94 <tu_edpt_stream_deinit>:
10005d94:	2001      	movs	r0, #1
10005d96:	4770      	bx	lr

10005d98 <tu_edpt_stream_write_zlp_if_needed>:
10005d98:	b5f8      	push	{r3, r4, r5, r6, r7, lr}
10005d9a:	4607      	mov	r7, r0
10005d9c:	4608      	mov	r0, r1
10005d9e:	f240 13ff 	movw	r3, #511	@ 0x1ff
10005da2:	4615      	mov	r5, r2
10005da4:	f810 2b08 	ldrb.w	r2, [r0], #8
10005da8:	460c      	mov	r4, r1
10005daa:	f012 0f02 	tst.w	r2, #2
10005dae:	bf0c      	ite	eq
10005db0:	263f      	moveq	r6, #63	@ 0x3f
10005db2:	461e      	movne	r6, r3
10005db4:	f000 f8f0 	bl	10005f98 <tu_fifo_count>
10005db8:	b928      	cbnz	r0, 10005dc6 <tu_edpt_stream_write_zlp_if_needed+0x2e>
10005dba:	b125      	cbz	r5, 10005dc6 <tu_edpt_stream_write_zlp_if_needed+0x2e>
10005dbc:	422e      	tst	r6, r5
10005dbe:	d102      	bne.n	10005dc6 <tu_edpt_stream_write_zlp_if_needed+0x2e>
10005dc0:	7823      	ldrb	r3, [r4, #0]
10005dc2:	07da      	lsls	r2, r3, #31
10005dc4:	d501      	bpl.n	10005dca <tu_edpt_stream_write_zlp_if_needed+0x32>
10005dc6:	2000      	movs	r0, #0
10005dc8:	bdf8      	pop	{r3, r4, r5, r6, r7, pc}
10005dca:	4638      	mov	r0, r7
10005dcc:	7861      	ldrb	r1, [r4, #1]
10005dce:	f7ff f9a5 	bl	1000511c <usbd_edpt_claim>
10005dd2:	2800      	cmp	r0, #0
10005dd4:	d0f7      	beq.n	10005dc6 <tu_edpt_stream_write_zlp_if_needed+0x2e>
10005dd6:	7823      	ldrb	r3, [r4, #0]
10005dd8:	f013 0301 	ands.w	r3, r3, #1
10005ddc:	d007      	beq.n	10005dee <tu_edpt_stream_write_zlp_if_needed+0x56>
10005dde:	f04f 23e0 	mov.w	r3, #3758153728	@ 0xe000e000
10005de2:	f8d3 3df0 	ldr.w	r3, [r3, #3568]	@ 0xdf0
10005de6:	07db      	lsls	r3, r3, #31
10005de8:	d5ed      	bpl.n	10005dc6 <tu_edpt_stream_write_zlp_if_needed+0x2e>
10005dea:	be00      	bkpt	0x0000
10005dec:	e7eb      	b.n	10005dc6 <tu_edpt_stream_write_zlp_if_needed+0x2e>
10005dee:	461a      	mov	r2, r3
10005df0:	4638      	mov	r0, r7
10005df2:	7861      	ldrb	r1, [r4, #1]
10005df4:	f7ff f9b6 	bl	10005164 <usbd_edpt_xfer>
10005df8:	2800      	cmp	r0, #0
10005dfa:	d0f0      	beq.n	10005dde <tu_edpt_stream_write_zlp_if_needed+0x46>
10005dfc:	bdf8      	pop	{r3, r4, r5, r6, r7, pc}
10005dfe:	bf00      	nop

10005e00 <tu_edpt_stream_write_xfer>:
10005e00:	b570      	push	{r4, r5, r6, lr}
10005e02:	f101 0508 	add.w	r5, r1, #8
10005e06:	4606      	mov	r6, r0
10005e08:	4628      	mov	r0, r5
10005e0a:	460c      	mov	r4, r1
10005e0c:	f000 f8c4 	bl	10005f98 <tu_fifo_count>
10005e10:	b110      	cbz	r0, 10005e18 <tu_edpt_stream_write_xfer+0x18>
10005e12:	7823      	ldrb	r3, [r4, #0]
10005e14:	07da      	lsls	r2, r3, #31
10005e16:	d501      	bpl.n	10005e1c <tu_edpt_stream_write_xfer+0x1c>
10005e18:	2000      	movs	r0, #0
10005e1a:	bd70      	pop	{r4, r5, r6, pc}
10005e1c:	4630      	mov	r0, r6
10005e1e:	7861      	ldrb	r1, [r4, #1]
10005e20:	f7ff f97c 	bl	1000511c <usbd_edpt_claim>
10005e24:	2800      	cmp	r0, #0
10005e26:	d0f7      	beq.n	10005e18 <tu_edpt_stream_write_xfer+0x18>
10005e28:	4628      	mov	r0, r5
10005e2a:	8862      	ldrh	r2, [r4, #2]
10005e2c:	6861      	ldr	r1, [r4, #4]
10005e2e:	f000 f929 	bl	10006084 <tu_fifo_read_n>
10005e32:	7823      	ldrb	r3, [r4, #0]
10005e34:	4605      	mov	r5, r0
10005e36:	f003 0301 	and.w	r3, r3, #1
10005e3a:	b140      	cbz	r0, 10005e4e <tu_edpt_stream_write_xfer+0x4e>
10005e3c:	b173      	cbz	r3, 10005e5c <tu_edpt_stream_write_xfer+0x5c>
10005e3e:	f04f 23e0 	mov.w	r3, #3758153728	@ 0xe000e000
10005e42:	f8d3 3df0 	ldr.w	r3, [r3, #3568]	@ 0xdf0
10005e46:	07db      	lsls	r3, r3, #31
10005e48:	d5e6      	bpl.n	10005e18 <tu_edpt_stream_write_xfer+0x18>
10005e4a:	be00      	bkpt	0x0000
10005e4c:	e7e4      	b.n	10005e18 <tu_edpt_stream_write_xfer+0x18>
10005e4e:	2b00      	cmp	r3, #0
10005e50:	d1e2      	bne.n	10005e18 <tu_edpt_stream_write_xfer+0x18>
10005e52:	4630      	mov	r0, r6
10005e54:	7861      	ldrb	r1, [r4, #1]
10005e56:	f7ff f973 	bl	10005140 <usbd_edpt_release>
10005e5a:	e7dd      	b.n	10005e18 <tu_edpt_stream_write_xfer+0x18>
10005e5c:	4603      	mov	r3, r0
10005e5e:	6862      	ldr	r2, [r4, #4]
10005e60:	4630      	mov	r0, r6
10005e62:	7861      	ldrb	r1, [r4, #1]
10005e64:	f7ff f97e 	bl	10005164 <usbd_edpt_xfer>
10005e68:	2800      	cmp	r0, #0
10005e6a:	d0e8      	beq.n	10005e3e <tu_edpt_stream_write_xfer+0x3e>
10005e6c:	4628      	mov	r0, r5
10005e6e:	bd70      	pop	{r4, r5, r6, pc}

10005e70 <tu_edpt_stream_read_xfer>:
10005e70:	898a      	ldrh	r2, [r1, #12]
10005e72:	e92d 41f0 	stmdb	sp!, {r4, r5, r6, r7, r8, lr}
10005e76:	780b      	ldrb	r3, [r1, #0]
10005e78:	460c      	mov	r4, r1
10005e7a:	4606      	mov	r6, r0
10005e7c:	b922      	cbnz	r2, 10005e88 <tu_edpt_stream_read_xfer+0x18>
10005e7e:	07dd      	lsls	r5, r3, #31
10005e80:	d534      	bpl.n	10005eec <tu_edpt_stream_read_xfer+0x7c>
10005e82:	2000      	movs	r0, #0
10005e84:	e8bd 81f0 	ldmia.w	sp!, {r4, r5, r6, r7, r8, pc}
10005e88:	f104 0708 	add.w	r7, r4, #8
10005e8c:	0799      	lsls	r1, r3, #30
10005e8e:	4638      	mov	r0, r7
10005e90:	bf47      	ittee	mi
10005e92:	f44f 487e 	movmi.w	r8, #65024	@ 0xfe00
10005e96:	f44f 7500 	movmi.w	r5, #512	@ 0x200
10005e9a:	f64f 78c0 	movwpl	r8, #65472	@ 0xffc0
10005e9e:	2540      	movpl	r5, #64	@ 0x40
10005ea0:	f000 f894 	bl	10005fcc <tu_fifo_remaining>
10005ea4:	4285      	cmp	r5, r0
10005ea6:	d8ec      	bhi.n	10005e82 <tu_edpt_stream_read_xfer+0x12>
10005ea8:	7823      	ldrb	r3, [r4, #0]
10005eaa:	07da      	lsls	r2, r3, #31
10005eac:	d4e9      	bmi.n	10005e82 <tu_edpt_stream_read_xfer+0x12>
10005eae:	4630      	mov	r0, r6
10005eb0:	7861      	ldrb	r1, [r4, #1]
10005eb2:	f7ff f933 	bl	1000511c <usbd_edpt_claim>
10005eb6:	2800      	cmp	r0, #0
10005eb8:	d0e3      	beq.n	10005e82 <tu_edpt_stream_read_xfer+0x12>
10005eba:	4638      	mov	r0, r7
10005ebc:	f000 f886 	bl	10005fcc <tu_fifo_remaining>
10005ec0:	7823      	ldrb	r3, [r4, #0]
10005ec2:	4285      	cmp	r5, r0
10005ec4:	f003 0301 	and.w	r3, r3, #1
10005ec8:	d82d      	bhi.n	10005f26 <tu_edpt_stream_read_xfer+0xb6>
10005eca:	b9bb      	cbnz	r3, 10005efc <tu_edpt_stream_read_xfer+0x8c>
10005ecc:	8865      	ldrh	r5, [r4, #2]
10005ece:	ea08 0800 	and.w	r8, r8, r0
10005ed2:	4545      	cmp	r5, r8
10005ed4:	bf28      	it	cs
10005ed6:	4645      	movcs	r5, r8
10005ed8:	7861      	ldrb	r1, [r4, #1]
10005eda:	b35d      	cbz	r5, 10005f34 <tu_edpt_stream_read_xfer+0xc4>
10005edc:	6862      	ldr	r2, [r4, #4]
10005ede:	462b      	mov	r3, r5
10005ee0:	4630      	mov	r0, r6
10005ee2:	f7ff f93f 	bl	10005164 <usbd_edpt_xfer>
10005ee6:	b148      	cbz	r0, 10005efc <tu_edpt_stream_read_xfer+0x8c>
10005ee8:	4628      	mov	r0, r5
10005eea:	e7cb      	b.n	10005e84 <tu_edpt_stream_read_xfer+0x14>
10005eec:	7849      	ldrb	r1, [r1, #1]
10005eee:	f7ff f915 	bl	1000511c <usbd_edpt_claim>
10005ef2:	2800      	cmp	r0, #0
10005ef4:	d0c5      	beq.n	10005e82 <tu_edpt_stream_read_xfer+0x12>
10005ef6:	7823      	ldrb	r3, [r4, #0]
10005ef8:	07d8      	lsls	r0, r3, #31
10005efa:	d507      	bpl.n	10005f0c <tu_edpt_stream_read_xfer+0x9c>
10005efc:	f04f 23e0 	mov.w	r3, #3758153728	@ 0xe000e000
10005f00:	f8d3 3df0 	ldr.w	r3, [r3, #3568]	@ 0xdf0
10005f04:	07db      	lsls	r3, r3, #31
10005f06:	d5bc      	bpl.n	10005e82 <tu_edpt_stream_read_xfer+0x12>
10005f08:	be00      	bkpt	0x0000
10005f0a:	e7ba      	b.n	10005e82 <tu_edpt_stream_read_xfer+0x12>
10005f0c:	8863      	ldrh	r3, [r4, #2]
10005f0e:	7861      	ldrb	r1, [r4, #1]
10005f10:	b13b      	cbz	r3, 10005f22 <tu_edpt_stream_read_xfer+0xb2>
10005f12:	6862      	ldr	r2, [r4, #4]
10005f14:	4630      	mov	r0, r6
10005f16:	f7ff f925 	bl	10005164 <usbd_edpt_xfer>
10005f1a:	2800      	cmp	r0, #0
10005f1c:	d0ee      	beq.n	10005efc <tu_edpt_stream_read_xfer+0x8c>
10005f1e:	8860      	ldrh	r0, [r4, #2]
10005f20:	e7b0      	b.n	10005e84 <tu_edpt_stream_read_xfer+0x14>
10005f22:	461a      	mov	r2, r3
10005f24:	e7f6      	b.n	10005f14 <tu_edpt_stream_read_xfer+0xa4>
10005f26:	2b00      	cmp	r3, #0
10005f28:	d1ab      	bne.n	10005e82 <tu_edpt_stream_read_xfer+0x12>
10005f2a:	4630      	mov	r0, r6
10005f2c:	7861      	ldrb	r1, [r4, #1]
10005f2e:	f7ff f907 	bl	10005140 <usbd_edpt_release>
10005f32:	e7a6      	b.n	10005e82 <tu_edpt_stream_read_xfer+0x12>
10005f34:	462a      	mov	r2, r5
10005f36:	e7d2      	b.n	10005ede <tu_edpt_stream_read_xfer+0x6e>

10005f38 <tu_fifo_config>:
10005f38:	e92d 41f0 	stmdb	sp!, {r4, r5, r6, r7, r8, lr}
10005f3c:	f5b2 4f00 	cmp.w	r2, #32768	@ 0x8000
10005f40:	f89d 8018 	ldrb.w	r8, [sp, #24]
10005f44:	d824      	bhi.n	10005f90 <tu_fifo_config+0x58>
10005f46:	4604      	mov	r4, r0
10005f48:	68c0      	ldr	r0, [r0, #12]
10005f4a:	4617      	mov	r7, r2
10005f4c:	460e      	mov	r6, r1
10005f4e:	461d      	mov	r5, r3
10005f50:	b118      	cbz	r0, 10005f5a <tu_fifo_config+0x22>
10005f52:	f04f 31ff 	mov.w	r1, #4294967295
10005f56:	f003 fa9b 	bl	10009490 <__mutex_enter_timeout_ms_veneer>
10005f5a:	6920      	ldr	r0, [r4, #16]
10005f5c:	b118      	cbz	r0, 10005f66 <tu_fifo_config+0x2e>
10005f5e:	f04f 31ff 	mov.w	r1, #4294967295
10005f62:	f003 fa95 	bl	10009490 <__mutex_enter_timeout_ms_veneer>
10005f66:	2200      	movs	r2, #0
10005f68:	f3c5 030e 	ubfx	r3, r5, #0, #15
10005f6c:	68e0      	ldr	r0, [r4, #12]
10005f6e:	ea43 33c8 	orr.w	r3, r3, r8, lsl #15
10005f72:	8162      	strh	r2, [r4, #10]
10005f74:	6026      	str	r6, [r4, #0]
10005f76:	80a7      	strh	r7, [r4, #4]
10005f78:	80e3      	strh	r3, [r4, #6]
10005f7a:	8122      	strh	r2, [r4, #8]
10005f7c:	b108      	cbz	r0, 10005f82 <tu_fifo_config+0x4a>
10005f7e:	f003 fa9f 	bl	100094c0 <__mutex_exit_veneer>
10005f82:	6920      	ldr	r0, [r4, #16]
10005f84:	b108      	cbz	r0, 10005f8a <tu_fifo_config+0x52>
10005f86:	f003 fa9b 	bl	100094c0 <__mutex_exit_veneer>
10005f8a:	2001      	movs	r0, #1
10005f8c:	e8bd 81f0 	ldmia.w	sp!, {r4, r5, r6, r7, r8, pc}
10005f90:	2000      	movs	r0, #0
10005f92:	e8bd 81f0 	ldmia.w	sp!, {r4, r5, r6, r7, r8, pc}
10005f96:	bf00      	nop

10005f98 <tu_fifo_count>:
10005f98:	8903      	ldrh	r3, [r0, #8]
10005f9a:	8942      	ldrh	r2, [r0, #10]
10005f9c:	b29b      	uxth	r3, r3
10005f9e:	b292      	uxth	r2, r2
10005fa0:	8880      	ldrh	r0, [r0, #4]
10005fa2:	4293      	cmp	r3, r2
10005fa4:	bf36      	itet	cc
10005fa6:	ebc2 0240 	rsbcc	r2, r2, r0, lsl #1
10005faa:	1a9b      	subcs	r3, r3, r2
10005fac:	189b      	addcc	r3, r3, r2
10005fae:	b29b      	uxth	r3, r3
10005fb0:	4298      	cmp	r0, r3
10005fb2:	bf28      	it	cs
10005fb4:	4618      	movcs	r0, r3
10005fb6:	4770      	bx	lr

10005fb8 <tu_fifo_empty>:
10005fb8:	8902      	ldrh	r2, [r0, #8]
10005fba:	8943      	ldrh	r3, [r0, #10]
10005fbc:	b290      	uxth	r0, r2
10005fbe:	b29b      	uxth	r3, r3
10005fc0:	1ac0      	subs	r0, r0, r3
10005fc2:	fab0 f080 	clz	r0, r0
10005fc6:	0940      	lsrs	r0, r0, #5
10005fc8:	4770      	bx	lr
10005fca:	bf00      	nop

10005fcc <tu_fifo_remaining>:
10005fcc:	8903      	ldrh	r3, [r0, #8]
10005fce:	8942      	ldrh	r2, [r0, #10]
10005fd0:	b29b      	uxth	r3, r3
10005fd2:	8880      	ldrh	r0, [r0, #4]
10005fd4:	b292      	uxth	r2, r2
10005fd6:	4293      	cmp	r3, r2
10005fd8:	bf36      	itet	cc
10005fda:	ebc2 0240 	rsbcc	r2, r2, r0, lsl #1
10005fde:	1a9b      	subcs	r3, r3, r2
10005fe0:	189b      	addcc	r3, r3, r2
10005fe2:	b29b      	uxth	r3, r3
10005fe4:	4298      	cmp	r0, r3
10005fe6:	bf86      	itte	hi
10005fe8:	1ac0      	subhi	r0, r0, r3
10005fea:	b280      	uxthhi	r0, r0
10005fec:	2000      	movls	r0, #0
10005fee:	4770      	bx	lr

10005ff0 <tu_fifo_read>:
10005ff0:	b538      	push	{r3, r4, r5, lr}
10005ff2:	4604      	mov	r4, r0
10005ff4:	6900      	ldr	r0, [r0, #16]
10005ff6:	460d      	mov	r5, r1
10005ff8:	b118      	cbz	r0, 10006002 <tu_fifo_read+0x12>
10005ffa:	f04f 31ff 	mov.w	r1, #4294967295
10005ffe:	f003 fa47 	bl	10009490 <__mutex_enter_timeout_ms_veneer>
10006002:	8921      	ldrh	r1, [r4, #8]
10006004:	8963      	ldrh	r3, [r4, #10]
10006006:	b289      	uxth	r1, r1
10006008:	b29b      	uxth	r3, r3
1000600a:	88a2      	ldrh	r2, [r4, #4]
1000600c:	4299      	cmp	r1, r3
1000600e:	bf36      	itet	cc
10006010:	ebc3 0042 	rsbcc	r0, r3, r2, lsl #1
10006014:	1ac8      	subcs	r0, r1, r3
10006016:	1840      	addcc	r0, r0, r1
10006018:	b280      	uxth	r0, r0
1000601a:	b350      	cbz	r0, 10006072 <tu_fifo_read+0x82>
1000601c:	4282      	cmp	r2, r0
1000601e:	d209      	bcs.n	10006034 <tu_fifo_read+0x44>
10006020:	4291      	cmp	r1, r2
10006022:	bf2c      	ite	cs
10006024:	1a89      	subcs	r1, r1, r2
10006026:	1889      	addcc	r1, r1, r2
10006028:	b28b      	uxth	r3, r1
1000602a:	429a      	cmp	r2, r3
1000602c:	8163      	strh	r3, [r4, #10]
1000602e:	d803      	bhi.n	10006038 <tu_fifo_read+0x48>
10006030:	1a9b      	subs	r3, r3, r2
10006032:	b29b      	uxth	r3, r3
10006034:	429a      	cmp	r2, r3
10006036:	d9fb      	bls.n	10006030 <tu_fifo_read+0x40>
10006038:	88e2      	ldrh	r2, [r4, #6]
1000603a:	6821      	ldr	r1, [r4, #0]
1000603c:	f3c2 020e 	ubfx	r2, r2, #0, #15
10006040:	fb02 1103 	mla	r1, r2, r3, r1
10006044:	4628      	mov	r0, r5
10006046:	f003 f82b 	bl	100090a0 <memcpy>
1000604a:	8961      	ldrh	r1, [r4, #10]
1000604c:	2501      	movs	r5, #1
1000604e:	b289      	uxth	r1, r1
10006050:	1c4b      	adds	r3, r1, #1
10006052:	b29b      	uxth	r3, r3
10006054:	4299      	cmp	r1, r3
10006056:	88a2      	ldrh	r2, [r4, #4]
10006058:	d90e      	bls.n	10006078 <tu_fifo_read+0x88>
1000605a:	2300      	movs	r3, #0
1000605c:	fa02 f105 	lsl.w	r1, r2, r5
10006060:	1a5b      	subs	r3, r3, r1
10006062:	b29b      	uxth	r3, r3
10006064:	6920      	ldr	r0, [r4, #16]
10006066:	8163      	strh	r3, [r4, #10]
10006068:	b108      	cbz	r0, 1000606e <tu_fifo_read+0x7e>
1000606a:	f003 fa29 	bl	100094c0 <__mutex_exit_veneer>
1000606e:	4628      	mov	r0, r5
10006070:	bd38      	pop	{r3, r4, r5, pc}
10006072:	4605      	mov	r5, r0
10006074:	8963      	ldrh	r3, [r4, #10]
10006076:	b29b      	uxth	r3, r3
10006078:	ebb3 0f42 	cmp.w	r3, r2, lsl #1
1000607c:	ea4f 0142 	mov.w	r1, r2, lsl #1
10006080:	dbf0      	blt.n	10006064 <tu_fifo_read+0x74>
10006082:	e7ed      	b.n	10006060 <tu_fifo_read+0x70>

10006084 <tu_fifo_read_n>:
10006084:	e92d 47f0 	stmdb	sp!, {r4, r5, r6, r7, r8, r9, sl, lr}
10006088:	4606      	mov	r6, r0
1000608a:	6900      	ldr	r0, [r0, #16]
1000608c:	4688      	mov	r8, r1
1000608e:	4691      	mov	r9, r2
10006090:	b118      	cbz	r0, 1000609a <tu_fifo_read_n+0x16>
10006092:	f04f 31ff 	mov.w	r1, #4294967295
10006096:	f003 f9fb 	bl	10009490 <__mutex_enter_timeout_ms_veneer>
1000609a:	8933      	ldrh	r3, [r6, #8]
1000609c:	8974      	ldrh	r4, [r6, #10]
1000609e:	b29b      	uxth	r3, r3
100060a0:	b2a4      	uxth	r4, r4
100060a2:	88b5      	ldrh	r5, [r6, #4]
100060a4:	42a3      	cmp	r3, r4
100060a6:	bf36      	itet	cc
100060a8:	ebc4 0745 	rsbcc	r7, r4, r5, lsl #1
100060ac:	1b1f      	subcs	r7, r3, r4
100060ae:	18ff      	addcc	r7, r7, r3
100060b0:	b2bf      	uxth	r7, r7
100060b2:	2f00      	cmp	r7, #0
100060b4:	d04a      	beq.n	1000614c <tu_fifo_read_n+0xc8>
100060b6:	42bd      	cmp	r5, r7
100060b8:	d340      	bcc.n	1000613c <tu_fifo_read_n+0xb8>
100060ba:	45b9      	cmp	r9, r7
100060bc:	bf28      	it	cs
100060be:	46b9      	movcs	r9, r7
100060c0:	42a5      	cmp	r5, r4
100060c2:	fa1f f789 	uxth.w	r7, r9
100060c6:	d803      	bhi.n	100060d0 <tu_fifo_read_n+0x4c>
100060c8:	1b64      	subs	r4, r4, r5
100060ca:	b2a4      	uxth	r4, r4
100060cc:	42a5      	cmp	r5, r4
100060ce:	d9fb      	bls.n	100060c8 <tu_fifo_read_n+0x44>
100060d0:	f8b6 a006 	ldrh.w	sl, [r6, #6]
100060d4:	1b2b      	subs	r3, r5, r4
100060d6:	6831      	ldr	r1, [r6, #0]
100060d8:	b29b      	uxth	r3, r3
100060da:	f3ca 020e 	ubfx	r2, sl, #0, #15
100060de:	429f      	cmp	r7, r3
100060e0:	4692      	mov	sl, r2
100060e2:	fb02 1104 	mla	r1, r2, r4, r1
100060e6:	d923      	bls.n	10006130 <tu_fifo_read_n+0xac>
100060e8:	fb13 f302 	smulbb	r3, r3, r2
100060ec:	fa1f f983 	uxth.w	r9, r3
100060f0:	464a      	mov	r2, r9
100060f2:	4640      	mov	r0, r8
100060f4:	1b7d      	subs	r5, r7, r5
100060f6:	f002 ffd3 	bl	100090a0 <memcpy>
100060fa:	1962      	adds	r2, r4, r5
100060fc:	fb12 f20a 	smulbb	r2, r2, sl
10006100:	6831      	ldr	r1, [r6, #0]
10006102:	eb08 0009 	add.w	r0, r8, r9
10006106:	b292      	uxth	r2, r2
10006108:	f002 ffca 	bl	100090a0 <memcpy>
1000610c:	8972      	ldrh	r2, [r6, #10]
1000610e:	88b5      	ldrh	r5, [r6, #4]
10006110:	b292      	uxth	r2, r2
10006112:	19d3      	adds	r3, r2, r7
10006114:	b29b      	uxth	r3, r3
10006116:	429a      	cmp	r2, r3
10006118:	d91a      	bls.n	10006150 <tu_fifo_read_n+0xcc>
1000611a:	006a      	lsls	r2, r5, #1
1000611c:	1a9b      	subs	r3, r3, r2
1000611e:	b29b      	uxth	r3, r3
10006120:	6930      	ldr	r0, [r6, #16]
10006122:	8173      	strh	r3, [r6, #10]
10006124:	b108      	cbz	r0, 1000612a <tu_fifo_read_n+0xa6>
10006126:	f003 f9cb 	bl	100094c0 <__mutex_exit_veneer>
1000612a:	4638      	mov	r0, r7
1000612c:	e8bd 87f0 	ldmia.w	sp!, {r4, r5, r6, r7, r8, r9, sl, pc}
10006130:	4640      	mov	r0, r8
10006132:	fb07 f202 	mul.w	r2, r7, r2
10006136:	f002 ffb3 	bl	100090a0 <memcpy>
1000613a:	e7e7      	b.n	1000610c <tu_fifo_read_n+0x88>
1000613c:	42ab      	cmp	r3, r5
1000613e:	bf2c      	ite	cs
10006140:	1b5b      	subcs	r3, r3, r5
10006142:	195b      	addcc	r3, r3, r5
10006144:	b29c      	uxth	r4, r3
10006146:	462f      	mov	r7, r5
10006148:	8174      	strh	r4, [r6, #10]
1000614a:	e7b6      	b.n	100060ba <tu_fifo_read_n+0x36>
1000614c:	8973      	ldrh	r3, [r6, #10]
1000614e:	b29b      	uxth	r3, r3
10006150:	ebb3 0f45 	cmp.w	r3, r5, lsl #1
10006154:	ea4f 0245 	mov.w	r2, r5, lsl #1
10006158:	dbe2      	blt.n	10006120 <tu_fifo_read_n+0x9c>
1000615a:	e7df      	b.n	1000611c <tu_fifo_read_n+0x98>

1000615c <tu_fifo_write>:
1000615c:	b5f8      	push	{r3, r4, r5, r6, r7, lr}
1000615e:	4604      	mov	r4, r0
10006160:	68c0      	ldr	r0, [r0, #12]
10006162:	460e      	mov	r6, r1
10006164:	b118      	cbz	r0, 1000616e <tu_fifo_write+0x12>
10006166:	f04f 31ff 	mov.w	r1, #4294967295
1000616a:	f003 f991 	bl	10009490 <__mutex_enter_timeout_ms_veneer>
1000616e:	8925      	ldrh	r5, [r4, #8]
10006170:	8923      	ldrh	r3, [r4, #8]
10006172:	8961      	ldrh	r1, [r4, #10]
10006174:	b29b      	uxth	r3, r3
10006176:	b289      	uxth	r1, r1
10006178:	88a2      	ldrh	r2, [r4, #4]
1000617a:	428b      	cmp	r3, r1
1000617c:	bf36      	itet	cc
1000617e:	ebc1 0142 	rsbcc	r1, r1, r2, lsl #1
10006182:	1a5b      	subcs	r3, r3, r1
10006184:	185b      	addcc	r3, r3, r1
10006186:	b29b      	uxth	r3, r3
10006188:	429a      	cmp	r2, r3
1000618a:	b2ad      	uxth	r5, r5
1000618c:	d808      	bhi.n	100061a0 <tu_fifo_write+0x44>
1000618e:	79e7      	ldrb	r7, [r4, #7]
10006190:	09ff      	lsrs	r7, r7, #7
10006192:	d105      	bne.n	100061a0 <tu_fifo_write+0x44>
10006194:	68e0      	ldr	r0, [r4, #12]
10006196:	b108      	cbz	r0, 1000619c <tu_fifo_write+0x40>
10006198:	f003 f992 	bl	100094c0 <__mutex_exit_veneer>
1000619c:	4638      	mov	r0, r7
1000619e:	bdf8      	pop	{r3, r4, r5, r6, r7, pc}
100061a0:	4295      	cmp	r5, r2
100061a2:	bf28      	it	cs
100061a4:	462b      	movcs	r3, r5
100061a6:	d318      	bcc.n	100061da <tu_fifo_write+0x7e>
100061a8:	1a9b      	subs	r3, r3, r2
100061aa:	b29b      	uxth	r3, r3
100061ac:	4293      	cmp	r3, r2
100061ae:	d2fb      	bcs.n	100061a8 <tu_fifo_write+0x4c>
100061b0:	88e2      	ldrh	r2, [r4, #6]
100061b2:	6820      	ldr	r0, [r4, #0]
100061b4:	f3c2 020e 	ubfx	r2, r2, #0, #15
100061b8:	fb02 0003 	mla	r0, r2, r3, r0
100061bc:	4631      	mov	r1, r6
100061be:	f002 ff6f 	bl	100090a0 <memcpy>
100061c2:	1c6b      	adds	r3, r5, #1
100061c4:	b29b      	uxth	r3, r3
100061c6:	429d      	cmp	r5, r3
100061c8:	88a2      	ldrh	r2, [r4, #4]
100061ca:	d912      	bls.n	100061f2 <tu_fifo_write+0x96>
100061cc:	2300      	movs	r3, #0
100061ce:	0051      	lsls	r1, r2, #1
100061d0:	1a5b      	subs	r3, r3, r1
100061d2:	b29b      	uxth	r3, r3
100061d4:	2701      	movs	r7, #1
100061d6:	8123      	strh	r3, [r4, #8]
100061d8:	e7dc      	b.n	10006194 <tu_fifo_write+0x38>
100061da:	88e2      	ldrh	r2, [r4, #6]
100061dc:	6820      	ldr	r0, [r4, #0]
100061de:	f3c2 020e 	ubfx	r2, r2, #0, #15
100061e2:	fb05 0002 	mla	r0, r5, r2, r0
100061e6:	4631      	mov	r1, r6
100061e8:	f002 ff5a 	bl	100090a0 <memcpy>
100061ec:	3501      	adds	r5, #1
100061ee:	88a2      	ldrh	r2, [r4, #4]
100061f0:	b2ab      	uxth	r3, r5
100061f2:	ebb3 0f42 	cmp.w	r3, r2, lsl #1
100061f6:	ea4f 0142 	mov.w	r1, r2, lsl #1
100061fa:	dbeb      	blt.n	100061d4 <tu_fifo_write+0x78>
100061fc:	e7e8      	b.n	100061d0 <tu_fifo_write+0x74>
100061fe:	bf00      	nop

10006200 <tu_fifo_write_n>:
10006200:	e92d 4ff0 	stmdb	sp!, {r4, r5, r6, r7, r8, r9, sl, fp, lr}
10006204:	4617      	mov	r7, r2
10006206:	b083      	sub	sp, #12
10006208:	2a00      	cmp	r2, #0
1000620a:	d075      	beq.n	100062f8 <tu_fifo_write_n+0xf8>
1000620c:	4606      	mov	r6, r0
1000620e:	68c0      	ldr	r0, [r0, #12]
10006210:	4689      	mov	r9, r1
10006212:	b118      	cbz	r0, 1000621c <tu_fifo_write_n+0x1c>
10006214:	f04f 31ff 	mov.w	r1, #4294967295
10006218:	f003 f93a 	bl	10009490 <__mutex_enter_timeout_ms_veneer>
1000621c:	79f3      	ldrb	r3, [r6, #7]
1000621e:	f8b6 8008 	ldrh.w	r8, [r6, #8]
10006222:	8972      	ldrh	r2, [r6, #10]
10006224:	09db      	lsrs	r3, r3, #7
10006226:	88b5      	ldrh	r5, [r6, #4]
10006228:	fa1f f888 	uxth.w	r8, r8
1000622c:	b292      	uxth	r2, r2
1000622e:	d13c      	bne.n	100062aa <tu_fifo_write_n+0xaa>
10006230:	4590      	cmp	r8, r2
10006232:	bf36      	itet	cc
10006234:	ebc2 0245 	rsbcc	r2, r2, r5, lsl #1
10006238:	eba8 0202 	subcs.w	r2, r8, r2
1000623c:	4442      	addcc	r2, r8
1000623e:	b292      	uxth	r2, r2
10006240:	42aa      	cmp	r2, r5
10006242:	d25e      	bcs.n	10006302 <tu_fifo_write_n+0x102>
10006244:	1aaa      	subs	r2, r5, r2
10006246:	b292      	uxth	r2, r2
10006248:	42ba      	cmp	r2, r7
1000624a:	bf28      	it	cs
1000624c:	463a      	movcs	r2, r7
1000624e:	f8b6 b006 	ldrh.w	fp, [r6, #6]
10006252:	b297      	uxth	r7, r2
10006254:	1b7b      	subs	r3, r7, r5
10006256:	eb08 0a07 	add.w	sl, r8, r7
1000625a:	f3cb 0b0e 	ubfx	fp, fp, #0, #15
1000625e:	b29b      	uxth	r3, r3
10006260:	fa1f fa8a 	uxth.w	sl, sl
10006264:	45a8      	cmp	r8, r5
10006266:	4644      	mov	r4, r8
10006268:	d303      	bcc.n	10006272 <tu_fifo_write_n+0x72>
1000626a:	1b64      	subs	r4, r4, r5
1000626c:	b2a4      	uxth	r4, r4
1000626e:	42ac      	cmp	r4, r5
10006270:	d2fb      	bcs.n	1000626a <tu_fifo_write_n+0x6a>
10006272:	1b2d      	subs	r5, r5, r4
10006274:	6830      	ldr	r0, [r6, #0]
10006276:	b2ad      	uxth	r5, r5
10006278:	42bd      	cmp	r5, r7
1000627a:	fb0b 0004 	mla	r0, fp, r4, r0
1000627e:	d357      	bcc.n	10006330 <tu_fifo_write_n+0x130>
10006280:	4649      	mov	r1, r9
10006282:	fb0b f207 	mul.w	r2, fp, r7
10006286:	f002 ff0b 	bl	100090a0 <memcpy>
1000628a:	88b2      	ldrh	r2, [r6, #4]
1000628c:	45d0      	cmp	r8, sl
1000628e:	ea4f 0342 	mov.w	r3, r2, lsl #1
10006292:	d802      	bhi.n	1000629a <tu_fifo_write_n+0x9a>
10006294:	ebba 0f42 	cmp.w	sl, r2, lsl #1
10006298:	db03      	blt.n	100062a2 <tu_fifo_write_n+0xa2>
1000629a:	ebaa 0303 	sub.w	r3, sl, r3
1000629e:	fa1f fa83 	uxth.w	sl, r3
100062a2:	463d      	mov	r5, r7
100062a4:	f8a6 a008 	strh.w	sl, [r6, #8]
100062a8:	e02c      	b.n	10006304 <tu_fifo_write_n+0x104>
100062aa:	f8b6 b006 	ldrh.w	fp, [r6, #6]
100062ae:	42af      	cmp	r7, r5
100062b0:	f3cb 0b0e 	ubfx	fp, fp, #0, #15
100062b4:	d22f      	bcs.n	10006316 <tu_fifo_write_n+0x116>
100062b6:	4590      	cmp	r8, r2
100062b8:	bf36      	itet	cc
100062ba:	ebc2 0145 	rsbcc	r1, r2, r5, lsl #1
100062be:	eba8 0102 	subcs.w	r1, r8, r2
100062c2:	4441      	addcc	r1, r8
100062c4:	b289      	uxth	r1, r1
100062c6:	0068      	lsls	r0, r5, #1
100062c8:	4439      	add	r1, r7
100062ca:	1b7b      	subs	r3, r7, r5
100062cc:	4281      	cmp	r1, r0
100062ce:	b29b      	uxth	r3, r3
100062d0:	db0d      	blt.n	100062ee <tu_fifo_write_n+0xee>
100062d2:	eb02 0a05 	add.w	sl, r2, r5
100062d6:	fa1f fa8a 	uxth.w	sl, sl
100062da:	ebaa 0807 	sub.w	r8, sl, r7
100062de:	fa1f f888 	uxth.w	r8, r8
100062e2:	4542      	cmp	r2, r8
100062e4:	d937      	bls.n	10006356 <tu_fifo_write_n+0x156>
100062e6:	eba8 0000 	sub.w	r0, r8, r0
100062ea:	fa1f f880 	uxth.w	r8, r0
100062ee:	eb07 0a08 	add.w	sl, r7, r8
100062f2:	fa1f fa8a 	uxth.w	sl, sl
100062f6:	e7b5      	b.n	10006264 <tu_fifo_write_n+0x64>
100062f8:	4615      	mov	r5, r2
100062fa:	4628      	mov	r0, r5
100062fc:	b003      	add	sp, #12
100062fe:	e8bd 8ff0 	ldmia.w	sp!, {r4, r5, r6, r7, r8, r9, sl, fp, pc}
10006302:	2500      	movs	r5, #0
10006304:	68f0      	ldr	r0, [r6, #12]
10006306:	2800      	cmp	r0, #0
10006308:	d0f7      	beq.n	100062fa <tu_fifo_write_n+0xfa>
1000630a:	f003 f8d9 	bl	100094c0 <__mutex_exit_veneer>
1000630e:	4628      	mov	r0, r5
10006310:	b003      	add	sp, #12
10006312:	e8bd 8ff0 	ldmia.w	sp!, {r4, r5, r6, r7, r8, r9, sl, fp, pc}
10006316:	2d00      	cmp	r5, #0
10006318:	d0f4      	beq.n	10006304 <tu_fifo_write_n+0x104>
1000631a:	1b7f      	subs	r7, r7, r5
1000631c:	eb02 0a05 	add.w	sl, r2, r5
10006320:	fb0b 9907 	mla	r9, fp, r7, r9
10006324:	4690      	mov	r8, r2
10006326:	462f      	mov	r7, r5
10006328:	2300      	movs	r3, #0
1000632a:	fa1f fa8a 	uxth.w	sl, sl
1000632e:	e799      	b.n	10006264 <tu_fifo_write_n+0x64>
10006330:	fb15 f50b 	smulbb	r5, r5, fp
10006334:	b2ad      	uxth	r5, r5
10006336:	462a      	mov	r2, r5
10006338:	4649      	mov	r1, r9
1000633a:	9301      	str	r3, [sp, #4]
1000633c:	f002 feb0 	bl	100090a0 <memcpy>
10006340:	9b01      	ldr	r3, [sp, #4]
10006342:	6830      	ldr	r0, [r6, #0]
10006344:	18e2      	adds	r2, r4, r3
10006346:	fb12 f20b 	smulbb	r2, r2, fp
1000634a:	eb09 0105 	add.w	r1, r9, r5
1000634e:	b292      	uxth	r2, r2
10006350:	f002 fea6 	bl	100090a0 <memcpy>
10006354:	e799      	b.n	1000628a <tu_fifo_write_n+0x8a>
10006356:	4540      	cmp	r0, r8
10006358:	dc84      	bgt.n	10006264 <tu_fifo_write_n+0x64>
1000635a:	e7c4      	b.n	100062e6 <tu_fifo_write_n+0xe6>

1000635c <tu_fifo_clear>:
1000635c:	b510      	push	{r4, lr}
1000635e:	4604      	mov	r4, r0
10006360:	68c0      	ldr	r0, [r0, #12]
10006362:	b118      	cbz	r0, 1000636c <tu_fifo_clear+0x10>
10006364:	f04f 31ff 	mov.w	r1, #4294967295
10006368:	f003 f892 	bl	10009490 <__mutex_enter_timeout_ms_veneer>
1000636c:	6920      	ldr	r0, [r4, #16]
1000636e:	b118      	cbz	r0, 10006378 <tu_fifo_clear+0x1c>
10006370:	f04f 31ff 	mov.w	r1, #4294967295
10006374:	f003 f88c 	bl	10009490 <__mutex_enter_timeout_ms_veneer>
10006378:	2300      	movs	r3, #0
1000637a:	68e0      	ldr	r0, [r4, #12]
1000637c:	8163      	strh	r3, [r4, #10]
1000637e:	8123      	strh	r3, [r4, #8]
10006380:	b108      	cbz	r0, 10006386 <tu_fifo_clear+0x2a>
10006382:	f003 f89d 	bl	100094c0 <__mutex_exit_veneer>
10006386:	6920      	ldr	r0, [r4, #16]
10006388:	b108      	cbz	r0, 1000638e <tu_fifo_clear+0x32>
1000638a:	f003 f899 	bl	100094c0 <__mutex_exit_veneer>
1000638e:	2001      	movs	r0, #1
10006390:	bd10      	pop	{r4, pc}
10006392:	bf00      	nop

10006394 <tu_fifo_set_overwritable>:
10006394:	b538      	push	{r3, r4, r5, lr}
10006396:	4604      	mov	r4, r0
10006398:	68c0      	ldr	r0, [r0, #12]
1000639a:	460d      	mov	r5, r1
1000639c:	b118      	cbz	r0, 100063a6 <tu_fifo_set_overwritable+0x12>
1000639e:	f04f 31ff 	mov.w	r1, #4294967295
100063a2:	f003 f875 	bl	10009490 <__mutex_enter_timeout_ms_veneer>
100063a6:	6920      	ldr	r0, [r4, #16]
100063a8:	b118      	cbz	r0, 100063b2 <tu_fifo_set_overwritable+0x1e>
100063aa:	f04f 31ff 	mov.w	r1, #4294967295
100063ae:	f003 f86f 	bl	10009490 <__mutex_enter_timeout_ms_veneer>
100063b2:	79e3      	ldrb	r3, [r4, #7]
100063b4:	68e0      	ldr	r0, [r4, #12]
100063b6:	f365 13c7 	bfi	r3, r5, #7, #1
100063ba:	71e3      	strb	r3, [r4, #7]
100063bc:	b108      	cbz	r0, 100063c2 <tu_fifo_set_overwritable+0x2e>
100063be:	f003 f87f 	bl	100094c0 <__mutex_exit_veneer>
100063c2:	6920      	ldr	r0, [r4, #16]
100063c4:	b108      	cbz	r0, 100063ca <tu_fifo_set_overwritable+0x36>
100063c6:	f003 f87b 	bl	100094c0 <__mutex_exit_veneer>
100063ca:	2001      	movs	r0, #1
100063cc:	bd38      	pop	{r3, r4, r5, pc}
100063ce:	bf00      	nop

100063d0 <exception_set_exclusive_handler>:
100063d0:	b5f8      	push	{r3, r4, r5, r6, r7, lr}
100063d2:	4604      	mov	r4, r0
100063d4:	460d      	mov	r5, r1
100063d6:	f3ef 8710 	mrs	r7, PRIMASK
100063da:	b672      	cpsid	i
100063dc:	4b0c      	ldr	r3, [pc, #48]	@ (10006410 <exception_set_exclusive_handler+0x40>)
100063de:	689b      	ldr	r3, [r3, #8]
100063e0:	f853 6020 	ldr.w	r6, [r3, r0, lsl #2]
100063e4:	42b1      	cmp	r1, r6
100063e6:	d004      	beq.n	100063f2 <exception_set_exclusive_handler+0x22>
100063e8:	4b0a      	ldr	r3, [pc, #40]	@ (10006414 <exception_set_exclusive_handler+0x44>)
100063ea:	429e      	cmp	r6, r3
100063ec:	d20b      	bcs.n	10006406 <exception_set_exclusive_handler+0x36>
100063ee:	f7fb fc53 	bl	10001c98 <hard_assertion_failure>
100063f2:	4b07      	ldr	r3, [pc, #28]	@ (10006410 <exception_set_exclusive_handler+0x40>)
100063f4:	689b      	ldr	r3, [r3, #8]
100063f6:	f843 5024 	str.w	r5, [r3, r4, lsl #2]
100063fa:	f3bf 8f5f 	dmb	sy
100063fe:	f387 8810 	msr	PRIMASK, r7
10006402:	4630      	mov	r0, r6
10006404:	bdf8      	pop	{r3, r4, r5, r6, r7, pc}
10006406:	4b04      	ldr	r3, [pc, #16]	@ (10006418 <exception_set_exclusive_handler+0x48>)
10006408:	429e      	cmp	r6, r3
1000640a:	d3f2      	bcc.n	100063f2 <exception_set_exclusive_handler+0x22>
1000640c:	e7ef      	b.n	100063ee <exception_set_exclusive_handler+0x1e>
1000640e:	bf00      	nop
10006410:	e000ed00 	.word	0xe000ed00
10006414:	10000110 	.word	0x10000110
10006418:	1000011c 	.word	0x1000011c

1000641c <i2c_read_blocking_internal.constprop.0>:
1000641c:	b570      	push	{r4, r5, r6, lr}
1000641e:	2500      	movs	r5, #0
10006420:	2601      	movs	r6, #1
10006422:	6804      	ldr	r4, [r0, #0]
10006424:	2b00      	cmp	r3, #0
10006426:	66e5      	str	r5, [r4, #108]	@ 0x6c
10006428:	4684      	mov	ip, r0
1000642a:	6061      	str	r1, [r4, #4]
1000642c:	4628      	mov	r0, r5
1000642e:	f89d e010 	ldrb.w	lr, [sp, #16]
10006432:	66e6      	str	r6, [r4, #108]	@ 0x6c
10006434:	dd16      	ble.n	10006464 <i2c_read_blocking_internal.constprop.0+0x48>
10006436:	1e5d      	subs	r5, r3, #1
10006438:	6f61      	ldr	r1, [r4, #116]	@ 0x74
1000643a:	2910      	cmp	r1, #16
1000643c:	d0fc      	beq.n	10006438 <i2c_read_blocking_internal.constprop.0+0x1c>
1000643e:	b300      	cbz	r0, 10006482 <i2c_read_blocking_internal.constprop.0+0x66>
10006440:	2100      	movs	r1, #0
10006442:	42a8      	cmp	r0, r5
10006444:	bf04      	itt	eq
10006446:	f08e 0601 	eoreq.w	r6, lr, #1
1000644a:	ea41 2146 	orreq.w	r1, r1, r6, lsl #9
1000644e:	f441 7180 	orr.w	r1, r1, #256	@ 0x100
10006452:	6121      	str	r1, [r4, #16]
10006454:	f8d4 1080 	ldr.w	r1, [r4, #128]	@ 0x80
10006458:	6b61      	ldr	r1, [r4, #52]	@ 0x34
1000645a:	0649      	lsls	r1, r1, #25
1000645c:	d505      	bpl.n	1000646a <i2c_read_blocking_internal.constprop.0+0x4e>
1000645e:	f04f 30ff 	mov.w	r0, #4294967295
10006462:	6d63      	ldr	r3, [r4, #84]	@ 0x54
10006464:	f88c e004 	strb.w	lr, [ip, #4]
10006468:	bd70      	pop	{r4, r5, r6, pc}
1000646a:	6fa1      	ldr	r1, [r4, #120]	@ 0x78
1000646c:	2900      	cmp	r1, #0
1000646e:	d0f1      	beq.n	10006454 <i2c_read_blocking_internal.constprop.0+0x38>
10006470:	6921      	ldr	r1, [r4, #16]
10006472:	3001      	adds	r0, #1
10006474:	4283      	cmp	r3, r0
10006476:	f802 1b01 	strb.w	r1, [r2], #1
1000647a:	d0f3      	beq.n	10006464 <i2c_read_blocking_internal.constprop.0+0x48>
1000647c:	f8dc 4000 	ldr.w	r4, [ip]
10006480:	e7da      	b.n	10006438 <i2c_read_blocking_internal.constprop.0+0x1c>
10006482:	f89c 1004 	ldrb.w	r1, [ip, #4]
10006486:	0289      	lsls	r1, r1, #10
10006488:	e7db      	b.n	10006442 <i2c_read_blocking_internal.constprop.0+0x26>
1000648a:	bf00      	nop

1000648c <i2c_write_blocking_internal.constprop.0>:
1000648c:	e92d 41f0 	stmdb	sp!, {r4, r5, r6, r7, r8, lr}
10006490:	2700      	movs	r7, #0
10006492:	2401      	movs	r4, #1
10006494:	4694      	mov	ip, r2
10006496:	6802      	ldr	r2, [r0, #0]
10006498:	4605      	mov	r5, r0
1000649a:	66d7      	str	r7, [r2, #108]	@ 0x6c
1000649c:	6051      	str	r1, [r2, #4]
1000649e:	66d4      	str	r4, [r2, #108]	@ 0x6c
100064a0:	1e1c      	subs	r4, r3, #0
100064a2:	4638      	mov	r0, r7
100064a4:	f89d 6018 	ldrb.w	r6, [sp, #24]
100064a8:	dd1e      	ble.n	100064e8 <i2c_write_blocking_internal.constprop.0+0x5c>
100064aa:	7929      	ldrb	r1, [r5, #4]
100064ac:	f086 0701 	eor.w	r7, r6, #1
100064b0:	0289      	lsls	r1, r1, #10
100064b2:	027f      	lsls	r7, r7, #9
100064b4:	f104 3eff 	add.w	lr, r4, #4294967295
100064b8:	4570      	cmp	r0, lr
100064ba:	bf0c      	ite	eq
100064bc:	46b8      	moveq	r8, r7
100064be:	f04f 0800 	movne.w	r8, #0
100064c2:	f81c 3b01 	ldrb.w	r3, [ip], #1
100064c6:	430b      	orrs	r3, r1
100064c8:	ea43 0308 	orr.w	r3, r3, r8
100064cc:	6113      	str	r3, [r2, #16]
100064ce:	6b53      	ldr	r3, [r2, #52]	@ 0x34
100064d0:	06d9      	lsls	r1, r3, #27
100064d2:	d5fc      	bpl.n	100064ce <i2c_write_blocking_internal.constprop.0+0x42>
100064d4:	f8d2 1080 	ldr.w	r1, [r2, #128]	@ 0x80
100064d8:	b949      	cbnz	r1, 100064ee <i2c_write_blocking_internal.constprop.0+0x62>
100064da:	4570      	cmp	r0, lr
100064dc:	d01c      	beq.n	10006518 <i2c_write_blocking_internal.constprop.0+0x8c>
100064de:	3001      	adds	r0, #1
100064e0:	4284      	cmp	r4, r0
100064e2:	f04f 0100 	mov.w	r1, #0
100064e6:	d1e7      	bne.n	100064b8 <i2c_write_blocking_internal.constprop.0+0x2c>
100064e8:	712e      	strb	r6, [r5, #4]
100064ea:	e8bd 81f0 	ldmia.w	sp!, {r4, r5, r6, r7, r8, pc}
100064ee:	f04f 0801 	mov.w	r8, #1
100064f2:	6d53      	ldr	r3, [r2, #84]	@ 0x54
100064f4:	6b53      	ldr	r3, [r2, #52]	@ 0x34
100064f6:	059b      	lsls	r3, r3, #22
100064f8:	d5fc      	bpl.n	100064f4 <i2c_write_blocking_internal.constprop.0+0x68>
100064fa:	6e13      	ldr	r3, [r2, #96]	@ 0x60
100064fc:	f1b8 0f00 	cmp.w	r8, #0
10006500:	d0ed      	beq.n	100064de <i2c_write_blocking_internal.constprop.0+0x52>
10006502:	b169      	cbz	r1, 10006520 <i2c_write_blocking_internal.constprop.0+0x94>
10006504:	07cb      	lsls	r3, r1, #31
10006506:	d40b      	bmi.n	10006520 <i2c_write_blocking_internal.constprop.0+0x94>
10006508:	f011 0f08 	tst.w	r1, #8
1000650c:	bf08      	it	eq
1000650e:	f04f 30ff 	moveq.w	r0, #4294967295
10006512:	712e      	strb	r6, [r5, #4]
10006514:	e8bd 81f0 	ldmia.w	sp!, {r4, r5, r6, r7, r8, pc}
10006518:	2e00      	cmp	r6, #0
1000651a:	d1e0      	bne.n	100064de <i2c_write_blocking_internal.constprop.0+0x52>
1000651c:	46b0      	mov	r8, r6
1000651e:	e7e9      	b.n	100064f4 <i2c_write_blocking_internal.constprop.0+0x68>
10006520:	f04f 30ff 	mov.w	r0, #4294967295
10006524:	e7e0      	b.n	100064e8 <i2c_write_blocking_internal.constprop.0+0x5c>
10006526:	bf00      	nop

10006528 <i2c_set_baudrate>:
10006528:	b5f8      	push	{r3, r4, r5, r6, r7, lr}
1000652a:	4604      	mov	r4, r0
1000652c:	2005      	movs	r0, #5
1000652e:	460f      	mov	r7, r1
10006530:	f7fb faa8 	bl	10001a84 <clock_get_hz>
10006534:	eb00 0c57 	add.w	ip, r0, r7, lsr #1
10006538:	fbbc fcf7 	udiv	ip, ip, r7
1000653c:	4d20      	ldr	r5, [pc, #128]	@ (100065c0 <i2c_set_baudrate+0x98>)
1000653e:	eb0c 024c 	add.w	r2, ip, ip, lsl #1
10006542:	fba5 6502 	umull	r6, r5, r5, r2
10006546:	491f      	ldr	r1, [pc, #124]	@ (100065c4 <i2c_set_baudrate+0x9c>)
10006548:	08ae      	lsrs	r6, r5, #2
1000654a:	428f      	cmp	r7, r1
1000654c:	eb00 0340 	add.w	r3, r0, r0, lsl #1
10006550:	ebac 0595 	sub.w	r5, ip, r5, lsr #2
10006554:	d82e      	bhi.n	100065b4 <i2c_set_baudrate+0x8c>
10006556:	f101 41d6 	add.w	r1, r1, #1795162112	@ 0x6b000000
1000655a:	f501 01a1 	add.w	r1, r1, #5275648	@ 0x508000
1000655e:	f601 012c 	addw	r1, r1, #2092	@ 0x82c
10006562:	fba1 1303 	umull	r1, r3, r1, r3
10006566:	0d9b      	lsrs	r3, r3, #22
10006568:	3301      	adds	r3, #1
1000656a:	2100      	movs	r1, #0
1000656c:	2a4f      	cmp	r2, #79	@ 0x4f
1000656e:	bf98      	it	ls
10006570:	2201      	movls	r2, #1
10006572:	6824      	ldr	r4, [r4, #0]
10006574:	fbb0 f0fc 	udiv	r0, r0, ip
10006578:	66e1      	str	r1, [r4, #108]	@ 0x6c
1000657a:	6821      	ldr	r1, [r4, #0]
1000657c:	f504 5780 	add.w	r7, r4, #4096	@ 0x1000
10006580:	f081 0104 	eor.w	r1, r1, #4
10006584:	f001 0106 	and.w	r1, r1, #6
10006588:	6039      	str	r1, [r7, #0]
1000658a:	bf88      	it	hi
1000658c:	490c      	ldrhi	r1, [pc, #48]	@ (100065c0 <i2c_set_baudrate+0x98>)
1000658e:	61e5      	str	r5, [r4, #28]
10006590:	bf84      	itt	hi
10006592:	fba1 1202 	umullhi	r1, r2, r1, r2
10006596:	0992      	lsrhi	r2, r2, #6
10006598:	6226      	str	r6, [r4, #32]
1000659a:	f8c4 20a0 	str.w	r2, [r4, #160]	@ 0xa0
1000659e:	4622      	mov	r2, r4
100065a0:	2101      	movs	r1, #1
100065a2:	f852 5f7c 	ldr.w	r5, [r2, #124]!
100065a6:	406b      	eors	r3, r5
100065a8:	b29b      	uxth	r3, r3
100065aa:	f502 5280 	add.w	r2, r2, #4096	@ 0x1000
100065ae:	6013      	str	r3, [r2, #0]
100065b0:	66e1      	str	r1, [r4, #108]	@ 0x6c
100065b2:	bdf8      	pop	{r3, r4, r5, r6, r7, pc}
100065b4:	4904      	ldr	r1, [pc, #16]	@ (100065c8 <i2c_set_baudrate+0xa0>)
100065b6:	fba1 1303 	umull	r1, r3, r1, r3
100065ba:	0ddb      	lsrs	r3, r3, #23
100065bc:	3301      	adds	r3, #1
100065be:	e7d4      	b.n	1000656a <i2c_set_baudrate+0x42>
100065c0:	cccccccd 	.word	0xcccccccd
100065c4:	000f423f 	.word	0x000f423f
100065c8:	55e63b89 	.word	0x55e63b89

100065cc <i2c_init>:
100065cc:	4a0e      	ldr	r2, [pc, #56]	@ (10006608 <i2c_init+0x3c>)
100065ce:	b430      	push	{r4, r5}
100065d0:	4290      	cmp	r0, r2
100065d2:	bf14      	ite	ne
100065d4:	2220      	movne	r2, #32
100065d6:	2210      	moveq	r2, #16
100065d8:	4d0c      	ldr	r5, [pc, #48]	@ (1000660c <i2c_init+0x40>)
100065da:	4b0d      	ldr	r3, [pc, #52]	@ (10006610 <i2c_init+0x44>)
100065dc:	4c0d      	ldr	r4, [pc, #52]	@ (10006614 <i2c_init+0x48>)
100065de:	602a      	str	r2, [r5, #0]
100065e0:	601a      	str	r2, [r3, #0]
100065e2:	68a3      	ldr	r3, [r4, #8]
100065e4:	ea32 0303 	bics.w	r3, r2, r3
100065e8:	d1fb      	bne.n	100065e2 <i2c_init+0x16>
100065ea:	f240 1565 	movw	r5, #357	@ 0x165
100065ee:	2403      	movs	r4, #3
100065f0:	6802      	ldr	r2, [r0, #0]
100065f2:	7103      	strb	r3, [r0, #4]
100065f4:	66d3      	str	r3, [r2, #108]	@ 0x6c
100065f6:	6015      	str	r5, [r2, #0]
100065f8:	63d3      	str	r3, [r2, #60]	@ 0x3c
100065fa:	6393      	str	r3, [r2, #56]	@ 0x38
100065fc:	f8c2 4088 	str.w	r4, [r2, #136]	@ 0x88
10006600:	bc30      	pop	{r4, r5}
10006602:	f7ff bf91 	b.w	10006528 <i2c_set_baudrate>
10006606:	bf00      	nop
10006608:	20001594 	.word	0x20001594
1000660c:	40022000 	.word	0x40022000
10006610:	40023000 	.word	0x40023000
10006614:	40020000 	.word	0x40020000

10006618 <i2c_write_blocking>:
10006618:	b410      	push	{r4}
1000661a:	f89d 4004 	ldrb.w	r4, [sp, #4]
1000661e:	9401      	str	r4, [sp, #4]
10006620:	f85d 4b04 	ldr.w	r4, [sp], #4
10006624:	f7ff bf32 	b.w	1000648c <i2c_write_blocking_internal.constprop.0>

10006628 <i2c_read_blocking>:
10006628:	b410      	push	{r4}
1000662a:	f89d 4004 	ldrb.w	r4, [sp, #4]
1000662e:	9401      	str	r4, [sp, #4]
10006630:	f85d 4b04 	ldr.w	r4, [sp], #4
10006634:	f7ff bef2 	b.w	1000641c <i2c_read_blocking_internal.constprop.0>

10006638 <prvCopyDataToQueue>:
10006638:	b570      	push	{r4, r5, r6, lr}
1000663a:	4616      	mov	r6, r2
1000663c:	6c02      	ldr	r2, [r0, #64]	@ 0x40
1000663e:	4604      	mov	r4, r0
10006640:	6b85      	ldr	r5, [r0, #56]	@ 0x38
10006642:	b92a      	cbnz	r2, 10006650 <prvCopyDataToQueue+0x18>
10006644:	6806      	ldr	r6, [r0, #0]
10006646:	3501      	adds	r5, #1
10006648:	b34e      	cbz	r6, 1000669e <prvCopyDataToQueue+0x66>
1000664a:	4610      	mov	r0, r2
1000664c:	63a5      	str	r5, [r4, #56]	@ 0x38
1000664e:	bd70      	pop	{r4, r5, r6, pc}
10006650:	b98e      	cbnz	r6, 10006676 <prvCopyDataToQueue+0x3e>
10006652:	6840      	ldr	r0, [r0, #4]
10006654:	f002 fd24 	bl	100090a0 <memcpy>
10006658:	6863      	ldr	r3, [r4, #4]
1000665a:	6c21      	ldr	r1, [r4, #64]	@ 0x40
1000665c:	68a2      	ldr	r2, [r4, #8]
1000665e:	440b      	add	r3, r1
10006660:	4293      	cmp	r3, r2
10006662:	6063      	str	r3, [r4, #4]
10006664:	bf28      	it	cs
10006666:	6823      	ldrcs	r3, [r4, #0]
10006668:	f105 0501 	add.w	r5, r5, #1
1000666c:	bf28      	it	cs
1000666e:	6063      	strcs	r3, [r4, #4]
10006670:	2000      	movs	r0, #0
10006672:	63a5      	str	r5, [r4, #56]	@ 0x38
10006674:	bd70      	pop	{r4, r5, r6, pc}
10006676:	68c0      	ldr	r0, [r0, #12]
10006678:	f002 fd12 	bl	100090a0 <memcpy>
1000667c:	6c22      	ldr	r2, [r4, #64]	@ 0x40
1000667e:	68e3      	ldr	r3, [r4, #12]
10006680:	4251      	negs	r1, r2
10006682:	1a9b      	subs	r3, r3, r2
10006684:	6822      	ldr	r2, [r4, #0]
10006686:	60e3      	str	r3, [r4, #12]
10006688:	4293      	cmp	r3, r2
1000668a:	d202      	bcs.n	10006692 <prvCopyDataToQueue+0x5a>
1000668c:	68a3      	ldr	r3, [r4, #8]
1000668e:	440b      	add	r3, r1
10006690:	60e3      	str	r3, [r4, #12]
10006692:	2e02      	cmp	r6, #2
10006694:	d008      	beq.n	100066a8 <prvCopyDataToQueue+0x70>
10006696:	3501      	adds	r5, #1
10006698:	2000      	movs	r0, #0
1000669a:	63a5      	str	r5, [r4, #56]	@ 0x38
1000669c:	bd70      	pop	{r4, r5, r6, pc}
1000669e:	6880      	ldr	r0, [r0, #8]
100066a0:	f001 fb3c 	bl	10007d1c <xTaskPriorityDisinherit>
100066a4:	60a6      	str	r6, [r4, #8]
100066a6:	e7d1      	b.n	1000664c <prvCopyDataToQueue+0x14>
100066a8:	2d01      	cmp	r5, #1
100066aa:	bf38      	it	cc
100066ac:	2501      	movcc	r5, #1
100066ae:	e7df      	b.n	10006670 <prvCopyDataToQueue+0x38>

100066b0 <xQueueGenericCreate>:
100066b0:	b570      	push	{r4, r5, r6, lr}
100066b2:	b3a0      	cbz	r0, 1000671e <xQueueGenericCreate+0x6e>
100066b4:	fba1 2300 	umull	r2, r3, r1, r0
100066b8:	4605      	mov	r5, r0
100066ba:	460e      	mov	r6, r1
100066bc:	bb7b      	cbnz	r3, 1000671e <xQueueGenericCreate+0x6e>
100066be:	fb01 f000 	mul.w	r0, r1, r0
100066c2:	f110 0f49 	cmn.w	r0, #73	@ 0x49
100066c6:	d82a      	bhi.n	1000671e <xQueueGenericCreate+0x6e>
100066c8:	3048      	adds	r0, #72	@ 0x48
100066ca:	f001 fd8d 	bl	100081e8 <pvPortMalloc>
100066ce:	4604      	mov	r4, r0
100066d0:	b328      	cbz	r0, 1000671e <xQueueGenericCreate+0x6e>
100066d2:	b33e      	cbz	r6, 10006724 <xQueueGenericCreate+0x74>
100066d4:	f100 0348 	add.w	r3, r0, #72	@ 0x48
100066d8:	6023      	str	r3, [r4, #0]
100066da:	e9c4 560f 	strd	r5, r6, [r4, #60]	@ 0x3c
100066de:	f001 fddd 	bl	1000829c <vPortEnterCritical>
100066e2:	2300      	movs	r3, #0
100066e4:	20ff      	movs	r0, #255	@ 0xff
100066e6:	63a3      	str	r3, [r4, #56]	@ 0x38
100066e8:	6c21      	ldr	r1, [r4, #64]	@ 0x40
100066ea:	6be3      	ldr	r3, [r4, #60]	@ 0x3c
100066ec:	6822      	ldr	r2, [r4, #0]
100066ee:	fb01 f303 	mul.w	r3, r1, r3
100066f2:	1a59      	subs	r1, r3, r1
100066f4:	6062      	str	r2, [r4, #4]
100066f6:	4413      	add	r3, r2
100066f8:	440a      	add	r2, r1
100066fa:	e9c4 3202 	strd	r3, r2, [r4, #8]
100066fe:	f884 0044 	strb.w	r0, [r4, #68]	@ 0x44
10006702:	f884 0045 	strb.w	r0, [r4, #69]	@ 0x45
10006706:	f104 0010 	add.w	r0, r4, #16
1000670a:	f001 ff3f 	bl	1000858c <vListInitialise>
1000670e:	f104 0024 	add.w	r0, r4, #36	@ 0x24
10006712:	f001 ff3b 	bl	1000858c <vListInitialise>
10006716:	f001 fdcf 	bl	100082b8 <vPortExitCritical>
1000671a:	4620      	mov	r0, r4
1000671c:	bd70      	pop	{r4, r5, r6, pc}
1000671e:	2400      	movs	r4, #0
10006720:	4620      	mov	r0, r4
10006722:	bd70      	pop	{r4, r5, r6, pc}
10006724:	4603      	mov	r3, r0
10006726:	e7d7      	b.n	100066d8 <xQueueGenericCreate+0x28>

10006728 <xQueueGenericSend>:
10006728:	e92d 43f0 	stmdb	sp!, {r4, r5, r6, r7, r8, r9, lr}
1000672c:	4604      	mov	r4, r0
1000672e:	b085      	sub	sp, #20
10006730:	461f      	mov	r7, r3
10006732:	9201      	str	r2, [sp, #4]
10006734:	4688      	mov	r8, r1
10006736:	f001 fdb1 	bl	1000829c <vPortEnterCritical>
1000673a:	6ba2      	ldr	r2, [r4, #56]	@ 0x38
1000673c:	6be3      	ldr	r3, [r4, #60]	@ 0x3c
1000673e:	429a      	cmp	r2, r3
10006740:	d379      	bcc.n	10006836 <xQueueGenericSend+0x10e>
10006742:	2f02      	cmp	r7, #2
10006744:	d077      	beq.n	10006836 <xQueueGenericSend+0x10e>
10006746:	2200      	movs	r2, #0
10006748:	f104 0624 	add.w	r6, r4, #36	@ 0x24
1000674c:	9b01      	ldr	r3, [sp, #4]
1000674e:	2b00      	cmp	r3, #0
10006750:	f000 80d4 	beq.w	100068fc <xQueueGenericSend+0x1d4>
10006754:	2a00      	cmp	r2, #0
10006756:	f000 80cd 	beq.w	100068f4 <xQueueGenericSend+0x1cc>
1000675a:	f001 fdad 	bl	100082b8 <vPortExitCritical>
1000675e:	f000 ffc7 	bl	100076f0 <vTaskSuspendAll>
10006762:	f001 fd9b 	bl	1000829c <vPortEnterCritical>
10006766:	f894 3044 	ldrb.w	r3, [r4, #68]	@ 0x44
1000676a:	2bff      	cmp	r3, #255	@ 0xff
1000676c:	bf04      	itt	eq
1000676e:	2300      	moveq	r3, #0
10006770:	f884 3044 	strbeq.w	r3, [r4, #68]	@ 0x44
10006774:	f894 3045 	ldrb.w	r3, [r4, #69]	@ 0x45
10006778:	2bff      	cmp	r3, #255	@ 0xff
1000677a:	bf04      	itt	eq
1000677c:	2300      	moveq	r3, #0
1000677e:	f884 3045 	strbeq.w	r3, [r4, #69]	@ 0x45
10006782:	f001 fd99 	bl	100082b8 <vPortExitCritical>
10006786:	a802      	add	r0, sp, #8
10006788:	a901      	add	r1, sp, #4
1000678a:	f001 fa49 	bl	10007c20 <xTaskCheckForTimeOut>
1000678e:	2800      	cmp	r0, #0
10006790:	f040 80ba 	bne.w	10006908 <xQueueGenericSend+0x1e0>
10006794:	f001 fd82 	bl	1000829c <vPortEnterCritical>
10006798:	6ba2      	ldr	r2, [r4, #56]	@ 0x38
1000679a:	6be3      	ldr	r3, [r4, #60]	@ 0x3c
1000679c:	429a      	cmp	r2, r3
1000679e:	d05c      	beq.n	1000685a <xQueueGenericSend+0x132>
100067a0:	f001 fd8a 	bl	100082b8 <vPortExitCritical>
100067a4:	f001 fd7a 	bl	1000829c <vPortEnterCritical>
100067a8:	f894 2045 	ldrb.w	r2, [r4, #69]	@ 0x45
100067ac:	b255      	sxtb	r5, r2
100067ae:	2d00      	cmp	r5, #0
100067b0:	dc04      	bgt.n	100067bc <xQueueGenericSend+0x94>
100067b2:	e011      	b.n	100067d8 <xQueueGenericSend+0xb0>
100067b4:	1e6a      	subs	r2, r5, #1
100067b6:	b2d3      	uxtb	r3, r2
100067b8:	b255      	sxtb	r5, r2
100067ba:	b16b      	cbz	r3, 100067d8 <xQueueGenericSend+0xb0>
100067bc:	6a63      	ldr	r3, [r4, #36]	@ 0x24
100067be:	b15b      	cbz	r3, 100067d8 <xQueueGenericSend+0xb0>
100067c0:	4630      	mov	r0, r6
100067c2:	f001 f9b9 	bl	10007b38 <xTaskRemoveFromEventList>
100067c6:	2800      	cmp	r0, #0
100067c8:	d0f4      	beq.n	100067b4 <xQueueGenericSend+0x8c>
100067ca:	f001 fa59 	bl	10007c80 <vTaskMissedYield>
100067ce:	1e6a      	subs	r2, r5, #1
100067d0:	b2d3      	uxtb	r3, r2
100067d2:	b255      	sxtb	r5, r2
100067d4:	2b00      	cmp	r3, #0
100067d6:	d1f1      	bne.n	100067bc <xQueueGenericSend+0x94>
100067d8:	23ff      	movs	r3, #255	@ 0xff
100067da:	f884 3045 	strb.w	r3, [r4, #69]	@ 0x45
100067de:	f001 fd6b 	bl	100082b8 <vPortExitCritical>
100067e2:	f001 fd5b 	bl	1000829c <vPortEnterCritical>
100067e6:	f894 2044 	ldrb.w	r2, [r4, #68]	@ 0x44
100067ea:	b255      	sxtb	r5, r2
100067ec:	2d00      	cmp	r5, #0
100067ee:	dd14      	ble.n	1000681a <xQueueGenericSend+0xf2>
100067f0:	f104 0910 	add.w	r9, r4, #16
100067f4:	e003      	b.n	100067fe <xQueueGenericSend+0xd6>
100067f6:	1e6a      	subs	r2, r5, #1
100067f8:	b2d3      	uxtb	r3, r2
100067fa:	b255      	sxtb	r5, r2
100067fc:	b16b      	cbz	r3, 1000681a <xQueueGenericSend+0xf2>
100067fe:	6923      	ldr	r3, [r4, #16]
10006800:	b15b      	cbz	r3, 1000681a <xQueueGenericSend+0xf2>
10006802:	4648      	mov	r0, r9
10006804:	f001 f998 	bl	10007b38 <xTaskRemoveFromEventList>
10006808:	2800      	cmp	r0, #0
1000680a:	d0f4      	beq.n	100067f6 <xQueueGenericSend+0xce>
1000680c:	f001 fa38 	bl	10007c80 <vTaskMissedYield>
10006810:	1e6a      	subs	r2, r5, #1
10006812:	b2d3      	uxtb	r3, r2
10006814:	b255      	sxtb	r5, r2
10006816:	2b00      	cmp	r3, #0
10006818:	d1f1      	bne.n	100067fe <xQueueGenericSend+0xd6>
1000681a:	23ff      	movs	r3, #255	@ 0xff
1000681c:	f884 3044 	strb.w	r3, [r4, #68]	@ 0x44
10006820:	f001 fd4a 	bl	100082b8 <vPortExitCritical>
10006824:	f000 ff6c 	bl	10007700 <xTaskResumeAll>
10006828:	f001 fd38 	bl	1000829c <vPortEnterCritical>
1000682c:	6ba1      	ldr	r1, [r4, #56]	@ 0x38
1000682e:	6be3      	ldr	r3, [r4, #60]	@ 0x3c
10006830:	2201      	movs	r2, #1
10006832:	4299      	cmp	r1, r3
10006834:	d28a      	bcs.n	1000674c <xQueueGenericSend+0x24>
10006836:	463a      	mov	r2, r7
10006838:	4641      	mov	r1, r8
1000683a:	4620      	mov	r0, r4
1000683c:	f7ff fefc 	bl	10006638 <prvCopyDataToQueue>
10006840:	6a63      	ldr	r3, [r4, #36]	@ 0x24
10006842:	2b00      	cmp	r3, #0
10006844:	f040 80a8 	bne.w	10006998 <xQueueGenericSend+0x270>
10006848:	2800      	cmp	r0, #0
1000684a:	f040 80a2 	bne.w	10006992 <xQueueGenericSend+0x26a>
1000684e:	f001 fd33 	bl	100082b8 <vPortExitCritical>
10006852:	2001      	movs	r0, #1
10006854:	b005      	add	sp, #20
10006856:	e8bd 83f0 	ldmia.w	sp!, {r4, r5, r6, r7, r8, r9, pc}
1000685a:	f104 0910 	add.w	r9, r4, #16
1000685e:	f001 fd2b 	bl	100082b8 <vPortExitCritical>
10006862:	4648      	mov	r0, r9
10006864:	9901      	ldr	r1, [sp, #4]
10006866:	f001 f8b5 	bl	100079d4 <vTaskPlaceOnEventList>
1000686a:	f001 fd17 	bl	1000829c <vPortEnterCritical>
1000686e:	f894 3045 	ldrb.w	r3, [r4, #69]	@ 0x45
10006872:	b25d      	sxtb	r5, r3
10006874:	2d00      	cmp	r5, #0
10006876:	dc04      	bgt.n	10006882 <xQueueGenericSend+0x15a>
10006878:	e011      	b.n	1000689e <xQueueGenericSend+0x176>
1000687a:	1e6b      	subs	r3, r5, #1
1000687c:	b2da      	uxtb	r2, r3
1000687e:	b25d      	sxtb	r5, r3
10006880:	b16a      	cbz	r2, 1000689e <xQueueGenericSend+0x176>
10006882:	6a63      	ldr	r3, [r4, #36]	@ 0x24
10006884:	b15b      	cbz	r3, 1000689e <xQueueGenericSend+0x176>
10006886:	4630      	mov	r0, r6
10006888:	f001 f956 	bl	10007b38 <xTaskRemoveFromEventList>
1000688c:	2800      	cmp	r0, #0
1000688e:	d0f4      	beq.n	1000687a <xQueueGenericSend+0x152>
10006890:	f001 f9f6 	bl	10007c80 <vTaskMissedYield>
10006894:	1e6b      	subs	r3, r5, #1
10006896:	b2da      	uxtb	r2, r3
10006898:	b25d      	sxtb	r5, r3
1000689a:	2a00      	cmp	r2, #0
1000689c:	d1f1      	bne.n	10006882 <xQueueGenericSend+0x15a>
1000689e:	23ff      	movs	r3, #255	@ 0xff
100068a0:	f884 3045 	strb.w	r3, [r4, #69]	@ 0x45
100068a4:	f001 fd08 	bl	100082b8 <vPortExitCritical>
100068a8:	f001 fcf8 	bl	1000829c <vPortEnterCritical>
100068ac:	f894 3044 	ldrb.w	r3, [r4, #68]	@ 0x44
100068b0:	b25d      	sxtb	r5, r3
100068b2:	2d00      	cmp	r5, #0
100068b4:	dc04      	bgt.n	100068c0 <xQueueGenericSend+0x198>
100068b6:	e011      	b.n	100068dc <xQueueGenericSend+0x1b4>
100068b8:	1e6b      	subs	r3, r5, #1
100068ba:	b2da      	uxtb	r2, r3
100068bc:	b25d      	sxtb	r5, r3
100068be:	b16a      	cbz	r2, 100068dc <xQueueGenericSend+0x1b4>
100068c0:	6923      	ldr	r3, [r4, #16]
100068c2:	b15b      	cbz	r3, 100068dc <xQueueGenericSend+0x1b4>
100068c4:	4648      	mov	r0, r9
100068c6:	f001 f937 	bl	10007b38 <xTaskRemoveFromEventList>
100068ca:	2800      	cmp	r0, #0
100068cc:	d0f4      	beq.n	100068b8 <xQueueGenericSend+0x190>
100068ce:	f001 f9d7 	bl	10007c80 <vTaskMissedYield>
100068d2:	1e6b      	subs	r3, r5, #1
100068d4:	b2da      	uxtb	r2, r3
100068d6:	b25d      	sxtb	r5, r3
100068d8:	2a00      	cmp	r2, #0
100068da:	d1f1      	bne.n	100068c0 <xQueueGenericSend+0x198>
100068dc:	23ff      	movs	r3, #255	@ 0xff
100068de:	f884 3044 	strb.w	r3, [r4, #68]	@ 0x44
100068e2:	f001 fce9 	bl	100082b8 <vPortExitCritical>
100068e6:	f000 ff0b 	bl	10007700 <xTaskResumeAll>
100068ea:	2800      	cmp	r0, #0
100068ec:	d19c      	bne.n	10006828 <xQueueGenericSend+0x100>
100068ee:	f001 fcc9 	bl	10008284 <vPortYield>
100068f2:	e799      	b.n	10006828 <xQueueGenericSend+0x100>
100068f4:	a802      	add	r0, sp, #8
100068f6:	f001 f987 	bl	10007c08 <vTaskInternalSetTimeOutState>
100068fa:	e72e      	b.n	1000675a <xQueueGenericSend+0x32>
100068fc:	f001 fcdc 	bl	100082b8 <vPortExitCritical>
10006900:	2000      	movs	r0, #0
10006902:	b005      	add	sp, #20
10006904:	e8bd 83f0 	ldmia.w	sp!, {r4, r5, r6, r7, r8, r9, pc}
10006908:	f001 fcc8 	bl	1000829c <vPortEnterCritical>
1000690c:	f894 3045 	ldrb.w	r3, [r4, #69]	@ 0x45
10006910:	b25d      	sxtb	r5, r3
10006912:	2d00      	cmp	r5, #0
10006914:	dd14      	ble.n	10006940 <xQueueGenericSend+0x218>
10006916:	f104 0624 	add.w	r6, r4, #36	@ 0x24
1000691a:	e003      	b.n	10006924 <xQueueGenericSend+0x1fc>
1000691c:	1e6b      	subs	r3, r5, #1
1000691e:	b2da      	uxtb	r2, r3
10006920:	b25d      	sxtb	r5, r3
10006922:	b16a      	cbz	r2, 10006940 <xQueueGenericSend+0x218>
10006924:	6a63      	ldr	r3, [r4, #36]	@ 0x24
10006926:	b15b      	cbz	r3, 10006940 <xQueueGenericSend+0x218>
10006928:	4630      	mov	r0, r6
1000692a:	f001 f905 	bl	10007b38 <xTaskRemoveFromEventList>
1000692e:	2800      	cmp	r0, #0
10006930:	d0f4      	beq.n	1000691c <xQueueGenericSend+0x1f4>
10006932:	f001 f9a5 	bl	10007c80 <vTaskMissedYield>
10006936:	1e6b      	subs	r3, r5, #1
10006938:	b2da      	uxtb	r2, r3
1000693a:	b25d      	sxtb	r5, r3
1000693c:	2a00      	cmp	r2, #0
1000693e:	d1f1      	bne.n	10006924 <xQueueGenericSend+0x1fc>
10006940:	23ff      	movs	r3, #255	@ 0xff
10006942:	f884 3045 	strb.w	r3, [r4, #69]	@ 0x45
10006946:	f001 fcb7 	bl	100082b8 <vPortExitCritical>
1000694a:	f001 fca7 	bl	1000829c <vPortEnterCritical>
1000694e:	f894 3044 	ldrb.w	r3, [r4, #68]	@ 0x44
10006952:	b25d      	sxtb	r5, r3
10006954:	2d00      	cmp	r5, #0
10006956:	dd14      	ble.n	10006982 <xQueueGenericSend+0x25a>
10006958:	f104 0610 	add.w	r6, r4, #16
1000695c:	e003      	b.n	10006966 <xQueueGenericSend+0x23e>
1000695e:	1e6b      	subs	r3, r5, #1
10006960:	b2da      	uxtb	r2, r3
10006962:	b25d      	sxtb	r5, r3
10006964:	b16a      	cbz	r2, 10006982 <xQueueGenericSend+0x25a>
10006966:	6923      	ldr	r3, [r4, #16]
10006968:	b15b      	cbz	r3, 10006982 <xQueueGenericSend+0x25a>
1000696a:	4630      	mov	r0, r6
1000696c:	f001 f8e4 	bl	10007b38 <xTaskRemoveFromEventList>
10006970:	2800      	cmp	r0, #0
10006972:	d0f4      	beq.n	1000695e <xQueueGenericSend+0x236>
10006974:	f001 f984 	bl	10007c80 <vTaskMissedYield>
10006978:	1e6b      	subs	r3, r5, #1
1000697a:	b2da      	uxtb	r2, r3
1000697c:	b25d      	sxtb	r5, r3
1000697e:	2a00      	cmp	r2, #0
10006980:	d1f1      	bne.n	10006966 <xQueueGenericSend+0x23e>
10006982:	23ff      	movs	r3, #255	@ 0xff
10006984:	f884 3044 	strb.w	r3, [r4, #68]	@ 0x44
10006988:	f001 fc96 	bl	100082b8 <vPortExitCritical>
1000698c:	f000 feb8 	bl	10007700 <xTaskResumeAll>
10006990:	e7b6      	b.n	10006900 <xQueueGenericSend+0x1d8>
10006992:	f001 fc77 	bl	10008284 <vPortYield>
10006996:	e75a      	b.n	1000684e <xQueueGenericSend+0x126>
10006998:	f104 0024 	add.w	r0, r4, #36	@ 0x24
1000699c:	f001 f8cc 	bl	10007b38 <xTaskRemoveFromEventList>
100069a0:	2800      	cmp	r0, #0
100069a2:	f43f af54 	beq.w	1000684e <xQueueGenericSend+0x126>
100069a6:	e7f4      	b.n	10006992 <xQueueGenericSend+0x26a>

100069a8 <xQueueCreateMutex>:
100069a8:	b538      	push	{r3, r4, r5, lr}
100069aa:	2048      	movs	r0, #72	@ 0x48
100069ac:	f001 fc1c 	bl	100081e8 <pvPortMalloc>
100069b0:	4604      	mov	r4, r0
100069b2:	b350      	cbz	r0, 10006a0a <xQueueCreateMutex+0x62>
100069b4:	2500      	movs	r5, #0
100069b6:	2301      	movs	r3, #1
100069b8:	6020      	str	r0, [r4, #0]
100069ba:	e9c0 350f 	strd	r3, r5, [r0, #60]	@ 0x3c
100069be:	f001 fc6d 	bl	1000829c <vPortEnterCritical>
100069c2:	e9d4 310f 	ldrd	r3, r1, [r4, #60]	@ 0x3c
100069c6:	20ff      	movs	r0, #255	@ 0xff
100069c8:	fb01 f303 	mul.w	r3, r1, r3
100069cc:	6822      	ldr	r2, [r4, #0]
100069ce:	1a59      	subs	r1, r3, r1
100069d0:	6062      	str	r2, [r4, #4]
100069d2:	4413      	add	r3, r2
100069d4:	440a      	add	r2, r1
100069d6:	e9c4 3202 	strd	r3, r2, [r4, #8]
100069da:	63a5      	str	r5, [r4, #56]	@ 0x38
100069dc:	f884 0044 	strb.w	r0, [r4, #68]	@ 0x44
100069e0:	f884 0045 	strb.w	r0, [r4, #69]	@ 0x45
100069e4:	f104 0010 	add.w	r0, r4, #16
100069e8:	f001 fdd0 	bl	1000858c <vListInitialise>
100069ec:	f104 0024 	add.w	r0, r4, #36	@ 0x24
100069f0:	f001 fdcc 	bl	1000858c <vListInitialise>
100069f4:	f001 fc60 	bl	100082b8 <vPortExitCritical>
100069f8:	462b      	mov	r3, r5
100069fa:	462a      	mov	r2, r5
100069fc:	4629      	mov	r1, r5
100069fe:	4620      	mov	r0, r4
10006a00:	60a5      	str	r5, [r4, #8]
10006a02:	6025      	str	r5, [r4, #0]
10006a04:	60e5      	str	r5, [r4, #12]
10006a06:	f7ff fe8f 	bl	10006728 <xQueueGenericSend>
10006a0a:	4620      	mov	r0, r4
10006a0c:	bd38      	pop	{r3, r4, r5, pc}
10006a0e:	bf00      	nop

10006a10 <xQueueReceive>:
10006a10:	e92d 43f0 	stmdb	sp!, {r4, r5, r6, r7, r8, r9, lr}
10006a14:	4604      	mov	r4, r0
10006a16:	b085      	sub	sp, #20
10006a18:	4688      	mov	r8, r1
10006a1a:	9201      	str	r2, [sp, #4]
10006a1c:	f001 fc3e 	bl	1000829c <vPortEnterCritical>
10006a20:	6ba5      	ldr	r5, [r4, #56]	@ 0x38
10006a22:	2d00      	cmp	r5, #0
10006a24:	f040 8117 	bne.w	10006c56 <xQueueReceive+0x246>
10006a28:	9b01      	ldr	r3, [sp, #4]
10006a2a:	2b00      	cmp	r3, #0
10006a2c:	f000 80c6 	beq.w	10006bbc <xQueueReceive+0x1ac>
10006a30:	a802      	add	r0, sp, #8
10006a32:	f001 f8e9 	bl	10007c08 <vTaskInternalSetTimeOutState>
10006a36:	462f      	mov	r7, r5
10006a38:	f104 0624 	add.w	r6, r4, #36	@ 0x24
10006a3c:	f001 fc3c 	bl	100082b8 <vPortExitCritical>
10006a40:	f000 fe56 	bl	100076f0 <vTaskSuspendAll>
10006a44:	f001 fc2a 	bl	1000829c <vPortEnterCritical>
10006a48:	f894 3044 	ldrb.w	r3, [r4, #68]	@ 0x44
10006a4c:	2bff      	cmp	r3, #255	@ 0xff
10006a4e:	bf08      	it	eq
10006a50:	f884 7044 	strbeq.w	r7, [r4, #68]	@ 0x44
10006a54:	f894 3045 	ldrb.w	r3, [r4, #69]	@ 0x45
10006a58:	2bff      	cmp	r3, #255	@ 0xff
10006a5a:	bf08      	it	eq
10006a5c:	f884 7045 	strbeq.w	r7, [r4, #69]	@ 0x45
10006a60:	f001 fc2a 	bl	100082b8 <vPortExitCritical>
10006a64:	a901      	add	r1, sp, #4
10006a66:	a802      	add	r0, sp, #8
10006a68:	f001 f8da 	bl	10007c20 <xTaskCheckForTimeOut>
10006a6c:	2800      	cmp	r0, #0
10006a6e:	d154      	bne.n	10006b1a <xQueueReceive+0x10a>
10006a70:	f001 fc14 	bl	1000829c <vPortEnterCritical>
10006a74:	6ba3      	ldr	r3, [r4, #56]	@ 0x38
10006a76:	2b00      	cmp	r3, #0
10006a78:	f040 80a6 	bne.w	10006bc8 <xQueueReceive+0x1b8>
10006a7c:	f104 0924 	add.w	r9, r4, #36	@ 0x24
10006a80:	f001 fc1a 	bl	100082b8 <vPortExitCritical>
10006a84:	4648      	mov	r0, r9
10006a86:	9901      	ldr	r1, [sp, #4]
10006a88:	f000 ffa4 	bl	100079d4 <vTaskPlaceOnEventList>
10006a8c:	f001 fc06 	bl	1000829c <vPortEnterCritical>
10006a90:	f894 3045 	ldrb.w	r3, [r4, #69]	@ 0x45
10006a94:	b25d      	sxtb	r5, r3
10006a96:	2d00      	cmp	r5, #0
10006a98:	dc04      	bgt.n	10006aa4 <xQueueReceive+0x94>
10006a9a:	e011      	b.n	10006ac0 <xQueueReceive+0xb0>
10006a9c:	1e6b      	subs	r3, r5, #1
10006a9e:	b2da      	uxtb	r2, r3
10006aa0:	b25d      	sxtb	r5, r3
10006aa2:	b16a      	cbz	r2, 10006ac0 <xQueueReceive+0xb0>
10006aa4:	6a63      	ldr	r3, [r4, #36]	@ 0x24
10006aa6:	b15b      	cbz	r3, 10006ac0 <xQueueReceive+0xb0>
10006aa8:	4648      	mov	r0, r9
10006aaa:	f001 f845 	bl	10007b38 <xTaskRemoveFromEventList>
10006aae:	2800      	cmp	r0, #0
10006ab0:	d0f4      	beq.n	10006a9c <xQueueReceive+0x8c>
10006ab2:	f001 f8e5 	bl	10007c80 <vTaskMissedYield>
10006ab6:	1e6b      	subs	r3, r5, #1
10006ab8:	b2da      	uxtb	r2, r3
10006aba:	b25d      	sxtb	r5, r3
10006abc:	2a00      	cmp	r2, #0
10006abe:	d1f1      	bne.n	10006aa4 <xQueueReceive+0x94>
10006ac0:	23ff      	movs	r3, #255	@ 0xff
10006ac2:	f884 3045 	strb.w	r3, [r4, #69]	@ 0x45
10006ac6:	f001 fbf7 	bl	100082b8 <vPortExitCritical>
10006aca:	f001 fbe7 	bl	1000829c <vPortEnterCritical>
10006ace:	f894 3044 	ldrb.w	r3, [r4, #68]	@ 0x44
10006ad2:	b25d      	sxtb	r5, r3
10006ad4:	2d00      	cmp	r5, #0
10006ad6:	dd14      	ble.n	10006b02 <xQueueReceive+0xf2>
10006ad8:	f104 0910 	add.w	r9, r4, #16
10006adc:	e003      	b.n	10006ae6 <xQueueReceive+0xd6>
10006ade:	1e6b      	subs	r3, r5, #1
10006ae0:	b2da      	uxtb	r2, r3
10006ae2:	b25d      	sxtb	r5, r3
10006ae4:	b16a      	cbz	r2, 10006b02 <xQueueReceive+0xf2>
10006ae6:	6923      	ldr	r3, [r4, #16]
10006ae8:	b15b      	cbz	r3, 10006b02 <xQueueReceive+0xf2>
10006aea:	4648      	mov	r0, r9
10006aec:	f001 f824 	bl	10007b38 <xTaskRemoveFromEventList>
10006af0:	2800      	cmp	r0, #0
10006af2:	d0f4      	beq.n	10006ade <xQueueReceive+0xce>
10006af4:	f001 f8c4 	bl	10007c80 <vTaskMissedYield>
10006af8:	1e6b      	subs	r3, r5, #1
10006afa:	b2da      	uxtb	r2, r3
10006afc:	b25d      	sxtb	r5, r3
10006afe:	2a00      	cmp	r2, #0
10006b00:	d1f1      	bne.n	10006ae6 <xQueueReceive+0xd6>
10006b02:	23ff      	movs	r3, #255	@ 0xff
10006b04:	f884 3044 	strb.w	r3, [r4, #68]	@ 0x44
10006b08:	f001 fbd6 	bl	100082b8 <vPortExitCritical>
10006b0c:	f000 fdf8 	bl	10007700 <xTaskResumeAll>
10006b10:	2800      	cmp	r0, #0
10006b12:	d14a      	bne.n	10006baa <xQueueReceive+0x19a>
10006b14:	f001 fbb6 	bl	10008284 <vPortYield>
10006b18:	e047      	b.n	10006baa <xQueueReceive+0x19a>
10006b1a:	f001 fbbf 	bl	1000829c <vPortEnterCritical>
10006b1e:	f894 3045 	ldrb.w	r3, [r4, #69]	@ 0x45
10006b22:	b25d      	sxtb	r5, r3
10006b24:	2d00      	cmp	r5, #0
10006b26:	dc04      	bgt.n	10006b32 <xQueueReceive+0x122>
10006b28:	e011      	b.n	10006b4e <xQueueReceive+0x13e>
10006b2a:	1e6b      	subs	r3, r5, #1
10006b2c:	b2da      	uxtb	r2, r3
10006b2e:	b25d      	sxtb	r5, r3
10006b30:	b16a      	cbz	r2, 10006b4e <xQueueReceive+0x13e>
10006b32:	6a63      	ldr	r3, [r4, #36]	@ 0x24
10006b34:	b15b      	cbz	r3, 10006b4e <xQueueReceive+0x13e>
10006b36:	4630      	mov	r0, r6
10006b38:	f000 fffe 	bl	10007b38 <xTaskRemoveFromEventList>
10006b3c:	2800      	cmp	r0, #0
10006b3e:	d0f4      	beq.n	10006b2a <xQueueReceive+0x11a>
10006b40:	f001 f89e 	bl	10007c80 <vTaskMissedYield>
10006b44:	1e6b      	subs	r3, r5, #1
10006b46:	b2da      	uxtb	r2, r3
10006b48:	b25d      	sxtb	r5, r3
10006b4a:	2a00      	cmp	r2, #0
10006b4c:	d1f1      	bne.n	10006b32 <xQueueReceive+0x122>
10006b4e:	23ff      	movs	r3, #255	@ 0xff
10006b50:	f884 3045 	strb.w	r3, [r4, #69]	@ 0x45
10006b54:	f001 fbb0 	bl	100082b8 <vPortExitCritical>
10006b58:	f001 fba0 	bl	1000829c <vPortEnterCritical>
10006b5c:	f894 3044 	ldrb.w	r3, [r4, #68]	@ 0x44
10006b60:	b25d      	sxtb	r5, r3
10006b62:	2d00      	cmp	r5, #0
10006b64:	dd14      	ble.n	10006b90 <xQueueReceive+0x180>
10006b66:	f104 0910 	add.w	r9, r4, #16
10006b6a:	e003      	b.n	10006b74 <xQueueReceive+0x164>
10006b6c:	1e6b      	subs	r3, r5, #1
10006b6e:	b2da      	uxtb	r2, r3
10006b70:	b25d      	sxtb	r5, r3
10006b72:	b16a      	cbz	r2, 10006b90 <xQueueReceive+0x180>
10006b74:	6923      	ldr	r3, [r4, #16]
10006b76:	b15b      	cbz	r3, 10006b90 <xQueueReceive+0x180>
10006b78:	4648      	mov	r0, r9
10006b7a:	f000 ffdd 	bl	10007b38 <xTaskRemoveFromEventList>
10006b7e:	2800      	cmp	r0, #0
10006b80:	d0f4      	beq.n	10006b6c <xQueueReceive+0x15c>
10006b82:	f001 f87d 	bl	10007c80 <vTaskMissedYield>
10006b86:	1e6b      	subs	r3, r5, #1
10006b88:	b2da      	uxtb	r2, r3
10006b8a:	b25d      	sxtb	r5, r3
10006b8c:	2a00      	cmp	r2, #0
10006b8e:	d1f1      	bne.n	10006b74 <xQueueReceive+0x164>
10006b90:	23ff      	movs	r3, #255	@ 0xff
10006b92:	f884 3044 	strb.w	r3, [r4, #68]	@ 0x44
10006b96:	f001 fb8f 	bl	100082b8 <vPortExitCritical>
10006b9a:	f000 fdb1 	bl	10007700 <xTaskResumeAll>
10006b9e:	f001 fb7d 	bl	1000829c <vPortEnterCritical>
10006ba2:	6ba3      	ldr	r3, [r4, #56]	@ 0x38
10006ba4:	b153      	cbz	r3, 10006bbc <xQueueReceive+0x1ac>
10006ba6:	f001 fb87 	bl	100082b8 <vPortExitCritical>
10006baa:	f001 fb77 	bl	1000829c <vPortEnterCritical>
10006bae:	6ba5      	ldr	r5, [r4, #56]	@ 0x38
10006bb0:	2d00      	cmp	r5, #0
10006bb2:	d150      	bne.n	10006c56 <xQueueReceive+0x246>
10006bb4:	9b01      	ldr	r3, [sp, #4]
10006bb6:	2b00      	cmp	r3, #0
10006bb8:	f47f af40 	bne.w	10006a3c <xQueueReceive+0x2c>
10006bbc:	f001 fb7c 	bl	100082b8 <vPortExitCritical>
10006bc0:	2000      	movs	r0, #0
10006bc2:	b005      	add	sp, #20
10006bc4:	e8bd 83f0 	ldmia.w	sp!, {r4, r5, r6, r7, r8, r9, pc}
10006bc8:	f001 fb76 	bl	100082b8 <vPortExitCritical>
10006bcc:	f001 fb66 	bl	1000829c <vPortEnterCritical>
10006bd0:	f894 3045 	ldrb.w	r3, [r4, #69]	@ 0x45
10006bd4:	b25d      	sxtb	r5, r3
10006bd6:	2d00      	cmp	r5, #0
10006bd8:	dd14      	ble.n	10006c04 <xQueueReceive+0x1f4>
10006bda:	f104 0924 	add.w	r9, r4, #36	@ 0x24
10006bde:	e003      	b.n	10006be8 <xQueueReceive+0x1d8>
10006be0:	1e6b      	subs	r3, r5, #1
10006be2:	b2da      	uxtb	r2, r3
10006be4:	b25d      	sxtb	r5, r3
10006be6:	b16a      	cbz	r2, 10006c04 <xQueueReceive+0x1f4>
10006be8:	6a63      	ldr	r3, [r4, #36]	@ 0x24
10006bea:	b15b      	cbz	r3, 10006c04 <xQueueReceive+0x1f4>
10006bec:	4648      	mov	r0, r9
10006bee:	f000 ffa3 	bl	10007b38 <xTaskRemoveFromEventList>
10006bf2:	2800      	cmp	r0, #0
10006bf4:	d0f4      	beq.n	10006be0 <xQueueReceive+0x1d0>
10006bf6:	f001 f843 	bl	10007c80 <vTaskMissedYield>
10006bfa:	1e6b      	subs	r3, r5, #1
10006bfc:	b2da      	uxtb	r2, r3
10006bfe:	b25d      	sxtb	r5, r3
10006c00:	2a00      	cmp	r2, #0
10006c02:	d1f1      	bne.n	10006be8 <xQueueReceive+0x1d8>
10006c04:	23ff      	movs	r3, #255	@ 0xff
10006c06:	f884 3045 	strb.w	r3, [r4, #69]	@ 0x45
10006c0a:	f001 fb55 	bl	100082b8 <vPortExitCritical>
10006c0e:	f001 fb45 	bl	1000829c <vPortEnterCritical>
10006c12:	f894 3044 	ldrb.w	r3, [r4, #68]	@ 0x44
10006c16:	b25d      	sxtb	r5, r3
10006c18:	2d00      	cmp	r5, #0
10006c1a:	dd14      	ble.n	10006c46 <xQueueReceive+0x236>
10006c1c:	f104 0910 	add.w	r9, r4, #16
10006c20:	e003      	b.n	10006c2a <xQueueReceive+0x21a>
10006c22:	1e6b      	subs	r3, r5, #1
10006c24:	b2da      	uxtb	r2, r3
10006c26:	b25d      	sxtb	r5, r3
10006c28:	b16a      	cbz	r2, 10006c46 <xQueueReceive+0x236>
10006c2a:	6923      	ldr	r3, [r4, #16]
10006c2c:	b15b      	cbz	r3, 10006c46 <xQueueReceive+0x236>
10006c2e:	4648      	mov	r0, r9
10006c30:	f000 ff82 	bl	10007b38 <xTaskRemoveFromEventList>
10006c34:	2800      	cmp	r0, #0
10006c36:	d0f4      	beq.n	10006c22 <xQueueReceive+0x212>
10006c38:	f001 f822 	bl	10007c80 <vTaskMissedYield>
10006c3c:	1e6b      	subs	r3, r5, #1
10006c3e:	b2da      	uxtb	r2, r3
10006c40:	b25d      	sxtb	r5, r3
10006c42:	2a00      	cmp	r2, #0
10006c44:	d1f1      	bne.n	10006c2a <xQueueReceive+0x21a>
10006c46:	23ff      	movs	r3, #255	@ 0xff
10006c48:	f884 3044 	strb.w	r3, [r4, #68]	@ 0x44
10006c4c:	f001 fb34 	bl	100082b8 <vPortExitCritical>
10006c50:	f000 fd56 	bl	10007700 <xTaskResumeAll>
10006c54:	e7a9      	b.n	10006baa <xQueueReceive+0x19a>
10006c56:	6c22      	ldr	r2, [r4, #64]	@ 0x40
10006c58:	b15a      	cbz	r2, 10006c72 <xQueueReceive+0x262>
10006c5a:	68e1      	ldr	r1, [r4, #12]
10006c5c:	68a3      	ldr	r3, [r4, #8]
10006c5e:	4411      	add	r1, r2
10006c60:	4299      	cmp	r1, r3
10006c62:	60e1      	str	r1, [r4, #12]
10006c64:	bf28      	it	cs
10006c66:	6821      	ldrcs	r1, [r4, #0]
10006c68:	4640      	mov	r0, r8
10006c6a:	bf28      	it	cs
10006c6c:	60e1      	strcs	r1, [r4, #12]
10006c6e:	f002 fa17 	bl	100090a0 <memcpy>
10006c72:	6923      	ldr	r3, [r4, #16]
10006c74:	3d01      	subs	r5, #1
10006c76:	63a5      	str	r5, [r4, #56]	@ 0x38
10006c78:	b92b      	cbnz	r3, 10006c86 <xQueueReceive+0x276>
10006c7a:	f001 fb1d 	bl	100082b8 <vPortExitCritical>
10006c7e:	2001      	movs	r0, #1
10006c80:	b005      	add	sp, #20
10006c82:	e8bd 83f0 	ldmia.w	sp!, {r4, r5, r6, r7, r8, r9, pc}
10006c86:	f104 0010 	add.w	r0, r4, #16
10006c8a:	f000 ff55 	bl	10007b38 <xTaskRemoveFromEventList>
10006c8e:	2800      	cmp	r0, #0
10006c90:	d0f3      	beq.n	10006c7a <xQueueReceive+0x26a>
10006c92:	f001 faf7 	bl	10008284 <vPortYield>
10006c96:	e7f0      	b.n	10006c7a <xQueueReceive+0x26a>

10006c98 <xQueueSemaphoreTake>:
10006c98:	e92d 43f0 	stmdb	sp!, {r4, r5, r6, r7, r8, r9, lr}
10006c9c:	4604      	mov	r4, r0
10006c9e:	b085      	sub	sp, #20
10006ca0:	9101      	str	r1, [sp, #4]
10006ca2:	f001 fafb 	bl	1000829c <vPortEnterCritical>
10006ca6:	6ba5      	ldr	r5, [r4, #56]	@ 0x38
10006ca8:	2d00      	cmp	r5, #0
10006caa:	f040 813b 	bne.w	10006f24 <xQueueSemaphoreTake+0x28c>
10006cae:	9b01      	ldr	r3, [sp, #4]
10006cb0:	2b00      	cmp	r3, #0
10006cb2:	f000 8081 	beq.w	10006db8 <xQueueSemaphoreTake+0x120>
10006cb6:	a802      	add	r0, sp, #8
10006cb8:	f000 ffa6 	bl	10007c08 <vTaskInternalSetTimeOutState>
10006cbc:	462f      	mov	r7, r5
10006cbe:	46a8      	mov	r8, r5
10006cc0:	f104 0624 	add.w	r6, r4, #36	@ 0x24
10006cc4:	f001 faf8 	bl	100082b8 <vPortExitCritical>
10006cc8:	f000 fd12 	bl	100076f0 <vTaskSuspendAll>
10006ccc:	f001 fae6 	bl	1000829c <vPortEnterCritical>
10006cd0:	f894 3044 	ldrb.w	r3, [r4, #68]	@ 0x44
10006cd4:	2bff      	cmp	r3, #255	@ 0xff
10006cd6:	bf08      	it	eq
10006cd8:	f884 8044 	strbeq.w	r8, [r4, #68]	@ 0x44
10006cdc:	f894 3045 	ldrb.w	r3, [r4, #69]	@ 0x45
10006ce0:	2bff      	cmp	r3, #255	@ 0xff
10006ce2:	bf08      	it	eq
10006ce4:	f884 8045 	strbeq.w	r8, [r4, #69]	@ 0x45
10006ce8:	f001 fae6 	bl	100082b8 <vPortExitCritical>
10006cec:	a901      	add	r1, sp, #4
10006cee:	a802      	add	r0, sp, #8
10006cf0:	f000 ff96 	bl	10007c20 <xTaskCheckForTimeOut>
10006cf4:	2800      	cmp	r0, #0
10006cf6:	d162      	bne.n	10006dbe <xQueueSemaphoreTake+0x126>
10006cf8:	f001 fad0 	bl	1000829c <vPortEnterCritical>
10006cfc:	6ba3      	ldr	r3, [r4, #56]	@ 0x38
10006cfe:	2b00      	cmp	r3, #0
10006d00:	f040 80ac 	bne.w	10006e5c <xQueueSemaphoreTake+0x1c4>
10006d04:	f001 fad8 	bl	100082b8 <vPortExitCritical>
10006d08:	6823      	ldr	r3, [r4, #0]
10006d0a:	2b00      	cmp	r3, #0
10006d0c:	f000 8101 	beq.w	10006f12 <xQueueSemaphoreTake+0x27a>
10006d10:	f104 0924 	add.w	r9, r4, #36	@ 0x24
10006d14:	4648      	mov	r0, r9
10006d16:	9901      	ldr	r1, [sp, #4]
10006d18:	f000 fe5c 	bl	100079d4 <vTaskPlaceOnEventList>
10006d1c:	f001 fabe 	bl	1000829c <vPortEnterCritical>
10006d20:	f894 3045 	ldrb.w	r3, [r4, #69]	@ 0x45
10006d24:	b25d      	sxtb	r5, r3
10006d26:	2d00      	cmp	r5, #0
10006d28:	dc04      	bgt.n	10006d34 <xQueueSemaphoreTake+0x9c>
10006d2a:	e011      	b.n	10006d50 <xQueueSemaphoreTake+0xb8>
10006d2c:	1e6b      	subs	r3, r5, #1
10006d2e:	b2da      	uxtb	r2, r3
10006d30:	b25d      	sxtb	r5, r3
10006d32:	b16a      	cbz	r2, 10006d50 <xQueueSemaphoreTake+0xb8>
10006d34:	6a63      	ldr	r3, [r4, #36]	@ 0x24
10006d36:	b15b      	cbz	r3, 10006d50 <xQueueSemaphoreTake+0xb8>
10006d38:	4648      	mov	r0, r9
10006d3a:	f000 fefd 	bl	10007b38 <xTaskRemoveFromEventList>
10006d3e:	2800      	cmp	r0, #0
10006d40:	d0f4      	beq.n	10006d2c <xQueueSemaphoreTake+0x94>
10006d42:	f000 ff9d 	bl	10007c80 <vTaskMissedYield>
10006d46:	1e6b      	subs	r3, r5, #1
10006d48:	b2da      	uxtb	r2, r3
10006d4a:	b25d      	sxtb	r5, r3
10006d4c:	2a00      	cmp	r2, #0
10006d4e:	d1f1      	bne.n	10006d34 <xQueueSemaphoreTake+0x9c>
10006d50:	23ff      	movs	r3, #255	@ 0xff
10006d52:	f884 3045 	strb.w	r3, [r4, #69]	@ 0x45
10006d56:	f001 faaf 	bl	100082b8 <vPortExitCritical>
10006d5a:	f001 fa9f 	bl	1000829c <vPortEnterCritical>
10006d5e:	f894 3044 	ldrb.w	r3, [r4, #68]	@ 0x44
10006d62:	b25d      	sxtb	r5, r3
10006d64:	2d00      	cmp	r5, #0
10006d66:	dd14      	ble.n	10006d92 <xQueueSemaphoreTake+0xfa>
10006d68:	f104 0910 	add.w	r9, r4, #16
10006d6c:	e003      	b.n	10006d76 <xQueueSemaphoreTake+0xde>
10006d6e:	1e6b      	subs	r3, r5, #1
10006d70:	b2da      	uxtb	r2, r3
10006d72:	b25d      	sxtb	r5, r3
10006d74:	b16a      	cbz	r2, 10006d92 <xQueueSemaphoreTake+0xfa>
10006d76:	6923      	ldr	r3, [r4, #16]
10006d78:	b15b      	cbz	r3, 10006d92 <xQueueSemaphoreTake+0xfa>
10006d7a:	4648      	mov	r0, r9
10006d7c:	f000 fedc 	bl	10007b38 <xTaskRemoveFromEventList>
10006d80:	2800      	cmp	r0, #0
10006d82:	d0f4      	beq.n	10006d6e <xQueueSemaphoreTake+0xd6>
10006d84:	f000 ff7c 	bl	10007c80 <vTaskMissedYield>
10006d88:	1e6b      	subs	r3, r5, #1
10006d8a:	b2da      	uxtb	r2, r3
10006d8c:	b25d      	sxtb	r5, r3
10006d8e:	2a00      	cmp	r2, #0
10006d90:	d1f1      	bne.n	10006d76 <xQueueSemaphoreTake+0xde>
10006d92:	23ff      	movs	r3, #255	@ 0xff
10006d94:	f884 3044 	strb.w	r3, [r4, #68]	@ 0x44
10006d98:	f001 fa8e 	bl	100082b8 <vPortExitCritical>
10006d9c:	f000 fcb0 	bl	10007700 <xTaskResumeAll>
10006da0:	2800      	cmp	r0, #0
10006da2:	f000 80a5 	beq.w	10006ef0 <xQueueSemaphoreTake+0x258>
10006da6:	f001 fa79 	bl	1000829c <vPortEnterCritical>
10006daa:	6ba5      	ldr	r5, [r4, #56]	@ 0x38
10006dac:	2d00      	cmp	r5, #0
10006dae:	f040 80b9 	bne.w	10006f24 <xQueueSemaphoreTake+0x28c>
10006db2:	9b01      	ldr	r3, [sp, #4]
10006db4:	2b00      	cmp	r3, #0
10006db6:	d185      	bne.n	10006cc4 <xQueueSemaphoreTake+0x2c>
10006db8:	f001 fa7e 	bl	100082b8 <vPortExitCritical>
10006dbc:	e04a      	b.n	10006e54 <xQueueSemaphoreTake+0x1bc>
10006dbe:	f001 fa6d 	bl	1000829c <vPortEnterCritical>
10006dc2:	f894 3045 	ldrb.w	r3, [r4, #69]	@ 0x45
10006dc6:	b25d      	sxtb	r5, r3
10006dc8:	2d00      	cmp	r5, #0
10006dca:	dc04      	bgt.n	10006dd6 <xQueueSemaphoreTake+0x13e>
10006dcc:	e011      	b.n	10006df2 <xQueueSemaphoreTake+0x15a>
10006dce:	1e6b      	subs	r3, r5, #1
10006dd0:	b2da      	uxtb	r2, r3
10006dd2:	b25d      	sxtb	r5, r3
10006dd4:	b16a      	cbz	r2, 10006df2 <xQueueSemaphoreTake+0x15a>
10006dd6:	6a63      	ldr	r3, [r4, #36]	@ 0x24
10006dd8:	b15b      	cbz	r3, 10006df2 <xQueueSemaphoreTake+0x15a>
10006dda:	4630      	mov	r0, r6
10006ddc:	f000 feac 	bl	10007b38 <xTaskRemoveFromEventList>
10006de0:	2800      	cmp	r0, #0
10006de2:	d0f4      	beq.n	10006dce <xQueueSemaphoreTake+0x136>
10006de4:	f000 ff4c 	bl	10007c80 <vTaskMissedYield>
10006de8:	1e6b      	subs	r3, r5, #1
10006dea:	b2da      	uxtb	r2, r3
10006dec:	b25d      	sxtb	r5, r3
10006dee:	2a00      	cmp	r2, #0
10006df0:	d1f1      	bne.n	10006dd6 <xQueueSemaphoreTake+0x13e>
10006df2:	23ff      	movs	r3, #255	@ 0xff
10006df4:	f884 3045 	strb.w	r3, [r4, #69]	@ 0x45
10006df8:	f001 fa5e 	bl	100082b8 <vPortExitCritical>
10006dfc:	f001 fa4e 	bl	1000829c <vPortEnterCritical>
10006e00:	f894 3044 	ldrb.w	r3, [r4, #68]	@ 0x44
10006e04:	b25d      	sxtb	r5, r3
10006e06:	2d00      	cmp	r5, #0
10006e08:	dd14      	ble.n	10006e34 <xQueueSemaphoreTake+0x19c>
10006e0a:	f104 0910 	add.w	r9, r4, #16
10006e0e:	e003      	b.n	10006e18 <xQueueSemaphoreTake+0x180>
10006e10:	1e6b      	subs	r3, r5, #1
10006e12:	b2da      	uxtb	r2, r3
10006e14:	b25d      	sxtb	r5, r3
10006e16:	b16a      	cbz	r2, 10006e34 <xQueueSemaphoreTake+0x19c>
10006e18:	6923      	ldr	r3, [r4, #16]
10006e1a:	b15b      	cbz	r3, 10006e34 <xQueueSemaphoreTake+0x19c>
10006e1c:	4648      	mov	r0, r9
10006e1e:	f000 fe8b 	bl	10007b38 <xTaskRemoveFromEventList>
10006e22:	2800      	cmp	r0, #0
10006e24:	d0f4      	beq.n	10006e10 <xQueueSemaphoreTake+0x178>
10006e26:	f000 ff2b 	bl	10007c80 <vTaskMissedYield>
10006e2a:	1e6b      	subs	r3, r5, #1
10006e2c:	b2da      	uxtb	r2, r3
10006e2e:	b25d      	sxtb	r5, r3
10006e30:	2a00      	cmp	r2, #0
10006e32:	d1f1      	bne.n	10006e18 <xQueueSemaphoreTake+0x180>
10006e34:	23ff      	movs	r3, #255	@ 0xff
10006e36:	f884 3044 	strb.w	r3, [r4, #68]	@ 0x44
10006e3a:	f001 fa3d 	bl	100082b8 <vPortExitCritical>
10006e3e:	f000 fc5f 	bl	10007700 <xTaskResumeAll>
10006e42:	f001 fa2b 	bl	1000829c <vPortEnterCritical>
10006e46:	6ba3      	ldr	r3, [r4, #56]	@ 0x38
10006e48:	2b00      	cmp	r3, #0
10006e4a:	d14e      	bne.n	10006eea <xQueueSemaphoreTake+0x252>
10006e4c:	f001 fa34 	bl	100082b8 <vPortExitCritical>
10006e50:	2f00      	cmp	r7, #0
10006e52:	d150      	bne.n	10006ef6 <xQueueSemaphoreTake+0x25e>
10006e54:	2000      	movs	r0, #0
10006e56:	b005      	add	sp, #20
10006e58:	e8bd 83f0 	ldmia.w	sp!, {r4, r5, r6, r7, r8, r9, pc}
10006e5c:	f001 fa2c 	bl	100082b8 <vPortExitCritical>
10006e60:	f001 fa1c 	bl	1000829c <vPortEnterCritical>
10006e64:	f894 3045 	ldrb.w	r3, [r4, #69]	@ 0x45
10006e68:	b25d      	sxtb	r5, r3
10006e6a:	2d00      	cmp	r5, #0
10006e6c:	dd14      	ble.n	10006e98 <xQueueSemaphoreTake+0x200>
10006e6e:	f104 0924 	add.w	r9, r4, #36	@ 0x24
10006e72:	e003      	b.n	10006e7c <xQueueSemaphoreTake+0x1e4>
10006e74:	1e6b      	subs	r3, r5, #1
10006e76:	b2da      	uxtb	r2, r3
10006e78:	b25d      	sxtb	r5, r3
10006e7a:	b16a      	cbz	r2, 10006e98 <xQueueSemaphoreTake+0x200>
10006e7c:	6a63      	ldr	r3, [r4, #36]	@ 0x24
10006e7e:	b15b      	cbz	r3, 10006e98 <xQueueSemaphoreTake+0x200>
10006e80:	4648      	mov	r0, r9
10006e82:	f000 fe59 	bl	10007b38 <xTaskRemoveFromEventList>
10006e86:	2800      	cmp	r0, #0
10006e88:	d0f4      	beq.n	10006e74 <xQueueSemaphoreTake+0x1dc>
10006e8a:	f000 fef9 	bl	10007c80 <vTaskMissedYield>
10006e8e:	1e6b      	subs	r3, r5, #1
10006e90:	b2da      	uxtb	r2, r3
10006e92:	b25d      	sxtb	r5, r3
10006e94:	2a00      	cmp	r2, #0
10006e96:	d1f1      	bne.n	10006e7c <xQueueSemaphoreTake+0x1e4>
10006e98:	23ff      	movs	r3, #255	@ 0xff
10006e9a:	f884 3045 	strb.w	r3, [r4, #69]	@ 0x45
10006e9e:	f001 fa0b 	bl	100082b8 <vPortExitCritical>
10006ea2:	f001 f9fb 	bl	1000829c <vPortEnterCritical>
10006ea6:	f894 3044 	ldrb.w	r3, [r4, #68]	@ 0x44
10006eaa:	b25d      	sxtb	r5, r3
10006eac:	2d00      	cmp	r5, #0
10006eae:	dd14      	ble.n	10006eda <xQueueSemaphoreTake+0x242>
10006eb0:	f104 0910 	add.w	r9, r4, #16
10006eb4:	e003      	b.n	10006ebe <xQueueSemaphoreTake+0x226>
10006eb6:	1e6b      	subs	r3, r5, #1
10006eb8:	b2da      	uxtb	r2, r3
10006eba:	b25d      	sxtb	r5, r3
10006ebc:	b16a      	cbz	r2, 10006eda <xQueueSemaphoreTake+0x242>
10006ebe:	6923      	ldr	r3, [r4, #16]
10006ec0:	b15b      	cbz	r3, 10006eda <xQueueSemaphoreTake+0x242>
10006ec2:	4648      	mov	r0, r9
10006ec4:	f000 fe38 	bl	10007b38 <xTaskRemoveFromEventList>
10006ec8:	2800      	cmp	r0, #0
10006eca:	d0f4      	beq.n	10006eb6 <xQueueSemaphoreTake+0x21e>
10006ecc:	f000 fed8 	bl	10007c80 <vTaskMissedYield>
10006ed0:	1e6b      	subs	r3, r5, #1
10006ed2:	b2da      	uxtb	r2, r3
10006ed4:	b25d      	sxtb	r5, r3
10006ed6:	2a00      	cmp	r2, #0
10006ed8:	d1f1      	bne.n	10006ebe <xQueueSemaphoreTake+0x226>
10006eda:	23ff      	movs	r3, #255	@ 0xff
10006edc:	f884 3044 	strb.w	r3, [r4, #68]	@ 0x44
10006ee0:	f001 f9ea 	bl	100082b8 <vPortExitCritical>
10006ee4:	f000 fc0c 	bl	10007700 <xTaskResumeAll>
10006ee8:	e75d      	b.n	10006da6 <xQueueSemaphoreTake+0x10e>
10006eea:	f001 f9e5 	bl	100082b8 <vPortExitCritical>
10006eee:	e75a      	b.n	10006da6 <xQueueSemaphoreTake+0x10e>
10006ef0:	f001 f9c8 	bl	10008284 <vPortYield>
10006ef4:	e757      	b.n	10006da6 <xQueueSemaphoreTake+0x10e>
10006ef6:	f001 f9d1 	bl	1000829c <vPortEnterCritical>
10006efa:	6a61      	ldr	r1, [r4, #36]	@ 0x24
10006efc:	b119      	cbz	r1, 10006f06 <xQueueSemaphoreTake+0x26e>
10006efe:	6b23      	ldr	r3, [r4, #48]	@ 0x30
10006f00:	6819      	ldr	r1, [r3, #0]
10006f02:	f1c1 0106 	rsb	r1, r1, #6
10006f06:	68a0      	ldr	r0, [r4, #8]
10006f08:	f000 ff3e 	bl	10007d88 <vTaskPriorityDisinheritAfterTimeout>
10006f0c:	f001 f9d4 	bl	100082b8 <vPortExitCritical>
10006f10:	e7a0      	b.n	10006e54 <xQueueSemaphoreTake+0x1bc>
10006f12:	f001 f9c3 	bl	1000829c <vPortEnterCritical>
10006f16:	68a0      	ldr	r0, [r4, #8]
10006f18:	f000 feb8 	bl	10007c8c <xTaskPriorityInherit>
10006f1c:	4607      	mov	r7, r0
10006f1e:	f001 f9cb 	bl	100082b8 <vPortExitCritical>
10006f22:	e6f5      	b.n	10006d10 <xQueueSemaphoreTake+0x78>
10006f24:	6823      	ldr	r3, [r4, #0]
10006f26:	3d01      	subs	r5, #1
10006f28:	63a5      	str	r5, [r4, #56]	@ 0x38
10006f2a:	b183      	cbz	r3, 10006f4e <xQueueSemaphoreTake+0x2b6>
10006f2c:	6923      	ldr	r3, [r4, #16]
10006f2e:	b92b      	cbnz	r3, 10006f3c <xQueueSemaphoreTake+0x2a4>
10006f30:	f001 f9c2 	bl	100082b8 <vPortExitCritical>
10006f34:	2001      	movs	r0, #1
10006f36:	b005      	add	sp, #20
10006f38:	e8bd 83f0 	ldmia.w	sp!, {r4, r5, r6, r7, r8, r9, pc}
10006f3c:	f104 0010 	add.w	r0, r4, #16
10006f40:	f000 fdfa 	bl	10007b38 <xTaskRemoveFromEventList>
10006f44:	2800      	cmp	r0, #0
10006f46:	d0f3      	beq.n	10006f30 <xQueueSemaphoreTake+0x298>
10006f48:	f001 f99c 	bl	10008284 <vPortYield>
10006f4c:	e7f0      	b.n	10006f30 <xQueueSemaphoreTake+0x298>
10006f4e:	f000 ff57 	bl	10007e00 <pvTaskIncrementMutexHeldCount>
10006f52:	60a0      	str	r0, [r4, #8]
10006f54:	e7ea      	b.n	10006f2c <xQueueSemaphoreTake+0x294>
10006f56:	bf00      	nop

10006f58 <vQueueAddToRegistry>:
10006f58:	2900      	cmp	r1, #0
10006f5a:	d06b      	beq.n	10007034 <vQueueAddToRegistry+0xdc>
10006f5c:	4b56      	ldr	r3, [pc, #344]	@ (100070b8 <vQueueAddToRegistry+0x160>)
10006f5e:	685a      	ldr	r2, [r3, #4]
10006f60:	4290      	cmp	r0, r2
10006f62:	f000 808b 	beq.w	1000707c <vQueueAddToRegistry+0x124>
10006f66:	681a      	ldr	r2, [r3, #0]
10006f68:	b410      	push	{r4}
10006f6a:	2a00      	cmp	r2, #0
10006f6c:	d03b      	beq.n	10006fe6 <vQueueAddToRegistry+0x8e>
10006f6e:	68da      	ldr	r2, [r3, #12]
10006f70:	4290      	cmp	r0, r2
10006f72:	f000 809e 	beq.w	100070b2 <vQueueAddToRegistry+0x15a>
10006f76:	689a      	ldr	r2, [r3, #8]
10006f78:	2a00      	cmp	r2, #0
10006f7a:	d055      	beq.n	10007028 <vQueueAddToRegistry+0xd0>
10006f7c:	695a      	ldr	r2, [r3, #20]
10006f7e:	4290      	cmp	r0, r2
10006f80:	f000 8095 	beq.w	100070ae <vQueueAddToRegistry+0x156>
10006f84:	691a      	ldr	r2, [r3, #16]
10006f86:	2a00      	cmp	r2, #0
10006f88:	d055      	beq.n	10007036 <vQueueAddToRegistry+0xde>
10006f8a:	69da      	ldr	r2, [r3, #28]
10006f8c:	4290      	cmp	r0, r2
10006f8e:	f000 8082 	beq.w	10007096 <vQueueAddToRegistry+0x13e>
10006f92:	699a      	ldr	r2, [r3, #24]
10006f94:	2a00      	cmp	r2, #0
10006f96:	d054      	beq.n	10007042 <vQueueAddToRegistry+0xea>
10006f98:	6a5a      	ldr	r2, [r3, #36]	@ 0x24
10006f9a:	4290      	cmp	r0, r2
10006f9c:	d056      	beq.n	1000704c <vQueueAddToRegistry+0xf4>
10006f9e:	6a1a      	ldr	r2, [r3, #32]
10006fa0:	2a00      	cmp	r2, #0
10006fa2:	d057      	beq.n	10007054 <vQueueAddToRegistry+0xfc>
10006fa4:	6ada      	ldr	r2, [r3, #44]	@ 0x2c
10006fa6:	4290      	cmp	r0, r2
10006fa8:	d077      	beq.n	1000709a <vQueueAddToRegistry+0x142>
10006faa:	6a9a      	ldr	r2, [r3, #40]	@ 0x28
10006fac:	2a00      	cmp	r2, #0
10006fae:	d056      	beq.n	1000705e <vQueueAddToRegistry+0x106>
10006fb0:	6b5a      	ldr	r2, [r3, #52]	@ 0x34
10006fb2:	4290      	cmp	r0, r2
10006fb4:	d073      	beq.n	1000709e <vQueueAddToRegistry+0x146>
10006fb6:	6b1a      	ldr	r2, [r3, #48]	@ 0x30
10006fb8:	2a00      	cmp	r2, #0
10006fba:	d055      	beq.n	10007068 <vQueueAddToRegistry+0x110>
10006fbc:	6bda      	ldr	r2, [r3, #60]	@ 0x3c
10006fbe:	4290      	cmp	r0, r2
10006fc0:	d06f      	beq.n	100070a2 <vQueueAddToRegistry+0x14a>
10006fc2:	6b9a      	ldr	r2, [r3, #56]	@ 0x38
10006fc4:	2a00      	cmp	r2, #0
10006fc6:	d054      	beq.n	10007072 <vQueueAddToRegistry+0x11a>
10006fc8:	6c5a      	ldr	r2, [r3, #68]	@ 0x44
10006fca:	4290      	cmp	r0, r2
10006fcc:	d06b      	beq.n	100070a6 <vQueueAddToRegistry+0x14e>
10006fce:	6c1a      	ldr	r2, [r3, #64]	@ 0x40
10006fd0:	2a00      	cmp	r2, #0
10006fd2:	d059      	beq.n	10007088 <vQueueAddToRegistry+0x130>
10006fd4:	6cda      	ldr	r2, [r3, #76]	@ 0x4c
10006fd6:	4290      	cmp	r0, r2
10006fd8:	d067      	beq.n	100070aa <vQueueAddToRegistry+0x152>
10006fda:	6c9b      	ldr	r3, [r3, #72]	@ 0x48
10006fdc:	2b00      	cmp	r3, #0
10006fde:	d058      	beq.n	10007092 <vQueueAddToRegistry+0x13a>
10006fe0:	f85d 4b04 	ldr.w	r4, [sp], #4
10006fe4:	4770      	bx	lr
10006fe6:	68da      	ldr	r2, [r3, #12]
10006fe8:	4290      	cmp	r0, r2
10006fea:	d062      	beq.n	100070b2 <vQueueAddToRegistry+0x15a>
10006fec:	695a      	ldr	r2, [r3, #20]
10006fee:	4290      	cmp	r0, r2
10006ff0:	d05d      	beq.n	100070ae <vQueueAddToRegistry+0x156>
10006ff2:	461a      	mov	r2, r3
10006ff4:	69dc      	ldr	r4, [r3, #28]
10006ff6:	42a0      	cmp	r0, r4
10006ff8:	d04d      	beq.n	10007096 <vQueueAddToRegistry+0x13e>
10006ffa:	6a5c      	ldr	r4, [r3, #36]	@ 0x24
10006ffc:	42a0      	cmp	r0, r4
10006ffe:	d025      	beq.n	1000704c <vQueueAddToRegistry+0xf4>
10007000:	6adc      	ldr	r4, [r3, #44]	@ 0x2c
10007002:	42a0      	cmp	r0, r4
10007004:	d049      	beq.n	1000709a <vQueueAddToRegistry+0x142>
10007006:	6b5c      	ldr	r4, [r3, #52]	@ 0x34
10007008:	42a0      	cmp	r0, r4
1000700a:	d048      	beq.n	1000709e <vQueueAddToRegistry+0x146>
1000700c:	6bdc      	ldr	r4, [r3, #60]	@ 0x3c
1000700e:	42a0      	cmp	r0, r4
10007010:	d047      	beq.n	100070a2 <vQueueAddToRegistry+0x14a>
10007012:	6c5c      	ldr	r4, [r3, #68]	@ 0x44
10007014:	42a0      	cmp	r0, r4
10007016:	d046      	beq.n	100070a6 <vQueueAddToRegistry+0x14e>
10007018:	6cdc      	ldr	r4, [r3, #76]	@ 0x4c
1000701a:	42a0      	cmp	r0, r4
1000701c:	d045      	beq.n	100070aa <vQueueAddToRegistry+0x152>
1000701e:	e9c2 1000 	strd	r1, r0, [r2]
10007022:	f85d 4b04 	ldr.w	r4, [sp], #4
10007026:	4770      	bx	lr
10007028:	695a      	ldr	r2, [r3, #20]
1000702a:	4290      	cmp	r0, r2
1000702c:	d03f      	beq.n	100070ae <vQueueAddToRegistry+0x156>
1000702e:	f103 0208 	add.w	r2, r3, #8
10007032:	e7df      	b.n	10006ff4 <vQueueAddToRegistry+0x9c>
10007034:	4770      	bx	lr
10007036:	69da      	ldr	r2, [r3, #28]
10007038:	4290      	cmp	r0, r2
1000703a:	d02c      	beq.n	10007096 <vQueueAddToRegistry+0x13e>
1000703c:	f103 0210 	add.w	r2, r3, #16
10007040:	e7db      	b.n	10006ffa <vQueueAddToRegistry+0xa2>
10007042:	6a5a      	ldr	r2, [r3, #36]	@ 0x24
10007044:	4290      	cmp	r0, r2
10007046:	d001      	beq.n	1000704c <vQueueAddToRegistry+0xf4>
10007048:	4a1c      	ldr	r2, [pc, #112]	@ (100070bc <vQueueAddToRegistry+0x164>)
1000704a:	e7d9      	b.n	10007000 <vQueueAddToRegistry+0xa8>
1000704c:	2204      	movs	r2, #4
1000704e:	eb03 02c2 	add.w	r2, r3, r2, lsl #3
10007052:	e7e4      	b.n	1000701e <vQueueAddToRegistry+0xc6>
10007054:	6ada      	ldr	r2, [r3, #44]	@ 0x2c
10007056:	4290      	cmp	r0, r2
10007058:	d01f      	beq.n	1000709a <vQueueAddToRegistry+0x142>
1000705a:	4a19      	ldr	r2, [pc, #100]	@ (100070c0 <vQueueAddToRegistry+0x168>)
1000705c:	e7d3      	b.n	10007006 <vQueueAddToRegistry+0xae>
1000705e:	6b5a      	ldr	r2, [r3, #52]	@ 0x34
10007060:	4290      	cmp	r0, r2
10007062:	d01c      	beq.n	1000709e <vQueueAddToRegistry+0x146>
10007064:	4a17      	ldr	r2, [pc, #92]	@ (100070c4 <vQueueAddToRegistry+0x16c>)
10007066:	e7d1      	b.n	1000700c <vQueueAddToRegistry+0xb4>
10007068:	6bda      	ldr	r2, [r3, #60]	@ 0x3c
1000706a:	4290      	cmp	r0, r2
1000706c:	d019      	beq.n	100070a2 <vQueueAddToRegistry+0x14a>
1000706e:	4a16      	ldr	r2, [pc, #88]	@ (100070c8 <vQueueAddToRegistry+0x170>)
10007070:	e7cf      	b.n	10007012 <vQueueAddToRegistry+0xba>
10007072:	6c5a      	ldr	r2, [r3, #68]	@ 0x44
10007074:	4290      	cmp	r0, r2
10007076:	d016      	beq.n	100070a6 <vQueueAddToRegistry+0x14e>
10007078:	4a14      	ldr	r2, [pc, #80]	@ (100070cc <vQueueAddToRegistry+0x174>)
1000707a:	e7cd      	b.n	10007018 <vQueueAddToRegistry+0xc0>
1000707c:	2200      	movs	r2, #0
1000707e:	eb03 02c2 	add.w	r2, r3, r2, lsl #3
10007082:	e9c2 1000 	strd	r1, r0, [r2]
10007086:	4770      	bx	lr
10007088:	6cda      	ldr	r2, [r3, #76]	@ 0x4c
1000708a:	4290      	cmp	r0, r2
1000708c:	d00d      	beq.n	100070aa <vQueueAddToRegistry+0x152>
1000708e:	4a10      	ldr	r2, [pc, #64]	@ (100070d0 <vQueueAddToRegistry+0x178>)
10007090:	e7c5      	b.n	1000701e <vQueueAddToRegistry+0xc6>
10007092:	4a10      	ldr	r2, [pc, #64]	@ (100070d4 <vQueueAddToRegistry+0x17c>)
10007094:	e7c3      	b.n	1000701e <vQueueAddToRegistry+0xc6>
10007096:	2203      	movs	r2, #3
10007098:	e7d9      	b.n	1000704e <vQueueAddToRegistry+0xf6>
1000709a:	2205      	movs	r2, #5
1000709c:	e7d7      	b.n	1000704e <vQueueAddToRegistry+0xf6>
1000709e:	2206      	movs	r2, #6
100070a0:	e7d5      	b.n	1000704e <vQueueAddToRegistry+0xf6>
100070a2:	2207      	movs	r2, #7
100070a4:	e7d3      	b.n	1000704e <vQueueAddToRegistry+0xf6>
100070a6:	2208      	movs	r2, #8
100070a8:	e7d1      	b.n	1000704e <vQueueAddToRegistry+0xf6>
100070aa:	2209      	movs	r2, #9
100070ac:	e7cf      	b.n	1000704e <vQueueAddToRegistry+0xf6>
100070ae:	2202      	movs	r2, #2
100070b0:	e7cd      	b.n	1000704e <vQueueAddToRegistry+0xf6>
100070b2:	2201      	movs	r2, #1
100070b4:	e7cb      	b.n	1000704e <vQueueAddToRegistry+0xf6>
100070b6:	bf00      	nop
100070b8:	20001c90 	.word	0x20001c90
100070bc:	20001ca8 	.word	0x20001ca8
100070c0:	20001cb0 	.word	0x20001cb0
100070c4:	20001cb8 	.word	0x20001cb8
100070c8:	20001cc0 	.word	0x20001cc0
100070cc:	20001cc8 	.word	0x20001cc8
100070d0:	20001cd0 	.word	0x20001cd0
100070d4:	20001cd8 	.word	0x20001cd8

100070d8 <vQueueWaitForMessageRestricted>:
100070d8:	b570      	push	{r4, r5, r6, lr}
100070da:	4605      	mov	r5, r0
100070dc:	460e      	mov	r6, r1
100070de:	4614      	mov	r4, r2
100070e0:	f001 f8dc 	bl	1000829c <vPortEnterCritical>
100070e4:	f895 3044 	ldrb.w	r3, [r5, #68]	@ 0x44
100070e8:	2bff      	cmp	r3, #255	@ 0xff
100070ea:	bf04      	itt	eq
100070ec:	2300      	moveq	r3, #0
100070ee:	f885 3044 	strbeq.w	r3, [r5, #68]	@ 0x44
100070f2:	f895 3045 	ldrb.w	r3, [r5, #69]	@ 0x45
100070f6:	2bff      	cmp	r3, #255	@ 0xff
100070f8:	bf04      	itt	eq
100070fa:	2300      	moveq	r3, #0
100070fc:	f885 3045 	strbeq.w	r3, [r5, #69]	@ 0x45
10007100:	f001 f8da 	bl	100082b8 <vPortExitCritical>
10007104:	6bab      	ldr	r3, [r5, #56]	@ 0x38
10007106:	2b00      	cmp	r3, #0
10007108:	d043      	beq.n	10007192 <vQueueWaitForMessageRestricted+0xba>
1000710a:	f001 f8c7 	bl	1000829c <vPortEnterCritical>
1000710e:	f895 3045 	ldrb.w	r3, [r5, #69]	@ 0x45
10007112:	b25c      	sxtb	r4, r3
10007114:	2c00      	cmp	r4, #0
10007116:	dd14      	ble.n	10007142 <vQueueWaitForMessageRestricted+0x6a>
10007118:	f105 0624 	add.w	r6, r5, #36	@ 0x24
1000711c:	e003      	b.n	10007126 <vQueueWaitForMessageRestricted+0x4e>
1000711e:	1e63      	subs	r3, r4, #1
10007120:	b2da      	uxtb	r2, r3
10007122:	b25c      	sxtb	r4, r3
10007124:	b16a      	cbz	r2, 10007142 <vQueueWaitForMessageRestricted+0x6a>
10007126:	6a6b      	ldr	r3, [r5, #36]	@ 0x24
10007128:	b15b      	cbz	r3, 10007142 <vQueueWaitForMessageRestricted+0x6a>
1000712a:	4630      	mov	r0, r6
1000712c:	f000 fd04 	bl	10007b38 <xTaskRemoveFromEventList>
10007130:	2800      	cmp	r0, #0
10007132:	d0f4      	beq.n	1000711e <vQueueWaitForMessageRestricted+0x46>
10007134:	f000 fda4 	bl	10007c80 <vTaskMissedYield>
10007138:	1e63      	subs	r3, r4, #1
1000713a:	b2da      	uxtb	r2, r3
1000713c:	b25c      	sxtb	r4, r3
1000713e:	2a00      	cmp	r2, #0
10007140:	d1f1      	bne.n	10007126 <vQueueWaitForMessageRestricted+0x4e>
10007142:	23ff      	movs	r3, #255	@ 0xff
10007144:	f885 3045 	strb.w	r3, [r5, #69]	@ 0x45
10007148:	f001 f8b6 	bl	100082b8 <vPortExitCritical>
1000714c:	f001 f8a6 	bl	1000829c <vPortEnterCritical>
10007150:	f895 3044 	ldrb.w	r3, [r5, #68]	@ 0x44
10007154:	b25c      	sxtb	r4, r3
10007156:	2c00      	cmp	r4, #0
10007158:	dd14      	ble.n	10007184 <vQueueWaitForMessageRestricted+0xac>
1000715a:	f105 0610 	add.w	r6, r5, #16
1000715e:	e003      	b.n	10007168 <vQueueWaitForMessageRestricted+0x90>
10007160:	1e63      	subs	r3, r4, #1
10007162:	b2da      	uxtb	r2, r3
10007164:	b25c      	sxtb	r4, r3
10007166:	b16a      	cbz	r2, 10007184 <vQueueWaitForMessageRestricted+0xac>
10007168:	692b      	ldr	r3, [r5, #16]
1000716a:	b15b      	cbz	r3, 10007184 <vQueueWaitForMessageRestricted+0xac>
1000716c:	4630      	mov	r0, r6
1000716e:	f000 fce3 	bl	10007b38 <xTaskRemoveFromEventList>
10007172:	2800      	cmp	r0, #0
10007174:	d0f4      	beq.n	10007160 <vQueueWaitForMessageRestricted+0x88>
10007176:	f000 fd83 	bl	10007c80 <vTaskMissedYield>
1000717a:	1e63      	subs	r3, r4, #1
1000717c:	b2da      	uxtb	r2, r3
1000717e:	b25c      	sxtb	r4, r3
10007180:	2a00      	cmp	r2, #0
10007182:	d1f1      	bne.n	10007168 <vQueueWaitForMessageRestricted+0x90>
10007184:	23ff      	movs	r3, #255	@ 0xff
10007186:	f885 3044 	strb.w	r3, [r5, #68]	@ 0x44
1000718a:	e8bd 4070 	ldmia.w	sp!, {r4, r5, r6, lr}
1000718e:	f001 b893 	b.w	100082b8 <vPortExitCritical>
10007192:	4622      	mov	r2, r4
10007194:	4631      	mov	r1, r6
10007196:	f105 0024 	add.w	r0, r5, #36	@ 0x24
1000719a:	f000 fc67 	bl	10007a6c <vTaskPlaceOnEventListRestricted>
1000719e:	e7b4      	b.n	1000710a <vQueueWaitForMessageRestricted+0x32>

100071a0 <prvAddNewTaskToReadyList>:
100071a0:	e92d 41f0 	stmdb	sp!, {r4, r5, r6, r7, r8, lr}
100071a4:	4604      	mov	r4, r0
100071a6:	f001 f879 	bl	1000829c <vPortEnterCritical>
100071aa:	4a36      	ldr	r2, [pc, #216]	@ (10007284 <prvAddNewTaskToReadyList+0xe4>)
100071ac:	4e36      	ldr	r6, [pc, #216]	@ (10007288 <prvAddNewTaskToReadyList+0xe8>)
100071ae:	6813      	ldr	r3, [r2, #0]
100071b0:	3301      	adds	r3, #1
100071b2:	6013      	str	r3, [r2, #0]
100071b4:	6833      	ldr	r3, [r6, #0]
100071b6:	2b00      	cmp	r3, #0
100071b8:	d034      	beq.n	10007224 <prvAddNewTaskToReadyList+0x84>
100071ba:	4f34      	ldr	r7, [pc, #208]	@ (1000728c <prvAddNewTaskToReadyList+0xec>)
100071bc:	6ae3      	ldr	r3, [r4, #44]	@ 0x2c
100071be:	683a      	ldr	r2, [r7, #0]
100071c0:	b34a      	cbz	r2, 10007216 <prvAddNewTaskToReadyList+0x76>
100071c2:	4d33      	ldr	r5, [pc, #204]	@ (10007290 <prvAddNewTaskToReadyList+0xf0>)
100071c4:	4933      	ldr	r1, [pc, #204]	@ (10007294 <prvAddNewTaskToReadyList+0xf4>)
100071c6:	4834      	ldr	r0, [pc, #208]	@ (10007298 <prvAddNewTaskToReadyList+0xf8>)
100071c8:	680a      	ldr	r2, [r1, #0]
100071ca:	f104 0c04 	add.w	ip, r4, #4
100071ce:	3201      	adds	r2, #1
100071d0:	600a      	str	r2, [r1, #0]
100071d2:	6802      	ldr	r2, [r0, #0]
100071d4:	429a      	cmp	r2, r3
100071d6:	bf38      	it	cc
100071d8:	6003      	strcc	r3, [r0, #0]
100071da:	eb03 0383 	add.w	r3, r3, r3, lsl #2
100071de:	eb05 0083 	add.w	r0, r5, r3, lsl #2
100071e2:	6841      	ldr	r1, [r0, #4]
100071e4:	009b      	lsls	r3, r3, #2
100071e6:	58ea      	ldr	r2, [r5, r3]
100071e8:	f8d1 e008 	ldr.w	lr, [r1, #8]
100071ec:	60a1      	str	r1, [r4, #8]
100071ee:	f8c4 e00c 	str.w	lr, [r4, #12]
100071f2:	3201      	adds	r2, #1
100071f4:	f8ce c004 	str.w	ip, [lr, #4]
100071f8:	f8c1 c008 	str.w	ip, [r1, #8]
100071fc:	6160      	str	r0, [r4, #20]
100071fe:	50ea      	str	r2, [r5, r3]
10007200:	f001 f85a 	bl	100082b8 <vPortExitCritical>
10007204:	683b      	ldr	r3, [r7, #0]
10007206:	b123      	cbz	r3, 10007212 <prvAddNewTaskToReadyList+0x72>
10007208:	6832      	ldr	r2, [r6, #0]
1000720a:	6ae3      	ldr	r3, [r4, #44]	@ 0x2c
1000720c:	6ad2      	ldr	r2, [r2, #44]	@ 0x2c
1000720e:	429a      	cmp	r2, r3
10007210:	d310      	bcc.n	10007234 <prvAddNewTaskToReadyList+0x94>
10007212:	e8bd 81f0 	ldmia.w	sp!, {r4, r5, r6, r7, r8, pc}
10007216:	6832      	ldr	r2, [r6, #0]
10007218:	4d1d      	ldr	r5, [pc, #116]	@ (10007290 <prvAddNewTaskToReadyList+0xf0>)
1000721a:	6ad2      	ldr	r2, [r2, #44]	@ 0x2c
1000721c:	429a      	cmp	r2, r3
1000721e:	bf98      	it	ls
10007220:	6034      	strls	r4, [r6, #0]
10007222:	e7cf      	b.n	100071c4 <prvAddNewTaskToReadyList+0x24>
10007224:	6034      	str	r4, [r6, #0]
10007226:	6813      	ldr	r3, [r2, #0]
10007228:	2b01      	cmp	r3, #1
1000722a:	d007      	beq.n	1000723c <prvAddNewTaskToReadyList+0x9c>
1000722c:	6ae3      	ldr	r3, [r4, #44]	@ 0x2c
1000722e:	4d18      	ldr	r5, [pc, #96]	@ (10007290 <prvAddNewTaskToReadyList+0xf0>)
10007230:	4f16      	ldr	r7, [pc, #88]	@ (1000728c <prvAddNewTaskToReadyList+0xec>)
10007232:	e7c7      	b.n	100071c4 <prvAddNewTaskToReadyList+0x24>
10007234:	e8bd 41f0 	ldmia.w	sp!, {r4, r5, r6, r7, r8, lr}
10007238:	f001 b824 	b.w	10008284 <vPortYield>
1000723c:	4d14      	ldr	r5, [pc, #80]	@ (10007290 <prvAddNewTaskToReadyList+0xf0>)
1000723e:	462f      	mov	r7, r5
10007240:	f105 0878 	add.w	r8, r5, #120	@ 0x78
10007244:	4638      	mov	r0, r7
10007246:	3714      	adds	r7, #20
10007248:	f001 f9a0 	bl	1000858c <vListInitialise>
1000724c:	4547      	cmp	r7, r8
1000724e:	d1f9      	bne.n	10007244 <prvAddNewTaskToReadyList+0xa4>
10007250:	f8df 8060 	ldr.w	r8, [pc, #96]	@ 100072b4 <prvAddNewTaskToReadyList+0x114>
10007254:	4f11      	ldr	r7, [pc, #68]	@ (1000729c <prvAddNewTaskToReadyList+0xfc>)
10007256:	4640      	mov	r0, r8
10007258:	f001 f998 	bl	1000858c <vListInitialise>
1000725c:	4638      	mov	r0, r7
1000725e:	f001 f995 	bl	1000858c <vListInitialise>
10007262:	480f      	ldr	r0, [pc, #60]	@ (100072a0 <prvAddNewTaskToReadyList+0x100>)
10007264:	f001 f992 	bl	1000858c <vListInitialise>
10007268:	480e      	ldr	r0, [pc, #56]	@ (100072a4 <prvAddNewTaskToReadyList+0x104>)
1000726a:	f001 f98f 	bl	1000858c <vListInitialise>
1000726e:	480e      	ldr	r0, [pc, #56]	@ (100072a8 <prvAddNewTaskToReadyList+0x108>)
10007270:	f001 f98c 	bl	1000858c <vListInitialise>
10007274:	4b0d      	ldr	r3, [pc, #52]	@ (100072ac <prvAddNewTaskToReadyList+0x10c>)
10007276:	f8c3 8000 	str.w	r8, [r3]
1000727a:	4b0d      	ldr	r3, [pc, #52]	@ (100072b0 <prvAddNewTaskToReadyList+0x110>)
1000727c:	601f      	str	r7, [r3, #0]
1000727e:	6ae3      	ldr	r3, [r4, #44]	@ 0x2c
10007280:	4f02      	ldr	r7, [pc, #8]	@ (1000728c <prvAddNewTaskToReadyList+0xec>)
10007282:	e79f      	b.n	100071c4 <prvAddNewTaskToReadyList+0x24>
10007284:	200029a4 	.word	0x200029a4
10007288:	200028e0 	.word	0x200028e0
1000728c:	20002a34 	.word	0x20002a34
10007290:	200028f4 	.word	0x200028f4
10007294:	200029b0 	.word	0x200029b0
10007298:	200029b4 	.word	0x200029b4
1000729c:	200029f4 	.word	0x200029f4
100072a0:	20002a20 	.word	0x20002a20
100072a4:	20002a4c 	.word	0x20002a4c
100072a8:	20002a38 	.word	0x20002a38
100072ac:	200028e8 	.word	0x200028e8
100072b0:	200028ec 	.word	0x200028ec
100072b4:	200029e0 	.word	0x200029e0

100072b8 <prvIdleTask>:
100072b8:	b580      	push	{r7, lr}
100072ba:	4d12      	ldr	r5, [pc, #72]	@ (10007304 <prvIdleTask+0x4c>)
100072bc:	4f12      	ldr	r7, [pc, #72]	@ (10007308 <prvIdleTask+0x50>)
100072be:	4e13      	ldr	r6, [pc, #76]	@ (1000730c <prvIdleTask+0x54>)
100072c0:	f8df 804c 	ldr.w	r8, [pc, #76]	@ 10007310 <prvIdleTask+0x58>
100072c4:	e014      	b.n	100072f0 <prvIdleTask+0x38>
100072c6:	f000 ffe9 	bl	1000829c <vPortEnterCritical>
100072ca:	68fb      	ldr	r3, [r7, #12]
100072cc:	68dc      	ldr	r4, [r3, #12]
100072ce:	1d20      	adds	r0, r4, #4
100072d0:	f001 f992 	bl	100085f8 <uxListRemove>
100072d4:	6833      	ldr	r3, [r6, #0]
100072d6:	3b01      	subs	r3, #1
100072d8:	6033      	str	r3, [r6, #0]
100072da:	682b      	ldr	r3, [r5, #0]
100072dc:	3b01      	subs	r3, #1
100072de:	602b      	str	r3, [r5, #0]
100072e0:	f000 ffea 	bl	100082b8 <vPortExitCritical>
100072e4:	6b20      	ldr	r0, [r4, #48]	@ 0x30
100072e6:	f000 ff8b 	bl	10008200 <vPortFree>
100072ea:	4620      	mov	r0, r4
100072ec:	f000 ff88 	bl	10008200 <vPortFree>
100072f0:	682b      	ldr	r3, [r5, #0]
100072f2:	2b00      	cmp	r3, #0
100072f4:	d1e7      	bne.n	100072c6 <prvIdleTask+0xe>
100072f6:	f8d8 3000 	ldr.w	r3, [r8]
100072fa:	2b01      	cmp	r3, #1
100072fc:	d9f8      	bls.n	100072f0 <prvIdleTask+0x38>
100072fe:	f000 ffc1 	bl	10008284 <vPortYield>
10007302:	e7f5      	b.n	100072f0 <prvIdleTask+0x38>
10007304:	200029a8 	.word	0x200029a8
10007308:	20002a4c 	.word	0x20002a4c
1000730c:	200029a4 	.word	0x200029a4
10007310:	200028f4 	.word	0x200028f4

10007314 <xTaskIncrementTick.part.0>:
10007314:	e92d 4ff0 	stmdb	sp!, {r4, r5, r6, r7, r8, r9, sl, fp, lr}
10007318:	4b4c      	ldr	r3, [pc, #304]	@ (1000744c <xTaskIncrementTick.part.0+0x138>)
1000731a:	b083      	sub	sp, #12
1000731c:	681d      	ldr	r5, [r3, #0]
1000731e:	3501      	adds	r5, #1
10007320:	601d      	str	r5, [r3, #0]
10007322:	2d00      	cmp	r5, #0
10007324:	d067      	beq.n	100073f6 <xTaskIncrementTick.part.0+0xe2>
10007326:	494a      	ldr	r1, [pc, #296]	@ (10007450 <xTaskIncrementTick.part.0+0x13c>)
10007328:	680b      	ldr	r3, [r1, #0]
1000732a:	429d      	cmp	r5, r3
1000732c:	d377      	bcc.n	1000741e <xTaskIncrementTick.part.0+0x10a>
1000732e:	4e49      	ldr	r6, [pc, #292]	@ (10007454 <xTaskIncrementTick.part.0+0x140>)
10007330:	6833      	ldr	r3, [r6, #0]
10007332:	6818      	ldr	r0, [r3, #0]
10007334:	2800      	cmp	r0, #0
10007336:	f000 8084 	beq.w	10007442 <xTaskIncrementTick.part.0+0x12e>
1000733a:	2000      	movs	r0, #0
1000733c:	46aa      	mov	sl, r5
1000733e:	4607      	mov	r7, r0
10007340:	4681      	mov	r9, r0
10007342:	f8df e128 	ldr.w	lr, [pc, #296]	@ 1000746c <xTaskIncrementTick.part.0+0x158>
10007346:	4c44      	ldr	r4, [pc, #272]	@ (10007458 <xTaskIncrementTick.part.0+0x144>)
10007348:	9101      	str	r1, [sp, #4]
1000734a:	e047      	b.n	100073dc <xTaskIncrementTick.part.0+0xc8>
1000734c:	6958      	ldr	r0, [r3, #20]
1000734e:	e9d3 2c02 	ldrd	r2, ip, [r3, #8]
10007352:	f8c2 c008 	str.w	ip, [r2, #8]
10007356:	f8cc 2004 	str.w	r2, [ip, #4]
1000735a:	6842      	ldr	r2, [r0, #4]
1000735c:	428a      	cmp	r2, r1
1000735e:	6802      	ldr	r2, [r0, #0]
10007360:	bf08      	it	eq
10007362:	f8c0 c004 	streq.w	ip, [r0, #4]
10007366:	3a01      	subs	r2, #1
10007368:	615f      	str	r7, [r3, #20]
1000736a:	6002      	str	r2, [r0, #0]
1000736c:	6a98      	ldr	r0, [r3, #40]	@ 0x28
1000736e:	b170      	cbz	r0, 1000738e <xTaskIncrementTick.part.0+0x7a>
10007370:	e9d3 2c07 	ldrd	r2, ip, [r3, #28]
10007374:	f8c2 c008 	str.w	ip, [r2, #8]
10007378:	f8cc 2004 	str.w	r2, [ip, #4]
1000737c:	6842      	ldr	r2, [r0, #4]
1000737e:	42aa      	cmp	r2, r5
10007380:	6802      	ldr	r2, [r0, #0]
10007382:	bf08      	it	eq
10007384:	f8c0 c004 	streq.w	ip, [r0, #4]
10007388:	3a01      	subs	r2, #1
1000738a:	629f      	str	r7, [r3, #40]	@ 0x28
1000738c:	6002      	str	r2, [r0, #0]
1000738e:	6ada      	ldr	r2, [r3, #44]	@ 0x2c
10007390:	f8de 0000 	ldr.w	r0, [lr]
10007394:	eb02 0c82 	add.w	ip, r2, r2, lsl #2
10007398:	eb04 088c 	add.w	r8, r4, ip, lsl #2
1000739c:	4282      	cmp	r2, r0
1000739e:	f8d8 0004 	ldr.w	r0, [r8, #4]
100073a2:	f854 502c 	ldr.w	r5, [r4, ip, lsl #2]
100073a6:	f8d0 b008 	ldr.w	fp, [r0, #8]
100073aa:	6098      	str	r0, [r3, #8]
100073ac:	f8c3 b00c 	str.w	fp, [r3, #12]
100073b0:	f8cb 1004 	str.w	r1, [fp, #4]
100073b4:	6081      	str	r1, [r0, #8]
100073b6:	f8c3 8014 	str.w	r8, [r3, #20]
100073ba:	4b28      	ldr	r3, [pc, #160]	@ (1000745c <xTaskIncrementTick.part.0+0x148>)
100073bc:	bf88      	it	hi
100073be:	f8ce 2000 	strhi.w	r2, [lr]
100073c2:	6819      	ldr	r1, [r3, #0]
100073c4:	3501      	adds	r5, #1
100073c6:	6833      	ldr	r3, [r6, #0]
100073c8:	f844 502c 	str.w	r5, [r4, ip, lsl #2]
100073cc:	6ac9      	ldr	r1, [r1, #44]	@ 0x2c
100073ce:	681b      	ldr	r3, [r3, #0]
100073d0:	428a      	cmp	r2, r1
100073d2:	bf88      	it	hi
100073d4:	f049 0901 	orrhi.w	r9, r9, #1
100073d8:	2b00      	cmp	r3, #0
100073da:	d030      	beq.n	1000743e <xTaskIncrementTick.part.0+0x12a>
100073dc:	6833      	ldr	r3, [r6, #0]
100073de:	68db      	ldr	r3, [r3, #12]
100073e0:	68db      	ldr	r3, [r3, #12]
100073e2:	685a      	ldr	r2, [r3, #4]
100073e4:	1d19      	adds	r1, r3, #4
100073e6:	4592      	cmp	sl, r2
100073e8:	f103 0518 	add.w	r5, r3, #24
100073ec:	d2ae      	bcs.n	1000734c <xTaskIncrementTick.part.0+0x38>
100073ee:	9901      	ldr	r1, [sp, #4]
100073f0:	4648      	mov	r0, r9
100073f2:	600a      	str	r2, [r1, #0]
100073f4:	e014      	b.n	10007420 <xTaskIncrementTick.part.0+0x10c>
100073f6:	4b17      	ldr	r3, [pc, #92]	@ (10007454 <xTaskIncrementTick.part.0+0x140>)
100073f8:	4a19      	ldr	r2, [pc, #100]	@ (10007460 <xTaskIncrementTick.part.0+0x14c>)
100073fa:	6818      	ldr	r0, [r3, #0]
100073fc:	6811      	ldr	r1, [r2, #0]
100073fe:	6019      	str	r1, [r3, #0]
10007400:	4918      	ldr	r1, [pc, #96]	@ (10007464 <xTaskIncrementTick.part.0+0x150>)
10007402:	6010      	str	r0, [r2, #0]
10007404:	680a      	ldr	r2, [r1, #0]
10007406:	3201      	adds	r2, #1
10007408:	600a      	str	r2, [r1, #0]
1000740a:	681a      	ldr	r2, [r3, #0]
1000740c:	6812      	ldr	r2, [r2, #0]
1000740e:	b982      	cbnz	r2, 10007432 <xTaskIncrementTick.part.0+0x11e>
10007410:	f04f 33ff 	mov.w	r3, #4294967295
10007414:	490e      	ldr	r1, [pc, #56]	@ (10007450 <xTaskIncrementTick.part.0+0x13c>)
10007416:	600b      	str	r3, [r1, #0]
10007418:	680b      	ldr	r3, [r1, #0]
1000741a:	429d      	cmp	r5, r3
1000741c:	d287      	bcs.n	1000732e <xTaskIncrementTick.part.0+0x1a>
1000741e:	2000      	movs	r0, #0
10007420:	4b11      	ldr	r3, [pc, #68]	@ (10007468 <xTaskIncrementTick.part.0+0x154>)
10007422:	681b      	ldr	r3, [r3, #0]
10007424:	2b00      	cmp	r3, #0
10007426:	bf18      	it	ne
10007428:	f040 0001 	orrne.w	r0, r0, #1
1000742c:	b003      	add	sp, #12
1000742e:	e8bd 8ff0 	ldmia.w	sp!, {r4, r5, r6, r7, r8, r9, sl, fp, pc}
10007432:	681b      	ldr	r3, [r3, #0]
10007434:	4906      	ldr	r1, [pc, #24]	@ (10007450 <xTaskIncrementTick.part.0+0x13c>)
10007436:	68db      	ldr	r3, [r3, #12]
10007438:	681b      	ldr	r3, [r3, #0]
1000743a:	600b      	str	r3, [r1, #0]
1000743c:	e774      	b.n	10007328 <xTaskIncrementTick.part.0+0x14>
1000743e:	4648      	mov	r0, r9
10007440:	9901      	ldr	r1, [sp, #4]
10007442:	f04f 33ff 	mov.w	r3, #4294967295
10007446:	600b      	str	r3, [r1, #0]
10007448:	e7ea      	b.n	10007420 <xTaskIncrementTick.part.0+0x10c>
1000744a:	bf00      	nop
1000744c:	20002a60 	.word	0x20002a60
10007450:	20002a14 	.word	0x20002a14
10007454:	200028e8 	.word	0x200028e8
10007458:	200028f4 	.word	0x200028f4
1000745c:	200028e0 	.word	0x200028e0
10007460:	200028ec 	.word	0x200028ec
10007464:	20002a18 	.word	0x20002a18
10007468:	20002a6c 	.word	0x20002a6c
1000746c:	200029b4 	.word	0x200029b4

10007470 <xTaskCreate>:
10007470:	e92d 43f8 	stmdb	sp!, {r3, r4, r5, r6, r7, r8, r9, lr}
10007474:	0095      	lsls	r5, r2, #2
10007476:	4680      	mov	r8, r0
10007478:	4628      	mov	r0, r5
1000747a:	460f      	mov	r7, r1
1000747c:	4699      	mov	r9, r3
1000747e:	f000 feb3 	bl	100081e8 <pvPortMalloc>
10007482:	2800      	cmp	r0, #0
10007484:	d072      	beq.n	1000756c <xTaskCreate+0xfc>
10007486:	4606      	mov	r6, r0
10007488:	2070      	movs	r0, #112	@ 0x70
1000748a:	f000 fead 	bl	100081e8 <pvPortMalloc>
1000748e:	4604      	mov	r4, r0
10007490:	2800      	cmp	r0, #0
10007492:	d068      	beq.n	10007566 <xTaskCreate+0xf6>
10007494:	3d04      	subs	r5, #4
10007496:	2270      	movs	r2, #112	@ 0x70
10007498:	2100      	movs	r1, #0
1000749a:	4435      	add	r5, r6
1000749c:	f001 fd88 	bl	10008fb0 <memset>
100074a0:	f025 0507 	bic.w	r5, r5, #7
100074a4:	6326      	str	r6, [r4, #48]	@ 0x30
100074a6:	2f00      	cmp	r7, #0
100074a8:	d03b      	beq.n	10007522 <xTaskCreate+0xb2>
100074aa:	783b      	ldrb	r3, [r7, #0]
100074ac:	f884 3034 	strb.w	r3, [r4, #52]	@ 0x34
100074b0:	2b00      	cmp	r3, #0
100074b2:	d036      	beq.n	10007522 <xTaskCreate+0xb2>
100074b4:	787b      	ldrb	r3, [r7, #1]
100074b6:	f884 3035 	strb.w	r3, [r4, #53]	@ 0x35
100074ba:	b393      	cbz	r3, 10007522 <xTaskCreate+0xb2>
100074bc:	78bb      	ldrb	r3, [r7, #2]
100074be:	f884 3036 	strb.w	r3, [r4, #54]	@ 0x36
100074c2:	b373      	cbz	r3, 10007522 <xTaskCreate+0xb2>
100074c4:	78fb      	ldrb	r3, [r7, #3]
100074c6:	f884 3037 	strb.w	r3, [r4, #55]	@ 0x37
100074ca:	b353      	cbz	r3, 10007522 <xTaskCreate+0xb2>
100074cc:	793b      	ldrb	r3, [r7, #4]
100074ce:	f884 3038 	strb.w	r3, [r4, #56]	@ 0x38
100074d2:	b333      	cbz	r3, 10007522 <xTaskCreate+0xb2>
100074d4:	797b      	ldrb	r3, [r7, #5]
100074d6:	f884 3039 	strb.w	r3, [r4, #57]	@ 0x39
100074da:	b313      	cbz	r3, 10007522 <xTaskCreate+0xb2>
100074dc:	79bb      	ldrb	r3, [r7, #6]
100074de:	f884 303a 	strb.w	r3, [r4, #58]	@ 0x3a
100074e2:	b1f3      	cbz	r3, 10007522 <xTaskCreate+0xb2>
100074e4:	79fb      	ldrb	r3, [r7, #7]
100074e6:	f884 303b 	strb.w	r3, [r4, #59]	@ 0x3b
100074ea:	b1d3      	cbz	r3, 10007522 <xTaskCreate+0xb2>
100074ec:	7a3b      	ldrb	r3, [r7, #8]
100074ee:	f884 303c 	strb.w	r3, [r4, #60]	@ 0x3c
100074f2:	b1b3      	cbz	r3, 10007522 <xTaskCreate+0xb2>
100074f4:	7a7b      	ldrb	r3, [r7, #9]
100074f6:	f884 303d 	strb.w	r3, [r4, #61]	@ 0x3d
100074fa:	b193      	cbz	r3, 10007522 <xTaskCreate+0xb2>
100074fc:	7abb      	ldrb	r3, [r7, #10]
100074fe:	f884 303e 	strb.w	r3, [r4, #62]	@ 0x3e
10007502:	b173      	cbz	r3, 10007522 <xTaskCreate+0xb2>
10007504:	7afb      	ldrb	r3, [r7, #11]
10007506:	f884 303f 	strb.w	r3, [r4, #63]	@ 0x3f
1000750a:	b153      	cbz	r3, 10007522 <xTaskCreate+0xb2>
1000750c:	7b3b      	ldrb	r3, [r7, #12]
1000750e:	f884 3040 	strb.w	r3, [r4, #64]	@ 0x40
10007512:	b133      	cbz	r3, 10007522 <xTaskCreate+0xb2>
10007514:	7b7b      	ldrb	r3, [r7, #13]
10007516:	f884 3041 	strb.w	r3, [r4, #65]	@ 0x41
1000751a:	b113      	cbz	r3, 10007522 <xTaskCreate+0xb2>
1000751c:	7bbb      	ldrb	r3, [r7, #14]
1000751e:	f884 3042 	strb.w	r3, [r4, #66]	@ 0x42
10007522:	9f08      	ldr	r7, [sp, #32]
10007524:	1d20      	adds	r0, r4, #4
10007526:	2f05      	cmp	r7, #5
10007528:	bf28      	it	cs
1000752a:	2705      	movcs	r7, #5
1000752c:	62e7      	str	r7, [r4, #44]	@ 0x2c
1000752e:	6467      	str	r7, [r4, #68]	@ 0x44
10007530:	f001 f838 	bl	100085a4 <vListInitialiseItem>
10007534:	f1c7 0706 	rsb	r7, r7, #6
10007538:	f104 0018 	add.w	r0, r4, #24
1000753c:	f001 f832 	bl	100085a4 <vListInitialiseItem>
10007540:	464b      	mov	r3, r9
10007542:	4642      	mov	r2, r8
10007544:	4628      	mov	r0, r5
10007546:	6b21      	ldr	r1, [r4, #48]	@ 0x30
10007548:	61a7      	str	r7, [r4, #24]
1000754a:	6124      	str	r4, [r4, #16]
1000754c:	6264      	str	r4, [r4, #36]	@ 0x24
1000754e:	f000 fed5 	bl	100082fc <pxPortInitialiseStack>
10007552:	9b09      	ldr	r3, [sp, #36]	@ 0x24
10007554:	6020      	str	r0, [r4, #0]
10007556:	b103      	cbz	r3, 1000755a <xTaskCreate+0xea>
10007558:	601c      	str	r4, [r3, #0]
1000755a:	4620      	mov	r0, r4
1000755c:	f7ff fe20 	bl	100071a0 <prvAddNewTaskToReadyList>
10007560:	2001      	movs	r0, #1
10007562:	e8bd 83f8 	ldmia.w	sp!, {r3, r4, r5, r6, r7, r8, r9, pc}
10007566:	4630      	mov	r0, r6
10007568:	f000 fe4a 	bl	10008200 <vPortFree>
1000756c:	f04f 30ff 	mov.w	r0, #4294967295
10007570:	e8bd 83f8 	ldmia.w	sp!, {r3, r4, r5, r6, r7, r8, r9, pc}

10007574 <vTaskDelete>:
10007574:	b5f8      	push	{r3, r4, r5, r6, r7, lr}
10007576:	4604      	mov	r4, r0
10007578:	4e25      	ldr	r6, [pc, #148]	@ (10007610 <vTaskDelete+0x9c>)
1000757a:	f000 fe8f 	bl	1000829c <vPortEnterCritical>
1000757e:	2c00      	cmp	r4, #0
10007580:	d03f      	beq.n	10007602 <vTaskDelete+0x8e>
10007582:	1d27      	adds	r7, r4, #4
10007584:	4638      	mov	r0, r7
10007586:	f001 f837 	bl	100085f8 <uxListRemove>
1000758a:	6aa3      	ldr	r3, [r4, #40]	@ 0x28
1000758c:	b11b      	cbz	r3, 10007596 <vTaskDelete+0x22>
1000758e:	f104 0018 	add.w	r0, r4, #24
10007592:	f001 f831 	bl	100085f8 <uxListRemove>
10007596:	4a1f      	ldr	r2, [pc, #124]	@ (10007614 <vTaskDelete+0xa0>)
10007598:	4d1f      	ldr	r5, [pc, #124]	@ (10007618 <vTaskDelete+0xa4>)
1000759a:	6813      	ldr	r3, [r2, #0]
1000759c:	3301      	adds	r3, #1
1000759e:	6013      	str	r3, [r2, #0]
100075a0:	6833      	ldr	r3, [r6, #0]
100075a2:	42a3      	cmp	r3, r4
100075a4:	682b      	ldr	r3, [r5, #0]
100075a6:	d01f      	beq.n	100075e8 <vTaskDelete+0x74>
100075a8:	4a1c      	ldr	r2, [pc, #112]	@ (1000761c <vTaskDelete+0xa8>)
100075aa:	6813      	ldr	r3, [r2, #0]
100075ac:	3b01      	subs	r3, #1
100075ae:	6013      	str	r3, [r2, #0]
100075b0:	4b1b      	ldr	r3, [pc, #108]	@ (10007620 <vTaskDelete+0xac>)
100075b2:	681a      	ldr	r2, [r3, #0]
100075b4:	6812      	ldr	r2, [r2, #0]
100075b6:	b192      	cbz	r2, 100075de <vTaskDelete+0x6a>
100075b8:	681a      	ldr	r2, [r3, #0]
100075ba:	4b1a      	ldr	r3, [pc, #104]	@ (10007624 <vTaskDelete+0xb0>)
100075bc:	68d2      	ldr	r2, [r2, #12]
100075be:	6812      	ldr	r2, [r2, #0]
100075c0:	601a      	str	r2, [r3, #0]
100075c2:	f000 fe79 	bl	100082b8 <vPortExitCritical>
100075c6:	6b20      	ldr	r0, [r4, #48]	@ 0x30
100075c8:	f000 fe1a 	bl	10008200 <vPortFree>
100075cc:	4620      	mov	r0, r4
100075ce:	f000 fe17 	bl	10008200 <vPortFree>
100075d2:	682b      	ldr	r3, [r5, #0]
100075d4:	b113      	cbz	r3, 100075dc <vTaskDelete+0x68>
100075d6:	6833      	ldr	r3, [r6, #0]
100075d8:	42a3      	cmp	r3, r4
100075da:	d014      	beq.n	10007606 <vTaskDelete+0x92>
100075dc:	bdf8      	pop	{r3, r4, r5, r6, r7, pc}
100075de:	f04f 32ff 	mov.w	r2, #4294967295
100075e2:	4b10      	ldr	r3, [pc, #64]	@ (10007624 <vTaskDelete+0xb0>)
100075e4:	601a      	str	r2, [r3, #0]
100075e6:	e7ec      	b.n	100075c2 <vTaskDelete+0x4e>
100075e8:	2b00      	cmp	r3, #0
100075ea:	d0dd      	beq.n	100075a8 <vTaskDelete+0x34>
100075ec:	4639      	mov	r1, r7
100075ee:	480e      	ldr	r0, [pc, #56]	@ (10007628 <vTaskDelete+0xb4>)
100075f0:	f000 ffdc 	bl	100085ac <vListInsertEnd>
100075f4:	4a0d      	ldr	r2, [pc, #52]	@ (1000762c <vTaskDelete+0xb8>)
100075f6:	6813      	ldr	r3, [r2, #0]
100075f8:	3301      	adds	r3, #1
100075fa:	6013      	str	r3, [r2, #0]
100075fc:	f000 fe5c 	bl	100082b8 <vPortExitCritical>
10007600:	e7e7      	b.n	100075d2 <vTaskDelete+0x5e>
10007602:	6834      	ldr	r4, [r6, #0]
10007604:	e7bd      	b.n	10007582 <vTaskDelete+0xe>
10007606:	e8bd 40f8 	ldmia.w	sp!, {r3, r4, r5, r6, r7, lr}
1000760a:	f000 be3b 	b.w	10008284 <vPortYield>
1000760e:	bf00      	nop
10007610:	200028e0 	.word	0x200028e0
10007614:	200029b0 	.word	0x200029b0
10007618:	20002a34 	.word	0x20002a34
1000761c:	200029a4 	.word	0x200029a4
10007620:	200028e8 	.word	0x200028e8
10007624:	20002a14 	.word	0x20002a14
10007628:	20002a4c 	.word	0x20002a4c
1000762c:	200029a8 	.word	0x200029a8

10007630 <vTaskStartScheduler>:
10007630:	e92d 43f8 	stmdb	sp!, {r3, r4, r5, r6, r7, r8, r9, lr}
10007634:	f44f 7000 	mov.w	r0, #512	@ 0x200
10007638:	f000 fdd6 	bl	100081e8 <pvPortMalloc>
1000763c:	b388      	cbz	r0, 100076a2 <vTaskStartScheduler+0x72>
1000763e:	4606      	mov	r6, r0
10007640:	2070      	movs	r0, #112	@ 0x70
10007642:	f000 fdd1 	bl	100081e8 <pvPortMalloc>
10007646:	4604      	mov	r4, r0
10007648:	b378      	cbz	r0, 100076aa <vTaskStartScheduler+0x7a>
1000764a:	2700      	movs	r7, #0
1000764c:	f8df 9098 	ldr.w	r9, [pc, #152]	@ 100076e8 <vTaskStartScheduler+0xb8>
10007650:	4639      	mov	r1, r7
10007652:	2270      	movs	r2, #112	@ 0x70
10007654:	f001 fcac 	bl	10008fb0 <memset>
10007658:	f506 75fe 	add.w	r5, r6, #508	@ 0x1fc
1000765c:	e9c4 690c 	strd	r6, r9, [r4, #48]	@ 0x30
10007660:	2606      	movs	r6, #6
10007662:	1d20      	adds	r0, r4, #4
10007664:	f000 ff9e 	bl	100085a4 <vListInitialiseItem>
10007668:	f025 0507 	bic.w	r5, r5, #7
1000766c:	f104 0018 	add.w	r0, r4, #24
10007670:	f000 ff98 	bl	100085a4 <vListInitialiseItem>
10007674:	463b      	mov	r3, r7
10007676:	4a17      	ldr	r2, [pc, #92]	@ (100076d4 <vTaskStartScheduler+0xa4>)
10007678:	6b21      	ldr	r1, [r4, #48]	@ 0x30
1000767a:	4628      	mov	r0, r5
1000767c:	6124      	str	r4, [r4, #16]
1000767e:	61a6      	str	r6, [r4, #24]
10007680:	6264      	str	r4, [r4, #36]	@ 0x24
10007682:	f000 fe3b 	bl	100082fc <pxPortInitialiseStack>
10007686:	4603      	mov	r3, r0
10007688:	f8df 8060 	ldr.w	r8, [pc, #96]	@ 100076ec <vTaskStartScheduler+0xbc>
1000768c:	6023      	str	r3, [r4, #0]
1000768e:	4620      	mov	r0, r4
10007690:	2701      	movs	r7, #1
10007692:	f8c8 4000 	str.w	r4, [r8]
10007696:	f7ff fd83 	bl	100071a0 <prvAddNewTaskToReadyList>
1000769a:	f000 fd63 	bl	10008164 <xTimerCreateTimerTask>
1000769e:	42b8      	cmp	r0, r7
100076a0:	d00a      	beq.n	100076b8 <vTaskStartScheduler+0x88>
100076a2:	4b0d      	ldr	r3, [pc, #52]	@ (100076d8 <vTaskStartScheduler+0xa8>)
100076a4:	681b      	ldr	r3, [r3, #0]
100076a6:	e8bd 83f8 	ldmia.w	sp!, {r3, r4, r5, r6, r7, r8, r9, pc}
100076aa:	4630      	mov	r0, r6
100076ac:	f000 fda8 	bl	10008200 <vPortFree>
100076b0:	4b09      	ldr	r3, [pc, #36]	@ (100076d8 <vTaskStartScheduler+0xa8>)
100076b2:	681b      	ldr	r3, [r3, #0]
100076b4:	e8bd 83f8 	ldmia.w	sp!, {r3, r4, r5, r6, r7, r8, r9, pc}
100076b8:	f000 fefa 	bl	100084b0 <ulSetInterruptMask>
100076bc:	f04f 34ff 	mov.w	r4, #4294967295
100076c0:	2200      	movs	r2, #0
100076c2:	4906      	ldr	r1, [pc, #24]	@ (100076dc <vTaskStartScheduler+0xac>)
100076c4:	4b06      	ldr	r3, [pc, #24]	@ (100076e0 <vTaskStartScheduler+0xb0>)
100076c6:	4807      	ldr	r0, [pc, #28]	@ (100076e4 <vTaskStartScheduler+0xb4>)
100076c8:	6004      	str	r4, [r0, #0]
100076ca:	600f      	str	r7, [r1, #0]
100076cc:	601a      	str	r2, [r3, #0]
100076ce:	f000 fe51 	bl	10008374 <xPortStartScheduler>
100076d2:	e7e6      	b.n	100076a2 <vTaskStartScheduler+0x72>
100076d4:	100072b9 	.word	0x100072b9
100076d8:	10009a84 	.word	0x10009a84
100076dc:	20002a34 	.word	0x20002a34
100076e0:	20002a60 	.word	0x20002a60
100076e4:	20002a14 	.word	0x20002a14
100076e8:	454c4449 	.word	0x454c4449
100076ec:	20002a0c 	.word	0x20002a0c

100076f0 <vTaskSuspendAll>:
100076f0:	4a02      	ldr	r2, [pc, #8]	@ (100076fc <vTaskSuspendAll+0xc>)
100076f2:	6813      	ldr	r3, [r2, #0]
100076f4:	3301      	adds	r3, #1
100076f6:	6013      	str	r3, [r2, #0]
100076f8:	4770      	bx	lr
100076fa:	bf00      	nop
100076fc:	200029ac 	.word	0x200029ac

10007700 <xTaskResumeAll>:
10007700:	e92d 4ff0 	stmdb	sp!, {r4, r5, r6, r7, r8, r9, sl, fp, lr}
10007704:	f8df 816c 	ldr.w	r8, [pc, #364]	@ 10007874 <xTaskResumeAll+0x174>
10007708:	b083      	sub	sp, #12
1000770a:	f000 fdc7 	bl	1000829c <vPortEnterCritical>
1000770e:	f8d8 3000 	ldr.w	r3, [r8]
10007712:	3b01      	subs	r3, #1
10007714:	f8c8 3000 	str.w	r3, [r8]
10007718:	f8d8 e000 	ldr.w	lr, [r8]
1000771c:	f1be 0f00 	cmp.w	lr, #0
10007720:	f040 8081 	bne.w	10007826 <xTaskResumeAll+0x126>
10007724:	4b4c      	ldr	r3, [pc, #304]	@ (10007858 <xTaskResumeAll+0x158>)
10007726:	681b      	ldr	r3, [r3, #0]
10007728:	2b00      	cmp	r3, #0
1000772a:	d07c      	beq.n	10007826 <xTaskResumeAll+0x126>
1000772c:	f8df c148 	ldr.w	ip, [pc, #328]	@ 10007878 <xTaskResumeAll+0x178>
10007730:	f8dc 3000 	ldr.w	r3, [ip]
10007734:	2b00      	cmp	r3, #0
10007736:	f000 808b 	beq.w	10007850 <xTaskResumeAll+0x150>
1000773a:	4b48      	ldr	r3, [pc, #288]	@ (1000785c <xTaskResumeAll+0x15c>)
1000773c:	f8df 913c 	ldr.w	r9, [pc, #316]	@ 1000787c <xTaskResumeAll+0x17c>
10007740:	4e47      	ldr	r6, [pc, #284]	@ (10007860 <xTaskResumeAll+0x160>)
10007742:	9301      	str	r3, [sp, #4]
10007744:	f8dc 300c 	ldr.w	r3, [ip, #12]
10007748:	68db      	ldr	r3, [r3, #12]
1000774a:	6a9a      	ldr	r2, [r3, #40]	@ 0x28
1000774c:	e9d3 0107 	ldrd	r0, r1, [r3, #28]
10007750:	6854      	ldr	r4, [r2, #4]
10007752:	6081      	str	r1, [r0, #8]
10007754:	6048      	str	r0, [r1, #4]
10007756:	f103 0018 	add.w	r0, r3, #24
1000775a:	4284      	cmp	r4, r0
1000775c:	bf08      	it	eq
1000775e:	6051      	streq	r1, [r2, #4]
10007760:	6811      	ldr	r1, [r2, #0]
10007762:	f8c3 e028 	str.w	lr, [r3, #40]	@ 0x28
10007766:	3901      	subs	r1, #1
10007768:	6011      	str	r1, [r2, #0]
1000776a:	695a      	ldr	r2, [r3, #20]
1000776c:	e9d3 4102 	ldrd	r4, r1, [r3, #8]
10007770:	60a1      	str	r1, [r4, #8]
10007772:	604c      	str	r4, [r1, #4]
10007774:	6854      	ldr	r4, [r2, #4]
10007776:	1d1d      	adds	r5, r3, #4
10007778:	42ac      	cmp	r4, r5
1000777a:	bf08      	it	eq
1000777c:	6051      	streq	r1, [r2, #4]
1000777e:	6811      	ldr	r1, [r2, #0]
10007780:	f8d9 0000 	ldr.w	r0, [r9]
10007784:	3901      	subs	r1, #1
10007786:	6011      	str	r1, [r2, #0]
10007788:	6ada      	ldr	r2, [r3, #44]	@ 0x2c
1000778a:	4282      	cmp	r2, r0
1000778c:	4835      	ldr	r0, [pc, #212]	@ (10007864 <xTaskResumeAll+0x164>)
1000778e:	eb02 0182 	add.w	r1, r2, r2, lsl #2
10007792:	bf88      	it	hi
10007794:	f8c9 2000 	strhi.w	r2, [r9]
10007798:	6800      	ldr	r0, [r0, #0]
1000779a:	eb06 0781 	add.w	r7, r6, r1, lsl #2
1000779e:	687c      	ldr	r4, [r7, #4]
100077a0:	f8d0 a02c 	ldr.w	sl, [r0, #44]	@ 0x2c
100077a4:	f856 0021 	ldr.w	r0, [r6, r1, lsl #2]
100077a8:	f8d4 b008 	ldr.w	fp, [r4, #8]
100077ac:	3001      	adds	r0, #1
100077ae:	4552      	cmp	r2, sl
100077b0:	609c      	str	r4, [r3, #8]
100077b2:	f8c3 b00c 	str.w	fp, [r3, #12]
100077b6:	f8cb 5004 	str.w	r5, [fp, #4]
100077ba:	60a5      	str	r5, [r4, #8]
100077bc:	615f      	str	r7, [r3, #20]
100077be:	f846 0021 	str.w	r0, [r6, r1, lsl #2]
100077c2:	d937      	bls.n	10007834 <xTaskResumeAll+0x134>
100077c4:	2201      	movs	r2, #1
100077c6:	9b01      	ldr	r3, [sp, #4]
100077c8:	601a      	str	r2, [r3, #0]
100077ca:	f8dc 3000 	ldr.w	r3, [ip]
100077ce:	2b00      	cmp	r3, #0
100077d0:	d1b8      	bne.n	10007744 <xTaskResumeAll+0x44>
100077d2:	4b25      	ldr	r3, [pc, #148]	@ (10007868 <xTaskResumeAll+0x168>)
100077d4:	681a      	ldr	r2, [r3, #0]
100077d6:	6812      	ldr	r2, [r2, #0]
100077d8:	2a00      	cmp	r2, #0
100077da:	d034      	beq.n	10007846 <xTaskResumeAll+0x146>
100077dc:	681a      	ldr	r2, [r3, #0]
100077de:	4b23      	ldr	r3, [pc, #140]	@ (1000786c <xTaskResumeAll+0x16c>)
100077e0:	68d2      	ldr	r2, [r2, #12]
100077e2:	6812      	ldr	r2, [r2, #0]
100077e4:	601a      	str	r2, [r3, #0]
100077e6:	4d22      	ldr	r5, [pc, #136]	@ (10007870 <xTaskResumeAll+0x170>)
100077e8:	682c      	ldr	r4, [r5, #0]
100077ea:	b19c      	cbz	r4, 10007814 <xTaskResumeAll+0x114>
100077ec:	2601      	movs	r6, #1
100077ee:	9f01      	ldr	r7, [sp, #4]
100077f0:	e005      	b.n	100077fe <xTaskResumeAll+0xfe>
100077f2:	f7ff fd8f 	bl	10007314 <xTaskIncrementTick.part.0>
100077f6:	b100      	cbz	r0, 100077fa <xTaskResumeAll+0xfa>
100077f8:	603e      	str	r6, [r7, #0]
100077fa:	3c01      	subs	r4, #1
100077fc:	d009      	beq.n	10007812 <xTaskResumeAll+0x112>
100077fe:	f8d8 3000 	ldr.w	r3, [r8]
10007802:	2b00      	cmp	r3, #0
10007804:	d0f5      	beq.n	100077f2 <xTaskResumeAll+0xf2>
10007806:	682b      	ldr	r3, [r5, #0]
10007808:	3c01      	subs	r4, #1
1000780a:	f103 0301 	add.w	r3, r3, #1
1000780e:	602b      	str	r3, [r5, #0]
10007810:	d1f5      	bne.n	100077fe <xTaskResumeAll+0xfe>
10007812:	602c      	str	r4, [r5, #0]
10007814:	9b01      	ldr	r3, [sp, #4]
10007816:	681b      	ldr	r3, [r3, #0]
10007818:	b12b      	cbz	r3, 10007826 <xTaskResumeAll+0x126>
1000781a:	4b12      	ldr	r3, [pc, #72]	@ (10007864 <xTaskResumeAll+0x164>)
1000781c:	2401      	movs	r4, #1
1000781e:	681b      	ldr	r3, [r3, #0]
10007820:	f000 fd30 	bl	10008284 <vPortYield>
10007824:	e000      	b.n	10007828 <xTaskResumeAll+0x128>
10007826:	2400      	movs	r4, #0
10007828:	f000 fd46 	bl	100082b8 <vPortExitCritical>
1000782c:	4620      	mov	r0, r4
1000782e:	b003      	add	sp, #12
10007830:	e8bd 8ff0 	ldmia.w	sp!, {r4, r5, r6, r7, r8, r9, sl, fp, pc}
10007834:	f8dc 3000 	ldr.w	r3, [ip]
10007838:	2b00      	cmp	r3, #0
1000783a:	d183      	bne.n	10007744 <xTaskResumeAll+0x44>
1000783c:	4b0a      	ldr	r3, [pc, #40]	@ (10007868 <xTaskResumeAll+0x168>)
1000783e:	681a      	ldr	r2, [r3, #0]
10007840:	6812      	ldr	r2, [r2, #0]
10007842:	2a00      	cmp	r2, #0
10007844:	d1ca      	bne.n	100077dc <xTaskResumeAll+0xdc>
10007846:	f04f 32ff 	mov.w	r2, #4294967295
1000784a:	4b08      	ldr	r3, [pc, #32]	@ (1000786c <xTaskResumeAll+0x16c>)
1000784c:	601a      	str	r2, [r3, #0]
1000784e:	e7ca      	b.n	100077e6 <xTaskResumeAll+0xe6>
10007850:	4b02      	ldr	r3, [pc, #8]	@ (1000785c <xTaskResumeAll+0x15c>)
10007852:	9301      	str	r3, [sp, #4]
10007854:	e7c7      	b.n	100077e6 <xTaskResumeAll+0xe6>
10007856:	bf00      	nop
10007858:	200029a4 	.word	0x200029a4
1000785c:	20002a6c 	.word	0x20002a6c
10007860:	200028f4 	.word	0x200028f4
10007864:	200028e0 	.word	0x200028e0
10007868:	200028e8 	.word	0x200028e8
1000786c:	20002a14 	.word	0x20002a14
10007870:	20002a1c 	.word	0x20002a1c
10007874:	200029ac 	.word	0x200029ac
10007878:	20002a20 	.word	0x20002a20
1000787c:	200029b4 	.word	0x200029b4

10007880 <vTaskDelay>:
10007880:	b908      	cbnz	r0, 10007886 <vTaskDelay+0x6>
10007882:	f000 bcff 	b.w	10008284 <vPortYield>
10007886:	4a19      	ldr	r2, [pc, #100]	@ (100078ec <vTaskDelay+0x6c>)
10007888:	e92d 41f0 	stmdb	sp!, {r4, r5, r6, r7, r8, lr}
1000788c:	6813      	ldr	r3, [r2, #0]
1000788e:	4604      	mov	r4, r0
10007890:	3301      	adds	r3, #1
10007892:	6013      	str	r3, [r2, #0]
10007894:	4916      	ldr	r1, [pc, #88]	@ (100078f0 <vTaskDelay+0x70>)
10007896:	4b17      	ldr	r3, [pc, #92]	@ (100078f4 <vTaskDelay+0x74>)
10007898:	4d17      	ldr	r5, [pc, #92]	@ (100078f8 <vTaskDelay+0x78>)
1000789a:	4a18      	ldr	r2, [pc, #96]	@ (100078fc <vTaskDelay+0x7c>)
1000789c:	680e      	ldr	r6, [r1, #0]
1000789e:	6817      	ldr	r7, [r2, #0]
100078a0:	f8d3 8000 	ldr.w	r8, [r3]
100078a4:	6828      	ldr	r0, [r5, #0]
100078a6:	3004      	adds	r0, #4
100078a8:	f000 fea6 	bl	100085f8 <uxListRemove>
100078ac:	682b      	ldr	r3, [r5, #0]
100078ae:	19a4      	adds	r4, r4, r6
100078b0:	6829      	ldr	r1, [r5, #0]
100078b2:	605c      	str	r4, [r3, #4]
100078b4:	d20d      	bcs.n	100078d2 <vTaskDelay+0x52>
100078b6:	4638      	mov	r0, r7
100078b8:	3104      	adds	r1, #4
100078ba:	f000 fe85 	bl	100085c8 <vListInsert>
100078be:	4b10      	ldr	r3, [pc, #64]	@ (10007900 <vTaskDelay+0x80>)
100078c0:	681a      	ldr	r2, [r3, #0]
100078c2:	4294      	cmp	r4, r2
100078c4:	bf38      	it	cc
100078c6:	601c      	strcc	r4, [r3, #0]
100078c8:	f7ff ff1a 	bl	10007700 <xTaskResumeAll>
100078cc:	b148      	cbz	r0, 100078e2 <vTaskDelay+0x62>
100078ce:	e8bd 81f0 	ldmia.w	sp!, {r4, r5, r6, r7, r8, pc}
100078d2:	4640      	mov	r0, r8
100078d4:	3104      	adds	r1, #4
100078d6:	f000 fe77 	bl	100085c8 <vListInsert>
100078da:	f7ff ff11 	bl	10007700 <xTaskResumeAll>
100078de:	2800      	cmp	r0, #0
100078e0:	d1f5      	bne.n	100078ce <vTaskDelay+0x4e>
100078e2:	e8bd 41f0 	ldmia.w	sp!, {r4, r5, r6, r7, r8, lr}
100078e6:	f000 bccd 	b.w	10008284 <vPortYield>
100078ea:	bf00      	nop
100078ec:	200029ac 	.word	0x200029ac
100078f0:	20002a60 	.word	0x20002a60
100078f4:	200028ec 	.word	0x200028ec
100078f8:	200028e0 	.word	0x200028e0
100078fc:	200028e8 	.word	0x200028e8
10007900:	20002a14 	.word	0x20002a14

10007904 <xTaskGetTickCount>:
10007904:	4b01      	ldr	r3, [pc, #4]	@ (1000790c <xTaskGetTickCount+0x8>)
10007906:	6818      	ldr	r0, [r3, #0]
10007908:	4770      	bx	lr
1000790a:	bf00      	nop
1000790c:	20002a60 	.word	0x20002a60

10007910 <xTaskIncrementTick>:
10007910:	4b05      	ldr	r3, [pc, #20]	@ (10007928 <xTaskIncrementTick+0x18>)
10007912:	681b      	ldr	r3, [r3, #0]
10007914:	b90b      	cbnz	r3, 1000791a <xTaskIncrementTick+0xa>
10007916:	f7ff bcfd 	b.w	10007314 <xTaskIncrementTick.part.0>
1000791a:	4a04      	ldr	r2, [pc, #16]	@ (1000792c <xTaskIncrementTick+0x1c>)
1000791c:	2000      	movs	r0, #0
1000791e:	6813      	ldr	r3, [r2, #0]
10007920:	3301      	adds	r3, #1
10007922:	6013      	str	r3, [r2, #0]
10007924:	4770      	bx	lr
10007926:	bf00      	nop
10007928:	200029ac 	.word	0x200029ac
1000792c:	20002a1c 	.word	0x20002a1c

10007930 <vTaskSwitchContext>:
10007930:	4b23      	ldr	r3, [pc, #140]	@ (100079c0 <vTaskSwitchContext+0x90>)
10007932:	681b      	ldr	r3, [r3, #0]
10007934:	b11b      	cbz	r3, 1000793e <vTaskSwitchContext+0xe>
10007936:	2201      	movs	r2, #1
10007938:	4b22      	ldr	r3, [pc, #136]	@ (100079c4 <vTaskSwitchContext+0x94>)
1000793a:	601a      	str	r2, [r3, #0]
1000793c:	4770      	bx	lr
1000793e:	4a21      	ldr	r2, [pc, #132]	@ (100079c4 <vTaskSwitchContext+0x94>)
10007940:	b430      	push	{r4, r5}
10007942:	4c21      	ldr	r4, [pc, #132]	@ (100079c8 <vTaskSwitchContext+0x98>)
10007944:	6013      	str	r3, [r2, #0]
10007946:	6820      	ldr	r0, [r4, #0]
10007948:	4a20      	ldr	r2, [pc, #128]	@ (100079cc <vTaskSwitchContext+0x9c>)
1000794a:	eb00 0380 	add.w	r3, r0, r0, lsl #2
1000794e:	f852 3023 	ldr.w	r3, [r2, r3, lsl #2]
10007952:	0081      	lsls	r1, r0, #2
10007954:	bb8b      	cbnz	r3, 100079ba <vTaskSwitchContext+0x8a>
10007956:	1e43      	subs	r3, r0, #1
10007958:	eb03 0583 	add.w	r5, r3, r3, lsl #2
1000795c:	f852 5025 	ldr.w	r5, [r2, r5, lsl #2]
10007960:	0099      	lsls	r1, r3, #2
10007962:	b9b5      	cbnz	r5, 10007992 <vTaskSwitchContext+0x62>
10007964:	1e83      	subs	r3, r0, #2
10007966:	eb03 0583 	add.w	r5, r3, r3, lsl #2
1000796a:	f852 5025 	ldr.w	r5, [r2, r5, lsl #2]
1000796e:	0099      	lsls	r1, r3, #2
10007970:	b97d      	cbnz	r5, 10007992 <vTaskSwitchContext+0x62>
10007972:	1ec3      	subs	r3, r0, #3
10007974:	eb03 0583 	add.w	r5, r3, r3, lsl #2
10007978:	f852 5025 	ldr.w	r5, [r2, r5, lsl #2]
1000797c:	0099      	lsls	r1, r3, #2
1000797e:	b945      	cbnz	r5, 10007992 <vTaskSwitchContext+0x62>
10007980:	1f03      	subs	r3, r0, #4
10007982:	eb03 0583 	add.w	r5, r3, r3, lsl #2
10007986:	f852 5025 	ldr.w	r5, [r2, r5, lsl #2]
1000798a:	0099      	lsls	r1, r3, #2
1000798c:	b90d      	cbnz	r5, 10007992 <vTaskSwitchContext+0x62>
1000798e:	1f43      	subs	r3, r0, #5
10007990:	0099      	lsls	r1, r3, #2
10007992:	4419      	add	r1, r3
10007994:	eb02 0081 	add.w	r0, r2, r1, lsl #2
10007998:	4602      	mov	r2, r0
1000799a:	6841      	ldr	r1, [r0, #4]
1000799c:	3208      	adds	r2, #8
1000799e:	6849      	ldr	r1, [r1, #4]
100079a0:	4291      	cmp	r1, r2
100079a2:	6041      	str	r1, [r0, #4]
100079a4:	bf08      	it	eq
100079a6:	68c1      	ldreq	r1, [r0, #12]
100079a8:	4a09      	ldr	r2, [pc, #36]	@ (100079d0 <vTaskSwitchContext+0xa0>)
100079aa:	bf08      	it	eq
100079ac:	6041      	streq	r1, [r0, #4]
100079ae:	68c9      	ldr	r1, [r1, #12]
100079b0:	6011      	str	r1, [r2, #0]
100079b2:	6023      	str	r3, [r4, #0]
100079b4:	6813      	ldr	r3, [r2, #0]
100079b6:	bc30      	pop	{r4, r5}
100079b8:	4770      	bx	lr
100079ba:	4603      	mov	r3, r0
100079bc:	e7e9      	b.n	10007992 <vTaskSwitchContext+0x62>
100079be:	bf00      	nop
100079c0:	200029ac 	.word	0x200029ac
100079c4:	20002a6c 	.word	0x20002a6c
100079c8:	200029b4 	.word	0x200029b4
100079cc:	200028f4 	.word	0x200028f4
100079d0:	200028e0 	.word	0x200028e0

100079d4 <vTaskPlaceOnEventList>:
100079d4:	e92d 41f0 	stmdb	sp!, {r4, r5, r6, r7, r8, lr}
100079d8:	460c      	mov	r4, r1
100079da:	4d1e      	ldr	r5, [pc, #120]	@ (10007a54 <vTaskPlaceOnEventList+0x80>)
100079dc:	6829      	ldr	r1, [r5, #0]
100079de:	3118      	adds	r1, #24
100079e0:	f000 fdf2 	bl	100085c8 <vListInsert>
100079e4:	4b1c      	ldr	r3, [pc, #112]	@ (10007a58 <vTaskPlaceOnEventList+0x84>)
100079e6:	491d      	ldr	r1, [pc, #116]	@ (10007a5c <vTaskPlaceOnEventList+0x88>)
100079e8:	4a1d      	ldr	r2, [pc, #116]	@ (10007a60 <vTaskPlaceOnEventList+0x8c>)
100079ea:	680e      	ldr	r6, [r1, #0]
100079ec:	6817      	ldr	r7, [r2, #0]
100079ee:	f8d3 8000 	ldr.w	r8, [r3]
100079f2:	6828      	ldr	r0, [r5, #0]
100079f4:	3004      	adds	r0, #4
100079f6:	f000 fdff 	bl	100085f8 <uxListRemove>
100079fa:	1c63      	adds	r3, r4, #1
100079fc:	d015      	beq.n	10007a2a <vTaskPlaceOnEventList+0x56>
100079fe:	682b      	ldr	r3, [r5, #0]
10007a00:	19a4      	adds	r4, r4, r6
10007a02:	6829      	ldr	r1, [r5, #0]
10007a04:	605c      	str	r4, [r3, #4]
10007a06:	d20a      	bcs.n	10007a1e <vTaskPlaceOnEventList+0x4a>
10007a08:	4638      	mov	r0, r7
10007a0a:	3104      	adds	r1, #4
10007a0c:	f000 fddc 	bl	100085c8 <vListInsert>
10007a10:	4b14      	ldr	r3, [pc, #80]	@ (10007a64 <vTaskPlaceOnEventList+0x90>)
10007a12:	681a      	ldr	r2, [r3, #0]
10007a14:	4294      	cmp	r4, r2
10007a16:	bf38      	it	cc
10007a18:	601c      	strcc	r4, [r3, #0]
10007a1a:	e8bd 81f0 	ldmia.w	sp!, {r4, r5, r6, r7, r8, pc}
10007a1e:	4640      	mov	r0, r8
10007a20:	e8bd 41f0 	ldmia.w	sp!, {r4, r5, r6, r7, r8, lr}
10007a24:	3104      	adds	r1, #4
10007a26:	f000 bdcf 	b.w	100085c8 <vListInsert>
10007a2a:	4b0f      	ldr	r3, [pc, #60]	@ (10007a68 <vTaskPlaceOnEventList+0x94>)
10007a2c:	6829      	ldr	r1, [r5, #0]
10007a2e:	685a      	ldr	r2, [r3, #4]
10007a30:	681c      	ldr	r4, [r3, #0]
10007a32:	608a      	str	r2, [r1, #8]
10007a34:	682e      	ldr	r6, [r5, #0]
10007a36:	3401      	adds	r4, #1
10007a38:	6828      	ldr	r0, [r5, #0]
10007a3a:	6829      	ldr	r1, [r5, #0]
10007a3c:	601c      	str	r4, [r3, #0]
10007a3e:	682d      	ldr	r5, [r5, #0]
10007a40:	6894      	ldr	r4, [r2, #8]
10007a42:	3004      	adds	r0, #4
10007a44:	3104      	adds	r1, #4
10007a46:	60f4      	str	r4, [r6, #12]
10007a48:	6060      	str	r0, [r4, #4]
10007a4a:	6091      	str	r1, [r2, #8]
10007a4c:	616b      	str	r3, [r5, #20]
10007a4e:	e8bd 81f0 	ldmia.w	sp!, {r4, r5, r6, r7, r8, pc}
10007a52:	bf00      	nop
10007a54:	200028e0 	.word	0x200028e0
10007a58:	200028ec 	.word	0x200028ec
10007a5c:	20002a60 	.word	0x20002a60
10007a60:	200028e8 	.word	0x200028e8
10007a64:	20002a14 	.word	0x20002a14
10007a68:	20002a38 	.word	0x20002a38

10007a6c <vTaskPlaceOnEventListRestricted>:
10007a6c:	4694      	mov	ip, r2
10007a6e:	e92d 41f0 	stmdb	sp!, {r4, r5, r6, r7, r8, lr}
10007a72:	4c2b      	ldr	r4, [pc, #172]	@ (10007b20 <vTaskPlaceOnEventListRestricted+0xb4>)
10007a74:	460d      	mov	r5, r1
10007a76:	6823      	ldr	r3, [r4, #0]
10007a78:	6841      	ldr	r1, [r0, #4]
10007a7a:	f8d4 8000 	ldr.w	r8, [r4]
10007a7e:	61d9      	str	r1, [r3, #28]
10007a80:	6827      	ldr	r7, [r4, #0]
10007a82:	6803      	ldr	r3, [r0, #0]
10007a84:	6826      	ldr	r6, [r4, #0]
10007a86:	688a      	ldr	r2, [r1, #8]
10007a88:	f8d4 e000 	ldr.w	lr, [r4]
10007a8c:	3301      	adds	r3, #1
10007a8e:	3718      	adds	r7, #24
10007a90:	3618      	adds	r6, #24
10007a92:	f8c8 2020 	str.w	r2, [r8, #32]
10007a96:	6057      	str	r7, [r2, #4]
10007a98:	608e      	str	r6, [r1, #8]
10007a9a:	4a22      	ldr	r2, [pc, #136]	@ (10007b24 <vTaskPlaceOnEventListRestricted+0xb8>)
10007a9c:	f8ce 0028 	str.w	r0, [lr, #40]	@ 0x28
10007aa0:	4921      	ldr	r1, [pc, #132]	@ (10007b28 <vTaskPlaceOnEventListRestricted+0xbc>)
10007aa2:	6003      	str	r3, [r0, #0]
10007aa4:	4b21      	ldr	r3, [pc, #132]	@ (10007b2c <vTaskPlaceOnEventListRestricted+0xc0>)
10007aa6:	f1bc 0f00 	cmp.w	ip, #0
10007aaa:	d01a      	beq.n	10007ae2 <vTaskPlaceOnEventListRestricted+0x76>
10007aac:	6809      	ldr	r1, [r1, #0]
10007aae:	6812      	ldr	r2, [r2, #0]
10007ab0:	681b      	ldr	r3, [r3, #0]
10007ab2:	6820      	ldr	r0, [r4, #0]
10007ab4:	3004      	adds	r0, #4
10007ab6:	f000 fd9f 	bl	100085f8 <uxListRemove>
10007aba:	4b1d      	ldr	r3, [pc, #116]	@ (10007b30 <vTaskPlaceOnEventListRestricted+0xc4>)
10007abc:	6819      	ldr	r1, [r3, #0]
10007abe:	685a      	ldr	r2, [r3, #4]
10007ac0:	3101      	adds	r1, #1
10007ac2:	6019      	str	r1, [r3, #0]
10007ac4:	6821      	ldr	r1, [r4, #0]
10007ac6:	6890      	ldr	r0, [r2, #8]
10007ac8:	608a      	str	r2, [r1, #8]
10007aca:	6821      	ldr	r1, [r4, #0]
10007acc:	60c8      	str	r0, [r1, #12]
10007ace:	6821      	ldr	r1, [r4, #0]
10007ad0:	3104      	adds	r1, #4
10007ad2:	6041      	str	r1, [r0, #4]
10007ad4:	6821      	ldr	r1, [r4, #0]
10007ad6:	6820      	ldr	r0, [r4, #0]
10007ad8:	3104      	adds	r1, #4
10007ada:	6091      	str	r1, [r2, #8]
10007adc:	6143      	str	r3, [r0, #20]
10007ade:	e8bd 81f0 	ldmia.w	sp!, {r4, r5, r6, r7, r8, pc}
10007ae2:	680e      	ldr	r6, [r1, #0]
10007ae4:	6817      	ldr	r7, [r2, #0]
10007ae6:	f8d3 8000 	ldr.w	r8, [r3]
10007aea:	6820      	ldr	r0, [r4, #0]
10007aec:	3004      	adds	r0, #4
10007aee:	f000 fd83 	bl	100085f8 <uxListRemove>
10007af2:	6823      	ldr	r3, [r4, #0]
10007af4:	19ad      	adds	r5, r5, r6
10007af6:	6821      	ldr	r1, [r4, #0]
10007af8:	605d      	str	r5, [r3, #4]
10007afa:	d305      	bcc.n	10007b08 <vTaskPlaceOnEventListRestricted+0x9c>
10007afc:	4640      	mov	r0, r8
10007afe:	e8bd 41f0 	ldmia.w	sp!, {r4, r5, r6, r7, r8, lr}
10007b02:	3104      	adds	r1, #4
10007b04:	f000 bd60 	b.w	100085c8 <vListInsert>
10007b08:	4638      	mov	r0, r7
10007b0a:	3104      	adds	r1, #4
10007b0c:	f000 fd5c 	bl	100085c8 <vListInsert>
10007b10:	4b08      	ldr	r3, [pc, #32]	@ (10007b34 <vTaskPlaceOnEventListRestricted+0xc8>)
10007b12:	681a      	ldr	r2, [r3, #0]
10007b14:	4295      	cmp	r5, r2
10007b16:	bf38      	it	cc
10007b18:	601d      	strcc	r5, [r3, #0]
10007b1a:	e8bd 81f0 	ldmia.w	sp!, {r4, r5, r6, r7, r8, pc}
10007b1e:	bf00      	nop
10007b20:	200028e0 	.word	0x200028e0
10007b24:	200028e8 	.word	0x200028e8
10007b28:	20002a60 	.word	0x20002a60
10007b2c:	200028ec 	.word	0x200028ec
10007b30:	20002a38 	.word	0x20002a38
10007b34:	20002a14 	.word	0x20002a14

10007b38 <xTaskRemoveFromEventList>:
10007b38:	b4f0      	push	{r4, r5, r6, r7}
10007b3a:	2600      	movs	r6, #0
10007b3c:	68c3      	ldr	r3, [r0, #12]
10007b3e:	68db      	ldr	r3, [r3, #12]
10007b40:	6a9a      	ldr	r2, [r3, #40]	@ 0x28
10007b42:	e9d3 0107 	ldrd	r0, r1, [r3, #28]
10007b46:	6081      	str	r1, [r0, #8]
10007b48:	6048      	str	r0, [r1, #4]
10007b4a:	6850      	ldr	r0, [r2, #4]
10007b4c:	f103 0418 	add.w	r4, r3, #24
10007b50:	42a0      	cmp	r0, r4
10007b52:	4827      	ldr	r0, [pc, #156]	@ (10007bf0 <xTaskRemoveFromEventList+0xb8>)
10007b54:	bf08      	it	eq
10007b56:	6051      	streq	r1, [r2, #4]
10007b58:	6811      	ldr	r1, [r2, #0]
10007b5a:	6805      	ldr	r5, [r0, #0]
10007b5c:	3901      	subs	r1, #1
10007b5e:	6ad8      	ldr	r0, [r3, #44]	@ 0x2c
10007b60:	629e      	str	r6, [r3, #40]	@ 0x28
10007b62:	6011      	str	r1, [r2, #0]
10007b64:	2d00      	cmp	r5, #0
10007b66:	d12f      	bne.n	10007bc8 <xTaskRemoveFromEventList+0x90>
10007b68:	e9d3 4102 	ldrd	r4, r1, [r3, #8]
10007b6c:	695a      	ldr	r2, [r3, #20]
10007b6e:	60a1      	str	r1, [r4, #8]
10007b70:	604c      	str	r4, [r1, #4]
10007b72:	6854      	ldr	r4, [r2, #4]
10007b74:	1d1e      	adds	r6, r3, #4
10007b76:	42b4      	cmp	r4, r6
10007b78:	bf08      	it	eq
10007b7a:	6051      	streq	r1, [r2, #4]
10007b7c:	6811      	ldr	r1, [r2, #0]
10007b7e:	3901      	subs	r1, #1
10007b80:	6011      	str	r1, [r2, #0]
10007b82:	4a1c      	ldr	r2, [pc, #112]	@ (10007bf4 <xTaskRemoveFromEventList+0xbc>)
10007b84:	6811      	ldr	r1, [r2, #0]
10007b86:	4281      	cmp	r1, r0
10007b88:	491b      	ldr	r1, [pc, #108]	@ (10007bf8 <xTaskRemoveFromEventList+0xc0>)
10007b8a:	bf38      	it	cc
10007b8c:	6010      	strcc	r0, [r2, #0]
10007b8e:	eb00 0280 	add.w	r2, r0, r0, lsl #2
10007b92:	eb01 0782 	add.w	r7, r1, r2, lsl #2
10007b96:	687d      	ldr	r5, [r7, #4]
10007b98:	0092      	lsls	r2, r2, #2
10007b9a:	f8d5 c008 	ldr.w	ip, [r5, #8]
10007b9e:	588c      	ldr	r4, [r1, r2]
10007ba0:	609d      	str	r5, [r3, #8]
10007ba2:	f8c3 c00c 	str.w	ip, [r3, #12]
10007ba6:	f8cc 6004 	str.w	r6, [ip, #4]
10007baa:	60ae      	str	r6, [r5, #8]
10007bac:	615f      	str	r7, [r3, #20]
10007bae:	4b13      	ldr	r3, [pc, #76]	@ (10007bfc <xTaskRemoveFromEventList+0xc4>)
10007bb0:	3401      	adds	r4, #1
10007bb2:	681b      	ldr	r3, [r3, #0]
10007bb4:	508c      	str	r4, [r1, r2]
10007bb6:	6adb      	ldr	r3, [r3, #44]	@ 0x2c
10007bb8:	4283      	cmp	r3, r0
10007bba:	d215      	bcs.n	10007be8 <xTaskRemoveFromEventList+0xb0>
10007bbc:	bcf0      	pop	{r4, r5, r6, r7}
10007bbe:	2301      	movs	r3, #1
10007bc0:	4a0f      	ldr	r2, [pc, #60]	@ (10007c00 <xTaskRemoveFromEventList+0xc8>)
10007bc2:	4618      	mov	r0, r3
10007bc4:	6013      	str	r3, [r2, #0]
10007bc6:	4770      	bx	lr
10007bc8:	4a0e      	ldr	r2, [pc, #56]	@ (10007c04 <xTaskRemoveFromEventList+0xcc>)
10007bca:	6815      	ldr	r5, [r2, #0]
10007bcc:	6851      	ldr	r1, [r2, #4]
10007bce:	3501      	adds	r5, #1
10007bd0:	6015      	str	r5, [r2, #0]
10007bd2:	688d      	ldr	r5, [r1, #8]
10007bd4:	61d9      	str	r1, [r3, #28]
10007bd6:	621d      	str	r5, [r3, #32]
10007bd8:	606c      	str	r4, [r5, #4]
10007bda:	608c      	str	r4, [r1, #8]
10007bdc:	629a      	str	r2, [r3, #40]	@ 0x28
10007bde:	4b07      	ldr	r3, [pc, #28]	@ (10007bfc <xTaskRemoveFromEventList+0xc4>)
10007be0:	681b      	ldr	r3, [r3, #0]
10007be2:	6adb      	ldr	r3, [r3, #44]	@ 0x2c
10007be4:	4283      	cmp	r3, r0
10007be6:	d3e9      	bcc.n	10007bbc <xTaskRemoveFromEventList+0x84>
10007be8:	bcf0      	pop	{r4, r5, r6, r7}
10007bea:	2000      	movs	r0, #0
10007bec:	4770      	bx	lr
10007bee:	bf00      	nop
10007bf0:	200029ac 	.word	0x200029ac
10007bf4:	200029b4 	.word	0x200029b4
10007bf8:	200028f4 	.word	0x200028f4
10007bfc:	200028e0 	.word	0x200028e0
10007c00:	20002a6c 	.word	0x20002a6c
10007c04:	20002a20 	.word	0x20002a20

10007c08 <vTaskInternalSetTimeOutState>:
10007c08:	4a03      	ldr	r2, [pc, #12]	@ (10007c18 <vTaskInternalSetTimeOutState+0x10>)
10007c0a:	4b04      	ldr	r3, [pc, #16]	@ (10007c1c <vTaskInternalSetTimeOutState+0x14>)
10007c0c:	6812      	ldr	r2, [r2, #0]
10007c0e:	681b      	ldr	r3, [r3, #0]
10007c10:	e9c0 2300 	strd	r2, r3, [r0]
10007c14:	4770      	bx	lr
10007c16:	bf00      	nop
10007c18:	20002a18 	.word	0x20002a18
10007c1c:	20002a60 	.word	0x20002a60

10007c20 <xTaskCheckForTimeOut>:
10007c20:	b5f8      	push	{r3, r4, r5, r6, r7, lr}
10007c22:	460d      	mov	r5, r1
10007c24:	4604      	mov	r4, r0
10007c26:	f000 fb39 	bl	1000829c <vPortEnterCritical>
10007c2a:	682b      	ldr	r3, [r5, #0]
10007c2c:	4a12      	ldr	r2, [pc, #72]	@ (10007c78 <xTaskCheckForTimeOut+0x58>)
10007c2e:	1c58      	adds	r0, r3, #1
10007c30:	6811      	ldr	r1, [r2, #0]
10007c32:	d01b      	beq.n	10007c6c <xTaskCheckForTimeOut+0x4c>
10007c34:	e9d4 6000 	ldrd	r6, r0, [r4]
10007c38:	f8df c040 	ldr.w	ip, [pc, #64]	@ 10007c7c <xTaskCheckForTimeOut+0x5c>
10007c3c:	f8dc 7000 	ldr.w	r7, [ip]
10007c40:	42be      	cmp	r6, r7
10007c42:	d008      	beq.n	10007c56 <xTaskCheckForTimeOut+0x36>
10007c44:	4288      	cmp	r0, r1
10007c46:	d806      	bhi.n	10007c56 <xTaskCheckForTimeOut+0x36>
10007c48:	2300      	movs	r3, #0
10007c4a:	2401      	movs	r4, #1
10007c4c:	602b      	str	r3, [r5, #0]
10007c4e:	f000 fb33 	bl	100082b8 <vPortExitCritical>
10007c52:	4620      	mov	r0, r4
10007c54:	bdf8      	pop	{r3, r4, r5, r6, r7, pc}
10007c56:	1a0f      	subs	r7, r1, r0
10007c58:	42bb      	cmp	r3, r7
10007c5a:	d9f5      	bls.n	10007c48 <xTaskCheckForTimeOut+0x28>
10007c5c:	1a5b      	subs	r3, r3, r1
10007c5e:	f8dc 1000 	ldr.w	r1, [ip]
10007c62:	6812      	ldr	r2, [r2, #0]
10007c64:	4403      	add	r3, r0
10007c66:	602b      	str	r3, [r5, #0]
10007c68:	e9c4 1200 	strd	r1, r2, [r4]
10007c6c:	2400      	movs	r4, #0
10007c6e:	f000 fb23 	bl	100082b8 <vPortExitCritical>
10007c72:	4620      	mov	r0, r4
10007c74:	bdf8      	pop	{r3, r4, r5, r6, r7, pc}
10007c76:	bf00      	nop
10007c78:	20002a60 	.word	0x20002a60
10007c7c:	20002a18 	.word	0x20002a18

10007c80 <vTaskMissedYield>:
10007c80:	2201      	movs	r2, #1
10007c82:	4b01      	ldr	r3, [pc, #4]	@ (10007c88 <vTaskMissedYield+0x8>)
10007c84:	601a      	str	r2, [r3, #0]
10007c86:	4770      	bx	lr
10007c88:	20002a6c 	.word	0x20002a6c

10007c8c <xTaskPriorityInherit>:
10007c8c:	b5f8      	push	{r3, r4, r5, r6, r7, lr}
10007c8e:	4604      	mov	r4, r0
10007c90:	b1c8      	cbz	r0, 10007cc6 <xTaskPriorityInherit+0x3a>
10007c92:	4d1f      	ldr	r5, [pc, #124]	@ (10007d10 <xTaskPriorityInherit+0x84>)
10007c94:	6ac3      	ldr	r3, [r0, #44]	@ 0x2c
10007c96:	682a      	ldr	r2, [r5, #0]
10007c98:	6ad2      	ldr	r2, [r2, #44]	@ 0x2c
10007c9a:	4293      	cmp	r3, r2
10007c9c:	d214      	bcs.n	10007cc8 <xTaskPriorityInherit+0x3c>
10007c9e:	6982      	ldr	r2, [r0, #24]
10007ca0:	2a00      	cmp	r2, #0
10007ca2:	db04      	blt.n	10007cae <xTaskPriorityInherit+0x22>
10007ca4:	682a      	ldr	r2, [r5, #0]
10007ca6:	6ad2      	ldr	r2, [r2, #44]	@ 0x2c
10007ca8:	f1c2 0206 	rsb	r2, r2, #6
10007cac:	6182      	str	r2, [r0, #24]
10007cae:	4e19      	ldr	r6, [pc, #100]	@ (10007d14 <xTaskPriorityInherit+0x88>)
10007cb0:	6962      	ldr	r2, [r4, #20]
10007cb2:	eb03 0383 	add.w	r3, r3, r3, lsl #2
10007cb6:	eb06 0383 	add.w	r3, r6, r3, lsl #2
10007cba:	429a      	cmp	r2, r3
10007cbc:	d00c      	beq.n	10007cd8 <xTaskPriorityInherit+0x4c>
10007cbe:	682b      	ldr	r3, [r5, #0]
10007cc0:	6adb      	ldr	r3, [r3, #44]	@ 0x2c
10007cc2:	62e3      	str	r3, [r4, #44]	@ 0x2c
10007cc4:	2001      	movs	r0, #1
10007cc6:	bdf8      	pop	{r3, r4, r5, r6, r7, pc}
10007cc8:	682b      	ldr	r3, [r5, #0]
10007cca:	6c40      	ldr	r0, [r0, #68]	@ 0x44
10007ccc:	6adb      	ldr	r3, [r3, #44]	@ 0x2c
10007cce:	4298      	cmp	r0, r3
10007cd0:	bf2c      	ite	cs
10007cd2:	2000      	movcs	r0, #0
10007cd4:	2001      	movcc	r0, #1
10007cd6:	bdf8      	pop	{r3, r4, r5, r6, r7, pc}
10007cd8:	1d27      	adds	r7, r4, #4
10007cda:	4638      	mov	r0, r7
10007cdc:	f000 fc8c 	bl	100085f8 <uxListRemove>
10007ce0:	682b      	ldr	r3, [r5, #0]
10007ce2:	4a0d      	ldr	r2, [pc, #52]	@ (10007d18 <xTaskPriorityInherit+0x8c>)
10007ce4:	6adb      	ldr	r3, [r3, #44]	@ 0x2c
10007ce6:	6811      	ldr	r1, [r2, #0]
10007ce8:	62e3      	str	r3, [r4, #44]	@ 0x2c
10007cea:	428b      	cmp	r3, r1
10007cec:	bf88      	it	hi
10007cee:	6013      	strhi	r3, [r2, #0]
10007cf0:	eb03 0383 	add.w	r3, r3, r3, lsl #2
10007cf4:	0098      	lsls	r0, r3, #2
10007cf6:	eb06 0383 	add.w	r3, r6, r3, lsl #2
10007cfa:	6859      	ldr	r1, [r3, #4]
10007cfc:	5832      	ldr	r2, [r6, r0]
10007cfe:	688d      	ldr	r5, [r1, #8]
10007d00:	3201      	adds	r2, #1
10007d02:	60a1      	str	r1, [r4, #8]
10007d04:	60e5      	str	r5, [r4, #12]
10007d06:	606f      	str	r7, [r5, #4]
10007d08:	608f      	str	r7, [r1, #8]
10007d0a:	6163      	str	r3, [r4, #20]
10007d0c:	5032      	str	r2, [r6, r0]
10007d0e:	e7d9      	b.n	10007cc4 <xTaskPriorityInherit+0x38>
10007d10:	200028e0 	.word	0x200028e0
10007d14:	200028f4 	.word	0x200028f4
10007d18:	200029b4 	.word	0x200029b4

10007d1c <xTaskPriorityDisinherit>:
10007d1c:	b158      	cbz	r0, 10007d36 <xTaskPriorityDisinherit+0x1a>
10007d1e:	b5f8      	push	{r3, r4, r5, r6, r7, lr}
10007d20:	6ac1      	ldr	r1, [r0, #44]	@ 0x2c
10007d22:	6c83      	ldr	r3, [r0, #72]	@ 0x48
10007d24:	6c42      	ldr	r2, [r0, #68]	@ 0x44
10007d26:	3b01      	subs	r3, #1
10007d28:	4291      	cmp	r1, r2
10007d2a:	4604      	mov	r4, r0
10007d2c:	6483      	str	r3, [r0, #72]	@ 0x48
10007d2e:	d000      	beq.n	10007d32 <xTaskPriorityDisinherit+0x16>
10007d30:	b11b      	cbz	r3, 10007d3a <xTaskPriorityDisinherit+0x1e>
10007d32:	2000      	movs	r0, #0
10007d34:	bdf8      	pop	{r3, r4, r5, r6, r7, pc}
10007d36:	2000      	movs	r0, #0
10007d38:	4770      	bx	lr
10007d3a:	1d06      	adds	r6, r0, #4
10007d3c:	4630      	mov	r0, r6
10007d3e:	f000 fc5b 	bl	100085f8 <uxListRemove>
10007d42:	6c63      	ldr	r3, [r4, #68]	@ 0x44
10007d44:	4a0e      	ldr	r2, [pc, #56]	@ (10007d80 <xTaskPriorityDisinherit+0x64>)
10007d46:	f1c3 0006 	rsb	r0, r3, #6
10007d4a:	61a0      	str	r0, [r4, #24]
10007d4c:	2001      	movs	r0, #1
10007d4e:	6811      	ldr	r1, [r2, #0]
10007d50:	62e3      	str	r3, [r4, #44]	@ 0x2c
10007d52:	428b      	cmp	r3, r1
10007d54:	bf88      	it	hi
10007d56:	6013      	strhi	r3, [r2, #0]
10007d58:	4a0a      	ldr	r2, [pc, #40]	@ (10007d84 <xTaskPriorityDisinherit+0x68>)
10007d5a:	eb03 0383 	add.w	r3, r3, r3, lsl #2
10007d5e:	ea4f 0c83 	mov.w	ip, r3, lsl #2
10007d62:	eb02 0383 	add.w	r3, r2, r3, lsl #2
10007d66:	685d      	ldr	r5, [r3, #4]
10007d68:	f852 100c 	ldr.w	r1, [r2, ip]
10007d6c:	68af      	ldr	r7, [r5, #8]
10007d6e:	4401      	add	r1, r0
10007d70:	60a5      	str	r5, [r4, #8]
10007d72:	60e7      	str	r7, [r4, #12]
10007d74:	607e      	str	r6, [r7, #4]
10007d76:	60ae      	str	r6, [r5, #8]
10007d78:	6163      	str	r3, [r4, #20]
10007d7a:	f842 100c 	str.w	r1, [r2, ip]
10007d7e:	bdf8      	pop	{r3, r4, r5, r6, r7, pc}
10007d80:	200029b4 	.word	0x200029b4
10007d84:	200028f4 	.word	0x200028f4

10007d88 <vTaskPriorityDisinheritAfterTimeout>:
10007d88:	b160      	cbz	r0, 10007da4 <vTaskPriorityDisinheritAfterTimeout+0x1c>
10007d8a:	6c42      	ldr	r2, [r0, #68]	@ 0x44
10007d8c:	b5f8      	push	{r3, r4, r5, r6, r7, lr}
10007d8e:	4291      	cmp	r1, r2
10007d90:	bf38      	it	cc
10007d92:	4611      	movcc	r1, r2
10007d94:	6ac3      	ldr	r3, [r0, #44]	@ 0x2c
10007d96:	4604      	mov	r4, r0
10007d98:	428b      	cmp	r3, r1
10007d9a:	d002      	beq.n	10007da2 <vTaskPriorityDisinheritAfterTimeout+0x1a>
10007d9c:	6c82      	ldr	r2, [r0, #72]	@ 0x48
10007d9e:	2a01      	cmp	r2, #1
10007da0:	d001      	beq.n	10007da6 <vTaskPriorityDisinheritAfterTimeout+0x1e>
10007da2:	bdf8      	pop	{r3, r4, r5, r6, r7, pc}
10007da4:	4770      	bx	lr
10007da6:	6982      	ldr	r2, [r0, #24]
10007da8:	4d13      	ldr	r5, [pc, #76]	@ (10007df8 <vTaskPriorityDisinheritAfterTimeout+0x70>)
10007daa:	2a00      	cmp	r2, #0
10007dac:	eb03 0383 	add.w	r3, r3, r3, lsl #2
10007db0:	6942      	ldr	r2, [r0, #20]
10007db2:	62c1      	str	r1, [r0, #44]	@ 0x2c
10007db4:	eb05 0383 	add.w	r3, r5, r3, lsl #2
10007db8:	bfa4      	itt	ge
10007dba:	f1c1 0106 	rsbge	r1, r1, #6
10007dbe:	6181      	strge	r1, [r0, #24]
10007dc0:	429a      	cmp	r2, r3
10007dc2:	d1ee      	bne.n	10007da2 <vTaskPriorityDisinheritAfterTimeout+0x1a>
10007dc4:	1d06      	adds	r6, r0, #4
10007dc6:	4630      	mov	r0, r6
10007dc8:	f000 fc16 	bl	100085f8 <uxListRemove>
10007dcc:	4a0b      	ldr	r2, [pc, #44]	@ (10007dfc <vTaskPriorityDisinheritAfterTimeout+0x74>)
10007dce:	6ae3      	ldr	r3, [r4, #44]	@ 0x2c
10007dd0:	6811      	ldr	r1, [r2, #0]
10007dd2:	428b      	cmp	r3, r1
10007dd4:	bf88      	it	hi
10007dd6:	6013      	strhi	r3, [r2, #0]
10007dd8:	eb03 0383 	add.w	r3, r3, r3, lsl #2
10007ddc:	0098      	lsls	r0, r3, #2
10007dde:	eb05 0383 	add.w	r3, r5, r3, lsl #2
10007de2:	6859      	ldr	r1, [r3, #4]
10007de4:	582a      	ldr	r2, [r5, r0]
10007de6:	688f      	ldr	r7, [r1, #8]
10007de8:	3201      	adds	r2, #1
10007dea:	60a1      	str	r1, [r4, #8]
10007dec:	60e7      	str	r7, [r4, #12]
10007dee:	607e      	str	r6, [r7, #4]
10007df0:	608e      	str	r6, [r1, #8]
10007df2:	6163      	str	r3, [r4, #20]
10007df4:	502a      	str	r2, [r5, r0]
10007df6:	bdf8      	pop	{r3, r4, r5, r6, r7, pc}
10007df8:	200028f4 	.word	0x200028f4
10007dfc:	200029b4 	.word	0x200029b4

10007e00 <pvTaskIncrementMutexHeldCount>:
10007e00:	4b03      	ldr	r3, [pc, #12]	@ (10007e10 <pvTaskIncrementMutexHeldCount+0x10>)
10007e02:	6818      	ldr	r0, [r3, #0]
10007e04:	b110      	cbz	r0, 10007e0c <pvTaskIncrementMutexHeldCount+0xc>
10007e06:	6c83      	ldr	r3, [r0, #72]	@ 0x48
10007e08:	3301      	adds	r3, #1
10007e0a:	6483      	str	r3, [r0, #72]	@ 0x48
10007e0c:	4770      	bx	lr
10007e0e:	bf00      	nop
10007e10:	200028e0 	.word	0x200028e0

10007e14 <prvTimerTask>:
10007e14:	e92d 4ff0 	stmdb	sp!, {r4, r5, r6, r7, r8, r9, sl, fp, lr}
10007e18:	4fb7      	ldr	r7, [pc, #732]	@ (100080f8 <prvTimerTask+0x2e4>)
10007e1a:	f8df b2e4 	ldr.w	fp, [pc, #740]	@ 10008100 <prvTimerTask+0x2ec>
10007e1e:	f8df 82e4 	ldr.w	r8, [pc, #740]	@ 10008104 <prvTimerTask+0x2f0>
10007e22:	4db6      	ldr	r5, [pc, #728]	@ (100080fc <prvTimerTask+0x2e8>)
10007e24:	b087      	sub	sp, #28
10007e26:	683b      	ldr	r3, [r7, #0]
10007e28:	681c      	ldr	r4, [r3, #0]
10007e2a:	2c00      	cmp	r4, #0
10007e2c:	f040 811d 	bne.w	1000806a <prvTimerTask+0x256>
10007e30:	f7ff fc5e 	bl	100076f0 <vTaskSuspendAll>
10007e34:	f7ff fd66 	bl	10007904 <xTaskGetTickCount>
10007e38:	f8db 3000 	ldr.w	r3, [fp]
10007e3c:	4681      	mov	r9, r0
10007e3e:	4283      	cmp	r3, r0
10007e40:	d848      	bhi.n	10007ed4 <prvTimerTask+0xc0>
10007e42:	f8d8 3000 	ldr.w	r3, [r8]
10007e46:	f8cb 0000 	str.w	r0, [fp]
10007e4a:	681a      	ldr	r2, [r3, #0]
10007e4c:	fab2 f282 	clz	r2, r2
10007e50:	0952      	lsrs	r2, r2, #5
10007e52:	6828      	ldr	r0, [r5, #0]
10007e54:	eba4 0109 	sub.w	r1, r4, r9
10007e58:	f7ff f93e 	bl	100070d8 <vQueueWaitForMessageRestricted>
10007e5c:	f7ff fc50 	bl	10007700 <xTaskResumeAll>
10007e60:	2800      	cmp	r0, #0
10007e62:	f000 8124 	beq.w	100080ae <prvTimerTask+0x29a>
10007e66:	2300      	movs	r3, #0
10007e68:	e9cd 3302 	strd	r3, r3, [sp, #8]
10007e6c:	e9cd 3304 	strd	r3, r3, [sp, #16]
10007e70:	2200      	movs	r2, #0
10007e72:	6828      	ldr	r0, [r5, #0]
10007e74:	a902      	add	r1, sp, #8
10007e76:	f7fe fdcb 	bl	10006a10 <xQueueReceive>
10007e7a:	2800      	cmp	r0, #0
10007e7c:	d0d3      	beq.n	10007e26 <prvTimerTask+0x12>
10007e7e:	9b02      	ldr	r3, [sp, #8]
10007e80:	9804      	ldr	r0, [sp, #16]
10007e82:	2b00      	cmp	r3, #0
10007e84:	f2c0 80e9 	blt.w	1000805a <prvTimerTask+0x246>
10007e88:	f8dd a010 	ldr.w	sl, [sp, #16]
10007e8c:	f8da 3014 	ldr.w	r3, [sl, #20]
10007e90:	b11b      	cbz	r3, 10007e9a <prvTimerTask+0x86>
10007e92:	f10a 0004 	add.w	r0, sl, #4
10007e96:	f000 fbaf 	bl	100085f8 <uxListRemove>
10007e9a:	f7ff fd33 	bl	10007904 <xTaskGetTickCount>
10007e9e:	f8db 3000 	ldr.w	r3, [fp]
10007ea2:	9001      	str	r0, [sp, #4]
10007ea4:	4298      	cmp	r0, r3
10007ea6:	d343      	bcc.n	10007f30 <prvTimerTask+0x11c>
10007ea8:	e9dd 2301 	ldrd	r2, r3, [sp, #4]
10007eac:	3b01      	subs	r3, #1
10007eae:	f8cb 2000 	str.w	r2, [fp]
10007eb2:	2b08      	cmp	r3, #8
10007eb4:	d8dc      	bhi.n	10007e70 <prvTimerTask+0x5c>
10007eb6:	e8df f003 	tbb	[pc, r3]
10007eba:	6161      	.short	0x6161
10007ebc:	61c7a5c0 	.word	0x61c7a5c0
10007ec0:	c061      	.short	0xc061
10007ec2:	a5          	.byte	0xa5
10007ec3:	00          	.byte	0x00
10007ec4:	f022 0201 	bic.w	r2, r2, #1
10007ec8:	f88a 2024 	strb.w	r2, [sl, #36]	@ 0x24
10007ecc:	4650      	mov	r0, sl
10007ece:	f8da 3020 	ldr.w	r3, [sl, #32]
10007ed2:	4798      	blx	r3
10007ed4:	683b      	ldr	r3, [r7, #0]
10007ed6:	681a      	ldr	r2, [r3, #0]
10007ed8:	2a00      	cmp	r2, #0
10007eda:	f000 80d8 	beq.w	1000808e <prvTimerTask+0x27a>
10007ede:	68da      	ldr	r2, [r3, #12]
10007ee0:	f8d2 a00c 	ldr.w	sl, [r2, #12]
10007ee4:	6814      	ldr	r4, [r2, #0]
10007ee6:	f10a 0604 	add.w	r6, sl, #4
10007eea:	4630      	mov	r0, r6
10007eec:	f000 fb84 	bl	100085f8 <uxListRemove>
10007ef0:	f89a 2024 	ldrb.w	r2, [sl, #36]	@ 0x24
10007ef4:	0751      	lsls	r1, r2, #29
10007ef6:	d5e5      	bpl.n	10007ec4 <prvTimerTask+0xb0>
10007ef8:	e003      	b.n	10007f02 <prvTimerTask+0xee>
10007efa:	4650      	mov	r0, sl
10007efc:	f8da 2020 	ldr.w	r2, [sl, #32]
10007f00:	4790      	blx	r2
10007f02:	f8da 2018 	ldr.w	r2, [sl, #24]
10007f06:	f8ca a010 	str.w	sl, [sl, #16]
10007f0a:	1911      	adds	r1, r2, r4
10007f0c:	18a4      	adds	r4, r4, r2
10007f0e:	f8ca 1004 	str.w	r1, [sl, #4]
10007f12:	d3f2      	bcc.n	10007efa <prvTimerTask+0xe6>
10007f14:	4631      	mov	r1, r6
10007f16:	f8d8 0000 	ldr.w	r0, [r8]
10007f1a:	f000 fb55 	bl	100085c8 <vListInsert>
10007f1e:	e7d5      	b.n	10007ecc <prvTimerTask+0xb8>
10007f20:	f021 0101 	bic.w	r1, r1, #1
10007f24:	f889 1024 	strb.w	r1, [r9, #36]	@ 0x24
10007f28:	4648      	mov	r0, r9
10007f2a:	f8d9 3020 	ldr.w	r3, [r9, #32]
10007f2e:	4798      	blx	r3
10007f30:	683b      	ldr	r3, [r7, #0]
10007f32:	6819      	ldr	r1, [r3, #0]
10007f34:	2900      	cmp	r1, #0
10007f36:	f000 80b4 	beq.w	100080a2 <prvTimerTask+0x28e>
10007f3a:	68d9      	ldr	r1, [r3, #12]
10007f3c:	f8d1 900c 	ldr.w	r9, [r1, #12]
10007f40:	680c      	ldr	r4, [r1, #0]
10007f42:	f109 0604 	add.w	r6, r9, #4
10007f46:	4630      	mov	r0, r6
10007f48:	f000 fb56 	bl	100085f8 <uxListRemove>
10007f4c:	f899 1024 	ldrb.w	r1, [r9, #36]	@ 0x24
10007f50:	0748      	lsls	r0, r1, #29
10007f52:	d5e5      	bpl.n	10007f20 <prvTimerTask+0x10c>
10007f54:	e003      	b.n	10007f5e <prvTimerTask+0x14a>
10007f56:	4648      	mov	r0, r9
10007f58:	f8d9 1020 	ldr.w	r1, [r9, #32]
10007f5c:	4788      	blx	r1
10007f5e:	f8d9 1018 	ldr.w	r1, [r9, #24]
10007f62:	f8c9 9010 	str.w	r9, [r9, #16]
10007f66:	1908      	adds	r0, r1, r4
10007f68:	1864      	adds	r4, r4, r1
10007f6a:	f8c9 0004 	str.w	r0, [r9, #4]
10007f6e:	d3f2      	bcc.n	10007f56 <prvTimerTask+0x142>
10007f70:	4631      	mov	r1, r6
10007f72:	f8d8 0000 	ldr.w	r0, [r8]
10007f76:	f000 fb27 	bl	100085c8 <vListInsert>
10007f7a:	e7d5      	b.n	10007f28 <prvTimerTask+0x114>
10007f7c:	f89a 0024 	ldrb.w	r0, [sl, #36]	@ 0x24
10007f80:	9903      	ldr	r1, [sp, #12]
10007f82:	f8da 4018 	ldr.w	r4, [sl, #24]
10007f86:	9a01      	ldr	r2, [sp, #4]
10007f88:	190b      	adds	r3, r1, r4
10007f8a:	f040 0601 	orr.w	r6, r0, #1
10007f8e:	f88a 6024 	strb.w	r6, [sl, #36]	@ 0x24
10007f92:	bf2c      	ite	cs
10007f94:	2601      	movcs	r6, #1
10007f96:	2600      	movcc	r6, #0
10007f98:	4293      	cmp	r3, r2
10007f9a:	f8ca 3004 	str.w	r3, [sl, #4]
10007f9e:	f8ca a010 	str.w	sl, [sl, #16]
10007fa2:	f200 8087 	bhi.w	100080b4 <prvTimerTask+0x2a0>
10007fa6:	1a51      	subs	r1, r2, r1
10007fa8:	428c      	cmp	r4, r1
10007faa:	d83f      	bhi.n	1000802c <prvTimerTask+0x218>
10007fac:	0741      	lsls	r1, r0, #29
10007fae:	d412      	bmi.n	10007fd6 <prvTimerTask+0x1c2>
10007fb0:	f020 0001 	bic.w	r0, r0, #1
10007fb4:	f88a 0024 	strb.w	r0, [sl, #36]	@ 0x24
10007fb8:	4650      	mov	r0, sl
10007fba:	f8da 3020 	ldr.w	r3, [sl, #32]
10007fbe:	4798      	blx	r3
10007fc0:	e756      	b.n	10007e70 <prvTimerTask+0x5c>
10007fc2:	428c      	cmp	r4, r1
10007fc4:	f200 80c6 	bhi.w	10008154 <prvTimerTask+0x340>
10007fc8:	f8da 3020 	ldr.w	r3, [sl, #32]
10007fcc:	4650      	mov	r0, sl
10007fce:	4798      	blx	r3
10007fd0:	4633      	mov	r3, r6
10007fd2:	f8da 4018 	ldr.w	r4, [sl, #24]
10007fd6:	9a01      	ldr	r2, [sp, #4]
10007fd8:	18e6      	adds	r6, r4, r3
10007fda:	bf2c      	ite	cs
10007fdc:	2001      	movcs	r0, #1
10007fde:	2000      	movcc	r0, #0
10007fe0:	42b2      	cmp	r2, r6
10007fe2:	eba2 0103 	sub.w	r1, r2, r3
10007fe6:	f8ca 6004 	str.w	r6, [sl, #4]
10007fea:	f8ca a010 	str.w	sl, [sl, #16]
10007fee:	d2e8      	bcs.n	10007fc2 <prvTimerTask+0x1ae>
10007ff0:	429a      	cmp	r2, r3
10007ff2:	d201      	bcs.n	10007ff8 <prvTimerTask+0x1e4>
10007ff4:	2800      	cmp	r0, #0
10007ff6:	d0e7      	beq.n	10007fc8 <prvTimerTask+0x1b4>
10007ff8:	6838      	ldr	r0, [r7, #0]
10007ffa:	f10a 0104 	add.w	r1, sl, #4
10007ffe:	f000 fae3 	bl	100085c8 <vListInsert>
10008002:	e7d9      	b.n	10007fb8 <prvTimerTask+0x1a4>
10008004:	9903      	ldr	r1, [sp, #12]
10008006:	9a01      	ldr	r2, [sp, #4]
10008008:	f89a 3024 	ldrb.w	r3, [sl, #36]	@ 0x24
1000800c:	1888      	adds	r0, r1, r2
1000800e:	f043 0301 	orr.w	r3, r3, #1
10008012:	4290      	cmp	r0, r2
10008014:	f88a 3024 	strb.w	r3, [sl, #36]	@ 0x24
10008018:	f8ca 1018 	str.w	r1, [sl, #24]
1000801c:	f8ca 0004 	str.w	r0, [sl, #4]
10008020:	f8ca a010 	str.w	sl, [sl, #16]
10008024:	d84b      	bhi.n	100080be <prvTimerTask+0x2aa>
10008026:	2900      	cmp	r1, #0
10008028:	f43f af22 	beq.w	10007e70 <prvTimerTask+0x5c>
1000802c:	f8d8 0000 	ldr.w	r0, [r8]
10008030:	f10a 0104 	add.w	r1, sl, #4
10008034:	f000 fac8 	bl	100085c8 <vListInsert>
10008038:	e71a      	b.n	10007e70 <prvTimerTask+0x5c>
1000803a:	f89a 3024 	ldrb.w	r3, [sl, #36]	@ 0x24
1000803e:	f023 0301 	bic.w	r3, r3, #1
10008042:	f88a 3024 	strb.w	r3, [sl, #36]	@ 0x24
10008046:	e713      	b.n	10007e70 <prvTimerTask+0x5c>
10008048:	f89a 3024 	ldrb.w	r3, [sl, #36]	@ 0x24
1000804c:	079a      	lsls	r2, r3, #30
1000804e:	d577      	bpl.n	10008140 <prvTimerTask+0x32c>
10008050:	f023 0301 	bic.w	r3, r3, #1
10008054:	f88a 3024 	strb.w	r3, [sl, #36]	@ 0x24
10008058:	e70a      	b.n	10007e70 <prvTimerTask+0x5c>
1000805a:	9b03      	ldr	r3, [sp, #12]
1000805c:	9905      	ldr	r1, [sp, #20]
1000805e:	4798      	blx	r3
10008060:	9b02      	ldr	r3, [sp, #8]
10008062:	2b00      	cmp	r3, #0
10008064:	f6ff af04 	blt.w	10007e70 <prvTimerTask+0x5c>
10008068:	e70e      	b.n	10007e88 <prvTimerTask+0x74>
1000806a:	68db      	ldr	r3, [r3, #12]
1000806c:	681c      	ldr	r4, [r3, #0]
1000806e:	f7ff fb3f 	bl	100076f0 <vTaskSuspendAll>
10008072:	f7ff fc47 	bl	10007904 <xTaskGetTickCount>
10008076:	f8db 3000 	ldr.w	r3, [fp]
1000807a:	4681      	mov	r9, r0
1000807c:	4283      	cmp	r3, r0
1000807e:	f63f af29 	bhi.w	10007ed4 <prvTimerTask+0xc0>
10008082:	4284      	cmp	r4, r0
10008084:	f8cb 0000 	str.w	r0, [fp]
10008088:	d91f      	bls.n	100080ca <prvTimerTask+0x2b6>
1000808a:	2200      	movs	r2, #0
1000808c:	e6e1      	b.n	10007e52 <prvTimerTask+0x3e>
1000808e:	f8d8 2000 	ldr.w	r2, [r8]
10008092:	f8cb 9000 	str.w	r9, [fp]
10008096:	603a      	str	r2, [r7, #0]
10008098:	f8c8 3000 	str.w	r3, [r8]
1000809c:	f7ff fb30 	bl	10007700 <xTaskResumeAll>
100080a0:	e6e1      	b.n	10007e66 <prvTimerTask+0x52>
100080a2:	f8d8 1000 	ldr.w	r1, [r8]
100080a6:	f8c8 3000 	str.w	r3, [r8]
100080aa:	6039      	str	r1, [r7, #0]
100080ac:	e6fc      	b.n	10007ea8 <prvTimerTask+0x94>
100080ae:	f000 f8e9 	bl	10008284 <vPortYield>
100080b2:	e6d8      	b.n	10007e66 <prvTimerTask+0x52>
100080b4:	4291      	cmp	r1, r2
100080b6:	d902      	bls.n	100080be <prvTimerTask+0x2aa>
100080b8:	2e00      	cmp	r6, #0
100080ba:	f43f af77 	beq.w	10007fac <prvTimerTask+0x198>
100080be:	6838      	ldr	r0, [r7, #0]
100080c0:	f10a 0104 	add.w	r1, sl, #4
100080c4:	f000 fa80 	bl	100085c8 <vListInsert>
100080c8:	e6d2      	b.n	10007e70 <prvTimerTask+0x5c>
100080ca:	f7ff fb19 	bl	10007700 <xTaskResumeAll>
100080ce:	683b      	ldr	r3, [r7, #0]
100080d0:	68db      	ldr	r3, [r3, #12]
100080d2:	68de      	ldr	r6, [r3, #12]
100080d4:	1d33      	adds	r3, r6, #4
100080d6:	4618      	mov	r0, r3
100080d8:	9301      	str	r3, [sp, #4]
100080da:	f000 fa8d 	bl	100085f8 <uxListRemove>
100080de:	f896 2024 	ldrb.w	r2, [r6, #36]	@ 0x24
100080e2:	0753      	lsls	r3, r2, #29
100080e4:	d416      	bmi.n	10008114 <prvTimerTask+0x300>
100080e6:	f022 0201 	bic.w	r2, r2, #1
100080ea:	f886 2024 	strb.w	r2, [r6, #36]	@ 0x24
100080ee:	4630      	mov	r0, r6
100080f0:	6a33      	ldr	r3, [r6, #32]
100080f2:	4798      	blx	r3
100080f4:	e6b7      	b.n	10007e66 <prvTimerTask+0x52>
100080f6:	bf00      	nop
100080f8:	200028e4 	.word	0x200028e4
100080fc:	20002a64 	.word	0x20002a64
10008100:	20002a10 	.word	0x20002a10
10008104:	200028f0 	.word	0x200028f0
10008108:	4281      	cmp	r1, r0
1000810a:	d81d      	bhi.n	10008148 <prvTimerTask+0x334>
1000810c:	4630      	mov	r0, r6
1000810e:	6a31      	ldr	r1, [r6, #32]
10008110:	4788      	blx	r1
10008112:	4654      	mov	r4, sl
10008114:	69b1      	ldr	r1, [r6, #24]
10008116:	eba9 0004 	sub.w	r0, r9, r4
1000811a:	eb14 0a01 	adds.w	sl, r4, r1
1000811e:	bf2c      	ite	cs
10008120:	2301      	movcs	r3, #1
10008122:	2300      	movcc	r3, #0
10008124:	45ca      	cmp	sl, r9
10008126:	f8c6 a004 	str.w	sl, [r6, #4]
1000812a:	6136      	str	r6, [r6, #16]
1000812c:	d9ec      	bls.n	10008108 <prvTimerTask+0x2f4>
1000812e:	454c      	cmp	r4, r9
10008130:	d901      	bls.n	10008136 <prvTimerTask+0x322>
10008132:	2b00      	cmp	r3, #0
10008134:	d0ea      	beq.n	1000810c <prvTimerTask+0x2f8>
10008136:	9901      	ldr	r1, [sp, #4]
10008138:	6838      	ldr	r0, [r7, #0]
1000813a:	f000 fa45 	bl	100085c8 <vListInsert>
1000813e:	e7d6      	b.n	100080ee <prvTimerTask+0x2da>
10008140:	4650      	mov	r0, sl
10008142:	f000 f85d 	bl	10008200 <vPortFree>
10008146:	e693      	b.n	10007e70 <prvTimerTask+0x5c>
10008148:	9901      	ldr	r1, [sp, #4]
1000814a:	f8d8 0000 	ldr.w	r0, [r8]
1000814e:	f000 fa3b 	bl	100085c8 <vListInsert>
10008152:	e7cc      	b.n	100080ee <prvTimerTask+0x2da>
10008154:	f8d8 0000 	ldr.w	r0, [r8]
10008158:	f10a 0104 	add.w	r1, sl, #4
1000815c:	f000 fa34 	bl	100085c8 <vListInsert>
10008160:	e72a      	b.n	10007fb8 <prvTimerTask+0x1a4>
10008162:	bf00      	nop

10008164 <xTimerCreateTimerTask>:
10008164:	b5f0      	push	{r4, r5, r6, r7, lr}
10008166:	4c17      	ldr	r4, [pc, #92]	@ (100081c4 <xTimerCreateTimerTask+0x60>)
10008168:	b083      	sub	sp, #12
1000816a:	f000 f897 	bl	1000829c <vPortEnterCritical>
1000816e:	6825      	ldr	r5, [r4, #0]
10008170:	b17d      	cbz	r5, 10008192 <xTimerCreateTimerTask+0x2e>
10008172:	f000 f8a1 	bl	100082b8 <vPortExitCritical>
10008176:	6820      	ldr	r0, [r4, #0]
10008178:	b148      	cbz	r0, 1000818e <xTimerCreateTimerTask+0x2a>
1000817a:	2403      	movs	r4, #3
1000817c:	4812      	ldr	r0, [pc, #72]	@ (100081c8 <xTimerCreateTimerTask+0x64>)
1000817e:	2300      	movs	r3, #0
10008180:	9001      	str	r0, [sp, #4]
10008182:	2280      	movs	r2, #128	@ 0x80
10008184:	4911      	ldr	r1, [pc, #68]	@ (100081cc <xTimerCreateTimerTask+0x68>)
10008186:	4812      	ldr	r0, [pc, #72]	@ (100081d0 <xTimerCreateTimerTask+0x6c>)
10008188:	9400      	str	r4, [sp, #0]
1000818a:	f7ff f971 	bl	10007470 <xTaskCreate>
1000818e:	b003      	add	sp, #12
10008190:	bdf0      	pop	{r4, r5, r6, r7, pc}
10008192:	4e10      	ldr	r6, [pc, #64]	@ (100081d4 <xTimerCreateTimerTask+0x70>)
10008194:	4f10      	ldr	r7, [pc, #64]	@ (100081d8 <xTimerCreateTimerTask+0x74>)
10008196:	4630      	mov	r0, r6
10008198:	f000 f9f8 	bl	1000858c <vListInitialise>
1000819c:	4638      	mov	r0, r7
1000819e:	f000 f9f5 	bl	1000858c <vListInitialise>
100081a2:	4a0e      	ldr	r2, [pc, #56]	@ (100081dc <xTimerCreateTimerTask+0x78>)
100081a4:	4b0e      	ldr	r3, [pc, #56]	@ (100081e0 <xTimerCreateTimerTask+0x7c>)
100081a6:	6017      	str	r7, [r2, #0]
100081a8:	2110      	movs	r1, #16
100081aa:	462a      	mov	r2, r5
100081ac:	200a      	movs	r0, #10
100081ae:	601e      	str	r6, [r3, #0]
100081b0:	f7fe fa7e 	bl	100066b0 <xQueueGenericCreate>
100081b4:	6020      	str	r0, [r4, #0]
100081b6:	2800      	cmp	r0, #0
100081b8:	d0db      	beq.n	10008172 <xTimerCreateTimerTask+0xe>
100081ba:	490a      	ldr	r1, [pc, #40]	@ (100081e4 <xTimerCreateTimerTask+0x80>)
100081bc:	f7fe fecc 	bl	10006f58 <vQueueAddToRegistry>
100081c0:	e7d7      	b.n	10008172 <xTimerCreateTimerTask+0xe>
100081c2:	bf00      	nop
100081c4:	20002a64 	.word	0x20002a64
100081c8:	20002a68 	.word	0x20002a68
100081cc:	1000980c 	.word	0x1000980c
100081d0:	10007e15 	.word	0x10007e15
100081d4:	200029b8 	.word	0x200029b8
100081d8:	200029cc 	.word	0x200029cc
100081dc:	200028f0 	.word	0x200028f0
100081e0:	200028e4 	.word	0x200028e4
100081e4:	10009804 	.word	0x10009804

100081e8 <pvPortMalloc>:
100081e8:	b510      	push	{r4, lr}
100081ea:	4604      	mov	r4, r0
100081ec:	f7ff fa80 	bl	100076f0 <vTaskSuspendAll>
100081f0:	4620      	mov	r0, r4
100081f2:	f7f9 ffb3 	bl	1000215c <__wrap_malloc>
100081f6:	4604      	mov	r4, r0
100081f8:	f7ff fa82 	bl	10007700 <xTaskResumeAll>
100081fc:	4620      	mov	r0, r4
100081fe:	bd10      	pop	{r4, pc}

10008200 <vPortFree>:
10008200:	b150      	cbz	r0, 10008218 <vPortFree+0x18>
10008202:	b510      	push	{r4, lr}
10008204:	4604      	mov	r4, r0
10008206:	f7ff fa73 	bl	100076f0 <vTaskSuspendAll>
1000820a:	4620      	mov	r0, r4
1000820c:	f7f9 ffb8 	bl	10002180 <__wrap_free>
10008210:	e8bd 4010 	ldmia.w	sp!, {r4, lr}
10008214:	f7ff ba74 	b.w	10007700 <xTaskResumeAll>
10008218:	4770      	bx	lr
1000821a:	bf00      	nop

1000821c <prvTaskExitError>:
1000821c:	2300      	movs	r3, #0
1000821e:	b500      	push	{lr}
10008220:	b083      	sub	sp, #12
10008222:	9301      	str	r3, [sp, #4]
10008224:	f000 f944 	bl	100084b0 <ulSetInterruptMask>
10008228:	9b01      	ldr	r3, [sp, #4]
1000822a:	2b00      	cmp	r3, #0
1000822c:	d0fc      	beq.n	10008228 <prvTaskExitError+0xc>
1000822e:	b003      	add	sp, #12
10008230:	f85d fb04 	ldr.w	pc, [sp], #4

10008234 <isr_systick>:
10008234:	b510      	push	{r4, lr}
10008236:	f000 f93b 	bl	100084b0 <ulSetInterruptMask>
1000823a:	4604      	mov	r4, r0
1000823c:	f7ff fb68 	bl	10007910 <xTaskIncrementTick>
10008240:	b128      	cbz	r0, 1000824e <isr_systick+0x1a>
10008242:	f04f 23e0 	mov.w	r3, #3758153728	@ 0xe000e000
10008246:	f04f 5280 	mov.w	r2, #268435456	@ 0x10000000
1000824a:	f8c3 2d04 	str.w	r2, [r3, #3332]	@ 0xd04
1000824e:	4620      	mov	r0, r4
10008250:	e8bd 4010 	ldmia.w	sp!, {r4, lr}
10008254:	f000 b938 	b.w	100084c8 <vClearInterruptMask>

10008258 <vPortSetupTimerInterrupt>:
10008258:	b510      	push	{r4, lr}
1000825a:	2204      	movs	r2, #4
1000825c:	f04f 24e0 	mov.w	r4, #3758153728	@ 0xe000e000
10008260:	2300      	movs	r3, #0
10008262:	6122      	str	r2, [r4, #16]
10008264:	2005      	movs	r0, #5
10008266:	61a3      	str	r3, [r4, #24]
10008268:	f7f9 fc0c 	bl	10001a84 <clock_get_hz>
1000826c:	2107      	movs	r1, #7
1000826e:	4b04      	ldr	r3, [pc, #16]	@ (10008280 <vPortSetupTimerInterrupt+0x28>)
10008270:	fba3 2300 	umull	r2, r3, r3, r0
10008274:	099b      	lsrs	r3, r3, #6
10008276:	3b01      	subs	r3, #1
10008278:	6163      	str	r3, [r4, #20]
1000827a:	6121      	str	r1, [r4, #16]
1000827c:	bd10      	pop	{r4, pc}
1000827e:	bf00      	nop
10008280:	10624dd3 	.word	0x10624dd3

10008284 <vPortYield>:
10008284:	f04f 23e0 	mov.w	r3, #3758153728	@ 0xe000e000
10008288:	f04f 5280 	mov.w	r2, #268435456	@ 0x10000000
1000828c:	f8c3 2d04 	str.w	r2, [r3, #3332]	@ 0xd04
10008290:	f3bf 8f4f 	dsb	sy
10008294:	f3bf 8f6f 	isb	sy
10008298:	4770      	bx	lr
1000829a:	bf00      	nop

1000829c <vPortEnterCritical>:
1000829c:	b508      	push	{r3, lr}
1000829e:	f000 f907 	bl	100084b0 <ulSetInterruptMask>
100082a2:	4a04      	ldr	r2, [pc, #16]	@ (100082b4 <vPortEnterCritical+0x18>)
100082a4:	6813      	ldr	r3, [r2, #0]
100082a6:	3301      	adds	r3, #1
100082a8:	6013      	str	r3, [r2, #0]
100082aa:	f3bf 8f4f 	dsb	sy
100082ae:	f3bf 8f6f 	isb	sy
100082b2:	bd08      	pop	{r3, pc}
100082b4:	200015a0 	.word	0x200015a0

100082b8 <vPortExitCritical>:
100082b8:	4b04      	ldr	r3, [pc, #16]	@ (100082cc <vPortExitCritical+0x14>)
100082ba:	681a      	ldr	r2, [r3, #0]
100082bc:	3a01      	subs	r2, #1
100082be:	601a      	str	r2, [r3, #0]
100082c0:	6818      	ldr	r0, [r3, #0]
100082c2:	b100      	cbz	r0, 100082c6 <vPortExitCritical+0xe>
100082c4:	4770      	bx	lr
100082c6:	f000 b8ff 	b.w	100084c8 <vClearInterruptMask>
100082ca:	bf00      	nop
100082cc:	200015a0 	.word	0x200015a0

100082d0 <vPortSVCHandler_C>:
100082d0:	6983      	ldr	r3, [r0, #24]
100082d2:	f813 3c02 	ldrb.w	r3, [r3, #-2]
100082d6:	2b66      	cmp	r3, #102	@ 0x66
100082d8:	d000      	beq.n	100082dc <vPortSVCHandler_C+0xc>
100082da:	4770      	bx	lr
100082dc:	f04f 23e0 	mov.w	r3, #3758153728	@ 0xe000e000
100082e0:	f8d3 2d88 	ldr.w	r2, [r3, #3464]	@ 0xd88
100082e4:	f442 0270 	orr.w	r2, r2, #15728640	@ 0xf00000
100082e8:	f8c3 2d88 	str.w	r2, [r3, #3464]	@ 0xd88
100082ec:	f8d3 2f34 	ldr.w	r2, [r3, #3892]	@ 0xf34
100082f0:	f042 4240 	orr.w	r2, r2, #3221225472	@ 0xc0000000
100082f4:	f8c3 2f34 	str.w	r2, [r3, #3892]	@ 0xf34
100082f8:	f000 b8bc 	b.w	10008474 <vRestoreContextOfFirstTask>

100082fc <pxPortInitialiseStack>:
100082fc:	e92d 4ff0 	stmdb	sp!, {r4, r5, r6, r7, r8, r9, sl, fp, lr}
10008300:	f04f 3e11 	mov.w	lr, #286331153	@ 0x11111111
10008304:	f04f 7480 	mov.w	r4, #16777216	@ 0x1000000
10008308:	e940 e309 	strd	lr, r3, [r0, #-36]	@ 0x24
1000830c:	f04f 3307 	mov.w	r3, #117901063	@ 0x7070707
10008310:	f840 4c04 	str.w	r4, [r0, #-4]
10008314:	4c16      	ldr	r4, [pc, #88]	@ (10008370 <pxPortInitialiseStack+0x74>)
10008316:	f840 3c34 	str.w	r3, [r0, #-52]
1000831a:	e940 4203 	strd	r4, r2, [r0, #-12]
1000831e:	f04f 3305 	mov.w	r3, #84215045	@ 0x5050505
10008322:	f04f 3206 	mov.w	r2, #101058054	@ 0x6060606
10008326:	f04f 3b12 	mov.w	fp, #303174162	@ 0x12121212
1000832a:	e940 320f 	strd	r3, r2, [r0, #-60]	@ 0x3c
1000832e:	f04f 3a03 	mov.w	sl, #50529027	@ 0x3030303
10008332:	f04f 3902 	mov.w	r9, #33686018	@ 0x2020202
10008336:	f04f 3801 	mov.w	r8, #16843009	@ 0x1010101
1000833a:	f04f 3710 	mov.w	r7, #269488144	@ 0x10101010
1000833e:	f04f 3609 	mov.w	r6, #151587081	@ 0x9090909
10008342:	f04f 3508 	mov.w	r5, #134744072	@ 0x8080808
10008346:	f04f 3404 	mov.w	r4, #67372036	@ 0x4040404
1000834a:	f06f 0302 	mvn.w	r3, #2
1000834e:	e940 ab05 	strd	sl, fp, [r0, #-20]
10008352:	e940 8907 	strd	r8, r9, [r0, #-28]
10008356:	e940 670b 	strd	r6, r7, [r0, #-44]	@ 0x2c
1000835a:	f840 5c30 	str.w	r5, [r0, #-48]
1000835e:	f840 4c40 	str.w	r4, [r0, #-64]
10008362:	f840 3c44 	str.w	r3, [r0, #-68]
10008366:	f840 1d48 	str.w	r1, [r0, #-72]!
1000836a:	e8bd 8ff0 	ldmia.w	sp!, {r4, r5, r6, r7, r8, r9, sl, fp, pc}
1000836e:	bf00      	nop
10008370:	1000821d 	.word	0x1000821d

10008374 <xPortStartScheduler>:
10008374:	f04f 23e0 	mov.w	r3, #3758153728	@ 0xe000e000
10008378:	f04f 427f 	mov.w	r2, #4278190080	@ 0xff000000
1000837c:	2100      	movs	r1, #0
1000837e:	b510      	push	{r4, lr}
10008380:	b084      	sub	sp, #16
10008382:	9102      	str	r1, [sp, #8]
10008384:	f8c3 2d1c 	str.w	r2, [r3, #3356]	@ 0xd1c
10008388:	f8d3 3d1c 	ldr.w	r3, [r3, #3356]	@ 0xd1c
1000838c:	0e1b      	lsrs	r3, r3, #24
1000838e:	f88d 3007 	strb.w	r3, [sp, #7]
10008392:	f89d 3007 	ldrb.w	r3, [sp, #7]
10008396:	f89d 3007 	ldrb.w	r3, [sp, #7]
1000839a:	061a      	lsls	r2, r3, #24
1000839c:	d50c      	bpl.n	100083b8 <xPortStartScheduler+0x44>
1000839e:	9b02      	ldr	r3, [sp, #8]
100083a0:	3301      	adds	r3, #1
100083a2:	9302      	str	r3, [sp, #8]
100083a4:	f89d 3007 	ldrb.w	r3, [sp, #7]
100083a8:	005b      	lsls	r3, r3, #1
100083aa:	b2db      	uxtb	r3, r3
100083ac:	f88d 3007 	strb.w	r3, [sp, #7]
100083b0:	f89d 3007 	ldrb.w	r3, [sp, #7]
100083b4:	061b      	lsls	r3, r3, #24
100083b6:	d4f2      	bmi.n	1000839e <xPortStartScheduler+0x2a>
100083b8:	9b02      	ldr	r3, [sp, #8]
100083ba:	2b08      	cmp	r3, #8
100083bc:	d03a      	beq.n	10008434 <xPortStartScheduler+0xc0>
100083be:	9a02      	ldr	r2, [sp, #8]
100083c0:	f1c2 0207 	rsb	r2, r2, #7
100083c4:	0212      	lsls	r2, r2, #8
100083c6:	f402 62e0 	and.w	r2, r2, #1792	@ 0x700
100083ca:	f04f 23e0 	mov.w	r3, #3758153728	@ 0xe000e000
100083ce:	2400      	movs	r4, #0
100083d0:	4919      	ldr	r1, [pc, #100]	@ (10008438 <xPortStartScheduler+0xc4>)
100083d2:	200e      	movs	r0, #14
100083d4:	600a      	str	r2, [r1, #0]
100083d6:	f8d3 2d20 	ldr.w	r2, [r3, #3360]	@ 0xd20
100083da:	4918      	ldr	r1, [pc, #96]	@ (1000843c <xPortStartScheduler+0xc8>)
100083dc:	f442 027f 	orr.w	r2, r2, #16711680	@ 0xff0000
100083e0:	f8c3 2d20 	str.w	r2, [r3, #3360]	@ 0xd20
100083e4:	f8d3 2d20 	ldr.w	r2, [r3, #3360]	@ 0xd20
100083e8:	f042 427f 	orr.w	r2, r2, #4278190080	@ 0xff000000
100083ec:	f8c3 2d20 	str.w	r2, [r3, #3360]	@ 0xd20
100083f0:	f8c3 4d1c 	str.w	r4, [r3, #3356]	@ 0xd1c
100083f4:	f7fd ffec 	bl	100063d0 <exception_set_exclusive_handler>
100083f8:	4911      	ldr	r1, [pc, #68]	@ (10008440 <xPortStartScheduler+0xcc>)
100083fa:	200f      	movs	r0, #15
100083fc:	f7fd ffe8 	bl	100063d0 <exception_set_exclusive_handler>
10008400:	4910      	ldr	r1, [pc, #64]	@ (10008444 <xPortStartScheduler+0xd0>)
10008402:	200b      	movs	r0, #11
10008404:	f7fd ffe4 	bl	100063d0 <exception_set_exclusive_handler>
10008408:	f7ff ff26 	bl	10008258 <vPortSetupTimerInterrupt>
1000840c:	f04f 4250 	mov.w	r2, #3489660928	@ 0xd0000000
10008410:	490d      	ldr	r1, [pc, #52]	@ (10008448 <xPortStartScheduler+0xd4>)
10008412:	4b0e      	ldr	r3, [pc, #56]	@ (1000844c <xPortStartScheduler+0xd8>)
10008414:	600c      	str	r4, [r1, #0]
10008416:	6812      	ldr	r2, [r2, #0]
10008418:	701a      	strb	r2, [r3, #0]
1000841a:	f000 f841 	bl	100084a0 <vStartFirstTask>
1000841e:	f7ff fa87 	bl	10007930 <vTaskSwitchContext>
10008422:	9403      	str	r4, [sp, #12]
10008424:	f000 f844 	bl	100084b0 <ulSetInterruptMask>
10008428:	9b03      	ldr	r3, [sp, #12]
1000842a:	2b00      	cmp	r3, #0
1000842c:	d0fc      	beq.n	10008428 <xPortStartScheduler+0xb4>
1000842e:	2000      	movs	r0, #0
10008430:	b004      	add	sp, #16
10008432:	bd10      	pop	{r4, pc}
10008434:	2200      	movs	r2, #0
10008436:	e7c8      	b.n	100083ca <xPortStartScheduler+0x56>
10008438:	2000298c 	.word	0x2000298c
1000843c:	100084d9 	.word	0x100084d9
10008440:	10008235 	.word	0x10008235
10008444:	10008559 	.word	0x10008559
10008448:	200015a0 	.word	0x200015a0
1000844c:	2000159c 	.word	0x2000159c

10008450 <prvRuntimeInitializer>:
10008450:	b508      	push	{r3, lr}
10008452:	f7f8 fa95 	bl	10000980 <next_striped_spin_lock_num>
10008456:	4b04      	ldr	r3, [pc, #16]	@ (10008468 <prvRuntimeInitializer+0x18>)
10008458:	4a04      	ldr	r2, [pc, #16]	@ (1000846c <prvRuntimeInitializer+0x1c>)
1000845a:	4403      	add	r3, r0
1000845c:	6013      	str	r3, [r2, #0]
1000845e:	f000 f887 	bl	10008570 <xEventGroupCreate>
10008462:	4b03      	ldr	r3, [pc, #12]	@ (10008470 <prvRuntimeInitializer+0x20>)
10008464:	6018      	str	r0, [r3, #0]
10008466:	bd08      	pop	{r3, pc}
10008468:	20001ff4 	.word	0x20001ff4
1000846c:	200028dc 	.word	0x200028dc
10008470:	20002a08 	.word	0x20002a08

10008474 <vRestoreContextOfFirstTask>:
10008474:	4a09      	ldr	r2, [pc, #36]	@ (1000849c <vRestoreContextOfFirstTask+0x28>)
10008476:	6811      	ldr	r1, [r2, #0]
10008478:	6808      	ldr	r0, [r1, #0]
1000847a:	c806      	ldmia	r0!, {r1, r2}
1000847c:	f381 880b 	msr	PSPLIM, r1
10008480:	2102      	movs	r1, #2
10008482:	f381 8814 	msr	CONTROL, r1
10008486:	3020      	adds	r0, #32
10008488:	f380 8809 	msr	PSP, r0
1000848c:	f3bf 8f6f 	isb	sy
10008490:	f04f 0000 	mov.w	r0, #0
10008494:	f380 8811 	msr	BASEPRI, r0
10008498:	4710      	bx	r2
1000849a:	0000      	.short	0x0000
1000849c:	200028e0 	.word	0x200028e0

100084a0 <vStartFirstTask>:
100084a0:	b662      	cpsie	i
100084a2:	b661      	cpsie	f
100084a4:	f3bf 8f4f 	dsb	sy
100084a8:	f3bf 8f6f 	isb	sy
100084ac:	df66      	svc	102	@ 0x66
100084ae:	bf00      	nop

100084b0 <ulSetInterruptMask>:
100084b0:	f3ef 8011 	mrs	r0, BASEPRI
100084b4:	f04f 0110 	mov.w	r1, #16
100084b8:	f381 8811 	msr	BASEPRI, r1
100084bc:	f3bf 8f4f 	dsb	sy
100084c0:	f3bf 8f6f 	isb	sy
100084c4:	4770      	bx	lr
100084c6:	bf00      	nop

100084c8 <vClearInterruptMask>:
100084c8:	f380 8811 	msr	BASEPRI, r0
100084cc:	f3bf 8f4f 	dsb	sy
100084d0:	f3bf 8f6f 	isb	sy
100084d4:	4770      	bx	lr
100084d6:	bf00      	nop

100084d8 <isr_pendsv>:
100084d8:	f3ef 8109 	mrs	r1, PSP
100084dc:	f01e 0f10 	tst.w	lr, #16
100084e0:	bf08      	it	eq
100084e2:	ed21 8a10 	vstmdbeq	r1!, {s16-s31}
100084e6:	f3ef 820b 	mrs	r2, PSPLIM
100084ea:	4673      	mov	r3, lr
100084ec:	e921 0ffc 	stmdb	r1!, {r2, r3, r4, r5, r6, r7, r8, r9, sl, fp}
100084f0:	fc55 4408 	dcp_pxmd r4, r5
100084f4:	fc57 6409 	dcp_pymd r6, r7
100084f8:	fc59 840a 	dcp_pefd r8, r9
100084fc:	e901 03f0 	stmdb	r1, {r4, r5, r6, r7, r8, r9}
10008500:	4a14      	ldr	r2, [pc, #80]	@ (10008554 <isr_pendsv+0x7c>)
10008502:	6813      	ldr	r3, [r2, #0]
10008504:	6019      	str	r1, [r3, #0]
10008506:	f04f 0110 	mov.w	r1, #16
1000850a:	f381 8811 	msr	BASEPRI, r1
1000850e:	f3bf 8f4f 	dsb	sy
10008512:	f3bf 8f6f 	isb	sy
10008516:	f7ff fa0b 	bl	10007930 <vTaskSwitchContext>
1000851a:	f04f 0000 	mov.w	r0, #0
1000851e:	f380 8811 	msr	BASEPRI, r0
10008522:	4a0c      	ldr	r2, [pc, #48]	@ (10008554 <isr_pendsv+0x7c>)
10008524:	6811      	ldr	r1, [r2, #0]
10008526:	6808      	ldr	r0, [r1, #0]
10008528:	3818      	subs	r0, #24
1000852a:	e8b0 03f0 	ldmia.w	r0!, {r4, r5, r6, r7, r8, r9}
1000852e:	ec45 4400 	dcp_wxmd r4, r5
10008532:	ec47 6401 	dcp_wymd r6, r7
10008536:	ec49 8402 	dcp_wefd r8, r9
1000853a:	e8b0 0ffc 	ldmia.w	r0!, {r2, r3, r4, r5, r6, r7, r8, r9, sl, fp}
1000853e:	f013 0f10 	tst.w	r3, #16
10008542:	bf08      	it	eq
10008544:	ecb0 8a10 	vldmiaeq	r0!, {s16-s31}
10008548:	f382 880b 	msr	PSPLIM, r2
1000854c:	f380 8809 	msr	PSP, r0
10008550:	4718      	bx	r3
10008552:	0000      	.short	0x0000
10008554:	200028e0 	.word	0x200028e0

10008558 <isr_svcall>:
10008558:	f01e 0f04 	tst.w	lr, #4
1000855c:	bf0c      	ite	eq
1000855e:	f3ef 8008 	mrseq	r0, MSP
10008562:	f3ef 8009 	mrsne	r0, PSP
10008566:	4901      	ldr	r1, [pc, #4]	@ (1000856c <isr_svcall+0x14>)
10008568:	4708      	bx	r1
1000856a:	0000      	.short	0x0000
1000856c:	100082d1 	.word	0x100082d1

10008570 <xEventGroupCreate>:
10008570:	b510      	push	{r4, lr}
10008572:	2018      	movs	r0, #24
10008574:	f7ff fe38 	bl	100081e8 <pvPortMalloc>
10008578:	4604      	mov	r4, r0
1000857a:	b120      	cbz	r0, 10008586 <xEventGroupCreate+0x16>
1000857c:	2300      	movs	r3, #0
1000857e:	f840 3b04 	str.w	r3, [r0], #4
10008582:	f000 f803 	bl	1000858c <vListInitialise>
10008586:	4620      	mov	r0, r4
10008588:	bd10      	pop	{r4, pc}
1000858a:	bf00      	nop

1000858c <vListInitialise>:
1000858c:	f04f 31ff 	mov.w	r1, #4294967295
10008590:	2200      	movs	r2, #0
10008592:	f100 0308 	add.w	r3, r0, #8
10008596:	e9c0 3101 	strd	r3, r1, [r0, #4]
1000859a:	e9c0 3303 	strd	r3, r3, [r0, #12]
1000859e:	6002      	str	r2, [r0, #0]
100085a0:	4770      	bx	lr
100085a2:	bf00      	nop

100085a4 <vListInitialiseItem>:
100085a4:	2300      	movs	r3, #0
100085a6:	6103      	str	r3, [r0, #16]
100085a8:	4770      	bx	lr
100085aa:	bf00      	nop

100085ac <vListInsertEnd>:
100085ac:	b410      	push	{r4}
100085ae:	e9d0 3200 	ldrd	r3, r2, [r0]
100085b2:	6894      	ldr	r4, [r2, #8]
100085b4:	3301      	adds	r3, #1
100085b6:	e9c1 2401 	strd	r2, r4, [r1, #4]
100085ba:	6061      	str	r1, [r4, #4]
100085bc:	6091      	str	r1, [r2, #8]
100085be:	f85d 4b04 	ldr.w	r4, [sp], #4
100085c2:	6108      	str	r0, [r1, #16]
100085c4:	6003      	str	r3, [r0, #0]
100085c6:	4770      	bx	lr

100085c8 <vListInsert>:
100085c8:	b430      	push	{r4, r5}
100085ca:	680d      	ldr	r5, [r1, #0]
100085cc:	1c6b      	adds	r3, r5, #1
100085ce:	d010      	beq.n	100085f2 <vListInsert+0x2a>
100085d0:	f100 0308 	add.w	r3, r0, #8
100085d4:	461c      	mov	r4, r3
100085d6:	685b      	ldr	r3, [r3, #4]
100085d8:	681a      	ldr	r2, [r3, #0]
100085da:	42aa      	cmp	r2, r5
100085dc:	d9fa      	bls.n	100085d4 <vListInsert+0xc>
100085de:	6802      	ldr	r2, [r0, #0]
100085e0:	604b      	str	r3, [r1, #4]
100085e2:	3201      	adds	r2, #1
100085e4:	6099      	str	r1, [r3, #8]
100085e6:	608c      	str	r4, [r1, #8]
100085e8:	6061      	str	r1, [r4, #4]
100085ea:	6108      	str	r0, [r1, #16]
100085ec:	bc30      	pop	{r4, r5}
100085ee:	6002      	str	r2, [r0, #0]
100085f0:	4770      	bx	lr
100085f2:	6904      	ldr	r4, [r0, #16]
100085f4:	6863      	ldr	r3, [r4, #4]
100085f6:	e7f2      	b.n	100085de <vListInsert+0x16>

100085f8 <uxListRemove>:
100085f8:	4603      	mov	r3, r0
100085fa:	6902      	ldr	r2, [r0, #16]
100085fc:	b410      	push	{r4}
100085fe:	6854      	ldr	r4, [r2, #4]
10008600:	6840      	ldr	r0, [r0, #4]
10008602:	6899      	ldr	r1, [r3, #8]
10008604:	429c      	cmp	r4, r3
10008606:	6081      	str	r1, [r0, #8]
10008608:	6048      	str	r0, [r1, #4]
1000860a:	bf08      	it	eq
1000860c:	6051      	streq	r1, [r2, #4]
1000860e:	2100      	movs	r1, #0
10008610:	6810      	ldr	r0, [r2, #0]
10008612:	f85d 4b04 	ldr.w	r4, [sp], #4
10008616:	3801      	subs	r0, #1
10008618:	6119      	str	r1, [r3, #16]
1000861a:	6010      	str	r0, [r2, #0]
1000861c:	4770      	bx	lr
1000861e:	bf00      	nop

10008620 <lcd_send_byte>:
10008620:	e92d 47f0 	stmdb	sp!, {r4, r5, r6, r7, r8, r9, sl, lr}
10008624:	4684      	mov	ip, r0
10008626:	460c      	mov	r4, r1
10008628:	2500      	movs	r5, #0
1000862a:	f02c 080f 	bic.w	r8, ip, #15
1000862e:	b264      	sxtb	r4, r4
10008630:	ea44 0808 	orr.w	r8, r4, r8
10008634:	4f38      	ldr	r7, [pc, #224]	@ (10008718 <lcd_send_byte+0xf8>)
10008636:	4e39      	ldr	r6, [pc, #228]	@ (1000871c <lcd_send_byte+0xfc>)
10008638:	fa4f f888 	sxtb.w	r8, r8
1000863c:	b084      	sub	sp, #16
1000863e:	f048 0a08 	orr.w	sl, r8, #8
10008642:	7839      	ldrb	r1, [r7, #0]
10008644:	f10d 020f 	add.w	r2, sp, #15
10008648:	2301      	movs	r3, #1
1000864a:	6830      	ldr	r0, [r6, #0]
1000864c:	fa5f fa8a 	uxtb.w	sl, sl
10008650:	9500      	str	r5, [sp, #0]
10008652:	ea44 140c 	orr.w	r4, r4, ip, lsl #4
10008656:	f88d a00f 	strb.w	sl, [sp, #15]
1000865a:	f7fd ffdd 	bl	10006618 <i2c_write_blocking>
1000865e:	f44f 7016 	mov.w	r0, #600	@ 0x258
10008662:	2100      	movs	r1, #0
10008664:	f7f9 f82c 	bl	100016c0 <sleep_us>
10008668:	9500      	str	r5, [sp, #0]
1000866a:	f10d 020f 	add.w	r2, sp, #15
1000866e:	2301      	movs	r3, #1
10008670:	7839      	ldrb	r1, [r7, #0]
10008672:	6830      	ldr	r0, [r6, #0]
10008674:	f048 080c 	orr.w	r8, r8, #12
10008678:	f88d 800f 	strb.w	r8, [sp, #15]
1000867c:	f7fd ffcc 	bl	10006618 <i2c_write_blocking>
10008680:	f44f 7016 	mov.w	r0, #600	@ 0x258
10008684:	2100      	movs	r1, #0
10008686:	f7f9 f81b 	bl	100016c0 <sleep_us>
1000868a:	9500      	str	r5, [sp, #0]
1000868c:	f10d 020f 	add.w	r2, sp, #15
10008690:	2301      	movs	r3, #1
10008692:	7839      	ldrb	r1, [r7, #0]
10008694:	6830      	ldr	r0, [r6, #0]
10008696:	b264      	sxtb	r4, r4
10008698:	f88d a00f 	strb.w	sl, [sp, #15]
1000869c:	f7fd ffbc 	bl	10006618 <i2c_write_blocking>
100086a0:	f44f 7016 	mov.w	r0, #600	@ 0x258
100086a4:	2100      	movs	r1, #0
100086a6:	f7f9 f80b 	bl	100016c0 <sleep_us>
100086aa:	f044 0908 	orr.w	r9, r4, #8
100086ae:	9500      	str	r5, [sp, #0]
100086b0:	f10d 020f 	add.w	r2, sp, #15
100086b4:	2301      	movs	r3, #1
100086b6:	7839      	ldrb	r1, [r7, #0]
100086b8:	fa5f f989 	uxtb.w	r9, r9
100086bc:	6830      	ldr	r0, [r6, #0]
100086be:	f88d 900f 	strb.w	r9, [sp, #15]
100086c2:	f7fd ffa9 	bl	10006618 <i2c_write_blocking>
100086c6:	f44f 7016 	mov.w	r0, #600	@ 0x258
100086ca:	2100      	movs	r1, #0
100086cc:	f7f8 fff8 	bl	100016c0 <sleep_us>
100086d0:	9500      	str	r5, [sp, #0]
100086d2:	f10d 020f 	add.w	r2, sp, #15
100086d6:	2301      	movs	r3, #1
100086d8:	7839      	ldrb	r1, [r7, #0]
100086da:	6830      	ldr	r0, [r6, #0]
100086dc:	f044 040c 	orr.w	r4, r4, #12
100086e0:	f88d 400f 	strb.w	r4, [sp, #15]
100086e4:	f7fd ff98 	bl	10006618 <i2c_write_blocking>
100086e8:	f44f 7016 	mov.w	r0, #600	@ 0x258
100086ec:	2100      	movs	r1, #0
100086ee:	f7f8 ffe7 	bl	100016c0 <sleep_us>
100086f2:	7839      	ldrb	r1, [r7, #0]
100086f4:	6830      	ldr	r0, [r6, #0]
100086f6:	2301      	movs	r3, #1
100086f8:	f10d 020f 	add.w	r2, sp, #15
100086fc:	9500      	str	r5, [sp, #0]
100086fe:	f88d 900f 	strb.w	r9, [sp, #15]
10008702:	f7fd ff89 	bl	10006618 <i2c_write_blocking>
10008706:	f44f 7016 	mov.w	r0, #600	@ 0x258
1000870a:	2100      	movs	r1, #0
1000870c:	b004      	add	sp, #16
1000870e:	e8bd 47f0 	ldmia.w	sp!, {r4, r5, r6, r7, r8, r9, sl, lr}
10008712:	f7f8 bfd5 	b.w	100016c0 <sleep_us>
10008716:	bf00      	nop
10008718:	20002a73 	.word	0x20002a73
1000871c:	20002890 	.word	0x20002890

10008720 <lcd_clear>:
10008720:	2100      	movs	r1, #0
10008722:	2001      	movs	r0, #1
10008724:	f7ff bf7c 	b.w	10008620 <lcd_send_byte>

10008728 <lcd_set_cursor>:
10008728:	b510      	push	{r4, lr}
1000872a:	4684      	mov	ip, r0
1000872c:	b084      	sub	sp, #16
1000872e:	468e      	mov	lr, r1
10008730:	4b08      	ldr	r3, [pc, #32]	@ (10008754 <lcd_set_cursor+0x2c>)
10008732:	ac04      	add	r4, sp, #16
10008734:	cb0f      	ldmia	r3, {r0, r1, r2, r3}
10008736:	e904 000f 	stmdb	r4, {r0, r1, r2, r3}
1000873a:	2100      	movs	r1, #0
1000873c:	eb04 0c8c 	add.w	ip, r4, ip, lsl #2
10008740:	f85c 0c10 	ldr.w	r0, [ip, #-16]
10008744:	3080      	adds	r0, #128	@ 0x80
10008746:	4470      	add	r0, lr
10008748:	b2c0      	uxtb	r0, r0
1000874a:	b004      	add	sp, #16
1000874c:	e8bd 4010 	ldmia.w	sp!, {r4, lr}
10008750:	f7ff bf66 	b.w	10008620 <lcd_send_byte>
10008754:	10009a88 	.word	0x10009a88

10008758 <lcd_string>:
10008758:	b510      	push	{r4, lr}
1000875a:	4604      	mov	r4, r0
1000875c:	7800      	ldrb	r0, [r0, #0]
1000875e:	b130      	cbz	r0, 1000876e <lcd_string+0x16>
10008760:	2101      	movs	r1, #1
10008762:	f7ff ff5d 	bl	10008620 <lcd_send_byte>
10008766:	f814 0f01 	ldrb.w	r0, [r4, #1]!
1000876a:	2800      	cmp	r0, #0
1000876c:	d1f8      	bne.n	10008760 <lcd_string+0x8>
1000876e:	bd10      	pop	{r4, pc}

10008770 <lcd_init>:
10008770:	b538      	push	{r3, r4, r5, lr}
10008772:	460a      	mov	r2, r1
10008774:	4605      	mov	r5, r0
10008776:	4b13      	ldr	r3, [pc, #76]	@ (100087c4 <lcd_init+0x54>)
10008778:	4c13      	ldr	r4, [pc, #76]	@ (100087c8 <lcd_init+0x58>)
1000877a:	2100      	movs	r1, #0
1000877c:	2003      	movs	r0, #3
1000877e:	701a      	strb	r2, [r3, #0]
10008780:	6025      	str	r5, [r4, #0]
10008782:	f7ff ff4d 	bl	10008620 <lcd_send_byte>
10008786:	2100      	movs	r1, #0
10008788:	2003      	movs	r0, #3
1000878a:	f7ff ff49 	bl	10008620 <lcd_send_byte>
1000878e:	2100      	movs	r1, #0
10008790:	2003      	movs	r0, #3
10008792:	f7ff ff45 	bl	10008620 <lcd_send_byte>
10008796:	2100      	movs	r1, #0
10008798:	2002      	movs	r0, #2
1000879a:	f7ff ff41 	bl	10008620 <lcd_send_byte>
1000879e:	2100      	movs	r1, #0
100087a0:	2006      	movs	r0, #6
100087a2:	f7ff ff3d 	bl	10008620 <lcd_send_byte>
100087a6:	2100      	movs	r1, #0
100087a8:	2028      	movs	r0, #40	@ 0x28
100087aa:	f7ff ff39 	bl	10008620 <lcd_send_byte>
100087ae:	2100      	movs	r1, #0
100087b0:	200c      	movs	r0, #12
100087b2:	f7ff ff35 	bl	10008620 <lcd_send_byte>
100087b6:	e8bd 4038 	ldmia.w	sp!, {r3, r4, r5, lr}
100087ba:	2100      	movs	r1, #0
100087bc:	2001      	movs	r0, #1
100087be:	f7ff bf2f 	b.w	10008620 <lcd_send_byte>
100087c2:	bf00      	nop
100087c4:	20002a73 	.word	0x20002a73
100087c8:	20002890 	.word	0x20002890

100087cc <bmp280_init>:
100087cc:	b530      	push	{r4, r5, lr}
100087ce:	2400      	movs	r4, #0
100087d0:	f249 4cf5 	movw	ip, #38133	@ 0x94f5
100087d4:	4d0b      	ldr	r5, [pc, #44]	@ (10008804 <bmp280_init+0x38>)
100087d6:	b085      	sub	sp, #20
100087d8:	aa03      	add	r2, sp, #12
100087da:	9400      	str	r4, [sp, #0]
100087dc:	2302      	movs	r3, #2
100087de:	2176      	movs	r1, #118	@ 0x76
100087e0:	6028      	str	r0, [r5, #0]
100087e2:	f8ad c00c 	strh.w	ip, [sp, #12]
100087e6:	f7fd ff17 	bl	10006618 <i2c_write_blocking>
100087ea:	f642 7cf4 	movw	ip, #12276	@ 0x2ff4
100087ee:	6828      	ldr	r0, [r5, #0]
100087f0:	2302      	movs	r3, #2
100087f2:	2176      	movs	r1, #118	@ 0x76
100087f4:	aa03      	add	r2, sp, #12
100087f6:	9400      	str	r4, [sp, #0]
100087f8:	f8ad c00c 	strh.w	ip, [sp, #12]
100087fc:	f7fd ff0c 	bl	10006618 <i2c_write_blocking>
10008800:	b005      	add	sp, #20
10008802:	bd30      	pop	{r4, r5, pc}
10008804:	20002888 	.word	0x20002888

10008808 <bmp280_get_calib_params>:
10008808:	2301      	movs	r3, #1
1000880a:	2288      	movs	r2, #136	@ 0x88
1000880c:	b570      	push	{r4, r5, r6, lr}
1000880e:	2500      	movs	r5, #0
10008810:	b08a      	sub	sp, #40	@ 0x28
10008812:	4e16      	ldr	r6, [pc, #88]	@ (1000886c <bmp280_get_calib_params+0x64>)
10008814:	9300      	str	r3, [sp, #0]
10008816:	4604      	mov	r4, r0
10008818:	f88d 200f 	strb.w	r2, [sp, #15]
1000881c:	2176      	movs	r1, #118	@ 0x76
1000881e:	f10d 020f 	add.w	r2, sp, #15
10008822:	6830      	ldr	r0, [r6, #0]
10008824:	e9cd 5504 	strd	r5, r5, [sp, #16]
10008828:	e9cd 5506 	strd	r5, r5, [sp, #24]
1000882c:	e9cd 5508 	strd	r5, r5, [sp, #32]
10008830:	f7fd fef2 	bl	10006618 <i2c_write_blocking>
10008834:	6830      	ldr	r0, [r6, #0]
10008836:	aa04      	add	r2, sp, #16
10008838:	2318      	movs	r3, #24
1000883a:	2176      	movs	r1, #118	@ 0x76
1000883c:	9500      	str	r5, [sp, #0]
1000883e:	f7fd fef3 	bl	10006628 <i2c_read_blocking>
10008842:	9907      	ldr	r1, [sp, #28]
10008844:	f8bd 2010 	ldrh.w	r2, [sp, #16]
10008848:	f8dd 3012 	ldr.w	r3, [sp, #18]
1000884c:	f8bd 0016 	ldrh.w	r0, [sp, #22]
10008850:	60e1      	str	r1, [r4, #12]
10008852:	9906      	ldr	r1, [sp, #24]
10008854:	8022      	strh	r2, [r4, #0]
10008856:	f8c4 3002 	str.w	r3, [r4, #2]
1000885a:	80e0      	strh	r0, [r4, #6]
1000885c:	e9dd 2308 	ldrd	r2, r3, [sp, #32]
10008860:	60a1      	str	r1, [r4, #8]
10008862:	6122      	str	r2, [r4, #16]
10008864:	6163      	str	r3, [r4, #20]
10008866:	b00a      	add	sp, #40	@ 0x28
10008868:	bd70      	pop	{r4, r5, r6, pc}
1000886a:	bf00      	nop
1000886c:	20002888 	.word	0x20002888

10008870 <bmp280_read_raw>:
10008870:	2301      	movs	r3, #1
10008872:	f04f 0cf7 	mov.w	ip, #247	@ 0xf7
10008876:	b570      	push	{r4, r5, r6, lr}
10008878:	4e17      	ldr	r6, [pc, #92]	@ (100088d8 <bmp280_read_raw+0x68>)
1000887a:	b086      	sub	sp, #24
1000887c:	4604      	mov	r4, r0
1000887e:	460d      	mov	r5, r1
10008880:	6830      	ldr	r0, [r6, #0]
10008882:	f10d 020f 	add.w	r2, sp, #15
10008886:	9300      	str	r3, [sp, #0]
10008888:	2176      	movs	r1, #118	@ 0x76
1000888a:	f88d c00f 	strb.w	ip, [sp, #15]
1000888e:	f7fd fec3 	bl	10006618 <i2c_write_blocking>
10008892:	2200      	movs	r2, #0
10008894:	6830      	ldr	r0, [r6, #0]
10008896:	2306      	movs	r3, #6
10008898:	9200      	str	r2, [sp, #0]
1000889a:	2176      	movs	r1, #118	@ 0x76
1000889c:	aa04      	add	r2, sp, #16
1000889e:	f7fd fec3 	bl	10006628 <i2c_read_blocking>
100088a2:	f89d 2011 	ldrb.w	r2, [sp, #17]
100088a6:	f89d 1010 	ldrb.w	r1, [sp, #16]
100088aa:	0112      	lsls	r2, r2, #4
100088ac:	ea42 3201 	orr.w	r2, r2, r1, lsl #12
100088b0:	f89d 1012 	ldrb.w	r1, [sp, #18]
100088b4:	f89d 3014 	ldrb.w	r3, [sp, #20]
100088b8:	ea42 1211 	orr.w	r2, r2, r1, lsr #4
100088bc:	f89d 1013 	ldrb.w	r1, [sp, #19]
100088c0:	011b      	lsls	r3, r3, #4
100088c2:	ea43 3301 	orr.w	r3, r3, r1, lsl #12
100088c6:	f89d 1015 	ldrb.w	r1, [sp, #21]
100088ca:	602a      	str	r2, [r5, #0]
100088cc:	ea43 1311 	orr.w	r3, r3, r1, lsr #4
100088d0:	6023      	str	r3, [r4, #0]
100088d2:	b006      	add	sp, #24
100088d4:	bd70      	pop	{r4, r5, r6, pc}
100088d6:	bf00      	nop
100088d8:	20002888 	.word	0x20002888

100088dc <bmp280_convert_temp>:
100088dc:	880a      	ldrh	r2, [r1, #0]
100088de:	b508      	push	{r3, lr}
100088e0:	ebc2 1320 	rsb	r3, r2, r0, asr #4
100088e4:	fb03 f303 	mul.w	r3, r3, r3
100088e8:	f9b1 c004 	ldrsh.w	ip, [r1, #4]
100088ec:	0052      	lsls	r2, r2, #1
100088ee:	f9b1 1002 	ldrsh.w	r1, [r1, #2]
100088f2:	ebc2 02e0 	rsb	r2, r2, r0, asr #3
100088f6:	1318      	asrs	r0, r3, #12
100088f8:	fb0c f000 	mul.w	r0, ip, r0
100088fc:	fb01 f202 	mul.w	r2, r1, r2
10008900:	1380      	asrs	r0, r0, #14
10008902:	eb00 20e2 	add.w	r0, r0, r2, asr #11
10008906:	eb00 0080 	add.w	r0, r0, r0, lsl #2
1000890a:	3080      	adds	r0, #128	@ 0x80
1000890c:	1200      	asrs	r0, r0, #8
1000890e:	f7f9 fb7f 	bl	10002010 <__wrap___aeabi_i2d>
10008912:	2200      	movs	r2, #0
10008914:	4b02      	ldr	r3, [pc, #8]	@ (10008920 <bmp280_convert_temp+0x44>)
10008916:	f7f9 fb1f 	bl	10001f58 <__wrap___aeabi_ddiv>
1000891a:	f7f9 fb6b 	bl	10001ff4 <__wrap___aeabi_d2f>
1000891e:	bd08      	pop	{r3, pc}
10008920:	40590000 	.word	0x40590000

10008924 <bmp280_convert_pressure>:
10008924:	4684      	mov	ip, r0
10008926:	8810      	ldrh	r0, [r2, #0]
10008928:	b510      	push	{r4, lr}
1000892a:	ebc0 1321 	rsb	r3, r0, r1, asr #4
1000892e:	fb03 f303 	mul.w	r3, r3, r3
10008932:	0040      	lsls	r0, r0, #1
10008934:	ebc0 00e1 	rsb	r0, r0, r1, asr #3
10008938:	f9b2 1002 	ldrsh.w	r1, [r2, #2]
1000893c:	131b      	asrs	r3, r3, #12
1000893e:	fb01 f000 	mul.w	r0, r1, r0
10008942:	f9b2 1004 	ldrsh.w	r1, [r2, #4]
10008946:	f9b2 e00a 	ldrsh.w	lr, [r2, #10]
1000894a:	fb01 f303 	mul.w	r3, r1, r3
1000894e:	139b      	asrs	r3, r3, #14
10008950:	eb03 23e0 	add.w	r3, r3, r0, asr #11
10008954:	105b      	asrs	r3, r3, #1
10008956:	f5a3 417a 	sub.w	r1, r3, #64000	@ 0xfa00
1000895a:	108b      	asrs	r3, r1, #2
1000895c:	fb03 f403 	mul.w	r4, r3, r3
10008960:	f9b2 3008 	ldrsh.w	r3, [r2, #8]
10008964:	1360      	asrs	r0, r4, #13
10008966:	fb01 f303 	mul.w	r3, r1, r3
1000896a:	fb00 f00e 	mul.w	r0, r0, lr
1000896e:	105b      	asrs	r3, r3, #1
10008970:	eb03 03e0 	add.w	r3, r3, r0, asr #3
10008974:	149b      	asrs	r3, r3, #18
10008976:	88d0      	ldrh	r0, [r2, #6]
10008978:	f503 4300 	add.w	r3, r3, #32768	@ 0x8000
1000897c:	fb00 f303 	mul.w	r3, r0, r3
10008980:	13d8      	asrs	r0, r3, #15
10008982:	d03a      	beq.n	100089fa <bmp280_convert_pressure+0xd6>
10008984:	f9b2 300e 	ldrsh.w	r3, [r2, #14]
10008988:	ea4f 2ee4 	mov.w	lr, r4, asr #11
1000898c:	fb01 f303 	mul.w	r3, r1, r3
10008990:	f9b2 1010 	ldrsh.w	r1, [r2, #16]
10008994:	005b      	lsls	r3, r3, #1
10008996:	fb01 330e 	mla	r3, r1, lr, r3
1000899a:	f9b2 100c 	ldrsh.w	r1, [r2, #12]
1000899e:	0409      	lsls	r1, r1, #16
100089a0:	eb01 03a3 	add.w	r3, r1, r3, asr #2
100089a4:	4915      	ldr	r1, [pc, #84]	@ (100089fc <bmp280_convert_pressure+0xd8>)
100089a6:	eb0c 3c23 	add.w	ip, ip, r3, asr #12
100089aa:	fb01 fc0c 	mul.w	ip, r1, ip
100089ae:	f10c 4c43 	add.w	ip, ip, #3271557120	@ 0xc3000000
100089b2:	f50c 0ca0 	add.w	ip, ip, #5242880	@ 0x500000
100089b6:	f1bc 0f00 	cmp.w	ip, #0
100089ba:	bfb3      	iteet	lt
100089bc:	fbbc fcf0 	udivlt	ip, ip, r0
100089c0:	ea4f 0c4c 	movge.w	ip, ip, lsl #1
100089c4:	fbbc fcf0 	udivge	ip, ip, r0
100089c8:	ea4f 0c4c 	movlt.w	ip, ip, lsl #1
100089cc:	ea4f 03dc 	mov.w	r3, ip, lsr #3
100089d0:	fb03 f303 	mul.w	r3, r3, r3
100089d4:	f9b2 0016 	ldrsh.w	r0, [r2, #22]
100089d8:	f9b2 1014 	ldrsh.w	r1, [r2, #20]
100089dc:	0b5b      	lsrs	r3, r3, #13
100089de:	fb00 f303 	mul.w	r3, r0, r3
100089e2:	ea4f 009c 	mov.w	r0, ip, lsr #2
100089e6:	fb01 f000 	mul.w	r0, r1, r0
100089ea:	f9b2 2012 	ldrsh.w	r2, [r2, #18]
100089ee:	1340      	asrs	r0, r0, #13
100089f0:	eb00 3023 	add.w	r0, r0, r3, asr #12
100089f4:	4410      	add	r0, r2
100089f6:	eb0c 1020 	add.w	r0, ip, r0, asr #4
100089fa:	bd10      	pop	{r4, pc}
100089fc:	fffff3cb 	.word	0xfffff3cb

10008a00 <malloc>:
10008a00:	4b02      	ldr	r3, [pc, #8]	@ (10008a0c <malloc+0xc>)
10008a02:	4601      	mov	r1, r0
10008a04:	6818      	ldr	r0, [r3, #0]
10008a06:	f000 b80b 	b.w	10008a20 <_malloc_r>
10008a0a:	bf00      	nop
10008a0c:	200019b8 	.word	0x200019b8

10008a10 <free>:
10008a10:	4b02      	ldr	r3, [pc, #8]	@ (10008a1c <free+0xc>)
10008a12:	4601      	mov	r1, r0
10008a14:	6818      	ldr	r0, [r3, #0]
10008a16:	f000 bc43 	b.w	100092a0 <_free_r>
10008a1a:	bf00      	nop
10008a1c:	200019b8 	.word	0x200019b8

10008a20 <_malloc_r>:
10008a20:	f101 030b 	add.w	r3, r1, #11
10008a24:	2b16      	cmp	r3, #22
10008a26:	e92d 4ff0 	stmdb	sp!, {r4, r5, r6, r7, r8, r9, sl, fp, lr}
10008a2a:	4607      	mov	r7, r0
10008a2c:	b083      	sub	sp, #12
10008a2e:	d823      	bhi.n	10008a78 <_malloc_r+0x58>
10008a30:	2910      	cmp	r1, #16
10008a32:	f200 80af 	bhi.w	10008b94 <_malloc_r+0x174>
10008a36:	f000 faaf 	bl	10008f98 <__malloc_lock>
10008a3a:	2510      	movs	r5, #16
10008a3c:	2318      	movs	r3, #24
10008a3e:	2002      	movs	r0, #2
10008a40:	4eba      	ldr	r6, [pc, #744]	@ (10008d2c <_malloc_r+0x30c>)
10008a42:	4433      	add	r3, r6
10008a44:	685c      	ldr	r4, [r3, #4]
10008a46:	f1a3 0208 	sub.w	r2, r3, #8
10008a4a:	4294      	cmp	r4, r2
10008a4c:	f000 8156 	beq.w	10008cfc <_malloc_r+0x2dc>
10008a50:	6863      	ldr	r3, [r4, #4]
10008a52:	4638      	mov	r0, r7
10008a54:	f023 0303 	bic.w	r3, r3, #3
10008a58:	e9d4 1202 	ldrd	r1, r2, [r4, #8]
10008a5c:	4423      	add	r3, r4
10008a5e:	60ca      	str	r2, [r1, #12]
10008a60:	6091      	str	r1, [r2, #8]
10008a62:	685a      	ldr	r2, [r3, #4]
10008a64:	3408      	adds	r4, #8
10008a66:	f042 0201 	orr.w	r2, r2, #1
10008a6a:	605a      	str	r2, [r3, #4]
10008a6c:	f000 fa9a 	bl	10008fa4 <__malloc_unlock>
10008a70:	4620      	mov	r0, r4
10008a72:	b003      	add	sp, #12
10008a74:	e8bd 8ff0 	ldmia.w	sp!, {r4, r5, r6, r7, r8, r9, sl, fp, pc}
10008a78:	2b00      	cmp	r3, #0
10008a7a:	f023 0507 	bic.w	r5, r3, #7
10008a7e:	f2c0 8089 	blt.w	10008b94 <_malloc_r+0x174>
10008a82:	42a9      	cmp	r1, r5
10008a84:	f200 8086 	bhi.w	10008b94 <_malloc_r+0x174>
10008a88:	f000 fa86 	bl	10008f98 <__malloc_lock>
10008a8c:	f5b5 7ffc 	cmp.w	r5, #504	@ 0x1f8
10008a90:	f0c0 827b 	bcc.w	10008f8a <_malloc_r+0x56a>
10008a94:	0a6b      	lsrs	r3, r5, #9
10008a96:	f000 8084 	beq.w	10008ba2 <_malloc_r+0x182>
10008a9a:	2b04      	cmp	r3, #4
10008a9c:	f200 8162 	bhi.w	10008d64 <_malloc_r+0x344>
10008aa0:	09ab      	lsrs	r3, r5, #6
10008aa2:	f103 0039 	add.w	r0, r3, #57	@ 0x39
10008aa6:	f103 0e38 	add.w	lr, r3, #56	@ 0x38
10008aaa:	00c3      	lsls	r3, r0, #3
10008aac:	4e9f      	ldr	r6, [pc, #636]	@ (10008d2c <_malloc_r+0x30c>)
10008aae:	4433      	add	r3, r6
10008ab0:	f1a3 0c08 	sub.w	ip, r3, #8
10008ab4:	685c      	ldr	r4, [r3, #4]
10008ab6:	45a4      	cmp	ip, r4
10008ab8:	d107      	bne.n	10008aca <_malloc_r+0xaa>
10008aba:	e00d      	b.n	10008ad8 <_malloc_r+0xb8>
10008abc:	2a00      	cmp	r2, #0
10008abe:	68e1      	ldr	r1, [r4, #12]
10008ac0:	f280 8116 	bge.w	10008cf0 <_malloc_r+0x2d0>
10008ac4:	458c      	cmp	ip, r1
10008ac6:	460c      	mov	r4, r1
10008ac8:	d006      	beq.n	10008ad8 <_malloc_r+0xb8>
10008aca:	6863      	ldr	r3, [r4, #4]
10008acc:	f023 0303 	bic.w	r3, r3, #3
10008ad0:	1b5a      	subs	r2, r3, r5
10008ad2:	2a0f      	cmp	r2, #15
10008ad4:	ddf2      	ble.n	10008abc <_malloc_r+0x9c>
10008ad6:	4670      	mov	r0, lr
10008ad8:	f8df 8268 	ldr.w	r8, [pc, #616]	@ 10008d44 <_malloc_r+0x324>
10008adc:	6934      	ldr	r4, [r6, #16]
10008ade:	4544      	cmp	r4, r8
10008ae0:	f000 80f2 	beq.w	10008cc8 <_malloc_r+0x2a8>
10008ae4:	6863      	ldr	r3, [r4, #4]
10008ae6:	f023 0c03 	bic.w	ip, r3, #3
10008aea:	ebac 0305 	sub.w	r3, ip, r5
10008aee:	2b0f      	cmp	r3, #15
10008af0:	f300 8174 	bgt.w	10008ddc <_malloc_r+0x3bc>
10008af4:	2b00      	cmp	r3, #0
10008af6:	e9c6 8804 	strd	r8, r8, [r6, #16]
10008afa:	f280 8163 	bge.w	10008dc4 <_malloc_r+0x3a4>
10008afe:	f5bc 7f00 	cmp.w	ip, #512	@ 0x200
10008b02:	f8d6 e004 	ldr.w	lr, [r6, #4]
10008b06:	f080 80ff 	bcs.w	10008d08 <_malloc_r+0x2e8>
10008b0a:	ea4f 03dc 	mov.w	r3, ip, lsr #3
10008b0e:	2201      	movs	r2, #1
10008b10:	ea4f 1c5c 	mov.w	ip, ip, lsr #5
10008b14:	3301      	adds	r3, #1
10008b16:	fa02 f20c 	lsl.w	r2, r2, ip
10008b1a:	f856 1033 	ldr.w	r1, [r6, r3, lsl #3]
10008b1e:	ea4e 0e02 	orr.w	lr, lr, r2
10008b22:	eb06 02c3 	add.w	r2, r6, r3, lsl #3
10008b26:	3a08      	subs	r2, #8
10008b28:	f8c6 e004 	str.w	lr, [r6, #4]
10008b2c:	e9c4 1202 	strd	r1, r2, [r4, #8]
10008b30:	f846 4033 	str.w	r4, [r6, r3, lsl #3]
10008b34:	60cc      	str	r4, [r1, #12]
10008b36:	1083      	asrs	r3, r0, #2
10008b38:	f04f 0c01 	mov.w	ip, #1
10008b3c:	fa0c fc03 	lsl.w	ip, ip, r3
10008b40:	45f4      	cmp	ip, lr
10008b42:	d834      	bhi.n	10008bae <_malloc_r+0x18e>
10008b44:	ea1c 0f0e 	tst.w	ip, lr
10008b48:	d107      	bne.n	10008b5a <_malloc_r+0x13a>
10008b4a:	f020 0003 	bic.w	r0, r0, #3
10008b4e:	ea4f 0c4c 	mov.w	ip, ip, lsl #1
10008b52:	3004      	adds	r0, #4
10008b54:	ea1c 0f0e 	tst.w	ip, lr
10008b58:	d0f9      	beq.n	10008b4e <_malloc_r+0x12e>
10008b5a:	eb06 0ac0 	add.w	sl, r6, r0, lsl #3
10008b5e:	4681      	mov	r9, r0
10008b60:	46d6      	mov	lr, sl
10008b62:	f8de 300c 	ldr.w	r3, [lr, #12]
10008b66:	e00b      	b.n	10008b80 <_malloc_r+0x160>
10008b68:	685a      	ldr	r2, [r3, #4]
10008b6a:	461c      	mov	r4, r3
10008b6c:	68db      	ldr	r3, [r3, #12]
10008b6e:	f022 0203 	bic.w	r2, r2, #3
10008b72:	1b51      	subs	r1, r2, r5
10008b74:	290f      	cmp	r1, #15
10008b76:	f300 8101 	bgt.w	10008d7c <_malloc_r+0x35c>
10008b7a:	2900      	cmp	r1, #0
10008b7c:	f280 8115 	bge.w	10008daa <_malloc_r+0x38a>
10008b80:	459e      	cmp	lr, r3
10008b82:	d1f1      	bne.n	10008b68 <_malloc_r+0x148>
10008b84:	f109 0901 	add.w	r9, r9, #1
10008b88:	f10e 0e08 	add.w	lr, lr, #8
10008b8c:	f019 0f03 	tst.w	r9, #3
10008b90:	d1e7      	bne.n	10008b62 <_malloc_r+0x142>
10008b92:	e158      	b.n	10008e46 <_malloc_r+0x426>
10008b94:	230c      	movs	r3, #12
10008b96:	603b      	str	r3, [r7, #0]
10008b98:	2400      	movs	r4, #0
10008b9a:	4620      	mov	r0, r4
10008b9c:	b003      	add	sp, #12
10008b9e:	e8bd 8ff0 	ldmia.w	sp!, {r4, r5, r6, r7, r8, r9, sl, fp, pc}
10008ba2:	f44f 7300 	mov.w	r3, #512	@ 0x200
10008ba6:	2040      	movs	r0, #64	@ 0x40
10008ba8:	f04f 0e3f 	mov.w	lr, #63	@ 0x3f
10008bac:	e77e      	b.n	10008aac <_malloc_r+0x8c>
10008bae:	68b4      	ldr	r4, [r6, #8]
10008bb0:	6863      	ldr	r3, [r4, #4]
10008bb2:	f023 0903 	bic.w	r9, r3, #3
10008bb6:	45a9      	cmp	r9, r5
10008bb8:	eba9 0305 	sub.w	r3, r9, r5
10008bbc:	d302      	bcc.n	10008bc4 <_malloc_r+0x1a4>
10008bbe:	2b0f      	cmp	r3, #15
10008bc0:	f300 8085 	bgt.w	10008cce <_malloc_r+0x2ae>
10008bc4:	4b5a      	ldr	r3, [pc, #360]	@ (10008d30 <_malloc_r+0x310>)
10008bc6:	2008      	movs	r0, #8
10008bc8:	681b      	ldr	r3, [r3, #0]
10008bca:	f103 0810 	add.w	r8, r3, #16
10008bce:	eb04 0309 	add.w	r3, r4, r9
10008bd2:	9300      	str	r3, [sp, #0]
10008bd4:	f000 fa56 	bl	10009084 <sysconf>
10008bd8:	4a56      	ldr	r2, [pc, #344]	@ (10008d34 <_malloc_r+0x314>)
10008bda:	44a8      	add	r8, r5
10008bdc:	4683      	mov	fp, r0
10008bde:	6813      	ldr	r3, [r2, #0]
10008be0:	3301      	adds	r3, #1
10008be2:	d005      	beq.n	10008bf0 <_malloc_r+0x1d0>
10008be4:	f108 38ff 	add.w	r8, r8, #4294967295
10008be8:	4243      	negs	r3, r0
10008bea:	4480      	add	r8, r0
10008bec:	ea03 0808 	and.w	r8, r3, r8
10008bf0:	4641      	mov	r1, r8
10008bf2:	4638      	mov	r0, r7
10008bf4:	f000 fa2a 	bl	1000904c <_sbrk_r>
10008bf8:	f1b0 3fff 	cmp.w	r0, #4294967295
10008bfc:	4682      	mov	sl, r0
10008bfe:	4a4d      	ldr	r2, [pc, #308]	@ (10008d34 <_malloc_r+0x314>)
10008c00:	f000 8107 	beq.w	10008e12 <_malloc_r+0x3f2>
10008c04:	eb04 0309 	add.w	r3, r4, r9
10008c08:	4283      	cmp	r3, r0
10008c0a:	f200 8100 	bhi.w	10008e0e <_malloc_r+0x3ee>
10008c0e:	4b4a      	ldr	r3, [pc, #296]	@ (10008d38 <_malloc_r+0x318>)
10008c10:	f10b 3cff 	add.w	ip, fp, #4294967295
10008c14:	6818      	ldr	r0, [r3, #0]
10008c16:	4440      	add	r0, r8
10008c18:	6018      	str	r0, [r3, #0]
10008c1a:	f000 8164 	beq.w	10008ee6 <_malloc_r+0x4c6>
10008c1e:	6811      	ldr	r1, [r2, #0]
10008c20:	3101      	adds	r1, #1
10008c22:	f000 816c 	beq.w	10008efe <_malloc_r+0x4de>
10008c26:	eb04 0209 	add.w	r2, r4, r9
10008c2a:	ebaa 0202 	sub.w	r2, sl, r2
10008c2e:	4402      	add	r2, r0
10008c30:	601a      	str	r2, [r3, #0]
10008c32:	f01a 0207 	ands.w	r2, sl, #7
10008c36:	e9cd 2300 	strd	r2, r3, [sp]
10008c3a:	f000 8127 	beq.w	10008e8c <_malloc_r+0x46c>
10008c3e:	f1c2 0208 	rsb	r2, r2, #8
10008c42:	4638      	mov	r0, r7
10008c44:	4492      	add	sl, r2
10008c46:	445a      	add	r2, fp
10008c48:	44d0      	add	r8, sl
10008c4a:	ea08 010c 	and.w	r1, r8, ip
10008c4e:	1a52      	subs	r2, r2, r1
10008c50:	ea02 0b0c 	and.w	fp, r2, ip
10008c54:	4659      	mov	r1, fp
10008c56:	f000 f9f9 	bl	1000904c <_sbrk_r>
10008c5a:	1c42      	adds	r2, r0, #1
10008c5c:	9b01      	ldr	r3, [sp, #4]
10008c5e:	f000 816a 	beq.w	10008f36 <_malloc_r+0x516>
10008c62:	eba0 000a 	sub.w	r0, r0, sl
10008c66:	eb00 080b 	add.w	r8, r0, fp
10008c6a:	6818      	ldr	r0, [r3, #0]
10008c6c:	f048 0201 	orr.w	r2, r8, #1
10008c70:	42b4      	cmp	r4, r6
10008c72:	f8c6 a008 	str.w	sl, [r6, #8]
10008c76:	4458      	add	r0, fp
10008c78:	f8ca 2004 	str.w	r2, [sl, #4]
10008c7c:	6018      	str	r0, [r3, #0]
10008c7e:	d017      	beq.n	10008cb0 <_malloc_r+0x290>
10008c80:	f1b9 0f0f 	cmp.w	r9, #15
10008c84:	f240 813e 	bls.w	10008f04 <_malloc_r+0x4e4>
10008c88:	6861      	ldr	r1, [r4, #4]
10008c8a:	f1a9 020c 	sub.w	r2, r9, #12
10008c8e:	f04f 0c05 	mov.w	ip, #5
10008c92:	f022 0207 	bic.w	r2, r2, #7
10008c96:	f001 0101 	and.w	r1, r1, #1
10008c9a:	4311      	orrs	r1, r2
10008c9c:	2a0f      	cmp	r2, #15
10008c9e:	6061      	str	r1, [r4, #4]
10008ca0:	eb04 0102 	add.w	r1, r4, r2
10008ca4:	e9c1 cc01 	strd	ip, ip, [r1, #4]
10008ca8:	f200 814d 	bhi.w	10008f46 <_malloc_r+0x526>
10008cac:	f8da 2004 	ldr.w	r2, [sl, #4]
10008cb0:	4b22      	ldr	r3, [pc, #136]	@ (10008d3c <_malloc_r+0x31c>)
10008cb2:	4654      	mov	r4, sl
10008cb4:	6819      	ldr	r1, [r3, #0]
10008cb6:	4281      	cmp	r1, r0
10008cb8:	bf38      	it	cc
10008cba:	6018      	strcc	r0, [r3, #0]
10008cbc:	4b20      	ldr	r3, [pc, #128]	@ (10008d40 <_malloc_r+0x320>)
10008cbe:	6819      	ldr	r1, [r3, #0]
10008cc0:	4281      	cmp	r1, r0
10008cc2:	bf38      	it	cc
10008cc4:	6018      	strcc	r0, [r3, #0]
10008cc6:	e0a6      	b.n	10008e16 <_malloc_r+0x3f6>
10008cc8:	f8d6 e004 	ldr.w	lr, [r6, #4]
10008ccc:	e733      	b.n	10008b36 <_malloc_r+0x116>
10008cce:	1962      	adds	r2, r4, r5
10008cd0:	f045 0501 	orr.w	r5, r5, #1
10008cd4:	f043 0301 	orr.w	r3, r3, #1
10008cd8:	3408      	adds	r4, #8
10008cda:	f844 5c04 	str.w	r5, [r4, #-4]
10008cde:	4638      	mov	r0, r7
10008ce0:	60b2      	str	r2, [r6, #8]
10008ce2:	6053      	str	r3, [r2, #4]
10008ce4:	f000 f95e 	bl	10008fa4 <__malloc_unlock>
10008ce8:	4620      	mov	r0, r4
10008cea:	b003      	add	sp, #12
10008cec:	e8bd 8ff0 	ldmia.w	sp!, {r4, r5, r6, r7, r8, r9, sl, fp, pc}
10008cf0:	68a2      	ldr	r2, [r4, #8]
10008cf2:	4423      	add	r3, r4
10008cf4:	4638      	mov	r0, r7
10008cf6:	60d1      	str	r1, [r2, #12]
10008cf8:	608a      	str	r2, [r1, #8]
10008cfa:	e6b2      	b.n	10008a62 <_malloc_r+0x42>
10008cfc:	68dc      	ldr	r4, [r3, #12]
10008cfe:	42a3      	cmp	r3, r4
10008d00:	f47f aea6 	bne.w	10008a50 <_malloc_r+0x30>
10008d04:	3002      	adds	r0, #2
10008d06:	e6e7      	b.n	10008ad8 <_malloc_r+0xb8>
10008d08:	f5bc 6f20 	cmp.w	ip, #2560	@ 0xa00
10008d0c:	ea4f 225c 	mov.w	r2, ip, lsr #9
10008d10:	d376      	bcc.n	10008e00 <_malloc_r+0x3e0>
10008d12:	2a14      	cmp	r2, #20
10008d14:	f200 80cd 	bhi.w	10008eb2 <_malloc_r+0x492>
10008d18:	f102 035c 	add.w	r3, r2, #92	@ 0x5c
10008d1c:	325b      	adds	r2, #91	@ 0x5b
10008d1e:	00db      	lsls	r3, r3, #3
10008d20:	18f1      	adds	r1, r6, r3
10008d22:	58f3      	ldr	r3, [r6, r3]
10008d24:	3908      	subs	r1, #8
10008d26:	4299      	cmp	r1, r3
10008d28:	d111      	bne.n	10008d4e <_malloc_r+0x32e>
10008d2a:	e0a5      	b.n	10008e78 <_malloc_r+0x458>
10008d2c:	200015b0 	.word	0x200015b0
10008d30:	20001d14 	.word	0x20001d14
10008d34:	200015a4 	.word	0x200015a4
10008d38:	20001ce4 	.word	0x20001ce4
10008d3c:	20001d0c 	.word	0x20001d0c
10008d40:	20001d10 	.word	0x20001d10
10008d44:	200015b8 	.word	0x200015b8
10008d48:	689b      	ldr	r3, [r3, #8]
10008d4a:	4299      	cmp	r1, r3
10008d4c:	d004      	beq.n	10008d58 <_malloc_r+0x338>
10008d4e:	685a      	ldr	r2, [r3, #4]
10008d50:	f022 0203 	bic.w	r2, r2, #3
10008d54:	4562      	cmp	r2, ip
10008d56:	d8f7      	bhi.n	10008d48 <_malloc_r+0x328>
10008d58:	68d9      	ldr	r1, [r3, #12]
10008d5a:	e9c4 3102 	strd	r3, r1, [r4, #8]
10008d5e:	608c      	str	r4, [r1, #8]
10008d60:	60dc      	str	r4, [r3, #12]
10008d62:	e6e8      	b.n	10008b36 <_malloc_r+0x116>
10008d64:	2b14      	cmp	r3, #20
10008d66:	d963      	bls.n	10008e30 <_malloc_r+0x410>
10008d68:	2b54      	cmp	r3, #84	@ 0x54
10008d6a:	f200 80ab 	bhi.w	10008ec4 <_malloc_r+0x4a4>
10008d6e:	0b2b      	lsrs	r3, r5, #12
10008d70:	f103 006f 	add.w	r0, r3, #111	@ 0x6f
10008d74:	f103 0e6e 	add.w	lr, r3, #110	@ 0x6e
10008d78:	00c3      	lsls	r3, r0, #3
10008d7a:	e697      	b.n	10008aac <_malloc_r+0x8c>
10008d7c:	f8d4 c008 	ldr.w	ip, [r4, #8]
10008d80:	4638      	mov	r0, r7
10008d82:	1967      	adds	r7, r4, r5
10008d84:	f045 0501 	orr.w	r5, r5, #1
10008d88:	6065      	str	r5, [r4, #4]
10008d8a:	f8cc 300c 	str.w	r3, [ip, #12]
10008d8e:	f8c3 c008 	str.w	ip, [r3, #8]
10008d92:	f041 0301 	orr.w	r3, r1, #1
10008d96:	e9c6 7704 	strd	r7, r7, [r6, #16]
10008d9a:	e9c7 8802 	strd	r8, r8, [r7, #8]
10008d9e:	607b      	str	r3, [r7, #4]
10008da0:	50a1      	str	r1, [r4, r2]
10008da2:	3408      	adds	r4, #8
10008da4:	f000 f8fe 	bl	10008fa4 <__malloc_unlock>
10008da8:	e6f7      	b.n	10008b9a <_malloc_r+0x17a>
10008daa:	4422      	add	r2, r4
10008dac:	4638      	mov	r0, r7
10008dae:	6851      	ldr	r1, [r2, #4]
10008db0:	f041 0101 	orr.w	r1, r1, #1
10008db4:	6051      	str	r1, [r2, #4]
10008db6:	f854 2f08 	ldr.w	r2, [r4, #8]!
10008dba:	60d3      	str	r3, [r2, #12]
10008dbc:	609a      	str	r2, [r3, #8]
10008dbe:	f000 f8f1 	bl	10008fa4 <__malloc_unlock>
10008dc2:	e6ea      	b.n	10008b9a <_malloc_r+0x17a>
10008dc4:	44a4      	add	ip, r4
10008dc6:	4638      	mov	r0, r7
10008dc8:	3408      	adds	r4, #8
10008dca:	f8dc 3004 	ldr.w	r3, [ip, #4]
10008dce:	f043 0301 	orr.w	r3, r3, #1
10008dd2:	f8cc 3004 	str.w	r3, [ip, #4]
10008dd6:	f000 f8e5 	bl	10008fa4 <__malloc_unlock>
10008dda:	e6de      	b.n	10008b9a <_malloc_r+0x17a>
10008ddc:	1962      	adds	r2, r4, r5
10008dde:	f043 0101 	orr.w	r1, r3, #1
10008de2:	f045 0501 	orr.w	r5, r5, #1
10008de6:	4638      	mov	r0, r7
10008de8:	6065      	str	r5, [r4, #4]
10008dea:	e9c6 2204 	strd	r2, r2, [r6, #16]
10008dee:	e9c2 8802 	strd	r8, r8, [r2, #8]
10008df2:	6051      	str	r1, [r2, #4]
10008df4:	f844 300c 	str.w	r3, [r4, ip]
10008df8:	3408      	adds	r4, #8
10008dfa:	f000 f8d3 	bl	10008fa4 <__malloc_unlock>
10008dfe:	e6cc      	b.n	10008b9a <_malloc_r+0x17a>
10008e00:	ea4f 129c 	mov.w	r2, ip, lsr #6
10008e04:	f102 0339 	add.w	r3, r2, #57	@ 0x39
10008e08:	3238      	adds	r2, #56	@ 0x38
10008e0a:	00db      	lsls	r3, r3, #3
10008e0c:	e788      	b.n	10008d20 <_malloc_r+0x300>
10008e0e:	42b4      	cmp	r4, r6
10008e10:	d062      	beq.n	10008ed8 <_malloc_r+0x4b8>
10008e12:	68b4      	ldr	r4, [r6, #8]
10008e14:	6862      	ldr	r2, [r4, #4]
10008e16:	f022 0803 	bic.w	r8, r2, #3
10008e1a:	45a8      	cmp	r8, r5
10008e1c:	eba8 0305 	sub.w	r3, r8, r5
10008e20:	d302      	bcc.n	10008e28 <_malloc_r+0x408>
10008e22:	2b0f      	cmp	r3, #15
10008e24:	f73f af53 	bgt.w	10008cce <_malloc_r+0x2ae>
10008e28:	4638      	mov	r0, r7
10008e2a:	f000 f8bb 	bl	10008fa4 <__malloc_unlock>
10008e2e:	e6b3      	b.n	10008b98 <_malloc_r+0x178>
10008e30:	f103 005c 	add.w	r0, r3, #92	@ 0x5c
10008e34:	f103 0e5b 	add.w	lr, r3, #91	@ 0x5b
10008e38:	00c3      	lsls	r3, r0, #3
10008e3a:	e637      	b.n	10008aac <_malloc_r+0x8c>
10008e3c:	f85a 3908 	ldr.w	r3, [sl], #-8
10008e40:	4553      	cmp	r3, sl
10008e42:	f040 80a0 	bne.w	10008f86 <_malloc_r+0x566>
10008e46:	f010 0f03 	tst.w	r0, #3
10008e4a:	f100 30ff 	add.w	r0, r0, #4294967295
10008e4e:	d1f5      	bne.n	10008e3c <_malloc_r+0x41c>
10008e50:	6873      	ldr	r3, [r6, #4]
10008e52:	ea23 030c 	bic.w	r3, r3, ip
10008e56:	6073      	str	r3, [r6, #4]
10008e58:	ea4f 0c4c 	mov.w	ip, ip, lsl #1
10008e5c:	f10c 32ff 	add.w	r2, ip, #4294967295
10008e60:	429a      	cmp	r2, r3
10008e62:	d304      	bcc.n	10008e6e <_malloc_r+0x44e>
10008e64:	e6a3      	b.n	10008bae <_malloc_r+0x18e>
10008e66:	ea4f 0c4c 	mov.w	ip, ip, lsl #1
10008e6a:	f109 0904 	add.w	r9, r9, #4
10008e6e:	ea1c 0f03 	tst.w	ip, r3
10008e72:	d0f8      	beq.n	10008e66 <_malloc_r+0x446>
10008e74:	4648      	mov	r0, r9
10008e76:	e670      	b.n	10008b5a <_malloc_r+0x13a>
10008e78:	1092      	asrs	r2, r2, #2
10008e7a:	f04f 0c01 	mov.w	ip, #1
10008e7e:	fa0c f202 	lsl.w	r2, ip, r2
10008e82:	ea4e 0e02 	orr.w	lr, lr, r2
10008e86:	f8c6 e004 	str.w	lr, [r6, #4]
10008e8a:	e766      	b.n	10008d5a <_malloc_r+0x33a>
10008e8c:	eb0a 0208 	add.w	r2, sl, r8
10008e90:	4638      	mov	r0, r7
10008e92:	ea02 020c 	and.w	r2, r2, ip
10008e96:	ebab 0b02 	sub.w	fp, fp, r2
10008e9a:	ea0b 0b0c 	and.w	fp, fp, ip
10008e9e:	4659      	mov	r1, fp
10008ea0:	f000 f8d4 	bl	1000904c <_sbrk_r>
10008ea4:	1c43      	adds	r3, r0, #1
10008ea6:	9b01      	ldr	r3, [sp, #4]
10008ea8:	f47f aedb 	bne.w	10008c62 <_malloc_r+0x242>
10008eac:	f8dd b000 	ldr.w	fp, [sp]
10008eb0:	e6db      	b.n	10008c6a <_malloc_r+0x24a>
10008eb2:	2a54      	cmp	r2, #84	@ 0x54
10008eb4:	d82a      	bhi.n	10008f0c <_malloc_r+0x4ec>
10008eb6:	ea4f 321c 	mov.w	r2, ip, lsr #12
10008eba:	f102 036f 	add.w	r3, r2, #111	@ 0x6f
10008ebe:	326e      	adds	r2, #110	@ 0x6e
10008ec0:	00db      	lsls	r3, r3, #3
10008ec2:	e72d      	b.n	10008d20 <_malloc_r+0x300>
10008ec4:	f5b3 7faa 	cmp.w	r3, #340	@ 0x154
10008ec8:	d82a      	bhi.n	10008f20 <_malloc_r+0x500>
10008eca:	0beb      	lsrs	r3, r5, #15
10008ecc:	f103 0078 	add.w	r0, r3, #120	@ 0x78
10008ed0:	f103 0e77 	add.w	lr, r3, #119	@ 0x77
10008ed4:	00c3      	lsls	r3, r0, #3
10008ed6:	e5e9      	b.n	10008aac <_malloc_r+0x8c>
10008ed8:	4b2e      	ldr	r3, [pc, #184]	@ (10008f94 <_malloc_r+0x574>)
10008eda:	f10b 3cff 	add.w	ip, fp, #4294967295
10008ede:	6818      	ldr	r0, [r3, #0]
10008ee0:	4440      	add	r0, r8
10008ee2:	6018      	str	r0, [r3, #0]
10008ee4:	e69b      	b.n	10008c1e <_malloc_r+0x1fe>
10008ee6:	ea1a 0f0c 	tst.w	sl, ip
10008eea:	f47f ae98 	bne.w	10008c1e <_malloc_r+0x1fe>
10008eee:	44c8      	add	r8, r9
10008ef0:	f8d6 a008 	ldr.w	sl, [r6, #8]
10008ef4:	f048 0201 	orr.w	r2, r8, #1
10008ef8:	f8ca 2004 	str.w	r2, [sl, #4]
10008efc:	e6d8      	b.n	10008cb0 <_malloc_r+0x290>
10008efe:	f8c2 a000 	str.w	sl, [r2]
10008f02:	e696      	b.n	10008c32 <_malloc_r+0x212>
10008f04:	2301      	movs	r3, #1
10008f06:	f8ca 3004 	str.w	r3, [sl, #4]
10008f0a:	e78d      	b.n	10008e28 <_malloc_r+0x408>
10008f0c:	f5b2 7faa 	cmp.w	r2, #340	@ 0x154
10008f10:	d824      	bhi.n	10008f5c <_malloc_r+0x53c>
10008f12:	ea4f 32dc 	mov.w	r2, ip, lsr #15
10008f16:	f102 0378 	add.w	r3, r2, #120	@ 0x78
10008f1a:	3277      	adds	r2, #119	@ 0x77
10008f1c:	00db      	lsls	r3, r3, #3
10008f1e:	e6ff      	b.n	10008d20 <_malloc_r+0x300>
10008f20:	f240 5254 	movw	r2, #1364	@ 0x554
10008f24:	4293      	cmp	r3, r2
10008f26:	d824      	bhi.n	10008f72 <_malloc_r+0x552>
10008f28:	0cab      	lsrs	r3, r5, #18
10008f2a:	f103 007d 	add.w	r0, r3, #125	@ 0x7d
10008f2e:	f103 0e7c 	add.w	lr, r3, #124	@ 0x7c
10008f32:	00c3      	lsls	r3, r0, #3
10008f34:	e5ba      	b.n	10008aac <_malloc_r+0x8c>
10008f36:	9a00      	ldr	r2, [sp, #0]
10008f38:	f04f 0b00 	mov.w	fp, #0
10008f3c:	3a08      	subs	r2, #8
10008f3e:	4490      	add	r8, r2
10008f40:	eba8 080a 	sub.w	r8, r8, sl
10008f44:	e691      	b.n	10008c6a <_malloc_r+0x24a>
10008f46:	4638      	mov	r0, r7
10008f48:	f104 0108 	add.w	r1, r4, #8
10008f4c:	9300      	str	r3, [sp, #0]
10008f4e:	f000 f9a7 	bl	100092a0 <_free_r>
10008f52:	9b00      	ldr	r3, [sp, #0]
10008f54:	f8d6 a008 	ldr.w	sl, [r6, #8]
10008f58:	6818      	ldr	r0, [r3, #0]
10008f5a:	e6a7      	b.n	10008cac <_malloc_r+0x28c>
10008f5c:	f240 5354 	movw	r3, #1364	@ 0x554
10008f60:	429a      	cmp	r2, r3
10008f62:	d80c      	bhi.n	10008f7e <_malloc_r+0x55e>
10008f64:	ea4f 429c 	mov.w	r2, ip, lsr #18
10008f68:	f102 037d 	add.w	r3, r2, #125	@ 0x7d
10008f6c:	327c      	adds	r2, #124	@ 0x7c
10008f6e:	00db      	lsls	r3, r3, #3
10008f70:	e6d6      	b.n	10008d20 <_malloc_r+0x300>
10008f72:	f44f 737e 	mov.w	r3, #1016	@ 0x3f8
10008f76:	207f      	movs	r0, #127	@ 0x7f
10008f78:	f04f 0e7e 	mov.w	lr, #126	@ 0x7e
10008f7c:	e596      	b.n	10008aac <_malloc_r+0x8c>
10008f7e:	f44f 737e 	mov.w	r3, #1016	@ 0x3f8
10008f82:	227e      	movs	r2, #126	@ 0x7e
10008f84:	e6cc      	b.n	10008d20 <_malloc_r+0x300>
10008f86:	6873      	ldr	r3, [r6, #4]
10008f88:	e766      	b.n	10008e58 <_malloc_r+0x438>
10008f8a:	08e8      	lsrs	r0, r5, #3
10008f8c:	f105 0308 	add.w	r3, r5, #8
10008f90:	e556      	b.n	10008a40 <_malloc_r+0x20>
10008f92:	bf00      	nop
10008f94:	20001ce4 	.word	0x20001ce4

10008f98 <__malloc_lock>:
10008f98:	4801      	ldr	r0, [pc, #4]	@ (10008fa0 <__malloc_lock+0x8>)
10008f9a:	f000 b86f 	b.w	1000907c <__retarget_lock_acquire_recursive>
10008f9e:	bf00      	nop
10008fa0:	20001ce0 	.word	0x20001ce0

10008fa4 <__malloc_unlock>:
10008fa4:	4801      	ldr	r0, [pc, #4]	@ (10008fac <__malloc_unlock+0x8>)
10008fa6:	f000 b86b 	b.w	10009080 <__retarget_lock_release_recursive>
10008faa:	bf00      	nop
10008fac:	20001ce0 	.word	0x20001ce0

10008fb0 <memset>:
10008fb0:	0783      	lsls	r3, r0, #30
10008fb2:	b530      	push	{r4, r5, lr}
10008fb4:	d046      	beq.n	10009044 <memset+0x94>
10008fb6:	1884      	adds	r4, r0, r2
10008fb8:	4684      	mov	ip, r0
10008fba:	e004      	b.n	10008fc6 <memset+0x16>
10008fbc:	f803 1b01 	strb.w	r1, [r3], #1
10008fc0:	079d      	lsls	r5, r3, #30
10008fc2:	d004      	beq.n	10008fce <memset+0x1e>
10008fc4:	469c      	mov	ip, r3
10008fc6:	45a4      	cmp	ip, r4
10008fc8:	4663      	mov	r3, ip
10008fca:	d1f7      	bne.n	10008fbc <memset+0xc>
10008fcc:	bd30      	pop	{r4, r5, pc}
10008fce:	3a01      	subs	r2, #1
10008fd0:	4402      	add	r2, r0
10008fd2:	eba2 020c 	sub.w	r2, r2, ip
10008fd6:	2a03      	cmp	r2, #3
10008fd8:	d929      	bls.n	1000902e <memset+0x7e>
10008fda:	b2cc      	uxtb	r4, r1
10008fdc:	2a0f      	cmp	r2, #15
10008fde:	eb04 2404 	add.w	r4, r4, r4, lsl #8
10008fe2:	eb04 4404 	add.w	r4, r4, r4, lsl #16
10008fe6:	d92f      	bls.n	10009048 <memset+0x98>
10008fe8:	f1a2 0c10 	sub.w	ip, r2, #16
10008fec:	f103 0510 	add.w	r5, r3, #16
10008ff0:	f02c 0c0f 	bic.w	ip, ip, #15
10008ff4:	44ac      	add	ip, r5
10008ff6:	e9c3 4400 	strd	r4, r4, [r3]
10008ffa:	e9c3 4402 	strd	r4, r4, [r3, #8]
10008ffe:	3310      	adds	r3, #16
10009000:	4563      	cmp	r3, ip
10009002:	d1f8      	bne.n	10008ff6 <memset+0x46>
10009004:	f012 0f0c 	tst.w	r2, #12
10009008:	f002 0e0f 	and.w	lr, r2, #15
1000900c:	d018      	beq.n	10009040 <memset+0x90>
1000900e:	f02e 0c03 	bic.w	ip, lr, #3
10009012:	f1ae 0504 	sub.w	r5, lr, #4
10009016:	461a      	mov	r2, r3
10009018:	449c      	add	ip, r3
1000901a:	f842 4b04 	str.w	r4, [r2], #4
1000901e:	4562      	cmp	r2, ip
10009020:	d1fb      	bne.n	1000901a <memset+0x6a>
10009022:	f025 0403 	bic.w	r4, r5, #3
10009026:	3304      	adds	r3, #4
10009028:	f00e 0203 	and.w	r2, lr, #3
1000902c:	4423      	add	r3, r4
1000902e:	2a00      	cmp	r2, #0
10009030:	d0cc      	beq.n	10008fcc <memset+0x1c>
10009032:	b2c9      	uxtb	r1, r1
10009034:	441a      	add	r2, r3
10009036:	f803 1b01 	strb.w	r1, [r3], #1
1000903a:	4293      	cmp	r3, r2
1000903c:	d1fb      	bne.n	10009036 <memset+0x86>
1000903e:	bd30      	pop	{r4, r5, pc}
10009040:	4672      	mov	r2, lr
10009042:	e7f4      	b.n	1000902e <memset+0x7e>
10009044:	4603      	mov	r3, r0
10009046:	e7c6      	b.n	10008fd6 <memset+0x26>
10009048:	4696      	mov	lr, r2
1000904a:	e7e0      	b.n	1000900e <memset+0x5e>

1000904c <_sbrk_r>:
1000904c:	b538      	push	{r3, r4, r5, lr}
1000904e:	2200      	movs	r2, #0
10009050:	4d06      	ldr	r5, [pc, #24]	@ (1000906c <_sbrk_r+0x20>)
10009052:	4604      	mov	r4, r0
10009054:	4608      	mov	r0, r1
10009056:	602a      	str	r2, [r5, #0]
10009058:	f7fa fc2e 	bl	100038b8 <_sbrk>
1000905c:	1c43      	adds	r3, r0, #1
1000905e:	d000      	beq.n	10009062 <_sbrk_r+0x16>
10009060:	bd38      	pop	{r3, r4, r5, pc}
10009062:	682b      	ldr	r3, [r5, #0]
10009064:	2b00      	cmp	r3, #0
10009066:	d0fb      	beq.n	10009060 <_sbrk_r+0x14>
10009068:	6023      	str	r3, [r4, #0]
1000906a:	bd38      	pop	{r3, r4, r5, pc}
1000906c:	2000247c 	.word	0x2000247c

10009070 <__errno>:
10009070:	4b01      	ldr	r3, [pc, #4]	@ (10009078 <__errno+0x8>)
10009072:	6818      	ldr	r0, [r3, #0]
10009074:	4770      	bx	lr
10009076:	bf00      	nop
10009078:	200019b8 	.word	0x200019b8

1000907c <__retarget_lock_acquire_recursive>:
1000907c:	4770      	bx	lr
1000907e:	bf00      	nop

10009080 <__retarget_lock_release_recursive>:
10009080:	4770      	bx	lr
10009082:	bf00      	nop

10009084 <sysconf>:
10009084:	2808      	cmp	r0, #8
10009086:	d102      	bne.n	1000908e <sysconf+0xa>
10009088:	f44f 5080 	mov.w	r0, #4096	@ 0x1000
1000908c:	4770      	bx	lr
1000908e:	b508      	push	{r3, lr}
10009090:	f7ff ffee 	bl	10009070 <__errno>
10009094:	2216      	movs	r2, #22
10009096:	4603      	mov	r3, r0
10009098:	f04f 30ff 	mov.w	r0, #4294967295
1000909c:	601a      	str	r2, [r3, #0]
1000909e:	bd08      	pop	{r3, pc}

100090a0 <memcpy>:
100090a0:	4684      	mov	ip, r0
100090a2:	ea41 0300 	orr.w	r3, r1, r0
100090a6:	f013 0303 	ands.w	r3, r3, #3
100090aa:	d149      	bne.n	10009140 <memcpy+0xa0>
100090ac:	3a40      	subs	r2, #64	@ 0x40
100090ae:	d323      	bcc.n	100090f8 <memcpy+0x58>
100090b0:	680b      	ldr	r3, [r1, #0]
100090b2:	6003      	str	r3, [r0, #0]
100090b4:	684b      	ldr	r3, [r1, #4]
100090b6:	6043      	str	r3, [r0, #4]
100090b8:	688b      	ldr	r3, [r1, #8]
100090ba:	6083      	str	r3, [r0, #8]
100090bc:	68cb      	ldr	r3, [r1, #12]
100090be:	60c3      	str	r3, [r0, #12]
100090c0:	690b      	ldr	r3, [r1, #16]
100090c2:	6103      	str	r3, [r0, #16]
100090c4:	694b      	ldr	r3, [r1, #20]
100090c6:	6143      	str	r3, [r0, #20]
100090c8:	698b      	ldr	r3, [r1, #24]
100090ca:	6183      	str	r3, [r0, #24]
100090cc:	69cb      	ldr	r3, [r1, #28]
100090ce:	61c3      	str	r3, [r0, #28]
100090d0:	6a0b      	ldr	r3, [r1, #32]
100090d2:	6203      	str	r3, [r0, #32]
100090d4:	6a4b      	ldr	r3, [r1, #36]	@ 0x24
100090d6:	6243      	str	r3, [r0, #36]	@ 0x24
100090d8:	6a8b      	ldr	r3, [r1, #40]	@ 0x28
100090da:	6283      	str	r3, [r0, #40]	@ 0x28
100090dc:	6acb      	ldr	r3, [r1, #44]	@ 0x2c
100090de:	62c3      	str	r3, [r0, #44]	@ 0x2c
100090e0:	6b0b      	ldr	r3, [r1, #48]	@ 0x30
100090e2:	6303      	str	r3, [r0, #48]	@ 0x30
100090e4:	6b4b      	ldr	r3, [r1, #52]	@ 0x34
100090e6:	6343      	str	r3, [r0, #52]	@ 0x34
100090e8:	6b8b      	ldr	r3, [r1, #56]	@ 0x38
100090ea:	6383      	str	r3, [r0, #56]	@ 0x38
100090ec:	6bcb      	ldr	r3, [r1, #60]	@ 0x3c
100090ee:	63c3      	str	r3, [r0, #60]	@ 0x3c
100090f0:	3040      	adds	r0, #64	@ 0x40
100090f2:	3140      	adds	r1, #64	@ 0x40
100090f4:	3a40      	subs	r2, #64	@ 0x40
100090f6:	d2db      	bcs.n	100090b0 <memcpy+0x10>
100090f8:	3230      	adds	r2, #48	@ 0x30
100090fa:	d30b      	bcc.n	10009114 <memcpy+0x74>
100090fc:	680b      	ldr	r3, [r1, #0]
100090fe:	6003      	str	r3, [r0, #0]
10009100:	684b      	ldr	r3, [r1, #4]
10009102:	6043      	str	r3, [r0, #4]
10009104:	688b      	ldr	r3, [r1, #8]
10009106:	6083      	str	r3, [r0, #8]
10009108:	68cb      	ldr	r3, [r1, #12]
1000910a:	60c3      	str	r3, [r0, #12]
1000910c:	3010      	adds	r0, #16
1000910e:	3110      	adds	r1, #16
10009110:	3a10      	subs	r2, #16
10009112:	d2f3      	bcs.n	100090fc <memcpy+0x5c>
10009114:	320c      	adds	r2, #12
10009116:	d305      	bcc.n	10009124 <memcpy+0x84>
10009118:	f851 3b04 	ldr.w	r3, [r1], #4
1000911c:	f840 3b04 	str.w	r3, [r0], #4
10009120:	3a04      	subs	r2, #4
10009122:	d2f9      	bcs.n	10009118 <memcpy+0x78>
10009124:	3204      	adds	r2, #4
10009126:	d008      	beq.n	1000913a <memcpy+0x9a>
10009128:	07d2      	lsls	r2, r2, #31
1000912a:	bf1c      	itt	ne
1000912c:	f811 3b01 	ldrbne.w	r3, [r1], #1
10009130:	f800 3b01 	strbne.w	r3, [r0], #1
10009134:	d301      	bcc.n	1000913a <memcpy+0x9a>
10009136:	880b      	ldrh	r3, [r1, #0]
10009138:	8003      	strh	r3, [r0, #0]
1000913a:	4660      	mov	r0, ip
1000913c:	4770      	bx	lr
1000913e:	bf00      	nop
10009140:	2a08      	cmp	r2, #8
10009142:	d313      	bcc.n	1000916c <memcpy+0xcc>
10009144:	078b      	lsls	r3, r1, #30
10009146:	d0b1      	beq.n	100090ac <memcpy+0xc>
10009148:	f010 0303 	ands.w	r3, r0, #3
1000914c:	d0ae      	beq.n	100090ac <memcpy+0xc>
1000914e:	f1c3 0304 	rsb	r3, r3, #4
10009152:	1ad2      	subs	r2, r2, r3
10009154:	07db      	lsls	r3, r3, #31
10009156:	bf1c      	itt	ne
10009158:	f811 3b01 	ldrbne.w	r3, [r1], #1
1000915c:	f800 3b01 	strbne.w	r3, [r0], #1
10009160:	d3a4      	bcc.n	100090ac <memcpy+0xc>
10009162:	f831 3b02 	ldrh.w	r3, [r1], #2
10009166:	f820 3b02 	strh.w	r3, [r0], #2
1000916a:	e79f      	b.n	100090ac <memcpy+0xc>
1000916c:	3a04      	subs	r2, #4
1000916e:	d3d9      	bcc.n	10009124 <memcpy+0x84>
10009170:	3a01      	subs	r2, #1
10009172:	f811 3b01 	ldrb.w	r3, [r1], #1
10009176:	f800 3b01 	strb.w	r3, [r0], #1
1000917a:	d2f9      	bcs.n	10009170 <memcpy+0xd0>
1000917c:	780b      	ldrb	r3, [r1, #0]
1000917e:	7003      	strb	r3, [r0, #0]
10009180:	784b      	ldrb	r3, [r1, #1]
10009182:	7043      	strb	r3, [r0, #1]
10009184:	788b      	ldrb	r3, [r1, #2]
10009186:	7083      	strb	r3, [r0, #2]
10009188:	4660      	mov	r0, ip
1000918a:	4770      	bx	lr

1000918c <strlen>:
1000918c:	f020 0103 	bic.w	r1, r0, #3
10009190:	f010 0003 	ands.w	r0, r0, #3
10009194:	f1c0 0000 	rsb	r0, r0, #0
10009198:	f851 3b04 	ldr.w	r3, [r1], #4
1000919c:	f100 0c04 	add.w	ip, r0, #4
100091a0:	ea4f 0ccc 	mov.w	ip, ip, lsl #3
100091a4:	f06f 0200 	mvn.w	r2, #0
100091a8:	bf1c      	itt	ne
100091aa:	fa22 f20c 	lsrne.w	r2, r2, ip
100091ae:	4313      	orrne	r3, r2
100091b0:	f04f 0c01 	mov.w	ip, #1
100091b4:	ea4c 2c0c 	orr.w	ip, ip, ip, lsl #8
100091b8:	ea4c 4c0c 	orr.w	ip, ip, ip, lsl #16
100091bc:	eba3 020c 	sub.w	r2, r3, ip
100091c0:	ea22 0203 	bic.w	r2, r2, r3
100091c4:	ea12 12cc 	ands.w	r2, r2, ip, lsl #7
100091c8:	bf04      	itt	eq
100091ca:	f851 3b04 	ldreq.w	r3, [r1], #4
100091ce:	3004      	addeq	r0, #4
100091d0:	d0f4      	beq.n	100091bc <strlen+0x30>
100091d2:	f1c2 0100 	rsb	r1, r2, #0
100091d6:	ea02 0201 	and.w	r2, r2, r1
100091da:	fab2 f282 	clz	r2, r2
100091de:	f1c2 021f 	rsb	r2, r2, #31
100091e2:	eb00 00d2 	add.w	r0, r0, r2, lsr #3
100091e6:	4770      	bx	lr

100091e8 <_malloc_trim_r>:
100091e8:	e92d 43f8 	stmdb	sp!, {r3, r4, r5, r6, r7, r8, r9, lr}
100091ec:	4606      	mov	r6, r0
100091ee:	f8df 80ac 	ldr.w	r8, [pc, #172]	@ 1000929c <_malloc_trim_r+0xb4>
100091f2:	2008      	movs	r0, #8
100091f4:	4689      	mov	r9, r1
100091f6:	f7ff ff45 	bl	10009084 <sysconf>
100091fa:	4605      	mov	r5, r0
100091fc:	4630      	mov	r0, r6
100091fe:	f7ff fecb 	bl	10008f98 <__malloc_lock>
10009202:	f8d8 3008 	ldr.w	r3, [r8, #8]
10009206:	685f      	ldr	r7, [r3, #4]
10009208:	f027 0703 	bic.w	r7, r7, #3
1000920c:	f1a7 0411 	sub.w	r4, r7, #17
10009210:	eba4 0409 	sub.w	r4, r4, r9
10009214:	442c      	add	r4, r5
10009216:	fbb4 f4f5 	udiv	r4, r4, r5
1000921a:	3c01      	subs	r4, #1
1000921c:	fb05 f404 	mul.w	r4, r5, r4
10009220:	42a5      	cmp	r5, r4
10009222:	dc08      	bgt.n	10009236 <_malloc_trim_r+0x4e>
10009224:	2100      	movs	r1, #0
10009226:	4630      	mov	r0, r6
10009228:	f7ff ff10 	bl	1000904c <_sbrk_r>
1000922c:	f8d8 3008 	ldr.w	r3, [r8, #8]
10009230:	443b      	add	r3, r7
10009232:	4298      	cmp	r0, r3
10009234:	d005      	beq.n	10009242 <_malloc_trim_r+0x5a>
10009236:	4630      	mov	r0, r6
10009238:	f7ff feb4 	bl	10008fa4 <__malloc_unlock>
1000923c:	2000      	movs	r0, #0
1000923e:	e8bd 83f8 	ldmia.w	sp!, {r3, r4, r5, r6, r7, r8, r9, pc}
10009242:	4261      	negs	r1, r4
10009244:	4630      	mov	r0, r6
10009246:	f7ff ff01 	bl	1000904c <_sbrk_r>
1000924a:	3001      	adds	r0, #1
1000924c:	d00f      	beq.n	1000926e <_malloc_trim_r+0x86>
1000924e:	1b3f      	subs	r7, r7, r4
10009250:	4a10      	ldr	r2, [pc, #64]	@ (10009294 <_malloc_trim_r+0xac>)
10009252:	f8d8 3008 	ldr.w	r3, [r8, #8]
10009256:	4630      	mov	r0, r6
10009258:	f047 0701 	orr.w	r7, r7, #1
1000925c:	605f      	str	r7, [r3, #4]
1000925e:	6813      	ldr	r3, [r2, #0]
10009260:	1b1b      	subs	r3, r3, r4
10009262:	6013      	str	r3, [r2, #0]
10009264:	f7ff fe9e 	bl	10008fa4 <__malloc_unlock>
10009268:	2001      	movs	r0, #1
1000926a:	e8bd 83f8 	ldmia.w	sp!, {r3, r4, r5, r6, r7, r8, r9, pc}
1000926e:	2100      	movs	r1, #0
10009270:	4630      	mov	r0, r6
10009272:	f7ff feeb 	bl	1000904c <_sbrk_r>
10009276:	f8d8 2008 	ldr.w	r2, [r8, #8]
1000927a:	1a83      	subs	r3, r0, r2
1000927c:	2b0f      	cmp	r3, #15
1000927e:	ddda      	ble.n	10009236 <_malloc_trim_r+0x4e>
10009280:	f043 0301 	orr.w	r3, r3, #1
10009284:	4903      	ldr	r1, [pc, #12]	@ (10009294 <_malloc_trim_r+0xac>)
10009286:	6053      	str	r3, [r2, #4]
10009288:	4b03      	ldr	r3, [pc, #12]	@ (10009298 <_malloc_trim_r+0xb0>)
1000928a:	681b      	ldr	r3, [r3, #0]
1000928c:	1ac0      	subs	r0, r0, r3
1000928e:	6008      	str	r0, [r1, #0]
10009290:	e7d1      	b.n	10009236 <_malloc_trim_r+0x4e>
10009292:	bf00      	nop
10009294:	20001ce4 	.word	0x20001ce4
10009298:	200015a4 	.word	0x200015a4
1000929c:	200015b0 	.word	0x200015b0

100092a0 <_free_r>:
100092a0:	2900      	cmp	r1, #0
100092a2:	d05a      	beq.n	1000935a <_free_r+0xba>
100092a4:	b5f8      	push	{r3, r4, r5, r6, r7, lr}
100092a6:	460c      	mov	r4, r1
100092a8:	4607      	mov	r7, r0
100092aa:	f7ff fe75 	bl	10008f98 <__malloc_lock>
100092ae:	4d73      	ldr	r5, [pc, #460]	@ (1000947c <_free_r+0x1dc>)
100092b0:	f854 cc04 	ldr.w	ip, [r4, #-4]
100092b4:	f1a4 0208 	sub.w	r2, r4, #8
100092b8:	68a8      	ldr	r0, [r5, #8]
100092ba:	f02c 0301 	bic.w	r3, ip, #1
100092be:	f00c 0e01 	and.w	lr, ip, #1
100092c2:	18d1      	adds	r1, r2, r3
100092c4:	684e      	ldr	r6, [r1, #4]
100092c6:	4288      	cmp	r0, r1
100092c8:	f026 0603 	bic.w	r6, r6, #3
100092cc:	d07c      	beq.n	100093c8 <_free_r+0x128>
100092ce:	1988      	adds	r0, r1, r6
100092d0:	604e      	str	r6, [r1, #4]
100092d2:	6840      	ldr	r0, [r0, #4]
100092d4:	f000 0001 	and.w	r0, r0, #1
100092d8:	f1be 0f00 	cmp.w	lr, #0
100092dc:	d12e      	bne.n	1000933c <_free_r+0x9c>
100092de:	f854 4c08 	ldr.w	r4, [r4, #-8]
100092e2:	f105 0c08 	add.w	ip, r5, #8
100092e6:	1b12      	subs	r2, r2, r4
100092e8:	4423      	add	r3, r4
100092ea:	6894      	ldr	r4, [r2, #8]
100092ec:	4564      	cmp	r4, ip
100092ee:	d060      	beq.n	100093b2 <_free_r+0x112>
100092f0:	f8d2 e00c 	ldr.w	lr, [r2, #12]
100092f4:	f8c4 e00c 	str.w	lr, [r4, #12]
100092f8:	f8ce 4008 	str.w	r4, [lr, #8]
100092fc:	2800      	cmp	r0, #0
100092fe:	d07d      	beq.n	100093fc <_free_r+0x15c>
10009300:	f043 0001 	orr.w	r0, r3, #1
10009304:	6050      	str	r0, [r2, #4]
10009306:	600b      	str	r3, [r1, #0]
10009308:	f5b3 7f00 	cmp.w	r3, #512	@ 0x200
1000930c:	d22e      	bcs.n	1000936c <_free_r+0xcc>
1000930e:	0958      	lsrs	r0, r3, #5
10009310:	08d9      	lsrs	r1, r3, #3
10009312:	2301      	movs	r3, #1
10009314:	4083      	lsls	r3, r0
10009316:	6868      	ldr	r0, [r5, #4]
10009318:	3101      	adds	r1, #1
1000931a:	4303      	orrs	r3, r0
1000931c:	f855 0031 	ldr.w	r0, [r5, r1, lsl #3]
10009320:	606b      	str	r3, [r5, #4]
10009322:	eb05 03c1 	add.w	r3, r5, r1, lsl #3
10009326:	3b08      	subs	r3, #8
10009328:	e9c2 0302 	strd	r0, r3, [r2, #8]
1000932c:	f845 2031 	str.w	r2, [r5, r1, lsl #3]
10009330:	60c2      	str	r2, [r0, #12]
10009332:	4638      	mov	r0, r7
10009334:	e8bd 40f8 	ldmia.w	sp!, {r3, r4, r5, r6, r7, lr}
10009338:	f7ff be34 	b.w	10008fa4 <__malloc_unlock>
1000933c:	b970      	cbnz	r0, 1000935c <_free_r+0xbc>
1000933e:	4433      	add	r3, r6
10009340:	f105 0c08 	add.w	ip, r5, #8
10009344:	6888      	ldr	r0, [r1, #8]
10009346:	f043 0401 	orr.w	r4, r3, #1
1000934a:	4560      	cmp	r0, ip
1000934c:	d06e      	beq.n	1000942c <_free_r+0x18c>
1000934e:	68c9      	ldr	r1, [r1, #12]
10009350:	60c1      	str	r1, [r0, #12]
10009352:	6088      	str	r0, [r1, #8]
10009354:	6054      	str	r4, [r2, #4]
10009356:	50d3      	str	r3, [r2, r3]
10009358:	e7d6      	b.n	10009308 <_free_r+0x68>
1000935a:	4770      	bx	lr
1000935c:	f04c 0101 	orr.w	r1, ip, #1
10009360:	f5b3 7f00 	cmp.w	r3, #512	@ 0x200
10009364:	f844 1c04 	str.w	r1, [r4, #-4]
10009368:	50d3      	str	r3, [r2, r3]
1000936a:	d3d0      	bcc.n	1000930e <_free_r+0x6e>
1000936c:	f5b3 6f20 	cmp.w	r3, #2560	@ 0xa00
10009370:	ea4f 2153 	mov.w	r1, r3, lsr #9
10009374:	d244      	bcs.n	10009400 <_free_r+0x160>
10009376:	0999      	lsrs	r1, r3, #6
10009378:	f101 0039 	add.w	r0, r1, #57	@ 0x39
1000937c:	f101 0438 	add.w	r4, r1, #56	@ 0x38
10009380:	00c1      	lsls	r1, r0, #3
10009382:	1868      	adds	r0, r5, r1
10009384:	5869      	ldr	r1, [r5, r1]
10009386:	3808      	subs	r0, #8
10009388:	4288      	cmp	r0, r1
1000938a:	d103      	bne.n	10009394 <_free_r+0xf4>
1000938c:	e055      	b.n	1000943a <_free_r+0x19a>
1000938e:	6889      	ldr	r1, [r1, #8]
10009390:	4288      	cmp	r0, r1
10009392:	d004      	beq.n	1000939e <_free_r+0xfe>
10009394:	684c      	ldr	r4, [r1, #4]
10009396:	f024 0403 	bic.w	r4, r4, #3
1000939a:	429c      	cmp	r4, r3
1000939c:	d8f7      	bhi.n	1000938e <_free_r+0xee>
1000939e:	68c8      	ldr	r0, [r1, #12]
100093a0:	e9c2 1002 	strd	r1, r0, [r2, #8]
100093a4:	6082      	str	r2, [r0, #8]
100093a6:	4638      	mov	r0, r7
100093a8:	60ca      	str	r2, [r1, #12]
100093aa:	e8bd 40f8 	ldmia.w	sp!, {r3, r4, r5, r6, r7, lr}
100093ae:	f7ff bdf9 	b.w	10008fa4 <__malloc_unlock>
100093b2:	bb80      	cbnz	r0, 10009416 <_free_r+0x176>
100093b4:	441e      	add	r6, r3
100093b6:	e9d1 1302 	ldrd	r1, r3, [r1, #8]
100093ba:	60cb      	str	r3, [r1, #12]
100093bc:	6099      	str	r1, [r3, #8]
100093be:	f046 0301 	orr.w	r3, r6, #1
100093c2:	6053      	str	r3, [r2, #4]
100093c4:	5196      	str	r6, [r2, r6]
100093c6:	e7b4      	b.n	10009332 <_free_r+0x92>
100093c8:	441e      	add	r6, r3
100093ca:	f1be 0f00 	cmp.w	lr, #0
100093ce:	d107      	bne.n	100093e0 <_free_r+0x140>
100093d0:	f854 3c08 	ldr.w	r3, [r4, #-8]
100093d4:	1ad2      	subs	r2, r2, r3
100093d6:	441e      	add	r6, r3
100093d8:	e9d2 1302 	ldrd	r1, r3, [r2, #8]
100093dc:	60cb      	str	r3, [r1, #12]
100093de:	6099      	str	r1, [r3, #8]
100093e0:	f046 0301 	orr.w	r3, r6, #1
100093e4:	6053      	str	r3, [r2, #4]
100093e6:	4b26      	ldr	r3, [pc, #152]	@ (10009480 <_free_r+0x1e0>)
100093e8:	60aa      	str	r2, [r5, #8]
100093ea:	681b      	ldr	r3, [r3, #0]
100093ec:	42b3      	cmp	r3, r6
100093ee:	d8a0      	bhi.n	10009332 <_free_r+0x92>
100093f0:	4b24      	ldr	r3, [pc, #144]	@ (10009484 <_free_r+0x1e4>)
100093f2:	4638      	mov	r0, r7
100093f4:	6819      	ldr	r1, [r3, #0]
100093f6:	f7ff fef7 	bl	100091e8 <_malloc_trim_r>
100093fa:	e79a      	b.n	10009332 <_free_r+0x92>
100093fc:	4433      	add	r3, r6
100093fe:	e7a1      	b.n	10009344 <_free_r+0xa4>
10009400:	2914      	cmp	r1, #20
10009402:	d90d      	bls.n	10009420 <_free_r+0x180>
10009404:	2954      	cmp	r1, #84	@ 0x54
10009406:	d81f      	bhi.n	10009448 <_free_r+0x1a8>
10009408:	0b19      	lsrs	r1, r3, #12
1000940a:	f101 006f 	add.w	r0, r1, #111	@ 0x6f
1000940e:	f101 046e 	add.w	r4, r1, #110	@ 0x6e
10009412:	00c1      	lsls	r1, r0, #3
10009414:	e7b5      	b.n	10009382 <_free_r+0xe2>
10009416:	f043 0001 	orr.w	r0, r3, #1
1000941a:	6050      	str	r0, [r2, #4]
1000941c:	600b      	str	r3, [r1, #0]
1000941e:	e788      	b.n	10009332 <_free_r+0x92>
10009420:	f101 005c 	add.w	r0, r1, #92	@ 0x5c
10009424:	f101 045b 	add.w	r4, r1, #91	@ 0x5b
10009428:	00c1      	lsls	r1, r0, #3
1000942a:	e7aa      	b.n	10009382 <_free_r+0xe2>
1000942c:	e9c5 2204 	strd	r2, r2, [r5, #16]
10009430:	e9c2 cc02 	strd	ip, ip, [r2, #8]
10009434:	6054      	str	r4, [r2, #4]
10009436:	50d3      	str	r3, [r2, r3]
10009438:	e77b      	b.n	10009332 <_free_r+0x92>
1000943a:	10a4      	asrs	r4, r4, #2
1000943c:	2301      	movs	r3, #1
1000943e:	40a3      	lsls	r3, r4
10009440:	686c      	ldr	r4, [r5, #4]
10009442:	4323      	orrs	r3, r4
10009444:	606b      	str	r3, [r5, #4]
10009446:	e7ab      	b.n	100093a0 <_free_r+0x100>
10009448:	f5b1 7faa 	cmp.w	r1, #340	@ 0x154
1000944c:	d806      	bhi.n	1000945c <_free_r+0x1bc>
1000944e:	0bd9      	lsrs	r1, r3, #15
10009450:	f101 0078 	add.w	r0, r1, #120	@ 0x78
10009454:	f101 0477 	add.w	r4, r1, #119	@ 0x77
10009458:	00c1      	lsls	r1, r0, #3
1000945a:	e792      	b.n	10009382 <_free_r+0xe2>
1000945c:	f240 5054 	movw	r0, #1364	@ 0x554
10009460:	4281      	cmp	r1, r0
10009462:	d806      	bhi.n	10009472 <_free_r+0x1d2>
10009464:	0c99      	lsrs	r1, r3, #18
10009466:	f101 007d 	add.w	r0, r1, #125	@ 0x7d
1000946a:	f101 047c 	add.w	r4, r1, #124	@ 0x7c
1000946e:	00c1      	lsls	r1, r0, #3
10009470:	e787      	b.n	10009382 <_free_r+0xe2>
10009472:	f44f 717e 	mov.w	r1, #1016	@ 0x3f8
10009476:	247e      	movs	r4, #126	@ 0x7e
10009478:	e783      	b.n	10009382 <_free_r+0xe2>
1000947a:	bf00      	nop
1000947c:	200015b0 	.word	0x200015b0
10009480:	200015a8 	.word	0x200015a8
10009484:	20001d14 	.word	0x20001d14

10009488 <_fini>:
10009488:	b5f8      	push	{r3, r4, r5, r6, r7, lr}
1000948a:	bf00      	nop
1000948c:	0000      	movs	r0, r0
	...

10009490 <__mutex_enter_timeout_ms_veneer>:
10009490:	f85f f000 	ldr.w	pc, [pc]	@ 10009494 <__mutex_enter_timeout_ms_veneer+0x4>
10009494:	20000235 	.word	0x20000235

10009498 <__hw_endpoint_start_next_buffer_veneer>:
10009498:	f85f f000 	ldr.w	pc, [pc]	@ 1000949c <__hw_endpoint_start_next_buffer_veneer+0x4>
1000949c:	20000b0d 	.word	0x20000b0d

100094a0 <____aeabi_f2d_veneer>:
100094a0:	f85f f000 	ldr.w	pc, [pc]	@ 100094a4 <____aeabi_f2d_veneer+0x4>
100094a4:	20001099 	.word	0x20001099

100094a8 <__e15_is_bulkin_ep_veneer>:
100094a8:	f85f f000 	ldr.w	pc, [pc]	@ 100094ac <__e15_is_bulkin_ep_veneer+0x4>
100094ac:	20000a6d 	.word	0x20000a6d

100094b0 <__reset_non_control_endpoints_veneer>:
100094b0:	f85f f000 	ldr.w	pc, [pc]	@ 100094b4 <__reset_non_control_endpoints_veneer+0x4>
100094b4:	200002a9 	.word	0x200002a9

100094b8 <____aeabi_uldivmod_veneer>:
100094b8:	f85f f000 	ldr.w	pc, [pc]	@ 100094bc <____aeabi_uldivmod_veneer+0x4>
100094bc:	20001149 	.word	0x20001149

100094c0 <__mutex_exit_veneer>:
100094c0:	f85f f000 	ldr.w	pc, [pc]	@ 100094c4 <__mutex_exit_veneer+0x4>
100094c4:	2000026d 	.word	0x2000026d

100094c8 <__e15_is_critical_frame_period_veneer>:
100094c8:	f85f f000 	ldr.w	pc, [pc]	@ 100094cc <__e15_is_critical_frame_period_veneer+0x4>
100094cc:	20000a95 	.word	0x20000a95

100094d0 <___hw_endpoint_buffer_control_update32_veneer>:
100094d0:	f85f f000 	ldr.w	pc, [pc]	@ 100094d4 <___hw_endpoint_buffer_control_update32_veneer+0x4>
100094d4:	20000ac9 	.word	0x20000ac9

100094d8 <__mutex_try_enter_block_until_veneer>:
100094d8:	f85f f000 	ldr.w	pc, [pc]	@ 100094dc <__mutex_try_enter_block_until_veneer+0x4>
100094dc:	200001cd 	.word	0x200001cd

100094e0 <__mutex_try_enter_veneer>:
100094e0:	f85f f000 	ldr.w	pc, [pc]	@ 100094e4 <__mutex_try_enter_veneer+0x4>
100094e4:	20000111 	.word	0x20000111

100094e8 <__pre_init_runtime_init_bootrom_reset>:
100094e8:	10001d51                                Q...

100094ec <__pre_init_runtime_init_early_resets>:
100094ec:	10001cc5                                ....

100094f0 <__pre_init_runtime_init_usb_power_down>:
100094f0:	10001cf9                                ....

100094f4 <__pre_init_runtime_init_clocks>:
100094f4:	10001d9d                                ....

100094f8 <__pre_init_runtime_init_post_clock_resets>:
100094f8:	10001d31                                1...

100094fc <__pre_init_runtime_init_boot_locks_reset>:
100094fc:	10001c49                                I...

10009500 <__pre_init_runtime_init_spin_locks_reset>:
10009500:	10001d79                                y...

10009504 <__pre_init_runtime_init_bootrom_locking_enable>:
10009504:	10001c35                                5...

10009508 <__pre_init_runtime_init_mutex>:
10009508:	10000fd1                                ....

1000950c <__pre_init_runtime_init_install_ram_vector_table>:
1000950c:	10001d7d                                }...

10009510 <__pre_init_runtime_init_default_alarm_pool>:
10009510:	10001391                                ....

10009514 <__pre_init_first_per_core_initializer>:
10009514:	10001c95                                ....

10009518 <__pre_init_runtime_init_per_core_bootrom_reset>:
10009518:	10001d65                                e...

1000951c <__pre_init_runtime_init_per_core_enable_coprocessors>:
1000951c:	10001d15                                ....

10009520 <__pre_init_spinlock_set_extexclall>:
10009520:	100009b9                                ....

10009524 <__pre_init_runtime_init_per_core_irq_priorities>:
10009524:	100009e1                                ....

10009528 <__frame_dummy_init_array_entry>:
10009528:	10000219 10004265 10008451              ....eB..Q...

Disassembly of section .data:

20000110 <mutex_try_enter>:
20000110:	4603      	mov	r3, r0
20000112:	b500      	push	{lr}
20000114:	6802      	ldr	r2, [r0, #0]
20000116:	f3ef 8c10 	mrs	ip, PRIMASK
2000011a:	b672      	cpsid	i
2000011c:	e8d2 efcf 	ldaexb	lr, [r2]
20000120:	2001      	movs	r0, #1
20000122:	f1be 0f00 	cmp.w	lr, #0
20000126:	d1f9      	bne.n	2000011c <mutex_try_enter+0xc>
20000128:	e8c2 0f4e 	strexb	lr, r0, [r2]
2000012c:	f1be 0f00 	cmp.w	lr, #0
20000130:	d1f4      	bne.n	2000011c <mutex_try_enter+0xc>
20000132:	f3bf 8f5f 	dmb	sy
20000136:	f993 2004 	ldrsb.w	r2, [r3, #4]
2000013a:	2a00      	cmp	r2, #0
2000013c:	db0a      	blt.n	20000154 <mutex_try_enter+0x44>
2000013e:	b101      	cbz	r1, 20000142 <mutex_try_enter+0x32>
20000140:	600a      	str	r2, [r1, #0]
20000142:	2000      	movs	r0, #0
20000144:	2200      	movs	r2, #0
20000146:	681b      	ldr	r3, [r3, #0]
20000148:	e8c3 2f8f 	stlb	r2, [r3]
2000014c:	f38c 8810 	msr	PRIMASK, ip
20000150:	f85d fb04 	ldr.w	pc, [sp], #4
20000154:	f04f 4250 	mov.w	r2, #3489660928	@ 0xd0000000
20000158:	6812      	ldr	r2, [r2, #0]
2000015a:	2001      	movs	r0, #1
2000015c:	711a      	strb	r2, [r3, #4]
2000015e:	e7f1      	b.n	20000144 <mutex_try_enter+0x34>

20000160 <mutex_enter_block_until>:
20000160:	f04f 4150 	mov.w	r1, #3489660928	@ 0xd0000000
20000164:	e92d 41f0 	stmdb	sp!, {r4, r5, r6, r7, r8, lr}
20000168:	2700      	movs	r7, #0
2000016a:	4604      	mov	r4, r0
2000016c:	4616      	mov	r6, r2
2000016e:	461d      	mov	r5, r3
20000170:	f8d1 8000 	ldr.w	r8, [r1]
20000174:	e008      	b.n	20000188 <mutex_enter_block_until+0x28>
20000176:	e8c1 7f8f 	stlb	r7, [r1]
2000017a:	f38c 8810 	msr	PRIMASK, ip
2000017e:	4630      	mov	r0, r6
20000180:	4629      	mov	r1, r5
20000182:	f001 f9ad 	bl	200014e0 <__best_effort_wfe_or_timeout_veneer>
20000186:	b9e8      	cbnz	r0, 200001c4 <mutex_enter_block_until+0x64>
20000188:	6821      	ldr	r1, [r4, #0]
2000018a:	f3ef 8c10 	mrs	ip, PRIMASK
2000018e:	b672      	cpsid	i
20000190:	e8d1 2fcf 	ldaexb	r2, [r1]
20000194:	2301      	movs	r3, #1
20000196:	2a00      	cmp	r2, #0
20000198:	d1fa      	bne.n	20000190 <mutex_enter_block_until+0x30>
2000019a:	e8c1 3f42 	strexb	r2, r3, [r1]
2000019e:	2a00      	cmp	r2, #0
200001a0:	d1f6      	bne.n	20000190 <mutex_enter_block_until+0x30>
200001a2:	f3bf 8f5f 	dmb	sy
200001a6:	f994 3004 	ldrsb.w	r3, [r4, #4]
200001aa:	6821      	ldr	r1, [r4, #0]
200001ac:	2b00      	cmp	r3, #0
200001ae:	dae2      	bge.n	20000176 <mutex_enter_block_until+0x16>
200001b0:	2300      	movs	r3, #0
200001b2:	f884 8004 	strb.w	r8, [r4, #4]
200001b6:	e8c1 3f8f 	stlb	r3, [r1]
200001ba:	f38c 8810 	msr	PRIMASK, ip
200001be:	2001      	movs	r0, #1
200001c0:	e8bd 81f0 	ldmia.w	sp!, {r4, r5, r6, r7, r8, pc}
200001c4:	2000      	movs	r0, #0
200001c6:	e8bd 81f0 	ldmia.w	sp!, {r4, r5, r6, r7, r8, pc}
200001ca:	bf00      	nop

200001cc <mutex_try_enter_block_until>:
200001cc:	b530      	push	{r4, r5, lr}
200001ce:	6804      	ldr	r4, [r0, #0]
200001d0:	f3ef 8c10 	mrs	ip, PRIMASK
200001d4:	b672      	cpsid	i
200001d6:	e8d4 efcf 	ldaexb	lr, [r4]
200001da:	2501      	movs	r5, #1
200001dc:	f1be 0f00 	cmp.w	lr, #0
200001e0:	d1f9      	bne.n	200001d6 <mutex_try_enter_block_until+0xa>
200001e2:	e8c4 5f4e 	strexb	lr, r5, [r4]
200001e6:	f1be 0f00 	cmp.w	lr, #0
200001ea:	d1f4      	bne.n	200001d6 <mutex_try_enter_block_until+0xa>
200001ec:	f3bf 8f5f 	dmb	sy
200001f0:	f990 4004 	ldrsb.w	r4, [r0, #4]
200001f4:	6805      	ldr	r5, [r0, #0]
200001f6:	2c00      	cmp	r4, #0
200001f8:	db10      	blt.n	2000021c <mutex_try_enter_block_until+0x50>
200001fa:	2100      	movs	r1, #0
200001fc:	e8c5 1f8f 	stlb	r1, [r5]
20000200:	f38c 8810 	msr	PRIMASK, ip
20000204:	f04f 4550 	mov.w	r5, #3489660928	@ 0xd0000000
20000208:	f995 5000 	ldrsb.w	r5, [r5]
2000020c:	42a5      	cmp	r5, r4
2000020e:	d101      	bne.n	20000214 <mutex_try_enter_block_until+0x48>
20000210:	4608      	mov	r0, r1
20000212:	bd30      	pop	{r4, r5, pc}
20000214:	e8bd 4030 	ldmia.w	sp!, {r4, r5, lr}
20000218:	f7ff bfa2 	b.w	20000160 <mutex_enter_block_until>
2000021c:	f04f 4250 	mov.w	r2, #3489660928	@ 0xd0000000
20000220:	6812      	ldr	r2, [r2, #0]
20000222:	2300      	movs	r3, #0
20000224:	7102      	strb	r2, [r0, #4]
20000226:	e8c5 3f8f 	stlb	r3, [r5]
2000022a:	f38c 8810 	msr	PRIMASK, ip
2000022e:	2001      	movs	r0, #1
20000230:	bd30      	pop	{r4, r5, pc}
20000232:	bf00      	nop

20000234 <mutex_enter_timeout_ms>:
20000234:	b570      	push	{r4, r5, r6, lr}
20000236:	4605      	mov	r5, r0
20000238:	460c      	mov	r4, r1
2000023a:	f001 f949 	bl	200014d0 <__time_us_64_veneer>
2000023e:	4602      	mov	r2, r0
20000240:	460b      	mov	r3, r1
20000242:	f44f 707a 	mov.w	r0, #1000	@ 0x3e8
20000246:	f04f 3eff 	mov.w	lr, #4294967295
2000024a:	f06f 4c00 	mvn.w	ip, #2147483648	@ 0x80000000
2000024e:	fbe4 2300 	umlal	r2, r3, r4, r0
20000252:	4596      	cmp	lr, r2
20000254:	eb7c 0103 	sbcs.w	r1, ip, r3
20000258:	bf38      	it	cc
2000025a:	4672      	movcc	r2, lr
2000025c:	4628      	mov	r0, r5
2000025e:	e8bd 4070 	ldmia.w	sp!, {r4, r5, r6, lr}
20000262:	bf38      	it	cc
20000264:	4663      	movcc	r3, ip
20000266:	f7ff bf7b 	b.w	20000160 <mutex_enter_block_until>
2000026a:	bf00      	nop

2000026c <mutex_exit>:
2000026c:	6803      	ldr	r3, [r0, #0]
2000026e:	f3ef 8210 	mrs	r2, PRIMASK
20000272:	b672      	cpsid	i
20000274:	e8d3 cfcf 	ldaexb	ip, [r3]
20000278:	2101      	movs	r1, #1
2000027a:	f1bc 0f00 	cmp.w	ip, #0
2000027e:	d1f9      	bne.n	20000274 <mutex_exit+0x8>
20000280:	e8c3 1f4c 	strexb	ip, r1, [r3]
20000284:	f1bc 0f00 	cmp.w	ip, #0
20000288:	d1f4      	bne.n	20000274 <mutex_exit+0x8>
2000028a:	f3bf 8f5f 	dmb	sy
2000028e:	f04f 0cff 	mov.w	ip, #255	@ 0xff
20000292:	2300      	movs	r3, #0
20000294:	6801      	ldr	r1, [r0, #0]
20000296:	f880 c004 	strb.w	ip, [r0, #4]
2000029a:	e8c1 3f8f 	stlb	r3, [r1]
2000029e:	f382 8810 	msr	PRIMASK, r2
200002a2:	bf40      	sev
200002a4:	4770      	bx	lr
200002a6:	bf00      	nop

200002a8 <reset_non_control_endpoints>:
200002a8:	2100      	movs	r1, #0
200002aa:	b508      	push	{r3, lr}
200002ac:	4b13      	ldr	r3, [pc, #76]	@ (200002fc <reset_non_control_endpoints+0x54>)
200002ae:	f44f 7270 	mov.w	r2, #960	@ 0x3c0
200002b2:	6099      	str	r1, [r3, #8]
200002b4:	4812      	ldr	r0, [pc, #72]	@ (20000300 <reset_non_control_endpoints+0x58>)
200002b6:	60d9      	str	r1, [r3, #12]
200002b8:	6119      	str	r1, [r3, #16]
200002ba:	6159      	str	r1, [r3, #20]
200002bc:	6199      	str	r1, [r3, #24]
200002be:	61d9      	str	r1, [r3, #28]
200002c0:	6219      	str	r1, [r3, #32]
200002c2:	6259      	str	r1, [r3, #36]	@ 0x24
200002c4:	6299      	str	r1, [r3, #40]	@ 0x28
200002c6:	62d9      	str	r1, [r3, #44]	@ 0x2c
200002c8:	6319      	str	r1, [r3, #48]	@ 0x30
200002ca:	6359      	str	r1, [r3, #52]	@ 0x34
200002cc:	6399      	str	r1, [r3, #56]	@ 0x38
200002ce:	63d9      	str	r1, [r3, #60]	@ 0x3c
200002d0:	6419      	str	r1, [r3, #64]	@ 0x40
200002d2:	6459      	str	r1, [r3, #68]	@ 0x44
200002d4:	6499      	str	r1, [r3, #72]	@ 0x48
200002d6:	64d9      	str	r1, [r3, #76]	@ 0x4c
200002d8:	6519      	str	r1, [r3, #80]	@ 0x50
200002da:	6559      	str	r1, [r3, #84]	@ 0x54
200002dc:	6599      	str	r1, [r3, #88]	@ 0x58
200002de:	65d9      	str	r1, [r3, #92]	@ 0x5c
200002e0:	6619      	str	r1, [r3, #96]	@ 0x60
200002e2:	6659      	str	r1, [r3, #100]	@ 0x64
200002e4:	6699      	str	r1, [r3, #104]	@ 0x68
200002e6:	66d9      	str	r1, [r3, #108]	@ 0x6c
200002e8:	6719      	str	r1, [r3, #112]	@ 0x70
200002ea:	6759      	str	r1, [r3, #116]	@ 0x74
200002ec:	6799      	str	r1, [r3, #120]	@ 0x78
200002ee:	67d9      	str	r1, [r3, #124]	@ 0x7c
200002f0:	f001 f8ea 	bl	200014c8 <__memset_veneer>
200002f4:	4b03      	ldr	r3, [pc, #12]	@ (20000304 <reset_non_control_endpoints+0x5c>)
200002f6:	4a04      	ldr	r2, [pc, #16]	@ (20000308 <reset_non_control_endpoints+0x60>)
200002f8:	601a      	str	r2, [r3, #0]
200002fa:	bd08      	pop	{r3, pc}
200002fc:	50100000 	.word	0x50100000
20000300:	200024c8 	.word	0x200024c8
20000304:	20002898 	.word	0x20002898
20000308:	50100180 	.word	0x50100180

2000030c <hw_handle_buff_status>:
2000030c:	e92d 4ff0 	stmdb	sp!, {r4, r5, r6, r7, r8, r9, sl, fp, lr}
20000310:	4b1f      	ldr	r3, [pc, #124]	@ (20000390 <hw_handle_buff_status+0x84>)
20000312:	b085      	sub	sp, #20
20000314:	f8d3 a058 	ldr.w	sl, [r3, #88]	@ 0x58
20000318:	f1ba 0f00 	cmp.w	sl, #0
2000031c:	d022      	beq.n	20000364 <hw_handle_buff_status+0x58>
2000031e:	2400      	movs	r4, #0
20000320:	2501      	movs	r5, #1
20000322:	f44f 69e0 	mov.w	r9, #1792	@ 0x700
20000326:	f8df 8070 	ldr.w	r8, [pc, #112]	@ 20000398 <hw_handle_buff_status+0x8c>
2000032a:	4f1a      	ldr	r7, [pc, #104]	@ (20000394 <hw_handle_buff_status+0x88>)
2000032c:	e001      	b.n	20000332 <hw_handle_buff_status+0x26>
2000032e:	2c20      	cmp	r4, #32
20000330:	d018      	beq.n	20000364 <hw_handle_buff_status+0x58>
20000332:	ea0a 0205 	and.w	r2, sl, r5
20000336:	1c61      	adds	r1, r4, #1
20000338:	4623      	mov	r3, r4
2000033a:	46ab      	mov	fp, r5
2000033c:	b2cc      	uxtb	r4, r1
2000033e:	006d      	lsls	r5, r5, #1
20000340:	2a00      	cmp	r2, #0
20000342:	d0f4      	beq.n	2000032e <hw_handle_buff_status+0x22>
20000344:	f004 0201 	and.w	r2, r4, #1
20000348:	f003 06fe 	and.w	r6, r3, #254	@ 0xfe
2000034c:	4416      	add	r6, r2
2000034e:	eb07 1646 	add.w	r6, r7, r6, lsl #5
20000352:	4630      	mov	r0, r6
20000354:	f8c8 b058 	str.w	fp, [r8, #88]	@ 0x58
20000358:	f000 fc0a 	bl	20000b70 <hw_endpoint_xfer_continue>
2000035c:	b928      	cbnz	r0, 2000036a <hw_handle_buff_status+0x5e>
2000035e:	ea3a 0a0b 	bics.w	sl, sl, fp
20000362:	d1e4      	bne.n	2000032e <hw_handle_buff_status+0x22>
20000364:	b005      	add	sp, #20
20000366:	e8bd 8ff0 	ldmia.w	sp!, {r4, r5, r6, r7, r8, r9, sl, fp, pc}
2000036a:	2300      	movs	r3, #0
2000036c:	f88d 3009 	strb.w	r3, [sp, #9]
20000370:	78b3      	ldrb	r3, [r6, #2]
20000372:	a801      	add	r0, sp, #4
20000374:	f88d 3008 	strb.w	r3, [sp, #8]
20000378:	8af3      	ldrh	r3, [r6, #22]
2000037a:	2101      	movs	r1, #1
2000037c:	f8ad 9004 	strh.w	r9, [sp, #4]
20000380:	9303      	str	r3, [sp, #12]
20000382:	f000 fc13 	bl	20000bac <dcd_event_handler>
20000386:	4630      	mov	r0, r6
20000388:	f000 fb98 	bl	20000abc <hw_endpoint_reset_transfer>
2000038c:	e7e7      	b.n	2000035e <hw_handle_buff_status+0x52>
2000038e:	bf00      	nop
20000390:	50110000 	.word	0x50110000
20000394:	20002488 	.word	0x20002488
20000398:	50113000 	.word	0x50113000

2000039c <dcd_rp2040_irq>:
2000039c:	b5f0      	push	{r4, r5, r6, r7, lr}
2000039e:	4bbb      	ldr	r3, [pc, #748]	@ (2000068c <dcd_rp2040_irq+0x2f0>)
200003a0:	b085      	sub	sp, #20
200003a2:	f8d3 5098 	ldr.w	r5, [r3, #152]	@ 0x98
200003a6:	f415 3600 	ands.w	r6, r5, #131072	@ 0x20000
200003aa:	d074      	beq.n	20000496 <dcd_rp2040_irq+0xfa>
200003ac:	4bb8      	ldr	r3, [pc, #736]	@ (20000690 <dcd_rp2040_irq+0x2f4>)
200003ae:	4cb9      	ldr	r4, [pc, #740]	@ (20000694 <dcd_rp2040_irq+0x2f8>)
200003b0:	6a99      	ldr	r1, [r3, #40]	@ 0x28
200003b2:	f894 303b 	ldrb.w	r3, [r4, #59]	@ 0x3b
200003b6:	4ab8      	ldr	r2, [pc, #736]	@ (20000698 <dcd_rp2040_irq+0x2fc>)
200003b8:	2b02      	cmp	r3, #2
200003ba:	6011      	str	r1, [r2, #0]
200003bc:	f000 80d4 	beq.w	20000568 <dcd_rp2040_irq+0x1cc>
200003c0:	2600      	movs	r6, #0
200003c2:	f894 307b 	ldrb.w	r3, [r4, #123]	@ 0x7b
200003c6:	2b02      	cmp	r3, #2
200003c8:	f000 813b 	beq.w	20000642 <dcd_rp2040_irq+0x2a6>
200003cc:	f894 30bb 	ldrb.w	r3, [r4, #187]	@ 0xbb
200003d0:	2b02      	cmp	r3, #2
200003d2:	f000 817d 	beq.w	200006d0 <dcd_rp2040_irq+0x334>
200003d6:	f894 30fb 	ldrb.w	r3, [r4, #251]	@ 0xfb
200003da:	2b02      	cmp	r3, #2
200003dc:	f000 816c 	beq.w	200006b8 <dcd_rp2040_irq+0x31c>
200003e0:	f894 313b 	ldrb.w	r3, [r4, #315]	@ 0x13b
200003e4:	2b02      	cmp	r3, #2
200003e6:	f000 8144 	beq.w	20000672 <dcd_rp2040_irq+0x2d6>
200003ea:	f894 317b 	ldrb.w	r3, [r4, #379]	@ 0x17b
200003ee:	2b02      	cmp	r3, #2
200003f0:	f000 8133 	beq.w	2000065a <dcd_rp2040_irq+0x2be>
200003f4:	f894 31bb 	ldrb.w	r3, [r4, #443]	@ 0x1bb
200003f8:	2b02      	cmp	r3, #2
200003fa:	f000 81b6 	beq.w	2000076a <dcd_rp2040_irq+0x3ce>
200003fe:	f894 31fb 	ldrb.w	r3, [r4, #507]	@ 0x1fb
20000402:	2b02      	cmp	r3, #2
20000404:	f000 81a6 	beq.w	20000754 <dcd_rp2040_irq+0x3b8>
20000408:	f894 323b 	ldrb.w	r3, [r4, #571]	@ 0x23b
2000040c:	2b02      	cmp	r3, #2
2000040e:	f000 8196 	beq.w	2000073e <dcd_rp2040_irq+0x3a2>
20000412:	f894 327b 	ldrb.w	r3, [r4, #635]	@ 0x27b
20000416:	2b02      	cmp	r3, #2
20000418:	f000 8186 	beq.w	20000728 <dcd_rp2040_irq+0x38c>
2000041c:	f894 32bb 	ldrb.w	r3, [r4, #699]	@ 0x2bb
20000420:	2b02      	cmp	r3, #2
20000422:	f000 8176 	beq.w	20000712 <dcd_rp2040_irq+0x376>
20000426:	f894 32fb 	ldrb.w	r3, [r4, #763]	@ 0x2fb
2000042a:	2b02      	cmp	r3, #2
2000042c:	f000 8166 	beq.w	200006fc <dcd_rp2040_irq+0x360>
20000430:	f894 333b 	ldrb.w	r3, [r4, #827]	@ 0x33b
20000434:	2b02      	cmp	r3, #2
20000436:	f000 8156 	beq.w	200006e6 <dcd_rp2040_irq+0x34a>
2000043a:	f894 337b 	ldrb.w	r3, [r4, #891]	@ 0x37b
2000043e:	2b02      	cmp	r3, #2
20000440:	f000 80a4 	beq.w	2000058c <dcd_rp2040_irq+0x1f0>
20000444:	f894 33bb 	ldrb.w	r3, [r4, #955]	@ 0x3bb
20000448:	2b02      	cmp	r3, #2
2000044a:	f000 8199 	beq.w	20000780 <dcd_rp2040_irq+0x3e4>
2000044e:	f894 33fb 	ldrb.w	r3, [r4, #1019]	@ 0x3fb
20000452:	2b02      	cmp	r3, #2
20000454:	f000 80b4 	beq.w	200005c0 <dcd_rp2040_irq+0x224>
20000458:	b93e      	cbnz	r6, 2000046a <dcd_rp2040_irq+0xce>
2000045a:	4b90      	ldr	r3, [pc, #576]	@ (2000069c <dcd_rp2040_irq+0x300>)
2000045c:	781b      	ldrb	r3, [r3, #0]
2000045e:	b923      	cbnz	r3, 2000046a <dcd_rp2040_irq+0xce>
20000460:	f44f 3200 	mov.w	r2, #131072	@ 0x20000
20000464:	4b8e      	ldr	r3, [pc, #568]	@ (200006a0 <dcd_rp2040_irq+0x304>)
20000466:	f8c3 2090 	str.w	r2, [r3, #144]	@ 0x90
2000046a:	f44f 7240 	mov.w	r2, #768	@ 0x300
2000046e:	4b87      	ldr	r3, [pc, #540]	@ (2000068c <dcd_rp2040_irq+0x2f0>)
20000470:	2101      	movs	r1, #1
20000472:	6c9b      	ldr	r3, [r3, #72]	@ 0x48
20000474:	a801      	add	r0, sp, #4
20000476:	f3c3 030a 	ubfx	r3, r3, #0, #11
2000047a:	f8ad 2004 	strh.w	r2, [sp, #4]
2000047e:	9302      	str	r3, [sp, #8]
20000480:	f000 fb94 	bl	20000bac <dcd_event_handler>
20000484:	06ea      	lsls	r2, r5, #27
20000486:	f44f 3600 	mov.w	r6, #131072	@ 0x20000
2000048a:	4c86      	ldr	r4, [pc, #536]	@ (200006a4 <dcd_rp2040_irq+0x308>)
2000048c:	d507      	bpl.n	2000049e <dcd_rp2040_irq+0x102>
2000048e:	f7ff ff3d 	bl	2000030c <hw_handle_buff_status>
20000492:	4626      	mov	r6, r4
20000494:	e003      	b.n	2000049e <dcd_rp2040_irq+0x102>
20000496:	06ea      	lsls	r2, r5, #27
20000498:	f04f 0410 	mov.w	r4, #16
2000049c:	d4f7      	bmi.n	2000048e <dcd_rp2040_irq+0xf2>
2000049e:	03eb      	lsls	r3, r5, #15
200004a0:	d522      	bpl.n	200004e8 <dcd_rp2040_irq+0x14c>
200004a2:	4c7c      	ldr	r4, [pc, #496]	@ (20000694 <dcd_rp2040_irq+0x2f8>)
200004a4:	f446 3680 	orr.w	r6, r6, #65536	@ 0x10000
200004a8:	7ea3      	ldrb	r3, [r4, #26]
200004aa:	2b00      	cmp	r3, #0
200004ac:	f040 8099 	bne.w	200005e2 <dcd_rp2040_irq+0x246>
200004b0:	2301      	movs	r3, #1
200004b2:	f894 203a 	ldrb.w	r2, [r4, #58]	@ 0x3a
200004b6:	70e3      	strb	r3, [r4, #3]
200004b8:	2a00      	cmp	r2, #0
200004ba:	f040 80ad 	bne.w	20000618 <dcd_rp2040_irq+0x27c>
200004be:	2301      	movs	r3, #1
200004c0:	f44f 61c0 	mov.w	r1, #1536	@ 0x600
200004c4:	4a78      	ldr	r2, [pc, #480]	@ (200006a8 <dcd_rp2040_irq+0x30c>)
200004c6:	f884 3023 	strb.w	r3, [r4, #35]	@ 0x23
200004ca:	f8ad 1004 	strh.w	r1, [sp, #4]
200004ce:	e892 0003 	ldmia.w	r2, {r0, r1}
200004d2:	aa04      	add	r2, sp, #16
200004d4:	e902 0003 	stmdb	r2, {r0, r1}
200004d8:	4619      	mov	r1, r3
200004da:	a801      	add	r0, sp, #4
200004dc:	f000 fb66 	bl	20000bac <dcd_event_handler>
200004e0:	f44f 3200 	mov.w	r2, #131072	@ 0x20000
200004e4:	4b6e      	ldr	r3, [pc, #440]	@ (200006a0 <dcd_rp2040_irq+0x304>)
200004e6:	651a      	str	r2, [r3, #80]	@ 0x50
200004e8:	04e9      	lsls	r1, r5, #19
200004ea:	d408      	bmi.n	200004fe <dcd_rp2040_irq+0x162>
200004ec:	046a      	lsls	r2, r5, #17
200004ee:	d41d      	bmi.n	2000052c <dcd_rp2040_irq+0x190>
200004f0:	042b      	lsls	r3, r5, #16
200004f2:	d42a      	bmi.n	2000054a <dcd_rp2040_irq+0x1ae>
200004f4:	42ae      	cmp	r6, r5
200004f6:	f040 81c5 	bne.w	20000884 <dcd_rp2040_irq+0x4e8>
200004fa:	b005      	add	sp, #20
200004fc:	bdf0      	pop	{r4, r5, r6, r7, pc}
200004fe:	2400      	movs	r4, #0
20000500:	4b62      	ldr	r3, [pc, #392]	@ (2000068c <dcd_rp2040_irq+0x2f0>)
20000502:	f446 5680 	orr.w	r6, r6, #4096	@ 0x1000
20000506:	601c      	str	r4, [r3, #0]
20000508:	f7ff fece 	bl	200002a8 <reset_non_control_endpoints>
2000050c:	f44f 7380 	mov.w	r3, #256	@ 0x100
20000510:	2101      	movs	r1, #1
20000512:	a801      	add	r0, sp, #4
20000514:	f8ad 3004 	strh.w	r3, [sp, #4]
20000518:	f88d 4008 	strb.w	r4, [sp, #8]
2000051c:	f000 fb46 	bl	20000bac <dcd_event_handler>
20000520:	f44f 2200 	mov.w	r2, #524288	@ 0x80000
20000524:	4b5e      	ldr	r3, [pc, #376]	@ (200006a0 <dcd_rp2040_irq+0x304>)
20000526:	651a      	str	r2, [r3, #80]	@ 0x50
20000528:	046a      	lsls	r2, r5, #17
2000052a:	d5e1      	bpl.n	200004f0 <dcd_rp2040_irq+0x154>
2000052c:	f44f 6380 	mov.w	r3, #1024	@ 0x400
20000530:	2101      	movs	r1, #1
20000532:	a801      	add	r0, sp, #4
20000534:	f8ad 3004 	strh.w	r3, [sp, #4]
20000538:	f000 fb38 	bl	20000bac <dcd_event_handler>
2000053c:	2210      	movs	r2, #16
2000053e:	4b58      	ldr	r3, [pc, #352]	@ (200006a0 <dcd_rp2040_irq+0x304>)
20000540:	f446 4680 	orr.w	r6, r6, #16384	@ 0x4000
20000544:	651a      	str	r2, [r3, #80]	@ 0x50
20000546:	042b      	lsls	r3, r5, #16
20000548:	d5d4      	bpl.n	200004f4 <dcd_rp2040_irq+0x158>
2000054a:	f44f 63a0 	mov.w	r3, #1280	@ 0x500
2000054e:	2101      	movs	r1, #1
20000550:	a801      	add	r0, sp, #4
20000552:	f8ad 3004 	strh.w	r3, [sp, #4]
20000556:	f000 fb29 	bl	20000bac <dcd_event_handler>
2000055a:	f44f 6200 	mov.w	r2, #2048	@ 0x800
2000055e:	4b50      	ldr	r3, [pc, #320]	@ (200006a0 <dcd_rp2040_irq+0x304>)
20000560:	f446 4600 	orr.w	r6, r6, #32768	@ 0x8000
20000564:	651a      	str	r2, [r3, #80]	@ 0x50
20000566:	e7c5      	b.n	200004f4 <dcd_rp2040_irq+0x158>
20000568:	f894 603a 	ldrb.w	r6, [r4, #58]	@ 0x3a
2000056c:	2e00      	cmp	r6, #0
2000056e:	f43f af28 	beq.w	200003c2 <dcd_rp2040_irq+0x26>
20000572:	f894 303c 	ldrb.w	r3, [r4, #60]	@ 0x3c
20000576:	2b00      	cmp	r3, #0
20000578:	f43f af23 	beq.w	200003c2 <dcd_rp2040_irq+0x26>
2000057c:	2300      	movs	r3, #0
2000057e:	f104 0020 	add.w	r0, r4, #32
20000582:	f884 303c 	strb.w	r3, [r4, #60]	@ 0x3c
20000586:	f000 fac1 	bl	20000b0c <hw_endpoint_start_next_buffer>
2000058a:	e71a      	b.n	200003c2 <dcd_rp2040_irq+0x26>
2000058c:	f894 737a 	ldrb.w	r7, [r4, #890]	@ 0x37a
20000590:	2f00      	cmp	r7, #0
20000592:	f43f af57 	beq.w	20000444 <dcd_rp2040_irq+0xa8>
20000596:	f894 337c 	ldrb.w	r3, [r4, #892]	@ 0x37c
2000059a:	2b00      	cmp	r3, #0
2000059c:	f040 8164 	bne.w	20000868 <dcd_rp2040_irq+0x4cc>
200005a0:	f894 33bb 	ldrb.w	r3, [r4, #955]	@ 0x3bb
200005a4:	2b02      	cmp	r3, #2
200005a6:	f040 80f4 	bne.w	20000792 <dcd_rp2040_irq+0x3f6>
200005aa:	f894 33ba 	ldrb.w	r3, [r4, #954]	@ 0x3ba
200005ae:	2b00      	cmp	r3, #0
200005b0:	f040 80eb 	bne.w	2000078a <dcd_rp2040_irq+0x3ee>
200005b4:	f894 33fb 	ldrb.w	r3, [r4, #1019]	@ 0x3fb
200005b8:	2b02      	cmp	r3, #2
200005ba:	f47f af56 	bne.w	2000046a <dcd_rp2040_irq+0xce>
200005be:	463e      	mov	r6, r7
200005c0:	f894 33fa 	ldrb.w	r3, [r4, #1018]	@ 0x3fa
200005c4:	2b00      	cmp	r3, #0
200005c6:	f43f af47 	beq.w	20000458 <dcd_rp2040_irq+0xbc>
200005ca:	f894 33fc 	ldrb.w	r3, [r4, #1020]	@ 0x3fc
200005ce:	2b00      	cmp	r3, #0
200005d0:	f43f af4b 	beq.w	2000046a <dcd_rp2040_irq+0xce>
200005d4:	2300      	movs	r3, #0
200005d6:	4835      	ldr	r0, [pc, #212]	@ (200006ac <dcd_rp2040_irq+0x310>)
200005d8:	f884 33fc 	strb.w	r3, [r4, #1020]	@ 0x3fc
200005dc:	f000 fa96 	bl	20000b0c <hw_endpoint_start_next_buffer>
200005e0:	e743      	b.n	2000046a <dcd_rp2040_irq+0xce>
200005e2:	2102      	movs	r1, #2
200005e4:	4b32      	ldr	r3, [pc, #200]	@ (200006b0 <dcd_rp2040_irq+0x314>)
200005e6:	4a29      	ldr	r2, [pc, #164]	@ (2000068c <dcd_rp2040_irq+0x2f0>)
200005e8:	6619      	str	r1, [r3, #96]	@ 0x60
200005ea:	6e53      	ldr	r3, [r2, #100]	@ 0x64
200005ec:	079f      	lsls	r7, r3, #30
200005ee:	d5fc      	bpl.n	200005ea <dcd_rp2040_irq+0x24e>
200005f0:	f44f 5240 	mov.w	r2, #12288	@ 0x3000
200005f4:	2100      	movs	r1, #0
200005f6:	4827      	ldr	r0, [pc, #156]	@ (20000694 <dcd_rp2040_irq+0x2f8>)
200005f8:	f000 fa66 	bl	20000ac8 <_hw_endpoint_buffer_control_update32>
200005fc:	4825      	ldr	r0, [pc, #148]	@ (20000694 <dcd_rp2040_irq+0x2f8>)
200005fe:	f000 fa5d 	bl	20000abc <hw_endpoint_reset_transfer>
20000602:	2202      	movs	r2, #2
20000604:	4b26      	ldr	r3, [pc, #152]	@ (200006a0 <dcd_rp2040_irq+0x304>)
20000606:	665a      	str	r2, [r3, #100]	@ 0x64
20000608:	661a      	str	r2, [r3, #96]	@ 0x60
2000060a:	2301      	movs	r3, #1
2000060c:	f894 203a 	ldrb.w	r2, [r4, #58]	@ 0x3a
20000610:	70e3      	strb	r3, [r4, #3]
20000612:	2a00      	cmp	r2, #0
20000614:	f43f af53 	beq.w	200004be <dcd_rp2040_irq+0x122>
20000618:	4a25      	ldr	r2, [pc, #148]	@ (200006b0 <dcd_rp2040_irq+0x314>)
2000061a:	6613      	str	r3, [r2, #96]	@ 0x60
2000061c:	f5a2 5200 	sub.w	r2, r2, #8192	@ 0x2000
20000620:	6e53      	ldr	r3, [r2, #100]	@ 0x64
20000622:	07d8      	lsls	r0, r3, #31
20000624:	d5fc      	bpl.n	20000620 <dcd_rp2040_irq+0x284>
20000626:	f44f 5240 	mov.w	r2, #12288	@ 0x3000
2000062a:	2100      	movs	r1, #0
2000062c:	4821      	ldr	r0, [pc, #132]	@ (200006b4 <dcd_rp2040_irq+0x318>)
2000062e:	f000 fa4b 	bl	20000ac8 <_hw_endpoint_buffer_control_update32>
20000632:	4820      	ldr	r0, [pc, #128]	@ (200006b4 <dcd_rp2040_irq+0x318>)
20000634:	f000 fa42 	bl	20000abc <hw_endpoint_reset_transfer>
20000638:	2201      	movs	r2, #1
2000063a:	4b19      	ldr	r3, [pc, #100]	@ (200006a0 <dcd_rp2040_irq+0x304>)
2000063c:	665a      	str	r2, [r3, #100]	@ 0x64
2000063e:	661a      	str	r2, [r3, #96]	@ 0x60
20000640:	e73d      	b.n	200004be <dcd_rp2040_irq+0x122>
20000642:	f894 707a 	ldrb.w	r7, [r4, #122]	@ 0x7a
20000646:	2f00      	cmp	r7, #0
20000648:	f43f aec0 	beq.w	200003cc <dcd_rp2040_irq+0x30>
2000064c:	f894 307c 	ldrb.w	r3, [r4, #124]	@ 0x7c
20000650:	2b00      	cmp	r3, #0
20000652:	f040 8101 	bne.w	20000858 <dcd_rp2040_irq+0x4bc>
20000656:	463e      	mov	r6, r7
20000658:	e6b8      	b.n	200003cc <dcd_rp2040_irq+0x30>
2000065a:	f894 717a 	ldrb.w	r7, [r4, #378]	@ 0x17a
2000065e:	2f00      	cmp	r7, #0
20000660:	f43f aec8 	beq.w	200003f4 <dcd_rp2040_irq+0x58>
20000664:	f894 317c 	ldrb.w	r3, [r4, #380]	@ 0x17c
20000668:	2b00      	cmp	r3, #0
2000066a:	f040 80ed 	bne.w	20000848 <dcd_rp2040_irq+0x4ac>
2000066e:	463e      	mov	r6, r7
20000670:	e6c0      	b.n	200003f4 <dcd_rp2040_irq+0x58>
20000672:	f894 713a 	ldrb.w	r7, [r4, #314]	@ 0x13a
20000676:	2f00      	cmp	r7, #0
20000678:	f43f aeb7 	beq.w	200003ea <dcd_rp2040_irq+0x4e>
2000067c:	f894 313c 	ldrb.w	r3, [r4, #316]	@ 0x13c
20000680:	2b00      	cmp	r3, #0
20000682:	f040 80d9 	bne.w	20000838 <dcd_rp2040_irq+0x49c>
20000686:	463e      	mov	r6, r7
20000688:	e6af      	b.n	200003ea <dcd_rp2040_irq+0x4e>
2000068a:	bf00      	nop
2000068c:	50110000 	.word	0x50110000
20000690:	400b0000 	.word	0x400b0000
20000694:	20002488 	.word	0x20002488
20000698:	20002478 	.word	0x20002478
2000069c:	20002a71 	.word	0x20002a71
200006a0:	50113000 	.word	0x50113000
200006a4:	00020010 	.word	0x00020010
200006a8:	50100000 	.word	0x50100000
200006ac:	20002868 	.word	0x20002868
200006b0:	50112000 	.word	0x50112000
200006b4:	200024a8 	.word	0x200024a8
200006b8:	f894 70fa 	ldrb.w	r7, [r4, #250]	@ 0xfa
200006bc:	2f00      	cmp	r7, #0
200006be:	f43f ae8f 	beq.w	200003e0 <dcd_rp2040_irq+0x44>
200006c2:	f894 30fc 	ldrb.w	r3, [r4, #252]	@ 0xfc
200006c6:	2b00      	cmp	r3, #0
200006c8:	f040 808e 	bne.w	200007e8 <dcd_rp2040_irq+0x44c>
200006cc:	463e      	mov	r6, r7
200006ce:	e687      	b.n	200003e0 <dcd_rp2040_irq+0x44>
200006d0:	f894 70ba 	ldrb.w	r7, [r4, #186]	@ 0xba
200006d4:	2f00      	cmp	r7, #0
200006d6:	f43f ae7e 	beq.w	200003d6 <dcd_rp2040_irq+0x3a>
200006da:	f894 30bc 	ldrb.w	r3, [r4, #188]	@ 0xbc
200006de:	2b00      	cmp	r3, #0
200006e0:	d17a      	bne.n	200007d8 <dcd_rp2040_irq+0x43c>
200006e2:	463e      	mov	r6, r7
200006e4:	e677      	b.n	200003d6 <dcd_rp2040_irq+0x3a>
200006e6:	f894 733a 	ldrb.w	r7, [r4, #826]	@ 0x33a
200006ea:	2f00      	cmp	r7, #0
200006ec:	f43f aea5 	beq.w	2000043a <dcd_rp2040_irq+0x9e>
200006f0:	f894 333c 	ldrb.w	r3, [r4, #828]	@ 0x33c
200006f4:	2b00      	cmp	r3, #0
200006f6:	d157      	bne.n	200007a8 <dcd_rp2040_irq+0x40c>
200006f8:	463e      	mov	r6, r7
200006fa:	e69e      	b.n	2000043a <dcd_rp2040_irq+0x9e>
200006fc:	f894 72fa 	ldrb.w	r7, [r4, #762]	@ 0x2fa
20000700:	2f00      	cmp	r7, #0
20000702:	f43f ae95 	beq.w	20000430 <dcd_rp2040_irq+0x94>
20000706:	f894 32fc 	ldrb.w	r3, [r4, #764]	@ 0x2fc
2000070a:	2b00      	cmp	r3, #0
2000070c:	d15c      	bne.n	200007c8 <dcd_rp2040_irq+0x42c>
2000070e:	463e      	mov	r6, r7
20000710:	e68e      	b.n	20000430 <dcd_rp2040_irq+0x94>
20000712:	f894 72ba 	ldrb.w	r7, [r4, #698]	@ 0x2ba
20000716:	2f00      	cmp	r7, #0
20000718:	f43f ae85 	beq.w	20000426 <dcd_rp2040_irq+0x8a>
2000071c:	f894 32bc 	ldrb.w	r3, [r4, #700]	@ 0x2bc
20000720:	2b00      	cmp	r3, #0
20000722:	d149      	bne.n	200007b8 <dcd_rp2040_irq+0x41c>
20000724:	463e      	mov	r6, r7
20000726:	e67e      	b.n	20000426 <dcd_rp2040_irq+0x8a>
20000728:	f894 727a 	ldrb.w	r7, [r4, #634]	@ 0x27a
2000072c:	2f00      	cmp	r7, #0
2000072e:	f43f ae75 	beq.w	2000041c <dcd_rp2040_irq+0x80>
20000732:	f894 327c 	ldrb.w	r3, [r4, #636]	@ 0x27c
20000736:	2b00      	cmp	r3, #0
20000738:	d176      	bne.n	20000828 <dcd_rp2040_irq+0x48c>
2000073a:	463e      	mov	r6, r7
2000073c:	e66e      	b.n	2000041c <dcd_rp2040_irq+0x80>
2000073e:	f894 723a 	ldrb.w	r7, [r4, #570]	@ 0x23a
20000742:	2f00      	cmp	r7, #0
20000744:	f43f ae65 	beq.w	20000412 <dcd_rp2040_irq+0x76>
20000748:	f894 323c 	ldrb.w	r3, [r4, #572]	@ 0x23c
2000074c:	2b00      	cmp	r3, #0
2000074e:	d163      	bne.n	20000818 <dcd_rp2040_irq+0x47c>
20000750:	463e      	mov	r6, r7
20000752:	e65e      	b.n	20000412 <dcd_rp2040_irq+0x76>
20000754:	f894 71fa 	ldrb.w	r7, [r4, #506]	@ 0x1fa
20000758:	2f00      	cmp	r7, #0
2000075a:	f43f ae55 	beq.w	20000408 <dcd_rp2040_irq+0x6c>
2000075e:	f894 31fc 	ldrb.w	r3, [r4, #508]	@ 0x1fc
20000762:	2b00      	cmp	r3, #0
20000764:	d150      	bne.n	20000808 <dcd_rp2040_irq+0x46c>
20000766:	463e      	mov	r6, r7
20000768:	e64e      	b.n	20000408 <dcd_rp2040_irq+0x6c>
2000076a:	f894 71ba 	ldrb.w	r7, [r4, #442]	@ 0x1ba
2000076e:	2f00      	cmp	r7, #0
20000770:	f43f ae45 	beq.w	200003fe <dcd_rp2040_irq+0x62>
20000774:	f894 31bc 	ldrb.w	r3, [r4, #444]	@ 0x1bc
20000778:	2b00      	cmp	r3, #0
2000077a:	d13d      	bne.n	200007f8 <dcd_rp2040_irq+0x45c>
2000077c:	463e      	mov	r6, r7
2000077e:	e63e      	b.n	200003fe <dcd_rp2040_irq+0x62>
20000780:	f894 33ba 	ldrb.w	r3, [r4, #954]	@ 0x3ba
20000784:	2b00      	cmp	r3, #0
20000786:	f43f ae62 	beq.w	2000044e <dcd_rp2040_irq+0xb2>
2000078a:	f894 33bc 	ldrb.w	r3, [r4, #956]	@ 0x3bc
2000078e:	2b00      	cmp	r3, #0
20000790:	d171      	bne.n	20000876 <dcd_rp2040_irq+0x4da>
20000792:	f894 33fb 	ldrb.w	r3, [r4, #1019]	@ 0x3fb
20000796:	2b02      	cmp	r3, #2
20000798:	f47f ae67 	bne.w	2000046a <dcd_rp2040_irq+0xce>
2000079c:	f894 33fa 	ldrb.w	r3, [r4, #1018]	@ 0x3fa
200007a0:	2b00      	cmp	r3, #0
200007a2:	f43f ae62 	beq.w	2000046a <dcd_rp2040_irq+0xce>
200007a6:	e710      	b.n	200005ca <dcd_rp2040_irq+0x22e>
200007a8:	2300      	movs	r3, #0
200007aa:	4839      	ldr	r0, [pc, #228]	@ (20000890 <dcd_rp2040_irq+0x4f4>)
200007ac:	f884 333c 	strb.w	r3, [r4, #828]	@ 0x33c
200007b0:	463e      	mov	r6, r7
200007b2:	f000 f9ab 	bl	20000b0c <hw_endpoint_start_next_buffer>
200007b6:	e640      	b.n	2000043a <dcd_rp2040_irq+0x9e>
200007b8:	2300      	movs	r3, #0
200007ba:	4836      	ldr	r0, [pc, #216]	@ (20000894 <dcd_rp2040_irq+0x4f8>)
200007bc:	f884 32bc 	strb.w	r3, [r4, #700]	@ 0x2bc
200007c0:	463e      	mov	r6, r7
200007c2:	f000 f9a3 	bl	20000b0c <hw_endpoint_start_next_buffer>
200007c6:	e62e      	b.n	20000426 <dcd_rp2040_irq+0x8a>
200007c8:	2300      	movs	r3, #0
200007ca:	4833      	ldr	r0, [pc, #204]	@ (20000898 <dcd_rp2040_irq+0x4fc>)
200007cc:	f884 32fc 	strb.w	r3, [r4, #764]	@ 0x2fc
200007d0:	463e      	mov	r6, r7
200007d2:	f000 f99b 	bl	20000b0c <hw_endpoint_start_next_buffer>
200007d6:	e62b      	b.n	20000430 <dcd_rp2040_irq+0x94>
200007d8:	2300      	movs	r3, #0
200007da:	4830      	ldr	r0, [pc, #192]	@ (2000089c <dcd_rp2040_irq+0x500>)
200007dc:	f884 30bc 	strb.w	r3, [r4, #188]	@ 0xbc
200007e0:	463e      	mov	r6, r7
200007e2:	f000 f993 	bl	20000b0c <hw_endpoint_start_next_buffer>
200007e6:	e5f6      	b.n	200003d6 <dcd_rp2040_irq+0x3a>
200007e8:	2300      	movs	r3, #0
200007ea:	482d      	ldr	r0, [pc, #180]	@ (200008a0 <dcd_rp2040_irq+0x504>)
200007ec:	f884 30fc 	strb.w	r3, [r4, #252]	@ 0xfc
200007f0:	463e      	mov	r6, r7
200007f2:	f000 f98b 	bl	20000b0c <hw_endpoint_start_next_buffer>
200007f6:	e5f3      	b.n	200003e0 <dcd_rp2040_irq+0x44>
200007f8:	2300      	movs	r3, #0
200007fa:	482a      	ldr	r0, [pc, #168]	@ (200008a4 <dcd_rp2040_irq+0x508>)
200007fc:	f884 31bc 	strb.w	r3, [r4, #444]	@ 0x1bc
20000800:	463e      	mov	r6, r7
20000802:	f000 f983 	bl	20000b0c <hw_endpoint_start_next_buffer>
20000806:	e5fa      	b.n	200003fe <dcd_rp2040_irq+0x62>
20000808:	2300      	movs	r3, #0
2000080a:	4827      	ldr	r0, [pc, #156]	@ (200008a8 <dcd_rp2040_irq+0x50c>)
2000080c:	f884 31fc 	strb.w	r3, [r4, #508]	@ 0x1fc
20000810:	463e      	mov	r6, r7
20000812:	f000 f97b 	bl	20000b0c <hw_endpoint_start_next_buffer>
20000816:	e5f7      	b.n	20000408 <dcd_rp2040_irq+0x6c>
20000818:	2300      	movs	r3, #0
2000081a:	4824      	ldr	r0, [pc, #144]	@ (200008ac <dcd_rp2040_irq+0x510>)
2000081c:	f884 323c 	strb.w	r3, [r4, #572]	@ 0x23c
20000820:	463e      	mov	r6, r7
20000822:	f000 f973 	bl	20000b0c <hw_endpoint_start_next_buffer>
20000826:	e5f4      	b.n	20000412 <dcd_rp2040_irq+0x76>
20000828:	2300      	movs	r3, #0
2000082a:	4821      	ldr	r0, [pc, #132]	@ (200008b0 <dcd_rp2040_irq+0x514>)
2000082c:	f884 327c 	strb.w	r3, [r4, #636]	@ 0x27c
20000830:	463e      	mov	r6, r7
20000832:	f000 f96b 	bl	20000b0c <hw_endpoint_start_next_buffer>
20000836:	e5f1      	b.n	2000041c <dcd_rp2040_irq+0x80>
20000838:	2300      	movs	r3, #0
2000083a:	481e      	ldr	r0, [pc, #120]	@ (200008b4 <dcd_rp2040_irq+0x518>)
2000083c:	f884 313c 	strb.w	r3, [r4, #316]	@ 0x13c
20000840:	463e      	mov	r6, r7
20000842:	f000 f963 	bl	20000b0c <hw_endpoint_start_next_buffer>
20000846:	e5d0      	b.n	200003ea <dcd_rp2040_irq+0x4e>
20000848:	2300      	movs	r3, #0
2000084a:	481b      	ldr	r0, [pc, #108]	@ (200008b8 <dcd_rp2040_irq+0x51c>)
2000084c:	f884 317c 	strb.w	r3, [r4, #380]	@ 0x17c
20000850:	463e      	mov	r6, r7
20000852:	f000 f95b 	bl	20000b0c <hw_endpoint_start_next_buffer>
20000856:	e5cd      	b.n	200003f4 <dcd_rp2040_irq+0x58>
20000858:	2300      	movs	r3, #0
2000085a:	4818      	ldr	r0, [pc, #96]	@ (200008bc <dcd_rp2040_irq+0x520>)
2000085c:	f884 307c 	strb.w	r3, [r4, #124]	@ 0x7c
20000860:	463e      	mov	r6, r7
20000862:	f000 f953 	bl	20000b0c <hw_endpoint_start_next_buffer>
20000866:	e5b1      	b.n	200003cc <dcd_rp2040_irq+0x30>
20000868:	2300      	movs	r3, #0
2000086a:	4815      	ldr	r0, [pc, #84]	@ (200008c0 <dcd_rp2040_irq+0x524>)
2000086c:	f884 337c 	strb.w	r3, [r4, #892]	@ 0x37c
20000870:	f000 f94c 	bl	20000b0c <hw_endpoint_start_next_buffer>
20000874:	e694      	b.n	200005a0 <dcd_rp2040_irq+0x204>
20000876:	2300      	movs	r3, #0
20000878:	4812      	ldr	r0, [pc, #72]	@ (200008c4 <dcd_rp2040_irq+0x528>)
2000087a:	f884 33bc 	strb.w	r3, [r4, #956]	@ 0x3bc
2000087e:	f000 f945 	bl	20000b0c <hw_endpoint_start_next_buffer>
20000882:	e786      	b.n	20000792 <dcd_rp2040_irq+0x3f6>
20000884:	4810      	ldr	r0, [pc, #64]	@ (200008c8 <dcd_rp2040_irq+0x52c>)
20000886:	ea86 0105 	eor.w	r1, r6, r5
2000088a:	f000 fe2d 	bl	200014e8 <__panic_veneer>
2000088e:	bf00      	nop
20000890:	200027a8 	.word	0x200027a8
20000894:	20002728 	.word	0x20002728
20000898:	20002768 	.word	0x20002768
2000089c:	20002528 	.word	0x20002528
200008a0:	20002568 	.word	0x20002568
200008a4:	20002628 	.word	0x20002628
200008a8:	20002668 	.word	0x20002668
200008ac:	200026a8 	.word	0x200026a8
200008b0:	200026e8 	.word	0x200026e8
200008b4:	200025a8 	.word	0x200025a8
200008b8:	200025e8 	.word	0x200025e8
200008bc:	200024e8 	.word	0x200024e8
200008c0:	200027e8 	.word	0x200027e8
200008c4:	20002828 	.word	0x20002828
200008c8:	100097a8 	.word	0x100097a8

200008cc <prepare_ep_buffer>:
200008cc:	e92d 47f0 	stmdb	sp!, {r4, r5, r6, r7, r8, r9, sl, lr}
200008d0:	8a84      	ldrh	r4, [r0, #20]
200008d2:	8b05      	ldrh	r5, [r0, #24]
200008d4:	78c2      	ldrb	r2, [r0, #3]
200008d6:	42a5      	cmp	r5, r4
200008d8:	bf28      	it	cs
200008da:	4625      	movcs	r5, r4
200008dc:	1e17      	subs	r7, r2, #0
200008de:	bf18      	it	ne
200008e0:	2701      	movne	r7, #1
200008e2:	1b64      	subs	r4, r4, r5
200008e4:	7846      	ldrb	r6, [r0, #1]
200008e6:	f082 0201 	eor.w	r2, r2, #1
200008ea:	b2a4      	uxth	r4, r4
200008ec:	4603      	mov	r3, r0
200008ee:	70c2      	strb	r2, [r0, #3]
200008f0:	8284      	strh	r4, [r0, #20]
200008f2:	f445 6080 	orr.w	r0, r5, #1024	@ 0x400
200008f6:	ea40 3047 	orr.w	r0, r0, r7, lsl #13
200008fa:	bba6      	cbnz	r6, 20000966 <prepare_ep_buffer+0x9a>
200008fc:	e9d3 2603 	ldrd	r2, r6, [r3, #12]
20000900:	1e6f      	subs	r7, r5, #1
20000902:	eb02 1e81 	add.w	lr, r2, r1, lsl #6
20000906:	b355      	cbz	r5, 2000095e <prepare_ep_buffer+0x92>
20000908:	2f05      	cmp	r7, #5
2000090a:	bf98      	it	ls
2000090c:	1c72      	addls	r2, r6, #1
2000090e:	d931      	bls.n	20000974 <prepare_ep_buffer+0xa8>
20000910:	eb02 1c81 	add.w	ip, r2, r1, lsl #6
20000914:	1c72      	adds	r2, r6, #1
20000916:	ebac 0402 	sub.w	r4, ip, r2
2000091a:	2c02      	cmp	r4, #2
2000091c:	d92a      	bls.n	20000974 <prepare_ep_buffer+0xa8>
2000091e:	4632      	mov	r2, r6
20000920:	ea4f 0995 	mov.w	r9, r5, lsr #2
20000924:	ea4f 0a89 	mov.w	sl, r9, lsl #2
20000928:	eb06 0889 	add.w	r8, r6, r9, lsl #2
2000092c:	f852 4b04 	ldr.w	r4, [r2], #4
20000930:	4542      	cmp	r2, r8
20000932:	f84c 4b04 	str.w	r4, [ip], #4
20000936:	d1f9      	bne.n	2000092c <prepare_ep_buffer+0x60>
20000938:	4555      	cmp	r5, sl
2000093a:	eba7 070a 	sub.w	r7, r7, sl
2000093e:	eb0e 040a 	add.w	r4, lr, sl
20000942:	d00a      	beq.n	2000095a <prepare_ep_buffer+0x8e>
20000944:	f816 6029 	ldrb.w	r6, [r6, r9, lsl #2]
20000948:	f80e 6029 	strb.w	r6, [lr, r9, lsl #2]
2000094c:	b12f      	cbz	r7, 2000095a <prepare_ep_buffer+0x8e>
2000094e:	7856      	ldrb	r6, [r2, #1]
20000950:	2f01      	cmp	r7, #1
20000952:	7066      	strb	r6, [r4, #1]
20000954:	d001      	beq.n	2000095a <prepare_ep_buffer+0x8e>
20000956:	7892      	ldrb	r2, [r2, #2]
20000958:	70a2      	strb	r2, [r4, #2]
2000095a:	691e      	ldr	r6, [r3, #16]
2000095c:	8a9c      	ldrh	r4, [r3, #20]
2000095e:	442e      	add	r6, r5
20000960:	611e      	str	r6, [r3, #16]
20000962:	f440 4000 	orr.w	r0, r0, #32768	@ 0x8000
20000966:	b90c      	cbnz	r4, 2000096c <prepare_ep_buffer+0xa0>
20000968:	f440 4080 	orr.w	r0, r0, #16384	@ 0x4000
2000096c:	b101      	cbz	r1, 20000970 <prepare_ep_buffer+0xa4>
2000096e:	0400      	lsls	r0, r0, #16
20000970:	e8bd 87f0 	ldmia.w	sp!, {r4, r5, r6, r7, r8, r9, sl, pc}
20000974:	f10e 3eff 	add.w	lr, lr, #4294967295
20000978:	442e      	add	r6, r5
2000097a:	e000      	b.n	2000097e <prepare_ep_buffer+0xb2>
2000097c:	3201      	adds	r2, #1
2000097e:	f812 4c01 	ldrb.w	r4, [r2, #-1]
20000982:	42b2      	cmp	r2, r6
20000984:	f80e 4f01 	strb.w	r4, [lr, #1]!
20000988:	d1f8      	bne.n	2000097c <prepare_ep_buffer+0xb0>
2000098a:	e7e6      	b.n	2000095a <prepare_ep_buffer+0x8e>

2000098c <sync_ep_buffer>:
2000098c:	6883      	ldr	r3, [r0, #8]
2000098e:	4602      	mov	r2, r0
20000990:	6818      	ldr	r0, [r3, #0]
20000992:	b101      	cbz	r1, 20000996 <sync_ep_buffer+0xa>
20000994:	0c00      	lsrs	r0, r0, #16
20000996:	7853      	ldrb	r3, [r2, #1]
20000998:	f3c0 0009 	ubfx	r0, r0, #0, #10
2000099c:	2b00      	cmp	r3, #0
2000099e:	d03c      	beq.n	20000a1a <sync_ep_buffer+0x8e>
200009a0:	e92d 41f0 	stmdb	sp!, {r4, r5, r6, r7, r8, lr}
200009a4:	e9d2 3403 	ldrd	r3, r4, [r2, #12]
200009a8:	1e46      	subs	r6, r0, #1
200009aa:	eb03 1e81 	add.w	lr, r3, r1, lsl #6
200009ae:	b340      	cbz	r0, 20000a02 <sync_ep_buffer+0x76>
200009b0:	2e05      	cmp	r6, #5
200009b2:	d93b      	bls.n	20000a2c <sync_ep_buffer+0xa0>
200009b4:	0189      	lsls	r1, r1, #6
200009b6:	1c4d      	adds	r5, r1, #1
200009b8:	441d      	add	r5, r3
200009ba:	1b65      	subs	r5, r4, r5
200009bc:	2d02      	cmp	r5, #2
200009be:	d935      	bls.n	20000a2c <sync_ep_buffer+0xa0>
200009c0:	4673      	mov	r3, lr
200009c2:	4621      	mov	r1, r4
200009c4:	f400 777f 	and.w	r7, r0, #1020	@ 0x3fc
200009c8:	ea4f 0890 	mov.w	r8, r0, lsr #2
200009cc:	18fd      	adds	r5, r7, r3
200009ce:	f853 cb04 	ldr.w	ip, [r3], #4
200009d2:	42ab      	cmp	r3, r5
200009d4:	f841 cb04 	str.w	ip, [r1], #4
200009d8:	d1f9      	bne.n	200009ce <sync_ep_buffer+0x42>
200009da:	42b8      	cmp	r0, r7
200009dc:	eba6 0607 	sub.w	r6, r6, r7
200009e0:	eb04 0307 	add.w	r3, r4, r7
200009e4:	eb0e 0107 	add.w	r1, lr, r7
200009e8:	d00a      	beq.n	20000a00 <sync_ep_buffer+0x74>
200009ea:	f81e 5028 	ldrb.w	r5, [lr, r8, lsl #2]
200009ee:	f804 5028 	strb.w	r5, [r4, r8, lsl #2]
200009f2:	b12e      	cbz	r6, 20000a00 <sync_ep_buffer+0x74>
200009f4:	784c      	ldrb	r4, [r1, #1]
200009f6:	2e01      	cmp	r6, #1
200009f8:	705c      	strb	r4, [r3, #1]
200009fa:	d001      	beq.n	20000a00 <sync_ep_buffer+0x74>
200009fc:	7889      	ldrb	r1, [r1, #2]
200009fe:	7099      	strb	r1, [r3, #2]
20000a00:	6914      	ldr	r4, [r2, #16]
20000a02:	8ad3      	ldrh	r3, [r2, #22]
20000a04:	4404      	add	r4, r0
20000a06:	4403      	add	r3, r0
20000a08:	82d3      	strh	r3, [r2, #22]
20000a0a:	8b13      	ldrh	r3, [r2, #24]
20000a0c:	6114      	str	r4, [r2, #16]
20000a0e:	4283      	cmp	r3, r0
20000a10:	bf84      	itt	hi
20000a12:	2300      	movhi	r3, #0
20000a14:	8293      	strhhi	r3, [r2, #20]
20000a16:	e8bd 81f0 	ldmia.w	sp!, {r4, r5, r6, r7, r8, pc}
20000a1a:	8ad3      	ldrh	r3, [r2, #22]
20000a1c:	4403      	add	r3, r0
20000a1e:	82d3      	strh	r3, [r2, #22]
20000a20:	8b13      	ldrh	r3, [r2, #24]
20000a22:	4283      	cmp	r3, r0
20000a24:	bf84      	itt	hi
20000a26:	2300      	movhi	r3, #0
20000a28:	8293      	strhhi	r3, [r2, #20]
20000a2a:	4770      	bx	lr
20000a2c:	3c01      	subs	r4, #1
20000a2e:	eb0e 0100 	add.w	r1, lr, r0
20000a32:	f81e 3b01 	ldrb.w	r3, [lr], #1
20000a36:	4571      	cmp	r1, lr
20000a38:	f804 3f01 	strb.w	r3, [r4, #1]!
20000a3c:	d1f9      	bne.n	20000a32 <sync_ep_buffer+0xa6>
20000a3e:	e7df      	b.n	20000a00 <sync_ep_buffer+0x74>

20000a40 <_hw_endpoint_xfer_sync>:
20000a40:	b510      	push	{r4, lr}
20000a42:	4604      	mov	r4, r0
20000a44:	6883      	ldr	r3, [r0, #8]
20000a46:	2100      	movs	r1, #0
20000a48:	681b      	ldr	r3, [r3, #0]
20000a4a:	f7ff ff9f 	bl	2000098c <sync_ep_buffer>
20000a4e:	6863      	ldr	r3, [r4, #4]
20000a50:	681b      	ldr	r3, [r3, #0]
20000a52:	005b      	lsls	r3, r3, #1
20000a54:	d502      	bpl.n	20000a5c <_hw_endpoint_xfer_sync+0x1c>
20000a56:	8b23      	ldrh	r3, [r4, #24]
20000a58:	4283      	cmp	r3, r0
20000a5a:	d000      	beq.n	20000a5e <_hw_endpoint_xfer_sync+0x1e>
20000a5c:	bd10      	pop	{r4, pc}
20000a5e:	4620      	mov	r0, r4
20000a60:	e8bd 4010 	ldmia.w	sp!, {r4, lr}
20000a64:	2101      	movs	r1, #1
20000a66:	f7ff bf91 	b.w	2000098c <sync_ep_buffer>
20000a6a:	bf00      	nop

20000a6c <e15_is_bulkin_ep>:
20000a6c:	4b08      	ldr	r3, [pc, #32]	@ (20000a90 <e15_is_bulkin_ep+0x24>)
20000a6e:	6c1b      	ldr	r3, [r3, #64]	@ 0x40
20000a70:	f013 0302 	ands.w	r3, r3, #2
20000a74:	d102      	bne.n	20000a7c <e15_is_bulkin_ep+0x10>
20000a76:	7882      	ldrb	r2, [r0, #2]
20000a78:	09d2      	lsrs	r2, r2, #7
20000a7a:	d101      	bne.n	20000a80 <e15_is_bulkin_ep+0x14>
20000a7c:	2000      	movs	r0, #0
20000a7e:	4770      	bx	lr
20000a80:	7ec0      	ldrb	r0, [r0, #27]
20000a82:	f1a0 0002 	sub.w	r0, r0, #2
20000a86:	fab0 f080 	clz	r0, r0
20000a8a:	0940      	lsrs	r0, r0, #5
20000a8c:	4770      	bx	lr
20000a8e:	bf00      	nop
20000a90:	50110000 	.word	0x50110000

20000a94 <e15_is_critical_frame_period>:
20000a94:	b508      	push	{r3, lr}
20000a96:	f7ff ffe9 	bl	20000a6c <e15_is_bulkin_ep>
20000a9a:	b150      	cbz	r0, 20000ab2 <e15_is_critical_frame_period+0x1e>
20000a9c:	4a05      	ldr	r2, [pc, #20]	@ (20000ab4 <e15_is_critical_frame_period+0x20>)
20000a9e:	4b06      	ldr	r3, [pc, #24]	@ (20000ab8 <e15_is_critical_frame_period+0x24>)
20000aa0:	6a90      	ldr	r0, [r2, #40]	@ 0x28
20000aa2:	681b      	ldr	r3, [r3, #0]
20000aa4:	f5a0 7048 	sub.w	r0, r0, #800	@ 0x320
20000aa8:	1ac0      	subs	r0, r0, r3
20000aaa:	28c6      	cmp	r0, #198	@ 0xc6
20000aac:	bf8c      	ite	hi
20000aae:	2000      	movhi	r0, #0
20000ab0:	2001      	movls	r0, #1
20000ab2:	bd08      	pop	{r3, pc}
20000ab4:	400b0000 	.word	0x400b0000
20000ab8:	20002478 	.word	0x20002478

20000abc <hw_endpoint_reset_transfer>:
20000abc:	2300      	movs	r3, #0
20000abe:	e9c0 3304 	strd	r3, r3, [r0, #16]
20000ac2:	7683      	strb	r3, [r0, #26]
20000ac4:	4770      	bx	lr
20000ac6:	bf00      	nop

20000ac8 <_hw_endpoint_buffer_control_update32>:
20000ac8:	b510      	push	{r4, lr}
20000aca:	6883      	ldr	r3, [r0, #8]
20000acc:	b109      	cbz	r1, 20000ad2 <_hw_endpoint_buffer_control_update32+0xa>
20000ace:	681c      	ldr	r4, [r3, #0]
20000ad0:	4021      	ands	r1, r4
20000ad2:	b182      	cbz	r2, 20000af6 <_hw_endpoint_buffer_control_update32+0x2e>
20000ad4:	4311      	orrs	r1, r2
20000ad6:	0552      	lsls	r2, r2, #21
20000ad8:	d50d      	bpl.n	20000af6 <_hw_endpoint_buffer_control_update32+0x2e>
20000ada:	681a      	ldr	r2, [r3, #0]
20000adc:	0554      	lsls	r4, r2, #21
20000ade:	d40c      	bmi.n	20000afa <_hw_endpoint_buffer_control_update32+0x32>
20000ae0:	4a08      	ldr	r2, [pc, #32]	@ (20000b04 <_hw_endpoint_buffer_control_update32+0x3c>)
20000ae2:	f421 6480 	bic.w	r4, r1, #1024	@ 0x400
20000ae6:	601c      	str	r4, [r3, #0]
20000ae8:	6c12      	ldr	r2, [r2, #64]	@ 0x40
20000aea:	0792      	lsls	r2, r2, #30
20000aec:	d403      	bmi.n	20000af6 <_hw_endpoint_buffer_control_update32+0x2e>
20000aee:	230c      	movs	r3, #12
20000af0:	3b03      	subs	r3, #3
20000af2:	d2fd      	bcs.n	20000af0 <_hw_endpoint_buffer_control_update32+0x28>
20000af4:	6883      	ldr	r3, [r0, #8]
20000af6:	6019      	str	r1, [r3, #0]
20000af8:	bd10      	pop	{r4, pc}
20000afa:	7881      	ldrb	r1, [r0, #2]
20000afc:	4802      	ldr	r0, [pc, #8]	@ (20000b08 <_hw_endpoint_buffer_control_update32+0x40>)
20000afe:	f000 fcf3 	bl	200014e8 <__panic_veneer>
20000b02:	bf00      	nop
20000b04:	50110000 	.word	0x50110000
20000b08:	100097bc 	.word	0x100097bc

20000b0c <hw_endpoint_start_next_buffer>:
20000b0c:	b530      	push	{r4, r5, lr}
20000b0e:	6843      	ldr	r3, [r0, #4]
20000b10:	2100      	movs	r1, #0
20000b12:	b083      	sub	sp, #12
20000b14:	4604      	mov	r4, r0
20000b16:	681d      	ldr	r5, [r3, #0]
20000b18:	f7ff fed8 	bl	200008cc <prepare_ep_buffer>
20000b1c:	4b13      	ldr	r3, [pc, #76]	@ (20000b6c <hw_endpoint_start_next_buffer+0x60>)
20000b1e:	f440 5280 	orr.w	r2, r0, #4096	@ 0x1000
20000b22:	6c19      	ldr	r1, [r3, #64]	@ 0x40
20000b24:	78a3      	ldrb	r3, [r4, #2]
20000b26:	0789      	lsls	r1, r1, #30
20000b28:	d50e      	bpl.n	20000b48 <hw_endpoint_start_next_buffer+0x3c>
20000b2a:	065b      	lsls	r3, r3, #25
20000b2c:	d00e      	beq.n	20000b4c <hw_endpoint_start_next_buffer+0x40>
20000b2e:	f025 45a0 	bic.w	r5, r5, #1342177280	@ 0x50000000
20000b32:	f045 5500 	orr.w	r5, r5, #536870912	@ 0x20000000
20000b36:	2100      	movs	r1, #0
20000b38:	4620      	mov	r0, r4
20000b3a:	6863      	ldr	r3, [r4, #4]
20000b3c:	601d      	str	r5, [r3, #0]
20000b3e:	b003      	add	sp, #12
20000b40:	e8bd 4030 	ldmia.w	sp!, {r4, r5, lr}
20000b44:	f7ff bfc0 	b.w	20000ac8 <_hw_endpoint_buffer_control_update32>
20000b48:	09db      	lsrs	r3, r3, #7
20000b4a:	d0f0      	beq.n	20000b2e <hw_endpoint_start_next_buffer+0x22>
20000b4c:	8aa3      	ldrh	r3, [r4, #20]
20000b4e:	2b00      	cmp	r3, #0
20000b50:	d0ed      	beq.n	20000b2e <hw_endpoint_start_next_buffer+0x22>
20000b52:	2101      	movs	r1, #1
20000b54:	4620      	mov	r0, r4
20000b56:	9201      	str	r2, [sp, #4]
20000b58:	f7ff feb8 	bl	200008cc <prepare_ep_buffer>
20000b5c:	9a01      	ldr	r2, [sp, #4]
20000b5e:	f025 5500 	bic.w	r5, r5, #536870912	@ 0x20000000
20000b62:	4302      	orrs	r2, r0
20000b64:	f045 45a0 	orr.w	r5, r5, #1342177280	@ 0x50000000
20000b68:	e7e5      	b.n	20000b36 <hw_endpoint_start_next_buffer+0x2a>
20000b6a:	bf00      	nop
20000b6c:	50110000 	.word	0x50110000

20000b70 <hw_endpoint_xfer_continue>:
20000b70:	b538      	push	{r3, r4, r5, lr}
20000b72:	7e85      	ldrb	r5, [r0, #26]
20000b74:	4604      	mov	r4, r0
20000b76:	b195      	cbz	r5, 20000b9e <hw_endpoint_xfer_continue+0x2e>
20000b78:	f7ff ff62 	bl	20000a40 <_hw_endpoint_xfer_sync>
20000b7c:	8aa3      	ldrh	r3, [r4, #20]
20000b7e:	b90b      	cbnz	r3, 20000b84 <hw_endpoint_xfer_continue+0x14>
20000b80:	4628      	mov	r0, r5
20000b82:	bd38      	pop	{r3, r4, r5, pc}
20000b84:	4620      	mov	r0, r4
20000b86:	f7ff ff85 	bl	20000a94 <e15_is_critical_frame_period>
20000b8a:	b120      	cbz	r0, 20000b96 <hw_endpoint_xfer_continue+0x26>
20000b8c:	2301      	movs	r3, #1
20000b8e:	7723      	strb	r3, [r4, #28]
20000b90:	2500      	movs	r5, #0
20000b92:	4628      	mov	r0, r5
20000b94:	bd38      	pop	{r3, r4, r5, pc}
20000b96:	4620      	mov	r0, r4
20000b98:	f7ff ffb8 	bl	20000b0c <hw_endpoint_start_next_buffer>
20000b9c:	e7f8      	b.n	20000b90 <hw_endpoint_xfer_continue+0x20>
20000b9e:	7881      	ldrb	r1, [r0, #2]
20000ba0:	4801      	ldr	r0, [pc, #4]	@ (20000ba8 <hw_endpoint_xfer_continue+0x38>)
20000ba2:	f000 fca1 	bl	200014e8 <__panic_veneer>
20000ba6:	bf00      	nop
20000ba8:	100097dc 	.word	0x100097dc

20000bac <dcd_event_handler>:
20000bac:	e92d 43f0 	stmdb	sp!, {r4, r5, r6, r7, r8, r9, lr}
20000bb0:	7843      	ldrb	r3, [r0, #1]
20000bb2:	4681      	mov	r9, r0
20000bb4:	3b02      	subs	r3, #2
20000bb6:	460d      	mov	r5, r1
20000bb8:	b085      	sub	sp, #20
20000bba:	2b04      	cmp	r3, #4
20000bbc:	d813      	bhi.n	20000be6 <dcd_event_handler+0x3a>
20000bbe:	e8df f003 	tbb	[pc, r3]
20000bc2:	4a03      	.short	0x4a03
20000bc4:	736a      	.short	0x736a
20000bc6:	44          	.byte	0x44
20000bc7:	00          	.byte	0x00
20000bc8:	2100      	movs	r1, #0
20000bca:	4b7b      	ldr	r3, [pc, #492]	@ (20000db8 <dcd_event_handler+0x20c>)
20000bcc:	781a      	ldrb	r2, [r3, #0]
20000bce:	f022 0201 	bic.w	r2, r2, #1
20000bd2:	701a      	strb	r2, [r3, #0]
20000bd4:	781a      	ldrb	r2, [r3, #0]
20000bd6:	f022 0202 	bic.w	r2, r2, #2
20000bda:	701a      	strb	r2, [r3, #0]
20000bdc:	7059      	strb	r1, [r3, #1]
20000bde:	781a      	ldrb	r2, [r3, #0]
20000be0:	f361 0282 	bfi	r2, r1, #2, #1
20000be4:	701a      	strb	r2, [r3, #0]
20000be6:	4b75      	ldr	r3, [pc, #468]	@ (20000dbc <dcd_event_handler+0x210>)
20000be8:	681c      	ldr	r4, [r3, #0]
20000bea:	6963      	ldr	r3, [r4, #20]
20000bec:	f3ef 8210 	mrs	r2, PRIMASK
20000bf0:	b672      	cpsid	i
20000bf2:	e8d3 0fcf 	ldaexb	r0, [r3]
20000bf6:	2101      	movs	r1, #1
20000bf8:	2800      	cmp	r0, #0
20000bfa:	d1fa      	bne.n	20000bf2 <dcd_event_handler+0x46>
20000bfc:	e8c3 1f40 	strexb	r0, r1, [r3]
20000c00:	2800      	cmp	r0, #0
20000c02:	d1f6      	bne.n	20000bf2 <dcd_event_handler+0x46>
20000c04:	f3bf 8f5f 	dmb	sy
20000c08:	61a2      	str	r2, [r4, #24]
20000c0a:	4649      	mov	r1, r9
20000c0c:	4620      	mov	r0, r4
20000c0e:	f000 fc6f 	bl	200014f0 <__tu_fifo_write_veneer>
20000c12:	2300      	movs	r3, #0
20000c14:	6962      	ldr	r2, [r4, #20]
20000c16:	e8c2 3f8f 	stlb	r3, [r2]
20000c1a:	69a3      	ldr	r3, [r4, #24]
20000c1c:	f383 8810 	msr	PRIMASK, r3
20000c20:	b948      	cbnz	r0, 20000c36 <dcd_event_handler+0x8a>
20000c22:	f04f 23e0 	mov.w	r3, #3758153728	@ 0xe000e000
20000c26:	f8d3 3df0 	ldr.w	r3, [r3, #3568]	@ 0xdf0
20000c2a:	07db      	lsls	r3, r3, #31
20000c2c:	d50a      	bpl.n	20000c44 <dcd_event_handler+0x98>
20000c2e:	be00      	bkpt	0x0000
20000c30:	b005      	add	sp, #20
20000c32:	e8bd 83f0 	ldmia.w	sp!, {r4, r5, r6, r7, r8, r9, pc}
20000c36:	462a      	mov	r2, r5
20000c38:	f899 1001 	ldrb.w	r1, [r9, #1]
20000c3c:	f899 0000 	ldrb.w	r0, [r9]
20000c40:	f000 fc4a 	bl	200014d8 <__tud_event_hook_cb_veneer>
20000c44:	b005      	add	sp, #20
20000c46:	e8bd 83f0 	ldmia.w	sp!, {r4, r5, r6, r7, r8, r9, pc}
20000c4a:	4a5d      	ldr	r2, [pc, #372]	@ (20000dc0 <dcd_event_handler+0x214>)
20000c4c:	7813      	ldrb	r3, [r2, #0]
20000c4e:	3301      	adds	r3, #1
20000c50:	b2db      	uxtb	r3, r3
20000c52:	7013      	strb	r3, [r2, #0]
20000c54:	e7c7      	b.n	20000be6 <dcd_event_handler+0x3a>
20000c56:	2400      	movs	r4, #0
20000c58:	4e5a      	ldr	r6, [pc, #360]	@ (20000dc4 <dcd_event_handler+0x218>)
20000c5a:	4623      	mov	r3, r4
20000c5c:	7831      	ldrb	r1, [r6, #0]
20000c5e:	f8df 816c 	ldr.w	r8, [pc, #364]	@ 20000dcc <dcd_event_handler+0x220>
20000c62:	4f59      	ldr	r7, [pc, #356]	@ (20000dc8 <dcd_event_handler+0x21c>)
20000c64:	e011      	b.n	20000c8a <dcd_event_handler+0xde>
20000c66:	683b      	ldr	r3, [r7, #0]
20000c68:	eb13 1344 	adds.w	r3, r3, r4, lsl #5
20000c6c:	d007      	beq.n	20000c7e <dcd_event_handler+0xd2>
20000c6e:	69db      	ldr	r3, [r3, #28]
20000c70:	b12b      	cbz	r3, 20000c7e <dcd_event_handler+0xd2>
20000c72:	f8d9 1004 	ldr.w	r1, [r9, #4]
20000c76:	f899 0000 	ldrb.w	r0, [r9]
20000c7a:	4798      	blx	r3
20000c7c:	7831      	ldrb	r1, [r6, #0]
20000c7e:	3401      	adds	r4, #1
20000c80:	b2e4      	uxtb	r4, r4
20000c82:	1c4a      	adds	r2, r1, #1
20000c84:	42a2      	cmp	r2, r4
20000c86:	4623      	mov	r3, r4
20000c88:	db17      	blt.n	20000cba <dcd_event_handler+0x10e>
20000c8a:	42a1      	cmp	r1, r4
20000c8c:	d8eb      	bhi.n	20000c66 <dcd_event_handler+0xba>
20000c8e:	1a5b      	subs	r3, r3, r1
20000c90:	eb08 1343 	add.w	r3, r8, r3, lsl #5
20000c94:	e7eb      	b.n	20000c6e <dcd_event_handler+0xc2>
20000c96:	4b48      	ldr	r3, [pc, #288]	@ (20000db8 <dcd_event_handler+0x20c>)
20000c98:	781a      	ldrb	r2, [r3, #0]
20000c9a:	07d6      	lsls	r6, r2, #31
20000c9c:	d5d2      	bpl.n	20000c44 <dcd_event_handler+0x98>
20000c9e:	781a      	ldrb	r2, [r3, #0]
20000ca0:	f042 0204 	orr.w	r2, r2, #4
20000ca4:	701a      	strb	r2, [r3, #0]
20000ca6:	e79e      	b.n	20000be6 <dcd_event_handler+0x3a>
20000ca8:	4b43      	ldr	r3, [pc, #268]	@ (20000db8 <dcd_event_handler+0x20c>)
20000caa:	781a      	ldrb	r2, [r3, #0]
20000cac:	07d4      	lsls	r4, r2, #31
20000cae:	d5c9      	bpl.n	20000c44 <dcd_event_handler+0x98>
20000cb0:	781a      	ldrb	r2, [r3, #0]
20000cb2:	f022 0204 	bic.w	r2, r2, #4
20000cb6:	701a      	strb	r2, [r3, #0]
20000cb8:	e795      	b.n	20000be6 <dcd_event_handler+0x3a>
20000cba:	4c3f      	ldr	r4, [pc, #252]	@ (20000db8 <dcd_event_handler+0x20c>)
20000cbc:	7823      	ldrb	r3, [r4, #0]
20000cbe:	0758      	lsls	r0, r3, #29
20000cc0:	d43a      	bmi.n	20000d38 <dcd_event_handler+0x18c>
20000cc2:	78e3      	ldrb	r3, [r4, #3]
20000cc4:	07da      	lsls	r2, r3, #31
20000cc6:	d5bd      	bpl.n	20000c44 <dcd_event_handler+0x98>
20000cc8:	2303      	movs	r3, #3
20000cca:	2600      	movs	r6, #0
20000ccc:	4a3b      	ldr	r2, [pc, #236]	@ (20000dbc <dcd_event_handler+0x210>)
20000cce:	f899 1000 	ldrb.w	r1, [r9]
20000cd2:	6814      	ldr	r4, [r2, #0]
20000cd4:	f8d9 2004 	ldr.w	r2, [r9, #4]
20000cd8:	f88d 1004 	strb.w	r1, [sp, #4]
20000cdc:	f88d 3005 	strb.w	r3, [sp, #5]
20000ce0:	6963      	ldr	r3, [r4, #20]
20000ce2:	f8cd 6006 	str.w	r6, [sp, #6]
20000ce6:	f8cd 600a 	str.w	r6, [sp, #10]
20000cea:	f8ad 600e 	strh.w	r6, [sp, #14]
20000cee:	9202      	str	r2, [sp, #8]
20000cf0:	f3ef 8210 	mrs	r2, PRIMASK
20000cf4:	b672      	cpsid	i
20000cf6:	e8d3 0fcf 	ldaexb	r0, [r3]
20000cfa:	2101      	movs	r1, #1
20000cfc:	2800      	cmp	r0, #0
20000cfe:	d1fa      	bne.n	20000cf6 <dcd_event_handler+0x14a>
20000d00:	e8c3 1f40 	strexb	r0, r1, [r3]
20000d04:	2800      	cmp	r0, #0
20000d06:	d1f6      	bne.n	20000cf6 <dcd_event_handler+0x14a>
20000d08:	f3bf 8f5f 	dmb	sy
20000d0c:	4620      	mov	r0, r4
20000d0e:	61a2      	str	r2, [r4, #24]
20000d10:	a901      	add	r1, sp, #4
20000d12:	f000 fbed 	bl	200014f0 <__tu_fifo_write_veneer>
20000d16:	6963      	ldr	r3, [r4, #20]
20000d18:	e8c3 6f8f 	stlb	r6, [r3]
20000d1c:	69a3      	ldr	r3, [r4, #24]
20000d1e:	f383 8810 	msr	PRIMASK, r3
20000d22:	2800      	cmp	r0, #0
20000d24:	f43f af7d 	beq.w	20000c22 <dcd_event_handler+0x76>
20000d28:	462a      	mov	r2, r5
20000d2a:	f89d 1005 	ldrb.w	r1, [sp, #5]
20000d2e:	f89d 0004 	ldrb.w	r0, [sp, #4]
20000d32:	f000 fbd1 	bl	200014d8 <__tud_event_hook_cb_veneer>
20000d36:	e785      	b.n	20000c44 <dcd_event_handler+0x98>
20000d38:	7823      	ldrb	r3, [r4, #0]
20000d3a:	2700      	movs	r7, #0
20000d3c:	f023 0304 	bic.w	r3, r3, #4
20000d40:	7023      	strb	r3, [r4, #0]
20000d42:	2305      	movs	r3, #5
20000d44:	4a1d      	ldr	r2, [pc, #116]	@ (20000dbc <dcd_event_handler+0x210>)
20000d46:	f88d 3005 	strb.w	r3, [sp, #5]
20000d4a:	6816      	ldr	r6, [r2, #0]
20000d4c:	f899 2000 	ldrb.w	r2, [r9]
20000d50:	f8ad 700e 	strh.w	r7, [sp, #14]
20000d54:	f88d 2004 	strb.w	r2, [sp, #4]
20000d58:	6973      	ldr	r3, [r6, #20]
20000d5a:	f8cd 7006 	str.w	r7, [sp, #6]
20000d5e:	f8cd 700a 	str.w	r7, [sp, #10]
20000d62:	f3ef 8210 	mrs	r2, PRIMASK
20000d66:	b672      	cpsid	i
20000d68:	e8d3 0fcf 	ldaexb	r0, [r3]
20000d6c:	2101      	movs	r1, #1
20000d6e:	2800      	cmp	r0, #0
20000d70:	d1fa      	bne.n	20000d68 <dcd_event_handler+0x1bc>
20000d72:	e8c3 1f40 	strexb	r0, r1, [r3]
20000d76:	2800      	cmp	r0, #0
20000d78:	d1f6      	bne.n	20000d68 <dcd_event_handler+0x1bc>
20000d7a:	f3bf 8f5f 	dmb	sy
20000d7e:	4630      	mov	r0, r6
20000d80:	61b2      	str	r2, [r6, #24]
20000d82:	a901      	add	r1, sp, #4
20000d84:	f000 fbb4 	bl	200014f0 <__tu_fifo_write_veneer>
20000d88:	6973      	ldr	r3, [r6, #20]
20000d8a:	e8c3 7f8f 	stlb	r7, [r3]
20000d8e:	69b3      	ldr	r3, [r6, #24]
20000d90:	f383 8810 	msr	PRIMASK, r3
20000d94:	b938      	cbnz	r0, 20000da6 <dcd_event_handler+0x1fa>
20000d96:	f04f 23e0 	mov.w	r3, #3758153728	@ 0xe000e000
20000d9a:	f8d3 3df0 	ldr.w	r3, [r3, #3568]	@ 0xdf0
20000d9e:	07d9      	lsls	r1, r3, #31
20000da0:	d58f      	bpl.n	20000cc2 <dcd_event_handler+0x116>
20000da2:	be00      	bkpt	0x0000
20000da4:	e78d      	b.n	20000cc2 <dcd_event_handler+0x116>
20000da6:	462a      	mov	r2, r5
20000da8:	f89d 1005 	ldrb.w	r1, [sp, #5]
20000dac:	f89d 0004 	ldrb.w	r0, [sp, #4]
20000db0:	f000 fb92 	bl	200014d8 <__tud_event_hook_cb_veneer>
20000db4:	e785      	b.n	20000cc2 <dcd_event_handler+0x116>
20000db6:	bf00      	nop
20000db8:	20002020 	.word	0x20002020
20000dbc:	20002078 	.word	0x20002078
20000dc0:	20002a72 	.word	0x20002a72
20000dc4:	20002a70 	.word	0x20002a70
20000dc8:	20001e50 	.word	0x20001e50
20000dcc:	10009a44 	.word	0x10009a44

20000dd0 <__aeabi_drsub>:
20000dd0:	f081 4100 	eor.w	r1, r1, #2147483648	@ 0x80000000
20000dd4:	e002      	b.n	20000ddc <__adddf3>
20000dd6:	bf00      	nop

20000dd8 <__aeabi_dsub>:
20000dd8:	f083 4300 	eor.w	r3, r3, #2147483648	@ 0x80000000

20000ddc <__adddf3>:
20000ddc:	b530      	push	{r4, r5, lr}
20000dde:	ea4f 0441 	mov.w	r4, r1, lsl #1
20000de2:	ea4f 0543 	mov.w	r5, r3, lsl #1
20000de6:	ea94 0f05 	teq	r4, r5
20000dea:	bf08      	it	eq
20000dec:	ea90 0f02 	teqeq	r0, r2
20000df0:	bf1f      	itttt	ne
20000df2:	ea54 0c00 	orrsne.w	ip, r4, r0
20000df6:	ea55 0c02 	orrsne.w	ip, r5, r2
20000dfa:	ea7f 5c64 	mvnsne.w	ip, r4, asr #21
20000dfe:	ea7f 5c65 	mvnsne.w	ip, r5, asr #21
20000e02:	f000 80e2 	beq.w	20000fca <__adddf3+0x1ee>
20000e06:	ea4f 5454 	mov.w	r4, r4, lsr #21
20000e0a:	ebd4 5555 	rsbs	r5, r4, r5, lsr #21
20000e0e:	bfb8      	it	lt
20000e10:	426d      	neglt	r5, r5
20000e12:	dd0c      	ble.n	20000e2e <__adddf3+0x52>
20000e14:	442c      	add	r4, r5
20000e16:	ea80 0202 	eor.w	r2, r0, r2
20000e1a:	ea81 0303 	eor.w	r3, r1, r3
20000e1e:	ea82 0000 	eor.w	r0, r2, r0
20000e22:	ea83 0101 	eor.w	r1, r3, r1
20000e26:	ea80 0202 	eor.w	r2, r0, r2
20000e2a:	ea81 0303 	eor.w	r3, r1, r3
20000e2e:	2d36      	cmp	r5, #54	@ 0x36
20000e30:	bf88      	it	hi
20000e32:	bd30      	pophi	{r4, r5, pc}
20000e34:	f011 4f00 	tst.w	r1, #2147483648	@ 0x80000000
20000e38:	ea4f 3101 	mov.w	r1, r1, lsl #12
20000e3c:	f44f 1c80 	mov.w	ip, #1048576	@ 0x100000
20000e40:	ea4c 3111 	orr.w	r1, ip, r1, lsr #12
20000e44:	d002      	beq.n	20000e4c <__adddf3+0x70>
20000e46:	4240      	negs	r0, r0
20000e48:	eb61 0141 	sbc.w	r1, r1, r1, lsl #1
20000e4c:	f013 4f00 	tst.w	r3, #2147483648	@ 0x80000000
20000e50:	ea4f 3303 	mov.w	r3, r3, lsl #12
20000e54:	ea4c 3313 	orr.w	r3, ip, r3, lsr #12
20000e58:	d002      	beq.n	20000e60 <__adddf3+0x84>
20000e5a:	4252      	negs	r2, r2
20000e5c:	eb63 0343 	sbc.w	r3, r3, r3, lsl #1
20000e60:	ea94 0f05 	teq	r4, r5
20000e64:	f000 80a7 	beq.w	20000fb6 <__adddf3+0x1da>
20000e68:	f1a4 0401 	sub.w	r4, r4, #1
20000e6c:	f1d5 0e20 	rsbs	lr, r5, #32
20000e70:	db0d      	blt.n	20000e8e <__adddf3+0xb2>
20000e72:	fa02 fc0e 	lsl.w	ip, r2, lr
20000e76:	fa22 f205 	lsr.w	r2, r2, r5
20000e7a:	1880      	adds	r0, r0, r2
20000e7c:	f141 0100 	adc.w	r1, r1, #0
20000e80:	fa03 f20e 	lsl.w	r2, r3, lr
20000e84:	1880      	adds	r0, r0, r2
20000e86:	fa43 f305 	asr.w	r3, r3, r5
20000e8a:	4159      	adcs	r1, r3
20000e8c:	e00e      	b.n	20000eac <__adddf3+0xd0>
20000e8e:	f1a5 0520 	sub.w	r5, r5, #32
20000e92:	f10e 0e20 	add.w	lr, lr, #32
20000e96:	2a01      	cmp	r2, #1
20000e98:	fa03 fc0e 	lsl.w	ip, r3, lr
20000e9c:	bf28      	it	cs
20000e9e:	f04c 0c02 	orrcs.w	ip, ip, #2
20000ea2:	fa43 f305 	asr.w	r3, r3, r5
20000ea6:	18c0      	adds	r0, r0, r3
20000ea8:	eb51 71e3 	adcs.w	r1, r1, r3, asr #31
20000eac:	f001 4500 	and.w	r5, r1, #2147483648	@ 0x80000000
20000eb0:	d507      	bpl.n	20000ec2 <__adddf3+0xe6>
20000eb2:	f04f 0e00 	mov.w	lr, #0
20000eb6:	f1dc 0c00 	rsbs	ip, ip, #0
20000eba:	eb7e 0000 	sbcs.w	r0, lr, r0
20000ebe:	eb6e 0101 	sbc.w	r1, lr, r1
20000ec2:	f5b1 1f80 	cmp.w	r1, #1048576	@ 0x100000
20000ec6:	d31b      	bcc.n	20000f00 <__adddf3+0x124>
20000ec8:	f5b1 1f00 	cmp.w	r1, #2097152	@ 0x200000
20000ecc:	d30c      	bcc.n	20000ee8 <__adddf3+0x10c>
20000ece:	0849      	lsrs	r1, r1, #1
20000ed0:	ea5f 0030 	movs.w	r0, r0, rrx
20000ed4:	ea4f 0c3c 	mov.w	ip, ip, rrx
20000ed8:	f104 0401 	add.w	r4, r4, #1
20000edc:	ea4f 5244 	mov.w	r2, r4, lsl #21
20000ee0:	f512 0f80 	cmn.w	r2, #4194304	@ 0x400000
20000ee4:	f080 809a 	bcs.w	2000101c <__adddf3+0x240>
20000ee8:	f1bc 4f00 	cmp.w	ip, #2147483648	@ 0x80000000
20000eec:	bf08      	it	eq
20000eee:	ea5f 0c50 	movseq.w	ip, r0, lsr #1
20000ef2:	f150 0000 	adcs.w	r0, r0, #0
20000ef6:	eb41 5104 	adc.w	r1, r1, r4, lsl #20
20000efa:	ea41 0105 	orr.w	r1, r1, r5
20000efe:	bd30      	pop	{r4, r5, pc}
20000f00:	ea5f 0c4c 	movs.w	ip, ip, lsl #1
20000f04:	4140      	adcs	r0, r0
20000f06:	eb41 0101 	adc.w	r1, r1, r1
20000f0a:	3c01      	subs	r4, #1
20000f0c:	bf28      	it	cs
20000f0e:	f5b1 1f80 	cmpcs.w	r1, #1048576	@ 0x100000
20000f12:	d2e9      	bcs.n	20000ee8 <__adddf3+0x10c>
20000f14:	f091 0f00 	teq	r1, #0
20000f18:	bf04      	itt	eq
20000f1a:	4601      	moveq	r1, r0
20000f1c:	2000      	moveq	r0, #0
20000f1e:	fab1 f381 	clz	r3, r1
20000f22:	bf08      	it	eq
20000f24:	3320      	addeq	r3, #32
20000f26:	f1a3 030b 	sub.w	r3, r3, #11
20000f2a:	f1b3 0220 	subs.w	r2, r3, #32
20000f2e:	da0c      	bge.n	20000f4a <__adddf3+0x16e>
20000f30:	320c      	adds	r2, #12
20000f32:	dd08      	ble.n	20000f46 <__adddf3+0x16a>
20000f34:	f102 0c14 	add.w	ip, r2, #20
20000f38:	f1c2 020c 	rsb	r2, r2, #12
20000f3c:	fa01 f00c 	lsl.w	r0, r1, ip
20000f40:	fa21 f102 	lsr.w	r1, r1, r2
20000f44:	e00c      	b.n	20000f60 <__adddf3+0x184>
20000f46:	f102 0214 	add.w	r2, r2, #20
20000f4a:	bfd8      	it	le
20000f4c:	f1c2 0c20 	rsble	ip, r2, #32
20000f50:	fa01 f102 	lsl.w	r1, r1, r2
20000f54:	fa20 fc0c 	lsr.w	ip, r0, ip
20000f58:	bfdc      	itt	le
20000f5a:	ea41 010c 	orrle.w	r1, r1, ip
20000f5e:	4090      	lslle	r0, r2
20000f60:	1ae4      	subs	r4, r4, r3
20000f62:	bfa2      	ittt	ge
20000f64:	eb01 5104 	addge.w	r1, r1, r4, lsl #20
20000f68:	4329      	orrge	r1, r5
20000f6a:	bd30      	popge	{r4, r5, pc}
20000f6c:	ea6f 0404 	mvn.w	r4, r4
20000f70:	3c1f      	subs	r4, #31
20000f72:	da1c      	bge.n	20000fae <__adddf3+0x1d2>
20000f74:	340c      	adds	r4, #12
20000f76:	dc0e      	bgt.n	20000f96 <__adddf3+0x1ba>
20000f78:	f104 0414 	add.w	r4, r4, #20
20000f7c:	f1c4 0220 	rsb	r2, r4, #32
20000f80:	fa20 f004 	lsr.w	r0, r0, r4
20000f84:	fa01 f302 	lsl.w	r3, r1, r2
20000f88:	ea40 0003 	orr.w	r0, r0, r3
20000f8c:	fa21 f304 	lsr.w	r3, r1, r4
20000f90:	ea45 0103 	orr.w	r1, r5, r3
20000f94:	bd30      	pop	{r4, r5, pc}
20000f96:	f1c4 040c 	rsb	r4, r4, #12
20000f9a:	f1c4 0220 	rsb	r2, r4, #32
20000f9e:	fa20 f002 	lsr.w	r0, r0, r2
20000fa2:	fa01 f304 	lsl.w	r3, r1, r4
20000fa6:	ea40 0003 	orr.w	r0, r0, r3
20000faa:	4629      	mov	r1, r5
20000fac:	bd30      	pop	{r4, r5, pc}
20000fae:	fa21 f004 	lsr.w	r0, r1, r4
20000fb2:	4629      	mov	r1, r5
20000fb4:	bd30      	pop	{r4, r5, pc}
20000fb6:	f094 0f00 	teq	r4, #0
20000fba:	f483 1380 	eor.w	r3, r3, #1048576	@ 0x100000
20000fbe:	bf06      	itte	eq
20000fc0:	f481 1180 	eoreq.w	r1, r1, #1048576	@ 0x100000
20000fc4:	3401      	addeq	r4, #1
20000fc6:	3d01      	subne	r5, #1
20000fc8:	e74e      	b.n	20000e68 <__adddf3+0x8c>
20000fca:	ea7f 5c64 	mvns.w	ip, r4, asr #21
20000fce:	bf18      	it	ne
20000fd0:	ea7f 5c65 	mvnsne.w	ip, r5, asr #21
20000fd4:	d029      	beq.n	2000102a <__adddf3+0x24e>
20000fd6:	ea94 0f05 	teq	r4, r5
20000fda:	bf08      	it	eq
20000fdc:	ea90 0f02 	teqeq	r0, r2
20000fe0:	d005      	beq.n	20000fee <__adddf3+0x212>
20000fe2:	ea54 0c00 	orrs.w	ip, r4, r0
20000fe6:	bf04      	itt	eq
20000fe8:	4619      	moveq	r1, r3
20000fea:	4610      	moveq	r0, r2
20000fec:	bd30      	pop	{r4, r5, pc}
20000fee:	ea91 0f03 	teq	r1, r3
20000ff2:	bf1e      	ittt	ne
20000ff4:	2100      	movne	r1, #0
20000ff6:	2000      	movne	r0, #0
20000ff8:	bd30      	popne	{r4, r5, pc}
20000ffa:	ea5f 5c54 	movs.w	ip, r4, lsr #21
20000ffe:	d105      	bne.n	2000100c <__adddf3+0x230>
20001000:	0040      	lsls	r0, r0, #1
20001002:	4149      	adcs	r1, r1
20001004:	bf28      	it	cs
20001006:	f041 4100 	orrcs.w	r1, r1, #2147483648	@ 0x80000000
2000100a:	bd30      	pop	{r4, r5, pc}
2000100c:	f514 0480 	adds.w	r4, r4, #4194304	@ 0x400000
20001010:	bf3c      	itt	cc
20001012:	f501 1180 	addcc.w	r1, r1, #1048576	@ 0x100000
20001016:	bd30      	popcc	{r4, r5, pc}
20001018:	f001 4500 	and.w	r5, r1, #2147483648	@ 0x80000000
2000101c:	f045 41fe 	orr.w	r1, r5, #2130706432	@ 0x7f000000
20001020:	f441 0170 	orr.w	r1, r1, #15728640	@ 0xf00000
20001024:	f04f 0000 	mov.w	r0, #0
20001028:	bd30      	pop	{r4, r5, pc}
2000102a:	ea7f 5c64 	mvns.w	ip, r4, asr #21
2000102e:	bf1a      	itte	ne
20001030:	4619      	movne	r1, r3
20001032:	4610      	movne	r0, r2
20001034:	ea7f 5c65 	mvnseq.w	ip, r5, asr #21
20001038:	bf1c      	itt	ne
2000103a:	460b      	movne	r3, r1
2000103c:	4602      	movne	r2, r0
2000103e:	ea50 3401 	orrs.w	r4, r0, r1, lsl #12
20001042:	bf06      	itte	eq
20001044:	ea52 3503 	orrseq.w	r5, r2, r3, lsl #12
20001048:	ea91 0f03 	teqeq	r1, r3
2000104c:	f441 2100 	orrne.w	r1, r1, #524288	@ 0x80000
20001050:	bd30      	pop	{r4, r5, pc}
20001052:	bf00      	nop

20001054 <__aeabi_ui2d>:
20001054:	f090 0f00 	teq	r0, #0
20001058:	bf04      	itt	eq
2000105a:	2100      	moveq	r1, #0
2000105c:	4770      	bxeq	lr
2000105e:	b530      	push	{r4, r5, lr}
20001060:	f44f 6480 	mov.w	r4, #1024	@ 0x400
20001064:	f104 0432 	add.w	r4, r4, #50	@ 0x32
20001068:	f04f 0500 	mov.w	r5, #0
2000106c:	f04f 0100 	mov.w	r1, #0
20001070:	e750      	b.n	20000f14 <__adddf3+0x138>
20001072:	bf00      	nop

20001074 <__aeabi_i2d>:
20001074:	f090 0f00 	teq	r0, #0
20001078:	bf04      	itt	eq
2000107a:	2100      	moveq	r1, #0
2000107c:	4770      	bxeq	lr
2000107e:	b530      	push	{r4, r5, lr}
20001080:	f44f 6480 	mov.w	r4, #1024	@ 0x400
20001084:	f104 0432 	add.w	r4, r4, #50	@ 0x32
20001088:	f010 4500 	ands.w	r5, r0, #2147483648	@ 0x80000000
2000108c:	bf48      	it	mi
2000108e:	4240      	negmi	r0, r0
20001090:	f04f 0100 	mov.w	r1, #0
20001094:	e73e      	b.n	20000f14 <__adddf3+0x138>
20001096:	bf00      	nop

20001098 <__aeabi_f2d>:
20001098:	0042      	lsls	r2, r0, #1
2000109a:	ea4f 01e2 	mov.w	r1, r2, asr #3
2000109e:	ea4f 0131 	mov.w	r1, r1, rrx
200010a2:	ea4f 7002 	mov.w	r0, r2, lsl #28
200010a6:	bf1f      	itttt	ne
200010a8:	f012 437f 	andsne.w	r3, r2, #4278190080	@ 0xff000000
200010ac:	f093 4f7f 	teqne	r3, #4278190080	@ 0xff000000
200010b0:	f081 5160 	eorne.w	r1, r1, #939524096	@ 0x38000000
200010b4:	4770      	bxne	lr
200010b6:	f032 427f 	bics.w	r2, r2, #4278190080	@ 0xff000000
200010ba:	bf08      	it	eq
200010bc:	4770      	bxeq	lr
200010be:	f093 4f7f 	teq	r3, #4278190080	@ 0xff000000
200010c2:	bf04      	itt	eq
200010c4:	f441 2100 	orreq.w	r1, r1, #524288	@ 0x80000
200010c8:	4770      	bxeq	lr
200010ca:	b530      	push	{r4, r5, lr}
200010cc:	f44f 7460 	mov.w	r4, #896	@ 0x380
200010d0:	f001 4500 	and.w	r5, r1, #2147483648	@ 0x80000000
200010d4:	f021 4100 	bic.w	r1, r1, #2147483648	@ 0x80000000
200010d8:	e71c      	b.n	20000f14 <__adddf3+0x138>
200010da:	bf00      	nop

200010dc <__aeabi_ul2d>:
200010dc:	ea50 0201 	orrs.w	r2, r0, r1
200010e0:	bf08      	it	eq
200010e2:	4770      	bxeq	lr
200010e4:	b530      	push	{r4, r5, lr}
200010e6:	f04f 0500 	mov.w	r5, #0
200010ea:	e00a      	b.n	20001102 <__aeabi_l2d+0x16>

200010ec <__aeabi_l2d>:
200010ec:	ea50 0201 	orrs.w	r2, r0, r1
200010f0:	bf08      	it	eq
200010f2:	4770      	bxeq	lr
200010f4:	b530      	push	{r4, r5, lr}
200010f6:	f011 4500 	ands.w	r5, r1, #2147483648	@ 0x80000000
200010fa:	d502      	bpl.n	20001102 <__aeabi_l2d+0x16>
200010fc:	4240      	negs	r0, r0
200010fe:	eb61 0141 	sbc.w	r1, r1, r1, lsl #1
20001102:	f44f 6480 	mov.w	r4, #1024	@ 0x400
20001106:	f104 0432 	add.w	r4, r4, #50	@ 0x32
2000110a:	ea5f 5c91 	movs.w	ip, r1, lsr #22
2000110e:	f43f aed8 	beq.w	20000ec2 <__adddf3+0xe6>
20001112:	f04f 0203 	mov.w	r2, #3
20001116:	ea5f 0cdc 	movs.w	ip, ip, lsr #3
2000111a:	bf18      	it	ne
2000111c:	3203      	addne	r2, #3
2000111e:	ea5f 0cdc 	movs.w	ip, ip, lsr #3
20001122:	bf18      	it	ne
20001124:	3203      	addne	r2, #3
20001126:	eb02 02dc 	add.w	r2, r2, ip, lsr #3
2000112a:	f1c2 0320 	rsb	r3, r2, #32
2000112e:	fa00 fc03 	lsl.w	ip, r0, r3
20001132:	fa20 f002 	lsr.w	r0, r0, r2
20001136:	fa01 fe03 	lsl.w	lr, r1, r3
2000113a:	ea40 000e 	orr.w	r0, r0, lr
2000113e:	fa21 f102 	lsr.w	r1, r1, r2
20001142:	4414      	add	r4, r2
20001144:	e6bd      	b.n	20000ec2 <__adddf3+0xe6>
20001146:	bf00      	nop

20001148 <__aeabi_uldivmod>:
20001148:	b953      	cbnz	r3, 20001160 <__aeabi_uldivmod+0x18>
2000114a:	b94a      	cbnz	r2, 20001160 <__aeabi_uldivmod+0x18>
2000114c:	2900      	cmp	r1, #0
2000114e:	bf08      	it	eq
20001150:	2800      	cmpeq	r0, #0
20001152:	bf1c      	itt	ne
20001154:	f04f 31ff 	movne.w	r1, #4294967295
20001158:	f04f 30ff 	movne.w	r0, #4294967295
2000115c:	f000 b9b2 	b.w	200014c4 <__aeabi_idiv0>
20001160:	f1ad 0c08 	sub.w	ip, sp, #8
20001164:	e96d ce04 	strd	ip, lr, [sp, #-16]!
20001168:	f000 f806 	bl	20001178 <__udivmoddi4>
2000116c:	f8dd e004 	ldr.w	lr, [sp, #4]
20001170:	e9dd 2302 	ldrd	r2, r3, [sp, #8]
20001174:	b004      	add	sp, #16
20001176:	4770      	bx	lr

20001178 <__udivmoddi4>:
20001178:	e92d 4ff0 	stmdb	sp!, {r4, r5, r6, r7, r8, r9, sl, fp, lr}
2000117c:	468c      	mov	ip, r1
2000117e:	9e09      	ldr	r6, [sp, #36]	@ 0x24
20001180:	4604      	mov	r4, r0
20001182:	460f      	mov	r7, r1
20001184:	2b00      	cmp	r3, #0
20001186:	d148      	bne.n	2000121a <__udivmoddi4+0xa2>
20001188:	428a      	cmp	r2, r1
2000118a:	4615      	mov	r5, r2
2000118c:	d95e      	bls.n	2000124c <__udivmoddi4+0xd4>
2000118e:	fab2 f382 	clz	r3, r2
20001192:	b13b      	cbz	r3, 200011a4 <__udivmoddi4+0x2c>
20001194:	f1c3 0220 	rsb	r2, r3, #32
20001198:	409f      	lsls	r7, r3
2000119a:	409d      	lsls	r5, r3
2000119c:	409c      	lsls	r4, r3
2000119e:	fa20 f202 	lsr.w	r2, r0, r2
200011a2:	4317      	orrs	r7, r2
200011a4:	ea4f 4e15 	mov.w	lr, r5, lsr #16
200011a8:	fa1f fc85 	uxth.w	ip, r5
200011ac:	0c22      	lsrs	r2, r4, #16
200011ae:	fbb7 f1fe 	udiv	r1, r7, lr
200011b2:	fb0e 7711 	mls	r7, lr, r1, r7
200011b6:	fb01 f00c 	mul.w	r0, r1, ip
200011ba:	ea42 4207 	orr.w	r2, r2, r7, lsl #16
200011be:	4290      	cmp	r0, r2
200011c0:	d907      	bls.n	200011d2 <__udivmoddi4+0x5a>
200011c2:	18aa      	adds	r2, r5, r2
200011c4:	f101 37ff 	add.w	r7, r1, #4294967295
200011c8:	d202      	bcs.n	200011d0 <__udivmoddi4+0x58>
200011ca:	4290      	cmp	r0, r2
200011cc:	f200 8158 	bhi.w	20001480 <__udivmoddi4+0x308>
200011d0:	4639      	mov	r1, r7
200011d2:	1a12      	subs	r2, r2, r0
200011d4:	b2a4      	uxth	r4, r4
200011d6:	fbb2 f0fe 	udiv	r0, r2, lr
200011da:	fb0e 2210 	mls	r2, lr, r0, r2
200011de:	fb00 fc0c 	mul.w	ip, r0, ip
200011e2:	ea44 4402 	orr.w	r4, r4, r2, lsl #16
200011e6:	45a4      	cmp	ip, r4
200011e8:	d90b      	bls.n	20001202 <__udivmoddi4+0x8a>
200011ea:	192c      	adds	r4, r5, r4
200011ec:	f100 32ff 	add.w	r2, r0, #4294967295
200011f0:	bf2c      	ite	cs
200011f2:	2701      	movcs	r7, #1
200011f4:	2700      	movcc	r7, #0
200011f6:	45a4      	cmp	ip, r4
200011f8:	d902      	bls.n	20001200 <__udivmoddi4+0x88>
200011fa:	2f00      	cmp	r7, #0
200011fc:	f000 8143 	beq.w	20001486 <__udivmoddi4+0x30e>
20001200:	4610      	mov	r0, r2
20001202:	ea40 4001 	orr.w	r0, r0, r1, lsl #16
20001206:	eba4 040c 	sub.w	r4, r4, ip
2000120a:	2100      	movs	r1, #0
2000120c:	b11e      	cbz	r6, 20001216 <__udivmoddi4+0x9e>
2000120e:	40dc      	lsrs	r4, r3
20001210:	2300      	movs	r3, #0
20001212:	e9c6 4300 	strd	r4, r3, [r6]
20001216:	e8bd 8ff0 	ldmia.w	sp!, {r4, r5, r6, r7, r8, r9, sl, fp, pc}
2000121a:	428b      	cmp	r3, r1
2000121c:	d906      	bls.n	2000122c <__udivmoddi4+0xb4>
2000121e:	b10e      	cbz	r6, 20001224 <__udivmoddi4+0xac>
20001220:	e9c6 0100 	strd	r0, r1, [r6]
20001224:	2100      	movs	r1, #0
20001226:	4608      	mov	r0, r1
20001228:	e8bd 8ff0 	ldmia.w	sp!, {r4, r5, r6, r7, r8, r9, sl, fp, pc}
2000122c:	fab3 f183 	clz	r1, r3
20001230:	2900      	cmp	r1, #0
20001232:	d151      	bne.n	200012d8 <__udivmoddi4+0x160>
20001234:	4563      	cmp	r3, ip
20001236:	f0c0 8116 	bcc.w	20001466 <__udivmoddi4+0x2ee>
2000123a:	4282      	cmp	r2, r0
2000123c:	f240 8113 	bls.w	20001466 <__udivmoddi4+0x2ee>
20001240:	4608      	mov	r0, r1
20001242:	2e00      	cmp	r6, #0
20001244:	d0e7      	beq.n	20001216 <__udivmoddi4+0x9e>
20001246:	e9c6 4700 	strd	r4, r7, [r6]
2000124a:	e7e4      	b.n	20001216 <__udivmoddi4+0x9e>
2000124c:	2a00      	cmp	r2, #0
2000124e:	f000 80af 	beq.w	200013b0 <__udivmoddi4+0x238>
20001252:	fab2 f382 	clz	r3, r2
20001256:	2b00      	cmp	r3, #0
20001258:	f040 80c2 	bne.w	200013e0 <__udivmoddi4+0x268>
2000125c:	1a8a      	subs	r2, r1, r2
2000125e:	ea4f 4e15 	mov.w	lr, r5, lsr #16
20001262:	b2af      	uxth	r7, r5
20001264:	2101      	movs	r1, #1
20001266:	0c20      	lsrs	r0, r4, #16
20001268:	fbb2 fcfe 	udiv	ip, r2, lr
2000126c:	fb0e 221c 	mls	r2, lr, ip, r2
20001270:	ea40 4202 	orr.w	r2, r0, r2, lsl #16
20001274:	fb07 f00c 	mul.w	r0, r7, ip
20001278:	4290      	cmp	r0, r2
2000127a:	d90e      	bls.n	2000129a <__udivmoddi4+0x122>
2000127c:	18aa      	adds	r2, r5, r2
2000127e:	f10c 38ff 	add.w	r8, ip, #4294967295
20001282:	bf2c      	ite	cs
20001284:	f04f 0901 	movcs.w	r9, #1
20001288:	f04f 0900 	movcc.w	r9, #0
2000128c:	4290      	cmp	r0, r2
2000128e:	d903      	bls.n	20001298 <__udivmoddi4+0x120>
20001290:	f1b9 0f00 	cmp.w	r9, #0
20001294:	f000 80f0 	beq.w	20001478 <__udivmoddi4+0x300>
20001298:	46c4      	mov	ip, r8
2000129a:	1a12      	subs	r2, r2, r0
2000129c:	b2a4      	uxth	r4, r4
2000129e:	fbb2 f0fe 	udiv	r0, r2, lr
200012a2:	fb0e 2210 	mls	r2, lr, r0, r2
200012a6:	fb00 f707 	mul.w	r7, r0, r7
200012aa:	ea44 4402 	orr.w	r4, r4, r2, lsl #16
200012ae:	42a7      	cmp	r7, r4
200012b0:	d90e      	bls.n	200012d0 <__udivmoddi4+0x158>
200012b2:	192c      	adds	r4, r5, r4
200012b4:	f100 32ff 	add.w	r2, r0, #4294967295
200012b8:	bf2c      	ite	cs
200012ba:	f04f 0e01 	movcs.w	lr, #1
200012be:	f04f 0e00 	movcc.w	lr, #0
200012c2:	42a7      	cmp	r7, r4
200012c4:	d903      	bls.n	200012ce <__udivmoddi4+0x156>
200012c6:	f1be 0f00 	cmp.w	lr, #0
200012ca:	f000 80d2 	beq.w	20001472 <__udivmoddi4+0x2fa>
200012ce:	4610      	mov	r0, r2
200012d0:	1be4      	subs	r4, r4, r7
200012d2:	ea40 400c 	orr.w	r0, r0, ip, lsl #16
200012d6:	e799      	b.n	2000120c <__udivmoddi4+0x94>
200012d8:	f1c1 0520 	rsb	r5, r1, #32
200012dc:	408b      	lsls	r3, r1
200012de:	fa0c f401 	lsl.w	r4, ip, r1
200012e2:	fa00 f901 	lsl.w	r9, r0, r1
200012e6:	fa22 f705 	lsr.w	r7, r2, r5
200012ea:	fa2c fc05 	lsr.w	ip, ip, r5
200012ee:	408a      	lsls	r2, r1
200012f0:	431f      	orrs	r7, r3
200012f2:	fa20 f305 	lsr.w	r3, r0, r5
200012f6:	0c38      	lsrs	r0, r7, #16
200012f8:	4323      	orrs	r3, r4
200012fa:	fa1f fe87 	uxth.w	lr, r7
200012fe:	0c1c      	lsrs	r4, r3, #16
20001300:	fbbc f8f0 	udiv	r8, ip, r0
20001304:	fb00 cc18 	mls	ip, r0, r8, ip
20001308:	ea44 440c 	orr.w	r4, r4, ip, lsl #16
2000130c:	fb08 fc0e 	mul.w	ip, r8, lr
20001310:	45a4      	cmp	ip, r4
20001312:	d90e      	bls.n	20001332 <__udivmoddi4+0x1ba>
20001314:	193c      	adds	r4, r7, r4
20001316:	f108 3aff 	add.w	sl, r8, #4294967295
2000131a:	bf2c      	ite	cs
2000131c:	f04f 0b01 	movcs.w	fp, #1
20001320:	f04f 0b00 	movcc.w	fp, #0
20001324:	45a4      	cmp	ip, r4
20001326:	d903      	bls.n	20001330 <__udivmoddi4+0x1b8>
20001328:	f1bb 0f00 	cmp.w	fp, #0
2000132c:	f000 80b8 	beq.w	200014a0 <__udivmoddi4+0x328>
20001330:	46d0      	mov	r8, sl
20001332:	eba4 040c 	sub.w	r4, r4, ip
20001336:	fa1f fc83 	uxth.w	ip, r3
2000133a:	fbb4 f3f0 	udiv	r3, r4, r0
2000133e:	fb00 4413 	mls	r4, r0, r3, r4
20001342:	fb03 fe0e 	mul.w	lr, r3, lr
20001346:	ea4c 4404 	orr.w	r4, ip, r4, lsl #16
2000134a:	45a6      	cmp	lr, r4
2000134c:	d90e      	bls.n	2000136c <__udivmoddi4+0x1f4>
2000134e:	193c      	adds	r4, r7, r4
20001350:	f103 30ff 	add.w	r0, r3, #4294967295
20001354:	bf2c      	ite	cs
20001356:	f04f 0c01 	movcs.w	ip, #1
2000135a:	f04f 0c00 	movcc.w	ip, #0
2000135e:	45a6      	cmp	lr, r4
20001360:	d903      	bls.n	2000136a <__udivmoddi4+0x1f2>
20001362:	f1bc 0f00 	cmp.w	ip, #0
20001366:	f000 809f 	beq.w	200014a8 <__udivmoddi4+0x330>
2000136a:	4603      	mov	r3, r0
2000136c:	ea43 4008 	orr.w	r0, r3, r8, lsl #16
20001370:	eba4 040e 	sub.w	r4, r4, lr
20001374:	fba0 ec02 	umull	lr, ip, r0, r2
20001378:	4564      	cmp	r4, ip
2000137a:	4673      	mov	r3, lr
2000137c:	46e0      	mov	r8, ip
2000137e:	d302      	bcc.n	20001386 <__udivmoddi4+0x20e>
20001380:	d107      	bne.n	20001392 <__udivmoddi4+0x21a>
20001382:	45f1      	cmp	r9, lr
20001384:	d205      	bcs.n	20001392 <__udivmoddi4+0x21a>
20001386:	ebbe 0302 	subs.w	r3, lr, r2
2000138a:	eb6c 0c07 	sbc.w	ip, ip, r7
2000138e:	3801      	subs	r0, #1
20001390:	46e0      	mov	r8, ip
20001392:	b15e      	cbz	r6, 200013ac <__udivmoddi4+0x234>
20001394:	ebb9 0203 	subs.w	r2, r9, r3
20001398:	eb64 0408 	sbc.w	r4, r4, r8
2000139c:	fa04 f505 	lsl.w	r5, r4, r5
200013a0:	fa22 f301 	lsr.w	r3, r2, r1
200013a4:	40cc      	lsrs	r4, r1
200013a6:	431d      	orrs	r5, r3
200013a8:	e9c6 5400 	strd	r5, r4, [r6]
200013ac:	2100      	movs	r1, #0
200013ae:	e732      	b.n	20001216 <__udivmoddi4+0x9e>
200013b0:	0842      	lsrs	r2, r0, #1
200013b2:	462f      	mov	r7, r5
200013b4:	084b      	lsrs	r3, r1, #1
200013b6:	46ac      	mov	ip, r5
200013b8:	ea42 72c1 	orr.w	r2, r2, r1, lsl #31
200013bc:	46ae      	mov	lr, r5
200013be:	07c4      	lsls	r4, r0, #31
200013c0:	0c11      	lsrs	r1, r2, #16
200013c2:	b292      	uxth	r2, r2
200013c4:	ea41 4103 	orr.w	r1, r1, r3, lsl #16
200013c8:	ea42 4201 	orr.w	r2, r2, r1, lsl #16
200013cc:	fbb1 f1f5 	udiv	r1, r1, r5
200013d0:	fbb3 f0f5 	udiv	r0, r3, r5
200013d4:	231f      	movs	r3, #31
200013d6:	eba2 020c 	sub.w	r2, r2, ip
200013da:	ea41 4100 	orr.w	r1, r1, r0, lsl #16
200013de:	e742      	b.n	20001266 <__udivmoddi4+0xee>
200013e0:	409d      	lsls	r5, r3
200013e2:	f1c3 0220 	rsb	r2, r3, #32
200013e6:	4099      	lsls	r1, r3
200013e8:	409c      	lsls	r4, r3
200013ea:	fa2c fc02 	lsr.w	ip, ip, r2
200013ee:	ea4f 4e15 	mov.w	lr, r5, lsr #16
200013f2:	fa20 f202 	lsr.w	r2, r0, r2
200013f6:	b2af      	uxth	r7, r5
200013f8:	fbbc f8fe 	udiv	r8, ip, lr
200013fc:	430a      	orrs	r2, r1
200013fe:	fb0e cc18 	mls	ip, lr, r8, ip
20001402:	0c11      	lsrs	r1, r2, #16
20001404:	ea41 410c 	orr.w	r1, r1, ip, lsl #16
20001408:	fb08 fc07 	mul.w	ip, r8, r7
2000140c:	458c      	cmp	ip, r1
2000140e:	d950      	bls.n	200014b2 <__udivmoddi4+0x33a>
20001410:	1869      	adds	r1, r5, r1
20001412:	f108 30ff 	add.w	r0, r8, #4294967295
20001416:	bf2c      	ite	cs
20001418:	f04f 0901 	movcs.w	r9, #1
2000141c:	f04f 0900 	movcc.w	r9, #0
20001420:	458c      	cmp	ip, r1
20001422:	d902      	bls.n	2000142a <__udivmoddi4+0x2b2>
20001424:	f1b9 0f00 	cmp.w	r9, #0
20001428:	d030      	beq.n	2000148c <__udivmoddi4+0x314>
2000142a:	eba1 010c 	sub.w	r1, r1, ip
2000142e:	fbb1 f8fe 	udiv	r8, r1, lr
20001432:	fb08 fc07 	mul.w	ip, r8, r7
20001436:	fb0e 1118 	mls	r1, lr, r8, r1
2000143a:	b292      	uxth	r2, r2
2000143c:	ea42 4201 	orr.w	r2, r2, r1, lsl #16
20001440:	4562      	cmp	r2, ip
20001442:	d234      	bcs.n	200014ae <__udivmoddi4+0x336>
20001444:	18aa      	adds	r2, r5, r2
20001446:	f108 31ff 	add.w	r1, r8, #4294967295
2000144a:	bf2c      	ite	cs
2000144c:	f04f 0901 	movcs.w	r9, #1
20001450:	f04f 0900 	movcc.w	r9, #0
20001454:	4562      	cmp	r2, ip
20001456:	d2be      	bcs.n	200013d6 <__udivmoddi4+0x25e>
20001458:	f1b9 0f00 	cmp.w	r9, #0
2000145c:	d1bb      	bne.n	200013d6 <__udivmoddi4+0x25e>
2000145e:	f1a8 0102 	sub.w	r1, r8, #2
20001462:	442a      	add	r2, r5
20001464:	e7b7      	b.n	200013d6 <__udivmoddi4+0x25e>
20001466:	1a84      	subs	r4, r0, r2
20001468:	eb6c 0203 	sbc.w	r2, ip, r3
2000146c:	2001      	movs	r0, #1
2000146e:	4617      	mov	r7, r2
20001470:	e6e7      	b.n	20001242 <__udivmoddi4+0xca>
20001472:	442c      	add	r4, r5
20001474:	3802      	subs	r0, #2
20001476:	e72b      	b.n	200012d0 <__udivmoddi4+0x158>
20001478:	f1ac 0c02 	sub.w	ip, ip, #2
2000147c:	442a      	add	r2, r5
2000147e:	e70c      	b.n	2000129a <__udivmoddi4+0x122>
20001480:	3902      	subs	r1, #2
20001482:	442a      	add	r2, r5
20001484:	e6a5      	b.n	200011d2 <__udivmoddi4+0x5a>
20001486:	442c      	add	r4, r5
20001488:	3802      	subs	r0, #2
2000148a:	e6ba      	b.n	20001202 <__udivmoddi4+0x8a>
2000148c:	eba5 0c0c 	sub.w	ip, r5, ip
20001490:	f1a8 0002 	sub.w	r0, r8, #2
20001494:	4461      	add	r1, ip
20001496:	fbb1 f8fe 	udiv	r8, r1, lr
2000149a:	fb08 fc07 	mul.w	ip, r8, r7
2000149e:	e7ca      	b.n	20001436 <__udivmoddi4+0x2be>
200014a0:	f1a8 0802 	sub.w	r8, r8, #2
200014a4:	443c      	add	r4, r7
200014a6:	e744      	b.n	20001332 <__udivmoddi4+0x1ba>
200014a8:	3b02      	subs	r3, #2
200014aa:	443c      	add	r4, r7
200014ac:	e75e      	b.n	2000136c <__udivmoddi4+0x1f4>
200014ae:	4641      	mov	r1, r8
200014b0:	e791      	b.n	200013d6 <__udivmoddi4+0x25e>
200014b2:	eba1 010c 	sub.w	r1, r1, ip
200014b6:	4640      	mov	r0, r8
200014b8:	fbb1 f8fe 	udiv	r8, r1, lr
200014bc:	fb08 fc07 	mul.w	ip, r8, r7
200014c0:	e7b9      	b.n	20001436 <__udivmoddi4+0x2be>
200014c2:	bf00      	nop

200014c4 <__aeabi_idiv0>:
200014c4:	4770      	bx	lr
200014c6:	bf00      	nop

200014c8 <__memset_veneer>:
200014c8:	f85f f000 	ldr.w	pc, [pc]	@ 200014cc <__memset_veneer+0x4>
200014cc:	10008fb1 	.word	0x10008fb1

200014d0 <__time_us_64_veneer>:
200014d0:	f85f f000 	ldr.w	pc, [pc]	@ 200014d4 <__time_us_64_veneer+0x4>
200014d4:	1000197d 	.word	0x1000197d

200014d8 <__tud_event_hook_cb_veneer>:
200014d8:	f85f f000 	ldr.w	pc, [pc]	@ 200014dc <__tud_event_hook_cb_veneer+0x4>
200014dc:	10004785 	.word	0x10004785

200014e0 <__best_effort_wfe_or_timeout_veneer>:
200014e0:	f85f f000 	ldr.w	pc, [pc]	@ 200014e4 <__best_effort_wfe_or_timeout_veneer+0x4>
200014e4:	10001875 	.word	0x10001875

200014e8 <__panic_veneer>:
200014e8:	f85f f000 	ldr.w	pc, [pc]	@ 200014ec <__panic_veneer+0x4>
200014ec:	10000879 	.word	0x10000879

200014f0 <__tu_fifo_write_veneer>:
200014f0:	f85f f000 	ldr.w	pc, [pc]	@ 200014f4 <__tu_fifo_write_veneer+0x4>
200014f4:	1000615d 	.word	0x1000615d

200014f8 <striped_spin_lock_num>:
200014f8:	00000010                                ....

200014fc <irq_handler_chain_slots>:
200014fc:	00000000 	.word	0x00000000
20001500:	00010000 	.word	0x00010000
	...
2000150c:	00020000 	.word	0x00020000
	...
20001518:	00030000 	.word	0x00030000
	...
20001524:	00ff0000 	.word	0x00ff0000
20001528:	00000000 	.word	0x00000000

2000152c <irq_handler_chain_first_slot>:
2000152c:	b501      	push	{r0, lr}
2000152e:	6848      	ldr	r0, [r1, #4]
20001530:	3101      	adds	r1, #1
20001532:	468e      	mov	lr, r1
20001534:	4700      	bx	r0

20001536 <irq_handler_chain_remove_tail>:
20001536:	4670      	mov	r0, lr
20001538:	3809      	subs	r0, #9
2000153a:	4901      	ldr	r1, [pc, #4]	@ (20001540 <irq_handler_chain_remove_tail+0xa>)
2000153c:	4788      	blx	r1
2000153e:	bd01      	pop	{r0, pc}
20001540:	10000ee1 	.word	0x10000ee1

20001544 <default_alarm_pool>:
	...
20001558:	20001b08                                ... 

2000155c <stdio_usb>:
2000155c:	10003f31 10003edd 10003e55 10003dc5     1?...>..U>...=..
2000156c:	00000000 00000100                       ........

20001574 <_usbd_qdef>:
20001574:	2000207c 000c0010 00000000 00000000     | . ............
	...

20001590 <_usbd_rhport>:
20001590:	000000ff                                ....

20001594 <i2c0_inst>:
20001594:	40090000 00000000                       ...@....

2000159c <ucPrimaryCoreNum>:
2000159c:	000000ff                                ....

200015a0 <ulCriticalNesting>:
200015a0:	aaaaaaaa                                ....

200015a4 <__malloc_sbrk_base>:
200015a4:	ffffffff                                ....

200015a8 <__malloc_trim_threshold>:
200015a8:	00020000 00000000                       ........

200015b0 <__malloc_av_>:
	...
200015b8:	200015b0 200015b0 200015b8 200015b8     ... ... ... ... 
200015c8:	200015c0 200015c0 200015c8 200015c8     ... ... ... ... 
200015d8:	200015d0 200015d0 200015d8 200015d8     ... ... ... ... 
200015e8:	200015e0 200015e0 200015e8 200015e8     ... ... ... ... 
200015f8:	200015f0 200015f0 200015f8 200015f8     ... ... ... ... 
20001608:	20001600 20001600 20001608 20001608     ... ... ... ... 
20001618:	20001610 20001610 20001618 20001618     ... ... ... ... 
20001628:	20001620 20001620 20001628 20001628      ..  .. (.. (.. 
20001638:	20001630 20001630 20001638 20001638     0.. 0.. 8.. 8.. 
20001648:	20001640 20001640 20001648 20001648     @.. @.. H.. H.. 
20001658:	20001650 20001650 20001658 20001658     P.. P.. X.. X.. 
20001668:	20001660 20001660 20001668 20001668     `.. `.. h.. h.. 
20001678:	20001670 20001670 20001678 20001678     p.. p.. x.. x.. 
20001688:	20001680 20001680 20001688 20001688     ... ... ... ... 
20001698:	20001690 20001690 20001698 20001698     ... ... ... ... 
200016a8:	200016a0 200016a0 200016a8 200016a8     ... ... ... ... 
200016b8:	200016b0 200016b0 200016b8 200016b8     ... ... ... ... 
200016c8:	200016c0 200016c0 200016c8 200016c8     ... ... ... ... 
200016d8:	200016d0 200016d0 200016d8 200016d8     ... ... ... ... 
200016e8:	200016e0 200016e0 200016e8 200016e8     ... ... ... ... 
200016f8:	200016f0 200016f0 200016f8 200016f8     ... ... ... ... 
20001708:	20001700 20001700 20001708 20001708     ... ... ... ... 
20001718:	20001710 20001710 20001718 20001718     ... ... ... ... 
20001728:	20001720 20001720 20001728 20001728      ..  .. (.. (.. 
20001738:	20001730 20001730 20001738 20001738     0.. 0.. 8.. 8.. 
20001748:	20001740 20001740 20001748 20001748     @.. @.. H.. H.. 
20001758:	20001750 20001750 20001758 20001758     P.. P.. X.. X.. 
20001768:	20001760 20001760 20001768 20001768     `.. `.. h.. h.. 
20001778:	20001770 20001770 20001778 20001778     p.. p.. x.. x.. 
20001788:	20001780 20001780 20001788 20001788     ... ... ... ... 
20001798:	20001790 20001790 20001798 20001798     ... ... ... ... 
200017a8:	200017a0 200017a0 200017a8 200017a8     ... ... ... ... 
200017b8:	200017b0 200017b0 200017b8 200017b8     ... ... ... ... 
200017c8:	200017c0 200017c0 200017c8 200017c8     ... ... ... ... 
200017d8:	200017d0 200017d0 200017d8 200017d8     ... ... ... ... 
200017e8:	200017e0 200017e0 200017e8 200017e8     ... ... ... ... 
200017f8:	200017f0 200017f0 200017f8 200017f8     ... ... ... ... 
20001808:	20001800 20001800 20001808 20001808     ... ... ... ... 
20001818:	20001810 20001810 20001818 20001818     ... ... ... ... 
20001828:	20001820 20001820 20001828 20001828      ..  .. (.. (.. 
20001838:	20001830 20001830 20001838 20001838     0.. 0.. 8.. 8.. 
20001848:	20001840 20001840 20001848 20001848     @.. @.. H.. H.. 
20001858:	20001850 20001850 20001858 20001858     P.. P.. X.. X.. 
20001868:	20001860 20001860 20001868 20001868     `.. `.. h.. h.. 
20001878:	20001870 20001870 20001878 20001878     p.. p.. x.. x.. 
20001888:	20001880 20001880 20001888 20001888     ... ... ... ... 
20001898:	20001890 20001890 20001898 20001898     ... ... ... ... 
200018a8:	200018a0 200018a0 200018a8 200018a8     ... ... ... ... 
200018b8:	200018b0 200018b0 200018b8 200018b8     ... ... ... ... 
200018c8:	200018c0 200018c0 200018c8 200018c8     ... ... ... ... 
200018d8:	200018d0 200018d0 200018d8 200018d8     ... ... ... ... 
200018e8:	200018e0 200018e0 200018e8 200018e8     ... ... ... ... 
200018f8:	200018f0 200018f0 200018f8 200018f8     ... ... ... ... 
20001908:	20001900 20001900 20001908 20001908     ... ... ... ... 
20001918:	20001910 20001910 20001918 20001918     ... ... ... ... 
20001928:	20001920 20001920 20001928 20001928      ..  .. (.. (.. 
20001938:	20001930 20001930 20001938 20001938     0.. 0.. 8.. 8.. 
20001948:	20001940 20001940 20001948 20001948     @.. @.. H.. H.. 
20001958:	20001950 20001950 20001958 20001958     P.. P.. X.. X.. 
20001968:	20001960 20001960 20001968 20001968     `.. `.. h.. h.. 
20001978:	20001970 20001970 20001978 20001978     p.. p.. x.. x.. 
20001988:	20001980 20001980 20001988 20001988     ... ... ... ... 
20001998:	20001990 20001990 20001998 20001998     ... ... ... ... 
200019a8:	200019a0 200019a0 200019a8 200019a8     ... ... ... ... 

200019b8 <_impure_ptr>:
200019b8:	200019c0 00000000                       ... ....

200019c0 <_impure_data>:
200019c0:	00000000 20001d18 20001d80 20001de8     ....... ... ... 
	...
20001a58:	00000001 00000000 abcd330e e66d1234     .........3..4.m.
20001a68:	0005deec 0000000b 00000000 00000000     ................
	...

20001b00 <print_mutex>:
	...
