:020000041000EA
:10000000002008205D0100101301001015010010F0
:100010001101001011010010110100101101001058
:10002000110100101101001011010010BD7C001021
:1000300011010010110100103D7C00109979001091
:100040001D0100101D0100101D0100101D010010F8
:100050001D0100101D0100101D0100101D010010E8
:100060001D0100101D0100101D0100101D010010D8
:100070001D0100101D0100101D0100101D010010C8
:100080001D0100101D0100101D0100101D010010B8
:100090001D0100101D0100101D0100101D010010A8
:1000A0001D0100101D0100101D0100101D01001098
:1000B0001D0100101D0100101D0100101D01001088
:1000C0001D0100101D0100101D0100101D01001078
:1000D0001D0100101D0100101D0100101D01001068
:1000E0001D0100101D0100101D0100101D01001058
:1000F0001D0100101D0100101D0100101D01001048
:100100001D0100101D0100101D0100101D01001037
:1001100000BE00BE00BE00BE00BE00BEEFF3058004
:10012000103800BEF2EB8871A8930010CC93001039
:10013000A801001090A31AE7D3DEFFFF42012110AF
:10014000FF01000004A90000793512AB4FF0000058
:100150002049086006C881F3088810474FF05040D6
:10016000006810B14FF00000F2E70FA40ECC002998
:1001700002D000F015F8F9E71749184A002000E00E
:1001800001C19142FCD1002080F30A8814498847BC
:10019000144988471449884700BEFDE701C901C2D8
:1001A0009A42FBD3704700BFCC930010100100208F
:1001B000801700203CAA0010000008200000082042
:1001C0003CAA0010001008200010082000000000C9
:1001D0007047000008ED00E080170020D8260020BE
:1001E000293300107D04001021330010F8B500BF42
:1001F000064B0749C91A891048BF0131491003D07D
:10020000044B0BB101481847704700BF801700200E
:10021000801700200000000008B5054B1BB1054900
:100220000548AFF30080BDE80840FFF7E1BF00BF1D
:1002300000000000002500209488001010B50E4832
:1002400003F0DEF90D4803F0DBF94FF4487006F0D7
:10025000C9FE0B4803F0D4F90024C820013406F08D
:10026000C1FE2146074803F04BFA052CF5D106489C
:1002700003F0C6F9E6E700BF98880010CC880010AC
:10028000FC880010288900104489001008B50D482A
:1002900003F0B6F94FF4FA6006F0A4FE0A4803F042
:1002A000AFF90A4803F0ACF9094803F0A9F9094885
:1002B00003F0A6F9084803F0A3F9084803F0A0F9F1
:1002C000E8E700BF648900108C890010B489001031
:1002D000C4890010F0890010208A00104C8A001098
:1002E000F0B5294887B003F08BF9284C284E294FE8
:1002F0004FF0FF326946206805F09AFF0128F7D1D8
:10030000009A01A9244803F0FBF9244803F078F986
:1003100001F07CF861B34FF47A72002308F07CFAA4
:1003200005464FF4FA61306806F0C6F80346012B23
:100330001B4821D101F06AF8034601B34FF47A72E9
:10034000002308F069FA0146491B164803F0D8F962
:10035000154803F055F9642006F044FE0023306888
:100360001A46194605F0F0FD104803F049F9BFE7B9
:10037000A7FB0035AD09D4E703F042F9B8E7A7FBC6
:1003800003308109E0E700BF748A0010382600209E
:1003900070260020D34D6210A48A0010CC8A001071
:1003A000788B0010F48A0010388B00105C8B0010E2
:1003B0002DE9F043264887B003F022F90027254DA8
:1003C000254EDFF8B49040F2DC5006F00BFE2348D7
:1003D00003F016F94FF0FF31286806F06DF8012898
:1003E000F1D11F4803F00CF91E4803F009F900246D
:1003F0004FF4FA70013406F0F5FD21461A4803F077
:100400007FF9032CF4D196E80F0001AC07C417481C
:100410000097238003F0F4F800234FF0FF32694681
:10042000D9F8000005F090FD114803F0E9F84FF409
:100430007A7006F0D7FD002328681A46194605F0A1
:1004400083FD07F101080B4803F0DAF84746BAE7E5
:10045000AC8B001070260020848C0010DC8B001008
:10046000048C0010348C0010608C0010948C0010F0
:10047000BC8C0010E88C00103826002030B583B00A
:1004800003F07AF84FF4FA6000F0CEFE374803F03C
:10049000B7F800221821052005F01AFD0346344C58
:1004A0000120236005F090FE324A23681060002B83
:1004B00056D0002854D0002403252F4803F0A0F87C
:1004C0002E4803F09DF82E4803F09AF8CDE9005429
:1004D00002254FF4007223462A492B4806F0D8FB28
:1004E000CDE9005401254FF40072234627492848DE
:1004F00006F0CEFB4FF4007223462649CDE90054A6
:10050000254806F0C5FB4FF4007223462349CDE988
:100510000054234806F0BCFB224803F071F822483F
:1005200003F06EF8214803F06BF8214803F068F8F7
:10053000204803F065F8204803F062F81F4803F0F4
:100540005FF81F4803F05CF81E4803F059F81E4896
:1005500003F056F81D4803F053F806F01BFCFEE7C5
:100560001B4803F04DF8012003B030BD048D00108E
:100570003826002070260020608D0010808D00102D
:10058000A08D0010C48D0010E1020010D48D001069
:100590003D020010E48D0010B1030010F48D001036
:1005A0008D020010FC8D00101C8E0010388E001083
:1005B000548E0010708E0010888E0010A88E0010CF
:1005C000C88E0010048F00103C8F00106C8F00103C
:1005D0002C8D00100FB400B583B0049C074803F0C5
:1005E0000FF83CB105A92046019102F069FE0448CC
:1005F00003F006F8012002F07BFE00BF9C8F001084
:10060000AC8F001070B58646EFF3108572B6124CB1
:10061000D4E8CF6F0120002EFAD1C4E8460F002E97
:10062000F6D1BFF35F8F4FF0010CC80801F007034C
:100630000CFA03F31EF800C01CEA030608D14CEACA
:10064000030C0EF800C0C4E88F6F85F3108870BDEE
:100650001046FFF7BFFF00BF771C0020F8B5EFF38F
:10066000108772B61C4ED6E8CF5F0124002DFAD158
:10067000C6E8454F002DF6D1BFF35F8F9A421BD8D5
:10068000012502E00132934222D3D40810F804E09D
:1006900002F0070C05FA0CFC1EEA0C0FF2D14EEA30
:1006A0000C0E00F804E010460023C6E88F3F87F3E5
:1006B0001088984207DBF8BD0023C6E88F3F87F318
:1006C00010884FF0FF300029F5D00698FFF782FF21
:1006D0004FF0FF30E8E700BF771C0020044A107895
:1006E000431CDBB2182B28BF10231370704700BFC8
:1006F0008011002010B5054C82B001461F2318223E
:1007000000940348FFF7AAFF02B010BDB08F00109D
:10071000882000204FF0E022936843F0005393605C
:10072000704700BF0021044B03F12002C3E88F1F74
:1007300001339342FAD170476C1C00204FF0E02344
:100740004FF08032C3F80024C3F80424C3F808240F
:10075000C3F80C24C3F81024C3F81424C3F81824D5
:10076000C3F81C24C3F82024C3F82424C3F8282485
:10077000C3F82C24C3F83024704700BF012300F0D5
:100780001F029340400941B1800000F1604000F534
:100790006140C0F8803103607047024A203042F85F
:1007A0002030704700E100E00123064A410952F879
:1007B000212000F01F0003FA00F01040003818BF9D
:1007C0000120704700E100E001224309034900F0E5
:1007D0001F008240403341F82320704700E100E0D1
:1007E000054A10309268054B52F82000C01A2F2895
:1007F0008CBF00200120704700ED00E08411002034
:10080000F8B50D46EFF3108772B6124ED6E8CF2F2B
:100810000123002AFAD1C6E8423F002AF6D1BFF3ED
:100820005F8F0D4B00F110049B680C4A53F8243085
:10083000934203D0994201D000F076FF064B9B68AB
:1008400043F82450BFF35F8F0023C6E88F3F87F340
:100850001088F8BD751C002000ED00E01D0100109F
:100860002DE9F04F81468B46164683B0EFF3108397
:1008700072B6DFF8D0A10093DAE8CF1F0123002978
:10088000FAD1CAE8413F0029F6D1BFF35F8F664B2A
:1008900093F90040002CC0F2A080644D04EB4407A3
:1008A00005EB870898F8061009F110091970604BDC
:1008B000BF009B6853F829006300411B2F292FD9E3
:1008C0005C49884240F0A4801C445B4B02372F44B3
:1008D000043BDB1BC3F34A036FEAC3434FF42141DC
:1008E0006FEAD34325F8241005EB840463804BF6AC
:1008F0000153A380FF2348F00100E671C4F808B05B
:10090000A3714B4B9B6843F82900BFF35F8F002313
:10091000CAE88F3F009B83F3108803B0BDE8F08FD7
:1009200020F0010E9EF80710B1422ED84FF421435B
:10093000EB53414BB91C2944043B04375B1A2F4449
:10094000AEF10401C91BC1F34A043C49C3F34A0395
:100950000B432143A8F804103949A8F802304AF69D
:10096000AA2073465B1B5B415843000D88F8076063
:1009700088F80600C8F808B048F00100CEF800106A
:10098000BFE7D179B1422ED996469EF906C00CEB4D
:100990004C02BCF1000F05EB8202F2DA4BF601517A
:1009A0000EF10402A8F10407BF1AC7F34A076FEA61
:1009B000C7476FEAD7478EF8064003EB0408204C80
:1009C00005EB8803AEF8047045F82840998083F859
:1009D00006C0DE71C3F808B093E700F0A5FE124B25
:1009E00093F9004059E7724632F8041F490514D4C0
:1009F0004915023102EB410101916FF00701C91B5A
:100A0000019F491B3944C1F34A0141F46041C9E7E0
:100A1000019300F089FE019B56E701F5FF1101F5F6
:100A2000FF511F31E4E700BFD326002084110020CE
:100A300000ED00E01D010010B411002000E0FFFFF8
:100A400001488047751C0020F0B5EFF30585EDB235
:100A5000EFF3108C72B62649D1E8CF2F0123002A7C
:100A6000FAD1C1E8423F002AF6D1BFF35F8F214E91
:100A700040F0010EB4684AF6AA2354F825701E4AC5
:100A80000446A41A644163431B0D77455BB21BD037
:100A900092F906409C421CD092F912409C4223D00D
:100AA00092F91E409C4221D092F92A409C4208BFF4
:100AB00003240FD0114A0024157813708571C1E802
:100AC0008F4F8CF31088F0BDB2680D4C42F8254072
:100AD000F0E7002404EB440402EB8402FF24947149
:100AE0004BF601549480E5E70124F3E70224F1E793
:100AF000751C002000ED00E084110020D3260020AA
:100B00001D01001010B5074C82B0014605230022DC
:100B100000940548FFF7A2FD0028A8BFC0F13300EC
:100B200002B010BDCC8F0010D7260020014B0B4423
:100B3000036070476C1C002070B5104C104DAC4227
:100B40000ED2FF26236863B1FFF7C8FD0146204699
:100B5000FFF7ECFFA680BFF35F8F0834AC42F1D300
:100B600070BDFFF7BBFD01462046FFF7DFFF267192
:100B7000BFF35F8F0834AC42E4D370BD7817002018
:100B80008017002010B50446FFF7A8FD0146204657
:100B9000FFF7CCFFFF232371BFF35F8F10BD00BFB2
:100BA00010B504460120FFF7A5FD034B0344236065
:100BB000BFF35F8F10BD00BF6C1C0020024B0B44C5
:100BC0000360BFF35F8F70476C1C00200D4B1A68E9
:100BD000EFF3108172B6D2E8CFCF0120BCF1000F45
:100BE000F9D1C2E84C0FBCF1000FF4D1BFF35F8F15
:100BF00000221B68C3E88F2F81F3108840BF0020BC
:100C000000217047D82500202DE9F04F2DED028BF3
:100C100085B0EFF30583DBB2103B9A0818BF0122C1
:100C20004FF0010103F0030B18BFAF4DAF4B08BFEE
:100C3000AF4D0BEB820253F8226001FA0BF205F57F
:100C400041539FEDA78B01925A602FE0B3881C049B
:100C500040F19380B379002B40F0DD80B6F9082095
:100C6000002AC0F21E81736902EB420203EBC20349
:100C7000D3E90247B7F1FF3F08BFB4F1FF3F0ED001
:100C800005EB8B01AB6A0A69D21AE31A934205D3CA
:100C900001232A6A03FA0BF3134200D10C612846A0
:100CA00000F0ACFBA042B941C0F2FB80B6F90830BD
:100CB000019A002B0093EA63C8DBD6F8148003EB9B
:100CC0004309284608EBC907D7E9024A00F096FB1A
:100CD000A04271EB0A01B9DBBAF1000FC0F2C38088
:100CE000D7E90431834A934200F0ED807A88B6F95F
:100CF000080092B242EA0040984702460B4652EA88
:100D0000030100F0B080002B80F2D180B4EB020E22
:100D10006AEB030A38F93930C7E902EA002B95DBA0
:100D2000716903EB430201EBC202D2E90270BE45D6
:100D30007AEB000C4FEA430288DBB4462CF8083FFC
:100D400006E003EB430001EBC0005A00D0E902705B
:100D5000BE451A447AEB000001EBC20404DB31F912
:100D60003230A446002BECDA28F83930009BACF87E
:100D70000030B3881C043FF56DAF3369EFF3108288
:100D800072B6D3E8CF0F01210028FAD1C3E8401F83
:100D90000028F6D1BFF35F8F4FF6FF74B0880023B1
:100DA000316900B2B480C1E88F3F82F31088984265
:100DB000FFF650AF0746A946746906F1080807EB2D
:100DC000470E04EBCE03D3E90250B6F90830C4460F
:100DD000002B13DBB246009704E034F9363094461A
:100DE000002B09DB03EB430604EBC602D2E90271D8
:100DF000BD4270EB0101F0DA5646009FACF800707E
:100E000034F93E7024F83E30002FD8DAB3794D46DD
:100E1000002B3FF423AF0023B371B6F9083006F17D
:100E20000808581C3DD01A46776903E08046591CD3
:100E30003FF416AF03EB430107EBC100B0F802C06B
:100E40001C461CF4004F9E4637F93130EED09442D8
:100E500080ED028B05D0A8F80030328927F83120C8
:100E600034817246E3E738F8393033813369EFF380
:100E7000108272B6D3E8CF0F01210028FAD1C3E85F
:100E8000401F0028F6D1BFF35F8F7388316928F8BF
:100E90003930009B73800023C1E88F3F82F31088B4
:100EA000D4E640BF05B0BDEC028BBDE8F08F28460C
:100EB000CDE9022300F0A2FA029A039B10EB020E86
:100EC00043EB010A26E708460B6902919847002880
:100ED000C9D00299D1E9002311E700BFAFF3008028
:100EE000FFFFFFFFFFFFFFFF00800B4020250020DA
:100EF00000000B40090C00102DE9F84F364C256915
:100F00002DB1BDE8F84F0A213448FFF70FBEDFF8D6
:100F1000E4800321404600F05FFA0326C4F80C8009
:100F2000FFF7DCFB4FF0504C2D4B26700344236140
:100F3000DCF800300F216370636961801D834FF01E
:100F40000405A3F878504FF00505A3F890504FF032
:100F50000605A3F8A8504FF007050E214FF6FF72C3
:100F600008274FF00A0EA3F8C0504FF001094FF0C8
:100F70000C0C4FF0020B4FF0090A0D204FF00B053F
:100F8000A3F868111749A280A3F808E1A160A3F8AB
:100F900048B0A3F8F0A0A3F82051A3F838C1A3F8F3
:100FA0005001A3F83090A3F86060A3F8D8701A80BD
:100FB0000D4B3046C8F820700C49DC60FFF720FC70
:100FC00049463046FFF7DAFB094B0A211F64034804
:100FD000BDE8F84FFFF7AABDCC110020D8250020AE
:100FE0006C1C0020FFFF100020250020090C0010C1
:100FF00000200B4000000B4000487047CC1100203F
:10100000F8B59DF82050044617461E4635B900F045
:10101000FDF9874266EB010100295CDB2169EFF3F2
:10102000108372B6D1E8CF0F01220028FAD1C1E8AF
:10103000402F0028F6D1BFF35F8FB4F90220656915
:1010400002EB4201002A4FEAC10C206905EBC10105
:1010500039DB35F80CE0A4F802E04FF0000EC0E8F0
:101060008FEF83F310884888069B0130C0F30E0091
:10107000012838BF01200B61079B48804B61C1E903
:10108000027640EA02402369EFF3108172B6D3E89A
:10109000CF7F0126002FFAD1C3E8476F002FF6D18A
:1010A000BFF35F8FA38825F80C30A2802369C3E8C3
:1010B0008FEF81F310880122E368217803F5015353
:1010C0008A405A60F8BD0022C0E88F2F83F3108851
:1010D0004FF0FF30F8BD2846F8BD00BF0146F0B51F
:1010E0000069EFF3108772B6D0E8CF5F0124002DBE
:1010F000FAD1C0E8454F002DF6D1BFF35F8FB1F9AB
:1011000002E04C690EEB4E0CBEF1000F4FEACC052D
:10111000086904EBCC0C3CDB665B4E800026C0E823
:101120008F6F87F31088BCF80200CCE902230130EE
:10113000C0F30E00012838BF0120059BACF8020067
:10114000CCF81030069B40EA0E40CCF814300B6906
:10115000EFF3108272B6D3E8CFCF0127BCF1000FB6
:10116000F9D1C3E84C7FBCF1000FF4D1BFF35F8F1E
:101170008B886353A1F804E00B69C3E88F6F82F397
:1011800010880122CB68097803F501538A405A6020
:10119000F0BD0023C0E88F3F87F310884FF0FF3089
:1011A000F0BD00BF03464089B0EB214F37DD5869E1
:1011B0000A1402EB420210B500EBC2001C69EFF307
:1011C000108C72B6D4E8CFEF0122BEF1000FF9D136
:1011D000C4E84E2FBEF1000FF4D1BFF35F8F4288F9
:1011E00089B292B28A4207D000221B69C3E88F2FCE
:1011F0008CF31088002010BD42F40042428001218F
:10120000002218699971C0E88F2F8CF310881C7820
:10121000DA68084602F50153A140596010BD00206C
:10122000704700BF407870472DE9F04182B0064614
:1012300000F0ECF84FF47A7304464FF0FF306FF093
:101240000042E6FB0341A04272EB01033ABF0446B1
:1012500015460D46A61F45F1FF37B44275EB07034F
:101260003CBF0026374600F0D1F8301A67EB010189
:10127000012871F1000106DA2046294602B0BDE8D6
:10128000F04100F0CDB800F0C1F8864267EB0101F3
:1012900000290ADB0021174B3246009316483B46D3
:1012A0000191FFF71BFF0130E6D04FF0000C134A0D
:1012B0001349536A9F4204D8906AB042DCD29F42DD
:1012C000DAD10B68EFF3108072B6D3E8CF8F5FF0FE
:1012D000010EB8F1000FF8D1C3E848EFB8F1000FE4
:1012E000F3D1BFF35F8F0B68C3E88FCF80F3108813
:1012F00020BFDEE7CD0B0010CC11002000000B401A
:10130000D82500202DE9F04306460D4683B0EFF3C3
:101310000584E4B23CB12D4B5A6AAA421CD200208B
:1013200003B0BDE8F0832A4FD7F80C9097F80080FF
:10133000484600F063F808F1040859F828301B1AF1
:10134000301A65EB0101984271F1000110DB20BFFA
:101350001E4B5A6AAA42E2D314BF012400249B6A9E
:10136000B34234BF204644F0010003B0BDE8F0832F
:1013700000F04CF8864265EB0101002914DB154BA7
:101380003846CDE9003432462B46FFF7A7FE011E52
:101390000ADD0E4B5A6AAA4216D39B6AB34211D396
:1013A0000B48FFF7FFFEB6E7084B5C6AAC42B6D3CA
:1013B000641B18BF01249B6AB34234BF204644F02B
:1013C0000100ADE7AA42EBD120BFE9E700000B40E6
:1013D000CC110020CD0B001010B4054B054C064A73
:1013E000A04214BF1846581C5DF8044BFFF70AB919
:1013F0008C20002000800B40E88F00100346416ADB
:101400000A46986A596A8A42FAD17047034B596A68
:101410000A46986A596A9142FAD1704700000B4017
:10142000074A536A9942FCD8994207D1044B02E01B
:101430005A6A914202D19A6A9042F9D8704700BF25
:1014400000000B4000EB400C4FEA8C0C0CF1804C80
:101450000CF5803CF0B51646DCF80420051FB2F50B
:10146000803F38BF4FF48032EDB238BFCCF8042053
:10147000012D2AD94FF40067254C0CF54052176016
:1014800054F82020B2B9DCF80020012D82EA46127F
:1014900002F0E0020CF5805632602AD94FF4006168
:1014A00044F820304FF480330CF500521160CCF832
:1014B0000430F0BD6769B7FBF2FE0EF1010E0EEBD2
:1014C0004E0EBEF1030EFCD2DDE70129D2D103247A
:1014D0000CF540521460DCF80820D207FBD5DCF88C
:1014E00000200B4C82EA461202F0E0020CF5805616
:1014F00032600122DCF800504D4005F003053560F4
:1015000002FA01F1DCF808200A42FBD0C6E700BF6E
:1015100090200020014B53F82000704790200020BD
:1015200070B4039D04682D0345EA03451B4B002C52
:10153000B3FBF1F3B2FBF3F61FDB194A194B9042F0
:1015400014BF4FF480424FF40042174C1A6003F569
:1015500080531A60A36832EA0303FBD1212200F50D
:1015600040530433016086601A600268002AFCDA86
:101570000822C5601A6070BC7047036803F03F031F
:101580008B42DAD18368C3F30B03B342D5D1C3686E
:1015900003F4EE23AB42D0D1EDE700BF001BB70050
:1015A00000800540002002400000024030B44FF0AF
:1015B00080441C4B1C60E0B11B4CA3F54053DC6124
:1015C0001A4C40F0010044401C62596298624FF08E
:1015D00080454FF0E061134B1548164C1D60846048
:1015E00019604AB930BC4FF00042A3F580531A602D
:1015F0007047114BD861EAE74FF47A7303FB02F2AC
:10160000B2F1807F2ABF6FF07F4313461A464FF036
:1016100080410A4C08482360094B426030BC196085
:10162000704700BF00B00D40D3C007B02D3FF84F4A
:1016300000A00140F3FFFF0100800D40F8240020CE
:1016400000A00D40012300EB4000800000F180402D
:1016500000F5841041600360704700BF002370B53F
:10166000DB8A04460D46002242E800F2520254BFD3
:101670001021042144F25220984786462B462246E8
:10168000F446BDE870400A214FF48170604700BF06
:101690000023DB8A002242E800F2520201D410212A
:1016A00018470421184700BF08B503460846191E0D
:1016B00002DB1AB140F03000FFF7D0FF40F020000D
:1016C000FAE700BF034AD2F82838002BFBD0BFF35B
:1016D0005F8F704700000E400021044B044ABFF3A7
:1016E0005F8F43F8041B9342F9D170470C080E40FA
:1016F0002C080E4010B44FF48D704FF42A64064A43
:10170000064B07491460D06019605368002BFCDA5F
:101710005DF8044B704700BF0080044000A0044007
:1017200000B0FA00704700BF08B50148FEF752FF4D
:101730000C90001038B5054C054DAC4204D254F85D
:10174000043B9847AC42FAD338BD00BF488800102C
:101750008888001010B40748074C084B084A09490C
:1017600004601A608B6832EA0303FBD15DF8044B16
:10177000704700BF002002407F3BEFEF0030024087
:10178000F6FFF30300000240044BDB6CB3F5004F9F
:1017900003D14FF48022024BDA64704700001150ED
:1017A000002011504FF0E022044BD2F8881D0B436B
:1017B000C2F8883D10EE3004704700BF03033000CC
:1017C0006FF06041044B054A19609368DB4333F0C6
:1017D0006043FAD1704700BF003002400000024071
:1017E00010B545F25320FFF753FFBDE81040034604
:1017F0000420184710B545F25320FFF749FFBDE814
:101800001040034601201847FEF78CBF10B5054B6A
:10181000054C4FF488721846A16806F0F5FDA060EB
:1018200010BD00BF0000002000ED00E0002370B5F7
:101830002B4C82B0C4F88430FFF75CFF0122294BA7
:10184000DA63636C012BFCD10321264A244B11631C
:101850009C6B012CFCD10226052521460523224A3A
:1018600022480096FFF75CFE21462B46204A21487D
:101870000095FFF755FE0022042031461E4BFFF76E
:10188000E1FD2146284600221C4BFFF7DBFD00222C
:10189000082011461A4BFFF7D5FD002209201146FA
:1018A000174BFFF7CFFD002206201146134BFFF721
:1018B000C9FD0022114B07201146FFF7C3FD04208C
:1018C000FFF728FE00240F4BA3FB0035AD0CE0B260
:1018D00029460134FFF7B6FE062CF8D102B070BDE0
:1018E0000000014000300140002F68590000054011
:1018F000008C864700800540001BB70080D1F008AF
:10190000006CDC0283DE1B4386B003B451FC080488
:10191000CDE9020151FC0904CDE9040151EC0A04AE
:10192000CDE9060103BCF047BDE800504EEC00C411
:10193000BDE800504EEC01C4BDE800504EEC02C4BE
:1019400000BD000000B5FFF7DFFF02E010FE30F43D
:10195000F8D441EC100443EC112400EE010410EE25
:10196000010480EE200451EC1004704700B5FFF72D
:10197000CBFF02E010FE30F4F8D441EC100443EC4D
:10198000112400EE010410EE210480EE200451EC3D
:101990003004704700B5FFF7B7FF02E010FE30F4E7
:1019A000F8D410B541EC100443EC112451EC0404BC
:1019B00053EC0524A0FB024C5FF0000EE0FB03CECD
:1019C000E1FB02CE4CEC20440024E1FB03E444ECB8
:1019D00030E480EE200451EC5004BDE81040704724
:1019E00000B5FFF791FF02E010FE30F4F8D441ECAF
:1019F000100443EC112451EC2104A0FB01126FEA06
:101A0000820252FB100052FB12F252FB1000A0EBBC
:101A1000D07C53EC04245CFB13F153EC1524A1FBA4
:101A2000022001FB030053EC4424A2EB000050FB16
:101A30001CF24FEA111312EB017043EBE27140EA22
:101A4000515020EA915020F0070053EC7524A0FB80
:101A5000023C53EC752400FB03CC01FB02CC53EC9D
:101A60000424ACEB824C40EA5C70A0F1010041EC34
:101A7000400480EE200451EC7004704700B5FFF77D
:101A800043FF02E010FE30F4F8D440EC700400EEA6
:101A9000010410EE210480EE200451EC3004704764
:101AA00000B5FFF731FF02E010FE30F4F8D440EC4F
:101AB000600400EE010410EE210480EE200451ECDD
:101AC0003004704700B5FFF71FFF02E010FE30F44E
:101AD000F8D441EC800400EE010410EE010480EE25
:101AE000400410EE1304704700B5FFF70DFF02E04D
:101AF00010FE30F4F8D441EC800400EE010410EE46
:101B0000010480EE400410EE3304704700B5FFF787
:101B1000FBFE02E010FE30F4F8D441EC100443EC7C
:101B2000112400EE010410EE3004C0F30070704781
:101B300000B5FFF7E9FE02E010FE30F4F8D443EC04
:101B4000102441EC110400EE010410EE30F48CBFBF
:101B500001200020704700BF00B5FFF7D5FE02E06E
:101B600010FE30F4F8D443EC102441EC110400EEE4
:101B7000010410EE30F42CBF01200020704700BF9C
:101B800000B5FFF7C1FE02E010FE30F4F8D441ECDE
:101B9000100443EC112400EE010410EE30F42CBFCD
:101BA00001200020704700BF00B5FFF7ADFE02E046
:101BB00010FE30F4F8D441EC100443EC112400EE94
:101BC000010410EE30F48CBF01200020704700BFEC
:101BD00010B5044606F0C8F828B10346034A23446A
:101BE000934200D810BD0248FEF7F4FC0000082024
:101BF0001890001006F0C0B8704700BF2DE9F04FF4
:101C000083B09946DDE90DAB0F9B884611469A07D4
:101C1000074616D1DA453AD20C460D46ABEB0A061A
:101C20000E4422464B46414620200134B847B44278
:101C3000F7D12946BAF1000F08D1204603B0BDE81C
:101C4000F08F0C46BAF1000F10D00E4655460C9B93
:101C50002E449A440191721B4B46013D41461AF8AD
:101C6000010D3446B847002DF5D101990F9B9B0714
:101C7000E3D5651AAB45E0D922464B4641462020C4
:101C80000135B8475D4504F10104F5D3D5E70C46AD
:101C9000BAF1000FD9D1D0E72DE9F04F0F9FDDF851
:101CA000248017F0020F0A9C9DF82CA00E9DDDE900
:101CB0000C9644D1F5BBB44241D207F0010B04F1BC
:101CC000FF3C4FF0300EC44404E00134A6420CF84F
:101CD00001EF01D9202CF8D1BBF1000F00F0888072
:101CE000A5422CD904F1FF3C4FF0300EC44404E06F
:101CF0000134AC420CF801EF21D0202CF8D117F0C0
:101D0000100F0ED017F4806F54D1A64263D0A542B5
:101D100061D0B9F1100F50D0B9F1020F56D0202C7C
:101D200029D12024CDE90B57CDE90984BDE8F04F36
:101D3000FFF764BF17F0010B34D1B442BFD317F0E3
:101D4000100F1ED017F4806FE3D1002CDDD1B9F154
:101D5000100F63D0B9F1020F77D0302488F800401B
:101D60000124BAF1000F11D17E0748D52B2608F8BF
:101D700004600134D6E7264601344FF0300C08F8F1
:101D800006C0202CCDD0BAF1000FEDD02D2608F8DA
:101D900004600134CDE90B57CDE90984BDE8F04F6B
:101DA000FFF72CBFBAF1000F30D0B44205F1FF3578
:101DB00085D395E7B9F1100FB3D1BE063BD5202CE2
:101DC000AFD0582608F804600134A8E7202CA8D02A
:101DD0002646013407E0661EB9D0B9F1100F36D09F
:101DE000B9F1020FC9D14FF0620C08F806C096E7AE
:101DF00017F0100FC5D017F4806F86D089E73E0723
:101E000090D5202608F8046001348BE717F00C0FFA
:101E100000D0013DB442FFF452AF61E7BC0612D4DA
:101E2000782488F80040302488F801400224BAF170
:101E3000000F99D0AAE7202C3FF473AF782608F85A
:101E4000046001346BE75824EBE76224E9E717F0FC
:101E5000200FA4F1020C04D04FF0580E08F80CE04B
:101E60008BE74FF0780E08F80CE086E700B9704772
:101E700001F084BB10B1D1E900311847704700BFB1
:101E80002DE9F04F97B09DED207BDDE9225B074601
:101E9000884651EC170B249C99460C920B4602463F
:101EA0008DED047B0794FFF735FE002840F0F481A8
:101EB000DDE904014FF0FF326FF48013FFF73CFEC1
:101EC000002840F01B81DDE904014FF0FF32AC4BEC
:101ED000FFF76EFE002840F0EE80DDE90401A4A3C8
:101EE000D3E90023FFF764FE002840F0D380DDE94A
:101EF0000401A1A3D3E90023FFF71EFE002840F050
:101F0000C980DDE9040100220023FFF715FE002847
:101F100040F0E88023460D9013F4806F08BF06253B
:101F200030212B460EAAA5F1200605E0013BB34265
:101F300002F8011B00F09381092BF7D81E46ED1A19
:101F4000DDE90401FFF7C2FD8E4B044603EBC60337
:101F500093ED007B8DED087BFFF794FD02460B4669
:101F6000DDE90401FFF706FDDDE90823FFF716FDB3
:101F700002460B46CDE90A23FFF7BAFD8246FFF77A
:101F800093FD02460B46DDE90A01FFF7F3FC02462A
:101F90000B46CDE90A2300227B4BFFF709FE002800
:101FA00000F0FE800AF1010A5046FFF77DFD02466F
:101FB0000B46DDE90801FFF7D3FD10B14FF0000A31
:101FC0000134002E00F0FD80681E0EABDFF8CCC19E
:101FD00018440FE0ACFB0A21C90801EB8102AAEB0F
:101FE00042023032BAF1090F00F8012F40F21C8191
:101FF0008A461D46202D05F1010306F1FF36E9D181
:102000002025691E0EAB6148194410E080FB046274
:10201000C3EBA20303EB8302A4EB420404F13002FE
:1020200001351C4601F8012F002B00F0EB80202D1C
:102030004FEAE473EAD1079B03F00303012B18D1A5
:10204000BBF1000F15D00D9B002B00F00A810BF1A6
:10205000FF3BBBF1200F0CD96B1E0EA930220B44A5
:1020600005E001355D4503F8012F80F0D180202D7A
:10207000F7D1079B0EACCDE902B341464B4638463B
:102080000C9A01950094FFF7B9FD8246504617B0AF
:10209000BDE8F08F079B9DED047BCDE923B341465E
:1020A0004B4638460C9A8DED207B229517B0BDE843
:1020B000F04F00F045B9610723464CBF04230323CA
:1020C0004146219338464B46079A48BF304CCDE9EC
:1020D00022B258BF2F4C0C9A209417B0BDE8F04F95
:1020E000FFF78CBDDDE9042300200021FFF742FC4F
:1020F0000123CDE904010D9323460DE723469C07F8
:1021000040F0AA80BBF1040F40F2A6800C9B1D4654
:102110001C1F04EB0B0A2A464B4641462020013582
:10212000B847AA45F7D155461B4C261F14F8010D98
:102130002A464B464146B847B44205F10105F5D160
:10214000079B0AF1040A9807A0D50C9CAAEB04038C
:102150009B459BD952464B46414620200AF1010A35
:10216000B847AAEB04035B45F4D38FE7AFF30080D5
:102170000000000065CDCD410000000065CDCDC15F
:10218000FFFFEF7F909100100000E03F67666666FA
:102190006C9000107490001080900010CDCCCCCCCE
:1021A0000022DDE90A01634BFFF7C6FC00287FF43B
:1021B00008AFBAF1000F6AD10AF1010A002E7FF4CC
:1021C00003AF2046FFF75EFC02460B46DDE9040143
:1021D000FFF7D0FB02460B46CDE904230022554B06
:1021E000FFF7AAFC00287FF40CAFDDE90401002210
:1021F000504BFFF7DDFC00287FF403AF013424F0DF
:102200000104FEE6079B03F00303012B00F082802C
:10221000202D3FF42EAF0D9B7BB32D220DEB05033C
:1022200083F83820013524E7202B3FF4E9AE0EAACD
:1022300015441E44302204E0202B05F8012F3FF402
:10224000DFAE9E4203F10103F6D12E220DEB060311
:1022500083F83820751CD4E6DDF830A063E720252C
:102260006EE6079B13F00C0F50D00BF1FF3BAB4514
:102270003FF6F2AE202D3FF4FCAE079B5A0701D586
:102280002B22CBE71B077FF5F4AE2022C6E71AF01E
:10229000010F3FF496AE8FE7A60734D1BBF1030FD1
:1022A00031D90C9B1D46DC1E04EB0B0A2A464B461B
:1022B000414620200135B8475545F7D155461E4CBB
:1022C000E61E14F8010D2A464B464146B847A64281
:1022D00005F10105F5D1079B0AF1030A9D077FF57A
:1022E000D5AE0C9CAAEB04039B457FF6CFAE5246BD
:1022F0004B46414620200AF1010AB847AAEB0403E5
:102300009B45F4D8C2E6DDF830A0D7E7AB453FF6F1
:10231000A3AEAEE6BBF1000F3FF47AAF0D9B002BEE
:102320009FD00BF1FF3B5D45FFF496AE202D7FF46F
:1023300074AF9EE60000E03F7B90001000000000BC
:102340002DE9F04F9FB02A9EDDE9284507469346C8
:102350000891099322462B46204629460E96DDE930
:102360002BA6FFF7D7FB002840F0BE802046294669
:102370004FF0FF32784BFFF71BFC002840F0B48091
:10238000204629464FF0FF326FF48013FFF7D4FB4D
:10239000002840F0A9802046294600220023FFF7AC
:1023A000CBFB002840F0D581CDE90A45DDE90A23C1
:1023B0009046994606F4006216F480630F921393D8
:1023C00040F0A18058EA090340F0CA80002A40F09A
:1023D000E38106230E9316F00202109240F0D4819E
:1023E0005346042B38BF04230C920422043B129260
:1023F0000F932046294600220023FFF79DFB00286B
:1024000040F0F3819DED0A7B0F9B5A4603930E9B90
:102410008DED007B029326F4006304933846099BFC
:102420000899FFF72DFD024616F0200F099B089929
:102430000CBF6520452002F10108B8470C9A129B99
:1024400016AC5D1E82EAE273A3EBE273D10F0026A5
:1024500022469946DFF804C101E0202E10D0CE4676
:10246000ACFB0930C00800EB8003A9EB4303303319
:10247000BEF1090F814606F1010602F8013BECD8D6
:102480000523002006930A2305950094099D089CC6
:102490004246CDE90330CDE901612B46214638465D
:1024A000FFF7FAFB109A8046D2B1A0EB0B06B245BB
:1024B00016D90BEB06022B46214620200136B847E1
:1024C000B245F6D80BF1FF335344CBF10102A3EB35
:1024D00008034244924538BF002308F1010898449C
:1024E00040461FB0BDE8F08F5A463846CDE9284532
:1024F000CDE92BA60E9C099B08992A941FB0BDE834
:10250000F04FFFF7BDBC58EA09032BD1002A3FF476
:1025100062AF00230C930E9B0C9A934200F3B98197
:102520004FF000082046294600220023FFF704FB55
:10253000002840F013819DED0A7B26F4006646F4E6
:1025400080668DED287B5A463846CDE92A8A099B5C
:1025500008992C96D2E700BFFFFFEF7FCDCCCCCC03
:1025600006230E93C9F30A50A0F2FF30FFF78AFA50
:10257000C1A3D3E90023FFF711FAC1A3D3E90023D4
:10258000FFF7E4F9C9F31309CDE90C0149F07F51D4
:1025900040460022B24B41F44011FFF7EBF9A4A3EF
:1025A000D3E90023FFF7FAF902460B46DDE90C01F7
:1025B000FFF7CCF9FFF78AFA0C90FFF763FA9EA3B6
:1025C000D3E9002380468946FFF7E8F90022A54BAE
:1025D000FFF7BCF9FFF77AFA0346494640461293E3
:1025E00097A3D3E90023FFF7D9F9804612988946CB
:1025F000FFF748FA94A3D3E90023FFF7CFF9024687
:102600000B4640464946FFF7B5F902460B46804661
:102610008946FFF7C3F942464B46CDE910014046D3
:102620004946FFF793F90022CDE91401DDE91001D5
:102630008D4BFFF7D9F900228C4BFFF787F9024643
:102640000B46DDE91001FFF7CFF90022884BFFF7B9
:102650007DF902460B46DDE91001FFF7C5F9424658
:102660004B468046894600204FF08041FFF782F9B3
:1026700002460B4640464946FFF768F902460B46BC
:10268000DDE91401FFF7B0F900227A4BFFF75EF99C
:10269000129B002203F2FF3C4FEA0C53FFF77EF936
:1026A00080468946DDE90A0142464B46FFF744FA77
:1026B00050B10C9B4046013B49460C9300226B4BAA
:1026C000FFF792F9804689460C9A43466332C62A40
:1026D00006F00202109249460F9A2CD8002A5ED0CA
:1026E000042212920B433FF416AFDDE90A0158A30E
:1026F000D3E90023FFF748FA48B1DDE90A0156A300
:10270000D3E90023FFF718FA00287FF404AF0E9BEB
:10271000002B50D0139A002A7DD0013B0E93129BC0
:102720009A4505D9109B002B00F0AE800223109330
:1027300000230F9344E022BBBAF1050F4FD906F0F6
:102740000203002B49D105231293AAF105030F932D
:102750003AE005F100430A940B9327E626F400665D
:1027600046F4806638462C96DDE90A67344607F160
:1027700000455A46CDE92A8ACDE92845099B0899A2
:10278000BCE605221292ADE700230222CDE90F320A
:1027900004220C9312922CE64FF00508C2E6BAF11F
:1027A000040F1FD9109B002B78D104231293AAF198
:1027B00004030F9304E0129B9A4531D80E9B0F93AC
:1027C0000C9B002B3FF415AEDDE90A0142464B4657
:1027D000FFF70AF9CDE90A010BE60223109305235E
:1027E0001293F1E704231293EAE7DDE90A45A046D4
:1027F0000F9B05F1004903930E9B5A46029326F462
:10280000006304933846CDE90089099B0899FFF7D6
:1028100037FB024608E6129B9A4544D80F92CFE751
:10282000109B8BB30E9B0F9302231093C8E700BF3E
:1028300061436F63A787D23F71A379094F930A4021
:102840001655B5BBB16B0240EF39FAFE422EE63F9A
:102850002D431CEBE2361A3F0000000080842E411D
:102860000000F83F0000E03F00002C400000244042
:10287000000018400000F03FFB799F501344D33F05
:10288000B3C8608B288AC63F129BAAEB03030F9341
:1028900096E7A3EB020808F1FF3843E604231293FE
:1028A000022310938CE7109B002BEDD002230F9294
:1028B000109385E72DE9F04F9BB0249C954D0A9429
:1028C000954CB1F1000A18BF834625601878934CE7
:1028D000914608BFA3460993002800F093824FF069
:1028E00000080AE042464B46514608F10108D84725
:1028F000099B1878002800F0CE80099B252803F159
:1029000001030993EED11C460023224612F8010B65
:10291000A0F1200110290AD8DFE801F04009093CA4
:102920000909090909090938093409093000A0F120
:1029300030010929099440F28A802A2800F0F080A9
:1029400000252E2800F096800026A0F168011229AB
:102950002DD8DFE811F049012C0043012C0038018B
:102960002C002C002C002C002C002C002C0027000C
:102970002C002C002C002C002C002700144643F0C7
:102980000103C2E7144643F00203BEE7144643F0D6
:102990000403BAE7144643F01003B6E7144643F0C5
:1029A0000803B2E70999487843F480730132672835
:1029B00009927ED8242840F2C180A0F12502422A43
:1029C00000F2BC80DFE812F05001BA00BA00BA0091
:1029D000BA00BA00BA00BA00BA00BA00BA00BA0027
:1029E000BA00BA00BA00BA00BA00BA00BA00BA0017
:1029F000BA00BA00BA00BA00BA00BA00BA00BA0007
:102A0000BA00BA00BA00BA00190137011901BA00B8
:102A1000BA00BA00BA00BA00BA00BA00BA00BA00E6
:102A2000BA00BA00BA00BA00BA00BA00BA00BC01D3
:102A3000BA00BA00BA00BA00BA00BA00BA00BA00C6
:102A4000BA00BC015801BC01190137011901002568
:102A500000E0013205EB850500EB45051078303DBF
:102A6000A0F130010929F4D92E28099202F10102BE
:102A70007FF46AAF099943F4806348781146A0F166
:102A80003006092E40F221812A2800F02F81099278
:102A90000026013259E74446C14501D809F1FF3803
:102AA0004B46424651460020D84720461BB0BDE861
:102AB000F08FA0F16902D2B20F2A3FD8012149F26A
:102AC00041079140394040F0F3800A2A3DD0072A5F
:102AD00034D10A9D55F8042B002A00F0138143F0ED
:102AE000210012AB1F460B9303E0202900F0148154
:102AF0001A4602F00F042346092C94BF30333733B3
:102B00000F2A07F8013B01F101014FEA1213ECD83B
:102B100002E100BFB5280010F4240020F91B0010CA
:102B20000A99099851F8045B4078002DCDE90921F4
:102B3000BCBF43F002036D42013202E742464B46FE
:102B4000514608F10108D847D2E60A99002E51F8FB
:102B5000047B18BF3246387808BF4FF0FF32002898
:102B600000F07B83BC18A4463A4604E012F8014FFB
:102B7000002C00F03F819445F8D16446E41B5A05CF
:102B800040F12281B44228BF344613F0020300F022
:102B900088820223CDE90A5142461D46464408E098
:102BA0004B465146D84717F8010F08F1010810B1FC
:102BB00042464645F4D12B460B990A9D002B40F026
:102BC00041810A9194E6099948786C287FF4ECAE2B
:102BD0000A46887843F440730332E8E6099943F4DF
:102BE000007348780132E2E609994878682800F0D5
:102BF000038143F080030132D9E6672800F0D980D1
:102C0000472800F0DC80452800F0DB80CDE9035345
:102C10000A9B0296073323F007031C464246F4E85A
:102C200002674B4651465846CDE900670A94FFF7C4
:102C300087FB80465CE6462808BF43F02003CDE9C9
:102C400003530A9B0296073323F007031C464246B0
:102C5000F4E802674B4651465846CDE900670A94AE
:102C6000FFF70EF9804643E642464B465146252083
:102C700008F10108D8473BE60A9A990702F10404D3
:102C800008F1010640F1C68010784B464246514695
:102C9000D847012D88BFA84440F2BD8132464B463B
:102CA000514620200136D8474645F7D10A941FE601
:102CB0006F2800F0818040F24882782800F09081EF
:102CC0000A2723F01003BC4641E0002606EB8606E7
:102CD00000EB4600A0F1300611F8010FA0F1300220
:102CE000092AF3D90A46099101322EE6DDE90921C4
:102CF00051F8046B9078023209920A91013226EA67
:102D0000E67622E623F0100013F4806240F0210002
:102D10003FF4E7AE12AB0B930B9B06900093082396
:102D20001020059300234246CDE9023001914B4625
:102D3000514658460496FEF7AFFF0A958046D7E500
:102D4000582862D0622840F08F800227BC4613F4D6
:102D5000806000F0DD8023F00D0313F4007240F07A
:102D600081810A990F1D13F4807140F037825C064F
:102D70000A9A40F13B811278002A40F04E8123F0FC
:102D80001003002800F04981114612AA0B92CDE9E8
:102D90000553CDE903C601910B9B424600930023E6
:102DA0005146029358464B46FEF776FF0A978046F7
:102DB0009EE543F4006329E70827BC46C7E743F4D0
:102DC000006343F0200321E713F0020300F08E813B
:102DD00002230A951E460D4642464B465146D847A9
:102DE00017F8010F08F101080028F5D129463346EC
:102DF0000A9DE3E6D41BC2E60A46887843F0C00386
:102E00000332D4E50446804646E6102743F020030B
:102E1000BC469CE7012D40F2F880464608F1FF379A
:102E20002F4432464B46514620200136D847BE42F9
:102E3000F7D10A9B3246187851464B46D847A844EA
:102E40000A9455E54646A5427FF6BBAEA844A8EBDA
:102E500004080C4632464B46514620200136D847DE
:102E60004645F7D12146ACE613F4806200F0BB8002
:102E70004FF4806223F0110C1CF400770A9B4AD1B6
:102E80001CF4807003F1040440F034811CF0400F06
:102E900040F0A3801CF0800F00F0D381B3F9001044
:102EA00081EAE177A7EBE177BFB2CB0F002900F011
:102EB00056813A4612A90F46DFF8D8E30B910A93E0
:102EC0000C9501E020280FD01546AEFB0213DB085D
:102ED00003EB8301A2EB41013031092D1A4600F1C9
:102EE000010007F8011BEDD80A9B0C9DCDE9055C9C
:102EF000CDE9010304960B9B424600930A235146F9
:102F0000039358464B46FEF7C7FE0A948046EFE40B
:102F100023F00C0321E7073323F007031946084683
:102F20005B6850F8081BDF0F0A9051EA030062D17A
:102F3000002A40F09F811346114612AACDE90C7574
:102F400000201546CDE90E68DFF848E30B9201E05A
:102F500020282DD05A1842F10002AEFB027828F04A
:102F6000030707EB9807D21B1E469B1A61F1000767
:102F70000C464FF0CC3101FB03F10EFB0711A3FB14
:102F80000E731944052307F00108A8FB03389B18AA
:102F90000A2E03F130034FEA570774F1000405F8D5
:102FA000013B00F1010047EAC1734FEA5101CFD262
:102FB000DDE90C75DDE90E680B9B424600930A23A0
:102FC000CDE9055CCDE90107049603934B465146D4
:102FD0005846FEF761FE80468AE419780F4664E79A
:102FE0001027BC46B3E623F0100C45E71C064CBF87
:102FF00012881268C0E60A46191E01DB13469CE7D8
:103000005242134661EB410197E713465146187847
:1030100042464B46D847B04648E613F0200F14BF4F
:103020004120612012ACA6460B940A93A0F10A0439
:103030000C9502E0202912D02A46B2FBFCF50CFBCD
:103040001520C3B2092803F130008ABF1B19C3B28F
:10305000DBB262450EF8013B01F10101EAD20A9BA5
:103060000C9D94E60A9A073222F00702516852F842
:10307000084B8E460A9254EA010276D123F01003DF
:10308000002872D00022114612AA0B92CDE90553F6
:103090000B9B424600930023CDE903C601910293A6
:1030A00094E7A54298BF01347FF674AD4FF4806376
:1030B000CDE90A7505EB08021F460D46141B424672
:1030C0004B465146202008F10108D847A045F6D1CB
:1030D0003B460A9F294638780B9D6C1C00283FF41C
:1030E00070AD002B3FF475AE002353E5A542DFD849
:1030F00001346EE61968CB0F002900F0A88081EA40
:10310000E172A2EBE17212A90846DFF888E10B91A7
:103110000A930C9501E0202F0FD01546AEFB021349
:10312000DB0803EB8301A2EB41013031092D1A4684
:1031300007F1010700F8011BEDD80A9B0C9DCDE9B2
:10314000055CCDE901730496D5E6692823F0100CDF
:1031500040F08C8013F480623FF48EAE88E6002A43
:103160003FF4A8AE12AA0B92C0E613F0200F14BFD2
:1031700041226122002012A90A3ACDE90E68CDE968
:103180000C35CDF844B006468846754693460B91FB
:10319000CDF840C003E0202E17D004460D46294646
:1031A0003A460023204605F037FBD2B2092A02F145
:1031B000300388BF02EB0B03BC42DBB275F10005A4
:1031C00008F8013B06F10106E5D23146DDE90C3590
:1031D000DDE910CBDDF83C800E9E57E70A990968BF
:1031E00051B923F0100338B112A90B91CDE9055361
:1031F000CDE903C60192CFE513F0200F14BF4120A3
:10320000612012ACA6460B940A93A0F10A040C9517
:1032100002E0202A12D02946B1FBFCF50CFB151068
:10322000C3B2092803F130008ABF1B19C3B2DBB255
:1032300061450EF8013B02F10102EAD20A9B0C9DA6
:10324000D4E7196881EAE177A7EBE1772DE6002A58
:103250003FF459AF12AA0B9271E713F480640DD0BA
:1032600013F0020412D004464646ECE50A276346F2
:10327000BC466CE512AB00200B939DE613F00203F5
:103280007FF4E0AD002D7FF413AF9AE4002D7FF4BE
:103290000DAF96E4CDCCCCCC70B594461E46054619
:1032A0000C4684B04FF0FF32634602A900960348F3
:1032B000CDE90254FFF7FEFA04B070BD751E001090
:1032C00010B5094B84B01C684CB1034600914FF017
:1032D000FF3203A90548A047012004B010BD00F04B
:1032E0008FF9204604B010BDF42400206D1E00109C
:1032F00000BEFDE7074A0346106838B1064903449B
:103300008B428CBF4FF0FF30136070470349084673
:103310001160F3E7F020002000000820D8260020EC
:1033200008B5FFF7E5FF00BF38B5064C064DFEF7C0
:1033300001FAAC4204D254F8043B9847AC42FAD3A9
:1033400038BD00BF888800109488001003680846C4
:10335000114618472DE9F0411546427D074688463B
:10336000002A46D0002D1DDD0B780A2B23D0012D1D
:103370004FF0000C18D04646012416F8012F2146C4
:103380000A2A04F1010422D0A542F6D165450BDCDE
:1033900008EB050313F8013CA3F10D03B3FA83F323
:1033A0005B093B75BDE8F0813B68A5EB0C0108EBC0
:1033B0000C009847ECE7037D002BD8D1036802216D
:1033C0000F489847012DE3D04FF0010CD3E716F8D2
:1033D000013C0D2BD8D08C4508EB0C00A1EB0C0167
:1033E00001DA3B689847022105483B689847A446A4
:1033F000CAE7294640463B68BDE8F041184700BF90
:10340000E09100100B682DE9F041802B0D46064637
:1034100005D05A1C2B442A601E71BDE8F0810F4B69
:103420001C68A4B10E4F01F1040801E0246974B1D5
:103430002368002BFAD03B680BB1A342F6D120469B
:1034400041462A68FFF786FF2469002CF0D100234B
:1034500001222B442A601E71BDE8F081E02000208B
:10346000EC2000202DE9F04782B00D4691461C4625
:103470000646FDF7CBFF4FF0FF3C6FF000472E4AAA
:10348000821841F10003944577EB03013CBF62468B
:103490003B462A4805F0D0F96B1C804640D00CB35F
:1034A000274F284B1C68B4B1B9F1000F1CD1DFF8CD
:1034B0009C9001E0246974B12368002BFAD0D9F8FC
:1034C00000300BB19C42F5D120462A463146B84720
:1034D0002469002CF0D1B8F1000F26D1284602B0A3
:1034E000BDE8F087184FDCE74FF00A0ADFF85C9080
:1034F00002E02469002CEED02368002BF9D0D9F823
:1035000000300BB1A342F4D12A4631462046B847D9
:10351000012220460DF107018DF807A0B847E8E722
:10352000304604F0E7FF0546B9E7044805F078F9AE
:10353000284602B0BDE8F08740420F00781700200F
:1035400055330010E02000204D330010EC20002007
:10355000084A136823B90AE003F110021B6933B16A
:103560008342F9D129B9186910601961704701B116
:1035700010607047E020002000F0DEBAF0B583B0A4
:1035800006468DF80700FDF741FF4FF0FF356FF05D
:103590000044174A821841F10003954274EB03017D
:1035A0003CBF23462A46134805F046F9124B07460E
:1035B0001C689CB1114D01E024697CB12368002B8B
:1035C000FAD02B680BB19C42F6D1204601220DF1B6
:1035D0000701FFF7BFFE2469002CEFD117B9304671
:1035E00003B0F0BD034805F01BF9304603B0F0BD51
:1035F00040420F0078170020E0200020EC2000203F
:1036000038B5044604F076FF012305461A462046E5
:103610002946FFF727FF084B1C682CB163682BB1C4
:1036200098472469002CF9D1284638BD2469002C1C
:10363000F4D1284638BD00BFE02000202DE9F0413C
:10364000A2B004460D46FDF7E1FE4FF0FF376FF0E4
:103650000046264ADFF8A480821841F10003974211
:1036600076EB03013CBF3A463346214805F0E4F8C7
:1036700000272B462246064601A91E480197FFF760
:103680000BFE019B0546D8F80040C3B1002C2BD09F
:10369000194F01E0246974B12368002BFAD03B680C
:1036A0000BB1A342F6D12046019A02A9FFF752FEC0
:1036B0002469002CF0D10023D8F8004001932CB1EC
:1036C000636843B198472469002CF9D12EB9284684
:1036D00022B0BDE8F0812469F1E7054805F0A0F8C3
:1036E000284622B0BDE8F0810194EFE740420F0088
:1036F0007817002005340010EC200020E020002086
:103700000FB400B583B004A951F8040B0191FFF781
:1037100095FF03B05DF804EB04B07047704700BF3D
:103720000022014B1A707047D42600204B79FF2BE2
:103730000BD1887948B9CB79012B07D1082A05D953
:10374000034B8A7809201A7070470020704700BF29
:10375000D426002001207047012901D001207047A4
:1037600008B5104B91881B78994201D0002008BD04
:103770005378012B08D0022BF8D10021642208468F
:10378000FDF714FF012008BD5188CB0548BF480A4A
:10379000C1F3402258BF4FF0FF3001F07F01FDF729
:1037A00083FF00BFD426002000487047AC92001071
:1037B000012907D15378012B02D19388072B03D01D
:1037C00000207047012070471146A623014A01F0EE
:1037D00039BA00BF049200100346012201481A7052
:1037E000704700BFE491001008B50B68B3F5966F01
:1037F00000D008BD00224FF0FF301146FDF754FF06
:10380000024A034B10601960704700BF80200020FF
:1038100084200020184B70B51A68002A28D0EFF3D6
:10382000108172B6D2E8CF4F0120002CFAD1C2E845
:10383000440F002CF6D1BFF35F8F00220F4C1868A5
:1038400059602270C0E88F2F81F310880024002572
:103850000B4E3078FCF7A8FF20B900240025204645
:10386000294670BD3078FCF7AFFF2046294670BD71
:103870004FF47A740025EBE718250020D6260020A7
:10388000D5260020014B1878FCF79EBFD5260020D6
:1038900038B5044600200D4601F004FBA8B3002013
:1038A00001F016FB88B3FDF7B1FD4FF0FF3E6FF05E
:1038B000004C174A821841F1000396457CEB030146
:1038C0003CBF72466346134804F0B6FFE8B10020DF
:1038D00001F0E8FA58B900214FF0FF3000F00AFD7E
:1038E0006FF002040B4804F09BFF204638BD002017
:1038F00001F0EEFA0028EED021462A46002001F021
:10390000F1FA04460028EDD1EAE76FF00204ECE793
:1039100040420F00DC25002008B5FDF777FD4FF091
:10392000FF3E6FF0004C0F4A821841F100039645AC
:103930007CEB03013CBF724663460B4804F07CFFFE
:1039400070B14FF0FF30002100F0D4FC002001F0F6
:1039500011FB0028F5D1BDE80840034804F060BF22
:1039600008BD00BF40420F00DC2500202DE9F843D0
:1039700080460F46FDF74AFD4FF0FF356FF00044DB
:10398000334A821841F10003954274EB03013CBFB6
:103990002A4623462F4804F04FFF08B9BDE8F883B4
:1039A000002001F07FFA002847D0002F40DD0025DD
:1039B000DFF8A890284E13E02246002001F020FBFB
:1039C000002104464FF0FF3000F094FC002001F08D
:1039D000D1FAFDF71BFDC9E900012544AF4227DDFF
:1039E000002001F02DFB7C1B8442A8BF044608EB9D
:1039F0000501002CE0D121464FF0FF3000F07AFCA9
:103A0000204601F0B7FA204601F04CFA80B120467A
:103A100001F016FB0028E1D1FDF7F8FCD9F80030E1
:103A2000D9F804209B1942F1000283428A41D5D281
:103A30000848BDE8F84304F0F3BE00200021074B1E
:103A4000C3E90001BDE8F843024804F0E9BE00BF45
:103A500040420F00DC25002020A1070000190020B3
:103A600030B5002185B02E4804F0EAFEF0B92D4BA8
:103A70001A68CAB1EFF3108172B6D2E8CF5F0124A1
:103A8000002DFAD1C2E8454F002DF6D1BFF35F8F6C
:103A9000254C1D6822785960D3B201222270C5E8F6
:103AA0008F0F81F31088CBB105B030BD00214FF0EE
:103AB000FF3000F01FFC002001F00AFA044618480D
:103AC00004F0AEFE002CEFD0184B1B68002BEBD09F
:103AD000174A106805B0BDE830401847FDF78CFA6A
:103AE0000446FDF793FC4FF0FF3C6FF0004510F5E6
:103AF0007A7241F10003944575EB030138BF2B4600
:103B00004FF000014FF0010520460A4C38BF6246D5
:103B1000CDE901150094FDF773FA05B030BD00BF83
:103B2000DC25002018250020D6260020802000203B
:103B300084200020153800104FF0504330B585B078
:103B40001C68FDF759FAFDF76DFBA04202D000207A
:103B500005B030BD00212A4B08461B7801F038FD26
:103B600028480368002B47D00120FCF7CBFF034611
:103B7000254C2649C0B22370FCF742FE2078012173
:103B8000FCF7FCFD0E20FCF72BFE40BB204B012573
:103B9000C3E90000FDF730FA0446FDF737FC4FF0AB
:103BA000FF3E6FF0004C10F57A7241F1000396452C
:103BB0007CEB03014FF000012046164C3CBF7246DF
:103BC0006346CDE901150094FDF71AFA0028BEDB23
:103BD00001211148FFF7BCFC012005B030BD0120D8
:103BE000FCF788FD01460A48FCF7E8FF00220E209A
:103BF0000A49FCF735FEEBE7FCF7C4FFB4E700BF6A
:103C0000C8930010DC250020D5260020613A001062
:103C10001825002015380010E41100208538001008
:103C2000004870474893001000487047F492001015
:103C300038B5184B04461A780AB344B940F2094221
:103C40004FF44173144D6A8013482B8038BD052C06
:103C50001DD8124B104D53F824102846002301396B
:103C600003E0132B20F8022F0ED011F8012F01339F
:103C7000DBB2002AF5D15B0043F44073E4E7112185
:103C8000184600F025F8D8E74FF44A73DCE7002027
:103C900038BD00BFE8250020B8200020DC920010CD
:103CA00000B545F247308BB0FDF7F2FC0122034628
:103CB000092101A89847DDE90332044912BA1BBA69
:103CC000C1E900230BB05DF804FB00BFD025002044
:103CD000012901F1FF3300F0B3805D490A784FEA12
:103CE000121C9F2A8CBF0CF1370C0CF1300C012BED
:103CF00080F800C000F0A78002F00F02092A8CBFF4
:103D000037323032022B427000F09D804A784FEA01
:103D1000121C9F2A8CBF0CF1370C0CF1300C032BBA
:103D200080F802C000F08F8002F00F02092A8CBFD9
:103D300037323032042BC27000F085808A784FEA27
:103D4000121C9F2A8CBF0CF1370C0CF1300C052B88
:103D500080F804C077D002F00F02092A8CBF3732F6
:103D60003032062B42716ED0CA784FEA121C9F2A5D
:103D70008CBF0CF1370C0CF1300C072B80F806C00F
:103D800061D002F00F02092A8CBF37323032082B83
:103D9000C27158D00A794FEA121C9F2A8CBF0CF1CD
:103DA000370C0CF1300C092B80F808C04BD002F016
:103DB0000F02092A8CBF373230320A2B427242D0AE
:103DC0004A794FEA121C9F2A8CBF0CF1370C0CF178
:103DD000300C0B2B80F80AC035D002F00F02092AF4
:103DE0008CBF373230320C2BC2722CD08A794FEA1A
:103DF000121C9F2A8CBF0CF1370C0CF1300C0D2BD0
:103E000080F80CC01FD002F00F02092A8CBF373295
:103E100030320E2B427316D0CA7911099F2A8CBFFB
:103E2000373130310F2B81730DD002F00F02092A88
:103E300094BF30323732102BC27318BF103002D00B
:103E4000002303707047184400230370704700BFBD
:103E5000D025002070B500F02DF90C234026194C18
:103E6000FF22A3670E201849FCF7FAFC3246002116
:103E7000164804F051FA0125002380211348144A02
:103E8000418445700683068782604360136042F870
:103E9000043C80F8213080F83B3043620D4B4FF0FA
:103EA0000056C360C362803B836204F0B1FC4FF4F0
:103EB00080320949094B25642846E664C4F890100D
:103EC000DA6470BD000011509D030020F420002032
:103ED000840010500001105010D00100002011503B
:103EE00001210E20FCF74ABC00220248114600F0D6
:103EF00001B900BF14210020044B197021B14FF407
:103F00000032034BC3F89020704700BFD126002039
:103F1000002011500B785B0602D14B78052B00D0A6
:103F200070474B88014ADBB21360704700001150A4
:103F3000CB782DE9F04103F0030EBEF1010FC3F37E
:103F400001005BD0002791F802C0344C0CF07F02D6
:103F50005600898806EBDC1304EB43134FEADC15AB
:103F6000D876C1F30A0185F0010083F802C01983F5
:103F70005870DF70D3008DBB2948043304EB821CDA
:103F800003EB0008CCF808801F5082B3254BD20009
:103F90001344CCF80430244B3F311A6821F03F0120
:103FA000BEF1020F08BF4900114419601F4B771979
:103FB00004EB47179942FA602BD82E4404EB4613C2
:103FC000D97E82F0A04282F480125B6842EA81626C
:103FD00042F000421A600120BDE8F081104804EB75
:103FE000821C0344CCF8283040F832704AB90022D1
:103FF0000F4904EB4513D9605A60ECE70020BDE897
:10400000F081D20002F1A04202F58012CCF8242007
:10401000C1E7FDF789FBFA68CFE700BFF420002075
:104020008000105004001050FC240020FF0F10509E
:104030000001105004F0ECBB8C4608B5114607484F
:104040001A460CF07F034FEADC1C0CEB430C00EB30
:104050004C1000F04FF8012008BD00BFF4200020F4
:1040600011F07F0205D100290CBF02200120064B70
:104070009866C909054B01EB420003EB40104FF471
:104080000062002104F0D4BB00201150F420002075
:1040900011F07F0300D17047002205485B0003EB5D
:1040A000D11300EB43106FF40061C27004F0C0BB89
:1040B000F42000204FF0805209480A4908B50A4B05
:1040C00002600A609968C94311F08051FAD14FF437
:1040D0008052064804F020F90922054B5A6708BDB2
:1040E000002002400030024000000240000010505A
:1040F0000000115000234FF0010C10B580F81AC0D9
:104100008282C3820161044604F07EFB20B14FF439
:104110000032074BC3F89020204604F085FB10B115
:104120000123237710BD2046BDE8104004F068BB92
:10413000002011502DE9F04100241D4E0546234674
:104140003278DFF878801B4F0DE03B6813EB4413A7
:1041500024D0DB682846984732780134E4B2511CF9
:10416000A142234606DBA242A3EB0203EDD808EBF3
:104170004313EEE7542200210F4804F0CDF84FF02E
:10418000FF330D482022041D4360C4E90133E3607E
:10419000FF21BDE8F041143004F0BEB84FF0E02339
:1041A000D3F8F03DDB0700D500BEBDE8F08100BFCD
:1041B000D0260020C81A0020981C00205C93001014
:1041C000704700BF704700BF002070470020704755
:1041D000704700BF704700BF704700BF704700BF07
:1041E000024B5878003818BF01207047981C0020F7
:1041F000024B1878C0F38000704700BF981C002065
:104200002DE9F047DFF8E4A09AF80030FF2B56D1F3
:104210000E4600293ED0002154220746294804F0CA
:104220007BF80022284C294B20461A70FCF7AAFC88
:10423000274B28481C60284CFCF7B2FC204601F0B4
:10424000ABFD264A264B146023B12648FFF7C4FA7B
:10425000254B18600024234D23462A78DFF89090E0
:10426000DFF884800EE0D8F8003013EB441311D04F
:104270005B687BB198472A780134E4B2511CA142B3
:10428000234611DBA242EED89B1A09EB43135B686D
:10429000002BEFD14FF0E023D3F8F03DDB0700D542
:1042A00000BE0020BDE8F087314638468AF800702D
:1042B000FFF7D0FD0028EDD03846FFF711FE0120B2
:1042C000BDE8F087981C0020901C0020D22600201A
:1042D000EC1C002010120020FC110020F01C00201B
:1042E000D9370010D0260020C81A0020181200204C
:1042F0005C9300102DE9F04FDFF8C8928BB099F86D
:104300000030FF2B00F0F180A84CA94DDFF8B0A2DF
:10431000DFF8B4B226687369EFF3108272B6D3E89F
:10432000CF0F01210028FAD1C3E8401F0028F6D1A1
:10433000BFF35F8FB261304607A901F077FB00231E
:104340007269C2E88F3FB36983F31088002800F0D8
:10435000CC809DF81D30013B072B00F27D83DFE808
:1043600003F0A7B1959D8E350A04089B002BD1D090
:1043700009989847CEE79DF8201001F07F0605EBDD
:10438000460000EBD11090F8343023F0010380F8A0
:10439000343090F8343023F0040380F83430002EA9
:1043A00000F0A680037D9AF80020934280F093806D
:1043B000804A126812EB431300F090809E699DF8CA
:1043C0002120099B9DF81C00B047A3E79BF8003013
:1043D000002B00F083809BF80030013BDBB28BF8B0
:1043E00000309BF8003003F0FF00002B92D1704F9B
:1043F0009DF81C803B7843F001033B7097F8343004
:1044000060F3000387F8343097F8343060F38203A8
:1044100087F8343097F8353060F3000387F835308B
:1044200097F8353060F3820387F8353000F06CFC84
:104430009DF8203003F06002602A6CD0402A7CD0C6
:1044400003F01F03012B00F0C180022B00F08180DC
:10445000002B60D1202A00F0E981002A5BD19DF871
:104460002130092B57D8DFE813F0B001A201560024
:10447000C101560095016B0156006001F4002B78D4
:10448000D9077FF547AFFFF7A9FE43E7EB78DA07D7
:104490007FF540AF0898FFF795FE3BE72B78D807EC
:1044A0007FF538AF2878C0F3C000FFF795FE31E7FD
:1044B0009DF81C00FFF73EFE00F01CFC9DF820302C
:1044C000AB7027E79DF81C00FFF734FE00F012FCEC
:1044D000FFF780FE1EE7501C984211DA4FF0E023F0
:1044E000D3F8F03DDC0700D500BE0BB0BDE8F08F7F
:1044F000099B9DF821209DF81C0000F019FC09E79C
:104500009B1A2D4A02EB431358E7FFF78DFB024637
:10451000002840F082814FF0E023D3F8F03DDE0721
:1045200000D500BE9DF81C000021FFF799FD8021F9
:104530009DF81C00FFF794FDECE6204800F0E4FB3A
:104540000121404608AAFFF733F900287FF4E2AEC4
:10455000E8E79DF8241011F0700FDCD101F07F0620
:1045600007EB4600164B00EBD1101B78007D760060
:10457000019698424FEAD116009659D35E1C8642A6
:10458000C0F26681C01A0C4B03EB4016002A00F003
:104590006381706900F0B8FB01214046736908AA85
:1045A000984700287FF4B6AEBCE700BFF01C00209F
:1045B000981C0020C81A00205C930010B13700102E
:1045C000D026002018120020D22600209DF824308A
:1045D0000F2BA7D8AE4A3B441B791278934232D3B3
:1045E000511C99429EDBAB4E9B1A06EB4316706939
:1045F00000F08AFB01214046736908AA9847002809
:104600007FF488AE9DF8203013F060068AD19DF8C3
:1046100021300A3B012B85D800F076FB9DF8213034
:104620000A2B00F0F281404608A900F0F1FA71E689
:10463000994B1B6803EB4016002A00F00D81002EF9
:104640003FF470AFA5E7944A166816EB4316CED137
:1046500068E77B789DF822609E4200F04F817B786E
:10466000002B40F0BE817E70002E00F04581701E50
:10467000C0B2FFF7D9FA0346002800F05F81427804
:10468000022A40F05B81C17903F10906C1F34012AF
:104690001201C1F3801142EA41123146387820F00C
:1046A000300002433A705A88CDF80C809A18019273
:1046B000019B8B4240F2A4814A780B2A00F0AF8123
:1046C0000123042A40F03A810026019A0096521AEA
:1046D00092B202926E4A049312781DE06E4B1B68F0
:1046E00013EB461800F02A81029AD8F8103003988C
:1046F0000591984708280246059906F1010303D958
:104700000298904280F0FF80DEB2614B00961A78EA
:10471000531C9E4200F31281009BB242A3EB0202A3
:10472000DCD85C4B03EB4218DEE77B7840468DF823
:104730001A300DF11A02012308A900F083FAE9E505
:10474000BDF82200030A013B020AC0B20E2B3FF65D
:10475000E9AE01A151F823F06D490010094800109D
:10476000A949001025450010254500108B4900106F
:10477000094800102545001025450010254500106A
:104780002545001025450010254500102545001041
:104790005F49001008A800F0BDFA40469DF82210BD
:1047A000FFF7A2FB3B7843F002033B70B2E5BDF894
:1047B0002230012B7FF4B6AE3B78404623F008034D
:1047C00008A93B7000F024FAA4E540463B789A081B
:1047D00002F00202C3F340131343ADF81A300DF197
:1047E0001A02022308A900F02DFA93E5BDF8223041
:1047F000012B7FF497AE3B78404643F0080308A9AD
:104800003B7000F005FA85E5022A3FF47EAEFFF723
:10481000DDFC024600283FF485AE4046538808A9D7
:1048200000F010FA00287FF475AD7BE69DF8243087
:104830000F2B3FF677AE164A3B441B791278934212
:104840001DD2154A166816EB43167FF4A2AE69E630
:10485000002A7FF467AE00269DF8212002F0FD03B8
:10486000012B1BD0002A7FF456AE019B009A3B44DB
:10487000134493F834304046C3F34003ADE7511C72
:104880009942FFF64FAE034E9B1A06EB431680E6A5
:10489000D02600205C930010C81A0020BDF82230FA
:1048A000B3B9012A99F8000000F08680FFF7D8FB21
:1048B000019B009A3B44134493F8342042F00202D7
:1048C00083F8342093F8342042F0010283F8342036
:1048D000002E3FF41FAD706900F016FA73690121D4
:1048E00008AA40469847002000F00EFA97F83530A5
:1048F000DF073FF50FAD96E6FFF76CFC404608A9D1
:1049000000F086F906E5049B012B00F09E80002B49
:1049100000F08A80002091F8028005E08CF80460A5
:104920005FFA80FC63457FD908EB000C57FA8CFCDA
:104930009CF804E00130BEF1FF0FEFD04FF0E02310
:10494000D3F8F03DDA0700D500BE4FF0E023D3F8EE
:10495000F03DDB0700D500BE00237B70E2E5FEF7EB
:1049600023FF024600287FF458AFDBE5FFF758F934
:10497000024600283FF4CFAD4046122308A900F0BC
:1049800061F900287FF4C6ACCCE5FFF71DFC0246B8
:1049900000283FF4C7AD4046137808A900F052F94B
:1049A00000287FF4B7ACBDE5BDF82410FFF740F94F
:1049B00002460028EFD1B5E50293FFF769FB019AA3
:1049C000009B3A441A4492F83410029B63F341016D
:1049D00082F8341092F8341063F3000182F8341036
:1049E00076E700214046FFF787FA4046FFF722FBB3
:1049F000BB7840460093FFF79DFB009BBB7032E6FF
:104A0000DDF80C80FFF7E4FB78E74046012308A9B6
:104A10000DF11A028DF81A6000F014F97AE40A78A0
:104A2000CB7811444A784CE6334610480492029100
:104A300000F076FE0E4B049A02991B781144009AFE
:104A400001339342BFF634AE78E7D8F810C0094876
:104A5000844508BF02235DE74FF0E023D3F8F03D23
:104A6000DB077FF557AC00BE54E400BFAC1C002050
:104A7000D0260020415100102DE9F84F0A9F002A4E
:104A800040D00C461E4615464FF0000ADFF87C90D9
:104A9000DFF87C8018E0204698F8021099F800B002
:104AA00000F00EFEE0B121465846FFF741FAF0B1A2
:104AB000A2780AF1010AD10916BF0B9B3A701A704D
:104AC0002278AA4514441DD06278052A0FD1E178D6
:104AD00001F00301B1420AD1A27812F0700FDAD0CE
:104AE0004FF0E023D3F8F03DDA0700D500BE4FF0D9
:104AF000E023D3F8F03DDB0702D40020BDE8F88FB7
:104B000000BEFAE70120BDE8F88F00BF18120020B0
:104B1000981C002038B58B7813F0700F08D04FF038
:104B2000E023D3F8F03DDB0700D500BE002038BD00
:104B3000074A084B0C46084691781D7800F0C0FDE6
:104B40000028ECD021462846BDE83840FFF7F0B9F0
:104B5000981C0020181200200B46064A06481168CF
:104B6000DA09343203F07F0302EB4303184400F008
:104B700061BD00BFEC1C0020981C00200B46064ABB
:104B800006481168DA09343203F07F0302EB43036D
:104B9000184400F079BD00BFEC1C0020981C0020D8
:104BA00010B5194801F07F0C00EB4C0000EBD11060
:104BB00090F834C01CF0010F08D04FF0E023D3F878
:104BC000F03DDA0700D500BE002010BD00F1300432
:104BD00094F804C00D484CF0010C007884F804C02F
:104BE000FFF72AFA0028F0D14FF0E021227960F394
:104BF00000022271227960F382022271D1F8F03D25
:104C0000DB07E1D500BEDFE7981C0020181200206A
:104C100030B50B4C8C46A64605460868496800230B
:104C2000AEE803009CF800102846C943C4E90233EB
:104C3000BDE830401A4601F08001FFF7B1BF00BF68
:104C4000581C00202DE9F041284F4FF00008BE46C7
:104C50008C46064608684968BA60AEE80300A7F8C3
:104C60000E801546BCF80620934228BF1346BB8130
:104C70009AB11C4633B3DDB197F90030402C28BF00
:104C80004024002B29DB414623463046184AFFF7D3
:104C900087FF68B10120BDE8F0819CF80010134641
:104CA000C943304601F08001FFF77AFF0028F1D1B7
:104CB0004FF0E023D3F8F03DDB0700D500BE002025
:104CC000BDE8F0811A46397801F08001234630466C
:104CD000FFF766FF0028DDD1EAE7224629460448AF
:104CE00003F092FB8021024AF0E700BF581C00202D
:104CF000181C00200022034BC3E90022C3E9022252
:104D00001A617047581C0020014B1861704700BFA2
:104D1000581C002030B40246044C0025234600688D
:104D20005168C4E9025530BC03C37047581C0020C9
:104D300070B53D4CC90922780646B1EBD21F1D461D
:104D400082B017D053B14FF0E023D3F8F03DDB072A
:104D500002D4002002B070BD00BEFAE72146FFF782
:104D6000D9F823691BB12246032130469847012018
:104D700002B070BD94F90030002B06DBA06800285B
:104D8000E7D02A46294903F03FFBE089A168E38880
:104D9000284480B229448342E081A16016D03F2D8F
:104DA00014D9A28994F90040131A9BB2402B28BF52
:104DB0004023002C27DB90424FF0000131D01B4AEA
:104DC0003046FFF7EDFE0028D1D1BCE7236923B1BF
:104DD00002213046144A984760B121780023C94324
:104DE00030461A4601F08001FFF7DAFE0028AAD00B
:104DF0000120BDE701463046FFF732F980213046F9
:104E0000FFF72EF9B3E7904208D01A4607480193FE
:104E100003F0FAFA8021054A019BD1E780210022A4
:104E2000CEE70A46CCE700BF581C0020181C002023
:104E30002DE9F0410446FFF7D3F908B9BDE8F08148
:104E4000FFF7D6F905460028F8D1C82304FB03F381
:104E5000124EF718F9780029F0D010331E4430466E
:104E600000F0D2FD3F28E9D92846F978FFF774FE13
:104E70000028E3D0304600F0C7FD3F28F97808D974
:104E8000074A284602EBC4124023BDE8F041FFF771
:104E900087BE2846BDE8F041FFF770BE501B0020DA
:104EA000CC1A002010B50446FFF79AF908B9002083
:104EB00010BDFFF79DF90028F9D1C822034B02FB72
:104EC0000433187900F0010010BD00BF501B002012
:104ED000C82208B5024B02FB003000F07BFD08BD84
:104EE000601B00202DE9F8434FF6FF73C8249A4257
:104EF00028BF1A4600FB04F4DFF8748004F11005A3
:104F00004544064692B2284600F0DAFD0746FFF710
:104F100067F910B93846BDE8F883FFF769F98146AB
:104F20000028F7D1A04498F80330002BF2D028468F
:104F300000F06AFD3F28EDD9484698F80310FFF7C6
:104F40000BFE0028E6D0284600F05EFD3F2898F8CA
:104F5000031007D9054A4846402302EBC612FFF763
:104F60001FFED7E74846FFF709FED3E7CC1A00201B
:104F7000501B00202DE9F0410446FFF731F910B92C
:104F80000020BDE8F081FFF733F905460028F7D18E
:104F9000C82604FB06F6DFF8648006F124074744C0
:104FA000384600F017FD0028EAD0B044284698F8AB
:104FB0000210FFF7D1FD0028E2D00F4E384606EB75
:104FC000C4163146402200F07BFD98F802100446DA
:104FD00068B1034632462846FFF7E2FD50B94FF06C
:104FE000E023D3F8F03DDB07CAD500BEC8E7FFF7E2
:104FF000C5FDC5E72046C4E70C1B0020501B002060
:1050000038B54FF6FF75C823AA4228BF2A460B4C75
:1050100092B203FB00440546204600F00FFE034613
:1050200020461C4600F0D6FC3F2801D8204638BD5B
:105030002846FFF79FFF204638BD00BF741B0020A5
:10504000C82208B5024B02FB003000F0DDFC08BDB1
:10505000741B0020F0B5002483B0C822002117483B
:1050600003F05AF9FF234FF4E13108221448047089
:1050700012480094074643718160827300F1380141
:1050800001234022103000F075FC0123402207F17B
:105090007801009307F1B80607F1240000F06AFCDC
:1050A00007F1C0053046FBF76DFD2846FBF76AFDAA
:1050B000C7E90746C7E90C5403B0F0BD501B0020F8
:1050C0004C1B00200A4A116B136A61B13BB10023EB
:1050D000C2E90C33D3610023136201207047012021
:1050E000C2E90C337047002BF7D0D161F3E700BF62
:1050F000501B0020002210B50E4C0F482378026090
:105100000271DA0707D59B070BD5BDE810400121D6
:105110000A4800F05DBE103000F03EFE23789B0789
:10512000F3D4064800F038FEBDE8104001210348E2
:1051300000F04EBE4C1B0020501B0020741B0020B2
:10514000F0B54B7983B0022B02D18B79022B03D0BF
:105150000025284603B0F0BD274FBB783BB14FF088
:10516000E023D3F8F03DDB07F2D500BEF0E78B7803
:1051700006463B700B78CC186178242908BF0925B6
:1051800007D036E023781C4461782B4424299DB253
:1051900007D1AA42F6D20020FFF74AFE284603B004
:1051A000F0BD0B46052916D0042BF4D163790A2BE8
:1051B000F1D1124B2778019301330093022330463B
:1051C0001A46E119FFF758FC0028C8D00E3517FA27
:1051D00085F5ADB2DFE721463046FFF79BFC00289E
:1051E000BDD0A3787B7023785A191C44637895B29C
:1051F000DAE70B460925D5E7501B0020521B00209B
:10520000137803F06003202B08D170B5264C9388E7
:1052100094F800C09C4503D0002070BD002070476A
:105220005378203B032BF7D8DFE803F027230D0248
:1052300001292ED003291ED11C4BE3B10020518837
:10524000AFF3008017E0012923D0032913D155883B
:10525000174805F0010686F00101257100F0B8FD40
:10526000144B43B131460020C5F34002AFF3008038
:1052700001E0012911D0012070BD01290DD00329C1
:10528000F9D10D4B002BF6D000200C49FEF7ACFAFB
:10529000F1E71146FFF7BCFCEDE711460723074A8B
:1052A000FFF7D0FCE7E700BF501B00200000000024
:1052B000741B002000000000E9370010581B00207C
:1052C0002DE9F843354E0C46F27807468A421D46D2
:1052D0003DD0B3788B4212D04FF0E023D3F8F03DAD
:1052E000DB0732D40020BDE8F8832D4B23B12D48D5
:1052F00000F080FB00284DD00020FFF799FDB37827
:10530000A34201D00120EEE7274B13B10020AFF3F9
:1053100000800020FFF72EFE0028F3D1234800F084
:1053200059FB0028EED1002DECD015F03F05E9D156
:105330003846B178FFF710FC0028E3D02B462A4608
:105340003846B178FFF72CFCDCE700BECAE79AB21A
:10535000174906F1100000F071FC164B002BC4D069
:105360007379FF2BC1D0002DBFD0DFF8448008EB4C
:10537000050902E0C845B8D0737918F8012B9A42A4
:10538000F8D1084800F036FB0028F3D17179AFF36B
:105390000080EFE7AFF30080AEE700BF501B0020B6
:1053A00000000000601B002000000000741B0020B3
:1053B000CC1A002000000000F0B54FF4137285B045
:1053C0000021124802F0A8FF402600234FF4807508
:1053D0000E4F0F4C07F5A6721946CDE90246009212
:1053E00001951A4607F5947000F0C6F90023384677
:1053F00007F128013444009101221946CDE9024603
:105400000195043000F0B8F905B0F0BD341E00205D
:10541000B41D002008B5054800F0DAF9034BA3F5E8
:10542000927000F0D5F9012008BD00BF5C1F00207C
:1054300038B50025064C04F59870257000F0ACFCDA
:1054400004F10C0000F0A8FC84F82951657138BD06
:10545000341E00202DE9F8434B79FF2B51D1354EF6
:1054600096F82931002B4CD196F80580B8F1000F41
:1054700047D18B780C7833700B790F460C44ABB363
:105480008146A51803E0A54230D923781C446378EF
:10549000052BF8D1AC4229D221464846FFF73AFB0A
:1054A00040B3A378DB092FD1234800F075FCA37823
:1054B00096F8282186F82931A3884846C3F30A03C1
:1054C000A3F50073B3FA83F35B0963F341021B494D
:1054D00086F8282100F0EAF960B123783A7908F1DA
:1054E00001081C445FFA88F39A42D0D8E11B88B2C5
:1054F000BDE8F8834FF0E023D3F8F03DDB0700D59B
:1055000000BE0020BDE8F8830D4800F045FCA378FC
:1055100032797371A3880B49C3F30A03A3F50073AF
:10552000B3FA83F35B0963F341020020327100F0A8
:1055300085F9D2E7341E0020641F00205C1F002084
:10554000401E0020381E002070B51B4C064694F803
:1055500029C11D468C4511D063798B4201D00020B2
:1055600070BD164B1BB10020A9B2AFF300803046CE
:10557000134900F063F9C8B1012070BDB4F83431AB
:1055800063B9104B23B100200F49AAB2AFF30080DA
:1055900030460E4900F08AF90120EEE7D4F82C11CC
:1055A000AAB204F5987000F049FBEAE72A463046B3
:1055B000034900F00FF9DFE7341E0020000000006F
:1055C000381E002000000000B41D00205C1F0020D9
:1055D00010B582B0C9B101280CD80B7853B1144C66
:1055E000012B235402D0012002B010BDFEF708FEAB
:1055F0000028F8D14FF0E023D3F8F03DDB0702D4C8
:10560000002002B010BD00BEFAE70124084601A93F
:10561000ADF80440FEF7F4FD38B94FF0E023D3F8BD
:10562000F03DDA07EDD500BEEBE7014B1C70E8E773
:105630008C1C0020F8B5037813F001041AD103780C
:1056400005465A07C3F3800701D52046F8BD0E462C
:105650004FF0FF31304603F0CFF82B7813F0010400
:105660000BD12B785B0709D42B78012443F004037A
:105670002B7003E000242046F8BD3C46304603F082
:10568000CFF82046F8BD00BF70B50C4605464FF078
:10569000FF31204603F0B0F82B78C3F380065B0798
:1056A00008D52B7813F0010311BF00262A7863F385
:1056B00082022A70204603F0B3F8304670BD00BF66
:1056C000C378828803F003000228C2F30A0215D0CF
:1056D00003280AD001281CD1022940F2FF3308BF59
:1056E0004FF4806393420DD37047022914BF4023C7
:1056F0004FF48063934205D30120704702290AD0FA
:10570000402AF9D94FF0E023D3F8F03DDB0700D56C
:1057100000BE00207047B2F5007FEDD0F2E700BF79
:105720000A44914226D291F801C0BCF1050F05D080
:1057300091F800C061448A42F5D8704700B591F8ED
:1057400002C00CF07F0E00EB4E0E4FEADC1C0EF890
:105750000C3091F800C061448A4209D991F801C027
:10576000BCF1050FEBD091F800C061448A42F5D836
:105770005DF804FB704700BF2DE9F0418E4682B012
:10578000009390F800C0089EBDF824706EF3000CE2
:1057900004461546012331463A4600F808CBBDF8C9
:1057A0002C8000F0E7F806B13FB901200A9BA4F86D
:1057B0000280636002B0BDE8F08104F11C0630464F
:1057C000FBF7E0F90DB135460026C4E90556ECE7D4
:1057D00001207047F8B50746084640F2FF1315460A
:1057E00010F8082B0C4612F0020F0CBF3F261E4685
:1057F00000F0F0F828B925B12E4202D12378DA075B
:1058000001D50020F8BD38466178FFF7A5F90028DA
:10581000F7D0237813F0010307D04FF0E023D3F83B
:10582000F03DDB07EDD500BEEBE71A463846617860
:10583000FFF7B6F90028F0D0F8BD00BF70B501F150
:105840000805064628460C4600F0C4F810B1237837
:10585000DA0701D5002070BD30466178FFF77CF98A
:105860000028F7D028466288616800F029F923787B
:10587000054603F0010340B173B14FF0E023D3F8C4
:10588000F03DDB07E6D500BEE4E7002BE2D1304671
:105890006178FFF773F9DDE70346626830466178A7
:1058A000FFF77EF90028E8D0284670BD8A892DE9E7
:1058B000F0410B780C46064622B9DD0734D50020AE
:1058C000BDE8F08104F108079907384647BF4FF457
:1058D0007E484FF400754FF6C078402500F094F8EC
:1058E0008542ECD82378DA07E9D430466178FFF7AF
:1058F00033F90028E3D0384600F086F82378854253
:1059000003F001032DD8BBB9658808EA00084545B6
:1059100028BF454661785DB362682B463046FFF785
:105920003FF948B12846CBE74978FFF715F9002839
:10593000C5D02378D80707D54FF0E023D3F8F03D42
:10594000DB07BCD500BEBAE7638861783BB162680B
:105950003046FFF725F90028EED06088B0E71A46F8
:10596000F6E7002BABD130466178FFF707F9A6E7E1
:105970002A46D2E72DE9F041B2F5004F9DF8188094
:1059800024D80446C06817460E461D4618B14FF08D
:10599000FF3102F031FF206918B14FF0FF3102F002
:1059A0002BFF0022C5F30E03E06843EAC83362818F
:1059B0002660A780E380228108B102F031FF2069D0
:1059C00008B102F02DFF0120BDE8F0810020BDE804
:1059D000F08100BF038942899BB292B280889342D2
:1059E00036BFC2EB40029B1A9B189BB2984228BF5D
:1059F000184670470289438990B29BB2C01AB0FA28
:105A000080F04009704700BF038942899BB28088BB
:105A100092B2934236BFC2EB40029B1A9B189BB2D4
:105A2000984286BFC01A80B20020704738B504463D
:105A300000690D4618B14FF0FF3102F0DDFE2189FB
:105A4000638989B29BB2A288994236BFC3EB4200F8
:105A5000C81A401880B250B3824209D291422CBF7A
:105A6000891A89188BB29A42638103D89B1A9BB218
:105A70009A42FBD9E2882168C2F30E0202FB0311AD
:105A8000284602F0C1FC6189012589B24B1C9BB2FA
:105A90009942A2880ED9002302FA05F15B1A9BB243
:105AA0002069638108B102F0BBFE284638BD054677
:105AB00063899BB2B3EB420F4FEA4201F0DBEDE7A3
:105AC0002DE9F047064600698846914618B14FF027
:105AD000FF3102F091FE338974899BB2A4B2B5887C
:105AE000A34236BFC4EB45071F1BFF18BFB2002FF0
:105AF0004AD0BD4240D3B94528BFB946A5421FFA96
:105B000089F703D8641BA4B2A542FBD9B6F806A056
:105B10002B1B31689BB2CAF30E029F42924602FBD6
:105B2000041123D913FB02F31FFA83F94A464046B6
:105B30007D1B02F069FC621912FB0AF2316808EB66
:105B4000090092B202F060FC7289B58892B2D31952
:105B50009BB29A421AD96A009B1A9BB23069738130
:105B600008B102F05DFE3846BDE8F087404607FB0D
:105B700002F202F049FCE7E7AB422CBF5B1B5B196A
:105B80009CB22F467481B6E773899BB2B3EB450F85
:105B90004FEA4502E2DBDFE7F8B50446C0680E468F
:105BA00018B14FF0FF3102F027FE25892389618962
:105BB0009BB289B2A2888B4236BFC1EB42015B1A0D
:105BC0005B189BB29A42ADB208D8E779FF0905D1BC
:105BD000E06808B102F024FE3846F8BD954228BFBF
:105BE0002B4618D39B1A9BB29342FBD2E2882068C3
:105BF000C2F30E0202FB0300314602F005FC6B1CEF
:105C00009BB29D42A28812D9002351005B1A9BB21D
:105C100001272381DCE7E2882068C2F30E0205FB3E
:105C20000200314602F0F0FB0135A288ABB2B3EBC3
:105C3000420F4FEA4201EBDBE8E700BF2DE9F04FEE
:105C4000174683B0002A75D00646C068894618B149
:105C50004FF0FF3102F0D0FDF379B6F80880728979
:105C6000DB09B5881FFA88F892B23CD1904536BF5F
:105C7000C2EB4502A8EB0202424492B2AA425ED2B3
:105C8000AA1A92B2BA4228BF3A46B6F806B097B2FC
:105C90007B1B08EB070ACBF30E0B9BB21FFA8AFAA9
:105CA000A845444603D3641BA4B2AC42FBD22D1BCF
:105CB0003068ADB2BD420BFB040057D349460BFB25
:105CC00007F202F0A1FBB288D0454FEA420302D8A6
:105CD000BAEB420F03DBAAEB03031FFA83FA3D463C
:105CE000A6F808A02CE0B6F806B0AF42CBF30E0B36
:105CF0002FD2904536BFC2EB4501A8EB02014144CB
:105D000089B2680039447B1B81429BB20DDB02EBF8
:105D1000050A1FFA8AFAAAEB07081FFA88F8424513
:105D200037D9A8EB00001FFA80F807EB080A1FFA22
:105D30008AFAB5E71546284603B0BDE8F08F00257E
:105D4000F0680028F7D002F06BFD284603B0BDE8EC
:105D5000F08F002DF4D07F1B02EB050A0BFB079997
:105D600090462F4600231FFA8AFA99E715FB0BF598
:105D7000ADB22A464946019302F046FB019B3068CA
:105D8000E21812FB0BF209EB050192B202F03CFBA8
:105D900099E7404584DCC4E710B50446C06818B1F3
:105DA0004FF0FF3102F028FD206918B14FF0FF31AC
:105DB00002F022FD0023E0686381238108B102F034
:105DC0002FFD206908B102F02BFD012010BD00BF9E
:105DD00038B50446C0680D4618B14FF0FF3102F0E7
:105DE0000BFD206918B14FF0FF3102F005FDE3799A
:105DF000E06865F3C713E37108B102F011FD206993
:105E000008B102F00DFD012038BD00BFF8B5044611
:105E10000D46EFF3108772B60C4B9B6853F8206069
:105E2000B14204D00A4B9E420BD2FBF77DFC074BDC
:105E30009B6843F82450BFF35F8F87F31088304688
:105E4000F8BD044B9E42F2D3EFE700BF00ED00E047
:105E5000100100101C01001070B51646026C0446BB
:105E6000856B2AB9066801354EB31046A56370BD2F
:105E70008EB9406802F0C8FA6368216CA2680B44CE
:105E80009342636028BF236805F1010528BF636062
:105E90000020A56370BDC06802F0B6FA226CE3680A
:105EA00051429B1A2268E360934202D2A3680B44DA
:105EB000E360022E08D001350020A56370BD806824
:105EC00001F0DEFAA660D1E7012D38BF0125DFE73A
:105ED00070B5A0B3A1FB002305460E467BBB01FBBA
:105EE00000F010F1490F2AD8483001F02FFD044688
:105EF00028B33EB300F148032360C4E90F5601F014
:105F00007FFD0023FF20A363216CE36B226801FB6C
:105F100003F3591A626013440A44C4E9023284F854
:105F2000440084F8450004F1100001F0E1FE04F1A2
:105F3000240001F0DDFE01F071FD204670BD00245B
:105F4000204670BD0346D7E72DE9F043044685B0EF
:105F50001F460192884601F053FDA26BE36B9A4203
:105F600079D3022F77D0002204F12406019B002B65
:105F700000F0D480002A00F0CD8001F04FFD00F049
:105F800069FF01F03DFD94F84430FF2B04BF00236E
:105F900084F8443094F84530FF2B04BF002384F884
:105FA000453001F03BFD02A801A901F0EBF9002802
:105FB00040F0BA8001F024FDA26BE36B9A425CD002
:105FC00001F02CFD01F01CFD94F8452055B2002D88
:105FD00004DC11E06A1ED3B255B26BB1636A5BB1E7
:105FE000304601F05BF90028F4D001F0FBF96A1E9D
:105FF000D3B255B2002BF1D1FF2384F8453001F024
:106000000DFD01F0FDFC94F8442055B2002D14DD87
:1060100004F1100903E06A1ED3B255B26BB12369D3
:106020005BB1484601F03AF90028F4D001F0DAF902
:106030006A1ED3B255B2002BF1D1FF2384F844304D
:1060400001F0ECFC00F00EFF01F0DAFCA16BE36B59
:10605000012299428AD23A4641462046FFF7FCFE89
:10606000636A002B40F0A880002840F0A28001F075
:10607000D5FC012005B0BDE8F08304F1100901F062
:10608000CDFC4846019901F057F801F0B9FC94F8AD
:1060900045305DB2002D04DC11E06B1EDAB25DB25A
:1060A0006AB1636A5BB1304601F0F8F80028F4D0B9
:1060B00001F098F96B1EDAB25DB2002AF1D1FF232C
:1060C00084F8453001F0AAFC01F09AFC94F84430C1
:1060D0005DB2002D04DC11E06B1EDAB25DB26AB174
:1060E00023695BB1484601F0D9F80028F4D001F0EB
:1060F00079F96B1EDAB25DB2002AF1D1FF2384F880
:10610000443001F08BFC00F0ADFE00289CD101F082
:106110006BFC99E702A801F029F92EE701F07EFC5B
:10612000002005B0BDE8F08301F06AFC94F845302A
:106130005DB2002D14DD04F1240603E06B1EDAB21B
:106140005DB26AB1636A5BB1304601F0A7F800281E
:10615000F4D001F047F96B1EDAB25DB2002AF1D13A
:10616000FF2384F8453001F059FC01F049FC94F814
:1061700044305DB2002D14DD04F1100603E06B1E07
:10618000DAB25DB26AB123695BB1304601F086F8DC
:106190000028F4D001F026F96B1EDAB25DB2002AB5
:1061A000F1D1FF2384F8443001F038FC00F05AFEAE
:1061B000B6E701F019FC5AE704F1240001F06EF88B
:1061C00000283FF454AFF4E738B5482001F0BEFB97
:1061D000044650B3002501232060C0E90F3501F0CB
:1061E0000FFCD4E90F31FF2001FB03F32268591A99
:1061F000626013440A44C4E90232A56384F844008F
:1062000084F8450004F1100001F072FD04F124004F
:1062100001F06EFD01F002FC2B462A46294620467D
:10622000A5602560E560FFF78FFE204638BD00BF02
:106230002DE9F043044685B08846019201F0E0FB69
:10624000A56B002D40F01781019B002B00F0C6804C
:1062500002A801F08BF82F4604F1240601F0DEFBC2
:1062600000F0F8FD01F0CCFB94F84430FF2B08BFA0
:1062700084F8447094F84530FF2B08BF84F84570CB
:1062800001F0CCFB01A902A801F07CF8002854D150
:1062900001F0B6FBA36B002B40F0A68004F12409AB
:1062A00001F0BCFB4846019900F046FF01F0A8FB55
:1062B00094F845305DB2002D04DC11E06B1EDAB2BB
:1062C0005DB26AB1636A5BB1484600F0E7FF00283F
:1062D000F4D001F087F86B1EDAB25DB2002AF1D17A
:1062E000FF2384F8453001F099FB01F089FB94F815
:1062F00044305DB2002D14DD04F1100903E06B1E83
:10630000DAB25DB26AB123695BB1484600F0C6FFFC
:106310000028F4D001F066F86B1EDAB25DB2002AF4
:10632000F1D1FF2384F8443001F078FB00F09AFDAE
:1063300000284AD101F058FB47E001F061FB94F8D6
:1063400045305DB2002D04DC11E06B1EDAB25DB2A7
:106350006AB1636A5BB1304600F0A0FF0028F4D058
:1063600001F040F86B1EDAB25DB2002AF1D1FF23D2
:1063700084F8453001F052FB01F042FB94F84430C0
:106380005DB2002D14DD04F1100903E06B1EDAB2DA
:106390005DB26AB123695BB1484600F07FFF002817
:1063A000F4D001F01FF86B1EDAB25DB2002AF1D111
:1063B000FF2384F8443001F031FB00F053FD01F07D
:1063C0001FFBA36B53B101F029FB01F019FBA56B77
:1063D000002D50D1019B002B7FF440AF01F01EFB3C
:1063E000002005B0BDE8F08301F018FB01F008FBC8
:1063F00094F845305DB2002D14DD04F1240903E06A
:106400006B1EDAB25DB26AB1636A5BB1484600F0F6
:1064100045FF0028F4D000F0E5FF6B1EDAB25DB254
:10642000002AF1D1FF2384F8453001F0F7FA01F09A
:10643000E7FA94F844305DB2002D14DD04F1100940
:1064400003E06B1EDAB25DB26AB123695BB1484604
:1064500000F024FF0028F4D000F0C4FF6B1EDAB275
:106460005DB2002AF1D1FF2384F8443001F0D6FA5E
:1064700000F0F8FCA9E7226C5AB1E168A368114466
:106480009942E16028BF2168404628BFE16001F0E1
:10649000BBFF2369013DA5632BB901F0BFFA0120C1
:1064A00005B0BDE8F08304F1100000F0F7FE00280D
:1064B000F3D001F099FAF0E72DE9F043044685B0F6
:1064C000019101F09DFAA56B002D40F03B81019BED
:1064D000002B00F0818002A800F048FF2F46A8465C
:1064E00004F1240601F09AFA00F0B4FC01F088FAF5
:1064F00094F84430FF2B08BF84F8448094F845306A
:10650000FF2B08BF84F8458001F088FA01A902A892
:1065100000F038FF002862D101F072FAA36B002B63
:1065200040F0AC8001F07AFA2368002B00F0018182
:1065300004F124094846019900F0FEFD01F060FADB
:1065400094F845305DB2002D04DC11E06B1EDAB228
:106550005DB26AB1636A5BB1484600F09FFE0028F5
:10656000F4D000F03FFF6B1EDAB25DB2002AF1D129
:10657000FF2384F8453001F051FA01F041FA94F814
:1065800044305DB2002D14DD04F1100903E06B1EF0
:10659000DAB25DB26AB123695BB1484600F07EFEB3
:1065A0000028F4D000F01EFF6B1EDAB25DB2002AA4
:1065B000F1D1FF2384F8443001F030FA00F052FCAE
:1065C000002800F0A58001F01BFAA56B002D40F01B
:1065D000B980019B002B85D101F020FA4AE001F03F
:1065E0000FFA94F845305DB2002D04DC11E06B1E0B
:1065F000DAB25DB26AB1636A5BB1304600F04EFE5A
:106600000028F4D000F0EEFE6B1EDAB25DB2002A74
:10661000F1D1FF2384F8453001F000FA01F0F0F9E0
:1066200094F844305DB2002D14DD04F1100903E04C
:106630006B1EDAB25DB26AB123695BB1484600F005
:106640002DFE0028F4D000F0CDFE6B1EDAB25DB254
:10665000002AF1D1FF2384F8443001F0DFF900F083
:1066600001FC01F0CDF9A36B002B4ED101F0D6F95E
:10667000002F50D1002005B0BDE8F08301F0CEF925
:1066800001F0BEF994F845305DB2002D14DD04F13F
:10669000240903E06B1EDAB25DB26AB1636A5BB1D2
:1066A000484600F0FBFD0028F4D000F09BFE6B1E76
:1066B000DAB25DB2002AF1D1FF2384F8453001F04F
:1066C000ADF901F09DF994F844305DB2002D14DD70
:1066D00004F1100903E06B1EDAB25DB26AB12369FE
:1066E0005BB1484600F0DAFD0028F4D000F07AFEF5
:1066F0006B1EDAB25DB2002AF1D1FF2384F8443078
:1067000001F08CF900F0AEFB5DE701F087F95AE784
:1067100001F06AF957E701F073F9616A19B1236B67
:106720001968C1F10601A06800F0E0FE01F076F9F9
:10673000A0E701F065F9A06800F05AFE074601F0F5
:106740006DF9F5E62368013DA56383B123692BB993
:1067500001F064F9012005B0BDE8F08304F11000F8
:1067600000F09CFD0028F3D001F03EF9F0E700F0C6
:10677000F9FEA060EAE700BF00296BD0564B5A68CB
:10678000904200F08B801A6810B4002A3BD0DA687F
:10679000904200F09E809A68002A55D05A69904233
:1067A00000F095801A69002A55D0DA69904200F00D
:1067B00082809A69002A54D05A6A904256D01A6A46
:1067C000002A57D0DA6A904277D09A6A002A56D0C7
:1067D0005A6B904273D01A6B002A55D0DA6B9042F4
:1067E0006FD09A6B002A54D05A6C90426BD01A6CBE
:1067F000002A59D0DA6C904267D09B6C002B58D09D
:106800005DF8044B7047DA68904262D05A69904252
:106810005DD01A46DC69A0424DD05C6AA04225D00A
:10682000DC6AA04249D05C6BA04248D0DC6BA0423D
:1068300047D05C6CA04246D0DC6CA04245D0C2E997
:1068400000105DF8044B70475A6990423FD003F145
:106850000802DFE77047DA6990422CD003F110029A
:10686000DBE75A6A904201D01C4AD9E7042203EBC5
:10687000C202E4E7DA6A90421FD0194AD3E75A6BA2
:1068800090421CD0174AD1E7DA6B904219D0164AD1
:10689000CFE75A6C904216D0144ACDE7002203EBA2
:1068A000C202C2E900107047DA6C90420DD0104A63
:1068B000C5E7104AC3E70322D9E70522D7E7062236
:1068C000D5E70722D3E70822D1E70922CFE7022242
:1068D000CDE70122CBE700BF0819002020190020D6
:1068E00028190020301900203819002040190020F4
:1068F000481900205019002070B505460E46144670
:1069000001F07EF895F84430FF2B04BF002385F892
:10691000443095F84530FF2B04BF002385F84530FF
:1069200001F07CF8AB6B002B43D001F069F895F8CF
:1069300045305CB2002C14DD05F1240603E0631E33
:10694000DAB25CB26AB16B6A5BB1304600F0A6FCA9
:106950000028F4D000F046FD631EDAB25CB2002AD3
:10696000F1D1FF2385F8453001F058F801F048F8DF
:1069700095F844305CB2002C14DD05F1100603E0FC
:10698000631EDAB25CB26AB12B695BB1304600F0CB
:1069900085FC0028F4D000F025FD631EDAB25CB25D
:1069A000002AF1D1FF2385F84430BDE8704001F0A2
:1069B00035B82246314605F1240000F009FCB4E761
:1069C0002DE9F041044601F01BF8364A364E1368B3
:1069D000013313603368002B34D0344FE36A3A68D4
:1069E0004AB3334D334934480A6804F1040C013288
:1069F0000A6002689A4238BF036003EB830305EB29
:106A0000830041689B00EA58D1F808E0A160C4F80F
:106A10000CE00132CEF804C0C1F808C06061EA5051
:106A200000F0FCFF3B6823B13268E36AD26A9A4205
:106A300010D3BDE8F08132681D4DD26A9A4298BFEA
:106A40003460CFE734601368012B07D0E36A184D38
:106A5000164FC7E7BDE8F04100F0C6BF144D2F4602
:106A600005F178083846143701F042F94745F9D165
:106A7000DFF86080114F404601F03AF9384601F0E6
:106A800037F90F4801F034F90E4801F031F90E489A
:106A900001F02EF90D4BC3F800800D4B1F60E36A27
:106AA000024F9FE7FC25002044250020942600206B
:106AB00058250020082600200C2600205026002003
:106AC00080260020AC260020982600204C2500209F
:106AD000502500203C26002080B5124D124F134E49
:106AE000DFF84C8014E000F08BFFFB68DC68201DB1
:106AF00001F026F93368013B33602B68013B2B60C2
:106B000000F08CFF206B00F02DFF204600F02AFFE4
:106B10002B68002BE7D1D8F80030012BF8D900F012
:106B200063FFF5E700260020AC260020FC250020AE
:106B3000582500202DE9F04F4C4B83B01D680135DE
:106B40001D60002D67D04A490B689D4277D3494E9E
:106B500033681868002800F084800020AA460746A1
:106B60008146DFF828E1444C019147E05869D3E9B8
:106B7000022CC2F808C0CCF8042042688A4202689D
:106B800008BFC0F804C0013A5F610260986A70B142
:106B9000D3E9072CC2F808C0CCF804204268AA4206
:106BA000026808BFC0F804C0013A9F620260DA6A56
:106BB000DEF8000002EB820C04EB8C088242D8F86D
:106BC000040054F82C50D0F808B09860C3F80CB00A
:106BD000CBF804108160C3F81480284B88BFCEF82E
:106BE000002019680135336844F82C50C96A1B68C5
:106BF0008A4288BF49F00109002B30D03368DB6836
:106C0000DB685A68191D924503F11805AED2019947
:106C100048460A6014E0174B194A18681168196051
:106C2000184910600A6801320A601A68126882B94D
:106C30004FF0FF330E490B600B689D4287D2002056
:106C4000114B1B68002B18BF40F0010003B0BDE8DA
:106C5000F08F1B680649DB681B680B6074E74846C9
:106C600001994FF0FF330B60EAE700BFC026002018
:106C7000742600204C2500205825002044250020A3
:106C80005025002078260020CC2600200C2600204D
:106C90002DE9F8439500804628460F46994600F0B6
:106CA00055FE002872D00646702000F04FFE0446C4
:106CB000002868D0043D70220021354401F02CFBEF
:106CC00025F007052663002F3BD03B7884F834304D
:106CD000002B36D07B7884F8353093B3BB7884F8BA
:106CE000363073B3FB7884F8373053B33B7984F88C
:106CF000383033B37B7984F8393013B3BB7984F8F7
:106D00003A30F3B1FB7984F83B30D3B13B7A84F865
:106D10003C30B3B17B7A84F83D3093B1BB7A84F8D0
:106D20003E3073B1FB7A84F83F3053B13B7B84F83B
:106D3000403033B17B7B84F8413013B1BB7B84F8A6
:106D40004230089F201D052F28BF0527E762676492
:106D500000F0DAFFC7F1060704F1180000F0D4FFD5
:106D60004B4642462846216BA7612461646200F0CD
:106D700077FE099B206003B11C602046FFF720FED0
:106D80000120BDE8F883304600F0ECFD4FF0FF3005
:106D9000BDE8F8832DE9F8434FF4007000F0D6FD0C
:106DA00088B30646702000F0D1FD044678B3002772
:106DB000DFF898903946702201F0AEFA06F5FE75BC
:106DC000C4E90C690626201D00F09EFF25F007058A
:106DD00004F1180000F098FF3B46174A216B284643
:106DE0002461A661646200F03BFE0346DFF8608028
:106DF000236020460127C8F80040FFF7E1FD00F0BE
:106E000063FDB8420AD00D4B1B68BDE8F8833046DD
:106E100000F0A8FD094B1B68BDE8F88300F0FAFEFE
:106E20004FF0FF3400220649064B074804600F600C
:106E30001A6000F051FEE6E7D96A00109C9300103A
:106E400094260020C02600207426002049444C458A
:106E500068260020024A136801331360704700BFA0
:106E6000042600202DE9F04FDFF86C8183B000F09C
:106E7000C7FDD8F80030013BC8F80030D8F800E072
:106E8000BEF1000F40F081804C4B1B68002B7CD082
:106E9000DFF848C1DCF80030002B00F08B80484B55
:106EA000DFF83C91474E0193DCF80C30DB689A6ABE
:106EB000D3E9070154688160486003F118008442F7
:106EC00008BF51601168C3F828E0013911605A69A0
:106ED000D3E90241A1604C6054681D1DAC4208BF5B
:106EE00051601168D9F8000001391160DA6A8242F4
:106EF000354802EB820188BFC9F80020006806EB24
:106F000081077C68D0F82CA056F82100D4F808B08E
:106F1000013052459C60C3F80CB0CBF80450A5601A
:106F20005F6146F8210037D90122019B1A60DCF825
:106F30000030002BB8D1254B1A681268002A34D0D3
:106F40001A68234BD26812681A60224D2C689CB1D3
:106F50000126019F05E0FFF7EDFD00B13E60013C19
:106F600009D0D8F80030002BF5D02B68013C03F194
:106F700001032B60F5D12C60019B1B682BB1124BD8
:106F800001241B6800F030FD00E0002400F046FD05
:106F9000204603B0BDE8F08FDCF80030002B83D131
:106FA0000A4B1A681268002ACAD14FF0FF32084B08
:106FB0001A60CAE7024B0193C7E700BFFC25002017
:106FC000CC26002058250020442500204C250020F8
:106FD000742600207C260020042600208026002025
:106FE0000C26002008B900F0FFBC194A2DE9F04139
:106FF00013680446013313601649174B174D184A9E
:107000000E681768D3F800802868043000F098FEF6
:107010002B68A41929685C600DD23846043100F051
:1070200077FE104B1A68944238BF1C60FFF71AFFB6
:1070300048B1BDE8F0814046043100F069FEFFF739
:1070400011FF0028F5D1BDE8F04100F0CDBC00BF34
:1070500004260020C02600205025002044250020C2
:107060004C25002074260020014B1868704700BF93
:10707000C0260020054B1B680BB9FFF75BBD044A17
:107080000020136801331360704700BF04260020FE
:107090007C260020234B1B681BB10122224B1A6067
:1070A0007047214A30B4214C13602068204A00EB1D
:1070B000800352F8233081008BBB431E03EB830512
:1070C00052F825509900B5B9831E03EB830552F899
:1070D000255099007DB9C31E03EB830552F8255056
:1070E000990045B9031F03EB830552F82550990019
:1070F0000DB9431F9900194402EB81000246416813
:10710000083249689142416008BFC168094A08BF16
:107110004160C96811602360136830BC7047034642
:10712000E9E700BF04260020CC2600200C26002022
:1071300058250020442500202DE9F0410C461E4D25
:107140002968183100F0E4FD1C4B1D491D4A0E68EA
:107150001768D3F800802868043000F0F1FD631C44
:1071600015D02B68A41929685C600AD2384604310E
:1071700000F0CEFD144B1A68944238BF1C60BDE885
:10718000F0814046BDE8F041043100F0C1BD0F4B35
:1071900029685A681C688A602E6801342868296842
:1071A0001C602D68946804300431F4606060916064
:1071B0006B61BDE8F08100BF442500205025002010
:1071C000C02600204C250020742600209826002090
:1071D00094462DE9F0412B4C0D4623684168D4F8C4
:1071E0000080D9612768036826688A68D4F800E0BF
:1071F000013318371836C8F8202057608E60224AAD
:10720000CEF8280021490360214BBCF1000F1AD0B1
:10721000096812681B682068043000F091FD1D4B5E
:1072200019685A6801311960216890688A6021687C
:10723000C860216804314160216820680431916090
:107240004361BDE8F0810E681768D3F800802068BC
:10725000043000F075FD2368AD1921685D6005D329
:107260004046BDE8F041043100F052BD38460431DB
:1072700000F04EFD084B1A68954238BF1D60BDE80E
:10728000F08100BF442500204C250020C0260020AE
:10729000502500209826002074260020F0B40026F7
:1072A000C368DB689A6AD3E9070181604860506867
:1072B00003F11804A042274808BF5160116805680F
:1072C0000139D86A9E621160002D2FD1D3E90241A5
:1072D0005A69A1604C6054681E1DB44208BF5160D9
:1072E0001168013911601C4A116881421B4938BF7D
:1072F000106000EB800201EB82077D689200D5F8F8
:1073000008C08C589D60C3F80CC0CCF80460AE6017
:107310005F61134B01341B688C50DB6A834215D2CA
:10732000F0BC01230F4A1846136070470E4A1568D7
:107330005168013515608D68D9611D626C608C6083
:107340009A62074B1B68DB6A8342E9D3F0BC0020DA
:10735000704700BF042600200C260020582500207E
:1073600044250020CC26002080260020034A044B20
:1073700012681B68C0E90023704700BF7826002010
:10738000C0260020F8B50D46044600F039FB2B68F6
:10739000124A581C11681BD0D4E90060DFF840C0C5
:1073A000DCF80070BE4208D0884206D800230124D1
:1073B0002B6000F033FB2046F8BD0F1ABB42F5D915
:1073C0005B1ADCF80010126803442B60C4E9001259
:1073D000002400F023FB2046F8BD00BFC02600209B
:1073E000782600200122014B1A607047CC2600202D
:1073F000F8B50446C8B11F4DC36A2A68D26A9342E1
:1074000014D28269002A04DB2A68D26AC2F1060219
:107410008261194E626903EB830306EB83039A4290
:107420000CD02B68DB6AE3620120F8BD2B68406C4E
:10743000DB6A98422CBF00200120F8BD271D38468A
:1074400000F07EFC2B680D4ADB6A1168E3628B4218
:1074500088BF136003EB8303980006EB830359682E
:1074600032588D680132A160E5606F608F606361A2
:107470003250D9E744250020582500200C26002052
:1074800058B1F8B5C16A836C426C013B9142044625
:10749000836400D01BB10020F8BD00207047061D9A
:1074A000304600F04DFC636C0E4AC3F10600A0614B
:1074B00001201168E3628B4288BF13600A4A03EB24
:1074C00083034FEA830C02EB83035D6852F80C10D0
:1074D000AF680144A560E7607E60AE60636142F81A
:1074E0000C10F8BD0C2600205825002060B1426C1D
:1074F000F8B5914238BF1146C36A04468B4202D0A8
:10750000826C012A01D0F8BD70478269134D002AB0
:1075100003EB83034269C16205EB8303A4BFC1F19E
:10752000060181619A42EED1061D304600F008FC4A
:107530000B4AE36A11688B4288BF136003EB830335
:10754000980005EB830359682A588F680132A160BF
:10755000E7607E608E6063612A50F8BD5825002088
:107560000C260020034B186810B1836C0133836430
:10757000704700BF442500202DE9F04FB74FDFF8DA
:10758000E4B2DFF8E482B64D87B03B681C68002C9B
:1075900040F01D81FFF75EFCFFF766FDDBF8003071
:1075A0008146834248D8D8F80030CBF800001A68EA
:1075B000B2FA82F252092868A4EB0901FFF79CF99C
:1075C000FFF750FC002800F024810023CDE90233AE
:1075D000CDE904330022286802A9FEF729FE00281D
:1075E000D3D0029B0498002BC0F2E980DDF810A0F4
:1075F000DAF814301BB10AF1040000F0A1FBFFF728
:1076000033FDDBF800300190984243D3DDE90123DC
:10761000013BCBF80020082BDCD8DFE803F06161E8
:10762000C0A5C76161C0A50022F001028AF824202C
:107630005046DAF8203098473B681A68002A00F074
:10764000D880DA68D2F80CA014680AF10406304633
:1076500000F076FB9AF824205107E5D503E0504668
:10766000DAF820209047DAF81820CAF810A011198B
:10767000A418CAF80410F2D33146D8F8000000F07C
:1076800047FBD5E721F0010189F824104846D9F8D5
:10769000203098473B681968002900F0B480D96809
:1076A000D1F80C900C6809F10406304600F048FB54
:1076B00099F824104807E5D503E04846D9F820108A
:1076C0008847D9F81810C9F8109008196418C9F833
:1076D0000400F2D33146D8F8000000F019FBD5E7DA
:1076E0009AF824000399DAF81840019A0B1940F02F
:1076F00001068AF824602CBF012600269342CAF8AE
:107700000430CAF810A000F28780511A8C423FD88A
:10771000410712D420F001008AF824005046DAF81C
:107720002030984756E78C4200F2C680DAF82030C5
:10773000504698473346DAF81840019AE6182CBFAD
:1077400001200020B242A2EB0301CAF80460CAF88B
:1077500010A0E8D29A4201D20028E7D038680AF196
:10776000040100F0D5FAD9E70399019A9AF8243078
:10777000881843F0010390428AF82430CAF81810A0
:10778000CAF80400CAF810A04BD800293FF422AF71
:10779000D8F800000AF1040100F0BAFA1AE79AF8E2
:1077A000243023F001038AF8243013E79AF82430B8
:1077B0009A0777D523F001038AF824300AE7039B60
:1077C00005999847029B002BFFF604AF0EE7DB6894
:1077D0001C68FFF73FFBFFF747FCDBF800308146F2
:1077E00083423FF629AF8442CBF800001FD9002224
:1077F000E1E6D8F80020CBF800903A60C8F80030F5
:10780000FFF730FBE1E6D8F80010C8F80030396027
:10781000FCE600F0E9F8D8E6914202D9002E3FF4E8
:1078200077AF38680AF1040100F072FAD2E6FFF788
:1078300019FB3B68DB68DE68331D1846019300F0D6
:107840007FFA96F82420530716D422F0010286F816
:1078500024203046336A9847B7E600BF4825002009
:10786000C42600206C2600205425002081421DD80B
:107870003046316A88475446B169A9EB040014EBDD
:10788000010A2CBF01230023CA45C6F804A03661B3
:10789000ECD94C4501D9002BEAD00199386800F0A9
:1078A00037FAD6E7504600F05DF893E60199D8F82C
:1078B000000000F02DFACCE7D8F800000AF104012E
:1078C00000F026FA2AE700BFF0B5174C83B000F0AD
:1078D00097F825687DB100F0A1F8206848B103242D
:1078E0001248002301908022114912480094FFF7AA
:1078F000CFF903B0F0BD104E104F304600F0F8F94C
:10790000384600F0F5F90E4A0E4B176010212A4652
:107910000A201E60FEF7DCFA20600028DBD00A494E
:10792000FEF72AFFD7E700BFC4260020C8260020A4
:1079300028910010797500101026002024260020C0
:1079400054250020482500202091001010B5044641
:10795000FFF780FA2046FAF73BF90446FFF782FA70
:10796000204610BD50B110B50446FFF773FA20460B
:10797000FAF740F9BDE81040FFF774BA704700BF4E
:10798000002300B583B0019300F044F9019B002B64
:10799000FCD003B05DF804FB10B500F03BF90446E1
:1079A000FFF768FB28B14FF0E0234FF08052C3F897
:1079B000042D2046BDE8104000F038B910B504226F
:1079C0004FF0E024002322610520A361F9F7A2FD16
:1079D0000721044BA3FB00239B09013B6361216149
:1079E00010BD00BFD34D62104FF0E0234FF0805226
:1079F000C3F8042DBFF34F8FBFF36F8F704700BFE5
:107A000008B500F007F9044A136801331360BFF3A7
:107A10004F8FBFF36F8F08BD1C120020044B1A68F4
:107A2000013A1A60186800B1704700F0FFB800BF53
:107A30001C120020836913F8023C662B00D07047AB
:107A40004FF0E023D3F8882D42F47002C3F8882D5C
:107A5000D3F8342F42F04042C3F8342F00F0BCB8C2
:107A60002DE9F04F4FF0113E4FF0807440E909E3EB
:107A70004FF0073340F8044C164C40F8343C40E9D2
:107A800003424FF005334FF006324FF0123B40E90E
:107A90000F324FF0033A4FF002394FF001384FF0F8
:107AA00010374FF009364FF008354FF004346FF0BF
:107AB000020340E905AB40E9078940E90B6740F85C
:107AC000305C40F8404C40F8443C40F8481DBDE86C
:107AD000F08F00BF817900104FF0E0234FF07F421C
:107AE000002110B584B00291C3F81C2DD3F81C3DC1
:107AF0001B0E8DF807309DF807309DF807301A06E9
:107B00000CD5029B013302939DF807305B00DBB27A
:107B10008DF807309DF807301B06F2D4029B082B26
:107B20003AD0029AC2F10702120202F4E0624FF068
:107B3000E023002419490E200A60D3F8202D1849AB
:107B400042F47F02C3F8202DD3F8202D42F07F426B
:107B5000C3F8202DC3F81C4DFEF758F911490F202A
:107B6000FEF754F910490B20FEF750F9FFF726FFF6
:107B70004FF050420D490E4B0C6012681A7000F025
:107B800041F8FFF787FA039400F044F8039B002BB9
:107B9000FCD0002004B010BD0022C8E7E42500207E
:107BA0003D7C001099790010BD7C00101C12002053
:107BB0001912002008B5F8F791FD044B044A03445C
:107BC000136000F087F8034B186008BD6C1C0020A0
:107BD0004025002064260020094A1168086806C86C
:107BE00081F30B88022181F31488203080F3098807
:107BF000BFF36F8F4FF0000080F311881047000033
:107C00004425002062B661B6BFF34F8FBFF36F8F7C
:107C100066DF00BFEFF311804FF0100181F3118890
:107C2000BFF34F8FBFF36F8F704700BF80F3118892
:107C3000BFF34F8FBFF36F8F704700BFEFF3098122
:107C40001EF0100F08BF21ED108AEFF30B82734670
:107C500021E9FC0F55FC084457FC096459FC0A84CF
:107C600001E9F003144A136819604FF0100181F321
:107C70001188BFF34F8FBFF36F8FFFF70BFA4FF0F1
:107C8000000080F311880C4A116808681838B0E8C1
:107C9000F00345EC004447EC016449EC0284B0E891
:107CA000FC0F13F0100F08BFB0EC108A82F30B88A2
:107CB00080F3098818470000442500201EF0040FB7
:107CC0000CBFEFF30880EFF309800149084700007B
:107CD000357A001010B51820FFF738FE044620B1A1
:107CE000002340F8043B00F003F8204610BD00BF1D
:107CF0004FF0FF31002200F10803C0E90131C0E973
:107D000003330260704700BF00230361704700BF68
:107D100030B40D686B1C10D000F108031C465B6882
:107D20001A68AA42FAD902684B60013299608C60E5
:107D30006160086130BC0260704704696368F2E703
:107D40000346026910B45468406899689C42816097
:107D5000486008BF5160002110685DF8044B01388D
:107D600019611060704700BF024B0146186800F0AF
:107D70000BB800BF30160020024B0146186800F017
:107D800043BC00BF3016002001F10B03162B2DE978
:107D9000F04F074683B023D8102900F2AF8000F0DF
:107DA000AFFA102518230220BA4E33445C68A3F1C1
:107DB0000802944200F056816368384623F00303BA
:107DC000D4E902122344CA6091605A68083442F030
:107DD00001025A6000F09AFA204603B0BDE8F08F25
:107DE000002B23F00705C0F28980A94200F28680AB
:107DF00000F086FAB5F5FC7FC0F07B826B0A00F0DC
:107E00008480042B00F26281AB0903F1390003F195
:107E1000380EC3009F4E3344A3F1080C5C68A445A0
:107E200007D10DE0002AE16880F216818C450C46EE
:107E300006D0636823F003035A1B0F2AF2DD704655
:107E4000DFF868823469444500F0F280636823F00B
:107E5000030CACEB05030F2B00F37481002BC6E978
:107E6000048880F26381BCF5007FD6F804E080F0DE
:107E7000FF804FEADC0301224FEA5C1C013302FA67
:107E80000CF256F833104EEA020E06EBC302083A23
:107E9000C6F804E0C4E9021246F83340CC6083100F
:107EA0004FF0010C0CFA03FCF44534D81CEA0E0F19
:107EB00007D120F003004FEA4C0C04301CEA0E0FEF
:107EC000F9D006EBC00A8146D646DEF80C300BE04E
:107ED0005A681C46DB6822F00302511B0F2900F38D
:107EE0000181002980F215819E45F1D109F1010936
:107EF0000EF1080E19F0030FE7D158E10C233B6097
:107F00000024204603B0BDE8F08F4FF400734020FA
:107F10004FF03F0E7EE7B468636823F00309A9457C
:107F2000A9EB050302D30F2B00F385805A4B0820E1
:107F30001B6803F1100804EB0903009300F056FAE4
:107F4000564AA84483461368013305D008F1FF3828
:107F50004342804403EA08084146384600F02AFAC2
:107F6000B0F1FF3F82464D4A00F0078104EB090360
:107F7000834200F200814A4B0BF1FF3C18684044F9
:107F8000186000F064811168013100F06C8104EB2D
:107F90000902AAEB020202441A601AF00702CDE9B4
:107FA000002300F02781C2F10802384692445A4467
:107FB000D04408EA0C01521A02EA0C0B594600F0B0
:107FC000F9F9421C019B00F06A81A0EB0A0000EB6A
:107FD0000B08186848F00102B442C6F808A05844DB
:107FE000CAF80420186017D0B9F10F0F40F23E8193
:107FF0006168A9F10C024FF0050C22F0070201F0B4
:10800000010111430F2A616004EB0201C1E901CCB7
:1080100000F24D81DAF80420224B5446196881425F
:1080200038BF1860204B1968814238BF1860A6E03D
:10803000D6F804E033E7621945F0010543F0010387
:10804000083444F8045C3846B260536000F05EF9CE
:10805000204603B0BDE8F08FA26823443846D160C3
:108060008A60B2E6DC68A3427FF4A6AE0230E7E69F
:10807000BCF5206F4FEA5C2276D3142A00F2CD8043
:1080800002F15C035B32DB00F118F35808399942C6
:1080900011D1A5E0281200208C1900202012002008
:1080A0005C1900208419002088190020301200205B
:1080B0009B68994204D05A6822F003026245F7D8BF
:1080C000D968C4E902318C60DC60E8E6142B63D91E
:1080D000542B00F2AB802B0B03F16F0003F16E0EFB
:1080E000C30097E6D4F808C03846671945F0010583
:1080F0006560CCF80C30C3F808C041F00103C6E954
:108100000477C7E902887B60A150083400F0FEF8CC
:10811000F7E622443846516841F00101516054F8B5
:10812000082FD3609A6000F0F1F8EAE6A4443846DC
:108130000834DCF8043043F00103CCF8043000F0DC
:10814000E5F8DEE6621943F0010145F00105384625
:108150006560C6E90422C2E90288516044F80C3027
:10816000083400F0D3F8CCE64FEA9C1202F1390350
:108170003832DB0088E7B44262D0B468626822F02B
:108180000308A845A8EB050302D30F2B3FF753AF15
:10819000384600F0BBF8B3E603F15C0003F15B0E78
:1081A000C30037E65AF80839534540F0A08010F074
:1081B000030F00F1FF30F5D1736823EA0C037360FD
:1081C0004FEA4C0C0CF1FF329A4204D3A3E64FEA7B
:1081D0004C0C09F104091CEA030FF8D0484670E67C
:1081E00092104FF0010C0CFA02F24EEA020EC6F8A1
:1081F00004E066E70AEB0802384602EA0C02ABEB41
:10820000020B0BEA0C0B594600F0D4F8431C019BFF
:108210007FF4DBAEDDF800B0DBE6542A2AD84FEA63
:108220001C3202F16F036E32DB002DE7B3F5AA7F3B
:108230002AD8EB0B03F1780003F1770EC300E9E5D0
:108240002E4B0BF1FF3C1868404418609BE61AEA7D
:108250000C0F7FF498AEC844D6F808A048F001028D
:10826000CAF80420D8E6C2F800A096E60123CAF8AE
:1082700004308DE7B2F5AA7F24D84FEADC3202F150
:1082800078037732DB00FFE640F25452934224D861
:10829000AB0C03F17D0003F17C0EC300BAE5009A3C
:1082A0004FF0000B083A9044A8EB0A0891E63846D4
:1082B00004F10801009300F0A7F9009BD6F808A08C
:1082C0001868A7E640F254539A420CD84FEA9C42F1
:1082D00002F17D037C32DB00D6E64FF47E737F2013
:1082E0004FF07E0E96E54FF47E737E22CCE67368E7
:1082F00066E7E80805F1080356E500BF5C190020B1
:10830000014800F06FB800BF58190020014800F084
:108310006BB800BF58190020830730B546D08418C9
:10832000844604E003F8011B9D0704D09C46A44545
:108330006346F7D130BD013A0244A2EB0C02032A96
:1083400029D9CCB20F2A04EB042404EB04442FD91E
:10835000A2F1100C03F110052CF00F0CAC44C3E992
:108360000044C3E9024410336345F8D112F00C0F06
:1083700002F00F0E18D02EF0030CAEF104051A46D1
:108380009C4442F8044B6245FBD125F003040433BE
:108390000EF003022344002ACCD0C9B21A4403F8D9
:1083A000011B9342FBD130BD7246F4E70346C6E79A
:1083B0009646E0E738B50022064D044608462A6096
:1083C000FAF798FF431C00D038BD2B68002BFBD078
:1083D000236038BDE8200020014B1868704700BFBB
:1083E00030160020704700BF704700BF082802D138
:1083F0004FF48050704708B5FFF7EEFF1622034692
:108400004FF0FF301A6008BD844641EA000313F0C4
:10841000030349D1403A23D30B6803604B684360A0
:108420008B688360CB68C3600B6903614B694361F0
:108430008B698361CB69C3610B6A03624B6A4362D8
:108440008B6A8362CB6AC3620B6B03634B6B4363C0
:108450008B6B8363CB6BC36340304031403ADBD2DC
:1084600030320BD30B6803604B6843608B688360CA
:10847000CB68C36010301031103AF3D20C3205D300
:1084800051F8043B40F8043B043AF9D2043208D0D6
:10849000D2071CBF11F8013B00F8013B01D30B8848
:1084A00003806046704700BF082A13D38B07B1D002
:1084B00010F00303AED0C3F10403D21ADB071CBFD4
:1084C00011F8013B00F8013BA4D331F8023B20F83E
:1084D000023B9FE7043AD9D3013A11F8013B00F877
:1084E000013BF9D20B7803704B7843708B78837023
:1084F0006046704720F0030110F00300C0F1000057
:1085000051F8043B00F1040C4FEACC0C6FF0000270
:108510001CBF22FA0CF213434FF0010C4CEA0C2C56
:108520004CEA0C4CA3EB0C0222EA030212EACC1236
:1085300004BF51F8043B0430F4D0C2F1000102EA58
:108540000102B2FA82F2C2F11F0200EBD2007047C0
:108550002DE9F8430646DFF8AC8008208946FFF78E
:1085600045FF05463046FFF7CBFED8F808305F6878
:1085700027F00307A7F11104A4EB09042C44B4FB72
:10858000F5F4013C05FB04F4A54208DC002130466B
:10859000FFF710FFD8F808303B44984205D030462A
:1085A000FFF7B4FE0020BDE8F88361423046FFF7D4
:1085B00001FF01300FD03F1B104AD8F80830304679
:1085C00047F001075F6013681B1B1360FFF79EFEF7
:1085D0000120BDE8F88300213046FFF7EBFED8F814
:1085E0000820831A0F2BDADD43F00103034953609F
:1085F000034B1B68C01A0860D1E700BF5C1900205C
:10860000201200202812002000295AD0F8B50C466C
:108610000746FFF775FE734D54F804CCA4F1080229
:10862000A8682CF001030CF0010ED1184E688842A6
:1086300026F003067CD088194E60406800F00100E7
:10864000BEF1000F2ED154F8084C05F1080C121B96
:1086500023449468644560D0D2F80CE0C4F80CE080
:10866000CEF8084000287DD043F0010050600B6038
:10867000B3F5007F2ED25809D908012383406868DA
:108680000131034355F831006B6005EBC103083B32
:10869000C2E9020345F83120C2603846BDE8F8401F
:1086A000FFF734BE70B9334405F1080C886843F015
:1086B000010460456ED0C968C16088605460D350C1
:1086C000D6E770474CF00101B3F5007F44F8041C75
:1086D000D350D0D3B3F5206F4FEA532144D2990938
:1086E00001F1390001F13804C100681869580838EF
:1086F000884203D155E08968884204D04C6824F050
:1087000003049C42F7D8C868C2E902108260384668
:10871000CA60BDE8F840FFF7F9BD80BB1E44D1E94F
:108720000213CB60996046F0010353609651B4E7A1
:108730001E44BEF1000F07D154F8083CD21A1E4463
:10874000D2E90213CB60996046F001035360264BD7
:10875000AA601B68B342A0D8244B38461968FFF7BB
:10876000F7FE9AE73344A1E714290DD954291FD8FD
:10877000190B01F16F0001F16E04C100B5E743F080
:10878000010050600B6088E701F15C0001F15B04BF
:10879000C100AAE7C5E90422C2E902CC5460D35063
:1087A0007BE7A4100123A3406C6823436B60ABE715
:1087B000B1F5AA7F06D8D90B01F1780001F1770451
:1087C000C10092E740F25450814206D8990C01F161
:1087D0007D0001F17C04C10087E74FF47E717E24A7
:1087E00083E700BF28120020241200208C190020EB
:1087F000F8B500BF000000005FF800F0350200206F
:108800005FF800F00D0B00205FF800F06D0A00200B
:108810005FF800F0A90200205FF800F0D10D002001
:108820005FF800F06D0200205FF800F0950A00206C
:108830005FF800F0C90A00205FF800F0CD010020C9
:108840005FF800F011010020E1170010551700102B
:10885000891700102D180010C1170010D91600102C
:1088600009180010C5160010390B00100D18001063
:10887000F90E001025170010F5170010A5170010AD
:10888000150700103D07001019020010A13C001050
:04889000B57B0010A4
:108898005461726561204D65646961205072696F29
:1088A80072696461643A20496E6963696164612030
:1088B800285072696F72696461643A203229000035
:1088C800000000005461726561204D656469613A79
:1088D80020456A65637574616E646F2074726162A5
:1088E800616A6F206E6F206372C3AD7469636F2E07
:1088F8002E2E00005461726561204D656469613AED
:10890800205265616C697A616E646F20747261626D
:10891800616A6F20657874656E736F2E2E2E000065
:108928005461726561204D656469613A20436963E9
:108938006C6F2025642F350A0000000054617265B1
:1089480061204D656469613A2054726162616A6FA1
:1089580020636F6D706C657461646F00546172653B
:1089680061204D6F6E69746F723A20496E69636950
:1089780061646120285072696F72696461643A2089
:10898800312900000A3D3D3D204D4F4E49544F527C
:108998003A2045737461646F2064656C2053697371
:1089A80074656D61203D3D3D0000000054617265B5
:1089B800617320616374697661733A002D20416C9C
:1089C8007461205072696F72696461643A204573FA
:1089D800706572616E646F207265637572736F2F54
:1089E8006461746F730000002D204D656469612017
:1089F8005072696F72696461643A20456A6563758B
:108A080074616E646F2070657269C3B36469636171
:108A18006D656E74650000002D2042616A6120500A
:108A280072696F72696461643A205573616E646F2C
:108A3800207265637572736F20636F6D70617274F5
:108A480069646F003D3D3D3D3D3D3D3D3D3D3D3D06
:108A58003D3D3D3D3D3D3D3D3D3D3D3D3D3D3D3D3E
:108A68003D3D3D3D3D3D3D0A0000000054617265BD
:108A78006120416C7461205072696F72696461642D
:108A88003A20496E69636961646120285072696F90
:108A980072696461643A2033290000005461726588
:108AA8006120416C74613A204461746F207265637F
:108AB800696269646F202D2025733A20256C750A38
:108AC80000000000546172656120416C74613A20B5
:108AD800496E74656E74616E646F20746F6D617237
:108AE800206D757465782E2E2E0000005461726515
:108AF8006120416C74613A204D7574657820746FFB
:108B08006D61646F206465737075C3A973206465B3
:108B180020256C756D732028494E5645525349C31C
:108B2800934E2044455445435441444121290A0069
:108B3800546172656120416C74613A2050726F63B0
:108B48006573616E646F207265637572736F2E2E24
:108B58002E000000546172656120416C74613A20F6
:108B68004D75746578206C6962657261646F000088
:108B7800546172656120416C74613A2054494D45D5
:108B88004F5554202D204E6F207365207075646FEB
:108B9800206163636564657220616C20726563752A
:108BA80072736F0054617265612042616A6120507E
:108BB80072696F72696461643A20496E69636961B8
:108BC800646120285072696F72696461643A203167
:108BD8002900000054617265612042616A613A208F
:108BE800496E74656E74616E646F20746F6D617226
:108BF800206D757465782E2E2E0000005461726504
:108C0800612042616A613A204D7574657820746FFD
:108C18006D61646F2E20416363656469656E646F7E
:108C2800207265637572736F2E2E2E005461726503
:108C3800612042616A613A205573616E646F2072E7
:108C480065637572736F20657874656E73616D65A1
:108C58006E74652E2E2E000054617265612042618B
:108C68006A613A205573616E646F2072656375722C
:108C7800736F202825642F33290A000042616A6136
:108C88005072696F726964616400000054617265B2
:108C9800612042616A613A20456E7669616E646F4F
:108CA800206461746F2061206C6120636F6C612E99
:108CB8002E2E000054617265612042616A613A207B
:108CC800436F6E74696E75616E646F2075736F2083
:108CD80064656C207265637572736F2E2E2E0000AA
:108CE80054617265612042616A613A204D7574650C
:108CF80078206C6962657261646F00000A3D3D3DD1
:108D08002044454D4F3A20494E5645525349C39346
:108D18004E204445205052494F5249444144203D39
:108D28003D3D0A004572726F723A204E6F2073659E
:108D3800207075646965726F6E2063726561722058
:108D48007265637572736F732064656C20736973E1
:108D580074656D61000000005265637572736F730E
:108D68002063726561646F7320657869746F7361DD
:108D78006D656E74653A00002D20436F6C61206448
:108D880065206461746F733A203520656C656D6584
:108D98006E746F73000000002D204D757465782087
:108DA80070617261207265637572736F20636F6D95
:108DB8007061727469646F0A00000000416C74612C
:108DC800205072696F726964616400004D6564695E
:108DD80061205072696F72696461640042616A61FE
:108DE800205072696F726964616400004D6F6E692A
:108DF800746F720054617265617320637265616497
:108E0800617320636F6E207072696F726964616448
:108E180065733A00312E20416C7461205072696F7D
:108E280072696461643A204E6976656C203300008B
:108E3800322E204D65646961205072696F726964D1
:108E480061643A204E6976656C203200332E2042E8
:108E5800616A61205072696F72696461643A204E78
:108E68006976656C20310000342E204D6F6E697470
:108E78006F723A204E6976656C20310A0000000056
:108E88003D3D3D20455343454E4152494F204445C1
:108E980020494E5645525349C3934E203D3D3D000F
:108EA800312E2042616A61207072696F7269646153
:108EB8006420746F6D6120656C206D757465780031
:108EC800322E2042616A61207072696F7269646132
:108ED8006420656E76C3AD61206461746F2079206B
:108EE80044455350494552544120616C7461207087
:108EF80072696F726964616400000000332E20415A
:108F08006C7461207072696F726964616420696E43
:108F180074656E746120746F6D6172206D7574650F
:108F280078207065726F204445424520455350456E
:108F380052415200342E204D656469612070726977
:108F48006F726964616420454A45435554412079EC
:108F580020626C6F71756561206120616D6261735B
:108F680000000000352E20494E5645525349C39300
:108F78004E3A204D6564696120287072696F322904
:108F8800203E20416C746120287072696F33290A71
:108F9800000000000A2A2A2A2050414E4943202A6C
:108FA8002A2A0A000A0000004E6F207370696E6C4E
:108FB8006F636B732061726520617661696C6162B1
:108FC8006C6500004E6F20757365722049525173AD
:108FD8002061726520617661696C61626C65000070
:108FE800486172647761726520616C61726D2025D9
:108FF8006420616C726561647920636C61696D6578
:1090080064000000486172642061737365727400C3
:109018004F7574206F66206D656D6F727900000062
:1090280052656C6561736500626F6F74325F773289
:109038003571303830000000302E3100322E312E9C
:10904800310000007069636F320000006669726D5C
:109058007761726500000000417567203234203264
:1090680030323500666E692B00000000666E6900BC
:109078006E616E00666E692D000000005553422037
:10908800737464696E202F207374646F75740000A4
:109098005261737062657272792050690000000035
:1090A8005069636F00000000426F6172642043449E
:1090B800430000005265736574000000556E6861D6
:1090C8006E646C65642049525120307825780A0016
:1090D800657020253032582077617320616C726585
:1090E80061647920617661696C61626C6500000079
:1090F80043616E277420636F6E74696E756520789E
:10910800666572206F6E20696E616374697665208A
:109118006570202530325800546D725100000000EF
:10912800546D72205376630006005250D3F0754296
:109138002890001006005250E182887F309000107D
:10914800060052503ABCA911409000100600525037
:10915800ABB360534490001006005250BBFF3CB6BE
:109168004C90001006005250861C030254900010C8
:10917800060052505422A29D6090001005005250E3
:10918800DE65F46850AA0010000000000000F03FFF
:1091980000000000000024400000000000005940CA
:1091A8000000000000408F40000000000088C3401D
:1091B80000000000006AF8400000000080842E4192
:1091C80000000000D01263410000000084D79741DE
:1091D8000000000065CDCD410D0A00000000000030
:1091E8001D37001000000000213700102D37001037
:1091F8005937001055370010000000000A00000021
:1092080000000306A6000800020002009C001400EB
:10921800030057494E55534200000000000000006B
:10922800000080000400010028004400650076006A
:1092380069006300650049006E00740065007200F3
:10924800660061006300650047005500490044005E
:1092580000004E007B0062006300370033003900D5
:109268003800630031002D003700330063006400CC
:109278002D0034006300620037002D0039003800EB
:10928800620038002D0039003100330061003800D9
:1092980066006300610037006200660036007D00EA
:1092A80000000000050F2100011C100500DF60DD33
:1092B800D88945C74C9CD2659D9E648A9F0000034F
:1092C80006A60001000000000600525053B4F4A1A5
:1092D800849000100000000098900010A8900010E2
:1092E800E8250020B0900010BC900010090254003E
:1092F800030100807D080B0002020200000904003F
:1093080000010202000405240020010524010001D7
:10931800042402060524060001070581030800103D
:1093280009040100020A00000007050202400000CB
:10933800070582024000000904020000FF00010541
:1093480012011002EF0201408A2E090000010102F9
:10935800030100000000000055500010C550001027
:10936800F55000104151001001520010C152001078
:109378000000000000000000B95300101554001050
:109388003154001055540010B137001049550010E1
:089398000000000005000000C8
:0893A00068F0FF7F01000000EE
:1093A800309100103C910010489100105491001029
:1093B800609100106C910010789100108491001059
:0493C800D09200102F
:1093CC00034600B50268EFF3108C72B6D2E8CFEF0B
:1093DC000120BEF1000FF9D1C2E84E0FBEF1000F13
:1093EC00F4D1BFF35F8F93F90420002A0ADB01B19B
:1093FC000A60002000221B68C3E88F2F8CF31088B2
:10940C005DF804FB4FF05042126801201A71F1E72D
:10941C004FF050412DE9F0410027044616461D46F9
:10942C00D1F8008008E0C1E88F7F8CF310883046BB
:10943C00294600F0F1FFE8B92168EFF3108C72B601
:10944C00D1E8CF2F0123002AFAD1C1E8423F002AEC
:10945C00F6D1BFF35F8F94F904302168002BE2DA68
:10946C00002384F80480C1E88F3F8CF3108801201E
:10947C00BDE8F0810020BDE8F08100BF30B5046884
:10948C00EFF3108C72B6D4E8CFEF0125BEF1000FCC
:10949C00F9D1C4E84E5FBEF1000FF4D1BFF35F8F7A
:1094AC0090F904400568002C10DB0021C5E88F1FE3
:1094BC008CF310884FF0504595F90050A54201D11E
:1094CC00084630BDBDE83040FFF7A2BF4FF0504218
:1094DC00126800230271C5E88F3F8CF310880120BD
:1094EC0030BD00BF70B505460C4600F099FF024632
:1094FC000B464FF47A704FF0FF3E6FF0004CE4FBDC
:10950C00002396457CEB030138BF72462846BDE824
:10951C00704038BF6346FFF77BBF00BF0368EFF3B3
:10952C00108272B6D3E8CFCF0121BCF1000FF9D174
:10953C00C3E84C1FBCF1000FF4D1BFF35F8F4FF0A9
:10954C00FF0C0023016880F804C0C1E88F3F82F350
:10955C00108840BF704700BF002108B5134B4FF473
:10956C00707299601248D960196159619961D96119
:10957C00196259629962D962196359639963D96303
:10958C00196459649964D964196559659965D965E3
:10959C00196659669966D966196759679967D967C3
:1095AC0000F02EFF034B044A1A6008BD0000105057
:1095BC0034210020FC240020800110502DE9F04FB4
:1095CC001F4B85B0D3F858A0BAF1000F22D000245D
:1095DC0001254FF4E069DFF870801A4F01E0202C70
:1095EC0018D00AEA0502611C2346AB46CCB26D00CA
:1095FC00002AF4D004F0010203F0FE06164407EB37
:10960C0046163046C8F858B000F00AFC28B93AEAB9
:10961C000B0AE4D105B0BDE8F08F00238DF80930BA
:10962C00B37801A88DF80830F38A0121ADF80490C5
:10963C00039300F013FC304600F098FBE7E700BF03
:10964C0000001150F420002000301150F0B5BB4B3D
:10965C0085B0D3F8985015F4003674D0B84BB94C8B
:10966C00996A94F83B30B84A022B116000F0D48010
:10967C00002694F87B30022B00F03B8194F8BB3031
:10968C00022B00F07D8194F8FB30022B00F06C81F2
:10969C0094F83B31022B00F0448194F87B31022B7F
:1096AC0000F0338194F8BB31022B00F0B68194F8B2
:1096BC00FB31022B00F0A68194F83B32022B00F018
:1096CC00968194F87B32022B00F0868194F8BB32A1
:1096DC00022B00F0768194F8FB32022B00F06681AD
:1096EC0094F83B33022B00F0568194F87B33022B19
:1096FC0000F0A48094F8BB33022B00F0998194F80D
:10970C00FB33022B00F0B4803EB9904B1B7823B98D
:10971C004FF400328E4BC3F890204FF44072874BBD
:10972C0001219B6C01A8C3F30A03ADF8042002933A
:10973C0000F094FBEA064FF40036864C07D5FFF791
:10974C003DFF264603E0EA064FF01004F7D4EB0386
:10975C0022D57C4C46F48036A37E002B40F09980B9
:10976C00012394F83A20E370002A40F0AD800123E5
:10977C004FF4C061784A84F82330ADF8041092E8B5
:10978C00030004AA02E90300194601A800F066FBD5
:10979C004FF400326E4B1A65E90408D46A041DD4E8
:1097AC002B042AD4AE4240F0C58105B0F0BD002494
:1097BC00624B46F480561C60FFF7CEFE4FF480736C
:1097CC00012101A8ADF804308DF8084000F046FBEB
:1097DC004FF400225E4B1A656A04E1D54FF48063A6
:1097EC00012101A8ADF8043000F038FB1022584BD1
:1097FC0046F480461A652B04D4D54FF4A06301219E
:10980C0001A8ADF8043000F029FB4FF40062504B76
:10981C0046F400461A65C5E794F83A60002E3FF40A
:10982C0028AF94F83C30002B3FF423AF002304F115
:10983C00200084F83C3000F0C1FA1AE794F87A73EF
:10984C00002F3FF457AF94F87C33002B40F0648129
:10985C0094F8BB33022B40F0F48094F8BA33002B0D
:10986C0040F0EB8094F8FB33022B7FF456AF3E466E
:10987C0094F8FA33002B3FF447AF94F8FC33002BE9
:10988C003FF44BAF0023354884F8FC3300F096FAD4
:10989C0043E70221324B294A1966536E9F07FCD5C8
:1098AC004FF440520021274800F066FA254800F09A
:1098BC005DFA0222264B5A661A66012394F83A2066
:1098CC00E370002A3FF453AF254A1366A2F5005209
:1098DC00536ED807FCD54FF440520021214800F0BC
:1098EC004BFA204800F042FA0122194B5A661A66CC
:1098FC003DE794F87A70002F3FF4C0AE94F87C30BA
:10990C00002B40F001813E46B8E694F87A71002FA6
:10991C003FF4C8AE94F87C31002B40F0ED803E460D
:10992C00C0E694F83A71002F3FF4B7AE94F83C318E
:10993C00002B40F0D9803E46AFE600BF000011502E
:10994C0000000B40F4200020E4200020D126002051
:10995C00003011501000020000001050D4240020E0
:10996C00002011501421002094F8FA70002F3FF4BD
:10997C008FAE94F8FC30002B40F08E803E4687E68C
:10998C0094F8BA70002F3FF47EAE94F8BC30002BE4
:10999C007AD13E4677E694F83A73002F3FF4A5AEA1
:1099AC0094F83C33002B57D13E469EE694F8FA725D
:1099BC00002F3FF495AE94F8FC32002B5CD13E4660
:1099CC008EE694F8BA72002F3FF485AE94F8BC3250
:1099DC00002B49D13E467EE694F87A72002F3FF474
:1099EC0075AE94F87C32002B76D13E466EE694F838
:1099FC003A72002F3FF465AE94F83C32002B63D1E1
:109A0C003E465EE694F8FA71002F3FF455AE94F89A
:109A1C00FC31002B50D13E464EE694F8BA71002F23
:109A2C003FF445AE94F8BC31002B3DD13E463EE6AA
:109A3C0094F8BA33002B3FF462AE94F8BC33002B8D
:109A4C0071D194F8FB33022B7FF467AE94F8FA33A0
:109A5C00002B3FF462AE10E70023394884F83C3306
:109A6C003E4600F0ABF940E60023364884F8BC32A1
:109A7C003E4600F0A3F92EE60023334884F8FC326E
:109A8C003E4600F09BF92BE60023304884F8BC30AE
:109A9C003E4600F093F9F6E500232D4884F8FC309F
:109AAC003E4600F08BF9F3E500232A4884F8BC31DC
:109ABC003E4600F083F9FAE50023274884F8FC3190
:109ACC003E4600F07BF9F7E50023244884F83C324D
:109ADC003E4600F073F9F4E50023214884F87C320B
:109AEC003E4600F06BF9F1E500231E4884F83C314A
:109AFC003E4600F063F9D0E500231B4884F87C3126
:109B0C003E4600F05BF9CDE50023184884F87C3024
:109B1C003E4600F053F9B1E50023154884F87C3338
:109B2C0000F04CF994E60023124884F8BC3300F0A2
:109B3C0045F986E7104886EA050100F075FC00BF80
:109B4C001424002094230020D423002094210020EE
:109B5C00D421002094220020D422002014230020A1
:109B6C0054230020142200205422002054210020D1
:109B7C005424002094240020C49000102DE9F047B8
:109B8C00848A058BC278A54228BF2546171E18BFAC
:109B9C000127641B467882F00102A4B20346C2700E
:109BAC00848245F4806040EA4730A6BBD3E90326A3
:109BBC006F1E02EB811E55B3052F98BF721C31D955
:109BCC0002EB811C721CACEB0204022C2AD932462B
:109BDC004FEA95094FEA890A06EB890852F8044BBB
:109BEC0042454CF8044BF9D15545A7EB0A070EEB4F
:109BFC000A040AD016F829600EF829602FB156789D
:109C0C00012F667001D09278A2701E699C8A2E4436
:109C1C001E6140F400400CB940F4804001B10004D6
:109C2C00BDE8F0870EF1FF3E2E4400E0013212F841
:109C3C00014CB2420EF8014FF8D1E6E783680246B8
:109C4C00186801B1000C5378C0F30900002B3CD00C
:109C5C002DE9F041D2E90334461E03EB811E40B3DB
:109C6C00052E3BD989014D1C1D44651B022D35D990
:109C7C007346214600F47F774FEA9008FD1853F89D
:109C8C0004CBAB4241F804CBF9D1B842A6EB0706A2
:109C9C0004EB07030EEB07010AD01EF8285004F85A
:109CAC0028502EB14C78012E5C7001D089789970B7
:109CBC001469D38A04440344D382138B1461834202
:109CCC0084BF00239382BDE8F081D38A0344D382FE
:109CDC00138B834284BF002393827047013C0EEBAD
:109CEC0000011EF8013B714504F8013FF9D1DFE793
:109CFC0010B50446836800211B68FFF79FFF63685B
:109D0C001B685B0002D5238B834200D010BD20461C
:109D1C00BDE810400121FFF791BF00BF084B1B6C41
:109D2C0013F0020302D18278D20901D100207047CE
:109D3C00C07EA0F10200B0FA80F04009704700BF6D
:109D4C000000115008B5FFF7E9FF50B1054A064B6A
:109D5C00906A1B68A0F54870C01AC6288CBF0020FA
:109D6C00012008BD00000B40E42000200023C0E9C6
:109D7C0004338376704700BF10B5836809B11C6843
:109D8C00214082B1114352050DD51A6854050CD4EB
:109D9C00084A21F480641C60126C920703D40C23D3
:109DAC00033BFDD28368196010BD8178024800F036
:109DBC003BFB00BF00001150D890001030B5436839
:109DCC00002183B004461D68FFF7D8FE134B40F406
:109DDC008052196CA37889070ED55B060ED025F03E
:109DEC00A04545F000550021204663681D6003B076
:109DFC00BDE83040FFF7C0BFDB09F0D0A38A002BD1
:109E0C00EDD0012120460192FFF7B8FE019A25F012
:109E1C000055024345F0A045E5E700BF0000115096
:109E2C0038B5857E044695B1FFF762FFA38A0BB95E
:109E3C00284638BD2046FFF785FF20B10123237744
:109E4C000025284638BD2046FFF7B8FFF8E7817893
:109E5C00014800F0E9FA00BFF89000102DE9F0433A
:109E6C0043788146023B0D4685B0042B13D8DFE8BE
:109E7C0003F0034A6A73440000217B4B1A7822F0EA
:109E8C0001021A701A7822F002021A7059701A78AC
:109E9C0061F382021A70754B1C686369EFF31082D0
:109EAC0072B6D3E8CF0F01210028FAD1C3E8401FC6
:109EBC000028F6D1BFF35F8FA2614946204600F01F
:109ECC00A3FA00236269C2E88F3FA36983F3108869
:109EDC0048B94FF0E023D3F8F03DDB070AD500BEBC
:109EEC0005B0BDE8F0832A4699F8011099F80000F6
:109EFC0000F08EFA05B0BDE8F0835D4A13780133AB
:109F0C00DBB21370C7E700245A4E23463178DFF8D2
:109F1C006C81594F11E03B6813EB441307D0DB699C
:109F2C002BB1D9F8041099F8000098473178013416
:109F3C00E4B24A1CA242234617DBA142EBD85B1ABF
:109F4C0008EB4313EBE7484B1A78D607D2D51A78AF
:109F5C0042F004021A709EE7434B1A78D407C9D515
:109F6C001A7822F004021A7095E73F4C23785807B0
:109F7C003AD4E378DA07BDD5032300263B4A99F897
:109F8C0000101468D9F804208DF804108DF80530F1
:109F9C006369CDF80660CDF80A60ADF80E600292E8
:109FAC00EFF3108272B6D3E8CF0F01210028FAD15B
:109FBC00C3E8401F0028F6D1BFF35F8F2046A26193
:109FCC0001A900F021FA6369C3E88F6FA36983F3D9
:109FDC00108800283FF47DAF2A469DF805109DF8A7
:109FEC00040000F015FA85E72378002723F004031A
:109FFC00237005231D4A8DF80530166899F800204A
:10A00C00ADF80E708DF804207369CDF80670CDF89C
:10A01C000A70EFF3108272B6D3E8CF0F012100283B
:10A02C00FAD1C3E8401F0028F6D1BFF35F8F30464A
:10A03C00B26101A900F0E8F97369C3E88F7FB369D5
:10A04C0083F3108838B94FF0E023D3F8F03DD907EB
:10A05C008FD500BE8DE72A469DF805109DF80400AB
:10A06C0000F0D6F985E700BF981C0020F01C0020FA
:10A07C00D2260020D0260020C81A00205C930010A5
:10A08C0053B94AB9002908BF00281CBF4FF0FF3153
:10A09C004FF0FF3000F0B2B9ADF1080C6DE904CE11
:10A0AC0000F006F8DDF804E0DDE9022304B07047A7
:10A0BC002DE9F04F8C46099E04460F46002B48D1E3
:10A0CC008A4215465ED9B2FA82F33BB1C3F1200243
:10A0DC009F409D409C4020FA02F217434FEA154ED8
:10A0EC001FFA85FC220CB7FBFEF10EFB117701FB6E
:10A0FC000CF042EA0742904207D9AA1801F1FF3747
:10A10C0002D2904200F258813946121AA4B2B2FB24
:10A11C00FEF00EFB102200FB0CFC44EA0244A445AA
:10A12C000BD92C1900F1FF322CBF01270027A445B5
:10A13C0002D9002F00F04381104640EA0140A4EB05
:10A14C000C0400211EB1DC400023C6E90043BDE82D
:10A15C00F08F8B4206D90EB1C6E9000100210846EA
:10A16C00BDE8F08FB3FA83F1002951D16345C0F0FB
:10A17C001681824240F213810846002EE7D0C6E9D0
:10A18C000047E4E7002A00F0AF80B2FA82F3002B1C
:10A19C0040F0C2808A1A4FEA154EAFB20121200C52
:10A1AC00B2FBFEFC0EFB1C2240EA024207FB0CF049
:10A1BC0090420ED9AA180CF1FF382CBF4FF00109B0
:10A1CC004FF00009904203D9B9F1000F00F0F08074
:10A1DC00C446121AA4B2B2FBFEF00EFB102200FB16
:10A1EC0007F744EA0244A7420ED92C1900F1FF32BA
:10A1FC002CBF4FF0010E4FF0000EA74203D9BEF159
:10A20C00000F00F0D2801046E41B40EA0C4099E7A6
:10A21C00C1F120058B400CFA01F400FA01F922FA85
:10A22C0005F72CFA05FC8A401F4320FA05F3380C7D
:10A23C0023431FFA87FE1C0CBCFBF0F800FB18CC68
:10A24C0044EA0C4408FB0EFCA4450ED93C1908F159
:10A25C00FF3A2CBF4FF0010B4FF0000BA44503D974
:10A26C00BBF1000F00F0B880D046A4EB0C041FFA31
:10A27C0083FCB4FBF0F300FB134403FB0EFE4CEA2F
:10A28C000444A6450ED93C1903F1FF302CBF4FF006
:10A29C00010C4FF0000CA64503D9BCF1000F00F0E7
:10A2AC009F80034643EA0840A4EB0E04A0FB02EC9B
:10A2BC0064457346E04602D307D1F14505D2BEEBA7
:10A2CC0002036CEB070C0138E0465EB1B9EB0302FC
:10A2DC0064EB080404FA05F522FA01F3CC401D43A3
:10A2EC00C6E90054002132E742082F464B08AC4621
:10A2FC0042EAC172AE46C407110C92B241EA034164
:10A30C0042EA0142B1FBF5F1B3FBF5F01F23A2EBDE
:10A31C000C0241EA004142E79D40C3F12002994002
:10A32C009C402CFA02FC4FEA154E20FA02F2AFB216
:10A33C00BCFBFEF80A430EFB18CC110C41EA0C4195
:10A34C0008FB07FC8C4550D9691808F1FF302CBF6D
:10A35C004FF001094FF000098C4502D9B9F1000FFB
:10A36C0030D0A1EB0C01B1FBFEF808FB07FC0EFB97
:10A37C00181192B242EA0142624534D2AA1808F18D
:10A38C00FF312CBF4FF001094FF000096245BED2DE
:10A39C00B9F1000FBBD1A8F102012A44B7E7841A26
:10A3AC006CEB030201201746E7E62C4402382BE73E
:10A3BC00ACF1020C2A440CE702392A44A5E62C44E1
:10A3CC000238BAE6A5EB0C0CA8F102006144B1FB13
:10A3DC00FEF808FB07FCCAE7A8F102083C4444E776
:10A3EC00023B3C445EE7414691E7A1EB0C01404641
:10A3FC00B1FBFEF808FB07FCB9E700BF704700BFD4
:10A40C005FF800F0198300105FF800F0995B001002
:10A41C005FF800F0C14100105FF800F00513001068
:10A42C005FF800F00D1400105FF800F0D505001077
:10A43C0010000000000000000000010000000000FF
:10A44C0000000000000002000000000000000000FE
:10A45C000000030000000000000000000000FF00EE
:10A46C000000000001B5486801318E460047704677
:10A47C0009380149884701BD490A00100000000055
:10A48C0000000000000000000000000000000000C0
:10A49C00801700206D390010193900109138001008
:10A4AC00013800100000000000010000F41C002026
:10A4BC0010000C0000000000000000000000000074
:10A4CC000000000000000000FFFF0000AAAAAAAADA
:10A4DC00FFFFFFFF00000200000000000000000072
:10A4EC0028120020281200203012002030120020E8
:10A4FC003812002038120020401200204012002098
:10A50C004812002048120020501200205012002047
:10A51C0058120020581200206012002060120020F7
:10A52C0068120020681200207012002070120020A7
:10A53C007812002078120020801200208012002057
:10A54C008812002088120020901200209012002007
:10A55C009812002098120020A0120020A0120020B7
:10A56C00A8120020A8120020B0120020B012002067
:10A57C00B8120020B8120020C0120020C012002017
:10A58C00C8120020C8120020D0120020D0120020C7
:10A59C00D8120020D8120020E0120020E012002077
:10A5AC00E8120020E8120020F0120020F012002027
:10A5BC00F8120020F81200200013002000130020D5
:10A5CC000813002008130020101300201013002083
:10A5DC001813002018130020201300202013002033
:10A5EC0028130020281300203013002030130020E3
:10A5FC003813002038130020401300204013002093
:10A60C004813002048130020501300205013002042
:10A61C0058130020581300206013002060130020F2
:10A62C0068130020681300207013002070130020A2
:10A63C007813002078130020801300208013002052
:10A64C008813002088130020901300209013002002
:10A65C009813002098130020A0130020A0130020B2
:10A66C00A8130020A8130020B0130020B013002062
:10A67C00B8130020B8130020C0130020C013002012
:10A68C00C8130020C8130020D0130020D0130020C2
:10A69C00D8130020D8130020E0130020E013002072
:10A6AC00E8130020E8130020F0130020F013002022
:10A6BC00F8130020F81300200014002000140020D0
:10A6CC00081400200814002010140020101400207E
:10A6DC00181400201814002020140020201400202E
:10A6EC0028140020281400203014002030140020DE
:10A6FC00381400203814002040140020401400208E
:10A70C00481400204814002050140020501400203D
:10A71C0058140020581400206014002060140020ED
:10A72C00681400206814002070140020701400209D
:10A73C00781400207814002080140020801400204D
:10A74C0088140020881400209014002090140020FD
:10A75C009814002098140020A0140020A0140020AD
:10A76C00A8140020A8140020B0140020B01400205D
:10A77C00B8140020B8140020C0140020C01400200D
:10A78C00C8140020C8140020D0140020D0140020BD
:10A79C00D8140020D8140020E0140020E01400206D
:10A7AC00E8140020E8140020F0140020F01400201D
:10A7BC00F8140020F81400200015002000150020CB
:10A7CC000815002008150020101500201015002079
:10A7DC001815002018150020201500202015002029
:10A7EC0028150020281500203015002030150020D9
:10A7FC003815002038150020401500204015002089
:10A80C004815002048150020501500205015002038
:10A81C0058150020581500206015002060150020E8
:10A82C006815002068150020701500207015002098
:10A83C007815002078150020801500208015002048
:10A84C0088150020881500209015002090150020F8
:10A85C009815002098150020A0150020A0150020A8
:10A86C00A8150020A8150020B0150020B015002058
:10A87C00B8150020B8150020C0150020C015002008
:10A88C00C8150020C8150020D0150020D0150020B8
:10A89C00D8150020D8150020E0150020E015002068
:10A8AC00E8150020E8150020F0150020F015002018
:10A8BC00F8150020F81500200016002000160020C6
:10A8CC000816002008160020101600201016002074
:10A8DC001816002018160020201600202016002024
:10A8EC003816002000000000000000009019002025
:10A8FC00F8190020601A0020000000000000000081
:10A90C00000000000000000000000000000000003B
:10A91C00000000000000000000000000000000002B
:10A92C00000000000000000000000000000000001B
:10A93C00000000000000000000000000000000000B
:10A94C0000000000000000000000000000000000FB
:10A95C0000000000000000000000000000000000EB
:10A96C0000000000000000000000000000000000DB
:10A97C0000000000000000000000000000000000CB
:10A98C0001000000000000000E33CDAB34126DE668
:10A99C00ECDE05000B0000000000000000000000D1
:10A9AC00000000000000000000000000000000009B
:10A9BC00000000000000000000000000000000008B
:10A9CC00000000000000000000000000000000007B
:10A9DC00000000000000000000000000000000006B
:10A9EC00000000000000000000000000000000005B
:10A9FC00000000000000000000000000000000004B
:10AA0C00000000000000000000000000000000003A
:10AA1C00000000000000000000000000000000002A
:10AA2C00000000000000000000000000000000001A
:10AA3C00D3DEFFFFFE010000FF010000FC56FFFF0C
:04AA4C00793512AB9B
:040000051000014D99
:00000001FF
