
C:/Users/nahue/Desktop/Accesos Directos/GitHUB/Practicas_Rasberry/Practicas_FreeRTOS/Mutex/Inversion de prioridad/Src/build/firmware.elf:     file format elf32-littlearm

Sections:
Idx Name          Size      VMA       LMA       File off  Algn
  0 .text         00008894  10000000  10000000  00001000  2**3
                  CONTENTS, ALLOC, LOAD, READONLY, CODE
  1 .rodata       00000b08  10008898  10008898  00009898  2**3
                  CONTENTS, ALLOC, LOAD, READONLY, DATA
  2 .ARM.exidx    00000008  100093a0  100093a0  0000a3a0  2**2
                  CONTENTS, ALLOC, LOAD, READONLY, DATA
  3 .binary_info  00000024  100093a8  100093a8  0000a3a8  2**2
                  CONTENTS, ALLOC, LOAD, READONLY, DATA
  4 .ram_vector_table 00000110  20000000  20000000  0000d000  2**2
                  ALLOC
  5 .uninitialized_data 00000000  20000110  20000110  0000ca50  2**0
                  CONTENTS
  6 .data         00001670  20000110  100093cc  0000b110  2**3
                  CONTENTS, ALLOC, LOAD, READONLY, CODE
  7 .tdata        00000000  20001780  20001780  0000ca50  2**0
                  CONTENTS, ALLOC, LOAD, DATA, THREAD_LOCAL
  8 .tbss         00000000  20001780  20001780  00000000  2**0
                  ALLOC, THREAD_LOCAL
  9 .bss          00000f58  20001780  1000aa3c  0000d780  2**3
                  ALLOC
 10 .heap         00000800  200026d8  200026d8  0000ca50  2**2
                  CONTENTS, READONLY
 11 .scratch_x    00000000  20080000  20080000  0000d250  2**0
                  CONTENTS
 12 .scratch_y    00000000  20081000  20081000  0000d250  2**0
                  CONTENTS
 13 .stack_dummy  00000800  20081000  20081000  0000d260  2**5
                  CONTENTS, READONLY
 14 .flash_end    00000014  1000aa3c  1000aa3c  0000ca3c  2**2
                  CONTENTS, ALLOC, LOAD, READONLY, DATA
 15 .ARM.attributes 00000034  00000000  00000000  0000da60  2**0
                  CONTENTS, READONLY
 16 .comment      00000045  00000000  00000000  0000da94  2**0
                  CONTENTS, READONLY
 17 .debug_info   0003c348  00000000  00000000  0000dad9  2**0
                  CONTENTS, READONLY, DEBUGGING, OCTETS
 18 .debug_abbrev 0000a327  00000000  00000000  00049e21  2**0
                  CONTENTS, READONLY, DEBUGGING, OCTETS
 19 .debug_loclists 0001d398  00000000  00000000  00054148  2**0
                  CONTENTS, READONLY, DEBUGGING, OCTETS
 20 .debug_aranges 00001710  00000000  00000000  000714e0  2**3
                  CONTENTS, READONLY, DEBUGGING, OCTETS
 21 .debug_rnglists 00004d64  00000000  00000000  00072bf0  2**0
                  CONTENTS, READONLY, DEBUGGING, OCTETS
 22 .debug_line   000287c6  00000000  00000000  00077954  2**0
                  CONTENTS, READONLY, DEBUGGING, OCTETS
 23 .debug_str    0000b2bd  00000000  00000000  000a011a  2**0
                  CONTENTS, READONLY, DEBUGGING, OCTETS
 24 .debug_frame  000042fc  00000000  00000000  000ab3d8  2**2
                  CONTENTS, READONLY, DEBUGGING, OCTETS
 25 .debug_line_str 000002d4  00000000  00000000  000af6d4  2**0
                  CONTENTS, READONLY, DEBUGGING, OCTETS

C:/Users/nahue/Desktop/Accesos Directos/GitHUB/Practicas_Rasberry/Practicas_FreeRTOS/Mutex/Inversion de prioridad/Src/build/firmware.elf:     file format elf32-littlearm


Disassembly of section .text:

10000000 <__VECTOR_TABLE>:
10000000:	20082000 	.word	0x20082000
10000004:	1000015d 	.word	0x1000015d
10000008:	10000113 	.word	0x10000113
1000000c:	10000115 	.word	0x10000115
10000010:	10000111 	.word	0x10000111
10000014:	10000111 	.word	0x10000111
10000018:	10000111 	.word	0x10000111
1000001c:	10000111 	.word	0x10000111
10000020:	10000111 	.word	0x10000111
10000024:	10000111 	.word	0x10000111
10000028:	10000111 	.word	0x10000111
1000002c:	10007cbd 	.word	0x10007cbd
10000030:	10000111 	.word	0x10000111
10000034:	10000111 	.word	0x10000111
10000038:	10007c3d 	.word	0x10007c3d
1000003c:	10007999 	.word	0x10007999
10000040:	1000011d 	.word	0x1000011d
10000044:	1000011d 	.word	0x1000011d
10000048:	1000011d 	.word	0x1000011d
1000004c:	1000011d 	.word	0x1000011d
10000050:	1000011d 	.word	0x1000011d
10000054:	1000011d 	.word	0x1000011d
10000058:	1000011d 	.word	0x1000011d
1000005c:	1000011d 	.word	0x1000011d
10000060:	1000011d 	.word	0x1000011d
10000064:	1000011d 	.word	0x1000011d
10000068:	1000011d 	.word	0x1000011d
1000006c:	1000011d 	.word	0x1000011d
10000070:	1000011d 	.word	0x1000011d
10000074:	1000011d 	.word	0x1000011d
10000078:	1000011d 	.word	0x1000011d
1000007c:	1000011d 	.word	0x1000011d
10000080:	1000011d 	.word	0x1000011d
10000084:	1000011d 	.word	0x1000011d
10000088:	1000011d 	.word	0x1000011d
1000008c:	1000011d 	.word	0x1000011d
10000090:	1000011d 	.word	0x1000011d
10000094:	1000011d 	.word	0x1000011d
10000098:	1000011d 	.word	0x1000011d
1000009c:	1000011d 	.word	0x1000011d
100000a0:	1000011d 	.word	0x1000011d
100000a4:	1000011d 	.word	0x1000011d
100000a8:	1000011d 	.word	0x1000011d
100000ac:	1000011d 	.word	0x1000011d
100000b0:	1000011d 	.word	0x1000011d
100000b4:	1000011d 	.word	0x1000011d
100000b8:	1000011d 	.word	0x1000011d
100000bc:	1000011d 	.word	0x1000011d
100000c0:	1000011d 	.word	0x1000011d
100000c4:	1000011d 	.word	0x1000011d
100000c8:	1000011d 	.word	0x1000011d
100000cc:	1000011d 	.word	0x1000011d
100000d0:	1000011d 	.word	0x1000011d
100000d4:	1000011d 	.word	0x1000011d
100000d8:	1000011d 	.word	0x1000011d
100000dc:	1000011d 	.word	0x1000011d
100000e0:	1000011d 	.word	0x1000011d
100000e4:	1000011d 	.word	0x1000011d
100000e8:	1000011d 	.word	0x1000011d
100000ec:	1000011d 	.word	0x1000011d
100000f0:	1000011d 	.word	0x1000011d
100000f4:	1000011d 	.word	0x1000011d
100000f8:	1000011d 	.word	0x1000011d
100000fc:	1000011d 	.word	0x1000011d
10000100:	1000011d 	.word	0x1000011d
10000104:	1000011d 	.word	0x1000011d
10000108:	1000011d 	.word	0x1000011d
1000010c:	1000011d 	.word	0x1000011d

10000110 <isr_invalid>:
10000110:	be00      	bkpt	0x0000

10000112 <isr_nmi>:
10000112:	be00      	bkpt	0x0000

10000114 <isr_hardfault>:
10000114:	be00      	bkpt	0x0000
10000116:	be00      	bkpt	0x0000
10000118:	be00      	bkpt	0x0000
1000011a:	be00      	bkpt	0x0000

1000011c <__unhandled_user_irq>:
1000011c:	f3ef 8005 	mrs	r0, IPSR
10000120:	3810      	subs	r0, #16

10000122 <unhandled_user_irq_num_in_r0>:
10000122:	be00      	bkpt	0x0000

10000124 <binary_info_header>:
10000124:	7188ebf2 	.word	0x7188ebf2
10000128:	100093a8 	.word	0x100093a8
1000012c:	100093cc 	.word	0x100093cc
10000130:	100001a8 	.word	0x100001a8
10000134:	e71aa390 	.word	0xe71aa390

10000138 <__binary_info_header_end>:
10000138:	ffffded3 	.word	0xffffded3
1000013c:	10210142 	.word	0x10210142
10000140:	000001ff 	.word	0x000001ff
10000144:	0000a904 	.word	0x0000a904
10000148:	ab123579 	.word	0xab123579

1000014c <_entry_point>:
1000014c:	f04f 0000 	mov.w	r0, #0

10000150 <_enter_vtable_in_r0>:
10000150:	4920      	ldr	r1, [pc, #128]	@ (100001d4 <data_cpy_table+0x2c>)
10000152:	6008      	str	r0, [r1, #0]
10000154:	c806      	ldmia	r0!, {r1, r2}
10000156:	f381 8808 	msr	MSP, r1
1000015a:	4710      	bx	r2

1000015c <_reset_handler>:
1000015c:	f04f 4050 	mov.w	r0, #3489660928	@ 0xd0000000
10000160:	6800      	ldr	r0, [r0, #0]
10000162:	b110      	cbz	r0, 1000016a <hold_non_core0_in_bootrom+0x6>

10000164 <hold_non_core0_in_bootrom>:
10000164:	f04f 0000 	mov.w	r0, #0
10000168:	e7f2      	b.n	10000150 <_enter_vtable_in_r0>
1000016a:	a40f      	add	r4, pc, #60	@ (adr r4, 100001a8 <data_cpy_table>)
1000016c:	cc0e      	ldmia	r4!, {r1, r2, r3}
1000016e:	2900      	cmp	r1, #0
10000170:	d002      	beq.n	10000178 <hold_non_core0_in_bootrom+0x14>
10000172:	f000 f815 	bl	100001a0 <data_cpy>
10000176:	e7f9      	b.n	1000016c <hold_non_core0_in_bootrom+0x8>
10000178:	4917      	ldr	r1, [pc, #92]	@ (100001d8 <data_cpy_table+0x30>)
1000017a:	4a18      	ldr	r2, [pc, #96]	@ (100001dc <data_cpy_table+0x34>)
1000017c:	2000      	movs	r0, #0
1000017e:	e000      	b.n	10000182 <bss_fill_test>

10000180 <bss_fill_loop>:
10000180:	c101      	stmia	r1!, {r0}

10000182 <bss_fill_test>:
10000182:	4291      	cmp	r1, r2
10000184:	d1fc      	bne.n	10000180 <bss_fill_loop>

10000186 <platform_entry>:
10000186:	2000      	movs	r0, #0
10000188:	f380 880a 	msr	MSPLIM, r0
1000018c:	4914      	ldr	r1, [pc, #80]	@ (100001e0 <data_cpy_table+0x38>)
1000018e:	4788      	blx	r1
10000190:	4914      	ldr	r1, [pc, #80]	@ (100001e4 <data_cpy_table+0x3c>)
10000192:	4788      	blx	r1
10000194:	4914      	ldr	r1, [pc, #80]	@ (100001e8 <data_cpy_table+0x40>)
10000196:	4788      	blx	r1
10000198:	be00      	bkpt	0x0000
1000019a:	e7fd      	b.n	10000198 <platform_entry+0x12>

1000019c <data_cpy_loop>:
1000019c:	c901      	ldmia	r1!, {r0}
1000019e:	c201      	stmia	r2!, {r0}

100001a0 <data_cpy>:
100001a0:	429a      	cmp	r2, r3
100001a2:	d3fb      	bcc.n	1000019c <data_cpy_loop>
100001a4:	4770      	bx	lr
100001a6:	bf00      	nop

100001a8 <data_cpy_table>:
100001a8:	100093cc 	.word	0x100093cc
100001ac:	20000110 	.word	0x20000110
100001b0:	20001780 	.word	0x20001780
100001b4:	1000aa3c 	.word	0x1000aa3c
100001b8:	20080000 	.word	0x20080000
100001bc:	20080000 	.word	0x20080000
100001c0:	1000aa3c 	.word	0x1000aa3c
100001c4:	20081000 	.word	0x20081000
100001c8:	20081000 	.word	0x20081000
100001cc:	00000000 	.word	0x00000000
100001d0:	4770      	bx	lr
100001d2:	0000      	.short	0x0000
100001d4:	e000ed08 	.word	0xe000ed08
100001d8:	20001780 	.word	0x20001780
100001dc:	200026d8 	.word	0x200026d8
100001e0:	10003329 	.word	0x10003329
100001e4:	1000047d 	.word	0x1000047d
100001e8:	10003321 	.word	0x10003321

100001ec <_init>:
100001ec:	b5f8      	push	{r3, r4, r5, r6, r7, lr}
100001ee:	bf00      	nop

100001f0 <register_tm_clones>:
100001f0:	4b06      	ldr	r3, [pc, #24]	@ (1000020c <register_tm_clones+0x1c>)
100001f2:	4907      	ldr	r1, [pc, #28]	@ (10000210 <register_tm_clones+0x20>)
100001f4:	1ac9      	subs	r1, r1, r3
100001f6:	1089      	asrs	r1, r1, #2
100001f8:	bf48      	it	mi
100001fa:	3101      	addmi	r1, #1
100001fc:	1049      	asrs	r1, r1, #1
100001fe:	d003      	beq.n	10000208 <register_tm_clones+0x18>
10000200:	4b04      	ldr	r3, [pc, #16]	@ (10000214 <register_tm_clones+0x24>)
10000202:	b10b      	cbz	r3, 10000208 <register_tm_clones+0x18>
10000204:	4801      	ldr	r0, [pc, #4]	@ (1000020c <register_tm_clones+0x1c>)
10000206:	4718      	bx	r3
10000208:	4770      	bx	lr
1000020a:	bf00      	nop
1000020c:	20001780 	.word	0x20001780
10000210:	20001780 	.word	0x20001780
10000214:	00000000 	.word	0x00000000

10000218 <frame_dummy>:
10000218:	b508      	push	{r3, lr}
1000021a:	4b05      	ldr	r3, [pc, #20]	@ (10000230 <frame_dummy+0x18>)
1000021c:	b11b      	cbz	r3, 10000226 <frame_dummy+0xe>
1000021e:	4905      	ldr	r1, [pc, #20]	@ (10000234 <frame_dummy+0x1c>)
10000220:	4805      	ldr	r0, [pc, #20]	@ (10000238 <frame_dummy+0x20>)
10000222:	f3af 8000 	nop.w
10000226:	e8bd 4008 	ldmia.w	sp!, {r3, lr}
1000022a:	f7ff bfe1 	b.w	100001f0 <register_tm_clones>
1000022e:	bf00      	nop
10000230:	00000000 	.word	0x00000000
10000234:	20002500 	.word	0x20002500
10000238:	10008894 	.word	0x10008894

1000023c <vTareaMediaPrioridad>:
1000023c:	b510      	push	{r4, lr}
1000023e:	480e      	ldr	r0, [pc, #56]	@ (10000278 <vTareaMediaPrioridad+0x3c>)
10000240:	f003 f9de 	bl	10003600 <__wrap_puts>
10000244:	480d      	ldr	r0, [pc, #52]	@ (1000027c <vTareaMediaPrioridad+0x40>)
10000246:	f003 f9db 	bl	10003600 <__wrap_puts>
1000024a:	f44f 7048 	mov.w	r0, #800	@ 0x320
1000024e:	f006 fec9 	bl	10006fe4 <vTaskDelay>
10000252:	480b      	ldr	r0, [pc, #44]	@ (10000280 <vTareaMediaPrioridad+0x44>)
10000254:	f003 f9d4 	bl	10003600 <__wrap_puts>
10000258:	2400      	movs	r4, #0
1000025a:	20c8      	movs	r0, #200	@ 0xc8
1000025c:	3401      	adds	r4, #1
1000025e:	f006 fec1 	bl	10006fe4 <vTaskDelay>
10000262:	4621      	mov	r1, r4
10000264:	4807      	ldr	r0, [pc, #28]	@ (10000284 <vTareaMediaPrioridad+0x48>)
10000266:	f003 fa4b 	bl	10003700 <__wrap_printf>
1000026a:	2c05      	cmp	r4, #5
1000026c:	d1f5      	bne.n	1000025a <vTareaMediaPrioridad+0x1e>
1000026e:	4806      	ldr	r0, [pc, #24]	@ (10000288 <vTareaMediaPrioridad+0x4c>)
10000270:	f003 f9c6 	bl	10003600 <__wrap_puts>
10000274:	e7e6      	b.n	10000244 <vTareaMediaPrioridad+0x8>
10000276:	bf00      	nop
10000278:	10008898 	.word	0x10008898
1000027c:	100088cc 	.word	0x100088cc
10000280:	100088fc 	.word	0x100088fc
10000284:	10008928 	.word	0x10008928
10000288:	10008944 	.word	0x10008944

1000028c <vTareaMonitor>:
1000028c:	b508      	push	{r3, lr}
1000028e:	480d      	ldr	r0, [pc, #52]	@ (100002c4 <vTareaMonitor+0x38>)
10000290:	f003 f9b6 	bl	10003600 <__wrap_puts>
10000294:	f44f 60fa 	mov.w	r0, #2000	@ 0x7d0
10000298:	f006 fea4 	bl	10006fe4 <vTaskDelay>
1000029c:	480a      	ldr	r0, [pc, #40]	@ (100002c8 <vTareaMonitor+0x3c>)
1000029e:	f003 f9af 	bl	10003600 <__wrap_puts>
100002a2:	480a      	ldr	r0, [pc, #40]	@ (100002cc <vTareaMonitor+0x40>)
100002a4:	f003 f9ac 	bl	10003600 <__wrap_puts>
100002a8:	4809      	ldr	r0, [pc, #36]	@ (100002d0 <vTareaMonitor+0x44>)
100002aa:	f003 f9a9 	bl	10003600 <__wrap_puts>
100002ae:	4809      	ldr	r0, [pc, #36]	@ (100002d4 <vTareaMonitor+0x48>)
100002b0:	f003 f9a6 	bl	10003600 <__wrap_puts>
100002b4:	4808      	ldr	r0, [pc, #32]	@ (100002d8 <vTareaMonitor+0x4c>)
100002b6:	f003 f9a3 	bl	10003600 <__wrap_puts>
100002ba:	4808      	ldr	r0, [pc, #32]	@ (100002dc <vTareaMonitor+0x50>)
100002bc:	f003 f9a0 	bl	10003600 <__wrap_puts>
100002c0:	e7e8      	b.n	10000294 <vTareaMonitor+0x8>
100002c2:	bf00      	nop
100002c4:	10008964 	.word	0x10008964
100002c8:	1000898c 	.word	0x1000898c
100002cc:	100089b4 	.word	0x100089b4
100002d0:	100089c4 	.word	0x100089c4
100002d4:	100089f0 	.word	0x100089f0
100002d8:	10008a20 	.word	0x10008a20
100002dc:	10008a4c 	.word	0x10008a4c

100002e0 <vTareaAltaPrioridad>:
100002e0:	b5f0      	push	{r4, r5, r6, r7, lr}
100002e2:	4829      	ldr	r0, [pc, #164]	@ (10000388 <vTareaAltaPrioridad+0xa8>)
100002e4:	b087      	sub	sp, #28
100002e6:	f003 f98b 	bl	10003600 <__wrap_puts>
100002ea:	4c28      	ldr	r4, [pc, #160]	@ (1000038c <vTareaAltaPrioridad+0xac>)
100002ec:	4e28      	ldr	r6, [pc, #160]	@ (10000390 <vTareaAltaPrioridad+0xb0>)
100002ee:	4f29      	ldr	r7, [pc, #164]	@ (10000394 <vTareaAltaPrioridad+0xb4>)
100002f0:	f04f 32ff 	mov.w	r2, #4294967295
100002f4:	4669      	mov	r1, sp
100002f6:	6820      	ldr	r0, [r4, #0]
100002f8:	f005 ff9a 	bl	10006230 <xQueueReceive>
100002fc:	2801      	cmp	r0, #1
100002fe:	d1f7      	bne.n	100002f0 <vTareaAltaPrioridad+0x10>
10000300:	9a00      	ldr	r2, [sp, #0]
10000302:	a901      	add	r1, sp, #4
10000304:	4824      	ldr	r0, [pc, #144]	@ (10000398 <vTareaAltaPrioridad+0xb8>)
10000306:	f003 f9fb 	bl	10003700 <__wrap_printf>
1000030a:	4824      	ldr	r0, [pc, #144]	@ (1000039c <vTareaAltaPrioridad+0xbc>)
1000030c:	f003 f978 	bl	10003600 <__wrap_puts>
10000310:	f001 f87c 	bl	1000140c <time_us_64>
10000314:	b361      	cbz	r1, 10000370 <vTareaAltaPrioridad+0x90>
10000316:	f44f 727a 	mov.w	r2, #1000	@ 0x3e8
1000031a:	2300      	movs	r3, #0
1000031c:	f008 fa7c 	bl	10008818 <____aeabi_uldivmod_veneer>
10000320:	4605      	mov	r5, r0
10000322:	f44f 61fa 	mov.w	r1, #2000	@ 0x7d0
10000326:	6830      	ldr	r0, [r6, #0]
10000328:	f006 f8c6 	bl	100064b8 <xQueueSemaphoreTake>
1000032c:	4603      	mov	r3, r0
1000032e:	2b01      	cmp	r3, #1
10000330:	481b      	ldr	r0, [pc, #108]	@ (100003a0 <vTareaAltaPrioridad+0xc0>)
10000332:	d121      	bne.n	10000378 <vTareaAltaPrioridad+0x98>
10000334:	f001 f86a 	bl	1000140c <time_us_64>
10000338:	4603      	mov	r3, r0
1000033a:	b301      	cbz	r1, 1000037e <vTareaAltaPrioridad+0x9e>
1000033c:	f44f 727a 	mov.w	r2, #1000	@ 0x3e8
10000340:	2300      	movs	r3, #0
10000342:	f008 fa69 	bl	10008818 <____aeabi_uldivmod_veneer>
10000346:	4601      	mov	r1, r0
10000348:	1b49      	subs	r1, r1, r5
1000034a:	4816      	ldr	r0, [pc, #88]	@ (100003a4 <vTareaAltaPrioridad+0xc4>)
1000034c:	f003 f9d8 	bl	10003700 <__wrap_printf>
10000350:	4815      	ldr	r0, [pc, #84]	@ (100003a8 <vTareaAltaPrioridad+0xc8>)
10000352:	f003 f955 	bl	10003600 <__wrap_puts>
10000356:	2064      	movs	r0, #100	@ 0x64
10000358:	f006 fe44 	bl	10006fe4 <vTaskDelay>
1000035c:	2300      	movs	r3, #0
1000035e:	6830      	ldr	r0, [r6, #0]
10000360:	461a      	mov	r2, r3
10000362:	4619      	mov	r1, r3
10000364:	f005 fdf0 	bl	10005f48 <xQueueGenericSend>
10000368:	4810      	ldr	r0, [pc, #64]	@ (100003ac <vTareaAltaPrioridad+0xcc>)
1000036a:	f003 f949 	bl	10003600 <__wrap_puts>
1000036e:	e7bf      	b.n	100002f0 <vTareaAltaPrioridad+0x10>
10000370:	fba7 3500 	umull	r3, r5, r7, r0
10000374:	09ad      	lsrs	r5, r5, #6
10000376:	e7d4      	b.n	10000322 <vTareaAltaPrioridad+0x42>
10000378:	f003 f942 	bl	10003600 <__wrap_puts>
1000037c:	e7b8      	b.n	100002f0 <vTareaAltaPrioridad+0x10>
1000037e:	fba7 3003 	umull	r3, r0, r7, r3
10000382:	0981      	lsrs	r1, r0, #6
10000384:	e7e0      	b.n	10000348 <vTareaAltaPrioridad+0x68>
10000386:	bf00      	nop
10000388:	10008a74 	.word	0x10008a74
1000038c:	20002638 	.word	0x20002638
10000390:	20002670 	.word	0x20002670
10000394:	10624dd3 	.word	0x10624dd3
10000398:	10008aa4 	.word	0x10008aa4
1000039c:	10008acc 	.word	0x10008acc
100003a0:	10008b78 	.word	0x10008b78
100003a4:	10008af4 	.word	0x10008af4
100003a8:	10008b38 	.word	0x10008b38
100003ac:	10008b5c 	.word	0x10008b5c

100003b0 <vTareaBajaPrioridad>:
100003b0:	e92d 43f0 	stmdb	sp!, {r4, r5, r6, r7, r8, r9, lr}
100003b4:	4826      	ldr	r0, [pc, #152]	@ (10000450 <vTareaBajaPrioridad+0xa0>)
100003b6:	b087      	sub	sp, #28
100003b8:	f003 f922 	bl	10003600 <__wrap_puts>
100003bc:	2700      	movs	r7, #0
100003be:	4d25      	ldr	r5, [pc, #148]	@ (10000454 <vTareaBajaPrioridad+0xa4>)
100003c0:	4e25      	ldr	r6, [pc, #148]	@ (10000458 <vTareaBajaPrioridad+0xa8>)
100003c2:	f8df 90b4 	ldr.w	r9, [pc, #180]	@ 10000478 <vTareaBajaPrioridad+0xc8>
100003c6:	f240 50dc 	movw	r0, #1500	@ 0x5dc
100003ca:	f006 fe0b 	bl	10006fe4 <vTaskDelay>
100003ce:	4823      	ldr	r0, [pc, #140]	@ (1000045c <vTareaBajaPrioridad+0xac>)
100003d0:	f003 f916 	bl	10003600 <__wrap_puts>
100003d4:	f04f 31ff 	mov.w	r1, #4294967295
100003d8:	6828      	ldr	r0, [r5, #0]
100003da:	f006 f86d 	bl	100064b8 <xQueueSemaphoreTake>
100003de:	2801      	cmp	r0, #1
100003e0:	d1f1      	bne.n	100003c6 <vTareaBajaPrioridad+0x16>
100003e2:	481f      	ldr	r0, [pc, #124]	@ (10000460 <vTareaBajaPrioridad+0xb0>)
100003e4:	f003 f90c 	bl	10003600 <__wrap_puts>
100003e8:	481e      	ldr	r0, [pc, #120]	@ (10000464 <vTareaBajaPrioridad+0xb4>)
100003ea:	f003 f909 	bl	10003600 <__wrap_puts>
100003ee:	2400      	movs	r4, #0
100003f0:	f44f 70fa 	mov.w	r0, #500	@ 0x1f4
100003f4:	3401      	adds	r4, #1
100003f6:	f006 fdf5 	bl	10006fe4 <vTaskDelay>
100003fa:	4621      	mov	r1, r4
100003fc:	481a      	ldr	r0, [pc, #104]	@ (10000468 <vTareaBajaPrioridad+0xb8>)
100003fe:	f003 f97f 	bl	10003700 <__wrap_printf>
10000402:	2c03      	cmp	r4, #3
10000404:	d1f4      	bne.n	100003f0 <vTareaBajaPrioridad+0x40>
10000406:	e896 000f 	ldmia.w	r6, {r0, r1, r2, r3}
1000040a:	ac01      	add	r4, sp, #4
1000040c:	c407      	stmia	r4!, {r0, r1, r2}
1000040e:	4817      	ldr	r0, [pc, #92]	@ (1000046c <vTareaBajaPrioridad+0xbc>)
10000410:	9700      	str	r7, [sp, #0]
10000412:	8023      	strh	r3, [r4, #0]
10000414:	f003 f8f4 	bl	10003600 <__wrap_puts>
10000418:	2300      	movs	r3, #0
1000041a:	f04f 32ff 	mov.w	r2, #4294967295
1000041e:	4669      	mov	r1, sp
10000420:	f8d9 0000 	ldr.w	r0, [r9]
10000424:	f005 fd90 	bl	10005f48 <xQueueGenericSend>
10000428:	4811      	ldr	r0, [pc, #68]	@ (10000470 <vTareaBajaPrioridad+0xc0>)
1000042a:	f003 f8e9 	bl	10003600 <__wrap_puts>
1000042e:	f44f 707a 	mov.w	r0, #1000	@ 0x3e8
10000432:	f006 fdd7 	bl	10006fe4 <vTaskDelay>
10000436:	2300      	movs	r3, #0
10000438:	6828      	ldr	r0, [r5, #0]
1000043a:	461a      	mov	r2, r3
1000043c:	4619      	mov	r1, r3
1000043e:	f005 fd83 	bl	10005f48 <xQueueGenericSend>
10000442:	f107 0801 	add.w	r8, r7, #1
10000446:	480b      	ldr	r0, [pc, #44]	@ (10000474 <vTareaBajaPrioridad+0xc4>)
10000448:	f003 f8da 	bl	10003600 <__wrap_puts>
1000044c:	4647      	mov	r7, r8
1000044e:	e7ba      	b.n	100003c6 <vTareaBajaPrioridad+0x16>
10000450:	10008bac 	.word	0x10008bac
10000454:	20002670 	.word	0x20002670
10000458:	10008c84 	.word	0x10008c84
1000045c:	10008bdc 	.word	0x10008bdc
10000460:	10008c04 	.word	0x10008c04
10000464:	10008c34 	.word	0x10008c34
10000468:	10008c60 	.word	0x10008c60
1000046c:	10008c94 	.word	0x10008c94
10000470:	10008cbc 	.word	0x10008cbc
10000474:	10008ce8 	.word	0x10008ce8
10000478:	20002638 	.word	0x20002638

1000047c <main>:
1000047c:	b530      	push	{r4, r5, lr}
1000047e:	b083      	sub	sp, #12
10000480:	f003 f87a 	bl	10003578 <stdio_init_all>
10000484:	f44f 60fa 	mov.w	r0, #2000	@ 0x7d0
10000488:	f000 fece 	bl	10001228 <sleep_ms>
1000048c:	4837      	ldr	r0, [pc, #220]	@ (1000056c <main+0xf0>)
1000048e:	f003 f8b7 	bl	10003600 <__wrap_puts>
10000492:	2200      	movs	r2, #0
10000494:	2118      	movs	r1, #24
10000496:	2005      	movs	r0, #5
10000498:	f005 fd1a 	bl	10005ed0 <xQueueGenericCreate>
1000049c:	4603      	mov	r3, r0
1000049e:	4c34      	ldr	r4, [pc, #208]	@ (10000570 <main+0xf4>)
100004a0:	2001      	movs	r0, #1
100004a2:	6023      	str	r3, [r4, #0]
100004a4:	f005 fe90 	bl	100061c8 <xQueueCreateMutex>
100004a8:	4a32      	ldr	r2, [pc, #200]	@ (10000574 <main+0xf8>)
100004aa:	6823      	ldr	r3, [r4, #0]
100004ac:	6010      	str	r0, [r2, #0]
100004ae:	2b00      	cmp	r3, #0
100004b0:	d056      	beq.n	10000560 <main+0xe4>
100004b2:	2800      	cmp	r0, #0
100004b4:	d054      	beq.n	10000560 <main+0xe4>
100004b6:	2400      	movs	r4, #0
100004b8:	2503      	movs	r5, #3
100004ba:	482f      	ldr	r0, [pc, #188]	@ (10000578 <main+0xfc>)
100004bc:	f003 f8a0 	bl	10003600 <__wrap_puts>
100004c0:	482e      	ldr	r0, [pc, #184]	@ (1000057c <main+0x100>)
100004c2:	f003 f89d 	bl	10003600 <__wrap_puts>
100004c6:	482e      	ldr	r0, [pc, #184]	@ (10000580 <main+0x104>)
100004c8:	f003 f89a 	bl	10003600 <__wrap_puts>
100004cc:	e9cd 5400 	strd	r5, r4, [sp]
100004d0:	2502      	movs	r5, #2
100004d2:	f44f 7200 	mov.w	r2, #512	@ 0x200
100004d6:	4623      	mov	r3, r4
100004d8:	492a      	ldr	r1, [pc, #168]	@ (10000584 <main+0x108>)
100004da:	482b      	ldr	r0, [pc, #172]	@ (10000588 <main+0x10c>)
100004dc:	f006 fbd8 	bl	10006c90 <xTaskCreate>
100004e0:	e9cd 5400 	strd	r5, r4, [sp]
100004e4:	2501      	movs	r5, #1
100004e6:	f44f 7200 	mov.w	r2, #512	@ 0x200
100004ea:	4623      	mov	r3, r4
100004ec:	4927      	ldr	r1, [pc, #156]	@ (1000058c <main+0x110>)
100004ee:	4828      	ldr	r0, [pc, #160]	@ (10000590 <main+0x114>)
100004f0:	f006 fbce 	bl	10006c90 <xTaskCreate>
100004f4:	f44f 7200 	mov.w	r2, #512	@ 0x200
100004f8:	4623      	mov	r3, r4
100004fa:	4926      	ldr	r1, [pc, #152]	@ (10000594 <main+0x118>)
100004fc:	e9cd 5400 	strd	r5, r4, [sp]
10000500:	4825      	ldr	r0, [pc, #148]	@ (10000598 <main+0x11c>)
10000502:	f006 fbc5 	bl	10006c90 <xTaskCreate>
10000506:	f44f 7200 	mov.w	r2, #512	@ 0x200
1000050a:	4623      	mov	r3, r4
1000050c:	4923      	ldr	r1, [pc, #140]	@ (1000059c <main+0x120>)
1000050e:	e9cd 5400 	strd	r5, r4, [sp]
10000512:	4823      	ldr	r0, [pc, #140]	@ (100005a0 <main+0x124>)
10000514:	f006 fbbc 	bl	10006c90 <xTaskCreate>
10000518:	4822      	ldr	r0, [pc, #136]	@ (100005a4 <main+0x128>)
1000051a:	f003 f871 	bl	10003600 <__wrap_puts>
1000051e:	4822      	ldr	r0, [pc, #136]	@ (100005a8 <main+0x12c>)
10000520:	f003 f86e 	bl	10003600 <__wrap_puts>
10000524:	4821      	ldr	r0, [pc, #132]	@ (100005ac <main+0x130>)
10000526:	f003 f86b 	bl	10003600 <__wrap_puts>
1000052a:	4821      	ldr	r0, [pc, #132]	@ (100005b0 <main+0x134>)
1000052c:	f003 f868 	bl	10003600 <__wrap_puts>
10000530:	4820      	ldr	r0, [pc, #128]	@ (100005b4 <main+0x138>)
10000532:	f003 f865 	bl	10003600 <__wrap_puts>
10000536:	4820      	ldr	r0, [pc, #128]	@ (100005b8 <main+0x13c>)
10000538:	f003 f862 	bl	10003600 <__wrap_puts>
1000053c:	481f      	ldr	r0, [pc, #124]	@ (100005bc <main+0x140>)
1000053e:	f003 f85f 	bl	10003600 <__wrap_puts>
10000542:	481f      	ldr	r0, [pc, #124]	@ (100005c0 <main+0x144>)
10000544:	f003 f85c 	bl	10003600 <__wrap_puts>
10000548:	481e      	ldr	r0, [pc, #120]	@ (100005c4 <main+0x148>)
1000054a:	f003 f859 	bl	10003600 <__wrap_puts>
1000054e:	481e      	ldr	r0, [pc, #120]	@ (100005c8 <main+0x14c>)
10000550:	f003 f856 	bl	10003600 <__wrap_puts>
10000554:	481d      	ldr	r0, [pc, #116]	@ (100005cc <main+0x150>)
10000556:	f003 f853 	bl	10003600 <__wrap_puts>
1000055a:	f006 fc1b 	bl	10006d94 <vTaskStartScheduler>
1000055e:	e7fe      	b.n	1000055e <main+0xe2>
10000560:	481b      	ldr	r0, [pc, #108]	@ (100005d0 <main+0x154>)
10000562:	f003 f84d 	bl	10003600 <__wrap_puts>
10000566:	2001      	movs	r0, #1
10000568:	b003      	add	sp, #12
1000056a:	bd30      	pop	{r4, r5, pc}
1000056c:	10008d04 	.word	0x10008d04
10000570:	20002638 	.word	0x20002638
10000574:	20002670 	.word	0x20002670
10000578:	10008d60 	.word	0x10008d60
1000057c:	10008d80 	.word	0x10008d80
10000580:	10008da0 	.word	0x10008da0
10000584:	10008dc4 	.word	0x10008dc4
10000588:	100002e1 	.word	0x100002e1
1000058c:	10008dd4 	.word	0x10008dd4
10000590:	1000023d 	.word	0x1000023d
10000594:	10008de4 	.word	0x10008de4
10000598:	100003b1 	.word	0x100003b1
1000059c:	10008df4 	.word	0x10008df4
100005a0:	1000028d 	.word	0x1000028d
100005a4:	10008dfc 	.word	0x10008dfc
100005a8:	10008e1c 	.word	0x10008e1c
100005ac:	10008e38 	.word	0x10008e38
100005b0:	10008e54 	.word	0x10008e54
100005b4:	10008e70 	.word	0x10008e70
100005b8:	10008e88 	.word	0x10008e88
100005bc:	10008ea8 	.word	0x10008ea8
100005c0:	10008ec8 	.word	0x10008ec8
100005c4:	10008f04 	.word	0x10008f04
100005c8:	10008f3c 	.word	0x10008f3c
100005cc:	10008f6c 	.word	0x10008f6c
100005d0:	10008d2c 	.word	0x10008d2c

100005d4 <panic>:
100005d4:	b40f      	push	{r0, r1, r2, r3}
100005d6:	b500      	push	{lr}
100005d8:	b083      	sub	sp, #12
100005da:	9c04      	ldr	r4, [sp, #16]
100005dc:	4807      	ldr	r0, [pc, #28]	@ (100005fc <panic+0x28>)
100005de:	f003 f80f 	bl	10003600 <__wrap_puts>
100005e2:	b13c      	cbz	r4, 100005f4 <panic+0x20>
100005e4:	a905      	add	r1, sp, #20
100005e6:	4620      	mov	r0, r4
100005e8:	9101      	str	r1, [sp, #4]
100005ea:	f002 fe69 	bl	100032c0 <weak_raw_vprintf>
100005ee:	4804      	ldr	r0, [pc, #16]	@ (10000600 <panic+0x2c>)
100005f0:	f003 f806 	bl	10003600 <__wrap_puts>
100005f4:	2001      	movs	r0, #1
100005f6:	f002 fe7b 	bl	100032f0 <_exit>
100005fa:	bf00      	nop
100005fc:	10008f9c 	.word	0x10008f9c
10000600:	10008fac 	.word	0x10008fac

10000604 <hw_claim_or_assert>:
10000604:	b570      	push	{r4, r5, r6, lr}
10000606:	4686      	mov	lr, r0
10000608:	f3ef 8510 	mrs	r5, PRIMASK
1000060c:	b672      	cpsid	i
1000060e:	4c12      	ldr	r4, [pc, #72]	@ (10000658 <hw_claim_or_assert+0x54>)
10000610:	e8d4 6fcf 	ldaexb	r6, [r4]
10000614:	2001      	movs	r0, #1
10000616:	2e00      	cmp	r6, #0
10000618:	d1fa      	bne.n	10000610 <hw_claim_or_assert+0xc>
1000061a:	e8c4 0f46 	strexb	r6, r0, [r4]
1000061e:	2e00      	cmp	r6, #0
10000620:	d1f6      	bne.n	10000610 <hw_claim_or_assert+0xc>
10000622:	f3bf 8f5f 	dmb	sy
10000626:	f04f 0c01 	mov.w	ip, #1
1000062a:	08c8      	lsrs	r0, r1, #3
1000062c:	f001 0307 	and.w	r3, r1, #7
10000630:	fa0c f303 	lsl.w	r3, ip, r3
10000634:	f81e c000 	ldrb.w	ip, [lr, r0]
10000638:	ea1c 0603 	ands.w	r6, ip, r3
1000063c:	d108      	bne.n	10000650 <hw_claim_or_assert+0x4c>
1000063e:	ea4c 0c03 	orr.w	ip, ip, r3
10000642:	f80e c000 	strb.w	ip, [lr, r0]
10000646:	e8c4 6f8f 	stlb	r6, [r4]
1000064a:	f385 8810 	msr	PRIMASK, r5
1000064e:	bd70      	pop	{r4, r5, r6, pc}
10000650:	4610      	mov	r0, r2
10000652:	f7ff ffbf 	bl	100005d4 <panic>
10000656:	bf00      	nop
10000658:	20001c77 	.word	0x20001c77

1000065c <hw_claim_unused_from_range>:
1000065c:	b5f8      	push	{r3, r4, r5, r6, r7, lr}
1000065e:	f3ef 8710 	mrs	r7, PRIMASK
10000662:	b672      	cpsid	i
10000664:	4e1c      	ldr	r6, [pc, #112]	@ (100006d8 <hw_claim_unused_from_range+0x7c>)
10000666:	e8d6 5fcf 	ldaexb	r5, [r6]
1000066a:	2401      	movs	r4, #1
1000066c:	2d00      	cmp	r5, #0
1000066e:	d1fa      	bne.n	10000666 <hw_claim_unused_from_range+0xa>
10000670:	e8c6 4f45 	strexb	r5, r4, [r6]
10000674:	2d00      	cmp	r5, #0
10000676:	d1f6      	bne.n	10000666 <hw_claim_unused_from_range+0xa>
10000678:	f3bf 8f5f 	dmb	sy
1000067c:	429a      	cmp	r2, r3
1000067e:	d81b      	bhi.n	100006b8 <hw_claim_unused_from_range+0x5c>
10000680:	2501      	movs	r5, #1
10000682:	e002      	b.n	1000068a <hw_claim_unused_from_range+0x2e>
10000684:	3201      	adds	r2, #1
10000686:	4293      	cmp	r3, r2
10000688:	d322      	bcc.n	100006d0 <hw_claim_unused_from_range+0x74>
1000068a:	08d4      	lsrs	r4, r2, #3
1000068c:	f810 e004 	ldrb.w	lr, [r0, r4]
10000690:	f002 0c07 	and.w	ip, r2, #7
10000694:	fa05 fc0c 	lsl.w	ip, r5, ip
10000698:	ea1e 0f0c 	tst.w	lr, ip
1000069c:	d1f2      	bne.n	10000684 <hw_claim_unused_from_range+0x28>
1000069e:	ea4e 0e0c 	orr.w	lr, lr, ip
100006a2:	f800 e004 	strb.w	lr, [r0, r4]
100006a6:	4610      	mov	r0, r2
100006a8:	2300      	movs	r3, #0
100006aa:	e8c6 3f8f 	stlb	r3, [r6]
100006ae:	f387 8810 	msr	PRIMASK, r7
100006b2:	4298      	cmp	r0, r3
100006b4:	db07      	blt.n	100006c6 <hw_claim_unused_from_range+0x6a>
100006b6:	bdf8      	pop	{r3, r4, r5, r6, r7, pc}
100006b8:	2300      	movs	r3, #0
100006ba:	e8c6 3f8f 	stlb	r3, [r6]
100006be:	f387 8810 	msr	PRIMASK, r7
100006c2:	f04f 30ff 	mov.w	r0, #4294967295
100006c6:	2900      	cmp	r1, #0
100006c8:	d0f5      	beq.n	100006b6 <hw_claim_unused_from_range+0x5a>
100006ca:	9806      	ldr	r0, [sp, #24]
100006cc:	f7ff ff82 	bl	100005d4 <panic>
100006d0:	f04f 30ff 	mov.w	r0, #4294967295
100006d4:	e7e8      	b.n	100006a8 <hw_claim_unused_from_range+0x4c>
100006d6:	bf00      	nop
100006d8:	20001c77 	.word	0x20001c77

100006dc <next_striped_spin_lock_num>:
100006dc:	4a04      	ldr	r2, [pc, #16]	@ (100006f0 <next_striped_spin_lock_num+0x14>)
100006de:	7810      	ldrb	r0, [r2, #0]
100006e0:	1c43      	adds	r3, r0, #1
100006e2:	b2db      	uxtb	r3, r3
100006e4:	2b18      	cmp	r3, #24
100006e6:	bf28      	it	cs
100006e8:	2310      	movcs	r3, #16
100006ea:	7013      	strb	r3, [r2, #0]
100006ec:	4770      	bx	lr
100006ee:	bf00      	nop
100006f0:	20001180 	.word	0x20001180

100006f4 <spin_lock_claim_unused>:
100006f4:	b510      	push	{r4, lr}
100006f6:	4c05      	ldr	r4, [pc, #20]	@ (1000070c <spin_lock_claim_unused+0x18>)
100006f8:	b082      	sub	sp, #8
100006fa:	4601      	mov	r1, r0
100006fc:	231f      	movs	r3, #31
100006fe:	2218      	movs	r2, #24
10000700:	9400      	str	r4, [sp, #0]
10000702:	4803      	ldr	r0, [pc, #12]	@ (10000710 <spin_lock_claim_unused+0x1c>)
10000704:	f7ff ffaa 	bl	1000065c <hw_claim_unused_from_range>
10000708:	b002      	add	sp, #8
1000070a:	bd10      	pop	{r4, pc}
1000070c:	10008fb0 	.word	0x10008fb0
10000710:	20002088 	.word	0x20002088

10000714 <spinlock_set_extexclall>:
10000714:	f04f 22e0 	mov.w	r2, #3758153728	@ 0xe000e000
10000718:	6893      	ldr	r3, [r2, #8]
1000071a:	f043 5300 	orr.w	r3, r3, #536870912	@ 0x20000000
1000071e:	6093      	str	r3, [r2, #8]
10000720:	4770      	bx	lr
10000722:	bf00      	nop

10000724 <spin_locks_reset>:
10000724:	2100      	movs	r1, #0
10000726:	4b04      	ldr	r3, [pc, #16]	@ (10000738 <spin_locks_reset+0x14>)
10000728:	f103 0220 	add.w	r2, r3, #32
1000072c:	e8c3 1f8f 	stlb	r1, [r3]
10000730:	3301      	adds	r3, #1
10000732:	4293      	cmp	r3, r2
10000734:	d1fa      	bne.n	1000072c <spin_locks_reset+0x8>
10000736:	4770      	bx	lr
10000738:	20001c6c 	.word	0x20001c6c

1000073c <runtime_init_per_core_irq_priorities>:
1000073c:	f04f 23e0 	mov.w	r3, #3758153728	@ 0xe000e000
10000740:	f04f 3280 	mov.w	r2, #2155905152	@ 0x80808080
10000744:	f8c3 2400 	str.w	r2, [r3, #1024]	@ 0x400
10000748:	f8c3 2404 	str.w	r2, [r3, #1028]	@ 0x404
1000074c:	f8c3 2408 	str.w	r2, [r3, #1032]	@ 0x408
10000750:	f8c3 240c 	str.w	r2, [r3, #1036]	@ 0x40c
10000754:	f8c3 2410 	str.w	r2, [r3, #1040]	@ 0x410
10000758:	f8c3 2414 	str.w	r2, [r3, #1044]	@ 0x414
1000075c:	f8c3 2418 	str.w	r2, [r3, #1048]	@ 0x418
10000760:	f8c3 241c 	str.w	r2, [r3, #1052]	@ 0x41c
10000764:	f8c3 2420 	str.w	r2, [r3, #1056]	@ 0x420
10000768:	f8c3 2424 	str.w	r2, [r3, #1060]	@ 0x424
1000076c:	f8c3 2428 	str.w	r2, [r3, #1064]	@ 0x428
10000770:	f8c3 242c 	str.w	r2, [r3, #1068]	@ 0x42c
10000774:	f8c3 2430 	str.w	r2, [r3, #1072]	@ 0x430
10000778:	4770      	bx	lr
1000077a:	bf00      	nop

1000077c <irq_set_enabled>:
1000077c:	2301      	movs	r3, #1
1000077e:	f000 021f 	and.w	r2, r0, #31
10000782:	4093      	lsls	r3, r2
10000784:	0940      	lsrs	r0, r0, #5
10000786:	b141      	cbz	r1, 1000079a <irq_set_enabled+0x1e>
10000788:	0080      	lsls	r0, r0, #2
1000078a:	f100 4060 	add.w	r0, r0, #3758096384	@ 0xe0000000
1000078e:	f500 4061 	add.w	r0, r0, #57600	@ 0xe100
10000792:	f8c0 3180 	str.w	r3, [r0, #384]	@ 0x180
10000796:	6003      	str	r3, [r0, #0]
10000798:	4770      	bx	lr
1000079a:	4a02      	ldr	r2, [pc, #8]	@ (100007a4 <irq_set_enabled+0x28>)
1000079c:	3020      	adds	r0, #32
1000079e:	f842 3020 	str.w	r3, [r2, r0, lsl #2]
100007a2:	4770      	bx	lr
100007a4:	e000e100 	.word	0xe000e100

100007a8 <irq_is_enabled>:
100007a8:	2301      	movs	r3, #1
100007aa:	4a06      	ldr	r2, [pc, #24]	@ (100007c4 <irq_is_enabled+0x1c>)
100007ac:	0941      	lsrs	r1, r0, #5
100007ae:	f852 2021 	ldr.w	r2, [r2, r1, lsl #2]
100007b2:	f000 001f 	and.w	r0, r0, #31
100007b6:	fa03 f000 	lsl.w	r0, r3, r0
100007ba:	4010      	ands	r0, r2
100007bc:	3800      	subs	r0, #0
100007be:	bf18      	it	ne
100007c0:	2001      	movne	r0, #1
100007c2:	4770      	bx	lr
100007c4:	e000e100 	.word	0xe000e100

100007c8 <irq_set_pending>:
100007c8:	2201      	movs	r2, #1
100007ca:	0943      	lsrs	r3, r0, #5
100007cc:	4903      	ldr	r1, [pc, #12]	@ (100007dc <irq_set_pending+0x14>)
100007ce:	f000 001f 	and.w	r0, r0, #31
100007d2:	4082      	lsls	r2, r0
100007d4:	3340      	adds	r3, #64	@ 0x40
100007d6:	f841 2023 	str.w	r2, [r1, r3, lsl #2]
100007da:	4770      	bx	lr
100007dc:	e000e100 	.word	0xe000e100

100007e0 <irq_has_shared_handler>:
100007e0:	4a05      	ldr	r2, [pc, #20]	@ (100007f8 <irq_has_shared_handler+0x18>)
100007e2:	3010      	adds	r0, #16
100007e4:	6892      	ldr	r2, [r2, #8]
100007e6:	4b05      	ldr	r3, [pc, #20]	@ (100007fc <irq_has_shared_handler+0x1c>)
100007e8:	f852 0020 	ldr.w	r0, [r2, r0, lsl #2]
100007ec:	1ac0      	subs	r0, r0, r3
100007ee:	282f      	cmp	r0, #47	@ 0x2f
100007f0:	bf8c      	ite	hi
100007f2:	2000      	movhi	r0, #0
100007f4:	2001      	movls	r0, #1
100007f6:	4770      	bx	lr
100007f8:	e000ed00 	.word	0xe000ed00
100007fc:	20001184 	.word	0x20001184

10000800 <irq_set_exclusive_handler>:
10000800:	b5f8      	push	{r3, r4, r5, r6, r7, lr}
10000802:	460d      	mov	r5, r1
10000804:	f3ef 8710 	mrs	r7, PRIMASK
10000808:	b672      	cpsid	i
1000080a:	4e12      	ldr	r6, [pc, #72]	@ (10000854 <irq_set_exclusive_handler+0x54>)
1000080c:	e8d6 2fcf 	ldaexb	r2, [r6]
10000810:	2301      	movs	r3, #1
10000812:	2a00      	cmp	r2, #0
10000814:	d1fa      	bne.n	1000080c <irq_set_exclusive_handler+0xc>
10000816:	e8c6 3f42 	strexb	r2, r3, [r6]
1000081a:	2a00      	cmp	r2, #0
1000081c:	d1f6      	bne.n	1000080c <irq_set_exclusive_handler+0xc>
1000081e:	f3bf 8f5f 	dmb	sy
10000822:	4b0d      	ldr	r3, [pc, #52]	@ (10000858 <irq_set_exclusive_handler+0x58>)
10000824:	f100 0410 	add.w	r4, r0, #16
10000828:	689b      	ldr	r3, [r3, #8]
1000082a:	4a0c      	ldr	r2, [pc, #48]	@ (1000085c <irq_set_exclusive_handler+0x5c>)
1000082c:	f853 3024 	ldr.w	r3, [r3, r4, lsl #2]
10000830:	4293      	cmp	r3, r2
10000832:	d003      	beq.n	1000083c <irq_set_exclusive_handler+0x3c>
10000834:	4299      	cmp	r1, r3
10000836:	d001      	beq.n	1000083c <irq_set_exclusive_handler+0x3c>
10000838:	f000 ff76 	bl	10001728 <hard_assertion_failure>
1000083c:	4b06      	ldr	r3, [pc, #24]	@ (10000858 <irq_set_exclusive_handler+0x58>)
1000083e:	689b      	ldr	r3, [r3, #8]
10000840:	f843 5024 	str.w	r5, [r3, r4, lsl #2]
10000844:	f3bf 8f5f 	dmb	sy
10000848:	2300      	movs	r3, #0
1000084a:	e8c6 3f8f 	stlb	r3, [r6]
1000084e:	f387 8810 	msr	PRIMASK, r7
10000852:	bdf8      	pop	{r3, r4, r5, r6, r7, pc}
10000854:	20001c75 	.word	0x20001c75
10000858:	e000ed00 	.word	0xe000ed00
1000085c:	1000011d 	.word	0x1000011d

10000860 <irq_add_shared_handler>:
10000860:	e92d 4ff0 	stmdb	sp!, {r4, r5, r6, r7, r8, r9, sl, fp, lr}
10000864:	4681      	mov	r9, r0
10000866:	468b      	mov	fp, r1
10000868:	4616      	mov	r6, r2
1000086a:	b083      	sub	sp, #12
1000086c:	f3ef 8310 	mrs	r3, PRIMASK
10000870:	b672      	cpsid	i
10000872:	f8df a1d0 	ldr.w	sl, [pc, #464]	@ 10000a44 <irq_add_shared_handler+0x1e4>
10000876:	9300      	str	r3, [sp, #0]
10000878:	e8da 1fcf 	ldaexb	r1, [sl]
1000087c:	2301      	movs	r3, #1
1000087e:	2900      	cmp	r1, #0
10000880:	d1fa      	bne.n	10000878 <irq_add_shared_handler+0x18>
10000882:	e8ca 3f41 	strexb	r1, r3, [sl]
10000886:	2900      	cmp	r1, #0
10000888:	d1f6      	bne.n	10000878 <irq_add_shared_handler+0x18>
1000088a:	f3bf 8f5f 	dmb	sy
1000088e:	4b66      	ldr	r3, [pc, #408]	@ (10000a28 <irq_add_shared_handler+0x1c8>)
10000890:	f993 4000 	ldrsb.w	r4, [r3]
10000894:	2c00      	cmp	r4, #0
10000896:	f2c0 80a0 	blt.w	100009da <irq_add_shared_handler+0x17a>
1000089a:	4d64      	ldr	r5, [pc, #400]	@ (10000a2c <irq_add_shared_handler+0x1cc>)
1000089c:	eb04 0744 	add.w	r7, r4, r4, lsl #1
100008a0:	eb05 0887 	add.w	r8, r5, r7, lsl #2
100008a4:	f898 1006 	ldrb.w	r1, [r8, #6]
100008a8:	f109 0910 	add.w	r9, r9, #16
100008ac:	7019      	strb	r1, [r3, #0]
100008ae:	4b60      	ldr	r3, [pc, #384]	@ (10000a30 <irq_add_shared_handler+0x1d0>)
100008b0:	00bf      	lsls	r7, r7, #2
100008b2:	689b      	ldr	r3, [r3, #8]
100008b4:	f853 0029 	ldr.w	r0, [r3, r9, lsl #2]
100008b8:	0063      	lsls	r3, r4, #1
100008ba:	1b41      	subs	r1, r0, r5
100008bc:	292f      	cmp	r1, #47	@ 0x2f
100008be:	d92f      	bls.n	10000920 <irq_add_shared_handler+0xc0>
100008c0:	495c      	ldr	r1, [pc, #368]	@ (10000a34 <irq_add_shared_handler+0x1d4>)
100008c2:	4288      	cmp	r0, r1
100008c4:	f040 80a4 	bne.w	10000a10 <irq_add_shared_handler+0x1b0>
100008c8:	441c      	add	r4, r3
100008ca:	4b5b      	ldr	r3, [pc, #364]	@ (10000a38 <irq_add_shared_handler+0x1d8>)
100008cc:	3702      	adds	r7, #2
100008ce:	442f      	add	r7, r5
100008d0:	3b04      	subs	r3, #4
100008d2:	1bdb      	subs	r3, r3, r7
100008d4:	f3c3 034a 	ubfx	r3, r3, #1, #11
100008d8:	ea6f 43c3 	mvn.w	r3, r3, lsl #19
100008dc:	f44f 4121 	mov.w	r1, #41216	@ 0xa100
100008e0:	ea6f 43d3 	mvn.w	r3, r3, lsr #19
100008e4:	f825 1024 	strh.w	r1, [r5, r4, lsl #2]
100008e8:	eb05 0484 	add.w	r4, r5, r4, lsl #2
100008ec:	8063      	strh	r3, [r4, #2]
100008ee:	f64b 5301 	movw	r3, #48385	@ 0xbd01
100008f2:	80a3      	strh	r3, [r4, #4]
100008f4:	23ff      	movs	r3, #255	@ 0xff
100008f6:	f048 0001 	orr.w	r0, r8, #1
100008fa:	71e6      	strb	r6, [r4, #7]
100008fc:	f8c4 b008 	str.w	fp, [r4, #8]
10000900:	71a3      	strb	r3, [r4, #6]
10000902:	4b4b      	ldr	r3, [pc, #300]	@ (10000a30 <irq_add_shared_handler+0x1d0>)
10000904:	689b      	ldr	r3, [r3, #8]
10000906:	f843 0029 	str.w	r0, [r3, r9, lsl #2]
1000090a:	f3bf 8f5f 	dmb	sy
1000090e:	2300      	movs	r3, #0
10000910:	e8ca 3f8f 	stlb	r3, [sl]
10000914:	9b00      	ldr	r3, [sp, #0]
10000916:	f383 8810 	msr	PRIMASK, r3
1000091a:	b003      	add	sp, #12
1000091c:	e8bd 8ff0 	ldmia.w	sp!, {r4, r5, r6, r7, r8, r9, sl, fp, pc}
10000920:	f020 0e01 	bic.w	lr, r0, #1
10000924:	f89e 1007 	ldrb.w	r1, [lr, #7]
10000928:	42b1      	cmp	r1, r6
1000092a:	d82e      	bhi.n	1000098a <irq_add_shared_handler+0x12a>
1000092c:	f44f 4321 	mov.w	r3, #41216	@ 0xa100
10000930:	53eb      	strh	r3, [r5, r7]
10000932:	4b41      	ldr	r3, [pc, #260]	@ (10000a38 <irq_add_shared_handler+0x1d8>)
10000934:	1cb9      	adds	r1, r7, #2
10000936:	4429      	add	r1, r5
10000938:	3b04      	subs	r3, #4
1000093a:	3704      	adds	r7, #4
1000093c:	1a5b      	subs	r3, r3, r1
1000093e:	442f      	add	r7, r5
10000940:	f1ae 0104 	sub.w	r1, lr, #4
10000944:	1bc9      	subs	r1, r1, r7
10000946:	f3c1 044a 	ubfx	r4, r1, #1, #11
1000094a:	493c      	ldr	r1, [pc, #240]	@ (10000a3c <irq_add_shared_handler+0x1dc>)
1000094c:	f3c3 034a 	ubfx	r3, r3, #1, #11
10000950:	430b      	orrs	r3, r1
10000952:	4321      	orrs	r1, r4
10000954:	f8a8 1004 	strh.w	r1, [r8, #4]
10000958:	4939      	ldr	r1, [pc, #228]	@ (10000a40 <irq_add_shared_handler+0x1e0>)
1000095a:	f8a8 3002 	strh.w	r3, [r8, #2]
1000095e:	f64a 20aa 	movw	r0, #43690	@ 0xaaaa
10000962:	4673      	mov	r3, lr
10000964:	1b5b      	subs	r3, r3, r5
10000966:	415b      	adcs	r3, r3
10000968:	4358      	muls	r0, r3
1000096a:	0d00      	lsrs	r0, r0, #20
1000096c:	f888 6007 	strb.w	r6, [r8, #7]
10000970:	f888 0006 	strb.w	r0, [r8, #6]
10000974:	f8c8 b008 	str.w	fp, [r8, #8]
10000978:	f048 0001 	orr.w	r0, r8, #1
1000097c:	f8ce 1000 	str.w	r1, [lr]
10000980:	e7bf      	b.n	10000902 <irq_add_shared_handler+0xa2>
10000982:	79d1      	ldrb	r1, [r2, #7]
10000984:	42b1      	cmp	r1, r6
10000986:	d92e      	bls.n	100009e6 <irq_add_shared_handler+0x186>
10000988:	4696      	mov	lr, r2
1000098a:	f99e c006 	ldrsb.w	ip, [lr, #6]
1000098e:	eb0c 024c 	add.w	r2, ip, ip, lsl #1
10000992:	f1bc 0f00 	cmp.w	ip, #0
10000996:	eb05 0282 	add.w	r2, r5, r2, lsl #2
1000099a:	daf2      	bge.n	10000982 <irq_add_shared_handler+0x122>
1000099c:	f64b 5101 	movw	r1, #48385	@ 0xbd01
100009a0:	f10e 0204 	add.w	r2, lr, #4
100009a4:	f1a8 0704 	sub.w	r7, r8, #4
100009a8:	1abf      	subs	r7, r7, r2
100009aa:	f3c7 074a 	ubfx	r7, r7, #1, #11
100009ae:	ea6f 47c7 	mvn.w	r7, r7, lsl #19
100009b2:	ea6f 47d7 	mvn.w	r7, r7, lsr #19
100009b6:	f88e 4006 	strb.w	r4, [lr, #6]
100009ba:	eb03 0804 	add.w	r8, r3, r4
100009be:	4c20      	ldr	r4, [pc, #128]	@ (10000a40 <irq_add_shared_handler+0x1e0>)
100009c0:	eb05 0388 	add.w	r3, r5, r8, lsl #2
100009c4:	f8ae 7004 	strh.w	r7, [lr, #4]
100009c8:	f845 4028 	str.w	r4, [r5, r8, lsl #2]
100009cc:	8099      	strh	r1, [r3, #4]
100009ce:	f883 c006 	strb.w	ip, [r3, #6]
100009d2:	71de      	strb	r6, [r3, #7]
100009d4:	f8c3 b008 	str.w	fp, [r3, #8]
100009d8:	e793      	b.n	10000902 <irq_add_shared_handler+0xa2>
100009da:	f000 fea5 	bl	10001728 <hard_assertion_failure>
100009de:	4b12      	ldr	r3, [pc, #72]	@ (10000a28 <irq_add_shared_handler+0x1c8>)
100009e0:	f993 4000 	ldrsb.w	r4, [r3]
100009e4:	e759      	b.n	1000089a <irq_add_shared_handler+0x3a>
100009e6:	4672      	mov	r2, lr
100009e8:	f832 1f04 	ldrh.w	r1, [r2, #4]!
100009ec:	0549      	lsls	r1, r1, #21
100009ee:	d414      	bmi.n	10000a1a <irq_add_shared_handler+0x1ba>
100009f0:	1549      	asrs	r1, r1, #21
100009f2:	3102      	adds	r1, #2
100009f4:	eb02 0141 	add.w	r1, r2, r1, lsl #1
100009f8:	9101      	str	r1, [sp, #4]
100009fa:	f06f 0107 	mvn.w	r1, #7
100009fe:	1bc9      	subs	r1, r1, r7
10000a00:	9f01      	ldr	r7, [sp, #4]
10000a02:	1b49      	subs	r1, r1, r5
10000a04:	4439      	add	r1, r7
10000a06:	f3c1 014a 	ubfx	r1, r1, #1, #11
10000a0a:	f441 4160 	orr.w	r1, r1, #57344	@ 0xe000
10000a0e:	e7c9      	b.n	100009a4 <irq_add_shared_handler+0x144>
10000a10:	9301      	str	r3, [sp, #4]
10000a12:	f000 fe89 	bl	10001728 <hard_assertion_failure>
10000a16:	9b01      	ldr	r3, [sp, #4]
10000a18:	e756      	b.n	100008c8 <irq_add_shared_handler+0x68>
10000a1a:	f501 11ff 	add.w	r1, r1, #2088960	@ 0x1fe000
10000a1e:	f501 51ff 	add.w	r1, r1, #8160	@ 0x1fe0
10000a22:	311f      	adds	r1, #31
10000a24:	e7e4      	b.n	100009f0 <irq_add_shared_handler+0x190>
10000a26:	bf00      	nop
10000a28:	200026d3 	.word	0x200026d3
10000a2c:	20001184 	.word	0x20001184
10000a30:	e000ed00 	.word	0xe000ed00
10000a34:	1000011d 	.word	0x1000011d
10000a38:	200011b4 	.word	0x200011b4
10000a3c:	ffffe000 	.word	0xffffe000
10000a40:	47804801 	.word	0x47804801
10000a44:	20001c75 	.word	0x20001c75

10000a48 <irq_add_tail_to_free_list>:
10000a48:	b5f0      	push	{r4, r5, r6, r7, lr}
10000a4a:	f3ef 8505 	mrs	r5, IPSR
10000a4e:	b2ed      	uxtb	r5, r5
10000a50:	f3ef 8c10 	mrs	ip, PRIMASK
10000a54:	b672      	cpsid	i
10000a56:	4926      	ldr	r1, [pc, #152]	@ (10000af0 <irq_add_tail_to_free_list+0xa8>)
10000a58:	e8d1 2fcf 	ldaexb	r2, [r1]
10000a5c:	2301      	movs	r3, #1
10000a5e:	2a00      	cmp	r2, #0
10000a60:	d1fa      	bne.n	10000a58 <irq_add_tail_to_free_list+0x10>
10000a62:	e8c1 3f42 	strexb	r2, r3, [r1]
10000a66:	2a00      	cmp	r2, #0
10000a68:	d1f6      	bne.n	10000a58 <irq_add_tail_to_free_list+0x10>
10000a6a:	f3bf 8f5f 	dmb	sy
10000a6e:	4e21      	ldr	r6, [pc, #132]	@ (10000af4 <irq_add_tail_to_free_list+0xac>)
10000a70:	f040 0e01 	orr.w	lr, r0, #1
10000a74:	68b4      	ldr	r4, [r6, #8]
10000a76:	f64a 23aa 	movw	r3, #43690	@ 0xaaaa
10000a7a:	f854 7025 	ldr.w	r7, [r4, r5, lsl #2]
10000a7e:	4a1e      	ldr	r2, [pc, #120]	@ (10000af8 <irq_add_tail_to_free_list+0xb0>)
10000a80:	4604      	mov	r4, r0
10000a82:	1aa4      	subs	r4, r4, r2
10000a84:	4164      	adcs	r4, r4
10000a86:	4363      	muls	r3, r4
10000a88:	0d1b      	lsrs	r3, r3, #20
10000a8a:	4577      	cmp	r7, lr
10000a8c:	b25b      	sxtb	r3, r3
10000a8e:	d01b      	beq.n	10000ac8 <irq_add_tail_to_free_list+0x80>
10000a90:	f992 4006 	ldrsb.w	r4, [r2, #6]
10000a94:	429c      	cmp	r4, r3
10000a96:	d01c      	beq.n	10000ad2 <irq_add_tail_to_free_list+0x8a>
10000a98:	f992 4012 	ldrsb.w	r4, [r2, #18]
10000a9c:	429c      	cmp	r4, r3
10000a9e:	d023      	beq.n	10000ae8 <irq_add_tail_to_free_list+0xa0>
10000aa0:	f992 401e 	ldrsb.w	r4, [r2, #30]
10000aa4:	429c      	cmp	r4, r3
10000aa6:	d021      	beq.n	10000aec <irq_add_tail_to_free_list+0xa4>
10000aa8:	f992 402a 	ldrsb.w	r4, [r2, #42]	@ 0x2a
10000aac:	429c      	cmp	r4, r3
10000aae:	bf08      	it	eq
10000ab0:	2403      	moveq	r4, #3
10000ab2:	d00f      	beq.n	10000ad4 <irq_add_tail_to_free_list+0x8c>
10000ab4:	4a11      	ldr	r2, [pc, #68]	@ (10000afc <irq_add_tail_to_free_list+0xb4>)
10000ab6:	2400      	movs	r4, #0
10000ab8:	7815      	ldrb	r5, [r2, #0]
10000aba:	7013      	strb	r3, [r2, #0]
10000abc:	7185      	strb	r5, [r0, #6]
10000abe:	e8c1 4f8f 	stlb	r4, [r1]
10000ac2:	f38c 8810 	msr	PRIMASK, ip
10000ac6:	bdf0      	pop	{r4, r5, r6, r7, pc}
10000ac8:	68b2      	ldr	r2, [r6, #8]
10000aca:	4c0d      	ldr	r4, [pc, #52]	@ (10000b00 <irq_add_tail_to_free_list+0xb8>)
10000acc:	f842 4025 	str.w	r4, [r2, r5, lsl #2]
10000ad0:	e7f0      	b.n	10000ab4 <irq_add_tail_to_free_list+0x6c>
10000ad2:	2400      	movs	r4, #0
10000ad4:	eb04 0444 	add.w	r4, r4, r4, lsl #1
10000ad8:	eb02 0284 	add.w	r2, r2, r4, lsl #2
10000adc:	24ff      	movs	r4, #255	@ 0xff
10000ade:	7194      	strb	r4, [r2, #6]
10000ae0:	f64b 5401 	movw	r4, #48385	@ 0xbd01
10000ae4:	8094      	strh	r4, [r2, #4]
10000ae6:	e7e5      	b.n	10000ab4 <irq_add_tail_to_free_list+0x6c>
10000ae8:	2401      	movs	r4, #1
10000aea:	e7f3      	b.n	10000ad4 <irq_add_tail_to_free_list+0x8c>
10000aec:	2402      	movs	r4, #2
10000aee:	e7f1      	b.n	10000ad4 <irq_add_tail_to_free_list+0x8c>
10000af0:	20001c75 	.word	0x20001c75
10000af4:	e000ed00 	.word	0xe000ed00
10000af8:	20001184 	.word	0x20001184
10000afc:	200026d3 	.word	0x200026d3
10000b00:	1000011d 	.word	0x1000011d

10000b04 <user_irq_claim_unused>:
10000b04:	b510      	push	{r4, lr}
10000b06:	4c07      	ldr	r4, [pc, #28]	@ (10000b24 <user_irq_claim_unused+0x20>)
10000b08:	b082      	sub	sp, #8
10000b0a:	4601      	mov	r1, r0
10000b0c:	2305      	movs	r3, #5
10000b0e:	2200      	movs	r2, #0
10000b10:	9400      	str	r4, [sp, #0]
10000b12:	4805      	ldr	r0, [pc, #20]	@ (10000b28 <user_irq_claim_unused+0x24>)
10000b14:	f7ff fda2 	bl	1000065c <hw_claim_unused_from_range>
10000b18:	2800      	cmp	r0, #0
10000b1a:	bfa8      	it	ge
10000b1c:	f1c0 0033 	rsbge	r0, r0, #51	@ 0x33
10000b20:	b002      	add	sp, #8
10000b22:	bd10      	pop	{r4, pc}
10000b24:	10008fcc 	.word	0x10008fcc
10000b28:	200026d7 	.word	0x200026d7

10000b2c <lock_init>:
10000b2c:	4b01      	ldr	r3, [pc, #4]	@ (10000b34 <lock_init+0x8>)
10000b2e:	440b      	add	r3, r1
10000b30:	6003      	str	r3, [r0, #0]
10000b32:	4770      	bx	lr
10000b34:	20001c6c 	.word	0x20001c6c

10000b38 <runtime_init_mutex>:
10000b38:	b570      	push	{r4, r5, r6, lr}
10000b3a:	4c10      	ldr	r4, [pc, #64]	@ (10000b7c <runtime_init_mutex+0x44>)
10000b3c:	4d10      	ldr	r5, [pc, #64]	@ (10000b80 <runtime_init_mutex+0x48>)
10000b3e:	42ac      	cmp	r4, r5
10000b40:	d20e      	bcs.n	10000b60 <runtime_init_mutex+0x28>
10000b42:	26ff      	movs	r6, #255	@ 0xff
10000b44:	6823      	ldr	r3, [r4, #0]
10000b46:	b163      	cbz	r3, 10000b62 <runtime_init_mutex+0x2a>
10000b48:	f7ff fdc8 	bl	100006dc <next_striped_spin_lock_num>
10000b4c:	4601      	mov	r1, r0
10000b4e:	4620      	mov	r0, r4
10000b50:	f7ff ffec 	bl	10000b2c <lock_init>
10000b54:	80a6      	strh	r6, [r4, #4]
10000b56:	f3bf 8f5f 	dmb	sy
10000b5a:	3408      	adds	r4, #8
10000b5c:	42ac      	cmp	r4, r5
10000b5e:	d3f1      	bcc.n	10000b44 <runtime_init_mutex+0xc>
10000b60:	bd70      	pop	{r4, r5, r6, pc}
10000b62:	f7ff fdbb 	bl	100006dc <next_striped_spin_lock_num>
10000b66:	4601      	mov	r1, r0
10000b68:	4620      	mov	r0, r4
10000b6a:	f7ff ffdf 	bl	10000b2c <lock_init>
10000b6e:	7126      	strb	r6, [r4, #4]
10000b70:	f3bf 8f5f 	dmb	sy
10000b74:	3408      	adds	r4, #8
10000b76:	42ac      	cmp	r4, r5
10000b78:	d3e4      	bcc.n	10000b44 <runtime_init_mutex+0xc>
10000b7a:	bd70      	pop	{r4, r5, r6, pc}
10000b7c:	20001778 	.word	0x20001778
10000b80:	20001780 	.word	0x20001780

10000b84 <mutex_init>:
10000b84:	b510      	push	{r4, lr}
10000b86:	4604      	mov	r4, r0
10000b88:	f7ff fda8 	bl	100006dc <next_striped_spin_lock_num>
10000b8c:	4601      	mov	r1, r0
10000b8e:	4620      	mov	r0, r4
10000b90:	f7ff ffcc 	bl	10000b2c <lock_init>
10000b94:	23ff      	movs	r3, #255	@ 0xff
10000b96:	7123      	strb	r3, [r4, #4]
10000b98:	f3bf 8f5f 	dmb	sy
10000b9c:	bd10      	pop	{r4, pc}
10000b9e:	bf00      	nop

10000ba0 <critical_section_init>:
10000ba0:	b510      	push	{r4, lr}
10000ba2:	4604      	mov	r4, r0
10000ba4:	2001      	movs	r0, #1
10000ba6:	f7ff fda5 	bl	100006f4 <spin_lock_claim_unused>
10000baa:	4b03      	ldr	r3, [pc, #12]	@ (10000bb8 <critical_section_init+0x18>)
10000bac:	4403      	add	r3, r0
10000bae:	6023      	str	r3, [r4, #0]
10000bb0:	f3bf 8f5f 	dmb	sy
10000bb4:	bd10      	pop	{r4, pc}
10000bb6:	bf00      	nop
10000bb8:	20001c6c 	.word	0x20001c6c

10000bbc <critical_section_init_with_lock_num>:
10000bbc:	4b02      	ldr	r3, [pc, #8]	@ (10000bc8 <critical_section_init_with_lock_num+0xc>)
10000bbe:	440b      	add	r3, r1
10000bc0:	6003      	str	r3, [r0, #0]
10000bc2:	f3bf 8f5f 	dmb	sy
10000bc6:	4770      	bx	lr
10000bc8:	20001c6c 	.word	0x20001c6c

10000bcc <sleep_until_callback>:
10000bcc:	4b0d      	ldr	r3, [pc, #52]	@ (10000c04 <sleep_until_callback+0x38>)
10000bce:	681a      	ldr	r2, [r3, #0]
10000bd0:	f3ef 8110 	mrs	r1, PRIMASK
10000bd4:	b672      	cpsid	i
10000bd6:	e8d2 cfcf 	ldaexb	ip, [r2]
10000bda:	2001      	movs	r0, #1
10000bdc:	f1bc 0f00 	cmp.w	ip, #0
10000be0:	d1f9      	bne.n	10000bd6 <sleep_until_callback+0xa>
10000be2:	e8c2 0f4c 	strexb	ip, r0, [r2]
10000be6:	f1bc 0f00 	cmp.w	ip, #0
10000bea:	d1f4      	bne.n	10000bd6 <sleep_until_callback+0xa>
10000bec:	f3bf 8f5f 	dmb	sy
10000bf0:	2200      	movs	r2, #0
10000bf2:	681b      	ldr	r3, [r3, #0]
10000bf4:	e8c3 2f8f 	stlb	r2, [r3]
10000bf8:	f381 8810 	msr	PRIMASK, r1
10000bfc:	bf40      	sev
10000bfe:	2000      	movs	r0, #0
10000c00:	2100      	movs	r1, #0
10000c02:	4770      	bx	lr
10000c04:	200025d8 	.word	0x200025d8

10000c08 <alarm_pool_irq_handler>:
10000c08:	e92d 4ff0 	stmdb	sp!, {r4, r5, r6, r7, r8, r9, sl, fp, lr}
10000c0c:	ed2d 8b02 	vpush	{d8}
10000c10:	b085      	sub	sp, #20
10000c12:	f3ef 8305 	mrs	r3, IPSR
10000c16:	b2db      	uxtb	r3, r3
10000c18:	3b10      	subs	r3, #16
10000c1a:	089a      	lsrs	r2, r3, #2
10000c1c:	bf18      	it	ne
10000c1e:	2201      	movne	r2, #1
10000c20:	f04f 0101 	mov.w	r1, #1
10000c24:	f003 0b03 	and.w	fp, r3, #3
10000c28:	bf18      	it	ne
10000c2a:	4daf      	ldrne	r5, [pc, #700]	@ (10000ee8 <alarm_pool_irq_handler+0x2e0>)
10000c2c:	4baf      	ldr	r3, [pc, #700]	@ (10000eec <alarm_pool_irq_handler+0x2e4>)
10000c2e:	bf08      	it	eq
10000c30:	4daf      	ldreq	r5, [pc, #700]	@ (10000ef0 <alarm_pool_irq_handler+0x2e8>)
10000c32:	eb0b 0282 	add.w	r2, fp, r2, lsl #2
10000c36:	f853 6022 	ldr.w	r6, [r3, r2, lsl #2]
10000c3a:	fa01 f20b 	lsl.w	r2, r1, fp
10000c3e:	f505 5341 	add.w	r3, r5, #12352	@ 0x3040
10000c42:	ed9f 8ba7 	vldr	d8, [pc, #668]	@ 10000ee0 <alarm_pool_irq_handler+0x2d8>
10000c46:	9201      	str	r2, [sp, #4]
10000c48:	605a      	str	r2, [r3, #4]
10000c4a:	e02f      	b.n	10000cac <alarm_pool_irq_handler+0xa4>
10000c4c:	88b3      	ldrh	r3, [r6, #4]
10000c4e:	041c      	lsls	r4, r3, #16
10000c50:	f140 8093 	bpl.w	10000d7a <alarm_pool_irq_handler+0x172>
10000c54:	79b3      	ldrb	r3, [r6, #6]
10000c56:	2b00      	cmp	r3, #0
10000c58:	f040 80dd 	bne.w	10000e16 <alarm_pool_irq_handler+0x20e>
10000c5c:	f9b6 2008 	ldrsh.w	r2, [r6, #8]
10000c60:	2a00      	cmp	r2, #0
10000c62:	f2c0 811e 	blt.w	10000ea2 <alarm_pool_irq_handler+0x29a>
10000c66:	6973      	ldr	r3, [r6, #20]
10000c68:	eb02 0242 	add.w	r2, r2, r2, lsl #1
10000c6c:	eb03 03c2 	add.w	r3, r3, r2, lsl #3
10000c70:	e9d3 4702 	ldrd	r4, r7, [r3, #8]
10000c74:	f1b7 3fff 	cmp.w	r7, #4294967295
10000c78:	bf08      	it	eq
10000c7a:	f1b4 3fff 	cmpeq.w	r4, #4294967295
10000c7e:	d00e      	beq.n	10000c9e <alarm_pool_irq_handler+0x96>
10000c80:	eb05 018b 	add.w	r1, r5, fp, lsl #2
10000c84:	6aab      	ldr	r3, [r5, #40]	@ 0x28
10000c86:	690a      	ldr	r2, [r1, #16]
10000c88:	1ad2      	subs	r2, r2, r3
10000c8a:	1ae3      	subs	r3, r4, r3
10000c8c:	4293      	cmp	r3, r2
10000c8e:	d305      	bcc.n	10000c9c <alarm_pool_irq_handler+0x94>
10000c90:	2301      	movs	r3, #1
10000c92:	6a2a      	ldr	r2, [r5, #32]
10000c94:	fa03 f30b 	lsl.w	r3, r3, fp
10000c98:	4213      	tst	r3, r2
10000c9a:	d100      	bne.n	10000c9e <alarm_pool_irq_handler+0x96>
10000c9c:	610c      	str	r4, [r1, #16]
10000c9e:	4628      	mov	r0, r5
10000ca0:	f000 fbac 	bl	100013fc <timer_time_us_64>
10000ca4:	42a0      	cmp	r0, r4
10000ca6:	41b9      	sbcs	r1, r7
10000ca8:	f2c0 80fb 	blt.w	10000ea2 <alarm_pool_irq_handler+0x29a>
10000cac:	f9b6 3008 	ldrsh.w	r3, [r6, #8]
10000cb0:	9a01      	ldr	r2, [sp, #4]
10000cb2:	2b00      	cmp	r3, #0
10000cb4:	9300      	str	r3, [sp, #0]
10000cb6:	63ea      	str	r2, [r5, #60]	@ 0x3c
10000cb8:	dbc8      	blt.n	10000c4c <alarm_pool_irq_handler+0x44>
10000cba:	f8d6 8014 	ldr.w	r8, [r6, #20]
10000cbe:	eb03 0943 	add.w	r9, r3, r3, lsl #1
10000cc2:	4628      	mov	r0, r5
10000cc4:	eb08 07c9 	add.w	r7, r8, r9, lsl #3
10000cc8:	e9d7 4a02 	ldrd	r4, sl, [r7, #8]
10000ccc:	f000 fb96 	bl	100013fc <timer_time_us_64>
10000cd0:	42a0      	cmp	r0, r4
10000cd2:	eb71 010a 	sbcs.w	r1, r1, sl
10000cd6:	dbb9      	blt.n	10000c4c <alarm_pool_irq_handler+0x44>
10000cd8:	f1ba 0f00 	cmp.w	sl, #0
10000cdc:	f2c0 80c3 	blt.w	10000e66 <alarm_pool_irq_handler+0x25e>
10000ce0:	e9d7 3104 	ldrd	r3, r1, [r7, #16]
10000ce4:	4a83      	ldr	r2, [pc, #524]	@ (10000ef4 <alarm_pool_irq_handler+0x2ec>)
10000ce6:	4293      	cmp	r3, r2
10000ce8:	f000 80ed 	beq.w	10000ec6 <alarm_pool_irq_handler+0x2be>
10000cec:	887a      	ldrh	r2, [r7, #2]
10000cee:	f9b6 0008 	ldrsh.w	r0, [r6, #8]
10000cf2:	b292      	uxth	r2, r2
10000cf4:	ea42 4000 	orr.w	r0, r2, r0, lsl #16
10000cf8:	4798      	blx	r3
10000cfa:	4602      	mov	r2, r0
10000cfc:	460b      	mov	r3, r1
10000cfe:	ea52 0103 	orrs.w	r1, r2, r3
10000d02:	f000 80b0 	beq.w	10000e66 <alarm_pool_irq_handler+0x25e>
10000d06:	2b00      	cmp	r3, #0
10000d08:	f280 80d1 	bge.w	10000eae <alarm_pool_irq_handler+0x2a6>
10000d0c:	ebb4 0e02 	subs.w	lr, r4, r2
10000d10:	eb6a 0a03 	sbc.w	sl, sl, r3
10000d14:	f938 3039 	ldrsh.w	r3, [r8, r9, lsl #3]
10000d18:	e9c7 ea02 	strd	lr, sl, [r7, #8]
10000d1c:	2b00      	cmp	r3, #0
10000d1e:	db95      	blt.n	10000c4c <alarm_pool_irq_handler+0x44>
10000d20:	6971      	ldr	r1, [r6, #20]
10000d22:	eb03 0243 	add.w	r2, r3, r3, lsl #1
10000d26:	eb01 02c2 	add.w	r2, r1, r2, lsl #3
10000d2a:	e9d2 7002 	ldrd	r7, r0, [r2, #8]
10000d2e:	45be      	cmp	lr, r7
10000d30:	eb7a 0c00 	sbcs.w	ip, sl, r0
10000d34:	ea4f 0243 	mov.w	r2, r3, lsl #1
10000d38:	db88      	blt.n	10000c4c <alarm_pool_irq_handler+0x44>
10000d3a:	46b4      	mov	ip, r6
10000d3c:	f82c 3f08 	strh.w	r3, [ip, #8]!
10000d40:	e006      	b.n	10000d50 <alarm_pool_irq_handler+0x148>
10000d42:	eb03 0043 	add.w	r0, r3, r3, lsl #1
10000d46:	eb01 00c0 	add.w	r0, r1, r0, lsl #3
10000d4a:	005a      	lsls	r2, r3, #1
10000d4c:	e9d0 7002 	ldrd	r7, r0, [r0, #8]
10000d50:	45be      	cmp	lr, r7
10000d52:	441a      	add	r2, r3
10000d54:	eb7a 0000 	sbcs.w	r0, sl, r0
10000d58:	eb01 04c2 	add.w	r4, r1, r2, lsl #3
10000d5c:	db04      	blt.n	10000d68 <alarm_pool_irq_handler+0x160>
10000d5e:	f931 3032 	ldrsh.w	r3, [r1, r2, lsl #3]
10000d62:	46a4      	mov	ip, r4
10000d64:	2b00      	cmp	r3, #0
10000d66:	daec      	bge.n	10000d42 <alarm_pool_irq_handler+0x13a>
10000d68:	f828 3039 	strh.w	r3, [r8, r9, lsl #3]
10000d6c:	9b00      	ldr	r3, [sp, #0]
10000d6e:	f8ac 3000 	strh.w	r3, [ip]
10000d72:	88b3      	ldrh	r3, [r6, #4]
10000d74:	041c      	lsls	r4, r3, #16
10000d76:	f53f af6d 	bmi.w	10000c54 <alarm_pool_irq_handler+0x4c>
10000d7a:	6933      	ldr	r3, [r6, #16]
10000d7c:	f3ef 8210 	mrs	r2, PRIMASK
10000d80:	b672      	cpsid	i
10000d82:	e8d3 0fcf 	ldaexb	r0, [r3]
10000d86:	2101      	movs	r1, #1
10000d88:	2800      	cmp	r0, #0
10000d8a:	d1fa      	bne.n	10000d82 <alarm_pool_irq_handler+0x17a>
10000d8c:	e8c3 1f40 	strexb	r0, r1, [r3]
10000d90:	2800      	cmp	r0, #0
10000d92:	d1f6      	bne.n	10000d82 <alarm_pool_irq_handler+0x17a>
10000d94:	f3bf 8f5f 	dmb	sy
10000d98:	f64f 74ff 	movw	r4, #65535	@ 0xffff
10000d9c:	88b0      	ldrh	r0, [r6, #4]
10000d9e:	2300      	movs	r3, #0
10000da0:	6931      	ldr	r1, [r6, #16]
10000da2:	b200      	sxth	r0, r0
10000da4:	80b4      	strh	r4, [r6, #4]
10000da6:	e8c1 3f8f 	stlb	r3, [r1]
10000daa:	f382 8810 	msr	PRIMASK, r2
10000dae:	4298      	cmp	r0, r3
10000db0:	f6ff af50 	blt.w	10000c54 <alarm_pool_irq_handler+0x4c>
10000db4:	4607      	mov	r7, r0
10000db6:	46a9      	mov	r9, r5
10000db8:	6974      	ldr	r4, [r6, #20]
10000dba:	f106 0808 	add.w	r8, r6, #8
10000dbe:	eb07 0e47 	add.w	lr, r7, r7, lsl #1
10000dc2:	eb04 03ce 	add.w	r3, r4, lr, lsl #3
10000dc6:	e9d3 5002 	ldrd	r5, r0, [r3, #8]
10000dca:	f9b6 3008 	ldrsh.w	r3, [r6, #8]
10000dce:	46c4      	mov	ip, r8
10000dd0:	2b00      	cmp	r3, #0
10000dd2:	db13      	blt.n	10000dfc <alarm_pool_irq_handler+0x1f4>
10000dd4:	46b2      	mov	sl, r6
10000dd6:	9700      	str	r7, [sp, #0]
10000dd8:	e004      	b.n	10000de4 <alarm_pool_irq_handler+0x1dc>
10000dda:	f934 3036 	ldrsh.w	r3, [r4, r6, lsl #3]
10000dde:	4694      	mov	ip, r2
10000de0:	2b00      	cmp	r3, #0
10000de2:	db09      	blt.n	10000df8 <alarm_pool_irq_handler+0x1f0>
10000de4:	eb03 0643 	add.w	r6, r3, r3, lsl #1
10000de8:	eb04 02c6 	add.w	r2, r4, r6, lsl #3
10000dec:	e9d2 7102 	ldrd	r7, r1, [r2, #8]
10000df0:	42bd      	cmp	r5, r7
10000df2:	eb70 0101 	sbcs.w	r1, r0, r1
10000df6:	daf0      	bge.n	10000dda <alarm_pool_irq_handler+0x1d2>
10000df8:	4656      	mov	r6, sl
10000dfa:	9f00      	ldr	r7, [sp, #0]
10000dfc:	f8ac 7000 	strh.w	r7, [ip]
10000e00:	f934 703e 	ldrsh.w	r7, [r4, lr, lsl #3]
10000e04:	f824 303e 	strh.w	r3, [r4, lr, lsl #3]
10000e08:	2f00      	cmp	r7, #0
10000e0a:	dad8      	bge.n	10000dbe <alarm_pool_irq_handler+0x1b6>
10000e0c:	79b3      	ldrb	r3, [r6, #6]
10000e0e:	464d      	mov	r5, r9
10000e10:	2b00      	cmp	r3, #0
10000e12:	f43f af23 	beq.w	10000c5c <alarm_pool_irq_handler+0x54>
10000e16:	2300      	movs	r3, #0
10000e18:	71b3      	strb	r3, [r6, #6]
10000e1a:	f9b6 3008 	ldrsh.w	r3, [r6, #8]
10000e1e:	f106 0808 	add.w	r8, r6, #8
10000e22:	1c58      	adds	r0, r3, #1
10000e24:	d03d      	beq.n	10000ea2 <alarm_pool_irq_handler+0x29a>
10000e26:	461a      	mov	r2, r3
10000e28:	6977      	ldr	r7, [r6, #20]
10000e2a:	e003      	b.n	10000e34 <alarm_pool_irq_handler+0x22c>
10000e2c:	4680      	mov	r8, r0
10000e2e:	1c59      	adds	r1, r3, #1
10000e30:	f43f af16 	beq.w	10000c60 <alarm_pool_irq_handler+0x58>
10000e34:	eb03 0143 	add.w	r1, r3, r3, lsl #1
10000e38:	eb07 00c1 	add.w	r0, r7, r1, lsl #3
10000e3c:	f8b0 c002 	ldrh.w	ip, [r0, #2]
10000e40:	461c      	mov	r4, r3
10000e42:	f41c 4f00 	tst.w	ip, #32768	@ 0x8000
10000e46:	469e      	mov	lr, r3
10000e48:	f937 3031 	ldrsh.w	r3, [r7, r1, lsl #3]
10000e4c:	d0ee      	beq.n	10000e2c <alarm_pool_irq_handler+0x224>
10000e4e:	4294      	cmp	r4, r2
10000e50:	ed80 8b02 	vstr	d8, [r0, #8]
10000e54:	d005      	beq.n	10000e62 <alarm_pool_irq_handler+0x25a>
10000e56:	f8a8 3000 	strh.w	r3, [r8]
10000e5a:	8932      	ldrh	r2, [r6, #8]
10000e5c:	f827 2031 	strh.w	r2, [r7, r1, lsl #3]
10000e60:	8134      	strh	r4, [r6, #8]
10000e62:	4672      	mov	r2, lr
10000e64:	e7e3      	b.n	10000e2e <alarm_pool_irq_handler+0x226>
10000e66:	f838 3039 	ldrh.w	r3, [r8, r9, lsl #3]
10000e6a:	8133      	strh	r3, [r6, #8]
10000e6c:	6933      	ldr	r3, [r6, #16]
10000e6e:	f3ef 8210 	mrs	r2, PRIMASK
10000e72:	b672      	cpsid	i
10000e74:	e8d3 0fcf 	ldaexb	r0, [r3]
10000e78:	2101      	movs	r1, #1
10000e7a:	2800      	cmp	r0, #0
10000e7c:	d1fa      	bne.n	10000e74 <alarm_pool_irq_handler+0x26c>
10000e7e:	e8c3 1f40 	strexb	r0, r1, [r3]
10000e82:	2800      	cmp	r0, #0
10000e84:	d1f6      	bne.n	10000e74 <alarm_pool_irq_handler+0x26c>
10000e86:	f3bf 8f5f 	dmb	sy
10000e8a:	8873      	ldrh	r3, [r6, #2]
10000e8c:	6931      	ldr	r1, [r6, #16]
10000e8e:	f828 3039 	strh.w	r3, [r8, r9, lsl #3]
10000e92:	9b00      	ldr	r3, [sp, #0]
10000e94:	8073      	strh	r3, [r6, #2]
10000e96:	2300      	movs	r3, #0
10000e98:	e8c1 3f8f 	stlb	r3, [r1]
10000e9c:	f382 8810 	msr	PRIMASK, r2
10000ea0:	e6d4      	b.n	10000c4c <alarm_pool_irq_handler+0x44>
10000ea2:	bf40      	sev
10000ea4:	b005      	add	sp, #20
10000ea6:	ecbd 8b02 	vpop	{d8}
10000eaa:	e8bd 8ff0 	ldmia.w	sp!, {r4, r5, r6, r7, r8, r9, sl, fp, pc}
10000eae:	4628      	mov	r0, r5
10000eb0:	e9cd 2302 	strd	r2, r3, [sp, #8]
10000eb4:	f000 faa2 	bl	100013fc <timer_time_us_64>
10000eb8:	9a02      	ldr	r2, [sp, #8]
10000eba:	9b03      	ldr	r3, [sp, #12]
10000ebc:	eb10 0e02 	adds.w	lr, r0, r2
10000ec0:	eb43 0a01 	adc.w	sl, r3, r1
10000ec4:	e726      	b.n	10000d14 <alarm_pool_irq_handler+0x10c>
10000ec6:	4608      	mov	r0, r1
10000ec8:	690b      	ldr	r3, [r1, #16]
10000eca:	9102      	str	r1, [sp, #8]
10000ecc:	4798      	blx	r3
10000ece:	2800      	cmp	r0, #0
10000ed0:	d0c9      	beq.n	10000e66 <alarm_pool_irq_handler+0x25e>
10000ed2:	9902      	ldr	r1, [sp, #8]
10000ed4:	e9d1 2300 	ldrd	r2, r3, [r1]
10000ed8:	e711      	b.n	10000cfe <alarm_pool_irq_handler+0xf6>
10000eda:	bf00      	nop
10000edc:	f3af 8000 	nop.w
10000ee0:	ffffffff 	.word	0xffffffff
10000ee4:	ffffffff 	.word	0xffffffff
10000ee8:	400b8000 	.word	0x400b8000
10000eec:	20002520 	.word	0x20002520
10000ef0:	400b0000 	.word	0x400b0000
10000ef4:	10000c09 	.word	0x10000c09

10000ef8 <runtime_init_default_alarm_pool>:
10000ef8:	e92d 4ff8 	stmdb	sp!, {r3, r4, r5, r6, r7, r8, r9, sl, fp, lr}
10000efc:	4c36      	ldr	r4, [pc, #216]	@ (10000fd8 <runtime_init_default_alarm_pool+0xe0>)
10000efe:	6925      	ldr	r5, [r4, #16]
10000f00:	b12d      	cbz	r5, 10000f0e <runtime_init_default_alarm_pool+0x16>
10000f02:	e8bd 4ff8 	ldmia.w	sp!, {r3, r4, r5, r6, r7, r8, r9, sl, fp, lr}
10000f06:	210a      	movs	r1, #10
10000f08:	4834      	ldr	r0, [pc, #208]	@ (10000fdc <runtime_init_default_alarm_pool+0xe4>)
10000f0a:	f7ff be0f 	b.w	10000b2c <lock_init>
10000f0e:	f8df 80e4 	ldr.w	r8, [pc, #228]	@ 10000ff4 <runtime_init_default_alarm_pool+0xfc>
10000f12:	2103      	movs	r1, #3
10000f14:	4640      	mov	r0, r8
10000f16:	f000 fa5f 	bl	100013d8 <timer_hardware_alarm_claim>
10000f1a:	2603      	movs	r6, #3
10000f1c:	f8c4 800c 	str.w	r8, [r4, #12]
10000f20:	f7ff fbdc 	bl	100006dc <next_striped_spin_lock_num>
10000f24:	f04f 4c50 	mov.w	ip, #3489660928	@ 0xd0000000
10000f28:	4b2d      	ldr	r3, [pc, #180]	@ (10000fe0 <runtime_init_default_alarm_pool+0xe8>)
10000f2a:	7026      	strb	r6, [r4, #0]
10000f2c:	4403      	add	r3, r0
10000f2e:	6123      	str	r3, [r4, #16]
10000f30:	f8dc 3000 	ldr.w	r3, [ip]
10000f34:	210f      	movs	r1, #15
10000f36:	7063      	strb	r3, [r4, #1]
10000f38:	6963      	ldr	r3, [r4, #20]
10000f3a:	8061      	strh	r1, [r4, #2]
10000f3c:	831d      	strh	r5, [r3, #24]
10000f3e:	f04f 0504 	mov.w	r5, #4
10000f42:	f8a3 5078 	strh.w	r5, [r3, #120]	@ 0x78
10000f46:	f04f 0505 	mov.w	r5, #5
10000f4a:	f8a3 5090 	strh.w	r5, [r3, #144]	@ 0x90
10000f4e:	f04f 0506 	mov.w	r5, #6
10000f52:	f8a3 50a8 	strh.w	r5, [r3, #168]	@ 0xa8
10000f56:	f04f 0507 	mov.w	r5, #7
10000f5a:	210e      	movs	r1, #14
10000f5c:	f64f 72ff 	movw	r2, #65535	@ 0xffff
10000f60:	2708      	movs	r7, #8
10000f62:	f04f 0e0a 	mov.w	lr, #10
10000f66:	f8a3 50c0 	strh.w	r5, [r3, #192]	@ 0xc0
10000f6a:	f04f 0901 	mov.w	r9, #1
10000f6e:	f04f 0c0c 	mov.w	ip, #12
10000f72:	f04f 0b02 	mov.w	fp, #2
10000f76:	f04f 0a09 	mov.w	sl, #9
10000f7a:	200d      	movs	r0, #13
10000f7c:	f04f 050b 	mov.w	r5, #11
10000f80:	f8a3 1168 	strh.w	r1, [r3, #360]	@ 0x168
10000f84:	4917      	ldr	r1, [pc, #92]	@ (10000fe4 <runtime_init_default_alarm_pool+0xec>)
10000f86:	80a2      	strh	r2, [r4, #4]
10000f88:	f8a3 e108 	strh.w	lr, [r3, #264]	@ 0x108
10000f8c:	60a1      	str	r1, [r4, #8]
10000f8e:	f8a3 b048 	strh.w	fp, [r3, #72]	@ 0x48
10000f92:	f8a3 a0f0 	strh.w	sl, [r3, #240]	@ 0xf0
10000f96:	f8a3 5120 	strh.w	r5, [r3, #288]	@ 0x120
10000f9a:	f8a3 c138 	strh.w	ip, [r3, #312]	@ 0x138
10000f9e:	f8a3 0150 	strh.w	r0, [r3, #336]	@ 0x150
10000fa2:	f8a3 9030 	strh.w	r9, [r3, #48]	@ 0x30
10000fa6:	f8a3 6060 	strh.w	r6, [r3, #96]	@ 0x60
10000faa:	f8a3 70d8 	strh.w	r7, [r3, #216]	@ 0xd8
10000fae:	801a      	strh	r2, [r3, #0]
10000fb0:	4b0d      	ldr	r3, [pc, #52]	@ (10000fe8 <runtime_init_default_alarm_pool+0xf0>)
10000fb2:	4630      	mov	r0, r6
10000fb4:	f8c8 7020 	str.w	r7, [r8, #32]
10000fb8:	490c      	ldr	r1, [pc, #48]	@ (10000fec <runtime_init_default_alarm_pool+0xf4>)
10000fba:	60dc      	str	r4, [r3, #12]
10000fbc:	f7ff fc20 	bl	10000800 <irq_set_exclusive_handler>
10000fc0:	4649      	mov	r1, r9
10000fc2:	4630      	mov	r0, r6
10000fc4:	f7ff fbda 	bl	1000077c <irq_set_enabled>
10000fc8:	4b09      	ldr	r3, [pc, #36]	@ (10000ff0 <runtime_init_default_alarm_pool+0xf8>)
10000fca:	210a      	movs	r1, #10
10000fcc:	641f      	str	r7, [r3, #64]	@ 0x40
10000fce:	4803      	ldr	r0, [pc, #12]	@ (10000fdc <runtime_init_default_alarm_pool+0xe4>)
10000fd0:	e8bd 4ff8 	ldmia.w	sp!, {r3, r4, r5, r6, r7, r8, r9, sl, fp, lr}
10000fd4:	f7ff bdaa 	b.w	10000b2c <lock_init>
10000fd8:	200011cc 	.word	0x200011cc
10000fdc:	200025d8 	.word	0x200025d8
10000fe0:	20001c6c 	.word	0x20001c6c
10000fe4:	0010ffff 	.word	0x0010ffff
10000fe8:	20002520 	.word	0x20002520
10000fec:	10000c09 	.word	0x10000c09
10000ff0:	400b2000 	.word	0x400b2000
10000ff4:	400b0000 	.word	0x400b0000

10000ff8 <alarm_pool_get_default>:
10000ff8:	4800      	ldr	r0, [pc, #0]	@ (10000ffc <alarm_pool_get_default+0x4>)
10000ffa:	4770      	bx	lr
10000ffc:	200011cc 	.word	0x200011cc

10001000 <alarm_pool_add_alarm_at>:
10001000:	b5f8      	push	{r3, r4, r5, r6, r7, lr}
10001002:	f89d 5020 	ldrb.w	r5, [sp, #32]
10001006:	4604      	mov	r4, r0
10001008:	4617      	mov	r7, r2
1000100a:	461e      	mov	r6, r3
1000100c:	b935      	cbnz	r5, 1000101c <alarm_pool_add_alarm_at+0x1c>
1000100e:	f000 f9fd 	bl	1000140c <time_us_64>
10001012:	4287      	cmp	r7, r0
10001014:	eb66 0101 	sbc.w	r1, r6, r1
10001018:	2900      	cmp	r1, #0
1000101a:	db5c      	blt.n	100010d6 <alarm_pool_add_alarm_at+0xd6>
1000101c:	6921      	ldr	r1, [r4, #16]
1000101e:	f3ef 8310 	mrs	r3, PRIMASK
10001022:	b672      	cpsid	i
10001024:	e8d1 0fcf 	ldaexb	r0, [r1]
10001028:	2201      	movs	r2, #1
1000102a:	2800      	cmp	r0, #0
1000102c:	d1fa      	bne.n	10001024 <alarm_pool_add_alarm_at+0x24>
1000102e:	e8c1 2f40 	strexb	r0, r2, [r1]
10001032:	2800      	cmp	r0, #0
10001034:	d1f6      	bne.n	10001024 <alarm_pool_add_alarm_at+0x24>
10001036:	f3bf 8f5f 	dmb	sy
1000103a:	f9b4 2002 	ldrsh.w	r2, [r4, #2]
1000103e:	6965      	ldr	r5, [r4, #20]
10001040:	eb02 0142 	add.w	r1, r2, r2, lsl #1
10001044:	2a00      	cmp	r2, #0
10001046:	ea4f 0cc1 	mov.w	ip, r1, lsl #3
1000104a:	6920      	ldr	r0, [r4, #16]
1000104c:	eb05 01c1 	add.w	r1, r5, r1, lsl #3
10001050:	db39      	blt.n	100010c6 <alarm_pool_add_alarm_at+0xc6>
10001052:	f835 e00c 	ldrh.w	lr, [r5, ip]
10001056:	f8a4 e002 	strh.w	lr, [r4, #2]
1000105a:	f04f 0e00 	mov.w	lr, #0
1000105e:	e8c0 ef8f 	stlb	lr, [r0]
10001062:	f383 8810 	msr	PRIMASK, r3
10001066:	8848      	ldrh	r0, [r1, #2]
10001068:	9b06      	ldr	r3, [sp, #24]
1000106a:	3001      	adds	r0, #1
1000106c:	f3c0 000e 	ubfx	r0, r0, #0, #15
10001070:	2801      	cmp	r0, #1
10001072:	bf38      	it	cc
10001074:	2001      	movcc	r0, #1
10001076:	610b      	str	r3, [r1, #16]
10001078:	9b07      	ldr	r3, [sp, #28]
1000107a:	8048      	strh	r0, [r1, #2]
1000107c:	614b      	str	r3, [r1, #20]
1000107e:	e9c1 7602 	strd	r7, r6, [r1, #8]
10001082:	ea40 4002 	orr.w	r0, r0, r2, lsl #16
10001086:	6923      	ldr	r3, [r4, #16]
10001088:	f3ef 8110 	mrs	r1, PRIMASK
1000108c:	b672      	cpsid	i
1000108e:	e8d3 7fcf 	ldaexb	r7, [r3]
10001092:	2601      	movs	r6, #1
10001094:	2f00      	cmp	r7, #0
10001096:	d1fa      	bne.n	1000108e <alarm_pool_add_alarm_at+0x8e>
10001098:	e8c3 6f47 	strexb	r7, r6, [r3]
1000109c:	2f00      	cmp	r7, #0
1000109e:	d1f6      	bne.n	1000108e <alarm_pool_add_alarm_at+0x8e>
100010a0:	f3bf 8f5f 	dmb	sy
100010a4:	88a3      	ldrh	r3, [r4, #4]
100010a6:	f825 300c 	strh.w	r3, [r5, ip]
100010aa:	80a2      	strh	r2, [r4, #4]
100010ac:	6923      	ldr	r3, [r4, #16]
100010ae:	e8c3 ef8f 	stlb	lr, [r3]
100010b2:	f381 8810 	msr	PRIMASK, r1
100010b6:	2201      	movs	r2, #1
100010b8:	68e3      	ldr	r3, [r4, #12]
100010ba:	7821      	ldrb	r1, [r4, #0]
100010bc:	f503 5301 	add.w	r3, r3, #8256	@ 0x2040
100010c0:	408a      	lsls	r2, r1
100010c2:	605a      	str	r2, [r3, #4]
100010c4:	bdf8      	pop	{r3, r4, r5, r6, r7, pc}
100010c6:	2200      	movs	r2, #0
100010c8:	e8c0 2f8f 	stlb	r2, [r0]
100010cc:	f383 8810 	msr	PRIMASK, r3
100010d0:	f04f 30ff 	mov.w	r0, #4294967295
100010d4:	bdf8      	pop	{r3, r4, r5, r6, r7, pc}
100010d6:	4628      	mov	r0, r5
100010d8:	bdf8      	pop	{r3, r4, r5, r6, r7, pc}
100010da:	bf00      	nop

100010dc <alarm_pool_add_alarm_at_force_in_context>:
100010dc:	4601      	mov	r1, r0
100010de:	b5f0      	push	{r4, r5, r6, r7, lr}
100010e0:	6900      	ldr	r0, [r0, #16]
100010e2:	f3ef 8710 	mrs	r7, PRIMASK
100010e6:	b672      	cpsid	i
100010e8:	e8d0 5fcf 	ldaexb	r5, [r0]
100010ec:	2401      	movs	r4, #1
100010ee:	2d00      	cmp	r5, #0
100010f0:	d1fa      	bne.n	100010e8 <alarm_pool_add_alarm_at_force_in_context+0xc>
100010f2:	e8c0 4f45 	strexb	r5, r4, [r0]
100010f6:	2d00      	cmp	r5, #0
100010f8:	d1f6      	bne.n	100010e8 <alarm_pool_add_alarm_at_force_in_context+0xc>
100010fa:	f3bf 8f5f 	dmb	sy
100010fe:	f9b1 e002 	ldrsh.w	lr, [r1, #2]
10001102:	694c      	ldr	r4, [r1, #20]
10001104:	eb0e 0c4e 	add.w	ip, lr, lr, lsl #1
10001108:	f1be 0f00 	cmp.w	lr, #0
1000110c:	ea4f 05cc 	mov.w	r5, ip, lsl #3
10001110:	6908      	ldr	r0, [r1, #16]
10001112:	eb04 0ccc 	add.w	ip, r4, ip, lsl #3
10001116:	db3c      	blt.n	10001192 <alarm_pool_add_alarm_at_force_in_context+0xb6>
10001118:	5b66      	ldrh	r6, [r4, r5]
1000111a:	804e      	strh	r6, [r1, #2]
1000111c:	2600      	movs	r6, #0
1000111e:	e8c0 6f8f 	stlb	r6, [r0]
10001122:	f387 8810 	msr	PRIMASK, r7
10001126:	f8bc 0002 	ldrh.w	r0, [ip, #2]
1000112a:	e9cc 2302 	strd	r2, r3, [ip, #8]
1000112e:	3001      	adds	r0, #1
10001130:	f3c0 000e 	ubfx	r0, r0, #0, #15
10001134:	2801      	cmp	r0, #1
10001136:	bf38      	it	cc
10001138:	2001      	movcc	r0, #1
1000113a:	9b05      	ldr	r3, [sp, #20]
1000113c:	f8ac 0002 	strh.w	r0, [ip, #2]
10001140:	f8cc 3010 	str.w	r3, [ip, #16]
10001144:	9b06      	ldr	r3, [sp, #24]
10001146:	ea40 400e 	orr.w	r0, r0, lr, lsl #16
1000114a:	f8cc 3014 	str.w	r3, [ip, #20]
1000114e:	690b      	ldr	r3, [r1, #16]
10001150:	f3ef 8210 	mrs	r2, PRIMASK
10001154:	b672      	cpsid	i
10001156:	e8d3 cfcf 	ldaexb	ip, [r3]
1000115a:	2701      	movs	r7, #1
1000115c:	f1bc 0f00 	cmp.w	ip, #0
10001160:	d1f9      	bne.n	10001156 <alarm_pool_add_alarm_at_force_in_context+0x7a>
10001162:	e8c3 7f4c 	strexb	ip, r7, [r3]
10001166:	f1bc 0f00 	cmp.w	ip, #0
1000116a:	d1f4      	bne.n	10001156 <alarm_pool_add_alarm_at_force_in_context+0x7a>
1000116c:	f3bf 8f5f 	dmb	sy
10001170:	888b      	ldrh	r3, [r1, #4]
10001172:	5363      	strh	r3, [r4, r5]
10001174:	f8a1 e004 	strh.w	lr, [r1, #4]
10001178:	690b      	ldr	r3, [r1, #16]
1000117a:	e8c3 6f8f 	stlb	r6, [r3]
1000117e:	f382 8810 	msr	PRIMASK, r2
10001182:	2201      	movs	r2, #1
10001184:	68cb      	ldr	r3, [r1, #12]
10001186:	7809      	ldrb	r1, [r1, #0]
10001188:	f503 5301 	add.w	r3, r3, #8256	@ 0x2040
1000118c:	408a      	lsls	r2, r1
1000118e:	605a      	str	r2, [r3, #4]
10001190:	bdf0      	pop	{r4, r5, r6, r7, pc}
10001192:	2300      	movs	r3, #0
10001194:	e8c0 3f8f 	stlb	r3, [r0]
10001198:	f387 8810 	msr	PRIMASK, r7
1000119c:	f04f 30ff 	mov.w	r0, #4294967295
100011a0:	bdf0      	pop	{r4, r5, r6, r7, pc}
100011a2:	bf00      	nop

100011a4 <alarm_pool_cancel_alarm>:
100011a4:	4603      	mov	r3, r0
100011a6:	8940      	ldrh	r0, [r0, #10]
100011a8:	ebb0 4f21 	cmp.w	r0, r1, asr #16
100011ac:	dd37      	ble.n	1000121e <alarm_pool_cancel_alarm+0x7a>
100011ae:	6958      	ldr	r0, [r3, #20]
100011b0:	140a      	asrs	r2, r1, #16
100011b2:	eb02 0242 	add.w	r2, r2, r2, lsl #1
100011b6:	b510      	push	{r4, lr}
100011b8:	eb00 00c2 	add.w	r0, r0, r2, lsl #3
100011bc:	691c      	ldr	r4, [r3, #16]
100011be:	f3ef 8c10 	mrs	ip, PRIMASK
100011c2:	b672      	cpsid	i
100011c4:	e8d4 efcf 	ldaexb	lr, [r4]
100011c8:	2201      	movs	r2, #1
100011ca:	f1be 0f00 	cmp.w	lr, #0
100011ce:	d1f9      	bne.n	100011c4 <alarm_pool_cancel_alarm+0x20>
100011d0:	e8c4 2f4e 	strexb	lr, r2, [r4]
100011d4:	f1be 0f00 	cmp.w	lr, #0
100011d8:	d1f4      	bne.n	100011c4 <alarm_pool_cancel_alarm+0x20>
100011da:	f3bf 8f5f 	dmb	sy
100011de:	8842      	ldrh	r2, [r0, #2]
100011e0:	b289      	uxth	r1, r1
100011e2:	b292      	uxth	r2, r2
100011e4:	428a      	cmp	r2, r1
100011e6:	d007      	beq.n	100011f8 <alarm_pool_cancel_alarm+0x54>
100011e8:	2200      	movs	r2, #0
100011ea:	691b      	ldr	r3, [r3, #16]
100011ec:	e8c3 2f8f 	stlb	r2, [r3]
100011f0:	f38c 8810 	msr	PRIMASK, ip
100011f4:	2000      	movs	r0, #0
100011f6:	bd10      	pop	{r4, pc}
100011f8:	f442 4200 	orr.w	r2, r2, #32768	@ 0x8000
100011fc:	8042      	strh	r2, [r0, #2]
100011fe:	2101      	movs	r1, #1
10001200:	2200      	movs	r2, #0
10001202:	6918      	ldr	r0, [r3, #16]
10001204:	7199      	strb	r1, [r3, #6]
10001206:	e8c0 2f8f 	stlb	r2, [r0]
1000120a:	f38c 8810 	msr	PRIMASK, ip
1000120e:	781c      	ldrb	r4, [r3, #0]
10001210:	68da      	ldr	r2, [r3, #12]
10001212:	4608      	mov	r0, r1
10001214:	f502 5301 	add.w	r3, r2, #8256	@ 0x2040
10001218:	40a1      	lsls	r1, r4
1000121a:	6059      	str	r1, [r3, #4]
1000121c:	bd10      	pop	{r4, pc}
1000121e:	2000      	movs	r0, #0
10001220:	4770      	bx	lr
10001222:	bf00      	nop

10001224 <alarm_pool_core_num>:
10001224:	7840      	ldrb	r0, [r0, #1]
10001226:	4770      	bx	lr

10001228 <sleep_ms>:
10001228:	e92d 41f0 	stmdb	sp!, {r4, r5, r6, r7, r8, lr}
1000122c:	b082      	sub	sp, #8
1000122e:	4606      	mov	r6, r0
10001230:	f000 f8ec 	bl	1000140c <time_us_64>
10001234:	f44f 737a 	mov.w	r3, #1000	@ 0x3e8
10001238:	4604      	mov	r4, r0
1000123a:	f04f 30ff 	mov.w	r0, #4294967295
1000123e:	f06f 4200 	mvn.w	r2, #2147483648	@ 0x80000000
10001242:	fbe6 4103 	umlal	r4, r1, r6, r3
10001246:	42a0      	cmp	r0, r4
10001248:	eb72 0301 	sbcs.w	r3, r2, r1
1000124c:	bf3a      	itte	cc
1000124e:	4604      	movcc	r4, r0
10001250:	4615      	movcc	r5, r2
10001252:	460d      	movcs	r5, r1
10001254:	1fa6      	subs	r6, r4, #6
10001256:	f145 37ff 	adc.w	r7, r5, #4294967295
1000125a:	42b4      	cmp	r4, r6
1000125c:	eb75 0307 	sbcs.w	r3, r5, r7
10001260:	bf3c      	itt	cc
10001262:	2600      	movcc	r6, #0
10001264:	4637      	movcc	r7, r6
10001266:	f000 f8d1 	bl	1000140c <time_us_64>
1000126a:	1a30      	subs	r0, r6, r0
1000126c:	eb67 0101 	sbc.w	r1, r7, r1
10001270:	2801      	cmp	r0, #1
10001272:	f171 0100 	sbcs.w	r1, r1, #0
10001276:	da06      	bge.n	10001286 <sleep_ms+0x5e>
10001278:	4620      	mov	r0, r4
1000127a:	4629      	mov	r1, r5
1000127c:	b002      	add	sp, #8
1000127e:	e8bd 41f0 	ldmia.w	sp!, {r4, r5, r6, r7, r8, lr}
10001282:	f000 b8cd 	b.w	10001420 <busy_wait_until>
10001286:	f000 f8c1 	bl	1000140c <time_us_64>
1000128a:	4286      	cmp	r6, r0
1000128c:	eb67 0101 	sbc.w	r1, r7, r1
10001290:	2900      	cmp	r1, #0
10001292:	db0a      	blt.n	100012aa <sleep_ms+0x82>
10001294:	2100      	movs	r1, #0
10001296:	4b17      	ldr	r3, [pc, #92]	@ (100012f4 <sleep_ms+0xcc>)
10001298:	4632      	mov	r2, r6
1000129a:	9300      	str	r3, [sp, #0]
1000129c:	4816      	ldr	r0, [pc, #88]	@ (100012f8 <sleep_ms+0xd0>)
1000129e:	463b      	mov	r3, r7
100012a0:	9101      	str	r1, [sp, #4]
100012a2:	f7ff ff1b 	bl	100010dc <alarm_pool_add_alarm_at_force_in_context>
100012a6:	3001      	adds	r0, #1
100012a8:	d0e6      	beq.n	10001278 <sleep_ms+0x50>
100012aa:	f04f 0c00 	mov.w	ip, #0
100012ae:	4a13      	ldr	r2, [pc, #76]	@ (100012fc <sleep_ms+0xd4>)
100012b0:	4913      	ldr	r1, [pc, #76]	@ (10001300 <sleep_ms+0xd8>)
100012b2:	6a53      	ldr	r3, [r2, #36]	@ 0x24
100012b4:	429f      	cmp	r7, r3
100012b6:	d804      	bhi.n	100012c2 <sleep_ms+0x9a>
100012b8:	6a90      	ldr	r0, [r2, #40]	@ 0x28
100012ba:	42b0      	cmp	r0, r6
100012bc:	d2dc      	bcs.n	10001278 <sleep_ms+0x50>
100012be:	429f      	cmp	r7, r3
100012c0:	d1da      	bne.n	10001278 <sleep_ms+0x50>
100012c2:	680b      	ldr	r3, [r1, #0]
100012c4:	f3ef 8010 	mrs	r0, PRIMASK
100012c8:	b672      	cpsid	i
100012ca:	e8d3 8fcf 	ldaexb	r8, [r3]
100012ce:	f05f 0e01 	movs.w	lr, #1
100012d2:	f1b8 0f00 	cmp.w	r8, #0
100012d6:	d1f8      	bne.n	100012ca <sleep_ms+0xa2>
100012d8:	e8c3 ef48 	strexb	r8, lr, [r3]
100012dc:	f1b8 0f00 	cmp.w	r8, #0
100012e0:	d1f3      	bne.n	100012ca <sleep_ms+0xa2>
100012e2:	f3bf 8f5f 	dmb	sy
100012e6:	680b      	ldr	r3, [r1, #0]
100012e8:	e8c3 cf8f 	stlb	ip, [r3]
100012ec:	f380 8810 	msr	PRIMASK, r0
100012f0:	bf20      	wfe
100012f2:	e7de      	b.n	100012b2 <sleep_ms+0x8a>
100012f4:	10000bcd 	.word	0x10000bcd
100012f8:	200011cc 	.word	0x200011cc
100012fc:	400b0000 	.word	0x400b0000
10001300:	200025d8 	.word	0x200025d8

10001304 <best_effort_wfe_or_timeout>:
10001304:	e92d 43f0 	stmdb	sp!, {r4, r5, r6, r7, r8, r9, lr}
10001308:	4606      	mov	r6, r0
1000130a:	460d      	mov	r5, r1
1000130c:	b083      	sub	sp, #12
1000130e:	f3ef 8405 	mrs	r4, IPSR
10001312:	b2e4      	uxtb	r4, r4
10001314:	b13c      	cbz	r4, 10001326 <best_effort_wfe_or_timeout+0x22>
10001316:	4b2d      	ldr	r3, [pc, #180]	@ (100013cc <best_effort_wfe_or_timeout+0xc8>)
10001318:	6a5a      	ldr	r2, [r3, #36]	@ 0x24
1000131a:	42aa      	cmp	r2, r5
1000131c:	d21c      	bcs.n	10001358 <best_effort_wfe_or_timeout+0x54>
1000131e:	2000      	movs	r0, #0
10001320:	b003      	add	sp, #12
10001322:	e8bd 83f0 	ldmia.w	sp!, {r4, r5, r6, r7, r8, r9, pc}
10001326:	4f2a      	ldr	r7, [pc, #168]	@ (100013d0 <best_effort_wfe_or_timeout+0xcc>)
10001328:	f8d7 900c 	ldr.w	r9, [r7, #12]
1000132c:	f897 8000 	ldrb.w	r8, [r7]
10001330:	4648      	mov	r0, r9
10001332:	f000 f863 	bl	100013fc <timer_time_us_64>
10001336:	f108 0804 	add.w	r8, r8, #4
1000133a:	f859 3028 	ldr.w	r3, [r9, r8, lsl #2]
1000133e:	1a1b      	subs	r3, r3, r0
10001340:	1a30      	subs	r0, r6, r0
10001342:	eb65 0101 	sbc.w	r1, r5, r1
10001346:	4298      	cmp	r0, r3
10001348:	f171 0100 	sbcs.w	r1, r1, #0
1000134c:	db10      	blt.n	10001370 <best_effort_wfe_or_timeout+0x6c>
1000134e:	bf20      	wfe
10001350:	4b1e      	ldr	r3, [pc, #120]	@ (100013cc <best_effort_wfe_or_timeout+0xc8>)
10001352:	6a5a      	ldr	r2, [r3, #36]	@ 0x24
10001354:	42aa      	cmp	r2, r5
10001356:	d3e2      	bcc.n	1000131e <best_effort_wfe_or_timeout+0x1a>
10001358:	bf14      	ite	ne
1000135a:	2401      	movne	r4, #1
1000135c:	2400      	moveq	r4, #0
1000135e:	6a9b      	ldr	r3, [r3, #40]	@ 0x28
10001360:	42b3      	cmp	r3, r6
10001362:	bf34      	ite	cc
10001364:	4620      	movcc	r0, r4
10001366:	f044 0001 	orrcs.w	r0, r4, #1
1000136a:	b003      	add	sp, #12
1000136c:	e8bd 83f0 	ldmia.w	sp!, {r4, r5, r6, r7, r8, r9, pc}
10001370:	f000 f84c 	bl	1000140c <time_us_64>
10001374:	4286      	cmp	r6, r0
10001376:	eb65 0101 	sbc.w	r1, r5, r1
1000137a:	2900      	cmp	r1, #0
1000137c:	db14      	blt.n	100013a8 <best_effort_wfe_or_timeout+0xa4>
1000137e:	4b15      	ldr	r3, [pc, #84]	@ (100013d4 <best_effort_wfe_or_timeout+0xd0>)
10001380:	4638      	mov	r0, r7
10001382:	e9cd 3400 	strd	r3, r4, [sp]
10001386:	4632      	mov	r2, r6
10001388:	462b      	mov	r3, r5
1000138a:	f7ff fea7 	bl	100010dc <alarm_pool_add_alarm_at_force_in_context>
1000138e:	1e01      	subs	r1, r0, #0
10001390:	dd0a      	ble.n	100013a8 <best_effort_wfe_or_timeout+0xa4>
10001392:	4b0e      	ldr	r3, [pc, #56]	@ (100013cc <best_effort_wfe_or_timeout+0xc8>)
10001394:	6a5a      	ldr	r2, [r3, #36]	@ 0x24
10001396:	42aa      	cmp	r2, r5
10001398:	d316      	bcc.n	100013c8 <best_effort_wfe_or_timeout+0xc4>
1000139a:	6a9b      	ldr	r3, [r3, #40]	@ 0x28
1000139c:	42b3      	cmp	r3, r6
1000139e:	d311      	bcc.n	100013c4 <best_effort_wfe_or_timeout+0xc0>
100013a0:	480b      	ldr	r0, [pc, #44]	@ (100013d0 <best_effort_wfe_or_timeout+0xcc>)
100013a2:	f7ff feff 	bl	100011a4 <alarm_pool_cancel_alarm>
100013a6:	e7b6      	b.n	10001316 <best_effort_wfe_or_timeout+0x12>
100013a8:	4b08      	ldr	r3, [pc, #32]	@ (100013cc <best_effort_wfe_or_timeout+0xc8>)
100013aa:	6a5c      	ldr	r4, [r3, #36]	@ 0x24
100013ac:	42ac      	cmp	r4, r5
100013ae:	d3b6      	bcc.n	1000131e <best_effort_wfe_or_timeout+0x1a>
100013b0:	1b64      	subs	r4, r4, r5
100013b2:	bf18      	it	ne
100013b4:	2401      	movne	r4, #1
100013b6:	6a9b      	ldr	r3, [r3, #40]	@ 0x28
100013b8:	42b3      	cmp	r3, r6
100013ba:	bf34      	ite	cc
100013bc:	4620      	movcc	r0, r4
100013be:	f044 0001 	orrcs.w	r0, r4, #1
100013c2:	e7ad      	b.n	10001320 <best_effort_wfe_or_timeout+0x1c>
100013c4:	42aa      	cmp	r2, r5
100013c6:	d1eb      	bne.n	100013a0 <best_effort_wfe_or_timeout+0x9c>
100013c8:	bf20      	wfe
100013ca:	e7e9      	b.n	100013a0 <best_effort_wfe_or_timeout+0x9c>
100013cc:	400b0000 	.word	0x400b0000
100013d0:	200011cc 	.word	0x200011cc
100013d4:	10000bcd 	.word	0x10000bcd

100013d8 <timer_hardware_alarm_claim>:
100013d8:	b410      	push	{r4}
100013da:	4b05      	ldr	r3, [pc, #20]	@ (100013f0 <timer_hardware_alarm_claim+0x18>)
100013dc:	4c05      	ldr	r4, [pc, #20]	@ (100013f4 <timer_hardware_alarm_claim+0x1c>)
100013de:	4a06      	ldr	r2, [pc, #24]	@ (100013f8 <timer_hardware_alarm_claim+0x20>)
100013e0:	42a0      	cmp	r0, r4
100013e2:	bf14      	ite	ne
100013e4:	4618      	movne	r0, r3
100013e6:	1c58      	addeq	r0, r3, #1
100013e8:	f85d 4b04 	ldr.w	r4, [sp], #4
100013ec:	f7ff b90a 	b.w	10000604 <hw_claim_or_assert>
100013f0:	2000208c 	.word	0x2000208c
100013f4:	400b8000 	.word	0x400b8000
100013f8:	10008fe8 	.word	0x10008fe8

100013fc <timer_time_us_64>:
100013fc:	4603      	mov	r3, r0
100013fe:	6a41      	ldr	r1, [r0, #36]	@ 0x24
10001400:	460a      	mov	r2, r1
10001402:	6a98      	ldr	r0, [r3, #40]	@ 0x28
10001404:	6a59      	ldr	r1, [r3, #36]	@ 0x24
10001406:	428a      	cmp	r2, r1
10001408:	d1fa      	bne.n	10001400 <timer_time_us_64+0x4>
1000140a:	4770      	bx	lr

1000140c <time_us_64>:
1000140c:	4b03      	ldr	r3, [pc, #12]	@ (1000141c <time_us_64+0x10>)
1000140e:	6a59      	ldr	r1, [r3, #36]	@ 0x24
10001410:	460a      	mov	r2, r1
10001412:	6a98      	ldr	r0, [r3, #40]	@ 0x28
10001414:	6a59      	ldr	r1, [r3, #36]	@ 0x24
10001416:	4291      	cmp	r1, r2
10001418:	d1fa      	bne.n	10001410 <time_us_64+0x4>
1000141a:	4770      	bx	lr
1000141c:	400b0000 	.word	0x400b0000

10001420 <busy_wait_until>:
10001420:	4a07      	ldr	r2, [pc, #28]	@ (10001440 <busy_wait_until+0x20>)
10001422:	6a53      	ldr	r3, [r2, #36]	@ 0x24
10001424:	4299      	cmp	r1, r3
10001426:	d8fc      	bhi.n	10001422 <busy_wait_until+0x2>
10001428:	4299      	cmp	r1, r3
1000142a:	d107      	bne.n	1000143c <busy_wait_until+0x1c>
1000142c:	4b04      	ldr	r3, [pc, #16]	@ (10001440 <busy_wait_until+0x20>)
1000142e:	e002      	b.n	10001436 <busy_wait_until+0x16>
10001430:	6a5a      	ldr	r2, [r3, #36]	@ 0x24
10001432:	4291      	cmp	r1, r2
10001434:	d102      	bne.n	1000143c <busy_wait_until+0x1c>
10001436:	6a9a      	ldr	r2, [r3, #40]	@ 0x28
10001438:	4290      	cmp	r0, r2
1000143a:	d8f9      	bhi.n	10001430 <busy_wait_until+0x10>
1000143c:	4770      	bx	lr
1000143e:	bf00      	nop
10001440:	400b0000 	.word	0x400b0000

10001444 <clock_configure_undivided>:
10001444:	eb00 0c40 	add.w	ip, r0, r0, lsl #1
10001448:	ea4f 0c8c 	mov.w	ip, ip, lsl #2
1000144c:	f10c 4c80 	add.w	ip, ip, #1073741824	@ 0x40000000
10001450:	f50c 3c80 	add.w	ip, ip, #65536	@ 0x10000
10001454:	b5f0      	push	{r4, r5, r6, r7, lr}
10001456:	4616      	mov	r6, r2
10001458:	f8dc 2004 	ldr.w	r2, [ip, #4]
1000145c:	1f05      	subs	r5, r0, #4
1000145e:	f5b2 3f80 	cmp.w	r2, #65536	@ 0x10000
10001462:	bf38      	it	cc
10001464:	f44f 3280 	movcc.w	r2, #65536	@ 0x10000
10001468:	b2ed      	uxtb	r5, r5
1000146a:	bf38      	it	cc
1000146c:	f8cc 2004 	strcc.w	r2, [ip, #4]
10001470:	2d01      	cmp	r5, #1
10001472:	d92a      	bls.n	100014ca <clock_configure_undivided+0x86>
10001474:	f44f 6700 	mov.w	r7, #2048	@ 0x800
10001478:	4c25      	ldr	r4, [pc, #148]	@ (10001510 <clock_configure_undivided+0xcc>)
1000147a:	f50c 5240 	add.w	r2, ip, #12288	@ 0x3000
1000147e:	6017      	str	r7, [r2, #0]
10001480:	f854 2020 	ldr.w	r2, [r4, r0, lsl #2]
10001484:	b9b2      	cbnz	r2, 100014b4 <clock_configure_undivided+0x70>
10001486:	f8dc 2000 	ldr.w	r2, [ip]
1000148a:	2d01      	cmp	r5, #1
1000148c:	ea82 1246 	eor.w	r2, r2, r6, lsl #5
10001490:	f002 02e0 	and.w	r2, r2, #224	@ 0xe0
10001494:	f50c 5680 	add.w	r6, ip, #4096	@ 0x1000
10001498:	6032      	str	r2, [r6, #0]
1000149a:	d92a      	bls.n	100014f2 <clock_configure_undivided+0xae>
1000149c:	f44f 6100 	mov.w	r1, #2048	@ 0x800
100014a0:	f844 3020 	str.w	r3, [r4, r0, lsl #2]
100014a4:	f44f 3380 	mov.w	r3, #65536	@ 0x10000
100014a8:	f50c 5200 	add.w	r2, ip, #8192	@ 0x2000
100014ac:	6011      	str	r1, [r2, #0]
100014ae:	f8cc 3004 	str.w	r3, [ip, #4]
100014b2:	bdf0      	pop	{r4, r5, r6, r7, pc}
100014b4:	6967      	ldr	r7, [r4, #20]
100014b6:	fbb7 fef2 	udiv	lr, r7, r2
100014ba:	f10e 0e01 	add.w	lr, lr, #1
100014be:	eb0e 0e4e 	add.w	lr, lr, lr, lsl #1
100014c2:	f1be 0e03 	subs.w	lr, lr, #3
100014c6:	d2fc      	bcs.n	100014c2 <clock_configure_undivided+0x7e>
100014c8:	e7dd      	b.n	10001486 <clock_configure_undivided+0x42>
100014ca:	2901      	cmp	r1, #1
100014cc:	d1d2      	bne.n	10001474 <clock_configure_undivided+0x30>
100014ce:	2403      	movs	r4, #3
100014d0:	f50c 5240 	add.w	r2, ip, #12288	@ 0x3000
100014d4:	6014      	str	r4, [r2, #0]
100014d6:	f8dc 2008 	ldr.w	r2, [ip, #8]
100014da:	07d2      	lsls	r2, r2, #31
100014dc:	d5fb      	bpl.n	100014d6 <clock_configure_undivided+0x92>
100014de:	f8dc 2000 	ldr.w	r2, [ip]
100014e2:	4c0b      	ldr	r4, [pc, #44]	@ (10001510 <clock_configure_undivided+0xcc>)
100014e4:	ea82 1246 	eor.w	r2, r2, r6, lsl #5
100014e8:	f002 02e0 	and.w	r2, r2, #224	@ 0xe0
100014ec:	f50c 5680 	add.w	r6, ip, #4096	@ 0x1000
100014f0:	6032      	str	r2, [r6, #0]
100014f2:	2201      	movs	r2, #1
100014f4:	f8dc 5000 	ldr.w	r5, [ip]
100014f8:	404d      	eors	r5, r1
100014fa:	f005 0503 	and.w	r5, r5, #3
100014fe:	6035      	str	r5, [r6, #0]
10001500:	fa02 f101 	lsl.w	r1, r2, r1
10001504:	f8dc 2008 	ldr.w	r2, [ip, #8]
10001508:	420a      	tst	r2, r1
1000150a:	d0fb      	beq.n	10001504 <clock_configure_undivided+0xc0>
1000150c:	e7c6      	b.n	1000149c <clock_configure_undivided+0x58>
1000150e:	bf00      	nop
10001510:	20002090 	.word	0x20002090

10001514 <clock_get_hz>:
10001514:	4b01      	ldr	r3, [pc, #4]	@ (1000151c <clock_get_hz+0x8>)
10001516:	f853 0020 	ldr.w	r0, [r3, r0, lsl #2]
1000151a:	4770      	bx	lr
1000151c:	20002090 	.word	0x20002090

10001520 <pll_init>:
10001520:	b470      	push	{r4, r5, r6}
10001522:	9d03      	ldr	r5, [sp, #12]
10001524:	6804      	ldr	r4, [r0, #0]
10001526:	032d      	lsls	r5, r5, #12
10001528:	ea45 4503 	orr.w	r5, r5, r3, lsl #16
1000152c:	4b1b      	ldr	r3, [pc, #108]	@ (1000159c <pll_init+0x7c>)
1000152e:	2c00      	cmp	r4, #0
10001530:	fbb3 f3f1 	udiv	r3, r3, r1
10001534:	fbb2 f6f3 	udiv	r6, r2, r3
10001538:	db1f      	blt.n	1000157a <pll_init+0x5a>
1000153a:	4a19      	ldr	r2, [pc, #100]	@ (100015a0 <pll_init+0x80>)
1000153c:	4b19      	ldr	r3, [pc, #100]	@ (100015a4 <pll_init+0x84>)
1000153e:	4290      	cmp	r0, r2
10001540:	bf14      	ite	ne
10001542:	f44f 4280 	movne.w	r2, #16384	@ 0x4000
10001546:	f44f 4200 	moveq.w	r2, #32768	@ 0x8000
1000154a:	4c17      	ldr	r4, [pc, #92]	@ (100015a8 <pll_init+0x88>)
1000154c:	601a      	str	r2, [r3, #0]
1000154e:	f503 5380 	add.w	r3, r3, #4096	@ 0x1000
10001552:	601a      	str	r2, [r3, #0]
10001554:	68a3      	ldr	r3, [r4, #8]
10001556:	ea32 0303 	bics.w	r3, r2, r3
1000155a:	d1fb      	bne.n	10001554 <pll_init+0x34>
1000155c:	2221      	movs	r2, #33	@ 0x21
1000155e:	f500 5340 	add.w	r3, r0, #12288	@ 0x3000
10001562:	3304      	adds	r3, #4
10001564:	6001      	str	r1, [r0, #0]
10001566:	6086      	str	r6, [r0, #8]
10001568:	601a      	str	r2, [r3, #0]
1000156a:	6802      	ldr	r2, [r0, #0]
1000156c:	2a00      	cmp	r2, #0
1000156e:	dafc      	bge.n	1000156a <pll_init+0x4a>
10001570:	2208      	movs	r2, #8
10001572:	60c5      	str	r5, [r0, #12]
10001574:	601a      	str	r2, [r3, #0]
10001576:	bc70      	pop	{r4, r5, r6}
10001578:	4770      	bx	lr
1000157a:	6803      	ldr	r3, [r0, #0]
1000157c:	f003 033f 	and.w	r3, r3, #63	@ 0x3f
10001580:	428b      	cmp	r3, r1
10001582:	d1da      	bne.n	1000153a <pll_init+0x1a>
10001584:	6883      	ldr	r3, [r0, #8]
10001586:	f3c3 030b 	ubfx	r3, r3, #0, #12
1000158a:	42b3      	cmp	r3, r6
1000158c:	d1d5      	bne.n	1000153a <pll_init+0x1a>
1000158e:	68c3      	ldr	r3, [r0, #12]
10001590:	f403 23ee 	and.w	r3, r3, #487424	@ 0x77000
10001594:	42ab      	cmp	r3, r5
10001596:	d1d0      	bne.n	1000153a <pll_init+0x1a>
10001598:	e7ed      	b.n	10001576 <pll_init+0x56>
1000159a:	bf00      	nop
1000159c:	00b71b00 	.word	0x00b71b00
100015a0:	40058000 	.word	0x40058000
100015a4:	40022000 	.word	0x40022000
100015a8:	40020000 	.word	0x40020000

100015ac <watchdog_reboot>:
100015ac:	b430      	push	{r4, r5}
100015ae:	f04f 4480 	mov.w	r4, #1073741824	@ 0x40000000
100015b2:	4b1c      	ldr	r3, [pc, #112]	@ (10001624 <watchdog_reboot+0x78>)
100015b4:	601c      	str	r4, [r3, #0]
100015b6:	b1e0      	cbz	r0, 100015f2 <watchdog_reboot+0x46>
100015b8:	4c1b      	ldr	r4, [pc, #108]	@ (10001628 <watchdog_reboot+0x7c>)
100015ba:	f5a3 5340 	sub.w	r3, r3, #12288	@ 0x3000
100015be:	61dc      	str	r4, [r3, #28]
100015c0:	4c1a      	ldr	r4, [pc, #104]	@ (1000162c <watchdog_reboot+0x80>)
100015c2:	f040 0001 	orr.w	r0, r0, #1
100015c6:	4044      	eors	r4, r0
100015c8:	621c      	str	r4, [r3, #32]
100015ca:	6259      	str	r1, [r3, #36]	@ 0x24
100015cc:	6298      	str	r0, [r3, #40]	@ 0x28
100015ce:	f04f 4580 	mov.w	r5, #1073741824	@ 0x40000000
100015d2:	f04f 61e0 	mov.w	r1, #117440512	@ 0x7000000
100015d6:	4b13      	ldr	r3, [pc, #76]	@ (10001624 <watchdog_reboot+0x78>)
100015d8:	4815      	ldr	r0, [pc, #84]	@ (10001630 <watchdog_reboot+0x84>)
100015da:	4c16      	ldr	r4, [pc, #88]	@ (10001634 <watchdog_reboot+0x88>)
100015dc:	601d      	str	r5, [r3, #0]
100015de:	6084      	str	r4, [r0, #8]
100015e0:	6019      	str	r1, [r3, #0]
100015e2:	b94a      	cbnz	r2, 100015f8 <watchdog_reboot+0x4c>
100015e4:	bc30      	pop	{r4, r5}
100015e6:	f04f 4200 	mov.w	r2, #2147483648	@ 0x80000000
100015ea:	f5a3 5380 	sub.w	r3, r3, #4096	@ 0x1000
100015ee:	601a      	str	r2, [r3, #0]
100015f0:	4770      	bx	lr
100015f2:	4b11      	ldr	r3, [pc, #68]	@ (10001638 <watchdog_reboot+0x8c>)
100015f4:	61d8      	str	r0, [r3, #28]
100015f6:	e7ea      	b.n	100015ce <watchdog_reboot+0x22>
100015f8:	f44f 737a 	mov.w	r3, #1000	@ 0x3e8
100015fc:	fb03 f202 	mul.w	r2, r3, r2
10001600:	f1b2 7f80 	cmp.w	r2, #16777216	@ 0x1000000
10001604:	bf2a      	itet	cs
10001606:	f06f 437f 	mvncs.w	r3, #4278190080	@ 0xff000000
1000160a:	4613      	movcc	r3, r2
1000160c:	461a      	movcs	r2, r3
1000160e:	f04f 4180 	mov.w	r1, #1073741824	@ 0x40000000
10001612:	4c0a      	ldr	r4, [pc, #40]	@ (1000163c <watchdog_reboot+0x90>)
10001614:	4808      	ldr	r0, [pc, #32]	@ (10001638 <watchdog_reboot+0x8c>)
10001616:	6023      	str	r3, [r4, #0]
10001618:	4b09      	ldr	r3, [pc, #36]	@ (10001640 <watchdog_reboot+0x94>)
1000161a:	6042      	str	r2, [r0, #4]
1000161c:	bc30      	pop	{r4, r5}
1000161e:	6019      	str	r1, [r3, #0]
10001620:	4770      	bx	lr
10001622:	bf00      	nop
10001624:	400db000 	.word	0x400db000
10001628:	b007c0d3 	.word	0xb007c0d3
1000162c:	4ff83f2d 	.word	0x4ff83f2d
10001630:	4001a000 	.word	0x4001a000
10001634:	01fffff3 	.word	0x01fffff3
10001638:	400d8000 	.word	0x400d8000
1000163c:	200024f8 	.word	0x200024f8
10001640:	400da000 	.word	0x400da000

10001644 <tick_start>:
10001644:	2301      	movs	r3, #1
10001646:	eb00 0040 	add.w	r0, r0, r0, lsl #1
1000164a:	0080      	lsls	r0, r0, #2
1000164c:	f100 4080 	add.w	r0, r0, #1073741824	@ 0x40000000
10001650:	f500 1084 	add.w	r0, r0, #1081344	@ 0x108000
10001654:	6041      	str	r1, [r0, #4]
10001656:	6003      	str	r3, [r0, #0]
10001658:	4770      	bx	lr
1000165a:	bf00      	nop

1000165c <rom_reboot.constprop.0.isra.0>:
1000165c:	2300      	movs	r3, #0
1000165e:	b570      	push	{r4, r5, r6, lr}
10001660:	8adb      	ldrh	r3, [r3, #22]
10001662:	4604      	mov	r4, r0
10001664:	460d      	mov	r5, r1
10001666:	2200      	movs	r2, #0
10001668:	e842 f200 	tt	r2, r2
1000166c:	0252      	lsls	r2, r2, #9
1000166e:	bf54      	ite	pl
10001670:	2110      	movpl	r1, #16
10001672:	2104      	movmi	r1, #4
10001674:	f244 2052 	movw	r0, #16978	@ 0x4252
10001678:	4798      	blx	r3
1000167a:	4686      	mov	lr, r0
1000167c:	462b      	mov	r3, r5
1000167e:	4622      	mov	r2, r4
10001680:	46f4      	mov	ip, lr
10001682:	e8bd 4070 	ldmia.w	sp!, {r4, r5, r6, lr}
10001686:	210a      	movs	r1, #10
10001688:	f44f 7081 	mov.w	r0, #258	@ 0x102
1000168c:	4760      	bx	ip
1000168e:	bf00      	nop

10001690 <rom_func_lookup>:
10001690:	2300      	movs	r3, #0
10001692:	8adb      	ldrh	r3, [r3, #22]
10001694:	2200      	movs	r2, #0
10001696:	e842 f200 	tt	r2, r2
1000169a:	0252      	lsls	r2, r2, #9
1000169c:	d401      	bmi.n	100016a2 <rom_func_lookup+0x12>
1000169e:	2110      	movs	r1, #16
100016a0:	4718      	bx	r3
100016a2:	2104      	movs	r1, #4
100016a4:	4718      	bx	r3
100016a6:	bf00      	nop

100016a8 <rom_reset_usb_boot_extra>:
100016a8:	b508      	push	{r3, lr}
100016aa:	4603      	mov	r3, r0
100016ac:	4608      	mov	r0, r1
100016ae:	1e19      	subs	r1, r3, #0
100016b0:	db02      	blt.n	100016b8 <rom_reset_usb_boot_extra+0x10>
100016b2:	b11a      	cbz	r2, 100016bc <rom_reset_usb_boot_extra+0x14>
100016b4:	f040 0030 	orr.w	r0, r0, #48	@ 0x30
100016b8:	f7ff ffd0 	bl	1000165c <rom_reboot.constprop.0.isra.0>
100016bc:	f040 0020 	orr.w	r0, r0, #32
100016c0:	e7fa      	b.n	100016b8 <rom_reset_usb_boot_extra+0x10>
100016c2:	bf00      	nop

100016c4 <runtime_init_bootrom_locking_enable>:
100016c4:	4a03      	ldr	r2, [pc, #12]	@ (100016d4 <runtime_init_bootrom_locking_enable+0x10>)
100016c6:	f8d2 3828 	ldr.w	r3, [r2, #2088]	@ 0x828
100016ca:	2b00      	cmp	r3, #0
100016cc:	d0fb      	beq.n	100016c6 <runtime_init_bootrom_locking_enable+0x2>
100016ce:	f3bf 8f5f 	dmb	sy
100016d2:	4770      	bx	lr
100016d4:	400e0000 	.word	0x400e0000

100016d8 <runtime_init_boot_locks_reset>:
100016d8:	2100      	movs	r1, #0
100016da:	4b04      	ldr	r3, [pc, #16]	@ (100016ec <runtime_init_boot_locks_reset+0x14>)
100016dc:	4a04      	ldr	r2, [pc, #16]	@ (100016f0 <runtime_init_boot_locks_reset+0x18>)
100016de:	f3bf 8f5f 	dmb	sy
100016e2:	f843 1b04 	str.w	r1, [r3], #4
100016e6:	4293      	cmp	r3, r2
100016e8:	d1f9      	bne.n	100016de <runtime_init_boot_locks_reset+0x6>
100016ea:	4770      	bx	lr
100016ec:	400e080c 	.word	0x400e080c
100016f0:	400e082c 	.word	0x400e082c

100016f4 <xosc_init>:
100016f4:	b410      	push	{r4}
100016f6:	f44f 708d 	mov.w	r0, #282	@ 0x11a
100016fa:	f44f 642a 	mov.w	r4, #2720	@ 0xaa0
100016fe:	4a06      	ldr	r2, [pc, #24]	@ (10001718 <xosc_init+0x24>)
10001700:	4b06      	ldr	r3, [pc, #24]	@ (1000171c <xosc_init+0x28>)
10001702:	4907      	ldr	r1, [pc, #28]	@ (10001720 <xosc_init+0x2c>)
10001704:	6014      	str	r4, [r2, #0]
10001706:	60d0      	str	r0, [r2, #12]
10001708:	6019      	str	r1, [r3, #0]
1000170a:	6853      	ldr	r3, [r2, #4]
1000170c:	2b00      	cmp	r3, #0
1000170e:	dafc      	bge.n	1000170a <xosc_init+0x16>
10001710:	f85d 4b04 	ldr.w	r4, [sp], #4
10001714:	4770      	bx	lr
10001716:	bf00      	nop
10001718:	40048000 	.word	0x40048000
1000171c:	4004a000 	.word	0x4004a000
10001720:	00fab000 	.word	0x00fab000

10001724 <first_per_core_initializer>:
10001724:	4770      	bx	lr
10001726:	bf00      	nop

10001728 <hard_assertion_failure>:
10001728:	b508      	push	{r3, lr}
1000172a:	4801      	ldr	r0, [pc, #4]	@ (10001730 <hard_assertion_failure+0x8>)
1000172c:	f7fe ff52 	bl	100005d4 <panic>
10001730:	1000900c 	.word	0x1000900c

10001734 <runtime_run_initializers>:
10001734:	b538      	push	{r3, r4, r5, lr}
10001736:	4c05      	ldr	r4, [pc, #20]	@ (1000174c <runtime_run_initializers+0x18>)
10001738:	4d05      	ldr	r5, [pc, #20]	@ (10001750 <runtime_run_initializers+0x1c>)
1000173a:	42ac      	cmp	r4, r5
1000173c:	d204      	bcs.n	10001748 <runtime_run_initializers+0x14>
1000173e:	f854 3b04 	ldr.w	r3, [r4], #4
10001742:	4798      	blx	r3
10001744:	42ac      	cmp	r4, r5
10001746:	d3fa      	bcc.n	1000173e <runtime_run_initializers+0xa>
10001748:	bd38      	pop	{r3, r4, r5, pc}
1000174a:	bf00      	nop
1000174c:	10008848 	.word	0x10008848
10001750:	10008888 	.word	0x10008888

10001754 <runtime_init_early_resets>:
10001754:	b410      	push	{r4}
10001756:	4807      	ldr	r0, [pc, #28]	@ (10001774 <runtime_init_early_resets+0x20>)
10001758:	4c07      	ldr	r4, [pc, #28]	@ (10001778 <runtime_init_early_resets+0x24>)
1000175a:	4b08      	ldr	r3, [pc, #32]	@ (1000177c <runtime_init_early_resets+0x28>)
1000175c:	4a08      	ldr	r2, [pc, #32]	@ (10001780 <runtime_init_early_resets+0x2c>)
1000175e:	4909      	ldr	r1, [pc, #36]	@ (10001784 <runtime_init_early_resets+0x30>)
10001760:	6004      	str	r4, [r0, #0]
10001762:	601a      	str	r2, [r3, #0]
10001764:	688b      	ldr	r3, [r1, #8]
10001766:	ea32 0303 	bics.w	r3, r2, r3
1000176a:	d1fb      	bne.n	10001764 <runtime_init_early_resets+0x10>
1000176c:	f85d 4b04 	ldr.w	r4, [sp], #4
10001770:	4770      	bx	lr
10001772:	bf00      	nop
10001774:	40022000 	.word	0x40022000
10001778:	efef3b7f 	.word	0xefef3b7f
1000177c:	40023000 	.word	0x40023000
10001780:	03f3fff6 	.word	0x03f3fff6
10001784:	40020000 	.word	0x40020000

10001788 <runtime_init_usb_power_down>:
10001788:	4b04      	ldr	r3, [pc, #16]	@ (1000179c <runtime_init_usb_power_down+0x14>)
1000178a:	6cdb      	ldr	r3, [r3, #76]	@ 0x4c
1000178c:	f5b3 4f00 	cmp.w	r3, #32768	@ 0x8000
10001790:	d103      	bne.n	1000179a <runtime_init_usb_power_down+0x12>
10001792:	f44f 2280 	mov.w	r2, #262144	@ 0x40000
10001796:	4b02      	ldr	r3, [pc, #8]	@ (100017a0 <runtime_init_usb_power_down+0x18>)
10001798:	64da      	str	r2, [r3, #76]	@ 0x4c
1000179a:	4770      	bx	lr
1000179c:	50110000 	.word	0x50110000
100017a0:	50112000 	.word	0x50112000

100017a4 <runtime_init_per_core_enable_coprocessors>:
100017a4:	f04f 22e0 	mov.w	r2, #3758153728	@ 0xe000e000
100017a8:	4b04      	ldr	r3, [pc, #16]	@ (100017bc <runtime_init_per_core_enable_coprocessors+0x18>)
100017aa:	f8d2 1d88 	ldr.w	r1, [r2, #3464]	@ 0xd88
100017ae:	430b      	orrs	r3, r1
100017b0:	f8c2 3d88 	str.w	r3, [r2, #3464]	@ 0xd88
100017b4:	ee10 0430 			dcp_rcmp r0
100017b8:	4770      	bx	lr
100017ba:	bf00      	nop
100017bc:	00300303 	.word	0x00300303

100017c0 <runtime_init_post_clock_resets>:
100017c0:	f06f 4160 	mvn.w	r1, #3758096384	@ 0xe0000000
100017c4:	4b04      	ldr	r3, [pc, #16]	@ (100017d8 <runtime_init_post_clock_resets+0x18>)
100017c6:	4a05      	ldr	r2, [pc, #20]	@ (100017dc <runtime_init_post_clock_resets+0x1c>)
100017c8:	6019      	str	r1, [r3, #0]
100017ca:	6893      	ldr	r3, [r2, #8]
100017cc:	43db      	mvns	r3, r3
100017ce:	f033 4360 	bics.w	r3, r3, #3758096384	@ 0xe0000000
100017d2:	d1fa      	bne.n	100017ca <runtime_init_post_clock_resets+0xa>
100017d4:	4770      	bx	lr
100017d6:	bf00      	nop
100017d8:	40023000 	.word	0x40023000
100017dc:	40020000 	.word	0x40020000

100017e0 <runtime_init_bootrom_reset>:
100017e0:	b510      	push	{r4, lr}
100017e2:	f245 2053 	movw	r0, #21075	@ 0x5253
100017e6:	f7ff ff53 	bl	10001690 <rom_func_lookup>
100017ea:	e8bd 4010 	ldmia.w	sp!, {r4, lr}
100017ee:	4603      	mov	r3, r0
100017f0:	2004      	movs	r0, #4
100017f2:	4718      	bx	r3

100017f4 <runtime_init_per_core_bootrom_reset>:
100017f4:	b510      	push	{r4, lr}
100017f6:	f245 2053 	movw	r0, #21075	@ 0x5253
100017fa:	f7ff ff49 	bl	10001690 <rom_func_lookup>
100017fe:	e8bd 4010 	ldmia.w	sp!, {r4, lr}
10001802:	4603      	mov	r3, r0
10001804:	2001      	movs	r0, #1
10001806:	4718      	bx	r3

10001808 <runtime_init_spin_locks_reset>:
10001808:	f7fe bf8c 	b.w	10000724 <spin_locks_reset>

1000180c <runtime_init_install_ram_vector_table>:
1000180c:	b510      	push	{r4, lr}
1000180e:	4b05      	ldr	r3, [pc, #20]	@ (10001824 <runtime_init_install_ram_vector_table+0x18>)
10001810:	4c05      	ldr	r4, [pc, #20]	@ (10001828 <runtime_init_install_ram_vector_table+0x1c>)
10001812:	f44f 7288 	mov.w	r2, #272	@ 0x110
10001816:	4618      	mov	r0, r3
10001818:	68a1      	ldr	r1, [r4, #8]
1000181a:	f006 fdf5 	bl	10008408 <memcpy>
1000181e:	60a0      	str	r0, [r4, #8]
10001820:	bd10      	pop	{r4, pc}
10001822:	bf00      	nop
10001824:	20000000 	.word	0x20000000
10001828:	e000ed00 	.word	0xe000ed00

1000182c <runtime_init_clocks>:
1000182c:	2300      	movs	r3, #0
1000182e:	b570      	push	{r4, r5, r6, lr}
10001830:	4c2b      	ldr	r4, [pc, #172]	@ (100018e0 <runtime_init_clocks+0xb4>)
10001832:	b082      	sub	sp, #8
10001834:	f8c4 3084 	str.w	r3, [r4, #132]	@ 0x84
10001838:	f7ff ff5c 	bl	100016f4 <xosc_init>
1000183c:	2201      	movs	r2, #1
1000183e:	4b29      	ldr	r3, [pc, #164]	@ (100018e4 <runtime_init_clocks+0xb8>)
10001840:	63da      	str	r2, [r3, #60]	@ 0x3c
10001842:	6c63      	ldr	r3, [r4, #68]	@ 0x44
10001844:	2b01      	cmp	r3, #1
10001846:	d1fc      	bne.n	10001842 <runtime_init_clocks+0x16>
10001848:	2103      	movs	r1, #3
1000184a:	4a26      	ldr	r2, [pc, #152]	@ (100018e4 <runtime_init_clocks+0xb8>)
1000184c:	4b24      	ldr	r3, [pc, #144]	@ (100018e0 <runtime_init_clocks+0xb4>)
1000184e:	6311      	str	r1, [r2, #48]	@ 0x30
10001850:	6b9c      	ldr	r4, [r3, #56]	@ 0x38
10001852:	2c01      	cmp	r4, #1
10001854:	d1fc      	bne.n	10001850 <runtime_init_clocks+0x24>
10001856:	2602      	movs	r6, #2
10001858:	2505      	movs	r5, #5
1000185a:	4621      	mov	r1, r4
1000185c:	2305      	movs	r3, #5
1000185e:	4a22      	ldr	r2, [pc, #136]	@ (100018e8 <runtime_init_clocks+0xbc>)
10001860:	4822      	ldr	r0, [pc, #136]	@ (100018ec <runtime_init_clocks+0xc0>)
10001862:	9600      	str	r6, [sp, #0]
10001864:	f7ff fe5c 	bl	10001520 <pll_init>
10001868:	4621      	mov	r1, r4
1000186a:	462b      	mov	r3, r5
1000186c:	4a20      	ldr	r2, [pc, #128]	@ (100018f0 <runtime_init_clocks+0xc4>)
1000186e:	4821      	ldr	r0, [pc, #132]	@ (100018f4 <runtime_init_clocks+0xc8>)
10001870:	9500      	str	r5, [sp, #0]
10001872:	f7ff fe55 	bl	10001520 <pll_init>
10001876:	2200      	movs	r2, #0
10001878:	2004      	movs	r0, #4
1000187a:	4631      	mov	r1, r6
1000187c:	4b1e      	ldr	r3, [pc, #120]	@ (100018f8 <runtime_init_clocks+0xcc>)
1000187e:	f7ff fde1 	bl	10001444 <clock_configure_undivided>
10001882:	4621      	mov	r1, r4
10001884:	4628      	mov	r0, r5
10001886:	2200      	movs	r2, #0
10001888:	4b1c      	ldr	r3, [pc, #112]	@ (100018fc <runtime_init_clocks+0xd0>)
1000188a:	f7ff fddb 	bl	10001444 <clock_configure_undivided>
1000188e:	2200      	movs	r2, #0
10001890:	2008      	movs	r0, #8
10001892:	4611      	mov	r1, r2
10001894:	4b1a      	ldr	r3, [pc, #104]	@ (10001900 <runtime_init_clocks+0xd4>)
10001896:	f7ff fdd5 	bl	10001444 <clock_configure_undivided>
1000189a:	2200      	movs	r2, #0
1000189c:	2009      	movs	r0, #9
1000189e:	4611      	mov	r1, r2
100018a0:	4b17      	ldr	r3, [pc, #92]	@ (10001900 <runtime_init_clocks+0xd4>)
100018a2:	f7ff fdcf 	bl	10001444 <clock_configure_undivided>
100018a6:	2200      	movs	r2, #0
100018a8:	2006      	movs	r0, #6
100018aa:	4611      	mov	r1, r2
100018ac:	4b13      	ldr	r3, [pc, #76]	@ (100018fc <runtime_init_clocks+0xd0>)
100018ae:	f7ff fdc9 	bl	10001444 <clock_configure_undivided>
100018b2:	2200      	movs	r2, #0
100018b4:	4b11      	ldr	r3, [pc, #68]	@ (100018fc <runtime_init_clocks+0xd0>)
100018b6:	2007      	movs	r0, #7
100018b8:	4611      	mov	r1, r2
100018ba:	f7ff fdc3 	bl	10001444 <clock_configure_undivided>
100018be:	2004      	movs	r0, #4
100018c0:	f7ff fe28 	bl	10001514 <clock_get_hz>
100018c4:	2400      	movs	r4, #0
100018c6:	4b0f      	ldr	r3, [pc, #60]	@ (10001904 <runtime_init_clocks+0xd8>)
100018c8:	fba3 3500 	umull	r3, r5, r3, r0
100018cc:	0cad      	lsrs	r5, r5, #18
100018ce:	b2e0      	uxtb	r0, r4
100018d0:	4629      	mov	r1, r5
100018d2:	3401      	adds	r4, #1
100018d4:	f7ff feb6 	bl	10001644 <tick_start>
100018d8:	2c06      	cmp	r4, #6
100018da:	d1f8      	bne.n	100018ce <runtime_init_clocks+0xa2>
100018dc:	b002      	add	sp, #8
100018de:	bd70      	pop	{r4, r5, r6, pc}
100018e0:	40010000 	.word	0x40010000
100018e4:	40013000 	.word	0x40013000
100018e8:	59682f00 	.word	0x59682f00
100018ec:	40050000 	.word	0x40050000
100018f0:	47868c00 	.word	0x47868c00
100018f4:	40058000 	.word	0x40058000
100018f8:	00b71b00 	.word	0x00b71b00
100018fc:	08f0d180 	.word	0x08f0d180
10001900:	02dc6c00 	.word	0x02dc6c00
10001904:	431bde83 	.word	0x431bde83

10001908 <generic_save_state>:
10001908:	b086      	sub	sp, #24
1000190a:	b403      	push	{r0, r1}
1000190c:	fc51 0408 	dcp_pxmd r0, r1
10001910:	e9cd 0102 	strd	r0, r1, [sp, #8]
10001914:	fc51 0409 	dcp_pymd r0, r1
10001918:	e9cd 0104 	strd	r0, r1, [sp, #16]
1000191c:	ec51 040a 	dcp_refd r0, r1
10001920:	e9cd 0106 	strd	r0, r1, [sp, #24]
10001924:	bc03      	pop	{r0, r1}
10001926:	47f0      	blx	lr

10001928 <generic_restore_state>:
10001928:	e8bd 5000 	ldmia.w	sp!, {ip, lr}
1000192c:	ec4e c400 	dcp_wxmd ip, lr
10001930:	e8bd 5000 	ldmia.w	sp!, {ip, lr}
10001934:	ec4e c401 	dcp_wymd ip, lr
10001938:	e8bd 5000 	ldmia.w	sp!, {ip, lr}
1000193c:	ec4e c402 	dcp_wefd ip, lr
10001940:	bd00      	pop	{pc}
10001942:	0000      	movs	r0, r0
10001944:	b500      	push	{lr}
10001946:	f7ff ffdf 	bl	10001908 <generic_save_state>
1000194a:	e002      	b.n	10001952 <__wrap___aeabi_dadd+0x6>

1000194c <__wrap___aeabi_dadd>:
1000194c:	fe10 f430 	dcp_pcmp APSR_nzcv
10001950:	d4f8      	bmi.n	10001944 <generic_restore_state+0x1c>
10001952:	ec41 0410 	dcp_wxup r0, r1
10001956:	ec43 2411 	dcp_wyup r2, r3
1000195a:	ee00 0401 			dcp_add0
1000195e:	ee10 0401 			dcp_add1
10001962:	ee80 0420 			dcp_nrdd
10001966:	ec51 0410 	dcp_rdda r0, r1
1000196a:	4770      	bx	lr
1000196c:	b500      	push	{lr}
1000196e:	f7ff ffcb 	bl	10001908 <generic_save_state>
10001972:	e002      	b.n	1000197a <__wrap___aeabi_dsub+0x6>

10001974 <__wrap___aeabi_dsub>:
10001974:	fe10 f430 	dcp_pcmp APSR_nzcv
10001978:	d4f8      	bmi.n	1000196c <__wrap___aeabi_dadd+0x20>
1000197a:	ec41 0410 	dcp_wxup r0, r1
1000197e:	ec43 2411 	dcp_wyup r2, r3
10001982:	ee00 0401 			dcp_add0
10001986:	ee10 0421 			dcp_sub1
1000198a:	ee80 0420 			dcp_nrdd
1000198e:	ec51 0430 	dcp_rdds r0, r1
10001992:	4770      	bx	lr
10001994:	b500      	push	{lr}
10001996:	f7ff ffb7 	bl	10001908 <generic_save_state>
1000199a:	e002      	b.n	100019a2 <__wrap___aeabi_dmul+0x6>

1000199c <__wrap___aeabi_dmul>:
1000199c:	fe10 f430 	dcp_pcmp APSR_nzcv
100019a0:	d4f8      	bmi.n	10001994 <__wrap___aeabi_dsub+0x20>
100019a2:	b510      	push	{r4, lr}
100019a4:	ec41 0410 	dcp_wxup r0, r1
100019a8:	ec43 2411 	dcp_wyup r2, r3
100019ac:	ec51 0404 	dcp_rxms r0, r1, #0x0
100019b0:	ec53 2405 	dcp_ryms r2, r3, #0x0
100019b4:	fba0 4c02 	umull	r4, ip, r0, r2
100019b8:	f05f 0e00 	movs.w	lr, #0
100019bc:	fbe0 ce03 	umlal	ip, lr, r0, r3
100019c0:	fbe1 ce02 	umlal	ip, lr, r1, r2
100019c4:	ec4c 4420 	dcp_wxms r4, ip
100019c8:	2400      	movs	r4, #0
100019ca:	fbe1 e403 	umlal	lr, r4, r1, r3
100019ce:	ec44 e430 	dcp_wxmo lr, r4
100019d2:	ee80 0420 			dcp_nrdd
100019d6:	ec51 0450 	dcp_rddm r0, r1
100019da:	e8bd 4010 	ldmia.w	sp!, {r4, lr}
100019de:	4770      	bx	lr
100019e0:	b500      	push	{lr}
100019e2:	f7ff ff91 	bl	10001908 <generic_save_state>
100019e6:	e002      	b.n	100019ee <__wrap___aeabi_ddiv+0x6>

100019e8 <__wrap___aeabi_ddiv>:
100019e8:	fe10 f430 	dcp_pcmp APSR_nzcv
100019ec:	d4f8      	bmi.n	100019e0 <__wrap___aeabi_dmul+0x44>
100019ee:	ec41 0410 	dcp_wxup r0, r1
100019f2:	ec43 2411 	dcp_wyup r2, r3
100019f6:	ec51 0421 	dcp_rymr r0, r1
100019fa:	fba0 1201 	umull	r1, r2, r0, r1
100019fe:	ea6f 0282 	mvn.w	r2, r2, lsl #2
10001a02:	fb52 0010 	smmlar	r0, r2, r0, r0
10001a06:	fb52 f212 	smmulr	r2, r2, r2
10001a0a:	fb52 0010 	smmlar	r0, r2, r0, r0
10001a0e:	eba0 7cd0 	sub.w	ip, r0, r0, lsr #31
10001a12:	ec53 2404 	dcp_rxms r2, r3, #0x0
10001a16:	fb5c f113 	smmulr	r1, ip, r3
10001a1a:	ec53 2415 	dcp_ryms r2, r3, #0x1
10001a1e:	fba1 2002 	umull	r2, r0, r1, r2
10001a22:	fb01 0003 	mla	r0, r1, r3, r0
10001a26:	ec53 2444 	dcp_rxms r2, r3, #0x4
10001a2a:	eba2 0000 	sub.w	r0, r2, r0
10001a2e:	fb50 f21c 	smmulr	r2, r0, ip
10001a32:	ea4f 1311 	mov.w	r3, r1, lsr #4
10001a36:	eb12 7001 	adds.w	r0, r2, r1, lsl #28
10001a3a:	eb43 71e2 	adc.w	r1, r3, r2, asr #31
10001a3e:	ea40 5051 	orr.w	r0, r0, r1, lsr #21
10001a42:	ea20 5091 	bic.w	r0, r0, r1, lsr #22
10001a46:	f020 0007 	bic.w	r0, r0, #7
10001a4a:	ec53 2475 	dcp_ryms r2, r3, #0x7
10001a4e:	fba0 3c02 	umull	r3, ip, r0, r2
10001a52:	ec53 2475 	dcp_ryms r2, r3, #0x7
10001a56:	fb00 cc03 	mla	ip, r0, r3, ip
10001a5a:	fb01 cc02 	mla	ip, r1, r2, ip
10001a5e:	ec53 2404 	dcp_rxms r2, r3, #0x0
10001a62:	ebac 4c82 	sub.w	ip, ip, r2, lsl #18
10001a66:	ea40 705c 	orr.w	r0, r0, ip, lsr #29
10001a6a:	f1a0 0001 	sub.w	r0, r0, #1
10001a6e:	ec41 0440 	dcp_wxdd r0, r1
10001a72:	ee80 0420 			dcp_nrdd
10001a76:	ec51 0470 	dcp_rddd r0, r1
10001a7a:	4770      	bx	lr
10001a7c:	b500      	push	{lr}
10001a7e:	f7ff ff43 	bl	10001908 <generic_save_state>
10001a82:	e002      	b.n	10001a8a <__wrap___aeabi_i2d+0x6>

10001a84 <__wrap___aeabi_i2d>:
10001a84:	fe10 f430 	dcp_pcmp APSR_nzcv
10001a88:	d4f8      	bmi.n	10001a7c <__wrap___aeabi_ddiv+0x94>
10001a8a:	ec40 0470 	dcp_wxic r0, r0
10001a8e:	ee00 0401 			dcp_add0
10001a92:	ee10 0421 			dcp_sub1
10001a96:	ee80 0420 			dcp_nrdd
10001a9a:	ec51 0430 	dcp_rdds r0, r1
10001a9e:	4770      	bx	lr
10001aa0:	b500      	push	{lr}
10001aa2:	f7ff ff31 	bl	10001908 <generic_save_state>
10001aa6:	e002      	b.n	10001aae <__wrap___aeabi_ui2d+0x6>

10001aa8 <__wrap___aeabi_ui2d>:
10001aa8:	fe10 f430 	dcp_pcmp APSR_nzcv
10001aac:	d4f8      	bmi.n	10001aa0 <__wrap___aeabi_i2d+0x1c>
10001aae:	ec40 0460 	dcp_wxuc r0, r0
10001ab2:	ee00 0401 			dcp_add0
10001ab6:	ee10 0421 			dcp_sub1
10001aba:	ee80 0420 			dcp_nrdd
10001abe:	ec51 0430 	dcp_rdds r0, r1
10001ac2:	4770      	bx	lr
10001ac4:	b500      	push	{lr}
10001ac6:	f7ff ff1f 	bl	10001908 <generic_save_state>
10001aca:	e002      	b.n	10001ad2 <double2int_z_entry>

10001acc <__wrap___aeabi_d2iz>:
10001acc:	fe10 f430 	dcp_pcmp APSR_nzcv
10001ad0:	d4f8      	bmi.n	10001ac4 <__wrap___aeabi_ui2d+0x1c>

10001ad2 <double2int_z_entry>:
10001ad2:	ec41 0480 	dcp_wxdc r0, r1
10001ad6:	ee00 0401 			dcp_add0
10001ada:	ee10 0401 			dcp_add1
10001ade:	ee80 0440 			dcp_ntdc
10001ae2:	ee10 0413 			dcp_rdic r0
10001ae6:	4770      	bx	lr
10001ae8:	b500      	push	{lr}
10001aea:	f7ff ff0d 	bl	10001908 <generic_save_state>
10001aee:	e002      	b.n	10001af6 <double2uint_z_entry>

10001af0 <__wrap___aeabi_d2uiz>:
10001af0:	fe10 f430 	dcp_pcmp APSR_nzcv
10001af4:	d4f8      	bmi.n	10001ae8 <double2int_z_entry+0x16>

10001af6 <double2uint_z_entry>:
10001af6:	ec41 0480 	dcp_wxdc r0, r1
10001afa:	ee00 0401 			dcp_add0
10001afe:	ee10 0401 			dcp_add1
10001b02:	ee80 0440 			dcp_ntdc
10001b06:	ee10 0433 			dcp_rduc r0
10001b0a:	4770      	bx	lr
10001b0c:	b500      	push	{lr}
10001b0e:	f7ff fefb 	bl	10001908 <generic_save_state>
10001b12:	e002      	b.n	10001b1a <__wrap___aeabi_dcmpun+0x6>

10001b14 <__wrap___aeabi_dcmpun>:
10001b14:	fe10 f430 	dcp_pcmp APSR_nzcv
10001b18:	d4f8      	bmi.n	10001b0c <double2uint_z_entry+0x16>
10001b1a:	ec41 0410 	dcp_wxup r0, r1
10001b1e:	ec43 2411 	dcp_wyup r2, r3
10001b22:	ee00 0401 			dcp_add0
10001b26:	ee10 0430 			dcp_rcmp r0
10001b2a:	f3c0 7000 	ubfx	r0, r0, #28, #1
10001b2e:	4770      	bx	lr
10001b30:	b500      	push	{lr}
10001b32:	f7ff fee9 	bl	10001908 <generic_save_state>
10001b36:	e002      	b.n	10001b3e <__wrap___aeabi_dcmplt+0x6>

10001b38 <__wrap___aeabi_dcmplt>:
10001b38:	fe10 f430 	dcp_pcmp APSR_nzcv
10001b3c:	d4f8      	bmi.n	10001b30 <__wrap___aeabi_dcmpun+0x1c>
10001b3e:	ec43 2410 	dcp_wxup r2, r3
10001b42:	ec41 0411 	dcp_wyup r0, r1
10001b46:	ee00 0401 			dcp_add0
10001b4a:	ee10 f430 			dcp_rcmp APSR_nzcv
10001b4e:	bf8c      	ite	hi
10001b50:	2001      	movhi	r0, #1
10001b52:	2000      	movls	r0, #0
10001b54:	4770      	bx	lr
10001b56:	bf00      	nop
10001b58:	b500      	push	{lr}
10001b5a:	f7ff fed5 	bl	10001908 <generic_save_state>
10001b5e:	e002      	b.n	10001b66 <__wrap___aeabi_dcmple+0x6>

10001b60 <__wrap___aeabi_dcmple>:
10001b60:	fe10 f430 	dcp_pcmp APSR_nzcv
10001b64:	d4f8      	bmi.n	10001b58 <__wrap___aeabi_dcmplt+0x20>
10001b66:	ec43 2410 	dcp_wxup r2, r3
10001b6a:	ec41 0411 	dcp_wyup r0, r1
10001b6e:	ee00 0401 			dcp_add0
10001b72:	ee10 f430 			dcp_rcmp APSR_nzcv
10001b76:	bf2c      	ite	cs
10001b78:	2001      	movcs	r0, #1
10001b7a:	2000      	movcc	r0, #0
10001b7c:	4770      	bx	lr
10001b7e:	bf00      	nop
10001b80:	b500      	push	{lr}
10001b82:	f7ff fec1 	bl	10001908 <generic_save_state>
10001b86:	e002      	b.n	10001b8e <__wrap___aeabi_dcmpge+0x6>

10001b88 <__wrap___aeabi_dcmpge>:
10001b88:	fe10 f430 	dcp_pcmp APSR_nzcv
10001b8c:	d4f8      	bmi.n	10001b80 <__wrap___aeabi_dcmple+0x20>
10001b8e:	ec41 0410 	dcp_wxup r0, r1
10001b92:	ec43 2411 	dcp_wyup r2, r3
10001b96:	ee00 0401 			dcp_add0
10001b9a:	ee10 f430 			dcp_rcmp APSR_nzcv
10001b9e:	bf2c      	ite	cs
10001ba0:	2001      	movcs	r0, #1
10001ba2:	2000      	movcc	r0, #0
10001ba4:	4770      	bx	lr
10001ba6:	bf00      	nop
10001ba8:	b500      	push	{lr}
10001baa:	f7ff fead 	bl	10001908 <generic_save_state>
10001bae:	e002      	b.n	10001bb6 <__wrap___aeabi_dcmpgt+0x6>

10001bb0 <__wrap___aeabi_dcmpgt>:
10001bb0:	fe10 f430 	dcp_pcmp APSR_nzcv
10001bb4:	d4f8      	bmi.n	10001ba8 <__wrap___aeabi_dcmpge+0x20>
10001bb6:	ec41 0410 	dcp_wxup r0, r1
10001bba:	ec43 2411 	dcp_wyup r2, r3
10001bbe:	ee00 0401 			dcp_add0
10001bc2:	ee10 f430 			dcp_rcmp APSR_nzcv
10001bc6:	bf8c      	ite	hi
10001bc8:	2001      	movhi	r0, #1
10001bca:	2000      	movls	r0, #0
10001bcc:	4770      	bx	lr
10001bce:	bf00      	nop

10001bd0 <__wrap_malloc>:
10001bd0:	b510      	push	{r4, lr}
10001bd2:	4604      	mov	r4, r0
10001bd4:	f006 f8c8 	bl	10007d68 <malloc>
10001bd8:	b128      	cbz	r0, 10001be6 <__wrap_malloc+0x16>
10001bda:	4603      	mov	r3, r0
10001bdc:	4a03      	ldr	r2, [pc, #12]	@ (10001bec <__wrap_malloc+0x1c>)
10001bde:	4423      	add	r3, r4
10001be0:	4293      	cmp	r3, r2
10001be2:	d800      	bhi.n	10001be6 <__wrap_malloc+0x16>
10001be4:	bd10      	pop	{r4, pc}
10001be6:	4802      	ldr	r0, [pc, #8]	@ (10001bf0 <__wrap_malloc+0x20>)
10001be8:	f7fe fcf4 	bl	100005d4 <panic>
10001bec:	20080000 	.word	0x20080000
10001bf0:	10009018 	.word	0x10009018

10001bf4 <__wrap_free>:
10001bf4:	f006 b8c0 	b.w	10007d78 <free>

10001bf8 <_out_null>:
10001bf8:	4770      	bx	lr
10001bfa:	bf00      	nop

10001bfc <_out_rev>:
10001bfc:	e92d 4ff0 	stmdb	sp!, {r4, r5, r6, r7, r8, r9, sl, fp, lr}
10001c00:	b083      	sub	sp, #12
10001c02:	4699      	mov	r9, r3
10001c04:	e9dd ab0d 	ldrd	sl, fp, [sp, #52]	@ 0x34
10001c08:	9b0f      	ldr	r3, [sp, #60]	@ 0x3c
10001c0a:	4688      	mov	r8, r1
10001c0c:	4611      	mov	r1, r2
10001c0e:	079a      	lsls	r2, r3, #30
10001c10:	4607      	mov	r7, r0
10001c12:	d116      	bne.n	10001c42 <_out_rev+0x46>
10001c14:	45da      	cmp	sl, fp
10001c16:	d23a      	bcs.n	10001c8e <_out_rev+0x92>
10001c18:	460c      	mov	r4, r1
10001c1a:	460d      	mov	r5, r1
10001c1c:	ebab 060a 	sub.w	r6, fp, sl
10001c20:	440e      	add	r6, r1
10001c22:	4622      	mov	r2, r4
10001c24:	464b      	mov	r3, r9
10001c26:	4641      	mov	r1, r8
10001c28:	2020      	movs	r0, #32
10001c2a:	3401      	adds	r4, #1
10001c2c:	47b8      	blx	r7
10001c2e:	42b4      	cmp	r4, r6
10001c30:	d1f7      	bne.n	10001c22 <_out_rev+0x26>
10001c32:	4629      	mov	r1, r5
10001c34:	f1ba 0f00 	cmp.w	sl, #0
10001c38:	d108      	bne.n	10001c4c <_out_rev+0x50>
10001c3a:	4620      	mov	r0, r4
10001c3c:	b003      	add	sp, #12
10001c3e:	e8bd 8ff0 	ldmia.w	sp!, {r4, r5, r6, r7, r8, r9, sl, fp, pc}
10001c42:	460c      	mov	r4, r1
10001c44:	f1ba 0f00 	cmp.w	sl, #0
10001c48:	d010      	beq.n	10001c6c <_out_rev+0x70>
10001c4a:	460e      	mov	r6, r1
10001c4c:	4655      	mov	r5, sl
10001c4e:	9b0c      	ldr	r3, [sp, #48]	@ 0x30
10001c50:	442e      	add	r6, r5
10001c52:	449a      	add	sl, r3
10001c54:	9101      	str	r1, [sp, #4]
10001c56:	1b72      	subs	r2, r6, r5
10001c58:	464b      	mov	r3, r9
10001c5a:	3d01      	subs	r5, #1
10001c5c:	4641      	mov	r1, r8
10001c5e:	f81a 0d01 	ldrb.w	r0, [sl, #-1]!
10001c62:	4634      	mov	r4, r6
10001c64:	47b8      	blx	r7
10001c66:	2d00      	cmp	r5, #0
10001c68:	d1f5      	bne.n	10001c56 <_out_rev+0x5a>
10001c6a:	9901      	ldr	r1, [sp, #4]
10001c6c:	9b0f      	ldr	r3, [sp, #60]	@ 0x3c
10001c6e:	079b      	lsls	r3, r3, #30
10001c70:	d5e3      	bpl.n	10001c3a <_out_rev+0x3e>
10001c72:	1a65      	subs	r5, r4, r1
10001c74:	45ab      	cmp	fp, r5
10001c76:	d9e0      	bls.n	10001c3a <_out_rev+0x3e>
10001c78:	4622      	mov	r2, r4
10001c7a:	464b      	mov	r3, r9
10001c7c:	4641      	mov	r1, r8
10001c7e:	2020      	movs	r0, #32
10001c80:	3501      	adds	r5, #1
10001c82:	47b8      	blx	r7
10001c84:	455d      	cmp	r5, fp
10001c86:	f104 0401 	add.w	r4, r4, #1
10001c8a:	d3f5      	bcc.n	10001c78 <_out_rev+0x7c>
10001c8c:	e7d5      	b.n	10001c3a <_out_rev+0x3e>
10001c8e:	460c      	mov	r4, r1
10001c90:	f1ba 0f00 	cmp.w	sl, #0
10001c94:	d1d9      	bne.n	10001c4a <_out_rev+0x4e>
10001c96:	e7d0      	b.n	10001c3a <_out_rev+0x3e>

10001c98 <_ntoa_format>:
10001c98:	e92d 4ff0 	stmdb	sp!, {r4, r5, r6, r7, r8, r9, sl, fp, lr}
10001c9c:	9f0f      	ldr	r7, [sp, #60]	@ 0x3c
10001c9e:	f8dd 8024 	ldr.w	r8, [sp, #36]	@ 0x24
10001ca2:	f017 0f02 	tst.w	r7, #2
10001ca6:	9c0a      	ldr	r4, [sp, #40]	@ 0x28
10001ca8:	f89d a02c 	ldrb.w	sl, [sp, #44]	@ 0x2c
10001cac:	9d0e      	ldr	r5, [sp, #56]	@ 0x38
10001cae:	e9dd 960c 	ldrd	r9, r6, [sp, #48]	@ 0x30
10001cb2:	d144      	bne.n	10001d3e <_ntoa_format+0xa6>
10001cb4:	bbf5      	cbnz	r5, 10001d34 <_ntoa_format+0x9c>
10001cb6:	42b4      	cmp	r4, r6
10001cb8:	d241      	bcs.n	10001d3e <_ntoa_format+0xa6>
10001cba:	f007 0b01 	and.w	fp, r7, #1
10001cbe:	f104 3cff 	add.w	ip, r4, #4294967295
10001cc2:	f04f 0e30 	mov.w	lr, #48	@ 0x30
10001cc6:	44c4      	add	ip, r8
10001cc8:	e004      	b.n	10001cd4 <_ntoa_format+0x3c>
10001cca:	3401      	adds	r4, #1
10001ccc:	42a6      	cmp	r6, r4
10001cce:	f80c ef01 	strb.w	lr, [ip, #1]!
10001cd2:	d901      	bls.n	10001cd8 <_ntoa_format+0x40>
10001cd4:	2c20      	cmp	r4, #32
10001cd6:	d1f8      	bne.n	10001cca <_ntoa_format+0x32>
10001cd8:	f1bb 0f00 	cmp.w	fp, #0
10001cdc:	f000 8088 	beq.w	10001df0 <_ntoa_format+0x158>
10001ce0:	42a5      	cmp	r5, r4
10001ce2:	d92c      	bls.n	10001d3e <_ntoa_format+0xa6>
10001ce4:	f104 3cff 	add.w	ip, r4, #4294967295
10001ce8:	f04f 0e30 	mov.w	lr, #48	@ 0x30
10001cec:	44c4      	add	ip, r8
10001cee:	e004      	b.n	10001cfa <_ntoa_format+0x62>
10001cf0:	3401      	adds	r4, #1
10001cf2:	42ac      	cmp	r4, r5
10001cf4:	f80c ef01 	strb.w	lr, [ip, #1]!
10001cf8:	d021      	beq.n	10001d3e <_ntoa_format+0xa6>
10001cfa:	2c20      	cmp	r4, #32
10001cfc:	d1f8      	bne.n	10001cf0 <_ntoa_format+0x58>
10001cfe:	f017 0f10 	tst.w	r7, #16
10001d02:	d00e      	beq.n	10001d22 <_ntoa_format+0x8a>
10001d04:	f417 6f80 	tst.w	r7, #1024	@ 0x400
10001d08:	d154      	bne.n	10001db4 <_ntoa_format+0x11c>
10001d0a:	42a6      	cmp	r6, r4
10001d0c:	d063      	beq.n	10001dd6 <_ntoa_format+0x13e>
10001d0e:	42a5      	cmp	r5, r4
10001d10:	d061      	beq.n	10001dd6 <_ntoa_format+0x13e>
10001d12:	f1b9 0f10 	cmp.w	r9, #16
10001d16:	d050      	beq.n	10001dba <_ntoa_format+0x122>
10001d18:	f1b9 0f02 	cmp.w	r9, #2
10001d1c:	d056      	beq.n	10001dcc <_ntoa_format+0x134>
10001d1e:	2c20      	cmp	r4, #32
10001d20:	d129      	bne.n	10001d76 <_ntoa_format+0xde>
10001d22:	2420      	movs	r4, #32
10001d24:	e9cd 570b 	strd	r5, r7, [sp, #44]	@ 0x2c
10001d28:	e9cd 8409 	strd	r8, r4, [sp, #36]	@ 0x24
10001d2c:	e8bd 4ff0 	ldmia.w	sp!, {r4, r5, r6, r7, r8, r9, sl, fp, lr}
10001d30:	f7ff bf64 	b.w	10001bfc <_out_rev>
10001d34:	f017 0b01 	ands.w	fp, r7, #1
10001d38:	d134      	bne.n	10001da4 <_ntoa_format+0x10c>
10001d3a:	42b4      	cmp	r4, r6
10001d3c:	d3bf      	bcc.n	10001cbe <_ntoa_format+0x26>
10001d3e:	f017 0f10 	tst.w	r7, #16
10001d42:	d01e      	beq.n	10001d82 <_ntoa_format+0xea>
10001d44:	f417 6f80 	tst.w	r7, #1024	@ 0x400
10001d48:	d1e3      	bne.n	10001d12 <_ntoa_format+0x7a>
10001d4a:	2c00      	cmp	r4, #0
10001d4c:	d1dd      	bne.n	10001d0a <_ntoa_format+0x72>
10001d4e:	f1b9 0f10 	cmp.w	r9, #16
10001d52:	d063      	beq.n	10001e1c <_ntoa_format+0x184>
10001d54:	f1b9 0f02 	cmp.w	r9, #2
10001d58:	d077      	beq.n	10001e4a <_ntoa_format+0x1b2>
10001d5a:	2430      	movs	r4, #48	@ 0x30
10001d5c:	f888 4000 	strb.w	r4, [r8]
10001d60:	2401      	movs	r4, #1
10001d62:	f1ba 0f00 	cmp.w	sl, #0
10001d66:	d111      	bne.n	10001d8c <_ntoa_format+0xf4>
10001d68:	077e      	lsls	r6, r7, #29
10001d6a:	d548      	bpl.n	10001dfe <_ntoa_format+0x166>
10001d6c:	262b      	movs	r6, #43	@ 0x2b
10001d6e:	f808 6004 	strb.w	r6, [r8, r4]
10001d72:	3401      	adds	r4, #1
10001d74:	e7d6      	b.n	10001d24 <_ntoa_format+0x8c>
10001d76:	4626      	mov	r6, r4
10001d78:	3401      	adds	r4, #1
10001d7a:	f04f 0c30 	mov.w	ip, #48	@ 0x30
10001d7e:	f808 c006 	strb.w	ip, [r8, r6]
10001d82:	2c20      	cmp	r4, #32
10001d84:	d0cd      	beq.n	10001d22 <_ntoa_format+0x8a>
10001d86:	f1ba 0f00 	cmp.w	sl, #0
10001d8a:	d0ed      	beq.n	10001d68 <_ntoa_format+0xd0>
10001d8c:	262d      	movs	r6, #45	@ 0x2d
10001d8e:	f808 6004 	strb.w	r6, [r8, r4]
10001d92:	3401      	adds	r4, #1
10001d94:	e9cd 570b 	strd	r5, r7, [sp, #44]	@ 0x2c
10001d98:	e9cd 8409 	strd	r8, r4, [sp, #36]	@ 0x24
10001d9c:	e8bd 4ff0 	ldmia.w	sp!, {r4, r5, r6, r7, r8, r9, sl, fp, lr}
10001da0:	f7ff bf2c 	b.w	10001bfc <_out_rev>
10001da4:	f1ba 0f00 	cmp.w	sl, #0
10001da8:	d030      	beq.n	10001e0c <_ntoa_format+0x174>
10001daa:	42b4      	cmp	r4, r6
10001dac:	f105 35ff 	add.w	r5, r5, #4294967295
10001db0:	d385      	bcc.n	10001cbe <_ntoa_format+0x26>
10001db2:	e795      	b.n	10001ce0 <_ntoa_format+0x48>
10001db4:	f1b9 0f10 	cmp.w	r9, #16
10001db8:	d1b3      	bne.n	10001d22 <_ntoa_format+0x8a>
10001dba:	06be      	lsls	r6, r7, #26
10001dbc:	d53b      	bpl.n	10001e36 <_ntoa_format+0x19e>
10001dbe:	2c20      	cmp	r4, #32
10001dc0:	d0af      	beq.n	10001d22 <_ntoa_format+0x8a>
10001dc2:	2658      	movs	r6, #88	@ 0x58
10001dc4:	f808 6004 	strb.w	r6, [r8, r4]
10001dc8:	3401      	adds	r4, #1
10001dca:	e7a8      	b.n	10001d1e <_ntoa_format+0x86>
10001dcc:	2c20      	cmp	r4, #32
10001dce:	d0a8      	beq.n	10001d22 <_ntoa_format+0x8a>
10001dd0:	4626      	mov	r6, r4
10001dd2:	3401      	adds	r4, #1
10001dd4:	e007      	b.n	10001de6 <_ntoa_format+0x14e>
10001dd6:	1e66      	subs	r6, r4, #1
10001dd8:	d0b9      	beq.n	10001d4e <_ntoa_format+0xb6>
10001dda:	f1b9 0f10 	cmp.w	r9, #16
10001dde:	d036      	beq.n	10001e4e <_ntoa_format+0x1b6>
10001de0:	f1b9 0f02 	cmp.w	r9, #2
10001de4:	d1c9      	bne.n	10001d7a <_ntoa_format+0xe2>
10001de6:	f04f 0c62 	mov.w	ip, #98	@ 0x62
10001dea:	f808 c006 	strb.w	ip, [r8, r6]
10001dee:	e796      	b.n	10001d1e <_ntoa_format+0x86>
10001df0:	f017 0f10 	tst.w	r7, #16
10001df4:	d0c5      	beq.n	10001d82 <_ntoa_format+0xea>
10001df6:	f417 6f80 	tst.w	r7, #1024	@ 0x400
10001dfa:	d086      	beq.n	10001d0a <_ntoa_format+0x72>
10001dfc:	e789      	b.n	10001d12 <_ntoa_format+0x7a>
10001dfe:	073e      	lsls	r6, r7, #28
10001e00:	d590      	bpl.n	10001d24 <_ntoa_format+0x8c>
10001e02:	2620      	movs	r6, #32
10001e04:	f808 6004 	strb.w	r6, [r8, r4]
10001e08:	3401      	adds	r4, #1
10001e0a:	e78b      	b.n	10001d24 <_ntoa_format+0x8c>
10001e0c:	f017 0f0c 	tst.w	r7, #12
10001e10:	d000      	beq.n	10001e14 <_ntoa_format+0x17c>
10001e12:	3d01      	subs	r5, #1
10001e14:	42b4      	cmp	r4, r6
10001e16:	f4ff af52 	bcc.w	10001cbe <_ntoa_format+0x26>
10001e1a:	e761      	b.n	10001ce0 <_ntoa_format+0x48>
10001e1c:	06bc      	lsls	r4, r7, #26
10001e1e:	d412      	bmi.n	10001e46 <_ntoa_format+0x1ae>
10001e20:	2478      	movs	r4, #120	@ 0x78
10001e22:	f888 4000 	strb.w	r4, [r8]
10001e26:	2430      	movs	r4, #48	@ 0x30
10001e28:	f888 4001 	strb.w	r4, [r8, #1]
10001e2c:	2402      	movs	r4, #2
10001e2e:	f1ba 0f00 	cmp.w	sl, #0
10001e32:	d099      	beq.n	10001d68 <_ntoa_format+0xd0>
10001e34:	e7aa      	b.n	10001d8c <_ntoa_format+0xf4>
10001e36:	2c20      	cmp	r4, #32
10001e38:	f43f af73 	beq.w	10001d22 <_ntoa_format+0x8a>
10001e3c:	2678      	movs	r6, #120	@ 0x78
10001e3e:	f808 6004 	strb.w	r6, [r8, r4]
10001e42:	3401      	adds	r4, #1
10001e44:	e76b      	b.n	10001d1e <_ntoa_format+0x86>
10001e46:	2458      	movs	r4, #88	@ 0x58
10001e48:	e7eb      	b.n	10001e22 <_ntoa_format+0x18a>
10001e4a:	2462      	movs	r4, #98	@ 0x62
10001e4c:	e7e9      	b.n	10001e22 <_ntoa_format+0x18a>
10001e4e:	f017 0f20 	tst.w	r7, #32
10001e52:	f1a4 0c02 	sub.w	ip, r4, #2
10001e56:	d004      	beq.n	10001e62 <_ntoa_format+0x1ca>
10001e58:	f04f 0e58 	mov.w	lr, #88	@ 0x58
10001e5c:	f808 e00c 	strb.w	lr, [r8, ip]
10001e60:	e78b      	b.n	10001d7a <_ntoa_format+0xe2>
10001e62:	f04f 0e78 	mov.w	lr, #120	@ 0x78
10001e66:	f808 e00c 	strb.w	lr, [r8, ip]
10001e6a:	e786      	b.n	10001d7a <_ntoa_format+0xe2>

10001e6c <_out_char>:
10001e6c:	b900      	cbnz	r0, 10001e70 <_out_char+0x4>
10001e6e:	4770      	bx	lr
10001e70:	f001 bb84 	b.w	1000357c <__wrap_putchar>

10001e74 <_out_fct>:
10001e74:	b110      	cbz	r0, 10001e7c <_out_fct+0x8>
10001e76:	e9d1 3100 	ldrd	r3, r1, [r1]
10001e7a:	4718      	bx	r3
10001e7c:	4770      	bx	lr
10001e7e:	bf00      	nop

10001e80 <_ftoa>:
10001e80:	e92d 4ff0 	stmdb	sp!, {r4, r5, r6, r7, r8, r9, sl, fp, lr}
10001e84:	b097      	sub	sp, #92	@ 0x5c
10001e86:	ed9d 7b20 	vldr	d7, [sp, #128]	@ 0x80
10001e8a:	e9dd 5b22 	ldrd	r5, fp, [sp, #136]	@ 0x88
10001e8e:	4607      	mov	r7, r0
10001e90:	4688      	mov	r8, r1
10001e92:	ec51 0b17 	vmov	r0, r1, d7
10001e96:	9c24      	ldr	r4, [sp, #144]	@ 0x90
10001e98:	4699      	mov	r9, r3
10001e9a:	920c      	str	r2, [sp, #48]	@ 0x30
10001e9c:	460b      	mov	r3, r1
10001e9e:	4602      	mov	r2, r0
10001ea0:	ed8d 7b04 	vstr	d7, [sp, #16]
10001ea4:	9407      	str	r4, [sp, #28]
10001ea6:	f7ff fe35 	bl	10001b14 <__wrap___aeabi_dcmpun>
10001eaa:	2800      	cmp	r0, #0
10001eac:	f040 81f4 	bne.w	10002298 <_ftoa+0x418>
10001eb0:	e9dd 0104 	ldrd	r0, r1, [sp, #16]
10001eb4:	f04f 32ff 	mov.w	r2, #4294967295
10001eb8:	f46f 1380 	mvn.w	r3, #1048576	@ 0x100000
10001ebc:	f7ff fe3c 	bl	10001b38 <__wrap___aeabi_dcmplt>
10001ec0:	2800      	cmp	r0, #0
10001ec2:	f040 811b 	bne.w	100020fc <_ftoa+0x27c>
10001ec6:	e9dd 0104 	ldrd	r0, r1, [sp, #16]
10001eca:	f04f 32ff 	mov.w	r2, #4294967295
10001ece:	4bac      	ldr	r3, [pc, #688]	@ (10002180 <_ftoa+0x300>)
10001ed0:	f7ff fe6e 	bl	10001bb0 <__wrap___aeabi_dcmpgt>
10001ed4:	2800      	cmp	r0, #0
10001ed6:	f040 80ee 	bne.w	100020b6 <_ftoa+0x236>
10001eda:	e9dd 0104 	ldrd	r0, r1, [sp, #16]
10001ede:	a3a4      	add	r3, pc, #656	@ (adr r3, 10002170 <_ftoa+0x2f0>)
10001ee0:	e9d3 2300 	ldrd	r2, r3, [r3]
10001ee4:	f7ff fe64 	bl	10001bb0 <__wrap___aeabi_dcmpgt>
10001ee8:	2800      	cmp	r0, #0
10001eea:	f040 80d3 	bne.w	10002094 <_ftoa+0x214>
10001eee:	e9dd 0104 	ldrd	r0, r1, [sp, #16]
10001ef2:	a3a1      	add	r3, pc, #644	@ (adr r3, 10002178 <_ftoa+0x2f8>)
10001ef4:	e9d3 2300 	ldrd	r2, r3, [r3]
10001ef8:	f7ff fe1e 	bl	10001b38 <__wrap___aeabi_dcmplt>
10001efc:	2800      	cmp	r0, #0
10001efe:	f040 80c9 	bne.w	10002094 <_ftoa+0x214>
10001f02:	e9dd 0104 	ldrd	r0, r1, [sp, #16]
10001f06:	2200      	movs	r2, #0
10001f08:	2300      	movs	r3, #0
10001f0a:	f7ff fe15 	bl	10001b38 <__wrap___aeabi_dcmplt>
10001f0e:	2800      	cmp	r0, #0
10001f10:	f040 80e8 	bne.w	100020e4 <_ftoa+0x264>
10001f14:	4623      	mov	r3, r4
10001f16:	900d      	str	r0, [sp, #52]	@ 0x34
10001f18:	f413 6f80 	tst.w	r3, #1024	@ 0x400
10001f1c:	bf08      	it	eq
10001f1e:	2506      	moveq	r5, #6
10001f20:	2130      	movs	r1, #48	@ 0x30
10001f22:	462b      	mov	r3, r5
10001f24:	aa0e      	add	r2, sp, #56	@ 0x38
10001f26:	f1a5 0620 	sub.w	r6, r5, #32
10001f2a:	e005      	b.n	10001f38 <_ftoa+0xb8>
10001f2c:	3b01      	subs	r3, #1
10001f2e:	42b3      	cmp	r3, r6
10001f30:	f802 1b01 	strb.w	r1, [r2], #1
10001f34:	f000 8193 	beq.w	1000225e <_ftoa+0x3de>
10001f38:	2b09      	cmp	r3, #9
10001f3a:	d8f7      	bhi.n	10001f2c <_ftoa+0xac>
10001f3c:	461e      	mov	r6, r3
10001f3e:	1aed      	subs	r5, r5, r3
10001f40:	e9dd 0104 	ldrd	r0, r1, [sp, #16]
10001f44:	f7ff fdc2 	bl	10001acc <__wrap___aeabi_d2iz>
10001f48:	4b8e      	ldr	r3, [pc, #568]	@ (10002184 <_ftoa+0x304>)
10001f4a:	4604      	mov	r4, r0
10001f4c:	eb03 03c6 	add.w	r3, r3, r6, lsl #3
10001f50:	ed93 7b00 	vldr	d7, [r3]
10001f54:	ed8d 7b08 	vstr	d7, [sp, #32]
10001f58:	f7ff fd94 	bl	10001a84 <__wrap___aeabi_i2d>
10001f5c:	4602      	mov	r2, r0
10001f5e:	460b      	mov	r3, r1
10001f60:	e9dd 0104 	ldrd	r0, r1, [sp, #16]
10001f64:	f7ff fd06 	bl	10001974 <__wrap___aeabi_dsub>
10001f68:	e9dd 2308 	ldrd	r2, r3, [sp, #32]
10001f6c:	f7ff fd16 	bl	1000199c <__wrap___aeabi_dmul>
10001f70:	4602      	mov	r2, r0
10001f72:	460b      	mov	r3, r1
10001f74:	e9cd 230a 	strd	r2, r3, [sp, #40]	@ 0x28
10001f78:	f7ff fdba 	bl	10001af0 <__wrap___aeabi_d2uiz>
10001f7c:	4682      	mov	sl, r0
10001f7e:	f7ff fd93 	bl	10001aa8 <__wrap___aeabi_ui2d>
10001f82:	4602      	mov	r2, r0
10001f84:	460b      	mov	r3, r1
10001f86:	e9dd 010a 	ldrd	r0, r1, [sp, #40]	@ 0x28
10001f8a:	f7ff fcf3 	bl	10001974 <__wrap___aeabi_dsub>
10001f8e:	4602      	mov	r2, r0
10001f90:	460b      	mov	r3, r1
10001f92:	e9cd 230a 	strd	r2, r3, [sp, #40]	@ 0x28
10001f96:	2200      	movs	r2, #0
10001f98:	4b7b      	ldr	r3, [pc, #492]	@ (10002188 <_ftoa+0x308>)
10001f9a:	f7ff fe09 	bl	10001bb0 <__wrap___aeabi_dcmpgt>
10001f9e:	2800      	cmp	r0, #0
10001fa0:	f000 80fe 	beq.w	100021a0 <_ftoa+0x320>
10001fa4:	f10a 0a01 	add.w	sl, sl, #1
10001fa8:	4650      	mov	r0, sl
10001faa:	f7ff fd7d 	bl	10001aa8 <__wrap___aeabi_ui2d>
10001fae:	4602      	mov	r2, r0
10001fb0:	460b      	mov	r3, r1
10001fb2:	e9dd 0108 	ldrd	r0, r1, [sp, #32]
10001fb6:	f7ff fdd3 	bl	10001b60 <__wrap___aeabi_dcmple>
10001fba:	b110      	cbz	r0, 10001fc2 <_ftoa+0x142>
10001fbc:	f04f 0a00 	mov.w	sl, #0
10001fc0:	3401      	adds	r4, #1
10001fc2:	2e00      	cmp	r6, #0
10001fc4:	f000 80fd 	beq.w	100021c2 <_ftoa+0x342>
10001fc8:	1e68      	subs	r0, r5, #1
10001fca:	ab0e      	add	r3, sp, #56	@ 0x38
10001fcc:	f8df c1cc 	ldr.w	ip, [pc, #460]	@ 1000219c <_ftoa+0x31c>
10001fd0:	4418      	add	r0, r3
10001fd2:	e00f      	b.n	10001ff4 <_ftoa+0x174>
10001fd4:	fbac 210a 	umull	r2, r1, ip, sl
10001fd8:	08c9      	lsrs	r1, r1, #3
10001fda:	eb01 0281 	add.w	r2, r1, r1, lsl #2
10001fde:	ebaa 0242 	sub.w	r2, sl, r2, lsl #1
10001fe2:	3230      	adds	r2, #48	@ 0x30
10001fe4:	f1ba 0f09 	cmp.w	sl, #9
10001fe8:	f800 2f01 	strb.w	r2, [r0, #1]!
10001fec:	f240 811c 	bls.w	10002228 <_ftoa+0x3a8>
10001ff0:	468a      	mov	sl, r1
10001ff2:	461d      	mov	r5, r3
10001ff4:	2d20      	cmp	r5, #32
10001ff6:	f105 0301 	add.w	r3, r5, #1
10001ffa:	f106 36ff 	add.w	r6, r6, #4294967295
10001ffe:	d1e9      	bne.n	10001fd4 <_ftoa+0x154>
10002000:	2520      	movs	r5, #32
10002002:	1e69      	subs	r1, r5, #1
10002004:	ab0e      	add	r3, sp, #56	@ 0x38
10002006:	4861      	ldr	r0, [pc, #388]	@ (1000218c <_ftoa+0x30c>)
10002008:	4419      	add	r1, r3
1000200a:	e010      	b.n	1000202e <_ftoa+0x1ae>
1000200c:	fb80 6204 	smull	r6, r2, r0, r4
10002010:	ebc3 03a2 	rsb	r3, r3, r2, asr #2
10002014:	eb03 0283 	add.w	r2, r3, r3, lsl #2
10002018:	eba4 0442 	sub.w	r4, r4, r2, lsl #1
1000201c:	f104 0230 	add.w	r2, r4, #48	@ 0x30
10002020:	3501      	adds	r5, #1
10002022:	461c      	mov	r4, r3
10002024:	f801 2f01 	strb.w	r2, [r1, #1]!
10002028:	2b00      	cmp	r3, #0
1000202a:	f000 80eb 	beq.w	10002204 <_ftoa+0x384>
1000202e:	2d20      	cmp	r5, #32
10002030:	ea4f 73e4 	mov.w	r3, r4, asr #31
10002034:	d1ea      	bne.n	1000200c <_ftoa+0x18c>
10002036:	9b07      	ldr	r3, [sp, #28]
10002038:	f003 0303 	and.w	r3, r3, #3
1000203c:	2b01      	cmp	r3, #1
1000203e:	d118      	bne.n	10002072 <_ftoa+0x1f2>
10002040:	f1bb 0f00 	cmp.w	fp, #0
10002044:	d015      	beq.n	10002072 <_ftoa+0x1f2>
10002046:	9b0d      	ldr	r3, [sp, #52]	@ 0x34
10002048:	2b00      	cmp	r3, #0
1000204a:	f000 810a 	beq.w	10002262 <_ftoa+0x3e2>
1000204e:	f10b 3bff 	add.w	fp, fp, #4294967295
10002052:	f1bb 0f20 	cmp.w	fp, #32
10002056:	d90c      	bls.n	10002072 <_ftoa+0x1f2>
10002058:	1e6b      	subs	r3, r5, #1
1000205a:	a90e      	add	r1, sp, #56	@ 0x38
1000205c:	2230      	movs	r2, #48	@ 0x30
1000205e:	440b      	add	r3, r1
10002060:	e005      	b.n	1000206e <_ftoa+0x1ee>
10002062:	3501      	adds	r5, #1
10002064:	455d      	cmp	r5, fp
10002066:	f803 2f01 	strb.w	r2, [r3, #1]!
1000206a:	f080 80d1 	bcs.w	10002210 <_ftoa+0x390>
1000206e:	2d20      	cmp	r5, #32
10002070:	d1f7      	bne.n	10002062 <_ftoa+0x1e2>
10002072:	9b07      	ldr	r3, [sp, #28]
10002074:	ac0e      	add	r4, sp, #56	@ 0x38
10002076:	e9cd b302 	strd	fp, r3, [sp, #8]
1000207a:	4641      	mov	r1, r8
1000207c:	464b      	mov	r3, r9
1000207e:	4638      	mov	r0, r7
10002080:	9a0c      	ldr	r2, [sp, #48]	@ 0x30
10002082:	9501      	str	r5, [sp, #4]
10002084:	9400      	str	r4, [sp, #0]
10002086:	f7ff fdb9 	bl	10001bfc <_out_rev>
1000208a:	4682      	mov	sl, r0
1000208c:	4650      	mov	r0, sl
1000208e:	b017      	add	sp, #92	@ 0x5c
10002090:	e8bd 8ff0 	ldmia.w	sp!, {r4, r5, r6, r7, r8, r9, sl, fp, pc}
10002094:	9b07      	ldr	r3, [sp, #28]
10002096:	ed9d 7b04 	vldr	d7, [sp, #16]
1000209a:	e9cd b323 	strd	fp, r3, [sp, #140]	@ 0x8c
1000209e:	4641      	mov	r1, r8
100020a0:	464b      	mov	r3, r9
100020a2:	4638      	mov	r0, r7
100020a4:	9a0c      	ldr	r2, [sp, #48]	@ 0x30
100020a6:	ed8d 7b20 	vstr	d7, [sp, #128]	@ 0x80
100020aa:	9522      	str	r5, [sp, #136]	@ 0x88
100020ac:	b017      	add	sp, #92	@ 0x5c
100020ae:	e8bd 4ff0 	ldmia.w	sp!, {r4, r5, r6, r7, r8, r9, sl, fp, lr}
100020b2:	f000 b945 	b.w	10002340 <_etoa>
100020b6:	0761      	lsls	r1, r4, #29
100020b8:	4623      	mov	r3, r4
100020ba:	bf4c      	ite	mi
100020bc:	2304      	movmi	r3, #4
100020be:	2303      	movpl	r3, #3
100020c0:	4641      	mov	r1, r8
100020c2:	9321      	str	r3, [sp, #132]	@ 0x84
100020c4:	4638      	mov	r0, r7
100020c6:	464b      	mov	r3, r9
100020c8:	9a07      	ldr	r2, [sp, #28]
100020ca:	bf48      	it	mi
100020cc:	4c30      	ldrmi	r4, [pc, #192]	@ (10002190 <_ftoa+0x310>)
100020ce:	e9cd b222 	strd	fp, r2, [sp, #136]	@ 0x88
100020d2:	bf58      	it	pl
100020d4:	4c2f      	ldrpl	r4, [pc, #188]	@ (10002194 <_ftoa+0x314>)
100020d6:	9a0c      	ldr	r2, [sp, #48]	@ 0x30
100020d8:	9420      	str	r4, [sp, #128]	@ 0x80
100020da:	b017      	add	sp, #92	@ 0x5c
100020dc:	e8bd 4ff0 	ldmia.w	sp!, {r4, r5, r6, r7, r8, r9, sl, fp, lr}
100020e0:	f7ff bd8c 	b.w	10001bfc <_out_rev>
100020e4:	e9dd 2304 	ldrd	r2, r3, [sp, #16]
100020e8:	2000      	movs	r0, #0
100020ea:	2100      	movs	r1, #0
100020ec:	f7ff fc42 	bl	10001974 <__wrap___aeabi_dsub>
100020f0:	2301      	movs	r3, #1
100020f2:	e9cd 0104 	strd	r0, r1, [sp, #16]
100020f6:	930d      	str	r3, [sp, #52]	@ 0x34
100020f8:	4623      	mov	r3, r4
100020fa:	e70d      	b.n	10001f18 <_ftoa+0x98>
100020fc:	4623      	mov	r3, r4
100020fe:	079c      	lsls	r4, r3, #30
10002100:	f040 80aa 	bne.w	10002258 <_ftoa+0x3d8>
10002104:	f1bb 0f04 	cmp.w	fp, #4
10002108:	f240 80a6 	bls.w	10002258 <_ftoa+0x3d8>
1000210c:	9b0c      	ldr	r3, [sp, #48]	@ 0x30
1000210e:	461d      	mov	r5, r3
10002110:	1f1c      	subs	r4, r3, #4
10002112:	eb04 0a0b 	add.w	sl, r4, fp
10002116:	462a      	mov	r2, r5
10002118:	464b      	mov	r3, r9
1000211a:	4641      	mov	r1, r8
1000211c:	2020      	movs	r0, #32
1000211e:	3501      	adds	r5, #1
10002120:	47b8      	blx	r7
10002122:	45aa      	cmp	sl, r5
10002124:	d1f7      	bne.n	10002116 <_ftoa+0x296>
10002126:	4655      	mov	r5, sl
10002128:	4c1b      	ldr	r4, [pc, #108]	@ (10002198 <_ftoa+0x318>)
1000212a:	1f26      	subs	r6, r4, #4
1000212c:	f814 0d01 	ldrb.w	r0, [r4, #-1]!
10002130:	462a      	mov	r2, r5
10002132:	464b      	mov	r3, r9
10002134:	4641      	mov	r1, r8
10002136:	47b8      	blx	r7
10002138:	42b4      	cmp	r4, r6
1000213a:	f105 0501 	add.w	r5, r5, #1
1000213e:	d1f5      	bne.n	1000212c <_ftoa+0x2ac>
10002140:	9b07      	ldr	r3, [sp, #28]
10002142:	f10a 0a04 	add.w	sl, sl, #4
10002146:	0798      	lsls	r0, r3, #30
10002148:	d5a0      	bpl.n	1000208c <_ftoa+0x20c>
1000214a:	9c0c      	ldr	r4, [sp, #48]	@ 0x30
1000214c:	ebaa 0304 	sub.w	r3, sl, r4
10002150:	459b      	cmp	fp, r3
10002152:	d99b      	bls.n	1000208c <_ftoa+0x20c>
10002154:	4652      	mov	r2, sl
10002156:	464b      	mov	r3, r9
10002158:	4641      	mov	r1, r8
1000215a:	2020      	movs	r0, #32
1000215c:	f10a 0a01 	add.w	sl, sl, #1
10002160:	47b8      	blx	r7
10002162:	ebaa 0304 	sub.w	r3, sl, r4
10002166:	455b      	cmp	r3, fp
10002168:	d3f4      	bcc.n	10002154 <_ftoa+0x2d4>
1000216a:	e78f      	b.n	1000208c <_ftoa+0x20c>
1000216c:	f3af 8000 	nop.w
10002170:	00000000 	.word	0x00000000
10002174:	41cdcd65 	.word	0x41cdcd65
10002178:	00000000 	.word	0x00000000
1000217c:	c1cdcd65 	.word	0xc1cdcd65
10002180:	7fefffff 	.word	0x7fefffff
10002184:	10009190 	.word	0x10009190
10002188:	3fe00000 	.word	0x3fe00000
1000218c:	66666667 	.word	0x66666667
10002190:	1000906c 	.word	0x1000906c
10002194:	10009074 	.word	0x10009074
10002198:	10009080 	.word	0x10009080
1000219c:	cccccccd 	.word	0xcccccccd
100021a0:	2200      	movs	r2, #0
100021a2:	e9dd 010a 	ldrd	r0, r1, [sp, #40]	@ 0x28
100021a6:	4b63      	ldr	r3, [pc, #396]	@ (10002334 <_ftoa+0x4b4>)
100021a8:	f7ff fcc6 	bl	10001b38 <__wrap___aeabi_dcmplt>
100021ac:	2800      	cmp	r0, #0
100021ae:	f47f af08 	bne.w	10001fc2 <_ftoa+0x142>
100021b2:	f1ba 0f00 	cmp.w	sl, #0
100021b6:	d16a      	bne.n	1000228e <_ftoa+0x40e>
100021b8:	f10a 0a01 	add.w	sl, sl, #1
100021bc:	2e00      	cmp	r6, #0
100021be:	f47f af03 	bne.w	10001fc8 <_ftoa+0x148>
100021c2:	4620      	mov	r0, r4
100021c4:	f7ff fc5e 	bl	10001a84 <__wrap___aeabi_i2d>
100021c8:	4602      	mov	r2, r0
100021ca:	460b      	mov	r3, r1
100021cc:	e9dd 0104 	ldrd	r0, r1, [sp, #16]
100021d0:	f7ff fbd0 	bl	10001974 <__wrap___aeabi_dsub>
100021d4:	4602      	mov	r2, r0
100021d6:	460b      	mov	r3, r1
100021d8:	e9cd 2304 	strd	r2, r3, [sp, #16]
100021dc:	2200      	movs	r2, #0
100021de:	4b55      	ldr	r3, [pc, #340]	@ (10002334 <_ftoa+0x4b4>)
100021e0:	f7ff fcaa 	bl	10001b38 <__wrap___aeabi_dcmplt>
100021e4:	2800      	cmp	r0, #0
100021e6:	f47f af0c 	bne.w	10002002 <_ftoa+0x182>
100021ea:	e9dd 0104 	ldrd	r0, r1, [sp, #16]
100021ee:	2200      	movs	r2, #0
100021f0:	4b50      	ldr	r3, [pc, #320]	@ (10002334 <_ftoa+0x4b4>)
100021f2:	f7ff fcdd 	bl	10001bb0 <__wrap___aeabi_dcmpgt>
100021f6:	2800      	cmp	r0, #0
100021f8:	f47f af03 	bne.w	10002002 <_ftoa+0x182>
100021fc:	3401      	adds	r4, #1
100021fe:	f024 0401 	bic.w	r4, r4, #1
10002202:	e6fe      	b.n	10002002 <_ftoa+0x182>
10002204:	9b07      	ldr	r3, [sp, #28]
10002206:	f003 0303 	and.w	r3, r3, #3
1000220a:	2b01      	cmp	r3, #1
1000220c:	f000 8082 	beq.w	10002314 <_ftoa+0x494>
10002210:	2d20      	cmp	r5, #32
10002212:	f43f af2e 	beq.w	10002072 <_ftoa+0x1f2>
10002216:	9b0d      	ldr	r3, [sp, #52]	@ 0x34
10002218:	b37b      	cbz	r3, 1000227a <_ftoa+0x3fa>
1000221a:	222d      	movs	r2, #45	@ 0x2d
1000221c:	eb0d 0305 	add.w	r3, sp, r5
10002220:	f883 2038 	strb.w	r2, [r3, #56]	@ 0x38
10002224:	3501      	adds	r5, #1
10002226:	e724      	b.n	10002072 <_ftoa+0x1f2>
10002228:	2b20      	cmp	r3, #32
1000222a:	f43f aee9 	beq.w	10002000 <_ftoa+0x180>
1000222e:	aa0e      	add	r2, sp, #56	@ 0x38
10002230:	4415      	add	r5, r2
10002232:	441e      	add	r6, r3
10002234:	2230      	movs	r2, #48	@ 0x30
10002236:	e004      	b.n	10002242 <_ftoa+0x3c2>
10002238:	2b20      	cmp	r3, #32
1000223a:	f805 2f01 	strb.w	r2, [r5, #1]!
1000223e:	f43f aedf 	beq.w	10002000 <_ftoa+0x180>
10002242:	429e      	cmp	r6, r3
10002244:	f103 0301 	add.w	r3, r3, #1
10002248:	d1f6      	bne.n	10002238 <_ftoa+0x3b8>
1000224a:	222e      	movs	r2, #46	@ 0x2e
1000224c:	eb0d 0306 	add.w	r3, sp, r6
10002250:	f883 2038 	strb.w	r2, [r3, #56]	@ 0x38
10002254:	1c75      	adds	r5, r6, #1
10002256:	e6d4      	b.n	10002002 <_ftoa+0x182>
10002258:	f8dd a030 	ldr.w	sl, [sp, #48]	@ 0x30
1000225c:	e763      	b.n	10002126 <_ftoa+0x2a6>
1000225e:	2520      	movs	r5, #32
10002260:	e66e      	b.n	10001f40 <_ftoa+0xc0>
10002262:	9b07      	ldr	r3, [sp, #28]
10002264:	f013 0f0c 	tst.w	r3, #12
10002268:	d050      	beq.n	1000230c <_ftoa+0x48c>
1000226a:	f10b 3bff 	add.w	fp, fp, #4294967295
1000226e:	45ab      	cmp	fp, r5
10002270:	f63f aef2 	bhi.w	10002058 <_ftoa+0x1d8>
10002274:	2d20      	cmp	r5, #32
10002276:	f43f aefc 	beq.w	10002072 <_ftoa+0x1f2>
1000227a:	9b07      	ldr	r3, [sp, #28]
1000227c:	075a      	lsls	r2, r3, #29
1000227e:	d501      	bpl.n	10002284 <_ftoa+0x404>
10002280:	222b      	movs	r2, #43	@ 0x2b
10002282:	e7cb      	b.n	1000221c <_ftoa+0x39c>
10002284:	071b      	lsls	r3, r3, #28
10002286:	f57f aef4 	bpl.w	10002072 <_ftoa+0x1f2>
1000228a:	2220      	movs	r2, #32
1000228c:	e7c6      	b.n	1000221c <_ftoa+0x39c>
1000228e:	f01a 0f01 	tst.w	sl, #1
10002292:	f43f ae96 	beq.w	10001fc2 <_ftoa+0x142>
10002296:	e78f      	b.n	100021b8 <_ftoa+0x338>
10002298:	07a6      	lsls	r6, r4, #30
1000229a:	d134      	bne.n	10002306 <_ftoa+0x486>
1000229c:	f1bb 0f03 	cmp.w	fp, #3
100022a0:	d931      	bls.n	10002306 <_ftoa+0x486>
100022a2:	9b0c      	ldr	r3, [sp, #48]	@ 0x30
100022a4:	461d      	mov	r5, r3
100022a6:	1edc      	subs	r4, r3, #3
100022a8:	eb04 0a0b 	add.w	sl, r4, fp
100022ac:	462a      	mov	r2, r5
100022ae:	464b      	mov	r3, r9
100022b0:	4641      	mov	r1, r8
100022b2:	2020      	movs	r0, #32
100022b4:	3501      	adds	r5, #1
100022b6:	47b8      	blx	r7
100022b8:	4555      	cmp	r5, sl
100022ba:	d1f7      	bne.n	100022ac <_ftoa+0x42c>
100022bc:	4655      	mov	r5, sl
100022be:	4c1e      	ldr	r4, [pc, #120]	@ (10002338 <_ftoa+0x4b8>)
100022c0:	1ee6      	subs	r6, r4, #3
100022c2:	f814 0d01 	ldrb.w	r0, [r4, #-1]!
100022c6:	462a      	mov	r2, r5
100022c8:	464b      	mov	r3, r9
100022ca:	4641      	mov	r1, r8
100022cc:	47b8      	blx	r7
100022ce:	42a6      	cmp	r6, r4
100022d0:	f105 0501 	add.w	r5, r5, #1
100022d4:	d1f5      	bne.n	100022c2 <_ftoa+0x442>
100022d6:	9b07      	ldr	r3, [sp, #28]
100022d8:	f10a 0a03 	add.w	sl, sl, #3
100022dc:	079d      	lsls	r5, r3, #30
100022de:	f57f aed5 	bpl.w	1000208c <_ftoa+0x20c>
100022e2:	9c0c      	ldr	r4, [sp, #48]	@ 0x30
100022e4:	ebaa 0304 	sub.w	r3, sl, r4
100022e8:	459b      	cmp	fp, r3
100022ea:	f67f aecf 	bls.w	1000208c <_ftoa+0x20c>
100022ee:	4652      	mov	r2, sl
100022f0:	464b      	mov	r3, r9
100022f2:	4641      	mov	r1, r8
100022f4:	2020      	movs	r0, #32
100022f6:	f10a 0a01 	add.w	sl, sl, #1
100022fa:	47b8      	blx	r7
100022fc:	ebaa 0304 	sub.w	r3, sl, r4
10002300:	459b      	cmp	fp, r3
10002302:	d8f4      	bhi.n	100022ee <_ftoa+0x46e>
10002304:	e6c2      	b.n	1000208c <_ftoa+0x20c>
10002306:	f8dd a030 	ldr.w	sl, [sp, #48]	@ 0x30
1000230a:	e7d7      	b.n	100022bc <_ftoa+0x43c>
1000230c:	45ab      	cmp	fp, r5
1000230e:	f63f aea3 	bhi.w	10002058 <_ftoa+0x1d8>
10002312:	e6ae      	b.n	10002072 <_ftoa+0x1f2>
10002314:	f1bb 0f00 	cmp.w	fp, #0
10002318:	f43f af7a 	beq.w	10002210 <_ftoa+0x390>
1000231c:	9b0d      	ldr	r3, [sp, #52]	@ 0x34
1000231e:	2b00      	cmp	r3, #0
10002320:	d09f      	beq.n	10002262 <_ftoa+0x3e2>
10002322:	f10b 3bff 	add.w	fp, fp, #4294967295
10002326:	455d      	cmp	r5, fp
10002328:	f4ff ae96 	bcc.w	10002058 <_ftoa+0x1d8>
1000232c:	2d20      	cmp	r5, #32
1000232e:	f47f af74 	bne.w	1000221a <_ftoa+0x39a>
10002332:	e69e      	b.n	10002072 <_ftoa+0x1f2>
10002334:	3fe00000 	.word	0x3fe00000
10002338:	1000907b 	.word	0x1000907b
1000233c:	00000000 	.word	0x00000000

10002340 <_etoa>:
10002340:	e92d 4ff0 	stmdb	sp!, {r4, r5, r6, r7, r8, r9, sl, fp, lr}
10002344:	b09f      	sub	sp, #124	@ 0x7c
10002346:	9e2a      	ldr	r6, [sp, #168]	@ 0xa8
10002348:	e9dd 4528 	ldrd	r4, r5, [sp, #160]	@ 0xa0
1000234c:	4607      	mov	r7, r0
1000234e:	4693      	mov	fp, r2
10002350:	9108      	str	r1, [sp, #32]
10002352:	9309      	str	r3, [sp, #36]	@ 0x24
10002354:	4622      	mov	r2, r4
10002356:	462b      	mov	r3, r5
10002358:	4620      	mov	r0, r4
1000235a:	4629      	mov	r1, r5
1000235c:	960e      	str	r6, [sp, #56]	@ 0x38
1000235e:	e9dd a62b 	ldrd	sl, r6, [sp, #172]	@ 0xac
10002362:	f7ff fbd7 	bl	10001b14 <__wrap___aeabi_dcmpun>
10002366:	2800      	cmp	r0, #0
10002368:	f040 80be 	bne.w	100024e8 <_etoa+0x1a8>
1000236c:	4620      	mov	r0, r4
1000236e:	4629      	mov	r1, r5
10002370:	f04f 32ff 	mov.w	r2, #4294967295
10002374:	4b78      	ldr	r3, [pc, #480]	@ (10002558 <_etoa+0x218>)
10002376:	f7ff fc1b 	bl	10001bb0 <__wrap___aeabi_dcmpgt>
1000237a:	2800      	cmp	r0, #0
1000237c:	f040 80b4 	bne.w	100024e8 <_etoa+0x1a8>
10002380:	4620      	mov	r0, r4
10002382:	4629      	mov	r1, r5
10002384:	f04f 32ff 	mov.w	r2, #4294967295
10002388:	f46f 1380 	mvn.w	r3, #1048576	@ 0x100000
1000238c:	f7ff fbd4 	bl	10001b38 <__wrap___aeabi_dcmplt>
10002390:	2800      	cmp	r0, #0
10002392:	f040 80a9 	bne.w	100024e8 <_etoa+0x1a8>
10002396:	4620      	mov	r0, r4
10002398:	4629      	mov	r1, r5
1000239a:	2200      	movs	r2, #0
1000239c:	2300      	movs	r3, #0
1000239e:	f7ff fbcb 	bl	10001b38 <__wrap___aeabi_dcmplt>
100023a2:	2800      	cmp	r0, #0
100023a4:	f040 81d5 	bne.w	10002752 <_etoa+0x412>
100023a8:	e9cd 450a 	strd	r4, r5, [sp, #40]	@ 0x28
100023ac:	e9dd 230a 	ldrd	r2, r3, [sp, #40]	@ 0x28
100023b0:	4690      	mov	r8, r2
100023b2:	4699      	mov	r9, r3
100023b4:	f406 6200 	and.w	r2, r6, #2048	@ 0x800
100023b8:	f416 6380 	ands.w	r3, r6, #1024	@ 0x400
100023bc:	920f      	str	r2, [sp, #60]	@ 0x3c
100023be:	9313      	str	r3, [sp, #76]	@ 0x4c
100023c0:	f040 80a1 	bne.w	10002506 <_etoa+0x1c6>
100023c4:	ea58 0309 	orrs.w	r3, r8, r9
100023c8:	f040 80ca 	bne.w	10002560 <_etoa+0x220>
100023cc:	2a00      	cmp	r2, #0
100023ce:	f040 81e3 	bne.w	10002798 <_etoa+0x458>
100023d2:	2306      	movs	r3, #6
100023d4:	930e      	str	r3, [sp, #56]	@ 0x38
100023d6:	f016 0202 	ands.w	r2, r6, #2
100023da:	9210      	str	r2, [sp, #64]	@ 0x40
100023dc:	f040 81d4 	bne.w	10002788 <_etoa+0x448>
100023e0:	4653      	mov	r3, sl
100023e2:	2b04      	cmp	r3, #4
100023e4:	bf38      	it	cc
100023e6:	2304      	movcc	r3, #4
100023e8:	920c      	str	r2, [sp, #48]	@ 0x30
100023ea:	2204      	movs	r2, #4
100023ec:	3b04      	subs	r3, #4
100023ee:	9212      	str	r2, [sp, #72]	@ 0x48
100023f0:	930f      	str	r3, [sp, #60]	@ 0x3c
100023f2:	4620      	mov	r0, r4
100023f4:	4629      	mov	r1, r5
100023f6:	2200      	movs	r2, #0
100023f8:	2300      	movs	r3, #0
100023fa:	f7ff fb9d 	bl	10001b38 <__wrap___aeabi_dcmplt>
100023fe:	2800      	cmp	r0, #0
10002400:	f040 81f3 	bne.w	100027ea <_etoa+0x4aa>
10002404:	ed9d 7b0a 	vldr	d7, [sp, #40]	@ 0x28
10002408:	9b0f      	ldr	r3, [sp, #60]	@ 0x3c
1000240a:	465a      	mov	r2, fp
1000240c:	9303      	str	r3, [sp, #12]
1000240e:	9b0e      	ldr	r3, [sp, #56]	@ 0x38
10002410:	ed8d 7b00 	vstr	d7, [sp]
10002414:	9302      	str	r3, [sp, #8]
10002416:	f426 6300 	bic.w	r3, r6, #2048	@ 0x800
1000241a:	9304      	str	r3, [sp, #16]
1000241c:	4638      	mov	r0, r7
1000241e:	9b09      	ldr	r3, [sp, #36]	@ 0x24
10002420:	9908      	ldr	r1, [sp, #32]
10002422:	f7ff fd2d 	bl	10001e80 <_ftoa>
10002426:	4602      	mov	r2, r0
10002428:	f016 0f20 	tst.w	r6, #32
1000242c:	9b09      	ldr	r3, [sp, #36]	@ 0x24
1000242e:	9908      	ldr	r1, [sp, #32]
10002430:	bf0c      	ite	eq
10002432:	2065      	moveq	r0, #101	@ 0x65
10002434:	2045      	movne	r0, #69	@ 0x45
10002436:	f102 0801 	add.w	r8, r2, #1
1000243a:	47b8      	blx	r7
1000243c:	9a0c      	ldr	r2, [sp, #48]	@ 0x30
1000243e:	9b12      	ldr	r3, [sp, #72]	@ 0x48
10002440:	ac16      	add	r4, sp, #88	@ 0x58
10002442:	1e5d      	subs	r5, r3, #1
10002444:	ea82 73e2 	eor.w	r3, r2, r2, asr #31
10002448:	eba3 73e2 	sub.w	r3, r3, r2, asr #31
1000244c:	0fd1      	lsrs	r1, r2, #31
1000244e:	2600      	movs	r6, #0
10002450:	4622      	mov	r2, r4
10002452:	4699      	mov	r9, r3
10002454:	f8df c104 	ldr.w	ip, [pc, #260]	@ 1000255c <_etoa+0x21c>
10002458:	e001      	b.n	1000245e <_etoa+0x11e>
1000245a:	2e20      	cmp	r6, #32
1000245c:	d010      	beq.n	10002480 <_etoa+0x140>
1000245e:	46ce      	mov	lr, r9
10002460:	fbac 3009 	umull	r3, r0, ip, r9
10002464:	08c0      	lsrs	r0, r0, #3
10002466:	eb00 0380 	add.w	r3, r0, r0, lsl #2
1000246a:	eba9 0343 	sub.w	r3, r9, r3, lsl #1
1000246e:	3330      	adds	r3, #48	@ 0x30
10002470:	f1be 0f09 	cmp.w	lr, #9
10002474:	4681      	mov	r9, r0
10002476:	f106 0601 	add.w	r6, r6, #1
1000247a:	f802 3b01 	strb.w	r3, [r2], #1
1000247e:	d8ec      	bhi.n	1000245a <_etoa+0x11a>
10002480:	2305      	movs	r3, #5
10002482:	2000      	movs	r0, #0
10002484:	9306      	str	r3, [sp, #24]
10002486:	230a      	movs	r3, #10
10002488:	9505      	str	r5, [sp, #20]
1000248a:	9400      	str	r4, [sp, #0]
1000248c:	9d09      	ldr	r5, [sp, #36]	@ 0x24
1000248e:	9c08      	ldr	r4, [sp, #32]
10002490:	4642      	mov	r2, r8
10002492:	e9cd 3003 	strd	r3, r0, [sp, #12]
10002496:	e9cd 6101 	strd	r6, r1, [sp, #4]
1000249a:	462b      	mov	r3, r5
1000249c:	4621      	mov	r1, r4
1000249e:	4638      	mov	r0, r7
100024a0:	f7ff fbfa 	bl	10001c98 <_ntoa_format>
100024a4:	9a10      	ldr	r2, [sp, #64]	@ 0x40
100024a6:	4680      	mov	r8, r0
100024a8:	b1d2      	cbz	r2, 100024e0 <_etoa+0x1a0>
100024aa:	eba0 060b 	sub.w	r6, r0, fp
100024ae:	45b2      	cmp	sl, r6
100024b0:	d916      	bls.n	100024e0 <_etoa+0x1a0>
100024b2:	eb0b 0206 	add.w	r2, fp, r6
100024b6:	462b      	mov	r3, r5
100024b8:	4621      	mov	r1, r4
100024ba:	2020      	movs	r0, #32
100024bc:	3601      	adds	r6, #1
100024be:	47b8      	blx	r7
100024c0:	45b2      	cmp	sl, r6
100024c2:	d8f6      	bhi.n	100024b2 <_etoa+0x172>
100024c4:	f10b 33ff 	add.w	r3, fp, #4294967295
100024c8:	4453      	add	r3, sl
100024ca:	f1cb 0201 	rsb	r2, fp, #1
100024ce:	eba3 0308 	sub.w	r3, r3, r8
100024d2:	4442      	add	r2, r8
100024d4:	4592      	cmp	sl, r2
100024d6:	bf38      	it	cc
100024d8:	2300      	movcc	r3, #0
100024da:	f108 0801 	add.w	r8, r8, #1
100024de:	4498      	add	r8, r3
100024e0:	4640      	mov	r0, r8
100024e2:	b01f      	add	sp, #124	@ 0x7c
100024e4:	e8bd 8ff0 	ldmia.w	sp!, {r4, r5, r6, r7, r8, r9, sl, fp, pc}
100024e8:	465a      	mov	r2, fp
100024ea:	4638      	mov	r0, r7
100024ec:	e9cd 4528 	strd	r4, r5, [sp, #160]	@ 0xa0
100024f0:	e9cd a62b 	strd	sl, r6, [sp, #172]	@ 0xac
100024f4:	9c0e      	ldr	r4, [sp, #56]	@ 0x38
100024f6:	9b09      	ldr	r3, [sp, #36]	@ 0x24
100024f8:	9908      	ldr	r1, [sp, #32]
100024fa:	942a      	str	r4, [sp, #168]	@ 0xa8
100024fc:	b01f      	add	sp, #124	@ 0x7c
100024fe:	e8bd 4ff0 	ldmia.w	sp!, {r4, r5, r6, r7, r8, r9, sl, fp, lr}
10002502:	f7ff bcbd 	b.w	10001e80 <_ftoa>
10002506:	ea58 0309 	orrs.w	r3, r8, r9
1000250a:	d12b      	bne.n	10002564 <_etoa+0x224>
1000250c:	2a00      	cmp	r2, #0
1000250e:	f43f af62 	beq.w	100023d6 <_etoa+0x96>
10002512:	2300      	movs	r3, #0
10002514:	930c      	str	r3, [sp, #48]	@ 0x30
10002516:	9b0e      	ldr	r3, [sp, #56]	@ 0x38
10002518:	9a0c      	ldr	r2, [sp, #48]	@ 0x30
1000251a:	4293      	cmp	r3, r2
1000251c:	f300 81b9 	bgt.w	10002892 <_etoa+0x552>
10002520:	f04f 0800 	mov.w	r8, #0
10002524:	4620      	mov	r0, r4
10002526:	4629      	mov	r1, r5
10002528:	2200      	movs	r2, #0
1000252a:	2300      	movs	r3, #0
1000252c:	f7ff fb04 	bl	10001b38 <__wrap___aeabi_dcmplt>
10002530:	2800      	cmp	r0, #0
10002532:	f040 8113 	bne.w	1000275c <_etoa+0x41c>
10002536:	ed9d 7b0a 	vldr	d7, [sp, #40]	@ 0x28
1000253a:	f426 6600 	bic.w	r6, r6, #2048	@ 0x800
1000253e:	f446 6680 	orr.w	r6, r6, #1024	@ 0x400
10002542:	ed8d 7b28 	vstr	d7, [sp, #160]	@ 0xa0
10002546:	465a      	mov	r2, fp
10002548:	4638      	mov	r0, r7
1000254a:	e9cd 8a2a 	strd	r8, sl, [sp, #168]	@ 0xa8
1000254e:	9b09      	ldr	r3, [sp, #36]	@ 0x24
10002550:	9908      	ldr	r1, [sp, #32]
10002552:	962c      	str	r6, [sp, #176]	@ 0xb0
10002554:	e7d2      	b.n	100024fc <_etoa+0x1bc>
10002556:	bf00      	nop
10002558:	7fefffff 	.word	0x7fefffff
1000255c:	cccccccd 	.word	0xcccccccd
10002560:	2306      	movs	r3, #6
10002562:	930e      	str	r3, [sp, #56]	@ 0x38
10002564:	f3c9 500a 	ubfx	r0, r9, #20, #11
10002568:	f2a0 30ff 	subw	r0, r0, #1023	@ 0x3ff
1000256c:	f7ff fa8a 	bl	10001a84 <__wrap___aeabi_i2d>
10002570:	a3c1      	add	r3, pc, #772	@ (adr r3, 10002878 <_etoa+0x538>)
10002572:	e9d3 2300 	ldrd	r2, r3, [r3]
10002576:	f7ff fa11 	bl	1000199c <__wrap___aeabi_dmul>
1000257a:	a3c1      	add	r3, pc, #772	@ (adr r3, 10002880 <_etoa+0x540>)
1000257c:	e9d3 2300 	ldrd	r2, r3, [r3]
10002580:	f7ff f9e4 	bl	1000194c <__wrap___aeabi_dadd>
10002584:	f3c9 0913 	ubfx	r9, r9, #0, #20
10002588:	e9cd 010c 	strd	r0, r1, [sp, #48]	@ 0x30
1000258c:	f049 517f 	orr.w	r1, r9, #1069547520	@ 0x3fc00000
10002590:	4640      	mov	r0, r8
10002592:	2200      	movs	r2, #0
10002594:	4bb2      	ldr	r3, [pc, #712]	@ (10002860 <_etoa+0x520>)
10002596:	f441 1140 	orr.w	r1, r1, #3145728	@ 0x300000
1000259a:	f7ff f9eb 	bl	10001974 <__wrap___aeabi_dsub>
1000259e:	a3a4      	add	r3, pc, #656	@ (adr r3, 10002830 <_etoa+0x4f0>)
100025a0:	e9d3 2300 	ldrd	r2, r3, [r3]
100025a4:	f7ff f9fa 	bl	1000199c <__wrap___aeabi_dmul>
100025a8:	4602      	mov	r2, r0
100025aa:	460b      	mov	r3, r1
100025ac:	e9dd 010c 	ldrd	r0, r1, [sp, #48]	@ 0x30
100025b0:	f7ff f9cc 	bl	1000194c <__wrap___aeabi_dadd>
100025b4:	f7ff fa8a 	bl	10001acc <__wrap___aeabi_d2iz>
100025b8:	900c      	str	r0, [sp, #48]	@ 0x30
100025ba:	f7ff fa63 	bl	10001a84 <__wrap___aeabi_i2d>
100025be:	a39e      	add	r3, pc, #632	@ (adr r3, 10002838 <_etoa+0x4f8>)
100025c0:	e9d3 2300 	ldrd	r2, r3, [r3]
100025c4:	4680      	mov	r8, r0
100025c6:	4689      	mov	r9, r1
100025c8:	f7ff f9e8 	bl	1000199c <__wrap___aeabi_dmul>
100025cc:	2200      	movs	r2, #0
100025ce:	4ba5      	ldr	r3, [pc, #660]	@ (10002864 <_etoa+0x524>)
100025d0:	f7ff f9bc 	bl	1000194c <__wrap___aeabi_dadd>
100025d4:	f7ff fa7a 	bl	10001acc <__wrap___aeabi_d2iz>
100025d8:	4603      	mov	r3, r0
100025da:	4649      	mov	r1, r9
100025dc:	4640      	mov	r0, r8
100025de:	9312      	str	r3, [sp, #72]	@ 0x48
100025e0:	a397      	add	r3, pc, #604	@ (adr r3, 10002840 <_etoa+0x500>)
100025e2:	e9d3 2300 	ldrd	r2, r3, [r3]
100025e6:	f7ff f9d9 	bl	1000199c <__wrap___aeabi_dmul>
100025ea:	4680      	mov	r8, r0
100025ec:	9812      	ldr	r0, [sp, #72]	@ 0x48
100025ee:	4689      	mov	r9, r1
100025f0:	f7ff fa48 	bl	10001a84 <__wrap___aeabi_i2d>
100025f4:	a394      	add	r3, pc, #592	@ (adr r3, 10002848 <_etoa+0x508>)
100025f6:	e9d3 2300 	ldrd	r2, r3, [r3]
100025fa:	f7ff f9cf 	bl	1000199c <__wrap___aeabi_dmul>
100025fe:	4602      	mov	r2, r0
10002600:	460b      	mov	r3, r1
10002602:	4640      	mov	r0, r8
10002604:	4649      	mov	r1, r9
10002606:	f7ff f9b5 	bl	10001974 <__wrap___aeabi_dsub>
1000260a:	4602      	mov	r2, r0
1000260c:	460b      	mov	r3, r1
1000260e:	4680      	mov	r8, r0
10002610:	4689      	mov	r9, r1
10002612:	f7ff f9c3 	bl	1000199c <__wrap___aeabi_dmul>
10002616:	4642      	mov	r2, r8
10002618:	464b      	mov	r3, r9
1000261a:	e9cd 0110 	strd	r0, r1, [sp, #64]	@ 0x40
1000261e:	4640      	mov	r0, r8
10002620:	4649      	mov	r1, r9
10002622:	f7ff f993 	bl	1000194c <__wrap___aeabi_dadd>
10002626:	2200      	movs	r2, #0
10002628:	e9cd 0114 	strd	r0, r1, [sp, #80]	@ 0x50
1000262c:	e9dd 0110 	ldrd	r0, r1, [sp, #64]	@ 0x40
10002630:	4b8d      	ldr	r3, [pc, #564]	@ (10002868 <_etoa+0x528>)
10002632:	f7ff f9d9 	bl	100019e8 <__wrap___aeabi_ddiv>
10002636:	2200      	movs	r2, #0
10002638:	4b8c      	ldr	r3, [pc, #560]	@ (1000286c <_etoa+0x52c>)
1000263a:	f7ff f987 	bl	1000194c <__wrap___aeabi_dadd>
1000263e:	4602      	mov	r2, r0
10002640:	460b      	mov	r3, r1
10002642:	e9dd 0110 	ldrd	r0, r1, [sp, #64]	@ 0x40
10002646:	f7ff f9cf 	bl	100019e8 <__wrap___aeabi_ddiv>
1000264a:	2200      	movs	r2, #0
1000264c:	4b88      	ldr	r3, [pc, #544]	@ (10002870 <_etoa+0x530>)
1000264e:	f7ff f97d 	bl	1000194c <__wrap___aeabi_dadd>
10002652:	4602      	mov	r2, r0
10002654:	460b      	mov	r3, r1
10002656:	e9dd 0110 	ldrd	r0, r1, [sp, #64]	@ 0x40
1000265a:	f7ff f9c5 	bl	100019e8 <__wrap___aeabi_ddiv>
1000265e:	4642      	mov	r2, r8
10002660:	464b      	mov	r3, r9
10002662:	4680      	mov	r8, r0
10002664:	4689      	mov	r9, r1
10002666:	2000      	movs	r0, #0
10002668:	f04f 4180 	mov.w	r1, #1073741824	@ 0x40000000
1000266c:	f7ff f982 	bl	10001974 <__wrap___aeabi_dsub>
10002670:	4602      	mov	r2, r0
10002672:	460b      	mov	r3, r1
10002674:	4640      	mov	r0, r8
10002676:	4649      	mov	r1, r9
10002678:	f7ff f968 	bl	1000194c <__wrap___aeabi_dadd>
1000267c:	4602      	mov	r2, r0
1000267e:	460b      	mov	r3, r1
10002680:	e9dd 0114 	ldrd	r0, r1, [sp, #80]	@ 0x50
10002684:	f7ff f9b0 	bl	100019e8 <__wrap___aeabi_ddiv>
10002688:	2200      	movs	r2, #0
1000268a:	4b7a      	ldr	r3, [pc, #488]	@ (10002874 <_etoa+0x534>)
1000268c:	f7ff f95e 	bl	1000194c <__wrap___aeabi_dadd>
10002690:	9b12      	ldr	r3, [sp, #72]	@ 0x48
10002692:	2200      	movs	r2, #0
10002694:	f203 3cff 	addw	ip, r3, #1023	@ 0x3ff
10002698:	ea4f 530c 	mov.w	r3, ip, lsl #20
1000269c:	f7ff f97e 	bl	1000199c <__wrap___aeabi_dmul>
100026a0:	4680      	mov	r8, r0
100026a2:	4689      	mov	r9, r1
100026a4:	e9dd 010a 	ldrd	r0, r1, [sp, #40]	@ 0x28
100026a8:	4642      	mov	r2, r8
100026aa:	464b      	mov	r3, r9
100026ac:	f7ff fa44 	bl	10001b38 <__wrap___aeabi_dcmplt>
100026b0:	b150      	cbz	r0, 100026c8 <_etoa+0x388>
100026b2:	9b0c      	ldr	r3, [sp, #48]	@ 0x30
100026b4:	4640      	mov	r0, r8
100026b6:	3b01      	subs	r3, #1
100026b8:	4649      	mov	r1, r9
100026ba:	930c      	str	r3, [sp, #48]	@ 0x30
100026bc:	2200      	movs	r2, #0
100026be:	4b6b      	ldr	r3, [pc, #428]	@ (1000286c <_etoa+0x52c>)
100026c0:	f7ff f992 	bl	100019e8 <__wrap___aeabi_ddiv>
100026c4:	4680      	mov	r8, r0
100026c6:	4689      	mov	r9, r1
100026c8:	9a0c      	ldr	r2, [sp, #48]	@ 0x30
100026ca:	4643      	mov	r3, r8
100026cc:	3263      	adds	r2, #99	@ 0x63
100026ce:	2ac6      	cmp	r2, #198	@ 0xc6
100026d0:	f006 0202 	and.w	r2, r6, #2
100026d4:	9210      	str	r2, [sp, #64]	@ 0x40
100026d6:	4649      	mov	r1, r9
100026d8:	9a0f      	ldr	r2, [sp, #60]	@ 0x3c
100026da:	d82c      	bhi.n	10002736 <_etoa+0x3f6>
100026dc:	2a00      	cmp	r2, #0
100026de:	d05e      	beq.n	1000279e <_etoa+0x45e>
100026e0:	2204      	movs	r2, #4
100026e2:	9212      	str	r2, [sp, #72]	@ 0x48
100026e4:	430b      	orrs	r3, r1
100026e6:	f43f af16 	beq.w	10002516 <_etoa+0x1d6>
100026ea:	e9dd 010a 	ldrd	r0, r1, [sp, #40]	@ 0x28
100026ee:	a358      	add	r3, pc, #352	@ (adr r3, 10002850 <_etoa+0x510>)
100026f0:	e9d3 2300 	ldrd	r2, r3, [r3]
100026f4:	f7ff fa48 	bl	10001b88 <__wrap___aeabi_dcmpge>
100026f8:	b148      	cbz	r0, 1000270e <_etoa+0x3ce>
100026fa:	e9dd 010a 	ldrd	r0, r1, [sp, #40]	@ 0x28
100026fe:	a356      	add	r3, pc, #344	@ (adr r3, 10002858 <_etoa+0x518>)
10002700:	e9d3 2300 	ldrd	r2, r3, [r3]
10002704:	f7ff fa18 	bl	10001b38 <__wrap___aeabi_dcmplt>
10002708:	2800      	cmp	r0, #0
1000270a:	f47f af04 	bne.w	10002516 <_etoa+0x1d6>
1000270e:	9b0e      	ldr	r3, [sp, #56]	@ 0x38
10002710:	2b00      	cmp	r3, #0
10002712:	d050      	beq.n	100027b6 <_etoa+0x476>
10002714:	9a13      	ldr	r2, [sp, #76]	@ 0x4c
10002716:	2a00      	cmp	r2, #0
10002718:	d07d      	beq.n	10002816 <_etoa+0x4d6>
1000271a:	3b01      	subs	r3, #1
1000271c:	930e      	str	r3, [sp, #56]	@ 0x38
1000271e:	9b12      	ldr	r3, [sp, #72]	@ 0x48
10002720:	459a      	cmp	sl, r3
10002722:	d905      	bls.n	10002730 <_etoa+0x3f0>
10002724:	9b10      	ldr	r3, [sp, #64]	@ 0x40
10002726:	2b00      	cmp	r3, #0
10002728:	f000 80ae 	beq.w	10002888 <_etoa+0x548>
1000272c:	2302      	movs	r3, #2
1000272e:	9310      	str	r3, [sp, #64]	@ 0x40
10002730:	2300      	movs	r3, #0
10002732:	930f      	str	r3, [sp, #60]	@ 0x3c
10002734:	e044      	b.n	100027c0 <_etoa+0x480>
10002736:	bb22      	cbnz	r2, 10002782 <_etoa+0x442>
10002738:	f1ba 0f05 	cmp.w	sl, #5
1000273c:	d94f      	bls.n	100027de <_etoa+0x49e>
1000273e:	f006 0302 	and.w	r3, r6, #2
10002742:	2b00      	cmp	r3, #0
10002744:	d149      	bne.n	100027da <_etoa+0x49a>
10002746:	2305      	movs	r3, #5
10002748:	9312      	str	r3, [sp, #72]	@ 0x48
1000274a:	f1aa 0305 	sub.w	r3, sl, #5
1000274e:	930f      	str	r3, [sp, #60]	@ 0x3c
10002750:	e03a      	b.n	100027c8 <_etoa+0x488>
10002752:	f105 4300 	add.w	r3, r5, #2147483648	@ 0x80000000
10002756:	940a      	str	r4, [sp, #40]	@ 0x28
10002758:	930b      	str	r3, [sp, #44]	@ 0x2c
1000275a:	e627      	b.n	100023ac <_etoa+0x6c>
1000275c:	f426 6600 	bic.w	r6, r6, #2048	@ 0x800
10002760:	f446 6680 	orr.w	r6, r6, #1024	@ 0x400
10002764:	4638      	mov	r0, r7
10002766:	962c      	str	r6, [sp, #176]	@ 0xb0
10002768:	e9dd 670a 	ldrd	r6, r7, [sp, #40]	@ 0x28
1000276c:	4634      	mov	r4, r6
1000276e:	f107 4500 	add.w	r5, r7, #2147483648	@ 0x80000000
10002772:	465a      	mov	r2, fp
10002774:	e9cd 8a2a 	strd	r8, sl, [sp, #168]	@ 0xa8
10002778:	e9cd 4528 	strd	r4, r5, [sp, #160]	@ 0xa0
1000277c:	9b09      	ldr	r3, [sp, #36]	@ 0x24
1000277e:	9908      	ldr	r1, [sp, #32]
10002780:	e6bc      	b.n	100024fc <_etoa+0x1bc>
10002782:	2205      	movs	r2, #5
10002784:	9212      	str	r2, [sp, #72]	@ 0x48
10002786:	e7ad      	b.n	100026e4 <_etoa+0x3a4>
10002788:	2300      	movs	r3, #0
1000278a:	2202      	movs	r2, #2
1000278c:	e9cd 320f 	strd	r3, r2, [sp, #60]	@ 0x3c
10002790:	2204      	movs	r2, #4
10002792:	930c      	str	r3, [sp, #48]	@ 0x30
10002794:	9212      	str	r2, [sp, #72]	@ 0x48
10002796:	e62c      	b.n	100023f2 <_etoa+0xb2>
10002798:	f04f 0805 	mov.w	r8, #5
1000279c:	e6c2      	b.n	10002524 <_etoa+0x1e4>
1000279e:	f1ba 0f04 	cmp.w	sl, #4
100027a2:	d91f      	bls.n	100027e4 <_etoa+0x4a4>
100027a4:	9b10      	ldr	r3, [sp, #64]	@ 0x40
100027a6:	2b00      	cmp	r3, #0
100027a8:	d178      	bne.n	1000289c <_etoa+0x55c>
100027aa:	2304      	movs	r3, #4
100027ac:	9312      	str	r3, [sp, #72]	@ 0x48
100027ae:	f1aa 0304 	sub.w	r3, sl, #4
100027b2:	930f      	str	r3, [sp, #60]	@ 0x3c
100027b4:	e004      	b.n	100027c0 <_etoa+0x480>
100027b6:	9b12      	ldr	r3, [sp, #72]	@ 0x48
100027b8:	459a      	cmp	sl, r3
100027ba:	d831      	bhi.n	10002820 <_etoa+0x4e0>
100027bc:	9b0e      	ldr	r3, [sp, #56]	@ 0x38
100027be:	930f      	str	r3, [sp, #60]	@ 0x3c
100027c0:	9b0c      	ldr	r3, [sp, #48]	@ 0x30
100027c2:	2b00      	cmp	r3, #0
100027c4:	f43f ae15 	beq.w	100023f2 <_etoa+0xb2>
100027c8:	e9dd 010a 	ldrd	r0, r1, [sp, #40]	@ 0x28
100027cc:	4642      	mov	r2, r8
100027ce:	464b      	mov	r3, r9
100027d0:	f7ff f90a 	bl	100019e8 <__wrap___aeabi_ddiv>
100027d4:	e9cd 010a 	strd	r0, r1, [sp, #40]	@ 0x28
100027d8:	e60b      	b.n	100023f2 <_etoa+0xb2>
100027da:	2302      	movs	r3, #2
100027dc:	9310      	str	r3, [sp, #64]	@ 0x40
100027de:	2305      	movs	r3, #5
100027e0:	9312      	str	r3, [sp, #72]	@ 0x48
100027e2:	e7f1      	b.n	100027c8 <_etoa+0x488>
100027e4:	2304      	movs	r3, #4
100027e6:	9312      	str	r3, [sp, #72]	@ 0x48
100027e8:	e7ea      	b.n	100027c0 <_etoa+0x480>
100027ea:	e9dd 450a 	ldrd	r4, r5, [sp, #40]	@ 0x28
100027ee:	46a0      	mov	r8, r4
100027f0:	9b0f      	ldr	r3, [sp, #60]	@ 0x3c
100027f2:	f105 4900 	add.w	r9, r5, #2147483648	@ 0x80000000
100027f6:	9303      	str	r3, [sp, #12]
100027f8:	9b0e      	ldr	r3, [sp, #56]	@ 0x38
100027fa:	465a      	mov	r2, fp
100027fc:	9302      	str	r3, [sp, #8]
100027fe:	f426 6300 	bic.w	r3, r6, #2048	@ 0x800
10002802:	9304      	str	r3, [sp, #16]
10002804:	4638      	mov	r0, r7
10002806:	e9cd 8900 	strd	r8, r9, [sp]
1000280a:	9b09      	ldr	r3, [sp, #36]	@ 0x24
1000280c:	9908      	ldr	r1, [sp, #32]
1000280e:	f7ff fb37 	bl	10001e80 <_ftoa>
10002812:	4602      	mov	r2, r0
10002814:	e608      	b.n	10002428 <_etoa+0xe8>
10002816:	9b12      	ldr	r3, [sp, #72]	@ 0x48
10002818:	459a      	cmp	sl, r3
1000281a:	d844      	bhi.n	100028a6 <_etoa+0x566>
1000281c:	920f      	str	r2, [sp, #60]	@ 0x3c
1000281e:	e7cf      	b.n	100027c0 <_etoa+0x480>
10002820:	9b10      	ldr	r3, [sp, #64]	@ 0x40
10002822:	b38b      	cbz	r3, 10002888 <_etoa+0x548>
10002824:	9b0e      	ldr	r3, [sp, #56]	@ 0x38
10002826:	930f      	str	r3, [sp, #60]	@ 0x3c
10002828:	2302      	movs	r3, #2
1000282a:	9310      	str	r3, [sp, #64]	@ 0x40
1000282c:	e7c8      	b.n	100027c0 <_etoa+0x480>
1000282e:	bf00      	nop
10002830:	636f4361 	.word	0x636f4361
10002834:	3fd287a7 	.word	0x3fd287a7
10002838:	0979a371 	.word	0x0979a371
1000283c:	400a934f 	.word	0x400a934f
10002840:	bbb55516 	.word	0xbbb55516
10002844:	40026bb1 	.word	0x40026bb1
10002848:	fefa39ef 	.word	0xfefa39ef
1000284c:	3fe62e42 	.word	0x3fe62e42
10002850:	eb1c432d 	.word	0xeb1c432d
10002854:	3f1a36e2 	.word	0x3f1a36e2
10002858:	00000000 	.word	0x00000000
1000285c:	412e8480 	.word	0x412e8480
10002860:	3ff80000 	.word	0x3ff80000
10002864:	3fe00000 	.word	0x3fe00000
10002868:	402c0000 	.word	0x402c0000
1000286c:	40240000 	.word	0x40240000
10002870:	40180000 	.word	0x40180000
10002874:	3ff00000 	.word	0x3ff00000
10002878:	509f79fb 	.word	0x509f79fb
1000287c:	3fd34413 	.word	0x3fd34413
10002880:	8b60c8b3 	.word	0x8b60c8b3
10002884:	3fc68a28 	.word	0x3fc68a28
10002888:	9b12      	ldr	r3, [sp, #72]	@ 0x48
1000288a:	ebaa 0303 	sub.w	r3, sl, r3
1000288e:	930f      	str	r3, [sp, #60]	@ 0x3c
10002890:	e796      	b.n	100027c0 <_etoa+0x480>
10002892:	eba3 0802 	sub.w	r8, r3, r2
10002896:	f108 38ff 	add.w	r8, r8, #4294967295
1000289a:	e643      	b.n	10002524 <_etoa+0x1e4>
1000289c:	2304      	movs	r3, #4
1000289e:	9312      	str	r3, [sp, #72]	@ 0x48
100028a0:	2302      	movs	r3, #2
100028a2:	9310      	str	r3, [sp, #64]	@ 0x40
100028a4:	e78c      	b.n	100027c0 <_etoa+0x480>
100028a6:	9b10      	ldr	r3, [sp, #64]	@ 0x40
100028a8:	2b00      	cmp	r3, #0
100028aa:	d0ed      	beq.n	10002888 <_etoa+0x548>
100028ac:	2302      	movs	r3, #2
100028ae:	920f      	str	r2, [sp, #60]	@ 0x3c
100028b0:	9310      	str	r3, [sp, #64]	@ 0x40
100028b2:	e785      	b.n	100027c0 <_etoa+0x480>

100028b4 <_vsnprintf>:
100028b4:	e92d 4ff0 	stmdb	sp!, {r4, r5, r6, r7, r8, r9, sl, fp, lr}
100028b8:	b09b      	sub	sp, #108	@ 0x6c
100028ba:	9c24      	ldr	r4, [sp, #144]	@ 0x90
100028bc:	4d95      	ldr	r5, [pc, #596]	@ (10002b14 <_vsnprintf+0x260>)
100028be:	940a      	str	r4, [sp, #40]	@ 0x28
100028c0:	4c95      	ldr	r4, [pc, #596]	@ (10002b18 <_vsnprintf+0x264>)
100028c2:	f1b1 0a00 	subs.w	sl, r1, #0
100028c6:	bf18      	it	ne
100028c8:	4683      	movne	fp, r0
100028ca:	6025      	str	r5, [r4, #0]
100028cc:	7818      	ldrb	r0, [r3, #0]
100028ce:	4c93      	ldr	r4, [pc, #588]	@ (10002b1c <_vsnprintf+0x268>)
100028d0:	4691      	mov	r9, r2
100028d2:	bf08      	it	eq
100028d4:	46a3      	moveq	fp, r4
100028d6:	9309      	str	r3, [sp, #36]	@ 0x24
100028d8:	2800      	cmp	r0, #0
100028da:	f000 8293 	beq.w	10002e04 <_vsnprintf+0x550>
100028de:	f04f 0800 	mov.w	r8, #0
100028e2:	e00a      	b.n	100028fa <_vsnprintf+0x46>
100028e4:	4642      	mov	r2, r8
100028e6:	464b      	mov	r3, r9
100028e8:	4651      	mov	r1, sl
100028ea:	f108 0801 	add.w	r8, r8, #1
100028ee:	47d8      	blx	fp
100028f0:	9b09      	ldr	r3, [sp, #36]	@ 0x24
100028f2:	7818      	ldrb	r0, [r3, #0]
100028f4:	2800      	cmp	r0, #0
100028f6:	f000 80ce 	beq.w	10002a96 <_vsnprintf+0x1e2>
100028fa:	9b09      	ldr	r3, [sp, #36]	@ 0x24
100028fc:	2825      	cmp	r0, #37	@ 0x25
100028fe:	f103 0301 	add.w	r3, r3, #1
10002902:	9309      	str	r3, [sp, #36]	@ 0x24
10002904:	d1ee      	bne.n	100028e4 <_vsnprintf+0x30>
10002906:	461c      	mov	r4, r3
10002908:	2300      	movs	r3, #0
1000290a:	4622      	mov	r2, r4
1000290c:	f812 0b01 	ldrb.w	r0, [r2], #1
10002910:	f1a0 0120 	sub.w	r1, r0, #32
10002914:	2910      	cmp	r1, #16
10002916:	d80a      	bhi.n	1000292e <_vsnprintf+0x7a>
10002918:	e8df f001 	tbb	[pc, r1]
1000291c:	3c090940 	.word	0x3c090940
10002920:	09090909 	.word	0x09090909
10002924:	38090909 	.word	0x38090909
10002928:	09093409 	.word	0x09093409
1000292c:	30          	.byte	0x30
1000292d:	00          	.byte	0x00
1000292e:	f1a0 0130 	sub.w	r1, r0, #48	@ 0x30
10002932:	2909      	cmp	r1, #9
10002934:	9409      	str	r4, [sp, #36]	@ 0x24
10002936:	f240 808a 	bls.w	10002a4e <_vsnprintf+0x19a>
1000293a:	282a      	cmp	r0, #42	@ 0x2a
1000293c:	f000 80f0 	beq.w	10002b20 <_vsnprintf+0x26c>
10002940:	2500      	movs	r5, #0
10002942:	282e      	cmp	r0, #46	@ 0x2e
10002944:	f000 8096 	beq.w	10002a74 <_vsnprintf+0x1c0>
10002948:	2600      	movs	r6, #0
1000294a:	f1a0 0168 	sub.w	r1, r0, #104	@ 0x68
1000294e:	2912      	cmp	r1, #18
10002950:	d82d      	bhi.n	100029ae <_vsnprintf+0xfa>
10002952:	e8df f011 	tbh	[pc, r1, lsl #1]
10002956:	0149      	.short	0x0149
10002958:	0143002c 	.word	0x0143002c
1000295c:	0138002c 	.word	0x0138002c
10002960:	002c002c 	.word	0x002c002c
10002964:	002c002c 	.word	0x002c002c
10002968:	002c002c 	.word	0x002c002c
1000296c:	0027002c 	.word	0x0027002c
10002970:	002c002c 	.word	0x002c002c
10002974:	002c002c 	.word	0x002c002c
10002978:	0027002c 	.word	0x0027002c
1000297c:	4614      	mov	r4, r2
1000297e:	f043 0301 	orr.w	r3, r3, #1
10002982:	e7c2      	b.n	1000290a <_vsnprintf+0x56>
10002984:	4614      	mov	r4, r2
10002986:	f043 0302 	orr.w	r3, r3, #2
1000298a:	e7be      	b.n	1000290a <_vsnprintf+0x56>
1000298c:	4614      	mov	r4, r2
1000298e:	f043 0304 	orr.w	r3, r3, #4
10002992:	e7ba      	b.n	1000290a <_vsnprintf+0x56>
10002994:	4614      	mov	r4, r2
10002996:	f043 0310 	orr.w	r3, r3, #16
1000299a:	e7b6      	b.n	1000290a <_vsnprintf+0x56>
1000299c:	4614      	mov	r4, r2
1000299e:	f043 0308 	orr.w	r3, r3, #8
100029a2:	e7b2      	b.n	1000290a <_vsnprintf+0x56>
100029a4:	9909      	ldr	r1, [sp, #36]	@ 0x24
100029a6:	7848      	ldrb	r0, [r1, #1]
100029a8:	f443 7380 	orr.w	r3, r3, #256	@ 0x100
100029ac:	3201      	adds	r2, #1
100029ae:	2867      	cmp	r0, #103	@ 0x67
100029b0:	9209      	str	r2, [sp, #36]	@ 0x24
100029b2:	d87e      	bhi.n	10002ab2 <_vsnprintf+0x1fe>
100029b4:	2824      	cmp	r0, #36	@ 0x24
100029b6:	f240 80c1 	bls.w	10002b3c <_vsnprintf+0x288>
100029ba:	f1a0 0225 	sub.w	r2, r0, #37	@ 0x25
100029be:	2a42      	cmp	r2, #66	@ 0x42
100029c0:	f200 80bc 	bhi.w	10002b3c <_vsnprintf+0x288>
100029c4:	e8df f012 	tbh	[pc, r2, lsl #1]
100029c8:	00ba0150 	.word	0x00ba0150
100029cc:	00ba00ba 	.word	0x00ba00ba
100029d0:	00ba00ba 	.word	0x00ba00ba
100029d4:	00ba00ba 	.word	0x00ba00ba
100029d8:	00ba00ba 	.word	0x00ba00ba
100029dc:	00ba00ba 	.word	0x00ba00ba
100029e0:	00ba00ba 	.word	0x00ba00ba
100029e4:	00ba00ba 	.word	0x00ba00ba
100029e8:	00ba00ba 	.word	0x00ba00ba
100029ec:	00ba00ba 	.word	0x00ba00ba
100029f0:	00ba00ba 	.word	0x00ba00ba
100029f4:	00ba00ba 	.word	0x00ba00ba
100029f8:	00ba00ba 	.word	0x00ba00ba
100029fc:	00ba00ba 	.word	0x00ba00ba
10002a00:	00ba00ba 	.word	0x00ba00ba
10002a04:	00ba00ba 	.word	0x00ba00ba
10002a08:	01370119 	.word	0x01370119
10002a0c:	00ba0119 	.word	0x00ba0119
10002a10:	00ba00ba 	.word	0x00ba00ba
10002a14:	00ba00ba 	.word	0x00ba00ba
10002a18:	00ba00ba 	.word	0x00ba00ba
10002a1c:	00ba00ba 	.word	0x00ba00ba
10002a20:	00ba00ba 	.word	0x00ba00ba
10002a24:	00ba00ba 	.word	0x00ba00ba
10002a28:	00ba00ba 	.word	0x00ba00ba
10002a2c:	01bc00ba 	.word	0x01bc00ba
10002a30:	00ba00ba 	.word	0x00ba00ba
10002a34:	00ba00ba 	.word	0x00ba00ba
10002a38:	00ba00ba 	.word	0x00ba00ba
10002a3c:	00ba00ba 	.word	0x00ba00ba
10002a40:	01bc00ba 	.word	0x01bc00ba
10002a44:	01bc0158 	.word	0x01bc0158
10002a48:	01370119 	.word	0x01370119
10002a4c:	0119      	.short	0x0119
10002a4e:	2500      	movs	r5, #0
10002a50:	e000      	b.n	10002a54 <_vsnprintf+0x1a0>
10002a52:	3201      	adds	r2, #1
10002a54:	eb05 0585 	add.w	r5, r5, r5, lsl #2
10002a58:	eb00 0545 	add.w	r5, r0, r5, lsl #1
10002a5c:	7810      	ldrb	r0, [r2, #0]
10002a5e:	3d30      	subs	r5, #48	@ 0x30
10002a60:	f1a0 0130 	sub.w	r1, r0, #48	@ 0x30
10002a64:	2909      	cmp	r1, #9
10002a66:	d9f4      	bls.n	10002a52 <_vsnprintf+0x19e>
10002a68:	282e      	cmp	r0, #46	@ 0x2e
10002a6a:	9209      	str	r2, [sp, #36]	@ 0x24
10002a6c:	f102 0201 	add.w	r2, r2, #1
10002a70:	f47f af6a 	bne.w	10002948 <_vsnprintf+0x94>
10002a74:	9909      	ldr	r1, [sp, #36]	@ 0x24
10002a76:	f443 6380 	orr.w	r3, r3, #1024	@ 0x400
10002a7a:	7848      	ldrb	r0, [r1, #1]
10002a7c:	4611      	mov	r1, r2
10002a7e:	f1a0 0630 	sub.w	r6, r0, #48	@ 0x30
10002a82:	2e09      	cmp	r6, #9
10002a84:	f240 8121 	bls.w	10002cca <_vsnprintf+0x416>
10002a88:	282a      	cmp	r0, #42	@ 0x2a
10002a8a:	f000 812f 	beq.w	10002cec <_vsnprintf+0x438>
10002a8e:	9209      	str	r2, [sp, #36]	@ 0x24
10002a90:	2600      	movs	r6, #0
10002a92:	3201      	adds	r2, #1
10002a94:	e759      	b.n	1000294a <_vsnprintf+0x96>
10002a96:	4644      	mov	r4, r8
10002a98:	45c1      	cmp	r9, r8
10002a9a:	d801      	bhi.n	10002aa0 <_vsnprintf+0x1ec>
10002a9c:	f109 38ff 	add.w	r8, r9, #4294967295
10002aa0:	464b      	mov	r3, r9
10002aa2:	4642      	mov	r2, r8
10002aa4:	4651      	mov	r1, sl
10002aa6:	2000      	movs	r0, #0
10002aa8:	47d8      	blx	fp
10002aaa:	4620      	mov	r0, r4
10002aac:	b01b      	add	sp, #108	@ 0x6c
10002aae:	e8bd 8ff0 	ldmia.w	sp!, {r4, r5, r6, r7, r8, r9, sl, fp, pc}
10002ab2:	f1a0 0269 	sub.w	r2, r0, #105	@ 0x69
10002ab6:	b2d2      	uxtb	r2, r2
10002ab8:	2a0f      	cmp	r2, #15
10002aba:	d83f      	bhi.n	10002b3c <_vsnprintf+0x288>
10002abc:	2101      	movs	r1, #1
10002abe:	f249 0741 	movw	r7, #36929	@ 0x9041
10002ac2:	4091      	lsls	r1, r2
10002ac4:	4039      	ands	r1, r7
10002ac6:	f040 80f3 	bne.w	10002cb0 <_vsnprintf+0x3fc>
10002aca:	2a0a      	cmp	r2, #10
10002acc:	d03d      	beq.n	10002b4a <_vsnprintf+0x296>
10002ace:	2a07      	cmp	r2, #7
10002ad0:	d134      	bne.n	10002b3c <_vsnprintf+0x288>
10002ad2:	9d0a      	ldr	r5, [sp, #40]	@ 0x28
10002ad4:	f855 2b04 	ldr.w	r2, [r5], #4
10002ad8:	2a00      	cmp	r2, #0
10002ada:	f000 8113 	beq.w	10002d04 <_vsnprintf+0x450>
10002ade:	f043 0021 	orr.w	r0, r3, #33	@ 0x21
10002ae2:	ab12      	add	r3, sp, #72	@ 0x48
10002ae4:	461f      	mov	r7, r3
10002ae6:	930b      	str	r3, [sp, #44]	@ 0x2c
10002ae8:	e003      	b.n	10002af2 <_vsnprintf+0x23e>
10002aea:	2920      	cmp	r1, #32
10002aec:	f000 8114 	beq.w	10002d18 <_vsnprintf+0x464>
10002af0:	461a      	mov	r2, r3
10002af2:	f002 040f 	and.w	r4, r2, #15
10002af6:	4623      	mov	r3, r4
10002af8:	2c09      	cmp	r4, #9
10002afa:	bf94      	ite	ls
10002afc:	3330      	addls	r3, #48	@ 0x30
10002afe:	3337      	addhi	r3, #55	@ 0x37
10002b00:	2a0f      	cmp	r2, #15
10002b02:	f807 3b01 	strb.w	r3, [r7], #1
10002b06:	f101 0101 	add.w	r1, r1, #1
10002b0a:	ea4f 1312 	mov.w	r3, r2, lsr #4
10002b0e:	d8ec      	bhi.n	10002aea <_vsnprintf+0x236>
10002b10:	e102      	b.n	10002d18 <_vsnprintf+0x464>
10002b12:	bf00      	nop
10002b14:	100028b5 	.word	0x100028b5
10002b18:	200024f4 	.word	0x200024f4
10002b1c:	10001bf9 	.word	0x10001bf9
10002b20:	990a      	ldr	r1, [sp, #40]	@ 0x28
10002b22:	9809      	ldr	r0, [sp, #36]	@ 0x24
10002b24:	f851 5b04 	ldr.w	r5, [r1], #4
10002b28:	7840      	ldrb	r0, [r0, #1]
10002b2a:	2d00      	cmp	r5, #0
10002b2c:	e9cd 2109 	strd	r2, r1, [sp, #36]	@ 0x24
10002b30:	bfbc      	itt	lt
10002b32:	f043 0302 	orrlt.w	r3, r3, #2
10002b36:	426d      	neglt	r5, r5
10002b38:	3201      	adds	r2, #1
10002b3a:	e702      	b.n	10002942 <_vsnprintf+0x8e>
10002b3c:	4642      	mov	r2, r8
10002b3e:	464b      	mov	r3, r9
10002b40:	4651      	mov	r1, sl
10002b42:	f108 0801 	add.w	r8, r8, #1
10002b46:	47d8      	blx	fp
10002b48:	e6d2      	b.n	100028f0 <_vsnprintf+0x3c>
10002b4a:	990a      	ldr	r1, [sp, #40]	@ 0x28
10002b4c:	2e00      	cmp	r6, #0
10002b4e:	f851 7b04 	ldr.w	r7, [r1], #4
10002b52:	bf18      	it	ne
10002b54:	4632      	movne	r2, r6
10002b56:	7838      	ldrb	r0, [r7, #0]
10002b58:	bf08      	it	eq
10002b5a:	f04f 32ff 	moveq.w	r2, #4294967295
10002b5e:	2800      	cmp	r0, #0
10002b60:	f000 837b 	beq.w	1000325a <_vsnprintf+0x9a6>
10002b64:	18bc      	adds	r4, r7, r2
10002b66:	46a4      	mov	ip, r4
10002b68:	463a      	mov	r2, r7
10002b6a:	e004      	b.n	10002b76 <_vsnprintf+0x2c2>
10002b6c:	f812 4f01 	ldrb.w	r4, [r2, #1]!
10002b70:	2c00      	cmp	r4, #0
10002b72:	f000 813f 	beq.w	10002df4 <_vsnprintf+0x540>
10002b76:	4594      	cmp	ip, r2
10002b78:	d1f8      	bne.n	10002b6c <_vsnprintf+0x2b8>
10002b7a:	4664      	mov	r4, ip
10002b7c:	1be4      	subs	r4, r4, r7
10002b7e:	055a      	lsls	r2, r3, #21
10002b80:	f140 8122 	bpl.w	10002dc8 <_vsnprintf+0x514>
10002b84:	42b4      	cmp	r4, r6
10002b86:	bf28      	it	cs
10002b88:	4634      	movcs	r4, r6
10002b8a:	f013 0302 	ands.w	r3, r3, #2
10002b8e:	f000 8288 	beq.w	100030a2 <_vsnprintf+0x7ee>
10002b92:	2302      	movs	r3, #2
10002b94:	e9cd 510a 	strd	r5, r1, [sp, #40]	@ 0x28
10002b98:	4642      	mov	r2, r8
10002b9a:	461d      	mov	r5, r3
10002b9c:	4446      	add	r6, r8
10002b9e:	e008      	b.n	10002bb2 <_vsnprintf+0x2fe>
10002ba0:	464b      	mov	r3, r9
10002ba2:	4651      	mov	r1, sl
10002ba4:	47d8      	blx	fp
10002ba6:	f817 0f01 	ldrb.w	r0, [r7, #1]!
10002baa:	f108 0801 	add.w	r8, r8, #1
10002bae:	b110      	cbz	r0, 10002bb6 <_vsnprintf+0x302>
10002bb0:	4642      	mov	r2, r8
10002bb2:	4546      	cmp	r6, r8
10002bb4:	d1f4      	bne.n	10002ba0 <_vsnprintf+0x2ec>
10002bb6:	462b      	mov	r3, r5
10002bb8:	990b      	ldr	r1, [sp, #44]	@ 0x2c
10002bba:	9d0a      	ldr	r5, [sp, #40]	@ 0x28
10002bbc:	2b00      	cmp	r3, #0
10002bbe:	f040 8141 	bne.w	10002e44 <_vsnprintf+0x590>
10002bc2:	910a      	str	r1, [sp, #40]	@ 0x28
10002bc4:	e694      	b.n	100028f0 <_vsnprintf+0x3c>
10002bc6:	9909      	ldr	r1, [sp, #36]	@ 0x24
10002bc8:	7848      	ldrb	r0, [r1, #1]
10002bca:	286c      	cmp	r0, #108	@ 0x6c
10002bcc:	f47f aeec 	bne.w	100029a8 <_vsnprintf+0xf4>
10002bd0:	460a      	mov	r2, r1
10002bd2:	7888      	ldrb	r0, [r1, #2]
10002bd4:	f443 7340 	orr.w	r3, r3, #768	@ 0x300
10002bd8:	3203      	adds	r2, #3
10002bda:	e6e8      	b.n	100029ae <_vsnprintf+0xfa>
10002bdc:	9909      	ldr	r1, [sp, #36]	@ 0x24
10002bde:	f443 7300 	orr.w	r3, r3, #512	@ 0x200
10002be2:	7848      	ldrb	r0, [r1, #1]
10002be4:	3201      	adds	r2, #1
10002be6:	e6e2      	b.n	100029ae <_vsnprintf+0xfa>
10002be8:	9909      	ldr	r1, [sp, #36]	@ 0x24
10002bea:	7848      	ldrb	r0, [r1, #1]
10002bec:	2868      	cmp	r0, #104	@ 0x68
10002bee:	f000 8103 	beq.w	10002df8 <_vsnprintf+0x544>
10002bf2:	f043 0380 	orr.w	r3, r3, #128	@ 0x80
10002bf6:	3201      	adds	r2, #1
10002bf8:	e6d9      	b.n	100029ae <_vsnprintf+0xfa>
10002bfa:	2867      	cmp	r0, #103	@ 0x67
10002bfc:	f000 80d9 	beq.w	10002db2 <_vsnprintf+0x4fe>
10002c00:	2847      	cmp	r0, #71	@ 0x47
10002c02:	f000 80dc 	beq.w	10002dbe <_vsnprintf+0x50a>
10002c06:	2845      	cmp	r0, #69	@ 0x45
10002c08:	f000 80db 	beq.w	10002dc2 <_vsnprintf+0x50e>
10002c0c:	e9cd 5303 	strd	r5, r3, [sp, #12]
10002c10:	9b0a      	ldr	r3, [sp, #40]	@ 0x28
10002c12:	9602      	str	r6, [sp, #8]
10002c14:	3307      	adds	r3, #7
10002c16:	f023 0307 	bic.w	r3, r3, #7
10002c1a:	461c      	mov	r4, r3
10002c1c:	4642      	mov	r2, r8
10002c1e:	e8f4 6702 	ldrd	r6, r7, [r4], #8
10002c22:	464b      	mov	r3, r9
10002c24:	4651      	mov	r1, sl
10002c26:	4658      	mov	r0, fp
10002c28:	e9cd 6700 	strd	r6, r7, [sp]
10002c2c:	940a      	str	r4, [sp, #40]	@ 0x28
10002c2e:	f7ff fb87 	bl	10002340 <_etoa>
10002c32:	4680      	mov	r8, r0
10002c34:	e65c      	b.n	100028f0 <_vsnprintf+0x3c>
10002c36:	2846      	cmp	r0, #70	@ 0x46
10002c38:	bf08      	it	eq
10002c3a:	f043 0320 	orreq.w	r3, r3, #32
10002c3e:	e9cd 5303 	strd	r5, r3, [sp, #12]
10002c42:	9b0a      	ldr	r3, [sp, #40]	@ 0x28
10002c44:	9602      	str	r6, [sp, #8]
10002c46:	3307      	adds	r3, #7
10002c48:	f023 0307 	bic.w	r3, r3, #7
10002c4c:	461c      	mov	r4, r3
10002c4e:	4642      	mov	r2, r8
10002c50:	e8f4 6702 	ldrd	r6, r7, [r4], #8
10002c54:	464b      	mov	r3, r9
10002c56:	4651      	mov	r1, sl
10002c58:	4658      	mov	r0, fp
10002c5a:	e9cd 6700 	strd	r6, r7, [sp]
10002c5e:	940a      	str	r4, [sp, #40]	@ 0x28
10002c60:	f7ff f90e 	bl	10001e80 <_ftoa>
10002c64:	4680      	mov	r8, r0
10002c66:	e643      	b.n	100028f0 <_vsnprintf+0x3c>
10002c68:	4642      	mov	r2, r8
10002c6a:	464b      	mov	r3, r9
10002c6c:	4651      	mov	r1, sl
10002c6e:	2025      	movs	r0, #37	@ 0x25
10002c70:	f108 0801 	add.w	r8, r8, #1
10002c74:	47d8      	blx	fp
10002c76:	e63b      	b.n	100028f0 <_vsnprintf+0x3c>
10002c78:	9a0a      	ldr	r2, [sp, #40]	@ 0x28
10002c7a:	0799      	lsls	r1, r3, #30
10002c7c:	f102 0404 	add.w	r4, r2, #4
10002c80:	f108 0601 	add.w	r6, r8, #1
10002c84:	f140 80c6 	bpl.w	10002e14 <_vsnprintf+0x560>
10002c88:	7810      	ldrb	r0, [r2, #0]
10002c8a:	464b      	mov	r3, r9
10002c8c:	4642      	mov	r2, r8
10002c8e:	4651      	mov	r1, sl
10002c90:	47d8      	blx	fp
10002c92:	2d01      	cmp	r5, #1
10002c94:	bf88      	it	hi
10002c96:	44a8      	addhi	r8, r5
10002c98:	f240 81bd 	bls.w	10003016 <_vsnprintf+0x762>
10002c9c:	4632      	mov	r2, r6
10002c9e:	464b      	mov	r3, r9
10002ca0:	4651      	mov	r1, sl
10002ca2:	2020      	movs	r0, #32
10002ca4:	3601      	adds	r6, #1
10002ca6:	47d8      	blx	fp
10002ca8:	4546      	cmp	r6, r8
10002caa:	d1f7      	bne.n	10002c9c <_vsnprintf+0x3e8>
10002cac:	940a      	str	r4, [sp, #40]	@ 0x28
10002cae:	e61f      	b.n	100028f0 <_vsnprintf+0x3c>
10002cb0:	286f      	cmp	r0, #111	@ 0x6f
10002cb2:	f000 8081 	beq.w	10002db8 <_vsnprintf+0x504>
10002cb6:	f240 8248 	bls.w	1000314a <_vsnprintf+0x896>
10002cba:	2878      	cmp	r0, #120	@ 0x78
10002cbc:	f000 8190 	beq.w	10002fe0 <_vsnprintf+0x72c>
10002cc0:	270a      	movs	r7, #10
10002cc2:	f023 0310 	bic.w	r3, r3, #16
10002cc6:	46bc      	mov	ip, r7
10002cc8:	e041      	b.n	10002d4e <_vsnprintf+0x49a>
10002cca:	2600      	movs	r6, #0
10002ccc:	eb06 0686 	add.w	r6, r6, r6, lsl #2
10002cd0:	eb00 0046 	add.w	r0, r0, r6, lsl #1
10002cd4:	f1a0 0630 	sub.w	r6, r0, #48	@ 0x30
10002cd8:	f811 0f01 	ldrb.w	r0, [r1, #1]!
10002cdc:	f1a0 0230 	sub.w	r2, r0, #48	@ 0x30
10002ce0:	2a09      	cmp	r2, #9
10002ce2:	d9f3      	bls.n	10002ccc <_vsnprintf+0x418>
10002ce4:	460a      	mov	r2, r1
10002ce6:	9109      	str	r1, [sp, #36]	@ 0x24
10002ce8:	3201      	adds	r2, #1
10002cea:	e62e      	b.n	1000294a <_vsnprintf+0x96>
10002cec:	e9dd 2109 	ldrd	r2, r1, [sp, #36]	@ 0x24
10002cf0:	f851 6b04 	ldr.w	r6, [r1], #4
10002cf4:	7890      	ldrb	r0, [r2, #2]
10002cf6:	3202      	adds	r2, #2
10002cf8:	9209      	str	r2, [sp, #36]	@ 0x24
10002cfa:	910a      	str	r1, [sp, #40]	@ 0x28
10002cfc:	3201      	adds	r2, #1
10002cfe:	ea26 76e6 	bic.w	r6, r6, r6, asr #31
10002d02:	e622      	b.n	1000294a <_vsnprintf+0x96>
10002d04:	f023 0010 	bic.w	r0, r3, #16
10002d08:	f413 6280 	ands.w	r2, r3, #1024	@ 0x400
10002d0c:	f040 0021 	orr.w	r0, r0, #33	@ 0x21
10002d10:	f43f aee7 	beq.w	10002ae2 <_vsnprintf+0x22e>
10002d14:	ab12      	add	r3, sp, #72	@ 0x48
10002d16:	930b      	str	r3, [sp, #44]	@ 0x2c
10002d18:	9b0b      	ldr	r3, [sp, #44]	@ 0x2c
10002d1a:	9006      	str	r0, [sp, #24]
10002d1c:	9300      	str	r3, [sp, #0]
10002d1e:	2308      	movs	r3, #8
10002d20:	2010      	movs	r0, #16
10002d22:	9305      	str	r3, [sp, #20]
10002d24:	2300      	movs	r3, #0
10002d26:	4642      	mov	r2, r8
10002d28:	e9cd 3002 	strd	r3, r0, [sp, #8]
10002d2c:	9101      	str	r1, [sp, #4]
10002d2e:	464b      	mov	r3, r9
10002d30:	4651      	mov	r1, sl
10002d32:	4658      	mov	r0, fp
10002d34:	9604      	str	r6, [sp, #16]
10002d36:	f7fe ffaf 	bl	10001c98 <_ntoa_format>
10002d3a:	950a      	str	r5, [sp, #40]	@ 0x28
10002d3c:	4680      	mov	r8, r0
10002d3e:	e5d7      	b.n	100028f0 <_vsnprintf+0x3c>
10002d40:	2858      	cmp	r0, #88	@ 0x58
10002d42:	d062      	beq.n	10002e0a <_vsnprintf+0x556>
10002d44:	2862      	cmp	r0, #98	@ 0x62
10002d46:	f040 808f 	bne.w	10002e68 <_vsnprintf+0x5b4>
10002d4a:	2702      	movs	r7, #2
10002d4c:	46bc      	mov	ip, r7
10002d4e:	f413 6080 	ands.w	r0, r3, #1024	@ 0x400
10002d52:	f000 80dd 	beq.w	10002f10 <_vsnprintf+0x65c>
10002d56:	f023 030d 	bic.w	r3, r3, #13
10002d5a:	f413 7200 	ands.w	r2, r3, #512	@ 0x200
10002d5e:	f040 8181 	bne.w	10003064 <_vsnprintf+0x7b0>
10002d62:	990a      	ldr	r1, [sp, #40]	@ 0x28
10002d64:	1d0f      	adds	r7, r1, #4
10002d66:	f413 7180 	ands.w	r1, r3, #256	@ 0x100
10002d6a:	f040 8237 	bne.w	100031dc <_vsnprintf+0x928>
10002d6e:	065c      	lsls	r4, r3, #25
10002d70:	9a0a      	ldr	r2, [sp, #40]	@ 0x28
10002d72:	f140 813b 	bpl.w	10002fec <_vsnprintf+0x738>
10002d76:	7812      	ldrb	r2, [r2, #0]
10002d78:	2a00      	cmp	r2, #0
10002d7a:	f040 814e 	bne.w	1000301a <_vsnprintf+0x766>
10002d7e:	f023 0310 	bic.w	r3, r3, #16
10002d82:	2800      	cmp	r0, #0
10002d84:	f000 8149 	beq.w	1000301a <_vsnprintf+0x766>
10002d88:	4611      	mov	r1, r2
10002d8a:	aa12      	add	r2, sp, #72	@ 0x48
10002d8c:	920b      	str	r2, [sp, #44]	@ 0x2c
10002d8e:	e9cd 5305 	strd	r5, r3, [sp, #20]
10002d92:	e9cd c603 	strd	ip, r6, [sp, #12]
10002d96:	9101      	str	r1, [sp, #4]
10002d98:	9b0b      	ldr	r3, [sp, #44]	@ 0x2c
10002d9a:	4642      	mov	r2, r8
10002d9c:	9300      	str	r3, [sp, #0]
10002d9e:	2300      	movs	r3, #0
10002da0:	4651      	mov	r1, sl
10002da2:	9302      	str	r3, [sp, #8]
10002da4:	4658      	mov	r0, fp
10002da6:	464b      	mov	r3, r9
10002da8:	f7fe ff76 	bl	10001c98 <_ntoa_format>
10002dac:	970a      	str	r7, [sp, #40]	@ 0x28
10002dae:	4680      	mov	r8, r0
10002db0:	e59e      	b.n	100028f0 <_vsnprintf+0x3c>
10002db2:	f443 6300 	orr.w	r3, r3, #2048	@ 0x800
10002db6:	e729      	b.n	10002c0c <_vsnprintf+0x358>
10002db8:	2708      	movs	r7, #8
10002dba:	46bc      	mov	ip, r7
10002dbc:	e7c7      	b.n	10002d4e <_vsnprintf+0x49a>
10002dbe:	f443 6300 	orr.w	r3, r3, #2048	@ 0x800
10002dc2:	f043 0320 	orr.w	r3, r3, #32
10002dc6:	e721      	b.n	10002c0c <_vsnprintf+0x358>
10002dc8:	f013 0302 	ands.w	r3, r3, #2
10002dcc:	f000 818e 	beq.w	100030ec <_vsnprintf+0x838>
10002dd0:	2302      	movs	r3, #2
10002dd2:	950a      	str	r5, [sp, #40]	@ 0x28
10002dd4:	461e      	mov	r6, r3
10002dd6:	460d      	mov	r5, r1
10002dd8:	4642      	mov	r2, r8
10002dda:	464b      	mov	r3, r9
10002ddc:	4651      	mov	r1, sl
10002dde:	47d8      	blx	fp
10002de0:	f817 0f01 	ldrb.w	r0, [r7, #1]!
10002de4:	f108 0801 	add.w	r8, r8, #1
10002de8:	2800      	cmp	r0, #0
10002dea:	d1f5      	bne.n	10002dd8 <_vsnprintf+0x524>
10002dec:	4629      	mov	r1, r5
10002dee:	4633      	mov	r3, r6
10002df0:	9d0a      	ldr	r5, [sp, #40]	@ 0x28
10002df2:	e6e3      	b.n	10002bbc <_vsnprintf+0x308>
10002df4:	1bd4      	subs	r4, r2, r7
10002df6:	e6c2      	b.n	10002b7e <_vsnprintf+0x2ca>
10002df8:	460a      	mov	r2, r1
10002dfa:	7888      	ldrb	r0, [r1, #2]
10002dfc:	f043 03c0 	orr.w	r3, r3, #192	@ 0xc0
10002e00:	3203      	adds	r2, #3
10002e02:	e5d4      	b.n	100029ae <_vsnprintf+0xfa>
10002e04:	4604      	mov	r4, r0
10002e06:	4680      	mov	r8, r0
10002e08:	e646      	b.n	10002a98 <_vsnprintf+0x1e4>
10002e0a:	2710      	movs	r7, #16
10002e0c:	f043 0320 	orr.w	r3, r3, #32
10002e10:	46bc      	mov	ip, r7
10002e12:	e79c      	b.n	10002d4e <_vsnprintf+0x49a>
10002e14:	2d01      	cmp	r5, #1
10002e16:	f240 80f8 	bls.w	1000300a <_vsnprintf+0x756>
10002e1a:	4646      	mov	r6, r8
10002e1c:	f108 37ff 	add.w	r7, r8, #4294967295
10002e20:	442f      	add	r7, r5
10002e22:	4632      	mov	r2, r6
10002e24:	464b      	mov	r3, r9
10002e26:	4651      	mov	r1, sl
10002e28:	2020      	movs	r0, #32
10002e2a:	3601      	adds	r6, #1
10002e2c:	47d8      	blx	fp
10002e2e:	42be      	cmp	r6, r7
10002e30:	d1f7      	bne.n	10002e22 <_vsnprintf+0x56e>
10002e32:	9b0a      	ldr	r3, [sp, #40]	@ 0x28
10002e34:	4632      	mov	r2, r6
10002e36:	7818      	ldrb	r0, [r3, #0]
10002e38:	4651      	mov	r1, sl
10002e3a:	464b      	mov	r3, r9
10002e3c:	47d8      	blx	fp
10002e3e:	44a8      	add	r8, r5
10002e40:	940a      	str	r4, [sp, #40]	@ 0x28
10002e42:	e555      	b.n	100028f0 <_vsnprintf+0x3c>
10002e44:	4646      	mov	r6, r8
10002e46:	42a5      	cmp	r5, r4
10002e48:	f67f aebb 	bls.w	10002bc2 <_vsnprintf+0x30e>
10002e4c:	44a8      	add	r8, r5
10002e4e:	eba8 0804 	sub.w	r8, r8, r4
10002e52:	460c      	mov	r4, r1
10002e54:	4632      	mov	r2, r6
10002e56:	464b      	mov	r3, r9
10002e58:	4651      	mov	r1, sl
10002e5a:	2020      	movs	r0, #32
10002e5c:	3601      	adds	r6, #1
10002e5e:	47d8      	blx	fp
10002e60:	4546      	cmp	r6, r8
10002e62:	d1f7      	bne.n	10002e54 <_vsnprintf+0x5a0>
10002e64:	4621      	mov	r1, r4
10002e66:	e6ac      	b.n	10002bc2 <_vsnprintf+0x30e>
10002e68:	f413 6280 	ands.w	r2, r3, #1024	@ 0x400
10002e6c:	f000 80bb 	beq.w	10002fe6 <_vsnprintf+0x732>
10002e70:	f44f 6280 	mov.w	r2, #1024	@ 0x400
10002e74:	f023 0c11 	bic.w	ip, r3, #17
10002e78:	f41c 7700 	ands.w	r7, ip, #512	@ 0x200
10002e7c:	9b0a      	ldr	r3, [sp, #40]	@ 0x28
10002e7e:	d14a      	bne.n	10002f16 <_vsnprintf+0x662>
10002e80:	f41c 7080 	ands.w	r0, ip, #256	@ 0x100
10002e84:	f103 0404 	add.w	r4, r3, #4
10002e88:	f040 8134 	bne.w	100030f4 <_vsnprintf+0x840>
10002e8c:	f01c 0f40 	tst.w	ip, #64	@ 0x40
10002e90:	f040 80a3 	bne.w	10002fda <_vsnprintf+0x726>
10002e94:	f01c 0f80 	tst.w	ip, #128	@ 0x80
10002e98:	f000 81d3 	beq.w	10003242 <_vsnprintf+0x98e>
10002e9c:	f9b3 1000 	ldrsh.w	r1, [r3]
10002ea0:	ea81 77e1 	eor.w	r7, r1, r1, asr #31
10002ea4:	eba7 77e1 	sub.w	r7, r7, r1, asr #31
10002ea8:	b2bf      	uxth	r7, r7
10002eaa:	0fcb      	lsrs	r3, r1, #31
10002eac:	2900      	cmp	r1, #0
10002eae:	f000 8156 	beq.w	1000315e <_vsnprintf+0x8aa>
10002eb2:	463a      	mov	r2, r7
10002eb4:	a912      	add	r1, sp, #72	@ 0x48
10002eb6:	460f      	mov	r7, r1
10002eb8:	f8df e3d8 	ldr.w	lr, [pc, #984]	@ 10003294 <_vsnprintf+0x9e0>
10002ebc:	910b      	str	r1, [sp, #44]	@ 0x2c
10002ebe:	930a      	str	r3, [sp, #40]	@ 0x28
10002ec0:	950c      	str	r5, [sp, #48]	@ 0x30
10002ec2:	e001      	b.n	10002ec8 <_vsnprintf+0x614>
10002ec4:	2820      	cmp	r0, #32
10002ec6:	d00f      	beq.n	10002ee8 <_vsnprintf+0x634>
10002ec8:	4615      	mov	r5, r2
10002eca:	fbae 1302 	umull	r1, r3, lr, r2
10002ece:	08db      	lsrs	r3, r3, #3
10002ed0:	eb03 0183 	add.w	r1, r3, r3, lsl #2
10002ed4:	eba2 0141 	sub.w	r1, r2, r1, lsl #1
10002ed8:	3130      	adds	r1, #48	@ 0x30
10002eda:	2d09      	cmp	r5, #9
10002edc:	461a      	mov	r2, r3
10002ede:	f100 0001 	add.w	r0, r0, #1
10002ee2:	f807 1b01 	strb.w	r1, [r7], #1
10002ee6:	d8ed      	bhi.n	10002ec4 <_vsnprintf+0x610>
10002ee8:	9b0a      	ldr	r3, [sp, #40]	@ 0x28
10002eea:	9d0c      	ldr	r5, [sp, #48]	@ 0x30
10002eec:	e9cd 5c05 	strd	r5, ip, [sp, #20]
10002ef0:	e9cd 0301 	strd	r0, r3, [sp, #4]
10002ef4:	9604      	str	r6, [sp, #16]
10002ef6:	9b0b      	ldr	r3, [sp, #44]	@ 0x2c
10002ef8:	4642      	mov	r2, r8
10002efa:	9300      	str	r3, [sp, #0]
10002efc:	230a      	movs	r3, #10
10002efe:	4651      	mov	r1, sl
10002f00:	9303      	str	r3, [sp, #12]
10002f02:	4658      	mov	r0, fp
10002f04:	464b      	mov	r3, r9
10002f06:	f7fe fec7 	bl	10001c98 <_ntoa_format>
10002f0a:	940a      	str	r4, [sp, #40]	@ 0x28
10002f0c:	4680      	mov	r8, r0
10002f0e:	e4ef      	b.n	100028f0 <_vsnprintf+0x3c>
10002f10:	f023 030c 	bic.w	r3, r3, #12
10002f14:	e721      	b.n	10002d5a <_vsnprintf+0x4a6>
10002f16:	3307      	adds	r3, #7
10002f18:	f023 0307 	bic.w	r3, r3, #7
10002f1c:	4619      	mov	r1, r3
10002f1e:	4608      	mov	r0, r1
10002f20:	685b      	ldr	r3, [r3, #4]
10002f22:	f850 1b08 	ldr.w	r1, [r0], #8
10002f26:	0fdf      	lsrs	r7, r3, #31
10002f28:	900a      	str	r0, [sp, #40]	@ 0x28
10002f2a:	ea51 0003 	orrs.w	r0, r1, r3
10002f2e:	d162      	bne.n	10002ff6 <_vsnprintf+0x742>
10002f30:	2a00      	cmp	r2, #0
10002f32:	f040 819f 	bne.w	10003274 <_vsnprintf+0x9c0>
10002f36:	4613      	mov	r3, r2
10002f38:	4611      	mov	r1, r2
10002f3a:	aa12      	add	r2, sp, #72	@ 0x48
10002f3c:	e9cd 750c 	strd	r7, r5, [sp, #48]	@ 0x30
10002f40:	2000      	movs	r0, #0
10002f42:	4615      	mov	r5, r2
10002f44:	e9cd 680e 	strd	r6, r8, [sp, #56]	@ 0x38
10002f48:	f8df e348 	ldr.w	lr, [pc, #840]	@ 10003294 <_vsnprintf+0x9e0>
10002f4c:	920b      	str	r2, [sp, #44]	@ 0x2c
10002f4e:	e001      	b.n	10002f54 <_vsnprintf+0x6a0>
10002f50:	2820      	cmp	r0, #32
10002f52:	d02d      	beq.n	10002fb0 <_vsnprintf+0x6fc>
10002f54:	185a      	adds	r2, r3, r1
10002f56:	f142 0200 	adc.w	r2, r2, #0
10002f5a:	fbae 7802 	umull	r7, r8, lr, r2
10002f5e:	f028 0703 	bic.w	r7, r8, #3
10002f62:	eb07 0798 	add.w	r7, r7, r8, lsr #2
10002f66:	1bd2      	subs	r2, r2, r7
10002f68:	461e      	mov	r6, r3
10002f6a:	1a9b      	subs	r3, r3, r2
10002f6c:	f161 0700 	sbc.w	r7, r1, #0
10002f70:	460c      	mov	r4, r1
10002f72:	f04f 31cc 	mov.w	r1, #3435973836	@ 0xcccccccc
10002f76:	fb01 f103 	mul.w	r1, r1, r3
10002f7a:	fb0e 1107 	mla	r1, lr, r7, r1
10002f7e:	fba3 730e 	umull	r7, r3, r3, lr
10002f82:	4419      	add	r1, r3
10002f84:	2305      	movs	r3, #5
10002f86:	f007 0801 	and.w	r8, r7, #1
10002f8a:	fba8 3803 	umull	r3, r8, r8, r3
10002f8e:	189b      	adds	r3, r3, r2
10002f90:	2e0a      	cmp	r6, #10
10002f92:	f103 0330 	add.w	r3, r3, #48	@ 0x30
10002f96:	ea4f 0757 	mov.w	r7, r7, lsr #1
10002f9a:	f174 0400 	sbcs.w	r4, r4, #0
10002f9e:	f805 3b01 	strb.w	r3, [r5], #1
10002fa2:	f100 0001 	add.w	r0, r0, #1
10002fa6:	ea47 73c1 	orr.w	r3, r7, r1, lsl #31
10002faa:	ea4f 0151 	mov.w	r1, r1, lsr #1
10002fae:	d2cf      	bcs.n	10002f50 <_vsnprintf+0x69c>
10002fb0:	e9dd 750c 	ldrd	r7, r5, [sp, #48]	@ 0x30
10002fb4:	e9dd 680e 	ldrd	r6, r8, [sp, #56]	@ 0x38
10002fb8:	9b0b      	ldr	r3, [sp, #44]	@ 0x2c
10002fba:	4642      	mov	r2, r8
10002fbc:	9300      	str	r3, [sp, #0]
10002fbe:	230a      	movs	r3, #10
10002fc0:	e9cd 5c05 	strd	r5, ip, [sp, #20]
10002fc4:	e9cd 0701 	strd	r0, r7, [sp, #4]
10002fc8:	9604      	str	r6, [sp, #16]
10002fca:	9303      	str	r3, [sp, #12]
10002fcc:	464b      	mov	r3, r9
10002fce:	4651      	mov	r1, sl
10002fd0:	4658      	mov	r0, fp
10002fd2:	f7fe fe61 	bl	10001c98 <_ntoa_format>
10002fd6:	4680      	mov	r8, r0
10002fd8:	e48a      	b.n	100028f0 <_vsnprintf+0x3c>
10002fda:	7819      	ldrb	r1, [r3, #0]
10002fdc:	460f      	mov	r7, r1
10002fde:	e764      	b.n	10002eaa <_vsnprintf+0x5f6>
10002fe0:	2710      	movs	r7, #16
10002fe2:	46bc      	mov	ip, r7
10002fe4:	e6b3      	b.n	10002d4e <_vsnprintf+0x49a>
10002fe6:	f023 0c10 	bic.w	ip, r3, #16
10002fea:	e745      	b.n	10002e78 <_vsnprintf+0x5c4>
10002fec:	061c      	lsls	r4, r3, #24
10002fee:	bf4c      	ite	mi
10002ff0:	8812      	ldrhmi	r2, [r2, #0]
10002ff2:	6812      	ldrpl	r2, [r2, #0]
10002ff4:	e6c0      	b.n	10002d78 <_vsnprintf+0x4c4>
10002ff6:	460a      	mov	r2, r1
10002ff8:	1e19      	subs	r1, r3, #0
10002ffa:	db01      	blt.n	10003000 <_vsnprintf+0x74c>
10002ffc:	4613      	mov	r3, r2
10002ffe:	e79c      	b.n	10002f3a <_vsnprintf+0x686>
10003000:	4252      	negs	r2, r2
10003002:	4613      	mov	r3, r2
10003004:	eb61 0141 	sbc.w	r1, r1, r1, lsl #1
10003008:	e797      	b.n	10002f3a <_vsnprintf+0x686>
1000300a:	4613      	mov	r3, r2
1000300c:	4651      	mov	r1, sl
1000300e:	7818      	ldrb	r0, [r3, #0]
10003010:	4642      	mov	r2, r8
10003012:	464b      	mov	r3, r9
10003014:	47d8      	blx	fp
10003016:	46b0      	mov	r8, r6
10003018:	e648      	b.n	10002cac <_vsnprintf+0x3f8>
1000301a:	f013 0f20 	tst.w	r3, #32
1000301e:	bf14      	ite	ne
10003020:	2041      	movne	r0, #65	@ 0x41
10003022:	2061      	moveq	r0, #97	@ 0x61
10003024:	ac12      	add	r4, sp, #72	@ 0x48
10003026:	46a6      	mov	lr, r4
10003028:	940b      	str	r4, [sp, #44]	@ 0x2c
1000302a:	930a      	str	r3, [sp, #40]	@ 0x28
1000302c:	f1a0 040a 	sub.w	r4, r0, #10
10003030:	950c      	str	r5, [sp, #48]	@ 0x30
10003032:	e002      	b.n	1000303a <_vsnprintf+0x786>
10003034:	2920      	cmp	r1, #32
10003036:	d012      	beq.n	1000305e <_vsnprintf+0x7aa>
10003038:	462a      	mov	r2, r5
1000303a:	fbb2 f5fc 	udiv	r5, r2, ip
1000303e:	fb0c 2015 	mls	r0, ip, r5, r2
10003042:	b2c3      	uxtb	r3, r0
10003044:	2809      	cmp	r0, #9
10003046:	f103 0030 	add.w	r0, r3, #48	@ 0x30
1000304a:	bf8a      	itet	hi
1000304c:	191b      	addhi	r3, r3, r4
1000304e:	b2c3      	uxtbls	r3, r0
10003050:	b2db      	uxtbhi	r3, r3
10003052:	4562      	cmp	r2, ip
10003054:	f80e 3b01 	strb.w	r3, [lr], #1
10003058:	f101 0101 	add.w	r1, r1, #1
1000305c:	d2ea      	bcs.n	10003034 <_vsnprintf+0x780>
1000305e:	9b0a      	ldr	r3, [sp, #40]	@ 0x28
10003060:	9d0c      	ldr	r5, [sp, #48]	@ 0x30
10003062:	e694      	b.n	10002d8e <_vsnprintf+0x4da>
10003064:	9a0a      	ldr	r2, [sp, #40]	@ 0x28
10003066:	3207      	adds	r2, #7
10003068:	f022 0207 	bic.w	r2, r2, #7
1000306c:	6851      	ldr	r1, [r2, #4]
1000306e:	f852 4b08 	ldr.w	r4, [r2], #8
10003072:	468e      	mov	lr, r1
10003074:	920a      	str	r2, [sp, #40]	@ 0x28
10003076:	ea54 0201 	orrs.w	r2, r4, r1
1000307a:	d176      	bne.n	1000316a <_vsnprintf+0x8b6>
1000307c:	f023 0310 	bic.w	r3, r3, #16
10003080:	2800      	cmp	r0, #0
10003082:	d072      	beq.n	1000316a <_vsnprintf+0x8b6>
10003084:	2200      	movs	r2, #0
10003086:	4611      	mov	r1, r2
10003088:	aa12      	add	r2, sp, #72	@ 0x48
1000308a:	920b      	str	r2, [sp, #44]	@ 0x2c
1000308c:	e9cd 5305 	strd	r5, r3, [sp, #20]
10003090:	9b0b      	ldr	r3, [sp, #44]	@ 0x2c
10003092:	4642      	mov	r2, r8
10003094:	9300      	str	r3, [sp, #0]
10003096:	2300      	movs	r3, #0
10003098:	e9cd c603 	strd	ip, r6, [sp, #12]
1000309c:	9101      	str	r1, [sp, #4]
1000309e:	9302      	str	r3, [sp, #8]
100030a0:	e794      	b.n	10002fcc <_vsnprintf+0x718>
100030a2:	42a5      	cmp	r5, r4
100030a4:	bf98      	it	ls
100030a6:	3401      	addls	r4, #1
100030a8:	f67f ad74 	bls.w	10002b94 <_vsnprintf+0x2e0>
100030ac:	f44f 6380 	mov.w	r3, #1024	@ 0x400
100030b0:	e9cd 750a 	strd	r7, r5, [sp, #40]	@ 0x28
100030b4:	eb05 0208 	add.w	r2, r5, r8
100030b8:	461f      	mov	r7, r3
100030ba:	460d      	mov	r5, r1
100030bc:	1b14      	subs	r4, r2, r4
100030be:	4642      	mov	r2, r8
100030c0:	464b      	mov	r3, r9
100030c2:	4651      	mov	r1, sl
100030c4:	2020      	movs	r0, #32
100030c6:	f108 0801 	add.w	r8, r8, #1
100030ca:	47d8      	blx	fp
100030cc:	45a0      	cmp	r8, r4
100030ce:	d1f6      	bne.n	100030be <_vsnprintf+0x80a>
100030d0:	463b      	mov	r3, r7
100030d2:	9f0a      	ldr	r7, [sp, #40]	@ 0x28
100030d4:	4629      	mov	r1, r5
100030d6:	7838      	ldrb	r0, [r7, #0]
100030d8:	9d0b      	ldr	r5, [sp, #44]	@ 0x2c
100030da:	1c6c      	adds	r4, r5, #1
100030dc:	2800      	cmp	r0, #0
100030de:	f43f ad70 	beq.w	10002bc2 <_vsnprintf+0x30e>
100030e2:	2b00      	cmp	r3, #0
100030e4:	f43f ae75 	beq.w	10002dd2 <_vsnprintf+0x51e>
100030e8:	2300      	movs	r3, #0
100030ea:	e553      	b.n	10002b94 <_vsnprintf+0x2e0>
100030ec:	42a5      	cmp	r5, r4
100030ee:	d8df      	bhi.n	100030b0 <_vsnprintf+0x7fc>
100030f0:	3401      	adds	r4, #1
100030f2:	e66e      	b.n	10002dd2 <_vsnprintf+0x51e>
100030f4:	6819      	ldr	r1, [r3, #0]
100030f6:	0fcb      	lsrs	r3, r1, #31
100030f8:	2900      	cmp	r1, #0
100030fa:	f000 80a8 	beq.w	1000324e <_vsnprintf+0x99a>
100030fe:	ea81 72e1 	eor.w	r2, r1, r1, asr #31
10003102:	eba2 72e1 	sub.w	r2, r2, r1, asr #31
10003106:	a912      	add	r1, sp, #72	@ 0x48
10003108:	4608      	mov	r0, r1
1000310a:	f8df e188 	ldr.w	lr, [pc, #392]	@ 10003294 <_vsnprintf+0x9e0>
1000310e:	910b      	str	r1, [sp, #44]	@ 0x2c
10003110:	930a      	str	r3, [sp, #40]	@ 0x28
10003112:	950c      	str	r5, [sp, #48]	@ 0x30
10003114:	e001      	b.n	1000311a <_vsnprintf+0x866>
10003116:	2f20      	cmp	r7, #32
10003118:	d00f      	beq.n	1000313a <_vsnprintf+0x886>
1000311a:	4615      	mov	r5, r2
1000311c:	fbae 1302 	umull	r1, r3, lr, r2
10003120:	08db      	lsrs	r3, r3, #3
10003122:	eb03 0183 	add.w	r1, r3, r3, lsl #2
10003126:	eba2 0141 	sub.w	r1, r2, r1, lsl #1
1000312a:	3130      	adds	r1, #48	@ 0x30
1000312c:	2d09      	cmp	r5, #9
1000312e:	461a      	mov	r2, r3
10003130:	f107 0701 	add.w	r7, r7, #1
10003134:	f800 1b01 	strb.w	r1, [r0], #1
10003138:	d8ed      	bhi.n	10003116 <_vsnprintf+0x862>
1000313a:	9b0a      	ldr	r3, [sp, #40]	@ 0x28
1000313c:	9d0c      	ldr	r5, [sp, #48]	@ 0x30
1000313e:	e9cd 5c05 	strd	r5, ip, [sp, #20]
10003142:	e9cd 7301 	strd	r7, r3, [sp, #4]
10003146:	9604      	str	r6, [sp, #16]
10003148:	e6d5      	b.n	10002ef6 <_vsnprintf+0x642>
1000314a:	2869      	cmp	r0, #105	@ 0x69
1000314c:	f023 0c10 	bic.w	ip, r3, #16
10003150:	f040 808c 	bne.w	1000326c <_vsnprintf+0x9b8>
10003154:	f413 6280 	ands.w	r2, r3, #1024	@ 0x400
10003158:	f43f ae8e 	beq.w	10002e78 <_vsnprintf+0x5c4>
1000315c:	e688      	b.n	10002e70 <_vsnprintf+0x5bc>
1000315e:	2a00      	cmp	r2, #0
10003160:	f43f aea8 	beq.w	10002eb4 <_vsnprintf+0x600>
10003164:	aa12      	add	r2, sp, #72	@ 0x48
10003166:	920b      	str	r2, [sp, #44]	@ 0x2c
10003168:	e6c0      	b.n	10002eec <_vsnprintf+0x638>
1000316a:	f013 0f20 	tst.w	r3, #32
1000316e:	bf14      	ite	ne
10003170:	2241      	movne	r2, #65	@ 0x41
10003172:	2261      	moveq	r2, #97	@ 0x61
10003174:	2000      	movs	r0, #0
10003176:	a912      	add	r1, sp, #72	@ 0x48
10003178:	3a0a      	subs	r2, #10
1000317a:	e9cd 680e 	strd	r6, r8, [sp, #56]	@ 0x38
1000317e:	e9cd 350c 	strd	r3, r5, [sp, #48]	@ 0x30
10003182:	f8cd b044 	str.w	fp, [sp, #68]	@ 0x44
10003186:	4606      	mov	r6, r0
10003188:	4688      	mov	r8, r1
1000318a:	4675      	mov	r5, lr
1000318c:	4693      	mov	fp, r2
1000318e:	910b      	str	r1, [sp, #44]	@ 0x2c
10003190:	f8cd c040 	str.w	ip, [sp, #64]	@ 0x40
10003194:	e003      	b.n	1000319e <_vsnprintf+0x8ea>
10003196:	2e20      	cmp	r6, #32
10003198:	d017      	beq.n	100031ca <_vsnprintf+0x916>
1000319a:	4604      	mov	r4, r0
1000319c:	460d      	mov	r5, r1
1000319e:	4629      	mov	r1, r5
100031a0:	463a      	mov	r2, r7
100031a2:	2300      	movs	r3, #0
100031a4:	4620      	mov	r0, r4
100031a6:	f005 fb37 	bl	10008818 <____aeabi_uldivmod_veneer>
100031aa:	b2d2      	uxtb	r2, r2
100031ac:	2a09      	cmp	r2, #9
100031ae:	f102 0330 	add.w	r3, r2, #48	@ 0x30
100031b2:	bf88      	it	hi
100031b4:	eb02 030b 	addhi.w	r3, r2, fp
100031b8:	42bc      	cmp	r4, r7
100031ba:	b2db      	uxtb	r3, r3
100031bc:	f175 0500 	sbcs.w	r5, r5, #0
100031c0:	f808 3b01 	strb.w	r3, [r8], #1
100031c4:	f106 0601 	add.w	r6, r6, #1
100031c8:	d2e5      	bcs.n	10003196 <_vsnprintf+0x8e2>
100031ca:	4631      	mov	r1, r6
100031cc:	e9dd 350c 	ldrd	r3, r5, [sp, #48]	@ 0x30
100031d0:	e9dd cb10 	ldrd	ip, fp, [sp, #64]	@ 0x40
100031d4:	f8dd 803c 	ldr.w	r8, [sp, #60]	@ 0x3c
100031d8:	9e0e      	ldr	r6, [sp, #56]	@ 0x38
100031da:	e757      	b.n	1000308c <_vsnprintf+0x7d8>
100031dc:	990a      	ldr	r1, [sp, #40]	@ 0x28
100031de:	6809      	ldr	r1, [r1, #0]
100031e0:	b951      	cbnz	r1, 100031f8 <_vsnprintf+0x944>
100031e2:	f023 0310 	bic.w	r3, r3, #16
100031e6:	b138      	cbz	r0, 100031f8 <_vsnprintf+0x944>
100031e8:	a912      	add	r1, sp, #72	@ 0x48
100031ea:	910b      	str	r1, [sp, #44]	@ 0x2c
100031ec:	e9cd 5305 	strd	r5, r3, [sp, #20]
100031f0:	e9cd c603 	strd	ip, r6, [sp, #12]
100031f4:	9201      	str	r2, [sp, #4]
100031f6:	e5cf      	b.n	10002d98 <_vsnprintf+0x4e4>
100031f8:	f013 0f20 	tst.w	r3, #32
100031fc:	bf14      	ite	ne
100031fe:	2041      	movne	r0, #65	@ 0x41
10003200:	2061      	moveq	r0, #97	@ 0x61
10003202:	ac12      	add	r4, sp, #72	@ 0x48
10003204:	46a6      	mov	lr, r4
10003206:	940b      	str	r4, [sp, #44]	@ 0x2c
10003208:	930a      	str	r3, [sp, #40]	@ 0x28
1000320a:	f1a0 040a 	sub.w	r4, r0, #10
1000320e:	950c      	str	r5, [sp, #48]	@ 0x30
10003210:	e002      	b.n	10003218 <_vsnprintf+0x964>
10003212:	2a20      	cmp	r2, #32
10003214:	d012      	beq.n	1000323c <_vsnprintf+0x988>
10003216:	4629      	mov	r1, r5
10003218:	fbb1 f5fc 	udiv	r5, r1, ip
1000321c:	fb0c 1015 	mls	r0, ip, r5, r1
10003220:	b2c3      	uxtb	r3, r0
10003222:	2809      	cmp	r0, #9
10003224:	f103 0030 	add.w	r0, r3, #48	@ 0x30
10003228:	bf8a      	itet	hi
1000322a:	191b      	addhi	r3, r3, r4
1000322c:	b2c3      	uxtbls	r3, r0
1000322e:	b2db      	uxtbhi	r3, r3
10003230:	4561      	cmp	r1, ip
10003232:	f80e 3b01 	strb.w	r3, [lr], #1
10003236:	f102 0201 	add.w	r2, r2, #1
1000323a:	d2ea      	bcs.n	10003212 <_vsnprintf+0x95e>
1000323c:	9b0a      	ldr	r3, [sp, #40]	@ 0x28
1000323e:	9d0c      	ldr	r5, [sp, #48]	@ 0x30
10003240:	e7d4      	b.n	100031ec <_vsnprintf+0x938>
10003242:	6819      	ldr	r1, [r3, #0]
10003244:	ea81 77e1 	eor.w	r7, r1, r1, asr #31
10003248:	eba7 77e1 	sub.w	r7, r7, r1, asr #31
1000324c:	e62d      	b.n	10002eaa <_vsnprintf+0x5f6>
1000324e:	2a00      	cmp	r2, #0
10003250:	f43f af59 	beq.w	10003106 <_vsnprintf+0x852>
10003254:	aa12      	add	r2, sp, #72	@ 0x48
10003256:	920b      	str	r2, [sp, #44]	@ 0x2c
10003258:	e771      	b.n	1000313e <_vsnprintf+0x88a>
1000325a:	f413 6480 	ands.w	r4, r3, #1024	@ 0x400
1000325e:	d00d      	beq.n	1000327c <_vsnprintf+0x9c8>
10003260:	f013 0402 	ands.w	r4, r3, #2
10003264:	d012      	beq.n	1000328c <_vsnprintf+0x9d8>
10003266:	4604      	mov	r4, r0
10003268:	4646      	mov	r6, r8
1000326a:	e5ec      	b.n	10002e46 <_vsnprintf+0x592>
1000326c:	270a      	movs	r7, #10
1000326e:	4663      	mov	r3, ip
10003270:	46bc      	mov	ip, r7
10003272:	e56c      	b.n	10002d4e <_vsnprintf+0x49a>
10003274:	ab12      	add	r3, sp, #72	@ 0x48
10003276:	2000      	movs	r0, #0
10003278:	930b      	str	r3, [sp, #44]	@ 0x2c
1000327a:	e69d      	b.n	10002fb8 <_vsnprintf+0x704>
1000327c:	f013 0302 	ands.w	r3, r3, #2
10003280:	f47f ade0 	bne.w	10002e44 <_vsnprintf+0x590>
10003284:	2d00      	cmp	r5, #0
10003286:	f47f af13 	bne.w	100030b0 <_vsnprintf+0x7fc>
1000328a:	e49a      	b.n	10002bc2 <_vsnprintf+0x30e>
1000328c:	2d00      	cmp	r5, #0
1000328e:	f47f af0d 	bne.w	100030ac <_vsnprintf+0x7f8>
10003292:	e496      	b.n	10002bc2 <_vsnprintf+0x30e>
10003294:	cccccccd 	.word	0xcccccccd

10003298 <vfctprintf>:
10003298:	b570      	push	{r4, r5, r6, lr}
1000329a:	4694      	mov	ip, r2
1000329c:	461e      	mov	r6, r3
1000329e:	4605      	mov	r5, r0
100032a0:	460c      	mov	r4, r1
100032a2:	b084      	sub	sp, #16
100032a4:	f04f 32ff 	mov.w	r2, #4294967295
100032a8:	4663      	mov	r3, ip
100032aa:	a902      	add	r1, sp, #8
100032ac:	9600      	str	r6, [sp, #0]
100032ae:	4803      	ldr	r0, [pc, #12]	@ (100032bc <vfctprintf+0x24>)
100032b0:	e9cd 5402 	strd	r5, r4, [sp, #8]
100032b4:	f7ff fafe 	bl	100028b4 <_vsnprintf>
100032b8:	b004      	add	sp, #16
100032ba:	bd70      	pop	{r4, r5, r6, pc}
100032bc:	10001e75 	.word	0x10001e75

100032c0 <weak_raw_vprintf>:
100032c0:	b510      	push	{r4, lr}
100032c2:	4b09      	ldr	r3, [pc, #36]	@ (100032e8 <weak_raw_vprintf+0x28>)
100032c4:	b084      	sub	sp, #16
100032c6:	681c      	ldr	r4, [r3, #0]
100032c8:	b14c      	cbz	r4, 100032de <weak_raw_vprintf+0x1e>
100032ca:	4603      	mov	r3, r0
100032cc:	9100      	str	r1, [sp, #0]
100032ce:	f04f 32ff 	mov.w	r2, #4294967295
100032d2:	a903      	add	r1, sp, #12
100032d4:	4805      	ldr	r0, [pc, #20]	@ (100032ec <weak_raw_vprintf+0x2c>)
100032d6:	47a0      	blx	r4
100032d8:	2001      	movs	r0, #1
100032da:	b004      	add	sp, #16
100032dc:	bd10      	pop	{r4, pc}
100032de:	f000 f98f 	bl	10003600 <__wrap_puts>
100032e2:	4620      	mov	r0, r4
100032e4:	b004      	add	sp, #16
100032e6:	bd10      	pop	{r4, pc}
100032e8:	200024f4 	.word	0x200024f4
100032ec:	10001e6d 	.word	0x10001e6d

100032f0 <_exit>:
100032f0:	be00      	bkpt	0x0000
100032f2:	e7fd      	b.n	100032f0 <_exit>

100032f4 <_sbrk>:
100032f4:	4a07      	ldr	r2, [pc, #28]	@ (10003314 <_sbrk+0x20>)
100032f6:	4603      	mov	r3, r0
100032f8:	6810      	ldr	r0, [r2, #0]
100032fa:	b138      	cbz	r0, 1000330c <_sbrk+0x18>
100032fc:	4906      	ldr	r1, [pc, #24]	@ (10003318 <_sbrk+0x24>)
100032fe:	4403      	add	r3, r0
10003300:	428b      	cmp	r3, r1
10003302:	bf8c      	ite	hi
10003304:	f04f 30ff 	movhi.w	r0, #4294967295
10003308:	6013      	strls	r3, [r2, #0]
1000330a:	4770      	bx	lr
1000330c:	4903      	ldr	r1, [pc, #12]	@ (1000331c <_sbrk+0x28>)
1000330e:	4608      	mov	r0, r1
10003310:	6011      	str	r1, [r2, #0]
10003312:	e7f3      	b.n	100032fc <_sbrk+0x8>
10003314:	200020f0 	.word	0x200020f0
10003318:	20080000 	.word	0x20080000
1000331c:	200026d8 	.word	0x200026d8

10003320 <exit>:
10003320:	b508      	push	{r3, lr}
10003322:	f7ff ffe5 	bl	100032f0 <_exit>
10003326:	bf00      	nop

10003328 <runtime_init>:
10003328:	b538      	push	{r3, r4, r5, lr}
1000332a:	4c06      	ldr	r4, [pc, #24]	@ (10003344 <runtime_init+0x1c>)
1000332c:	4d06      	ldr	r5, [pc, #24]	@ (10003348 <runtime_init+0x20>)
1000332e:	f7fe fa01 	bl	10001734 <runtime_run_initializers>
10003332:	42ac      	cmp	r4, r5
10003334:	d204      	bcs.n	10003340 <runtime_init+0x18>
10003336:	f854 3b04 	ldr.w	r3, [r4], #4
1000333a:	4798      	blx	r3
1000333c:	42ac      	cmp	r4, r5
1000333e:	d3fa      	bcc.n	10003336 <runtime_init+0xe>
10003340:	bd38      	pop	{r3, r4, r5, pc}
10003342:	bf00      	nop
10003344:	10008888 	.word	0x10008888
10003348:	10008894 	.word	0x10008894

1000334c <stdio_out_chars_no_crlf>:
1000334c:	6803      	ldr	r3, [r0, #0]
1000334e:	4608      	mov	r0, r1
10003350:	4611      	mov	r1, r2
10003352:	4718      	bx	r3

10003354 <stdio_out_chars_crlf>:
10003354:	e92d 41f0 	stmdb	sp!, {r4, r5, r6, r7, r8, lr}
10003358:	4615      	mov	r5, r2
1000335a:	7d42      	ldrb	r2, [r0, #21]
1000335c:	4607      	mov	r7, r0
1000335e:	4688      	mov	r8, r1
10003360:	2a00      	cmp	r2, #0
10003362:	d046      	beq.n	100033f2 <stdio_out_chars_crlf+0x9e>
10003364:	2d00      	cmp	r5, #0
10003366:	dd1d      	ble.n	100033a4 <stdio_out_chars_crlf+0x50>
10003368:	780b      	ldrb	r3, [r1, #0]
1000336a:	2b0a      	cmp	r3, #10
1000336c:	d023      	beq.n	100033b6 <stdio_out_chars_crlf+0x62>
1000336e:	2d01      	cmp	r5, #1
10003370:	f04f 0c00 	mov.w	ip, #0
10003374:	d018      	beq.n	100033a8 <stdio_out_chars_crlf+0x54>
10003376:	4646      	mov	r6, r8
10003378:	2401      	movs	r4, #1
1000337a:	f816 2f01 	ldrb.w	r2, [r6, #1]!
1000337e:	4621      	mov	r1, r4
10003380:	2a0a      	cmp	r2, #10
10003382:	f104 0401 	add.w	r4, r4, #1
10003386:	d022      	beq.n	100033ce <stdio_out_chars_crlf+0x7a>
10003388:	42a5      	cmp	r5, r4
1000338a:	d1f6      	bne.n	1000337a <stdio_out_chars_crlf+0x26>
1000338c:	4565      	cmp	r5, ip
1000338e:	dc0b      	bgt.n	100033a8 <stdio_out_chars_crlf+0x54>
10003390:	eb08 0305 	add.w	r3, r8, r5
10003394:	f813 3c01 	ldrb.w	r3, [r3, #-1]
10003398:	f1a3 030d 	sub.w	r3, r3, #13
1000339c:	fab3 f383 	clz	r3, r3
100033a0:	095b      	lsrs	r3, r3, #5
100033a2:	753b      	strb	r3, [r7, #20]
100033a4:	e8bd 81f0 	ldmia.w	sp!, {r4, r5, r6, r7, r8, pc}
100033a8:	683b      	ldr	r3, [r7, #0]
100033aa:	eba5 010c 	sub.w	r1, r5, ip
100033ae:	eb08 000c 	add.w	r0, r8, ip
100033b2:	4798      	blx	r3
100033b4:	e7ec      	b.n	10003390 <stdio_out_chars_crlf+0x3c>
100033b6:	7d03      	ldrb	r3, [r0, #20]
100033b8:	2b00      	cmp	r3, #0
100033ba:	d1d8      	bne.n	1000336e <stdio_out_chars_crlf+0x1a>
100033bc:	6803      	ldr	r3, [r0, #0]
100033be:	2102      	movs	r1, #2
100033c0:	480f      	ldr	r0, [pc, #60]	@ (10003400 <stdio_out_chars_crlf+0xac>)
100033c2:	4798      	blx	r3
100033c4:	2d01      	cmp	r5, #1
100033c6:	d0e3      	beq.n	10003390 <stdio_out_chars_crlf+0x3c>
100033c8:	f04f 0c01 	mov.w	ip, #1
100033cc:	e7d3      	b.n	10003376 <stdio_out_chars_crlf+0x22>
100033ce:	f816 3c01 	ldrb.w	r3, [r6, #-1]
100033d2:	2b0d      	cmp	r3, #13
100033d4:	d0d8      	beq.n	10003388 <stdio_out_chars_crlf+0x34>
100033d6:	458c      	cmp	ip, r1
100033d8:	eb08 000c 	add.w	r0, r8, ip
100033dc:	eba1 010c 	sub.w	r1, r1, ip
100033e0:	da01      	bge.n	100033e6 <stdio_out_chars_crlf+0x92>
100033e2:	683b      	ldr	r3, [r7, #0]
100033e4:	4798      	blx	r3
100033e6:	2102      	movs	r1, #2
100033e8:	4805      	ldr	r0, [pc, #20]	@ (10003400 <stdio_out_chars_crlf+0xac>)
100033ea:	683b      	ldr	r3, [r7, #0]
100033ec:	4798      	blx	r3
100033ee:	46a4      	mov	ip, r4
100033f0:	e7ca      	b.n	10003388 <stdio_out_chars_crlf+0x34>
100033f2:	4629      	mov	r1, r5
100033f4:	4640      	mov	r0, r8
100033f6:	683b      	ldr	r3, [r7, #0]
100033f8:	e8bd 41f0 	ldmia.w	sp!, {r4, r5, r6, r7, r8, lr}
100033fc:	4718      	bx	r3
100033fe:	bf00      	nop
10003400:	100091e0 	.word	0x100091e0

10003404 <stdio_buffered_printer>:
10003404:	680b      	ldr	r3, [r1, #0]
10003406:	e92d 41f0 	stmdb	sp!, {r4, r5, r6, r7, r8, lr}
1000340a:	2b80      	cmp	r3, #128	@ 0x80
1000340c:	460d      	mov	r5, r1
1000340e:	4606      	mov	r6, r0
10003410:	d005      	beq.n	1000341e <stdio_buffered_printer+0x1a>
10003412:	1c5a      	adds	r2, r3, #1
10003414:	442b      	add	r3, r5
10003416:	602a      	str	r2, [r5, #0]
10003418:	711e      	strb	r6, [r3, #4]
1000341a:	e8bd 81f0 	ldmia.w	sp!, {r4, r5, r6, r7, r8, pc}
1000341e:	4b0f      	ldr	r3, [pc, #60]	@ (1000345c <stdio_buffered_printer+0x58>)
10003420:	681c      	ldr	r4, [r3, #0]
10003422:	b1a4      	cbz	r4, 1000344e <stdio_buffered_printer+0x4a>
10003424:	4f0e      	ldr	r7, [pc, #56]	@ (10003460 <stdio_buffered_printer+0x5c>)
10003426:	f101 0804 	add.w	r8, r1, #4
1000342a:	e001      	b.n	10003430 <stdio_buffered_printer+0x2c>
1000342c:	6924      	ldr	r4, [r4, #16]
1000342e:	b174      	cbz	r4, 1000344e <stdio_buffered_printer+0x4a>
10003430:	6823      	ldr	r3, [r4, #0]
10003432:	2b00      	cmp	r3, #0
10003434:	d0fa      	beq.n	1000342c <stdio_buffered_printer+0x28>
10003436:	683b      	ldr	r3, [r7, #0]
10003438:	b10b      	cbz	r3, 1000343e <stdio_buffered_printer+0x3a>
1000343a:	42a3      	cmp	r3, r4
1000343c:	d1f6      	bne.n	1000342c <stdio_buffered_printer+0x28>
1000343e:	4620      	mov	r0, r4
10003440:	4641      	mov	r1, r8
10003442:	682a      	ldr	r2, [r5, #0]
10003444:	f7ff ff86 	bl	10003354 <stdio_out_chars_crlf>
10003448:	6924      	ldr	r4, [r4, #16]
1000344a:	2c00      	cmp	r4, #0
1000344c:	d1f0      	bne.n	10003430 <stdio_buffered_printer+0x2c>
1000344e:	2300      	movs	r3, #0
10003450:	2201      	movs	r2, #1
10003452:	442b      	add	r3, r5
10003454:	602a      	str	r2, [r5, #0]
10003456:	711e      	strb	r6, [r3, #4]
10003458:	e8bd 81f0 	ldmia.w	sp!, {r4, r5, r6, r7, r8, pc}
1000345c:	200020e0 	.word	0x200020e0
10003460:	200020ec 	.word	0x200020ec

10003464 <stdio_put_string>:
10003464:	e92d 47f0 	stmdb	sp!, {r4, r5, r6, r7, r8, r9, sl, lr}
10003468:	b082      	sub	sp, #8
1000346a:	460d      	mov	r5, r1
1000346c:	4691      	mov	r9, r2
1000346e:	461c      	mov	r4, r3
10003470:	4606      	mov	r6, r0
10003472:	f7fd ffcb 	bl	1000140c <time_us_64>
10003476:	f04f 3cff 	mov.w	ip, #4294967295
1000347a:	f06f 4700 	mvn.w	r7, #2147483648	@ 0x80000000
1000347e:	4a2e      	ldr	r2, [pc, #184]	@ (10003538 <stdio_put_string+0xd4>)
10003480:	1882      	adds	r2, r0, r2
10003482:	f141 0300 	adc.w	r3, r1, #0
10003486:	4594      	cmp	ip, r2
10003488:	eb77 0103 	sbcs.w	r1, r7, r3
1000348c:	bf3c      	itt	cc
1000348e:	4662      	movcc	r2, ip
10003490:	463b      	movcc	r3, r7
10003492:	482a      	ldr	r0, [pc, #168]	@ (1000353c <stdio_put_string+0xd8>)
10003494:	f005 f9d0 	bl	10008838 <__mutex_try_enter_block_until_veneer>
10003498:	1c6b      	adds	r3, r5, #1
1000349a:	4680      	mov	r8, r0
1000349c:	d040      	beq.n	10003520 <stdio_put_string+0xbc>
1000349e:	b30c      	cbz	r4, 100034e4 <stdio_put_string+0x80>
100034a0:	4f27      	ldr	r7, [pc, #156]	@ (10003540 <stdio_put_string+0xdc>)
100034a2:	4b28      	ldr	r3, [pc, #160]	@ (10003544 <stdio_put_string+0xe0>)
100034a4:	681c      	ldr	r4, [r3, #0]
100034a6:	b1b4      	cbz	r4, 100034d6 <stdio_put_string+0x72>
100034a8:	f1b9 0f00 	cmp.w	r9, #0
100034ac:	d11c      	bne.n	100034e8 <stdio_put_string+0x84>
100034ae:	f8df 909c 	ldr.w	r9, [pc, #156]	@ 1000354c <stdio_put_string+0xe8>
100034b2:	e001      	b.n	100034b8 <stdio_put_string+0x54>
100034b4:	6924      	ldr	r4, [r4, #16]
100034b6:	b174      	cbz	r4, 100034d6 <stdio_put_string+0x72>
100034b8:	6823      	ldr	r3, [r4, #0]
100034ba:	2b00      	cmp	r3, #0
100034bc:	d0fa      	beq.n	100034b4 <stdio_put_string+0x50>
100034be:	f8d9 3000 	ldr.w	r3, [r9]
100034c2:	b10b      	cbz	r3, 100034c8 <stdio_put_string+0x64>
100034c4:	429c      	cmp	r4, r3
100034c6:	d1f5      	bne.n	100034b4 <stdio_put_string+0x50>
100034c8:	4620      	mov	r0, r4
100034ca:	462a      	mov	r2, r5
100034cc:	4631      	mov	r1, r6
100034ce:	47b8      	blx	r7
100034d0:	6924      	ldr	r4, [r4, #16]
100034d2:	2c00      	cmp	r4, #0
100034d4:	d1f0      	bne.n	100034b8 <stdio_put_string+0x54>
100034d6:	f1b8 0f00 	cmp.w	r8, #0
100034da:	d126      	bne.n	1000352a <stdio_put_string+0xc6>
100034dc:	4628      	mov	r0, r5
100034de:	b002      	add	sp, #8
100034e0:	e8bd 87f0 	ldmia.w	sp!, {r4, r5, r6, r7, r8, r9, sl, pc}
100034e4:	4f18      	ldr	r7, [pc, #96]	@ (10003548 <stdio_put_string+0xe4>)
100034e6:	e7dc      	b.n	100034a2 <stdio_put_string+0x3e>
100034e8:	f04f 0a0a 	mov.w	sl, #10
100034ec:	f8df 905c 	ldr.w	r9, [pc, #92]	@ 1000354c <stdio_put_string+0xe8>
100034f0:	e002      	b.n	100034f8 <stdio_put_string+0x94>
100034f2:	6924      	ldr	r4, [r4, #16]
100034f4:	2c00      	cmp	r4, #0
100034f6:	d0ee      	beq.n	100034d6 <stdio_put_string+0x72>
100034f8:	6823      	ldr	r3, [r4, #0]
100034fa:	2b00      	cmp	r3, #0
100034fc:	d0f9      	beq.n	100034f2 <stdio_put_string+0x8e>
100034fe:	f8d9 3000 	ldr.w	r3, [r9]
10003502:	b10b      	cbz	r3, 10003508 <stdio_put_string+0xa4>
10003504:	42a3      	cmp	r3, r4
10003506:	d1f4      	bne.n	100034f2 <stdio_put_string+0x8e>
10003508:	462a      	mov	r2, r5
1000350a:	4631      	mov	r1, r6
1000350c:	4620      	mov	r0, r4
1000350e:	47b8      	blx	r7
10003510:	2201      	movs	r2, #1
10003512:	4620      	mov	r0, r4
10003514:	f10d 0107 	add.w	r1, sp, #7
10003518:	f88d a007 	strb.w	sl, [sp, #7]
1000351c:	47b8      	blx	r7
1000351e:	e7e8      	b.n	100034f2 <stdio_put_string+0x8e>
10003520:	4630      	mov	r0, r6
10003522:	f004 ffe7 	bl	100084f4 <strlen>
10003526:	4605      	mov	r5, r0
10003528:	e7b9      	b.n	1000349e <stdio_put_string+0x3a>
1000352a:	4804      	ldr	r0, [pc, #16]	@ (1000353c <stdio_put_string+0xd8>)
1000352c:	f005 f978 	bl	10008820 <__mutex_exit_veneer>
10003530:	4628      	mov	r0, r5
10003532:	b002      	add	sp, #8
10003534:	e8bd 87f0 	ldmia.w	sp!, {r4, r5, r6, r7, r8, r9, sl, pc}
10003538:	000f4240 	.word	0x000f4240
1000353c:	20001778 	.word	0x20001778
10003540:	10003355 	.word	0x10003355
10003544:	200020e0 	.word	0x200020e0
10003548:	1000334d 	.word	0x1000334d
1000354c:	200020ec 	.word	0x200020ec

10003550 <stdio_set_driver_enabled>:
10003550:	4a08      	ldr	r2, [pc, #32]	@ (10003574 <stdio_set_driver_enabled+0x24>)
10003552:	6813      	ldr	r3, [r2, #0]
10003554:	b923      	cbnz	r3, 10003560 <stdio_set_driver_enabled+0x10>
10003556:	e00a      	b.n	1000356e <stdio_set_driver_enabled+0x1e>
10003558:	f103 0210 	add.w	r2, r3, #16
1000355c:	691b      	ldr	r3, [r3, #16]
1000355e:	b133      	cbz	r3, 1000356e <stdio_set_driver_enabled+0x1e>
10003560:	4283      	cmp	r3, r0
10003562:	d1f9      	bne.n	10003558 <stdio_set_driver_enabled+0x8>
10003564:	b929      	cbnz	r1, 10003572 <stdio_set_driver_enabled+0x22>
10003566:	6918      	ldr	r0, [r3, #16]
10003568:	6010      	str	r0, [r2, #0]
1000356a:	6119      	str	r1, [r3, #16]
1000356c:	4770      	bx	lr
1000356e:	b101      	cbz	r1, 10003572 <stdio_set_driver_enabled+0x22>
10003570:	6010      	str	r0, [r2, #0]
10003572:	4770      	bx	lr
10003574:	200020e0 	.word	0x200020e0

10003578 <stdio_init_all>:
10003578:	f000 bade 	b.w	10003b38 <stdio_usb_init>

1000357c <__wrap_putchar>:
1000357c:	b5f0      	push	{r4, r5, r6, r7, lr}
1000357e:	b083      	sub	sp, #12
10003580:	4606      	mov	r6, r0
10003582:	f88d 0007 	strb.w	r0, [sp, #7]
10003586:	f7fd ff41 	bl	1000140c <time_us_64>
1000358a:	f04f 35ff 	mov.w	r5, #4294967295
1000358e:	f06f 4400 	mvn.w	r4, #2147483648	@ 0x80000000
10003592:	4a17      	ldr	r2, [pc, #92]	@ (100035f0 <__wrap_putchar+0x74>)
10003594:	1882      	adds	r2, r0, r2
10003596:	f141 0300 	adc.w	r3, r1, #0
1000359a:	4295      	cmp	r5, r2
1000359c:	eb74 0103 	sbcs.w	r1, r4, r3
100035a0:	bf3c      	itt	cc
100035a2:	4623      	movcc	r3, r4
100035a4:	462a      	movcc	r2, r5
100035a6:	4813      	ldr	r0, [pc, #76]	@ (100035f4 <__wrap_putchar+0x78>)
100035a8:	f005 f946 	bl	10008838 <__mutex_try_enter_block_until_veneer>
100035ac:	4b12      	ldr	r3, [pc, #72]	@ (100035f8 <__wrap_putchar+0x7c>)
100035ae:	4607      	mov	r7, r0
100035b0:	681c      	ldr	r4, [r3, #0]
100035b2:	b19c      	cbz	r4, 100035dc <__wrap_putchar+0x60>
100035b4:	4d11      	ldr	r5, [pc, #68]	@ (100035fc <__wrap_putchar+0x80>)
100035b6:	e001      	b.n	100035bc <__wrap_putchar+0x40>
100035b8:	6924      	ldr	r4, [r4, #16]
100035ba:	b17c      	cbz	r4, 100035dc <__wrap_putchar+0x60>
100035bc:	6823      	ldr	r3, [r4, #0]
100035be:	2b00      	cmp	r3, #0
100035c0:	d0fa      	beq.n	100035b8 <__wrap_putchar+0x3c>
100035c2:	682b      	ldr	r3, [r5, #0]
100035c4:	b10b      	cbz	r3, 100035ca <__wrap_putchar+0x4e>
100035c6:	429c      	cmp	r4, r3
100035c8:	d1f6      	bne.n	100035b8 <__wrap_putchar+0x3c>
100035ca:	4620      	mov	r0, r4
100035cc:	2201      	movs	r2, #1
100035ce:	f10d 0107 	add.w	r1, sp, #7
100035d2:	f7ff febf 	bl	10003354 <stdio_out_chars_crlf>
100035d6:	6924      	ldr	r4, [r4, #16]
100035d8:	2c00      	cmp	r4, #0
100035da:	d1ef      	bne.n	100035bc <__wrap_putchar+0x40>
100035dc:	b917      	cbnz	r7, 100035e4 <__wrap_putchar+0x68>
100035de:	4630      	mov	r0, r6
100035e0:	b003      	add	sp, #12
100035e2:	bdf0      	pop	{r4, r5, r6, r7, pc}
100035e4:	4803      	ldr	r0, [pc, #12]	@ (100035f4 <__wrap_putchar+0x78>)
100035e6:	f005 f91b 	bl	10008820 <__mutex_exit_veneer>
100035ea:	4630      	mov	r0, r6
100035ec:	b003      	add	sp, #12
100035ee:	bdf0      	pop	{r4, r5, r6, r7, pc}
100035f0:	000f4240 	.word	0x000f4240
100035f4:	20001778 	.word	0x20001778
100035f8:	200020e0 	.word	0x200020e0
100035fc:	200020ec 	.word	0x200020ec

10003600 <__wrap_puts>:
10003600:	b538      	push	{r3, r4, r5, lr}
10003602:	4604      	mov	r4, r0
10003604:	f004 ff76 	bl	100084f4 <strlen>
10003608:	2301      	movs	r3, #1
1000360a:	4605      	mov	r5, r0
1000360c:	461a      	mov	r2, r3
1000360e:	4620      	mov	r0, r4
10003610:	4629      	mov	r1, r5
10003612:	f7ff ff27 	bl	10003464 <stdio_put_string>
10003616:	4b08      	ldr	r3, [pc, #32]	@ (10003638 <__wrap_puts+0x38>)
10003618:	681c      	ldr	r4, [r3, #0]
1000361a:	b12c      	cbz	r4, 10003628 <__wrap_puts+0x28>
1000361c:	6863      	ldr	r3, [r4, #4]
1000361e:	b12b      	cbz	r3, 1000362c <__wrap_puts+0x2c>
10003620:	4798      	blx	r3
10003622:	6924      	ldr	r4, [r4, #16]
10003624:	2c00      	cmp	r4, #0
10003626:	d1f9      	bne.n	1000361c <__wrap_puts+0x1c>
10003628:	4628      	mov	r0, r5
1000362a:	bd38      	pop	{r3, r4, r5, pc}
1000362c:	6924      	ldr	r4, [r4, #16]
1000362e:	2c00      	cmp	r4, #0
10003630:	d1f4      	bne.n	1000361c <__wrap_puts+0x1c>
10003632:	4628      	mov	r0, r5
10003634:	bd38      	pop	{r3, r4, r5, pc}
10003636:	bf00      	nop
10003638:	200020e0 	.word	0x200020e0

1000363c <__wrap_vprintf>:
1000363c:	e92d 41f0 	stmdb	sp!, {r4, r5, r6, r7, r8, lr}
10003640:	b0a2      	sub	sp, #136	@ 0x88
10003642:	4604      	mov	r4, r0
10003644:	460d      	mov	r5, r1
10003646:	f7fd fee1 	bl	1000140c <time_us_64>
1000364a:	f04f 37ff 	mov.w	r7, #4294967295
1000364e:	f06f 4600 	mvn.w	r6, #2147483648	@ 0x80000000
10003652:	4a26      	ldr	r2, [pc, #152]	@ (100036ec <__wrap_vprintf+0xb0>)
10003654:	f8df 80a4 	ldr.w	r8, [pc, #164]	@ 100036fc <__wrap_vprintf+0xc0>
10003658:	1882      	adds	r2, r0, r2
1000365a:	f141 0300 	adc.w	r3, r1, #0
1000365e:	4297      	cmp	r7, r2
10003660:	eb76 0103 	sbcs.w	r1, r6, r3
10003664:	bf3c      	itt	cc
10003666:	463a      	movcc	r2, r7
10003668:	4633      	movcc	r3, r6
1000366a:	4821      	ldr	r0, [pc, #132]	@ (100036f0 <__wrap_vprintf+0xb4>)
1000366c:	f005 f8e4 	bl	10008838 <__mutex_try_enter_block_until_veneer>
10003670:	2700      	movs	r7, #0
10003672:	462b      	mov	r3, r5
10003674:	4622      	mov	r2, r4
10003676:	4606      	mov	r6, r0
10003678:	a901      	add	r1, sp, #4
1000367a:	481e      	ldr	r0, [pc, #120]	@ (100036f4 <__wrap_vprintf+0xb8>)
1000367c:	9701      	str	r7, [sp, #4]
1000367e:	f7ff fe0b 	bl	10003298 <vfctprintf>
10003682:	9b01      	ldr	r3, [sp, #4]
10003684:	4605      	mov	r5, r0
10003686:	f8d8 4000 	ldr.w	r4, [r8]
1000368a:	b1c3      	cbz	r3, 100036be <__wrap_vprintf+0x82>
1000368c:	2c00      	cmp	r4, #0
1000368e:	d02b      	beq.n	100036e8 <__wrap_vprintf+0xac>
10003690:	4f19      	ldr	r7, [pc, #100]	@ (100036f8 <__wrap_vprintf+0xbc>)
10003692:	e001      	b.n	10003698 <__wrap_vprintf+0x5c>
10003694:	6924      	ldr	r4, [r4, #16]
10003696:	b174      	cbz	r4, 100036b6 <__wrap_vprintf+0x7a>
10003698:	6823      	ldr	r3, [r4, #0]
1000369a:	2b00      	cmp	r3, #0
1000369c:	d0fa      	beq.n	10003694 <__wrap_vprintf+0x58>
1000369e:	683b      	ldr	r3, [r7, #0]
100036a0:	b10b      	cbz	r3, 100036a6 <__wrap_vprintf+0x6a>
100036a2:	42a3      	cmp	r3, r4
100036a4:	d1f6      	bne.n	10003694 <__wrap_vprintf+0x58>
100036a6:	4620      	mov	r0, r4
100036a8:	9a01      	ldr	r2, [sp, #4]
100036aa:	a902      	add	r1, sp, #8
100036ac:	f7ff fe52 	bl	10003354 <stdio_out_chars_crlf>
100036b0:	6924      	ldr	r4, [r4, #16]
100036b2:	2c00      	cmp	r4, #0
100036b4:	d1f0      	bne.n	10003698 <__wrap_vprintf+0x5c>
100036b6:	2300      	movs	r3, #0
100036b8:	f8d8 4000 	ldr.w	r4, [r8]
100036bc:	9301      	str	r3, [sp, #4]
100036be:	b12c      	cbz	r4, 100036cc <__wrap_vprintf+0x90>
100036c0:	6863      	ldr	r3, [r4, #4]
100036c2:	b143      	cbz	r3, 100036d6 <__wrap_vprintf+0x9a>
100036c4:	4798      	blx	r3
100036c6:	6924      	ldr	r4, [r4, #16]
100036c8:	2c00      	cmp	r4, #0
100036ca:	d1f9      	bne.n	100036c0 <__wrap_vprintf+0x84>
100036cc:	b92e      	cbnz	r6, 100036da <__wrap_vprintf+0x9e>
100036ce:	4628      	mov	r0, r5
100036d0:	b022      	add	sp, #136	@ 0x88
100036d2:	e8bd 81f0 	ldmia.w	sp!, {r4, r5, r6, r7, r8, pc}
100036d6:	6924      	ldr	r4, [r4, #16]
100036d8:	e7f1      	b.n	100036be <__wrap_vprintf+0x82>
100036da:	4805      	ldr	r0, [pc, #20]	@ (100036f0 <__wrap_vprintf+0xb4>)
100036dc:	f005 f8a0 	bl	10008820 <__mutex_exit_veneer>
100036e0:	4628      	mov	r0, r5
100036e2:	b022      	add	sp, #136	@ 0x88
100036e4:	e8bd 81f0 	ldmia.w	sp!, {r4, r5, r6, r7, r8, pc}
100036e8:	9401      	str	r4, [sp, #4]
100036ea:	e7ef      	b.n	100036cc <__wrap_vprintf+0x90>
100036ec:	000f4240 	.word	0x000f4240
100036f0:	20001778 	.word	0x20001778
100036f4:	10003405 	.word	0x10003405
100036f8:	200020ec 	.word	0x200020ec
100036fc:	200020e0 	.word	0x200020e0

10003700 <__wrap_printf>:
10003700:	b40f      	push	{r0, r1, r2, r3}
10003702:	b500      	push	{lr}
10003704:	b083      	sub	sp, #12
10003706:	a904      	add	r1, sp, #16
10003708:	f851 0b04 	ldr.w	r0, [r1], #4
1000370c:	9101      	str	r1, [sp, #4]
1000370e:	f7ff ff95 	bl	1000363c <__wrap_vprintf>
10003712:	b003      	add	sp, #12
10003714:	f85d eb04 	ldr.w	lr, [sp], #4
10003718:	b004      	add	sp, #16
1000371a:	4770      	bx	lr

1000371c <resetd_init>:
1000371c:	4770      	bx	lr
1000371e:	bf00      	nop

10003720 <resetd_reset>:
10003720:	2200      	movs	r2, #0
10003722:	4b01      	ldr	r3, [pc, #4]	@ (10003728 <resetd_reset+0x8>)
10003724:	701a      	strb	r2, [r3, #0]
10003726:	4770      	bx	lr
10003728:	200026d4 	.word	0x200026d4

1000372c <resetd_open>:
1000372c:	794b      	ldrb	r3, [r1, #5]
1000372e:	2bff      	cmp	r3, #255	@ 0xff
10003730:	d10b      	bne.n	1000374a <resetd_open+0x1e>
10003732:	7988      	ldrb	r0, [r1, #6]
10003734:	b948      	cbnz	r0, 1000374a <resetd_open+0x1e>
10003736:	79cb      	ldrb	r3, [r1, #7]
10003738:	2b01      	cmp	r3, #1
1000373a:	d107      	bne.n	1000374c <resetd_open+0x20>
1000373c:	2a08      	cmp	r2, #8
1000373e:	d905      	bls.n	1000374c <resetd_open+0x20>
10003740:	4b03      	ldr	r3, [pc, #12]	@ (10003750 <resetd_open+0x24>)
10003742:	788a      	ldrb	r2, [r1, #2]
10003744:	2009      	movs	r0, #9
10003746:	701a      	strb	r2, [r3, #0]
10003748:	4770      	bx	lr
1000374a:	2000      	movs	r0, #0
1000374c:	4770      	bx	lr
1000374e:	bf00      	nop
10003750:	200026d4 	.word	0x200026d4

10003754 <resetd_xfer_cb>:
10003754:	2001      	movs	r0, #1
10003756:	4770      	bx	lr

10003758 <resetd_control_xfer_cb>:
10003758:	2901      	cmp	r1, #1
1000375a:	d001      	beq.n	10003760 <resetd_control_xfer_cb+0x8>
1000375c:	2001      	movs	r0, #1
1000375e:	4770      	bx	lr
10003760:	b508      	push	{r3, lr}
10003762:	4b10      	ldr	r3, [pc, #64]	@ (100037a4 <resetd_control_xfer_cb+0x4c>)
10003764:	8891      	ldrh	r1, [r2, #4]
10003766:	781b      	ldrb	r3, [r3, #0]
10003768:	4299      	cmp	r1, r3
1000376a:	d001      	beq.n	10003770 <resetd_control_xfer_cb+0x18>
1000376c:	2000      	movs	r0, #0
1000376e:	bd08      	pop	{r3, pc}
10003770:	7853      	ldrb	r3, [r2, #1]
10003772:	2b01      	cmp	r3, #1
10003774:	d008      	beq.n	10003788 <resetd_control_xfer_cb+0x30>
10003776:	2b02      	cmp	r3, #2
10003778:	d1f8      	bne.n	1000376c <resetd_control_xfer_cb+0x14>
1000377a:	2100      	movs	r1, #0
1000377c:	2264      	movs	r2, #100	@ 0x64
1000377e:	4608      	mov	r0, r1
10003780:	f7fd ff14 	bl	100015ac <watchdog_reboot>
10003784:	2001      	movs	r0, #1
10003786:	bd08      	pop	{r3, pc}
10003788:	8851      	ldrh	r1, [r2, #2]
1000378a:	05cb      	lsls	r3, r1, #23
1000378c:	bf48      	it	mi
1000378e:	0a48      	lsrmi	r0, r1, #9
10003790:	f3c1 2240 	ubfx	r2, r1, #9, #1
10003794:	bf58      	it	pl
10003796:	f04f 30ff 	movpl.w	r0, #4294967295
1000379a:	f001 017f 	and.w	r1, r1, #127	@ 0x7f
1000379e:	f7fd ff83 	bl	100016a8 <rom_reset_usb_boot_extra>
100037a2:	bf00      	nop
100037a4:	200026d4 	.word	0x200026d4

100037a8 <tud_descriptor_bos_cb>:
100037a8:	4800      	ldr	r0, [pc, #0]	@ (100037ac <tud_descriptor_bos_cb+0x4>)
100037aa:	4770      	bx	lr
100037ac:	100092ac 	.word	0x100092ac

100037b0 <tud_vendor_control_xfer_cb>:
100037b0:	2901      	cmp	r1, #1
100037b2:	d107      	bne.n	100037c4 <tud_vendor_control_xfer_cb+0x14>
100037b4:	7853      	ldrb	r3, [r2, #1]
100037b6:	2b01      	cmp	r3, #1
100037b8:	d102      	bne.n	100037c0 <tud_vendor_control_xfer_cb+0x10>
100037ba:	8893      	ldrh	r3, [r2, #4]
100037bc:	2b07      	cmp	r3, #7
100037be:	d003      	beq.n	100037c8 <tud_vendor_control_xfer_cb+0x18>
100037c0:	2000      	movs	r0, #0
100037c2:	4770      	bx	lr
100037c4:	2001      	movs	r0, #1
100037c6:	4770      	bx	lr
100037c8:	4611      	mov	r1, r2
100037ca:	23a6      	movs	r3, #166	@ 0xa6
100037cc:	4a01      	ldr	r2, [pc, #4]	@ (100037d4 <tud_vendor_control_xfer_cb+0x24>)
100037ce:	f001 ba39 	b.w	10004c44 <tud_control_xfer>
100037d2:	bf00      	nop
100037d4:	10009204 	.word	0x10009204

100037d8 <usbd_app_driver_get_cb>:
100037d8:	4603      	mov	r3, r0
100037da:	2201      	movs	r2, #1
100037dc:	4801      	ldr	r0, [pc, #4]	@ (100037e4 <usbd_app_driver_get_cb+0xc>)
100037de:	701a      	strb	r2, [r3, #0]
100037e0:	4770      	bx	lr
100037e2:	bf00      	nop
100037e4:	100091e4 	.word	0x100091e4

100037e8 <tud_cdc_line_coding_cb>:
100037e8:	b508      	push	{r3, lr}
100037ea:	680b      	ldr	r3, [r1, #0]
100037ec:	f5b3 6f96 	cmp.w	r3, #1200	@ 0x4b0
100037f0:	d000      	beq.n	100037f4 <tud_cdc_line_coding_cb+0xc>
100037f2:	bd08      	pop	{r3, pc}
100037f4:	2200      	movs	r2, #0
100037f6:	f04f 30ff 	mov.w	r0, #4294967295
100037fa:	4611      	mov	r1, r2
100037fc:	f7fd ff54 	bl	100016a8 <rom_reset_usb_boot_extra>

10003800 <stdio_usb_set_chars_available_callback>:
10003800:	4a02      	ldr	r2, [pc, #8]	@ (1000380c <stdio_usb_set_chars_available_callback+0xc>)
10003802:	4b03      	ldr	r3, [pc, #12]	@ (10003810 <stdio_usb_set_chars_available_callback+0x10>)
10003804:	6010      	str	r0, [r2, #0]
10003806:	6019      	str	r1, [r3, #0]
10003808:	4770      	bx	lr
1000380a:	bf00      	nop
1000380c:	20002080 	.word	0x20002080
10003810:	20002084 	.word	0x20002084

10003814 <timer_task>:
10003814:	4b18      	ldr	r3, [pc, #96]	@ (10003878 <timer_task+0x64>)
10003816:	b570      	push	{r4, r5, r6, lr}
10003818:	681a      	ldr	r2, [r3, #0]
1000381a:	2a00      	cmp	r2, #0
1000381c:	d028      	beq.n	10003870 <timer_task+0x5c>
1000381e:	f3ef 8110 	mrs	r1, PRIMASK
10003822:	b672      	cpsid	i
10003824:	e8d2 4fcf 	ldaexb	r4, [r2]
10003828:	2001      	movs	r0, #1
1000382a:	2c00      	cmp	r4, #0
1000382c:	d1fa      	bne.n	10003824 <timer_task+0x10>
1000382e:	e8c2 0f44 	strexb	r4, r0, [r2]
10003832:	2c00      	cmp	r4, #0
10003834:	d1f6      	bne.n	10003824 <timer_task+0x10>
10003836:	f3bf 8f5f 	dmb	sy
1000383a:	2200      	movs	r2, #0
1000383c:	4c0f      	ldr	r4, [pc, #60]	@ (1000387c <timer_task+0x68>)
1000383e:	6818      	ldr	r0, [r3, #0]
10003840:	6059      	str	r1, [r3, #4]
10003842:	7022      	strb	r2, [r4, #0]
10003844:	e8c0 2f8f 	stlb	r2, [r0]
10003848:	f381 8810 	msr	PRIMASK, r1
1000384c:	2400      	movs	r4, #0
1000384e:	2500      	movs	r5, #0
10003850:	4e0b      	ldr	r6, [pc, #44]	@ (10003880 <timer_task+0x6c>)
10003852:	7830      	ldrb	r0, [r6, #0]
10003854:	f7fc ffa8 	bl	100007a8 <irq_is_enabled>
10003858:	b920      	cbnz	r0, 10003864 <timer_task+0x50>
1000385a:	2400      	movs	r4, #0
1000385c:	2500      	movs	r5, #0
1000385e:	4620      	mov	r0, r4
10003860:	4629      	mov	r1, r5
10003862:	bd70      	pop	{r4, r5, r6, pc}
10003864:	7830      	ldrb	r0, [r6, #0]
10003866:	f7fc ffaf 	bl	100007c8 <irq_set_pending>
1000386a:	4620      	mov	r0, r4
1000386c:	4629      	mov	r1, r5
1000386e:	bd70      	pop	{r4, r5, r6, pc}
10003870:	f44f 747a 	mov.w	r4, #1000	@ 0x3e8
10003874:	2500      	movs	r5, #0
10003876:	e7eb      	b.n	10003850 <timer_task+0x3c>
10003878:	20002518 	.word	0x20002518
1000387c:	200026d6 	.word	0x200026d6
10003880:	200026d5 	.word	0x200026d5

10003884 <usb_irq>:
10003884:	4b01      	ldr	r3, [pc, #4]	@ (1000388c <usb_irq+0x8>)
10003886:	7818      	ldrb	r0, [r3, #0]
10003888:	f7fc bf9e 	b.w	100007c8 <irq_set_pending>
1000388c:	200026d5 	.word	0x200026d5

10003890 <stdio_usb_in_chars>:
10003890:	b538      	push	{r3, r4, r5, lr}
10003892:	4604      	mov	r4, r0
10003894:	2000      	movs	r0, #0
10003896:	460d      	mov	r5, r1
10003898:	f001 fb04 	bl	10004ea4 <tud_cdc_n_connected>
1000389c:	b3a8      	cbz	r0, 1000390a <stdio_usb_in_chars+0x7a>
1000389e:	2000      	movs	r0, #0
100038a0:	f001 fb16 	bl	10004ed0 <tud_cdc_n_available>
100038a4:	b388      	cbz	r0, 1000390a <stdio_usb_in_chars+0x7a>
100038a6:	f7fd fdb1 	bl	1000140c <time_us_64>
100038aa:	f04f 3eff 	mov.w	lr, #4294967295
100038ae:	f06f 4c00 	mvn.w	ip, #2147483648	@ 0x80000000
100038b2:	4a17      	ldr	r2, [pc, #92]	@ (10003910 <stdio_usb_in_chars+0x80>)
100038b4:	1882      	adds	r2, r0, r2
100038b6:	f141 0300 	adc.w	r3, r1, #0
100038ba:	4596      	cmp	lr, r2
100038bc:	eb7c 0103 	sbcs.w	r1, ip, r3
100038c0:	bf3c      	itt	cc
100038c2:	4672      	movcc	r2, lr
100038c4:	4663      	movcc	r3, ip
100038c6:	4813      	ldr	r0, [pc, #76]	@ (10003914 <stdio_usb_in_chars+0x84>)
100038c8:	f004 ffb6 	bl	10008838 <__mutex_try_enter_block_until_veneer>
100038cc:	b1e8      	cbz	r0, 1000390a <stdio_usb_in_chars+0x7a>
100038ce:	2000      	movs	r0, #0
100038d0:	f001 fae8 	bl	10004ea4 <tud_cdc_n_connected>
100038d4:	b958      	cbnz	r0, 100038ee <stdio_usb_in_chars+0x5e>
100038d6:	2100      	movs	r1, #0
100038d8:	f04f 30ff 	mov.w	r0, #4294967295
100038dc:	f000 fd0a 	bl	100042f4 <tud_task_ext>
100038e0:	f06f 0402 	mvn.w	r4, #2
100038e4:	480b      	ldr	r0, [pc, #44]	@ (10003914 <stdio_usb_in_chars+0x84>)
100038e6:	f004 ff9b 	bl	10008820 <__mutex_exit_veneer>
100038ea:	4620      	mov	r0, r4
100038ec:	bd38      	pop	{r3, r4, r5, pc}
100038ee:	2000      	movs	r0, #0
100038f0:	f001 faee 	bl	10004ed0 <tud_cdc_n_available>
100038f4:	2800      	cmp	r0, #0
100038f6:	d0ee      	beq.n	100038d6 <stdio_usb_in_chars+0x46>
100038f8:	4621      	mov	r1, r4
100038fa:	462a      	mov	r2, r5
100038fc:	2000      	movs	r0, #0
100038fe:	f001 faf1 	bl	10004ee4 <tud_cdc_n_read>
10003902:	4604      	mov	r4, r0
10003904:	2800      	cmp	r0, #0
10003906:	d1ed      	bne.n	100038e4 <stdio_usb_in_chars+0x54>
10003908:	e7ea      	b.n	100038e0 <stdio_usb_in_chars+0x50>
1000390a:	f06f 0402 	mvn.w	r4, #2
1000390e:	e7ec      	b.n	100038ea <stdio_usb_in_chars+0x5a>
10003910:	000f4240 	.word	0x000f4240
10003914:	200025dc 	.word	0x200025dc

10003918 <stdio_usb_out_flush>:
10003918:	b508      	push	{r3, lr}
1000391a:	f7fd fd77 	bl	1000140c <time_us_64>
1000391e:	f04f 3eff 	mov.w	lr, #4294967295
10003922:	f06f 4c00 	mvn.w	ip, #2147483648	@ 0x80000000
10003926:	4a0f      	ldr	r2, [pc, #60]	@ (10003964 <stdio_usb_out_flush+0x4c>)
10003928:	1882      	adds	r2, r0, r2
1000392a:	f141 0300 	adc.w	r3, r1, #0
1000392e:	4596      	cmp	lr, r2
10003930:	eb7c 0103 	sbcs.w	r1, ip, r3
10003934:	bf3c      	itt	cc
10003936:	4672      	movcc	r2, lr
10003938:	4663      	movcc	r3, ip
1000393a:	480b      	ldr	r0, [pc, #44]	@ (10003968 <stdio_usb_out_flush+0x50>)
1000393c:	f004 ff7c 	bl	10008838 <__mutex_try_enter_block_until_veneer>
10003940:	b170      	cbz	r0, 10003960 <stdio_usb_out_flush+0x48>
10003942:	f04f 30ff 	mov.w	r0, #4294967295
10003946:	2100      	movs	r1, #0
10003948:	f000 fcd4 	bl	100042f4 <tud_task_ext>
1000394c:	2000      	movs	r0, #0
1000394e:	f001 fb11 	bl	10004f74 <tud_cdc_n_write_flush>
10003952:	2800      	cmp	r0, #0
10003954:	d1f5      	bne.n	10003942 <stdio_usb_out_flush+0x2a>
10003956:	e8bd 4008 	ldmia.w	sp!, {r3, lr}
1000395a:	4803      	ldr	r0, [pc, #12]	@ (10003968 <stdio_usb_out_flush+0x50>)
1000395c:	f004 bf60 	b.w	10008820 <__mutex_exit_veneer>
10003960:	bd08      	pop	{r3, pc}
10003962:	bf00      	nop
10003964:	000f4240 	.word	0x000f4240
10003968:	200025dc 	.word	0x200025dc

1000396c <stdio_usb_out_chars>:
1000396c:	e92d 43f8 	stmdb	sp!, {r3, r4, r5, r6, r7, r8, r9, lr}
10003970:	4680      	mov	r8, r0
10003972:	460f      	mov	r7, r1
10003974:	f7fd fd4a 	bl	1000140c <time_us_64>
10003978:	f04f 35ff 	mov.w	r5, #4294967295
1000397c:	f06f 4400 	mvn.w	r4, #2147483648	@ 0x80000000
10003980:	4a33      	ldr	r2, [pc, #204]	@ (10003a50 <stdio_usb_out_chars+0xe4>)
10003982:	1882      	adds	r2, r0, r2
10003984:	f141 0300 	adc.w	r3, r1, #0
10003988:	4295      	cmp	r5, r2
1000398a:	eb74 0103 	sbcs.w	r1, r4, r3
1000398e:	bf3c      	itt	cc
10003990:	462a      	movcc	r2, r5
10003992:	4623      	movcc	r3, r4
10003994:	482f      	ldr	r0, [pc, #188]	@ (10003a54 <stdio_usb_out_chars+0xe8>)
10003996:	f004 ff4f 	bl	10008838 <__mutex_try_enter_block_until_veneer>
1000399a:	b908      	cbnz	r0, 100039a0 <stdio_usb_out_chars+0x34>
1000399c:	e8bd 83f8 	ldmia.w	sp!, {r3, r4, r5, r6, r7, r8, r9, pc}
100039a0:	2000      	movs	r0, #0
100039a2:	f001 fa7f 	bl	10004ea4 <tud_cdc_n_connected>
100039a6:	2800      	cmp	r0, #0
100039a8:	d047      	beq.n	10003a3a <stdio_usb_out_chars+0xce>
100039aa:	2f00      	cmp	r7, #0
100039ac:	dd40      	ble.n	10003a30 <stdio_usb_out_chars+0xc4>
100039ae:	2500      	movs	r5, #0
100039b0:	f8df 90a8 	ldr.w	r9, [pc, #168]	@ 10003a5c <stdio_usb_out_chars+0xf0>
100039b4:	4e28      	ldr	r6, [pc, #160]	@ (10003a58 <stdio_usb_out_chars+0xec>)
100039b6:	e013      	b.n	100039e0 <stdio_usb_out_chars+0x74>
100039b8:	4622      	mov	r2, r4
100039ba:	2000      	movs	r0, #0
100039bc:	f001 fb20 	bl	10005000 <tud_cdc_n_write>
100039c0:	2100      	movs	r1, #0
100039c2:	4604      	mov	r4, r0
100039c4:	f04f 30ff 	mov.w	r0, #4294967295
100039c8:	f000 fc94 	bl	100042f4 <tud_task_ext>
100039cc:	2000      	movs	r0, #0
100039ce:	f001 fad1 	bl	10004f74 <tud_cdc_n_write_flush>
100039d2:	f7fd fd1b 	bl	1000140c <time_us_64>
100039d6:	e9c9 0100 	strd	r0, r1, [r9]
100039da:	4425      	add	r5, r4
100039dc:	42af      	cmp	r7, r5
100039de:	dd27      	ble.n	10003a30 <stdio_usb_out_chars+0xc4>
100039e0:	2000      	movs	r0, #0
100039e2:	f001 fb2d 	bl	10005040 <tud_cdc_n_write_available>
100039e6:	1b7c      	subs	r4, r7, r5
100039e8:	4284      	cmp	r4, r0
100039ea:	bfa8      	it	ge
100039ec:	4604      	movge	r4, r0
100039ee:	eb08 0105 	add.w	r1, r8, r5
100039f2:	2c00      	cmp	r4, #0
100039f4:	d1e0      	bne.n	100039b8 <stdio_usb_out_chars+0x4c>
100039f6:	4621      	mov	r1, r4
100039f8:	f04f 30ff 	mov.w	r0, #4294967295
100039fc:	f000 fc7a 	bl	100042f4 <tud_task_ext>
10003a00:	4620      	mov	r0, r4
10003a02:	f001 fab7 	bl	10004f74 <tud_cdc_n_write_flush>
10003a06:	4620      	mov	r0, r4
10003a08:	f001 fa4c 	bl	10004ea4 <tud_cdc_n_connected>
10003a0c:	b180      	cbz	r0, 10003a30 <stdio_usb_out_chars+0xc4>
10003a0e:	4620      	mov	r0, r4
10003a10:	f001 fb16 	bl	10005040 <tud_cdc_n_write_available>
10003a14:	2800      	cmp	r0, #0
10003a16:	d1e1      	bne.n	100039dc <stdio_usb_out_chars+0x70>
10003a18:	f7fd fcf8 	bl	1000140c <time_us_64>
10003a1c:	f8d9 3000 	ldr.w	r3, [r9]
10003a20:	f8d9 2004 	ldr.w	r2, [r9, #4]
10003a24:	199b      	adds	r3, r3, r6
10003a26:	f142 0200 	adc.w	r2, r2, #0
10003a2a:	4283      	cmp	r3, r0
10003a2c:	418a      	sbcs	r2, r1
10003a2e:	d2d5      	bcs.n	100039dc <stdio_usb_out_chars+0x70>
10003a30:	4808      	ldr	r0, [pc, #32]	@ (10003a54 <stdio_usb_out_chars+0xe8>)
10003a32:	e8bd 43f8 	ldmia.w	sp!, {r3, r4, r5, r6, r7, r8, r9, lr}
10003a36:	f004 bef3 	b.w	10008820 <__mutex_exit_veneer>
10003a3a:	2000      	movs	r0, #0
10003a3c:	2100      	movs	r1, #0
10003a3e:	4b07      	ldr	r3, [pc, #28]	@ (10003a5c <stdio_usb_out_chars+0xf0>)
10003a40:	e9c3 0100 	strd	r0, r1, [r3]
10003a44:	e8bd 43f8 	ldmia.w	sp!, {r3, r4, r5, r6, r7, r8, r9, lr}
10003a48:	4802      	ldr	r0, [pc, #8]	@ (10003a54 <stdio_usb_out_chars+0xe8>)
10003a4a:	f004 bee9 	b.w	10008820 <__mutex_exit_veneer>
10003a4e:	bf00      	nop
10003a50:	000f4240 	.word	0x000f4240
10003a54:	200025dc 	.word	0x200025dc
10003a58:	0007a120 	.word	0x0007a120
10003a5c:	20001900 	.word	0x20001900

10003a60 <low_priority_worker_irq>:
10003a60:	b530      	push	{r4, r5, lr}
10003a62:	2100      	movs	r1, #0
10003a64:	b085      	sub	sp, #20
10003a66:	482e      	ldr	r0, [pc, #184]	@ (10003b20 <low_priority_worker_irq+0xc0>)
10003a68:	f004 feea 	bl	10008840 <__mutex_try_enter_veneer>
10003a6c:	b9f0      	cbnz	r0, 10003aac <low_priority_worker_irq+0x4c>
10003a6e:	4b2d      	ldr	r3, [pc, #180]	@ (10003b24 <low_priority_worker_irq+0xc4>)
10003a70:	681a      	ldr	r2, [r3, #0]
10003a72:	b1ca      	cbz	r2, 10003aa8 <low_priority_worker_irq+0x48>
10003a74:	f3ef 8110 	mrs	r1, PRIMASK
10003a78:	b672      	cpsid	i
10003a7a:	e8d2 5fcf 	ldaexb	r5, [r2]
10003a7e:	2401      	movs	r4, #1
10003a80:	2d00      	cmp	r5, #0
10003a82:	d1fa      	bne.n	10003a7a <low_priority_worker_irq+0x1a>
10003a84:	e8c2 4f45 	strexb	r5, r4, [r2]
10003a88:	2d00      	cmp	r5, #0
10003a8a:	d1f6      	bne.n	10003a7a <low_priority_worker_irq+0x1a>
10003a8c:	f3bf 8f5f 	dmb	sy
10003a90:	4c25      	ldr	r4, [pc, #148]	@ (10003b28 <low_priority_worker_irq+0xc8>)
10003a92:	681d      	ldr	r5, [r3, #0]
10003a94:	7822      	ldrb	r2, [r4, #0]
10003a96:	6059      	str	r1, [r3, #4]
10003a98:	b2d3      	uxtb	r3, r2
10003a9a:	2201      	movs	r2, #1
10003a9c:	7022      	strb	r2, [r4, #0]
10003a9e:	e8c5 0f8f 	stlb	r0, [r5]
10003aa2:	f381 8810 	msr	PRIMASK, r1
10003aa6:	b1cb      	cbz	r3, 10003adc <low_priority_worker_irq+0x7c>
10003aa8:	b005      	add	sp, #20
10003aaa:	bd30      	pop	{r4, r5, pc}
10003aac:	2100      	movs	r1, #0
10003aae:	f04f 30ff 	mov.w	r0, #4294967295
10003ab2:	f000 fc1f 	bl	100042f4 <tud_task_ext>
10003ab6:	2000      	movs	r0, #0
10003ab8:	f001 fa0a 	bl	10004ed0 <tud_cdc_n_available>
10003abc:	4604      	mov	r4, r0
10003abe:	4818      	ldr	r0, [pc, #96]	@ (10003b20 <low_priority_worker_irq+0xc0>)
10003ac0:	f004 feae 	bl	10008820 <__mutex_exit_veneer>
10003ac4:	2c00      	cmp	r4, #0
10003ac6:	d0ef      	beq.n	10003aa8 <low_priority_worker_irq+0x48>
10003ac8:	4b18      	ldr	r3, [pc, #96]	@ (10003b2c <low_priority_worker_irq+0xcc>)
10003aca:	681b      	ldr	r3, [r3, #0]
10003acc:	2b00      	cmp	r3, #0
10003ace:	d0eb      	beq.n	10003aa8 <low_priority_worker_irq+0x48>
10003ad0:	4a17      	ldr	r2, [pc, #92]	@ (10003b30 <low_priority_worker_irq+0xd0>)
10003ad2:	6810      	ldr	r0, [r2, #0]
10003ad4:	b005      	add	sp, #20
10003ad6:	e8bd 4030 	ldmia.w	sp!, {r4, r5, lr}
10003ada:	4718      	bx	r3
10003adc:	f7fd fa8c 	bl	10000ff8 <alarm_pool_get_default>
10003ae0:	4604      	mov	r4, r0
10003ae2:	f7fd fc93 	bl	1000140c <time_us_64>
10003ae6:	f04f 3cff 	mov.w	ip, #4294967295
10003aea:	f06f 4500 	mvn.w	r5, #2147483648	@ 0x80000000
10003aee:	f510 727a 	adds.w	r2, r0, #1000	@ 0x3e8
10003af2:	f141 0300 	adc.w	r3, r1, #0
10003af6:	4594      	cmp	ip, r2
10003af8:	eb75 0103 	sbcs.w	r1, r5, r3
10003afc:	bf38      	it	cc
10003afe:	462b      	movcc	r3, r5
10003b00:	f04f 0100 	mov.w	r1, #0
10003b04:	f04f 0501 	mov.w	r5, #1
10003b08:	4620      	mov	r0, r4
10003b0a:	4c0a      	ldr	r4, [pc, #40]	@ (10003b34 <low_priority_worker_irq+0xd4>)
10003b0c:	bf38      	it	cc
10003b0e:	4662      	movcc	r2, ip
10003b10:	e9cd 1501 	strd	r1, r5, [sp, #4]
10003b14:	9400      	str	r4, [sp, #0]
10003b16:	f7fd fa73 	bl	10001000 <alarm_pool_add_alarm_at>
10003b1a:	b005      	add	sp, #20
10003b1c:	bd30      	pop	{r4, r5, pc}
10003b1e:	bf00      	nop
10003b20:	200025dc 	.word	0x200025dc
10003b24:	20002518 	.word	0x20002518
10003b28:	200026d6 	.word	0x200026d6
10003b2c:	20002080 	.word	0x20002080
10003b30:	20002084 	.word	0x20002084
10003b34:	10003815 	.word	0x10003815

10003b38 <stdio_usb_init>:
10003b38:	f04f 4350 	mov.w	r3, #3489660928	@ 0xd0000000
10003b3c:	b530      	push	{r4, r5, lr}
10003b3e:	b085      	sub	sp, #20
10003b40:	681c      	ldr	r4, [r3, #0]
10003b42:	f7fd fa59 	bl	10000ff8 <alarm_pool_get_default>
10003b46:	f7fd fb6d 	bl	10001224 <alarm_pool_core_num>
10003b4a:	42a0      	cmp	r0, r4
10003b4c:	d002      	beq.n	10003b54 <stdio_usb_init+0x1c>
10003b4e:	2000      	movs	r0, #0
10003b50:	b005      	add	sp, #20
10003b52:	bd30      	pop	{r4, r5, pc}
10003b54:	2100      	movs	r1, #0
10003b56:	4b2a      	ldr	r3, [pc, #168]	@ (10003c00 <stdio_usb_init+0xc8>)
10003b58:	4608      	mov	r0, r1
10003b5a:	781b      	ldrb	r3, [r3, #0]
10003b5c:	f001 fd38 	bl	100055d0 <tusb_rhport_init>
10003b60:	4828      	ldr	r0, [pc, #160]	@ (10003c04 <stdio_usb_init+0xcc>)
10003b62:	6803      	ldr	r3, [r0, #0]
10003b64:	2b00      	cmp	r3, #0
10003b66:	d047      	beq.n	10003bf8 <stdio_usb_init+0xc0>
10003b68:	2001      	movs	r0, #1
10003b6a:	f7fc ffcb 	bl	10000b04 <user_irq_claim_unused>
10003b6e:	4603      	mov	r3, r0
10003b70:	4c25      	ldr	r4, [pc, #148]	@ (10003c08 <stdio_usb_init+0xd0>)
10003b72:	4926      	ldr	r1, [pc, #152]	@ (10003c0c <stdio_usb_init+0xd4>)
10003b74:	b2c0      	uxtb	r0, r0
10003b76:	7023      	strb	r3, [r4, #0]
10003b78:	f7fc fe42 	bl	10000800 <irq_set_exclusive_handler>
10003b7c:	7820      	ldrb	r0, [r4, #0]
10003b7e:	2101      	movs	r1, #1
10003b80:	f7fc fdfc 	bl	1000077c <irq_set_enabled>
10003b84:	200e      	movs	r0, #14
10003b86:	f7fc fe2b 	bl	100007e0 <irq_has_shared_handler>
10003b8a:	bb40      	cbnz	r0, 10003bde <stdio_usb_init+0xa6>
10003b8c:	4b20      	ldr	r3, [pc, #128]	@ (10003c10 <stdio_usb_init+0xd8>)
10003b8e:	2501      	movs	r5, #1
10003b90:	e9c3 0000 	strd	r0, r0, [r3]
10003b94:	f7fd fa30 	bl	10000ff8 <alarm_pool_get_default>
10003b98:	4604      	mov	r4, r0
10003b9a:	f7fd fc37 	bl	1000140c <time_us_64>
10003b9e:	f04f 3eff 	mov.w	lr, #4294967295
10003ba2:	f06f 4c00 	mvn.w	ip, #2147483648	@ 0x80000000
10003ba6:	f510 727a 	adds.w	r2, r0, #1000	@ 0x3e8
10003baa:	f141 0300 	adc.w	r3, r1, #0
10003bae:	4596      	cmp	lr, r2
10003bb0:	eb7c 0103 	sbcs.w	r1, ip, r3
10003bb4:	f04f 0100 	mov.w	r1, #0
10003bb8:	4620      	mov	r0, r4
10003bba:	4c16      	ldr	r4, [pc, #88]	@ (10003c14 <stdio_usb_init+0xdc>)
10003bbc:	bf3c      	itt	cc
10003bbe:	4672      	movcc	r2, lr
10003bc0:	4663      	movcc	r3, ip
10003bc2:	e9cd 1501 	strd	r1, r5, [sp, #4]
10003bc6:	9400      	str	r4, [sp, #0]
10003bc8:	f7fd fa1a 	bl	10001000 <alarm_pool_add_alarm_at>
10003bcc:	2800      	cmp	r0, #0
10003bce:	dbbe      	blt.n	10003b4e <stdio_usb_init+0x16>
10003bd0:	2101      	movs	r1, #1
10003bd2:	4811      	ldr	r0, [pc, #68]	@ (10003c18 <stdio_usb_init+0xe0>)
10003bd4:	f7ff fcbc 	bl	10003550 <stdio_set_driver_enabled>
10003bd8:	2001      	movs	r0, #1
10003bda:	b005      	add	sp, #20
10003bdc:	bd30      	pop	{r4, r5, pc}
10003bde:	2001      	movs	r0, #1
10003be0:	f7fc fd88 	bl	100006f4 <spin_lock_claim_unused>
10003be4:	4601      	mov	r1, r0
10003be6:	480a      	ldr	r0, [pc, #40]	@ (10003c10 <stdio_usb_init+0xd8>)
10003be8:	f7fc ffe8 	bl	10000bbc <critical_section_init_with_lock_num>
10003bec:	2200      	movs	r2, #0
10003bee:	200e      	movs	r0, #14
10003bf0:	490a      	ldr	r1, [pc, #40]	@ (10003c1c <stdio_usb_init+0xe4>)
10003bf2:	f7fc fe35 	bl	10000860 <irq_add_shared_handler>
10003bf6:	e7eb      	b.n	10003bd0 <stdio_usb_init+0x98>
10003bf8:	f7fc ffc4 	bl	10000b84 <mutex_init>
10003bfc:	e7b4      	b.n	10003b68 <stdio_usb_init+0x30>
10003bfe:	bf00      	nop
10003c00:	100093c8 	.word	0x100093c8
10003c04:	200025dc 	.word	0x200025dc
10003c08:	200026d5 	.word	0x200026d5
10003c0c:	10003a61 	.word	0x10003a61
10003c10:	20002518 	.word	0x20002518
10003c14:	10003815 	.word	0x10003815
10003c18:	200011e4 	.word	0x200011e4
10003c1c:	10003885 	.word	0x10003885

10003c20 <tud_descriptor_device_cb>:
10003c20:	4800      	ldr	r0, [pc, #0]	@ (10003c24 <tud_descriptor_device_cb+0x4>)
10003c22:	4770      	bx	lr
10003c24:	10009348 	.word	0x10009348

10003c28 <tud_descriptor_configuration_cb>:
10003c28:	4800      	ldr	r0, [pc, #0]	@ (10003c2c <tud_descriptor_configuration_cb+0x4>)
10003c2a:	4770      	bx	lr
10003c2c:	100092f4 	.word	0x100092f4

10003c30 <tud_descriptor_string_cb>:
10003c30:	b538      	push	{r3, r4, r5, lr}
10003c32:	4b18      	ldr	r3, [pc, #96]	@ (10003c94 <tud_descriptor_string_cb+0x64>)
10003c34:	4604      	mov	r4, r0
10003c36:	781a      	ldrb	r2, [r3, #0]
10003c38:	b30a      	cbz	r2, 10003c7e <tud_descriptor_string_cb+0x4e>
10003c3a:	b944      	cbnz	r4, 10003c4e <tud_descriptor_string_cb+0x1e>
10003c3c:	f240 4209 	movw	r2, #1033	@ 0x409
10003c40:	f44f 7341 	mov.w	r3, #772	@ 0x304
10003c44:	4d14      	ldr	r5, [pc, #80]	@ (10003c98 <tud_descriptor_string_cb+0x68>)
10003c46:	806a      	strh	r2, [r5, #2]
10003c48:	4813      	ldr	r0, [pc, #76]	@ (10003c98 <tud_descriptor_string_cb+0x68>)
10003c4a:	802b      	strh	r3, [r5, #0]
10003c4c:	bd38      	pop	{r3, r4, r5, pc}
10003c4e:	2c05      	cmp	r4, #5
10003c50:	d81d      	bhi.n	10003c8e <tud_descriptor_string_cb+0x5e>
10003c52:	4b12      	ldr	r3, [pc, #72]	@ (10003c9c <tud_descriptor_string_cb+0x6c>)
10003c54:	4d10      	ldr	r5, [pc, #64]	@ (10003c98 <tud_descriptor_string_cb+0x68>)
10003c56:	f853 1024 	ldr.w	r1, [r3, r4, lsl #2]
10003c5a:	4628      	mov	r0, r5
10003c5c:	2300      	movs	r3, #0
10003c5e:	3901      	subs	r1, #1
10003c60:	e003      	b.n	10003c6a <tud_descriptor_string_cb+0x3a>
10003c62:	2b13      	cmp	r3, #19
10003c64:	f820 2f02 	strh.w	r2, [r0, #2]!
10003c68:	d00e      	beq.n	10003c88 <tud_descriptor_string_cb+0x58>
10003c6a:	f811 2f01 	ldrb.w	r2, [r1, #1]!
10003c6e:	3301      	adds	r3, #1
10003c70:	b2db      	uxtb	r3, r3
10003c72:	2a00      	cmp	r2, #0
10003c74:	d1f5      	bne.n	10003c62 <tud_descriptor_string_cb+0x32>
10003c76:	005b      	lsls	r3, r3, #1
10003c78:	f443 7340 	orr.w	r3, r3, #768	@ 0x300
10003c7c:	e7e4      	b.n	10003c48 <tud_descriptor_string_cb+0x18>
10003c7e:	2111      	movs	r1, #17
10003c80:	4618      	mov	r0, r3
10003c82:	f000 f825 	bl	10003cd0 <pico_get_unique_board_id_string>
10003c86:	e7d8      	b.n	10003c3a <tud_descriptor_string_cb+0xa>
10003c88:	f44f 734a 	mov.w	r3, #808	@ 0x328
10003c8c:	e7dc      	b.n	10003c48 <tud_descriptor_string_cb+0x18>
10003c8e:	2000      	movs	r0, #0
10003c90:	bd38      	pop	{r3, r4, r5, pc}
10003c92:	bf00      	nop
10003c94:	200025e8 	.word	0x200025e8
10003c98:	200020b8 	.word	0x200020b8
10003c9c:	100092dc 	.word	0x100092dc

10003ca0 <_retrieve_unique_id_on_boot>:
10003ca0:	b500      	push	{lr}
10003ca2:	f245 3047 	movw	r0, #21319	@ 0x5347
10003ca6:	b08b      	sub	sp, #44	@ 0x2c
10003ca8:	f7fd fcf2 	bl	10001690 <rom_func_lookup>
10003cac:	2201      	movs	r2, #1
10003cae:	4603      	mov	r3, r0
10003cb0:	2109      	movs	r1, #9
10003cb2:	a801      	add	r0, sp, #4
10003cb4:	4798      	blx	r3
10003cb6:	e9dd 3203 	ldrd	r3, r2, [sp, #12]
10003cba:	4904      	ldr	r1, [pc, #16]	@ (10003ccc <_retrieve_unique_id_on_boot+0x2c>)
10003cbc:	ba12      	rev	r2, r2
10003cbe:	ba1b      	rev	r3, r3
10003cc0:	e9c1 2300 	strd	r2, r3, [r1]
10003cc4:	b00b      	add	sp, #44	@ 0x2c
10003cc6:	f85d fb04 	ldr.w	pc, [sp], #4
10003cca:	bf00      	nop
10003ccc:	200025d0 	.word	0x200025d0

10003cd0 <pico_get_unique_board_id_string>:
10003cd0:	2901      	cmp	r1, #1
10003cd2:	f101 33ff 	add.w	r3, r1, #4294967295
10003cd6:	f000 80b3 	beq.w	10003e40 <pico_get_unique_board_id_string+0x170>
10003cda:	495d      	ldr	r1, [pc, #372]	@ (10003e50 <pico_get_unique_board_id_string+0x180>)
10003cdc:	780a      	ldrb	r2, [r1, #0]
10003cde:	ea4f 1c12 	mov.w	ip, r2, lsr #4
10003ce2:	2a9f      	cmp	r2, #159	@ 0x9f
10003ce4:	bf8c      	ite	hi
10003ce6:	f10c 0c37 	addhi.w	ip, ip, #55	@ 0x37
10003cea:	f10c 0c30 	addls.w	ip, ip, #48	@ 0x30
10003cee:	2b01      	cmp	r3, #1
10003cf0:	f880 c000 	strb.w	ip, [r0]
10003cf4:	f000 80a7 	beq.w	10003e46 <pico_get_unique_board_id_string+0x176>
10003cf8:	f002 020f 	and.w	r2, r2, #15
10003cfc:	2a09      	cmp	r2, #9
10003cfe:	bf8c      	ite	hi
10003d00:	3237      	addhi	r2, #55	@ 0x37
10003d02:	3230      	addls	r2, #48	@ 0x30
10003d04:	2b02      	cmp	r3, #2
10003d06:	7042      	strb	r2, [r0, #1]
10003d08:	f000 809d 	beq.w	10003e46 <pico_get_unique_board_id_string+0x176>
10003d0c:	784a      	ldrb	r2, [r1, #1]
10003d0e:	ea4f 1c12 	mov.w	ip, r2, lsr #4
10003d12:	2a9f      	cmp	r2, #159	@ 0x9f
10003d14:	bf8c      	ite	hi
10003d16:	f10c 0c37 	addhi.w	ip, ip, #55	@ 0x37
10003d1a:	f10c 0c30 	addls.w	ip, ip, #48	@ 0x30
10003d1e:	2b03      	cmp	r3, #3
10003d20:	f880 c002 	strb.w	ip, [r0, #2]
10003d24:	f000 808f 	beq.w	10003e46 <pico_get_unique_board_id_string+0x176>
10003d28:	f002 020f 	and.w	r2, r2, #15
10003d2c:	2a09      	cmp	r2, #9
10003d2e:	bf8c      	ite	hi
10003d30:	3237      	addhi	r2, #55	@ 0x37
10003d32:	3230      	addls	r2, #48	@ 0x30
10003d34:	2b04      	cmp	r3, #4
10003d36:	70c2      	strb	r2, [r0, #3]
10003d38:	f000 8085 	beq.w	10003e46 <pico_get_unique_board_id_string+0x176>
10003d3c:	788a      	ldrb	r2, [r1, #2]
10003d3e:	ea4f 1c12 	mov.w	ip, r2, lsr #4
10003d42:	2a9f      	cmp	r2, #159	@ 0x9f
10003d44:	bf8c      	ite	hi
10003d46:	f10c 0c37 	addhi.w	ip, ip, #55	@ 0x37
10003d4a:	f10c 0c30 	addls.w	ip, ip, #48	@ 0x30
10003d4e:	2b05      	cmp	r3, #5
10003d50:	f880 c004 	strb.w	ip, [r0, #4]
10003d54:	d077      	beq.n	10003e46 <pico_get_unique_board_id_string+0x176>
10003d56:	f002 020f 	and.w	r2, r2, #15
10003d5a:	2a09      	cmp	r2, #9
10003d5c:	bf8c      	ite	hi
10003d5e:	3237      	addhi	r2, #55	@ 0x37
10003d60:	3230      	addls	r2, #48	@ 0x30
10003d62:	2b06      	cmp	r3, #6
10003d64:	7142      	strb	r2, [r0, #5]
10003d66:	d06e      	beq.n	10003e46 <pico_get_unique_board_id_string+0x176>
10003d68:	78ca      	ldrb	r2, [r1, #3]
10003d6a:	ea4f 1c12 	mov.w	ip, r2, lsr #4
10003d6e:	2a9f      	cmp	r2, #159	@ 0x9f
10003d70:	bf8c      	ite	hi
10003d72:	f10c 0c37 	addhi.w	ip, ip, #55	@ 0x37
10003d76:	f10c 0c30 	addls.w	ip, ip, #48	@ 0x30
10003d7a:	2b07      	cmp	r3, #7
10003d7c:	f880 c006 	strb.w	ip, [r0, #6]
10003d80:	d061      	beq.n	10003e46 <pico_get_unique_board_id_string+0x176>
10003d82:	f002 020f 	and.w	r2, r2, #15
10003d86:	2a09      	cmp	r2, #9
10003d88:	bf8c      	ite	hi
10003d8a:	3237      	addhi	r2, #55	@ 0x37
10003d8c:	3230      	addls	r2, #48	@ 0x30
10003d8e:	2b08      	cmp	r3, #8
10003d90:	71c2      	strb	r2, [r0, #7]
10003d92:	d058      	beq.n	10003e46 <pico_get_unique_board_id_string+0x176>
10003d94:	790a      	ldrb	r2, [r1, #4]
10003d96:	ea4f 1c12 	mov.w	ip, r2, lsr #4
10003d9a:	2a9f      	cmp	r2, #159	@ 0x9f
10003d9c:	bf8c      	ite	hi
10003d9e:	f10c 0c37 	addhi.w	ip, ip, #55	@ 0x37
10003da2:	f10c 0c30 	addls.w	ip, ip, #48	@ 0x30
10003da6:	2b09      	cmp	r3, #9
10003da8:	f880 c008 	strb.w	ip, [r0, #8]
10003dac:	d04b      	beq.n	10003e46 <pico_get_unique_board_id_string+0x176>
10003dae:	f002 020f 	and.w	r2, r2, #15
10003db2:	2a09      	cmp	r2, #9
10003db4:	bf8c      	ite	hi
10003db6:	3237      	addhi	r2, #55	@ 0x37
10003db8:	3230      	addls	r2, #48	@ 0x30
10003dba:	2b0a      	cmp	r3, #10
10003dbc:	7242      	strb	r2, [r0, #9]
10003dbe:	d042      	beq.n	10003e46 <pico_get_unique_board_id_string+0x176>
10003dc0:	794a      	ldrb	r2, [r1, #5]
10003dc2:	ea4f 1c12 	mov.w	ip, r2, lsr #4
10003dc6:	2a9f      	cmp	r2, #159	@ 0x9f
10003dc8:	bf8c      	ite	hi
10003dca:	f10c 0c37 	addhi.w	ip, ip, #55	@ 0x37
10003dce:	f10c 0c30 	addls.w	ip, ip, #48	@ 0x30
10003dd2:	2b0b      	cmp	r3, #11
10003dd4:	f880 c00a 	strb.w	ip, [r0, #10]
10003dd8:	d035      	beq.n	10003e46 <pico_get_unique_board_id_string+0x176>
10003dda:	f002 020f 	and.w	r2, r2, #15
10003dde:	2a09      	cmp	r2, #9
10003de0:	bf8c      	ite	hi
10003de2:	3237      	addhi	r2, #55	@ 0x37
10003de4:	3230      	addls	r2, #48	@ 0x30
10003de6:	2b0c      	cmp	r3, #12
10003de8:	72c2      	strb	r2, [r0, #11]
10003dea:	d02c      	beq.n	10003e46 <pico_get_unique_board_id_string+0x176>
10003dec:	798a      	ldrb	r2, [r1, #6]
10003dee:	ea4f 1c12 	mov.w	ip, r2, lsr #4
10003df2:	2a9f      	cmp	r2, #159	@ 0x9f
10003df4:	bf8c      	ite	hi
10003df6:	f10c 0c37 	addhi.w	ip, ip, #55	@ 0x37
10003dfa:	f10c 0c30 	addls.w	ip, ip, #48	@ 0x30
10003dfe:	2b0d      	cmp	r3, #13
10003e00:	f880 c00c 	strb.w	ip, [r0, #12]
10003e04:	d01f      	beq.n	10003e46 <pico_get_unique_board_id_string+0x176>
10003e06:	f002 020f 	and.w	r2, r2, #15
10003e0a:	2a09      	cmp	r2, #9
10003e0c:	bf8c      	ite	hi
10003e0e:	3237      	addhi	r2, #55	@ 0x37
10003e10:	3230      	addls	r2, #48	@ 0x30
10003e12:	2b0e      	cmp	r3, #14
10003e14:	7342      	strb	r2, [r0, #13]
10003e16:	d016      	beq.n	10003e46 <pico_get_unique_board_id_string+0x176>
10003e18:	79ca      	ldrb	r2, [r1, #7]
10003e1a:	0911      	lsrs	r1, r2, #4
10003e1c:	2a9f      	cmp	r2, #159	@ 0x9f
10003e1e:	bf8c      	ite	hi
10003e20:	3137      	addhi	r1, #55	@ 0x37
10003e22:	3130      	addls	r1, #48	@ 0x30
10003e24:	2b0f      	cmp	r3, #15
10003e26:	7381      	strb	r1, [r0, #14]
10003e28:	d00d      	beq.n	10003e46 <pico_get_unique_board_id_string+0x176>
10003e2a:	f002 020f 	and.w	r2, r2, #15
10003e2e:	2a09      	cmp	r2, #9
10003e30:	bf94      	ite	ls
10003e32:	3230      	addls	r2, #48	@ 0x30
10003e34:	3237      	addhi	r2, #55	@ 0x37
10003e36:	2b10      	cmp	r3, #16
10003e38:	73c2      	strb	r2, [r0, #15]
10003e3a:	bf18      	it	ne
10003e3c:	3010      	addne	r0, #16
10003e3e:	d002      	beq.n	10003e46 <pico_get_unique_board_id_string+0x176>
10003e40:	2300      	movs	r3, #0
10003e42:	7003      	strb	r3, [r0, #0]
10003e44:	4770      	bx	lr
10003e46:	4418      	add	r0, r3
10003e48:	2300      	movs	r3, #0
10003e4a:	7003      	strb	r3, [r0, #0]
10003e4c:	4770      	bx	lr
10003e4e:	bf00      	nop
10003e50:	200025d0 	.word	0x200025d0

10003e54 <dcd_init>:
10003e54:	b570      	push	{r4, r5, r6, lr}
10003e56:	f000 f92d 	bl	100040b4 <rp2040_usb_init>
10003e5a:	230c      	movs	r3, #12
10003e5c:	2640      	movs	r6, #64	@ 0x40
10003e5e:	4c19      	ldr	r4, [pc, #100]	@ (10003ec4 <dcd_init+0x70>)
10003e60:	22ff      	movs	r2, #255	@ 0xff
10003e62:	67a3      	str	r3, [r4, #120]	@ 0x78
10003e64:	200e      	movs	r0, #14
10003e66:	4918      	ldr	r1, [pc, #96]	@ (10003ec8 <dcd_init+0x74>)
10003e68:	f7fc fcfa 	bl	10000860 <irq_add_shared_handler>
10003e6c:	4632      	mov	r2, r6
10003e6e:	2100      	movs	r1, #0
10003e70:	4816      	ldr	r0, [pc, #88]	@ (10003ecc <dcd_init+0x78>)
10003e72:	f004 fa51 	bl	10008318 <memset>
10003e76:	2501      	movs	r5, #1
10003e78:	2300      	movs	r3, #0
10003e7a:	2180      	movs	r1, #128	@ 0x80
10003e7c:	4813      	ldr	r0, [pc, #76]	@ (10003ecc <dcd_init+0x78>)
10003e7e:	4a14      	ldr	r2, [pc, #80]	@ (10003ed0 <dcd_init+0x7c>)
10003e80:	8441      	strh	r1, [r0, #34]	@ 0x22
10003e82:	7045      	strb	r5, [r0, #1]
10003e84:	8306      	strh	r6, [r0, #24]
10003e86:	8706      	strh	r6, [r0, #56]	@ 0x38
10003e88:	6082      	str	r2, [r0, #8]
10003e8a:	6043      	str	r3, [r0, #4]
10003e8c:	6013      	str	r3, [r2, #0]
10003e8e:	f842 3c04 	str.w	r3, [r2, #-4]
10003e92:	f880 3021 	strb.w	r3, [r0, #33]	@ 0x21
10003e96:	f880 303b 	strb.w	r3, [r0, #59]	@ 0x3b
10003e9a:	6243      	str	r3, [r0, #36]	@ 0x24
10003e9c:	4b0d      	ldr	r3, [pc, #52]	@ (10003ed4 <dcd_init+0x80>)
10003e9e:	f04f 5600 	mov.w	r6, #536870912	@ 0x20000000
10003ea2:	60c3      	str	r3, [r0, #12]
10003ea4:	62c3      	str	r3, [r0, #44]	@ 0x2c
10003ea6:	3b80      	subs	r3, #128	@ 0x80
10003ea8:	6283      	str	r3, [r0, #40]	@ 0x28
10003eaa:	f004 fcb1 	bl	10008810 <__reset_non_control_endpoints_veneer>
10003eae:	f44f 3280 	mov.w	r2, #65536	@ 0x10000
10003eb2:	4909      	ldr	r1, [pc, #36]	@ (10003ed8 <dcd_init+0x84>)
10003eb4:	4b09      	ldr	r3, [pc, #36]	@ (10003edc <dcd_init+0x88>)
10003eb6:	6425      	str	r5, [r4, #64]	@ 0x40
10003eb8:	4628      	mov	r0, r5
10003eba:	64e6      	str	r6, [r4, #76]	@ 0x4c
10003ebc:	f8c4 1090 	str.w	r1, [r4, #144]	@ 0x90
10003ec0:	64da      	str	r2, [r3, #76]	@ 0x4c
10003ec2:	bd70      	pop	{r4, r5, r6, pc}
10003ec4:	50110000 	.word	0x50110000
10003ec8:	2000039d 	.word	0x2000039d
10003ecc:	200020f4 	.word	0x200020f4
10003ed0:	50100084 	.word	0x50100084
10003ed4:	50100100 	.word	0x50100100
10003ed8:	0001d010 	.word	0x0001d010
10003edc:	50112000 	.word	0x50112000

10003ee0 <dcd_int_enable>:
10003ee0:	2101      	movs	r1, #1
10003ee2:	200e      	movs	r0, #14
10003ee4:	f7fc bc4a 	b.w	1000077c <irq_set_enabled>

10003ee8 <dcd_set_address>:
10003ee8:	2200      	movs	r2, #0
10003eea:	4802      	ldr	r0, [pc, #8]	@ (10003ef4 <dcd_set_address+0xc>)
10003eec:	4611      	mov	r1, r2
10003eee:	f000 b901 	b.w	100040f4 <hw_endpoint_xfer_start>
10003ef2:	bf00      	nop
10003ef4:	20002114 	.word	0x20002114

10003ef8 <dcd_sof_enable>:
10003ef8:	4b04      	ldr	r3, [pc, #16]	@ (10003f0c <dcd_sof_enable+0x14>)
10003efa:	7019      	strb	r1, [r3, #0]
10003efc:	b121      	cbz	r1, 10003f08 <dcd_sof_enable+0x10>
10003efe:	f44f 3200 	mov.w	r2, #131072	@ 0x20000
10003f02:	4b03      	ldr	r3, [pc, #12]	@ (10003f10 <dcd_sof_enable+0x18>)
10003f04:	f8c3 2090 	str.w	r2, [r3, #144]	@ 0x90
10003f08:	4770      	bx	lr
10003f0a:	bf00      	nop
10003f0c:	200026d1 	.word	0x200026d1
10003f10:	50112000 	.word	0x50112000

10003f14 <dcd_edpt0_status_complete>:
10003f14:	780b      	ldrb	r3, [r1, #0]
10003f16:	065b      	lsls	r3, r3, #25
10003f18:	d102      	bne.n	10003f20 <dcd_edpt0_status_complete+0xc>
10003f1a:	784b      	ldrb	r3, [r1, #1]
10003f1c:	2b05      	cmp	r3, #5
10003f1e:	d000      	beq.n	10003f22 <dcd_edpt0_status_complete+0xe>
10003f20:	4770      	bx	lr
10003f22:	884b      	ldrh	r3, [r1, #2]
10003f24:	4a01      	ldr	r2, [pc, #4]	@ (10003f2c <dcd_edpt0_status_complete+0x18>)
10003f26:	b2db      	uxtb	r3, r3
10003f28:	6013      	str	r3, [r2, #0]
10003f2a:	4770      	bx	lr
10003f2c:	50110000 	.word	0x50110000

10003f30 <dcd_edpt_open>:
10003f30:	78cb      	ldrb	r3, [r1, #3]
10003f32:	e92d 41f0 	stmdb	sp!, {r4, r5, r6, r7, r8, lr}
10003f36:	f003 0e03 	and.w	lr, r3, #3
10003f3a:	f1be 0f01 	cmp.w	lr, #1
10003f3e:	f3c3 0001 	ubfx	r0, r3, #0, #2
10003f42:	d05b      	beq.n	10003ffc <dcd_edpt_open+0xcc>
10003f44:	2700      	movs	r7, #0
10003f46:	f891 c002 	ldrb.w	ip, [r1, #2]
10003f4a:	4c34      	ldr	r4, [pc, #208]	@ (1000401c <dcd_edpt_open+0xec>)
10003f4c:	f00c 027f 	and.w	r2, ip, #127	@ 0x7f
10003f50:	0056      	lsls	r6, r2, #1
10003f52:	8889      	ldrh	r1, [r1, #4]
10003f54:	eb06 13dc 	add.w	r3, r6, ip, lsr #7
10003f58:	eb04 1343 	add.w	r3, r4, r3, lsl #5
10003f5c:	ea4f 15dc 	mov.w	r5, ip, lsr #7
10003f60:	76d8      	strb	r0, [r3, #27]
10003f62:	f3c1 010a 	ubfx	r1, r1, #0, #11
10003f66:	f085 0001 	eor.w	r0, r5, #1
10003f6a:	f883 c002 	strb.w	ip, [r3, #2]
10003f6e:	8319      	strh	r1, [r3, #24]
10003f70:	7058      	strb	r0, [r3, #1]
10003f72:	70df      	strb	r7, [r3, #3]
10003f74:	00d3      	lsls	r3, r2, #3
10003f76:	bb8d      	cbnz	r5, 10003fdc <dcd_edpt_open+0xac>
10003f78:	4829      	ldr	r0, [pc, #164]	@ (10004020 <dcd_edpt_open+0xf0>)
10003f7a:	3304      	adds	r3, #4
10003f7c:	eb04 1c82 	add.w	ip, r4, r2, lsl #6
10003f80:	eb03 0800 	add.w	r8, r3, r0
10003f84:	f8cc 8008 	str.w	r8, [ip, #8]
10003f88:	501f      	str	r7, [r3, r0]
10003f8a:	b382      	cbz	r2, 10003fee <dcd_edpt_open+0xbe>
10003f8c:	4b25      	ldr	r3, [pc, #148]	@ (10004024 <dcd_edpt_open+0xf4>)
10003f8e:	00d2      	lsls	r2, r2, #3
10003f90:	4413      	add	r3, r2
10003f92:	f8cc 3004 	str.w	r3, [ip, #4]
10003f96:	4b24      	ldr	r3, [pc, #144]	@ (10004028 <dcd_edpt_open+0xf8>)
10003f98:	313f      	adds	r1, #63	@ 0x3f
10003f9a:	681a      	ldr	r2, [r3, #0]
10003f9c:	f021 013f 	bic.w	r1, r1, #63	@ 0x3f
10003fa0:	f1be 0f02 	cmp.w	lr, #2
10003fa4:	bf08      	it	eq
10003fa6:	0049      	lsleq	r1, r1, #1
10003fa8:	4411      	add	r1, r2
10003faa:	6019      	str	r1, [r3, #0]
10003fac:	4b1f      	ldr	r3, [pc, #124]	@ (1000402c <dcd_edpt_open+0xfc>)
10003fae:	1977      	adds	r7, r6, r5
10003fb0:	eb04 1747 	add.w	r7, r4, r7, lsl #5
10003fb4:	4299      	cmp	r1, r3
10003fb6:	60fa      	str	r2, [r7, #12]
10003fb8:	d82b      	bhi.n	10004012 <dcd_edpt_open+0xe2>
10003fba:	442e      	add	r6, r5
10003fbc:	eb04 1346 	add.w	r3, r4, r6, lsl #5
10003fc0:	7ed9      	ldrb	r1, [r3, #27]
10003fc2:	f082 42a0 	eor.w	r2, r2, #1342177280	@ 0x50000000
10003fc6:	f482 1280 	eor.w	r2, r2, #1048576	@ 0x100000
10003fca:	685b      	ldr	r3, [r3, #4]
10003fcc:	ea42 6281 	orr.w	r2, r2, r1, lsl #26
10003fd0:	f042 4200 	orr.w	r2, r2, #2147483648	@ 0x80000000
10003fd4:	601a      	str	r2, [r3, #0]
10003fd6:	2001      	movs	r0, #1
10003fd8:	e8bd 81f0 	ldmia.w	sp!, {r4, r5, r6, r7, r8, pc}
10003fdc:	4810      	ldr	r0, [pc, #64]	@ (10004020 <dcd_edpt_open+0xf0>)
10003fde:	eb04 1c82 	add.w	ip, r4, r2, lsl #6
10003fe2:	4403      	add	r3, r0
10003fe4:	f8cc 3028 	str.w	r3, [ip, #40]	@ 0x28
10003fe8:	f840 7032 	str.w	r7, [r0, r2, lsl #3]
10003fec:	b94a      	cbnz	r2, 10004002 <dcd_edpt_open+0xd2>
10003fee:	2200      	movs	r2, #0
10003ff0:	490f      	ldr	r1, [pc, #60]	@ (10004030 <dcd_edpt_open+0x100>)
10003ff2:	eb04 1345 	add.w	r3, r4, r5, lsl #5
10003ff6:	60d9      	str	r1, [r3, #12]
10003ff8:	605a      	str	r2, [r3, #4]
10003ffa:	e7ec      	b.n	10003fd6 <dcd_edpt_open+0xa6>
10003ffc:	2000      	movs	r0, #0
10003ffe:	e8bd 81f0 	ldmia.w	sp!, {r4, r5, r6, r7, r8, pc}
10004002:	00d2      	lsls	r2, r2, #3
10004004:	f102 42a0 	add.w	r2, r2, #1342177280	@ 0x50000000
10004008:	f502 1280 	add.w	r2, r2, #1048576	@ 0x100000
1000400c:	f8cc 2024 	str.w	r2, [ip, #36]	@ 0x24
10004010:	e7c1      	b.n	10003f96 <dcd_edpt_open+0x66>
10004012:	f7fd fb89 	bl	10001728 <hard_assertion_failure>
10004016:	68fa      	ldr	r2, [r7, #12]
10004018:	e7cf      	b.n	10003fba <dcd_edpt_open+0x8a>
1000401a:	bf00      	nop
1000401c:	200020f4 	.word	0x200020f4
10004020:	50100080 	.word	0x50100080
10004024:	50100004 	.word	0x50100004
10004028:	200024fc 	.word	0x200024fc
1000402c:	50100fff 	.word	0x50100fff
10004030:	50100100 	.word	0x50100100

10004034 <dcd_edpt_close_all>:
10004034:	f004 bbec 	b.w	10008810 <__reset_non_control_endpoints_veneer>

10004038 <dcd_edpt_xfer>:
10004038:	468c      	mov	ip, r1
1000403a:	b508      	push	{r3, lr}
1000403c:	4611      	mov	r1, r2
1000403e:	4807      	ldr	r0, [pc, #28]	@ (1000405c <dcd_edpt_xfer+0x24>)
10004040:	461a      	mov	r2, r3
10004042:	f00c 037f 	and.w	r3, ip, #127	@ 0x7f
10004046:	ea4f 1cdc 	mov.w	ip, ip, lsr #7
1000404a:	eb0c 0c43 	add.w	ip, ip, r3, lsl #1
1000404e:	eb00 104c 	add.w	r0, r0, ip, lsl #5
10004052:	f000 f84f 	bl	100040f4 <hw_endpoint_xfer_start>
10004056:	2001      	movs	r0, #1
10004058:	bd08      	pop	{r3, pc}
1000405a:	bf00      	nop
1000405c:	200020f4 	.word	0x200020f4

10004060 <dcd_edpt_stall>:
10004060:	f011 027f 	ands.w	r2, r1, #127	@ 0x7f
10004064:	d105      	bne.n	10004072 <dcd_edpt_stall+0x12>
10004066:	2900      	cmp	r1, #0
10004068:	bf0c      	ite	eq
1000406a:	2002      	moveq	r0, #2
1000406c:	2001      	movne	r0, #1
1000406e:	4b06      	ldr	r3, [pc, #24]	@ (10004088 <dcd_edpt_stall+0x28>)
10004070:	6698      	str	r0, [r3, #104]	@ 0x68
10004072:	09c9      	lsrs	r1, r1, #7
10004074:	4b05      	ldr	r3, [pc, #20]	@ (1000408c <dcd_edpt_stall+0x2c>)
10004076:	eb01 0042 	add.w	r0, r1, r2, lsl #1
1000407a:	eb03 1040 	add.w	r0, r3, r0, lsl #5
1000407e:	f44f 6200 	mov.w	r2, #2048	@ 0x800
10004082:	2100      	movs	r1, #0
10004084:	f004 bbd4 	b.w	10008830 <___hw_endpoint_buffer_control_update32_veneer>
10004088:	50112000 	.word	0x50112000
1000408c:	200020f4 	.word	0x200020f4

10004090 <dcd_edpt_clear_stall>:
10004090:	f011 037f 	ands.w	r3, r1, #127	@ 0x7f
10004094:	d100      	bne.n	10004098 <dcd_edpt_clear_stall+0x8>
10004096:	4770      	bx	lr
10004098:	2200      	movs	r2, #0
1000409a:	4805      	ldr	r0, [pc, #20]	@ (100040b0 <dcd_edpt_clear_stall+0x20>)
1000409c:	005b      	lsls	r3, r3, #1
1000409e:	eb03 13d1 	add.w	r3, r3, r1, lsr #7
100040a2:	eb00 1043 	add.w	r0, r0, r3, lsl #5
100040a6:	f46f 6100 	mvn.w	r1, #2048	@ 0x800
100040aa:	70c2      	strb	r2, [r0, #3]
100040ac:	f004 bbc0 	b.w	10008830 <___hw_endpoint_buffer_control_update32_veneer>
100040b0:	200020f4 	.word	0x200020f4

100040b4 <rp2040_usb_init>:
100040b4:	f04f 5280 	mov.w	r2, #268435456	@ 0x10000000
100040b8:	4809      	ldr	r0, [pc, #36]	@ (100040e0 <rp2040_usb_init+0x2c>)
100040ba:	490a      	ldr	r1, [pc, #40]	@ (100040e4 <rp2040_usb_init+0x30>)
100040bc:	b508      	push	{r3, lr}
100040be:	4b0a      	ldr	r3, [pc, #40]	@ (100040e8 <rp2040_usb_init+0x34>)
100040c0:	6002      	str	r2, [r0, #0]
100040c2:	600a      	str	r2, [r1, #0]
100040c4:	6899      	ldr	r1, [r3, #8]
100040c6:	43c9      	mvns	r1, r1
100040c8:	f011 5180 	ands.w	r1, r1, #268435456	@ 0x10000000
100040cc:	d1fa      	bne.n	100040c4 <rp2040_usb_init+0x10>
100040ce:	f44f 5280 	mov.w	r2, #4096	@ 0x1000
100040d2:	4806      	ldr	r0, [pc, #24]	@ (100040ec <rp2040_usb_init+0x38>)
100040d4:	f004 f920 	bl	10008318 <memset>
100040d8:	2209      	movs	r2, #9
100040da:	4b05      	ldr	r3, [pc, #20]	@ (100040f0 <rp2040_usb_init+0x3c>)
100040dc:	675a      	str	r2, [r3, #116]	@ 0x74
100040de:	bd08      	pop	{r3, pc}
100040e0:	40022000 	.word	0x40022000
100040e4:	40023000 	.word	0x40023000
100040e8:	40020000 	.word	0x40020000
100040ec:	50100000 	.word	0x50100000
100040f0:	50110000 	.word	0x50110000

100040f4 <hw_endpoint_xfer_start>:
100040f4:	2300      	movs	r3, #0
100040f6:	f04f 0c01 	mov.w	ip, #1
100040fa:	b510      	push	{r4, lr}
100040fc:	f880 c01a 	strb.w	ip, [r0, #26]
10004100:	8282      	strh	r2, [r0, #20]
10004102:	82c3      	strh	r3, [r0, #22]
10004104:	6101      	str	r1, [r0, #16]
10004106:	4604      	mov	r4, r0
10004108:	f004 fb7e 	bl	10008808 <__e15_is_bulkin_ep_veneer>
1000410c:	b120      	cbz	r0, 10004118 <hw_endpoint_xfer_start+0x24>
1000410e:	f44f 3200 	mov.w	r2, #131072	@ 0x20000
10004112:	4b07      	ldr	r3, [pc, #28]	@ (10004130 <hw_endpoint_xfer_start+0x3c>)
10004114:	f8c3 2090 	str.w	r2, [r3, #144]	@ 0x90
10004118:	4620      	mov	r0, r4
1000411a:	f004 fb85 	bl	10008828 <__e15_is_critical_frame_period_veneer>
1000411e:	b110      	cbz	r0, 10004126 <hw_endpoint_xfer_start+0x32>
10004120:	2301      	movs	r3, #1
10004122:	7723      	strb	r3, [r4, #28]
10004124:	bd10      	pop	{r4, pc}
10004126:	4620      	mov	r0, r4
10004128:	e8bd 4010 	ldmia.w	sp!, {r4, lr}
1000412c:	f004 bb68 	b.w	10008800 <__hw_endpoint_start_next_buffer_veneer>
10004130:	50112000 	.word	0x50112000

10004134 <configuration_reset>:
10004134:	e92d 41f0 	stmdb	sp!, {r4, r5, r6, r7, r8, lr}
10004138:	2400      	movs	r4, #0
1000413a:	4e1d      	ldr	r6, [pc, #116]	@ (100041b0 <configuration_reset+0x7c>)
1000413c:	4605      	mov	r5, r0
1000413e:	4623      	mov	r3, r4
10004140:	7832      	ldrb	r2, [r6, #0]
10004142:	f8df 8078 	ldr.w	r8, [pc, #120]	@ 100041bc <configuration_reset+0x88>
10004146:	4f1b      	ldr	r7, [pc, #108]	@ (100041b4 <configuration_reset+0x80>)
10004148:	e00d      	b.n	10004166 <configuration_reset+0x32>
1000414a:	683b      	ldr	r3, [r7, #0]
1000414c:	eb13 1344 	adds.w	r3, r3, r4, lsl #5
10004150:	d024      	beq.n	1000419c <configuration_reset+0x68>
10004152:	68db      	ldr	r3, [r3, #12]
10004154:	4628      	mov	r0, r5
10004156:	4798      	blx	r3
10004158:	7832      	ldrb	r2, [r6, #0]
1000415a:	3401      	adds	r4, #1
1000415c:	b2e4      	uxtb	r4, r4
1000415e:	1c51      	adds	r1, r2, #1
10004160:	42a1      	cmp	r1, r4
10004162:	4623      	mov	r3, r4
10004164:	db06      	blt.n	10004174 <configuration_reset+0x40>
10004166:	42a2      	cmp	r2, r4
10004168:	eba3 0302 	sub.w	r3, r3, r2
1000416c:	d8ed      	bhi.n	1000414a <configuration_reset+0x16>
1000416e:	eb08 1343 	add.w	r3, r8, r3, lsl #5
10004172:	e7ee      	b.n	10004152 <configuration_reset+0x1e>
10004174:	2254      	movs	r2, #84	@ 0x54
10004176:	2100      	movs	r1, #0
10004178:	480f      	ldr	r0, [pc, #60]	@ (100041b8 <configuration_reset+0x84>)
1000417a:	f004 f8cd 	bl	10008318 <memset>
1000417e:	f04f 33ff 	mov.w	r3, #4294967295
10004182:	480d      	ldr	r0, [pc, #52]	@ (100041b8 <configuration_reset+0x84>)
10004184:	2220      	movs	r2, #32
10004186:	1d04      	adds	r4, r0, #4
10004188:	6043      	str	r3, [r0, #4]
1000418a:	e9c4 3301 	strd	r3, r3, [r4, #4]
1000418e:	60e3      	str	r3, [r4, #12]
10004190:	21ff      	movs	r1, #255	@ 0xff
10004192:	e8bd 41f0 	ldmia.w	sp!, {r4, r5, r6, r7, r8, lr}
10004196:	3014      	adds	r0, #20
10004198:	f004 b8be 	b.w	10008318 <memset>
1000419c:	f04f 23e0 	mov.w	r3, #3758153728	@ 0xe000e000
100041a0:	f8d3 3df0 	ldr.w	r3, [r3, #3568]	@ 0xdf0
100041a4:	07db      	lsls	r3, r3, #31
100041a6:	d500      	bpl.n	100041aa <configuration_reset+0x76>
100041a8:	be00      	bkpt	0x0000
100041aa:	e8bd 81f0 	ldmia.w	sp!, {r4, r5, r6, r7, r8, pc}
100041ae:	bf00      	nop
100041b0:	200026d0 	.word	0x200026d0
100041b4:	20001ac8 	.word	0x20001ac8
100041b8:	20001c98 	.word	0x20001c98
100041bc:	1000935c 	.word	0x1000935c

100041c0 <tud_event_hook_cb>:
100041c0:	4770      	bx	lr
100041c2:	bf00      	nop

100041c4 <tud_sof_cb>:
100041c4:	4770      	bx	lr
100041c6:	bf00      	nop

100041c8 <tud_descriptor_device_qualifier_cb>:
100041c8:	2000      	movs	r0, #0
100041ca:	4770      	bx	lr

100041cc <tud_descriptor_other_speed_configuration_cb>:
100041cc:	2000      	movs	r0, #0
100041ce:	4770      	bx	lr

100041d0 <tud_mount_cb>:
100041d0:	4770      	bx	lr
100041d2:	bf00      	nop

100041d4 <tud_umount_cb>:
100041d4:	4770      	bx	lr
100041d6:	bf00      	nop

100041d8 <tud_suspend_cb>:
100041d8:	4770      	bx	lr
100041da:	bf00      	nop

100041dc <tud_resume_cb>:
100041dc:	4770      	bx	lr
100041de:	bf00      	nop

100041e0 <tud_mounted>:
100041e0:	4b02      	ldr	r3, [pc, #8]	@ (100041ec <tud_mounted+0xc>)
100041e2:	7858      	ldrb	r0, [r3, #1]
100041e4:	3800      	subs	r0, #0
100041e6:	bf18      	it	ne
100041e8:	2001      	movne	r0, #1
100041ea:	4770      	bx	lr
100041ec:	20001c98 	.word	0x20001c98

100041f0 <tud_suspended>:
100041f0:	4b02      	ldr	r3, [pc, #8]	@ (100041fc <tud_suspended+0xc>)
100041f2:	7818      	ldrb	r0, [r3, #0]
100041f4:	f3c0 0080 	ubfx	r0, r0, #2, #1
100041f8:	4770      	bx	lr
100041fa:	bf00      	nop
100041fc:	20001c98 	.word	0x20001c98

10004200 <tud_rhport_init>:
10004200:	e92d 47f0 	stmdb	sp!, {r4, r5, r6, r7, r8, r9, sl, lr}
10004204:	f8df a0e4 	ldr.w	sl, [pc, #228]	@ 100042ec <tud_rhport_init+0xec>
10004208:	f89a 3000 	ldrb.w	r3, [sl]
1000420c:	2bff      	cmp	r3, #255	@ 0xff
1000420e:	d156      	bne.n	100042be <tud_rhport_init+0xbe>
10004210:	460e      	mov	r6, r1
10004212:	2900      	cmp	r1, #0
10004214:	d03e      	beq.n	10004294 <tud_rhport_init+0x94>
10004216:	2100      	movs	r1, #0
10004218:	2254      	movs	r2, #84	@ 0x54
1000421a:	4607      	mov	r7, r0
1000421c:	4829      	ldr	r0, [pc, #164]	@ (100042c4 <tud_rhport_init+0xc4>)
1000421e:	f004 f87b 	bl	10008318 <memset>
10004222:	2200      	movs	r2, #0
10004224:	4c28      	ldr	r4, [pc, #160]	@ (100042c8 <tud_rhport_init+0xc8>)
10004226:	4b29      	ldr	r3, [pc, #164]	@ (100042cc <tud_rhport_init+0xcc>)
10004228:	4620      	mov	r0, r4
1000422a:	701a      	strb	r2, [r3, #0]
1000422c:	f7fc fcaa 	bl	10000b84 <mutex_init>
10004230:	4b27      	ldr	r3, [pc, #156]	@ (100042d0 <tud_rhport_init+0xd0>)
10004232:	4828      	ldr	r0, [pc, #160]	@ (100042d4 <tud_rhport_init+0xd4>)
10004234:	601c      	str	r4, [r3, #0]
10004236:	4c28      	ldr	r4, [pc, #160]	@ (100042d8 <tud_rhport_init+0xd8>)
10004238:	f7fc fcb2 	bl	10000ba0 <critical_section_init>
1000423c:	4620      	mov	r0, r4
1000423e:	f001 fdab 	bl	10005d98 <tu_fifo_clear>
10004242:	4a26      	ldr	r2, [pc, #152]	@ (100042dc <tud_rhport_init+0xdc>)
10004244:	4b26      	ldr	r3, [pc, #152]	@ (100042e0 <tud_rhport_init+0xe0>)
10004246:	6014      	str	r4, [r2, #0]
10004248:	b123      	cbz	r3, 10004254 <tud_rhport_init+0x54>
1000424a:	4826      	ldr	r0, [pc, #152]	@ (100042e4 <tud_rhport_init+0xe4>)
1000424c:	f7ff fac4 	bl	100037d8 <usbd_app_driver_get_cb>
10004250:	4b25      	ldr	r3, [pc, #148]	@ (100042e8 <tud_rhport_init+0xe8>)
10004252:	6018      	str	r0, [r3, #0]
10004254:	2400      	movs	r4, #0
10004256:	4d23      	ldr	r5, [pc, #140]	@ (100042e4 <tud_rhport_init+0xe4>)
10004258:	4623      	mov	r3, r4
1000425a:	782a      	ldrb	r2, [r5, #0]
1000425c:	f8df 9090 	ldr.w	r9, [pc, #144]	@ 100042f0 <tud_rhport_init+0xf0>
10004260:	f8df 8084 	ldr.w	r8, [pc, #132]	@ 100042e8 <tud_rhport_init+0xe8>
10004264:	e00e      	b.n	10004284 <tud_rhport_init+0x84>
10004266:	f8d8 3000 	ldr.w	r3, [r8]
1000426a:	eb13 1344 	adds.w	r3, r3, r4, lsl #5
1000426e:	d011      	beq.n	10004294 <tud_rhport_init+0x94>
10004270:	685b      	ldr	r3, [r3, #4]
10004272:	b17b      	cbz	r3, 10004294 <tud_rhport_init+0x94>
10004274:	4798      	blx	r3
10004276:	782a      	ldrb	r2, [r5, #0]
10004278:	3401      	adds	r4, #1
1000427a:	b2e4      	uxtb	r4, r4
1000427c:	1c51      	adds	r1, r2, #1
1000427e:	42a1      	cmp	r1, r4
10004280:	4623      	mov	r3, r4
10004282:	db11      	blt.n	100042a8 <tud_rhport_init+0xa8>
10004284:	42a2      	cmp	r2, r4
10004286:	d8ee      	bhi.n	10004266 <tud_rhport_init+0x66>
10004288:	1a9b      	subs	r3, r3, r2
1000428a:	eb09 1343 	add.w	r3, r9, r3, lsl #5
1000428e:	685b      	ldr	r3, [r3, #4]
10004290:	2b00      	cmp	r3, #0
10004292:	d1ef      	bne.n	10004274 <tud_rhport_init+0x74>
10004294:	f04f 23e0 	mov.w	r3, #3758153728	@ 0xe000e000
10004298:	f8d3 3df0 	ldr.w	r3, [r3, #3568]	@ 0xdf0
1000429c:	07db      	lsls	r3, r3, #31
1000429e:	d500      	bpl.n	100042a2 <tud_rhport_init+0xa2>
100042a0:	be00      	bkpt	0x0000
100042a2:	2000      	movs	r0, #0
100042a4:	e8bd 87f0 	ldmia.w	sp!, {r4, r5, r6, r7, r8, r9, sl, pc}
100042a8:	4631      	mov	r1, r6
100042aa:	4638      	mov	r0, r7
100042ac:	f88a 7000 	strb.w	r7, [sl]
100042b0:	f7ff fdd0 	bl	10003e54 <dcd_init>
100042b4:	2800      	cmp	r0, #0
100042b6:	d0ed      	beq.n	10004294 <tud_rhport_init+0x94>
100042b8:	4638      	mov	r0, r7
100042ba:	f7ff fe11 	bl	10003ee0 <dcd_int_enable>
100042be:	2001      	movs	r0, #1
100042c0:	e8bd 87f0 	ldmia.w	sp!, {r4, r5, r6, r7, r8, r9, sl, pc}
100042c4:	20001c98 	.word	0x20001c98
100042c8:	20001c90 	.word	0x20001c90
100042cc:	200026d2 	.word	0x200026d2
100042d0:	20001cec 	.word	0x20001cec
100042d4:	20001210 	.word	0x20001210
100042d8:	200011fc 	.word	0x200011fc
100042dc:	20001cf0 	.word	0x20001cf0
100042e0:	100037d9 	.word	0x100037d9
100042e4:	200026d0 	.word	0x200026d0
100042e8:	20001ac8 	.word	0x20001ac8
100042ec:	20001218 	.word	0x20001218
100042f0:	1000935c 	.word	0x1000935c

100042f4 <tud_task_ext>:
100042f4:	e92d 4ff0 	stmdb	sp!, {r4, r5, r6, r7, r8, r9, sl, fp, lr}
100042f8:	f8df 92c8 	ldr.w	r9, [pc, #712]	@ 100045c4 <tud_task_ext+0x2d0>
100042fc:	b08b      	sub	sp, #44	@ 0x2c
100042fe:	f899 3000 	ldrb.w	r3, [r9]
10004302:	2bff      	cmp	r3, #255	@ 0xff
10004304:	f000 80f1 	beq.w	100044ea <tud_task_ext+0x1f6>
10004308:	4ca8      	ldr	r4, [pc, #672]	@ (100045ac <tud_task_ext+0x2b8>)
1000430a:	4da9      	ldr	r5, [pc, #676]	@ (100045b0 <tud_task_ext+0x2bc>)
1000430c:	f8df a2b0 	ldr.w	sl, [pc, #688]	@ 100045c0 <tud_task_ext+0x2cc>
10004310:	f8df b2b4 	ldr.w	fp, [pc, #692]	@ 100045c8 <tud_task_ext+0x2d4>
10004314:	6826      	ldr	r6, [r4, #0]
10004316:	6973      	ldr	r3, [r6, #20]
10004318:	f3ef 8210 	mrs	r2, PRIMASK
1000431c:	b672      	cpsid	i
1000431e:	e8d3 0fcf 	ldaexb	r0, [r3]
10004322:	2101      	movs	r1, #1
10004324:	2800      	cmp	r0, #0
10004326:	d1fa      	bne.n	1000431e <tud_task_ext+0x2a>
10004328:	e8c3 1f40 	strexb	r0, r1, [r3]
1000432c:	2800      	cmp	r0, #0
1000432e:	d1f6      	bne.n	1000431e <tud_task_ext+0x2a>
10004330:	f3bf 8f5f 	dmb	sy
10004334:	61b2      	str	r2, [r6, #24]
10004336:	4630      	mov	r0, r6
10004338:	a907      	add	r1, sp, #28
1000433a:	f001 fb77 	bl	10005a2c <tu_fifo_read>
1000433e:	2300      	movs	r3, #0
10004340:	6972      	ldr	r2, [r6, #20]
10004342:	e8c2 3f8f 	stlb	r3, [r2]
10004346:	69b3      	ldr	r3, [r6, #24]
10004348:	f383 8810 	msr	PRIMASK, r3
1000434c:	2800      	cmp	r0, #0
1000434e:	f000 80cc 	beq.w	100044ea <tud_task_ext+0x1f6>
10004352:	f89d 301d 	ldrb.w	r3, [sp, #29]
10004356:	3b01      	subs	r3, #1
10004358:	2b07      	cmp	r3, #7
1000435a:	f200 837d 	bhi.w	10004a58 <tud_task_ext+0x764>
1000435e:	e8df f003 	tbb	[pc, r3]
10004362:	b1a7      	.short	0xb1a7
10004364:	358e9d95 	.word	0x358e9d95
10004368:	040a      	.short	0x040a
1000436a:	9b08      	ldr	r3, [sp, #32]
1000436c:	2b00      	cmp	r3, #0
1000436e:	d0d1      	beq.n	10004314 <tud_task_ext+0x20>
10004370:	9809      	ldr	r0, [sp, #36]	@ 0x24
10004372:	4798      	blx	r3
10004374:	e7ce      	b.n	10004314 <tud_task_ext+0x20>
10004376:	f89d 1020 	ldrb.w	r1, [sp, #32]
1000437a:	f001 067f 	and.w	r6, r1, #127	@ 0x7f
1000437e:	eb05 0046 	add.w	r0, r5, r6, lsl #1
10004382:	eb00 10d1 	add.w	r0, r0, r1, lsr #7
10004386:	f890 3034 	ldrb.w	r3, [r0, #52]	@ 0x34
1000438a:	f023 0301 	bic.w	r3, r3, #1
1000438e:	f880 3034 	strb.w	r3, [r0, #52]	@ 0x34
10004392:	f890 3034 	ldrb.w	r3, [r0, #52]	@ 0x34
10004396:	f023 0304 	bic.w	r3, r3, #4
1000439a:	f880 3034 	strb.w	r3, [r0, #52]	@ 0x34
1000439e:	2e00      	cmp	r6, #0
100043a0:	f000 80a6 	beq.w	100044f0 <tud_task_ext+0x1fc>
100043a4:	7d03      	ldrb	r3, [r0, #20]
100043a6:	f89a 2000 	ldrb.w	r2, [sl]
100043aa:	4293      	cmp	r3, r2
100043ac:	f080 8093 	bcs.w	100044d6 <tud_task_ext+0x1e2>
100043b0:	4a80      	ldr	r2, [pc, #512]	@ (100045b4 <tud_task_ext+0x2c0>)
100043b2:	6812      	ldr	r2, [r2, #0]
100043b4:	eb12 1343 	adds.w	r3, r2, r3, lsl #5
100043b8:	f000 8090 	beq.w	100044dc <tud_task_ext+0x1e8>
100043bc:	699e      	ldr	r6, [r3, #24]
100043be:	f89d 2021 	ldrb.w	r2, [sp, #33]	@ 0x21
100043c2:	9b09      	ldr	r3, [sp, #36]	@ 0x24
100043c4:	f89d 001c 	ldrb.w	r0, [sp, #28]
100043c8:	47b0      	blx	r6
100043ca:	e7a3      	b.n	10004314 <tud_task_ext+0x20>
100043cc:	f89b 3000 	ldrb.w	r3, [fp]
100043d0:	2b00      	cmp	r3, #0
100043d2:	f000 8083 	beq.w	100044dc <tud_task_ext+0x1e8>
100043d6:	f89b 3000 	ldrb.w	r3, [fp]
100043da:	3b01      	subs	r3, #1
100043dc:	b2db      	uxtb	r3, r3
100043de:	f88b 3000 	strb.w	r3, [fp]
100043e2:	f89b 3000 	ldrb.w	r3, [fp]
100043e6:	f003 00ff 	and.w	r0, r3, #255	@ 0xff
100043ea:	2b00      	cmp	r3, #0
100043ec:	d192      	bne.n	10004314 <tud_task_ext+0x20>
100043ee:	4f70      	ldr	r7, [pc, #448]	@ (100045b0 <tud_task_ext+0x2bc>)
100043f0:	f89d 801c 	ldrb.w	r8, [sp, #28]
100043f4:	783b      	ldrb	r3, [r7, #0]
100043f6:	f043 0301 	orr.w	r3, r3, #1
100043fa:	703b      	strb	r3, [r7, #0]
100043fc:	f897 3034 	ldrb.w	r3, [r7, #52]	@ 0x34
10004400:	f360 0300 	bfi	r3, r0, #0, #1
10004404:	f887 3034 	strb.w	r3, [r7, #52]	@ 0x34
10004408:	f897 3034 	ldrb.w	r3, [r7, #52]	@ 0x34
1000440c:	f360 0382 	bfi	r3, r0, #2, #1
10004410:	f887 3034 	strb.w	r3, [r7, #52]	@ 0x34
10004414:	f897 3035 	ldrb.w	r3, [r7, #53]	@ 0x35
10004418:	f360 0300 	bfi	r3, r0, #0, #1
1000441c:	f887 3035 	strb.w	r3, [r7, #53]	@ 0x35
10004420:	f897 3035 	ldrb.w	r3, [r7, #53]	@ 0x35
10004424:	f360 0382 	bfi	r3, r0, #2, #1
10004428:	f887 3035 	strb.w	r3, [r7, #53]	@ 0x35
1000442c:	f000 fc6c 	bl	10004d08 <usbd_control_set_complete_callback>
10004430:	f89d 3020 	ldrb.w	r3, [sp, #32]
10004434:	f003 0260 	and.w	r2, r3, #96	@ 0x60
10004438:	2a60      	cmp	r2, #96	@ 0x60
1000443a:	d06c      	beq.n	10004516 <tud_task_ext+0x222>
1000443c:	2a40      	cmp	r2, #64	@ 0x40
1000443e:	d07c      	beq.n	1000453a <tud_task_ext+0x246>
10004440:	f003 031f 	and.w	r3, r3, #31
10004444:	2b01      	cmp	r3, #1
10004446:	f000 80c1 	beq.w	100045cc <tud_task_ext+0x2d8>
1000444a:	2b02      	cmp	r3, #2
1000444c:	f000 8081 	beq.w	10004552 <tud_task_ext+0x25e>
10004450:	2b00      	cmp	r3, #0
10004452:	d160      	bne.n	10004516 <tud_task_ext+0x222>
10004454:	2a20      	cmp	r2, #32
10004456:	f000 81e9 	beq.w	1000482c <tud_task_ext+0x538>
1000445a:	2a00      	cmp	r2, #0
1000445c:	d15b      	bne.n	10004516 <tud_task_ext+0x222>
1000445e:	f89d 3021 	ldrb.w	r3, [sp, #33]	@ 0x21
10004462:	2b09      	cmp	r3, #9
10004464:	d857      	bhi.n	10004516 <tud_task_ext+0x222>
10004466:	e8df f013 	tbh	[pc, r3, lsl #1]
1000446a:	01b0      	.short	0x01b0
1000446c:	005601a2 	.word	0x005601a2
10004470:	005601c1 	.word	0x005601c1
10004474:	016b0195 	.word	0x016b0195
10004478:	01600056 	.word	0x01600056
1000447c:	00f4      	.short	0x00f4
1000447e:	782b      	ldrb	r3, [r5, #0]
10004480:	07d9      	lsls	r1, r3, #31
10004482:	f57f af47 	bpl.w	10004314 <tud_task_ext+0x20>
10004486:	f7ff fea9 	bl	100041dc <tud_resume_cb>
1000448a:	e743      	b.n	10004314 <tud_task_ext+0x20>
1000448c:	78eb      	ldrb	r3, [r5, #3]
1000448e:	07da      	lsls	r2, r3, #31
10004490:	f57f af40 	bpl.w	10004314 <tud_task_ext+0x20>
10004494:	9808      	ldr	r0, [sp, #32]
10004496:	f7ff fe95 	bl	100041c4 <tud_sof_cb>
1000449a:	e73b      	b.n	10004314 <tud_task_ext+0x20>
1000449c:	782b      	ldrb	r3, [r5, #0]
1000449e:	07d8      	lsls	r0, r3, #31
100044a0:	f57f af38 	bpl.w	10004314 <tud_task_ext+0x20>
100044a4:	7828      	ldrb	r0, [r5, #0]
100044a6:	f3c0 00c0 	ubfx	r0, r0, #3, #1
100044aa:	f7ff fe95 	bl	100041d8 <tud_suspend_cb>
100044ae:	e731      	b.n	10004314 <tud_task_ext+0x20>
100044b0:	f89d 001c 	ldrb.w	r0, [sp, #28]
100044b4:	f7ff fe3e 	bl	10004134 <configuration_reset>
100044b8:	f000 fc1c 	bl	10004cf4 <usbd_control_reset>
100044bc:	f89d 3020 	ldrb.w	r3, [sp, #32]
100044c0:	70ab      	strb	r3, [r5, #2]
100044c2:	e727      	b.n	10004314 <tud_task_ext+0x20>
100044c4:	f89d 001c 	ldrb.w	r0, [sp, #28]
100044c8:	f7ff fe34 	bl	10004134 <configuration_reset>
100044cc:	f000 fc12 	bl	10004cf4 <usbd_control_reset>
100044d0:	f7ff fe80 	bl	100041d4 <tud_umount_cb>
100044d4:	e71e      	b.n	10004314 <tud_task_ext+0x20>
100044d6:	1c50      	adds	r0, r2, #1
100044d8:	4298      	cmp	r0, r3
100044da:	da11      	bge.n	10004500 <tud_task_ext+0x20c>
100044dc:	f04f 23e0 	mov.w	r3, #3758153728	@ 0xe000e000
100044e0:	f8d3 3df0 	ldr.w	r3, [r3, #3568]	@ 0xdf0
100044e4:	07dc      	lsls	r4, r3, #31
100044e6:	d500      	bpl.n	100044ea <tud_task_ext+0x1f6>
100044e8:	be00      	bkpt	0x0000
100044ea:	b00b      	add	sp, #44	@ 0x2c
100044ec:	e8bd 8ff0 	ldmia.w	sp!, {r4, r5, r6, r7, r8, r9, sl, fp, pc}
100044f0:	9b09      	ldr	r3, [sp, #36]	@ 0x24
100044f2:	f89d 2021 	ldrb.w	r2, [sp, #33]	@ 0x21
100044f6:	f89d 001c 	ldrb.w	r0, [sp, #28]
100044fa:	f000 fc19 	bl	10004d30 <usbd_control_xfer_cb>
100044fe:	e709      	b.n	10004314 <tud_task_ext+0x20>
10004500:	1a9b      	subs	r3, r3, r2
10004502:	4a2d      	ldr	r2, [pc, #180]	@ (100045b8 <tud_task_ext+0x2c4>)
10004504:	eb02 1343 	add.w	r3, r2, r3, lsl #5
10004508:	e758      	b.n	100043bc <tud_task_ext+0xc8>
1000450a:	f7ff fb8d 	bl	10003c28 <tud_descriptor_configuration_cb>
1000450e:	4602      	mov	r2, r0
10004510:	2800      	cmp	r0, #0
10004512:	f040 8182 	bne.w	1000481a <tud_task_ext+0x526>
10004516:	f04f 23e0 	mov.w	r3, #3758153728	@ 0xe000e000
1000451a:	f8d3 3df0 	ldr.w	r3, [r3, #3568]	@ 0xdf0
1000451e:	07de      	lsls	r6, r3, #31
10004520:	d500      	bpl.n	10004524 <tud_task_ext+0x230>
10004522:	be00      	bkpt	0x0000
10004524:	f89d 001c 	ldrb.w	r0, [sp, #28]
10004528:	2100      	movs	r1, #0
1000452a:	f7ff fd99 	bl	10004060 <dcd_edpt_stall>
1000452e:	2180      	movs	r1, #128	@ 0x80
10004530:	f89d 001c 	ldrb.w	r0, [sp, #28]
10004534:	f7ff fd94 	bl	10004060 <dcd_edpt_stall>
10004538:	e6ec      	b.n	10004314 <tud_task_ext+0x20>
1000453a:	4820      	ldr	r0, [pc, #128]	@ (100045bc <tud_task_ext+0x2c8>)
1000453c:	f000 fbe4 	bl	10004d08 <usbd_control_set_complete_callback>
10004540:	2101      	movs	r1, #1
10004542:	4640      	mov	r0, r8
10004544:	aa08      	add	r2, sp, #32
10004546:	f7ff f933 	bl	100037b0 <tud_vendor_control_xfer_cb>
1000454a:	2800      	cmp	r0, #0
1000454c:	f47f aee2 	bne.w	10004314 <tud_task_ext+0x20>
10004550:	e7e8      	b.n	10004524 <tud_task_ext+0x230>
10004552:	f89d 1024 	ldrb.w	r1, [sp, #36]	@ 0x24
10004556:	f011 0f70 	tst.w	r1, #112	@ 0x70
1000455a:	d1dc      	bne.n	10004516 <tud_task_ext+0x222>
1000455c:	f001 067f 	and.w	r6, r1, #127	@ 0x7f
10004560:	eb07 0046 	add.w	r0, r7, r6, lsl #1
10004564:	4b16      	ldr	r3, [pc, #88]	@ (100045c0 <tud_task_ext+0x2cc>)
10004566:	eb00 10d1 	add.w	r0, r0, r1, lsr #7
1000456a:	781b      	ldrb	r3, [r3, #0]
1000456c:	7d00      	ldrb	r0, [r0, #20]
1000456e:	0076      	lsls	r6, r6, #1
10004570:	9601      	str	r6, [sp, #4]
10004572:	4298      	cmp	r0, r3
10004574:	ea4f 16d1 	mov.w	r6, r1, lsr #7
10004578:	9600      	str	r6, [sp, #0]
1000457a:	d359      	bcc.n	10004630 <tud_task_ext+0x33c>
1000457c:	1c5e      	adds	r6, r3, #1
1000457e:	4286      	cmp	r6, r0
10004580:	f2c0 8166 	blt.w	10004850 <tud_task_ext+0x55c>
10004584:	1ac0      	subs	r0, r0, r3
10004586:	4b0c      	ldr	r3, [pc, #48]	@ (100045b8 <tud_task_ext+0x2c4>)
10004588:	eb03 1640 	add.w	r6, r3, r0, lsl #5
1000458c:	2a00      	cmp	r2, #0
1000458e:	f000 8163 	beq.w	10004858 <tud_task_ext+0x564>
10004592:	6970      	ldr	r0, [r6, #20]
10004594:	f000 fbb8 	bl	10004d08 <usbd_control_set_complete_callback>
10004598:	2101      	movs	r1, #1
1000459a:	4640      	mov	r0, r8
1000459c:	6973      	ldr	r3, [r6, #20]
1000459e:	aa08      	add	r2, sp, #32
100045a0:	4798      	blx	r3
100045a2:	2800      	cmp	r0, #0
100045a4:	f47f aeb6 	bne.w	10004314 <tud_task_ext+0x20>
100045a8:	e7bc      	b.n	10004524 <tud_task_ext+0x230>
100045aa:	bf00      	nop
100045ac:	20001cf0 	.word	0x20001cf0
100045b0:	20001c98 	.word	0x20001c98
100045b4:	20001ac8 	.word	0x20001ac8
100045b8:	1000935c 	.word	0x1000935c
100045bc:	100037b1 	.word	0x100037b1
100045c0:	200026d0 	.word	0x200026d0
100045c4:	20001218 	.word	0x20001218
100045c8:	200026d2 	.word	0x200026d2
100045cc:	f89d 3024 	ldrb.w	r3, [sp, #36]	@ 0x24
100045d0:	2b0f      	cmp	r3, #15
100045d2:	d8a7      	bhi.n	10004524 <tud_task_ext+0x230>
100045d4:	4aae      	ldr	r2, [pc, #696]	@ (10004890 <tud_task_ext+0x59c>)
100045d6:	443b      	add	r3, r7
100045d8:	791b      	ldrb	r3, [r3, #4]
100045da:	7812      	ldrb	r2, [r2, #0]
100045dc:	4293      	cmp	r3, r2
100045de:	d332      	bcc.n	10004646 <tud_task_ext+0x352>
100045e0:	1c51      	adds	r1, r2, #1
100045e2:	4299      	cmp	r1, r3
100045e4:	db9e      	blt.n	10004524 <tud_task_ext+0x230>
100045e6:	4eab      	ldr	r6, [pc, #684]	@ (10004894 <tud_task_ext+0x5a0>)
100045e8:	1a9b      	subs	r3, r3, r2
100045ea:	eb06 1643 	add.w	r6, r6, r3, lsl #5
100045ee:	6970      	ldr	r0, [r6, #20]
100045f0:	f000 fb8a 	bl	10004d08 <usbd_control_set_complete_callback>
100045f4:	2101      	movs	r1, #1
100045f6:	4640      	mov	r0, r8
100045f8:	6973      	ldr	r3, [r6, #20]
100045fa:	aa08      	add	r2, sp, #32
100045fc:	4798      	blx	r3
100045fe:	2800      	cmp	r0, #0
10004600:	f47f ae88 	bne.w	10004314 <tud_task_ext+0x20>
10004604:	f89d 3020 	ldrb.w	r3, [sp, #32]
10004608:	f013 0660 	ands.w	r6, r3, #96	@ 0x60
1000460c:	d18a      	bne.n	10004524 <tud_task_ext+0x230>
1000460e:	f89d 3021 	ldrb.w	r3, [sp, #33]	@ 0x21
10004612:	3b0a      	subs	r3, #10
10004614:	2b01      	cmp	r3, #1
10004616:	d885      	bhi.n	10004524 <tud_task_ext+0x230>
10004618:	f000 fb76 	bl	10004d08 <usbd_control_set_complete_callback>
1000461c:	f89d 3021 	ldrb.w	r3, [sp, #33]	@ 0x21
10004620:	2b0a      	cmp	r3, #10
10004622:	f000 81f2 	beq.w	10004a0a <tud_task_ext+0x716>
10004626:	4640      	mov	r0, r8
10004628:	a908      	add	r1, sp, #32
1000462a:	f000 faf1 	bl	10004c10 <tud_control_status>
1000462e:	e671      	b.n	10004314 <tud_task_ext+0x20>
10004630:	4b99      	ldr	r3, [pc, #612]	@ (10004898 <tud_task_ext+0x5a4>)
10004632:	681b      	ldr	r3, [r3, #0]
10004634:	eb03 1640 	add.w	r6, r3, r0, lsl #5
10004638:	2a00      	cmp	r2, #0
1000463a:	f000 810d 	beq.w	10004858 <tud_task_ext+0x564>
1000463e:	2e00      	cmp	r6, #0
10004640:	f43f af70 	beq.w	10004524 <tud_task_ext+0x230>
10004644:	e7a5      	b.n	10004592 <tud_task_ext+0x29e>
10004646:	4a94      	ldr	r2, [pc, #592]	@ (10004898 <tud_task_ext+0x5a4>)
10004648:	6816      	ldr	r6, [r2, #0]
1000464a:	eb16 1643 	adds.w	r6, r6, r3, lsl #5
1000464e:	d1ce      	bne.n	100045ee <tud_task_ext+0x2fa>
10004650:	e768      	b.n	10004524 <tud_task_ext+0x230>
10004652:	787b      	ldrb	r3, [r7, #1]
10004654:	f89d 6022 	ldrb.w	r6, [sp, #34]	@ 0x22
10004658:	429e      	cmp	r6, r3
1000465a:	f000 814f 	beq.w	100048fc <tud_task_ext+0x608>
1000465e:	787b      	ldrb	r3, [r7, #1]
10004660:	2b00      	cmp	r3, #0
10004662:	f040 81be 	bne.w	100049e2 <tud_task_ext+0x6ee>
10004666:	707e      	strb	r6, [r7, #1]
10004668:	2e00      	cmp	r6, #0
1000466a:	f000 8145 	beq.w	100048f8 <tud_task_ext+0x604>
1000466e:	1e70      	subs	r0, r6, #1
10004670:	b2c0      	uxtb	r0, r0
10004672:	f7ff fad9 	bl	10003c28 <tud_descriptor_configuration_cb>
10004676:	4603      	mov	r3, r0
10004678:	2800      	cmp	r0, #0
1000467a:	f000 815f 	beq.w	1000493c <tud_task_ext+0x648>
1000467e:	7842      	ldrb	r2, [r0, #1]
10004680:	2a02      	cmp	r2, #2
10004682:	f040 815b 	bne.w	1000493c <tud_task_ext+0x648>
10004686:	79c1      	ldrb	r1, [r0, #7]
10004688:	f103 0609 	add.w	r6, r3, #9
1000468c:	f3c1 1240 	ubfx	r2, r1, #5, #1
10004690:	0112      	lsls	r2, r2, #4
10004692:	f3c1 1180 	ubfx	r1, r1, #6, #1
10004696:	ea42 1241 	orr.w	r2, r2, r1, lsl #5
1000469a:	4631      	mov	r1, r6
1000469c:	7838      	ldrb	r0, [r7, #0]
1000469e:	f020 0030 	bic.w	r0, r0, #48	@ 0x30
100046a2:	4302      	orrs	r2, r0
100046a4:	703a      	strb	r2, [r7, #0]
100046a6:	885a      	ldrh	r2, [r3, #2]
100046a8:	f8cd 800c 	str.w	r8, [sp, #12]
100046ac:	189a      	adds	r2, r3, r2
100046ae:	9201      	str	r2, [sp, #4]
100046b0:	9b01      	ldr	r3, [sp, #4]
100046b2:	428b      	cmp	r3, r1
100046b4:	f240 81a4 	bls.w	10004a00 <tud_task_ext+0x70c>
100046b8:	784a      	ldrb	r2, [r1, #1]
100046ba:	2a0b      	cmp	r2, #11
100046bc:	f000 81af 	beq.w	10004a1e <tud_task_ext+0x72a>
100046c0:	2301      	movs	r3, #1
100046c2:	2a04      	cmp	r2, #4
100046c4:	f040 813a 	bne.w	1000493c <tud_task_ext+0x648>
100046c8:	2600      	movs	r6, #0
100046ca:	9a01      	ldr	r2, [sp, #4]
100046cc:	9600      	str	r6, [sp, #0]
100046ce:	1a52      	subs	r2, r2, r1
100046d0:	b292      	uxth	r2, r2
100046d2:	9202      	str	r2, [sp, #8]
100046d4:	4a6e      	ldr	r2, [pc, #440]	@ (10004890 <tud_task_ext+0x59c>)
100046d6:	9304      	str	r3, [sp, #16]
100046d8:	7812      	ldrb	r2, [r2, #0]
100046da:	e01d      	b.n	10004718 <tud_task_ext+0x424>
100046dc:	4b6e      	ldr	r3, [pc, #440]	@ (10004898 <tud_task_ext+0x5a4>)
100046de:	681b      	ldr	r3, [r3, #0]
100046e0:	eb13 1846 	adds.w	r8, r3, r6, lsl #5
100046e4:	f000 812a 	beq.w	1000493c <tud_task_ext+0x648>
100046e8:	9a02      	ldr	r2, [sp, #8]
100046ea:	f8d8 3010 	ldr.w	r3, [r8, #16]
100046ee:	9803      	ldr	r0, [sp, #12]
100046f0:	9105      	str	r1, [sp, #20]
100046f2:	4798      	blx	r3
100046f4:	2808      	cmp	r0, #8
100046f6:	4602      	mov	r2, r0
100046f8:	9905      	ldr	r1, [sp, #20]
100046fa:	f106 0301 	add.w	r3, r6, #1
100046fe:	d903      	bls.n	10004708 <tud_task_ext+0x414>
10004700:	9802      	ldr	r0, [sp, #8]
10004702:	4290      	cmp	r0, r2
10004704:	f080 80ff 	bcs.w	10004906 <tud_task_ext+0x612>
10004708:	b2de      	uxtb	r6, r3
1000470a:	4b61      	ldr	r3, [pc, #388]	@ (10004890 <tud_task_ext+0x59c>)
1000470c:	9600      	str	r6, [sp, #0]
1000470e:	781a      	ldrb	r2, [r3, #0]
10004710:	1c53      	adds	r3, r2, #1
10004712:	429e      	cmp	r6, r3
10004714:	f300 8112 	bgt.w	1000493c <tud_task_ext+0x648>
10004718:	9b00      	ldr	r3, [sp, #0]
1000471a:	42b2      	cmp	r2, r6
1000471c:	eba3 0202 	sub.w	r2, r3, r2
10004720:	d8dc      	bhi.n	100046dc <tud_task_ext+0x3e8>
10004722:	4b5c      	ldr	r3, [pc, #368]	@ (10004894 <tud_task_ext+0x5a0>)
10004724:	eb03 1842 	add.w	r8, r3, r2, lsl #5
10004728:	e7de      	b.n	100046e8 <tud_task_ext+0x3f4>
1000472a:	787b      	ldrb	r3, [r7, #1]
1000472c:	4640      	mov	r0, r8
1000472e:	f88d 301a 	strb.w	r3, [sp, #26]
10004732:	f10d 021a 	add.w	r2, sp, #26
10004736:	2301      	movs	r3, #1
10004738:	a908      	add	r1, sp, #32
1000473a:	f000 fa83 	bl	10004c44 <tud_control_xfer>
1000473e:	e5e9      	b.n	10004314 <tud_task_ext+0x20>
10004740:	f8bd 0022 	ldrh.w	r0, [sp, #34]	@ 0x22
10004744:	0a03      	lsrs	r3, r0, #8
10004746:	3b01      	subs	r3, #1
10004748:	0a02      	lsrs	r2, r0, #8
1000474a:	b2c0      	uxtb	r0, r0
1000474c:	2b0e      	cmp	r3, #14
1000474e:	f63f aee9 	bhi.w	10004524 <tud_task_ext+0x230>
10004752:	a101      	add	r1, pc, #4	@ (adr r1, 10004758 <tud_task_ext+0x464>)
10004754:	f851 f023 	ldr.w	pc, [r1, r3, lsl #2]
10004758:	1000496d 	.word	0x1000496d
1000475c:	10004809 	.word	0x10004809
10004760:	100049a9 	.word	0x100049a9
10004764:	10004525 	.word	0x10004525
10004768:	10004525 	.word	0x10004525
1000476c:	1000498b 	.word	0x1000498b
10004770:	10004809 	.word	0x10004809
10004774:	10004525 	.word	0x10004525
10004778:	10004525 	.word	0x10004525
1000477c:	10004525 	.word	0x10004525
10004780:	10004525 	.word	0x10004525
10004784:	10004525 	.word	0x10004525
10004788:	10004525 	.word	0x10004525
1000478c:	10004525 	.word	0x10004525
10004790:	1000495f 	.word	0x1000495f
10004794:	a808      	add	r0, sp, #32
10004796:	f000 fabd 	bl	10004d14 <usbd_control_set_request>
1000479a:	4640      	mov	r0, r8
1000479c:	f89d 1022 	ldrb.w	r1, [sp, #34]	@ 0x22
100047a0:	f7ff fba2 	bl	10003ee8 <dcd_set_address>
100047a4:	783b      	ldrb	r3, [r7, #0]
100047a6:	f043 0302 	orr.w	r3, r3, #2
100047aa:	703b      	strb	r3, [r7, #0]
100047ac:	e5b2      	b.n	10004314 <tud_task_ext+0x20>
100047ae:	f8bd 3022 	ldrh.w	r3, [sp, #34]	@ 0x22
100047b2:	2b01      	cmp	r3, #1
100047b4:	f47f aeb6 	bne.w	10004524 <tud_task_ext+0x230>
100047b8:	783b      	ldrb	r3, [r7, #0]
100047ba:	4640      	mov	r0, r8
100047bc:	f023 0308 	bic.w	r3, r3, #8
100047c0:	a908      	add	r1, sp, #32
100047c2:	703b      	strb	r3, [r7, #0]
100047c4:	f000 fa24 	bl	10004c10 <tud_control_status>
100047c8:	e5a4      	b.n	10004314 <tud_task_ext+0x20>
100047ca:	4640      	mov	r0, r8
100047cc:	783b      	ldrb	r3, [r7, #0]
100047ce:	089a      	lsrs	r2, r3, #2
100047d0:	f002 0202 	and.w	r2, r2, #2
100047d4:	f3c3 1340 	ubfx	r3, r3, #5, #1
100047d8:	4313      	orrs	r3, r2
100047da:	f8ad 301a 	strh.w	r3, [sp, #26]
100047de:	f10d 021a 	add.w	r2, sp, #26
100047e2:	2302      	movs	r3, #2
100047e4:	a908      	add	r1, sp, #32
100047e6:	f000 fa2d 	bl	10004c44 <tud_control_xfer>
100047ea:	e593      	b.n	10004314 <tud_task_ext+0x20>
100047ec:	f8bd 3022 	ldrh.w	r3, [sp, #34]	@ 0x22
100047f0:	2b01      	cmp	r3, #1
100047f2:	f47f ae97 	bne.w	10004524 <tud_task_ext+0x230>
100047f6:	783b      	ldrb	r3, [r7, #0]
100047f8:	4640      	mov	r0, r8
100047fa:	f043 0308 	orr.w	r3, r3, #8
100047fe:	a908      	add	r1, sp, #32
10004800:	703b      	strb	r3, [r7, #0]
10004802:	f000 fa05 	bl	10004c10 <tud_control_status>
10004806:	e585      	b.n	10004314 <tud_task_ext+0x20>
10004808:	2a02      	cmp	r2, #2
1000480a:	f43f ae7e 	beq.w	1000450a <tud_task_ext+0x216>
1000480e:	f7ff fcdd 	bl	100041cc <tud_descriptor_other_speed_configuration_cb>
10004812:	4602      	mov	r2, r0
10004814:	2800      	cmp	r0, #0
10004816:	f43f ae85 	beq.w	10004524 <tud_task_ext+0x230>
1000481a:	4640      	mov	r0, r8
1000481c:	8853      	ldrh	r3, [r2, #2]
1000481e:	a908      	add	r1, sp, #32
10004820:	f000 fa10 	bl	10004c44 <tud_control_xfer>
10004824:	2800      	cmp	r0, #0
10004826:	f47f ad75 	bne.w	10004314 <tud_task_ext+0x20>
1000482a:	e67b      	b.n	10004524 <tud_task_ext+0x230>
1000482c:	f89d 3024 	ldrb.w	r3, [sp, #36]	@ 0x24
10004830:	2b0f      	cmp	r3, #15
10004832:	f63f ae77 	bhi.w	10004524 <tud_task_ext+0x230>
10004836:	4a16      	ldr	r2, [pc, #88]	@ (10004890 <tud_task_ext+0x59c>)
10004838:	443b      	add	r3, r7
1000483a:	791b      	ldrb	r3, [r3, #4]
1000483c:	7812      	ldrb	r2, [r2, #0]
1000483e:	4293      	cmp	r3, r2
10004840:	d21d      	bcs.n	1000487e <tud_task_ext+0x58a>
10004842:	4a15      	ldr	r2, [pc, #84]	@ (10004898 <tud_task_ext+0x5a4>)
10004844:	6816      	ldr	r6, [r2, #0]
10004846:	eb16 1643 	adds.w	r6, r6, r3, lsl #5
1000484a:	f47f aea2 	bne.w	10004592 <tud_task_ext+0x29e>
1000484e:	e669      	b.n	10004524 <tud_task_ext+0x230>
10004850:	2a00      	cmp	r2, #0
10004852:	f47f ae67 	bne.w	10004524 <tud_task_ext+0x230>
10004856:	2600      	movs	r6, #0
10004858:	f89d 2021 	ldrb.w	r2, [sp, #33]	@ 0x21
1000485c:	f002 03fd 	and.w	r3, r2, #253	@ 0xfd
10004860:	2b01      	cmp	r3, #1
10004862:	d01b      	beq.n	1000489c <tud_task_ext+0x5a8>
10004864:	2a00      	cmp	r2, #0
10004866:	f47f ae56 	bne.w	10004516 <tud_task_ext+0x222>
1000486a:	9b01      	ldr	r3, [sp, #4]
1000486c:	9a00      	ldr	r2, [sp, #0]
1000486e:	443b      	add	r3, r7
10004870:	4413      	add	r3, r2
10004872:	f893 3034 	ldrb.w	r3, [r3, #52]	@ 0x34
10004876:	4640      	mov	r0, r8
10004878:	f3c3 0340 	ubfx	r3, r3, #1, #1
1000487c:	e7ad      	b.n	100047da <tud_task_ext+0x4e6>
1000487e:	1c51      	adds	r1, r2, #1
10004880:	4299      	cmp	r1, r3
10004882:	f6ff ae4f 	blt.w	10004524 <tud_task_ext+0x230>
10004886:	4e03      	ldr	r6, [pc, #12]	@ (10004894 <tud_task_ext+0x5a0>)
10004888:	1a9b      	subs	r3, r3, r2
1000488a:	eb06 1643 	add.w	r6, r6, r3, lsl #5
1000488e:	e680      	b.n	10004592 <tud_task_ext+0x29e>
10004890:	200026d0 	.word	0x200026d0
10004894:	1000935c 	.word	0x1000935c
10004898:	20001ac8 	.word	0x20001ac8
1000489c:	f8bd 3022 	ldrh.w	r3, [sp, #34]	@ 0x22
100048a0:	b9b3      	cbnz	r3, 100048d0 <tud_task_ext+0x5dc>
100048a2:	2a01      	cmp	r2, #1
100048a4:	f899 0000 	ldrb.w	r0, [r9]
100048a8:	f000 8086 	beq.w	100049b8 <tud_task_ext+0x6c4>
100048ac:	f7ff fbd8 	bl	10004060 <dcd_edpt_stall>
100048b0:	9b01      	ldr	r3, [sp, #4]
100048b2:	9a00      	ldr	r2, [sp, #0]
100048b4:	443b      	add	r3, r7
100048b6:	4413      	add	r3, r2
100048b8:	f893 2034 	ldrb.w	r2, [r3, #52]	@ 0x34
100048bc:	f042 0202 	orr.w	r2, r2, #2
100048c0:	f883 2034 	strb.w	r2, [r3, #52]	@ 0x34
100048c4:	f893 2034 	ldrb.w	r2, [r3, #52]	@ 0x34
100048c8:	f042 0201 	orr.w	r2, r2, #1
100048cc:	f883 2034 	strb.w	r2, [r3, #52]	@ 0x34
100048d0:	2e00      	cmp	r6, #0
100048d2:	f43f ad1f 	beq.w	10004314 <tud_task_ext+0x20>
100048d6:	6970      	ldr	r0, [r6, #20]
100048d8:	f000 fa16 	bl	10004d08 <usbd_control_set_complete_callback>
100048dc:	6973      	ldr	r3, [r6, #20]
100048de:	2101      	movs	r1, #1
100048e0:	aa08      	add	r2, sp, #32
100048e2:	4640      	mov	r0, r8
100048e4:	4798      	blx	r3
100048e6:	2000      	movs	r0, #0
100048e8:	f000 fa0e 	bl	10004d08 <usbd_control_set_complete_callback>
100048ec:	f897 3035 	ldrb.w	r3, [r7, #53]	@ 0x35
100048f0:	07df      	lsls	r7, r3, #31
100048f2:	f53f ad0f 	bmi.w	10004314 <tud_task_ext+0x20>
100048f6:	e696      	b.n	10004626 <tud_task_ext+0x332>
100048f8:	f7ff fc6c 	bl	100041d4 <tud_umount_cb>
100048fc:	4640      	mov	r0, r8
100048fe:	a908      	add	r1, sp, #32
10004900:	f000 f986 	bl	10004c10 <tud_control_status>
10004904:	e506      	b.n	10004314 <tud_task_ext+0x20>
10004906:	9b04      	ldr	r3, [sp, #16]
10004908:	2b01      	cmp	r3, #1
1000490a:	f000 809e 	beq.w	10004a4a <tud_task_ext+0x756>
1000490e:	2b00      	cmp	r3, #0
10004910:	f000 808a 	beq.w	10004a28 <tud_task_ext+0x734>
10004914:	2000      	movs	r0, #0
10004916:	f891 8002 	ldrb.w	r8, [r1, #2]
1000491a:	e005      	b.n	10004928 <tud_task_ext+0x634>
1000491c:	f88c 6004 	strb.w	r6, [ip, #4]
10004920:	fa5f fc80 	uxtb.w	ip, r0
10004924:	4563      	cmp	r3, ip
10004926:	d97f      	bls.n	10004a28 <tud_task_ext+0x734>
10004928:	eb08 0c00 	add.w	ip, r8, r0
1000492c:	fa57 fc8c 	uxtab	ip, r7, ip
10004930:	f89c e004 	ldrb.w	lr, [ip, #4]
10004934:	3001      	adds	r0, #1
10004936:	f1be 0fff 	cmp.w	lr, #255	@ 0xff
1000493a:	d0ef      	beq.n	1000491c <tud_task_ext+0x628>
1000493c:	f04f 23e0 	mov.w	r3, #3758153728	@ 0xe000e000
10004940:	f8d3 3df0 	ldr.w	r3, [r3, #3568]	@ 0xdf0
10004944:	07da      	lsls	r2, r3, #31
10004946:	d500      	bpl.n	1000494a <tud_task_ext+0x656>
10004948:	be00      	bkpt	0x0000
1000494a:	f04f 23e0 	mov.w	r3, #3758153728	@ 0xe000e000
1000494e:	f8d3 3df0 	ldr.w	r3, [r3, #3568]	@ 0xdf0
10004952:	07db      	lsls	r3, r3, #31
10004954:	d500      	bpl.n	10004958 <tud_task_ext+0x664>
10004956:	be00      	bkpt	0x0000
10004958:	2300      	movs	r3, #0
1000495a:	707b      	strb	r3, [r7, #1]
1000495c:	e5e2      	b.n	10004524 <tud_task_ext+0x230>
1000495e:	f7fe ff23 	bl	100037a8 <tud_descriptor_bos_cb>
10004962:	4602      	mov	r2, r0
10004964:	2800      	cmp	r0, #0
10004966:	f47f af58 	bne.w	1000481a <tud_task_ext+0x526>
1000496a:	e5db      	b.n	10004524 <tud_task_ext+0x230>
1000496c:	f7ff f958 	bl	10003c20 <tud_descriptor_device_cb>
10004970:	4602      	mov	r2, r0
10004972:	2800      	cmp	r0, #0
10004974:	f43f adcf 	beq.w	10004516 <tud_task_ext+0x222>
10004978:	4640      	mov	r0, r8
1000497a:	2312      	movs	r3, #18
1000497c:	a908      	add	r1, sp, #32
1000497e:	f000 f961 	bl	10004c44 <tud_control_xfer>
10004982:	2800      	cmp	r0, #0
10004984:	f47f acc6 	bne.w	10004314 <tud_task_ext+0x20>
10004988:	e5cc      	b.n	10004524 <tud_task_ext+0x230>
1000498a:	f7ff fc1d 	bl	100041c8 <tud_descriptor_device_qualifier_cb>
1000498e:	4602      	mov	r2, r0
10004990:	2800      	cmp	r0, #0
10004992:	f43f adc7 	beq.w	10004524 <tud_task_ext+0x230>
10004996:	4640      	mov	r0, r8
10004998:	7813      	ldrb	r3, [r2, #0]
1000499a:	a908      	add	r1, sp, #32
1000499c:	f000 f952 	bl	10004c44 <tud_control_xfer>
100049a0:	2800      	cmp	r0, #0
100049a2:	f47f acb7 	bne.w	10004314 <tud_task_ext+0x20>
100049a6:	e5bd      	b.n	10004524 <tud_task_ext+0x230>
100049a8:	f8bd 1024 	ldrh.w	r1, [sp, #36]	@ 0x24
100049ac:	f7ff f940 	bl	10003c30 <tud_descriptor_string_cb>
100049b0:	4602      	mov	r2, r0
100049b2:	2800      	cmp	r0, #0
100049b4:	d1ef      	bne.n	10004996 <tud_task_ext+0x6a2>
100049b6:	e5b5      	b.n	10004524 <tud_task_ext+0x230>
100049b8:	9302      	str	r3, [sp, #8]
100049ba:	f7ff fb69 	bl	10004090 <dcd_edpt_clear_stall>
100049be:	9a01      	ldr	r2, [sp, #4]
100049c0:	9b00      	ldr	r3, [sp, #0]
100049c2:	443a      	add	r2, r7
100049c4:	441a      	add	r2, r3
100049c6:	f892 1034 	ldrb.w	r1, [r2, #52]	@ 0x34
100049ca:	9b02      	ldr	r3, [sp, #8]
100049cc:	f363 0141 	bfi	r1, r3, #1, #1
100049d0:	f882 1034 	strb.w	r1, [r2, #52]	@ 0x34
100049d4:	f892 1034 	ldrb.w	r1, [r2, #52]	@ 0x34
100049d8:	f363 0100 	bfi	r1, r3, #0, #1
100049dc:	f882 1034 	strb.w	r1, [r2, #52]	@ 0x34
100049e0:	e776      	b.n	100048d0 <tud_task_ext+0x5dc>
100049e2:	2100      	movs	r1, #0
100049e4:	4640      	mov	r0, r8
100049e6:	f7ff fa87 	bl	10003ef8 <dcd_sof_enable>
100049ea:	4640      	mov	r0, r8
100049ec:	f7ff fb22 	bl	10004034 <dcd_edpt_close_all>
100049f0:	78bb      	ldrb	r3, [r7, #2]
100049f2:	4640      	mov	r0, r8
100049f4:	9300      	str	r3, [sp, #0]
100049f6:	f7ff fb9d 	bl	10004134 <configuration_reset>
100049fa:	9b00      	ldr	r3, [sp, #0]
100049fc:	70bb      	strb	r3, [r7, #2]
100049fe:	e632      	b.n	10004666 <tud_task_ext+0x372>
10004a00:	f8dd 800c 	ldr.w	r8, [sp, #12]
10004a04:	f7ff fbe4 	bl	100041d0 <tud_mount_cb>
10004a08:	e778      	b.n	100048fc <tud_task_ext+0x608>
10004a0a:	4640      	mov	r0, r8
10004a0c:	2301      	movs	r3, #1
10004a0e:	a908      	add	r1, sp, #32
10004a10:	f10d 021a 	add.w	r2, sp, #26
10004a14:	f88d 601a 	strb.w	r6, [sp, #26]
10004a18:	f000 f914 	bl	10004c44 <tud_control_xfer>
10004a1c:	e47a      	b.n	10004314 <tud_task_ext+0x20>
10004a1e:	780a      	ldrb	r2, [r1, #0]
10004a20:	78cb      	ldrb	r3, [r1, #3]
10004a22:	4411      	add	r1, r2
10004a24:	784a      	ldrb	r2, [r1, #1]
10004a26:	e64c      	b.n	100046c2 <tud_task_ext+0x3ce>
10004a28:	4633      	mov	r3, r6
10004a2a:	4810      	ldr	r0, [pc, #64]	@ (10004a6c <tud_task_ext+0x778>)
10004a2c:	9204      	str	r2, [sp, #16]
10004a2e:	9102      	str	r1, [sp, #8]
10004a30:	f000 fe76 	bl	10005720 <tu_edpt_bind_driver>
10004a34:	4b0e      	ldr	r3, [pc, #56]	@ (10004a70 <tud_task_ext+0x77c>)
10004a36:	9a04      	ldr	r2, [sp, #16]
10004a38:	9902      	ldr	r1, [sp, #8]
10004a3a:	781b      	ldrb	r3, [r3, #0]
10004a3c:	4411      	add	r1, r2
10004a3e:	9a00      	ldr	r2, [sp, #0]
10004a40:	3301      	adds	r3, #1
10004a42:	4293      	cmp	r3, r2
10004a44:	f6bf ae34 	bge.w	100046b0 <tud_task_ext+0x3bc>
10004a48:	e778      	b.n	1000493c <tud_task_ext+0x648>
10004a4a:	f8d8 c010 	ldr.w	ip, [r8, #16]
10004a4e:	4809      	ldr	r0, [pc, #36]	@ (10004a74 <tud_task_ext+0x780>)
10004a50:	4584      	cmp	ip, r0
10004a52:	bf08      	it	eq
10004a54:	2302      	moveq	r3, #2
10004a56:	e75d      	b.n	10004914 <tud_task_ext+0x620>
10004a58:	f04f 23e0 	mov.w	r3, #3758153728	@ 0xe000e000
10004a5c:	f8d3 3df0 	ldr.w	r3, [r3, #3568]	@ 0xdf0
10004a60:	07db      	lsls	r3, r3, #31
10004a62:	f57f ac57 	bpl.w	10004314 <tud_task_ext+0x20>
10004a66:	be00      	bkpt	0x0000
10004a68:	e454      	b.n	10004314 <tud_task_ext+0x20>
10004a6a:	bf00      	nop
10004a6c:	20001cac 	.word	0x20001cac
10004a70:	200026d0 	.word	0x200026d0
10004a74:	10005141 	.word	0x10005141

10004a78 <usbd_open_edpt_pair>:
10004a78:	e92d 4ff8 	stmdb	sp!, {r3, r4, r5, r6, r7, r8, r9, sl, fp, lr}
10004a7c:	9f0a      	ldr	r7, [sp, #40]	@ 0x28
10004a7e:	2a00      	cmp	r2, #0
10004a80:	d040      	beq.n	10004b04 <usbd_open_edpt_pair+0x8c>
10004a82:	460c      	mov	r4, r1
10004a84:	461e      	mov	r6, r3
10004a86:	4615      	mov	r5, r2
10004a88:	f04f 0a00 	mov.w	sl, #0
10004a8c:	f8df 907c 	ldr.w	r9, [pc, #124]	@ 10004b0c <usbd_open_edpt_pair+0x94>
10004a90:	f8df 807c 	ldr.w	r8, [pc, #124]	@ 10004b10 <usbd_open_edpt_pair+0x98>
10004a94:	e018      	b.n	10004ac8 <usbd_open_edpt_pair+0x50>
10004a96:	4620      	mov	r0, r4
10004a98:	f898 1002 	ldrb.w	r1, [r8, #2]
10004a9c:	f899 b000 	ldrb.w	fp, [r9]
10004aa0:	f000 fe0e 	bl	100056c0 <tu_edpt_validate>
10004aa4:	b1e0      	cbz	r0, 10004ae0 <usbd_open_edpt_pair+0x68>
10004aa6:	4621      	mov	r1, r4
10004aa8:	4658      	mov	r0, fp
10004aaa:	f7ff fa41 	bl	10003f30 <dcd_edpt_open>
10004aae:	b1f0      	cbz	r0, 10004aee <usbd_open_edpt_pair+0x76>
10004ab0:	78a2      	ldrb	r2, [r4, #2]
10004ab2:	f10a 0a01 	add.w	sl, sl, #1
10004ab6:	09d1      	lsrs	r1, r2, #7
10004ab8:	bf16      	itet	ne
10004aba:	9b0b      	ldrne	r3, [sp, #44]	@ 0x2c
10004abc:	703a      	strbeq	r2, [r7, #0]
10004abe:	701a      	strbne	r2, [r3, #0]
10004ac0:	7822      	ldrb	r2, [r4, #0]
10004ac2:	45aa      	cmp	sl, r5
10004ac4:	4414      	add	r4, r2
10004ac6:	d01d      	beq.n	10004b04 <usbd_open_edpt_pair+0x8c>
10004ac8:	7862      	ldrb	r2, [r4, #1]
10004aca:	2a05      	cmp	r2, #5
10004acc:	d10f      	bne.n	10004aee <usbd_open_edpt_pair+0x76>
10004ace:	78e1      	ldrb	r1, [r4, #3]
10004ad0:	f001 0103 	and.w	r1, r1, #3
10004ad4:	42b1      	cmp	r1, r6
10004ad6:	d10a      	bne.n	10004aee <usbd_open_edpt_pair+0x76>
10004ad8:	78a2      	ldrb	r2, [r4, #2]
10004ada:	f012 0f70 	tst.w	r2, #112	@ 0x70
10004ade:	d0da      	beq.n	10004a96 <usbd_open_edpt_pair+0x1e>
10004ae0:	f04f 23e0 	mov.w	r3, #3758153728	@ 0xe000e000
10004ae4:	f8d3 3df0 	ldr.w	r3, [r3, #3568]	@ 0xdf0
10004ae8:	07da      	lsls	r2, r3, #31
10004aea:	d500      	bpl.n	10004aee <usbd_open_edpt_pair+0x76>
10004aec:	be00      	bkpt	0x0000
10004aee:	f04f 23e0 	mov.w	r3, #3758153728	@ 0xe000e000
10004af2:	f8d3 3df0 	ldr.w	r3, [r3, #3568]	@ 0xdf0
10004af6:	07db      	lsls	r3, r3, #31
10004af8:	d402      	bmi.n	10004b00 <usbd_open_edpt_pair+0x88>
10004afa:	2000      	movs	r0, #0
10004afc:	e8bd 8ff8 	ldmia.w	sp!, {r3, r4, r5, r6, r7, r8, r9, sl, fp, pc}
10004b00:	be00      	bkpt	0x0000
10004b02:	e7fa      	b.n	10004afa <usbd_open_edpt_pair+0x82>
10004b04:	2001      	movs	r0, #1
10004b06:	e8bd 8ff8 	ldmia.w	sp!, {r3, r4, r5, r6, r7, r8, r9, sl, fp, pc}
10004b0a:	bf00      	nop
10004b0c:	20001218 	.word	0x20001218
10004b10:	20001c98 	.word	0x20001c98

10004b14 <usbd_edpt_open>:
10004b14:	b538      	push	{r3, r4, r5, lr}
10004b16:	788b      	ldrb	r3, [r1, #2]
10004b18:	f013 0f70 	tst.w	r3, #112	@ 0x70
10004b1c:	d008      	beq.n	10004b30 <usbd_edpt_open+0x1c>
10004b1e:	f04f 23e0 	mov.w	r3, #3758153728	@ 0xe000e000
10004b22:	f8d3 3df0 	ldr.w	r3, [r3, #3568]	@ 0xdf0
10004b26:	07db      	lsls	r3, r3, #31
10004b28:	d500      	bpl.n	10004b2c <usbd_edpt_open+0x18>
10004b2a:	be00      	bkpt	0x0000
10004b2c:	2000      	movs	r0, #0
10004b2e:	bd38      	pop	{r3, r4, r5, pc}
10004b30:	4a07      	ldr	r2, [pc, #28]	@ (10004b50 <usbd_edpt_open+0x3c>)
10004b32:	4b08      	ldr	r3, [pc, #32]	@ (10004b54 <usbd_edpt_open+0x40>)
10004b34:	460c      	mov	r4, r1
10004b36:	4608      	mov	r0, r1
10004b38:	7891      	ldrb	r1, [r2, #2]
10004b3a:	781d      	ldrb	r5, [r3, #0]
10004b3c:	f000 fdc0 	bl	100056c0 <tu_edpt_validate>
10004b40:	2800      	cmp	r0, #0
10004b42:	d0ec      	beq.n	10004b1e <usbd_edpt_open+0xa>
10004b44:	4621      	mov	r1, r4
10004b46:	4628      	mov	r0, r5
10004b48:	e8bd 4038 	ldmia.w	sp!, {r3, r4, r5, lr}
10004b4c:	f7ff b9f0 	b.w	10003f30 <dcd_edpt_open>
10004b50:	20001c98 	.word	0x20001c98
10004b54:	20001218 	.word	0x20001218

10004b58 <usbd_edpt_claim>:
10004b58:	460b      	mov	r3, r1
10004b5a:	4a06      	ldr	r2, [pc, #24]	@ (10004b74 <usbd_edpt_claim+0x1c>)
10004b5c:	4806      	ldr	r0, [pc, #24]	@ (10004b78 <usbd_edpt_claim+0x20>)
10004b5e:	6811      	ldr	r1, [r2, #0]
10004b60:	09da      	lsrs	r2, r3, #7
10004b62:	3234      	adds	r2, #52	@ 0x34
10004b64:	f003 037f 	and.w	r3, r3, #127	@ 0x7f
10004b68:	eb02 0343 	add.w	r3, r2, r3, lsl #1
10004b6c:	4418      	add	r0, r3
10004b6e:	f000 bd61 	b.w	10005634 <tu_edpt_claim>
10004b72:	bf00      	nop
10004b74:	20001cec 	.word	0x20001cec
10004b78:	20001c98 	.word	0x20001c98

10004b7c <usbd_edpt_release>:
10004b7c:	460b      	mov	r3, r1
10004b7e:	4a06      	ldr	r2, [pc, #24]	@ (10004b98 <usbd_edpt_release+0x1c>)
10004b80:	4806      	ldr	r0, [pc, #24]	@ (10004b9c <usbd_edpt_release+0x20>)
10004b82:	6811      	ldr	r1, [r2, #0]
10004b84:	09da      	lsrs	r2, r3, #7
10004b86:	3234      	adds	r2, #52	@ 0x34
10004b88:	f003 037f 	and.w	r3, r3, #127	@ 0x7f
10004b8c:	eb02 0343 	add.w	r3, r2, r3, lsl #1
10004b90:	4418      	add	r0, r3
10004b92:	f000 bd79 	b.w	10005688 <tu_edpt_release>
10004b96:	bf00      	nop
10004b98:	20001cec 	.word	0x20001cec
10004b9c:	20001c98 	.word	0x20001c98

10004ba0 <usbd_edpt_xfer>:
10004ba0:	b510      	push	{r4, lr}
10004ba2:	4819      	ldr	r0, [pc, #100]	@ (10004c08 <usbd_edpt_xfer+0x68>)
10004ba4:	f001 0c7f 	and.w	ip, r1, #127	@ 0x7f
10004ba8:	eb00 004c 	add.w	r0, r0, ip, lsl #1
10004bac:	eb00 10d1 	add.w	r0, r0, r1, lsr #7
10004bb0:	f890 c034 	ldrb.w	ip, [r0, #52]	@ 0x34
10004bb4:	f01c 0f01 	tst.w	ip, #1
10004bb8:	d008      	beq.n	10004bcc <usbd_edpt_xfer+0x2c>
10004bba:	f04f 23e0 	mov.w	r3, #3758153728	@ 0xe000e000
10004bbe:	f8d3 3df0 	ldr.w	r3, [r3, #3568]	@ 0xdf0
10004bc2:	07da      	lsls	r2, r3, #31
10004bc4:	d500      	bpl.n	10004bc8 <usbd_edpt_xfer+0x28>
10004bc6:	be00      	bkpt	0x0000
10004bc8:	2000      	movs	r0, #0
10004bca:	bd10      	pop	{r4, pc}
10004bcc:	f100 0430 	add.w	r4, r0, #48	@ 0x30
10004bd0:	f894 c004 	ldrb.w	ip, [r4, #4]
10004bd4:	480d      	ldr	r0, [pc, #52]	@ (10004c0c <usbd_edpt_xfer+0x6c>)
10004bd6:	f04c 0c01 	orr.w	ip, ip, #1
10004bda:	7800      	ldrb	r0, [r0, #0]
10004bdc:	f884 c004 	strb.w	ip, [r4, #4]
10004be0:	f7ff fa2a 	bl	10004038 <dcd_edpt_xfer>
10004be4:	2800      	cmp	r0, #0
10004be6:	d1f0      	bne.n	10004bca <usbd_edpt_xfer+0x2a>
10004be8:	f04f 21e0 	mov.w	r1, #3758153728	@ 0xe000e000
10004bec:	7922      	ldrb	r2, [r4, #4]
10004bee:	f360 0200 	bfi	r2, r0, #0, #1
10004bf2:	7122      	strb	r2, [r4, #4]
10004bf4:	7922      	ldrb	r2, [r4, #4]
10004bf6:	f360 0282 	bfi	r2, r0, #2, #1
10004bfa:	7122      	strb	r2, [r4, #4]
10004bfc:	f8d1 3df0 	ldr.w	r3, [r1, #3568]	@ 0xdf0
10004c00:	07db      	lsls	r3, r3, #31
10004c02:	d5e1      	bpl.n	10004bc8 <usbd_edpt_xfer+0x28>
10004c04:	be00      	bkpt	0x0000
10004c06:	e7df      	b.n	10004bc8 <usbd_edpt_xfer+0x28>
10004c08:	20001c98 	.word	0x20001c98
10004c0c:	20001218 	.word	0x20001218

10004c10 <tud_control_status>:
10004c10:	b530      	push	{r4, r5, lr}
10004c12:	4c0b      	ldr	r4, [pc, #44]	@ (10004c40 <tud_control_status+0x30>)
10004c14:	468c      	mov	ip, r1
10004c16:	46a6      	mov	lr, r4
10004c18:	4605      	mov	r5, r0
10004c1a:	6808      	ldr	r0, [r1, #0]
10004c1c:	6849      	ldr	r1, [r1, #4]
10004c1e:	2300      	movs	r3, #0
10004c20:	e8ae 0003 	stmia.w	lr!, {r0, r1}
10004c24:	f89c 1000 	ldrb.w	r1, [ip]
10004c28:	4628      	mov	r0, r5
10004c2a:	43c9      	mvns	r1, r1
10004c2c:	e9c4 3302 	strd	r3, r3, [r4, #8]
10004c30:	e8bd 4030 	ldmia.w	sp!, {r4, r5, lr}
10004c34:	461a      	mov	r2, r3
10004c36:	f001 0180 	and.w	r1, r1, #128	@ 0x80
10004c3a:	f7ff bfb1 	b.w	10004ba0 <usbd_edpt_xfer>
10004c3e:	bf00      	nop
10004c40:	20001c58 	.word	0x20001c58

10004c44 <tud_control_xfer>:
10004c44:	e92d 41f0 	stmdb	sp!, {r4, r5, r6, r7, r8, lr}
10004c48:	4f28      	ldr	r7, [pc, #160]	@ (10004cec <tud_control_xfer+0xa8>)
10004c4a:	f04f 0800 	mov.w	r8, #0
10004c4e:	46be      	mov	lr, r7
10004c50:	468c      	mov	ip, r1
10004c52:	4606      	mov	r6, r0
10004c54:	6808      	ldr	r0, [r1, #0]
10004c56:	6849      	ldr	r1, [r1, #4]
10004c58:	60ba      	str	r2, [r7, #8]
10004c5a:	e8ae 0003 	stmia.w	lr!, {r0, r1}
10004c5e:	f8a7 800e 	strh.w	r8, [r7, #14]
10004c62:	4615      	mov	r5, r2
10004c64:	f8bc 2006 	ldrh.w	r2, [ip, #6]
10004c68:	4293      	cmp	r3, r2
10004c6a:	bf28      	it	cs
10004c6c:	4613      	movcs	r3, r2
10004c6e:	81bb      	strh	r3, [r7, #12]
10004c70:	b19a      	cbz	r2, 10004c9a <tud_control_xfer+0x56>
10004c72:	461c      	mov	r4, r3
10004c74:	b333      	cbz	r3, 10004cc4 <tud_control_xfer+0x80>
10004c76:	b1dd      	cbz	r5, 10004cb0 <tud_control_xfer+0x6c>
10004c78:	f997 3000 	ldrsb.w	r3, [r7]
10004c7c:	2c40      	cmp	r4, #64	@ 0x40
10004c7e:	bf28      	it	cs
10004c80:	2440      	movcs	r4, #64	@ 0x40
10004c82:	2b00      	cmp	r3, #0
10004c84:	db29      	blt.n	10004cda <tud_control_xfer+0x96>
10004c86:	4641      	mov	r1, r8
10004c88:	4623      	mov	r3, r4
10004c8a:	4630      	mov	r0, r6
10004c8c:	4a18      	ldr	r2, [pc, #96]	@ (10004cf0 <tud_control_xfer+0xac>)
10004c8e:	f7ff ff87 	bl	10004ba0 <usbd_edpt_xfer>
10004c92:	b168      	cbz	r0, 10004cb0 <tud_control_xfer+0x6c>
10004c94:	2001      	movs	r0, #1
10004c96:	e8bd 81f0 	ldmia.w	sp!, {r4, r5, r6, r7, r8, pc}
10004c9a:	f89c 1000 	ldrb.w	r1, [ip]
10004c9e:	4613      	mov	r3, r2
10004ca0:	43c9      	mvns	r1, r1
10004ca2:	4630      	mov	r0, r6
10004ca4:	f001 0180 	and.w	r1, r1, #128	@ 0x80
10004ca8:	f7ff ff7a 	bl	10004ba0 <usbd_edpt_xfer>
10004cac:	2800      	cmp	r0, #0
10004cae:	d1f1      	bne.n	10004c94 <tud_control_xfer+0x50>
10004cb0:	f04f 23e0 	mov.w	r3, #3758153728	@ 0xe000e000
10004cb4:	f8d3 3df0 	ldr.w	r3, [r3, #3568]	@ 0xdf0
10004cb8:	07db      	lsls	r3, r3, #31
10004cba:	d500      	bpl.n	10004cbe <tud_control_xfer+0x7a>
10004cbc:	be00      	bkpt	0x0000
10004cbe:	2000      	movs	r0, #0
10004cc0:	e8bd 81f0 	ldmia.w	sp!, {r4, r5, r6, r7, r8, pc}
10004cc4:	461a      	mov	r2, r3
10004cc6:	7839      	ldrb	r1, [r7, #0]
10004cc8:	f001 0180 	and.w	r1, r1, #128	@ 0x80
10004ccc:	4623      	mov	r3, r4
10004cce:	4630      	mov	r0, r6
10004cd0:	f7ff ff66 	bl	10004ba0 <usbd_edpt_xfer>
10004cd4:	2800      	cmp	r0, #0
10004cd6:	d1dd      	bne.n	10004c94 <tud_control_xfer+0x50>
10004cd8:	e7ea      	b.n	10004cb0 <tud_control_xfer+0x6c>
10004cda:	4622      	mov	r2, r4
10004cdc:	4629      	mov	r1, r5
10004cde:	4804      	ldr	r0, [pc, #16]	@ (10004cf0 <tud_control_xfer+0xac>)
10004ce0:	f003 fb92 	bl	10008408 <memcpy>
10004ce4:	2180      	movs	r1, #128	@ 0x80
10004ce6:	4a02      	ldr	r2, [pc, #8]	@ (10004cf0 <tud_control_xfer+0xac>)
10004ce8:	e7f0      	b.n	10004ccc <tud_control_xfer+0x88>
10004cea:	bf00      	nop
10004cec:	20001c58 	.word	0x20001c58
10004cf0:	20001c18 	.word	0x20001c18

10004cf4 <usbd_control_reset>:
10004cf4:	2200      	movs	r2, #0
10004cf6:	4b03      	ldr	r3, [pc, #12]	@ (10004d04 <usbd_control_reset+0x10>)
10004cf8:	e9c3 2200 	strd	r2, r2, [r3]
10004cfc:	e9c3 2202 	strd	r2, r2, [r3, #8]
10004d00:	611a      	str	r2, [r3, #16]
10004d02:	4770      	bx	lr
10004d04:	20001c58 	.word	0x20001c58

10004d08 <usbd_control_set_complete_callback>:
10004d08:	4b01      	ldr	r3, [pc, #4]	@ (10004d10 <usbd_control_set_complete_callback+0x8>)
10004d0a:	6118      	str	r0, [r3, #16]
10004d0c:	4770      	bx	lr
10004d0e:	bf00      	nop
10004d10:	20001c58 	.word	0x20001c58

10004d14 <usbd_control_set_request>:
10004d14:	b430      	push	{r4, r5}
10004d16:	4602      	mov	r2, r0
10004d18:	4c04      	ldr	r4, [pc, #16]	@ (10004d2c <usbd_control_set_request+0x18>)
10004d1a:	2500      	movs	r5, #0
10004d1c:	4623      	mov	r3, r4
10004d1e:	6800      	ldr	r0, [r0, #0]
10004d20:	6851      	ldr	r1, [r2, #4]
10004d22:	e9c4 5502 	strd	r5, r5, [r4, #8]
10004d26:	bc30      	pop	{r4, r5}
10004d28:	c303      	stmia	r3!, {r0, r1}
10004d2a:	4770      	bx	lr
10004d2c:	20001c58 	.word	0x20001c58

10004d30 <usbd_control_xfer_cb>:
10004d30:	b570      	push	{r4, r5, r6, lr}
10004d32:	4c3d      	ldr	r4, [pc, #244]	@ (10004e28 <usbd_control_xfer_cb+0xf8>)
10004d34:	09c9      	lsrs	r1, r1, #7
10004d36:	7822      	ldrb	r2, [r4, #0]
10004d38:	4606      	mov	r6, r0
10004d3a:	ebb1 1fd2 	cmp.w	r1, r2, lsr #7
10004d3e:	461d      	mov	r5, r3
10004d40:	b082      	sub	sp, #8
10004d42:	d017      	beq.n	10004d74 <usbd_control_xfer_cb+0x44>
10004d44:	b153      	cbz	r3, 10004d5c <usbd_control_xfer_cb+0x2c>
10004d46:	f04f 23e0 	mov.w	r3, #3758153728	@ 0xe000e000
10004d4a:	f8d3 3df0 	ldr.w	r3, [r3, #3568]	@ 0xdf0
10004d4e:	07db      	lsls	r3, r3, #31
10004d50:	d402      	bmi.n	10004d58 <usbd_control_xfer_cb+0x28>
10004d52:	2000      	movs	r0, #0
10004d54:	b002      	add	sp, #8
10004d56:	bd70      	pop	{r4, r5, r6, pc}
10004d58:	be00      	bkpt	0x0000
10004d5a:	e7fa      	b.n	10004d52 <usbd_control_xfer_cb+0x22>
10004d5c:	4621      	mov	r1, r4
10004d5e:	f7ff f8d9 	bl	10003f14 <dcd_edpt0_status_complete>
10004d62:	6923      	ldr	r3, [r4, #16]
10004d64:	b11b      	cbz	r3, 10004d6e <usbd_control_xfer_cb+0x3e>
10004d66:	4622      	mov	r2, r4
10004d68:	2103      	movs	r1, #3
10004d6a:	4630      	mov	r0, r6
10004d6c:	4798      	blx	r3
10004d6e:	2001      	movs	r0, #1
10004d70:	b002      	add	sp, #8
10004d72:	bd70      	pop	{r4, r5, r6, pc}
10004d74:	f994 3000 	ldrsb.w	r3, [r4]
10004d78:	2b00      	cmp	r3, #0
10004d7a:	db06      	blt.n	10004d8a <usbd_control_xfer_cb+0x5a>
10004d7c:	68a0      	ldr	r0, [r4, #8]
10004d7e:	2800      	cmp	r0, #0
10004d80:	d0e7      	beq.n	10004d52 <usbd_control_xfer_cb+0x22>
10004d82:	462a      	mov	r2, r5
10004d84:	4929      	ldr	r1, [pc, #164]	@ (10004e2c <usbd_control_xfer_cb+0xfc>)
10004d86:	f003 fb3f 	bl	10008408 <memcpy>
10004d8a:	89e0      	ldrh	r0, [r4, #14]
10004d8c:	68a1      	ldr	r1, [r4, #8]
10004d8e:	88e3      	ldrh	r3, [r4, #6]
10004d90:	4428      	add	r0, r5
10004d92:	b280      	uxth	r0, r0
10004d94:	4429      	add	r1, r5
10004d96:	4283      	cmp	r3, r0
10004d98:	81e0      	strh	r0, [r4, #14]
10004d9a:	60a1      	str	r1, [r4, #8]
10004d9c:	d016      	beq.n	10004dcc <usbd_control_xfer_cb+0x9c>
10004d9e:	2d3f      	cmp	r5, #63	@ 0x3f
10004da0:	d914      	bls.n	10004dcc <usbd_control_xfer_cb+0x9c>
10004da2:	89a2      	ldrh	r2, [r4, #12]
10004da4:	f994 4000 	ldrsb.w	r4, [r4]
10004da8:	1a13      	subs	r3, r2, r0
10004daa:	b29b      	uxth	r3, r3
10004dac:	2b40      	cmp	r3, #64	@ 0x40
10004dae:	bf28      	it	cs
10004db0:	2340      	movcs	r3, #64	@ 0x40
10004db2:	2c00      	cmp	r4, #0
10004db4:	db27      	blt.n	10004e06 <usbd_control_xfer_cb+0xd6>
10004db6:	4290      	cmp	r0, r2
10004db8:	f04f 0100 	mov.w	r1, #0
10004dbc:	d031      	beq.n	10004e22 <usbd_control_xfer_cb+0xf2>
10004dbe:	4a1b      	ldr	r2, [pc, #108]	@ (10004e2c <usbd_control_xfer_cb+0xfc>)
10004dc0:	4630      	mov	r0, r6
10004dc2:	f7ff feed 	bl	10004ba0 <usbd_edpt_xfer>
10004dc6:	2800      	cmp	r0, #0
10004dc8:	d1d1      	bne.n	10004d6e <usbd_control_xfer_cb+0x3e>
10004dca:	e7bc      	b.n	10004d46 <usbd_control_xfer_cb+0x16>
10004dcc:	6923      	ldr	r3, [r4, #16]
10004dce:	b123      	cbz	r3, 10004dda <usbd_control_xfer_cb+0xaa>
10004dd0:	2102      	movs	r1, #2
10004dd2:	4630      	mov	r0, r6
10004dd4:	4a14      	ldr	r2, [pc, #80]	@ (10004e28 <usbd_control_xfer_cb+0xf8>)
10004dd6:	4798      	blx	r3
10004dd8:	b160      	cbz	r0, 10004df4 <usbd_control_xfer_cb+0xc4>
10004dda:	7821      	ldrb	r1, [r4, #0]
10004ddc:	2300      	movs	r3, #0
10004dde:	43c9      	mvns	r1, r1
10004de0:	4630      	mov	r0, r6
10004de2:	461a      	mov	r2, r3
10004de4:	f001 0180 	and.w	r1, r1, #128	@ 0x80
10004de8:	f7ff feda 	bl	10004ba0 <usbd_edpt_xfer>
10004dec:	2800      	cmp	r0, #0
10004dee:	d0aa      	beq.n	10004d46 <usbd_control_xfer_cb+0x16>
10004df0:	2001      	movs	r0, #1
10004df2:	e7bd      	b.n	10004d70 <usbd_control_xfer_cb+0x40>
10004df4:	4601      	mov	r1, r0
10004df6:	4630      	mov	r0, r6
10004df8:	f7ff f932 	bl	10004060 <dcd_edpt_stall>
10004dfc:	2180      	movs	r1, #128	@ 0x80
10004dfe:	4630      	mov	r0, r6
10004e00:	f7ff f92e 	bl	10004060 <dcd_edpt_stall>
10004e04:	e7b3      	b.n	10004d6e <usbd_control_xfer_cb+0x3e>
10004e06:	4290      	cmp	r0, r2
10004e08:	d008      	beq.n	10004e1c <usbd_control_xfer_cb+0xec>
10004e0a:	461a      	mov	r2, r3
10004e0c:	4807      	ldr	r0, [pc, #28]	@ (10004e2c <usbd_control_xfer_cb+0xfc>)
10004e0e:	9301      	str	r3, [sp, #4]
10004e10:	f003 fafa 	bl	10008408 <memcpy>
10004e14:	2180      	movs	r1, #128	@ 0x80
10004e16:	4a05      	ldr	r2, [pc, #20]	@ (10004e2c <usbd_control_xfer_cb+0xfc>)
10004e18:	9b01      	ldr	r3, [sp, #4]
10004e1a:	e7d1      	b.n	10004dc0 <usbd_control_xfer_cb+0x90>
10004e1c:	2180      	movs	r1, #128	@ 0x80
10004e1e:	2200      	movs	r2, #0
10004e20:	e7ce      	b.n	10004dc0 <usbd_control_xfer_cb+0x90>
10004e22:	460a      	mov	r2, r1
10004e24:	e7cc      	b.n	10004dc0 <usbd_control_xfer_cb+0x90>
10004e26:	bf00      	nop
10004e28:	20001c58 	.word	0x20001c58
10004e2c:	20001c18 	.word	0x20001c18

10004e30 <_prep_out_transaction.isra.0>:
10004e30:	e92d 41f0 	stmdb	sp!, {r4, r5, r6, r7, r8, lr}
10004e34:	4604      	mov	r4, r0
10004e36:	f7ff f9d3 	bl	100041e0 <tud_mounted>
10004e3a:	b908      	cbnz	r0, 10004e40 <_prep_out_transaction.isra.0+0x10>
10004e3c:	e8bd 81f0 	ldmia.w	sp!, {r4, r5, r6, r7, r8, pc}
10004e40:	f7ff f9d6 	bl	100041f0 <tud_suspended>
10004e44:	4605      	mov	r5, r0
10004e46:	2800      	cmp	r0, #0
10004e48:	d1f8      	bne.n	10004e3c <_prep_out_transaction.isra.0+0xc>
10004e4a:	23c8      	movs	r3, #200	@ 0xc8
10004e4c:	fb04 f303 	mul.w	r3, r4, r3
10004e50:	4e12      	ldr	r6, [pc, #72]	@ (10004e9c <_prep_out_transaction.isra.0+0x6c>)
10004e52:	18f7      	adds	r7, r6, r3
10004e54:	78f9      	ldrb	r1, [r7, #3]
10004e56:	2900      	cmp	r1, #0
10004e58:	d0f0      	beq.n	10004e3c <_prep_out_transaction.isra.0+0xc>
10004e5a:	3310      	adds	r3, #16
10004e5c:	441e      	add	r6, r3
10004e5e:	4630      	mov	r0, r6
10004e60:	f000 fdd2 	bl	10005a08 <tu_fifo_remaining>
10004e64:	283f      	cmp	r0, #63	@ 0x3f
10004e66:	d9e9      	bls.n	10004e3c <_prep_out_transaction.isra.0+0xc>
10004e68:	4628      	mov	r0, r5
10004e6a:	78f9      	ldrb	r1, [r7, #3]
10004e6c:	f7ff fe74 	bl	10004b58 <usbd_edpt_claim>
10004e70:	2800      	cmp	r0, #0
10004e72:	d0e3      	beq.n	10004e3c <_prep_out_transaction.isra.0+0xc>
10004e74:	4630      	mov	r0, r6
10004e76:	f000 fdc7 	bl	10005a08 <tu_fifo_remaining>
10004e7a:	283f      	cmp	r0, #63	@ 0x3f
10004e7c:	78f9      	ldrb	r1, [r7, #3]
10004e7e:	d908      	bls.n	10004e92 <_prep_out_transaction.isra.0+0x62>
10004e80:	4a07      	ldr	r2, [pc, #28]	@ (10004ea0 <_prep_out_transaction.isra.0+0x70>)
10004e82:	4628      	mov	r0, r5
10004e84:	eb02 12c4 	add.w	r2, r2, r4, lsl #7
10004e88:	2340      	movs	r3, #64	@ 0x40
10004e8a:	e8bd 41f0 	ldmia.w	sp!, {r4, r5, r6, r7, r8, lr}
10004e8e:	f7ff be87 	b.w	10004ba0 <usbd_edpt_xfer>
10004e92:	4628      	mov	r0, r5
10004e94:	e8bd 41f0 	ldmia.w	sp!, {r4, r5, r6, r7, r8, lr}
10004e98:	f7ff be70 	b.w	10004b7c <usbd_edpt_release>
10004e9c:	20001b50 	.word	0x20001b50
10004ea0:	20001acc 	.word	0x20001acc

10004ea4 <tud_cdc_n_connected>:
10004ea4:	b510      	push	{r4, lr}
10004ea6:	4604      	mov	r4, r0
10004ea8:	f7ff f99a 	bl	100041e0 <tud_mounted>
10004eac:	b908      	cbnz	r0, 10004eb2 <tud_cdc_n_connected+0xe>
10004eae:	2000      	movs	r0, #0
10004eb0:	bd10      	pop	{r4, pc}
10004eb2:	f7ff f99d 	bl	100041f0 <tud_suspended>
10004eb6:	2800      	cmp	r0, #0
10004eb8:	d1f9      	bne.n	10004eae <tud_cdc_n_connected+0xa>
10004eba:	22c8      	movs	r2, #200	@ 0xc8
10004ebc:	4b03      	ldr	r3, [pc, #12]	@ (10004ecc <tud_cdc_n_connected+0x28>)
10004ebe:	fb02 3304 	mla	r3, r2, r4, r3
10004ec2:	7918      	ldrb	r0, [r3, #4]
10004ec4:	f000 0001 	and.w	r0, r0, #1
10004ec8:	bd10      	pop	{r4, pc}
10004eca:	bf00      	nop
10004ecc:	20001b50 	.word	0x20001b50

10004ed0 <tud_cdc_n_available>:
10004ed0:	22c8      	movs	r2, #200	@ 0xc8
10004ed2:	b508      	push	{r3, lr}
10004ed4:	4b02      	ldr	r3, [pc, #8]	@ (10004ee0 <tud_cdc_n_available+0x10>)
10004ed6:	fb02 3000 	mla	r0, r2, r0, r3
10004eda:	f000 fd7b 	bl	100059d4 <tu_fifo_count>
10004ede:	bd08      	pop	{r3, pc}
10004ee0:	20001b60 	.word	0x20001b60

10004ee4 <tud_cdc_n_read>:
10004ee4:	e92d 43f8 	stmdb	sp!, {r3, r4, r5, r6, r7, r8, r9, lr}
10004ee8:	f64f 73ff 	movw	r3, #65535	@ 0xffff
10004eec:	24c8      	movs	r4, #200	@ 0xc8
10004eee:	429a      	cmp	r2, r3
10004ef0:	bf28      	it	cs
10004ef2:	461a      	movcs	r2, r3
10004ef4:	fb00 f404 	mul.w	r4, r0, r4
10004ef8:	f8df 8074 	ldr.w	r8, [pc, #116]	@ 10004f70 <tud_cdc_n_read+0x8c>
10004efc:	f104 0510 	add.w	r5, r4, #16
10004f00:	4445      	add	r5, r8
10004f02:	4606      	mov	r6, r0
10004f04:	b292      	uxth	r2, r2
10004f06:	4628      	mov	r0, r5
10004f08:	f000 fdda 	bl	10005ac0 <tu_fifo_read_n>
10004f0c:	4607      	mov	r7, r0
10004f0e:	f7ff f967 	bl	100041e0 <tud_mounted>
10004f12:	b910      	cbnz	r0, 10004f1a <tud_cdc_n_read+0x36>
10004f14:	4638      	mov	r0, r7
10004f16:	e8bd 83f8 	ldmia.w	sp!, {r3, r4, r5, r6, r7, r8, r9, pc}
10004f1a:	f7ff f969 	bl	100041f0 <tud_suspended>
10004f1e:	4681      	mov	r9, r0
10004f20:	2800      	cmp	r0, #0
10004f22:	d1f7      	bne.n	10004f14 <tud_cdc_n_read+0x30>
10004f24:	44a0      	add	r8, r4
10004f26:	f898 3003 	ldrb.w	r3, [r8, #3]
10004f2a:	2b00      	cmp	r3, #0
10004f2c:	d0f2      	beq.n	10004f14 <tud_cdc_n_read+0x30>
10004f2e:	4628      	mov	r0, r5
10004f30:	f000 fd6a 	bl	10005a08 <tu_fifo_remaining>
10004f34:	283f      	cmp	r0, #63	@ 0x3f
10004f36:	d9ed      	bls.n	10004f14 <tud_cdc_n_read+0x30>
10004f38:	4648      	mov	r0, r9
10004f3a:	f898 1003 	ldrb.w	r1, [r8, #3]
10004f3e:	f7ff fe0b 	bl	10004b58 <usbd_edpt_claim>
10004f42:	2800      	cmp	r0, #0
10004f44:	d0e6      	beq.n	10004f14 <tud_cdc_n_read+0x30>
10004f46:	4628      	mov	r0, r5
10004f48:	f000 fd5e 	bl	10005a08 <tu_fifo_remaining>
10004f4c:	283f      	cmp	r0, #63	@ 0x3f
10004f4e:	f898 1003 	ldrb.w	r1, [r8, #3]
10004f52:	d907      	bls.n	10004f64 <tud_cdc_n_read+0x80>
10004f54:	4a05      	ldr	r2, [pc, #20]	@ (10004f6c <tud_cdc_n_read+0x88>)
10004f56:	4648      	mov	r0, r9
10004f58:	2340      	movs	r3, #64	@ 0x40
10004f5a:	eb02 12c6 	add.w	r2, r2, r6, lsl #7
10004f5e:	f7ff fe1f 	bl	10004ba0 <usbd_edpt_xfer>
10004f62:	e7d7      	b.n	10004f14 <tud_cdc_n_read+0x30>
10004f64:	4648      	mov	r0, r9
10004f66:	f7ff fe09 	bl	10004b7c <usbd_edpt_release>
10004f6a:	e7d3      	b.n	10004f14 <tud_cdc_n_read+0x30>
10004f6c:	20001acc 	.word	0x20001acc
10004f70:	20001b50 	.word	0x20001b50

10004f74 <tud_cdc_n_write_flush>:
10004f74:	e92d 41f0 	stmdb	sp!, {r4, r5, r6, r7, r8, lr}
10004f78:	4604      	mov	r4, r0
10004f7a:	f7ff f931 	bl	100041e0 <tud_mounted>
10004f7e:	b910      	cbnz	r0, 10004f86 <tud_cdc_n_write_flush+0x12>
10004f80:	2000      	movs	r0, #0
10004f82:	e8bd 81f0 	ldmia.w	sp!, {r4, r5, r6, r7, r8, pc}
10004f86:	f7ff f933 	bl	100041f0 <tud_suspended>
10004f8a:	4605      	mov	r5, r0
10004f8c:	2800      	cmp	r0, #0
10004f8e:	d1f7      	bne.n	10004f80 <tud_cdc_n_write_flush+0xc>
10004f90:	26c8      	movs	r6, #200	@ 0xc8
10004f92:	fb04 f606 	mul.w	r6, r4, r6
10004f96:	f8df 8064 	ldr.w	r8, [pc, #100]	@ 10004ffc <tud_cdc_n_write_flush+0x88>
10004f9a:	f106 0724 	add.w	r7, r6, #36	@ 0x24
10004f9e:	4447      	add	r7, r8
10004fa0:	4638      	mov	r0, r7
10004fa2:	f000 fd17 	bl	100059d4 <tu_fifo_count>
10004fa6:	2800      	cmp	r0, #0
10004fa8:	d0ea      	beq.n	10004f80 <tud_cdc_n_write_flush+0xc>
10004faa:	44b0      	add	r8, r6
10004fac:	4628      	mov	r0, r5
10004fae:	f898 1002 	ldrb.w	r1, [r8, #2]
10004fb2:	f7ff fdd1 	bl	10004b58 <usbd_edpt_claim>
10004fb6:	2800      	cmp	r0, #0
10004fb8:	d0e2      	beq.n	10004f80 <tud_cdc_n_write_flush+0xc>
10004fba:	4e0f      	ldr	r6, [pc, #60]	@ (10004ff8 <tud_cdc_n_write_flush+0x84>)
10004fbc:	4638      	mov	r0, r7
10004fbe:	eb06 16c4 	add.w	r6, r6, r4, lsl #7
10004fc2:	4631      	mov	r1, r6
10004fc4:	2240      	movs	r2, #64	@ 0x40
10004fc6:	f000 fd7b 	bl	10005ac0 <tu_fifo_read_n>
10004fca:	f898 1002 	ldrb.w	r1, [r8, #2]
10004fce:	4604      	mov	r4, r0
10004fd0:	b168      	cbz	r0, 10004fee <tud_cdc_n_write_flush+0x7a>
10004fd2:	4603      	mov	r3, r0
10004fd4:	4632      	mov	r2, r6
10004fd6:	4628      	mov	r0, r5
10004fd8:	f7ff fde2 	bl	10004ba0 <usbd_edpt_xfer>
10004fdc:	b950      	cbnz	r0, 10004ff4 <tud_cdc_n_write_flush+0x80>
10004fde:	f04f 23e0 	mov.w	r3, #3758153728	@ 0xe000e000
10004fe2:	f8d3 3df0 	ldr.w	r3, [r3, #3568]	@ 0xdf0
10004fe6:	07db      	lsls	r3, r3, #31
10004fe8:	d5ca      	bpl.n	10004f80 <tud_cdc_n_write_flush+0xc>
10004fea:	be00      	bkpt	0x0000
10004fec:	e7c8      	b.n	10004f80 <tud_cdc_n_write_flush+0xc>
10004fee:	f7ff fdc5 	bl	10004b7c <usbd_edpt_release>
10004ff2:	e7c5      	b.n	10004f80 <tud_cdc_n_write_flush+0xc>
10004ff4:	4620      	mov	r0, r4
10004ff6:	e7c4      	b.n	10004f82 <tud_cdc_n_write_flush+0xe>
10004ff8:	20001b0c 	.word	0x20001b0c
10004ffc:	20001b50 	.word	0x20001b50

10005000 <tud_cdc_n_write>:
10005000:	b538      	push	{r3, r4, r5, lr}
10005002:	f64f 75ff 	movw	r5, #65535	@ 0xffff
10005006:	23c8      	movs	r3, #200	@ 0xc8
10005008:	42aa      	cmp	r2, r5
1000500a:	bf28      	it	cs
1000500c:	462a      	movcs	r2, r5
1000500e:	4c0b      	ldr	r4, [pc, #44]	@ (1000503c <tud_cdc_n_write+0x3c>)
10005010:	b292      	uxth	r2, r2
10005012:	fb03 4400 	mla	r4, r3, r0, r4
10005016:	4605      	mov	r5, r0
10005018:	4620      	mov	r0, r4
1000501a:	f000 fe0f 	bl	10005c3c <tu_fifo_write_n>
1000501e:	4603      	mov	r3, r0
10005020:	4620      	mov	r0, r4
10005022:	461c      	mov	r4, r3
10005024:	f000 fcd6 	bl	100059d4 <tu_fifo_count>
10005028:	283f      	cmp	r0, #63	@ 0x3f
1000502a:	d801      	bhi.n	10005030 <tud_cdc_n_write+0x30>
1000502c:	4620      	mov	r0, r4
1000502e:	bd38      	pop	{r3, r4, r5, pc}
10005030:	4628      	mov	r0, r5
10005032:	f7ff ff9f 	bl	10004f74 <tud_cdc_n_write_flush>
10005036:	4620      	mov	r0, r4
10005038:	bd38      	pop	{r3, r4, r5, pc}
1000503a:	bf00      	nop
1000503c:	20001b74 	.word	0x20001b74

10005040 <tud_cdc_n_write_available>:
10005040:	22c8      	movs	r2, #200	@ 0xc8
10005042:	b508      	push	{r3, lr}
10005044:	4b02      	ldr	r3, [pc, #8]	@ (10005050 <tud_cdc_n_write_available+0x10>)
10005046:	fb02 3000 	mla	r0, r2, r0, r3
1000504a:	f000 fcdd 	bl	10005a08 <tu_fifo_remaining>
1000504e:	bd08      	pop	{r3, pc}
10005050:	20001b74 	.word	0x20001b74

10005054 <cdcd_init>:
10005054:	b5f0      	push	{r4, r5, r6, r7, lr}
10005056:	2400      	movs	r4, #0
10005058:	b083      	sub	sp, #12
1000505a:	22c8      	movs	r2, #200	@ 0xc8
1000505c:	2100      	movs	r1, #0
1000505e:	4817      	ldr	r0, [pc, #92]	@ (100050bc <cdcd_init+0x68>)
10005060:	f003 f95a 	bl	10008318 <memset>
10005064:	23ff      	movs	r3, #255	@ 0xff
10005066:	f44f 31e1 	mov.w	r1, #115200	@ 0x1c200
1000506a:	2208      	movs	r2, #8
1000506c:	4814      	ldr	r0, [pc, #80]	@ (100050c0 <cdcd_init+0x6c>)
1000506e:	7004      	strb	r4, [r0, #0]
10005070:	4812      	ldr	r0, [pc, #72]	@ (100050bc <cdcd_init+0x68>)
10005072:	9400      	str	r4, [sp, #0]
10005074:	4607      	mov	r7, r0
10005076:	7143      	strb	r3, [r0, #5]
10005078:	6081      	str	r1, [r0, #8]
1000507a:	7382      	strb	r2, [r0, #14]
1000507c:	f100 0138 	add.w	r1, r0, #56	@ 0x38
10005080:	2301      	movs	r3, #1
10005082:	2240      	movs	r2, #64	@ 0x40
10005084:	3010      	adds	r0, #16
10005086:	f000 fc75 	bl	10005974 <tu_fifo_config>
1000508a:	2301      	movs	r3, #1
1000508c:	2240      	movs	r2, #64	@ 0x40
1000508e:	f107 0178 	add.w	r1, r7, #120	@ 0x78
10005092:	9300      	str	r3, [sp, #0]
10005094:	f107 06b8 	add.w	r6, r7, #184	@ 0xb8
10005098:	f107 0024 	add.w	r0, r7, #36	@ 0x24
1000509c:	f000 fc6a 	bl	10005974 <tu_fifo_config>
100050a0:	f107 05c0 	add.w	r5, r7, #192	@ 0xc0
100050a4:	4630      	mov	r0, r6
100050a6:	f7fb fd6d 	bl	10000b84 <mutex_init>
100050aa:	4628      	mov	r0, r5
100050ac:	f7fb fd6a 	bl	10000b84 <mutex_init>
100050b0:	e9c7 4607 	strd	r4, r6, [r7, #28]
100050b4:	e9c7 540c 	strd	r5, r4, [r7, #48]	@ 0x30
100050b8:	b003      	add	sp, #12
100050ba:	bdf0      	pop	{r4, r5, r6, r7, pc}
100050bc:	20001b50 	.word	0x20001b50
100050c0:	20001b4c 	.word	0x20001b4c

100050c4 <cdcd_deinit>:
100050c4:	4a0a      	ldr	r2, [pc, #40]	@ (100050f0 <cdcd_deinit+0x2c>)
100050c6:	6b11      	ldr	r1, [r2, #48]	@ 0x30
100050c8:	6a13      	ldr	r3, [r2, #32]
100050ca:	b161      	cbz	r1, 100050e6 <cdcd_deinit+0x22>
100050cc:	b13b      	cbz	r3, 100050de <cdcd_deinit+0x1a>
100050ce:	2300      	movs	r3, #0
100050d0:	e9c2 330c 	strd	r3, r3, [r2, #48]	@ 0x30
100050d4:	61d3      	str	r3, [r2, #28]
100050d6:	2300      	movs	r3, #0
100050d8:	6213      	str	r3, [r2, #32]
100050da:	2001      	movs	r0, #1
100050dc:	4770      	bx	lr
100050de:	2001      	movs	r0, #1
100050e0:	e9c2 330c 	strd	r3, r3, [r2, #48]	@ 0x30
100050e4:	4770      	bx	lr
100050e6:	2b00      	cmp	r3, #0
100050e8:	d0f7      	beq.n	100050da <cdcd_deinit+0x16>
100050ea:	61d1      	str	r1, [r2, #28]
100050ec:	e7f3      	b.n	100050d6 <cdcd_deinit+0x12>
100050ee:	bf00      	nop
100050f0:	20001b50 	.word	0x20001b50

100050f4 <cdcd_reset>:
100050f4:	2200      	movs	r2, #0
100050f6:	b510      	push	{r4, lr}
100050f8:	4c0e      	ldr	r4, [pc, #56]	@ (10005134 <cdcd_reset+0x40>)
100050fa:	480f      	ldr	r0, [pc, #60]	@ (10005138 <cdcd_reset+0x44>)
100050fc:	7823      	ldrb	r3, [r4, #0]
100050fe:	6002      	str	r2, [r0, #0]
10005100:	7102      	strb	r2, [r0, #4]
10005102:	07da      	lsls	r2, r3, #31
10005104:	d507      	bpl.n	10005116 <cdcd_reset+0x22>
10005106:	079b      	lsls	r3, r3, #30
10005108:	d50b      	bpl.n	10005122 <cdcd_reset+0x2e>
1000510a:	e8bd 4010 	ldmia.w	sp!, {r4, lr}
1000510e:	2101      	movs	r1, #1
10005110:	480a      	ldr	r0, [pc, #40]	@ (1000513c <cdcd_reset+0x48>)
10005112:	f000 be5d 	b.w	10005dd0 <tu_fifo_set_overwritable>
10005116:	3010      	adds	r0, #16
10005118:	f000 fe3e 	bl	10005d98 <tu_fifo_clear>
1000511c:	7823      	ldrb	r3, [r4, #0]
1000511e:	079b      	lsls	r3, r3, #30
10005120:	d4f3      	bmi.n	1000510a <cdcd_reset+0x16>
10005122:	4806      	ldr	r0, [pc, #24]	@ (1000513c <cdcd_reset+0x48>)
10005124:	f000 fe38 	bl	10005d98 <tu_fifo_clear>
10005128:	e8bd 4010 	ldmia.w	sp!, {r4, lr}
1000512c:	2101      	movs	r1, #1
1000512e:	4803      	ldr	r0, [pc, #12]	@ (1000513c <cdcd_reset+0x48>)
10005130:	f000 be4e 	b.w	10005dd0 <tu_fifo_set_overwritable>
10005134:	20001b4c 	.word	0x20001b4c
10005138:	20001b50 	.word	0x20001b50
1000513c:	20001b74 	.word	0x20001b74

10005140 <cdcd_open>:
10005140:	b5f0      	push	{r4, r5, r6, r7, lr}
10005142:	794b      	ldrb	r3, [r1, #5]
10005144:	b083      	sub	sp, #12
10005146:	2b02      	cmp	r3, #2
10005148:	d102      	bne.n	10005150 <cdcd_open+0x10>
1000514a:	798b      	ldrb	r3, [r1, #6]
1000514c:	2b02      	cmp	r3, #2
1000514e:	d003      	beq.n	10005158 <cdcd_open+0x18>
10005150:	2500      	movs	r5, #0
10005152:	4628      	mov	r0, r5
10005154:	b003      	add	sp, #12
10005156:	bdf0      	pop	{r4, r5, r6, r7, pc}
10005158:	4f27      	ldr	r7, [pc, #156]	@ (100051f8 <cdcd_open+0xb8>)
1000515a:	78bb      	ldrb	r3, [r7, #2]
1000515c:	b13b      	cbz	r3, 1000516e <cdcd_open+0x2e>
1000515e:	f04f 23e0 	mov.w	r3, #3758153728	@ 0xe000e000
10005162:	f8d3 3df0 	ldr.w	r3, [r3, #3568]	@ 0xdf0
10005166:	07db      	lsls	r3, r3, #31
10005168:	d5f2      	bpl.n	10005150 <cdcd_open+0x10>
1000516a:	be00      	bkpt	0x0000
1000516c:	e7f0      	b.n	10005150 <cdcd_open+0x10>
1000516e:	788b      	ldrb	r3, [r1, #2]
10005170:	4606      	mov	r6, r0
10005172:	703b      	strb	r3, [r7, #0]
10005174:	780b      	ldrb	r3, [r1, #0]
10005176:	18cc      	adds	r4, r1, r3
10005178:	7861      	ldrb	r1, [r4, #1]
1000517a:	2924      	cmp	r1, #36	@ 0x24
1000517c:	bf08      	it	eq
1000517e:	2509      	moveq	r5, #9
10005180:	d007      	beq.n	10005192 <cdcd_open+0x52>
10005182:	e036      	b.n	100051f2 <cdcd_open+0xb2>
10005184:	7823      	ldrb	r3, [r4, #0]
10005186:	441c      	add	r4, r3
10005188:	7861      	ldrb	r1, [r4, #1]
1000518a:	442b      	add	r3, r5
1000518c:	2924      	cmp	r1, #36	@ 0x24
1000518e:	b29d      	uxth	r5, r3
10005190:	d107      	bne.n	100051a2 <cdcd_open+0x62>
10005192:	42aa      	cmp	r2, r5
10005194:	d2f6      	bcs.n	10005184 <cdcd_open+0x44>
10005196:	2000      	movs	r0, #0
10005198:	f7ff fe4a 	bl	10004e30 <_prep_out_transaction.isra.0>
1000519c:	4628      	mov	r0, r5
1000519e:	b003      	add	sp, #12
100051a0:	bdf0      	pop	{r4, r5, r6, r7, pc}
100051a2:	460b      	mov	r3, r1
100051a4:	2905      	cmp	r1, #5
100051a6:	d016      	beq.n	100051d6 <cdcd_open+0x96>
100051a8:	2b04      	cmp	r3, #4
100051aa:	d1f4      	bne.n	10005196 <cdcd_open+0x56>
100051ac:	7963      	ldrb	r3, [r4, #5]
100051ae:	2b0a      	cmp	r3, #10
100051b0:	d1f1      	bne.n	10005196 <cdcd_open+0x56>
100051b2:	4b12      	ldr	r3, [pc, #72]	@ (100051fc <cdcd_open+0xbc>)
100051b4:	7827      	ldrb	r7, [r4, #0]
100051b6:	9301      	str	r3, [sp, #4]
100051b8:	3301      	adds	r3, #1
100051ba:	9300      	str	r3, [sp, #0]
100051bc:	2302      	movs	r3, #2
100051be:	4630      	mov	r0, r6
100051c0:	461a      	mov	r2, r3
100051c2:	19e1      	adds	r1, r4, r7
100051c4:	f7ff fc58 	bl	10004a78 <usbd_open_edpt_pair>
100051c8:	2800      	cmp	r0, #0
100051ca:	d0c8      	beq.n	1000515e <cdcd_open+0x1e>
100051cc:	350e      	adds	r5, #14
100051ce:	fa17 f585 	uxtah	r5, r7, r5
100051d2:	b2ad      	uxth	r5, r5
100051d4:	e7df      	b.n	10005196 <cdcd_open+0x56>
100051d6:	4621      	mov	r1, r4
100051d8:	4630      	mov	r0, r6
100051da:	f7ff fc9b 	bl	10004b14 <usbd_edpt_open>
100051de:	2800      	cmp	r0, #0
100051e0:	d0bd      	beq.n	1000515e <cdcd_open+0x1e>
100051e2:	78a3      	ldrb	r3, [r4, #2]
100051e4:	707b      	strb	r3, [r7, #1]
100051e6:	7823      	ldrb	r3, [r4, #0]
100051e8:	195a      	adds	r2, r3, r5
100051ea:	441c      	add	r4, r3
100051ec:	7863      	ldrb	r3, [r4, #1]
100051ee:	b295      	uxth	r5, r2
100051f0:	e7da      	b.n	100051a8 <cdcd_open+0x68>
100051f2:	460b      	mov	r3, r1
100051f4:	2509      	movs	r5, #9
100051f6:	e7d5      	b.n	100051a4 <cdcd_open+0x64>
100051f8:	20001b50 	.word	0x20001b50
100051fc:	20001b52 	.word	0x20001b52

10005200 <cdcd_control_xfer_cb>:
10005200:	7813      	ldrb	r3, [r2, #0]
10005202:	f003 0360 	and.w	r3, r3, #96	@ 0x60
10005206:	2b20      	cmp	r3, #32
10005208:	d108      	bne.n	1000521c <cdcd_control_xfer_cb+0x1c>
1000520a:	b570      	push	{r4, r5, r6, lr}
1000520c:	4c26      	ldr	r4, [pc, #152]	@ (100052a8 <cdcd_control_xfer_cb+0xa8>)
1000520e:	8893      	ldrh	r3, [r2, #4]
10005210:	f894 c000 	ldrb.w	ip, [r4]
10005214:	459c      	cmp	ip, r3
10005216:	d003      	beq.n	10005220 <cdcd_control_xfer_cb+0x20>
10005218:	2000      	movs	r0, #0
1000521a:	bd70      	pop	{r4, r5, r6, pc}
1000521c:	2000      	movs	r0, #0
1000521e:	4770      	bx	lr
10005220:	7853      	ldrb	r3, [r2, #1]
10005222:	3b20      	subs	r3, #32
10005224:	2b03      	cmp	r3, #3
10005226:	d8f7      	bhi.n	10005218 <cdcd_control_xfer_cb+0x18>
10005228:	e8df f003 	tbb	[pc, r3]
1000522c:	020d2327 	.word	0x020d2327
10005230:	2901      	cmp	r1, #1
10005232:	d02e      	beq.n	10005292 <cdcd_control_xfer_cb+0x92>
10005234:	2903      	cmp	r1, #3
10005236:	d11e      	bne.n	10005276 <cdcd_control_xfer_cb+0x76>
10005238:	4b1c      	ldr	r3, [pc, #112]	@ (100052ac <cdcd_control_xfer_cb+0xac>)
1000523a:	b1e3      	cbz	r3, 10005276 <cdcd_control_xfer_cb+0x76>
1000523c:	2000      	movs	r0, #0
1000523e:	8851      	ldrh	r1, [r2, #2]
10005240:	f3af 8000 	nop.w
10005244:	e017      	b.n	10005276 <cdcd_control_xfer_cb+0x76>
10005246:	2901      	cmp	r1, #1
10005248:	d023      	beq.n	10005292 <cdcd_control_xfer_cb+0x92>
1000524a:	2903      	cmp	r1, #3
1000524c:	d113      	bne.n	10005276 <cdcd_control_xfer_cb+0x76>
1000524e:	8855      	ldrh	r5, [r2, #2]
10005250:	4817      	ldr	r0, [pc, #92]	@ (100052b0 <cdcd_control_xfer_cb+0xb0>)
10005252:	f005 0601 	and.w	r6, r5, #1
10005256:	f086 0101 	eor.w	r1, r6, #1
1000525a:	7125      	strb	r5, [r4, #4]
1000525c:	f000 fdb8 	bl	10005dd0 <tu_fifo_set_overwritable>
10005260:	4b14      	ldr	r3, [pc, #80]	@ (100052b4 <cdcd_control_xfer_cb+0xb4>)
10005262:	b143      	cbz	r3, 10005276 <cdcd_control_xfer_cb+0x76>
10005264:	4631      	mov	r1, r6
10005266:	2000      	movs	r0, #0
10005268:	f3c5 0240 	ubfx	r2, r5, #1, #1
1000526c:	f3af 8000 	nop.w
10005270:	e001      	b.n	10005276 <cdcd_control_xfer_cb+0x76>
10005272:	2901      	cmp	r1, #1
10005274:	d011      	beq.n	1000529a <cdcd_control_xfer_cb+0x9a>
10005276:	2001      	movs	r0, #1
10005278:	bd70      	pop	{r4, r5, r6, pc}
1000527a:	2901      	cmp	r1, #1
1000527c:	d00d      	beq.n	1000529a <cdcd_control_xfer_cb+0x9a>
1000527e:	2903      	cmp	r1, #3
10005280:	d1f9      	bne.n	10005276 <cdcd_control_xfer_cb+0x76>
10005282:	4b0d      	ldr	r3, [pc, #52]	@ (100052b8 <cdcd_control_xfer_cb+0xb8>)
10005284:	2b00      	cmp	r3, #0
10005286:	d0f6      	beq.n	10005276 <cdcd_control_xfer_cb+0x76>
10005288:	2000      	movs	r0, #0
1000528a:	490c      	ldr	r1, [pc, #48]	@ (100052bc <cdcd_control_xfer_cb+0xbc>)
1000528c:	f7fe faac 	bl	100037e8 <tud_cdc_line_coding_cb>
10005290:	e7f1      	b.n	10005276 <cdcd_control_xfer_cb+0x76>
10005292:	4611      	mov	r1, r2
10005294:	f7ff fcbc 	bl	10004c10 <tud_control_status>
10005298:	e7ed      	b.n	10005276 <cdcd_control_xfer_cb+0x76>
1000529a:	4611      	mov	r1, r2
1000529c:	2307      	movs	r3, #7
1000529e:	4a07      	ldr	r2, [pc, #28]	@ (100052bc <cdcd_control_xfer_cb+0xbc>)
100052a0:	f7ff fcd0 	bl	10004c44 <tud_control_xfer>
100052a4:	e7e7      	b.n	10005276 <cdcd_control_xfer_cb+0x76>
100052a6:	bf00      	nop
100052a8:	20001b50 	.word	0x20001b50
100052ac:	00000000 	.word	0x00000000
100052b0:	20001b74 	.word	0x20001b74
100052b4:	00000000 	.word	0x00000000
100052b8:	100037e9 	.word	0x100037e9
100052bc:	20001b58 	.word	0x20001b58

100052c0 <cdcd_xfer_cb>:
100052c0:	e92d 43f8 	stmdb	sp!, {r3, r4, r5, r6, r7, r8, r9, lr}
100052c4:	4e35      	ldr	r6, [pc, #212]	@ (1000539c <cdcd_xfer_cb+0xdc>)
100052c6:	460c      	mov	r4, r1
100052c8:	78f2      	ldrb	r2, [r6, #3]
100052ca:	4607      	mov	r7, r0
100052cc:	428a      	cmp	r2, r1
100052ce:	461d      	mov	r5, r3
100052d0:	d03d      	beq.n	1000534e <cdcd_xfer_cb+0x8e>
100052d2:	78b3      	ldrb	r3, [r6, #2]
100052d4:	428b      	cmp	r3, r1
100052d6:	d012      	beq.n	100052fe <cdcd_xfer_cb+0x3e>
100052d8:	f04f 23e0 	mov.w	r3, #3758153728	@ 0xe000e000
100052dc:	f8d3 3df0 	ldr.w	r3, [r3, #3568]	@ 0xdf0
100052e0:	07db      	lsls	r3, r3, #31
100052e2:	d432      	bmi.n	1000534a <cdcd_xfer_cb+0x8a>
100052e4:	2000      	movs	r0, #0
100052e6:	e8bd 83f8 	ldmia.w	sp!, {r3, r4, r5, r6, r7, r8, r9, pc}
100052ea:	4b2d      	ldr	r3, [pc, #180]	@ (100053a0 <cdcd_xfer_cb+0xe0>)
100052ec:	b123      	cbz	r3, 100052f8 <cdcd_xfer_cb+0x38>
100052ee:	482d      	ldr	r0, [pc, #180]	@ (100053a4 <cdcd_xfer_cb+0xe4>)
100052f0:	f000 fb80 	bl	100059f4 <tu_fifo_empty>
100052f4:	2800      	cmp	r0, #0
100052f6:	d04d      	beq.n	10005394 <cdcd_xfer_cb+0xd4>
100052f8:	2000      	movs	r0, #0
100052fa:	f7ff fd99 	bl	10004e30 <_prep_out_transaction.isra.0>
100052fe:	78b3      	ldrb	r3, [r6, #2]
10005300:	42a3      	cmp	r3, r4
10005302:	d001      	beq.n	10005308 <cdcd_xfer_cb+0x48>
10005304:	2001      	movs	r0, #1
10005306:	e7ee      	b.n	100052e6 <cdcd_xfer_cb+0x26>
10005308:	4b27      	ldr	r3, [pc, #156]	@ (100053a8 <cdcd_xfer_cb+0xe8>)
1000530a:	b113      	cbz	r3, 10005312 <cdcd_xfer_cb+0x52>
1000530c:	2000      	movs	r0, #0
1000530e:	f3af 8000 	nop.w
10005312:	2000      	movs	r0, #0
10005314:	f7ff fe2e 	bl	10004f74 <tud_cdc_n_write_flush>
10005318:	2800      	cmp	r0, #0
1000531a:	d1f3      	bne.n	10005304 <cdcd_xfer_cb+0x44>
1000531c:	4823      	ldr	r0, [pc, #140]	@ (100053ac <cdcd_xfer_cb+0xec>)
1000531e:	f000 fb59 	bl	100059d4 <tu_fifo_count>
10005322:	2800      	cmp	r0, #0
10005324:	d1ee      	bne.n	10005304 <cdcd_xfer_cb+0x44>
10005326:	2d00      	cmp	r5, #0
10005328:	d0ec      	beq.n	10005304 <cdcd_xfer_cb+0x44>
1000532a:	f015 053f 	ands.w	r5, r5, #63	@ 0x3f
1000532e:	d1e9      	bne.n	10005304 <cdcd_xfer_cb+0x44>
10005330:	4638      	mov	r0, r7
10005332:	78b1      	ldrb	r1, [r6, #2]
10005334:	f7ff fc10 	bl	10004b58 <usbd_edpt_claim>
10005338:	2800      	cmp	r0, #0
1000533a:	d0e3      	beq.n	10005304 <cdcd_xfer_cb+0x44>
1000533c:	462b      	mov	r3, r5
1000533e:	462a      	mov	r2, r5
10005340:	4638      	mov	r0, r7
10005342:	78b1      	ldrb	r1, [r6, #2]
10005344:	f7ff fc2c 	bl	10004ba0 <usbd_edpt_xfer>
10005348:	e7dc      	b.n	10005304 <cdcd_xfer_cb+0x44>
1000534a:	be00      	bkpt	0x0000
1000534c:	e7ca      	b.n	100052e4 <cdcd_xfer_cb+0x24>
1000534e:	b29a      	uxth	r2, r3
10005350:	4917      	ldr	r1, [pc, #92]	@ (100053b0 <cdcd_xfer_cb+0xf0>)
10005352:	f106 0010 	add.w	r0, r6, #16
10005356:	f000 fc71 	bl	10005c3c <tu_fifo_write_n>
1000535a:	4b16      	ldr	r3, [pc, #88]	@ (100053b4 <cdcd_xfer_cb+0xf4>)
1000535c:	2b00      	cmp	r3, #0
1000535e:	d0c4      	beq.n	100052ea <cdcd_xfer_cb+0x2a>
10005360:	7973      	ldrb	r3, [r6, #5]
10005362:	2bff      	cmp	r3, #255	@ 0xff
10005364:	d0c1      	beq.n	100052ea <cdcd_xfer_cb+0x2a>
10005366:	2d00      	cmp	r5, #0
10005368:	d0bf      	beq.n	100052ea <cdcd_xfer_cb+0x2a>
1000536a:	f8df 8044 	ldr.w	r8, [pc, #68]	@ 100053b0 <cdcd_xfer_cb+0xf0>
1000536e:	eb08 0905 	add.w	r9, r8, r5
10005372:	e002      	b.n	1000537a <cdcd_xfer_cb+0xba>
10005374:	45c8      	cmp	r8, r9
10005376:	d0b8      	beq.n	100052ea <cdcd_xfer_cb+0x2a>
10005378:	7973      	ldrb	r3, [r6, #5]
1000537a:	f818 2b01 	ldrb.w	r2, [r8], #1
1000537e:	429a      	cmp	r2, r3
10005380:	d1f8      	bne.n	10005374 <cdcd_xfer_cb+0xb4>
10005382:	4808      	ldr	r0, [pc, #32]	@ (100053a4 <cdcd_xfer_cb+0xe4>)
10005384:	f000 fb36 	bl	100059f4 <tu_fifo_empty>
10005388:	2800      	cmp	r0, #0
1000538a:	d1f3      	bne.n	10005374 <cdcd_xfer_cb+0xb4>
1000538c:	7971      	ldrb	r1, [r6, #5]
1000538e:	f3af 8000 	nop.w
10005392:	e7ef      	b.n	10005374 <cdcd_xfer_cb+0xb4>
10005394:	f3af 8000 	nop.w
10005398:	e7ae      	b.n	100052f8 <cdcd_xfer_cb+0x38>
1000539a:	bf00      	nop
1000539c:	20001b50 	.word	0x20001b50
100053a0:	00000000 	.word	0x00000000
100053a4:	20001b60 	.word	0x20001b60
100053a8:	00000000 	.word	0x00000000
100053ac:	20001b74 	.word	0x20001b74
100053b0:	20001acc 	.word	0x20001acc
100053b4:	00000000 	.word	0x00000000

100053b8 <vendord_init>:
100053b8:	b5f0      	push	{r4, r5, r6, r7, lr}
100053ba:	f44f 7213 	mov.w	r2, #588	@ 0x24c
100053be:	b085      	sub	sp, #20
100053c0:	2100      	movs	r1, #0
100053c2:	4812      	ldr	r0, [pc, #72]	@ (1000540c <vendord_init+0x54>)
100053c4:	f002 ffa8 	bl	10008318 <memset>
100053c8:	2640      	movs	r6, #64	@ 0x40
100053ca:	2300      	movs	r3, #0
100053cc:	f44f 7580 	mov.w	r5, #256	@ 0x100
100053d0:	4f0e      	ldr	r7, [pc, #56]	@ (1000540c <vendord_init+0x54>)
100053d2:	4c0f      	ldr	r4, [pc, #60]	@ (10005410 <vendord_init+0x58>)
100053d4:	f507 72a6 	add.w	r2, r7, #332	@ 0x14c
100053d8:	4619      	mov	r1, r3
100053da:	e9cd 4602 	strd	r4, r6, [sp, #8]
100053de:	9200      	str	r2, [sp, #0]
100053e0:	9501      	str	r5, [sp, #4]
100053e2:	461a      	mov	r2, r3
100053e4:	f507 7094 	add.w	r0, r7, #296	@ 0x128
100053e8:	f000 f9c6 	bl	10005778 <tu_edpt_stream_init>
100053ec:	2300      	movs	r3, #0
100053ee:	4638      	mov	r0, r7
100053f0:	f107 0128 	add.w	r1, r7, #40	@ 0x28
100053f4:	4434      	add	r4, r6
100053f6:	9100      	str	r1, [sp, #0]
100053f8:	2201      	movs	r2, #1
100053fa:	4619      	mov	r1, r3
100053fc:	e9cd 4602 	strd	r4, r6, [sp, #8]
10005400:	9501      	str	r5, [sp, #4]
10005402:	3004      	adds	r0, #4
10005404:	f000 f9b8 	bl	10005778 <tu_edpt_stream_init>
10005408:	b005      	add	sp, #20
1000540a:	bdf0      	pop	{r4, r5, r6, r7, pc}
1000540c:	20001e34 	.word	0x20001e34
10005410:	20001db4 	.word	0x20001db4

10005414 <vendord_deinit>:
10005414:	b508      	push	{r3, lr}
10005416:	4805      	ldr	r0, [pc, #20]	@ (1000542c <vendord_deinit+0x18>)
10005418:	f000 f9da 	bl	100057d0 <tu_edpt_stream_deinit>
1000541c:	4b03      	ldr	r3, [pc, #12]	@ (1000542c <vendord_deinit+0x18>)
1000541e:	f5a3 7092 	sub.w	r0, r3, #292	@ 0x124
10005422:	f000 f9d5 	bl	100057d0 <tu_edpt_stream_deinit>
10005426:	2001      	movs	r0, #1
10005428:	bd08      	pop	{r3, pc}
1000542a:	bf00      	nop
1000542c:	20001f5c 	.word	0x20001f5c

10005430 <vendord_reset>:
10005430:	b538      	push	{r3, r4, r5, lr}
10005432:	2500      	movs	r5, #0
10005434:	4c06      	ldr	r4, [pc, #24]	@ (10005450 <vendord_reset+0x20>)
10005436:	f504 7098 	add.w	r0, r4, #304	@ 0x130
1000543a:	7025      	strb	r5, [r4, #0]
1000543c:	f000 fcac 	bl	10005d98 <tu_fifo_clear>
10005440:	f104 000c 	add.w	r0, r4, #12
10005444:	f000 fca8 	bl	10005d98 <tu_fifo_clear>
10005448:	f884 5129 	strb.w	r5, [r4, #297]	@ 0x129
1000544c:	7165      	strb	r5, [r4, #5]
1000544e:	bd38      	pop	{r3, r4, r5, pc}
10005450:	20001e34 	.word	0x20001e34

10005454 <vendord_open>:
10005454:	e92d 43f8 	stmdb	sp!, {r3, r4, r5, r6, r7, r8, r9, lr}
10005458:	794b      	ldrb	r3, [r1, #5]
1000545a:	2bff      	cmp	r3, #255	@ 0xff
1000545c:	d151      	bne.n	10005502 <vendord_open+0xae>
1000545e:	4e35      	ldr	r6, [pc, #212]	@ (10005534 <vendord_open+0xe0>)
10005460:	f896 3129 	ldrb.w	r3, [r6, #297]	@ 0x129
10005464:	2b00      	cmp	r3, #0
10005466:	d14c      	bne.n	10005502 <vendord_open+0xae>
10005468:	f896 8005 	ldrb.w	r8, [r6, #5]
1000546c:	f1b8 0f00 	cmp.w	r8, #0
10005470:	d147      	bne.n	10005502 <vendord_open+0xae>
10005472:	788b      	ldrb	r3, [r1, #2]
10005474:	780c      	ldrb	r4, [r1, #0]
10005476:	7033      	strb	r3, [r6, #0]
10005478:	790b      	ldrb	r3, [r1, #4]
1000547a:	460f      	mov	r7, r1
1000547c:	440c      	add	r4, r1
1000547e:	b3ab      	cbz	r3, 100054ec <vendord_open+0x98>
10005480:	4681      	mov	r9, r0
10005482:	18a5      	adds	r5, r4, r2
10005484:	e003      	b.n	1000548e <vendord_open+0x3a>
10005486:	42a5      	cmp	r5, r4
10005488:	d930      	bls.n	100054ec <vendord_open+0x98>
1000548a:	7823      	ldrb	r3, [r4, #0]
1000548c:	441c      	add	r4, r3
1000548e:	7863      	ldrb	r3, [r4, #1]
10005490:	2b05      	cmp	r3, #5
10005492:	d1f8      	bne.n	10005486 <vendord_open+0x32>
10005494:	42ac      	cmp	r4, r5
10005496:	d229      	bcs.n	100054ec <vendord_open+0x98>
10005498:	4621      	mov	r1, r4
1000549a:	4648      	mov	r0, r9
1000549c:	f7ff fb3a 	bl	10004b14 <usbd_edpt_open>
100054a0:	b340      	cbz	r0, 100054f4 <vendord_open+0xa0>
100054a2:	78a3      	ldrb	r3, [r4, #2]
100054a4:	09db      	lsrs	r3, r3, #7
100054a6:	d12f      	bne.n	10005508 <vendord_open+0xb4>
100054a8:	4823      	ldr	r0, [pc, #140]	@ (10005538 <vendord_open+0xe4>)
100054aa:	f000 fc75 	bl	10005d98 <tu_fifo_clear>
100054ae:	78a3      	ldrb	r3, [r4, #2]
100054b0:	f896 2128 	ldrb.w	r2, [r6, #296]	@ 0x128
100054b4:	f886 3129 	strb.w	r3, [r6, #297]	@ 0x129
100054b8:	88a3      	ldrh	r3, [r4, #4]
100054ba:	4648      	mov	r0, r9
100054bc:	f3c3 030a 	ubfx	r3, r3, #0, #11
100054c0:	f5a3 7300 	sub.w	r3, r3, #512	@ 0x200
100054c4:	fab3 f383 	clz	r3, r3
100054c8:	095b      	lsrs	r3, r3, #5
100054ca:	f363 0241 	bfi	r2, r3, #1, #1
100054ce:	491b      	ldr	r1, [pc, #108]	@ (1000553c <vendord_open+0xe8>)
100054d0:	f886 2128 	strb.w	r2, [r6, #296]	@ 0x128
100054d4:	f000 f9ea 	bl	100058ac <tu_edpt_stream_read_xfer>
100054d8:	b160      	cbz	r0, 100054f4 <vendord_open+0xa0>
100054da:	7823      	ldrb	r3, [r4, #0]
100054dc:	793a      	ldrb	r2, [r7, #4]
100054de:	f108 0801 	add.w	r8, r8, #1
100054e2:	441c      	add	r4, r3
100054e4:	fa5f f388 	uxtb.w	r3, r8
100054e8:	429a      	cmp	r2, r3
100054ea:	d8d0      	bhi.n	1000548e <vendord_open+0x3a>
100054ec:	1be1      	subs	r1, r4, r7
100054ee:	b288      	uxth	r0, r1
100054f0:	e8bd 83f8 	ldmia.w	sp!, {r3, r4, r5, r6, r7, r8, r9, pc}
100054f4:	f04f 23e0 	mov.w	r3, #3758153728	@ 0xe000e000
100054f8:	f8d3 3df0 	ldr.w	r3, [r3, #3568]	@ 0xdf0
100054fc:	07db      	lsls	r3, r3, #31
100054fe:	d500      	bpl.n	10005502 <vendord_open+0xae>
10005500:	be00      	bkpt	0x0000
10005502:	2000      	movs	r0, #0
10005504:	e8bd 83f8 	ldmia.w	sp!, {r3, r4, r5, r6, r7, r8, r9, pc}
10005508:	480d      	ldr	r0, [pc, #52]	@ (10005540 <vendord_open+0xec>)
1000550a:	f000 fc45 	bl	10005d98 <tu_fifo_clear>
1000550e:	78a3      	ldrb	r3, [r4, #2]
10005510:	7932      	ldrb	r2, [r6, #4]
10005512:	7173      	strb	r3, [r6, #5]
10005514:	88a3      	ldrh	r3, [r4, #4]
10005516:	490b      	ldr	r1, [pc, #44]	@ (10005544 <vendord_open+0xf0>)
10005518:	f3c3 030a 	ubfx	r3, r3, #0, #11
1000551c:	f5a3 7300 	sub.w	r3, r3, #512	@ 0x200
10005520:	fab3 f383 	clz	r3, r3
10005524:	095b      	lsrs	r3, r3, #5
10005526:	f363 0241 	bfi	r2, r3, #1, #1
1000552a:	2000      	movs	r0, #0
1000552c:	7132      	strb	r2, [r6, #4]
1000552e:	f000 f985 	bl	1000583c <tu_edpt_stream_write_xfer>
10005532:	e7d2      	b.n	100054da <vendord_open+0x86>
10005534:	20001e34 	.word	0x20001e34
10005538:	20001f64 	.word	0x20001f64
1000553c:	20001f5c 	.word	0x20001f5c
10005540:	20001e40 	.word	0x20001e40
10005544:	20001e38 	.word	0x20001e38

10005548 <vendord_xfer_cb>:
10005548:	b570      	push	{r4, r5, r6, lr}
1000554a:	4c1b      	ldr	r4, [pc, #108]	@ (100055b8 <vendord_xfer_cb+0x70>)
1000554c:	4606      	mov	r6, r0
1000554e:	f894 c129 	ldrb.w	ip, [r4, #297]	@ 0x129
10005552:	461d      	mov	r5, r3
10005554:	458c      	cmp	ip, r1
10005556:	d011      	beq.n	1000557c <vendord_xfer_cb+0x34>
10005558:	7963      	ldrb	r3, [r4, #5]
1000555a:	428b      	cmp	r3, r1
1000555c:	d001      	beq.n	10005562 <vendord_xfer_cb+0x1a>
1000555e:	2000      	movs	r0, #0
10005560:	bd70      	pop	{r4, r5, r6, pc}
10005562:	4b16      	ldr	r3, [pc, #88]	@ (100055bc <vendord_xfer_cb+0x74>)
10005564:	b11b      	cbz	r3, 1000556e <vendord_xfer_cb+0x26>
10005566:	2000      	movs	r0, #0
10005568:	b2a9      	uxth	r1, r5
1000556a:	f3af 8000 	nop.w
1000556e:	4630      	mov	r0, r6
10005570:	4913      	ldr	r1, [pc, #76]	@ (100055c0 <vendord_xfer_cb+0x78>)
10005572:	f000 f963 	bl	1000583c <tu_edpt_stream_write_xfer>
10005576:	b1c8      	cbz	r0, 100055ac <vendord_xfer_cb+0x64>
10005578:	2001      	movs	r0, #1
1000557a:	bd70      	pop	{r4, r5, r6, pc}
1000557c:	f8b4 3134 	ldrh.w	r3, [r4, #308]	@ 0x134
10005580:	b963      	cbnz	r3, 1000559c <vendord_xfer_cb+0x54>
10005582:	4b10      	ldr	r3, [pc, #64]	@ (100055c4 <vendord_xfer_cb+0x7c>)
10005584:	b123      	cbz	r3, 10005590 <vendord_xfer_cb+0x48>
10005586:	2000      	movs	r0, #0
10005588:	490f      	ldr	r1, [pc, #60]	@ (100055c8 <vendord_xfer_cb+0x80>)
1000558a:	b2aa      	uxth	r2, r5
1000558c:	f3af 8000 	nop.w
10005590:	4630      	mov	r0, r6
10005592:	490e      	ldr	r1, [pc, #56]	@ (100055cc <vendord_xfer_cb+0x84>)
10005594:	f000 f98a 	bl	100058ac <tu_edpt_stream_read_xfer>
10005598:	2001      	movs	r0, #1
1000559a:	e7ee      	b.n	1000557a <vendord_xfer_cb+0x32>
1000559c:	f8d4 112c 	ldr.w	r1, [r4, #300]	@ 0x12c
100055a0:	b2aa      	uxth	r2, r5
100055a2:	f504 7098 	add.w	r0, r4, #304	@ 0x130
100055a6:	f000 fb49 	bl	10005c3c <tu_fifo_write_n>
100055aa:	e7ea      	b.n	10005582 <vendord_xfer_cb+0x3a>
100055ac:	462a      	mov	r2, r5
100055ae:	4630      	mov	r0, r6
100055b0:	4903      	ldr	r1, [pc, #12]	@ (100055c0 <vendord_xfer_cb+0x78>)
100055b2:	f000 f90f 	bl	100057d4 <tu_edpt_stream_write_zlp_if_needed>
100055b6:	e7df      	b.n	10005578 <vendord_xfer_cb+0x30>
100055b8:	20001e34 	.word	0x20001e34
100055bc:	00000000 	.word	0x00000000
100055c0:	20001e38 	.word	0x20001e38
100055c4:	00000000 	.word	0x00000000
100055c8:	20001db4 	.word	0x20001db4
100055cc:	20001f5c 	.word	0x20001f5c

100055d0 <tusb_rhport_init>:
100055d0:	b510      	push	{r4, lr}
100055d2:	b082      	sub	sp, #8
100055d4:	b1c9      	cbz	r1, 1000560a <tusb_rhport_init+0x3a>
100055d6:	2801      	cmp	r0, #1
100055d8:	d80c      	bhi.n	100055f4 <tusb_rhport_init+0x24>
100055da:	780b      	ldrb	r3, [r1, #0]
100055dc:	b153      	cbz	r3, 100055f4 <tusb_rhport_init+0x24>
100055de:	4c14      	ldr	r4, [pc, #80]	@ (10005630 <tusb_rhport_init+0x60>)
100055e0:	2b01      	cmp	r3, #1
100055e2:	5423      	strb	r3, [r4, r0]
100055e4:	d002      	beq.n	100055ec <tusb_rhport_init+0x1c>
100055e6:	2001      	movs	r0, #1
100055e8:	b002      	add	sp, #8
100055ea:	bd10      	pop	{r4, pc}
100055ec:	f7fe fe08 	bl	10004200 <tud_rhport_init>
100055f0:	2800      	cmp	r0, #0
100055f2:	d1f8      	bne.n	100055e6 <tusb_rhport_init+0x16>
100055f4:	f04f 23e0 	mov.w	r3, #3758153728	@ 0xe000e000
100055f8:	f8d3 3df0 	ldr.w	r3, [r3, #3568]	@ 0xdf0
100055fc:	07db      	lsls	r3, r3, #31
100055fe:	d402      	bmi.n	10005606 <tusb_rhport_init+0x36>
10005600:	2000      	movs	r0, #0
10005602:	b002      	add	sp, #8
10005604:	bd10      	pop	{r4, pc}
10005606:	be00      	bkpt	0x0000
10005608:	e7fa      	b.n	10005600 <tusb_rhport_init+0x30>
1000560a:	2401      	movs	r4, #1
1000560c:	4608      	mov	r0, r1
1000560e:	a901      	add	r1, sp, #4
10005610:	f8ad 4004 	strh.w	r4, [sp, #4]
10005614:	f7fe fdf4 	bl	10004200 <tud_rhport_init>
10005618:	b938      	cbnz	r0, 1000562a <tusb_rhport_init+0x5a>
1000561a:	f04f 23e0 	mov.w	r3, #3758153728	@ 0xe000e000
1000561e:	f8d3 3df0 	ldr.w	r3, [r3, #3568]	@ 0xdf0
10005622:	07da      	lsls	r2, r3, #31
10005624:	d5ed      	bpl.n	10005602 <tusb_rhport_init+0x32>
10005626:	be00      	bkpt	0x0000
10005628:	e7eb      	b.n	10005602 <tusb_rhport_init+0x32>
1000562a:	4b01      	ldr	r3, [pc, #4]	@ (10005630 <tusb_rhport_init+0x60>)
1000562c:	701c      	strb	r4, [r3, #0]
1000562e:	e7e8      	b.n	10005602 <tusb_rhport_init+0x32>
10005630:	20001c8c 	.word	0x20001c8c

10005634 <tu_edpt_claim>:
10005634:	b5f8      	push	{r3, r4, r5, r6, r7, lr}
10005636:	7803      	ldrb	r3, [r0, #0]
10005638:	f013 0401 	ands.w	r4, r3, #1
1000563c:	d11a      	bne.n	10005674 <tu_edpt_claim+0x40>
1000563e:	7803      	ldrb	r3, [r0, #0]
10005640:	4605      	mov	r5, r0
10005642:	075a      	lsls	r2, r3, #29
10005644:	f3c3 0780 	ubfx	r7, r3, #2, #1
10005648:	d501      	bpl.n	1000564e <tu_edpt_claim+0x1a>
1000564a:	4620      	mov	r0, r4
1000564c:	bdf8      	pop	{r3, r4, r5, r6, r7, pc}
1000564e:	460e      	mov	r6, r1
10005650:	f04f 31ff 	mov.w	r1, #4294967295
10005654:	4630      	mov	r0, r6
10005656:	f003 f8cf 	bl	100087f8 <__mutex_enter_timeout_ms_veneer>
1000565a:	782b      	ldrb	r3, [r5, #0]
1000565c:	f013 0401 	ands.w	r4, r3, #1
10005660:	d10b      	bne.n	1000567a <tu_edpt_claim+0x46>
10005662:	782b      	ldrb	r3, [r5, #0]
10005664:	075b      	lsls	r3, r3, #29
10005666:	d409      	bmi.n	1000567c <tu_edpt_claim+0x48>
10005668:	782b      	ldrb	r3, [r5, #0]
1000566a:	2401      	movs	r4, #1
1000566c:	f043 0304 	orr.w	r3, r3, #4
10005670:	702b      	strb	r3, [r5, #0]
10005672:	e003      	b.n	1000567c <tu_edpt_claim+0x48>
10005674:	2400      	movs	r4, #0
10005676:	4620      	mov	r0, r4
10005678:	bdf8      	pop	{r3, r4, r5, r6, r7, pc}
1000567a:	463c      	mov	r4, r7
1000567c:	4630      	mov	r0, r6
1000567e:	f003 f8cf 	bl	10008820 <__mutex_exit_veneer>
10005682:	4620      	mov	r0, r4
10005684:	bdf8      	pop	{r3, r4, r5, r6, r7, pc}
10005686:	bf00      	nop

10005688 <tu_edpt_release>:
10005688:	b570      	push	{r4, r5, r6, lr}
1000568a:	460c      	mov	r4, r1
1000568c:	4605      	mov	r5, r0
1000568e:	f04f 31ff 	mov.w	r1, #4294967295
10005692:	4620      	mov	r0, r4
10005694:	f003 f8b0 	bl	100087f8 <__mutex_enter_timeout_ms_veneer>
10005698:	782b      	ldrb	r3, [r5, #0]
1000569a:	f3c3 0680 	ubfx	r6, r3, #2, #1
1000569e:	075b      	lsls	r3, r3, #29
100056a0:	d508      	bpl.n	100056b4 <tu_edpt_release+0x2c>
100056a2:	782b      	ldrb	r3, [r5, #0]
100056a4:	f013 0301 	ands.w	r3, r3, #1
100056a8:	bf11      	iteee	ne
100056aa:	2600      	movne	r6, #0
100056ac:	782a      	ldrbeq	r2, [r5, #0]
100056ae:	f363 0282 	bfieq	r2, r3, #2, #1
100056b2:	702a      	strbeq	r2, [r5, #0]
100056b4:	4620      	mov	r0, r4
100056b6:	f003 f8b3 	bl	10008820 <__mutex_exit_veneer>
100056ba:	4630      	mov	r0, r6
100056bc:	bd70      	pop	{r4, r5, r6, pc}
100056be:	bf00      	nop

100056c0 <tu_edpt_validate>:
100056c0:	78c3      	ldrb	r3, [r0, #3]
100056c2:	8882      	ldrh	r2, [r0, #4]
100056c4:	f003 0003 	and.w	r0, r3, #3
100056c8:	2802      	cmp	r0, #2
100056ca:	f3c2 020a 	ubfx	r2, r2, #0, #11
100056ce:	d015      	beq.n	100056fc <tu_edpt_validate+0x3c>
100056d0:	2803      	cmp	r0, #3
100056d2:	d00a      	beq.n	100056ea <tu_edpt_validate+0x2a>
100056d4:	2801      	cmp	r0, #1
100056d6:	d11c      	bne.n	10005712 <tu_edpt_validate+0x52>
100056d8:	2902      	cmp	r1, #2
100056da:	f240 33ff 	movw	r3, #1023	@ 0x3ff
100056de:	bf08      	it	eq
100056e0:	f44f 6380 	moveq.w	r3, #1024	@ 0x400
100056e4:	4293      	cmp	r3, r2
100056e6:	d30d      	bcc.n	10005704 <tu_edpt_validate+0x44>
100056e8:	4770      	bx	lr
100056ea:	2902      	cmp	r1, #2
100056ec:	bf14      	ite	ne
100056ee:	2340      	movne	r3, #64	@ 0x40
100056f0:	f44f 6380 	moveq.w	r3, #1024	@ 0x400
100056f4:	4293      	cmp	r3, r2
100056f6:	d305      	bcc.n	10005704 <tu_edpt_validate+0x44>
100056f8:	2001      	movs	r0, #1
100056fa:	4770      	bx	lr
100056fc:	2902      	cmp	r1, #2
100056fe:	d00a      	beq.n	10005716 <tu_edpt_validate+0x56>
10005700:	2a40      	cmp	r2, #64	@ 0x40
10005702:	d9f9      	bls.n	100056f8 <tu_edpt_validate+0x38>
10005704:	f04f 23e0 	mov.w	r3, #3758153728	@ 0xe000e000
10005708:	f8d3 3df0 	ldr.w	r3, [r3, #3568]	@ 0xdf0
1000570c:	07db      	lsls	r3, r3, #31
1000570e:	d500      	bpl.n	10005712 <tu_edpt_validate+0x52>
10005710:	be00      	bkpt	0x0000
10005712:	2000      	movs	r0, #0
10005714:	4770      	bx	lr
10005716:	f5b2 7f00 	cmp.w	r2, #512	@ 0x200
1000571a:	d0ed      	beq.n	100056f8 <tu_edpt_validate+0x38>
1000571c:	e7f2      	b.n	10005704 <tu_edpt_validate+0x44>
1000571e:	bf00      	nop

10005720 <tu_edpt_bind_driver>:
10005720:	440a      	add	r2, r1
10005722:	4291      	cmp	r1, r2
10005724:	d226      	bcs.n	10005774 <tu_edpt_bind_driver+0x54>
10005726:	f891 c001 	ldrb.w	ip, [r1, #1]
1000572a:	f1bc 0f05 	cmp.w	ip, #5
1000572e:	d005      	beq.n	1000573c <tu_edpt_bind_driver+0x1c>
10005730:	f891 c000 	ldrb.w	ip, [r1]
10005734:	4461      	add	r1, ip
10005736:	428a      	cmp	r2, r1
10005738:	d8f5      	bhi.n	10005726 <tu_edpt_bind_driver+0x6>
1000573a:	4770      	bx	lr
1000573c:	b500      	push	{lr}
1000573e:	f891 c002 	ldrb.w	ip, [r1, #2]
10005742:	f00c 0e7f 	and.w	lr, ip, #127	@ 0x7f
10005746:	eb00 0e4e 	add.w	lr, r0, lr, lsl #1
1000574a:	ea4f 1cdc 	mov.w	ip, ip, lsr #7
1000574e:	f80e 300c 	strb.w	r3, [lr, ip]
10005752:	f891 c000 	ldrb.w	ip, [r1]
10005756:	4461      	add	r1, ip
10005758:	428a      	cmp	r2, r1
1000575a:	d909      	bls.n	10005770 <tu_edpt_bind_driver+0x50>
1000575c:	f891 c001 	ldrb.w	ip, [r1, #1]
10005760:	f1bc 0f05 	cmp.w	ip, #5
10005764:	d0eb      	beq.n	1000573e <tu_edpt_bind_driver+0x1e>
10005766:	f891 c000 	ldrb.w	ip, [r1]
1000576a:	4461      	add	r1, ip
1000576c:	428a      	cmp	r2, r1
1000576e:	d8f5      	bhi.n	1000575c <tu_edpt_bind_driver+0x3c>
10005770:	f85d fb04 	ldr.w	pc, [sp], #4
10005774:	4770      	bx	lr
10005776:	bf00      	nop

10005778 <tu_edpt_stream_init>:
10005778:	e92d 41f0 	stmdb	sp!, {r4, r5, r6, r7, r8, lr}
1000577c:	468e      	mov	lr, r1
1000577e:	b082      	sub	sp, #8
10005780:	9300      	str	r3, [sp, #0]
10005782:	f890 c000 	ldrb.w	ip, [r0]
10005786:	9e08      	ldr	r6, [sp, #32]
10005788:	f8bd 7024 	ldrh.w	r7, [sp, #36]	@ 0x24
1000578c:	f36e 0c00 	bfi	ip, lr, #0, #1
10005790:	4604      	mov	r4, r0
10005792:	4615      	mov	r5, r2
10005794:	2301      	movs	r3, #1
10005796:	4631      	mov	r1, r6
10005798:	463a      	mov	r2, r7
1000579a:	f800 cb08 	strb.w	ip, [r0], #8
1000579e:	f8bd 802c 	ldrh.w	r8, [sp, #44]	@ 0x2c
100057a2:	f000 f8e7 	bl	10005974 <tu_fifo_config>
100057a6:	b106      	cbz	r6, 100057aa <tu_edpt_stream_init+0x32>
100057a8:	b93f      	cbnz	r7, 100057ba <tu_edpt_stream_init+0x42>
100057aa:	2001      	movs	r0, #1
100057ac:	9b0a      	ldr	r3, [sp, #40]	@ 0x28
100057ae:	f8a4 8002 	strh.w	r8, [r4, #2]
100057b2:	6063      	str	r3, [r4, #4]
100057b4:	b002      	add	sp, #8
100057b6:	e8bd 81f0 	ldmia.w	sp!, {r4, r5, r6, r7, r8, pc}
100057ba:	f104 061c 	add.w	r6, r4, #28
100057be:	4630      	mov	r0, r6
100057c0:	f7fb f9e0 	bl	10000b84 <mutex_init>
100057c4:	b10d      	cbz	r5, 100057ca <tu_edpt_stream_init+0x52>
100057c6:	4635      	mov	r5, r6
100057c8:	2600      	movs	r6, #0
100057ca:	e9c4 5605 	strd	r5, r6, [r4, #20]
100057ce:	e7ec      	b.n	100057aa <tu_edpt_stream_init+0x32>

100057d0 <tu_edpt_stream_deinit>:
100057d0:	2001      	movs	r0, #1
100057d2:	4770      	bx	lr

100057d4 <tu_edpt_stream_write_zlp_if_needed>:
100057d4:	b5f8      	push	{r3, r4, r5, r6, r7, lr}
100057d6:	4607      	mov	r7, r0
100057d8:	4608      	mov	r0, r1
100057da:	f240 13ff 	movw	r3, #511	@ 0x1ff
100057de:	4615      	mov	r5, r2
100057e0:	f810 2b08 	ldrb.w	r2, [r0], #8
100057e4:	460c      	mov	r4, r1
100057e6:	f012 0f02 	tst.w	r2, #2
100057ea:	bf0c      	ite	eq
100057ec:	263f      	moveq	r6, #63	@ 0x3f
100057ee:	461e      	movne	r6, r3
100057f0:	f000 f8f0 	bl	100059d4 <tu_fifo_count>
100057f4:	b928      	cbnz	r0, 10005802 <tu_edpt_stream_write_zlp_if_needed+0x2e>
100057f6:	b125      	cbz	r5, 10005802 <tu_edpt_stream_write_zlp_if_needed+0x2e>
100057f8:	422e      	tst	r6, r5
100057fa:	d102      	bne.n	10005802 <tu_edpt_stream_write_zlp_if_needed+0x2e>
100057fc:	7823      	ldrb	r3, [r4, #0]
100057fe:	07da      	lsls	r2, r3, #31
10005800:	d501      	bpl.n	10005806 <tu_edpt_stream_write_zlp_if_needed+0x32>
10005802:	2000      	movs	r0, #0
10005804:	bdf8      	pop	{r3, r4, r5, r6, r7, pc}
10005806:	4638      	mov	r0, r7
10005808:	7861      	ldrb	r1, [r4, #1]
1000580a:	f7ff f9a5 	bl	10004b58 <usbd_edpt_claim>
1000580e:	2800      	cmp	r0, #0
10005810:	d0f7      	beq.n	10005802 <tu_edpt_stream_write_zlp_if_needed+0x2e>
10005812:	7823      	ldrb	r3, [r4, #0]
10005814:	f013 0301 	ands.w	r3, r3, #1
10005818:	d007      	beq.n	1000582a <tu_edpt_stream_write_zlp_if_needed+0x56>
1000581a:	f04f 23e0 	mov.w	r3, #3758153728	@ 0xe000e000
1000581e:	f8d3 3df0 	ldr.w	r3, [r3, #3568]	@ 0xdf0
10005822:	07db      	lsls	r3, r3, #31
10005824:	d5ed      	bpl.n	10005802 <tu_edpt_stream_write_zlp_if_needed+0x2e>
10005826:	be00      	bkpt	0x0000
10005828:	e7eb      	b.n	10005802 <tu_edpt_stream_write_zlp_if_needed+0x2e>
1000582a:	461a      	mov	r2, r3
1000582c:	4638      	mov	r0, r7
1000582e:	7861      	ldrb	r1, [r4, #1]
10005830:	f7ff f9b6 	bl	10004ba0 <usbd_edpt_xfer>
10005834:	2800      	cmp	r0, #0
10005836:	d0f0      	beq.n	1000581a <tu_edpt_stream_write_zlp_if_needed+0x46>
10005838:	bdf8      	pop	{r3, r4, r5, r6, r7, pc}
1000583a:	bf00      	nop

1000583c <tu_edpt_stream_write_xfer>:
1000583c:	b570      	push	{r4, r5, r6, lr}
1000583e:	f101 0508 	add.w	r5, r1, #8
10005842:	4606      	mov	r6, r0
10005844:	4628      	mov	r0, r5
10005846:	460c      	mov	r4, r1
10005848:	f000 f8c4 	bl	100059d4 <tu_fifo_count>
1000584c:	b110      	cbz	r0, 10005854 <tu_edpt_stream_write_xfer+0x18>
1000584e:	7823      	ldrb	r3, [r4, #0]
10005850:	07da      	lsls	r2, r3, #31
10005852:	d501      	bpl.n	10005858 <tu_edpt_stream_write_xfer+0x1c>
10005854:	2000      	movs	r0, #0
10005856:	bd70      	pop	{r4, r5, r6, pc}
10005858:	4630      	mov	r0, r6
1000585a:	7861      	ldrb	r1, [r4, #1]
1000585c:	f7ff f97c 	bl	10004b58 <usbd_edpt_claim>
10005860:	2800      	cmp	r0, #0
10005862:	d0f7      	beq.n	10005854 <tu_edpt_stream_write_xfer+0x18>
10005864:	4628      	mov	r0, r5
10005866:	8862      	ldrh	r2, [r4, #2]
10005868:	6861      	ldr	r1, [r4, #4]
1000586a:	f000 f929 	bl	10005ac0 <tu_fifo_read_n>
1000586e:	7823      	ldrb	r3, [r4, #0]
10005870:	4605      	mov	r5, r0
10005872:	f003 0301 	and.w	r3, r3, #1
10005876:	b140      	cbz	r0, 1000588a <tu_edpt_stream_write_xfer+0x4e>
10005878:	b173      	cbz	r3, 10005898 <tu_edpt_stream_write_xfer+0x5c>
1000587a:	f04f 23e0 	mov.w	r3, #3758153728	@ 0xe000e000
1000587e:	f8d3 3df0 	ldr.w	r3, [r3, #3568]	@ 0xdf0
10005882:	07db      	lsls	r3, r3, #31
10005884:	d5e6      	bpl.n	10005854 <tu_edpt_stream_write_xfer+0x18>
10005886:	be00      	bkpt	0x0000
10005888:	e7e4      	b.n	10005854 <tu_edpt_stream_write_xfer+0x18>
1000588a:	2b00      	cmp	r3, #0
1000588c:	d1e2      	bne.n	10005854 <tu_edpt_stream_write_xfer+0x18>
1000588e:	4630      	mov	r0, r6
10005890:	7861      	ldrb	r1, [r4, #1]
10005892:	f7ff f973 	bl	10004b7c <usbd_edpt_release>
10005896:	e7dd      	b.n	10005854 <tu_edpt_stream_write_xfer+0x18>
10005898:	4603      	mov	r3, r0
1000589a:	6862      	ldr	r2, [r4, #4]
1000589c:	4630      	mov	r0, r6
1000589e:	7861      	ldrb	r1, [r4, #1]
100058a0:	f7ff f97e 	bl	10004ba0 <usbd_edpt_xfer>
100058a4:	2800      	cmp	r0, #0
100058a6:	d0e8      	beq.n	1000587a <tu_edpt_stream_write_xfer+0x3e>
100058a8:	4628      	mov	r0, r5
100058aa:	bd70      	pop	{r4, r5, r6, pc}

100058ac <tu_edpt_stream_read_xfer>:
100058ac:	898a      	ldrh	r2, [r1, #12]
100058ae:	e92d 41f0 	stmdb	sp!, {r4, r5, r6, r7, r8, lr}
100058b2:	780b      	ldrb	r3, [r1, #0]
100058b4:	460c      	mov	r4, r1
100058b6:	4606      	mov	r6, r0
100058b8:	b922      	cbnz	r2, 100058c4 <tu_edpt_stream_read_xfer+0x18>
100058ba:	07dd      	lsls	r5, r3, #31
100058bc:	d534      	bpl.n	10005928 <tu_edpt_stream_read_xfer+0x7c>
100058be:	2000      	movs	r0, #0
100058c0:	e8bd 81f0 	ldmia.w	sp!, {r4, r5, r6, r7, r8, pc}
100058c4:	f104 0708 	add.w	r7, r4, #8
100058c8:	0799      	lsls	r1, r3, #30
100058ca:	4638      	mov	r0, r7
100058cc:	bf47      	ittee	mi
100058ce:	f44f 487e 	movmi.w	r8, #65024	@ 0xfe00
100058d2:	f44f 7500 	movmi.w	r5, #512	@ 0x200
100058d6:	f64f 78c0 	movwpl	r8, #65472	@ 0xffc0
100058da:	2540      	movpl	r5, #64	@ 0x40
100058dc:	f000 f894 	bl	10005a08 <tu_fifo_remaining>
100058e0:	4285      	cmp	r5, r0
100058e2:	d8ec      	bhi.n	100058be <tu_edpt_stream_read_xfer+0x12>
100058e4:	7823      	ldrb	r3, [r4, #0]
100058e6:	07da      	lsls	r2, r3, #31
100058e8:	d4e9      	bmi.n	100058be <tu_edpt_stream_read_xfer+0x12>
100058ea:	4630      	mov	r0, r6
100058ec:	7861      	ldrb	r1, [r4, #1]
100058ee:	f7ff f933 	bl	10004b58 <usbd_edpt_claim>
100058f2:	2800      	cmp	r0, #0
100058f4:	d0e3      	beq.n	100058be <tu_edpt_stream_read_xfer+0x12>
100058f6:	4638      	mov	r0, r7
100058f8:	f000 f886 	bl	10005a08 <tu_fifo_remaining>
100058fc:	7823      	ldrb	r3, [r4, #0]
100058fe:	4285      	cmp	r5, r0
10005900:	f003 0301 	and.w	r3, r3, #1
10005904:	d82d      	bhi.n	10005962 <tu_edpt_stream_read_xfer+0xb6>
10005906:	b9bb      	cbnz	r3, 10005938 <tu_edpt_stream_read_xfer+0x8c>
10005908:	8865      	ldrh	r5, [r4, #2]
1000590a:	ea08 0800 	and.w	r8, r8, r0
1000590e:	4545      	cmp	r5, r8
10005910:	bf28      	it	cs
10005912:	4645      	movcs	r5, r8
10005914:	7861      	ldrb	r1, [r4, #1]
10005916:	b35d      	cbz	r5, 10005970 <tu_edpt_stream_read_xfer+0xc4>
10005918:	6862      	ldr	r2, [r4, #4]
1000591a:	462b      	mov	r3, r5
1000591c:	4630      	mov	r0, r6
1000591e:	f7ff f93f 	bl	10004ba0 <usbd_edpt_xfer>
10005922:	b148      	cbz	r0, 10005938 <tu_edpt_stream_read_xfer+0x8c>
10005924:	4628      	mov	r0, r5
10005926:	e7cb      	b.n	100058c0 <tu_edpt_stream_read_xfer+0x14>
10005928:	7849      	ldrb	r1, [r1, #1]
1000592a:	f7ff f915 	bl	10004b58 <usbd_edpt_claim>
1000592e:	2800      	cmp	r0, #0
10005930:	d0c5      	beq.n	100058be <tu_edpt_stream_read_xfer+0x12>
10005932:	7823      	ldrb	r3, [r4, #0]
10005934:	07d8      	lsls	r0, r3, #31
10005936:	d507      	bpl.n	10005948 <tu_edpt_stream_read_xfer+0x9c>
10005938:	f04f 23e0 	mov.w	r3, #3758153728	@ 0xe000e000
1000593c:	f8d3 3df0 	ldr.w	r3, [r3, #3568]	@ 0xdf0
10005940:	07db      	lsls	r3, r3, #31
10005942:	d5bc      	bpl.n	100058be <tu_edpt_stream_read_xfer+0x12>
10005944:	be00      	bkpt	0x0000
10005946:	e7ba      	b.n	100058be <tu_edpt_stream_read_xfer+0x12>
10005948:	8863      	ldrh	r3, [r4, #2]
1000594a:	7861      	ldrb	r1, [r4, #1]
1000594c:	b13b      	cbz	r3, 1000595e <tu_edpt_stream_read_xfer+0xb2>
1000594e:	6862      	ldr	r2, [r4, #4]
10005950:	4630      	mov	r0, r6
10005952:	f7ff f925 	bl	10004ba0 <usbd_edpt_xfer>
10005956:	2800      	cmp	r0, #0
10005958:	d0ee      	beq.n	10005938 <tu_edpt_stream_read_xfer+0x8c>
1000595a:	8860      	ldrh	r0, [r4, #2]
1000595c:	e7b0      	b.n	100058c0 <tu_edpt_stream_read_xfer+0x14>
1000595e:	461a      	mov	r2, r3
10005960:	e7f6      	b.n	10005950 <tu_edpt_stream_read_xfer+0xa4>
10005962:	2b00      	cmp	r3, #0
10005964:	d1ab      	bne.n	100058be <tu_edpt_stream_read_xfer+0x12>
10005966:	4630      	mov	r0, r6
10005968:	7861      	ldrb	r1, [r4, #1]
1000596a:	f7ff f907 	bl	10004b7c <usbd_edpt_release>
1000596e:	e7a6      	b.n	100058be <tu_edpt_stream_read_xfer+0x12>
10005970:	462a      	mov	r2, r5
10005972:	e7d2      	b.n	1000591a <tu_edpt_stream_read_xfer+0x6e>

10005974 <tu_fifo_config>:
10005974:	e92d 41f0 	stmdb	sp!, {r4, r5, r6, r7, r8, lr}
10005978:	f5b2 4f00 	cmp.w	r2, #32768	@ 0x8000
1000597c:	f89d 8018 	ldrb.w	r8, [sp, #24]
10005980:	d824      	bhi.n	100059cc <tu_fifo_config+0x58>
10005982:	4604      	mov	r4, r0
10005984:	68c0      	ldr	r0, [r0, #12]
10005986:	4617      	mov	r7, r2
10005988:	460e      	mov	r6, r1
1000598a:	461d      	mov	r5, r3
1000598c:	b118      	cbz	r0, 10005996 <tu_fifo_config+0x22>
1000598e:	f04f 31ff 	mov.w	r1, #4294967295
10005992:	f002 ff31 	bl	100087f8 <__mutex_enter_timeout_ms_veneer>
10005996:	6920      	ldr	r0, [r4, #16]
10005998:	b118      	cbz	r0, 100059a2 <tu_fifo_config+0x2e>
1000599a:	f04f 31ff 	mov.w	r1, #4294967295
1000599e:	f002 ff2b 	bl	100087f8 <__mutex_enter_timeout_ms_veneer>
100059a2:	2200      	movs	r2, #0
100059a4:	f3c5 030e 	ubfx	r3, r5, #0, #15
100059a8:	68e0      	ldr	r0, [r4, #12]
100059aa:	ea43 33c8 	orr.w	r3, r3, r8, lsl #15
100059ae:	8162      	strh	r2, [r4, #10]
100059b0:	6026      	str	r6, [r4, #0]
100059b2:	80a7      	strh	r7, [r4, #4]
100059b4:	80e3      	strh	r3, [r4, #6]
100059b6:	8122      	strh	r2, [r4, #8]
100059b8:	b108      	cbz	r0, 100059be <tu_fifo_config+0x4a>
100059ba:	f002 ff31 	bl	10008820 <__mutex_exit_veneer>
100059be:	6920      	ldr	r0, [r4, #16]
100059c0:	b108      	cbz	r0, 100059c6 <tu_fifo_config+0x52>
100059c2:	f002 ff2d 	bl	10008820 <__mutex_exit_veneer>
100059c6:	2001      	movs	r0, #1
100059c8:	e8bd 81f0 	ldmia.w	sp!, {r4, r5, r6, r7, r8, pc}
100059cc:	2000      	movs	r0, #0
100059ce:	e8bd 81f0 	ldmia.w	sp!, {r4, r5, r6, r7, r8, pc}
100059d2:	bf00      	nop

100059d4 <tu_fifo_count>:
100059d4:	8903      	ldrh	r3, [r0, #8]
100059d6:	8942      	ldrh	r2, [r0, #10]
100059d8:	b29b      	uxth	r3, r3
100059da:	b292      	uxth	r2, r2
100059dc:	8880      	ldrh	r0, [r0, #4]
100059de:	4293      	cmp	r3, r2
100059e0:	bf36      	itet	cc
100059e2:	ebc2 0240 	rsbcc	r2, r2, r0, lsl #1
100059e6:	1a9b      	subcs	r3, r3, r2
100059e8:	189b      	addcc	r3, r3, r2
100059ea:	b29b      	uxth	r3, r3
100059ec:	4298      	cmp	r0, r3
100059ee:	bf28      	it	cs
100059f0:	4618      	movcs	r0, r3
100059f2:	4770      	bx	lr

100059f4 <tu_fifo_empty>:
100059f4:	8902      	ldrh	r2, [r0, #8]
100059f6:	8943      	ldrh	r3, [r0, #10]
100059f8:	b290      	uxth	r0, r2
100059fa:	b29b      	uxth	r3, r3
100059fc:	1ac0      	subs	r0, r0, r3
100059fe:	fab0 f080 	clz	r0, r0
10005a02:	0940      	lsrs	r0, r0, #5
10005a04:	4770      	bx	lr
10005a06:	bf00      	nop

10005a08 <tu_fifo_remaining>:
10005a08:	8903      	ldrh	r3, [r0, #8]
10005a0a:	8942      	ldrh	r2, [r0, #10]
10005a0c:	b29b      	uxth	r3, r3
10005a0e:	8880      	ldrh	r0, [r0, #4]
10005a10:	b292      	uxth	r2, r2
10005a12:	4293      	cmp	r3, r2
10005a14:	bf36      	itet	cc
10005a16:	ebc2 0240 	rsbcc	r2, r2, r0, lsl #1
10005a1a:	1a9b      	subcs	r3, r3, r2
10005a1c:	189b      	addcc	r3, r3, r2
10005a1e:	b29b      	uxth	r3, r3
10005a20:	4298      	cmp	r0, r3
10005a22:	bf86      	itte	hi
10005a24:	1ac0      	subhi	r0, r0, r3
10005a26:	b280      	uxthhi	r0, r0
10005a28:	2000      	movls	r0, #0
10005a2a:	4770      	bx	lr

10005a2c <tu_fifo_read>:
10005a2c:	b538      	push	{r3, r4, r5, lr}
10005a2e:	4604      	mov	r4, r0
10005a30:	6900      	ldr	r0, [r0, #16]
10005a32:	460d      	mov	r5, r1
10005a34:	b118      	cbz	r0, 10005a3e <tu_fifo_read+0x12>
10005a36:	f04f 31ff 	mov.w	r1, #4294967295
10005a3a:	f002 fedd 	bl	100087f8 <__mutex_enter_timeout_ms_veneer>
10005a3e:	8921      	ldrh	r1, [r4, #8]
10005a40:	8963      	ldrh	r3, [r4, #10]
10005a42:	b289      	uxth	r1, r1
10005a44:	b29b      	uxth	r3, r3
10005a46:	88a2      	ldrh	r2, [r4, #4]
10005a48:	4299      	cmp	r1, r3
10005a4a:	bf36      	itet	cc
10005a4c:	ebc3 0042 	rsbcc	r0, r3, r2, lsl #1
10005a50:	1ac8      	subcs	r0, r1, r3
10005a52:	1840      	addcc	r0, r0, r1
10005a54:	b280      	uxth	r0, r0
10005a56:	b350      	cbz	r0, 10005aae <tu_fifo_read+0x82>
10005a58:	4282      	cmp	r2, r0
10005a5a:	d209      	bcs.n	10005a70 <tu_fifo_read+0x44>
10005a5c:	4291      	cmp	r1, r2
10005a5e:	bf2c      	ite	cs
10005a60:	1a89      	subcs	r1, r1, r2
10005a62:	1889      	addcc	r1, r1, r2
10005a64:	b28b      	uxth	r3, r1
10005a66:	429a      	cmp	r2, r3
10005a68:	8163      	strh	r3, [r4, #10]
10005a6a:	d803      	bhi.n	10005a74 <tu_fifo_read+0x48>
10005a6c:	1a9b      	subs	r3, r3, r2
10005a6e:	b29b      	uxth	r3, r3
10005a70:	429a      	cmp	r2, r3
10005a72:	d9fb      	bls.n	10005a6c <tu_fifo_read+0x40>
10005a74:	88e2      	ldrh	r2, [r4, #6]
10005a76:	6821      	ldr	r1, [r4, #0]
10005a78:	f3c2 020e 	ubfx	r2, r2, #0, #15
10005a7c:	fb02 1103 	mla	r1, r2, r3, r1
10005a80:	4628      	mov	r0, r5
10005a82:	f002 fcc1 	bl	10008408 <memcpy>
10005a86:	8961      	ldrh	r1, [r4, #10]
10005a88:	2501      	movs	r5, #1
10005a8a:	b289      	uxth	r1, r1
10005a8c:	1c4b      	adds	r3, r1, #1
10005a8e:	b29b      	uxth	r3, r3
10005a90:	4299      	cmp	r1, r3
10005a92:	88a2      	ldrh	r2, [r4, #4]
10005a94:	d90e      	bls.n	10005ab4 <tu_fifo_read+0x88>
10005a96:	2300      	movs	r3, #0
10005a98:	fa02 f105 	lsl.w	r1, r2, r5
10005a9c:	1a5b      	subs	r3, r3, r1
10005a9e:	b29b      	uxth	r3, r3
10005aa0:	6920      	ldr	r0, [r4, #16]
10005aa2:	8163      	strh	r3, [r4, #10]
10005aa4:	b108      	cbz	r0, 10005aaa <tu_fifo_read+0x7e>
10005aa6:	f002 febb 	bl	10008820 <__mutex_exit_veneer>
10005aaa:	4628      	mov	r0, r5
10005aac:	bd38      	pop	{r3, r4, r5, pc}
10005aae:	4605      	mov	r5, r0
10005ab0:	8963      	ldrh	r3, [r4, #10]
10005ab2:	b29b      	uxth	r3, r3
10005ab4:	ebb3 0f42 	cmp.w	r3, r2, lsl #1
10005ab8:	ea4f 0142 	mov.w	r1, r2, lsl #1
10005abc:	dbf0      	blt.n	10005aa0 <tu_fifo_read+0x74>
10005abe:	e7ed      	b.n	10005a9c <tu_fifo_read+0x70>

10005ac0 <tu_fifo_read_n>:
10005ac0:	e92d 47f0 	stmdb	sp!, {r4, r5, r6, r7, r8, r9, sl, lr}
10005ac4:	4606      	mov	r6, r0
10005ac6:	6900      	ldr	r0, [r0, #16]
10005ac8:	4688      	mov	r8, r1
10005aca:	4691      	mov	r9, r2
10005acc:	b118      	cbz	r0, 10005ad6 <tu_fifo_read_n+0x16>
10005ace:	f04f 31ff 	mov.w	r1, #4294967295
10005ad2:	f002 fe91 	bl	100087f8 <__mutex_enter_timeout_ms_veneer>
10005ad6:	8933      	ldrh	r3, [r6, #8]
10005ad8:	8974      	ldrh	r4, [r6, #10]
10005ada:	b29b      	uxth	r3, r3
10005adc:	b2a4      	uxth	r4, r4
10005ade:	88b5      	ldrh	r5, [r6, #4]
10005ae0:	42a3      	cmp	r3, r4
10005ae2:	bf36      	itet	cc
10005ae4:	ebc4 0745 	rsbcc	r7, r4, r5, lsl #1
10005ae8:	1b1f      	subcs	r7, r3, r4
10005aea:	18ff      	addcc	r7, r7, r3
10005aec:	b2bf      	uxth	r7, r7
10005aee:	2f00      	cmp	r7, #0
10005af0:	d04a      	beq.n	10005b88 <tu_fifo_read_n+0xc8>
10005af2:	42bd      	cmp	r5, r7
10005af4:	d340      	bcc.n	10005b78 <tu_fifo_read_n+0xb8>
10005af6:	45b9      	cmp	r9, r7
10005af8:	bf28      	it	cs
10005afa:	46b9      	movcs	r9, r7
10005afc:	42a5      	cmp	r5, r4
10005afe:	fa1f f789 	uxth.w	r7, r9
10005b02:	d803      	bhi.n	10005b0c <tu_fifo_read_n+0x4c>
10005b04:	1b64      	subs	r4, r4, r5
10005b06:	b2a4      	uxth	r4, r4
10005b08:	42a5      	cmp	r5, r4
10005b0a:	d9fb      	bls.n	10005b04 <tu_fifo_read_n+0x44>
10005b0c:	f8b6 a006 	ldrh.w	sl, [r6, #6]
10005b10:	1b2b      	subs	r3, r5, r4
10005b12:	6831      	ldr	r1, [r6, #0]
10005b14:	b29b      	uxth	r3, r3
10005b16:	f3ca 020e 	ubfx	r2, sl, #0, #15
10005b1a:	429f      	cmp	r7, r3
10005b1c:	4692      	mov	sl, r2
10005b1e:	fb02 1104 	mla	r1, r2, r4, r1
10005b22:	d923      	bls.n	10005b6c <tu_fifo_read_n+0xac>
10005b24:	fb13 f302 	smulbb	r3, r3, r2
10005b28:	fa1f f983 	uxth.w	r9, r3
10005b2c:	464a      	mov	r2, r9
10005b2e:	4640      	mov	r0, r8
10005b30:	1b7d      	subs	r5, r7, r5
10005b32:	f002 fc69 	bl	10008408 <memcpy>
10005b36:	1962      	adds	r2, r4, r5
10005b38:	fb12 f20a 	smulbb	r2, r2, sl
10005b3c:	6831      	ldr	r1, [r6, #0]
10005b3e:	eb08 0009 	add.w	r0, r8, r9
10005b42:	b292      	uxth	r2, r2
10005b44:	f002 fc60 	bl	10008408 <memcpy>
10005b48:	8972      	ldrh	r2, [r6, #10]
10005b4a:	88b5      	ldrh	r5, [r6, #4]
10005b4c:	b292      	uxth	r2, r2
10005b4e:	19d3      	adds	r3, r2, r7
10005b50:	b29b      	uxth	r3, r3
10005b52:	429a      	cmp	r2, r3
10005b54:	d91a      	bls.n	10005b8c <tu_fifo_read_n+0xcc>
10005b56:	006a      	lsls	r2, r5, #1
10005b58:	1a9b      	subs	r3, r3, r2
10005b5a:	b29b      	uxth	r3, r3
10005b5c:	6930      	ldr	r0, [r6, #16]
10005b5e:	8173      	strh	r3, [r6, #10]
10005b60:	b108      	cbz	r0, 10005b66 <tu_fifo_read_n+0xa6>
10005b62:	f002 fe5d 	bl	10008820 <__mutex_exit_veneer>
10005b66:	4638      	mov	r0, r7
10005b68:	e8bd 87f0 	ldmia.w	sp!, {r4, r5, r6, r7, r8, r9, sl, pc}
10005b6c:	4640      	mov	r0, r8
10005b6e:	fb07 f202 	mul.w	r2, r7, r2
10005b72:	f002 fc49 	bl	10008408 <memcpy>
10005b76:	e7e7      	b.n	10005b48 <tu_fifo_read_n+0x88>
10005b78:	42ab      	cmp	r3, r5
10005b7a:	bf2c      	ite	cs
10005b7c:	1b5b      	subcs	r3, r3, r5
10005b7e:	195b      	addcc	r3, r3, r5
10005b80:	b29c      	uxth	r4, r3
10005b82:	462f      	mov	r7, r5
10005b84:	8174      	strh	r4, [r6, #10]
10005b86:	e7b6      	b.n	10005af6 <tu_fifo_read_n+0x36>
10005b88:	8973      	ldrh	r3, [r6, #10]
10005b8a:	b29b      	uxth	r3, r3
10005b8c:	ebb3 0f45 	cmp.w	r3, r5, lsl #1
10005b90:	ea4f 0245 	mov.w	r2, r5, lsl #1
10005b94:	dbe2      	blt.n	10005b5c <tu_fifo_read_n+0x9c>
10005b96:	e7df      	b.n	10005b58 <tu_fifo_read_n+0x98>

10005b98 <tu_fifo_write>:
10005b98:	b5f8      	push	{r3, r4, r5, r6, r7, lr}
10005b9a:	4604      	mov	r4, r0
10005b9c:	68c0      	ldr	r0, [r0, #12]
10005b9e:	460e      	mov	r6, r1
10005ba0:	b118      	cbz	r0, 10005baa <tu_fifo_write+0x12>
10005ba2:	f04f 31ff 	mov.w	r1, #4294967295
10005ba6:	f002 fe27 	bl	100087f8 <__mutex_enter_timeout_ms_veneer>
10005baa:	8925      	ldrh	r5, [r4, #8]
10005bac:	8923      	ldrh	r3, [r4, #8]
10005bae:	8961      	ldrh	r1, [r4, #10]
10005bb0:	b29b      	uxth	r3, r3
10005bb2:	b289      	uxth	r1, r1
10005bb4:	88a2      	ldrh	r2, [r4, #4]
10005bb6:	428b      	cmp	r3, r1
10005bb8:	bf36      	itet	cc
10005bba:	ebc1 0142 	rsbcc	r1, r1, r2, lsl #1
10005bbe:	1a5b      	subcs	r3, r3, r1
10005bc0:	185b      	addcc	r3, r3, r1
10005bc2:	b29b      	uxth	r3, r3
10005bc4:	429a      	cmp	r2, r3
10005bc6:	b2ad      	uxth	r5, r5
10005bc8:	d808      	bhi.n	10005bdc <tu_fifo_write+0x44>
10005bca:	79e7      	ldrb	r7, [r4, #7]
10005bcc:	09ff      	lsrs	r7, r7, #7
10005bce:	d105      	bne.n	10005bdc <tu_fifo_write+0x44>
10005bd0:	68e0      	ldr	r0, [r4, #12]
10005bd2:	b108      	cbz	r0, 10005bd8 <tu_fifo_write+0x40>
10005bd4:	f002 fe24 	bl	10008820 <__mutex_exit_veneer>
10005bd8:	4638      	mov	r0, r7
10005bda:	bdf8      	pop	{r3, r4, r5, r6, r7, pc}
10005bdc:	4295      	cmp	r5, r2
10005bde:	bf28      	it	cs
10005be0:	462b      	movcs	r3, r5
10005be2:	d318      	bcc.n	10005c16 <tu_fifo_write+0x7e>
10005be4:	1a9b      	subs	r3, r3, r2
10005be6:	b29b      	uxth	r3, r3
10005be8:	4293      	cmp	r3, r2
10005bea:	d2fb      	bcs.n	10005be4 <tu_fifo_write+0x4c>
10005bec:	88e2      	ldrh	r2, [r4, #6]
10005bee:	6820      	ldr	r0, [r4, #0]
10005bf0:	f3c2 020e 	ubfx	r2, r2, #0, #15
10005bf4:	fb02 0003 	mla	r0, r2, r3, r0
10005bf8:	4631      	mov	r1, r6
10005bfa:	f002 fc05 	bl	10008408 <memcpy>
10005bfe:	1c6b      	adds	r3, r5, #1
10005c00:	b29b      	uxth	r3, r3
10005c02:	429d      	cmp	r5, r3
10005c04:	88a2      	ldrh	r2, [r4, #4]
10005c06:	d912      	bls.n	10005c2e <tu_fifo_write+0x96>
10005c08:	2300      	movs	r3, #0
10005c0a:	0051      	lsls	r1, r2, #1
10005c0c:	1a5b      	subs	r3, r3, r1
10005c0e:	b29b      	uxth	r3, r3
10005c10:	2701      	movs	r7, #1
10005c12:	8123      	strh	r3, [r4, #8]
10005c14:	e7dc      	b.n	10005bd0 <tu_fifo_write+0x38>
10005c16:	88e2      	ldrh	r2, [r4, #6]
10005c18:	6820      	ldr	r0, [r4, #0]
10005c1a:	f3c2 020e 	ubfx	r2, r2, #0, #15
10005c1e:	fb05 0002 	mla	r0, r5, r2, r0
10005c22:	4631      	mov	r1, r6
10005c24:	f002 fbf0 	bl	10008408 <memcpy>
10005c28:	3501      	adds	r5, #1
10005c2a:	88a2      	ldrh	r2, [r4, #4]
10005c2c:	b2ab      	uxth	r3, r5
10005c2e:	ebb3 0f42 	cmp.w	r3, r2, lsl #1
10005c32:	ea4f 0142 	mov.w	r1, r2, lsl #1
10005c36:	dbeb      	blt.n	10005c10 <tu_fifo_write+0x78>
10005c38:	e7e8      	b.n	10005c0c <tu_fifo_write+0x74>
10005c3a:	bf00      	nop

10005c3c <tu_fifo_write_n>:
10005c3c:	e92d 4ff0 	stmdb	sp!, {r4, r5, r6, r7, r8, r9, sl, fp, lr}
10005c40:	4617      	mov	r7, r2
10005c42:	b083      	sub	sp, #12
10005c44:	2a00      	cmp	r2, #0
10005c46:	d075      	beq.n	10005d34 <tu_fifo_write_n+0xf8>
10005c48:	4606      	mov	r6, r0
10005c4a:	68c0      	ldr	r0, [r0, #12]
10005c4c:	4689      	mov	r9, r1
10005c4e:	b118      	cbz	r0, 10005c58 <tu_fifo_write_n+0x1c>
10005c50:	f04f 31ff 	mov.w	r1, #4294967295
10005c54:	f002 fdd0 	bl	100087f8 <__mutex_enter_timeout_ms_veneer>
10005c58:	79f3      	ldrb	r3, [r6, #7]
10005c5a:	f8b6 8008 	ldrh.w	r8, [r6, #8]
10005c5e:	8972      	ldrh	r2, [r6, #10]
10005c60:	09db      	lsrs	r3, r3, #7
10005c62:	88b5      	ldrh	r5, [r6, #4]
10005c64:	fa1f f888 	uxth.w	r8, r8
10005c68:	b292      	uxth	r2, r2
10005c6a:	d13c      	bne.n	10005ce6 <tu_fifo_write_n+0xaa>
10005c6c:	4590      	cmp	r8, r2
10005c6e:	bf36      	itet	cc
10005c70:	ebc2 0245 	rsbcc	r2, r2, r5, lsl #1
10005c74:	eba8 0202 	subcs.w	r2, r8, r2
10005c78:	4442      	addcc	r2, r8
10005c7a:	b292      	uxth	r2, r2
10005c7c:	42aa      	cmp	r2, r5
10005c7e:	d25e      	bcs.n	10005d3e <tu_fifo_write_n+0x102>
10005c80:	1aaa      	subs	r2, r5, r2
10005c82:	b292      	uxth	r2, r2
10005c84:	42ba      	cmp	r2, r7
10005c86:	bf28      	it	cs
10005c88:	463a      	movcs	r2, r7
10005c8a:	f8b6 b006 	ldrh.w	fp, [r6, #6]
10005c8e:	b297      	uxth	r7, r2
10005c90:	1b7b      	subs	r3, r7, r5
10005c92:	eb08 0a07 	add.w	sl, r8, r7
10005c96:	f3cb 0b0e 	ubfx	fp, fp, #0, #15
10005c9a:	b29b      	uxth	r3, r3
10005c9c:	fa1f fa8a 	uxth.w	sl, sl
10005ca0:	45a8      	cmp	r8, r5
10005ca2:	4644      	mov	r4, r8
10005ca4:	d303      	bcc.n	10005cae <tu_fifo_write_n+0x72>
10005ca6:	1b64      	subs	r4, r4, r5
10005ca8:	b2a4      	uxth	r4, r4
10005caa:	42ac      	cmp	r4, r5
10005cac:	d2fb      	bcs.n	10005ca6 <tu_fifo_write_n+0x6a>
10005cae:	1b2d      	subs	r5, r5, r4
10005cb0:	6830      	ldr	r0, [r6, #0]
10005cb2:	b2ad      	uxth	r5, r5
10005cb4:	42bd      	cmp	r5, r7
10005cb6:	fb0b 0004 	mla	r0, fp, r4, r0
10005cba:	d357      	bcc.n	10005d6c <tu_fifo_write_n+0x130>
10005cbc:	4649      	mov	r1, r9
10005cbe:	fb0b f207 	mul.w	r2, fp, r7
10005cc2:	f002 fba1 	bl	10008408 <memcpy>
10005cc6:	88b2      	ldrh	r2, [r6, #4]
10005cc8:	45d0      	cmp	r8, sl
10005cca:	ea4f 0342 	mov.w	r3, r2, lsl #1
10005cce:	d802      	bhi.n	10005cd6 <tu_fifo_write_n+0x9a>
10005cd0:	ebba 0f42 	cmp.w	sl, r2, lsl #1
10005cd4:	db03      	blt.n	10005cde <tu_fifo_write_n+0xa2>
10005cd6:	ebaa 0303 	sub.w	r3, sl, r3
10005cda:	fa1f fa83 	uxth.w	sl, r3
10005cde:	463d      	mov	r5, r7
10005ce0:	f8a6 a008 	strh.w	sl, [r6, #8]
10005ce4:	e02c      	b.n	10005d40 <tu_fifo_write_n+0x104>
10005ce6:	f8b6 b006 	ldrh.w	fp, [r6, #6]
10005cea:	42af      	cmp	r7, r5
10005cec:	f3cb 0b0e 	ubfx	fp, fp, #0, #15
10005cf0:	d22f      	bcs.n	10005d52 <tu_fifo_write_n+0x116>
10005cf2:	4590      	cmp	r8, r2
10005cf4:	bf36      	itet	cc
10005cf6:	ebc2 0145 	rsbcc	r1, r2, r5, lsl #1
10005cfa:	eba8 0102 	subcs.w	r1, r8, r2
10005cfe:	4441      	addcc	r1, r8
10005d00:	b289      	uxth	r1, r1
10005d02:	0068      	lsls	r0, r5, #1
10005d04:	4439      	add	r1, r7
10005d06:	1b7b      	subs	r3, r7, r5
10005d08:	4281      	cmp	r1, r0
10005d0a:	b29b      	uxth	r3, r3
10005d0c:	db0d      	blt.n	10005d2a <tu_fifo_write_n+0xee>
10005d0e:	eb02 0a05 	add.w	sl, r2, r5
10005d12:	fa1f fa8a 	uxth.w	sl, sl
10005d16:	ebaa 0807 	sub.w	r8, sl, r7
10005d1a:	fa1f f888 	uxth.w	r8, r8
10005d1e:	4542      	cmp	r2, r8
10005d20:	d937      	bls.n	10005d92 <tu_fifo_write_n+0x156>
10005d22:	eba8 0000 	sub.w	r0, r8, r0
10005d26:	fa1f f880 	uxth.w	r8, r0
10005d2a:	eb07 0a08 	add.w	sl, r7, r8
10005d2e:	fa1f fa8a 	uxth.w	sl, sl
10005d32:	e7b5      	b.n	10005ca0 <tu_fifo_write_n+0x64>
10005d34:	4615      	mov	r5, r2
10005d36:	4628      	mov	r0, r5
10005d38:	b003      	add	sp, #12
10005d3a:	e8bd 8ff0 	ldmia.w	sp!, {r4, r5, r6, r7, r8, r9, sl, fp, pc}
10005d3e:	2500      	movs	r5, #0
10005d40:	68f0      	ldr	r0, [r6, #12]
10005d42:	2800      	cmp	r0, #0
10005d44:	d0f7      	beq.n	10005d36 <tu_fifo_write_n+0xfa>
10005d46:	f002 fd6b 	bl	10008820 <__mutex_exit_veneer>
10005d4a:	4628      	mov	r0, r5
10005d4c:	b003      	add	sp, #12
10005d4e:	e8bd 8ff0 	ldmia.w	sp!, {r4, r5, r6, r7, r8, r9, sl, fp, pc}
10005d52:	2d00      	cmp	r5, #0
10005d54:	d0f4      	beq.n	10005d40 <tu_fifo_write_n+0x104>
10005d56:	1b7f      	subs	r7, r7, r5
10005d58:	eb02 0a05 	add.w	sl, r2, r5
10005d5c:	fb0b 9907 	mla	r9, fp, r7, r9
10005d60:	4690      	mov	r8, r2
10005d62:	462f      	mov	r7, r5
10005d64:	2300      	movs	r3, #0
10005d66:	fa1f fa8a 	uxth.w	sl, sl
10005d6a:	e799      	b.n	10005ca0 <tu_fifo_write_n+0x64>
10005d6c:	fb15 f50b 	smulbb	r5, r5, fp
10005d70:	b2ad      	uxth	r5, r5
10005d72:	462a      	mov	r2, r5
10005d74:	4649      	mov	r1, r9
10005d76:	9301      	str	r3, [sp, #4]
10005d78:	f002 fb46 	bl	10008408 <memcpy>
10005d7c:	9b01      	ldr	r3, [sp, #4]
10005d7e:	6830      	ldr	r0, [r6, #0]
10005d80:	18e2      	adds	r2, r4, r3
10005d82:	fb12 f20b 	smulbb	r2, r2, fp
10005d86:	eb09 0105 	add.w	r1, r9, r5
10005d8a:	b292      	uxth	r2, r2
10005d8c:	f002 fb3c 	bl	10008408 <memcpy>
10005d90:	e799      	b.n	10005cc6 <tu_fifo_write_n+0x8a>
10005d92:	4540      	cmp	r0, r8
10005d94:	dc84      	bgt.n	10005ca0 <tu_fifo_write_n+0x64>
10005d96:	e7c4      	b.n	10005d22 <tu_fifo_write_n+0xe6>

10005d98 <tu_fifo_clear>:
10005d98:	b510      	push	{r4, lr}
10005d9a:	4604      	mov	r4, r0
10005d9c:	68c0      	ldr	r0, [r0, #12]
10005d9e:	b118      	cbz	r0, 10005da8 <tu_fifo_clear+0x10>
10005da0:	f04f 31ff 	mov.w	r1, #4294967295
10005da4:	f002 fd28 	bl	100087f8 <__mutex_enter_timeout_ms_veneer>
10005da8:	6920      	ldr	r0, [r4, #16]
10005daa:	b118      	cbz	r0, 10005db4 <tu_fifo_clear+0x1c>
10005dac:	f04f 31ff 	mov.w	r1, #4294967295
10005db0:	f002 fd22 	bl	100087f8 <__mutex_enter_timeout_ms_veneer>
10005db4:	2300      	movs	r3, #0
10005db6:	68e0      	ldr	r0, [r4, #12]
10005db8:	8163      	strh	r3, [r4, #10]
10005dba:	8123      	strh	r3, [r4, #8]
10005dbc:	b108      	cbz	r0, 10005dc2 <tu_fifo_clear+0x2a>
10005dbe:	f002 fd2f 	bl	10008820 <__mutex_exit_veneer>
10005dc2:	6920      	ldr	r0, [r4, #16]
10005dc4:	b108      	cbz	r0, 10005dca <tu_fifo_clear+0x32>
10005dc6:	f002 fd2b 	bl	10008820 <__mutex_exit_veneer>
10005dca:	2001      	movs	r0, #1
10005dcc:	bd10      	pop	{r4, pc}
10005dce:	bf00      	nop

10005dd0 <tu_fifo_set_overwritable>:
10005dd0:	b538      	push	{r3, r4, r5, lr}
10005dd2:	4604      	mov	r4, r0
10005dd4:	68c0      	ldr	r0, [r0, #12]
10005dd6:	460d      	mov	r5, r1
10005dd8:	b118      	cbz	r0, 10005de2 <tu_fifo_set_overwritable+0x12>
10005dda:	f04f 31ff 	mov.w	r1, #4294967295
10005dde:	f002 fd0b 	bl	100087f8 <__mutex_enter_timeout_ms_veneer>
10005de2:	6920      	ldr	r0, [r4, #16]
10005de4:	b118      	cbz	r0, 10005dee <tu_fifo_set_overwritable+0x1e>
10005de6:	f04f 31ff 	mov.w	r1, #4294967295
10005dea:	f002 fd05 	bl	100087f8 <__mutex_enter_timeout_ms_veneer>
10005dee:	79e3      	ldrb	r3, [r4, #7]
10005df0:	68e0      	ldr	r0, [r4, #12]
10005df2:	f365 13c7 	bfi	r3, r5, #7, #1
10005df6:	71e3      	strb	r3, [r4, #7]
10005df8:	b108      	cbz	r0, 10005dfe <tu_fifo_set_overwritable+0x2e>
10005dfa:	f002 fd11 	bl	10008820 <__mutex_exit_veneer>
10005dfe:	6920      	ldr	r0, [r4, #16]
10005e00:	b108      	cbz	r0, 10005e06 <tu_fifo_set_overwritable+0x36>
10005e02:	f002 fd0d 	bl	10008820 <__mutex_exit_veneer>
10005e06:	2001      	movs	r0, #1
10005e08:	bd38      	pop	{r3, r4, r5, pc}
10005e0a:	bf00      	nop

10005e0c <exception_set_exclusive_handler>:
10005e0c:	b5f8      	push	{r3, r4, r5, r6, r7, lr}
10005e0e:	4604      	mov	r4, r0
10005e10:	460d      	mov	r5, r1
10005e12:	f3ef 8710 	mrs	r7, PRIMASK
10005e16:	b672      	cpsid	i
10005e18:	4b0c      	ldr	r3, [pc, #48]	@ (10005e4c <exception_set_exclusive_handler+0x40>)
10005e1a:	689b      	ldr	r3, [r3, #8]
10005e1c:	f853 6020 	ldr.w	r6, [r3, r0, lsl #2]
10005e20:	42b1      	cmp	r1, r6
10005e22:	d004      	beq.n	10005e2e <exception_set_exclusive_handler+0x22>
10005e24:	4b0a      	ldr	r3, [pc, #40]	@ (10005e50 <exception_set_exclusive_handler+0x44>)
10005e26:	429e      	cmp	r6, r3
10005e28:	d20b      	bcs.n	10005e42 <exception_set_exclusive_handler+0x36>
10005e2a:	f7fb fc7d 	bl	10001728 <hard_assertion_failure>
10005e2e:	4b07      	ldr	r3, [pc, #28]	@ (10005e4c <exception_set_exclusive_handler+0x40>)
10005e30:	689b      	ldr	r3, [r3, #8]
10005e32:	f843 5024 	str.w	r5, [r3, r4, lsl #2]
10005e36:	f3bf 8f5f 	dmb	sy
10005e3a:	f387 8810 	msr	PRIMASK, r7
10005e3e:	4630      	mov	r0, r6
10005e40:	bdf8      	pop	{r3, r4, r5, r6, r7, pc}
10005e42:	4b04      	ldr	r3, [pc, #16]	@ (10005e54 <exception_set_exclusive_handler+0x48>)
10005e44:	429e      	cmp	r6, r3
10005e46:	d3f2      	bcc.n	10005e2e <exception_set_exclusive_handler+0x22>
10005e48:	e7ef      	b.n	10005e2a <exception_set_exclusive_handler+0x1e>
10005e4a:	bf00      	nop
10005e4c:	e000ed00 	.word	0xe000ed00
10005e50:	10000110 	.word	0x10000110
10005e54:	1000011c 	.word	0x1000011c

10005e58 <prvCopyDataToQueue>:
10005e58:	b570      	push	{r4, r5, r6, lr}
10005e5a:	4616      	mov	r6, r2
10005e5c:	6c02      	ldr	r2, [r0, #64]	@ 0x40
10005e5e:	4604      	mov	r4, r0
10005e60:	6b85      	ldr	r5, [r0, #56]	@ 0x38
10005e62:	b92a      	cbnz	r2, 10005e70 <prvCopyDataToQueue+0x18>
10005e64:	6806      	ldr	r6, [r0, #0]
10005e66:	3501      	adds	r5, #1
10005e68:	b34e      	cbz	r6, 10005ebe <prvCopyDataToQueue+0x66>
10005e6a:	4610      	mov	r0, r2
10005e6c:	63a5      	str	r5, [r4, #56]	@ 0x38
10005e6e:	bd70      	pop	{r4, r5, r6, pc}
10005e70:	b98e      	cbnz	r6, 10005e96 <prvCopyDataToQueue+0x3e>
10005e72:	6840      	ldr	r0, [r0, #4]
10005e74:	f002 fac8 	bl	10008408 <memcpy>
10005e78:	6863      	ldr	r3, [r4, #4]
10005e7a:	6c21      	ldr	r1, [r4, #64]	@ 0x40
10005e7c:	68a2      	ldr	r2, [r4, #8]
10005e7e:	440b      	add	r3, r1
10005e80:	4293      	cmp	r3, r2
10005e82:	6063      	str	r3, [r4, #4]
10005e84:	bf28      	it	cs
10005e86:	6823      	ldrcs	r3, [r4, #0]
10005e88:	f105 0501 	add.w	r5, r5, #1
10005e8c:	bf28      	it	cs
10005e8e:	6063      	strcs	r3, [r4, #4]
10005e90:	2000      	movs	r0, #0
10005e92:	63a5      	str	r5, [r4, #56]	@ 0x38
10005e94:	bd70      	pop	{r4, r5, r6, pc}
10005e96:	68c0      	ldr	r0, [r0, #12]
10005e98:	f002 fab6 	bl	10008408 <memcpy>
10005e9c:	6c22      	ldr	r2, [r4, #64]	@ 0x40
10005e9e:	68e3      	ldr	r3, [r4, #12]
10005ea0:	4251      	negs	r1, r2
10005ea2:	1a9b      	subs	r3, r3, r2
10005ea4:	6822      	ldr	r2, [r4, #0]
10005ea6:	60e3      	str	r3, [r4, #12]
10005ea8:	4293      	cmp	r3, r2
10005eaa:	d202      	bcs.n	10005eb2 <prvCopyDataToQueue+0x5a>
10005eac:	68a3      	ldr	r3, [r4, #8]
10005eae:	440b      	add	r3, r1
10005eb0:	60e3      	str	r3, [r4, #12]
10005eb2:	2e02      	cmp	r6, #2
10005eb4:	d008      	beq.n	10005ec8 <prvCopyDataToQueue+0x70>
10005eb6:	3501      	adds	r5, #1
10005eb8:	2000      	movs	r0, #0
10005eba:	63a5      	str	r5, [r4, #56]	@ 0x38
10005ebc:	bd70      	pop	{r4, r5, r6, pc}
10005ebe:	6880      	ldr	r0, [r0, #8]
10005ec0:	f001 fade 	bl	10007480 <xTaskPriorityDisinherit>
10005ec4:	60a6      	str	r6, [r4, #8]
10005ec6:	e7d1      	b.n	10005e6c <prvCopyDataToQueue+0x14>
10005ec8:	2d01      	cmp	r5, #1
10005eca:	bf38      	it	cc
10005ecc:	2501      	movcc	r5, #1
10005ece:	e7df      	b.n	10005e90 <prvCopyDataToQueue+0x38>

10005ed0 <xQueueGenericCreate>:
10005ed0:	b570      	push	{r4, r5, r6, lr}
10005ed2:	b3a0      	cbz	r0, 10005f3e <xQueueGenericCreate+0x6e>
10005ed4:	fba1 2300 	umull	r2, r3, r1, r0
10005ed8:	4605      	mov	r5, r0
10005eda:	460e      	mov	r6, r1
10005edc:	bb7b      	cbnz	r3, 10005f3e <xQueueGenericCreate+0x6e>
10005ede:	fb01 f000 	mul.w	r0, r1, r0
10005ee2:	f110 0f49 	cmn.w	r0, #73	@ 0x49
10005ee6:	d82a      	bhi.n	10005f3e <xQueueGenericCreate+0x6e>
10005ee8:	3048      	adds	r0, #72	@ 0x48
10005eea:	f001 fd2f 	bl	1000794c <pvPortMalloc>
10005eee:	4604      	mov	r4, r0
10005ef0:	b328      	cbz	r0, 10005f3e <xQueueGenericCreate+0x6e>
10005ef2:	b33e      	cbz	r6, 10005f44 <xQueueGenericCreate+0x74>
10005ef4:	f100 0348 	add.w	r3, r0, #72	@ 0x48
10005ef8:	6023      	str	r3, [r4, #0]
10005efa:	e9c4 560f 	strd	r5, r6, [r4, #60]	@ 0x3c
10005efe:	f001 fd7f 	bl	10007a00 <vPortEnterCritical>
10005f02:	2300      	movs	r3, #0
10005f04:	20ff      	movs	r0, #255	@ 0xff
10005f06:	63a3      	str	r3, [r4, #56]	@ 0x38
10005f08:	6c21      	ldr	r1, [r4, #64]	@ 0x40
10005f0a:	6be3      	ldr	r3, [r4, #60]	@ 0x3c
10005f0c:	6822      	ldr	r2, [r4, #0]
10005f0e:	fb01 f303 	mul.w	r3, r1, r3
10005f12:	1a59      	subs	r1, r3, r1
10005f14:	6062      	str	r2, [r4, #4]
10005f16:	4413      	add	r3, r2
10005f18:	440a      	add	r2, r1
10005f1a:	e9c4 3202 	strd	r3, r2, [r4, #8]
10005f1e:	f884 0044 	strb.w	r0, [r4, #68]	@ 0x44
10005f22:	f884 0045 	strb.w	r0, [r4, #69]	@ 0x45
10005f26:	f104 0010 	add.w	r0, r4, #16
10005f2a:	f001 fee1 	bl	10007cf0 <vListInitialise>
10005f2e:	f104 0024 	add.w	r0, r4, #36	@ 0x24
10005f32:	f001 fedd 	bl	10007cf0 <vListInitialise>
10005f36:	f001 fd71 	bl	10007a1c <vPortExitCritical>
10005f3a:	4620      	mov	r0, r4
10005f3c:	bd70      	pop	{r4, r5, r6, pc}
10005f3e:	2400      	movs	r4, #0
10005f40:	4620      	mov	r0, r4
10005f42:	bd70      	pop	{r4, r5, r6, pc}
10005f44:	4603      	mov	r3, r0
10005f46:	e7d7      	b.n	10005ef8 <xQueueGenericCreate+0x28>

10005f48 <xQueueGenericSend>:
10005f48:	e92d 43f0 	stmdb	sp!, {r4, r5, r6, r7, r8, r9, lr}
10005f4c:	4604      	mov	r4, r0
10005f4e:	b085      	sub	sp, #20
10005f50:	461f      	mov	r7, r3
10005f52:	9201      	str	r2, [sp, #4]
10005f54:	4688      	mov	r8, r1
10005f56:	f001 fd53 	bl	10007a00 <vPortEnterCritical>
10005f5a:	6ba2      	ldr	r2, [r4, #56]	@ 0x38
10005f5c:	6be3      	ldr	r3, [r4, #60]	@ 0x3c
10005f5e:	429a      	cmp	r2, r3
10005f60:	d379      	bcc.n	10006056 <xQueueGenericSend+0x10e>
10005f62:	2f02      	cmp	r7, #2
10005f64:	d077      	beq.n	10006056 <xQueueGenericSend+0x10e>
10005f66:	2200      	movs	r2, #0
10005f68:	f104 0624 	add.w	r6, r4, #36	@ 0x24
10005f6c:	9b01      	ldr	r3, [sp, #4]
10005f6e:	2b00      	cmp	r3, #0
10005f70:	f000 80d4 	beq.w	1000611c <xQueueGenericSend+0x1d4>
10005f74:	2a00      	cmp	r2, #0
10005f76:	f000 80cd 	beq.w	10006114 <xQueueGenericSend+0x1cc>
10005f7a:	f001 fd4f 	bl	10007a1c <vPortExitCritical>
10005f7e:	f000 ff69 	bl	10006e54 <vTaskSuspendAll>
10005f82:	f001 fd3d 	bl	10007a00 <vPortEnterCritical>
10005f86:	f894 3044 	ldrb.w	r3, [r4, #68]	@ 0x44
10005f8a:	2bff      	cmp	r3, #255	@ 0xff
10005f8c:	bf04      	itt	eq
10005f8e:	2300      	moveq	r3, #0
10005f90:	f884 3044 	strbeq.w	r3, [r4, #68]	@ 0x44
10005f94:	f894 3045 	ldrb.w	r3, [r4, #69]	@ 0x45
10005f98:	2bff      	cmp	r3, #255	@ 0xff
10005f9a:	bf04      	itt	eq
10005f9c:	2300      	moveq	r3, #0
10005f9e:	f884 3045 	strbeq.w	r3, [r4, #69]	@ 0x45
10005fa2:	f001 fd3b 	bl	10007a1c <vPortExitCritical>
10005fa6:	a802      	add	r0, sp, #8
10005fa8:	a901      	add	r1, sp, #4
10005faa:	f001 f9eb 	bl	10007384 <xTaskCheckForTimeOut>
10005fae:	2800      	cmp	r0, #0
10005fb0:	f040 80ba 	bne.w	10006128 <xQueueGenericSend+0x1e0>
10005fb4:	f001 fd24 	bl	10007a00 <vPortEnterCritical>
10005fb8:	6ba2      	ldr	r2, [r4, #56]	@ 0x38
10005fba:	6be3      	ldr	r3, [r4, #60]	@ 0x3c
10005fbc:	429a      	cmp	r2, r3
10005fbe:	d05c      	beq.n	1000607a <xQueueGenericSend+0x132>
10005fc0:	f001 fd2c 	bl	10007a1c <vPortExitCritical>
10005fc4:	f001 fd1c 	bl	10007a00 <vPortEnterCritical>
10005fc8:	f894 2045 	ldrb.w	r2, [r4, #69]	@ 0x45
10005fcc:	b255      	sxtb	r5, r2
10005fce:	2d00      	cmp	r5, #0
10005fd0:	dc04      	bgt.n	10005fdc <xQueueGenericSend+0x94>
10005fd2:	e011      	b.n	10005ff8 <xQueueGenericSend+0xb0>
10005fd4:	1e6a      	subs	r2, r5, #1
10005fd6:	b2d3      	uxtb	r3, r2
10005fd8:	b255      	sxtb	r5, r2
10005fda:	b16b      	cbz	r3, 10005ff8 <xQueueGenericSend+0xb0>
10005fdc:	6a63      	ldr	r3, [r4, #36]	@ 0x24
10005fde:	b15b      	cbz	r3, 10005ff8 <xQueueGenericSend+0xb0>
10005fe0:	4630      	mov	r0, r6
10005fe2:	f001 f95b 	bl	1000729c <xTaskRemoveFromEventList>
10005fe6:	2800      	cmp	r0, #0
10005fe8:	d0f4      	beq.n	10005fd4 <xQueueGenericSend+0x8c>
10005fea:	f001 f9fb 	bl	100073e4 <vTaskMissedYield>
10005fee:	1e6a      	subs	r2, r5, #1
10005ff0:	b2d3      	uxtb	r3, r2
10005ff2:	b255      	sxtb	r5, r2
10005ff4:	2b00      	cmp	r3, #0
10005ff6:	d1f1      	bne.n	10005fdc <xQueueGenericSend+0x94>
10005ff8:	23ff      	movs	r3, #255	@ 0xff
10005ffa:	f884 3045 	strb.w	r3, [r4, #69]	@ 0x45
10005ffe:	f001 fd0d 	bl	10007a1c <vPortExitCritical>
10006002:	f001 fcfd 	bl	10007a00 <vPortEnterCritical>
10006006:	f894 2044 	ldrb.w	r2, [r4, #68]	@ 0x44
1000600a:	b255      	sxtb	r5, r2
1000600c:	2d00      	cmp	r5, #0
1000600e:	dd14      	ble.n	1000603a <xQueueGenericSend+0xf2>
10006010:	f104 0910 	add.w	r9, r4, #16
10006014:	e003      	b.n	1000601e <xQueueGenericSend+0xd6>
10006016:	1e6a      	subs	r2, r5, #1
10006018:	b2d3      	uxtb	r3, r2
1000601a:	b255      	sxtb	r5, r2
1000601c:	b16b      	cbz	r3, 1000603a <xQueueGenericSend+0xf2>
1000601e:	6923      	ldr	r3, [r4, #16]
10006020:	b15b      	cbz	r3, 1000603a <xQueueGenericSend+0xf2>
10006022:	4648      	mov	r0, r9
10006024:	f001 f93a 	bl	1000729c <xTaskRemoveFromEventList>
10006028:	2800      	cmp	r0, #0
1000602a:	d0f4      	beq.n	10006016 <xQueueGenericSend+0xce>
1000602c:	f001 f9da 	bl	100073e4 <vTaskMissedYield>
10006030:	1e6a      	subs	r2, r5, #1
10006032:	b2d3      	uxtb	r3, r2
10006034:	b255      	sxtb	r5, r2
10006036:	2b00      	cmp	r3, #0
10006038:	d1f1      	bne.n	1000601e <xQueueGenericSend+0xd6>
1000603a:	23ff      	movs	r3, #255	@ 0xff
1000603c:	f884 3044 	strb.w	r3, [r4, #68]	@ 0x44
10006040:	f001 fcec 	bl	10007a1c <vPortExitCritical>
10006044:	f000 ff0e 	bl	10006e64 <xTaskResumeAll>
10006048:	f001 fcda 	bl	10007a00 <vPortEnterCritical>
1000604c:	6ba1      	ldr	r1, [r4, #56]	@ 0x38
1000604e:	6be3      	ldr	r3, [r4, #60]	@ 0x3c
10006050:	2201      	movs	r2, #1
10006052:	4299      	cmp	r1, r3
10006054:	d28a      	bcs.n	10005f6c <xQueueGenericSend+0x24>
10006056:	463a      	mov	r2, r7
10006058:	4641      	mov	r1, r8
1000605a:	4620      	mov	r0, r4
1000605c:	f7ff fefc 	bl	10005e58 <prvCopyDataToQueue>
10006060:	6a63      	ldr	r3, [r4, #36]	@ 0x24
10006062:	2b00      	cmp	r3, #0
10006064:	f040 80a8 	bne.w	100061b8 <xQueueGenericSend+0x270>
10006068:	2800      	cmp	r0, #0
1000606a:	f040 80a2 	bne.w	100061b2 <xQueueGenericSend+0x26a>
1000606e:	f001 fcd5 	bl	10007a1c <vPortExitCritical>
10006072:	2001      	movs	r0, #1
10006074:	b005      	add	sp, #20
10006076:	e8bd 83f0 	ldmia.w	sp!, {r4, r5, r6, r7, r8, r9, pc}
1000607a:	f104 0910 	add.w	r9, r4, #16
1000607e:	f001 fccd 	bl	10007a1c <vPortExitCritical>
10006082:	4648      	mov	r0, r9
10006084:	9901      	ldr	r1, [sp, #4]
10006086:	f001 f857 	bl	10007138 <vTaskPlaceOnEventList>
1000608a:	f001 fcb9 	bl	10007a00 <vPortEnterCritical>
1000608e:	f894 3045 	ldrb.w	r3, [r4, #69]	@ 0x45
10006092:	b25d      	sxtb	r5, r3
10006094:	2d00      	cmp	r5, #0
10006096:	dc04      	bgt.n	100060a2 <xQueueGenericSend+0x15a>
10006098:	e011      	b.n	100060be <xQueueGenericSend+0x176>
1000609a:	1e6b      	subs	r3, r5, #1
1000609c:	b2da      	uxtb	r2, r3
1000609e:	b25d      	sxtb	r5, r3
100060a0:	b16a      	cbz	r2, 100060be <xQueueGenericSend+0x176>
100060a2:	6a63      	ldr	r3, [r4, #36]	@ 0x24
100060a4:	b15b      	cbz	r3, 100060be <xQueueGenericSend+0x176>
100060a6:	4630      	mov	r0, r6
100060a8:	f001 f8f8 	bl	1000729c <xTaskRemoveFromEventList>
100060ac:	2800      	cmp	r0, #0
100060ae:	d0f4      	beq.n	1000609a <xQueueGenericSend+0x152>
100060b0:	f001 f998 	bl	100073e4 <vTaskMissedYield>
100060b4:	1e6b      	subs	r3, r5, #1
100060b6:	b2da      	uxtb	r2, r3
100060b8:	b25d      	sxtb	r5, r3
100060ba:	2a00      	cmp	r2, #0
100060bc:	d1f1      	bne.n	100060a2 <xQueueGenericSend+0x15a>
100060be:	23ff      	movs	r3, #255	@ 0xff
100060c0:	f884 3045 	strb.w	r3, [r4, #69]	@ 0x45
100060c4:	f001 fcaa 	bl	10007a1c <vPortExitCritical>
100060c8:	f001 fc9a 	bl	10007a00 <vPortEnterCritical>
100060cc:	f894 3044 	ldrb.w	r3, [r4, #68]	@ 0x44
100060d0:	b25d      	sxtb	r5, r3
100060d2:	2d00      	cmp	r5, #0
100060d4:	dc04      	bgt.n	100060e0 <xQueueGenericSend+0x198>
100060d6:	e011      	b.n	100060fc <xQueueGenericSend+0x1b4>
100060d8:	1e6b      	subs	r3, r5, #1
100060da:	b2da      	uxtb	r2, r3
100060dc:	b25d      	sxtb	r5, r3
100060de:	b16a      	cbz	r2, 100060fc <xQueueGenericSend+0x1b4>
100060e0:	6923      	ldr	r3, [r4, #16]
100060e2:	b15b      	cbz	r3, 100060fc <xQueueGenericSend+0x1b4>
100060e4:	4648      	mov	r0, r9
100060e6:	f001 f8d9 	bl	1000729c <xTaskRemoveFromEventList>
100060ea:	2800      	cmp	r0, #0
100060ec:	d0f4      	beq.n	100060d8 <xQueueGenericSend+0x190>
100060ee:	f001 f979 	bl	100073e4 <vTaskMissedYield>
100060f2:	1e6b      	subs	r3, r5, #1
100060f4:	b2da      	uxtb	r2, r3
100060f6:	b25d      	sxtb	r5, r3
100060f8:	2a00      	cmp	r2, #0
100060fa:	d1f1      	bne.n	100060e0 <xQueueGenericSend+0x198>
100060fc:	23ff      	movs	r3, #255	@ 0xff
100060fe:	f884 3044 	strb.w	r3, [r4, #68]	@ 0x44
10006102:	f001 fc8b 	bl	10007a1c <vPortExitCritical>
10006106:	f000 fead 	bl	10006e64 <xTaskResumeAll>
1000610a:	2800      	cmp	r0, #0
1000610c:	d19c      	bne.n	10006048 <xQueueGenericSend+0x100>
1000610e:	f001 fc6b 	bl	100079e8 <vPortYield>
10006112:	e799      	b.n	10006048 <xQueueGenericSend+0x100>
10006114:	a802      	add	r0, sp, #8
10006116:	f001 f929 	bl	1000736c <vTaskInternalSetTimeOutState>
1000611a:	e72e      	b.n	10005f7a <xQueueGenericSend+0x32>
1000611c:	f001 fc7e 	bl	10007a1c <vPortExitCritical>
10006120:	2000      	movs	r0, #0
10006122:	b005      	add	sp, #20
10006124:	e8bd 83f0 	ldmia.w	sp!, {r4, r5, r6, r7, r8, r9, pc}
10006128:	f001 fc6a 	bl	10007a00 <vPortEnterCritical>
1000612c:	f894 3045 	ldrb.w	r3, [r4, #69]	@ 0x45
10006130:	b25d      	sxtb	r5, r3
10006132:	2d00      	cmp	r5, #0
10006134:	dd14      	ble.n	10006160 <xQueueGenericSend+0x218>
10006136:	f104 0624 	add.w	r6, r4, #36	@ 0x24
1000613a:	e003      	b.n	10006144 <xQueueGenericSend+0x1fc>
1000613c:	1e6b      	subs	r3, r5, #1
1000613e:	b2da      	uxtb	r2, r3
10006140:	b25d      	sxtb	r5, r3
10006142:	b16a      	cbz	r2, 10006160 <xQueueGenericSend+0x218>
10006144:	6a63      	ldr	r3, [r4, #36]	@ 0x24
10006146:	b15b      	cbz	r3, 10006160 <xQueueGenericSend+0x218>
10006148:	4630      	mov	r0, r6
1000614a:	f001 f8a7 	bl	1000729c <xTaskRemoveFromEventList>
1000614e:	2800      	cmp	r0, #0
10006150:	d0f4      	beq.n	1000613c <xQueueGenericSend+0x1f4>
10006152:	f001 f947 	bl	100073e4 <vTaskMissedYield>
10006156:	1e6b      	subs	r3, r5, #1
10006158:	b2da      	uxtb	r2, r3
1000615a:	b25d      	sxtb	r5, r3
1000615c:	2a00      	cmp	r2, #0
1000615e:	d1f1      	bne.n	10006144 <xQueueGenericSend+0x1fc>
10006160:	23ff      	movs	r3, #255	@ 0xff
10006162:	f884 3045 	strb.w	r3, [r4, #69]	@ 0x45
10006166:	f001 fc59 	bl	10007a1c <vPortExitCritical>
1000616a:	f001 fc49 	bl	10007a00 <vPortEnterCritical>
1000616e:	f894 3044 	ldrb.w	r3, [r4, #68]	@ 0x44
10006172:	b25d      	sxtb	r5, r3
10006174:	2d00      	cmp	r5, #0
10006176:	dd14      	ble.n	100061a2 <xQueueGenericSend+0x25a>
10006178:	f104 0610 	add.w	r6, r4, #16
1000617c:	e003      	b.n	10006186 <xQueueGenericSend+0x23e>
1000617e:	1e6b      	subs	r3, r5, #1
10006180:	b2da      	uxtb	r2, r3
10006182:	b25d      	sxtb	r5, r3
10006184:	b16a      	cbz	r2, 100061a2 <xQueueGenericSend+0x25a>
10006186:	6923      	ldr	r3, [r4, #16]
10006188:	b15b      	cbz	r3, 100061a2 <xQueueGenericSend+0x25a>
1000618a:	4630      	mov	r0, r6
1000618c:	f001 f886 	bl	1000729c <xTaskRemoveFromEventList>
10006190:	2800      	cmp	r0, #0
10006192:	d0f4      	beq.n	1000617e <xQueueGenericSend+0x236>
10006194:	f001 f926 	bl	100073e4 <vTaskMissedYield>
10006198:	1e6b      	subs	r3, r5, #1
1000619a:	b2da      	uxtb	r2, r3
1000619c:	b25d      	sxtb	r5, r3
1000619e:	2a00      	cmp	r2, #0
100061a0:	d1f1      	bne.n	10006186 <xQueueGenericSend+0x23e>
100061a2:	23ff      	movs	r3, #255	@ 0xff
100061a4:	f884 3044 	strb.w	r3, [r4, #68]	@ 0x44
100061a8:	f001 fc38 	bl	10007a1c <vPortExitCritical>
100061ac:	f000 fe5a 	bl	10006e64 <xTaskResumeAll>
100061b0:	e7b6      	b.n	10006120 <xQueueGenericSend+0x1d8>
100061b2:	f001 fc19 	bl	100079e8 <vPortYield>
100061b6:	e75a      	b.n	1000606e <xQueueGenericSend+0x126>
100061b8:	f104 0024 	add.w	r0, r4, #36	@ 0x24
100061bc:	f001 f86e 	bl	1000729c <xTaskRemoveFromEventList>
100061c0:	2800      	cmp	r0, #0
100061c2:	f43f af54 	beq.w	1000606e <xQueueGenericSend+0x126>
100061c6:	e7f4      	b.n	100061b2 <xQueueGenericSend+0x26a>

100061c8 <xQueueCreateMutex>:
100061c8:	b538      	push	{r3, r4, r5, lr}
100061ca:	2048      	movs	r0, #72	@ 0x48
100061cc:	f001 fbbe 	bl	1000794c <pvPortMalloc>
100061d0:	4604      	mov	r4, r0
100061d2:	b350      	cbz	r0, 1000622a <xQueueCreateMutex+0x62>
100061d4:	2500      	movs	r5, #0
100061d6:	2301      	movs	r3, #1
100061d8:	6020      	str	r0, [r4, #0]
100061da:	e9c0 350f 	strd	r3, r5, [r0, #60]	@ 0x3c
100061de:	f001 fc0f 	bl	10007a00 <vPortEnterCritical>
100061e2:	e9d4 310f 	ldrd	r3, r1, [r4, #60]	@ 0x3c
100061e6:	20ff      	movs	r0, #255	@ 0xff
100061e8:	fb01 f303 	mul.w	r3, r1, r3
100061ec:	6822      	ldr	r2, [r4, #0]
100061ee:	1a59      	subs	r1, r3, r1
100061f0:	6062      	str	r2, [r4, #4]
100061f2:	4413      	add	r3, r2
100061f4:	440a      	add	r2, r1
100061f6:	e9c4 3202 	strd	r3, r2, [r4, #8]
100061fa:	63a5      	str	r5, [r4, #56]	@ 0x38
100061fc:	f884 0044 	strb.w	r0, [r4, #68]	@ 0x44
10006200:	f884 0045 	strb.w	r0, [r4, #69]	@ 0x45
10006204:	f104 0010 	add.w	r0, r4, #16
10006208:	f001 fd72 	bl	10007cf0 <vListInitialise>
1000620c:	f104 0024 	add.w	r0, r4, #36	@ 0x24
10006210:	f001 fd6e 	bl	10007cf0 <vListInitialise>
10006214:	f001 fc02 	bl	10007a1c <vPortExitCritical>
10006218:	462b      	mov	r3, r5
1000621a:	462a      	mov	r2, r5
1000621c:	4629      	mov	r1, r5
1000621e:	4620      	mov	r0, r4
10006220:	60a5      	str	r5, [r4, #8]
10006222:	6025      	str	r5, [r4, #0]
10006224:	60e5      	str	r5, [r4, #12]
10006226:	f7ff fe8f 	bl	10005f48 <xQueueGenericSend>
1000622a:	4620      	mov	r0, r4
1000622c:	bd38      	pop	{r3, r4, r5, pc}
1000622e:	bf00      	nop

10006230 <xQueueReceive>:
10006230:	e92d 43f0 	stmdb	sp!, {r4, r5, r6, r7, r8, r9, lr}
10006234:	4604      	mov	r4, r0
10006236:	b085      	sub	sp, #20
10006238:	4688      	mov	r8, r1
1000623a:	9201      	str	r2, [sp, #4]
1000623c:	f001 fbe0 	bl	10007a00 <vPortEnterCritical>
10006240:	6ba5      	ldr	r5, [r4, #56]	@ 0x38
10006242:	2d00      	cmp	r5, #0
10006244:	f040 8117 	bne.w	10006476 <xQueueReceive+0x246>
10006248:	9b01      	ldr	r3, [sp, #4]
1000624a:	2b00      	cmp	r3, #0
1000624c:	f000 80c6 	beq.w	100063dc <xQueueReceive+0x1ac>
10006250:	a802      	add	r0, sp, #8
10006252:	f001 f88b 	bl	1000736c <vTaskInternalSetTimeOutState>
10006256:	462f      	mov	r7, r5
10006258:	f104 0624 	add.w	r6, r4, #36	@ 0x24
1000625c:	f001 fbde 	bl	10007a1c <vPortExitCritical>
10006260:	f000 fdf8 	bl	10006e54 <vTaskSuspendAll>
10006264:	f001 fbcc 	bl	10007a00 <vPortEnterCritical>
10006268:	f894 3044 	ldrb.w	r3, [r4, #68]	@ 0x44
1000626c:	2bff      	cmp	r3, #255	@ 0xff
1000626e:	bf08      	it	eq
10006270:	f884 7044 	strbeq.w	r7, [r4, #68]	@ 0x44
10006274:	f894 3045 	ldrb.w	r3, [r4, #69]	@ 0x45
10006278:	2bff      	cmp	r3, #255	@ 0xff
1000627a:	bf08      	it	eq
1000627c:	f884 7045 	strbeq.w	r7, [r4, #69]	@ 0x45
10006280:	f001 fbcc 	bl	10007a1c <vPortExitCritical>
10006284:	a901      	add	r1, sp, #4
10006286:	a802      	add	r0, sp, #8
10006288:	f001 f87c 	bl	10007384 <xTaskCheckForTimeOut>
1000628c:	2800      	cmp	r0, #0
1000628e:	d154      	bne.n	1000633a <xQueueReceive+0x10a>
10006290:	f001 fbb6 	bl	10007a00 <vPortEnterCritical>
10006294:	6ba3      	ldr	r3, [r4, #56]	@ 0x38
10006296:	2b00      	cmp	r3, #0
10006298:	f040 80a6 	bne.w	100063e8 <xQueueReceive+0x1b8>
1000629c:	f104 0924 	add.w	r9, r4, #36	@ 0x24
100062a0:	f001 fbbc 	bl	10007a1c <vPortExitCritical>
100062a4:	4648      	mov	r0, r9
100062a6:	9901      	ldr	r1, [sp, #4]
100062a8:	f000 ff46 	bl	10007138 <vTaskPlaceOnEventList>
100062ac:	f001 fba8 	bl	10007a00 <vPortEnterCritical>
100062b0:	f894 3045 	ldrb.w	r3, [r4, #69]	@ 0x45
100062b4:	b25d      	sxtb	r5, r3
100062b6:	2d00      	cmp	r5, #0
100062b8:	dc04      	bgt.n	100062c4 <xQueueReceive+0x94>
100062ba:	e011      	b.n	100062e0 <xQueueReceive+0xb0>
100062bc:	1e6b      	subs	r3, r5, #1
100062be:	b2da      	uxtb	r2, r3
100062c0:	b25d      	sxtb	r5, r3
100062c2:	b16a      	cbz	r2, 100062e0 <xQueueReceive+0xb0>
100062c4:	6a63      	ldr	r3, [r4, #36]	@ 0x24
100062c6:	b15b      	cbz	r3, 100062e0 <xQueueReceive+0xb0>
100062c8:	4648      	mov	r0, r9
100062ca:	f000 ffe7 	bl	1000729c <xTaskRemoveFromEventList>
100062ce:	2800      	cmp	r0, #0
100062d0:	d0f4      	beq.n	100062bc <xQueueReceive+0x8c>
100062d2:	f001 f887 	bl	100073e4 <vTaskMissedYield>
100062d6:	1e6b      	subs	r3, r5, #1
100062d8:	b2da      	uxtb	r2, r3
100062da:	b25d      	sxtb	r5, r3
100062dc:	2a00      	cmp	r2, #0
100062de:	d1f1      	bne.n	100062c4 <xQueueReceive+0x94>
100062e0:	23ff      	movs	r3, #255	@ 0xff
100062e2:	f884 3045 	strb.w	r3, [r4, #69]	@ 0x45
100062e6:	f001 fb99 	bl	10007a1c <vPortExitCritical>
100062ea:	f001 fb89 	bl	10007a00 <vPortEnterCritical>
100062ee:	f894 3044 	ldrb.w	r3, [r4, #68]	@ 0x44
100062f2:	b25d      	sxtb	r5, r3
100062f4:	2d00      	cmp	r5, #0
100062f6:	dd14      	ble.n	10006322 <xQueueReceive+0xf2>
100062f8:	f104 0910 	add.w	r9, r4, #16
100062fc:	e003      	b.n	10006306 <xQueueReceive+0xd6>
100062fe:	1e6b      	subs	r3, r5, #1
10006300:	b2da      	uxtb	r2, r3
10006302:	b25d      	sxtb	r5, r3
10006304:	b16a      	cbz	r2, 10006322 <xQueueReceive+0xf2>
10006306:	6923      	ldr	r3, [r4, #16]
10006308:	b15b      	cbz	r3, 10006322 <xQueueReceive+0xf2>
1000630a:	4648      	mov	r0, r9
1000630c:	f000 ffc6 	bl	1000729c <xTaskRemoveFromEventList>
10006310:	2800      	cmp	r0, #0
10006312:	d0f4      	beq.n	100062fe <xQueueReceive+0xce>
10006314:	f001 f866 	bl	100073e4 <vTaskMissedYield>
10006318:	1e6b      	subs	r3, r5, #1
1000631a:	b2da      	uxtb	r2, r3
1000631c:	b25d      	sxtb	r5, r3
1000631e:	2a00      	cmp	r2, #0
10006320:	d1f1      	bne.n	10006306 <xQueueReceive+0xd6>
10006322:	23ff      	movs	r3, #255	@ 0xff
10006324:	f884 3044 	strb.w	r3, [r4, #68]	@ 0x44
10006328:	f001 fb78 	bl	10007a1c <vPortExitCritical>
1000632c:	f000 fd9a 	bl	10006e64 <xTaskResumeAll>
10006330:	2800      	cmp	r0, #0
10006332:	d14a      	bne.n	100063ca <xQueueReceive+0x19a>
10006334:	f001 fb58 	bl	100079e8 <vPortYield>
10006338:	e047      	b.n	100063ca <xQueueReceive+0x19a>
1000633a:	f001 fb61 	bl	10007a00 <vPortEnterCritical>
1000633e:	f894 3045 	ldrb.w	r3, [r4, #69]	@ 0x45
10006342:	b25d      	sxtb	r5, r3
10006344:	2d00      	cmp	r5, #0
10006346:	dc04      	bgt.n	10006352 <xQueueReceive+0x122>
10006348:	e011      	b.n	1000636e <xQueueReceive+0x13e>
1000634a:	1e6b      	subs	r3, r5, #1
1000634c:	b2da      	uxtb	r2, r3
1000634e:	b25d      	sxtb	r5, r3
10006350:	b16a      	cbz	r2, 1000636e <xQueueReceive+0x13e>
10006352:	6a63      	ldr	r3, [r4, #36]	@ 0x24
10006354:	b15b      	cbz	r3, 1000636e <xQueueReceive+0x13e>
10006356:	4630      	mov	r0, r6
10006358:	f000 ffa0 	bl	1000729c <xTaskRemoveFromEventList>
1000635c:	2800      	cmp	r0, #0
1000635e:	d0f4      	beq.n	1000634a <xQueueReceive+0x11a>
10006360:	f001 f840 	bl	100073e4 <vTaskMissedYield>
10006364:	1e6b      	subs	r3, r5, #1
10006366:	b2da      	uxtb	r2, r3
10006368:	b25d      	sxtb	r5, r3
1000636a:	2a00      	cmp	r2, #0
1000636c:	d1f1      	bne.n	10006352 <xQueueReceive+0x122>
1000636e:	23ff      	movs	r3, #255	@ 0xff
10006370:	f884 3045 	strb.w	r3, [r4, #69]	@ 0x45
10006374:	f001 fb52 	bl	10007a1c <vPortExitCritical>
10006378:	f001 fb42 	bl	10007a00 <vPortEnterCritical>
1000637c:	f894 3044 	ldrb.w	r3, [r4, #68]	@ 0x44
10006380:	b25d      	sxtb	r5, r3
10006382:	2d00      	cmp	r5, #0
10006384:	dd14      	ble.n	100063b0 <xQueueReceive+0x180>
10006386:	f104 0910 	add.w	r9, r4, #16
1000638a:	e003      	b.n	10006394 <xQueueReceive+0x164>
1000638c:	1e6b      	subs	r3, r5, #1
1000638e:	b2da      	uxtb	r2, r3
10006390:	b25d      	sxtb	r5, r3
10006392:	b16a      	cbz	r2, 100063b0 <xQueueReceive+0x180>
10006394:	6923      	ldr	r3, [r4, #16]
10006396:	b15b      	cbz	r3, 100063b0 <xQueueReceive+0x180>
10006398:	4648      	mov	r0, r9
1000639a:	f000 ff7f 	bl	1000729c <xTaskRemoveFromEventList>
1000639e:	2800      	cmp	r0, #0
100063a0:	d0f4      	beq.n	1000638c <xQueueReceive+0x15c>
100063a2:	f001 f81f 	bl	100073e4 <vTaskMissedYield>
100063a6:	1e6b      	subs	r3, r5, #1
100063a8:	b2da      	uxtb	r2, r3
100063aa:	b25d      	sxtb	r5, r3
100063ac:	2a00      	cmp	r2, #0
100063ae:	d1f1      	bne.n	10006394 <xQueueReceive+0x164>
100063b0:	23ff      	movs	r3, #255	@ 0xff
100063b2:	f884 3044 	strb.w	r3, [r4, #68]	@ 0x44
100063b6:	f001 fb31 	bl	10007a1c <vPortExitCritical>
100063ba:	f000 fd53 	bl	10006e64 <xTaskResumeAll>
100063be:	f001 fb1f 	bl	10007a00 <vPortEnterCritical>
100063c2:	6ba3      	ldr	r3, [r4, #56]	@ 0x38
100063c4:	b153      	cbz	r3, 100063dc <xQueueReceive+0x1ac>
100063c6:	f001 fb29 	bl	10007a1c <vPortExitCritical>
100063ca:	f001 fb19 	bl	10007a00 <vPortEnterCritical>
100063ce:	6ba5      	ldr	r5, [r4, #56]	@ 0x38
100063d0:	2d00      	cmp	r5, #0
100063d2:	d150      	bne.n	10006476 <xQueueReceive+0x246>
100063d4:	9b01      	ldr	r3, [sp, #4]
100063d6:	2b00      	cmp	r3, #0
100063d8:	f47f af40 	bne.w	1000625c <xQueueReceive+0x2c>
100063dc:	f001 fb1e 	bl	10007a1c <vPortExitCritical>
100063e0:	2000      	movs	r0, #0
100063e2:	b005      	add	sp, #20
100063e4:	e8bd 83f0 	ldmia.w	sp!, {r4, r5, r6, r7, r8, r9, pc}
100063e8:	f001 fb18 	bl	10007a1c <vPortExitCritical>
100063ec:	f001 fb08 	bl	10007a00 <vPortEnterCritical>
100063f0:	f894 3045 	ldrb.w	r3, [r4, #69]	@ 0x45
100063f4:	b25d      	sxtb	r5, r3
100063f6:	2d00      	cmp	r5, #0
100063f8:	dd14      	ble.n	10006424 <xQueueReceive+0x1f4>
100063fa:	f104 0924 	add.w	r9, r4, #36	@ 0x24
100063fe:	e003      	b.n	10006408 <xQueueReceive+0x1d8>
10006400:	1e6b      	subs	r3, r5, #1
10006402:	b2da      	uxtb	r2, r3
10006404:	b25d      	sxtb	r5, r3
10006406:	b16a      	cbz	r2, 10006424 <xQueueReceive+0x1f4>
10006408:	6a63      	ldr	r3, [r4, #36]	@ 0x24
1000640a:	b15b      	cbz	r3, 10006424 <xQueueReceive+0x1f4>
1000640c:	4648      	mov	r0, r9
1000640e:	f000 ff45 	bl	1000729c <xTaskRemoveFromEventList>
10006412:	2800      	cmp	r0, #0
10006414:	d0f4      	beq.n	10006400 <xQueueReceive+0x1d0>
10006416:	f000 ffe5 	bl	100073e4 <vTaskMissedYield>
1000641a:	1e6b      	subs	r3, r5, #1
1000641c:	b2da      	uxtb	r2, r3
1000641e:	b25d      	sxtb	r5, r3
10006420:	2a00      	cmp	r2, #0
10006422:	d1f1      	bne.n	10006408 <xQueueReceive+0x1d8>
10006424:	23ff      	movs	r3, #255	@ 0xff
10006426:	f884 3045 	strb.w	r3, [r4, #69]	@ 0x45
1000642a:	f001 faf7 	bl	10007a1c <vPortExitCritical>
1000642e:	f001 fae7 	bl	10007a00 <vPortEnterCritical>
10006432:	f894 3044 	ldrb.w	r3, [r4, #68]	@ 0x44
10006436:	b25d      	sxtb	r5, r3
10006438:	2d00      	cmp	r5, #0
1000643a:	dd14      	ble.n	10006466 <xQueueReceive+0x236>
1000643c:	f104 0910 	add.w	r9, r4, #16
10006440:	e003      	b.n	1000644a <xQueueReceive+0x21a>
10006442:	1e6b      	subs	r3, r5, #1
10006444:	b2da      	uxtb	r2, r3
10006446:	b25d      	sxtb	r5, r3
10006448:	b16a      	cbz	r2, 10006466 <xQueueReceive+0x236>
1000644a:	6923      	ldr	r3, [r4, #16]
1000644c:	b15b      	cbz	r3, 10006466 <xQueueReceive+0x236>
1000644e:	4648      	mov	r0, r9
10006450:	f000 ff24 	bl	1000729c <xTaskRemoveFromEventList>
10006454:	2800      	cmp	r0, #0
10006456:	d0f4      	beq.n	10006442 <xQueueReceive+0x212>
10006458:	f000 ffc4 	bl	100073e4 <vTaskMissedYield>
1000645c:	1e6b      	subs	r3, r5, #1
1000645e:	b2da      	uxtb	r2, r3
10006460:	b25d      	sxtb	r5, r3
10006462:	2a00      	cmp	r2, #0
10006464:	d1f1      	bne.n	1000644a <xQueueReceive+0x21a>
10006466:	23ff      	movs	r3, #255	@ 0xff
10006468:	f884 3044 	strb.w	r3, [r4, #68]	@ 0x44
1000646c:	f001 fad6 	bl	10007a1c <vPortExitCritical>
10006470:	f000 fcf8 	bl	10006e64 <xTaskResumeAll>
10006474:	e7a9      	b.n	100063ca <xQueueReceive+0x19a>
10006476:	6c22      	ldr	r2, [r4, #64]	@ 0x40
10006478:	b15a      	cbz	r2, 10006492 <xQueueReceive+0x262>
1000647a:	68e1      	ldr	r1, [r4, #12]
1000647c:	68a3      	ldr	r3, [r4, #8]
1000647e:	4411      	add	r1, r2
10006480:	4299      	cmp	r1, r3
10006482:	60e1      	str	r1, [r4, #12]
10006484:	bf28      	it	cs
10006486:	6821      	ldrcs	r1, [r4, #0]
10006488:	4640      	mov	r0, r8
1000648a:	bf28      	it	cs
1000648c:	60e1      	strcs	r1, [r4, #12]
1000648e:	f001 ffbb 	bl	10008408 <memcpy>
10006492:	6923      	ldr	r3, [r4, #16]
10006494:	3d01      	subs	r5, #1
10006496:	63a5      	str	r5, [r4, #56]	@ 0x38
10006498:	b92b      	cbnz	r3, 100064a6 <xQueueReceive+0x276>
1000649a:	f001 fabf 	bl	10007a1c <vPortExitCritical>
1000649e:	2001      	movs	r0, #1
100064a0:	b005      	add	sp, #20
100064a2:	e8bd 83f0 	ldmia.w	sp!, {r4, r5, r6, r7, r8, r9, pc}
100064a6:	f104 0010 	add.w	r0, r4, #16
100064aa:	f000 fef7 	bl	1000729c <xTaskRemoveFromEventList>
100064ae:	2800      	cmp	r0, #0
100064b0:	d0f3      	beq.n	1000649a <xQueueReceive+0x26a>
100064b2:	f001 fa99 	bl	100079e8 <vPortYield>
100064b6:	e7f0      	b.n	1000649a <xQueueReceive+0x26a>

100064b8 <xQueueSemaphoreTake>:
100064b8:	e92d 43f0 	stmdb	sp!, {r4, r5, r6, r7, r8, r9, lr}
100064bc:	4604      	mov	r4, r0
100064be:	b085      	sub	sp, #20
100064c0:	9101      	str	r1, [sp, #4]
100064c2:	f001 fa9d 	bl	10007a00 <vPortEnterCritical>
100064c6:	6ba5      	ldr	r5, [r4, #56]	@ 0x38
100064c8:	2d00      	cmp	r5, #0
100064ca:	f040 813b 	bne.w	10006744 <xQueueSemaphoreTake+0x28c>
100064ce:	9b01      	ldr	r3, [sp, #4]
100064d0:	2b00      	cmp	r3, #0
100064d2:	f000 8081 	beq.w	100065d8 <xQueueSemaphoreTake+0x120>
100064d6:	a802      	add	r0, sp, #8
100064d8:	f000 ff48 	bl	1000736c <vTaskInternalSetTimeOutState>
100064dc:	462f      	mov	r7, r5
100064de:	46a8      	mov	r8, r5
100064e0:	f104 0624 	add.w	r6, r4, #36	@ 0x24
100064e4:	f001 fa9a 	bl	10007a1c <vPortExitCritical>
100064e8:	f000 fcb4 	bl	10006e54 <vTaskSuspendAll>
100064ec:	f001 fa88 	bl	10007a00 <vPortEnterCritical>
100064f0:	f894 3044 	ldrb.w	r3, [r4, #68]	@ 0x44
100064f4:	2bff      	cmp	r3, #255	@ 0xff
100064f6:	bf08      	it	eq
100064f8:	f884 8044 	strbeq.w	r8, [r4, #68]	@ 0x44
100064fc:	f894 3045 	ldrb.w	r3, [r4, #69]	@ 0x45
10006500:	2bff      	cmp	r3, #255	@ 0xff
10006502:	bf08      	it	eq
10006504:	f884 8045 	strbeq.w	r8, [r4, #69]	@ 0x45
10006508:	f001 fa88 	bl	10007a1c <vPortExitCritical>
1000650c:	a901      	add	r1, sp, #4
1000650e:	a802      	add	r0, sp, #8
10006510:	f000 ff38 	bl	10007384 <xTaskCheckForTimeOut>
10006514:	2800      	cmp	r0, #0
10006516:	d162      	bne.n	100065de <xQueueSemaphoreTake+0x126>
10006518:	f001 fa72 	bl	10007a00 <vPortEnterCritical>
1000651c:	6ba3      	ldr	r3, [r4, #56]	@ 0x38
1000651e:	2b00      	cmp	r3, #0
10006520:	f040 80ac 	bne.w	1000667c <xQueueSemaphoreTake+0x1c4>
10006524:	f001 fa7a 	bl	10007a1c <vPortExitCritical>
10006528:	6823      	ldr	r3, [r4, #0]
1000652a:	2b00      	cmp	r3, #0
1000652c:	f000 8101 	beq.w	10006732 <xQueueSemaphoreTake+0x27a>
10006530:	f104 0924 	add.w	r9, r4, #36	@ 0x24
10006534:	4648      	mov	r0, r9
10006536:	9901      	ldr	r1, [sp, #4]
10006538:	f000 fdfe 	bl	10007138 <vTaskPlaceOnEventList>
1000653c:	f001 fa60 	bl	10007a00 <vPortEnterCritical>
10006540:	f894 3045 	ldrb.w	r3, [r4, #69]	@ 0x45
10006544:	b25d      	sxtb	r5, r3
10006546:	2d00      	cmp	r5, #0
10006548:	dc04      	bgt.n	10006554 <xQueueSemaphoreTake+0x9c>
1000654a:	e011      	b.n	10006570 <xQueueSemaphoreTake+0xb8>
1000654c:	1e6b      	subs	r3, r5, #1
1000654e:	b2da      	uxtb	r2, r3
10006550:	b25d      	sxtb	r5, r3
10006552:	b16a      	cbz	r2, 10006570 <xQueueSemaphoreTake+0xb8>
10006554:	6a63      	ldr	r3, [r4, #36]	@ 0x24
10006556:	b15b      	cbz	r3, 10006570 <xQueueSemaphoreTake+0xb8>
10006558:	4648      	mov	r0, r9
1000655a:	f000 fe9f 	bl	1000729c <xTaskRemoveFromEventList>
1000655e:	2800      	cmp	r0, #0
10006560:	d0f4      	beq.n	1000654c <xQueueSemaphoreTake+0x94>
10006562:	f000 ff3f 	bl	100073e4 <vTaskMissedYield>
10006566:	1e6b      	subs	r3, r5, #1
10006568:	b2da      	uxtb	r2, r3
1000656a:	b25d      	sxtb	r5, r3
1000656c:	2a00      	cmp	r2, #0
1000656e:	d1f1      	bne.n	10006554 <xQueueSemaphoreTake+0x9c>
10006570:	23ff      	movs	r3, #255	@ 0xff
10006572:	f884 3045 	strb.w	r3, [r4, #69]	@ 0x45
10006576:	f001 fa51 	bl	10007a1c <vPortExitCritical>
1000657a:	f001 fa41 	bl	10007a00 <vPortEnterCritical>
1000657e:	f894 3044 	ldrb.w	r3, [r4, #68]	@ 0x44
10006582:	b25d      	sxtb	r5, r3
10006584:	2d00      	cmp	r5, #0
10006586:	dd14      	ble.n	100065b2 <xQueueSemaphoreTake+0xfa>
10006588:	f104 0910 	add.w	r9, r4, #16
1000658c:	e003      	b.n	10006596 <xQueueSemaphoreTake+0xde>
1000658e:	1e6b      	subs	r3, r5, #1
10006590:	b2da      	uxtb	r2, r3
10006592:	b25d      	sxtb	r5, r3
10006594:	b16a      	cbz	r2, 100065b2 <xQueueSemaphoreTake+0xfa>
10006596:	6923      	ldr	r3, [r4, #16]
10006598:	b15b      	cbz	r3, 100065b2 <xQueueSemaphoreTake+0xfa>
1000659a:	4648      	mov	r0, r9
1000659c:	f000 fe7e 	bl	1000729c <xTaskRemoveFromEventList>
100065a0:	2800      	cmp	r0, #0
100065a2:	d0f4      	beq.n	1000658e <xQueueSemaphoreTake+0xd6>
100065a4:	f000 ff1e 	bl	100073e4 <vTaskMissedYield>
100065a8:	1e6b      	subs	r3, r5, #1
100065aa:	b2da      	uxtb	r2, r3
100065ac:	b25d      	sxtb	r5, r3
100065ae:	2a00      	cmp	r2, #0
100065b0:	d1f1      	bne.n	10006596 <xQueueSemaphoreTake+0xde>
100065b2:	23ff      	movs	r3, #255	@ 0xff
100065b4:	f884 3044 	strb.w	r3, [r4, #68]	@ 0x44
100065b8:	f001 fa30 	bl	10007a1c <vPortExitCritical>
100065bc:	f000 fc52 	bl	10006e64 <xTaskResumeAll>
100065c0:	2800      	cmp	r0, #0
100065c2:	f000 80a5 	beq.w	10006710 <xQueueSemaphoreTake+0x258>
100065c6:	f001 fa1b 	bl	10007a00 <vPortEnterCritical>
100065ca:	6ba5      	ldr	r5, [r4, #56]	@ 0x38
100065cc:	2d00      	cmp	r5, #0
100065ce:	f040 80b9 	bne.w	10006744 <xQueueSemaphoreTake+0x28c>
100065d2:	9b01      	ldr	r3, [sp, #4]
100065d4:	2b00      	cmp	r3, #0
100065d6:	d185      	bne.n	100064e4 <xQueueSemaphoreTake+0x2c>
100065d8:	f001 fa20 	bl	10007a1c <vPortExitCritical>
100065dc:	e04a      	b.n	10006674 <xQueueSemaphoreTake+0x1bc>
100065de:	f001 fa0f 	bl	10007a00 <vPortEnterCritical>
100065e2:	f894 3045 	ldrb.w	r3, [r4, #69]	@ 0x45
100065e6:	b25d      	sxtb	r5, r3
100065e8:	2d00      	cmp	r5, #0
100065ea:	dc04      	bgt.n	100065f6 <xQueueSemaphoreTake+0x13e>
100065ec:	e011      	b.n	10006612 <xQueueSemaphoreTake+0x15a>
100065ee:	1e6b      	subs	r3, r5, #1
100065f0:	b2da      	uxtb	r2, r3
100065f2:	b25d      	sxtb	r5, r3
100065f4:	b16a      	cbz	r2, 10006612 <xQueueSemaphoreTake+0x15a>
100065f6:	6a63      	ldr	r3, [r4, #36]	@ 0x24
100065f8:	b15b      	cbz	r3, 10006612 <xQueueSemaphoreTake+0x15a>
100065fa:	4630      	mov	r0, r6
100065fc:	f000 fe4e 	bl	1000729c <xTaskRemoveFromEventList>
10006600:	2800      	cmp	r0, #0
10006602:	d0f4      	beq.n	100065ee <xQueueSemaphoreTake+0x136>
10006604:	f000 feee 	bl	100073e4 <vTaskMissedYield>
10006608:	1e6b      	subs	r3, r5, #1
1000660a:	b2da      	uxtb	r2, r3
1000660c:	b25d      	sxtb	r5, r3
1000660e:	2a00      	cmp	r2, #0
10006610:	d1f1      	bne.n	100065f6 <xQueueSemaphoreTake+0x13e>
10006612:	23ff      	movs	r3, #255	@ 0xff
10006614:	f884 3045 	strb.w	r3, [r4, #69]	@ 0x45
10006618:	f001 fa00 	bl	10007a1c <vPortExitCritical>
1000661c:	f001 f9f0 	bl	10007a00 <vPortEnterCritical>
10006620:	f894 3044 	ldrb.w	r3, [r4, #68]	@ 0x44
10006624:	b25d      	sxtb	r5, r3
10006626:	2d00      	cmp	r5, #0
10006628:	dd14      	ble.n	10006654 <xQueueSemaphoreTake+0x19c>
1000662a:	f104 0910 	add.w	r9, r4, #16
1000662e:	e003      	b.n	10006638 <xQueueSemaphoreTake+0x180>
10006630:	1e6b      	subs	r3, r5, #1
10006632:	b2da      	uxtb	r2, r3
10006634:	b25d      	sxtb	r5, r3
10006636:	b16a      	cbz	r2, 10006654 <xQueueSemaphoreTake+0x19c>
10006638:	6923      	ldr	r3, [r4, #16]
1000663a:	b15b      	cbz	r3, 10006654 <xQueueSemaphoreTake+0x19c>
1000663c:	4648      	mov	r0, r9
1000663e:	f000 fe2d 	bl	1000729c <xTaskRemoveFromEventList>
10006642:	2800      	cmp	r0, #0
10006644:	d0f4      	beq.n	10006630 <xQueueSemaphoreTake+0x178>
10006646:	f000 fecd 	bl	100073e4 <vTaskMissedYield>
1000664a:	1e6b      	subs	r3, r5, #1
1000664c:	b2da      	uxtb	r2, r3
1000664e:	b25d      	sxtb	r5, r3
10006650:	2a00      	cmp	r2, #0
10006652:	d1f1      	bne.n	10006638 <xQueueSemaphoreTake+0x180>
10006654:	23ff      	movs	r3, #255	@ 0xff
10006656:	f884 3044 	strb.w	r3, [r4, #68]	@ 0x44
1000665a:	f001 f9df 	bl	10007a1c <vPortExitCritical>
1000665e:	f000 fc01 	bl	10006e64 <xTaskResumeAll>
10006662:	f001 f9cd 	bl	10007a00 <vPortEnterCritical>
10006666:	6ba3      	ldr	r3, [r4, #56]	@ 0x38
10006668:	2b00      	cmp	r3, #0
1000666a:	d14e      	bne.n	1000670a <xQueueSemaphoreTake+0x252>
1000666c:	f001 f9d6 	bl	10007a1c <vPortExitCritical>
10006670:	2f00      	cmp	r7, #0
10006672:	d150      	bne.n	10006716 <xQueueSemaphoreTake+0x25e>
10006674:	2000      	movs	r0, #0
10006676:	b005      	add	sp, #20
10006678:	e8bd 83f0 	ldmia.w	sp!, {r4, r5, r6, r7, r8, r9, pc}
1000667c:	f001 f9ce 	bl	10007a1c <vPortExitCritical>
10006680:	f001 f9be 	bl	10007a00 <vPortEnterCritical>
10006684:	f894 3045 	ldrb.w	r3, [r4, #69]	@ 0x45
10006688:	b25d      	sxtb	r5, r3
1000668a:	2d00      	cmp	r5, #0
1000668c:	dd14      	ble.n	100066b8 <xQueueSemaphoreTake+0x200>
1000668e:	f104 0924 	add.w	r9, r4, #36	@ 0x24
10006692:	e003      	b.n	1000669c <xQueueSemaphoreTake+0x1e4>
10006694:	1e6b      	subs	r3, r5, #1
10006696:	b2da      	uxtb	r2, r3
10006698:	b25d      	sxtb	r5, r3
1000669a:	b16a      	cbz	r2, 100066b8 <xQueueSemaphoreTake+0x200>
1000669c:	6a63      	ldr	r3, [r4, #36]	@ 0x24
1000669e:	b15b      	cbz	r3, 100066b8 <xQueueSemaphoreTake+0x200>
100066a0:	4648      	mov	r0, r9
100066a2:	f000 fdfb 	bl	1000729c <xTaskRemoveFromEventList>
100066a6:	2800      	cmp	r0, #0
100066a8:	d0f4      	beq.n	10006694 <xQueueSemaphoreTake+0x1dc>
100066aa:	f000 fe9b 	bl	100073e4 <vTaskMissedYield>
100066ae:	1e6b      	subs	r3, r5, #1
100066b0:	b2da      	uxtb	r2, r3
100066b2:	b25d      	sxtb	r5, r3
100066b4:	2a00      	cmp	r2, #0
100066b6:	d1f1      	bne.n	1000669c <xQueueSemaphoreTake+0x1e4>
100066b8:	23ff      	movs	r3, #255	@ 0xff
100066ba:	f884 3045 	strb.w	r3, [r4, #69]	@ 0x45
100066be:	f001 f9ad 	bl	10007a1c <vPortExitCritical>
100066c2:	f001 f99d 	bl	10007a00 <vPortEnterCritical>
100066c6:	f894 3044 	ldrb.w	r3, [r4, #68]	@ 0x44
100066ca:	b25d      	sxtb	r5, r3
100066cc:	2d00      	cmp	r5, #0
100066ce:	dd14      	ble.n	100066fa <xQueueSemaphoreTake+0x242>
100066d0:	f104 0910 	add.w	r9, r4, #16
100066d4:	e003      	b.n	100066de <xQueueSemaphoreTake+0x226>
100066d6:	1e6b      	subs	r3, r5, #1
100066d8:	b2da      	uxtb	r2, r3
100066da:	b25d      	sxtb	r5, r3
100066dc:	b16a      	cbz	r2, 100066fa <xQueueSemaphoreTake+0x242>
100066de:	6923      	ldr	r3, [r4, #16]
100066e0:	b15b      	cbz	r3, 100066fa <xQueueSemaphoreTake+0x242>
100066e2:	4648      	mov	r0, r9
100066e4:	f000 fdda 	bl	1000729c <xTaskRemoveFromEventList>
100066e8:	2800      	cmp	r0, #0
100066ea:	d0f4      	beq.n	100066d6 <xQueueSemaphoreTake+0x21e>
100066ec:	f000 fe7a 	bl	100073e4 <vTaskMissedYield>
100066f0:	1e6b      	subs	r3, r5, #1
100066f2:	b2da      	uxtb	r2, r3
100066f4:	b25d      	sxtb	r5, r3
100066f6:	2a00      	cmp	r2, #0
100066f8:	d1f1      	bne.n	100066de <xQueueSemaphoreTake+0x226>
100066fa:	23ff      	movs	r3, #255	@ 0xff
100066fc:	f884 3044 	strb.w	r3, [r4, #68]	@ 0x44
10006700:	f001 f98c 	bl	10007a1c <vPortExitCritical>
10006704:	f000 fbae 	bl	10006e64 <xTaskResumeAll>
10006708:	e75d      	b.n	100065c6 <xQueueSemaphoreTake+0x10e>
1000670a:	f001 f987 	bl	10007a1c <vPortExitCritical>
1000670e:	e75a      	b.n	100065c6 <xQueueSemaphoreTake+0x10e>
10006710:	f001 f96a 	bl	100079e8 <vPortYield>
10006714:	e757      	b.n	100065c6 <xQueueSemaphoreTake+0x10e>
10006716:	f001 f973 	bl	10007a00 <vPortEnterCritical>
1000671a:	6a61      	ldr	r1, [r4, #36]	@ 0x24
1000671c:	b119      	cbz	r1, 10006726 <xQueueSemaphoreTake+0x26e>
1000671e:	6b23      	ldr	r3, [r4, #48]	@ 0x30
10006720:	6819      	ldr	r1, [r3, #0]
10006722:	f1c1 0106 	rsb	r1, r1, #6
10006726:	68a0      	ldr	r0, [r4, #8]
10006728:	f000 fee0 	bl	100074ec <vTaskPriorityDisinheritAfterTimeout>
1000672c:	f001 f976 	bl	10007a1c <vPortExitCritical>
10006730:	e7a0      	b.n	10006674 <xQueueSemaphoreTake+0x1bc>
10006732:	f001 f965 	bl	10007a00 <vPortEnterCritical>
10006736:	68a0      	ldr	r0, [r4, #8]
10006738:	f000 fe5a 	bl	100073f0 <xTaskPriorityInherit>
1000673c:	4607      	mov	r7, r0
1000673e:	f001 f96d 	bl	10007a1c <vPortExitCritical>
10006742:	e6f5      	b.n	10006530 <xQueueSemaphoreTake+0x78>
10006744:	6823      	ldr	r3, [r4, #0]
10006746:	3d01      	subs	r5, #1
10006748:	63a5      	str	r5, [r4, #56]	@ 0x38
1000674a:	b183      	cbz	r3, 1000676e <xQueueSemaphoreTake+0x2b6>
1000674c:	6923      	ldr	r3, [r4, #16]
1000674e:	b92b      	cbnz	r3, 1000675c <xQueueSemaphoreTake+0x2a4>
10006750:	f001 f964 	bl	10007a1c <vPortExitCritical>
10006754:	2001      	movs	r0, #1
10006756:	b005      	add	sp, #20
10006758:	e8bd 83f0 	ldmia.w	sp!, {r4, r5, r6, r7, r8, r9, pc}
1000675c:	f104 0010 	add.w	r0, r4, #16
10006760:	f000 fd9c 	bl	1000729c <xTaskRemoveFromEventList>
10006764:	2800      	cmp	r0, #0
10006766:	d0f3      	beq.n	10006750 <xQueueSemaphoreTake+0x298>
10006768:	f001 f93e 	bl	100079e8 <vPortYield>
1000676c:	e7f0      	b.n	10006750 <xQueueSemaphoreTake+0x298>
1000676e:	f000 fef9 	bl	10007564 <pvTaskIncrementMutexHeldCount>
10006772:	60a0      	str	r0, [r4, #8]
10006774:	e7ea      	b.n	1000674c <xQueueSemaphoreTake+0x294>
10006776:	bf00      	nop

10006778 <vQueueAddToRegistry>:
10006778:	2900      	cmp	r1, #0
1000677a:	d06b      	beq.n	10006854 <vQueueAddToRegistry+0xdc>
1000677c:	4b56      	ldr	r3, [pc, #344]	@ (100068d8 <vQueueAddToRegistry+0x160>)
1000677e:	685a      	ldr	r2, [r3, #4]
10006780:	4290      	cmp	r0, r2
10006782:	f000 808b 	beq.w	1000689c <vQueueAddToRegistry+0x124>
10006786:	681a      	ldr	r2, [r3, #0]
10006788:	b410      	push	{r4}
1000678a:	2a00      	cmp	r2, #0
1000678c:	d03b      	beq.n	10006806 <vQueueAddToRegistry+0x8e>
1000678e:	68da      	ldr	r2, [r3, #12]
10006790:	4290      	cmp	r0, r2
10006792:	f000 809e 	beq.w	100068d2 <vQueueAddToRegistry+0x15a>
10006796:	689a      	ldr	r2, [r3, #8]
10006798:	2a00      	cmp	r2, #0
1000679a:	d055      	beq.n	10006848 <vQueueAddToRegistry+0xd0>
1000679c:	695a      	ldr	r2, [r3, #20]
1000679e:	4290      	cmp	r0, r2
100067a0:	f000 8095 	beq.w	100068ce <vQueueAddToRegistry+0x156>
100067a4:	691a      	ldr	r2, [r3, #16]
100067a6:	2a00      	cmp	r2, #0
100067a8:	d055      	beq.n	10006856 <vQueueAddToRegistry+0xde>
100067aa:	69da      	ldr	r2, [r3, #28]
100067ac:	4290      	cmp	r0, r2
100067ae:	f000 8082 	beq.w	100068b6 <vQueueAddToRegistry+0x13e>
100067b2:	699a      	ldr	r2, [r3, #24]
100067b4:	2a00      	cmp	r2, #0
100067b6:	d054      	beq.n	10006862 <vQueueAddToRegistry+0xea>
100067b8:	6a5a      	ldr	r2, [r3, #36]	@ 0x24
100067ba:	4290      	cmp	r0, r2
100067bc:	d056      	beq.n	1000686c <vQueueAddToRegistry+0xf4>
100067be:	6a1a      	ldr	r2, [r3, #32]
100067c0:	2a00      	cmp	r2, #0
100067c2:	d057      	beq.n	10006874 <vQueueAddToRegistry+0xfc>
100067c4:	6ada      	ldr	r2, [r3, #44]	@ 0x2c
100067c6:	4290      	cmp	r0, r2
100067c8:	d077      	beq.n	100068ba <vQueueAddToRegistry+0x142>
100067ca:	6a9a      	ldr	r2, [r3, #40]	@ 0x28
100067cc:	2a00      	cmp	r2, #0
100067ce:	d056      	beq.n	1000687e <vQueueAddToRegistry+0x106>
100067d0:	6b5a      	ldr	r2, [r3, #52]	@ 0x34
100067d2:	4290      	cmp	r0, r2
100067d4:	d073      	beq.n	100068be <vQueueAddToRegistry+0x146>
100067d6:	6b1a      	ldr	r2, [r3, #48]	@ 0x30
100067d8:	2a00      	cmp	r2, #0
100067da:	d055      	beq.n	10006888 <vQueueAddToRegistry+0x110>
100067dc:	6bda      	ldr	r2, [r3, #60]	@ 0x3c
100067de:	4290      	cmp	r0, r2
100067e0:	d06f      	beq.n	100068c2 <vQueueAddToRegistry+0x14a>
100067e2:	6b9a      	ldr	r2, [r3, #56]	@ 0x38
100067e4:	2a00      	cmp	r2, #0
100067e6:	d054      	beq.n	10006892 <vQueueAddToRegistry+0x11a>
100067e8:	6c5a      	ldr	r2, [r3, #68]	@ 0x44
100067ea:	4290      	cmp	r0, r2
100067ec:	d06b      	beq.n	100068c6 <vQueueAddToRegistry+0x14e>
100067ee:	6c1a      	ldr	r2, [r3, #64]	@ 0x40
100067f0:	2a00      	cmp	r2, #0
100067f2:	d059      	beq.n	100068a8 <vQueueAddToRegistry+0x130>
100067f4:	6cda      	ldr	r2, [r3, #76]	@ 0x4c
100067f6:	4290      	cmp	r0, r2
100067f8:	d067      	beq.n	100068ca <vQueueAddToRegistry+0x152>
100067fa:	6c9b      	ldr	r3, [r3, #72]	@ 0x48
100067fc:	2b00      	cmp	r3, #0
100067fe:	d058      	beq.n	100068b2 <vQueueAddToRegistry+0x13a>
10006800:	f85d 4b04 	ldr.w	r4, [sp], #4
10006804:	4770      	bx	lr
10006806:	68da      	ldr	r2, [r3, #12]
10006808:	4290      	cmp	r0, r2
1000680a:	d062      	beq.n	100068d2 <vQueueAddToRegistry+0x15a>
1000680c:	695a      	ldr	r2, [r3, #20]
1000680e:	4290      	cmp	r0, r2
10006810:	d05d      	beq.n	100068ce <vQueueAddToRegistry+0x156>
10006812:	461a      	mov	r2, r3
10006814:	69dc      	ldr	r4, [r3, #28]
10006816:	42a0      	cmp	r0, r4
10006818:	d04d      	beq.n	100068b6 <vQueueAddToRegistry+0x13e>
1000681a:	6a5c      	ldr	r4, [r3, #36]	@ 0x24
1000681c:	42a0      	cmp	r0, r4
1000681e:	d025      	beq.n	1000686c <vQueueAddToRegistry+0xf4>
10006820:	6adc      	ldr	r4, [r3, #44]	@ 0x2c
10006822:	42a0      	cmp	r0, r4
10006824:	d049      	beq.n	100068ba <vQueueAddToRegistry+0x142>
10006826:	6b5c      	ldr	r4, [r3, #52]	@ 0x34
10006828:	42a0      	cmp	r0, r4
1000682a:	d048      	beq.n	100068be <vQueueAddToRegistry+0x146>
1000682c:	6bdc      	ldr	r4, [r3, #60]	@ 0x3c
1000682e:	42a0      	cmp	r0, r4
10006830:	d047      	beq.n	100068c2 <vQueueAddToRegistry+0x14a>
10006832:	6c5c      	ldr	r4, [r3, #68]	@ 0x44
10006834:	42a0      	cmp	r0, r4
10006836:	d046      	beq.n	100068c6 <vQueueAddToRegistry+0x14e>
10006838:	6cdc      	ldr	r4, [r3, #76]	@ 0x4c
1000683a:	42a0      	cmp	r0, r4
1000683c:	d045      	beq.n	100068ca <vQueueAddToRegistry+0x152>
1000683e:	e9c2 1000 	strd	r1, r0, [r2]
10006842:	f85d 4b04 	ldr.w	r4, [sp], #4
10006846:	4770      	bx	lr
10006848:	695a      	ldr	r2, [r3, #20]
1000684a:	4290      	cmp	r0, r2
1000684c:	d03f      	beq.n	100068ce <vQueueAddToRegistry+0x156>
1000684e:	f103 0208 	add.w	r2, r3, #8
10006852:	e7df      	b.n	10006814 <vQueueAddToRegistry+0x9c>
10006854:	4770      	bx	lr
10006856:	69da      	ldr	r2, [r3, #28]
10006858:	4290      	cmp	r0, r2
1000685a:	d02c      	beq.n	100068b6 <vQueueAddToRegistry+0x13e>
1000685c:	f103 0210 	add.w	r2, r3, #16
10006860:	e7db      	b.n	1000681a <vQueueAddToRegistry+0xa2>
10006862:	6a5a      	ldr	r2, [r3, #36]	@ 0x24
10006864:	4290      	cmp	r0, r2
10006866:	d001      	beq.n	1000686c <vQueueAddToRegistry+0xf4>
10006868:	4a1c      	ldr	r2, [pc, #112]	@ (100068dc <vQueueAddToRegistry+0x164>)
1000686a:	e7d9      	b.n	10006820 <vQueueAddToRegistry+0xa8>
1000686c:	2204      	movs	r2, #4
1000686e:	eb03 02c2 	add.w	r2, r3, r2, lsl #3
10006872:	e7e4      	b.n	1000683e <vQueueAddToRegistry+0xc6>
10006874:	6ada      	ldr	r2, [r3, #44]	@ 0x2c
10006876:	4290      	cmp	r0, r2
10006878:	d01f      	beq.n	100068ba <vQueueAddToRegistry+0x142>
1000687a:	4a19      	ldr	r2, [pc, #100]	@ (100068e0 <vQueueAddToRegistry+0x168>)
1000687c:	e7d3      	b.n	10006826 <vQueueAddToRegistry+0xae>
1000687e:	6b5a      	ldr	r2, [r3, #52]	@ 0x34
10006880:	4290      	cmp	r0, r2
10006882:	d01c      	beq.n	100068be <vQueueAddToRegistry+0x146>
10006884:	4a17      	ldr	r2, [pc, #92]	@ (100068e4 <vQueueAddToRegistry+0x16c>)
10006886:	e7d1      	b.n	1000682c <vQueueAddToRegistry+0xb4>
10006888:	6bda      	ldr	r2, [r3, #60]	@ 0x3c
1000688a:	4290      	cmp	r0, r2
1000688c:	d019      	beq.n	100068c2 <vQueueAddToRegistry+0x14a>
1000688e:	4a16      	ldr	r2, [pc, #88]	@ (100068e8 <vQueueAddToRegistry+0x170>)
10006890:	e7cf      	b.n	10006832 <vQueueAddToRegistry+0xba>
10006892:	6c5a      	ldr	r2, [r3, #68]	@ 0x44
10006894:	4290      	cmp	r0, r2
10006896:	d016      	beq.n	100068c6 <vQueueAddToRegistry+0x14e>
10006898:	4a14      	ldr	r2, [pc, #80]	@ (100068ec <vQueueAddToRegistry+0x174>)
1000689a:	e7cd      	b.n	10006838 <vQueueAddToRegistry+0xc0>
1000689c:	2200      	movs	r2, #0
1000689e:	eb03 02c2 	add.w	r2, r3, r2, lsl #3
100068a2:	e9c2 1000 	strd	r1, r0, [r2]
100068a6:	4770      	bx	lr
100068a8:	6cda      	ldr	r2, [r3, #76]	@ 0x4c
100068aa:	4290      	cmp	r0, r2
100068ac:	d00d      	beq.n	100068ca <vQueueAddToRegistry+0x152>
100068ae:	4a10      	ldr	r2, [pc, #64]	@ (100068f0 <vQueueAddToRegistry+0x178>)
100068b0:	e7c5      	b.n	1000683e <vQueueAddToRegistry+0xc6>
100068b2:	4a10      	ldr	r2, [pc, #64]	@ (100068f4 <vQueueAddToRegistry+0x17c>)
100068b4:	e7c3      	b.n	1000683e <vQueueAddToRegistry+0xc6>
100068b6:	2203      	movs	r2, #3
100068b8:	e7d9      	b.n	1000686e <vQueueAddToRegistry+0xf6>
100068ba:	2205      	movs	r2, #5
100068bc:	e7d7      	b.n	1000686e <vQueueAddToRegistry+0xf6>
100068be:	2206      	movs	r2, #6
100068c0:	e7d5      	b.n	1000686e <vQueueAddToRegistry+0xf6>
100068c2:	2207      	movs	r2, #7
100068c4:	e7d3      	b.n	1000686e <vQueueAddToRegistry+0xf6>
100068c6:	2208      	movs	r2, #8
100068c8:	e7d1      	b.n	1000686e <vQueueAddToRegistry+0xf6>
100068ca:	2209      	movs	r2, #9
100068cc:	e7cf      	b.n	1000686e <vQueueAddToRegistry+0xf6>
100068ce:	2202      	movs	r2, #2
100068d0:	e7cd      	b.n	1000686e <vQueueAddToRegistry+0xf6>
100068d2:	2201      	movs	r2, #1
100068d4:	e7cb      	b.n	1000686e <vQueueAddToRegistry+0xf6>
100068d6:	bf00      	nop
100068d8:	20001908 	.word	0x20001908
100068dc:	20001920 	.word	0x20001920
100068e0:	20001928 	.word	0x20001928
100068e4:	20001930 	.word	0x20001930
100068e8:	20001938 	.word	0x20001938
100068ec:	20001940 	.word	0x20001940
100068f0:	20001948 	.word	0x20001948
100068f4:	20001950 	.word	0x20001950

100068f8 <vQueueWaitForMessageRestricted>:
100068f8:	b570      	push	{r4, r5, r6, lr}
100068fa:	4605      	mov	r5, r0
100068fc:	460e      	mov	r6, r1
100068fe:	4614      	mov	r4, r2
10006900:	f001 f87e 	bl	10007a00 <vPortEnterCritical>
10006904:	f895 3044 	ldrb.w	r3, [r5, #68]	@ 0x44
10006908:	2bff      	cmp	r3, #255	@ 0xff
1000690a:	bf04      	itt	eq
1000690c:	2300      	moveq	r3, #0
1000690e:	f885 3044 	strbeq.w	r3, [r5, #68]	@ 0x44
10006912:	f895 3045 	ldrb.w	r3, [r5, #69]	@ 0x45
10006916:	2bff      	cmp	r3, #255	@ 0xff
10006918:	bf04      	itt	eq
1000691a:	2300      	moveq	r3, #0
1000691c:	f885 3045 	strbeq.w	r3, [r5, #69]	@ 0x45
10006920:	f001 f87c 	bl	10007a1c <vPortExitCritical>
10006924:	6bab      	ldr	r3, [r5, #56]	@ 0x38
10006926:	2b00      	cmp	r3, #0
10006928:	d043      	beq.n	100069b2 <vQueueWaitForMessageRestricted+0xba>
1000692a:	f001 f869 	bl	10007a00 <vPortEnterCritical>
1000692e:	f895 3045 	ldrb.w	r3, [r5, #69]	@ 0x45
10006932:	b25c      	sxtb	r4, r3
10006934:	2c00      	cmp	r4, #0
10006936:	dd14      	ble.n	10006962 <vQueueWaitForMessageRestricted+0x6a>
10006938:	f105 0624 	add.w	r6, r5, #36	@ 0x24
1000693c:	e003      	b.n	10006946 <vQueueWaitForMessageRestricted+0x4e>
1000693e:	1e63      	subs	r3, r4, #1
10006940:	b2da      	uxtb	r2, r3
10006942:	b25c      	sxtb	r4, r3
10006944:	b16a      	cbz	r2, 10006962 <vQueueWaitForMessageRestricted+0x6a>
10006946:	6a6b      	ldr	r3, [r5, #36]	@ 0x24
10006948:	b15b      	cbz	r3, 10006962 <vQueueWaitForMessageRestricted+0x6a>
1000694a:	4630      	mov	r0, r6
1000694c:	f000 fca6 	bl	1000729c <xTaskRemoveFromEventList>
10006950:	2800      	cmp	r0, #0
10006952:	d0f4      	beq.n	1000693e <vQueueWaitForMessageRestricted+0x46>
10006954:	f000 fd46 	bl	100073e4 <vTaskMissedYield>
10006958:	1e63      	subs	r3, r4, #1
1000695a:	b2da      	uxtb	r2, r3
1000695c:	b25c      	sxtb	r4, r3
1000695e:	2a00      	cmp	r2, #0
10006960:	d1f1      	bne.n	10006946 <vQueueWaitForMessageRestricted+0x4e>
10006962:	23ff      	movs	r3, #255	@ 0xff
10006964:	f885 3045 	strb.w	r3, [r5, #69]	@ 0x45
10006968:	f001 f858 	bl	10007a1c <vPortExitCritical>
1000696c:	f001 f848 	bl	10007a00 <vPortEnterCritical>
10006970:	f895 3044 	ldrb.w	r3, [r5, #68]	@ 0x44
10006974:	b25c      	sxtb	r4, r3
10006976:	2c00      	cmp	r4, #0
10006978:	dd14      	ble.n	100069a4 <vQueueWaitForMessageRestricted+0xac>
1000697a:	f105 0610 	add.w	r6, r5, #16
1000697e:	e003      	b.n	10006988 <vQueueWaitForMessageRestricted+0x90>
10006980:	1e63      	subs	r3, r4, #1
10006982:	b2da      	uxtb	r2, r3
10006984:	b25c      	sxtb	r4, r3
10006986:	b16a      	cbz	r2, 100069a4 <vQueueWaitForMessageRestricted+0xac>
10006988:	692b      	ldr	r3, [r5, #16]
1000698a:	b15b      	cbz	r3, 100069a4 <vQueueWaitForMessageRestricted+0xac>
1000698c:	4630      	mov	r0, r6
1000698e:	f000 fc85 	bl	1000729c <xTaskRemoveFromEventList>
10006992:	2800      	cmp	r0, #0
10006994:	d0f4      	beq.n	10006980 <vQueueWaitForMessageRestricted+0x88>
10006996:	f000 fd25 	bl	100073e4 <vTaskMissedYield>
1000699a:	1e63      	subs	r3, r4, #1
1000699c:	b2da      	uxtb	r2, r3
1000699e:	b25c      	sxtb	r4, r3
100069a0:	2a00      	cmp	r2, #0
100069a2:	d1f1      	bne.n	10006988 <vQueueWaitForMessageRestricted+0x90>
100069a4:	23ff      	movs	r3, #255	@ 0xff
100069a6:	f885 3044 	strb.w	r3, [r5, #68]	@ 0x44
100069aa:	e8bd 4070 	ldmia.w	sp!, {r4, r5, r6, lr}
100069ae:	f001 b835 	b.w	10007a1c <vPortExitCritical>
100069b2:	4622      	mov	r2, r4
100069b4:	4631      	mov	r1, r6
100069b6:	f105 0024 	add.w	r0, r5, #36	@ 0x24
100069ba:	f000 fc09 	bl	100071d0 <vTaskPlaceOnEventListRestricted>
100069be:	e7b4      	b.n	1000692a <vQueueWaitForMessageRestricted+0x32>

100069c0 <prvAddNewTaskToReadyList>:
100069c0:	e92d 41f0 	stmdb	sp!, {r4, r5, r6, r7, r8, lr}
100069c4:	4604      	mov	r4, r0
100069c6:	f001 f81b 	bl	10007a00 <vPortEnterCritical>
100069ca:	4a36      	ldr	r2, [pc, #216]	@ (10006aa4 <prvAddNewTaskToReadyList+0xe4>)
100069cc:	4e36      	ldr	r6, [pc, #216]	@ (10006aa8 <prvAddNewTaskToReadyList+0xe8>)
100069ce:	6813      	ldr	r3, [r2, #0]
100069d0:	3301      	adds	r3, #1
100069d2:	6013      	str	r3, [r2, #0]
100069d4:	6833      	ldr	r3, [r6, #0]
100069d6:	2b00      	cmp	r3, #0
100069d8:	d034      	beq.n	10006a44 <prvAddNewTaskToReadyList+0x84>
100069da:	4f34      	ldr	r7, [pc, #208]	@ (10006aac <prvAddNewTaskToReadyList+0xec>)
100069dc:	6ae3      	ldr	r3, [r4, #44]	@ 0x2c
100069de:	683a      	ldr	r2, [r7, #0]
100069e0:	b34a      	cbz	r2, 10006a36 <prvAddNewTaskToReadyList+0x76>
100069e2:	4d33      	ldr	r5, [pc, #204]	@ (10006ab0 <prvAddNewTaskToReadyList+0xf0>)
100069e4:	4933      	ldr	r1, [pc, #204]	@ (10006ab4 <prvAddNewTaskToReadyList+0xf4>)
100069e6:	4834      	ldr	r0, [pc, #208]	@ (10006ab8 <prvAddNewTaskToReadyList+0xf8>)
100069e8:	680a      	ldr	r2, [r1, #0]
100069ea:	f104 0c04 	add.w	ip, r4, #4
100069ee:	3201      	adds	r2, #1
100069f0:	600a      	str	r2, [r1, #0]
100069f2:	6802      	ldr	r2, [r0, #0]
100069f4:	429a      	cmp	r2, r3
100069f6:	bf38      	it	cc
100069f8:	6003      	strcc	r3, [r0, #0]
100069fa:	eb03 0383 	add.w	r3, r3, r3, lsl #2
100069fe:	eb05 0083 	add.w	r0, r5, r3, lsl #2
10006a02:	6841      	ldr	r1, [r0, #4]
10006a04:	009b      	lsls	r3, r3, #2
10006a06:	58ea      	ldr	r2, [r5, r3]
10006a08:	f8d1 e008 	ldr.w	lr, [r1, #8]
10006a0c:	60a1      	str	r1, [r4, #8]
10006a0e:	f8c4 e00c 	str.w	lr, [r4, #12]
10006a12:	3201      	adds	r2, #1
10006a14:	f8ce c004 	str.w	ip, [lr, #4]
10006a18:	f8c1 c008 	str.w	ip, [r1, #8]
10006a1c:	6160      	str	r0, [r4, #20]
10006a1e:	50ea      	str	r2, [r5, r3]
10006a20:	f000 fffc 	bl	10007a1c <vPortExitCritical>
10006a24:	683b      	ldr	r3, [r7, #0]
10006a26:	b123      	cbz	r3, 10006a32 <prvAddNewTaskToReadyList+0x72>
10006a28:	6832      	ldr	r2, [r6, #0]
10006a2a:	6ae3      	ldr	r3, [r4, #44]	@ 0x2c
10006a2c:	6ad2      	ldr	r2, [r2, #44]	@ 0x2c
10006a2e:	429a      	cmp	r2, r3
10006a30:	d310      	bcc.n	10006a54 <prvAddNewTaskToReadyList+0x94>
10006a32:	e8bd 81f0 	ldmia.w	sp!, {r4, r5, r6, r7, r8, pc}
10006a36:	6832      	ldr	r2, [r6, #0]
10006a38:	4d1d      	ldr	r5, [pc, #116]	@ (10006ab0 <prvAddNewTaskToReadyList+0xf0>)
10006a3a:	6ad2      	ldr	r2, [r2, #44]	@ 0x2c
10006a3c:	429a      	cmp	r2, r3
10006a3e:	bf98      	it	ls
10006a40:	6034      	strls	r4, [r6, #0]
10006a42:	e7cf      	b.n	100069e4 <prvAddNewTaskToReadyList+0x24>
10006a44:	6034      	str	r4, [r6, #0]
10006a46:	6813      	ldr	r3, [r2, #0]
10006a48:	2b01      	cmp	r3, #1
10006a4a:	d007      	beq.n	10006a5c <prvAddNewTaskToReadyList+0x9c>
10006a4c:	6ae3      	ldr	r3, [r4, #44]	@ 0x2c
10006a4e:	4d18      	ldr	r5, [pc, #96]	@ (10006ab0 <prvAddNewTaskToReadyList+0xf0>)
10006a50:	4f16      	ldr	r7, [pc, #88]	@ (10006aac <prvAddNewTaskToReadyList+0xec>)
10006a52:	e7c7      	b.n	100069e4 <prvAddNewTaskToReadyList+0x24>
10006a54:	e8bd 41f0 	ldmia.w	sp!, {r4, r5, r6, r7, r8, lr}
10006a58:	f000 bfc6 	b.w	100079e8 <vPortYield>
10006a5c:	4d14      	ldr	r5, [pc, #80]	@ (10006ab0 <prvAddNewTaskToReadyList+0xf0>)
10006a5e:	462f      	mov	r7, r5
10006a60:	f105 0878 	add.w	r8, r5, #120	@ 0x78
10006a64:	4638      	mov	r0, r7
10006a66:	3714      	adds	r7, #20
10006a68:	f001 f942 	bl	10007cf0 <vListInitialise>
10006a6c:	4547      	cmp	r7, r8
10006a6e:	d1f9      	bne.n	10006a64 <prvAddNewTaskToReadyList+0xa4>
10006a70:	f8df 8060 	ldr.w	r8, [pc, #96]	@ 10006ad4 <prvAddNewTaskToReadyList+0x114>
10006a74:	4f11      	ldr	r7, [pc, #68]	@ (10006abc <prvAddNewTaskToReadyList+0xfc>)
10006a76:	4640      	mov	r0, r8
10006a78:	f001 f93a 	bl	10007cf0 <vListInitialise>
10006a7c:	4638      	mov	r0, r7
10006a7e:	f001 f937 	bl	10007cf0 <vListInitialise>
10006a82:	480f      	ldr	r0, [pc, #60]	@ (10006ac0 <prvAddNewTaskToReadyList+0x100>)
10006a84:	f001 f934 	bl	10007cf0 <vListInitialise>
10006a88:	480e      	ldr	r0, [pc, #56]	@ (10006ac4 <prvAddNewTaskToReadyList+0x104>)
10006a8a:	f001 f931 	bl	10007cf0 <vListInitialise>
10006a8e:	480e      	ldr	r0, [pc, #56]	@ (10006ac8 <prvAddNewTaskToReadyList+0x108>)
10006a90:	f001 f92e 	bl	10007cf0 <vListInitialise>
10006a94:	4b0d      	ldr	r3, [pc, #52]	@ (10006acc <prvAddNewTaskToReadyList+0x10c>)
10006a96:	f8c3 8000 	str.w	r8, [r3]
10006a9a:	4b0d      	ldr	r3, [pc, #52]	@ (10006ad0 <prvAddNewTaskToReadyList+0x110>)
10006a9c:	601f      	str	r7, [r3, #0]
10006a9e:	6ae3      	ldr	r3, [r4, #44]	@ 0x2c
10006aa0:	4f02      	ldr	r7, [pc, #8]	@ (10006aac <prvAddNewTaskToReadyList+0xec>)
10006aa2:	e79f      	b.n	100069e4 <prvAddNewTaskToReadyList+0x24>
10006aa4:	200025fc 	.word	0x200025fc
10006aa8:	20002544 	.word	0x20002544
10006aac:	20002694 	.word	0x20002694
10006ab0:	20002558 	.word	0x20002558
10006ab4:	20002608 	.word	0x20002608
10006ab8:	2000260c 	.word	0x2000260c
10006abc:	20002650 	.word	0x20002650
10006ac0:	20002680 	.word	0x20002680
10006ac4:	200026ac 	.word	0x200026ac
10006ac8:	20002698 	.word	0x20002698
10006acc:	2000254c 	.word	0x2000254c
10006ad0:	20002550 	.word	0x20002550
10006ad4:	2000263c 	.word	0x2000263c

10006ad8 <prvIdleTask>:
10006ad8:	b580      	push	{r7, lr}
10006ada:	4d12      	ldr	r5, [pc, #72]	@ (10006b24 <prvIdleTask+0x4c>)
10006adc:	4f12      	ldr	r7, [pc, #72]	@ (10006b28 <prvIdleTask+0x50>)
10006ade:	4e13      	ldr	r6, [pc, #76]	@ (10006b2c <prvIdleTask+0x54>)
10006ae0:	f8df 804c 	ldr.w	r8, [pc, #76]	@ 10006b30 <prvIdleTask+0x58>
10006ae4:	e014      	b.n	10006b10 <prvIdleTask+0x38>
10006ae6:	f000 ff8b 	bl	10007a00 <vPortEnterCritical>
10006aea:	68fb      	ldr	r3, [r7, #12]
10006aec:	68dc      	ldr	r4, [r3, #12]
10006aee:	1d20      	adds	r0, r4, #4
10006af0:	f001 f926 	bl	10007d40 <uxListRemove>
10006af4:	6833      	ldr	r3, [r6, #0]
10006af6:	3b01      	subs	r3, #1
10006af8:	6033      	str	r3, [r6, #0]
10006afa:	682b      	ldr	r3, [r5, #0]
10006afc:	3b01      	subs	r3, #1
10006afe:	602b      	str	r3, [r5, #0]
10006b00:	f000 ff8c 	bl	10007a1c <vPortExitCritical>
10006b04:	6b20      	ldr	r0, [r4, #48]	@ 0x30
10006b06:	f000 ff2d 	bl	10007964 <vPortFree>
10006b0a:	4620      	mov	r0, r4
10006b0c:	f000 ff2a 	bl	10007964 <vPortFree>
10006b10:	682b      	ldr	r3, [r5, #0]
10006b12:	2b00      	cmp	r3, #0
10006b14:	d1e7      	bne.n	10006ae6 <prvIdleTask+0xe>
10006b16:	f8d8 3000 	ldr.w	r3, [r8]
10006b1a:	2b01      	cmp	r3, #1
10006b1c:	d9f8      	bls.n	10006b10 <prvIdleTask+0x38>
10006b1e:	f000 ff63 	bl	100079e8 <vPortYield>
10006b22:	e7f5      	b.n	10006b10 <prvIdleTask+0x38>
10006b24:	20002600 	.word	0x20002600
10006b28:	200026ac 	.word	0x200026ac
10006b2c:	200025fc 	.word	0x200025fc
10006b30:	20002558 	.word	0x20002558

10006b34 <xTaskIncrementTick.part.0>:
10006b34:	e92d 4ff0 	stmdb	sp!, {r4, r5, r6, r7, r8, r9, sl, fp, lr}
10006b38:	4b4c      	ldr	r3, [pc, #304]	@ (10006c6c <xTaskIncrementTick.part.0+0x138>)
10006b3a:	b083      	sub	sp, #12
10006b3c:	681d      	ldr	r5, [r3, #0]
10006b3e:	3501      	adds	r5, #1
10006b40:	601d      	str	r5, [r3, #0]
10006b42:	2d00      	cmp	r5, #0
10006b44:	d067      	beq.n	10006c16 <xTaskIncrementTick.part.0+0xe2>
10006b46:	494a      	ldr	r1, [pc, #296]	@ (10006c70 <xTaskIncrementTick.part.0+0x13c>)
10006b48:	680b      	ldr	r3, [r1, #0]
10006b4a:	429d      	cmp	r5, r3
10006b4c:	d377      	bcc.n	10006c3e <xTaskIncrementTick.part.0+0x10a>
10006b4e:	4e49      	ldr	r6, [pc, #292]	@ (10006c74 <xTaskIncrementTick.part.0+0x140>)
10006b50:	6833      	ldr	r3, [r6, #0]
10006b52:	6818      	ldr	r0, [r3, #0]
10006b54:	2800      	cmp	r0, #0
10006b56:	f000 8084 	beq.w	10006c62 <xTaskIncrementTick.part.0+0x12e>
10006b5a:	2000      	movs	r0, #0
10006b5c:	46aa      	mov	sl, r5
10006b5e:	4607      	mov	r7, r0
10006b60:	4681      	mov	r9, r0
10006b62:	f8df e128 	ldr.w	lr, [pc, #296]	@ 10006c8c <xTaskIncrementTick.part.0+0x158>
10006b66:	4c44      	ldr	r4, [pc, #272]	@ (10006c78 <xTaskIncrementTick.part.0+0x144>)
10006b68:	9101      	str	r1, [sp, #4]
10006b6a:	e047      	b.n	10006bfc <xTaskIncrementTick.part.0+0xc8>
10006b6c:	6958      	ldr	r0, [r3, #20]
10006b6e:	e9d3 2c02 	ldrd	r2, ip, [r3, #8]
10006b72:	f8c2 c008 	str.w	ip, [r2, #8]
10006b76:	f8cc 2004 	str.w	r2, [ip, #4]
10006b7a:	6842      	ldr	r2, [r0, #4]
10006b7c:	428a      	cmp	r2, r1
10006b7e:	6802      	ldr	r2, [r0, #0]
10006b80:	bf08      	it	eq
10006b82:	f8c0 c004 	streq.w	ip, [r0, #4]
10006b86:	3a01      	subs	r2, #1
10006b88:	615f      	str	r7, [r3, #20]
10006b8a:	6002      	str	r2, [r0, #0]
10006b8c:	6a98      	ldr	r0, [r3, #40]	@ 0x28
10006b8e:	b170      	cbz	r0, 10006bae <xTaskIncrementTick.part.0+0x7a>
10006b90:	e9d3 2c07 	ldrd	r2, ip, [r3, #28]
10006b94:	f8c2 c008 	str.w	ip, [r2, #8]
10006b98:	f8cc 2004 	str.w	r2, [ip, #4]
10006b9c:	6842      	ldr	r2, [r0, #4]
10006b9e:	42aa      	cmp	r2, r5
10006ba0:	6802      	ldr	r2, [r0, #0]
10006ba2:	bf08      	it	eq
10006ba4:	f8c0 c004 	streq.w	ip, [r0, #4]
10006ba8:	3a01      	subs	r2, #1
10006baa:	629f      	str	r7, [r3, #40]	@ 0x28
10006bac:	6002      	str	r2, [r0, #0]
10006bae:	6ada      	ldr	r2, [r3, #44]	@ 0x2c
10006bb0:	f8de 0000 	ldr.w	r0, [lr]
10006bb4:	eb02 0c82 	add.w	ip, r2, r2, lsl #2
10006bb8:	eb04 088c 	add.w	r8, r4, ip, lsl #2
10006bbc:	4282      	cmp	r2, r0
10006bbe:	f8d8 0004 	ldr.w	r0, [r8, #4]
10006bc2:	f854 502c 	ldr.w	r5, [r4, ip, lsl #2]
10006bc6:	f8d0 b008 	ldr.w	fp, [r0, #8]
10006bca:	6098      	str	r0, [r3, #8]
10006bcc:	f8c3 b00c 	str.w	fp, [r3, #12]
10006bd0:	f8cb 1004 	str.w	r1, [fp, #4]
10006bd4:	6081      	str	r1, [r0, #8]
10006bd6:	f8c3 8014 	str.w	r8, [r3, #20]
10006bda:	4b28      	ldr	r3, [pc, #160]	@ (10006c7c <xTaskIncrementTick.part.0+0x148>)
10006bdc:	bf88      	it	hi
10006bde:	f8ce 2000 	strhi.w	r2, [lr]
10006be2:	6819      	ldr	r1, [r3, #0]
10006be4:	3501      	adds	r5, #1
10006be6:	6833      	ldr	r3, [r6, #0]
10006be8:	f844 502c 	str.w	r5, [r4, ip, lsl #2]
10006bec:	6ac9      	ldr	r1, [r1, #44]	@ 0x2c
10006bee:	681b      	ldr	r3, [r3, #0]
10006bf0:	428a      	cmp	r2, r1
10006bf2:	bf88      	it	hi
10006bf4:	f049 0901 	orrhi.w	r9, r9, #1
10006bf8:	2b00      	cmp	r3, #0
10006bfa:	d030      	beq.n	10006c5e <xTaskIncrementTick.part.0+0x12a>
10006bfc:	6833      	ldr	r3, [r6, #0]
10006bfe:	68db      	ldr	r3, [r3, #12]
10006c00:	68db      	ldr	r3, [r3, #12]
10006c02:	685a      	ldr	r2, [r3, #4]
10006c04:	1d19      	adds	r1, r3, #4
10006c06:	4592      	cmp	sl, r2
10006c08:	f103 0518 	add.w	r5, r3, #24
10006c0c:	d2ae      	bcs.n	10006b6c <xTaskIncrementTick.part.0+0x38>
10006c0e:	9901      	ldr	r1, [sp, #4]
10006c10:	4648      	mov	r0, r9
10006c12:	600a      	str	r2, [r1, #0]
10006c14:	e014      	b.n	10006c40 <xTaskIncrementTick.part.0+0x10c>
10006c16:	4b17      	ldr	r3, [pc, #92]	@ (10006c74 <xTaskIncrementTick.part.0+0x140>)
10006c18:	4a19      	ldr	r2, [pc, #100]	@ (10006c80 <xTaskIncrementTick.part.0+0x14c>)
10006c1a:	6818      	ldr	r0, [r3, #0]
10006c1c:	6811      	ldr	r1, [r2, #0]
10006c1e:	6019      	str	r1, [r3, #0]
10006c20:	4918      	ldr	r1, [pc, #96]	@ (10006c84 <xTaskIncrementTick.part.0+0x150>)
10006c22:	6010      	str	r0, [r2, #0]
10006c24:	680a      	ldr	r2, [r1, #0]
10006c26:	3201      	adds	r2, #1
10006c28:	600a      	str	r2, [r1, #0]
10006c2a:	681a      	ldr	r2, [r3, #0]
10006c2c:	6812      	ldr	r2, [r2, #0]
10006c2e:	b982      	cbnz	r2, 10006c52 <xTaskIncrementTick.part.0+0x11e>
10006c30:	f04f 33ff 	mov.w	r3, #4294967295
10006c34:	490e      	ldr	r1, [pc, #56]	@ (10006c70 <xTaskIncrementTick.part.0+0x13c>)
10006c36:	600b      	str	r3, [r1, #0]
10006c38:	680b      	ldr	r3, [r1, #0]
10006c3a:	429d      	cmp	r5, r3
10006c3c:	d287      	bcs.n	10006b4e <xTaskIncrementTick.part.0+0x1a>
10006c3e:	2000      	movs	r0, #0
10006c40:	4b11      	ldr	r3, [pc, #68]	@ (10006c88 <xTaskIncrementTick.part.0+0x154>)
10006c42:	681b      	ldr	r3, [r3, #0]
10006c44:	2b00      	cmp	r3, #0
10006c46:	bf18      	it	ne
10006c48:	f040 0001 	orrne.w	r0, r0, #1
10006c4c:	b003      	add	sp, #12
10006c4e:	e8bd 8ff0 	ldmia.w	sp!, {r4, r5, r6, r7, r8, r9, sl, fp, pc}
10006c52:	681b      	ldr	r3, [r3, #0]
10006c54:	4906      	ldr	r1, [pc, #24]	@ (10006c70 <xTaskIncrementTick.part.0+0x13c>)
10006c56:	68db      	ldr	r3, [r3, #12]
10006c58:	681b      	ldr	r3, [r3, #0]
10006c5a:	600b      	str	r3, [r1, #0]
10006c5c:	e774      	b.n	10006b48 <xTaskIncrementTick.part.0+0x14>
10006c5e:	4648      	mov	r0, r9
10006c60:	9901      	ldr	r1, [sp, #4]
10006c62:	f04f 33ff 	mov.w	r3, #4294967295
10006c66:	600b      	str	r3, [r1, #0]
10006c68:	e7ea      	b.n	10006c40 <xTaskIncrementTick.part.0+0x10c>
10006c6a:	bf00      	nop
10006c6c:	200026c0 	.word	0x200026c0
10006c70:	20002674 	.word	0x20002674
10006c74:	2000254c 	.word	0x2000254c
10006c78:	20002558 	.word	0x20002558
10006c7c:	20002544 	.word	0x20002544
10006c80:	20002550 	.word	0x20002550
10006c84:	20002678 	.word	0x20002678
10006c88:	200026cc 	.word	0x200026cc
10006c8c:	2000260c 	.word	0x2000260c

10006c90 <xTaskCreate>:
10006c90:	e92d 43f8 	stmdb	sp!, {r3, r4, r5, r6, r7, r8, r9, lr}
10006c94:	0095      	lsls	r5, r2, #2
10006c96:	4680      	mov	r8, r0
10006c98:	4628      	mov	r0, r5
10006c9a:	460f      	mov	r7, r1
10006c9c:	4699      	mov	r9, r3
10006c9e:	f000 fe55 	bl	1000794c <pvPortMalloc>
10006ca2:	2800      	cmp	r0, #0
10006ca4:	d072      	beq.n	10006d8c <xTaskCreate+0xfc>
10006ca6:	4606      	mov	r6, r0
10006ca8:	2070      	movs	r0, #112	@ 0x70
10006caa:	f000 fe4f 	bl	1000794c <pvPortMalloc>
10006cae:	4604      	mov	r4, r0
10006cb0:	2800      	cmp	r0, #0
10006cb2:	d068      	beq.n	10006d86 <xTaskCreate+0xf6>
10006cb4:	3d04      	subs	r5, #4
10006cb6:	2270      	movs	r2, #112	@ 0x70
10006cb8:	2100      	movs	r1, #0
10006cba:	4435      	add	r5, r6
10006cbc:	f001 fb2c 	bl	10008318 <memset>
10006cc0:	f025 0507 	bic.w	r5, r5, #7
10006cc4:	6326      	str	r6, [r4, #48]	@ 0x30
10006cc6:	2f00      	cmp	r7, #0
10006cc8:	d03b      	beq.n	10006d42 <xTaskCreate+0xb2>
10006cca:	783b      	ldrb	r3, [r7, #0]
10006ccc:	f884 3034 	strb.w	r3, [r4, #52]	@ 0x34
10006cd0:	2b00      	cmp	r3, #0
10006cd2:	d036      	beq.n	10006d42 <xTaskCreate+0xb2>
10006cd4:	787b      	ldrb	r3, [r7, #1]
10006cd6:	f884 3035 	strb.w	r3, [r4, #53]	@ 0x35
10006cda:	b393      	cbz	r3, 10006d42 <xTaskCreate+0xb2>
10006cdc:	78bb      	ldrb	r3, [r7, #2]
10006cde:	f884 3036 	strb.w	r3, [r4, #54]	@ 0x36
10006ce2:	b373      	cbz	r3, 10006d42 <xTaskCreate+0xb2>
10006ce4:	78fb      	ldrb	r3, [r7, #3]
10006ce6:	f884 3037 	strb.w	r3, [r4, #55]	@ 0x37
10006cea:	b353      	cbz	r3, 10006d42 <xTaskCreate+0xb2>
10006cec:	793b      	ldrb	r3, [r7, #4]
10006cee:	f884 3038 	strb.w	r3, [r4, #56]	@ 0x38
10006cf2:	b333      	cbz	r3, 10006d42 <xTaskCreate+0xb2>
10006cf4:	797b      	ldrb	r3, [r7, #5]
10006cf6:	f884 3039 	strb.w	r3, [r4, #57]	@ 0x39
10006cfa:	b313      	cbz	r3, 10006d42 <xTaskCreate+0xb2>
10006cfc:	79bb      	ldrb	r3, [r7, #6]
10006cfe:	f884 303a 	strb.w	r3, [r4, #58]	@ 0x3a
10006d02:	b1f3      	cbz	r3, 10006d42 <xTaskCreate+0xb2>
10006d04:	79fb      	ldrb	r3, [r7, #7]
10006d06:	f884 303b 	strb.w	r3, [r4, #59]	@ 0x3b
10006d0a:	b1d3      	cbz	r3, 10006d42 <xTaskCreate+0xb2>
10006d0c:	7a3b      	ldrb	r3, [r7, #8]
10006d0e:	f884 303c 	strb.w	r3, [r4, #60]	@ 0x3c
10006d12:	b1b3      	cbz	r3, 10006d42 <xTaskCreate+0xb2>
10006d14:	7a7b      	ldrb	r3, [r7, #9]
10006d16:	f884 303d 	strb.w	r3, [r4, #61]	@ 0x3d
10006d1a:	b193      	cbz	r3, 10006d42 <xTaskCreate+0xb2>
10006d1c:	7abb      	ldrb	r3, [r7, #10]
10006d1e:	f884 303e 	strb.w	r3, [r4, #62]	@ 0x3e
10006d22:	b173      	cbz	r3, 10006d42 <xTaskCreate+0xb2>
10006d24:	7afb      	ldrb	r3, [r7, #11]
10006d26:	f884 303f 	strb.w	r3, [r4, #63]	@ 0x3f
10006d2a:	b153      	cbz	r3, 10006d42 <xTaskCreate+0xb2>
10006d2c:	7b3b      	ldrb	r3, [r7, #12]
10006d2e:	f884 3040 	strb.w	r3, [r4, #64]	@ 0x40
10006d32:	b133      	cbz	r3, 10006d42 <xTaskCreate+0xb2>
10006d34:	7b7b      	ldrb	r3, [r7, #13]
10006d36:	f884 3041 	strb.w	r3, [r4, #65]	@ 0x41
10006d3a:	b113      	cbz	r3, 10006d42 <xTaskCreate+0xb2>
10006d3c:	7bbb      	ldrb	r3, [r7, #14]
10006d3e:	f884 3042 	strb.w	r3, [r4, #66]	@ 0x42
10006d42:	9f08      	ldr	r7, [sp, #32]
10006d44:	1d20      	adds	r0, r4, #4
10006d46:	2f05      	cmp	r7, #5
10006d48:	bf28      	it	cs
10006d4a:	2705      	movcs	r7, #5
10006d4c:	62e7      	str	r7, [r4, #44]	@ 0x2c
10006d4e:	6467      	str	r7, [r4, #68]	@ 0x44
10006d50:	f000 ffda 	bl	10007d08 <vListInitialiseItem>
10006d54:	f1c7 0706 	rsb	r7, r7, #6
10006d58:	f104 0018 	add.w	r0, r4, #24
10006d5c:	f000 ffd4 	bl	10007d08 <vListInitialiseItem>
10006d60:	464b      	mov	r3, r9
10006d62:	4642      	mov	r2, r8
10006d64:	4628      	mov	r0, r5
10006d66:	6b21      	ldr	r1, [r4, #48]	@ 0x30
10006d68:	61a7      	str	r7, [r4, #24]
10006d6a:	6124      	str	r4, [r4, #16]
10006d6c:	6264      	str	r4, [r4, #36]	@ 0x24
10006d6e:	f000 fe77 	bl	10007a60 <pxPortInitialiseStack>
10006d72:	9b09      	ldr	r3, [sp, #36]	@ 0x24
10006d74:	6020      	str	r0, [r4, #0]
10006d76:	b103      	cbz	r3, 10006d7a <xTaskCreate+0xea>
10006d78:	601c      	str	r4, [r3, #0]
10006d7a:	4620      	mov	r0, r4
10006d7c:	f7ff fe20 	bl	100069c0 <prvAddNewTaskToReadyList>
10006d80:	2001      	movs	r0, #1
10006d82:	e8bd 83f8 	ldmia.w	sp!, {r3, r4, r5, r6, r7, r8, r9, pc}
10006d86:	4630      	mov	r0, r6
10006d88:	f000 fdec 	bl	10007964 <vPortFree>
10006d8c:	f04f 30ff 	mov.w	r0, #4294967295
10006d90:	e8bd 83f8 	ldmia.w	sp!, {r3, r4, r5, r6, r7, r8, r9, pc}

10006d94 <vTaskStartScheduler>:
10006d94:	e92d 43f8 	stmdb	sp!, {r3, r4, r5, r6, r7, r8, r9, lr}
10006d98:	f44f 7000 	mov.w	r0, #512	@ 0x200
10006d9c:	f000 fdd6 	bl	1000794c <pvPortMalloc>
10006da0:	b388      	cbz	r0, 10006e06 <vTaskStartScheduler+0x72>
10006da2:	4606      	mov	r6, r0
10006da4:	2070      	movs	r0, #112	@ 0x70
10006da6:	f000 fdd1 	bl	1000794c <pvPortMalloc>
10006daa:	4604      	mov	r4, r0
10006dac:	b378      	cbz	r0, 10006e0e <vTaskStartScheduler+0x7a>
10006dae:	2700      	movs	r7, #0
10006db0:	f8df 9098 	ldr.w	r9, [pc, #152]	@ 10006e4c <vTaskStartScheduler+0xb8>
10006db4:	4639      	mov	r1, r7
10006db6:	2270      	movs	r2, #112	@ 0x70
10006db8:	f001 faae 	bl	10008318 <memset>
10006dbc:	f506 75fe 	add.w	r5, r6, #508	@ 0x1fc
10006dc0:	e9c4 690c 	strd	r6, r9, [r4, #48]	@ 0x30
10006dc4:	2606      	movs	r6, #6
10006dc6:	1d20      	adds	r0, r4, #4
10006dc8:	f000 ff9e 	bl	10007d08 <vListInitialiseItem>
10006dcc:	f025 0507 	bic.w	r5, r5, #7
10006dd0:	f104 0018 	add.w	r0, r4, #24
10006dd4:	f000 ff98 	bl	10007d08 <vListInitialiseItem>
10006dd8:	463b      	mov	r3, r7
10006dda:	4a17      	ldr	r2, [pc, #92]	@ (10006e38 <vTaskStartScheduler+0xa4>)
10006ddc:	6b21      	ldr	r1, [r4, #48]	@ 0x30
10006dde:	4628      	mov	r0, r5
10006de0:	6124      	str	r4, [r4, #16]
10006de2:	61a6      	str	r6, [r4, #24]
10006de4:	6264      	str	r4, [r4, #36]	@ 0x24
10006de6:	f000 fe3b 	bl	10007a60 <pxPortInitialiseStack>
10006dea:	4603      	mov	r3, r0
10006dec:	f8df 8060 	ldr.w	r8, [pc, #96]	@ 10006e50 <vTaskStartScheduler+0xbc>
10006df0:	6023      	str	r3, [r4, #0]
10006df2:	4620      	mov	r0, r4
10006df4:	2701      	movs	r7, #1
10006df6:	f8c8 4000 	str.w	r4, [r8]
10006dfa:	f7ff fde1 	bl	100069c0 <prvAddNewTaskToReadyList>
10006dfe:	f000 fd63 	bl	100078c8 <xTimerCreateTimerTask>
10006e02:	42b8      	cmp	r0, r7
10006e04:	d00a      	beq.n	10006e1c <vTaskStartScheduler+0x88>
10006e06:	4b0d      	ldr	r3, [pc, #52]	@ (10006e3c <vTaskStartScheduler+0xa8>)
10006e08:	681b      	ldr	r3, [r3, #0]
10006e0a:	e8bd 83f8 	ldmia.w	sp!, {r3, r4, r5, r6, r7, r8, r9, pc}
10006e0e:	4630      	mov	r0, r6
10006e10:	f000 fda8 	bl	10007964 <vPortFree>
10006e14:	4b09      	ldr	r3, [pc, #36]	@ (10006e3c <vTaskStartScheduler+0xa8>)
10006e16:	681b      	ldr	r3, [r3, #0]
10006e18:	e8bd 83f8 	ldmia.w	sp!, {r3, r4, r5, r6, r7, r8, r9, pc}
10006e1c:	f000 fefa 	bl	10007c14 <ulSetInterruptMask>
10006e20:	f04f 34ff 	mov.w	r4, #4294967295
10006e24:	2200      	movs	r2, #0
10006e26:	4906      	ldr	r1, [pc, #24]	@ (10006e40 <vTaskStartScheduler+0xac>)
10006e28:	4b06      	ldr	r3, [pc, #24]	@ (10006e44 <vTaskStartScheduler+0xb0>)
10006e2a:	4807      	ldr	r0, [pc, #28]	@ (10006e48 <vTaskStartScheduler+0xb4>)
10006e2c:	6004      	str	r4, [r0, #0]
10006e2e:	600f      	str	r7, [r1, #0]
10006e30:	601a      	str	r2, [r3, #0]
10006e32:	f000 fe51 	bl	10007ad8 <xPortStartScheduler>
10006e36:	e7e6      	b.n	10006e06 <vTaskStartScheduler+0x72>
10006e38:	10006ad9 	.word	0x10006ad9
10006e3c:	1000939c 	.word	0x1000939c
10006e40:	20002694 	.word	0x20002694
10006e44:	200026c0 	.word	0x200026c0
10006e48:	20002674 	.word	0x20002674
10006e4c:	454c4449 	.word	0x454c4449
10006e50:	20002668 	.word	0x20002668

10006e54 <vTaskSuspendAll>:
10006e54:	4a02      	ldr	r2, [pc, #8]	@ (10006e60 <vTaskSuspendAll+0xc>)
10006e56:	6813      	ldr	r3, [r2, #0]
10006e58:	3301      	adds	r3, #1
10006e5a:	6013      	str	r3, [r2, #0]
10006e5c:	4770      	bx	lr
10006e5e:	bf00      	nop
10006e60:	20002604 	.word	0x20002604

10006e64 <xTaskResumeAll>:
10006e64:	e92d 4ff0 	stmdb	sp!, {r4, r5, r6, r7, r8, r9, sl, fp, lr}
10006e68:	f8df 816c 	ldr.w	r8, [pc, #364]	@ 10006fd8 <xTaskResumeAll+0x174>
10006e6c:	b083      	sub	sp, #12
10006e6e:	f000 fdc7 	bl	10007a00 <vPortEnterCritical>
10006e72:	f8d8 3000 	ldr.w	r3, [r8]
10006e76:	3b01      	subs	r3, #1
10006e78:	f8c8 3000 	str.w	r3, [r8]
10006e7c:	f8d8 e000 	ldr.w	lr, [r8]
10006e80:	f1be 0f00 	cmp.w	lr, #0
10006e84:	f040 8081 	bne.w	10006f8a <xTaskResumeAll+0x126>
10006e88:	4b4c      	ldr	r3, [pc, #304]	@ (10006fbc <xTaskResumeAll+0x158>)
10006e8a:	681b      	ldr	r3, [r3, #0]
10006e8c:	2b00      	cmp	r3, #0
10006e8e:	d07c      	beq.n	10006f8a <xTaskResumeAll+0x126>
10006e90:	f8df c148 	ldr.w	ip, [pc, #328]	@ 10006fdc <xTaskResumeAll+0x178>
10006e94:	f8dc 3000 	ldr.w	r3, [ip]
10006e98:	2b00      	cmp	r3, #0
10006e9a:	f000 808b 	beq.w	10006fb4 <xTaskResumeAll+0x150>
10006e9e:	4b48      	ldr	r3, [pc, #288]	@ (10006fc0 <xTaskResumeAll+0x15c>)
10006ea0:	f8df 913c 	ldr.w	r9, [pc, #316]	@ 10006fe0 <xTaskResumeAll+0x17c>
10006ea4:	4e47      	ldr	r6, [pc, #284]	@ (10006fc4 <xTaskResumeAll+0x160>)
10006ea6:	9301      	str	r3, [sp, #4]
10006ea8:	f8dc 300c 	ldr.w	r3, [ip, #12]
10006eac:	68db      	ldr	r3, [r3, #12]
10006eae:	6a9a      	ldr	r2, [r3, #40]	@ 0x28
10006eb0:	e9d3 0107 	ldrd	r0, r1, [r3, #28]
10006eb4:	6854      	ldr	r4, [r2, #4]
10006eb6:	6081      	str	r1, [r0, #8]
10006eb8:	6048      	str	r0, [r1, #4]
10006eba:	f103 0018 	add.w	r0, r3, #24
10006ebe:	4284      	cmp	r4, r0
10006ec0:	bf08      	it	eq
10006ec2:	6051      	streq	r1, [r2, #4]
10006ec4:	6811      	ldr	r1, [r2, #0]
10006ec6:	f8c3 e028 	str.w	lr, [r3, #40]	@ 0x28
10006eca:	3901      	subs	r1, #1
10006ecc:	6011      	str	r1, [r2, #0]
10006ece:	695a      	ldr	r2, [r3, #20]
10006ed0:	e9d3 4102 	ldrd	r4, r1, [r3, #8]
10006ed4:	60a1      	str	r1, [r4, #8]
10006ed6:	604c      	str	r4, [r1, #4]
10006ed8:	6854      	ldr	r4, [r2, #4]
10006eda:	1d1d      	adds	r5, r3, #4
10006edc:	42ac      	cmp	r4, r5
10006ede:	bf08      	it	eq
10006ee0:	6051      	streq	r1, [r2, #4]
10006ee2:	6811      	ldr	r1, [r2, #0]
10006ee4:	f8d9 0000 	ldr.w	r0, [r9]
10006ee8:	3901      	subs	r1, #1
10006eea:	6011      	str	r1, [r2, #0]
10006eec:	6ada      	ldr	r2, [r3, #44]	@ 0x2c
10006eee:	4282      	cmp	r2, r0
10006ef0:	4835      	ldr	r0, [pc, #212]	@ (10006fc8 <xTaskResumeAll+0x164>)
10006ef2:	eb02 0182 	add.w	r1, r2, r2, lsl #2
10006ef6:	bf88      	it	hi
10006ef8:	f8c9 2000 	strhi.w	r2, [r9]
10006efc:	6800      	ldr	r0, [r0, #0]
10006efe:	eb06 0781 	add.w	r7, r6, r1, lsl #2
10006f02:	687c      	ldr	r4, [r7, #4]
10006f04:	f8d0 a02c 	ldr.w	sl, [r0, #44]	@ 0x2c
10006f08:	f856 0021 	ldr.w	r0, [r6, r1, lsl #2]
10006f0c:	f8d4 b008 	ldr.w	fp, [r4, #8]
10006f10:	3001      	adds	r0, #1
10006f12:	4552      	cmp	r2, sl
10006f14:	609c      	str	r4, [r3, #8]
10006f16:	f8c3 b00c 	str.w	fp, [r3, #12]
10006f1a:	f8cb 5004 	str.w	r5, [fp, #4]
10006f1e:	60a5      	str	r5, [r4, #8]
10006f20:	615f      	str	r7, [r3, #20]
10006f22:	f846 0021 	str.w	r0, [r6, r1, lsl #2]
10006f26:	d937      	bls.n	10006f98 <xTaskResumeAll+0x134>
10006f28:	2201      	movs	r2, #1
10006f2a:	9b01      	ldr	r3, [sp, #4]
10006f2c:	601a      	str	r2, [r3, #0]
10006f2e:	f8dc 3000 	ldr.w	r3, [ip]
10006f32:	2b00      	cmp	r3, #0
10006f34:	d1b8      	bne.n	10006ea8 <xTaskResumeAll+0x44>
10006f36:	4b25      	ldr	r3, [pc, #148]	@ (10006fcc <xTaskResumeAll+0x168>)
10006f38:	681a      	ldr	r2, [r3, #0]
10006f3a:	6812      	ldr	r2, [r2, #0]
10006f3c:	2a00      	cmp	r2, #0
10006f3e:	d034      	beq.n	10006faa <xTaskResumeAll+0x146>
10006f40:	681a      	ldr	r2, [r3, #0]
10006f42:	4b23      	ldr	r3, [pc, #140]	@ (10006fd0 <xTaskResumeAll+0x16c>)
10006f44:	68d2      	ldr	r2, [r2, #12]
10006f46:	6812      	ldr	r2, [r2, #0]
10006f48:	601a      	str	r2, [r3, #0]
10006f4a:	4d22      	ldr	r5, [pc, #136]	@ (10006fd4 <xTaskResumeAll+0x170>)
10006f4c:	682c      	ldr	r4, [r5, #0]
10006f4e:	b19c      	cbz	r4, 10006f78 <xTaskResumeAll+0x114>
10006f50:	2601      	movs	r6, #1
10006f52:	9f01      	ldr	r7, [sp, #4]
10006f54:	e005      	b.n	10006f62 <xTaskResumeAll+0xfe>
10006f56:	f7ff fded 	bl	10006b34 <xTaskIncrementTick.part.0>
10006f5a:	b100      	cbz	r0, 10006f5e <xTaskResumeAll+0xfa>
10006f5c:	603e      	str	r6, [r7, #0]
10006f5e:	3c01      	subs	r4, #1
10006f60:	d009      	beq.n	10006f76 <xTaskResumeAll+0x112>
10006f62:	f8d8 3000 	ldr.w	r3, [r8]
10006f66:	2b00      	cmp	r3, #0
10006f68:	d0f5      	beq.n	10006f56 <xTaskResumeAll+0xf2>
10006f6a:	682b      	ldr	r3, [r5, #0]
10006f6c:	3c01      	subs	r4, #1
10006f6e:	f103 0301 	add.w	r3, r3, #1
10006f72:	602b      	str	r3, [r5, #0]
10006f74:	d1f5      	bne.n	10006f62 <xTaskResumeAll+0xfe>
10006f76:	602c      	str	r4, [r5, #0]
10006f78:	9b01      	ldr	r3, [sp, #4]
10006f7a:	681b      	ldr	r3, [r3, #0]
10006f7c:	b12b      	cbz	r3, 10006f8a <xTaskResumeAll+0x126>
10006f7e:	4b12      	ldr	r3, [pc, #72]	@ (10006fc8 <xTaskResumeAll+0x164>)
10006f80:	2401      	movs	r4, #1
10006f82:	681b      	ldr	r3, [r3, #0]
10006f84:	f000 fd30 	bl	100079e8 <vPortYield>
10006f88:	e000      	b.n	10006f8c <xTaskResumeAll+0x128>
10006f8a:	2400      	movs	r4, #0
10006f8c:	f000 fd46 	bl	10007a1c <vPortExitCritical>
10006f90:	4620      	mov	r0, r4
10006f92:	b003      	add	sp, #12
10006f94:	e8bd 8ff0 	ldmia.w	sp!, {r4, r5, r6, r7, r8, r9, sl, fp, pc}
10006f98:	f8dc 3000 	ldr.w	r3, [ip]
10006f9c:	2b00      	cmp	r3, #0
10006f9e:	d183      	bne.n	10006ea8 <xTaskResumeAll+0x44>
10006fa0:	4b0a      	ldr	r3, [pc, #40]	@ (10006fcc <xTaskResumeAll+0x168>)
10006fa2:	681a      	ldr	r2, [r3, #0]
10006fa4:	6812      	ldr	r2, [r2, #0]
10006fa6:	2a00      	cmp	r2, #0
10006fa8:	d1ca      	bne.n	10006f40 <xTaskResumeAll+0xdc>
10006faa:	f04f 32ff 	mov.w	r2, #4294967295
10006fae:	4b08      	ldr	r3, [pc, #32]	@ (10006fd0 <xTaskResumeAll+0x16c>)
10006fb0:	601a      	str	r2, [r3, #0]
10006fb2:	e7ca      	b.n	10006f4a <xTaskResumeAll+0xe6>
10006fb4:	4b02      	ldr	r3, [pc, #8]	@ (10006fc0 <xTaskResumeAll+0x15c>)
10006fb6:	9301      	str	r3, [sp, #4]
10006fb8:	e7c7      	b.n	10006f4a <xTaskResumeAll+0xe6>
10006fba:	bf00      	nop
10006fbc:	200025fc 	.word	0x200025fc
10006fc0:	200026cc 	.word	0x200026cc
10006fc4:	20002558 	.word	0x20002558
10006fc8:	20002544 	.word	0x20002544
10006fcc:	2000254c 	.word	0x2000254c
10006fd0:	20002674 	.word	0x20002674
10006fd4:	2000267c 	.word	0x2000267c
10006fd8:	20002604 	.word	0x20002604
10006fdc:	20002680 	.word	0x20002680
10006fe0:	2000260c 	.word	0x2000260c

10006fe4 <vTaskDelay>:
10006fe4:	b908      	cbnz	r0, 10006fea <vTaskDelay+0x6>
10006fe6:	f000 bcff 	b.w	100079e8 <vPortYield>
10006fea:	4a19      	ldr	r2, [pc, #100]	@ (10007050 <vTaskDelay+0x6c>)
10006fec:	e92d 41f0 	stmdb	sp!, {r4, r5, r6, r7, r8, lr}
10006ff0:	6813      	ldr	r3, [r2, #0]
10006ff2:	4604      	mov	r4, r0
10006ff4:	3301      	adds	r3, #1
10006ff6:	6013      	str	r3, [r2, #0]
10006ff8:	4916      	ldr	r1, [pc, #88]	@ (10007054 <vTaskDelay+0x70>)
10006ffa:	4b17      	ldr	r3, [pc, #92]	@ (10007058 <vTaskDelay+0x74>)
10006ffc:	4d17      	ldr	r5, [pc, #92]	@ (1000705c <vTaskDelay+0x78>)
10006ffe:	4a18      	ldr	r2, [pc, #96]	@ (10007060 <vTaskDelay+0x7c>)
10007000:	680e      	ldr	r6, [r1, #0]
10007002:	6817      	ldr	r7, [r2, #0]
10007004:	f8d3 8000 	ldr.w	r8, [r3]
10007008:	6828      	ldr	r0, [r5, #0]
1000700a:	3004      	adds	r0, #4
1000700c:	f000 fe98 	bl	10007d40 <uxListRemove>
10007010:	682b      	ldr	r3, [r5, #0]
10007012:	19a4      	adds	r4, r4, r6
10007014:	6829      	ldr	r1, [r5, #0]
10007016:	605c      	str	r4, [r3, #4]
10007018:	d20d      	bcs.n	10007036 <vTaskDelay+0x52>
1000701a:	4638      	mov	r0, r7
1000701c:	3104      	adds	r1, #4
1000701e:	f000 fe77 	bl	10007d10 <vListInsert>
10007022:	4b10      	ldr	r3, [pc, #64]	@ (10007064 <vTaskDelay+0x80>)
10007024:	681a      	ldr	r2, [r3, #0]
10007026:	4294      	cmp	r4, r2
10007028:	bf38      	it	cc
1000702a:	601c      	strcc	r4, [r3, #0]
1000702c:	f7ff ff1a 	bl	10006e64 <xTaskResumeAll>
10007030:	b148      	cbz	r0, 10007046 <vTaskDelay+0x62>
10007032:	e8bd 81f0 	ldmia.w	sp!, {r4, r5, r6, r7, r8, pc}
10007036:	4640      	mov	r0, r8
10007038:	3104      	adds	r1, #4
1000703a:	f000 fe69 	bl	10007d10 <vListInsert>
1000703e:	f7ff ff11 	bl	10006e64 <xTaskResumeAll>
10007042:	2800      	cmp	r0, #0
10007044:	d1f5      	bne.n	10007032 <vTaskDelay+0x4e>
10007046:	e8bd 41f0 	ldmia.w	sp!, {r4, r5, r6, r7, r8, lr}
1000704a:	f000 bccd 	b.w	100079e8 <vPortYield>
1000704e:	bf00      	nop
10007050:	20002604 	.word	0x20002604
10007054:	200026c0 	.word	0x200026c0
10007058:	20002550 	.word	0x20002550
1000705c:	20002544 	.word	0x20002544
10007060:	2000254c 	.word	0x2000254c
10007064:	20002674 	.word	0x20002674

10007068 <xTaskGetTickCount>:
10007068:	4b01      	ldr	r3, [pc, #4]	@ (10007070 <xTaskGetTickCount+0x8>)
1000706a:	6818      	ldr	r0, [r3, #0]
1000706c:	4770      	bx	lr
1000706e:	bf00      	nop
10007070:	200026c0 	.word	0x200026c0

10007074 <xTaskIncrementTick>:
10007074:	4b05      	ldr	r3, [pc, #20]	@ (1000708c <xTaskIncrementTick+0x18>)
10007076:	681b      	ldr	r3, [r3, #0]
10007078:	b90b      	cbnz	r3, 1000707e <xTaskIncrementTick+0xa>
1000707a:	f7ff bd5b 	b.w	10006b34 <xTaskIncrementTick.part.0>
1000707e:	4a04      	ldr	r2, [pc, #16]	@ (10007090 <xTaskIncrementTick+0x1c>)
10007080:	2000      	movs	r0, #0
10007082:	6813      	ldr	r3, [r2, #0]
10007084:	3301      	adds	r3, #1
10007086:	6013      	str	r3, [r2, #0]
10007088:	4770      	bx	lr
1000708a:	bf00      	nop
1000708c:	20002604 	.word	0x20002604
10007090:	2000267c 	.word	0x2000267c

10007094 <vTaskSwitchContext>:
10007094:	4b23      	ldr	r3, [pc, #140]	@ (10007124 <vTaskSwitchContext+0x90>)
10007096:	681b      	ldr	r3, [r3, #0]
10007098:	b11b      	cbz	r3, 100070a2 <vTaskSwitchContext+0xe>
1000709a:	2201      	movs	r2, #1
1000709c:	4b22      	ldr	r3, [pc, #136]	@ (10007128 <vTaskSwitchContext+0x94>)
1000709e:	601a      	str	r2, [r3, #0]
100070a0:	4770      	bx	lr
100070a2:	4a21      	ldr	r2, [pc, #132]	@ (10007128 <vTaskSwitchContext+0x94>)
100070a4:	b430      	push	{r4, r5}
100070a6:	4c21      	ldr	r4, [pc, #132]	@ (1000712c <vTaskSwitchContext+0x98>)
100070a8:	6013      	str	r3, [r2, #0]
100070aa:	6820      	ldr	r0, [r4, #0]
100070ac:	4a20      	ldr	r2, [pc, #128]	@ (10007130 <vTaskSwitchContext+0x9c>)
100070ae:	eb00 0380 	add.w	r3, r0, r0, lsl #2
100070b2:	f852 3023 	ldr.w	r3, [r2, r3, lsl #2]
100070b6:	0081      	lsls	r1, r0, #2
100070b8:	bb8b      	cbnz	r3, 1000711e <vTaskSwitchContext+0x8a>
100070ba:	1e43      	subs	r3, r0, #1
100070bc:	eb03 0583 	add.w	r5, r3, r3, lsl #2
100070c0:	f852 5025 	ldr.w	r5, [r2, r5, lsl #2]
100070c4:	0099      	lsls	r1, r3, #2
100070c6:	b9b5      	cbnz	r5, 100070f6 <vTaskSwitchContext+0x62>
100070c8:	1e83      	subs	r3, r0, #2
100070ca:	eb03 0583 	add.w	r5, r3, r3, lsl #2
100070ce:	f852 5025 	ldr.w	r5, [r2, r5, lsl #2]
100070d2:	0099      	lsls	r1, r3, #2
100070d4:	b97d      	cbnz	r5, 100070f6 <vTaskSwitchContext+0x62>
100070d6:	1ec3      	subs	r3, r0, #3
100070d8:	eb03 0583 	add.w	r5, r3, r3, lsl #2
100070dc:	f852 5025 	ldr.w	r5, [r2, r5, lsl #2]
100070e0:	0099      	lsls	r1, r3, #2
100070e2:	b945      	cbnz	r5, 100070f6 <vTaskSwitchContext+0x62>
100070e4:	1f03      	subs	r3, r0, #4
100070e6:	eb03 0583 	add.w	r5, r3, r3, lsl #2
100070ea:	f852 5025 	ldr.w	r5, [r2, r5, lsl #2]
100070ee:	0099      	lsls	r1, r3, #2
100070f0:	b90d      	cbnz	r5, 100070f6 <vTaskSwitchContext+0x62>
100070f2:	1f43      	subs	r3, r0, #5
100070f4:	0099      	lsls	r1, r3, #2
100070f6:	4419      	add	r1, r3
100070f8:	eb02 0081 	add.w	r0, r2, r1, lsl #2
100070fc:	4602      	mov	r2, r0
100070fe:	6841      	ldr	r1, [r0, #4]
10007100:	3208      	adds	r2, #8
10007102:	6849      	ldr	r1, [r1, #4]
10007104:	4291      	cmp	r1, r2
10007106:	6041      	str	r1, [r0, #4]
10007108:	bf08      	it	eq
1000710a:	68c1      	ldreq	r1, [r0, #12]
1000710c:	4a09      	ldr	r2, [pc, #36]	@ (10007134 <vTaskSwitchContext+0xa0>)
1000710e:	bf08      	it	eq
10007110:	6041      	streq	r1, [r0, #4]
10007112:	68c9      	ldr	r1, [r1, #12]
10007114:	6011      	str	r1, [r2, #0]
10007116:	6023      	str	r3, [r4, #0]
10007118:	6813      	ldr	r3, [r2, #0]
1000711a:	bc30      	pop	{r4, r5}
1000711c:	4770      	bx	lr
1000711e:	4603      	mov	r3, r0
10007120:	e7e9      	b.n	100070f6 <vTaskSwitchContext+0x62>
10007122:	bf00      	nop
10007124:	20002604 	.word	0x20002604
10007128:	200026cc 	.word	0x200026cc
1000712c:	2000260c 	.word	0x2000260c
10007130:	20002558 	.word	0x20002558
10007134:	20002544 	.word	0x20002544

10007138 <vTaskPlaceOnEventList>:
10007138:	e92d 41f0 	stmdb	sp!, {r4, r5, r6, r7, r8, lr}
1000713c:	460c      	mov	r4, r1
1000713e:	4d1e      	ldr	r5, [pc, #120]	@ (100071b8 <vTaskPlaceOnEventList+0x80>)
10007140:	6829      	ldr	r1, [r5, #0]
10007142:	3118      	adds	r1, #24
10007144:	f000 fde4 	bl	10007d10 <vListInsert>
10007148:	4b1c      	ldr	r3, [pc, #112]	@ (100071bc <vTaskPlaceOnEventList+0x84>)
1000714a:	491d      	ldr	r1, [pc, #116]	@ (100071c0 <vTaskPlaceOnEventList+0x88>)
1000714c:	4a1d      	ldr	r2, [pc, #116]	@ (100071c4 <vTaskPlaceOnEventList+0x8c>)
1000714e:	680e      	ldr	r6, [r1, #0]
10007150:	6817      	ldr	r7, [r2, #0]
10007152:	f8d3 8000 	ldr.w	r8, [r3]
10007156:	6828      	ldr	r0, [r5, #0]
10007158:	3004      	adds	r0, #4
1000715a:	f000 fdf1 	bl	10007d40 <uxListRemove>
1000715e:	1c63      	adds	r3, r4, #1
10007160:	d015      	beq.n	1000718e <vTaskPlaceOnEventList+0x56>
10007162:	682b      	ldr	r3, [r5, #0]
10007164:	19a4      	adds	r4, r4, r6
10007166:	6829      	ldr	r1, [r5, #0]
10007168:	605c      	str	r4, [r3, #4]
1000716a:	d20a      	bcs.n	10007182 <vTaskPlaceOnEventList+0x4a>
1000716c:	4638      	mov	r0, r7
1000716e:	3104      	adds	r1, #4
10007170:	f000 fdce 	bl	10007d10 <vListInsert>
10007174:	4b14      	ldr	r3, [pc, #80]	@ (100071c8 <vTaskPlaceOnEventList+0x90>)
10007176:	681a      	ldr	r2, [r3, #0]
10007178:	4294      	cmp	r4, r2
1000717a:	bf38      	it	cc
1000717c:	601c      	strcc	r4, [r3, #0]
1000717e:	e8bd 81f0 	ldmia.w	sp!, {r4, r5, r6, r7, r8, pc}
10007182:	4640      	mov	r0, r8
10007184:	e8bd 41f0 	ldmia.w	sp!, {r4, r5, r6, r7, r8, lr}
10007188:	3104      	adds	r1, #4
1000718a:	f000 bdc1 	b.w	10007d10 <vListInsert>
1000718e:	4b0f      	ldr	r3, [pc, #60]	@ (100071cc <vTaskPlaceOnEventList+0x94>)
10007190:	6829      	ldr	r1, [r5, #0]
10007192:	685a      	ldr	r2, [r3, #4]
10007194:	681c      	ldr	r4, [r3, #0]
10007196:	608a      	str	r2, [r1, #8]
10007198:	682e      	ldr	r6, [r5, #0]
1000719a:	3401      	adds	r4, #1
1000719c:	6828      	ldr	r0, [r5, #0]
1000719e:	6829      	ldr	r1, [r5, #0]
100071a0:	601c      	str	r4, [r3, #0]
100071a2:	682d      	ldr	r5, [r5, #0]
100071a4:	6894      	ldr	r4, [r2, #8]
100071a6:	3004      	adds	r0, #4
100071a8:	3104      	adds	r1, #4
100071aa:	60f4      	str	r4, [r6, #12]
100071ac:	6060      	str	r0, [r4, #4]
100071ae:	6091      	str	r1, [r2, #8]
100071b0:	616b      	str	r3, [r5, #20]
100071b2:	e8bd 81f0 	ldmia.w	sp!, {r4, r5, r6, r7, r8, pc}
100071b6:	bf00      	nop
100071b8:	20002544 	.word	0x20002544
100071bc:	20002550 	.word	0x20002550
100071c0:	200026c0 	.word	0x200026c0
100071c4:	2000254c 	.word	0x2000254c
100071c8:	20002674 	.word	0x20002674
100071cc:	20002698 	.word	0x20002698

100071d0 <vTaskPlaceOnEventListRestricted>:
100071d0:	4694      	mov	ip, r2
100071d2:	e92d 41f0 	stmdb	sp!, {r4, r5, r6, r7, r8, lr}
100071d6:	4c2b      	ldr	r4, [pc, #172]	@ (10007284 <vTaskPlaceOnEventListRestricted+0xb4>)
100071d8:	460d      	mov	r5, r1
100071da:	6823      	ldr	r3, [r4, #0]
100071dc:	6841      	ldr	r1, [r0, #4]
100071de:	f8d4 8000 	ldr.w	r8, [r4]
100071e2:	61d9      	str	r1, [r3, #28]
100071e4:	6827      	ldr	r7, [r4, #0]
100071e6:	6803      	ldr	r3, [r0, #0]
100071e8:	6826      	ldr	r6, [r4, #0]
100071ea:	688a      	ldr	r2, [r1, #8]
100071ec:	f8d4 e000 	ldr.w	lr, [r4]
100071f0:	3301      	adds	r3, #1
100071f2:	3718      	adds	r7, #24
100071f4:	3618      	adds	r6, #24
100071f6:	f8c8 2020 	str.w	r2, [r8, #32]
100071fa:	6057      	str	r7, [r2, #4]
100071fc:	608e      	str	r6, [r1, #8]
100071fe:	4a22      	ldr	r2, [pc, #136]	@ (10007288 <vTaskPlaceOnEventListRestricted+0xb8>)
10007200:	f8ce 0028 	str.w	r0, [lr, #40]	@ 0x28
10007204:	4921      	ldr	r1, [pc, #132]	@ (1000728c <vTaskPlaceOnEventListRestricted+0xbc>)
10007206:	6003      	str	r3, [r0, #0]
10007208:	4b21      	ldr	r3, [pc, #132]	@ (10007290 <vTaskPlaceOnEventListRestricted+0xc0>)
1000720a:	f1bc 0f00 	cmp.w	ip, #0
1000720e:	d01a      	beq.n	10007246 <vTaskPlaceOnEventListRestricted+0x76>
10007210:	6809      	ldr	r1, [r1, #0]
10007212:	6812      	ldr	r2, [r2, #0]
10007214:	681b      	ldr	r3, [r3, #0]
10007216:	6820      	ldr	r0, [r4, #0]
10007218:	3004      	adds	r0, #4
1000721a:	f000 fd91 	bl	10007d40 <uxListRemove>
1000721e:	4b1d      	ldr	r3, [pc, #116]	@ (10007294 <vTaskPlaceOnEventListRestricted+0xc4>)
10007220:	6819      	ldr	r1, [r3, #0]
10007222:	685a      	ldr	r2, [r3, #4]
10007224:	3101      	adds	r1, #1
10007226:	6019      	str	r1, [r3, #0]
10007228:	6821      	ldr	r1, [r4, #0]
1000722a:	6890      	ldr	r0, [r2, #8]
1000722c:	608a      	str	r2, [r1, #8]
1000722e:	6821      	ldr	r1, [r4, #0]
10007230:	60c8      	str	r0, [r1, #12]
10007232:	6821      	ldr	r1, [r4, #0]
10007234:	3104      	adds	r1, #4
10007236:	6041      	str	r1, [r0, #4]
10007238:	6821      	ldr	r1, [r4, #0]
1000723a:	6820      	ldr	r0, [r4, #0]
1000723c:	3104      	adds	r1, #4
1000723e:	6091      	str	r1, [r2, #8]
10007240:	6143      	str	r3, [r0, #20]
10007242:	e8bd 81f0 	ldmia.w	sp!, {r4, r5, r6, r7, r8, pc}
10007246:	680e      	ldr	r6, [r1, #0]
10007248:	6817      	ldr	r7, [r2, #0]
1000724a:	f8d3 8000 	ldr.w	r8, [r3]
1000724e:	6820      	ldr	r0, [r4, #0]
10007250:	3004      	adds	r0, #4
10007252:	f000 fd75 	bl	10007d40 <uxListRemove>
10007256:	6823      	ldr	r3, [r4, #0]
10007258:	19ad      	adds	r5, r5, r6
1000725a:	6821      	ldr	r1, [r4, #0]
1000725c:	605d      	str	r5, [r3, #4]
1000725e:	d305      	bcc.n	1000726c <vTaskPlaceOnEventListRestricted+0x9c>
10007260:	4640      	mov	r0, r8
10007262:	e8bd 41f0 	ldmia.w	sp!, {r4, r5, r6, r7, r8, lr}
10007266:	3104      	adds	r1, #4
10007268:	f000 bd52 	b.w	10007d10 <vListInsert>
1000726c:	4638      	mov	r0, r7
1000726e:	3104      	adds	r1, #4
10007270:	f000 fd4e 	bl	10007d10 <vListInsert>
10007274:	4b08      	ldr	r3, [pc, #32]	@ (10007298 <vTaskPlaceOnEventListRestricted+0xc8>)
10007276:	681a      	ldr	r2, [r3, #0]
10007278:	4295      	cmp	r5, r2
1000727a:	bf38      	it	cc
1000727c:	601d      	strcc	r5, [r3, #0]
1000727e:	e8bd 81f0 	ldmia.w	sp!, {r4, r5, r6, r7, r8, pc}
10007282:	bf00      	nop
10007284:	20002544 	.word	0x20002544
10007288:	2000254c 	.word	0x2000254c
1000728c:	200026c0 	.word	0x200026c0
10007290:	20002550 	.word	0x20002550
10007294:	20002698 	.word	0x20002698
10007298:	20002674 	.word	0x20002674

1000729c <xTaskRemoveFromEventList>:
1000729c:	b4f0      	push	{r4, r5, r6, r7}
1000729e:	2600      	movs	r6, #0
100072a0:	68c3      	ldr	r3, [r0, #12]
100072a2:	68db      	ldr	r3, [r3, #12]
100072a4:	6a9a      	ldr	r2, [r3, #40]	@ 0x28
100072a6:	e9d3 0107 	ldrd	r0, r1, [r3, #28]
100072aa:	6081      	str	r1, [r0, #8]
100072ac:	6048      	str	r0, [r1, #4]
100072ae:	6850      	ldr	r0, [r2, #4]
100072b0:	f103 0418 	add.w	r4, r3, #24
100072b4:	42a0      	cmp	r0, r4
100072b6:	4827      	ldr	r0, [pc, #156]	@ (10007354 <xTaskRemoveFromEventList+0xb8>)
100072b8:	bf08      	it	eq
100072ba:	6051      	streq	r1, [r2, #4]
100072bc:	6811      	ldr	r1, [r2, #0]
100072be:	6805      	ldr	r5, [r0, #0]
100072c0:	3901      	subs	r1, #1
100072c2:	6ad8      	ldr	r0, [r3, #44]	@ 0x2c
100072c4:	629e      	str	r6, [r3, #40]	@ 0x28
100072c6:	6011      	str	r1, [r2, #0]
100072c8:	2d00      	cmp	r5, #0
100072ca:	d12f      	bne.n	1000732c <xTaskRemoveFromEventList+0x90>
100072cc:	e9d3 4102 	ldrd	r4, r1, [r3, #8]
100072d0:	695a      	ldr	r2, [r3, #20]
100072d2:	60a1      	str	r1, [r4, #8]
100072d4:	604c      	str	r4, [r1, #4]
100072d6:	6854      	ldr	r4, [r2, #4]
100072d8:	1d1e      	adds	r6, r3, #4
100072da:	42b4      	cmp	r4, r6
100072dc:	bf08      	it	eq
100072de:	6051      	streq	r1, [r2, #4]
100072e0:	6811      	ldr	r1, [r2, #0]
100072e2:	3901      	subs	r1, #1
100072e4:	6011      	str	r1, [r2, #0]
100072e6:	4a1c      	ldr	r2, [pc, #112]	@ (10007358 <xTaskRemoveFromEventList+0xbc>)
100072e8:	6811      	ldr	r1, [r2, #0]
100072ea:	4281      	cmp	r1, r0
100072ec:	491b      	ldr	r1, [pc, #108]	@ (1000735c <xTaskRemoveFromEventList+0xc0>)
100072ee:	bf38      	it	cc
100072f0:	6010      	strcc	r0, [r2, #0]
100072f2:	eb00 0280 	add.w	r2, r0, r0, lsl #2
100072f6:	eb01 0782 	add.w	r7, r1, r2, lsl #2
100072fa:	687d      	ldr	r5, [r7, #4]
100072fc:	0092      	lsls	r2, r2, #2
100072fe:	f8d5 c008 	ldr.w	ip, [r5, #8]
10007302:	588c      	ldr	r4, [r1, r2]
10007304:	609d      	str	r5, [r3, #8]
10007306:	f8c3 c00c 	str.w	ip, [r3, #12]
1000730a:	f8cc 6004 	str.w	r6, [ip, #4]
1000730e:	60ae      	str	r6, [r5, #8]
10007310:	615f      	str	r7, [r3, #20]
10007312:	4b13      	ldr	r3, [pc, #76]	@ (10007360 <xTaskRemoveFromEventList+0xc4>)
10007314:	3401      	adds	r4, #1
10007316:	681b      	ldr	r3, [r3, #0]
10007318:	508c      	str	r4, [r1, r2]
1000731a:	6adb      	ldr	r3, [r3, #44]	@ 0x2c
1000731c:	4283      	cmp	r3, r0
1000731e:	d215      	bcs.n	1000734c <xTaskRemoveFromEventList+0xb0>
10007320:	bcf0      	pop	{r4, r5, r6, r7}
10007322:	2301      	movs	r3, #1
10007324:	4a0f      	ldr	r2, [pc, #60]	@ (10007364 <xTaskRemoveFromEventList+0xc8>)
10007326:	4618      	mov	r0, r3
10007328:	6013      	str	r3, [r2, #0]
1000732a:	4770      	bx	lr
1000732c:	4a0e      	ldr	r2, [pc, #56]	@ (10007368 <xTaskRemoveFromEventList+0xcc>)
1000732e:	6815      	ldr	r5, [r2, #0]
10007330:	6851      	ldr	r1, [r2, #4]
10007332:	3501      	adds	r5, #1
10007334:	6015      	str	r5, [r2, #0]
10007336:	688d      	ldr	r5, [r1, #8]
10007338:	61d9      	str	r1, [r3, #28]
1000733a:	621d      	str	r5, [r3, #32]
1000733c:	606c      	str	r4, [r5, #4]
1000733e:	608c      	str	r4, [r1, #8]
10007340:	629a      	str	r2, [r3, #40]	@ 0x28
10007342:	4b07      	ldr	r3, [pc, #28]	@ (10007360 <xTaskRemoveFromEventList+0xc4>)
10007344:	681b      	ldr	r3, [r3, #0]
10007346:	6adb      	ldr	r3, [r3, #44]	@ 0x2c
10007348:	4283      	cmp	r3, r0
1000734a:	d3e9      	bcc.n	10007320 <xTaskRemoveFromEventList+0x84>
1000734c:	bcf0      	pop	{r4, r5, r6, r7}
1000734e:	2000      	movs	r0, #0
10007350:	4770      	bx	lr
10007352:	bf00      	nop
10007354:	20002604 	.word	0x20002604
10007358:	2000260c 	.word	0x2000260c
1000735c:	20002558 	.word	0x20002558
10007360:	20002544 	.word	0x20002544
10007364:	200026cc 	.word	0x200026cc
10007368:	20002680 	.word	0x20002680

1000736c <vTaskInternalSetTimeOutState>:
1000736c:	4a03      	ldr	r2, [pc, #12]	@ (1000737c <vTaskInternalSetTimeOutState+0x10>)
1000736e:	4b04      	ldr	r3, [pc, #16]	@ (10007380 <vTaskInternalSetTimeOutState+0x14>)
10007370:	6812      	ldr	r2, [r2, #0]
10007372:	681b      	ldr	r3, [r3, #0]
10007374:	e9c0 2300 	strd	r2, r3, [r0]
10007378:	4770      	bx	lr
1000737a:	bf00      	nop
1000737c:	20002678 	.word	0x20002678
10007380:	200026c0 	.word	0x200026c0

10007384 <xTaskCheckForTimeOut>:
10007384:	b5f8      	push	{r3, r4, r5, r6, r7, lr}
10007386:	460d      	mov	r5, r1
10007388:	4604      	mov	r4, r0
1000738a:	f000 fb39 	bl	10007a00 <vPortEnterCritical>
1000738e:	682b      	ldr	r3, [r5, #0]
10007390:	4a12      	ldr	r2, [pc, #72]	@ (100073dc <xTaskCheckForTimeOut+0x58>)
10007392:	1c58      	adds	r0, r3, #1
10007394:	6811      	ldr	r1, [r2, #0]
10007396:	d01b      	beq.n	100073d0 <xTaskCheckForTimeOut+0x4c>
10007398:	e9d4 6000 	ldrd	r6, r0, [r4]
1000739c:	f8df c040 	ldr.w	ip, [pc, #64]	@ 100073e0 <xTaskCheckForTimeOut+0x5c>
100073a0:	f8dc 7000 	ldr.w	r7, [ip]
100073a4:	42be      	cmp	r6, r7
100073a6:	d008      	beq.n	100073ba <xTaskCheckForTimeOut+0x36>
100073a8:	4288      	cmp	r0, r1
100073aa:	d806      	bhi.n	100073ba <xTaskCheckForTimeOut+0x36>
100073ac:	2300      	movs	r3, #0
100073ae:	2401      	movs	r4, #1
100073b0:	602b      	str	r3, [r5, #0]
100073b2:	f000 fb33 	bl	10007a1c <vPortExitCritical>
100073b6:	4620      	mov	r0, r4
100073b8:	bdf8      	pop	{r3, r4, r5, r6, r7, pc}
100073ba:	1a0f      	subs	r7, r1, r0
100073bc:	42bb      	cmp	r3, r7
100073be:	d9f5      	bls.n	100073ac <xTaskCheckForTimeOut+0x28>
100073c0:	1a5b      	subs	r3, r3, r1
100073c2:	f8dc 1000 	ldr.w	r1, [ip]
100073c6:	6812      	ldr	r2, [r2, #0]
100073c8:	4403      	add	r3, r0
100073ca:	602b      	str	r3, [r5, #0]
100073cc:	e9c4 1200 	strd	r1, r2, [r4]
100073d0:	2400      	movs	r4, #0
100073d2:	f000 fb23 	bl	10007a1c <vPortExitCritical>
100073d6:	4620      	mov	r0, r4
100073d8:	bdf8      	pop	{r3, r4, r5, r6, r7, pc}
100073da:	bf00      	nop
100073dc:	200026c0 	.word	0x200026c0
100073e0:	20002678 	.word	0x20002678

100073e4 <vTaskMissedYield>:
100073e4:	2201      	movs	r2, #1
100073e6:	4b01      	ldr	r3, [pc, #4]	@ (100073ec <vTaskMissedYield+0x8>)
100073e8:	601a      	str	r2, [r3, #0]
100073ea:	4770      	bx	lr
100073ec:	200026cc 	.word	0x200026cc

100073f0 <xTaskPriorityInherit>:
100073f0:	b5f8      	push	{r3, r4, r5, r6, r7, lr}
100073f2:	4604      	mov	r4, r0
100073f4:	b1c8      	cbz	r0, 1000742a <xTaskPriorityInherit+0x3a>
100073f6:	4d1f      	ldr	r5, [pc, #124]	@ (10007474 <xTaskPriorityInherit+0x84>)
100073f8:	6ac3      	ldr	r3, [r0, #44]	@ 0x2c
100073fa:	682a      	ldr	r2, [r5, #0]
100073fc:	6ad2      	ldr	r2, [r2, #44]	@ 0x2c
100073fe:	4293      	cmp	r3, r2
10007400:	d214      	bcs.n	1000742c <xTaskPriorityInherit+0x3c>
10007402:	6982      	ldr	r2, [r0, #24]
10007404:	2a00      	cmp	r2, #0
10007406:	db04      	blt.n	10007412 <xTaskPriorityInherit+0x22>
10007408:	682a      	ldr	r2, [r5, #0]
1000740a:	6ad2      	ldr	r2, [r2, #44]	@ 0x2c
1000740c:	f1c2 0206 	rsb	r2, r2, #6
10007410:	6182      	str	r2, [r0, #24]
10007412:	4e19      	ldr	r6, [pc, #100]	@ (10007478 <xTaskPriorityInherit+0x88>)
10007414:	6962      	ldr	r2, [r4, #20]
10007416:	eb03 0383 	add.w	r3, r3, r3, lsl #2
1000741a:	eb06 0383 	add.w	r3, r6, r3, lsl #2
1000741e:	429a      	cmp	r2, r3
10007420:	d00c      	beq.n	1000743c <xTaskPriorityInherit+0x4c>
10007422:	682b      	ldr	r3, [r5, #0]
10007424:	6adb      	ldr	r3, [r3, #44]	@ 0x2c
10007426:	62e3      	str	r3, [r4, #44]	@ 0x2c
10007428:	2001      	movs	r0, #1
1000742a:	bdf8      	pop	{r3, r4, r5, r6, r7, pc}
1000742c:	682b      	ldr	r3, [r5, #0]
1000742e:	6c40      	ldr	r0, [r0, #68]	@ 0x44
10007430:	6adb      	ldr	r3, [r3, #44]	@ 0x2c
10007432:	4298      	cmp	r0, r3
10007434:	bf2c      	ite	cs
10007436:	2000      	movcs	r0, #0
10007438:	2001      	movcc	r0, #1
1000743a:	bdf8      	pop	{r3, r4, r5, r6, r7, pc}
1000743c:	1d27      	adds	r7, r4, #4
1000743e:	4638      	mov	r0, r7
10007440:	f000 fc7e 	bl	10007d40 <uxListRemove>
10007444:	682b      	ldr	r3, [r5, #0]
10007446:	4a0d      	ldr	r2, [pc, #52]	@ (1000747c <xTaskPriorityInherit+0x8c>)
10007448:	6adb      	ldr	r3, [r3, #44]	@ 0x2c
1000744a:	6811      	ldr	r1, [r2, #0]
1000744c:	62e3      	str	r3, [r4, #44]	@ 0x2c
1000744e:	428b      	cmp	r3, r1
10007450:	bf88      	it	hi
10007452:	6013      	strhi	r3, [r2, #0]
10007454:	eb03 0383 	add.w	r3, r3, r3, lsl #2
10007458:	0098      	lsls	r0, r3, #2
1000745a:	eb06 0383 	add.w	r3, r6, r3, lsl #2
1000745e:	6859      	ldr	r1, [r3, #4]
10007460:	5832      	ldr	r2, [r6, r0]
10007462:	688d      	ldr	r5, [r1, #8]
10007464:	3201      	adds	r2, #1
10007466:	60a1      	str	r1, [r4, #8]
10007468:	60e5      	str	r5, [r4, #12]
1000746a:	606f      	str	r7, [r5, #4]
1000746c:	608f      	str	r7, [r1, #8]
1000746e:	6163      	str	r3, [r4, #20]
10007470:	5032      	str	r2, [r6, r0]
10007472:	e7d9      	b.n	10007428 <xTaskPriorityInherit+0x38>
10007474:	20002544 	.word	0x20002544
10007478:	20002558 	.word	0x20002558
1000747c:	2000260c 	.word	0x2000260c

10007480 <xTaskPriorityDisinherit>:
10007480:	b158      	cbz	r0, 1000749a <xTaskPriorityDisinherit+0x1a>
10007482:	b5f8      	push	{r3, r4, r5, r6, r7, lr}
10007484:	6ac1      	ldr	r1, [r0, #44]	@ 0x2c
10007486:	6c83      	ldr	r3, [r0, #72]	@ 0x48
10007488:	6c42      	ldr	r2, [r0, #68]	@ 0x44
1000748a:	3b01      	subs	r3, #1
1000748c:	4291      	cmp	r1, r2
1000748e:	4604      	mov	r4, r0
10007490:	6483      	str	r3, [r0, #72]	@ 0x48
10007492:	d000      	beq.n	10007496 <xTaskPriorityDisinherit+0x16>
10007494:	b11b      	cbz	r3, 1000749e <xTaskPriorityDisinherit+0x1e>
10007496:	2000      	movs	r0, #0
10007498:	bdf8      	pop	{r3, r4, r5, r6, r7, pc}
1000749a:	2000      	movs	r0, #0
1000749c:	4770      	bx	lr
1000749e:	1d06      	adds	r6, r0, #4
100074a0:	4630      	mov	r0, r6
100074a2:	f000 fc4d 	bl	10007d40 <uxListRemove>
100074a6:	6c63      	ldr	r3, [r4, #68]	@ 0x44
100074a8:	4a0e      	ldr	r2, [pc, #56]	@ (100074e4 <xTaskPriorityDisinherit+0x64>)
100074aa:	f1c3 0006 	rsb	r0, r3, #6
100074ae:	61a0      	str	r0, [r4, #24]
100074b0:	2001      	movs	r0, #1
100074b2:	6811      	ldr	r1, [r2, #0]
100074b4:	62e3      	str	r3, [r4, #44]	@ 0x2c
100074b6:	428b      	cmp	r3, r1
100074b8:	bf88      	it	hi
100074ba:	6013      	strhi	r3, [r2, #0]
100074bc:	4a0a      	ldr	r2, [pc, #40]	@ (100074e8 <xTaskPriorityDisinherit+0x68>)
100074be:	eb03 0383 	add.w	r3, r3, r3, lsl #2
100074c2:	ea4f 0c83 	mov.w	ip, r3, lsl #2
100074c6:	eb02 0383 	add.w	r3, r2, r3, lsl #2
100074ca:	685d      	ldr	r5, [r3, #4]
100074cc:	f852 100c 	ldr.w	r1, [r2, ip]
100074d0:	68af      	ldr	r7, [r5, #8]
100074d2:	4401      	add	r1, r0
100074d4:	60a5      	str	r5, [r4, #8]
100074d6:	60e7      	str	r7, [r4, #12]
100074d8:	607e      	str	r6, [r7, #4]
100074da:	60ae      	str	r6, [r5, #8]
100074dc:	6163      	str	r3, [r4, #20]
100074de:	f842 100c 	str.w	r1, [r2, ip]
100074e2:	bdf8      	pop	{r3, r4, r5, r6, r7, pc}
100074e4:	2000260c 	.word	0x2000260c
100074e8:	20002558 	.word	0x20002558

100074ec <vTaskPriorityDisinheritAfterTimeout>:
100074ec:	b160      	cbz	r0, 10007508 <vTaskPriorityDisinheritAfterTimeout+0x1c>
100074ee:	6c42      	ldr	r2, [r0, #68]	@ 0x44
100074f0:	b5f8      	push	{r3, r4, r5, r6, r7, lr}
100074f2:	4291      	cmp	r1, r2
100074f4:	bf38      	it	cc
100074f6:	4611      	movcc	r1, r2
100074f8:	6ac3      	ldr	r3, [r0, #44]	@ 0x2c
100074fa:	4604      	mov	r4, r0
100074fc:	428b      	cmp	r3, r1
100074fe:	d002      	beq.n	10007506 <vTaskPriorityDisinheritAfterTimeout+0x1a>
10007500:	6c82      	ldr	r2, [r0, #72]	@ 0x48
10007502:	2a01      	cmp	r2, #1
10007504:	d001      	beq.n	1000750a <vTaskPriorityDisinheritAfterTimeout+0x1e>
10007506:	bdf8      	pop	{r3, r4, r5, r6, r7, pc}
10007508:	4770      	bx	lr
1000750a:	6982      	ldr	r2, [r0, #24]
1000750c:	4d13      	ldr	r5, [pc, #76]	@ (1000755c <vTaskPriorityDisinheritAfterTimeout+0x70>)
1000750e:	2a00      	cmp	r2, #0
10007510:	eb03 0383 	add.w	r3, r3, r3, lsl #2
10007514:	6942      	ldr	r2, [r0, #20]
10007516:	62c1      	str	r1, [r0, #44]	@ 0x2c
10007518:	eb05 0383 	add.w	r3, r5, r3, lsl #2
1000751c:	bfa4      	itt	ge
1000751e:	f1c1 0106 	rsbge	r1, r1, #6
10007522:	6181      	strge	r1, [r0, #24]
10007524:	429a      	cmp	r2, r3
10007526:	d1ee      	bne.n	10007506 <vTaskPriorityDisinheritAfterTimeout+0x1a>
10007528:	1d06      	adds	r6, r0, #4
1000752a:	4630      	mov	r0, r6
1000752c:	f000 fc08 	bl	10007d40 <uxListRemove>
10007530:	4a0b      	ldr	r2, [pc, #44]	@ (10007560 <vTaskPriorityDisinheritAfterTimeout+0x74>)
10007532:	6ae3      	ldr	r3, [r4, #44]	@ 0x2c
10007534:	6811      	ldr	r1, [r2, #0]
10007536:	428b      	cmp	r3, r1
10007538:	bf88      	it	hi
1000753a:	6013      	strhi	r3, [r2, #0]
1000753c:	eb03 0383 	add.w	r3, r3, r3, lsl #2
10007540:	0098      	lsls	r0, r3, #2
10007542:	eb05 0383 	add.w	r3, r5, r3, lsl #2
10007546:	6859      	ldr	r1, [r3, #4]
10007548:	582a      	ldr	r2, [r5, r0]
1000754a:	688f      	ldr	r7, [r1, #8]
1000754c:	3201      	adds	r2, #1
1000754e:	60a1      	str	r1, [r4, #8]
10007550:	60e7      	str	r7, [r4, #12]
10007552:	607e      	str	r6, [r7, #4]
10007554:	608e      	str	r6, [r1, #8]
10007556:	6163      	str	r3, [r4, #20]
10007558:	502a      	str	r2, [r5, r0]
1000755a:	bdf8      	pop	{r3, r4, r5, r6, r7, pc}
1000755c:	20002558 	.word	0x20002558
10007560:	2000260c 	.word	0x2000260c

10007564 <pvTaskIncrementMutexHeldCount>:
10007564:	4b03      	ldr	r3, [pc, #12]	@ (10007574 <pvTaskIncrementMutexHeldCount+0x10>)
10007566:	6818      	ldr	r0, [r3, #0]
10007568:	b110      	cbz	r0, 10007570 <pvTaskIncrementMutexHeldCount+0xc>
1000756a:	6c83      	ldr	r3, [r0, #72]	@ 0x48
1000756c:	3301      	adds	r3, #1
1000756e:	6483      	str	r3, [r0, #72]	@ 0x48
10007570:	4770      	bx	lr
10007572:	bf00      	nop
10007574:	20002544 	.word	0x20002544

10007578 <prvTimerTask>:
10007578:	e92d 4ff0 	stmdb	sp!, {r4, r5, r6, r7, r8, r9, sl, fp, lr}
1000757c:	4fb7      	ldr	r7, [pc, #732]	@ (1000785c <prvTimerTask+0x2e4>)
1000757e:	f8df b2e4 	ldr.w	fp, [pc, #740]	@ 10007864 <prvTimerTask+0x2ec>
10007582:	f8df 82e4 	ldr.w	r8, [pc, #740]	@ 10007868 <prvTimerTask+0x2f0>
10007586:	4db6      	ldr	r5, [pc, #728]	@ (10007860 <prvTimerTask+0x2e8>)
10007588:	b087      	sub	sp, #28
1000758a:	683b      	ldr	r3, [r7, #0]
1000758c:	681c      	ldr	r4, [r3, #0]
1000758e:	2c00      	cmp	r4, #0
10007590:	f040 811d 	bne.w	100077ce <prvTimerTask+0x256>
10007594:	f7ff fc5e 	bl	10006e54 <vTaskSuspendAll>
10007598:	f7ff fd66 	bl	10007068 <xTaskGetTickCount>
1000759c:	f8db 3000 	ldr.w	r3, [fp]
100075a0:	4681      	mov	r9, r0
100075a2:	4283      	cmp	r3, r0
100075a4:	d848      	bhi.n	10007638 <prvTimerTask+0xc0>
100075a6:	f8d8 3000 	ldr.w	r3, [r8]
100075aa:	f8cb 0000 	str.w	r0, [fp]
100075ae:	681a      	ldr	r2, [r3, #0]
100075b0:	fab2 f282 	clz	r2, r2
100075b4:	0952      	lsrs	r2, r2, #5
100075b6:	6828      	ldr	r0, [r5, #0]
100075b8:	eba4 0109 	sub.w	r1, r4, r9
100075bc:	f7ff f99c 	bl	100068f8 <vQueueWaitForMessageRestricted>
100075c0:	f7ff fc50 	bl	10006e64 <xTaskResumeAll>
100075c4:	2800      	cmp	r0, #0
100075c6:	f000 8124 	beq.w	10007812 <prvTimerTask+0x29a>
100075ca:	2300      	movs	r3, #0
100075cc:	e9cd 3302 	strd	r3, r3, [sp, #8]
100075d0:	e9cd 3304 	strd	r3, r3, [sp, #16]
100075d4:	2200      	movs	r2, #0
100075d6:	6828      	ldr	r0, [r5, #0]
100075d8:	a902      	add	r1, sp, #8
100075da:	f7fe fe29 	bl	10006230 <xQueueReceive>
100075de:	2800      	cmp	r0, #0
100075e0:	d0d3      	beq.n	1000758a <prvTimerTask+0x12>
100075e2:	9b02      	ldr	r3, [sp, #8]
100075e4:	9804      	ldr	r0, [sp, #16]
100075e6:	2b00      	cmp	r3, #0
100075e8:	f2c0 80e9 	blt.w	100077be <prvTimerTask+0x246>
100075ec:	f8dd a010 	ldr.w	sl, [sp, #16]
100075f0:	f8da 3014 	ldr.w	r3, [sl, #20]
100075f4:	b11b      	cbz	r3, 100075fe <prvTimerTask+0x86>
100075f6:	f10a 0004 	add.w	r0, sl, #4
100075fa:	f000 fba1 	bl	10007d40 <uxListRemove>
100075fe:	f7ff fd33 	bl	10007068 <xTaskGetTickCount>
10007602:	f8db 3000 	ldr.w	r3, [fp]
10007606:	9001      	str	r0, [sp, #4]
10007608:	4298      	cmp	r0, r3
1000760a:	d343      	bcc.n	10007694 <prvTimerTask+0x11c>
1000760c:	e9dd 2301 	ldrd	r2, r3, [sp, #4]
10007610:	3b01      	subs	r3, #1
10007612:	f8cb 2000 	str.w	r2, [fp]
10007616:	2b08      	cmp	r3, #8
10007618:	d8dc      	bhi.n	100075d4 <prvTimerTask+0x5c>
1000761a:	e8df f003 	tbb	[pc, r3]
1000761e:	6161      	.short	0x6161
10007620:	61c7a5c0 	.word	0x61c7a5c0
10007624:	c061      	.short	0xc061
10007626:	a5          	.byte	0xa5
10007627:	00          	.byte	0x00
10007628:	f022 0201 	bic.w	r2, r2, #1
1000762c:	f88a 2024 	strb.w	r2, [sl, #36]	@ 0x24
10007630:	4650      	mov	r0, sl
10007632:	f8da 3020 	ldr.w	r3, [sl, #32]
10007636:	4798      	blx	r3
10007638:	683b      	ldr	r3, [r7, #0]
1000763a:	681a      	ldr	r2, [r3, #0]
1000763c:	2a00      	cmp	r2, #0
1000763e:	f000 80d8 	beq.w	100077f2 <prvTimerTask+0x27a>
10007642:	68da      	ldr	r2, [r3, #12]
10007644:	f8d2 a00c 	ldr.w	sl, [r2, #12]
10007648:	6814      	ldr	r4, [r2, #0]
1000764a:	f10a 0604 	add.w	r6, sl, #4
1000764e:	4630      	mov	r0, r6
10007650:	f000 fb76 	bl	10007d40 <uxListRemove>
10007654:	f89a 2024 	ldrb.w	r2, [sl, #36]	@ 0x24
10007658:	0751      	lsls	r1, r2, #29
1000765a:	d5e5      	bpl.n	10007628 <prvTimerTask+0xb0>
1000765c:	e003      	b.n	10007666 <prvTimerTask+0xee>
1000765e:	4650      	mov	r0, sl
10007660:	f8da 2020 	ldr.w	r2, [sl, #32]
10007664:	4790      	blx	r2
10007666:	f8da 2018 	ldr.w	r2, [sl, #24]
1000766a:	f8ca a010 	str.w	sl, [sl, #16]
1000766e:	1911      	adds	r1, r2, r4
10007670:	18a4      	adds	r4, r4, r2
10007672:	f8ca 1004 	str.w	r1, [sl, #4]
10007676:	d3f2      	bcc.n	1000765e <prvTimerTask+0xe6>
10007678:	4631      	mov	r1, r6
1000767a:	f8d8 0000 	ldr.w	r0, [r8]
1000767e:	f000 fb47 	bl	10007d10 <vListInsert>
10007682:	e7d5      	b.n	10007630 <prvTimerTask+0xb8>
10007684:	f021 0101 	bic.w	r1, r1, #1
10007688:	f889 1024 	strb.w	r1, [r9, #36]	@ 0x24
1000768c:	4648      	mov	r0, r9
1000768e:	f8d9 3020 	ldr.w	r3, [r9, #32]
10007692:	4798      	blx	r3
10007694:	683b      	ldr	r3, [r7, #0]
10007696:	6819      	ldr	r1, [r3, #0]
10007698:	2900      	cmp	r1, #0
1000769a:	f000 80b4 	beq.w	10007806 <prvTimerTask+0x28e>
1000769e:	68d9      	ldr	r1, [r3, #12]
100076a0:	f8d1 900c 	ldr.w	r9, [r1, #12]
100076a4:	680c      	ldr	r4, [r1, #0]
100076a6:	f109 0604 	add.w	r6, r9, #4
100076aa:	4630      	mov	r0, r6
100076ac:	f000 fb48 	bl	10007d40 <uxListRemove>
100076b0:	f899 1024 	ldrb.w	r1, [r9, #36]	@ 0x24
100076b4:	0748      	lsls	r0, r1, #29
100076b6:	d5e5      	bpl.n	10007684 <prvTimerTask+0x10c>
100076b8:	e003      	b.n	100076c2 <prvTimerTask+0x14a>
100076ba:	4648      	mov	r0, r9
100076bc:	f8d9 1020 	ldr.w	r1, [r9, #32]
100076c0:	4788      	blx	r1
100076c2:	f8d9 1018 	ldr.w	r1, [r9, #24]
100076c6:	f8c9 9010 	str.w	r9, [r9, #16]
100076ca:	1908      	adds	r0, r1, r4
100076cc:	1864      	adds	r4, r4, r1
100076ce:	f8c9 0004 	str.w	r0, [r9, #4]
100076d2:	d3f2      	bcc.n	100076ba <prvTimerTask+0x142>
100076d4:	4631      	mov	r1, r6
100076d6:	f8d8 0000 	ldr.w	r0, [r8]
100076da:	f000 fb19 	bl	10007d10 <vListInsert>
100076de:	e7d5      	b.n	1000768c <prvTimerTask+0x114>
100076e0:	f89a 0024 	ldrb.w	r0, [sl, #36]	@ 0x24
100076e4:	9903      	ldr	r1, [sp, #12]
100076e6:	f8da 4018 	ldr.w	r4, [sl, #24]
100076ea:	9a01      	ldr	r2, [sp, #4]
100076ec:	190b      	adds	r3, r1, r4
100076ee:	f040 0601 	orr.w	r6, r0, #1
100076f2:	f88a 6024 	strb.w	r6, [sl, #36]	@ 0x24
100076f6:	bf2c      	ite	cs
100076f8:	2601      	movcs	r6, #1
100076fa:	2600      	movcc	r6, #0
100076fc:	4293      	cmp	r3, r2
100076fe:	f8ca 3004 	str.w	r3, [sl, #4]
10007702:	f8ca a010 	str.w	sl, [sl, #16]
10007706:	f200 8087 	bhi.w	10007818 <prvTimerTask+0x2a0>
1000770a:	1a51      	subs	r1, r2, r1
1000770c:	428c      	cmp	r4, r1
1000770e:	d83f      	bhi.n	10007790 <prvTimerTask+0x218>
10007710:	0741      	lsls	r1, r0, #29
10007712:	d412      	bmi.n	1000773a <prvTimerTask+0x1c2>
10007714:	f020 0001 	bic.w	r0, r0, #1
10007718:	f88a 0024 	strb.w	r0, [sl, #36]	@ 0x24
1000771c:	4650      	mov	r0, sl
1000771e:	f8da 3020 	ldr.w	r3, [sl, #32]
10007722:	4798      	blx	r3
10007724:	e756      	b.n	100075d4 <prvTimerTask+0x5c>
10007726:	428c      	cmp	r4, r1
10007728:	f200 80c6 	bhi.w	100078b8 <prvTimerTask+0x340>
1000772c:	f8da 3020 	ldr.w	r3, [sl, #32]
10007730:	4650      	mov	r0, sl
10007732:	4798      	blx	r3
10007734:	4633      	mov	r3, r6
10007736:	f8da 4018 	ldr.w	r4, [sl, #24]
1000773a:	9a01      	ldr	r2, [sp, #4]
1000773c:	18e6      	adds	r6, r4, r3
1000773e:	bf2c      	ite	cs
10007740:	2001      	movcs	r0, #1
10007742:	2000      	movcc	r0, #0
10007744:	42b2      	cmp	r2, r6
10007746:	eba2 0103 	sub.w	r1, r2, r3
1000774a:	f8ca 6004 	str.w	r6, [sl, #4]
1000774e:	f8ca a010 	str.w	sl, [sl, #16]
10007752:	d2e8      	bcs.n	10007726 <prvTimerTask+0x1ae>
10007754:	429a      	cmp	r2, r3
10007756:	d201      	bcs.n	1000775c <prvTimerTask+0x1e4>
10007758:	2800      	cmp	r0, #0
1000775a:	d0e7      	beq.n	1000772c <prvTimerTask+0x1b4>
1000775c:	6838      	ldr	r0, [r7, #0]
1000775e:	f10a 0104 	add.w	r1, sl, #4
10007762:	f000 fad5 	bl	10007d10 <vListInsert>
10007766:	e7d9      	b.n	1000771c <prvTimerTask+0x1a4>
10007768:	9903      	ldr	r1, [sp, #12]
1000776a:	9a01      	ldr	r2, [sp, #4]
1000776c:	f89a 3024 	ldrb.w	r3, [sl, #36]	@ 0x24
10007770:	1888      	adds	r0, r1, r2
10007772:	f043 0301 	orr.w	r3, r3, #1
10007776:	4290      	cmp	r0, r2
10007778:	f88a 3024 	strb.w	r3, [sl, #36]	@ 0x24
1000777c:	f8ca 1018 	str.w	r1, [sl, #24]
10007780:	f8ca 0004 	str.w	r0, [sl, #4]
10007784:	f8ca a010 	str.w	sl, [sl, #16]
10007788:	d84b      	bhi.n	10007822 <prvTimerTask+0x2aa>
1000778a:	2900      	cmp	r1, #0
1000778c:	f43f af22 	beq.w	100075d4 <prvTimerTask+0x5c>
10007790:	f8d8 0000 	ldr.w	r0, [r8]
10007794:	f10a 0104 	add.w	r1, sl, #4
10007798:	f000 faba 	bl	10007d10 <vListInsert>
1000779c:	e71a      	b.n	100075d4 <prvTimerTask+0x5c>
1000779e:	f89a 3024 	ldrb.w	r3, [sl, #36]	@ 0x24
100077a2:	f023 0301 	bic.w	r3, r3, #1
100077a6:	f88a 3024 	strb.w	r3, [sl, #36]	@ 0x24
100077aa:	e713      	b.n	100075d4 <prvTimerTask+0x5c>
100077ac:	f89a 3024 	ldrb.w	r3, [sl, #36]	@ 0x24
100077b0:	079a      	lsls	r2, r3, #30
100077b2:	d577      	bpl.n	100078a4 <prvTimerTask+0x32c>
100077b4:	f023 0301 	bic.w	r3, r3, #1
100077b8:	f88a 3024 	strb.w	r3, [sl, #36]	@ 0x24
100077bc:	e70a      	b.n	100075d4 <prvTimerTask+0x5c>
100077be:	9b03      	ldr	r3, [sp, #12]
100077c0:	9905      	ldr	r1, [sp, #20]
100077c2:	4798      	blx	r3
100077c4:	9b02      	ldr	r3, [sp, #8]
100077c6:	2b00      	cmp	r3, #0
100077c8:	f6ff af04 	blt.w	100075d4 <prvTimerTask+0x5c>
100077cc:	e70e      	b.n	100075ec <prvTimerTask+0x74>
100077ce:	68db      	ldr	r3, [r3, #12]
100077d0:	681c      	ldr	r4, [r3, #0]
100077d2:	f7ff fb3f 	bl	10006e54 <vTaskSuspendAll>
100077d6:	f7ff fc47 	bl	10007068 <xTaskGetTickCount>
100077da:	f8db 3000 	ldr.w	r3, [fp]
100077de:	4681      	mov	r9, r0
100077e0:	4283      	cmp	r3, r0
100077e2:	f63f af29 	bhi.w	10007638 <prvTimerTask+0xc0>
100077e6:	4284      	cmp	r4, r0
100077e8:	f8cb 0000 	str.w	r0, [fp]
100077ec:	d91f      	bls.n	1000782e <prvTimerTask+0x2b6>
100077ee:	2200      	movs	r2, #0
100077f0:	e6e1      	b.n	100075b6 <prvTimerTask+0x3e>
100077f2:	f8d8 2000 	ldr.w	r2, [r8]
100077f6:	f8cb 9000 	str.w	r9, [fp]
100077fa:	603a      	str	r2, [r7, #0]
100077fc:	f8c8 3000 	str.w	r3, [r8]
10007800:	f7ff fb30 	bl	10006e64 <xTaskResumeAll>
10007804:	e6e1      	b.n	100075ca <prvTimerTask+0x52>
10007806:	f8d8 1000 	ldr.w	r1, [r8]
1000780a:	f8c8 3000 	str.w	r3, [r8]
1000780e:	6039      	str	r1, [r7, #0]
10007810:	e6fc      	b.n	1000760c <prvTimerTask+0x94>
10007812:	f000 f8e9 	bl	100079e8 <vPortYield>
10007816:	e6d8      	b.n	100075ca <prvTimerTask+0x52>
10007818:	4291      	cmp	r1, r2
1000781a:	d902      	bls.n	10007822 <prvTimerTask+0x2aa>
1000781c:	2e00      	cmp	r6, #0
1000781e:	f43f af77 	beq.w	10007710 <prvTimerTask+0x198>
10007822:	6838      	ldr	r0, [r7, #0]
10007824:	f10a 0104 	add.w	r1, sl, #4
10007828:	f000 fa72 	bl	10007d10 <vListInsert>
1000782c:	e6d2      	b.n	100075d4 <prvTimerTask+0x5c>
1000782e:	f7ff fb19 	bl	10006e64 <xTaskResumeAll>
10007832:	683b      	ldr	r3, [r7, #0]
10007834:	68db      	ldr	r3, [r3, #12]
10007836:	68de      	ldr	r6, [r3, #12]
10007838:	1d33      	adds	r3, r6, #4
1000783a:	4618      	mov	r0, r3
1000783c:	9301      	str	r3, [sp, #4]
1000783e:	f000 fa7f 	bl	10007d40 <uxListRemove>
10007842:	f896 2024 	ldrb.w	r2, [r6, #36]	@ 0x24
10007846:	0753      	lsls	r3, r2, #29
10007848:	d416      	bmi.n	10007878 <prvTimerTask+0x300>
1000784a:	f022 0201 	bic.w	r2, r2, #1
1000784e:	f886 2024 	strb.w	r2, [r6, #36]	@ 0x24
10007852:	4630      	mov	r0, r6
10007854:	6a33      	ldr	r3, [r6, #32]
10007856:	4798      	blx	r3
10007858:	e6b7      	b.n	100075ca <prvTimerTask+0x52>
1000785a:	bf00      	nop
1000785c:	20002548 	.word	0x20002548
10007860:	200026c4 	.word	0x200026c4
10007864:	2000266c 	.word	0x2000266c
10007868:	20002554 	.word	0x20002554
1000786c:	4281      	cmp	r1, r0
1000786e:	d81d      	bhi.n	100078ac <prvTimerTask+0x334>
10007870:	4630      	mov	r0, r6
10007872:	6a31      	ldr	r1, [r6, #32]
10007874:	4788      	blx	r1
10007876:	4654      	mov	r4, sl
10007878:	69b1      	ldr	r1, [r6, #24]
1000787a:	eba9 0004 	sub.w	r0, r9, r4
1000787e:	eb14 0a01 	adds.w	sl, r4, r1
10007882:	bf2c      	ite	cs
10007884:	2301      	movcs	r3, #1
10007886:	2300      	movcc	r3, #0
10007888:	45ca      	cmp	sl, r9
1000788a:	f8c6 a004 	str.w	sl, [r6, #4]
1000788e:	6136      	str	r6, [r6, #16]
10007890:	d9ec      	bls.n	1000786c <prvTimerTask+0x2f4>
10007892:	454c      	cmp	r4, r9
10007894:	d901      	bls.n	1000789a <prvTimerTask+0x322>
10007896:	2b00      	cmp	r3, #0
10007898:	d0ea      	beq.n	10007870 <prvTimerTask+0x2f8>
1000789a:	9901      	ldr	r1, [sp, #4]
1000789c:	6838      	ldr	r0, [r7, #0]
1000789e:	f000 fa37 	bl	10007d10 <vListInsert>
100078a2:	e7d6      	b.n	10007852 <prvTimerTask+0x2da>
100078a4:	4650      	mov	r0, sl
100078a6:	f000 f85d 	bl	10007964 <vPortFree>
100078aa:	e693      	b.n	100075d4 <prvTimerTask+0x5c>
100078ac:	9901      	ldr	r1, [sp, #4]
100078ae:	f8d8 0000 	ldr.w	r0, [r8]
100078b2:	f000 fa2d 	bl	10007d10 <vListInsert>
100078b6:	e7cc      	b.n	10007852 <prvTimerTask+0x2da>
100078b8:	f8d8 0000 	ldr.w	r0, [r8]
100078bc:	f10a 0104 	add.w	r1, sl, #4
100078c0:	f000 fa26 	bl	10007d10 <vListInsert>
100078c4:	e72a      	b.n	1000771c <prvTimerTask+0x1a4>
100078c6:	bf00      	nop

100078c8 <xTimerCreateTimerTask>:
100078c8:	b5f0      	push	{r4, r5, r6, r7, lr}
100078ca:	4c17      	ldr	r4, [pc, #92]	@ (10007928 <xTimerCreateTimerTask+0x60>)
100078cc:	b083      	sub	sp, #12
100078ce:	f000 f897 	bl	10007a00 <vPortEnterCritical>
100078d2:	6825      	ldr	r5, [r4, #0]
100078d4:	b17d      	cbz	r5, 100078f6 <xTimerCreateTimerTask+0x2e>
100078d6:	f000 f8a1 	bl	10007a1c <vPortExitCritical>
100078da:	6820      	ldr	r0, [r4, #0]
100078dc:	b148      	cbz	r0, 100078f2 <xTimerCreateTimerTask+0x2a>
100078de:	2403      	movs	r4, #3
100078e0:	4812      	ldr	r0, [pc, #72]	@ (1000792c <xTimerCreateTimerTask+0x64>)
100078e2:	2300      	movs	r3, #0
100078e4:	9001      	str	r0, [sp, #4]
100078e6:	2280      	movs	r2, #128	@ 0x80
100078e8:	4911      	ldr	r1, [pc, #68]	@ (10007930 <xTimerCreateTimerTask+0x68>)
100078ea:	4812      	ldr	r0, [pc, #72]	@ (10007934 <xTimerCreateTimerTask+0x6c>)
100078ec:	9400      	str	r4, [sp, #0]
100078ee:	f7ff f9cf 	bl	10006c90 <xTaskCreate>
100078f2:	b003      	add	sp, #12
100078f4:	bdf0      	pop	{r4, r5, r6, r7, pc}
100078f6:	4e10      	ldr	r6, [pc, #64]	@ (10007938 <xTimerCreateTimerTask+0x70>)
100078f8:	4f10      	ldr	r7, [pc, #64]	@ (1000793c <xTimerCreateTimerTask+0x74>)
100078fa:	4630      	mov	r0, r6
100078fc:	f000 f9f8 	bl	10007cf0 <vListInitialise>
10007900:	4638      	mov	r0, r7
10007902:	f000 f9f5 	bl	10007cf0 <vListInitialise>
10007906:	4a0e      	ldr	r2, [pc, #56]	@ (10007940 <xTimerCreateTimerTask+0x78>)
10007908:	4b0e      	ldr	r3, [pc, #56]	@ (10007944 <xTimerCreateTimerTask+0x7c>)
1000790a:	6017      	str	r7, [r2, #0]
1000790c:	2110      	movs	r1, #16
1000790e:	462a      	mov	r2, r5
10007910:	200a      	movs	r0, #10
10007912:	601e      	str	r6, [r3, #0]
10007914:	f7fe fadc 	bl	10005ed0 <xQueueGenericCreate>
10007918:	6020      	str	r0, [r4, #0]
1000791a:	2800      	cmp	r0, #0
1000791c:	d0db      	beq.n	100078d6 <xTimerCreateTimerTask+0xe>
1000791e:	490a      	ldr	r1, [pc, #40]	@ (10007948 <xTimerCreateTimerTask+0x80>)
10007920:	f7fe ff2a 	bl	10006778 <vQueueAddToRegistry>
10007924:	e7d7      	b.n	100078d6 <xTimerCreateTimerTask+0xe>
10007926:	bf00      	nop
10007928:	200026c4 	.word	0x200026c4
1000792c:	200026c8 	.word	0x200026c8
10007930:	10009128 	.word	0x10009128
10007934:	10007579 	.word	0x10007579
10007938:	20002610 	.word	0x20002610
1000793c:	20002624 	.word	0x20002624
10007940:	20002554 	.word	0x20002554
10007944:	20002548 	.word	0x20002548
10007948:	10009120 	.word	0x10009120

1000794c <pvPortMalloc>:
1000794c:	b510      	push	{r4, lr}
1000794e:	4604      	mov	r4, r0
10007950:	f7ff fa80 	bl	10006e54 <vTaskSuspendAll>
10007954:	4620      	mov	r0, r4
10007956:	f7fa f93b 	bl	10001bd0 <__wrap_malloc>
1000795a:	4604      	mov	r4, r0
1000795c:	f7ff fa82 	bl	10006e64 <xTaskResumeAll>
10007960:	4620      	mov	r0, r4
10007962:	bd10      	pop	{r4, pc}

10007964 <vPortFree>:
10007964:	b150      	cbz	r0, 1000797c <vPortFree+0x18>
10007966:	b510      	push	{r4, lr}
10007968:	4604      	mov	r4, r0
1000796a:	f7ff fa73 	bl	10006e54 <vTaskSuspendAll>
1000796e:	4620      	mov	r0, r4
10007970:	f7fa f940 	bl	10001bf4 <__wrap_free>
10007974:	e8bd 4010 	ldmia.w	sp!, {r4, lr}
10007978:	f7ff ba74 	b.w	10006e64 <xTaskResumeAll>
1000797c:	4770      	bx	lr
1000797e:	bf00      	nop

10007980 <prvTaskExitError>:
10007980:	2300      	movs	r3, #0
10007982:	b500      	push	{lr}
10007984:	b083      	sub	sp, #12
10007986:	9301      	str	r3, [sp, #4]
10007988:	f000 f944 	bl	10007c14 <ulSetInterruptMask>
1000798c:	9b01      	ldr	r3, [sp, #4]
1000798e:	2b00      	cmp	r3, #0
10007990:	d0fc      	beq.n	1000798c <prvTaskExitError+0xc>
10007992:	b003      	add	sp, #12
10007994:	f85d fb04 	ldr.w	pc, [sp], #4

10007998 <isr_systick>:
10007998:	b510      	push	{r4, lr}
1000799a:	f000 f93b 	bl	10007c14 <ulSetInterruptMask>
1000799e:	4604      	mov	r4, r0
100079a0:	f7ff fb68 	bl	10007074 <xTaskIncrementTick>
100079a4:	b128      	cbz	r0, 100079b2 <isr_systick+0x1a>
100079a6:	f04f 23e0 	mov.w	r3, #3758153728	@ 0xe000e000
100079aa:	f04f 5280 	mov.w	r2, #268435456	@ 0x10000000
100079ae:	f8c3 2d04 	str.w	r2, [r3, #3332]	@ 0xd04
100079b2:	4620      	mov	r0, r4
100079b4:	e8bd 4010 	ldmia.w	sp!, {r4, lr}
100079b8:	f000 b938 	b.w	10007c2c <vClearInterruptMask>

100079bc <vPortSetupTimerInterrupt>:
100079bc:	b510      	push	{r4, lr}
100079be:	2204      	movs	r2, #4
100079c0:	f04f 24e0 	mov.w	r4, #3758153728	@ 0xe000e000
100079c4:	2300      	movs	r3, #0
100079c6:	6122      	str	r2, [r4, #16]
100079c8:	2005      	movs	r0, #5
100079ca:	61a3      	str	r3, [r4, #24]
100079cc:	f7f9 fda2 	bl	10001514 <clock_get_hz>
100079d0:	2107      	movs	r1, #7
100079d2:	4b04      	ldr	r3, [pc, #16]	@ (100079e4 <vPortSetupTimerInterrupt+0x28>)
100079d4:	fba3 2300 	umull	r2, r3, r3, r0
100079d8:	099b      	lsrs	r3, r3, #6
100079da:	3b01      	subs	r3, #1
100079dc:	6163      	str	r3, [r4, #20]
100079de:	6121      	str	r1, [r4, #16]
100079e0:	bd10      	pop	{r4, pc}
100079e2:	bf00      	nop
100079e4:	10624dd3 	.word	0x10624dd3

100079e8 <vPortYield>:
100079e8:	f04f 23e0 	mov.w	r3, #3758153728	@ 0xe000e000
100079ec:	f04f 5280 	mov.w	r2, #268435456	@ 0x10000000
100079f0:	f8c3 2d04 	str.w	r2, [r3, #3332]	@ 0xd04
100079f4:	f3bf 8f4f 	dsb	sy
100079f8:	f3bf 8f6f 	isb	sy
100079fc:	4770      	bx	lr
100079fe:	bf00      	nop

10007a00 <vPortEnterCritical>:
10007a00:	b508      	push	{r3, lr}
10007a02:	f000 f907 	bl	10007c14 <ulSetInterruptMask>
10007a06:	4a04      	ldr	r2, [pc, #16]	@ (10007a18 <vPortEnterCritical+0x18>)
10007a08:	6813      	ldr	r3, [r2, #0]
10007a0a:	3301      	adds	r3, #1
10007a0c:	6013      	str	r3, [r2, #0]
10007a0e:	f3bf 8f4f 	dsb	sy
10007a12:	f3bf 8f6f 	isb	sy
10007a16:	bd08      	pop	{r3, pc}
10007a18:	2000121c 	.word	0x2000121c

10007a1c <vPortExitCritical>:
10007a1c:	4b04      	ldr	r3, [pc, #16]	@ (10007a30 <vPortExitCritical+0x14>)
10007a1e:	681a      	ldr	r2, [r3, #0]
10007a20:	3a01      	subs	r2, #1
10007a22:	601a      	str	r2, [r3, #0]
10007a24:	6818      	ldr	r0, [r3, #0]
10007a26:	b100      	cbz	r0, 10007a2a <vPortExitCritical+0xe>
10007a28:	4770      	bx	lr
10007a2a:	f000 b8ff 	b.w	10007c2c <vClearInterruptMask>
10007a2e:	bf00      	nop
10007a30:	2000121c 	.word	0x2000121c

10007a34 <vPortSVCHandler_C>:
10007a34:	6983      	ldr	r3, [r0, #24]
10007a36:	f813 3c02 	ldrb.w	r3, [r3, #-2]
10007a3a:	2b66      	cmp	r3, #102	@ 0x66
10007a3c:	d000      	beq.n	10007a40 <vPortSVCHandler_C+0xc>
10007a3e:	4770      	bx	lr
10007a40:	f04f 23e0 	mov.w	r3, #3758153728	@ 0xe000e000
10007a44:	f8d3 2d88 	ldr.w	r2, [r3, #3464]	@ 0xd88
10007a48:	f442 0270 	orr.w	r2, r2, #15728640	@ 0xf00000
10007a4c:	f8c3 2d88 	str.w	r2, [r3, #3464]	@ 0xd88
10007a50:	f8d3 2f34 	ldr.w	r2, [r3, #3892]	@ 0xf34
10007a54:	f042 4240 	orr.w	r2, r2, #3221225472	@ 0xc0000000
10007a58:	f8c3 2f34 	str.w	r2, [r3, #3892]	@ 0xf34
10007a5c:	f000 b8bc 	b.w	10007bd8 <vRestoreContextOfFirstTask>

10007a60 <pxPortInitialiseStack>:
10007a60:	e92d 4ff0 	stmdb	sp!, {r4, r5, r6, r7, r8, r9, sl, fp, lr}
10007a64:	f04f 3e11 	mov.w	lr, #286331153	@ 0x11111111
10007a68:	f04f 7480 	mov.w	r4, #16777216	@ 0x1000000
10007a6c:	e940 e309 	strd	lr, r3, [r0, #-36]	@ 0x24
10007a70:	f04f 3307 	mov.w	r3, #117901063	@ 0x7070707
10007a74:	f840 4c04 	str.w	r4, [r0, #-4]
10007a78:	4c16      	ldr	r4, [pc, #88]	@ (10007ad4 <pxPortInitialiseStack+0x74>)
10007a7a:	f840 3c34 	str.w	r3, [r0, #-52]
10007a7e:	e940 4203 	strd	r4, r2, [r0, #-12]
10007a82:	f04f 3305 	mov.w	r3, #84215045	@ 0x5050505
10007a86:	f04f 3206 	mov.w	r2, #101058054	@ 0x6060606
10007a8a:	f04f 3b12 	mov.w	fp, #303174162	@ 0x12121212
10007a8e:	e940 320f 	strd	r3, r2, [r0, #-60]	@ 0x3c
10007a92:	f04f 3a03 	mov.w	sl, #50529027	@ 0x3030303
10007a96:	f04f 3902 	mov.w	r9, #33686018	@ 0x2020202
10007a9a:	f04f 3801 	mov.w	r8, #16843009	@ 0x1010101
10007a9e:	f04f 3710 	mov.w	r7, #269488144	@ 0x10101010
10007aa2:	f04f 3609 	mov.w	r6, #151587081	@ 0x9090909
10007aa6:	f04f 3508 	mov.w	r5, #134744072	@ 0x8080808
10007aaa:	f04f 3404 	mov.w	r4, #67372036	@ 0x4040404
10007aae:	f06f 0302 	mvn.w	r3, #2
10007ab2:	e940 ab05 	strd	sl, fp, [r0, #-20]
10007ab6:	e940 8907 	strd	r8, r9, [r0, #-28]
10007aba:	e940 670b 	strd	r6, r7, [r0, #-44]	@ 0x2c
10007abe:	f840 5c30 	str.w	r5, [r0, #-48]
10007ac2:	f840 4c40 	str.w	r4, [r0, #-64]
10007ac6:	f840 3c44 	str.w	r3, [r0, #-68]
10007aca:	f840 1d48 	str.w	r1, [r0, #-72]!
10007ace:	e8bd 8ff0 	ldmia.w	sp!, {r4, r5, r6, r7, r8, r9, sl, fp, pc}
10007ad2:	bf00      	nop
10007ad4:	10007981 	.word	0x10007981

10007ad8 <xPortStartScheduler>:
10007ad8:	f04f 23e0 	mov.w	r3, #3758153728	@ 0xe000e000
10007adc:	f04f 427f 	mov.w	r2, #4278190080	@ 0xff000000
10007ae0:	2100      	movs	r1, #0
10007ae2:	b510      	push	{r4, lr}
10007ae4:	b084      	sub	sp, #16
10007ae6:	9102      	str	r1, [sp, #8]
10007ae8:	f8c3 2d1c 	str.w	r2, [r3, #3356]	@ 0xd1c
10007aec:	f8d3 3d1c 	ldr.w	r3, [r3, #3356]	@ 0xd1c
10007af0:	0e1b      	lsrs	r3, r3, #24
10007af2:	f88d 3007 	strb.w	r3, [sp, #7]
10007af6:	f89d 3007 	ldrb.w	r3, [sp, #7]
10007afa:	f89d 3007 	ldrb.w	r3, [sp, #7]
10007afe:	061a      	lsls	r2, r3, #24
10007b00:	d50c      	bpl.n	10007b1c <xPortStartScheduler+0x44>
10007b02:	9b02      	ldr	r3, [sp, #8]
10007b04:	3301      	adds	r3, #1
10007b06:	9302      	str	r3, [sp, #8]
10007b08:	f89d 3007 	ldrb.w	r3, [sp, #7]
10007b0c:	005b      	lsls	r3, r3, #1
10007b0e:	b2db      	uxtb	r3, r3
10007b10:	f88d 3007 	strb.w	r3, [sp, #7]
10007b14:	f89d 3007 	ldrb.w	r3, [sp, #7]
10007b18:	061b      	lsls	r3, r3, #24
10007b1a:	d4f2      	bmi.n	10007b02 <xPortStartScheduler+0x2a>
10007b1c:	9b02      	ldr	r3, [sp, #8]
10007b1e:	2b08      	cmp	r3, #8
10007b20:	d03a      	beq.n	10007b98 <xPortStartScheduler+0xc0>
10007b22:	9a02      	ldr	r2, [sp, #8]
10007b24:	f1c2 0207 	rsb	r2, r2, #7
10007b28:	0212      	lsls	r2, r2, #8
10007b2a:	f402 62e0 	and.w	r2, r2, #1792	@ 0x700
10007b2e:	f04f 23e0 	mov.w	r3, #3758153728	@ 0xe000e000
10007b32:	2400      	movs	r4, #0
10007b34:	4919      	ldr	r1, [pc, #100]	@ (10007b9c <xPortStartScheduler+0xc4>)
10007b36:	200e      	movs	r0, #14
10007b38:	600a      	str	r2, [r1, #0]
10007b3a:	f8d3 2d20 	ldr.w	r2, [r3, #3360]	@ 0xd20
10007b3e:	4918      	ldr	r1, [pc, #96]	@ (10007ba0 <xPortStartScheduler+0xc8>)
10007b40:	f442 027f 	orr.w	r2, r2, #16711680	@ 0xff0000
10007b44:	f8c3 2d20 	str.w	r2, [r3, #3360]	@ 0xd20
10007b48:	f8d3 2d20 	ldr.w	r2, [r3, #3360]	@ 0xd20
10007b4c:	f042 427f 	orr.w	r2, r2, #4278190080	@ 0xff000000
10007b50:	f8c3 2d20 	str.w	r2, [r3, #3360]	@ 0xd20
10007b54:	f8c3 4d1c 	str.w	r4, [r3, #3356]	@ 0xd1c
10007b58:	f7fe f958 	bl	10005e0c <exception_set_exclusive_handler>
10007b5c:	4911      	ldr	r1, [pc, #68]	@ (10007ba4 <xPortStartScheduler+0xcc>)
10007b5e:	200f      	movs	r0, #15
10007b60:	f7fe f954 	bl	10005e0c <exception_set_exclusive_handler>
10007b64:	4910      	ldr	r1, [pc, #64]	@ (10007ba8 <xPortStartScheduler+0xd0>)
10007b66:	200b      	movs	r0, #11
10007b68:	f7fe f950 	bl	10005e0c <exception_set_exclusive_handler>
10007b6c:	f7ff ff26 	bl	100079bc <vPortSetupTimerInterrupt>
10007b70:	f04f 4250 	mov.w	r2, #3489660928	@ 0xd0000000
10007b74:	490d      	ldr	r1, [pc, #52]	@ (10007bac <xPortStartScheduler+0xd4>)
10007b76:	4b0e      	ldr	r3, [pc, #56]	@ (10007bb0 <xPortStartScheduler+0xd8>)
10007b78:	600c      	str	r4, [r1, #0]
10007b7a:	6812      	ldr	r2, [r2, #0]
10007b7c:	701a      	strb	r2, [r3, #0]
10007b7e:	f000 f841 	bl	10007c04 <vStartFirstTask>
10007b82:	f7ff fa87 	bl	10007094 <vTaskSwitchContext>
10007b86:	9403      	str	r4, [sp, #12]
10007b88:	f000 f844 	bl	10007c14 <ulSetInterruptMask>
10007b8c:	9b03      	ldr	r3, [sp, #12]
10007b8e:	2b00      	cmp	r3, #0
10007b90:	d0fc      	beq.n	10007b8c <xPortStartScheduler+0xb4>
10007b92:	2000      	movs	r0, #0
10007b94:	b004      	add	sp, #16
10007b96:	bd10      	pop	{r4, pc}
10007b98:	2200      	movs	r2, #0
10007b9a:	e7c8      	b.n	10007b2e <xPortStartScheduler+0x56>
10007b9c:	200025e4 	.word	0x200025e4
10007ba0:	10007c3d 	.word	0x10007c3d
10007ba4:	10007999 	.word	0x10007999
10007ba8:	10007cbd 	.word	0x10007cbd
10007bac:	2000121c 	.word	0x2000121c
10007bb0:	20001219 	.word	0x20001219

10007bb4 <prvRuntimeInitializer>:
10007bb4:	b508      	push	{r3, lr}
10007bb6:	f7f8 fd91 	bl	100006dc <next_striped_spin_lock_num>
10007bba:	4b04      	ldr	r3, [pc, #16]	@ (10007bcc <prvRuntimeInitializer+0x18>)
10007bbc:	4a04      	ldr	r2, [pc, #16]	@ (10007bd0 <prvRuntimeInitializer+0x1c>)
10007bbe:	4403      	add	r3, r0
10007bc0:	6013      	str	r3, [r2, #0]
10007bc2:	f000 f887 	bl	10007cd4 <xEventGroupCreate>
10007bc6:	4b03      	ldr	r3, [pc, #12]	@ (10007bd4 <prvRuntimeInitializer+0x20>)
10007bc8:	6018      	str	r0, [r3, #0]
10007bca:	bd08      	pop	{r3, pc}
10007bcc:	20001c6c 	.word	0x20001c6c
10007bd0:	20002540 	.word	0x20002540
10007bd4:	20002664 	.word	0x20002664

10007bd8 <vRestoreContextOfFirstTask>:
10007bd8:	4a09      	ldr	r2, [pc, #36]	@ (10007c00 <vRestoreContextOfFirstTask+0x28>)
10007bda:	6811      	ldr	r1, [r2, #0]
10007bdc:	6808      	ldr	r0, [r1, #0]
10007bde:	c806      	ldmia	r0!, {r1, r2}
10007be0:	f381 880b 	msr	PSPLIM, r1
10007be4:	2102      	movs	r1, #2
10007be6:	f381 8814 	msr	CONTROL, r1
10007bea:	3020      	adds	r0, #32
10007bec:	f380 8809 	msr	PSP, r0
10007bf0:	f3bf 8f6f 	isb	sy
10007bf4:	f04f 0000 	mov.w	r0, #0
10007bf8:	f380 8811 	msr	BASEPRI, r0
10007bfc:	4710      	bx	r2
10007bfe:	0000      	.short	0x0000
10007c00:	20002544 	.word	0x20002544

10007c04 <vStartFirstTask>:
10007c04:	b662      	cpsie	i
10007c06:	b661      	cpsie	f
10007c08:	f3bf 8f4f 	dsb	sy
10007c0c:	f3bf 8f6f 	isb	sy
10007c10:	df66      	svc	102	@ 0x66
10007c12:	bf00      	nop

10007c14 <ulSetInterruptMask>:
10007c14:	f3ef 8011 	mrs	r0, BASEPRI
10007c18:	f04f 0110 	mov.w	r1, #16
10007c1c:	f381 8811 	msr	BASEPRI, r1
10007c20:	f3bf 8f4f 	dsb	sy
10007c24:	f3bf 8f6f 	isb	sy
10007c28:	4770      	bx	lr
10007c2a:	bf00      	nop

10007c2c <vClearInterruptMask>:
10007c2c:	f380 8811 	msr	BASEPRI, r0
10007c30:	f3bf 8f4f 	dsb	sy
10007c34:	f3bf 8f6f 	isb	sy
10007c38:	4770      	bx	lr
10007c3a:	bf00      	nop

10007c3c <isr_pendsv>:
10007c3c:	f3ef 8109 	mrs	r1, PSP
10007c40:	f01e 0f10 	tst.w	lr, #16
10007c44:	bf08      	it	eq
10007c46:	ed21 8a10 	vstmdbeq	r1!, {s16-s31}
10007c4a:	f3ef 820b 	mrs	r2, PSPLIM
10007c4e:	4673      	mov	r3, lr
10007c50:	e921 0ffc 	stmdb	r1!, {r2, r3, r4, r5, r6, r7, r8, r9, sl, fp}
10007c54:	fc55 4408 	dcp_pxmd r4, r5
10007c58:	fc57 6409 	dcp_pymd r6, r7
10007c5c:	fc59 840a 	dcp_pefd r8, r9
10007c60:	e901 03f0 	stmdb	r1, {r4, r5, r6, r7, r8, r9}
10007c64:	4a14      	ldr	r2, [pc, #80]	@ (10007cb8 <isr_pendsv+0x7c>)
10007c66:	6813      	ldr	r3, [r2, #0]
10007c68:	6019      	str	r1, [r3, #0]
10007c6a:	f04f 0110 	mov.w	r1, #16
10007c6e:	f381 8811 	msr	BASEPRI, r1
10007c72:	f3bf 8f4f 	dsb	sy
10007c76:	f3bf 8f6f 	isb	sy
10007c7a:	f7ff fa0b 	bl	10007094 <vTaskSwitchContext>
10007c7e:	f04f 0000 	mov.w	r0, #0
10007c82:	f380 8811 	msr	BASEPRI, r0
10007c86:	4a0c      	ldr	r2, [pc, #48]	@ (10007cb8 <isr_pendsv+0x7c>)
10007c88:	6811      	ldr	r1, [r2, #0]
10007c8a:	6808      	ldr	r0, [r1, #0]
10007c8c:	3818      	subs	r0, #24
10007c8e:	e8b0 03f0 	ldmia.w	r0!, {r4, r5, r6, r7, r8, r9}
10007c92:	ec45 4400 	dcp_wxmd r4, r5
10007c96:	ec47 6401 	dcp_wymd r6, r7
10007c9a:	ec49 8402 	dcp_wefd r8, r9
10007c9e:	e8b0 0ffc 	ldmia.w	r0!, {r2, r3, r4, r5, r6, r7, r8, r9, sl, fp}
10007ca2:	f013 0f10 	tst.w	r3, #16
10007ca6:	bf08      	it	eq
10007ca8:	ecb0 8a10 	vldmiaeq	r0!, {s16-s31}
10007cac:	f382 880b 	msr	PSPLIM, r2
10007cb0:	f380 8809 	msr	PSP, r0
10007cb4:	4718      	bx	r3
10007cb6:	0000      	.short	0x0000
10007cb8:	20002544 	.word	0x20002544

10007cbc <isr_svcall>:
10007cbc:	f01e 0f04 	tst.w	lr, #4
10007cc0:	bf0c      	ite	eq
10007cc2:	f3ef 8008 	mrseq	r0, MSP
10007cc6:	f3ef 8009 	mrsne	r0, PSP
10007cca:	4901      	ldr	r1, [pc, #4]	@ (10007cd0 <isr_svcall+0x14>)
10007ccc:	4708      	bx	r1
10007cce:	0000      	.short	0x0000
10007cd0:	10007a35 	.word	0x10007a35

10007cd4 <xEventGroupCreate>:
10007cd4:	b510      	push	{r4, lr}
10007cd6:	2018      	movs	r0, #24
10007cd8:	f7ff fe38 	bl	1000794c <pvPortMalloc>
10007cdc:	4604      	mov	r4, r0
10007cde:	b120      	cbz	r0, 10007cea <xEventGroupCreate+0x16>
10007ce0:	2300      	movs	r3, #0
10007ce2:	f840 3b04 	str.w	r3, [r0], #4
10007ce6:	f000 f803 	bl	10007cf0 <vListInitialise>
10007cea:	4620      	mov	r0, r4
10007cec:	bd10      	pop	{r4, pc}
10007cee:	bf00      	nop

10007cf0 <vListInitialise>:
10007cf0:	f04f 31ff 	mov.w	r1, #4294967295
10007cf4:	2200      	movs	r2, #0
10007cf6:	f100 0308 	add.w	r3, r0, #8
10007cfa:	e9c0 3101 	strd	r3, r1, [r0, #4]
10007cfe:	e9c0 3303 	strd	r3, r3, [r0, #12]
10007d02:	6002      	str	r2, [r0, #0]
10007d04:	4770      	bx	lr
10007d06:	bf00      	nop

10007d08 <vListInitialiseItem>:
10007d08:	2300      	movs	r3, #0
10007d0a:	6103      	str	r3, [r0, #16]
10007d0c:	4770      	bx	lr
10007d0e:	bf00      	nop

10007d10 <vListInsert>:
10007d10:	b430      	push	{r4, r5}
10007d12:	680d      	ldr	r5, [r1, #0]
10007d14:	1c6b      	adds	r3, r5, #1
10007d16:	d010      	beq.n	10007d3a <vListInsert+0x2a>
10007d18:	f100 0308 	add.w	r3, r0, #8
10007d1c:	461c      	mov	r4, r3
10007d1e:	685b      	ldr	r3, [r3, #4]
10007d20:	681a      	ldr	r2, [r3, #0]
10007d22:	42aa      	cmp	r2, r5
10007d24:	d9fa      	bls.n	10007d1c <vListInsert+0xc>
10007d26:	6802      	ldr	r2, [r0, #0]
10007d28:	604b      	str	r3, [r1, #4]
10007d2a:	3201      	adds	r2, #1
10007d2c:	6099      	str	r1, [r3, #8]
10007d2e:	608c      	str	r4, [r1, #8]
10007d30:	6061      	str	r1, [r4, #4]
10007d32:	6108      	str	r0, [r1, #16]
10007d34:	bc30      	pop	{r4, r5}
10007d36:	6002      	str	r2, [r0, #0]
10007d38:	4770      	bx	lr
10007d3a:	6904      	ldr	r4, [r0, #16]
10007d3c:	6863      	ldr	r3, [r4, #4]
10007d3e:	e7f2      	b.n	10007d26 <vListInsert+0x16>

10007d40 <uxListRemove>:
10007d40:	4603      	mov	r3, r0
10007d42:	6902      	ldr	r2, [r0, #16]
10007d44:	b410      	push	{r4}
10007d46:	6854      	ldr	r4, [r2, #4]
10007d48:	6840      	ldr	r0, [r0, #4]
10007d4a:	6899      	ldr	r1, [r3, #8]
10007d4c:	429c      	cmp	r4, r3
10007d4e:	6081      	str	r1, [r0, #8]
10007d50:	6048      	str	r0, [r1, #4]
10007d52:	bf08      	it	eq
10007d54:	6051      	streq	r1, [r2, #4]
10007d56:	2100      	movs	r1, #0
10007d58:	6810      	ldr	r0, [r2, #0]
10007d5a:	f85d 4b04 	ldr.w	r4, [sp], #4
10007d5e:	3801      	subs	r0, #1
10007d60:	6119      	str	r1, [r3, #16]
10007d62:	6010      	str	r0, [r2, #0]
10007d64:	4770      	bx	lr
10007d66:	bf00      	nop

10007d68 <malloc>:
10007d68:	4b02      	ldr	r3, [pc, #8]	@ (10007d74 <malloc+0xc>)
10007d6a:	4601      	mov	r1, r0
10007d6c:	6818      	ldr	r0, [r3, #0]
10007d6e:	f000 b80b 	b.w	10007d88 <_malloc_r>
10007d72:	bf00      	nop
10007d74:	20001630 	.word	0x20001630

10007d78 <free>:
10007d78:	4b02      	ldr	r3, [pc, #8]	@ (10007d84 <free+0xc>)
10007d7a:	4601      	mov	r1, r0
10007d7c:	6818      	ldr	r0, [r3, #0]
10007d7e:	f000 bc43 	b.w	10008608 <_free_r>
10007d82:	bf00      	nop
10007d84:	20001630 	.word	0x20001630

10007d88 <_malloc_r>:
10007d88:	f101 030b 	add.w	r3, r1, #11
10007d8c:	2b16      	cmp	r3, #22
10007d8e:	e92d 4ff0 	stmdb	sp!, {r4, r5, r6, r7, r8, r9, sl, fp, lr}
10007d92:	4607      	mov	r7, r0
10007d94:	b083      	sub	sp, #12
10007d96:	d823      	bhi.n	10007de0 <_malloc_r+0x58>
10007d98:	2910      	cmp	r1, #16
10007d9a:	f200 80af 	bhi.w	10007efc <_malloc_r+0x174>
10007d9e:	f000 faaf 	bl	10008300 <__malloc_lock>
10007da2:	2510      	movs	r5, #16
10007da4:	2318      	movs	r3, #24
10007da6:	2002      	movs	r0, #2
10007da8:	4eba      	ldr	r6, [pc, #744]	@ (10008094 <_malloc_r+0x30c>)
10007daa:	4433      	add	r3, r6
10007dac:	685c      	ldr	r4, [r3, #4]
10007dae:	f1a3 0208 	sub.w	r2, r3, #8
10007db2:	4294      	cmp	r4, r2
10007db4:	f000 8156 	beq.w	10008064 <_malloc_r+0x2dc>
10007db8:	6863      	ldr	r3, [r4, #4]
10007dba:	4638      	mov	r0, r7
10007dbc:	f023 0303 	bic.w	r3, r3, #3
10007dc0:	e9d4 1202 	ldrd	r1, r2, [r4, #8]
10007dc4:	4423      	add	r3, r4
10007dc6:	60ca      	str	r2, [r1, #12]
10007dc8:	6091      	str	r1, [r2, #8]
10007dca:	685a      	ldr	r2, [r3, #4]
10007dcc:	3408      	adds	r4, #8
10007dce:	f042 0201 	orr.w	r2, r2, #1
10007dd2:	605a      	str	r2, [r3, #4]
10007dd4:	f000 fa9a 	bl	1000830c <__malloc_unlock>
10007dd8:	4620      	mov	r0, r4
10007dda:	b003      	add	sp, #12
10007ddc:	e8bd 8ff0 	ldmia.w	sp!, {r4, r5, r6, r7, r8, r9, sl, fp, pc}
10007de0:	2b00      	cmp	r3, #0
10007de2:	f023 0507 	bic.w	r5, r3, #7
10007de6:	f2c0 8089 	blt.w	10007efc <_malloc_r+0x174>
10007dea:	42a9      	cmp	r1, r5
10007dec:	f200 8086 	bhi.w	10007efc <_malloc_r+0x174>
10007df0:	f000 fa86 	bl	10008300 <__malloc_lock>
10007df4:	f5b5 7ffc 	cmp.w	r5, #504	@ 0x1f8
10007df8:	f0c0 827b 	bcc.w	100082f2 <_malloc_r+0x56a>
10007dfc:	0a6b      	lsrs	r3, r5, #9
10007dfe:	f000 8084 	beq.w	10007f0a <_malloc_r+0x182>
10007e02:	2b04      	cmp	r3, #4
10007e04:	f200 8162 	bhi.w	100080cc <_malloc_r+0x344>
10007e08:	09ab      	lsrs	r3, r5, #6
10007e0a:	f103 0039 	add.w	r0, r3, #57	@ 0x39
10007e0e:	f103 0e38 	add.w	lr, r3, #56	@ 0x38
10007e12:	00c3      	lsls	r3, r0, #3
10007e14:	4e9f      	ldr	r6, [pc, #636]	@ (10008094 <_malloc_r+0x30c>)
10007e16:	4433      	add	r3, r6
10007e18:	f1a3 0c08 	sub.w	ip, r3, #8
10007e1c:	685c      	ldr	r4, [r3, #4]
10007e1e:	45a4      	cmp	ip, r4
10007e20:	d107      	bne.n	10007e32 <_malloc_r+0xaa>
10007e22:	e00d      	b.n	10007e40 <_malloc_r+0xb8>
10007e24:	2a00      	cmp	r2, #0
10007e26:	68e1      	ldr	r1, [r4, #12]
10007e28:	f280 8116 	bge.w	10008058 <_malloc_r+0x2d0>
10007e2c:	458c      	cmp	ip, r1
10007e2e:	460c      	mov	r4, r1
10007e30:	d006      	beq.n	10007e40 <_malloc_r+0xb8>
10007e32:	6863      	ldr	r3, [r4, #4]
10007e34:	f023 0303 	bic.w	r3, r3, #3
10007e38:	1b5a      	subs	r2, r3, r5
10007e3a:	2a0f      	cmp	r2, #15
10007e3c:	ddf2      	ble.n	10007e24 <_malloc_r+0x9c>
10007e3e:	4670      	mov	r0, lr
10007e40:	f8df 8268 	ldr.w	r8, [pc, #616]	@ 100080ac <_malloc_r+0x324>
10007e44:	6934      	ldr	r4, [r6, #16]
10007e46:	4544      	cmp	r4, r8
10007e48:	f000 80f2 	beq.w	10008030 <_malloc_r+0x2a8>
10007e4c:	6863      	ldr	r3, [r4, #4]
10007e4e:	f023 0c03 	bic.w	ip, r3, #3
10007e52:	ebac 0305 	sub.w	r3, ip, r5
10007e56:	2b0f      	cmp	r3, #15
10007e58:	f300 8174 	bgt.w	10008144 <_malloc_r+0x3bc>
10007e5c:	2b00      	cmp	r3, #0
10007e5e:	e9c6 8804 	strd	r8, r8, [r6, #16]
10007e62:	f280 8163 	bge.w	1000812c <_malloc_r+0x3a4>
10007e66:	f5bc 7f00 	cmp.w	ip, #512	@ 0x200
10007e6a:	f8d6 e004 	ldr.w	lr, [r6, #4]
10007e6e:	f080 80ff 	bcs.w	10008070 <_malloc_r+0x2e8>
10007e72:	ea4f 03dc 	mov.w	r3, ip, lsr #3
10007e76:	2201      	movs	r2, #1
10007e78:	ea4f 1c5c 	mov.w	ip, ip, lsr #5
10007e7c:	3301      	adds	r3, #1
10007e7e:	fa02 f20c 	lsl.w	r2, r2, ip
10007e82:	f856 1033 	ldr.w	r1, [r6, r3, lsl #3]
10007e86:	ea4e 0e02 	orr.w	lr, lr, r2
10007e8a:	eb06 02c3 	add.w	r2, r6, r3, lsl #3
10007e8e:	3a08      	subs	r2, #8
10007e90:	f8c6 e004 	str.w	lr, [r6, #4]
10007e94:	e9c4 1202 	strd	r1, r2, [r4, #8]
10007e98:	f846 4033 	str.w	r4, [r6, r3, lsl #3]
10007e9c:	60cc      	str	r4, [r1, #12]
10007e9e:	1083      	asrs	r3, r0, #2
10007ea0:	f04f 0c01 	mov.w	ip, #1
10007ea4:	fa0c fc03 	lsl.w	ip, ip, r3
10007ea8:	45f4      	cmp	ip, lr
10007eaa:	d834      	bhi.n	10007f16 <_malloc_r+0x18e>
10007eac:	ea1c 0f0e 	tst.w	ip, lr
10007eb0:	d107      	bne.n	10007ec2 <_malloc_r+0x13a>
10007eb2:	f020 0003 	bic.w	r0, r0, #3
10007eb6:	ea4f 0c4c 	mov.w	ip, ip, lsl #1
10007eba:	3004      	adds	r0, #4
10007ebc:	ea1c 0f0e 	tst.w	ip, lr
10007ec0:	d0f9      	beq.n	10007eb6 <_malloc_r+0x12e>
10007ec2:	eb06 0ac0 	add.w	sl, r6, r0, lsl #3
10007ec6:	4681      	mov	r9, r0
10007ec8:	46d6      	mov	lr, sl
10007eca:	f8de 300c 	ldr.w	r3, [lr, #12]
10007ece:	e00b      	b.n	10007ee8 <_malloc_r+0x160>
10007ed0:	685a      	ldr	r2, [r3, #4]
10007ed2:	461c      	mov	r4, r3
10007ed4:	68db      	ldr	r3, [r3, #12]
10007ed6:	f022 0203 	bic.w	r2, r2, #3
10007eda:	1b51      	subs	r1, r2, r5
10007edc:	290f      	cmp	r1, #15
10007ede:	f300 8101 	bgt.w	100080e4 <_malloc_r+0x35c>
10007ee2:	2900      	cmp	r1, #0
10007ee4:	f280 8115 	bge.w	10008112 <_malloc_r+0x38a>
10007ee8:	459e      	cmp	lr, r3
10007eea:	d1f1      	bne.n	10007ed0 <_malloc_r+0x148>
10007eec:	f109 0901 	add.w	r9, r9, #1
10007ef0:	f10e 0e08 	add.w	lr, lr, #8
10007ef4:	f019 0f03 	tst.w	r9, #3
10007ef8:	d1e7      	bne.n	10007eca <_malloc_r+0x142>
10007efa:	e158      	b.n	100081ae <_malloc_r+0x426>
10007efc:	230c      	movs	r3, #12
10007efe:	603b      	str	r3, [r7, #0]
10007f00:	2400      	movs	r4, #0
10007f02:	4620      	mov	r0, r4
10007f04:	b003      	add	sp, #12
10007f06:	e8bd 8ff0 	ldmia.w	sp!, {r4, r5, r6, r7, r8, r9, sl, fp, pc}
10007f0a:	f44f 7300 	mov.w	r3, #512	@ 0x200
10007f0e:	2040      	movs	r0, #64	@ 0x40
10007f10:	f04f 0e3f 	mov.w	lr, #63	@ 0x3f
10007f14:	e77e      	b.n	10007e14 <_malloc_r+0x8c>
10007f16:	68b4      	ldr	r4, [r6, #8]
10007f18:	6863      	ldr	r3, [r4, #4]
10007f1a:	f023 0903 	bic.w	r9, r3, #3
10007f1e:	45a9      	cmp	r9, r5
10007f20:	eba9 0305 	sub.w	r3, r9, r5
10007f24:	d302      	bcc.n	10007f2c <_malloc_r+0x1a4>
10007f26:	2b0f      	cmp	r3, #15
10007f28:	f300 8085 	bgt.w	10008036 <_malloc_r+0x2ae>
10007f2c:	4b5a      	ldr	r3, [pc, #360]	@ (10008098 <_malloc_r+0x310>)
10007f2e:	2008      	movs	r0, #8
10007f30:	681b      	ldr	r3, [r3, #0]
10007f32:	f103 0810 	add.w	r8, r3, #16
10007f36:	eb04 0309 	add.w	r3, r4, r9
10007f3a:	9300      	str	r3, [sp, #0]
10007f3c:	f000 fa56 	bl	100083ec <sysconf>
10007f40:	4a56      	ldr	r2, [pc, #344]	@ (1000809c <_malloc_r+0x314>)
10007f42:	44a8      	add	r8, r5
10007f44:	4683      	mov	fp, r0
10007f46:	6813      	ldr	r3, [r2, #0]
10007f48:	3301      	adds	r3, #1
10007f4a:	d005      	beq.n	10007f58 <_malloc_r+0x1d0>
10007f4c:	f108 38ff 	add.w	r8, r8, #4294967295
10007f50:	4243      	negs	r3, r0
10007f52:	4480      	add	r8, r0
10007f54:	ea03 0808 	and.w	r8, r3, r8
10007f58:	4641      	mov	r1, r8
10007f5a:	4638      	mov	r0, r7
10007f5c:	f000 fa2a 	bl	100083b4 <_sbrk_r>
10007f60:	f1b0 3fff 	cmp.w	r0, #4294967295
10007f64:	4682      	mov	sl, r0
10007f66:	4a4d      	ldr	r2, [pc, #308]	@ (1000809c <_malloc_r+0x314>)
10007f68:	f000 8107 	beq.w	1000817a <_malloc_r+0x3f2>
10007f6c:	eb04 0309 	add.w	r3, r4, r9
10007f70:	4283      	cmp	r3, r0
10007f72:	f200 8100 	bhi.w	10008176 <_malloc_r+0x3ee>
10007f76:	4b4a      	ldr	r3, [pc, #296]	@ (100080a0 <_malloc_r+0x318>)
10007f78:	f10b 3cff 	add.w	ip, fp, #4294967295
10007f7c:	6818      	ldr	r0, [r3, #0]
10007f7e:	4440      	add	r0, r8
10007f80:	6018      	str	r0, [r3, #0]
10007f82:	f000 8164 	beq.w	1000824e <_malloc_r+0x4c6>
10007f86:	6811      	ldr	r1, [r2, #0]
10007f88:	3101      	adds	r1, #1
10007f8a:	f000 816c 	beq.w	10008266 <_malloc_r+0x4de>
10007f8e:	eb04 0209 	add.w	r2, r4, r9
10007f92:	ebaa 0202 	sub.w	r2, sl, r2
10007f96:	4402      	add	r2, r0
10007f98:	601a      	str	r2, [r3, #0]
10007f9a:	f01a 0207 	ands.w	r2, sl, #7
10007f9e:	e9cd 2300 	strd	r2, r3, [sp]
10007fa2:	f000 8127 	beq.w	100081f4 <_malloc_r+0x46c>
10007fa6:	f1c2 0208 	rsb	r2, r2, #8
10007faa:	4638      	mov	r0, r7
10007fac:	4492      	add	sl, r2
10007fae:	445a      	add	r2, fp
10007fb0:	44d0      	add	r8, sl
10007fb2:	ea08 010c 	and.w	r1, r8, ip
10007fb6:	1a52      	subs	r2, r2, r1
10007fb8:	ea02 0b0c 	and.w	fp, r2, ip
10007fbc:	4659      	mov	r1, fp
10007fbe:	f000 f9f9 	bl	100083b4 <_sbrk_r>
10007fc2:	1c42      	adds	r2, r0, #1
10007fc4:	9b01      	ldr	r3, [sp, #4]
10007fc6:	f000 816a 	beq.w	1000829e <_malloc_r+0x516>
10007fca:	eba0 000a 	sub.w	r0, r0, sl
10007fce:	eb00 080b 	add.w	r8, r0, fp
10007fd2:	6818      	ldr	r0, [r3, #0]
10007fd4:	f048 0201 	orr.w	r2, r8, #1
10007fd8:	42b4      	cmp	r4, r6
10007fda:	f8c6 a008 	str.w	sl, [r6, #8]
10007fde:	4458      	add	r0, fp
10007fe0:	f8ca 2004 	str.w	r2, [sl, #4]
10007fe4:	6018      	str	r0, [r3, #0]
10007fe6:	d017      	beq.n	10008018 <_malloc_r+0x290>
10007fe8:	f1b9 0f0f 	cmp.w	r9, #15
10007fec:	f240 813e 	bls.w	1000826c <_malloc_r+0x4e4>
10007ff0:	6861      	ldr	r1, [r4, #4]
10007ff2:	f1a9 020c 	sub.w	r2, r9, #12
10007ff6:	f04f 0c05 	mov.w	ip, #5
10007ffa:	f022 0207 	bic.w	r2, r2, #7
10007ffe:	f001 0101 	and.w	r1, r1, #1
10008002:	4311      	orrs	r1, r2
10008004:	2a0f      	cmp	r2, #15
10008006:	6061      	str	r1, [r4, #4]
10008008:	eb04 0102 	add.w	r1, r4, r2
1000800c:	e9c1 cc01 	strd	ip, ip, [r1, #4]
10008010:	f200 814d 	bhi.w	100082ae <_malloc_r+0x526>
10008014:	f8da 2004 	ldr.w	r2, [sl, #4]
10008018:	4b22      	ldr	r3, [pc, #136]	@ (100080a4 <_malloc_r+0x31c>)
1000801a:	4654      	mov	r4, sl
1000801c:	6819      	ldr	r1, [r3, #0]
1000801e:	4281      	cmp	r1, r0
10008020:	bf38      	it	cc
10008022:	6018      	strcc	r0, [r3, #0]
10008024:	4b20      	ldr	r3, [pc, #128]	@ (100080a8 <_malloc_r+0x320>)
10008026:	6819      	ldr	r1, [r3, #0]
10008028:	4281      	cmp	r1, r0
1000802a:	bf38      	it	cc
1000802c:	6018      	strcc	r0, [r3, #0]
1000802e:	e0a6      	b.n	1000817e <_malloc_r+0x3f6>
10008030:	f8d6 e004 	ldr.w	lr, [r6, #4]
10008034:	e733      	b.n	10007e9e <_malloc_r+0x116>
10008036:	1962      	adds	r2, r4, r5
10008038:	f045 0501 	orr.w	r5, r5, #1
1000803c:	f043 0301 	orr.w	r3, r3, #1
10008040:	3408      	adds	r4, #8
10008042:	f844 5c04 	str.w	r5, [r4, #-4]
10008046:	4638      	mov	r0, r7
10008048:	60b2      	str	r2, [r6, #8]
1000804a:	6053      	str	r3, [r2, #4]
1000804c:	f000 f95e 	bl	1000830c <__malloc_unlock>
10008050:	4620      	mov	r0, r4
10008052:	b003      	add	sp, #12
10008054:	e8bd 8ff0 	ldmia.w	sp!, {r4, r5, r6, r7, r8, r9, sl, fp, pc}
10008058:	68a2      	ldr	r2, [r4, #8]
1000805a:	4423      	add	r3, r4
1000805c:	4638      	mov	r0, r7
1000805e:	60d1      	str	r1, [r2, #12]
10008060:	608a      	str	r2, [r1, #8]
10008062:	e6b2      	b.n	10007dca <_malloc_r+0x42>
10008064:	68dc      	ldr	r4, [r3, #12]
10008066:	42a3      	cmp	r3, r4
10008068:	f47f aea6 	bne.w	10007db8 <_malloc_r+0x30>
1000806c:	3002      	adds	r0, #2
1000806e:	e6e7      	b.n	10007e40 <_malloc_r+0xb8>
10008070:	f5bc 6f20 	cmp.w	ip, #2560	@ 0xa00
10008074:	ea4f 225c 	mov.w	r2, ip, lsr #9
10008078:	d376      	bcc.n	10008168 <_malloc_r+0x3e0>
1000807a:	2a14      	cmp	r2, #20
1000807c:	f200 80cd 	bhi.w	1000821a <_malloc_r+0x492>
10008080:	f102 035c 	add.w	r3, r2, #92	@ 0x5c
10008084:	325b      	adds	r2, #91	@ 0x5b
10008086:	00db      	lsls	r3, r3, #3
10008088:	18f1      	adds	r1, r6, r3
1000808a:	58f3      	ldr	r3, [r6, r3]
1000808c:	3908      	subs	r1, #8
1000808e:	4299      	cmp	r1, r3
10008090:	d111      	bne.n	100080b6 <_malloc_r+0x32e>
10008092:	e0a5      	b.n	100081e0 <_malloc_r+0x458>
10008094:	20001228 	.word	0x20001228
10008098:	2000198c 	.word	0x2000198c
1000809c:	20001220 	.word	0x20001220
100080a0:	2000195c 	.word	0x2000195c
100080a4:	20001984 	.word	0x20001984
100080a8:	20001988 	.word	0x20001988
100080ac:	20001230 	.word	0x20001230
100080b0:	689b      	ldr	r3, [r3, #8]
100080b2:	4299      	cmp	r1, r3
100080b4:	d004      	beq.n	100080c0 <_malloc_r+0x338>
100080b6:	685a      	ldr	r2, [r3, #4]
100080b8:	f022 0203 	bic.w	r2, r2, #3
100080bc:	4562      	cmp	r2, ip
100080be:	d8f7      	bhi.n	100080b0 <_malloc_r+0x328>
100080c0:	68d9      	ldr	r1, [r3, #12]
100080c2:	e9c4 3102 	strd	r3, r1, [r4, #8]
100080c6:	608c      	str	r4, [r1, #8]
100080c8:	60dc      	str	r4, [r3, #12]
100080ca:	e6e8      	b.n	10007e9e <_malloc_r+0x116>
100080cc:	2b14      	cmp	r3, #20
100080ce:	d963      	bls.n	10008198 <_malloc_r+0x410>
100080d0:	2b54      	cmp	r3, #84	@ 0x54
100080d2:	f200 80ab 	bhi.w	1000822c <_malloc_r+0x4a4>
100080d6:	0b2b      	lsrs	r3, r5, #12
100080d8:	f103 006f 	add.w	r0, r3, #111	@ 0x6f
100080dc:	f103 0e6e 	add.w	lr, r3, #110	@ 0x6e
100080e0:	00c3      	lsls	r3, r0, #3
100080e2:	e697      	b.n	10007e14 <_malloc_r+0x8c>
100080e4:	f8d4 c008 	ldr.w	ip, [r4, #8]
100080e8:	4638      	mov	r0, r7
100080ea:	1967      	adds	r7, r4, r5
100080ec:	f045 0501 	orr.w	r5, r5, #1
100080f0:	6065      	str	r5, [r4, #4]
100080f2:	f8cc 300c 	str.w	r3, [ip, #12]
100080f6:	f8c3 c008 	str.w	ip, [r3, #8]
100080fa:	f041 0301 	orr.w	r3, r1, #1
100080fe:	e9c6 7704 	strd	r7, r7, [r6, #16]
10008102:	e9c7 8802 	strd	r8, r8, [r7, #8]
10008106:	607b      	str	r3, [r7, #4]
10008108:	50a1      	str	r1, [r4, r2]
1000810a:	3408      	adds	r4, #8
1000810c:	f000 f8fe 	bl	1000830c <__malloc_unlock>
10008110:	e6f7      	b.n	10007f02 <_malloc_r+0x17a>
10008112:	4422      	add	r2, r4
10008114:	4638      	mov	r0, r7
10008116:	6851      	ldr	r1, [r2, #4]
10008118:	f041 0101 	orr.w	r1, r1, #1
1000811c:	6051      	str	r1, [r2, #4]
1000811e:	f854 2f08 	ldr.w	r2, [r4, #8]!
10008122:	60d3      	str	r3, [r2, #12]
10008124:	609a      	str	r2, [r3, #8]
10008126:	f000 f8f1 	bl	1000830c <__malloc_unlock>
1000812a:	e6ea      	b.n	10007f02 <_malloc_r+0x17a>
1000812c:	44a4      	add	ip, r4
1000812e:	4638      	mov	r0, r7
10008130:	3408      	adds	r4, #8
10008132:	f8dc 3004 	ldr.w	r3, [ip, #4]
10008136:	f043 0301 	orr.w	r3, r3, #1
1000813a:	f8cc 3004 	str.w	r3, [ip, #4]
1000813e:	f000 f8e5 	bl	1000830c <__malloc_unlock>
10008142:	e6de      	b.n	10007f02 <_malloc_r+0x17a>
10008144:	1962      	adds	r2, r4, r5
10008146:	f043 0101 	orr.w	r1, r3, #1
1000814a:	f045 0501 	orr.w	r5, r5, #1
1000814e:	4638      	mov	r0, r7
10008150:	6065      	str	r5, [r4, #4]
10008152:	e9c6 2204 	strd	r2, r2, [r6, #16]
10008156:	e9c2 8802 	strd	r8, r8, [r2, #8]
1000815a:	6051      	str	r1, [r2, #4]
1000815c:	f844 300c 	str.w	r3, [r4, ip]
10008160:	3408      	adds	r4, #8
10008162:	f000 f8d3 	bl	1000830c <__malloc_unlock>
10008166:	e6cc      	b.n	10007f02 <_malloc_r+0x17a>
10008168:	ea4f 129c 	mov.w	r2, ip, lsr #6
1000816c:	f102 0339 	add.w	r3, r2, #57	@ 0x39
10008170:	3238      	adds	r2, #56	@ 0x38
10008172:	00db      	lsls	r3, r3, #3
10008174:	e788      	b.n	10008088 <_malloc_r+0x300>
10008176:	42b4      	cmp	r4, r6
10008178:	d062      	beq.n	10008240 <_malloc_r+0x4b8>
1000817a:	68b4      	ldr	r4, [r6, #8]
1000817c:	6862      	ldr	r2, [r4, #4]
1000817e:	f022 0803 	bic.w	r8, r2, #3
10008182:	45a8      	cmp	r8, r5
10008184:	eba8 0305 	sub.w	r3, r8, r5
10008188:	d302      	bcc.n	10008190 <_malloc_r+0x408>
1000818a:	2b0f      	cmp	r3, #15
1000818c:	f73f af53 	bgt.w	10008036 <_malloc_r+0x2ae>
10008190:	4638      	mov	r0, r7
10008192:	f000 f8bb 	bl	1000830c <__malloc_unlock>
10008196:	e6b3      	b.n	10007f00 <_malloc_r+0x178>
10008198:	f103 005c 	add.w	r0, r3, #92	@ 0x5c
1000819c:	f103 0e5b 	add.w	lr, r3, #91	@ 0x5b
100081a0:	00c3      	lsls	r3, r0, #3
100081a2:	e637      	b.n	10007e14 <_malloc_r+0x8c>
100081a4:	f85a 3908 	ldr.w	r3, [sl], #-8
100081a8:	4553      	cmp	r3, sl
100081aa:	f040 80a0 	bne.w	100082ee <_malloc_r+0x566>
100081ae:	f010 0f03 	tst.w	r0, #3
100081b2:	f100 30ff 	add.w	r0, r0, #4294967295
100081b6:	d1f5      	bne.n	100081a4 <_malloc_r+0x41c>
100081b8:	6873      	ldr	r3, [r6, #4]
100081ba:	ea23 030c 	bic.w	r3, r3, ip
100081be:	6073      	str	r3, [r6, #4]
100081c0:	ea4f 0c4c 	mov.w	ip, ip, lsl #1
100081c4:	f10c 32ff 	add.w	r2, ip, #4294967295
100081c8:	429a      	cmp	r2, r3
100081ca:	d304      	bcc.n	100081d6 <_malloc_r+0x44e>
100081cc:	e6a3      	b.n	10007f16 <_malloc_r+0x18e>
100081ce:	ea4f 0c4c 	mov.w	ip, ip, lsl #1
100081d2:	f109 0904 	add.w	r9, r9, #4
100081d6:	ea1c 0f03 	tst.w	ip, r3
100081da:	d0f8      	beq.n	100081ce <_malloc_r+0x446>
100081dc:	4648      	mov	r0, r9
100081de:	e670      	b.n	10007ec2 <_malloc_r+0x13a>
100081e0:	1092      	asrs	r2, r2, #2
100081e2:	f04f 0c01 	mov.w	ip, #1
100081e6:	fa0c f202 	lsl.w	r2, ip, r2
100081ea:	ea4e 0e02 	orr.w	lr, lr, r2
100081ee:	f8c6 e004 	str.w	lr, [r6, #4]
100081f2:	e766      	b.n	100080c2 <_malloc_r+0x33a>
100081f4:	eb0a 0208 	add.w	r2, sl, r8
100081f8:	4638      	mov	r0, r7
100081fa:	ea02 020c 	and.w	r2, r2, ip
100081fe:	ebab 0b02 	sub.w	fp, fp, r2
10008202:	ea0b 0b0c 	and.w	fp, fp, ip
10008206:	4659      	mov	r1, fp
10008208:	f000 f8d4 	bl	100083b4 <_sbrk_r>
1000820c:	1c43      	adds	r3, r0, #1
1000820e:	9b01      	ldr	r3, [sp, #4]
10008210:	f47f aedb 	bne.w	10007fca <_malloc_r+0x242>
10008214:	f8dd b000 	ldr.w	fp, [sp]
10008218:	e6db      	b.n	10007fd2 <_malloc_r+0x24a>
1000821a:	2a54      	cmp	r2, #84	@ 0x54
1000821c:	d82a      	bhi.n	10008274 <_malloc_r+0x4ec>
1000821e:	ea4f 321c 	mov.w	r2, ip, lsr #12
10008222:	f102 036f 	add.w	r3, r2, #111	@ 0x6f
10008226:	326e      	adds	r2, #110	@ 0x6e
10008228:	00db      	lsls	r3, r3, #3
1000822a:	e72d      	b.n	10008088 <_malloc_r+0x300>
1000822c:	f5b3 7faa 	cmp.w	r3, #340	@ 0x154
10008230:	d82a      	bhi.n	10008288 <_malloc_r+0x500>
10008232:	0beb      	lsrs	r3, r5, #15
10008234:	f103 0078 	add.w	r0, r3, #120	@ 0x78
10008238:	f103 0e77 	add.w	lr, r3, #119	@ 0x77
1000823c:	00c3      	lsls	r3, r0, #3
1000823e:	e5e9      	b.n	10007e14 <_malloc_r+0x8c>
10008240:	4b2e      	ldr	r3, [pc, #184]	@ (100082fc <_malloc_r+0x574>)
10008242:	f10b 3cff 	add.w	ip, fp, #4294967295
10008246:	6818      	ldr	r0, [r3, #0]
10008248:	4440      	add	r0, r8
1000824a:	6018      	str	r0, [r3, #0]
1000824c:	e69b      	b.n	10007f86 <_malloc_r+0x1fe>
1000824e:	ea1a 0f0c 	tst.w	sl, ip
10008252:	f47f ae98 	bne.w	10007f86 <_malloc_r+0x1fe>
10008256:	44c8      	add	r8, r9
10008258:	f8d6 a008 	ldr.w	sl, [r6, #8]
1000825c:	f048 0201 	orr.w	r2, r8, #1
10008260:	f8ca 2004 	str.w	r2, [sl, #4]
10008264:	e6d8      	b.n	10008018 <_malloc_r+0x290>
10008266:	f8c2 a000 	str.w	sl, [r2]
1000826a:	e696      	b.n	10007f9a <_malloc_r+0x212>
1000826c:	2301      	movs	r3, #1
1000826e:	f8ca 3004 	str.w	r3, [sl, #4]
10008272:	e78d      	b.n	10008190 <_malloc_r+0x408>
10008274:	f5b2 7faa 	cmp.w	r2, #340	@ 0x154
10008278:	d824      	bhi.n	100082c4 <_malloc_r+0x53c>
1000827a:	ea4f 32dc 	mov.w	r2, ip, lsr #15
1000827e:	f102 0378 	add.w	r3, r2, #120	@ 0x78
10008282:	3277      	adds	r2, #119	@ 0x77
10008284:	00db      	lsls	r3, r3, #3
10008286:	e6ff      	b.n	10008088 <_malloc_r+0x300>
10008288:	f240 5254 	movw	r2, #1364	@ 0x554
1000828c:	4293      	cmp	r3, r2
1000828e:	d824      	bhi.n	100082da <_malloc_r+0x552>
10008290:	0cab      	lsrs	r3, r5, #18
10008292:	f103 007d 	add.w	r0, r3, #125	@ 0x7d
10008296:	f103 0e7c 	add.w	lr, r3, #124	@ 0x7c
1000829a:	00c3      	lsls	r3, r0, #3
1000829c:	e5ba      	b.n	10007e14 <_malloc_r+0x8c>
1000829e:	9a00      	ldr	r2, [sp, #0]
100082a0:	f04f 0b00 	mov.w	fp, #0
100082a4:	3a08      	subs	r2, #8
100082a6:	4490      	add	r8, r2
100082a8:	eba8 080a 	sub.w	r8, r8, sl
100082ac:	e691      	b.n	10007fd2 <_malloc_r+0x24a>
100082ae:	4638      	mov	r0, r7
100082b0:	f104 0108 	add.w	r1, r4, #8
100082b4:	9300      	str	r3, [sp, #0]
100082b6:	f000 f9a7 	bl	10008608 <_free_r>
100082ba:	9b00      	ldr	r3, [sp, #0]
100082bc:	f8d6 a008 	ldr.w	sl, [r6, #8]
100082c0:	6818      	ldr	r0, [r3, #0]
100082c2:	e6a7      	b.n	10008014 <_malloc_r+0x28c>
100082c4:	f240 5354 	movw	r3, #1364	@ 0x554
100082c8:	429a      	cmp	r2, r3
100082ca:	d80c      	bhi.n	100082e6 <_malloc_r+0x55e>
100082cc:	ea4f 429c 	mov.w	r2, ip, lsr #18
100082d0:	f102 037d 	add.w	r3, r2, #125	@ 0x7d
100082d4:	327c      	adds	r2, #124	@ 0x7c
100082d6:	00db      	lsls	r3, r3, #3
100082d8:	e6d6      	b.n	10008088 <_malloc_r+0x300>
100082da:	f44f 737e 	mov.w	r3, #1016	@ 0x3f8
100082de:	207f      	movs	r0, #127	@ 0x7f
100082e0:	f04f 0e7e 	mov.w	lr, #126	@ 0x7e
100082e4:	e596      	b.n	10007e14 <_malloc_r+0x8c>
100082e6:	f44f 737e 	mov.w	r3, #1016	@ 0x3f8
100082ea:	227e      	movs	r2, #126	@ 0x7e
100082ec:	e6cc      	b.n	10008088 <_malloc_r+0x300>
100082ee:	6873      	ldr	r3, [r6, #4]
100082f0:	e766      	b.n	100081c0 <_malloc_r+0x438>
100082f2:	08e8      	lsrs	r0, r5, #3
100082f4:	f105 0308 	add.w	r3, r5, #8
100082f8:	e556      	b.n	10007da8 <_malloc_r+0x20>
100082fa:	bf00      	nop
100082fc:	2000195c 	.word	0x2000195c

10008300 <__malloc_lock>:
10008300:	4801      	ldr	r0, [pc, #4]	@ (10008308 <__malloc_lock+0x8>)
10008302:	f000 b86f 	b.w	100083e4 <__retarget_lock_acquire_recursive>
10008306:	bf00      	nop
10008308:	20001958 	.word	0x20001958

1000830c <__malloc_unlock>:
1000830c:	4801      	ldr	r0, [pc, #4]	@ (10008314 <__malloc_unlock+0x8>)
1000830e:	f000 b86b 	b.w	100083e8 <__retarget_lock_release_recursive>
10008312:	bf00      	nop
10008314:	20001958 	.word	0x20001958

10008318 <memset>:
10008318:	0783      	lsls	r3, r0, #30
1000831a:	b530      	push	{r4, r5, lr}
1000831c:	d046      	beq.n	100083ac <memset+0x94>
1000831e:	1884      	adds	r4, r0, r2
10008320:	4684      	mov	ip, r0
10008322:	e004      	b.n	1000832e <memset+0x16>
10008324:	f803 1b01 	strb.w	r1, [r3], #1
10008328:	079d      	lsls	r5, r3, #30
1000832a:	d004      	beq.n	10008336 <memset+0x1e>
1000832c:	469c      	mov	ip, r3
1000832e:	45a4      	cmp	ip, r4
10008330:	4663      	mov	r3, ip
10008332:	d1f7      	bne.n	10008324 <memset+0xc>
10008334:	bd30      	pop	{r4, r5, pc}
10008336:	3a01      	subs	r2, #1
10008338:	4402      	add	r2, r0
1000833a:	eba2 020c 	sub.w	r2, r2, ip
1000833e:	2a03      	cmp	r2, #3
10008340:	d929      	bls.n	10008396 <memset+0x7e>
10008342:	b2cc      	uxtb	r4, r1
10008344:	2a0f      	cmp	r2, #15
10008346:	eb04 2404 	add.w	r4, r4, r4, lsl #8
1000834a:	eb04 4404 	add.w	r4, r4, r4, lsl #16
1000834e:	d92f      	bls.n	100083b0 <memset+0x98>
10008350:	f1a2 0c10 	sub.w	ip, r2, #16
10008354:	f103 0510 	add.w	r5, r3, #16
10008358:	f02c 0c0f 	bic.w	ip, ip, #15
1000835c:	44ac      	add	ip, r5
1000835e:	e9c3 4400 	strd	r4, r4, [r3]
10008362:	e9c3 4402 	strd	r4, r4, [r3, #8]
10008366:	3310      	adds	r3, #16
10008368:	4563      	cmp	r3, ip
1000836a:	d1f8      	bne.n	1000835e <memset+0x46>
1000836c:	f012 0f0c 	tst.w	r2, #12
10008370:	f002 0e0f 	and.w	lr, r2, #15
10008374:	d018      	beq.n	100083a8 <memset+0x90>
10008376:	f02e 0c03 	bic.w	ip, lr, #3
1000837a:	f1ae 0504 	sub.w	r5, lr, #4
1000837e:	461a      	mov	r2, r3
10008380:	449c      	add	ip, r3
10008382:	f842 4b04 	str.w	r4, [r2], #4
10008386:	4562      	cmp	r2, ip
10008388:	d1fb      	bne.n	10008382 <memset+0x6a>
1000838a:	f025 0403 	bic.w	r4, r5, #3
1000838e:	3304      	adds	r3, #4
10008390:	f00e 0203 	and.w	r2, lr, #3
10008394:	4423      	add	r3, r4
10008396:	2a00      	cmp	r2, #0
10008398:	d0cc      	beq.n	10008334 <memset+0x1c>
1000839a:	b2c9      	uxtb	r1, r1
1000839c:	441a      	add	r2, r3
1000839e:	f803 1b01 	strb.w	r1, [r3], #1
100083a2:	4293      	cmp	r3, r2
100083a4:	d1fb      	bne.n	1000839e <memset+0x86>
100083a6:	bd30      	pop	{r4, r5, pc}
100083a8:	4672      	mov	r2, lr
100083aa:	e7f4      	b.n	10008396 <memset+0x7e>
100083ac:	4603      	mov	r3, r0
100083ae:	e7c6      	b.n	1000833e <memset+0x26>
100083b0:	4696      	mov	lr, r2
100083b2:	e7e0      	b.n	10008376 <memset+0x5e>

100083b4 <_sbrk_r>:
100083b4:	b538      	push	{r3, r4, r5, lr}
100083b6:	2200      	movs	r2, #0
100083b8:	4d06      	ldr	r5, [pc, #24]	@ (100083d4 <_sbrk_r+0x20>)
100083ba:	4604      	mov	r4, r0
100083bc:	4608      	mov	r0, r1
100083be:	602a      	str	r2, [r5, #0]
100083c0:	f7fa ff98 	bl	100032f4 <_sbrk>
100083c4:	1c43      	adds	r3, r0, #1
100083c6:	d000      	beq.n	100083ca <_sbrk_r+0x16>
100083c8:	bd38      	pop	{r3, r4, r5, pc}
100083ca:	682b      	ldr	r3, [r5, #0]
100083cc:	2b00      	cmp	r3, #0
100083ce:	d0fb      	beq.n	100083c8 <_sbrk_r+0x14>
100083d0:	6023      	str	r3, [r4, #0]
100083d2:	bd38      	pop	{r3, r4, r5, pc}
100083d4:	200020e8 	.word	0x200020e8

100083d8 <__errno>:
100083d8:	4b01      	ldr	r3, [pc, #4]	@ (100083e0 <__errno+0x8>)
100083da:	6818      	ldr	r0, [r3, #0]
100083dc:	4770      	bx	lr
100083de:	bf00      	nop
100083e0:	20001630 	.word	0x20001630

100083e4 <__retarget_lock_acquire_recursive>:
100083e4:	4770      	bx	lr
100083e6:	bf00      	nop

100083e8 <__retarget_lock_release_recursive>:
100083e8:	4770      	bx	lr
100083ea:	bf00      	nop

100083ec <sysconf>:
100083ec:	2808      	cmp	r0, #8
100083ee:	d102      	bne.n	100083f6 <sysconf+0xa>
100083f0:	f44f 5080 	mov.w	r0, #4096	@ 0x1000
100083f4:	4770      	bx	lr
100083f6:	b508      	push	{r3, lr}
100083f8:	f7ff ffee 	bl	100083d8 <__errno>
100083fc:	2216      	movs	r2, #22
100083fe:	4603      	mov	r3, r0
10008400:	f04f 30ff 	mov.w	r0, #4294967295
10008404:	601a      	str	r2, [r3, #0]
10008406:	bd08      	pop	{r3, pc}

10008408 <memcpy>:
10008408:	4684      	mov	ip, r0
1000840a:	ea41 0300 	orr.w	r3, r1, r0
1000840e:	f013 0303 	ands.w	r3, r3, #3
10008412:	d149      	bne.n	100084a8 <memcpy+0xa0>
10008414:	3a40      	subs	r2, #64	@ 0x40
10008416:	d323      	bcc.n	10008460 <memcpy+0x58>
10008418:	680b      	ldr	r3, [r1, #0]
1000841a:	6003      	str	r3, [r0, #0]
1000841c:	684b      	ldr	r3, [r1, #4]
1000841e:	6043      	str	r3, [r0, #4]
10008420:	688b      	ldr	r3, [r1, #8]
10008422:	6083      	str	r3, [r0, #8]
10008424:	68cb      	ldr	r3, [r1, #12]
10008426:	60c3      	str	r3, [r0, #12]
10008428:	690b      	ldr	r3, [r1, #16]
1000842a:	6103      	str	r3, [r0, #16]
1000842c:	694b      	ldr	r3, [r1, #20]
1000842e:	6143      	str	r3, [r0, #20]
10008430:	698b      	ldr	r3, [r1, #24]
10008432:	6183      	str	r3, [r0, #24]
10008434:	69cb      	ldr	r3, [r1, #28]
10008436:	61c3      	str	r3, [r0, #28]
10008438:	6a0b      	ldr	r3, [r1, #32]
1000843a:	6203      	str	r3, [r0, #32]
1000843c:	6a4b      	ldr	r3, [r1, #36]	@ 0x24
1000843e:	6243      	str	r3, [r0, #36]	@ 0x24
10008440:	6a8b      	ldr	r3, [r1, #40]	@ 0x28
10008442:	6283      	str	r3, [r0, #40]	@ 0x28
10008444:	6acb      	ldr	r3, [r1, #44]	@ 0x2c
10008446:	62c3      	str	r3, [r0, #44]	@ 0x2c
10008448:	6b0b      	ldr	r3, [r1, #48]	@ 0x30
1000844a:	6303      	str	r3, [r0, #48]	@ 0x30
1000844c:	6b4b      	ldr	r3, [r1, #52]	@ 0x34
1000844e:	6343      	str	r3, [r0, #52]	@ 0x34
10008450:	6b8b      	ldr	r3, [r1, #56]	@ 0x38
10008452:	6383      	str	r3, [r0, #56]	@ 0x38
10008454:	6bcb      	ldr	r3, [r1, #60]	@ 0x3c
10008456:	63c3      	str	r3, [r0, #60]	@ 0x3c
10008458:	3040      	adds	r0, #64	@ 0x40
1000845a:	3140      	adds	r1, #64	@ 0x40
1000845c:	3a40      	subs	r2, #64	@ 0x40
1000845e:	d2db      	bcs.n	10008418 <memcpy+0x10>
10008460:	3230      	adds	r2, #48	@ 0x30
10008462:	d30b      	bcc.n	1000847c <memcpy+0x74>
10008464:	680b      	ldr	r3, [r1, #0]
10008466:	6003      	str	r3, [r0, #0]
10008468:	684b      	ldr	r3, [r1, #4]
1000846a:	6043      	str	r3, [r0, #4]
1000846c:	688b      	ldr	r3, [r1, #8]
1000846e:	6083      	str	r3, [r0, #8]
10008470:	68cb      	ldr	r3, [r1, #12]
10008472:	60c3      	str	r3, [r0, #12]
10008474:	3010      	adds	r0, #16
10008476:	3110      	adds	r1, #16
10008478:	3a10      	subs	r2, #16
1000847a:	d2f3      	bcs.n	10008464 <memcpy+0x5c>
1000847c:	320c      	adds	r2, #12
1000847e:	d305      	bcc.n	1000848c <memcpy+0x84>
10008480:	f851 3b04 	ldr.w	r3, [r1], #4
10008484:	f840 3b04 	str.w	r3, [r0], #4
10008488:	3a04      	subs	r2, #4
1000848a:	d2f9      	bcs.n	10008480 <memcpy+0x78>
1000848c:	3204      	adds	r2, #4
1000848e:	d008      	beq.n	100084a2 <memcpy+0x9a>
10008490:	07d2      	lsls	r2, r2, #31
10008492:	bf1c      	itt	ne
10008494:	f811 3b01 	ldrbne.w	r3, [r1], #1
10008498:	f800 3b01 	strbne.w	r3, [r0], #1
1000849c:	d301      	bcc.n	100084a2 <memcpy+0x9a>
1000849e:	880b      	ldrh	r3, [r1, #0]
100084a0:	8003      	strh	r3, [r0, #0]
100084a2:	4660      	mov	r0, ip
100084a4:	4770      	bx	lr
100084a6:	bf00      	nop
100084a8:	2a08      	cmp	r2, #8
100084aa:	d313      	bcc.n	100084d4 <memcpy+0xcc>
100084ac:	078b      	lsls	r3, r1, #30
100084ae:	d0b1      	beq.n	10008414 <memcpy+0xc>
100084b0:	f010 0303 	ands.w	r3, r0, #3
100084b4:	d0ae      	beq.n	10008414 <memcpy+0xc>
100084b6:	f1c3 0304 	rsb	r3, r3, #4
100084ba:	1ad2      	subs	r2, r2, r3
100084bc:	07db      	lsls	r3, r3, #31
100084be:	bf1c      	itt	ne
100084c0:	f811 3b01 	ldrbne.w	r3, [r1], #1
100084c4:	f800 3b01 	strbne.w	r3, [r0], #1
100084c8:	d3a4      	bcc.n	10008414 <memcpy+0xc>
100084ca:	f831 3b02 	ldrh.w	r3, [r1], #2
100084ce:	f820 3b02 	strh.w	r3, [r0], #2
100084d2:	e79f      	b.n	10008414 <memcpy+0xc>
100084d4:	3a04      	subs	r2, #4
100084d6:	d3d9      	bcc.n	1000848c <memcpy+0x84>
100084d8:	3a01      	subs	r2, #1
100084da:	f811 3b01 	ldrb.w	r3, [r1], #1
100084de:	f800 3b01 	strb.w	r3, [r0], #1
100084e2:	d2f9      	bcs.n	100084d8 <memcpy+0xd0>
100084e4:	780b      	ldrb	r3, [r1, #0]
100084e6:	7003      	strb	r3, [r0, #0]
100084e8:	784b      	ldrb	r3, [r1, #1]
100084ea:	7043      	strb	r3, [r0, #1]
100084ec:	788b      	ldrb	r3, [r1, #2]
100084ee:	7083      	strb	r3, [r0, #2]
100084f0:	4660      	mov	r0, ip
100084f2:	4770      	bx	lr

100084f4 <strlen>:
100084f4:	f020 0103 	bic.w	r1, r0, #3
100084f8:	f010 0003 	ands.w	r0, r0, #3
100084fc:	f1c0 0000 	rsb	r0, r0, #0
10008500:	f851 3b04 	ldr.w	r3, [r1], #4
10008504:	f100 0c04 	add.w	ip, r0, #4
10008508:	ea4f 0ccc 	mov.w	ip, ip, lsl #3
1000850c:	f06f 0200 	mvn.w	r2, #0
10008510:	bf1c      	itt	ne
10008512:	fa22 f20c 	lsrne.w	r2, r2, ip
10008516:	4313      	orrne	r3, r2
10008518:	f04f 0c01 	mov.w	ip, #1
1000851c:	ea4c 2c0c 	orr.w	ip, ip, ip, lsl #8
10008520:	ea4c 4c0c 	orr.w	ip, ip, ip, lsl #16
10008524:	eba3 020c 	sub.w	r2, r3, ip
10008528:	ea22 0203 	bic.w	r2, r2, r3
1000852c:	ea12 12cc 	ands.w	r2, r2, ip, lsl #7
10008530:	bf04      	itt	eq
10008532:	f851 3b04 	ldreq.w	r3, [r1], #4
10008536:	3004      	addeq	r0, #4
10008538:	d0f4      	beq.n	10008524 <strlen+0x30>
1000853a:	f1c2 0100 	rsb	r1, r2, #0
1000853e:	ea02 0201 	and.w	r2, r2, r1
10008542:	fab2 f282 	clz	r2, r2
10008546:	f1c2 021f 	rsb	r2, r2, #31
1000854a:	eb00 00d2 	add.w	r0, r0, r2, lsr #3
1000854e:	4770      	bx	lr

10008550 <_malloc_trim_r>:
10008550:	e92d 43f8 	stmdb	sp!, {r3, r4, r5, r6, r7, r8, r9, lr}
10008554:	4606      	mov	r6, r0
10008556:	f8df 80ac 	ldr.w	r8, [pc, #172]	@ 10008604 <_malloc_trim_r+0xb4>
1000855a:	2008      	movs	r0, #8
1000855c:	4689      	mov	r9, r1
1000855e:	f7ff ff45 	bl	100083ec <sysconf>
10008562:	4605      	mov	r5, r0
10008564:	4630      	mov	r0, r6
10008566:	f7ff fecb 	bl	10008300 <__malloc_lock>
1000856a:	f8d8 3008 	ldr.w	r3, [r8, #8]
1000856e:	685f      	ldr	r7, [r3, #4]
10008570:	f027 0703 	bic.w	r7, r7, #3
10008574:	f1a7 0411 	sub.w	r4, r7, #17
10008578:	eba4 0409 	sub.w	r4, r4, r9
1000857c:	442c      	add	r4, r5
1000857e:	fbb4 f4f5 	udiv	r4, r4, r5
10008582:	3c01      	subs	r4, #1
10008584:	fb05 f404 	mul.w	r4, r5, r4
10008588:	42a5      	cmp	r5, r4
1000858a:	dc08      	bgt.n	1000859e <_malloc_trim_r+0x4e>
1000858c:	2100      	movs	r1, #0
1000858e:	4630      	mov	r0, r6
10008590:	f7ff ff10 	bl	100083b4 <_sbrk_r>
10008594:	f8d8 3008 	ldr.w	r3, [r8, #8]
10008598:	443b      	add	r3, r7
1000859a:	4298      	cmp	r0, r3
1000859c:	d005      	beq.n	100085aa <_malloc_trim_r+0x5a>
1000859e:	4630      	mov	r0, r6
100085a0:	f7ff feb4 	bl	1000830c <__malloc_unlock>
100085a4:	2000      	movs	r0, #0
100085a6:	e8bd 83f8 	ldmia.w	sp!, {r3, r4, r5, r6, r7, r8, r9, pc}
100085aa:	4261      	negs	r1, r4
100085ac:	4630      	mov	r0, r6
100085ae:	f7ff ff01 	bl	100083b4 <_sbrk_r>
100085b2:	3001      	adds	r0, #1
100085b4:	d00f      	beq.n	100085d6 <_malloc_trim_r+0x86>
100085b6:	1b3f      	subs	r7, r7, r4
100085b8:	4a10      	ldr	r2, [pc, #64]	@ (100085fc <_malloc_trim_r+0xac>)
100085ba:	f8d8 3008 	ldr.w	r3, [r8, #8]
100085be:	4630      	mov	r0, r6
100085c0:	f047 0701 	orr.w	r7, r7, #1
100085c4:	605f      	str	r7, [r3, #4]
100085c6:	6813      	ldr	r3, [r2, #0]
100085c8:	1b1b      	subs	r3, r3, r4
100085ca:	6013      	str	r3, [r2, #0]
100085cc:	f7ff fe9e 	bl	1000830c <__malloc_unlock>
100085d0:	2001      	movs	r0, #1
100085d2:	e8bd 83f8 	ldmia.w	sp!, {r3, r4, r5, r6, r7, r8, r9, pc}
100085d6:	2100      	movs	r1, #0
100085d8:	4630      	mov	r0, r6
100085da:	f7ff feeb 	bl	100083b4 <_sbrk_r>
100085de:	f8d8 2008 	ldr.w	r2, [r8, #8]
100085e2:	1a83      	subs	r3, r0, r2
100085e4:	2b0f      	cmp	r3, #15
100085e6:	ddda      	ble.n	1000859e <_malloc_trim_r+0x4e>
100085e8:	f043 0301 	orr.w	r3, r3, #1
100085ec:	4903      	ldr	r1, [pc, #12]	@ (100085fc <_malloc_trim_r+0xac>)
100085ee:	6053      	str	r3, [r2, #4]
100085f0:	4b03      	ldr	r3, [pc, #12]	@ (10008600 <_malloc_trim_r+0xb0>)
100085f2:	681b      	ldr	r3, [r3, #0]
100085f4:	1ac0      	subs	r0, r0, r3
100085f6:	6008      	str	r0, [r1, #0]
100085f8:	e7d1      	b.n	1000859e <_malloc_trim_r+0x4e>
100085fa:	bf00      	nop
100085fc:	2000195c 	.word	0x2000195c
10008600:	20001220 	.word	0x20001220
10008604:	20001228 	.word	0x20001228

10008608 <_free_r>:
10008608:	2900      	cmp	r1, #0
1000860a:	d05a      	beq.n	100086c2 <_free_r+0xba>
1000860c:	b5f8      	push	{r3, r4, r5, r6, r7, lr}
1000860e:	460c      	mov	r4, r1
10008610:	4607      	mov	r7, r0
10008612:	f7ff fe75 	bl	10008300 <__malloc_lock>
10008616:	4d73      	ldr	r5, [pc, #460]	@ (100087e4 <_free_r+0x1dc>)
10008618:	f854 cc04 	ldr.w	ip, [r4, #-4]
1000861c:	f1a4 0208 	sub.w	r2, r4, #8
10008620:	68a8      	ldr	r0, [r5, #8]
10008622:	f02c 0301 	bic.w	r3, ip, #1
10008626:	f00c 0e01 	and.w	lr, ip, #1
1000862a:	18d1      	adds	r1, r2, r3
1000862c:	684e      	ldr	r6, [r1, #4]
1000862e:	4288      	cmp	r0, r1
10008630:	f026 0603 	bic.w	r6, r6, #3
10008634:	d07c      	beq.n	10008730 <_free_r+0x128>
10008636:	1988      	adds	r0, r1, r6
10008638:	604e      	str	r6, [r1, #4]
1000863a:	6840      	ldr	r0, [r0, #4]
1000863c:	f000 0001 	and.w	r0, r0, #1
10008640:	f1be 0f00 	cmp.w	lr, #0
10008644:	d12e      	bne.n	100086a4 <_free_r+0x9c>
10008646:	f854 4c08 	ldr.w	r4, [r4, #-8]
1000864a:	f105 0c08 	add.w	ip, r5, #8
1000864e:	1b12      	subs	r2, r2, r4
10008650:	4423      	add	r3, r4
10008652:	6894      	ldr	r4, [r2, #8]
10008654:	4564      	cmp	r4, ip
10008656:	d060      	beq.n	1000871a <_free_r+0x112>
10008658:	f8d2 e00c 	ldr.w	lr, [r2, #12]
1000865c:	f8c4 e00c 	str.w	lr, [r4, #12]
10008660:	f8ce 4008 	str.w	r4, [lr, #8]
10008664:	2800      	cmp	r0, #0
10008666:	d07d      	beq.n	10008764 <_free_r+0x15c>
10008668:	f043 0001 	orr.w	r0, r3, #1
1000866c:	6050      	str	r0, [r2, #4]
1000866e:	600b      	str	r3, [r1, #0]
10008670:	f5b3 7f00 	cmp.w	r3, #512	@ 0x200
10008674:	d22e      	bcs.n	100086d4 <_free_r+0xcc>
10008676:	0958      	lsrs	r0, r3, #5
10008678:	08d9      	lsrs	r1, r3, #3
1000867a:	2301      	movs	r3, #1
1000867c:	4083      	lsls	r3, r0
1000867e:	6868      	ldr	r0, [r5, #4]
10008680:	3101      	adds	r1, #1
10008682:	4303      	orrs	r3, r0
10008684:	f855 0031 	ldr.w	r0, [r5, r1, lsl #3]
10008688:	606b      	str	r3, [r5, #4]
1000868a:	eb05 03c1 	add.w	r3, r5, r1, lsl #3
1000868e:	3b08      	subs	r3, #8
10008690:	e9c2 0302 	strd	r0, r3, [r2, #8]
10008694:	f845 2031 	str.w	r2, [r5, r1, lsl #3]
10008698:	60c2      	str	r2, [r0, #12]
1000869a:	4638      	mov	r0, r7
1000869c:	e8bd 40f8 	ldmia.w	sp!, {r3, r4, r5, r6, r7, lr}
100086a0:	f7ff be34 	b.w	1000830c <__malloc_unlock>
100086a4:	b970      	cbnz	r0, 100086c4 <_free_r+0xbc>
100086a6:	4433      	add	r3, r6
100086a8:	f105 0c08 	add.w	ip, r5, #8
100086ac:	6888      	ldr	r0, [r1, #8]
100086ae:	f043 0401 	orr.w	r4, r3, #1
100086b2:	4560      	cmp	r0, ip
100086b4:	d06e      	beq.n	10008794 <_free_r+0x18c>
100086b6:	68c9      	ldr	r1, [r1, #12]
100086b8:	60c1      	str	r1, [r0, #12]
100086ba:	6088      	str	r0, [r1, #8]
100086bc:	6054      	str	r4, [r2, #4]
100086be:	50d3      	str	r3, [r2, r3]
100086c0:	e7d6      	b.n	10008670 <_free_r+0x68>
100086c2:	4770      	bx	lr
100086c4:	f04c 0101 	orr.w	r1, ip, #1
100086c8:	f5b3 7f00 	cmp.w	r3, #512	@ 0x200
100086cc:	f844 1c04 	str.w	r1, [r4, #-4]
100086d0:	50d3      	str	r3, [r2, r3]
100086d2:	d3d0      	bcc.n	10008676 <_free_r+0x6e>
100086d4:	f5b3 6f20 	cmp.w	r3, #2560	@ 0xa00
100086d8:	ea4f 2153 	mov.w	r1, r3, lsr #9
100086dc:	d244      	bcs.n	10008768 <_free_r+0x160>
100086de:	0999      	lsrs	r1, r3, #6
100086e0:	f101 0039 	add.w	r0, r1, #57	@ 0x39
100086e4:	f101 0438 	add.w	r4, r1, #56	@ 0x38
100086e8:	00c1      	lsls	r1, r0, #3
100086ea:	1868      	adds	r0, r5, r1
100086ec:	5869      	ldr	r1, [r5, r1]
100086ee:	3808      	subs	r0, #8
100086f0:	4288      	cmp	r0, r1
100086f2:	d103      	bne.n	100086fc <_free_r+0xf4>
100086f4:	e055      	b.n	100087a2 <_free_r+0x19a>
100086f6:	6889      	ldr	r1, [r1, #8]
100086f8:	4288      	cmp	r0, r1
100086fa:	d004      	beq.n	10008706 <_free_r+0xfe>
100086fc:	684c      	ldr	r4, [r1, #4]
100086fe:	f024 0403 	bic.w	r4, r4, #3
10008702:	429c      	cmp	r4, r3
10008704:	d8f7      	bhi.n	100086f6 <_free_r+0xee>
10008706:	68c8      	ldr	r0, [r1, #12]
10008708:	e9c2 1002 	strd	r1, r0, [r2, #8]
1000870c:	6082      	str	r2, [r0, #8]
1000870e:	4638      	mov	r0, r7
10008710:	60ca      	str	r2, [r1, #12]
10008712:	e8bd 40f8 	ldmia.w	sp!, {r3, r4, r5, r6, r7, lr}
10008716:	f7ff bdf9 	b.w	1000830c <__malloc_unlock>
1000871a:	bb80      	cbnz	r0, 1000877e <_free_r+0x176>
1000871c:	441e      	add	r6, r3
1000871e:	e9d1 1302 	ldrd	r1, r3, [r1, #8]
10008722:	60cb      	str	r3, [r1, #12]
10008724:	6099      	str	r1, [r3, #8]
10008726:	f046 0301 	orr.w	r3, r6, #1
1000872a:	6053      	str	r3, [r2, #4]
1000872c:	5196      	str	r6, [r2, r6]
1000872e:	e7b4      	b.n	1000869a <_free_r+0x92>
10008730:	441e      	add	r6, r3
10008732:	f1be 0f00 	cmp.w	lr, #0
10008736:	d107      	bne.n	10008748 <_free_r+0x140>
10008738:	f854 3c08 	ldr.w	r3, [r4, #-8]
1000873c:	1ad2      	subs	r2, r2, r3
1000873e:	441e      	add	r6, r3
10008740:	e9d2 1302 	ldrd	r1, r3, [r2, #8]
10008744:	60cb      	str	r3, [r1, #12]
10008746:	6099      	str	r1, [r3, #8]
10008748:	f046 0301 	orr.w	r3, r6, #1
1000874c:	6053      	str	r3, [r2, #4]
1000874e:	4b26      	ldr	r3, [pc, #152]	@ (100087e8 <_free_r+0x1e0>)
10008750:	60aa      	str	r2, [r5, #8]
10008752:	681b      	ldr	r3, [r3, #0]
10008754:	42b3      	cmp	r3, r6
10008756:	d8a0      	bhi.n	1000869a <_free_r+0x92>
10008758:	4b24      	ldr	r3, [pc, #144]	@ (100087ec <_free_r+0x1e4>)
1000875a:	4638      	mov	r0, r7
1000875c:	6819      	ldr	r1, [r3, #0]
1000875e:	f7ff fef7 	bl	10008550 <_malloc_trim_r>
10008762:	e79a      	b.n	1000869a <_free_r+0x92>
10008764:	4433      	add	r3, r6
10008766:	e7a1      	b.n	100086ac <_free_r+0xa4>
10008768:	2914      	cmp	r1, #20
1000876a:	d90d      	bls.n	10008788 <_free_r+0x180>
1000876c:	2954      	cmp	r1, #84	@ 0x54
1000876e:	d81f      	bhi.n	100087b0 <_free_r+0x1a8>
10008770:	0b19      	lsrs	r1, r3, #12
10008772:	f101 006f 	add.w	r0, r1, #111	@ 0x6f
10008776:	f101 046e 	add.w	r4, r1, #110	@ 0x6e
1000877a:	00c1      	lsls	r1, r0, #3
1000877c:	e7b5      	b.n	100086ea <_free_r+0xe2>
1000877e:	f043 0001 	orr.w	r0, r3, #1
10008782:	6050      	str	r0, [r2, #4]
10008784:	600b      	str	r3, [r1, #0]
10008786:	e788      	b.n	1000869a <_free_r+0x92>
10008788:	f101 005c 	add.w	r0, r1, #92	@ 0x5c
1000878c:	f101 045b 	add.w	r4, r1, #91	@ 0x5b
10008790:	00c1      	lsls	r1, r0, #3
10008792:	e7aa      	b.n	100086ea <_free_r+0xe2>
10008794:	e9c5 2204 	strd	r2, r2, [r5, #16]
10008798:	e9c2 cc02 	strd	ip, ip, [r2, #8]
1000879c:	6054      	str	r4, [r2, #4]
1000879e:	50d3      	str	r3, [r2, r3]
100087a0:	e77b      	b.n	1000869a <_free_r+0x92>
100087a2:	10a4      	asrs	r4, r4, #2
100087a4:	2301      	movs	r3, #1
100087a6:	40a3      	lsls	r3, r4
100087a8:	686c      	ldr	r4, [r5, #4]
100087aa:	4323      	orrs	r3, r4
100087ac:	606b      	str	r3, [r5, #4]
100087ae:	e7ab      	b.n	10008708 <_free_r+0x100>
100087b0:	f5b1 7faa 	cmp.w	r1, #340	@ 0x154
100087b4:	d806      	bhi.n	100087c4 <_free_r+0x1bc>
100087b6:	0bd9      	lsrs	r1, r3, #15
100087b8:	f101 0078 	add.w	r0, r1, #120	@ 0x78
100087bc:	f101 0477 	add.w	r4, r1, #119	@ 0x77
100087c0:	00c1      	lsls	r1, r0, #3
100087c2:	e792      	b.n	100086ea <_free_r+0xe2>
100087c4:	f240 5054 	movw	r0, #1364	@ 0x554
100087c8:	4281      	cmp	r1, r0
100087ca:	d806      	bhi.n	100087da <_free_r+0x1d2>
100087cc:	0c99      	lsrs	r1, r3, #18
100087ce:	f101 007d 	add.w	r0, r1, #125	@ 0x7d
100087d2:	f101 047c 	add.w	r4, r1, #124	@ 0x7c
100087d6:	00c1      	lsls	r1, r0, #3
100087d8:	e787      	b.n	100086ea <_free_r+0xe2>
100087da:	f44f 717e 	mov.w	r1, #1016	@ 0x3f8
100087de:	247e      	movs	r4, #126	@ 0x7e
100087e0:	e783      	b.n	100086ea <_free_r+0xe2>
100087e2:	bf00      	nop
100087e4:	20001228 	.word	0x20001228
100087e8:	20001224 	.word	0x20001224
100087ec:	2000198c 	.word	0x2000198c

100087f0 <_fini>:
100087f0:	b5f8      	push	{r3, r4, r5, r6, r7, lr}
100087f2:	bf00      	nop
100087f4:	0000      	movs	r0, r0
	...

100087f8 <__mutex_enter_timeout_ms_veneer>:
100087f8:	f85f f000 	ldr.w	pc, [pc]	@ 100087fc <__mutex_enter_timeout_ms_veneer+0x4>
100087fc:	20000235 	.word	0x20000235

10008800 <__hw_endpoint_start_next_buffer_veneer>:
10008800:	f85f f000 	ldr.w	pc, [pc]	@ 10008804 <__hw_endpoint_start_next_buffer_veneer+0x4>
10008804:	20000b0d 	.word	0x20000b0d

10008808 <__e15_is_bulkin_ep_veneer>:
10008808:	f85f f000 	ldr.w	pc, [pc]	@ 1000880c <__e15_is_bulkin_ep_veneer+0x4>
1000880c:	20000a6d 	.word	0x20000a6d

10008810 <__reset_non_control_endpoints_veneer>:
10008810:	f85f f000 	ldr.w	pc, [pc]	@ 10008814 <__reset_non_control_endpoints_veneer+0x4>
10008814:	200002a9 	.word	0x200002a9

10008818 <____aeabi_uldivmod_veneer>:
10008818:	f85f f000 	ldr.w	pc, [pc]	@ 1000881c <____aeabi_uldivmod_veneer+0x4>
1000881c:	20000dd1 	.word	0x20000dd1

10008820 <__mutex_exit_veneer>:
10008820:	f85f f000 	ldr.w	pc, [pc]	@ 10008824 <__mutex_exit_veneer+0x4>
10008824:	2000026d 	.word	0x2000026d

10008828 <__e15_is_critical_frame_period_veneer>:
10008828:	f85f f000 	ldr.w	pc, [pc]	@ 1000882c <__e15_is_critical_frame_period_veneer+0x4>
1000882c:	20000a95 	.word	0x20000a95

10008830 <___hw_endpoint_buffer_control_update32_veneer>:
10008830:	f85f f000 	ldr.w	pc, [pc]	@ 10008834 <___hw_endpoint_buffer_control_update32_veneer+0x4>
10008834:	20000ac9 	.word	0x20000ac9

10008838 <__mutex_try_enter_block_until_veneer>:
10008838:	f85f f000 	ldr.w	pc, [pc]	@ 1000883c <__mutex_try_enter_block_until_veneer+0x4>
1000883c:	200001cd 	.word	0x200001cd

10008840 <__mutex_try_enter_veneer>:
10008840:	f85f f000 	ldr.w	pc, [pc]	@ 10008844 <__mutex_try_enter_veneer+0x4>
10008844:	20000111 	.word	0x20000111

10008848 <__pre_init_runtime_init_bootrom_reset>:
10008848:	100017e1                                ....

1000884c <__pre_init_runtime_init_early_resets>:
1000884c:	10001755                                U...

10008850 <__pre_init_runtime_init_usb_power_down>:
10008850:	10001789                                ....

10008854 <__pre_init_runtime_init_clocks>:
10008854:	1000182d                                -...

10008858 <__pre_init_runtime_init_post_clock_resets>:
10008858:	100017c1                                ....

1000885c <__pre_init_runtime_init_boot_locks_reset>:
1000885c:	100016d9                                ....

10008860 <__pre_init_runtime_init_spin_locks_reset>:
10008860:	10001809                                ....

10008864 <__pre_init_runtime_init_bootrom_locking_enable>:
10008864:	100016c5                                ....

10008868 <__pre_init_runtime_init_mutex>:
10008868:	10000b39                                9...

1000886c <__pre_init_runtime_init_install_ram_vector_table>:
1000886c:	1000180d                                ....

10008870 <__pre_init_runtime_init_default_alarm_pool>:
10008870:	10000ef9                                ....

10008874 <__pre_init_first_per_core_initializer>:
10008874:	10001725                                %...

10008878 <__pre_init_runtime_init_per_core_bootrom_reset>:
10008878:	100017f5                                ....

1000887c <__pre_init_runtime_init_per_core_enable_coprocessors>:
1000887c:	100017a5                                ....

10008880 <__pre_init_spinlock_set_extexclall>:
10008880:	10000715                                ....

10008884 <__pre_init_runtime_init_per_core_irq_priorities>:
10008884:	1000073d                                =...

10008888 <__frame_dummy_init_array_entry>:
10008888:	10000219 10003ca1 10007bb5              .....<...{..

Disassembly of section .data:

20000110 <mutex_try_enter>:
20000110:	4603      	mov	r3, r0
20000112:	b500      	push	{lr}
20000114:	6802      	ldr	r2, [r0, #0]
20000116:	f3ef 8c10 	mrs	ip, PRIMASK
2000011a:	b672      	cpsid	i
2000011c:	e8d2 efcf 	ldaexb	lr, [r2]
20000120:	2001      	movs	r0, #1
20000122:	f1be 0f00 	cmp.w	lr, #0
20000126:	d1f9      	bne.n	2000011c <mutex_try_enter+0xc>
20000128:	e8c2 0f4e 	strexb	lr, r0, [r2]
2000012c:	f1be 0f00 	cmp.w	lr, #0
20000130:	d1f4      	bne.n	2000011c <mutex_try_enter+0xc>
20000132:	f3bf 8f5f 	dmb	sy
20000136:	f993 2004 	ldrsb.w	r2, [r3, #4]
2000013a:	2a00      	cmp	r2, #0
2000013c:	db0a      	blt.n	20000154 <mutex_try_enter+0x44>
2000013e:	b101      	cbz	r1, 20000142 <mutex_try_enter+0x32>
20000140:	600a      	str	r2, [r1, #0]
20000142:	2000      	movs	r0, #0
20000144:	2200      	movs	r2, #0
20000146:	681b      	ldr	r3, [r3, #0]
20000148:	e8c3 2f8f 	stlb	r2, [r3]
2000014c:	f38c 8810 	msr	PRIMASK, ip
20000150:	f85d fb04 	ldr.w	pc, [sp], #4
20000154:	f04f 4250 	mov.w	r2, #3489660928	@ 0xd0000000
20000158:	6812      	ldr	r2, [r2, #0]
2000015a:	2001      	movs	r0, #1
2000015c:	711a      	strb	r2, [r3, #4]
2000015e:	e7f1      	b.n	20000144 <mutex_try_enter+0x34>

20000160 <mutex_enter_block_until>:
20000160:	f04f 4150 	mov.w	r1, #3489660928	@ 0xd0000000
20000164:	e92d 41f0 	stmdb	sp!, {r4, r5, r6, r7, r8, lr}
20000168:	2700      	movs	r7, #0
2000016a:	4604      	mov	r4, r0
2000016c:	4616      	mov	r6, r2
2000016e:	461d      	mov	r5, r3
20000170:	f8d1 8000 	ldr.w	r8, [r1]
20000174:	e008      	b.n	20000188 <mutex_enter_block_until+0x28>
20000176:	e8c1 7f8f 	stlb	r7, [r1]
2000017a:	f38c 8810 	msr	PRIMASK, ip
2000017e:	4630      	mov	r0, r6
20000180:	4629      	mov	r1, r5
20000182:	f000 fff1 	bl	20001168 <__best_effort_wfe_or_timeout_veneer>
20000186:	b9e8      	cbnz	r0, 200001c4 <mutex_enter_block_until+0x64>
20000188:	6821      	ldr	r1, [r4, #0]
2000018a:	f3ef 8c10 	mrs	ip, PRIMASK
2000018e:	b672      	cpsid	i
20000190:	e8d1 2fcf 	ldaexb	r2, [r1]
20000194:	2301      	movs	r3, #1
20000196:	2a00      	cmp	r2, #0
20000198:	d1fa      	bne.n	20000190 <mutex_enter_block_until+0x30>
2000019a:	e8c1 3f42 	strexb	r2, r3, [r1]
2000019e:	2a00      	cmp	r2, #0
200001a0:	d1f6      	bne.n	20000190 <mutex_enter_block_until+0x30>
200001a2:	f3bf 8f5f 	dmb	sy
200001a6:	f994 3004 	ldrsb.w	r3, [r4, #4]
200001aa:	6821      	ldr	r1, [r4, #0]
200001ac:	2b00      	cmp	r3, #0
200001ae:	dae2      	bge.n	20000176 <mutex_enter_block_until+0x16>
200001b0:	2300      	movs	r3, #0
200001b2:	f884 8004 	strb.w	r8, [r4, #4]
200001b6:	e8c1 3f8f 	stlb	r3, [r1]
200001ba:	f38c 8810 	msr	PRIMASK, ip
200001be:	2001      	movs	r0, #1
200001c0:	e8bd 81f0 	ldmia.w	sp!, {r4, r5, r6, r7, r8, pc}
200001c4:	2000      	movs	r0, #0
200001c6:	e8bd 81f0 	ldmia.w	sp!, {r4, r5, r6, r7, r8, pc}
200001ca:	bf00      	nop

200001cc <mutex_try_enter_block_until>:
200001cc:	b530      	push	{r4, r5, lr}
200001ce:	6804      	ldr	r4, [r0, #0]
200001d0:	f3ef 8c10 	mrs	ip, PRIMASK
200001d4:	b672      	cpsid	i
200001d6:	e8d4 efcf 	ldaexb	lr, [r4]
200001da:	2501      	movs	r5, #1
200001dc:	f1be 0f00 	cmp.w	lr, #0
200001e0:	d1f9      	bne.n	200001d6 <mutex_try_enter_block_until+0xa>
200001e2:	e8c4 5f4e 	strexb	lr, r5, [r4]
200001e6:	f1be 0f00 	cmp.w	lr, #0
200001ea:	d1f4      	bne.n	200001d6 <mutex_try_enter_block_until+0xa>
200001ec:	f3bf 8f5f 	dmb	sy
200001f0:	f990 4004 	ldrsb.w	r4, [r0, #4]
200001f4:	6805      	ldr	r5, [r0, #0]
200001f6:	2c00      	cmp	r4, #0
200001f8:	db10      	blt.n	2000021c <mutex_try_enter_block_until+0x50>
200001fa:	2100      	movs	r1, #0
200001fc:	e8c5 1f8f 	stlb	r1, [r5]
20000200:	f38c 8810 	msr	PRIMASK, ip
20000204:	f04f 4550 	mov.w	r5, #3489660928	@ 0xd0000000
20000208:	f995 5000 	ldrsb.w	r5, [r5]
2000020c:	42a5      	cmp	r5, r4
2000020e:	d101      	bne.n	20000214 <mutex_try_enter_block_until+0x48>
20000210:	4608      	mov	r0, r1
20000212:	bd30      	pop	{r4, r5, pc}
20000214:	e8bd 4030 	ldmia.w	sp!, {r4, r5, lr}
20000218:	f7ff bfa2 	b.w	20000160 <mutex_enter_block_until>
2000021c:	f04f 4250 	mov.w	r2, #3489660928	@ 0xd0000000
20000220:	6812      	ldr	r2, [r2, #0]
20000222:	2300      	movs	r3, #0
20000224:	7102      	strb	r2, [r0, #4]
20000226:	e8c5 3f8f 	stlb	r3, [r5]
2000022a:	f38c 8810 	msr	PRIMASK, ip
2000022e:	2001      	movs	r0, #1
20000230:	bd30      	pop	{r4, r5, pc}
20000232:	bf00      	nop

20000234 <mutex_enter_timeout_ms>:
20000234:	b570      	push	{r4, r5, r6, lr}
20000236:	4605      	mov	r5, r0
20000238:	460c      	mov	r4, r1
2000023a:	f000 ff99 	bl	20001170 <__time_us_64_veneer>
2000023e:	4602      	mov	r2, r0
20000240:	460b      	mov	r3, r1
20000242:	f44f 707a 	mov.w	r0, #1000	@ 0x3e8
20000246:	f04f 3eff 	mov.w	lr, #4294967295
2000024a:	f06f 4c00 	mvn.w	ip, #2147483648	@ 0x80000000
2000024e:	fbe4 2300 	umlal	r2, r3, r4, r0
20000252:	4596      	cmp	lr, r2
20000254:	eb7c 0103 	sbcs.w	r1, ip, r3
20000258:	bf38      	it	cc
2000025a:	4672      	movcc	r2, lr
2000025c:	4628      	mov	r0, r5
2000025e:	e8bd 4070 	ldmia.w	sp!, {r4, r5, r6, lr}
20000262:	bf38      	it	cc
20000264:	4663      	movcc	r3, ip
20000266:	f7ff bf7b 	b.w	20000160 <mutex_enter_block_until>
2000026a:	bf00      	nop

2000026c <mutex_exit>:
2000026c:	6803      	ldr	r3, [r0, #0]
2000026e:	f3ef 8210 	mrs	r2, PRIMASK
20000272:	b672      	cpsid	i
20000274:	e8d3 cfcf 	ldaexb	ip, [r3]
20000278:	2101      	movs	r1, #1
2000027a:	f1bc 0f00 	cmp.w	ip, #0
2000027e:	d1f9      	bne.n	20000274 <mutex_exit+0x8>
20000280:	e8c3 1f4c 	strexb	ip, r1, [r3]
20000284:	f1bc 0f00 	cmp.w	ip, #0
20000288:	d1f4      	bne.n	20000274 <mutex_exit+0x8>
2000028a:	f3bf 8f5f 	dmb	sy
2000028e:	f04f 0cff 	mov.w	ip, #255	@ 0xff
20000292:	2300      	movs	r3, #0
20000294:	6801      	ldr	r1, [r0, #0]
20000296:	f880 c004 	strb.w	ip, [r0, #4]
2000029a:	e8c1 3f8f 	stlb	r3, [r1]
2000029e:	f382 8810 	msr	PRIMASK, r2
200002a2:	bf40      	sev
200002a4:	4770      	bx	lr
200002a6:	bf00      	nop

200002a8 <reset_non_control_endpoints>:
200002a8:	2100      	movs	r1, #0
200002aa:	b508      	push	{r3, lr}
200002ac:	4b13      	ldr	r3, [pc, #76]	@ (200002fc <reset_non_control_endpoints+0x54>)
200002ae:	f44f 7270 	mov.w	r2, #960	@ 0x3c0
200002b2:	6099      	str	r1, [r3, #8]
200002b4:	4812      	ldr	r0, [pc, #72]	@ (20000300 <reset_non_control_endpoints+0x58>)
200002b6:	60d9      	str	r1, [r3, #12]
200002b8:	6119      	str	r1, [r3, #16]
200002ba:	6159      	str	r1, [r3, #20]
200002bc:	6199      	str	r1, [r3, #24]
200002be:	61d9      	str	r1, [r3, #28]
200002c0:	6219      	str	r1, [r3, #32]
200002c2:	6259      	str	r1, [r3, #36]	@ 0x24
200002c4:	6299      	str	r1, [r3, #40]	@ 0x28
200002c6:	62d9      	str	r1, [r3, #44]	@ 0x2c
200002c8:	6319      	str	r1, [r3, #48]	@ 0x30
200002ca:	6359      	str	r1, [r3, #52]	@ 0x34
200002cc:	6399      	str	r1, [r3, #56]	@ 0x38
200002ce:	63d9      	str	r1, [r3, #60]	@ 0x3c
200002d0:	6419      	str	r1, [r3, #64]	@ 0x40
200002d2:	6459      	str	r1, [r3, #68]	@ 0x44
200002d4:	6499      	str	r1, [r3, #72]	@ 0x48
200002d6:	64d9      	str	r1, [r3, #76]	@ 0x4c
200002d8:	6519      	str	r1, [r3, #80]	@ 0x50
200002da:	6559      	str	r1, [r3, #84]	@ 0x54
200002dc:	6599      	str	r1, [r3, #88]	@ 0x58
200002de:	65d9      	str	r1, [r3, #92]	@ 0x5c
200002e0:	6619      	str	r1, [r3, #96]	@ 0x60
200002e2:	6659      	str	r1, [r3, #100]	@ 0x64
200002e4:	6699      	str	r1, [r3, #104]	@ 0x68
200002e6:	66d9      	str	r1, [r3, #108]	@ 0x6c
200002e8:	6719      	str	r1, [r3, #112]	@ 0x70
200002ea:	6759      	str	r1, [r3, #116]	@ 0x74
200002ec:	6799      	str	r1, [r3, #120]	@ 0x78
200002ee:	67d9      	str	r1, [r3, #124]	@ 0x7c
200002f0:	f000 ff2e 	bl	20001150 <__memset_veneer>
200002f4:	4b03      	ldr	r3, [pc, #12]	@ (20000304 <reset_non_control_endpoints+0x5c>)
200002f6:	4a04      	ldr	r2, [pc, #16]	@ (20000308 <reset_non_control_endpoints+0x60>)
200002f8:	601a      	str	r2, [r3, #0]
200002fa:	bd08      	pop	{r3, pc}
200002fc:	50100000 	.word	0x50100000
20000300:	20002134 	.word	0x20002134
20000304:	200024fc 	.word	0x200024fc
20000308:	50100180 	.word	0x50100180

2000030c <hw_handle_buff_status>:
2000030c:	e92d 4ff0 	stmdb	sp!, {r4, r5, r6, r7, r8, r9, sl, fp, lr}
20000310:	4b1f      	ldr	r3, [pc, #124]	@ (20000390 <hw_handle_buff_status+0x84>)
20000312:	b085      	sub	sp, #20
20000314:	f8d3 a058 	ldr.w	sl, [r3, #88]	@ 0x58
20000318:	f1ba 0f00 	cmp.w	sl, #0
2000031c:	d022      	beq.n	20000364 <hw_handle_buff_status+0x58>
2000031e:	2400      	movs	r4, #0
20000320:	2501      	movs	r5, #1
20000322:	f44f 69e0 	mov.w	r9, #1792	@ 0x700
20000326:	f8df 8070 	ldr.w	r8, [pc, #112]	@ 20000398 <hw_handle_buff_status+0x8c>
2000032a:	4f1a      	ldr	r7, [pc, #104]	@ (20000394 <hw_handle_buff_status+0x88>)
2000032c:	e001      	b.n	20000332 <hw_handle_buff_status+0x26>
2000032e:	2c20      	cmp	r4, #32
20000330:	d018      	beq.n	20000364 <hw_handle_buff_status+0x58>
20000332:	ea0a 0205 	and.w	r2, sl, r5
20000336:	1c61      	adds	r1, r4, #1
20000338:	4623      	mov	r3, r4
2000033a:	46ab      	mov	fp, r5
2000033c:	b2cc      	uxtb	r4, r1
2000033e:	006d      	lsls	r5, r5, #1
20000340:	2a00      	cmp	r2, #0
20000342:	d0f4      	beq.n	2000032e <hw_handle_buff_status+0x22>
20000344:	f004 0201 	and.w	r2, r4, #1
20000348:	f003 06fe 	and.w	r6, r3, #254	@ 0xfe
2000034c:	4416      	add	r6, r2
2000034e:	eb07 1646 	add.w	r6, r7, r6, lsl #5
20000352:	4630      	mov	r0, r6
20000354:	f8c8 b058 	str.w	fp, [r8, #88]	@ 0x58
20000358:	f000 fc0a 	bl	20000b70 <hw_endpoint_xfer_continue>
2000035c:	b928      	cbnz	r0, 2000036a <hw_handle_buff_status+0x5e>
2000035e:	ea3a 0a0b 	bics.w	sl, sl, fp
20000362:	d1e4      	bne.n	2000032e <hw_handle_buff_status+0x22>
20000364:	b005      	add	sp, #20
20000366:	e8bd 8ff0 	ldmia.w	sp!, {r4, r5, r6, r7, r8, r9, sl, fp, pc}
2000036a:	2300      	movs	r3, #0
2000036c:	f88d 3009 	strb.w	r3, [sp, #9]
20000370:	78b3      	ldrb	r3, [r6, #2]
20000372:	a801      	add	r0, sp, #4
20000374:	f88d 3008 	strb.w	r3, [sp, #8]
20000378:	8af3      	ldrh	r3, [r6, #22]
2000037a:	2101      	movs	r1, #1
2000037c:	f8ad 9004 	strh.w	r9, [sp, #4]
20000380:	9303      	str	r3, [sp, #12]
20000382:	f000 fc13 	bl	20000bac <dcd_event_handler>
20000386:	4630      	mov	r0, r6
20000388:	f000 fb98 	bl	20000abc <hw_endpoint_reset_transfer>
2000038c:	e7e7      	b.n	2000035e <hw_handle_buff_status+0x52>
2000038e:	bf00      	nop
20000390:	50110000 	.word	0x50110000
20000394:	200020f4 	.word	0x200020f4
20000398:	50113000 	.word	0x50113000

2000039c <dcd_rp2040_irq>:
2000039c:	b5f0      	push	{r4, r5, r6, r7, lr}
2000039e:	4bbb      	ldr	r3, [pc, #748]	@ (2000068c <dcd_rp2040_irq+0x2f0>)
200003a0:	b085      	sub	sp, #20
200003a2:	f8d3 5098 	ldr.w	r5, [r3, #152]	@ 0x98
200003a6:	f415 3600 	ands.w	r6, r5, #131072	@ 0x20000
200003aa:	d074      	beq.n	20000496 <dcd_rp2040_irq+0xfa>
200003ac:	4bb8      	ldr	r3, [pc, #736]	@ (20000690 <dcd_rp2040_irq+0x2f4>)
200003ae:	4cb9      	ldr	r4, [pc, #740]	@ (20000694 <dcd_rp2040_irq+0x2f8>)
200003b0:	6a99      	ldr	r1, [r3, #40]	@ 0x28
200003b2:	f894 303b 	ldrb.w	r3, [r4, #59]	@ 0x3b
200003b6:	4ab8      	ldr	r2, [pc, #736]	@ (20000698 <dcd_rp2040_irq+0x2fc>)
200003b8:	2b02      	cmp	r3, #2
200003ba:	6011      	str	r1, [r2, #0]
200003bc:	f000 80d4 	beq.w	20000568 <dcd_rp2040_irq+0x1cc>
200003c0:	2600      	movs	r6, #0
200003c2:	f894 307b 	ldrb.w	r3, [r4, #123]	@ 0x7b
200003c6:	2b02      	cmp	r3, #2
200003c8:	f000 813b 	beq.w	20000642 <dcd_rp2040_irq+0x2a6>
200003cc:	f894 30bb 	ldrb.w	r3, [r4, #187]	@ 0xbb
200003d0:	2b02      	cmp	r3, #2
200003d2:	f000 817d 	beq.w	200006d0 <dcd_rp2040_irq+0x334>
200003d6:	f894 30fb 	ldrb.w	r3, [r4, #251]	@ 0xfb
200003da:	2b02      	cmp	r3, #2
200003dc:	f000 816c 	beq.w	200006b8 <dcd_rp2040_irq+0x31c>
200003e0:	f894 313b 	ldrb.w	r3, [r4, #315]	@ 0x13b
200003e4:	2b02      	cmp	r3, #2
200003e6:	f000 8144 	beq.w	20000672 <dcd_rp2040_irq+0x2d6>
200003ea:	f894 317b 	ldrb.w	r3, [r4, #379]	@ 0x17b
200003ee:	2b02      	cmp	r3, #2
200003f0:	f000 8133 	beq.w	2000065a <dcd_rp2040_irq+0x2be>
200003f4:	f894 31bb 	ldrb.w	r3, [r4, #443]	@ 0x1bb
200003f8:	2b02      	cmp	r3, #2
200003fa:	f000 81b6 	beq.w	2000076a <dcd_rp2040_irq+0x3ce>
200003fe:	f894 31fb 	ldrb.w	r3, [r4, #507]	@ 0x1fb
20000402:	2b02      	cmp	r3, #2
20000404:	f000 81a6 	beq.w	20000754 <dcd_rp2040_irq+0x3b8>
20000408:	f894 323b 	ldrb.w	r3, [r4, #571]	@ 0x23b
2000040c:	2b02      	cmp	r3, #2
2000040e:	f000 8196 	beq.w	2000073e <dcd_rp2040_irq+0x3a2>
20000412:	f894 327b 	ldrb.w	r3, [r4, #635]	@ 0x27b
20000416:	2b02      	cmp	r3, #2
20000418:	f000 8186 	beq.w	20000728 <dcd_rp2040_irq+0x38c>
2000041c:	f894 32bb 	ldrb.w	r3, [r4, #699]	@ 0x2bb
20000420:	2b02      	cmp	r3, #2
20000422:	f000 8176 	beq.w	20000712 <dcd_rp2040_irq+0x376>
20000426:	f894 32fb 	ldrb.w	r3, [r4, #763]	@ 0x2fb
2000042a:	2b02      	cmp	r3, #2
2000042c:	f000 8166 	beq.w	200006fc <dcd_rp2040_irq+0x360>
20000430:	f894 333b 	ldrb.w	r3, [r4, #827]	@ 0x33b
20000434:	2b02      	cmp	r3, #2
20000436:	f000 8156 	beq.w	200006e6 <dcd_rp2040_irq+0x34a>
2000043a:	f894 337b 	ldrb.w	r3, [r4, #891]	@ 0x37b
2000043e:	2b02      	cmp	r3, #2
20000440:	f000 80a4 	beq.w	2000058c <dcd_rp2040_irq+0x1f0>
20000444:	f894 33bb 	ldrb.w	r3, [r4, #955]	@ 0x3bb
20000448:	2b02      	cmp	r3, #2
2000044a:	f000 8199 	beq.w	20000780 <dcd_rp2040_irq+0x3e4>
2000044e:	f894 33fb 	ldrb.w	r3, [r4, #1019]	@ 0x3fb
20000452:	2b02      	cmp	r3, #2
20000454:	f000 80b4 	beq.w	200005c0 <dcd_rp2040_irq+0x224>
20000458:	b93e      	cbnz	r6, 2000046a <dcd_rp2040_irq+0xce>
2000045a:	4b90      	ldr	r3, [pc, #576]	@ (2000069c <dcd_rp2040_irq+0x300>)
2000045c:	781b      	ldrb	r3, [r3, #0]
2000045e:	b923      	cbnz	r3, 2000046a <dcd_rp2040_irq+0xce>
20000460:	f44f 3200 	mov.w	r2, #131072	@ 0x20000
20000464:	4b8e      	ldr	r3, [pc, #568]	@ (200006a0 <dcd_rp2040_irq+0x304>)
20000466:	f8c3 2090 	str.w	r2, [r3, #144]	@ 0x90
2000046a:	f44f 7240 	mov.w	r2, #768	@ 0x300
2000046e:	4b87      	ldr	r3, [pc, #540]	@ (2000068c <dcd_rp2040_irq+0x2f0>)
20000470:	2101      	movs	r1, #1
20000472:	6c9b      	ldr	r3, [r3, #72]	@ 0x48
20000474:	a801      	add	r0, sp, #4
20000476:	f3c3 030a 	ubfx	r3, r3, #0, #11
2000047a:	f8ad 2004 	strh.w	r2, [sp, #4]
2000047e:	9302      	str	r3, [sp, #8]
20000480:	f000 fb94 	bl	20000bac <dcd_event_handler>
20000484:	06ea      	lsls	r2, r5, #27
20000486:	f44f 3600 	mov.w	r6, #131072	@ 0x20000
2000048a:	4c86      	ldr	r4, [pc, #536]	@ (200006a4 <dcd_rp2040_irq+0x308>)
2000048c:	d507      	bpl.n	2000049e <dcd_rp2040_irq+0x102>
2000048e:	f7ff ff3d 	bl	2000030c <hw_handle_buff_status>
20000492:	4626      	mov	r6, r4
20000494:	e003      	b.n	2000049e <dcd_rp2040_irq+0x102>
20000496:	06ea      	lsls	r2, r5, #27
20000498:	f04f 0410 	mov.w	r4, #16
2000049c:	d4f7      	bmi.n	2000048e <dcd_rp2040_irq+0xf2>
2000049e:	03eb      	lsls	r3, r5, #15
200004a0:	d522      	bpl.n	200004e8 <dcd_rp2040_irq+0x14c>
200004a2:	4c7c      	ldr	r4, [pc, #496]	@ (20000694 <dcd_rp2040_irq+0x2f8>)
200004a4:	f446 3680 	orr.w	r6, r6, #65536	@ 0x10000
200004a8:	7ea3      	ldrb	r3, [r4, #26]
200004aa:	2b00      	cmp	r3, #0
200004ac:	f040 8099 	bne.w	200005e2 <dcd_rp2040_irq+0x246>
200004b0:	2301      	movs	r3, #1
200004b2:	f894 203a 	ldrb.w	r2, [r4, #58]	@ 0x3a
200004b6:	70e3      	strb	r3, [r4, #3]
200004b8:	2a00      	cmp	r2, #0
200004ba:	f040 80ad 	bne.w	20000618 <dcd_rp2040_irq+0x27c>
200004be:	2301      	movs	r3, #1
200004c0:	f44f 61c0 	mov.w	r1, #1536	@ 0x600
200004c4:	4a78      	ldr	r2, [pc, #480]	@ (200006a8 <dcd_rp2040_irq+0x30c>)
200004c6:	f884 3023 	strb.w	r3, [r4, #35]	@ 0x23
200004ca:	f8ad 1004 	strh.w	r1, [sp, #4]
200004ce:	e892 0003 	ldmia.w	r2, {r0, r1}
200004d2:	aa04      	add	r2, sp, #16
200004d4:	e902 0003 	stmdb	r2, {r0, r1}
200004d8:	4619      	mov	r1, r3
200004da:	a801      	add	r0, sp, #4
200004dc:	f000 fb66 	bl	20000bac <dcd_event_handler>
200004e0:	f44f 3200 	mov.w	r2, #131072	@ 0x20000
200004e4:	4b6e      	ldr	r3, [pc, #440]	@ (200006a0 <dcd_rp2040_irq+0x304>)
200004e6:	651a      	str	r2, [r3, #80]	@ 0x50
200004e8:	04e9      	lsls	r1, r5, #19
200004ea:	d408      	bmi.n	200004fe <dcd_rp2040_irq+0x162>
200004ec:	046a      	lsls	r2, r5, #17
200004ee:	d41d      	bmi.n	2000052c <dcd_rp2040_irq+0x190>
200004f0:	042b      	lsls	r3, r5, #16
200004f2:	d42a      	bmi.n	2000054a <dcd_rp2040_irq+0x1ae>
200004f4:	42ae      	cmp	r6, r5
200004f6:	f040 81c5 	bne.w	20000884 <dcd_rp2040_irq+0x4e8>
200004fa:	b005      	add	sp, #20
200004fc:	bdf0      	pop	{r4, r5, r6, r7, pc}
200004fe:	2400      	movs	r4, #0
20000500:	4b62      	ldr	r3, [pc, #392]	@ (2000068c <dcd_rp2040_irq+0x2f0>)
20000502:	f446 5680 	orr.w	r6, r6, #4096	@ 0x1000
20000506:	601c      	str	r4, [r3, #0]
20000508:	f7ff fece 	bl	200002a8 <reset_non_control_endpoints>
2000050c:	f44f 7380 	mov.w	r3, #256	@ 0x100
20000510:	2101      	movs	r1, #1
20000512:	a801      	add	r0, sp, #4
20000514:	f8ad 3004 	strh.w	r3, [sp, #4]
20000518:	f88d 4008 	strb.w	r4, [sp, #8]
2000051c:	f000 fb46 	bl	20000bac <dcd_event_handler>
20000520:	f44f 2200 	mov.w	r2, #524288	@ 0x80000
20000524:	4b5e      	ldr	r3, [pc, #376]	@ (200006a0 <dcd_rp2040_irq+0x304>)
20000526:	651a      	str	r2, [r3, #80]	@ 0x50
20000528:	046a      	lsls	r2, r5, #17
2000052a:	d5e1      	bpl.n	200004f0 <dcd_rp2040_irq+0x154>
2000052c:	f44f 6380 	mov.w	r3, #1024	@ 0x400
20000530:	2101      	movs	r1, #1
20000532:	a801      	add	r0, sp, #4
20000534:	f8ad 3004 	strh.w	r3, [sp, #4]
20000538:	f000 fb38 	bl	20000bac <dcd_event_handler>
2000053c:	2210      	movs	r2, #16
2000053e:	4b58      	ldr	r3, [pc, #352]	@ (200006a0 <dcd_rp2040_irq+0x304>)
20000540:	f446 4680 	orr.w	r6, r6, #16384	@ 0x4000
20000544:	651a      	str	r2, [r3, #80]	@ 0x50
20000546:	042b      	lsls	r3, r5, #16
20000548:	d5d4      	bpl.n	200004f4 <dcd_rp2040_irq+0x158>
2000054a:	f44f 63a0 	mov.w	r3, #1280	@ 0x500
2000054e:	2101      	movs	r1, #1
20000550:	a801      	add	r0, sp, #4
20000552:	f8ad 3004 	strh.w	r3, [sp, #4]
20000556:	f000 fb29 	bl	20000bac <dcd_event_handler>
2000055a:	f44f 6200 	mov.w	r2, #2048	@ 0x800
2000055e:	4b50      	ldr	r3, [pc, #320]	@ (200006a0 <dcd_rp2040_irq+0x304>)
20000560:	f446 4600 	orr.w	r6, r6, #32768	@ 0x8000
20000564:	651a      	str	r2, [r3, #80]	@ 0x50
20000566:	e7c5      	b.n	200004f4 <dcd_rp2040_irq+0x158>
20000568:	f894 603a 	ldrb.w	r6, [r4, #58]	@ 0x3a
2000056c:	2e00      	cmp	r6, #0
2000056e:	f43f af28 	beq.w	200003c2 <dcd_rp2040_irq+0x26>
20000572:	f894 303c 	ldrb.w	r3, [r4, #60]	@ 0x3c
20000576:	2b00      	cmp	r3, #0
20000578:	f43f af23 	beq.w	200003c2 <dcd_rp2040_irq+0x26>
2000057c:	2300      	movs	r3, #0
2000057e:	f104 0020 	add.w	r0, r4, #32
20000582:	f884 303c 	strb.w	r3, [r4, #60]	@ 0x3c
20000586:	f000 fac1 	bl	20000b0c <hw_endpoint_start_next_buffer>
2000058a:	e71a      	b.n	200003c2 <dcd_rp2040_irq+0x26>
2000058c:	f894 737a 	ldrb.w	r7, [r4, #890]	@ 0x37a
20000590:	2f00      	cmp	r7, #0
20000592:	f43f af57 	beq.w	20000444 <dcd_rp2040_irq+0xa8>
20000596:	f894 337c 	ldrb.w	r3, [r4, #892]	@ 0x37c
2000059a:	2b00      	cmp	r3, #0
2000059c:	f040 8164 	bne.w	20000868 <dcd_rp2040_irq+0x4cc>
200005a0:	f894 33bb 	ldrb.w	r3, [r4, #955]	@ 0x3bb
200005a4:	2b02      	cmp	r3, #2
200005a6:	f040 80f4 	bne.w	20000792 <dcd_rp2040_irq+0x3f6>
200005aa:	f894 33ba 	ldrb.w	r3, [r4, #954]	@ 0x3ba
200005ae:	2b00      	cmp	r3, #0
200005b0:	f040 80eb 	bne.w	2000078a <dcd_rp2040_irq+0x3ee>
200005b4:	f894 33fb 	ldrb.w	r3, [r4, #1019]	@ 0x3fb
200005b8:	2b02      	cmp	r3, #2
200005ba:	f47f af56 	bne.w	2000046a <dcd_rp2040_irq+0xce>
200005be:	463e      	mov	r6, r7
200005c0:	f894 33fa 	ldrb.w	r3, [r4, #1018]	@ 0x3fa
200005c4:	2b00      	cmp	r3, #0
200005c6:	f43f af47 	beq.w	20000458 <dcd_rp2040_irq+0xbc>
200005ca:	f894 33fc 	ldrb.w	r3, [r4, #1020]	@ 0x3fc
200005ce:	2b00      	cmp	r3, #0
200005d0:	f43f af4b 	beq.w	2000046a <dcd_rp2040_irq+0xce>
200005d4:	2300      	movs	r3, #0
200005d6:	4835      	ldr	r0, [pc, #212]	@ (200006ac <dcd_rp2040_irq+0x310>)
200005d8:	f884 33fc 	strb.w	r3, [r4, #1020]	@ 0x3fc
200005dc:	f000 fa96 	bl	20000b0c <hw_endpoint_start_next_buffer>
200005e0:	e743      	b.n	2000046a <dcd_rp2040_irq+0xce>
200005e2:	2102      	movs	r1, #2
200005e4:	4b32      	ldr	r3, [pc, #200]	@ (200006b0 <dcd_rp2040_irq+0x314>)
200005e6:	4a29      	ldr	r2, [pc, #164]	@ (2000068c <dcd_rp2040_irq+0x2f0>)
200005e8:	6619      	str	r1, [r3, #96]	@ 0x60
200005ea:	6e53      	ldr	r3, [r2, #100]	@ 0x64
200005ec:	079f      	lsls	r7, r3, #30
200005ee:	d5fc      	bpl.n	200005ea <dcd_rp2040_irq+0x24e>
200005f0:	f44f 5240 	mov.w	r2, #12288	@ 0x3000
200005f4:	2100      	movs	r1, #0
200005f6:	4827      	ldr	r0, [pc, #156]	@ (20000694 <dcd_rp2040_irq+0x2f8>)
200005f8:	f000 fa66 	bl	20000ac8 <_hw_endpoint_buffer_control_update32>
200005fc:	4825      	ldr	r0, [pc, #148]	@ (20000694 <dcd_rp2040_irq+0x2f8>)
200005fe:	f000 fa5d 	bl	20000abc <hw_endpoint_reset_transfer>
20000602:	2202      	movs	r2, #2
20000604:	4b26      	ldr	r3, [pc, #152]	@ (200006a0 <dcd_rp2040_irq+0x304>)
20000606:	665a      	str	r2, [r3, #100]	@ 0x64
20000608:	661a      	str	r2, [r3, #96]	@ 0x60
2000060a:	2301      	movs	r3, #1
2000060c:	f894 203a 	ldrb.w	r2, [r4, #58]	@ 0x3a
20000610:	70e3      	strb	r3, [r4, #3]
20000612:	2a00      	cmp	r2, #0
20000614:	f43f af53 	beq.w	200004be <dcd_rp2040_irq+0x122>
20000618:	4a25      	ldr	r2, [pc, #148]	@ (200006b0 <dcd_rp2040_irq+0x314>)
2000061a:	6613      	str	r3, [r2, #96]	@ 0x60
2000061c:	f5a2 5200 	sub.w	r2, r2, #8192	@ 0x2000
20000620:	6e53      	ldr	r3, [r2, #100]	@ 0x64
20000622:	07d8      	lsls	r0, r3, #31
20000624:	d5fc      	bpl.n	20000620 <dcd_rp2040_irq+0x284>
20000626:	f44f 5240 	mov.w	r2, #12288	@ 0x3000
2000062a:	2100      	movs	r1, #0
2000062c:	4821      	ldr	r0, [pc, #132]	@ (200006b4 <dcd_rp2040_irq+0x318>)
2000062e:	f000 fa4b 	bl	20000ac8 <_hw_endpoint_buffer_control_update32>
20000632:	4820      	ldr	r0, [pc, #128]	@ (200006b4 <dcd_rp2040_irq+0x318>)
20000634:	f000 fa42 	bl	20000abc <hw_endpoint_reset_transfer>
20000638:	2201      	movs	r2, #1
2000063a:	4b19      	ldr	r3, [pc, #100]	@ (200006a0 <dcd_rp2040_irq+0x304>)
2000063c:	665a      	str	r2, [r3, #100]	@ 0x64
2000063e:	661a      	str	r2, [r3, #96]	@ 0x60
20000640:	e73d      	b.n	200004be <dcd_rp2040_irq+0x122>
20000642:	f894 707a 	ldrb.w	r7, [r4, #122]	@ 0x7a
20000646:	2f00      	cmp	r7, #0
20000648:	f43f aec0 	beq.w	200003cc <dcd_rp2040_irq+0x30>
2000064c:	f894 307c 	ldrb.w	r3, [r4, #124]	@ 0x7c
20000650:	2b00      	cmp	r3, #0
20000652:	f040 8101 	bne.w	20000858 <dcd_rp2040_irq+0x4bc>
20000656:	463e      	mov	r6, r7
20000658:	e6b8      	b.n	200003cc <dcd_rp2040_irq+0x30>
2000065a:	f894 717a 	ldrb.w	r7, [r4, #378]	@ 0x17a
2000065e:	2f00      	cmp	r7, #0
20000660:	f43f aec8 	beq.w	200003f4 <dcd_rp2040_irq+0x58>
20000664:	f894 317c 	ldrb.w	r3, [r4, #380]	@ 0x17c
20000668:	2b00      	cmp	r3, #0
2000066a:	f040 80ed 	bne.w	20000848 <dcd_rp2040_irq+0x4ac>
2000066e:	463e      	mov	r6, r7
20000670:	e6c0      	b.n	200003f4 <dcd_rp2040_irq+0x58>
20000672:	f894 713a 	ldrb.w	r7, [r4, #314]	@ 0x13a
20000676:	2f00      	cmp	r7, #0
20000678:	f43f aeb7 	beq.w	200003ea <dcd_rp2040_irq+0x4e>
2000067c:	f894 313c 	ldrb.w	r3, [r4, #316]	@ 0x13c
20000680:	2b00      	cmp	r3, #0
20000682:	f040 80d9 	bne.w	20000838 <dcd_rp2040_irq+0x49c>
20000686:	463e      	mov	r6, r7
20000688:	e6af      	b.n	200003ea <dcd_rp2040_irq+0x4e>
2000068a:	bf00      	nop
2000068c:	50110000 	.word	0x50110000
20000690:	400b0000 	.word	0x400b0000
20000694:	200020f4 	.word	0x200020f4
20000698:	200020e4 	.word	0x200020e4
2000069c:	200026d1 	.word	0x200026d1
200006a0:	50113000 	.word	0x50113000
200006a4:	00020010 	.word	0x00020010
200006a8:	50100000 	.word	0x50100000
200006ac:	200024d4 	.word	0x200024d4
200006b0:	50112000 	.word	0x50112000
200006b4:	20002114 	.word	0x20002114
200006b8:	f894 70fa 	ldrb.w	r7, [r4, #250]	@ 0xfa
200006bc:	2f00      	cmp	r7, #0
200006be:	f43f ae8f 	beq.w	200003e0 <dcd_rp2040_irq+0x44>
200006c2:	f894 30fc 	ldrb.w	r3, [r4, #252]	@ 0xfc
200006c6:	2b00      	cmp	r3, #0
200006c8:	f040 808e 	bne.w	200007e8 <dcd_rp2040_irq+0x44c>
200006cc:	463e      	mov	r6, r7
200006ce:	e687      	b.n	200003e0 <dcd_rp2040_irq+0x44>
200006d0:	f894 70ba 	ldrb.w	r7, [r4, #186]	@ 0xba
200006d4:	2f00      	cmp	r7, #0
200006d6:	f43f ae7e 	beq.w	200003d6 <dcd_rp2040_irq+0x3a>
200006da:	f894 30bc 	ldrb.w	r3, [r4, #188]	@ 0xbc
200006de:	2b00      	cmp	r3, #0
200006e0:	d17a      	bne.n	200007d8 <dcd_rp2040_irq+0x43c>
200006e2:	463e      	mov	r6, r7
200006e4:	e677      	b.n	200003d6 <dcd_rp2040_irq+0x3a>
200006e6:	f894 733a 	ldrb.w	r7, [r4, #826]	@ 0x33a
200006ea:	2f00      	cmp	r7, #0
200006ec:	f43f aea5 	beq.w	2000043a <dcd_rp2040_irq+0x9e>
200006f0:	f894 333c 	ldrb.w	r3, [r4, #828]	@ 0x33c
200006f4:	2b00      	cmp	r3, #0
200006f6:	d157      	bne.n	200007a8 <dcd_rp2040_irq+0x40c>
200006f8:	463e      	mov	r6, r7
200006fa:	e69e      	b.n	2000043a <dcd_rp2040_irq+0x9e>
200006fc:	f894 72fa 	ldrb.w	r7, [r4, #762]	@ 0x2fa
20000700:	2f00      	cmp	r7, #0
20000702:	f43f ae95 	beq.w	20000430 <dcd_rp2040_irq+0x94>
20000706:	f894 32fc 	ldrb.w	r3, [r4, #764]	@ 0x2fc
2000070a:	2b00      	cmp	r3, #0
2000070c:	d15c      	bne.n	200007c8 <dcd_rp2040_irq+0x42c>
2000070e:	463e      	mov	r6, r7
20000710:	e68e      	b.n	20000430 <dcd_rp2040_irq+0x94>
20000712:	f894 72ba 	ldrb.w	r7, [r4, #698]	@ 0x2ba
20000716:	2f00      	cmp	r7, #0
20000718:	f43f ae85 	beq.w	20000426 <dcd_rp2040_irq+0x8a>
2000071c:	f894 32bc 	ldrb.w	r3, [r4, #700]	@ 0x2bc
20000720:	2b00      	cmp	r3, #0
20000722:	d149      	bne.n	200007b8 <dcd_rp2040_irq+0x41c>
20000724:	463e      	mov	r6, r7
20000726:	e67e      	b.n	20000426 <dcd_rp2040_irq+0x8a>
20000728:	f894 727a 	ldrb.w	r7, [r4, #634]	@ 0x27a
2000072c:	2f00      	cmp	r7, #0
2000072e:	f43f ae75 	beq.w	2000041c <dcd_rp2040_irq+0x80>
20000732:	f894 327c 	ldrb.w	r3, [r4, #636]	@ 0x27c
20000736:	2b00      	cmp	r3, #0
20000738:	d176      	bne.n	20000828 <dcd_rp2040_irq+0x48c>
2000073a:	463e      	mov	r6, r7
2000073c:	e66e      	b.n	2000041c <dcd_rp2040_irq+0x80>
2000073e:	f894 723a 	ldrb.w	r7, [r4, #570]	@ 0x23a
20000742:	2f00      	cmp	r7, #0
20000744:	f43f ae65 	beq.w	20000412 <dcd_rp2040_irq+0x76>
20000748:	f894 323c 	ldrb.w	r3, [r4, #572]	@ 0x23c
2000074c:	2b00      	cmp	r3, #0
2000074e:	d163      	bne.n	20000818 <dcd_rp2040_irq+0x47c>
20000750:	463e      	mov	r6, r7
20000752:	e65e      	b.n	20000412 <dcd_rp2040_irq+0x76>
20000754:	f894 71fa 	ldrb.w	r7, [r4, #506]	@ 0x1fa
20000758:	2f00      	cmp	r7, #0
2000075a:	f43f ae55 	beq.w	20000408 <dcd_rp2040_irq+0x6c>
2000075e:	f894 31fc 	ldrb.w	r3, [r4, #508]	@ 0x1fc
20000762:	2b00      	cmp	r3, #0
20000764:	d150      	bne.n	20000808 <dcd_rp2040_irq+0x46c>
20000766:	463e      	mov	r6, r7
20000768:	e64e      	b.n	20000408 <dcd_rp2040_irq+0x6c>
2000076a:	f894 71ba 	ldrb.w	r7, [r4, #442]	@ 0x1ba
2000076e:	2f00      	cmp	r7, #0
20000770:	f43f ae45 	beq.w	200003fe <dcd_rp2040_irq+0x62>
20000774:	f894 31bc 	ldrb.w	r3, [r4, #444]	@ 0x1bc
20000778:	2b00      	cmp	r3, #0
2000077a:	d13d      	bne.n	200007f8 <dcd_rp2040_irq+0x45c>
2000077c:	463e      	mov	r6, r7
2000077e:	e63e      	b.n	200003fe <dcd_rp2040_irq+0x62>
20000780:	f894 33ba 	ldrb.w	r3, [r4, #954]	@ 0x3ba
20000784:	2b00      	cmp	r3, #0
20000786:	f43f ae62 	beq.w	2000044e <dcd_rp2040_irq+0xb2>
2000078a:	f894 33bc 	ldrb.w	r3, [r4, #956]	@ 0x3bc
2000078e:	2b00      	cmp	r3, #0
20000790:	d171      	bne.n	20000876 <dcd_rp2040_irq+0x4da>
20000792:	f894 33fb 	ldrb.w	r3, [r4, #1019]	@ 0x3fb
20000796:	2b02      	cmp	r3, #2
20000798:	f47f ae67 	bne.w	2000046a <dcd_rp2040_irq+0xce>
2000079c:	f894 33fa 	ldrb.w	r3, [r4, #1018]	@ 0x3fa
200007a0:	2b00      	cmp	r3, #0
200007a2:	f43f ae62 	beq.w	2000046a <dcd_rp2040_irq+0xce>
200007a6:	e710      	b.n	200005ca <dcd_rp2040_irq+0x22e>
200007a8:	2300      	movs	r3, #0
200007aa:	4839      	ldr	r0, [pc, #228]	@ (20000890 <dcd_rp2040_irq+0x4f4>)
200007ac:	f884 333c 	strb.w	r3, [r4, #828]	@ 0x33c
200007b0:	463e      	mov	r6, r7
200007b2:	f000 f9ab 	bl	20000b0c <hw_endpoint_start_next_buffer>
200007b6:	e640      	b.n	2000043a <dcd_rp2040_irq+0x9e>
200007b8:	2300      	movs	r3, #0
200007ba:	4836      	ldr	r0, [pc, #216]	@ (20000894 <dcd_rp2040_irq+0x4f8>)
200007bc:	f884 32bc 	strb.w	r3, [r4, #700]	@ 0x2bc
200007c0:	463e      	mov	r6, r7
200007c2:	f000 f9a3 	bl	20000b0c <hw_endpoint_start_next_buffer>
200007c6:	e62e      	b.n	20000426 <dcd_rp2040_irq+0x8a>
200007c8:	2300      	movs	r3, #0
200007ca:	4833      	ldr	r0, [pc, #204]	@ (20000898 <dcd_rp2040_irq+0x4fc>)
200007cc:	f884 32fc 	strb.w	r3, [r4, #764]	@ 0x2fc
200007d0:	463e      	mov	r6, r7
200007d2:	f000 f99b 	bl	20000b0c <hw_endpoint_start_next_buffer>
200007d6:	e62b      	b.n	20000430 <dcd_rp2040_irq+0x94>
200007d8:	2300      	movs	r3, #0
200007da:	4830      	ldr	r0, [pc, #192]	@ (2000089c <dcd_rp2040_irq+0x500>)
200007dc:	f884 30bc 	strb.w	r3, [r4, #188]	@ 0xbc
200007e0:	463e      	mov	r6, r7
200007e2:	f000 f993 	bl	20000b0c <hw_endpoint_start_next_buffer>
200007e6:	e5f6      	b.n	200003d6 <dcd_rp2040_irq+0x3a>
200007e8:	2300      	movs	r3, #0
200007ea:	482d      	ldr	r0, [pc, #180]	@ (200008a0 <dcd_rp2040_irq+0x504>)
200007ec:	f884 30fc 	strb.w	r3, [r4, #252]	@ 0xfc
200007f0:	463e      	mov	r6, r7
200007f2:	f000 f98b 	bl	20000b0c <hw_endpoint_start_next_buffer>
200007f6:	e5f3      	b.n	200003e0 <dcd_rp2040_irq+0x44>
200007f8:	2300      	movs	r3, #0
200007fa:	482a      	ldr	r0, [pc, #168]	@ (200008a4 <dcd_rp2040_irq+0x508>)
200007fc:	f884 31bc 	strb.w	r3, [r4, #444]	@ 0x1bc
20000800:	463e      	mov	r6, r7
20000802:	f000 f983 	bl	20000b0c <hw_endpoint_start_next_buffer>
20000806:	e5fa      	b.n	200003fe <dcd_rp2040_irq+0x62>
20000808:	2300      	movs	r3, #0
2000080a:	4827      	ldr	r0, [pc, #156]	@ (200008a8 <dcd_rp2040_irq+0x50c>)
2000080c:	f884 31fc 	strb.w	r3, [r4, #508]	@ 0x1fc
20000810:	463e      	mov	r6, r7
20000812:	f000 f97b 	bl	20000b0c <hw_endpoint_start_next_buffer>
20000816:	e5f7      	b.n	20000408 <dcd_rp2040_irq+0x6c>
20000818:	2300      	movs	r3, #0
2000081a:	4824      	ldr	r0, [pc, #144]	@ (200008ac <dcd_rp2040_irq+0x510>)
2000081c:	f884 323c 	strb.w	r3, [r4, #572]	@ 0x23c
20000820:	463e      	mov	r6, r7
20000822:	f000 f973 	bl	20000b0c <hw_endpoint_start_next_buffer>
20000826:	e5f4      	b.n	20000412 <dcd_rp2040_irq+0x76>
20000828:	2300      	movs	r3, #0
2000082a:	4821      	ldr	r0, [pc, #132]	@ (200008b0 <dcd_rp2040_irq+0x514>)
2000082c:	f884 327c 	strb.w	r3, [r4, #636]	@ 0x27c
20000830:	463e      	mov	r6, r7
20000832:	f000 f96b 	bl	20000b0c <hw_endpoint_start_next_buffer>
20000836:	e5f1      	b.n	2000041c <dcd_rp2040_irq+0x80>
20000838:	2300      	movs	r3, #0
2000083a:	481e      	ldr	r0, [pc, #120]	@ (200008b4 <dcd_rp2040_irq+0x518>)
2000083c:	f884 313c 	strb.w	r3, [r4, #316]	@ 0x13c
20000840:	463e      	mov	r6, r7
20000842:	f000 f963 	bl	20000b0c <hw_endpoint_start_next_buffer>
20000846:	e5d0      	b.n	200003ea <dcd_rp2040_irq+0x4e>
20000848:	2300      	movs	r3, #0
2000084a:	481b      	ldr	r0, [pc, #108]	@ (200008b8 <dcd_rp2040_irq+0x51c>)
2000084c:	f884 317c 	strb.w	r3, [r4, #380]	@ 0x17c
20000850:	463e      	mov	r6, r7
20000852:	f000 f95b 	bl	20000b0c <hw_endpoint_start_next_buffer>
20000856:	e5cd      	b.n	200003f4 <dcd_rp2040_irq+0x58>
20000858:	2300      	movs	r3, #0
2000085a:	4818      	ldr	r0, [pc, #96]	@ (200008bc <dcd_rp2040_irq+0x520>)
2000085c:	f884 307c 	strb.w	r3, [r4, #124]	@ 0x7c
20000860:	463e      	mov	r6, r7
20000862:	f000 f953 	bl	20000b0c <hw_endpoint_start_next_buffer>
20000866:	e5b1      	b.n	200003cc <dcd_rp2040_irq+0x30>
20000868:	2300      	movs	r3, #0
2000086a:	4815      	ldr	r0, [pc, #84]	@ (200008c0 <dcd_rp2040_irq+0x524>)
2000086c:	f884 337c 	strb.w	r3, [r4, #892]	@ 0x37c
20000870:	f000 f94c 	bl	20000b0c <hw_endpoint_start_next_buffer>
20000874:	e694      	b.n	200005a0 <dcd_rp2040_irq+0x204>
20000876:	2300      	movs	r3, #0
20000878:	4812      	ldr	r0, [pc, #72]	@ (200008c4 <dcd_rp2040_irq+0x528>)
2000087a:	f884 33bc 	strb.w	r3, [r4, #956]	@ 0x3bc
2000087e:	f000 f945 	bl	20000b0c <hw_endpoint_start_next_buffer>
20000882:	e786      	b.n	20000792 <dcd_rp2040_irq+0x3f6>
20000884:	4810      	ldr	r0, [pc, #64]	@ (200008c8 <dcd_rp2040_irq+0x52c>)
20000886:	ea86 0105 	eor.w	r1, r6, r5
2000088a:	f000 fc75 	bl	20001178 <__panic_veneer>
2000088e:	bf00      	nop
20000890:	20002414 	.word	0x20002414
20000894:	20002394 	.word	0x20002394
20000898:	200023d4 	.word	0x200023d4
2000089c:	20002194 	.word	0x20002194
200008a0:	200021d4 	.word	0x200021d4
200008a4:	20002294 	.word	0x20002294
200008a8:	200022d4 	.word	0x200022d4
200008ac:	20002314 	.word	0x20002314
200008b0:	20002354 	.word	0x20002354
200008b4:	20002214 	.word	0x20002214
200008b8:	20002254 	.word	0x20002254
200008bc:	20002154 	.word	0x20002154
200008c0:	20002454 	.word	0x20002454
200008c4:	20002494 	.word	0x20002494
200008c8:	100090c4 	.word	0x100090c4

200008cc <prepare_ep_buffer>:
200008cc:	e92d 47f0 	stmdb	sp!, {r4, r5, r6, r7, r8, r9, sl, lr}
200008d0:	8a84      	ldrh	r4, [r0, #20]
200008d2:	8b05      	ldrh	r5, [r0, #24]
200008d4:	78c2      	ldrb	r2, [r0, #3]
200008d6:	42a5      	cmp	r5, r4
200008d8:	bf28      	it	cs
200008da:	4625      	movcs	r5, r4
200008dc:	1e17      	subs	r7, r2, #0
200008de:	bf18      	it	ne
200008e0:	2701      	movne	r7, #1
200008e2:	1b64      	subs	r4, r4, r5
200008e4:	7846      	ldrb	r6, [r0, #1]
200008e6:	f082 0201 	eor.w	r2, r2, #1
200008ea:	b2a4      	uxth	r4, r4
200008ec:	4603      	mov	r3, r0
200008ee:	70c2      	strb	r2, [r0, #3]
200008f0:	8284      	strh	r4, [r0, #20]
200008f2:	f445 6080 	orr.w	r0, r5, #1024	@ 0x400
200008f6:	ea40 3047 	orr.w	r0, r0, r7, lsl #13
200008fa:	bba6      	cbnz	r6, 20000966 <prepare_ep_buffer+0x9a>
200008fc:	e9d3 2603 	ldrd	r2, r6, [r3, #12]
20000900:	1e6f      	subs	r7, r5, #1
20000902:	eb02 1e81 	add.w	lr, r2, r1, lsl #6
20000906:	b355      	cbz	r5, 2000095e <prepare_ep_buffer+0x92>
20000908:	2f05      	cmp	r7, #5
2000090a:	bf98      	it	ls
2000090c:	1c72      	addls	r2, r6, #1
2000090e:	d931      	bls.n	20000974 <prepare_ep_buffer+0xa8>
20000910:	eb02 1c81 	add.w	ip, r2, r1, lsl #6
20000914:	1c72      	adds	r2, r6, #1
20000916:	ebac 0402 	sub.w	r4, ip, r2
2000091a:	2c02      	cmp	r4, #2
2000091c:	d92a      	bls.n	20000974 <prepare_ep_buffer+0xa8>
2000091e:	4632      	mov	r2, r6
20000920:	ea4f 0995 	mov.w	r9, r5, lsr #2
20000924:	ea4f 0a89 	mov.w	sl, r9, lsl #2
20000928:	eb06 0889 	add.w	r8, r6, r9, lsl #2
2000092c:	f852 4b04 	ldr.w	r4, [r2], #4
20000930:	4542      	cmp	r2, r8
20000932:	f84c 4b04 	str.w	r4, [ip], #4
20000936:	d1f9      	bne.n	2000092c <prepare_ep_buffer+0x60>
20000938:	4555      	cmp	r5, sl
2000093a:	eba7 070a 	sub.w	r7, r7, sl
2000093e:	eb0e 040a 	add.w	r4, lr, sl
20000942:	d00a      	beq.n	2000095a <prepare_ep_buffer+0x8e>
20000944:	f816 6029 	ldrb.w	r6, [r6, r9, lsl #2]
20000948:	f80e 6029 	strb.w	r6, [lr, r9, lsl #2]
2000094c:	b12f      	cbz	r7, 2000095a <prepare_ep_buffer+0x8e>
2000094e:	7856      	ldrb	r6, [r2, #1]
20000950:	2f01      	cmp	r7, #1
20000952:	7066      	strb	r6, [r4, #1]
20000954:	d001      	beq.n	2000095a <prepare_ep_buffer+0x8e>
20000956:	7892      	ldrb	r2, [r2, #2]
20000958:	70a2      	strb	r2, [r4, #2]
2000095a:	691e      	ldr	r6, [r3, #16]
2000095c:	8a9c      	ldrh	r4, [r3, #20]
2000095e:	442e      	add	r6, r5
20000960:	611e      	str	r6, [r3, #16]
20000962:	f440 4000 	orr.w	r0, r0, #32768	@ 0x8000
20000966:	b90c      	cbnz	r4, 2000096c <prepare_ep_buffer+0xa0>
20000968:	f440 4080 	orr.w	r0, r0, #16384	@ 0x4000
2000096c:	b101      	cbz	r1, 20000970 <prepare_ep_buffer+0xa4>
2000096e:	0400      	lsls	r0, r0, #16
20000970:	e8bd 87f0 	ldmia.w	sp!, {r4, r5, r6, r7, r8, r9, sl, pc}
20000974:	f10e 3eff 	add.w	lr, lr, #4294967295
20000978:	442e      	add	r6, r5
2000097a:	e000      	b.n	2000097e <prepare_ep_buffer+0xb2>
2000097c:	3201      	adds	r2, #1
2000097e:	f812 4c01 	ldrb.w	r4, [r2, #-1]
20000982:	42b2      	cmp	r2, r6
20000984:	f80e 4f01 	strb.w	r4, [lr, #1]!
20000988:	d1f8      	bne.n	2000097c <prepare_ep_buffer+0xb0>
2000098a:	e7e6      	b.n	2000095a <prepare_ep_buffer+0x8e>

2000098c <sync_ep_buffer>:
2000098c:	6883      	ldr	r3, [r0, #8]
2000098e:	4602      	mov	r2, r0
20000990:	6818      	ldr	r0, [r3, #0]
20000992:	b101      	cbz	r1, 20000996 <sync_ep_buffer+0xa>
20000994:	0c00      	lsrs	r0, r0, #16
20000996:	7853      	ldrb	r3, [r2, #1]
20000998:	f3c0 0009 	ubfx	r0, r0, #0, #10
2000099c:	2b00      	cmp	r3, #0
2000099e:	d03c      	beq.n	20000a1a <sync_ep_buffer+0x8e>
200009a0:	e92d 41f0 	stmdb	sp!, {r4, r5, r6, r7, r8, lr}
200009a4:	e9d2 3403 	ldrd	r3, r4, [r2, #12]
200009a8:	1e46      	subs	r6, r0, #1
200009aa:	eb03 1e81 	add.w	lr, r3, r1, lsl #6
200009ae:	b340      	cbz	r0, 20000a02 <sync_ep_buffer+0x76>
200009b0:	2e05      	cmp	r6, #5
200009b2:	d93b      	bls.n	20000a2c <sync_ep_buffer+0xa0>
200009b4:	0189      	lsls	r1, r1, #6
200009b6:	1c4d      	adds	r5, r1, #1
200009b8:	441d      	add	r5, r3
200009ba:	1b65      	subs	r5, r4, r5
200009bc:	2d02      	cmp	r5, #2
200009be:	d935      	bls.n	20000a2c <sync_ep_buffer+0xa0>
200009c0:	4673      	mov	r3, lr
200009c2:	4621      	mov	r1, r4
200009c4:	f400 777f 	and.w	r7, r0, #1020	@ 0x3fc
200009c8:	ea4f 0890 	mov.w	r8, r0, lsr #2
200009cc:	18fd      	adds	r5, r7, r3
200009ce:	f853 cb04 	ldr.w	ip, [r3], #4
200009d2:	42ab      	cmp	r3, r5
200009d4:	f841 cb04 	str.w	ip, [r1], #4
200009d8:	d1f9      	bne.n	200009ce <sync_ep_buffer+0x42>
200009da:	42b8      	cmp	r0, r7
200009dc:	eba6 0607 	sub.w	r6, r6, r7
200009e0:	eb04 0307 	add.w	r3, r4, r7
200009e4:	eb0e 0107 	add.w	r1, lr, r7
200009e8:	d00a      	beq.n	20000a00 <sync_ep_buffer+0x74>
200009ea:	f81e 5028 	ldrb.w	r5, [lr, r8, lsl #2]
200009ee:	f804 5028 	strb.w	r5, [r4, r8, lsl #2]
200009f2:	b12e      	cbz	r6, 20000a00 <sync_ep_buffer+0x74>
200009f4:	784c      	ldrb	r4, [r1, #1]
200009f6:	2e01      	cmp	r6, #1
200009f8:	705c      	strb	r4, [r3, #1]
200009fa:	d001      	beq.n	20000a00 <sync_ep_buffer+0x74>
200009fc:	7889      	ldrb	r1, [r1, #2]
200009fe:	7099      	strb	r1, [r3, #2]
20000a00:	6914      	ldr	r4, [r2, #16]
20000a02:	8ad3      	ldrh	r3, [r2, #22]
20000a04:	4404      	add	r4, r0
20000a06:	4403      	add	r3, r0
20000a08:	82d3      	strh	r3, [r2, #22]
20000a0a:	8b13      	ldrh	r3, [r2, #24]
20000a0c:	6114      	str	r4, [r2, #16]
20000a0e:	4283      	cmp	r3, r0
20000a10:	bf84      	itt	hi
20000a12:	2300      	movhi	r3, #0
20000a14:	8293      	strhhi	r3, [r2, #20]
20000a16:	e8bd 81f0 	ldmia.w	sp!, {r4, r5, r6, r7, r8, pc}
20000a1a:	8ad3      	ldrh	r3, [r2, #22]
20000a1c:	4403      	add	r3, r0
20000a1e:	82d3      	strh	r3, [r2, #22]
20000a20:	8b13      	ldrh	r3, [r2, #24]
20000a22:	4283      	cmp	r3, r0
20000a24:	bf84      	itt	hi
20000a26:	2300      	movhi	r3, #0
20000a28:	8293      	strhhi	r3, [r2, #20]
20000a2a:	4770      	bx	lr
20000a2c:	3c01      	subs	r4, #1
20000a2e:	eb0e 0100 	add.w	r1, lr, r0
20000a32:	f81e 3b01 	ldrb.w	r3, [lr], #1
20000a36:	4571      	cmp	r1, lr
20000a38:	f804 3f01 	strb.w	r3, [r4, #1]!
20000a3c:	d1f9      	bne.n	20000a32 <sync_ep_buffer+0xa6>
20000a3e:	e7df      	b.n	20000a00 <sync_ep_buffer+0x74>

20000a40 <_hw_endpoint_xfer_sync>:
20000a40:	b510      	push	{r4, lr}
20000a42:	4604      	mov	r4, r0
20000a44:	6883      	ldr	r3, [r0, #8]
20000a46:	2100      	movs	r1, #0
20000a48:	681b      	ldr	r3, [r3, #0]
20000a4a:	f7ff ff9f 	bl	2000098c <sync_ep_buffer>
20000a4e:	6863      	ldr	r3, [r4, #4]
20000a50:	681b      	ldr	r3, [r3, #0]
20000a52:	005b      	lsls	r3, r3, #1
20000a54:	d502      	bpl.n	20000a5c <_hw_endpoint_xfer_sync+0x1c>
20000a56:	8b23      	ldrh	r3, [r4, #24]
20000a58:	4283      	cmp	r3, r0
20000a5a:	d000      	beq.n	20000a5e <_hw_endpoint_xfer_sync+0x1e>
20000a5c:	bd10      	pop	{r4, pc}
20000a5e:	4620      	mov	r0, r4
20000a60:	e8bd 4010 	ldmia.w	sp!, {r4, lr}
20000a64:	2101      	movs	r1, #1
20000a66:	f7ff bf91 	b.w	2000098c <sync_ep_buffer>
20000a6a:	bf00      	nop

20000a6c <e15_is_bulkin_ep>:
20000a6c:	4b08      	ldr	r3, [pc, #32]	@ (20000a90 <e15_is_bulkin_ep+0x24>)
20000a6e:	6c1b      	ldr	r3, [r3, #64]	@ 0x40
20000a70:	f013 0302 	ands.w	r3, r3, #2
20000a74:	d102      	bne.n	20000a7c <e15_is_bulkin_ep+0x10>
20000a76:	7882      	ldrb	r2, [r0, #2]
20000a78:	09d2      	lsrs	r2, r2, #7
20000a7a:	d101      	bne.n	20000a80 <e15_is_bulkin_ep+0x14>
20000a7c:	2000      	movs	r0, #0
20000a7e:	4770      	bx	lr
20000a80:	7ec0      	ldrb	r0, [r0, #27]
20000a82:	f1a0 0002 	sub.w	r0, r0, #2
20000a86:	fab0 f080 	clz	r0, r0
20000a8a:	0940      	lsrs	r0, r0, #5
20000a8c:	4770      	bx	lr
20000a8e:	bf00      	nop
20000a90:	50110000 	.word	0x50110000

20000a94 <e15_is_critical_frame_period>:
20000a94:	b508      	push	{r3, lr}
20000a96:	f7ff ffe9 	bl	20000a6c <e15_is_bulkin_ep>
20000a9a:	b150      	cbz	r0, 20000ab2 <e15_is_critical_frame_period+0x1e>
20000a9c:	4a05      	ldr	r2, [pc, #20]	@ (20000ab4 <e15_is_critical_frame_period+0x20>)
20000a9e:	4b06      	ldr	r3, [pc, #24]	@ (20000ab8 <e15_is_critical_frame_period+0x24>)
20000aa0:	6a90      	ldr	r0, [r2, #40]	@ 0x28
20000aa2:	681b      	ldr	r3, [r3, #0]
20000aa4:	f5a0 7048 	sub.w	r0, r0, #800	@ 0x320
20000aa8:	1ac0      	subs	r0, r0, r3
20000aaa:	28c6      	cmp	r0, #198	@ 0xc6
20000aac:	bf8c      	ite	hi
20000aae:	2000      	movhi	r0, #0
20000ab0:	2001      	movls	r0, #1
20000ab2:	bd08      	pop	{r3, pc}
20000ab4:	400b0000 	.word	0x400b0000
20000ab8:	200020e4 	.word	0x200020e4

20000abc <hw_endpoint_reset_transfer>:
20000abc:	2300      	movs	r3, #0
20000abe:	e9c0 3304 	strd	r3, r3, [r0, #16]
20000ac2:	7683      	strb	r3, [r0, #26]
20000ac4:	4770      	bx	lr
20000ac6:	bf00      	nop

20000ac8 <_hw_endpoint_buffer_control_update32>:
20000ac8:	b510      	push	{r4, lr}
20000aca:	6883      	ldr	r3, [r0, #8]
20000acc:	b109      	cbz	r1, 20000ad2 <_hw_endpoint_buffer_control_update32+0xa>
20000ace:	681c      	ldr	r4, [r3, #0]
20000ad0:	4021      	ands	r1, r4
20000ad2:	b182      	cbz	r2, 20000af6 <_hw_endpoint_buffer_control_update32+0x2e>
20000ad4:	4311      	orrs	r1, r2
20000ad6:	0552      	lsls	r2, r2, #21
20000ad8:	d50d      	bpl.n	20000af6 <_hw_endpoint_buffer_control_update32+0x2e>
20000ada:	681a      	ldr	r2, [r3, #0]
20000adc:	0554      	lsls	r4, r2, #21
20000ade:	d40c      	bmi.n	20000afa <_hw_endpoint_buffer_control_update32+0x32>
20000ae0:	4a08      	ldr	r2, [pc, #32]	@ (20000b04 <_hw_endpoint_buffer_control_update32+0x3c>)
20000ae2:	f421 6480 	bic.w	r4, r1, #1024	@ 0x400
20000ae6:	601c      	str	r4, [r3, #0]
20000ae8:	6c12      	ldr	r2, [r2, #64]	@ 0x40
20000aea:	0792      	lsls	r2, r2, #30
20000aec:	d403      	bmi.n	20000af6 <_hw_endpoint_buffer_control_update32+0x2e>
20000aee:	230c      	movs	r3, #12
20000af0:	3b03      	subs	r3, #3
20000af2:	d2fd      	bcs.n	20000af0 <_hw_endpoint_buffer_control_update32+0x28>
20000af4:	6883      	ldr	r3, [r0, #8]
20000af6:	6019      	str	r1, [r3, #0]
20000af8:	bd10      	pop	{r4, pc}
20000afa:	7881      	ldrb	r1, [r0, #2]
20000afc:	4802      	ldr	r0, [pc, #8]	@ (20000b08 <_hw_endpoint_buffer_control_update32+0x40>)
20000afe:	f000 fb3b 	bl	20001178 <__panic_veneer>
20000b02:	bf00      	nop
20000b04:	50110000 	.word	0x50110000
20000b08:	100090d8 	.word	0x100090d8

20000b0c <hw_endpoint_start_next_buffer>:
20000b0c:	b530      	push	{r4, r5, lr}
20000b0e:	6843      	ldr	r3, [r0, #4]
20000b10:	2100      	movs	r1, #0
20000b12:	b083      	sub	sp, #12
20000b14:	4604      	mov	r4, r0
20000b16:	681d      	ldr	r5, [r3, #0]
20000b18:	f7ff fed8 	bl	200008cc <prepare_ep_buffer>
20000b1c:	4b13      	ldr	r3, [pc, #76]	@ (20000b6c <hw_endpoint_start_next_buffer+0x60>)
20000b1e:	f440 5280 	orr.w	r2, r0, #4096	@ 0x1000
20000b22:	6c19      	ldr	r1, [r3, #64]	@ 0x40
20000b24:	78a3      	ldrb	r3, [r4, #2]
20000b26:	0789      	lsls	r1, r1, #30
20000b28:	d50e      	bpl.n	20000b48 <hw_endpoint_start_next_buffer+0x3c>
20000b2a:	065b      	lsls	r3, r3, #25
20000b2c:	d00e      	beq.n	20000b4c <hw_endpoint_start_next_buffer+0x40>
20000b2e:	f025 45a0 	bic.w	r5, r5, #1342177280	@ 0x50000000
20000b32:	f045 5500 	orr.w	r5, r5, #536870912	@ 0x20000000
20000b36:	2100      	movs	r1, #0
20000b38:	4620      	mov	r0, r4
20000b3a:	6863      	ldr	r3, [r4, #4]
20000b3c:	601d      	str	r5, [r3, #0]
20000b3e:	b003      	add	sp, #12
20000b40:	e8bd 4030 	ldmia.w	sp!, {r4, r5, lr}
20000b44:	f7ff bfc0 	b.w	20000ac8 <_hw_endpoint_buffer_control_update32>
20000b48:	09db      	lsrs	r3, r3, #7
20000b4a:	d0f0      	beq.n	20000b2e <hw_endpoint_start_next_buffer+0x22>
20000b4c:	8aa3      	ldrh	r3, [r4, #20]
20000b4e:	2b00      	cmp	r3, #0
20000b50:	d0ed      	beq.n	20000b2e <hw_endpoint_start_next_buffer+0x22>
20000b52:	2101      	movs	r1, #1
20000b54:	4620      	mov	r0, r4
20000b56:	9201      	str	r2, [sp, #4]
20000b58:	f7ff feb8 	bl	200008cc <prepare_ep_buffer>
20000b5c:	9a01      	ldr	r2, [sp, #4]
20000b5e:	f025 5500 	bic.w	r5, r5, #536870912	@ 0x20000000
20000b62:	4302      	orrs	r2, r0
20000b64:	f045 45a0 	orr.w	r5, r5, #1342177280	@ 0x50000000
20000b68:	e7e5      	b.n	20000b36 <hw_endpoint_start_next_buffer+0x2a>
20000b6a:	bf00      	nop
20000b6c:	50110000 	.word	0x50110000

20000b70 <hw_endpoint_xfer_continue>:
20000b70:	b538      	push	{r3, r4, r5, lr}
20000b72:	7e85      	ldrb	r5, [r0, #26]
20000b74:	4604      	mov	r4, r0
20000b76:	b195      	cbz	r5, 20000b9e <hw_endpoint_xfer_continue+0x2e>
20000b78:	f7ff ff62 	bl	20000a40 <_hw_endpoint_xfer_sync>
20000b7c:	8aa3      	ldrh	r3, [r4, #20]
20000b7e:	b90b      	cbnz	r3, 20000b84 <hw_endpoint_xfer_continue+0x14>
20000b80:	4628      	mov	r0, r5
20000b82:	bd38      	pop	{r3, r4, r5, pc}
20000b84:	4620      	mov	r0, r4
20000b86:	f7ff ff85 	bl	20000a94 <e15_is_critical_frame_period>
20000b8a:	b120      	cbz	r0, 20000b96 <hw_endpoint_xfer_continue+0x26>
20000b8c:	2301      	movs	r3, #1
20000b8e:	7723      	strb	r3, [r4, #28]
20000b90:	2500      	movs	r5, #0
20000b92:	4628      	mov	r0, r5
20000b94:	bd38      	pop	{r3, r4, r5, pc}
20000b96:	4620      	mov	r0, r4
20000b98:	f7ff ffb8 	bl	20000b0c <hw_endpoint_start_next_buffer>
20000b9c:	e7f8      	b.n	20000b90 <hw_endpoint_xfer_continue+0x20>
20000b9e:	7881      	ldrb	r1, [r0, #2]
20000ba0:	4801      	ldr	r0, [pc, #4]	@ (20000ba8 <hw_endpoint_xfer_continue+0x38>)
20000ba2:	f000 fae9 	bl	20001178 <__panic_veneer>
20000ba6:	bf00      	nop
20000ba8:	100090f8 	.word	0x100090f8

20000bac <dcd_event_handler>:
20000bac:	e92d 43f0 	stmdb	sp!, {r4, r5, r6, r7, r8, r9, lr}
20000bb0:	7843      	ldrb	r3, [r0, #1]
20000bb2:	4681      	mov	r9, r0
20000bb4:	3b02      	subs	r3, #2
20000bb6:	460d      	mov	r5, r1
20000bb8:	b085      	sub	sp, #20
20000bba:	2b04      	cmp	r3, #4
20000bbc:	d813      	bhi.n	20000be6 <dcd_event_handler+0x3a>
20000bbe:	e8df f003 	tbb	[pc, r3]
20000bc2:	4a03      	.short	0x4a03
20000bc4:	736a      	.short	0x736a
20000bc6:	44          	.byte	0x44
20000bc7:	00          	.byte	0x00
20000bc8:	2100      	movs	r1, #0
20000bca:	4b7b      	ldr	r3, [pc, #492]	@ (20000db8 <dcd_event_handler+0x20c>)
20000bcc:	781a      	ldrb	r2, [r3, #0]
20000bce:	f022 0201 	bic.w	r2, r2, #1
20000bd2:	701a      	strb	r2, [r3, #0]
20000bd4:	781a      	ldrb	r2, [r3, #0]
20000bd6:	f022 0202 	bic.w	r2, r2, #2
20000bda:	701a      	strb	r2, [r3, #0]
20000bdc:	7059      	strb	r1, [r3, #1]
20000bde:	781a      	ldrb	r2, [r3, #0]
20000be0:	f361 0282 	bfi	r2, r1, #2, #1
20000be4:	701a      	strb	r2, [r3, #0]
20000be6:	4b75      	ldr	r3, [pc, #468]	@ (20000dbc <dcd_event_handler+0x210>)
20000be8:	681c      	ldr	r4, [r3, #0]
20000bea:	6963      	ldr	r3, [r4, #20]
20000bec:	f3ef 8210 	mrs	r2, PRIMASK
20000bf0:	b672      	cpsid	i
20000bf2:	e8d3 0fcf 	ldaexb	r0, [r3]
20000bf6:	2101      	movs	r1, #1
20000bf8:	2800      	cmp	r0, #0
20000bfa:	d1fa      	bne.n	20000bf2 <dcd_event_handler+0x46>
20000bfc:	e8c3 1f40 	strexb	r0, r1, [r3]
20000c00:	2800      	cmp	r0, #0
20000c02:	d1f6      	bne.n	20000bf2 <dcd_event_handler+0x46>
20000c04:	f3bf 8f5f 	dmb	sy
20000c08:	61a2      	str	r2, [r4, #24]
20000c0a:	4649      	mov	r1, r9
20000c0c:	4620      	mov	r0, r4
20000c0e:	f000 faa3 	bl	20001158 <__tu_fifo_write_veneer>
20000c12:	2300      	movs	r3, #0
20000c14:	6962      	ldr	r2, [r4, #20]
20000c16:	e8c2 3f8f 	stlb	r3, [r2]
20000c1a:	69a3      	ldr	r3, [r4, #24]
20000c1c:	f383 8810 	msr	PRIMASK, r3
20000c20:	b948      	cbnz	r0, 20000c36 <dcd_event_handler+0x8a>
20000c22:	f04f 23e0 	mov.w	r3, #3758153728	@ 0xe000e000
20000c26:	f8d3 3df0 	ldr.w	r3, [r3, #3568]	@ 0xdf0
20000c2a:	07db      	lsls	r3, r3, #31
20000c2c:	d50a      	bpl.n	20000c44 <dcd_event_handler+0x98>
20000c2e:	be00      	bkpt	0x0000
20000c30:	b005      	add	sp, #20
20000c32:	e8bd 83f0 	ldmia.w	sp!, {r4, r5, r6, r7, r8, r9, pc}
20000c36:	462a      	mov	r2, r5
20000c38:	f899 1001 	ldrb.w	r1, [r9, #1]
20000c3c:	f899 0000 	ldrb.w	r0, [r9]
20000c40:	f000 fa8e 	bl	20001160 <__tud_event_hook_cb_veneer>
20000c44:	b005      	add	sp, #20
20000c46:	e8bd 83f0 	ldmia.w	sp!, {r4, r5, r6, r7, r8, r9, pc}
20000c4a:	4a5d      	ldr	r2, [pc, #372]	@ (20000dc0 <dcd_event_handler+0x214>)
20000c4c:	7813      	ldrb	r3, [r2, #0]
20000c4e:	3301      	adds	r3, #1
20000c50:	b2db      	uxtb	r3, r3
20000c52:	7013      	strb	r3, [r2, #0]
20000c54:	e7c7      	b.n	20000be6 <dcd_event_handler+0x3a>
20000c56:	2400      	movs	r4, #0
20000c58:	4e5a      	ldr	r6, [pc, #360]	@ (20000dc4 <dcd_event_handler+0x218>)
20000c5a:	4623      	mov	r3, r4
20000c5c:	7831      	ldrb	r1, [r6, #0]
20000c5e:	f8df 816c 	ldr.w	r8, [pc, #364]	@ 20000dcc <dcd_event_handler+0x220>
20000c62:	4f59      	ldr	r7, [pc, #356]	@ (20000dc8 <dcd_event_handler+0x21c>)
20000c64:	e011      	b.n	20000c8a <dcd_event_handler+0xde>
20000c66:	683b      	ldr	r3, [r7, #0]
20000c68:	eb13 1344 	adds.w	r3, r3, r4, lsl #5
20000c6c:	d007      	beq.n	20000c7e <dcd_event_handler+0xd2>
20000c6e:	69db      	ldr	r3, [r3, #28]
20000c70:	b12b      	cbz	r3, 20000c7e <dcd_event_handler+0xd2>
20000c72:	f8d9 1004 	ldr.w	r1, [r9, #4]
20000c76:	f899 0000 	ldrb.w	r0, [r9]
20000c7a:	4798      	blx	r3
20000c7c:	7831      	ldrb	r1, [r6, #0]
20000c7e:	3401      	adds	r4, #1
20000c80:	b2e4      	uxtb	r4, r4
20000c82:	1c4a      	adds	r2, r1, #1
20000c84:	42a2      	cmp	r2, r4
20000c86:	4623      	mov	r3, r4
20000c88:	db17      	blt.n	20000cba <dcd_event_handler+0x10e>
20000c8a:	42a1      	cmp	r1, r4
20000c8c:	d8eb      	bhi.n	20000c66 <dcd_event_handler+0xba>
20000c8e:	1a5b      	subs	r3, r3, r1
20000c90:	eb08 1343 	add.w	r3, r8, r3, lsl #5
20000c94:	e7eb      	b.n	20000c6e <dcd_event_handler+0xc2>
20000c96:	4b48      	ldr	r3, [pc, #288]	@ (20000db8 <dcd_event_handler+0x20c>)
20000c98:	781a      	ldrb	r2, [r3, #0]
20000c9a:	07d6      	lsls	r6, r2, #31
20000c9c:	d5d2      	bpl.n	20000c44 <dcd_event_handler+0x98>
20000c9e:	781a      	ldrb	r2, [r3, #0]
20000ca0:	f042 0204 	orr.w	r2, r2, #4
20000ca4:	701a      	strb	r2, [r3, #0]
20000ca6:	e79e      	b.n	20000be6 <dcd_event_handler+0x3a>
20000ca8:	4b43      	ldr	r3, [pc, #268]	@ (20000db8 <dcd_event_handler+0x20c>)
20000caa:	781a      	ldrb	r2, [r3, #0]
20000cac:	07d4      	lsls	r4, r2, #31
20000cae:	d5c9      	bpl.n	20000c44 <dcd_event_handler+0x98>
20000cb0:	781a      	ldrb	r2, [r3, #0]
20000cb2:	f022 0204 	bic.w	r2, r2, #4
20000cb6:	701a      	strb	r2, [r3, #0]
20000cb8:	e795      	b.n	20000be6 <dcd_event_handler+0x3a>
20000cba:	4c3f      	ldr	r4, [pc, #252]	@ (20000db8 <dcd_event_handler+0x20c>)
20000cbc:	7823      	ldrb	r3, [r4, #0]
20000cbe:	0758      	lsls	r0, r3, #29
20000cc0:	d43a      	bmi.n	20000d38 <dcd_event_handler+0x18c>
20000cc2:	78e3      	ldrb	r3, [r4, #3]
20000cc4:	07da      	lsls	r2, r3, #31
20000cc6:	d5bd      	bpl.n	20000c44 <dcd_event_handler+0x98>
20000cc8:	2303      	movs	r3, #3
20000cca:	2600      	movs	r6, #0
20000ccc:	4a3b      	ldr	r2, [pc, #236]	@ (20000dbc <dcd_event_handler+0x210>)
20000cce:	f899 1000 	ldrb.w	r1, [r9]
20000cd2:	6814      	ldr	r4, [r2, #0]
20000cd4:	f8d9 2004 	ldr.w	r2, [r9, #4]
20000cd8:	f88d 1004 	strb.w	r1, [sp, #4]
20000cdc:	f88d 3005 	strb.w	r3, [sp, #5]
20000ce0:	6963      	ldr	r3, [r4, #20]
20000ce2:	f8cd 6006 	str.w	r6, [sp, #6]
20000ce6:	f8cd 600a 	str.w	r6, [sp, #10]
20000cea:	f8ad 600e 	strh.w	r6, [sp, #14]
20000cee:	9202      	str	r2, [sp, #8]
20000cf0:	f3ef 8210 	mrs	r2, PRIMASK
20000cf4:	b672      	cpsid	i
20000cf6:	e8d3 0fcf 	ldaexb	r0, [r3]
20000cfa:	2101      	movs	r1, #1
20000cfc:	2800      	cmp	r0, #0
20000cfe:	d1fa      	bne.n	20000cf6 <dcd_event_handler+0x14a>
20000d00:	e8c3 1f40 	strexb	r0, r1, [r3]
20000d04:	2800      	cmp	r0, #0
20000d06:	d1f6      	bne.n	20000cf6 <dcd_event_handler+0x14a>
20000d08:	f3bf 8f5f 	dmb	sy
20000d0c:	4620      	mov	r0, r4
20000d0e:	61a2      	str	r2, [r4, #24]
20000d10:	a901      	add	r1, sp, #4
20000d12:	f000 fa21 	bl	20001158 <__tu_fifo_write_veneer>
20000d16:	6963      	ldr	r3, [r4, #20]
20000d18:	e8c3 6f8f 	stlb	r6, [r3]
20000d1c:	69a3      	ldr	r3, [r4, #24]
20000d1e:	f383 8810 	msr	PRIMASK, r3
20000d22:	2800      	cmp	r0, #0
20000d24:	f43f af7d 	beq.w	20000c22 <dcd_event_handler+0x76>
20000d28:	462a      	mov	r2, r5
20000d2a:	f89d 1005 	ldrb.w	r1, [sp, #5]
20000d2e:	f89d 0004 	ldrb.w	r0, [sp, #4]
20000d32:	f000 fa15 	bl	20001160 <__tud_event_hook_cb_veneer>
20000d36:	e785      	b.n	20000c44 <dcd_event_handler+0x98>
20000d38:	7823      	ldrb	r3, [r4, #0]
20000d3a:	2700      	movs	r7, #0
20000d3c:	f023 0304 	bic.w	r3, r3, #4
20000d40:	7023      	strb	r3, [r4, #0]
20000d42:	2305      	movs	r3, #5
20000d44:	4a1d      	ldr	r2, [pc, #116]	@ (20000dbc <dcd_event_handler+0x210>)
20000d46:	f88d 3005 	strb.w	r3, [sp, #5]
20000d4a:	6816      	ldr	r6, [r2, #0]
20000d4c:	f899 2000 	ldrb.w	r2, [r9]
20000d50:	f8ad 700e 	strh.w	r7, [sp, #14]
20000d54:	f88d 2004 	strb.w	r2, [sp, #4]
20000d58:	6973      	ldr	r3, [r6, #20]
20000d5a:	f8cd 7006 	str.w	r7, [sp, #6]
20000d5e:	f8cd 700a 	str.w	r7, [sp, #10]
20000d62:	f3ef 8210 	mrs	r2, PRIMASK
20000d66:	b672      	cpsid	i
20000d68:	e8d3 0fcf 	ldaexb	r0, [r3]
20000d6c:	2101      	movs	r1, #1
20000d6e:	2800      	cmp	r0, #0
20000d70:	d1fa      	bne.n	20000d68 <dcd_event_handler+0x1bc>
20000d72:	e8c3 1f40 	strexb	r0, r1, [r3]
20000d76:	2800      	cmp	r0, #0
20000d78:	d1f6      	bne.n	20000d68 <dcd_event_handler+0x1bc>
20000d7a:	f3bf 8f5f 	dmb	sy
20000d7e:	4630      	mov	r0, r6
20000d80:	61b2      	str	r2, [r6, #24]
20000d82:	a901      	add	r1, sp, #4
20000d84:	f000 f9e8 	bl	20001158 <__tu_fifo_write_veneer>
20000d88:	6973      	ldr	r3, [r6, #20]
20000d8a:	e8c3 7f8f 	stlb	r7, [r3]
20000d8e:	69b3      	ldr	r3, [r6, #24]
20000d90:	f383 8810 	msr	PRIMASK, r3
20000d94:	b938      	cbnz	r0, 20000da6 <dcd_event_handler+0x1fa>
20000d96:	f04f 23e0 	mov.w	r3, #3758153728	@ 0xe000e000
20000d9a:	f8d3 3df0 	ldr.w	r3, [r3, #3568]	@ 0xdf0
20000d9e:	07d9      	lsls	r1, r3, #31
20000da0:	d58f      	bpl.n	20000cc2 <dcd_event_handler+0x116>
20000da2:	be00      	bkpt	0x0000
20000da4:	e78d      	b.n	20000cc2 <dcd_event_handler+0x116>
20000da6:	462a      	mov	r2, r5
20000da8:	f89d 1005 	ldrb.w	r1, [sp, #5]
20000dac:	f89d 0004 	ldrb.w	r0, [sp, #4]
20000db0:	f000 f9d6 	bl	20001160 <__tud_event_hook_cb_veneer>
20000db4:	e785      	b.n	20000cc2 <dcd_event_handler+0x116>
20000db6:	bf00      	nop
20000db8:	20001c98 	.word	0x20001c98
20000dbc:	20001cf0 	.word	0x20001cf0
20000dc0:	200026d2 	.word	0x200026d2
20000dc4:	200026d0 	.word	0x200026d0
20000dc8:	20001ac8 	.word	0x20001ac8
20000dcc:	1000935c 	.word	0x1000935c

20000dd0 <__aeabi_uldivmod>:
20000dd0:	b953      	cbnz	r3, 20000de8 <__aeabi_uldivmod+0x18>
20000dd2:	b94a      	cbnz	r2, 20000de8 <__aeabi_uldivmod+0x18>
20000dd4:	2900      	cmp	r1, #0
20000dd6:	bf08      	it	eq
20000dd8:	2800      	cmpeq	r0, #0
20000dda:	bf1c      	itt	ne
20000ddc:	f04f 31ff 	movne.w	r1, #4294967295
20000de0:	f04f 30ff 	movne.w	r0, #4294967295
20000de4:	f000 b9b2 	b.w	2000114c <__aeabi_idiv0>
20000de8:	f1ad 0c08 	sub.w	ip, sp, #8
20000dec:	e96d ce04 	strd	ip, lr, [sp, #-16]!
20000df0:	f000 f806 	bl	20000e00 <__udivmoddi4>
20000df4:	f8dd e004 	ldr.w	lr, [sp, #4]
20000df8:	e9dd 2302 	ldrd	r2, r3, [sp, #8]
20000dfc:	b004      	add	sp, #16
20000dfe:	4770      	bx	lr

20000e00 <__udivmoddi4>:
20000e00:	e92d 4ff0 	stmdb	sp!, {r4, r5, r6, r7, r8, r9, sl, fp, lr}
20000e04:	468c      	mov	ip, r1
20000e06:	9e09      	ldr	r6, [sp, #36]	@ 0x24
20000e08:	4604      	mov	r4, r0
20000e0a:	460f      	mov	r7, r1
20000e0c:	2b00      	cmp	r3, #0
20000e0e:	d148      	bne.n	20000ea2 <__udivmoddi4+0xa2>
20000e10:	428a      	cmp	r2, r1
20000e12:	4615      	mov	r5, r2
20000e14:	d95e      	bls.n	20000ed4 <__udivmoddi4+0xd4>
20000e16:	fab2 f382 	clz	r3, r2
20000e1a:	b13b      	cbz	r3, 20000e2c <__udivmoddi4+0x2c>
20000e1c:	f1c3 0220 	rsb	r2, r3, #32
20000e20:	409f      	lsls	r7, r3
20000e22:	409d      	lsls	r5, r3
20000e24:	409c      	lsls	r4, r3
20000e26:	fa20 f202 	lsr.w	r2, r0, r2
20000e2a:	4317      	orrs	r7, r2
20000e2c:	ea4f 4e15 	mov.w	lr, r5, lsr #16
20000e30:	fa1f fc85 	uxth.w	ip, r5
20000e34:	0c22      	lsrs	r2, r4, #16
20000e36:	fbb7 f1fe 	udiv	r1, r7, lr
20000e3a:	fb0e 7711 	mls	r7, lr, r1, r7
20000e3e:	fb01 f00c 	mul.w	r0, r1, ip
20000e42:	ea42 4207 	orr.w	r2, r2, r7, lsl #16
20000e46:	4290      	cmp	r0, r2
20000e48:	d907      	bls.n	20000e5a <__udivmoddi4+0x5a>
20000e4a:	18aa      	adds	r2, r5, r2
20000e4c:	f101 37ff 	add.w	r7, r1, #4294967295
20000e50:	d202      	bcs.n	20000e58 <__udivmoddi4+0x58>
20000e52:	4290      	cmp	r0, r2
20000e54:	f200 8158 	bhi.w	20001108 <__udivmoddi4+0x308>
20000e58:	4639      	mov	r1, r7
20000e5a:	1a12      	subs	r2, r2, r0
20000e5c:	b2a4      	uxth	r4, r4
20000e5e:	fbb2 f0fe 	udiv	r0, r2, lr
20000e62:	fb0e 2210 	mls	r2, lr, r0, r2
20000e66:	fb00 fc0c 	mul.w	ip, r0, ip
20000e6a:	ea44 4402 	orr.w	r4, r4, r2, lsl #16
20000e6e:	45a4      	cmp	ip, r4
20000e70:	d90b      	bls.n	20000e8a <__udivmoddi4+0x8a>
20000e72:	192c      	adds	r4, r5, r4
20000e74:	f100 32ff 	add.w	r2, r0, #4294967295
20000e78:	bf2c      	ite	cs
20000e7a:	2701      	movcs	r7, #1
20000e7c:	2700      	movcc	r7, #0
20000e7e:	45a4      	cmp	ip, r4
20000e80:	d902      	bls.n	20000e88 <__udivmoddi4+0x88>
20000e82:	2f00      	cmp	r7, #0
20000e84:	f000 8143 	beq.w	2000110e <__udivmoddi4+0x30e>
20000e88:	4610      	mov	r0, r2
20000e8a:	ea40 4001 	orr.w	r0, r0, r1, lsl #16
20000e8e:	eba4 040c 	sub.w	r4, r4, ip
20000e92:	2100      	movs	r1, #0
20000e94:	b11e      	cbz	r6, 20000e9e <__udivmoddi4+0x9e>
20000e96:	40dc      	lsrs	r4, r3
20000e98:	2300      	movs	r3, #0
20000e9a:	e9c6 4300 	strd	r4, r3, [r6]
20000e9e:	e8bd 8ff0 	ldmia.w	sp!, {r4, r5, r6, r7, r8, r9, sl, fp, pc}
20000ea2:	428b      	cmp	r3, r1
20000ea4:	d906      	bls.n	20000eb4 <__udivmoddi4+0xb4>
20000ea6:	b10e      	cbz	r6, 20000eac <__udivmoddi4+0xac>
20000ea8:	e9c6 0100 	strd	r0, r1, [r6]
20000eac:	2100      	movs	r1, #0
20000eae:	4608      	mov	r0, r1
20000eb0:	e8bd 8ff0 	ldmia.w	sp!, {r4, r5, r6, r7, r8, r9, sl, fp, pc}
20000eb4:	fab3 f183 	clz	r1, r3
20000eb8:	2900      	cmp	r1, #0
20000eba:	d151      	bne.n	20000f60 <__udivmoddi4+0x160>
20000ebc:	4563      	cmp	r3, ip
20000ebe:	f0c0 8116 	bcc.w	200010ee <__udivmoddi4+0x2ee>
20000ec2:	4282      	cmp	r2, r0
20000ec4:	f240 8113 	bls.w	200010ee <__udivmoddi4+0x2ee>
20000ec8:	4608      	mov	r0, r1
20000eca:	2e00      	cmp	r6, #0
20000ecc:	d0e7      	beq.n	20000e9e <__udivmoddi4+0x9e>
20000ece:	e9c6 4700 	strd	r4, r7, [r6]
20000ed2:	e7e4      	b.n	20000e9e <__udivmoddi4+0x9e>
20000ed4:	2a00      	cmp	r2, #0
20000ed6:	f000 80af 	beq.w	20001038 <__udivmoddi4+0x238>
20000eda:	fab2 f382 	clz	r3, r2
20000ede:	2b00      	cmp	r3, #0
20000ee0:	f040 80c2 	bne.w	20001068 <__udivmoddi4+0x268>
20000ee4:	1a8a      	subs	r2, r1, r2
20000ee6:	ea4f 4e15 	mov.w	lr, r5, lsr #16
20000eea:	b2af      	uxth	r7, r5
20000eec:	2101      	movs	r1, #1
20000eee:	0c20      	lsrs	r0, r4, #16
20000ef0:	fbb2 fcfe 	udiv	ip, r2, lr
20000ef4:	fb0e 221c 	mls	r2, lr, ip, r2
20000ef8:	ea40 4202 	orr.w	r2, r0, r2, lsl #16
20000efc:	fb07 f00c 	mul.w	r0, r7, ip
20000f00:	4290      	cmp	r0, r2
20000f02:	d90e      	bls.n	20000f22 <__udivmoddi4+0x122>
20000f04:	18aa      	adds	r2, r5, r2
20000f06:	f10c 38ff 	add.w	r8, ip, #4294967295
20000f0a:	bf2c      	ite	cs
20000f0c:	f04f 0901 	movcs.w	r9, #1
20000f10:	f04f 0900 	movcc.w	r9, #0
20000f14:	4290      	cmp	r0, r2
20000f16:	d903      	bls.n	20000f20 <__udivmoddi4+0x120>
20000f18:	f1b9 0f00 	cmp.w	r9, #0
20000f1c:	f000 80f0 	beq.w	20001100 <__udivmoddi4+0x300>
20000f20:	46c4      	mov	ip, r8
20000f22:	1a12      	subs	r2, r2, r0
20000f24:	b2a4      	uxth	r4, r4
20000f26:	fbb2 f0fe 	udiv	r0, r2, lr
20000f2a:	fb0e 2210 	mls	r2, lr, r0, r2
20000f2e:	fb00 f707 	mul.w	r7, r0, r7
20000f32:	ea44 4402 	orr.w	r4, r4, r2, lsl #16
20000f36:	42a7      	cmp	r7, r4
20000f38:	d90e      	bls.n	20000f58 <__udivmoddi4+0x158>
20000f3a:	192c      	adds	r4, r5, r4
20000f3c:	f100 32ff 	add.w	r2, r0, #4294967295
20000f40:	bf2c      	ite	cs
20000f42:	f04f 0e01 	movcs.w	lr, #1
20000f46:	f04f 0e00 	movcc.w	lr, #0
20000f4a:	42a7      	cmp	r7, r4
20000f4c:	d903      	bls.n	20000f56 <__udivmoddi4+0x156>
20000f4e:	f1be 0f00 	cmp.w	lr, #0
20000f52:	f000 80d2 	beq.w	200010fa <__udivmoddi4+0x2fa>
20000f56:	4610      	mov	r0, r2
20000f58:	1be4      	subs	r4, r4, r7
20000f5a:	ea40 400c 	orr.w	r0, r0, ip, lsl #16
20000f5e:	e799      	b.n	20000e94 <__udivmoddi4+0x94>
20000f60:	f1c1 0520 	rsb	r5, r1, #32
20000f64:	408b      	lsls	r3, r1
20000f66:	fa0c f401 	lsl.w	r4, ip, r1
20000f6a:	fa00 f901 	lsl.w	r9, r0, r1
20000f6e:	fa22 f705 	lsr.w	r7, r2, r5
20000f72:	fa2c fc05 	lsr.w	ip, ip, r5
20000f76:	408a      	lsls	r2, r1
20000f78:	431f      	orrs	r7, r3
20000f7a:	fa20 f305 	lsr.w	r3, r0, r5
20000f7e:	0c38      	lsrs	r0, r7, #16
20000f80:	4323      	orrs	r3, r4
20000f82:	fa1f fe87 	uxth.w	lr, r7
20000f86:	0c1c      	lsrs	r4, r3, #16
20000f88:	fbbc f8f0 	udiv	r8, ip, r0
20000f8c:	fb00 cc18 	mls	ip, r0, r8, ip
20000f90:	ea44 440c 	orr.w	r4, r4, ip, lsl #16
20000f94:	fb08 fc0e 	mul.w	ip, r8, lr
20000f98:	45a4      	cmp	ip, r4
20000f9a:	d90e      	bls.n	20000fba <__udivmoddi4+0x1ba>
20000f9c:	193c      	adds	r4, r7, r4
20000f9e:	f108 3aff 	add.w	sl, r8, #4294967295
20000fa2:	bf2c      	ite	cs
20000fa4:	f04f 0b01 	movcs.w	fp, #1
20000fa8:	f04f 0b00 	movcc.w	fp, #0
20000fac:	45a4      	cmp	ip, r4
20000fae:	d903      	bls.n	20000fb8 <__udivmoddi4+0x1b8>
20000fb0:	f1bb 0f00 	cmp.w	fp, #0
20000fb4:	f000 80b8 	beq.w	20001128 <__udivmoddi4+0x328>
20000fb8:	46d0      	mov	r8, sl
20000fba:	eba4 040c 	sub.w	r4, r4, ip
20000fbe:	fa1f fc83 	uxth.w	ip, r3
20000fc2:	fbb4 f3f0 	udiv	r3, r4, r0
20000fc6:	fb00 4413 	mls	r4, r0, r3, r4
20000fca:	fb03 fe0e 	mul.w	lr, r3, lr
20000fce:	ea4c 4404 	orr.w	r4, ip, r4, lsl #16
20000fd2:	45a6      	cmp	lr, r4
20000fd4:	d90e      	bls.n	20000ff4 <__udivmoddi4+0x1f4>
20000fd6:	193c      	adds	r4, r7, r4
20000fd8:	f103 30ff 	add.w	r0, r3, #4294967295
20000fdc:	bf2c      	ite	cs
20000fde:	f04f 0c01 	movcs.w	ip, #1
20000fe2:	f04f 0c00 	movcc.w	ip, #0
20000fe6:	45a6      	cmp	lr, r4
20000fe8:	d903      	bls.n	20000ff2 <__udivmoddi4+0x1f2>
20000fea:	f1bc 0f00 	cmp.w	ip, #0
20000fee:	f000 809f 	beq.w	20001130 <__udivmoddi4+0x330>
20000ff2:	4603      	mov	r3, r0
20000ff4:	ea43 4008 	orr.w	r0, r3, r8, lsl #16
20000ff8:	eba4 040e 	sub.w	r4, r4, lr
20000ffc:	fba0 ec02 	umull	lr, ip, r0, r2
20001000:	4564      	cmp	r4, ip
20001002:	4673      	mov	r3, lr
20001004:	46e0      	mov	r8, ip
20001006:	d302      	bcc.n	2000100e <__udivmoddi4+0x20e>
20001008:	d107      	bne.n	2000101a <__udivmoddi4+0x21a>
2000100a:	45f1      	cmp	r9, lr
2000100c:	d205      	bcs.n	2000101a <__udivmoddi4+0x21a>
2000100e:	ebbe 0302 	subs.w	r3, lr, r2
20001012:	eb6c 0c07 	sbc.w	ip, ip, r7
20001016:	3801      	subs	r0, #1
20001018:	46e0      	mov	r8, ip
2000101a:	b15e      	cbz	r6, 20001034 <__udivmoddi4+0x234>
2000101c:	ebb9 0203 	subs.w	r2, r9, r3
20001020:	eb64 0408 	sbc.w	r4, r4, r8
20001024:	fa04 f505 	lsl.w	r5, r4, r5
20001028:	fa22 f301 	lsr.w	r3, r2, r1
2000102c:	40cc      	lsrs	r4, r1
2000102e:	431d      	orrs	r5, r3
20001030:	e9c6 5400 	strd	r5, r4, [r6]
20001034:	2100      	movs	r1, #0
20001036:	e732      	b.n	20000e9e <__udivmoddi4+0x9e>
20001038:	0842      	lsrs	r2, r0, #1
2000103a:	462f      	mov	r7, r5
2000103c:	084b      	lsrs	r3, r1, #1
2000103e:	46ac      	mov	ip, r5
20001040:	ea42 72c1 	orr.w	r2, r2, r1, lsl #31
20001044:	46ae      	mov	lr, r5
20001046:	07c4      	lsls	r4, r0, #31
20001048:	0c11      	lsrs	r1, r2, #16
2000104a:	b292      	uxth	r2, r2
2000104c:	ea41 4103 	orr.w	r1, r1, r3, lsl #16
20001050:	ea42 4201 	orr.w	r2, r2, r1, lsl #16
20001054:	fbb1 f1f5 	udiv	r1, r1, r5
20001058:	fbb3 f0f5 	udiv	r0, r3, r5
2000105c:	231f      	movs	r3, #31
2000105e:	eba2 020c 	sub.w	r2, r2, ip
20001062:	ea41 4100 	orr.w	r1, r1, r0, lsl #16
20001066:	e742      	b.n	20000eee <__udivmoddi4+0xee>
20001068:	409d      	lsls	r5, r3
2000106a:	f1c3 0220 	rsb	r2, r3, #32
2000106e:	4099      	lsls	r1, r3
20001070:	409c      	lsls	r4, r3
20001072:	fa2c fc02 	lsr.w	ip, ip, r2
20001076:	ea4f 4e15 	mov.w	lr, r5, lsr #16
2000107a:	fa20 f202 	lsr.w	r2, r0, r2
2000107e:	b2af      	uxth	r7, r5
20001080:	fbbc f8fe 	udiv	r8, ip, lr
20001084:	430a      	orrs	r2, r1
20001086:	fb0e cc18 	mls	ip, lr, r8, ip
2000108a:	0c11      	lsrs	r1, r2, #16
2000108c:	ea41 410c 	orr.w	r1, r1, ip, lsl #16
20001090:	fb08 fc07 	mul.w	ip, r8, r7
20001094:	458c      	cmp	ip, r1
20001096:	d950      	bls.n	2000113a <__udivmoddi4+0x33a>
20001098:	1869      	adds	r1, r5, r1
2000109a:	f108 30ff 	add.w	r0, r8, #4294967295
2000109e:	bf2c      	ite	cs
200010a0:	f04f 0901 	movcs.w	r9, #1
200010a4:	f04f 0900 	movcc.w	r9, #0
200010a8:	458c      	cmp	ip, r1
200010aa:	d902      	bls.n	200010b2 <__udivmoddi4+0x2b2>
200010ac:	f1b9 0f00 	cmp.w	r9, #0
200010b0:	d030      	beq.n	20001114 <__udivmoddi4+0x314>
200010b2:	eba1 010c 	sub.w	r1, r1, ip
200010b6:	fbb1 f8fe 	udiv	r8, r1, lr
200010ba:	fb08 fc07 	mul.w	ip, r8, r7
200010be:	fb0e 1118 	mls	r1, lr, r8, r1
200010c2:	b292      	uxth	r2, r2
200010c4:	ea42 4201 	orr.w	r2, r2, r1, lsl #16
200010c8:	4562      	cmp	r2, ip
200010ca:	d234      	bcs.n	20001136 <__udivmoddi4+0x336>
200010cc:	18aa      	adds	r2, r5, r2
200010ce:	f108 31ff 	add.w	r1, r8, #4294967295
200010d2:	bf2c      	ite	cs
200010d4:	f04f 0901 	movcs.w	r9, #1
200010d8:	f04f 0900 	movcc.w	r9, #0
200010dc:	4562      	cmp	r2, ip
200010de:	d2be      	bcs.n	2000105e <__udivmoddi4+0x25e>
200010e0:	f1b9 0f00 	cmp.w	r9, #0
200010e4:	d1bb      	bne.n	2000105e <__udivmoddi4+0x25e>
200010e6:	f1a8 0102 	sub.w	r1, r8, #2
200010ea:	442a      	add	r2, r5
200010ec:	e7b7      	b.n	2000105e <__udivmoddi4+0x25e>
200010ee:	1a84      	subs	r4, r0, r2
200010f0:	eb6c 0203 	sbc.w	r2, ip, r3
200010f4:	2001      	movs	r0, #1
200010f6:	4617      	mov	r7, r2
200010f8:	e6e7      	b.n	20000eca <__udivmoddi4+0xca>
200010fa:	442c      	add	r4, r5
200010fc:	3802      	subs	r0, #2
200010fe:	e72b      	b.n	20000f58 <__udivmoddi4+0x158>
20001100:	f1ac 0c02 	sub.w	ip, ip, #2
20001104:	442a      	add	r2, r5
20001106:	e70c      	b.n	20000f22 <__udivmoddi4+0x122>
20001108:	3902      	subs	r1, #2
2000110a:	442a      	add	r2, r5
2000110c:	e6a5      	b.n	20000e5a <__udivmoddi4+0x5a>
2000110e:	442c      	add	r4, r5
20001110:	3802      	subs	r0, #2
20001112:	e6ba      	b.n	20000e8a <__udivmoddi4+0x8a>
20001114:	eba5 0c0c 	sub.w	ip, r5, ip
20001118:	f1a8 0002 	sub.w	r0, r8, #2
2000111c:	4461      	add	r1, ip
2000111e:	fbb1 f8fe 	udiv	r8, r1, lr
20001122:	fb08 fc07 	mul.w	ip, r8, r7
20001126:	e7ca      	b.n	200010be <__udivmoddi4+0x2be>
20001128:	f1a8 0802 	sub.w	r8, r8, #2
2000112c:	443c      	add	r4, r7
2000112e:	e744      	b.n	20000fba <__udivmoddi4+0x1ba>
20001130:	3b02      	subs	r3, #2
20001132:	443c      	add	r4, r7
20001134:	e75e      	b.n	20000ff4 <__udivmoddi4+0x1f4>
20001136:	4641      	mov	r1, r8
20001138:	e791      	b.n	2000105e <__udivmoddi4+0x25e>
2000113a:	eba1 010c 	sub.w	r1, r1, ip
2000113e:	4640      	mov	r0, r8
20001140:	fbb1 f8fe 	udiv	r8, r1, lr
20001144:	fb08 fc07 	mul.w	ip, r8, r7
20001148:	e7b9      	b.n	200010be <__udivmoddi4+0x2be>
2000114a:	bf00      	nop

2000114c <__aeabi_idiv0>:
2000114c:	4770      	bx	lr
2000114e:	bf00      	nop

20001150 <__memset_veneer>:
20001150:	f85f f000 	ldr.w	pc, [pc]	@ 20001154 <__memset_veneer+0x4>
20001154:	10008319 	.word	0x10008319

20001158 <__tu_fifo_write_veneer>:
20001158:	f85f f000 	ldr.w	pc, [pc]	@ 2000115c <__tu_fifo_write_veneer+0x4>
2000115c:	10005b99 	.word	0x10005b99

20001160 <__tud_event_hook_cb_veneer>:
20001160:	f85f f000 	ldr.w	pc, [pc]	@ 20001164 <__tud_event_hook_cb_veneer+0x4>
20001164:	100041c1 	.word	0x100041c1

20001168 <__best_effort_wfe_or_timeout_veneer>:
20001168:	f85f f000 	ldr.w	pc, [pc]	@ 2000116c <__best_effort_wfe_or_timeout_veneer+0x4>
2000116c:	10001305 	.word	0x10001305

20001170 <__time_us_64_veneer>:
20001170:	f85f f000 	ldr.w	pc, [pc]	@ 20001174 <__time_us_64_veneer+0x4>
20001174:	1000140d 	.word	0x1000140d

20001178 <__panic_veneer>:
20001178:	f85f f000 	ldr.w	pc, [pc]	@ 2000117c <__panic_veneer+0x4>
2000117c:	100005d5 	.word	0x100005d5

20001180 <striped_spin_lock_num>:
20001180:	00000010                                ....

20001184 <irq_handler_chain_slots>:
20001184:	00000000 	.word	0x00000000
20001188:	00010000 	.word	0x00010000
	...
20001194:	00020000 	.word	0x00020000
	...
200011a0:	00030000 	.word	0x00030000
	...
200011ac:	00ff0000 	.word	0x00ff0000
200011b0:	00000000 	.word	0x00000000

200011b4 <irq_handler_chain_first_slot>:
200011b4:	b501      	push	{r0, lr}
200011b6:	6848      	ldr	r0, [r1, #4]
200011b8:	3101      	adds	r1, #1
200011ba:	468e      	mov	lr, r1
200011bc:	4700      	bx	r0

200011be <irq_handler_chain_remove_tail>:
200011be:	4670      	mov	r0, lr
200011c0:	3809      	subs	r0, #9
200011c2:	4901      	ldr	r1, [pc, #4]	@ (200011c8 <irq_handler_chain_remove_tail+0xa>)
200011c4:	4788      	blx	r1
200011c6:	bd01      	pop	{r0, pc}
200011c8:	10000a49 	.word	0x10000a49

200011cc <default_alarm_pool>:
	...
200011e0:	20001780                                ... 

200011e4 <stdio_usb>:
200011e4:	1000396d 10003919 10003891 10003801     m9...9...8...8..
200011f4:	00000000 00000100                       ........

200011fc <_usbd_qdef>:
200011fc:	20001cf4 000c0010 00000000 00000000     ... ............
	...

20001218 <_usbd_rhport>:
20001218:	                                         .

20001219 <ucPrimaryCoreNum>:
20001219:	                                         ...

2000121c <ulCriticalNesting>:
2000121c:	aaaaaaaa                                ....

20001220 <__malloc_sbrk_base>:
20001220:	ffffffff                                ....

20001224 <__malloc_trim_threshold>:
20001224:	00020000                                ....

20001228 <__malloc_av_>:
	...
20001230:	20001228 20001228 20001230 20001230     (.. (.. 0.. 0.. 
20001240:	20001238 20001238 20001240 20001240     8.. 8.. @.. @.. 
20001250:	20001248 20001248 20001250 20001250     H.. H.. P.. P.. 
20001260:	20001258 20001258 20001260 20001260     X.. X.. `.. `.. 
20001270:	20001268 20001268 20001270 20001270     h.. h.. p.. p.. 
20001280:	20001278 20001278 20001280 20001280     x.. x.. ... ... 
20001290:	20001288 20001288 20001290 20001290     ... ... ... ... 
200012a0:	20001298 20001298 200012a0 200012a0     ... ... ... ... 
200012b0:	200012a8 200012a8 200012b0 200012b0     ... ... ... ... 
200012c0:	200012b8 200012b8 200012c0 200012c0     ... ... ... ... 
200012d0:	200012c8 200012c8 200012d0 200012d0     ... ... ... ... 
200012e0:	200012d8 200012d8 200012e0 200012e0     ... ... ... ... 
200012f0:	200012e8 200012e8 200012f0 200012f0     ... ... ... ... 
20001300:	200012f8 200012f8 20001300 20001300     ... ... ... ... 
20001310:	20001308 20001308 20001310 20001310     ... ... ... ... 
20001320:	20001318 20001318 20001320 20001320     ... ...  ..  .. 
20001330:	20001328 20001328 20001330 20001330     (.. (.. 0.. 0.. 
20001340:	20001338 20001338 20001340 20001340     8.. 8.. @.. @.. 
20001350:	20001348 20001348 20001350 20001350     H.. H.. P.. P.. 
20001360:	20001358 20001358 20001360 20001360     X.. X.. `.. `.. 
20001370:	20001368 20001368 20001370 20001370     h.. h.. p.. p.. 
20001380:	20001378 20001378 20001380 20001380     x.. x.. ... ... 
20001390:	20001388 20001388 20001390 20001390     ... ... ... ... 
200013a0:	20001398 20001398 200013a0 200013a0     ... ... ... ... 
200013b0:	200013a8 200013a8 200013b0 200013b0     ... ... ... ... 
200013c0:	200013b8 200013b8 200013c0 200013c0     ... ... ... ... 
200013d0:	200013c8 200013c8 200013d0 200013d0     ... ... ... ... 
200013e0:	200013d8 200013d8 200013e0 200013e0     ... ... ... ... 
200013f0:	200013e8 200013e8 200013f0 200013f0     ... ... ... ... 
20001400:	200013f8 200013f8 20001400 20001400     ... ... ... ... 
20001410:	20001408 20001408 20001410 20001410     ... ... ... ... 
20001420:	20001418 20001418 20001420 20001420     ... ...  ..  .. 
20001430:	20001428 20001428 20001430 20001430     (.. (.. 0.. 0.. 
20001440:	20001438 20001438 20001440 20001440     8.. 8.. @.. @.. 
20001450:	20001448 20001448 20001450 20001450     H.. H.. P.. P.. 
20001460:	20001458 20001458 20001460 20001460     X.. X.. `.. `.. 
20001470:	20001468 20001468 20001470 20001470     h.. h.. p.. p.. 
20001480:	20001478 20001478 20001480 20001480     x.. x.. ... ... 
20001490:	20001488 20001488 20001490 20001490     ... ... ... ... 
200014a0:	20001498 20001498 200014a0 200014a0     ... ... ... ... 
200014b0:	200014a8 200014a8 200014b0 200014b0     ... ... ... ... 
200014c0:	200014b8 200014b8 200014c0 200014c0     ... ... ... ... 
200014d0:	200014c8 200014c8 200014d0 200014d0     ... ... ... ... 
200014e0:	200014d8 200014d8 200014e0 200014e0     ... ... ... ... 
200014f0:	200014e8 200014e8 200014f0 200014f0     ... ... ... ... 
20001500:	200014f8 200014f8 20001500 20001500     ... ... ... ... 
20001510:	20001508 20001508 20001510 20001510     ... ... ... ... 
20001520:	20001518 20001518 20001520 20001520     ... ...  ..  .. 
20001530:	20001528 20001528 20001530 20001530     (.. (.. 0.. 0.. 
20001540:	20001538 20001538 20001540 20001540     8.. 8.. @.. @.. 
20001550:	20001548 20001548 20001550 20001550     H.. H.. P.. P.. 
20001560:	20001558 20001558 20001560 20001560     X.. X.. `.. `.. 
20001570:	20001568 20001568 20001570 20001570     h.. h.. p.. p.. 
20001580:	20001578 20001578 20001580 20001580     x.. x.. ... ... 
20001590:	20001588 20001588 20001590 20001590     ... ... ... ... 
200015a0:	20001598 20001598 200015a0 200015a0     ... ... ... ... 
200015b0:	200015a8 200015a8 200015b0 200015b0     ... ... ... ... 
200015c0:	200015b8 200015b8 200015c0 200015c0     ... ... ... ... 
200015d0:	200015c8 200015c8 200015d0 200015d0     ... ... ... ... 
200015e0:	200015d8 200015d8 200015e0 200015e0     ... ... ... ... 
200015f0:	200015e8 200015e8 200015f0 200015f0     ... ... ... ... 
20001600:	200015f8 200015f8 20001600 20001600     ... ... ... ... 
20001610:	20001608 20001608 20001610 20001610     ... ... ... ... 
20001620:	20001618 20001618 20001620 20001620     ... ...  ..  .. 

20001630 <_impure_ptr>:
20001630:	20001638 00000000                       8.. ....

20001638 <_impure_data>:
20001638:	00000000 20001990 200019f8 20001a60     ....... ... `.. 
	...
200016d0:	00000001 00000000 abcd330e e66d1234     .........3..4.m.
200016e0:	0005deec 0000000b 00000000 00000000     ................
	...

20001778 <print_mutex>:
	...
