:020000041000EA
:10000000002008205D0100101301001015010010F0
:100010001101001011010010110100101101001058
:10002000110100101101001011010010F9830010DE
:10003000110100101101001079830010D58000100B
:100040001D0100101D0100101D0100101D010010F8
:100050001D0100101D0100101D0100101D010010E8
:100060001D0100101D0100101D0100101D010010D8
:100070001D0100101D0100101D0100101D010010C8
:100080001D0100101D0100101D0100101D010010B8
:100090001D0100101D0100101D0100101D010010A8
:1000A0001D0100101D0100101D0100101D01001098
:1000B0001D0100101D0100101D0100101D01001088
:1000C0001D0100101D0100101D0100101D01001078
:1000D0001D0100101D0100101D0100101D01001068
:1000E0001D0100101D0100101D0100101D01001058
:1000F0001D0100101D0100101D0100101D01001048
:100100001D0100101D0100101D0100101D01001037
:1001100000BE00BE00BE00BE00BE00BEEFF3058004
:10012000103800BEF2EB88717097001094970010A1
:10013000A801001090A31AE7D3DEFFFF42012110AF
:10014000FF0100005CB00000793512AB4FF00000F9
:100150002049086006C881F3088810474FF05040D6
:10016000006810B14FF00000F2E70FA40ECC002998
:1001700002D000F015F8F9E71749184A002000E00E
:1001800001C19142FCD1002080F30A8814498847BC
:10019000144988471449884700BEFDE701C901C2D8
:1001A0009A42FBD3704700BF9497001010010020C3
:1001B000101B002094B1001000000820000008204F
:1001C00094B100100010082000100820000000006A
:1001D0007047000008ED00E0101B0020B02A00204E
:1001E0004D3900102D04001045390010F8B500BF3E
:1001F000064B0749C91A891048BF0131491003D07D
:10020000044B0BB101481847704700BF101B00207A
:10021000101B00200000000008B5054B1BB105496C
:100220000548AFF30080BDE80840FFF7E1BF00BF1D
:1002300000000000A42800207C9200102DE9F84F57
:100240004FF0000A2DED028B4FF0000B214DDFF82F
:100250009880DFF898900021286806F06DFC01284E
:1002600004462BD1D8E9006739463046C8E900ABCF
:1002700001F080FFD9ED007A07EE100A87EE278A99
:100280000021204608F010FA32463B461249134836
:1002900003F012FB114808F01FFA0021022008F0B9
:1002A00003FA18EE100A08F09FFF02460B460C48AE
:1002B0000C4903F001FB0A4808F00EFA00232868F5
:1002C0001A46194606F080F942F2107007F028FA33
:1002D000C1E700BF682A0020809200109429002006
:1002E000A82900208C920010101B0020F814002078
:1002F00008B51E491E4806F0C1F80321022000F08F
:10030000B5F90321084600F0B1F9002201210220CD
:1003100000F0CAF900220121032000F0C5F92721CD
:10032000134808F0E5F908F0BBF9124808F0D4F9D1
:100330000221012008F0B8F90F4808F0CDF908F0C3
:10034000AFF90E4808F0C8F941F2883007F0E8F933
:1003500008F0A6F90021084608F0A6F9084808F0B8
:10036000BBF9BDE80840002007F054B8A0860100A2
:1003700098150020A0920010A8920010B8920010CA
:10038000C49200100F2800D070470B07FCD510B4A2
:10039000054CD4E90023501C43F10001C4E90001DD
:1003A0005DF8044B704700BF101B002010B51848C3
:1003B00003F008FC174B0620198808F081F80F207D
:1003C00000F0DAF90F204FF0000343EC4400124B29
:1003D0000122082100F07CF900220821012006F00A
:1003E000B7F803460D4C0120236006F02DFA0C4AA5
:1003F0002368106043B138B10A4803F0E3FBBDE85D
:100400001040002007F006B8074803F0DBFBFEE7CA
:10041000D4920010FC14002085030010E428002072
:10042000682A00200C930010F092001000B583B0F1
:1004300003F084FB00244FF0020C4FF4807223463B
:10044000CDE900C40E490F4806F062FF4FF0030CDF
:100450004FF480722346CDE900C40B490B4806F0E7
:1004600057FF4FF0010C4FF480722346CDE900C4D2
:100470000749084806F04CFF07F02AF8FEE700BFDE
:1004800038930010AD03001040930010F1020010EB
:10049000449300103D0200104FF050422DE9F84FF8
:1004A0006D4BD2F800A053F82A70BAF1000F2CD08F
:1004B000DFF8B0816FB30026DFF8A0B1DFF8A091BC
:1004C000F3080C3358F8235034460836CDB105F004
:1004D0000F0120462D09013489B15BF82A2000F074
:1004E0000703C2404FEAD00C9B00D20701FA03F386
:1004F0000CF18C0C02D449F82C30B8470DB1B44241
:10050000E5D3202EDCD1BDE8F88FDFF85C81002F29
:10051000D1D15248F90801F10C0358F82330002BCF
:100520007BD013F00F054FEA13120AD050F82A407F
:10053000FC40E60703D44A4C8C3144F82150002A91
:100540006BD012F00F024FEA13210DD050F82A4061
:100550007D1CEC40E40705D4EC08414D12018C34BD
:1005600045F82420002958D011F00F014FEA13322A
:1005700007D050F82A40BD1CEC40E60757D5002AAA
:100580004BD012F00F024FEA134107D050F82A4027
:10059000FD1CEC40E40751D500293ED011F00F01BD
:1005A0004FEA135207D02D4C54F82A503C1DE54019
:1005B000EE074AD58AB312F00F024FEA13610DD04D
:1005C000264C54F82A507C1DE540ED0705D4244DF7
:1005D000E40812058C3445F82420F1B111F00F0124
:1005E0004FEA13731FD01D4CBD1D54F82A20EA405A
:1005F000D60705D4EA081A4D09068C3245F82210B0
:100600005BB154F82A10FA1DD140C90705D414492A
:10061000D2081B078C3241F822300837202F7FF494
:1006200079AFBDE8F88F002BF7D00C4CE9E7EC0868
:100630000B4D09028C3445F82410A0E7EC08084D56
:1006400012038C3445F82420A6E7054DE40809047C
:100650008C3445F82410ADE71824002078290020B8
:1006600000800240908202404882024010B44FF461
:1006700080740C4B53F8202003EB8003C00082F001
:10068000400200F1804003F5805C02F0C00200F5FA
:10069000203003F54053CCF8002041601C605DF829
:1006A000044B70470480034010B4084CC90041EA71
:1006B000820154F8202004EB8003514003F580535D
:1006C00001F00C015DF8044B196070470480034091
:1006D0002DE9F0434FF050491F46DFF89880D9F8D4
:1006E0000030164658F8232004460D4683B032B336
:1006F00087B348F823704FF050431B68BBB1194BC8
:10070000E10804F00704184AA40005FA04F403EB16
:1007100081038C3142F821405EB10121152003F59F
:1007200000531C6003B0BDE8F04300F01DB90F4B4F
:10073000E6E703F540531C6003B0BDE8F083002FEB
:10074000DCD015200A4948F8237000F07FF9D9F869
:100750000030D3E715200649019300F06BFA019BA6
:10076000C7E700BF908202400080024048820240FA
:10077000990400101824002030B44FF0000343EC1B
:10078000440043EC400005254FF480740B4BC2003D
:1007900053F8201003EB800081F0400102F1804308
:1007A00003F5203301F0C00200F5805100F5405000
:1007B0000A605D60046030BC704700BF0480034085
:1007C0000FB400B583B0049C074803F0FBF93CB1BB
:1007D00005A92046019103F085F8044803F0F2F9D9
:1007E000012003F097F800BF5493001064930010A9
:1007F00070B58646EFF3108572B6124CD4E8CF6F11
:100800000120002EFAD1C4E8460F002EF6D1BFF326
:100810005F8F4FF0010CC80801F007030CFA03F3D7
:100820001EF800C01CEA030608D14CEA030C0EF8BF
:1008300000C0C4E88F6F85F3108870BD1046FFF7C5
:10084000BFFF00BF0F200020F8B5EFF3108772B68E
:100850001C4ED6E8CF5F0124002DFAD1C6E8454FE3
:10086000002DF6D1BFF35F8F9A421BD8012502E01D
:100870000132934222D3D40810F804E002F0070CAE
:1008800005FA0CFC1EEA0C0FF2D14EEA0C0E00F831
:1008900004E010460023C6E88F3F87F31088984293
:1008A00007DBF8BD0023C6E88F3F87F310884FF0C1
:1008B000FF300029F5D00698FFF782FF4FF0FF3098
:1008C000E8E700BF0F200020044A1078431CDBB289
:1008D000182B28BF10231370704700BFFE14002090
:1008E00010B5054C82B001461F231822009403481E
:1008F000FFF7AAFF02B010BD689300102824002063
:100900004FF0E022936843F000539360704700BFBC
:100910000021044B03F12002C3E88F1F01339342EF
:10092000FAD17047042000204FF0E0234FF08032CE
:10093000C3F80024C3F80424C3F80824C3F80C2423
:10094000C3F81024C3F81424C3F81824C3F81C24D3
:10095000C3F82024C3F82424C3F82824C3F82C2483
:10096000C3F83024704700BF012300F01F029340FA
:10097000400941B1800000F1604000F56140C0F8DD
:10098000803103607047024A203042F820307047BF
:1009900000E100E00123064A410952F8212000F05D
:1009A0001F0003FA00F01040003818BF0120704704
:1009B00000E100E001224309034900F01F008240EA
:1009C000403341F82320704700E100E0054A103031
:1009D0009268054B52F82000C01A2F288CBF0020C7
:1009E0000120704700ED00E000150020F8B50D462D
:1009F000EFF3108772B6124ED6E8CF2F0123002AEC
:100A0000FAD1C6E8423F002AF6D1BFF35F8F0D4B03
:100A100000F110049B680C4A53F82430934203D031
:100A2000994201D001F098F8064B9B6843F8245096
:100A3000BFF35F8F0023C6E88F3F87F31088F8BDB0
:100A40000D20002000ED00E01D0100102DE9F04F09
:100A500081468B46164683B0EFF3108372B6DFF8FB
:100A6000D0A10093DAE8CF1F01230029FAD1CAE808
:100A7000413F0029F6D1BFF35F8F664B93F90040E9
:100A8000002CC0F2A080644D04EB440705EB8708FE
:100A900098F8061009F110091970604BBF009B68A7
:100AA00053F829006300411B2F292FD95C49884244
:100AB00040F0A4801C445B4B02372F44043BDB1BFB
:100AC000C3F34A036FEAC3434FF421416FEAD343B0
:100AD00025F8241005EB840463804BF60153A380B2
:100AE000FF2348F00100E671C4F808B0A3714B4B36
:100AF0009B6843F82900BFF35F8F0023CAE88F3F4C
:100B0000009B83F3108803B0BDE8F08F20F0010E46
:100B10009EF80710B1422ED84FF42143EB53414BBE
:100B2000B91C2944043B04375B1A2F44AEF104017D
:100B3000C91BC1F34A043C49C3F34A030B43214395
:100B4000A8F804103949A8F802304AF6AA207346DA
:100B50005B1B5B415843000D88F8076088F806006E
:100B6000C8F808B048F00100CEF80010BFE7D1790E
:100B7000B1422ED996469EF906C00CEB4C02BCF150
:100B8000000F05EB8202F2DA4BF601510EF104027E
:100B9000A8F10407BF1AC7F34A076FEAC7476FEA0D
:100BA000D7478EF8064003EB0408204C05EB88037A
:100BB000AEF8047045F82840998083F806C0DE71CD
:100BC000C3F808B093E700F0C7FF124B93F9004059
:100BD00059E7724632F8041F490514D44915023109
:100BE00002EB410101916FF00701C91B019F491BF5
:100BF0003944C1F34A0141F46041C9E7019300F06F
:100C0000ABFF019B56E701F5FF1101F5FF511F31C5
:100C1000E4E700BFA82A00200015002000ED00E056
:100C20001D0100103015002000E0FFFF0148804743
:100C30000D2000202DE9F04F83B0EFF3108A72B63B
:100C4000714ED6E8CF2F0123002AFAD1C6E8423FE1
:100C5000002AF6D1BFF35F8F6C4B00F110089B6840
:100C60006B4A53F82850954245D08D420C4650D0DF
:100C7000684FEB1B2F2B3ED801214FEA50194FEA4A
:100C8000890909F1604909F5614900F01F0301FA7A
:100C900003F0D9F80030C9F8800000EA030BBFF375
:100CA0005F8FEFF30581C9B2002934D0884505D0A4
:100CB000CDE9001000F050FFDDE9001025F0010E35
:100CC000DEF808C0644505D189E0D3F808C0644562
:100CD00031D09E469EF9062002EB4203002A07EB24
:100CE0008303F2DA644561D0BBF1000F20D0C9F86C
:100CF0008001C9F80000454B9B6843F82850BFF3BA
:100D00005F8F0023C6E88F3F8AF3108803B0BDE8E9
:100D1000F08F1546EFE725F0010EDEF808C06445B8
:100D2000D8D19EF906407346002C08DA154646E0F5
:100D3000C9F88000DFE793F90640002C37DB04EBAD
:100D4000440C07EB8C0C9CF80710DCF80820D971D8
:100D50009A609CF906206100002A9A713DDBBCF87C
:100D600004E05FEA4E5E05D50EF5FF1E0EF5FF5E50
:100D70000EF11F0E6FF0070C0A194FEA6E5E92001B
:100D800002EB4E0208323A44ACEB030C6244C2F36D
:100D90004A026FEAC2426FEAD2429A801E4B214455
:100DA0001A7807EB81011C708A719DE77346D9B9E7
:100DB000FF228EF806204BF60152AEF80420164CA6
:100DC0004AF6AA2294F800C01946C91B49414A4371
:100DD000120D83F806C0227086E7104ADDE79EF9FF
:100DE00006407346002CAADA0D4A0E4CD21A083A75
:100DF000C2F30A316FEA01516FEA115144EA52021B
:100E0000DA80998070E700BF0D20002000ED00E03F
:100E10001D01001000150020A82A002001BDFFFFC1
:100E20003A15002000F8FFFFF0B5EFF30585EDB2AD
:100E3000EFF3108C72B62649D1E8CF2F0123002A98
:100E4000FAD1C1E8423F002AF6D1BFF35F8F214EAD
:100E500040F0010EB4684AF6AA2354F825701E4AE1
:100E60000446A41A644163431B0D77455BB21BD053
:100E700092F906409C421CD092F912409C4223D029
:100E800092F91E409C4221D092F92A409C4208BF10
:100E900003240FD0114A0024157813708571C1E81E
:100EA0008F4F8CF31088F0BDB2680D4C42F825408E
:100EB000F0E7002404EB440402EB8402FF24947165
:100EC0004BF601549480E5E70124F3E70224F1E7AF
:100ED0000D20002000ED00E000150020A82A0020D1
:100EE0001D01001010B5074C82B0014605230022F9
:100EF00000940548FFF7A8FC0028A8BFC0F1330004
:100F000002B010BD84930010AC2A0020014B0B44AA
:100F1000036070470420002070B5104C104DAC42A7
:100F20000ED2FF26236863B1FFF7CEFC01462046B0
:100F3000FFF7ECFFA680BFF35F8F0834AC42F1D31C
:100F400070BDFFF7C1FC01462046FFF7DFFF2671A9
:100F5000BFF35F8F0834AC42E4D370BD081B0020A0
:100F6000101B002010B50446FFF7AEFC01462046DA
:100F7000FFF7CCFFFF232371BFF35F8F10BD00BFCE
:100F800010B504460120FFF7ABFC034B034423607C
:100F9000BFF35F8F10BD00BF04200020024B0B4445
:100FA0000360BFF35F8F7047042000200D4B1A6869
:100FB000EFF3108172B6D2E8CFCF0120BCF1000F61
:100FC000F9D1C2E84C0FBCF1000FF4D1BFF35F8F31
:100FD00000221B68C3E88F2F81F3108840BF0020D8
:100FE00000217047882900202DE9F04F2DED028B5C
:100FF00085B0EFF30583DBB2103B9A0818BF0122DE
:101000004FF0010103F0030B18BFAF4DAF4B08BF0A
:10101000AF4D0BEB820253F8226001FA0BF205F59B
:1010200041539FEDA78B01925A602FE0B3881C04B7
:1010300040F19380B379002B40F0DD80B6F90820B1
:10104000002AC0F21E81736902EB420203EBC20365
:10105000D3E90247B7F1FF3F08BFB4F1FF3F0ED01D
:1010600005EB8B01AB6A0A69D21AE31A934205D3E6
:1010700001232A6A03FA0BF3134200D10C612846BC
:1010800000F0AAFBA042B941C0F2FB80B6F90830DB
:10109000019A002B0093EA63C8DBD6F8148003EBB7
:1010A0004309284608EBC907D7E9024A00F094FB38
:1010B000A04271EB0A01B9DBBAF1000FC0F2C380A4
:1010C000D7E90431834A934200F0ED807A88B6F97B
:1010D000080092B242EA0040984702460B4652EAA4
:1010E000030100F0B080002B80F2D180B4EB020E3F
:1010F0006AEB030A38F93930C7E902EA002B95DBBD
:10110000716903EB430201EBC202D2E90270BE45F2
:101110007AEB000C4FEA430288DBB4462CF8083F18
:1011200006E003EB430001EBC0005A00D0E9027077
:10113000BE451A447AEB000001EBC20404DB31F92E
:101140003230A446002BECDA28F83930009BACF89A
:101150000030B3881C043FF56DAF3369EFF31082A4
:1011600072B6D3E8CF0F01210028FAD1C3E8401F9F
:101170000028F6D1BFF35F8F4FF6FF74B0880023CD
:10118000316900B2B480C1E88F3F82F31088984281
:10119000FFF650AF0746A946746906F1080807EB49
:1011A000470E04EBCE03D3E90250B6F90830C4462B
:1011B000002B13DBB246009704E034F93630944636
:1011C000002B09DB03EB430604EBC602D2E90271F4
:1011D000BD4270EB0101F0DA5646009FACF800709A
:1011E00034F93E7024F83E30002FD8DAB3794D46FA
:1011F000002B3FF423AF0023B371B6F9083006F19A
:101200000808581C3DD01A46776903E08046591CEF
:101210003FF416AF03EB430107EBC100B0F802C087
:101220001C461CF4004F9E4637F93130EED09442F4
:1012300080ED028B05D0A8F80030328927F83120E4
:1012400034817246E3E738F8393033813369EFF39C
:10125000108272B6D3E8CF0F01210028FAD1C3E87B
:10126000401F0028F6D1BFF35F8F7388316928F8DB
:101270003930009B73800023C1E88F3F82F31088D0
:10128000D4E640BF05B0BDEC028BBDE8F08F284628
:10129000CDE9022300F0A0FA029A039B10EB020EA4
:1012A00043EB010A26E708460B690291984700289C
:1012B000C9D00299D1E9002311E700BFAFF3008044
:1012C000FFFFFFFFFFFFFFFF00800B40C42800204F
:1012D00000000B40E90F00102DE9F84F364C25694E
:1012E0002DB1BDE8F84F0A213448FFF70FBEDFF8F3
:1012F000E4800321404600F05DFA0326C4F80C8028
:10130000FFF7E2FA4FF0504C2D4B26700344236157
:10131000DCF800300F216370636961801D834FF03A
:101320000405A3F878504FF00505A3F890504FF04E
:101330000605A3F8A8504FF007050E214FF6FF72DF
:1013400008274FF00A0EA3F8C0504FF001094FF0E4
:101350000C0C4FF0020B4FF0090A0D204FF00B055B
:10136000A3F868111749A280A3F808E1A160A3F8C7
:1013700048B0A3F8F0A0A3F82051A3F838C1A3F80F
:101380005001A3F83090A3F86060A3F8D8701A80D9
:101390000D4B3046C8F820700C49DC60FFF726FB87
:1013A00049463046FFF7E0FA094B0A211F6403481B
:1013B000BDE8F84FFFF7AABD481500208829002096
:1013C00004200020FFFF1000C4280020E90F0010B7
:1013D00000200B4000000B400048704748150020DB
:1013E000F8B59DF82050044617461E4635B900F062
:1013F000FBF9874266EB010100295CDB2169EFF311
:10140000108372B6D1E8CF0F01220028FAD1C1E8CB
:10141000402F0028F6D1BFF35F8FB4F90220656931
:1014200002EB4201002A4FEAC10C206905EBC10121
:1014300039DB35F80CE0A4F802E04FF0000EC0E80C
:101440008FEF83F310884888069B0130C0F30E00AD
:10145000012838BF01200B61079B48804B61C1E91F
:10146000027640EA02402369EFF3108172B6D3E8B6
:10147000CF7F0126002FFAD1C3E8476F002FF6D1A6
:10148000BFF35F8FA38825F80C30A2802369C3E8DF
:101490008FEF81F310880122E368217803F501536F
:1014A0008A405A60F8BD0022C0E88F2F83F310886D
:1014B0004FF0FF30F8BD2846F8BD00BF0146F0B53B
:1014C0000069EFF3108772B6D0E8CF5F0124002DDA
:1014D000FAD1C0E8454F002DF6D1BFF35F8FB1F9C7
:1014E00002E04C690EEB4E0CBEF1000F4FEACC054A
:1014F000086904EBCC0C3CDB665B4E800026C0E840
:101500008F6F87F31088BCF80200CCE9022301300A
:10151000C0F30E00012838BF0120059BACF8020083
:10152000CCF81030069B40EA0E40CCF814300B6922
:10153000EFF3108272B6D3E8CFCF0127BCF1000FD2
:10154000F9D1C3E84C7FBCF1000FF4D1BFF35F8F3A
:101550008B886353A1F804E00B69C3E88F6F82F3B3
:1015600010880122CB68097803F501538A405A603C
:10157000F0BD0023C0E88F3F87F310884FF0FF30A5
:10158000F0BD00BF03464089B0EB214F37DD5869FD
:101590000A1402EB420210B500EBC2001C69EFF323
:1015A000108C72B6D4E8CFEF0122BEF1000FF9D152
:1015B000C4E84E2FBEF1000FF4D1BFF35F8F428815
:1015C00089B292B28A4207D000221B69C3E88F2FEA
:1015D0008CF31088002010BD42F4004242800121AB
:1015E000002218699971C0E88F2F8CF310881C783D
:1015F000DA68084602F50153A140596010BD002089
:10160000704700BF407870472DE9F04182B0044632
:101610000E4600F0E9F84FF0FF326FF00043241857
:1016200046EB0106A24273EB06013CBF14461E4680
:10163000A51F46F1FF37AC4276EB07033CBF002500
:101640002F4600F0D1F8281A67EB010C01287CF135
:10165000000C06DA2046314602B0BDE8F04100F049
:10166000CDB800F0C1F8854267EB010100290ADB23
:101670000021174B2A46009316483B460191FFF77D
:101680001DFF0130E6D04FF0000C134A1349536A96
:101690009F4204D8906AA842DCD29F42DAD10B68FC
:1016A000EFF3108072B6D3E8CF8F5FF0010EB8F180
:1016B000000FF8D1C3E848EFB8F1000FF3D1BFF342
:1016C0005F8F0B68C3E88FCF80F3108820BFDEE701
:1016D000AD0F00104815002000000B4088290020A5
:1016E0002DE9F04306460D4683B0EFF30584E4B2DE
:1016F0003CB12D4B5A6AAA421CD2002003B0BDE86F
:10170000F0832A4FD7F80C9097F80080484600F0F5
:1017100063F808F1040859F828301B1A301A65EBF1
:101720000101984271F1000110DB20BF1E4B5A6A83
:10173000AA42E2D314BF012400249B6AB34234BFFF
:10174000204644F0010003B0BDE8F08300F04CF8FF
:10175000864265EB0101002914DB154B3846CDE9C3
:10176000003432462B46FFF7A9FE011E0ADD0E4B60
:101770005A6AAA4216D39B6AB34211D30B48FFF7A9
:1017800001FFB6E7084B5C6AAC42B6D3641B18BFD6
:1017900001249B6AB34234BF204644F00100ADE708
:1017A000AA42EBD120BFE9E700000B40481500201A
:1017B000AD0F001010B4054B054C064AA04214BFF3
:1017C0001846581C5DF8044BFFF712B82C24002073
:1017D00000800B40A09300100346416A0A46986AB5
:1017E000596A8A42FAD17047034B596A0A46986A85
:1017F000596A9142FAD1704700000B40074A536A78
:101800009942FCD8994207D1044B02E05A6A9142AE
:1018100002D19A6A9042F9D8704700BF00000B408D
:1018200000EB400C4FEA8C0C0CF1804C0CF5803C2A
:10183000F0B51646DCF80420051FB2F5803F38BF2E
:101840004FF48032EDB238BFCCF80420012D2AD9F4
:101850004FF40067254C0CF54052176054F82020D7
:10186000B2B9DCF80020012D82EA461202F0E00253
:101870000CF5805632602AD94FF4006144F82030CC
:101880004FF480330CF500521160CCF80430F0BDF9
:101890006769B7FBF2FE0EF1010E0EEB4E0EBEF1C4
:1018A000030EFCD2DDE70129D2D103240CF540520E
:1018B0001460DCF80820D207FBD5DCF800200B4CC4
:1018C00082EA461202F0E0020CF5805632600122F4
:1018D000DCF800504D4005F00305356002FA01F1D7
:1018E000DCF808200A42FBD0C6E700BF3024002005
:1018F000014B53F8200070473024002030B4114AC7
:10190000D2F8A43013F48073FAD10F490F4C09694F
:101910000A25A4FB01414FF0FF348909C2F88C105D
:101920000849C2F89C50C2F89030C2F89440C2F8FE
:10193000A000D1F8A430DB06FBD530BCD1F8A8005C
:10194000400970470000014030240020D34D621050
:1019500070B4039D04682D0345EA03451B4B002C1E
:10196000B3FBF1F3B2FBF3F61FDB194A194B9042BC
:1019700014BF4FF480424FF40042174C1A6003F535
:1019800080531A60A36832EA0303FBD1212200F5D9
:1019900040530433016086601A600268002AFCDA52
:1019A0000822C5601A6070BC7047036803F03F03EB
:1019B0008B42DAD18368C3F30B03B342D5D1C3683A
:1019C00003F4EE23AB42D0D1EDE700BF001BB7001C
:1019D00000800540002002400000024030B44FF07B
:1019E00080441C4B1C60E0B11B4CA3F54053DC61F0
:1019F0001A4C40F0010044401C62596298624FF05A
:101A000080454FF0E061134B1548164C1D60846013
:101A100019604AB930BC4FF00042A3F580531A60F8
:101A20007047114BD861EAE74FF47A7303FB02F277
:101A3000B2F1807F2ABF6FF07F4313461A464FF002
:101A400080410A4C08482360094B426030BC196051
:101A5000704700BF00B00D40D3C007B02D3FF84F16
:101A600000A00140F3FFFF0100800D409C280020F2
:101A700000A00D40012300EB4000800000F18040F9
:101A800000F5841041600360704700BF002370B50B
:101A9000DB8A04460D46002242E800F2520254BF9F
:101AA0001021042144F25220984786462B462246B4
:101AB000F446BDE870400A214FF48170604700BFD2
:101AC0000023DB8A002242E800F2520201D41021F6
:101AD00018470421184700BF08B503460846191ED9
:101AE00002DB1AB140F03000FFF7D0FF40F02000D9
:101AF000FAE700BF034AD2F82838002BFBD0BFF327
:101B00005F8F704700000E400021044B044ABFF372
:101B10005F8F43F8041B9342F9D170470C080E40C5
:101B20002C080E4010B44FF48D704FF42A64064A0E
:101B3000064B07491460D06019605368002BFCDA2B
:101B40005DF8044B704700BF0080044000A00440D3
:101B500000B0FA00704700BF08B50148FEF730FE3C
:101B6000C493001038B5054C054DAC4204D254F86E
:101B7000043B9847AC42FAD338BD00BF3092001006
:101B80007092001010B40748074C084B084A0949E6
:101B900004601A608B6832EA0303FBD15DF8044BE2
:101BA000704700BF002002407F3BEFEF0030024053
:101BB000F6FFF30300000240044BDB6CB3F5004F6B
:101BC00003D14FF48022024BDA64704700001150B9
:101BD000002011504FF0E022044BD2F8881D0B4337
:101BE000C2F8883D10EE3004704700BF0303300098
:101BF0006FF06041044B054A19609368DB4333F092
:101C00006043FAD1704700BF00300240000002403C
:101C100010B545F25320FFF753FFBDE810400346CF
:101C20000420184710B545F25320FFF749FFBDE8DF
:101C30001040034601201847FEF76ABE10B5054B59
:101C4000054C4FF488721846A16807F0CFF8A060E1
:101C500010BD00BF0000002000ED00E0002370B5C3
:101C60002B4C82B0C4F88430FFF75CFF0122294B73
:101C7000DA63636C012BFCD10321264A244B1163E8
:101C80009C6B012CFCD10226052521460523224A06
:101C900022480096FFF75CFE21462B46204A214849
:101CA0000095FFF755FE0022042031461E4BFFF73A
:101CB000B7FD2146284600221C4BFFF7B1FD00224C
:101CC000082011461A4BFFF7ABFD002209201146F0
:101CD000174BFFF7A5FD002206201146134BFFF717
:101CE0009FFD0022114B07201146FFF799FD0420AC
:101CF000FFF7FEFD00240F4BA3FB0035AD0CE0B257
:101D000029460134FFF7B6FE062CF8D102B070BDAB
:101D10000000014000300140002F685900000540DC
:101D2000008C864700800540001BB70080D1F0087A
:101D3000006CDC0283DE1B4386B003B451FC080454
:101D4000CDE9020151FC0904CDE9040151EC0A047A
:101D5000CDE9060103BCF047BDE800504EEC00C4DD
:101D6000BDE800504EEC01C4BDE800504EEC02C48A
:101D700000BD000000B5FFF7DFFF02E010FE30F409
:101D8000F8D441EC100443EC112400EE010410EEF1
:101D9000010480EE200451EC1004704700B5FFF7F9
:101DA000CBFF02E010FE30F4F8D441EC100443EC19
:101DB000112400EE010410EE210480EE200451EC09
:101DC0003004704700B5FFF7B7FF02E010FE30F4B3
:101DD000F8D410B541EC100443EC112451EC040488
:101DE00053EC0524A0FB024C5FF0000EE0FB03CE99
:101DF000E1FB02CE4CEC20440024E1FB03E444EC84
:101E000030E480EE200451EC5004BDE810407047EF
:101E100000B5FFF791FF02E010FE30F4F8D441EC7A
:101E2000100443EC112451EC2104A0FB01126FEAD1
:101E3000820252FB100052FB12F252FB1000A0EB88
:101E4000D07C53EC04245CFB13F153EC1524A1FB70
:101E5000022001FB030053EC4424A2EB000050FBE2
:101E60001CF24FEA111312EB017043EBE27140EAEE
:101E7000515020EA915020F0070053EC7524A0FB4C
:101E8000023C53EC752400FB03CC01FB02CC53EC69
:101E90000424ACEB824C40EA5C70A0F1010041EC00
:101EA000400480EE200451EC7004704700B5FFF749
:101EB00043FF02E010FE30F4F8D441EC100480EE51
:101EC000220410EEB204704700B5FFF735FF02E0C0
:101ED00010FE30F4F8D440EC700400EE010410EE73
:101EE000210480EE200451EC3004704700B5FFF768
:101EF00023FF02E010FE30F4F8D440EC600400EE62
:101F0000010410EE210480EE200451EC30047047EF
:101F100000B5FFF711FF02E010FE30F4F8D441ECF9
:101F2000800400EE010410EE010480EE400410EE87
:101F30001304704700B5FFF7FFFE02E010FE30F417
:101F4000F8D441EC800400EE010410EE010480EEB0
:101F5000400410EE3304704700B5FFF7EDFE02E0D9
:101F600010FE30F4F8D441EC100443EC112400EEE0
:101F7000010410EE3004C0F30070704700B5FFF7A5
:101F8000DBFE02E010FE30F4F8D443EC102441EC08
:101F9000110400EE010410EE30F48CBF012000208B
:101FA000704700BF00B5FFF7C7FE02E010FE30F437
:101FB000F8D443EC102441EC110400EE010410EEBF
:101FC00030F42CBF01200020704700BF00B5FFF7A0
:101FD000B3FE02E010FE30F4F8D441EC100443EC00
:101FE000112400EE010410EE30F42CBF012000207B
:101FF000704700BF00B5FFF79FFE02E010FE30F40F
:10200000F8D441EC100443EC112400EE010410EE6E
:1020100030F48CBF01200020704700BF002200294F
:1020200080F2A980404261EB4101B1B3B1FA81F382
:10203000083B16D4994010FA03FCC3F1200320FAA0
:1020400003F040EA0100A2EB0302C2F195021CEB8F
:102050000C0C40EBC25040F0004020D0FE2A16D2BB
:10206000704703F1210311FA03FC5CEA000CC3F191
:10207000210321FA03F0A3EB020202F1B50240EBC7
:10208000C25040F000400AD0FE2A38BF70474FF0DF
:102090000040A8BFCFF68070704711460AE028BF05
:1020A00020F00100FE2A38BF7047F0E7002880F2D8
:1020B00033804042B0FA80F3083B0CD4984001EBE7
:1020C0000302C2F1950200EBC25040F00040FE2A2C
:1020D00038BF704713E003F1210310FA03FCC3F18A
:1020E000210320FA03F0A3EB010202F1950240EB79
:1020F000C25040F0004008D0FE2A38BF70474FF071
:102100000040A8BF40F0FF40704728BF20F001000A
:10211000FE2A38BF7047F2E720B3B0FA80F3083BDD
:102120000AD4984001EB0302C2F1950200EBC250C1
:10213000FE2A38BF704711E003F1210310FA03FCB7
:10214000C3F1210320FA03F0A3EB010202F195028F
:1021500040EBC25007D0FE2A38BF7047ACBF4FF0EB
:10216000FF400020704728BF20F00100FE2A38BF42
:102170007047F3E7002289B3B1FA81F3083B14D426
:10218000994010FA03FCC3F1200320FA03F040EA5F
:102190000100A2EB0302C2F195021CEB0C0C40EB18
:1021A000C2501ED0FE2A14D2704703F1210311FA47
:1021B00003FC5CEA000CC3F1210321FA03F0A3EB5A
:1021C000020202F1B50240EBC2500AD0FE2A38BF2B
:1021D0007047ACBF4FF0FF40002070471146FFF73B
:1021E0009BBF28BF20F00100FE2A38BF7047F0E7F0
:1021F00010B5044606F0AAFA28B10346034A234460
:10220000934200D810BD0248FEF7DAFA0000082019
:10221000D093001006F0A2BA9A4238BF8854704793
:10222000704700BF2DE9F04F83B09946DDE90DAB53
:102230000F9B884611469A07074616D1DA453AD2CF
:102240000C460D46ABEB0A060E4422464B46414671
:1022500020200134B847B442F7D12946BAF1000F23
:1022600008D1204603B0BDE8F08F0C46BAF1000F4C
:1022700010D00E4655460C9B2E449A440191721B79
:102280004B46013D41461AF8010D3446B847002D32
:10229000F5D101990F9B9B07E3D5651AAB45E0D9B2
:1022A00022464B46414620200135B8475D4504F1A2
:1022B0000104F5D3D5E70C46BAF1000FD9D1D0E728
:1022C0002DE9F04F0F9FDDF8248017F0020F0A9CD4
:1022D0009DF82CA00E9DDDE90C9644D1F5BBB442CF
:1022E00041D207F0010B04F1FF3C4FF0300EC44423
:1022F00004E00134A6420CF801EF01D9202CF8D1FA
:10230000BBF1000F00F08880A5422CD904F1FF3CFE
:102310004FF0300EC44404E00134AC420CF801EF3D
:1023200021D0202CF8D117F0100F0ED017F4806FA9
:1023300054D1A64263D0A54261D0B9F1100F50D05C
:10234000B9F1020F56D0202C29D12024CDE90B570A
:10235000CDE90984BDE8F04FFFF764BF17F0010B2A
:1023600034D1B442BFD317F0100F1ED017F4806FD2
:10237000E3D1002CDDD1B9F1100F63D0B9F1020F18
:1023800077D0302488F800400124BAF1000F11D131
:102390007E0748D52B2608F804600134D6E7264688
:1023A00001344FF0300C08F806C0202CCDD0BAF123
:1023B000000FEDD02D2608F804600134CDE90B574D
:1023C000CDE90984BDE8F04FFFF72CBFBAF1000F4B
:1023D00030D0B44205F1FF3585D395E7B9F1100F40
:1023E000B3D1BE063BD5202CAFD0582608F80460E8
:1023F0000134A8E7202CA8D02646013407E0661E49
:10240000B9D0B9F1100F36D0B9F1020FC9D14FF0E0
:10241000620C08F806C096E717F0100FC5D017F445
:10242000806F86D089E73E0790D5202608F80460A3
:1024300001348BE717F00C0F00D0013DB442FFF4DC
:1024400052AF61E7BC0612D4782488F800403024EB
:1024500088F801400224BAF1000F99D0AAE7202C95
:102460003FF473AF782608F8046001346BE7582412
:10247000EBE76224E9E717F0200FA4F1020C04D087
:102480004FF0580E08F80CE08BE74FF0780E08F884
:102490000CE086E700B9704701F052BB0000000075
:1024A0002DE9F04F97B09DED207BDDE9225B0746DB
:1024B000884651EC170B249C99460C920B46024619
:1024C0008DED047B0794FFF74BFD002840F0F4816D
:1024D000DDE904014FF0FF326FF48013FFF752FD86
:1024E000002840F01B81DDE904014FF0FF32AC4BC6
:1024F000FFF784FD002840F0EE80DDE90401A4A38D
:10250000D3E90023FFF77AFD002840F0D380DDE90E
:102510000401A1A3D3E90023FFF734FD002840F014
:10252000C980DDE9040100220023FFF72BFD00280C
:1025300040F0E88023460D9013F4806F08BF062515
:1025400030212B460EAAA5F1200605E0013BB3423F
:1025500002F8011B00F09381092BF7D81E46ED1AF3
:10256000DDE90401FFF7D8FC8E4B044603EBC603FC
:1025700093ED007B8DED087BFFF7AAFC02460B462E
:10258000DDE90401FFF70EFCDDE90823FFF71EFC7F
:1025900002460B46CDE90A23FFF7D0FC8246FFF73F
:1025A000A9FC02460B46DDE90A01FFF7FBFB0246E8
:1025B0000B46CDE90A2300227B4BFFF71FFD0028C5
:1025C00000F0FE800AF1010A5046FFF793FC024634
:1025D0000B46DDE90801FFF7E9FC10B14FF0000AF6
:1025E0000134002E00F0FD80681E0EABDFF8CCC178
:1025F00018440FE0ACFB0A21C90801EB8102AAEBE9
:1026000042023032BAF1090F00F8012F40F21C816A
:102610008A461D46202D05F1010306F1FF36E9D15A
:102620002025691E0EAB6148194410E080FB04624E
:10263000C3EBA20303EB8302A4EB420404F13002D8
:1026400001351C4601F8012F002B00F0EB80202DF6
:102650004FEAE473EAD1079B03F00303012B18D17F
:10266000BBF1000F15D00D9B002B00F00A810BF180
:10267000FF3BBBF1200F0CD96B1E0EA930220B447F
:1026800005E001355D4503F8012F80F0D180202D54
:10269000F7D1079B0EACCDE902B341464B46384615
:1026A0000C9A01950094FFF7BDFD8246504617B085
:1026B000BDE8F08F079B9DED047BCDE923B3414638
:1026C0004B4638460C9A8DED207B229517B0BDE81D
:1026D000F04F00F045B9610723464CBF04230323A4
:1026E0004146219338464B46079A48BF304CCDE9C6
:1026F00022B258BF2F4C0C9A209417B0BDE8F04F6F
:10270000FFF790BDDDE9042300200021FFF74AFB1D
:102710000123CDE904010D9323460DE723469C07D1
:1027200040F0AA80BBF1040F40F2A6800C9B1D462E
:102730001C1F04EB0B0A2A464B464146202001355C
:10274000B847AA45F7D155461B4C261F14F8010D72
:102750002A464B464146B847B44205F10105F5D13A
:10276000079B0AF1040A9807A0D50C9CAAEB040366
:102770009B459BD952464B46414620200AF1010A0F
:10278000B847AAEB04035B45F4D38FE7AFF30080AF
:102790000000000065CDCD410000000065CDCDC139
:1027A000FFFFEF7F489500100000E03F6766666618
:1027B000249400102C94001038940010CDCCCCCC74
:1027C0000022DDE90A01634BFFF7DCFB00287FF400
:1027D00008AFBAF1000F6AD10AF1010A002E7FF4A6
:1027E00003AF2046FFF774FB02460B46DDE9040108
:1027F000FFF7D8FA02460B46CDE904230022554BD9
:10280000FFF7C0FB00287FF40CAFDDE904010022D4
:10281000504BFFF7F3FB00287FF403AF013424F0A3
:102820000104FEE6079B03F00303012B00F0828006
:10283000202D3FF42EAF0D9B7BB32D220DEB050316
:1028400083F83820013524E7202B3FF4E9AE0EAAA7
:1028500015441E44302204E0202B05F8012F3FF4DC
:10286000DFAE9E4203F10103F6D12E220DEB0603EB
:1028700083F83820751CD4E6DDF830A063E7202506
:102880006EE6079B13F00C0F50D00BF1FF3BAB45EE
:102890003FF6F2AE202D3FF4FCAE079B5A0701D560
:1028A0002B22CBE71B077FF5F4AE2022C6E71AF0F8
:1028B000010F3FF496AE8FE7A60734D1BBF1030FAB
:1028C00031D90C9B1D46DC1E04EB0B0A2A464B46F5
:1028D000414620200135B8475545F7D155461E4C95
:1028E000E61E14F8010D2A464B464146B847A6425B
:1028F00005F10105F5D1079B0AF1030A9D077FF554
:10290000D5AE0C9CAAEB04039B457FF6CFAE524696
:102910004B46414620200AF1010AB847AAEB0403BE
:102920009B45F4D8C2E6DDF830A0D7E7AB453FF6CB
:10293000A3AEAEE6BBF1000F3FF47AAF0D9B002BC8
:102940009FD00BF1FF3B5D45FFF496AE202D7FF449
:1029500074AF9EE60000E03F3394001000000000DA
:102960002DE9F04F9FB02A9EDDE9284507469346A2
:102970000891099322462B46204629460E96DDE90A
:102980002BA6FFF7EDFA002840F0BE80204629462E
:102990004FF0FF32784BFFF731FB002840F0B48056
:1029A000204629464FF0FF326FF48013FFF7EAFA12
:1029B000002840F0A9802046294600220023FFF786
:1029C000E1FA002840F0D581CDE90A45DDE90A2386
:1029D0009046994606F4006216F480630F921393B2
:1029E00040F0A18058EA090340F0CA80002A40F074
:1029F000E38106230E9316F00202109240F0D48178
:102A00005346042B38BF04230C920422043B129239
:102A10000F932046294600220023FFF7B3FA00282F
:102A200040F0F3819DED0A7B0F9B5A4603930E9B6A
:102A30008DED007B029326F4006304933846099BD6
:102A40000899FFF72DFD024616F0200F099B089903
:102A50000CBF6520452002F10108B8470C9A129B73
:102A600016AC5D1E82EAE273A3EBE273D10F00267F
:102A700022469946DFF804C101E0202E10D0CE4650
:102A8000ACFB0930C00800EB8003A9EB43033033F3
:102A9000BEF1090F814606F1010602F8013BECD8B0
:102AA0000523002006930A2305950094099D089CA0
:102AB0004246CDE90330CDE901612B462146384637
:102AC000FFF7FEFB109A8046D2B1A0EB0B06B24591
:102AD00016D90BEB06022B46214620200136B847BB
:102AE000B245F6D80BF1FF335344CBF10102A3EB0F
:102AF00008034244924538BF002308F10108984476
:102B000040461FB0BDE8F08F5A463846CDE928450B
:102B1000CDE92BA60E9C099B08992A941FB0BDE80D
:102B2000F04FFFF7BDBC58EA09032BD1002A3FF450
:102B300062AF00230C930E9B0C9A934200F3B98171
:102B40004FF000082046294600220023FFF71AFA1A
:102B5000002840F013819DED0A7B26F4006646F4C0
:102B600080668DED287B5A463846CDE92A8A099B36
:102B700008992C96D2E700BFFFFFEF7FCDCCCCCCDD
:102B800006230E93C9F30A50A0F2FF30FFF7A0F915
:102B9000C1A3D3E90023FFF719F9C1A3D3E90023A7
:102BA000FFF7ECF8C9F31309CDE90C0149F07F51A7
:102BB00040460022B24B41F44011FFF7F3F8A4A3C2
:102BC000D3E90023FFF702F902460B46DDE90C01C9
:102BD000FFF7D4F8FFF7A0F90C90FFF779F99EA35F
:102BE000D3E9002380468946FFF7F0F80022A54B81
:102BF000FFF7C4F8FFF790F90346494640461293A1
:102C000097A3D3E90023FFF7E1F88046129889469D
:102C1000FFF75EF994A3D3E90023FFF7D7F8024644
:102C20000B4640464946FFF7BDF802460B46804634
:102C30008946FFF7CBF842464B46CDE910014046A6
:102C40004946FFF79BF80022CDE91401DDE91001A8
:102C50008D4BFFF7E1F800228C4BFFF78FF802460F
:102C60000B46DDE91001FFF7D7F80022884BFFF78C
:102C700085F802460B46DDE91001FFF7CDF8424624
:102C80004B468046894600204FF08041FFF78AF886
:102C900002460B4640464946FFF770F802460B468F
:102CA000DDE91401FFF7B8F800227A4BFFF766F868
:102CB000129B002203F2FF3C4FEA0C53FFF786F809
:102CC00080468946DDE90A0142464B46FFF75AF93C
:102CD00050B10C9B4046013B49460C9300226B4B84
:102CE000FFF79AF8804689460C9A43466332C62A13
:102CF00006F00202109249460F9A2CD8002A5ED0A4
:102D0000042212920B433FF416AFDDE90A0158A3E7
:102D1000D3E90023FFF75EF948B1DDE90A0156A3C4
:102D2000D3E90023FFF72EF900287FF404AF0E9BB0
:102D3000002B50D0139A002A7DD0013B0E93129B9A
:102D40009A4505D9109B002B00F0AE80022310930A
:102D500000230F9344E022BBBAF1050F4FD906F0D0
:102D60000203002B49D105231293AAF105030F9307
:102D70003AE005F100430A940B9327E626F4006637
:102D800046F4806638462C96DDE90A67344607F13A
:102D900000455A46CDE92A8ACDE92845099B08997C
:102DA000BCE605221292ADE700230222CDE90F32E4
:102DB00004220C9312922CE64FF00508C2E6BAF1F9
:102DC000040F1FD9109B002B78D104231293AAF172
:102DD00004030F9304E0129B9A4531D80E9B0F9386
:102DE0000C9B002B3FF415AEDDE90A0142464B4631
:102DF000FFF712F8CDE90A010BE602231093052331
:102E00001293F1E704231293EAE7DDE90A45A046AD
:102E10000F9B05F1004903930E9B5A46029326F43B
:102E2000006304933846CDE90089099B0899FFF7B0
:102E300037FB024608E6129B9A4544D80F92CFE72B
:102E4000109B8BB30E9B0F9302231093C8E700BF18
:102E500061436F63A787D23F71A379094F930A40FB
:102E60001655B5BBB16B0240EF39FAFE422EE63F74
:102E70002D431CEBE2361A3F0000000080842E41F7
:102E80000000F83F0000E03F00002C40000024401C
:102E9000000018400000F03FFB799F501344D33FDF
:102EA000B3C8608B288AC63F129BAAEB03030F931B
:102EB00096E7A3EB020808F1FF3843E604231293D8
:102EC000022310938CE7109B002BEDD002230F926E
:102ED000109385E72DE9F04F9BB0249C954D0A9403
:102EE000954CB1F1000A18BF834625601878934CC1
:102EF000914608BFA3460993002800F093824FF043
:102F000000080AE042464B46514608F10108D847FE
:102F1000099B1878002800F0CE80099B252803F132
:102F200001030993EED11C460023224612F8010B3F
:102F3000A0F1200110290AD8DFE801F04009093C7E
:102F40000909090909090938093409093000A0F1FA
:102F500030010929099440F28A802A2800F0F08083
:102F600000252E2800F096800026A0F16801122985
:102F70002DD8DFE811F049012C0043012C00380165
:102F80002C002C002C002C002C002C002C002700E6
:102F90002C002C002C002C002C002700144643F0A1
:102FA0000103C2E7144643F00203BEE7144643F0B0
:102FB0000403BAE7144643F01003B6E7144643F09F
:102FC0000803B2E70999487843F48073013267280F
:102FD00009927ED8242840F2C180A0F12502422A1D
:102FE00000F2BC80DFE812F05001BA00BA00BA006B
:102FF000BA00BA00BA00BA00BA00BA00BA00BA0001
:10300000BA00BA00BA00BA00BA00BA00BA00BA00F0
:10301000BA00BA00BA00BA00BA00BA00BA00BA00E0
:10302000BA00BA00BA00BA00190137011901BA0092
:10303000BA00BA00BA00BA00BA00BA00BA00BA00C0
:10304000BA00BA00BA00BA00BA00BA00BA00BC01AD
:10305000BA00BA00BA00BA00BA00BA00BA00BA00A0
:10306000BA00BC015801BC01190137011901002542
:1030700000E0013205EB850500EB45051078303D99
:10308000A0F130010929F4D92E28099202F1010298
:103090007FF46AAF099943F4806348781146A0F140
:1030A0003006092E40F221812A2800F02F81099252
:1030B0000026013259E74446C14501D809F1FF38DD
:1030C0004B46424651460020D84720461BB0BDE83B
:1030D000F08FA0F16902D2B20F2A3FD8012149F244
:1030E00041079140394040F0F3800A2A3DD0072A39
:1030F00034D10A9D55F8042B002A00F0138143F0C7
:10310000210012AB1F460B9303E0202900F014812D
:103110001A4602F00F042346092C94BF303337338C
:103120000F2A07F8013B01F101014FEA1213ECD815
:1031300002E100BFD52E00109428002021220010AB
:103140000A99099851F8045B4078002DCDE90921CE
:10315000BCBF43F002036D42013202E742464B46D8
:10316000514608F10108D847D2E60A99002E51F8D5
:10317000047B18BF3246387808BF4FF0FF32002872
:1031800000F07B83BC18A4463A4604E012F8014FD5
:10319000002C00F03F819445F8D16446E41B5A05A9
:1031A00040F12281B44228BF344613F0020300F0FC
:1031B00088820223CDE90A5142461D46464408E072
:1031C0004B465146D84717F8010F08F1010810B1D6
:1031D00042464645F4D12B460B990A9D002B40F000
:1031E00041810A9194E6099948786C287FF4ECAE05
:1031F0000A46887843F440730332E8E6099943F4B9
:10320000007348780132E2E609994878682800F0AE
:10321000038143F080030132D9E6672800F0D980AA
:10322000472800F0DC80452800F0DB80CDE903531F
:103230000A9B0296073323F007031C464246F4E834
:1032400002674B4651465846CDE900670A94FFF79E
:1032500087FB80465CE6462808BF43F02003CDE9A3
:1032600003530A9B0296073323F007031C4642468A
:10327000F4E802674B4651465846CDE900670A9488
:10328000FFF70EF9804643E642464B46514625205D
:1032900008F10108D8473BE60A9A990702F10404AD
:1032A00008F1010640F1C68010784B46424651466F
:1032B000D847012D88BFA84440F2BD8132464B4615
:1032C000514620200136D8474645F7D10A941FE6DB
:1032D0006F2800F0818040F24882782800F09081C9
:1032E0000A2723F01003BC4641E0002606EB8606C1
:1032F00000EB4600A0F1300611F8010FA0F13002FA
:10330000092AF3D90A46099101322EE6DDE909219D
:1033100051F8046B9078023209920A91013226EA40
:10332000E67622E623F0100013F4806240F02100DC
:103330003FF4E7AE12AB0B930B9B06900093082370
:103340001020059300234246CDE9023001914B46FF
:10335000514658460496FEF7B3FF0A958046D7E5D6
:10336000582862D0622840F08F800227BC4613F4B0
:10337000806000F0DD8023F00D0313F4007240F054
:1033800081810A990F1D13F4807140F037825C0629
:103390000A9A40F13B811278002A40F04E8123F0D6
:1033A0001003002800F04981114612AA0B92CDE9C2
:1033B0000553CDE903C601910B9B424600930023C0
:1033C0005146029358464B46FEF77AFF0A978046CD
:1033D0009EE543F4006329E70827BC46C7E743F4AA
:1033E000006343F0200321E713F0020300F08E8115
:1033F00002230A951E460D4642464B465146D84783
:1034000017F8010F08F101080028F5D129463346C5
:103410000A9DE3E6D41BC2E60A46887843F0C0035F
:103420000332D4E50446804646E6102743F02003E5
:10343000BC469CE7012D40F2F880464608F1FF3774
:103440002F4432464B46514620200136D847BE42D3
:10345000F7D10A9B3246187851464B46D847A844C4
:103460000A9455E54646A5427FF6BBAEA844A8EBB4
:1034700004080C4632464B46514620200136D847B8
:103480004645F7D12146ACE613F4806200F0BB80DC
:103490004FF4806223F0110C1CF400770A9B4AD190
:1034A0001CF4807003F1040440F034811CF0400FE0
:1034B00040F0A3801CF0800F00F0D381B3F900101E
:1034C00081EAE177A7EBE177BFB2CB0F002900F0EB
:1034D00056813A4612A90F46DFF8D8E30B910A93BA
:1034E0000C9501E020280FD01546AEFB0213DB0837
:1034F00003EB8301A2EB41013031092D1A4600F1A3
:10350000010007F8011BEDD80A9B0C9DCDE9055C75
:10351000CDE9010304960B9B424600930A235146D2
:10352000039358464B46FEF7CBFE0A948046EFE4E1
:1035300023F00C0321E7073323F00703194608465D
:103540005B6850F8081BDF0F0A9051EA030062D154
:10355000002A40F09F811346114612AACDE90C754E
:1035600000201546CDE90E68DFF848E30B9201E034
:1035700020282DD05A1842F10002AEFB027828F024
:10358000030707EB9807D21B1E469B1A61F1000741
:103590000C464FF0CC3101FB03F10EFB0711A3FBEE
:1035A0000E731944052307F00108A8FB03389B1884
:1035B0000A2E03F130034FEA570774F1000405F8AF
:1035C000013B00F1010047EAC1734FEA5101CFD23C
:1035D000DDE90C75DDE90E680B9B424600930A237A
:1035E000CDE9055CCDE90107049603934B465146AE
:1035F0005846FEF765FE80468AE419780F4664E770
:103600001027BC46B3E623F0100C45E71C064CBF60
:1036100012881268C0E60A46191E01DB13469CE7B1
:103620005242134661EB410197E713465146187821
:1036300042464B46D847B04648E613F0200F14BF29
:103640004120612012ACA6460B940A93A0F10A0413
:103650000C9502E0202912D02A46B2FBFCF50CFBA7
:103660001520C3B2092803F130008ABF1B19C3B269
:10367000DBB262450EF8013B01F10101EAD20A9B7F
:103680000C9D94E60A9A073222F00702516852F81C
:10369000084B8E460A9254EA010276D123F01003B9
:1036A000002872D00022114612AA0B92CDE90553D0
:1036B0000B9B424600930023CDE903C60191029380
:1036C00094E7A54298BF01347FF674AD4FF4806350
:1036D000CDE90A7505EB08021F460D46141B42464C
:1036E0004B465146202008F10108D847A045F6D1A5
:1036F0003B460A9F294638780B9D6C1C00283FF4F6
:1037000070AD002B3FF475AE002353E5A542DFD822
:1037100001346EE61968CB0F002900F0A88081EA19
:10372000E172A2EBE17212A90846DFF888E10B9181
:103730000A930C9501E0202F0FD01546AEFB021323
:10374000DB0803EB8301A2EB41013031092D1A465E
:1037500007F1010700F8011BEDD80A9B0C9DCDE98C
:10376000055CCDE901730496D5E6692823F0100CB9
:1037700040F08C8013F480623FF48EAE88E6002A1D
:103780003FF4A8AE12AA0B92C0E613F0200F14BFAC
:1037900041226122002012A90A3ACDE90E68CDE942
:1037A0000C35CDF844B006468846754693460B91D5
:1037B000CDF840C003E0202E17D004460D46294620
:1037C0003A460023204605F013FDD2B2092A02F141
:1037D000300388BF02EB0B03BC42DBB275F100057E
:1037E00008F8013B06F10106E5D23146DDE90C356A
:1037F000DDE910CBDDF83C800E9E57E70A99096899
:1038000051B923F0100338B112A90B91CDE905533A
:10381000CDE903C60192CFE513F0200F14BF41207C
:10382000612012ACA6460B940A93A0F10A040C95F1
:1038300002E0202A12D02946B1FBFCF50CFB151042
:10384000C3B2092803F130008ABF1B19C3B2DBB22F
:1038500061450EF8013B02F10102EAD20A9B0C9D80
:10386000D4E7196881EAE177A7EBE1772DE6002A32
:103870003FF459AF12AA0B9271E713F480640DD094
:1038800013F0020412D004464646ECE50A276346CC
:10389000BC466CE512AB00200B939DE613F00203CF
:1038A0007FF4E0AD002D7FF413AF9AE4002D7FF498
:1038B0000DAF96E4CDCCCCCC0EB410B585B007AC32
:1038C00054F8043B01464FF0FF320094044803943F
:1038D000FFF700FB05B0BDE8104003B0704700BF24
:1038E0001922001010B5094B84B01C684CB1034676
:1038F00000914FF0FF3203A90548A047012004B012
:1039000010BD00F05FF9204604B010BD94280020DF
:103910009524001000BEFDE7074A0346106838B141
:10392000064903448B428CBF4FF0FF301360704751
:10393000034908461160F3E79024002000000820A6
:10394000B02A002008B5FFF7E5FF00BF38B5064CE8
:10395000064DFEF707F9AC4204D254F8043B9847F1
:10396000AC42FAD338BD00BF709200107C920010B8
:1039700003680846114618472DE9F0411546427D77
:1039800007468846002A46D0002D1DDD0B780A2BFD
:1039900023D0012D4FF0000C18D04646012416F814
:1039A000012F21460A2A04F1010422D0A542F6D1B2
:1039B00065450BDC08EB050313F8013CA3F10D038F
:1039C000B3FA83F35B093B75BDE8F0813B68A5EB77
:1039D0000C0108EB0C009847ECE7037D002BD8D1D5
:1039E000036802210F489847012DE3D04FF0010CE6
:1039F000D3E716F8013C0D2BD8D08C4508EB0C0012
:103A0000A1EB0C0101DA3B689847022105483B68AD
:103A10009847A446CAE7294640463B68BDE8F041BE
:103A2000184700BF989500102DE9F04782B00D4669
:103A300091461C460646FDF7D7FE4FF0FF3C6FF05F
:103A400000472E4A821841F10003944577EB0301A9
:103A50003CBF62463B462A4805F0D6FB6B1C8046BD
:103A600040D00CB3274F284B1C68B4B1B9F1000FFC
:103A70001CD1DFF89C9001E0246974B12368002B0D
:103A8000FAD0D9F800300BB19C42F5D120462A4635
:103A90003146B8472469002CF0D1B8F1000F26D187
:103AA000284602B0BDE8F087184FDCE74FF00A0A5D
:103AB000DFF85C9002E02469002CEED02368002B34
:103AC000F9D0D9F800300BB1A342F4D12A463146DF
:103AD0002046B847012220460DF107018DF807A0C6
:103AE000B847E8E7304605F0F7F90546B9E7044876
:103AF00005F082FB284602B0BDE8F08740420F0087
:103B0000081B002079390010802400207139001032
:103B10008C240020084A136823B90AE003F110023C
:103B20001B6933B18342F9D129B918691060196151
:103B3000704701B1106070478024002000F06EBA19
:103B4000F0B583B006468DF80700FDF74DFE4FF047
:103B5000FF356FF00044174A821841F10003954287
:103B600074EB03013CBF23462A46134805F04CFB87
:103B7000124B07461C689CB1114D01E024697CB1D1
:103B80002368002BFAD02B680BB19C42F6D120465B
:103B900001220DF10701FFF7EFFE2469002CEFD1A0
:103BA00017B9304603B0F0BD034805F025FB304699
:103BB00003B0F0BD40420F00081B0020802400200D
:103BC0008C24002038B5044605F086F9012305460B
:103BD0001A4620462946FFF727FF084B1C682CB1E0
:103BE00063682BB198472469002CF9D1284638BD69
:103BF0002469002CF4D1284638BD00BF8024002061
:103C0000704700BF0022014B1A707047A92A00209C
:103C10004B79FF2B0BD1887948B9CB79012B07D190
:103C2000082A05D9034B8A7809201A7070470020AA
:103C3000704700BFA92A002001207047012901D048
:103C40000120704708B5104B91881B78994201D02C
:103C5000002008BD5378012B08D0022BF8D1002199
:103C600064220846FDF7BAFE012008BD5188CB0545
:103C700048BF480AC1F3402258BF4FF0FF3001F05F
:103C80007F01FDF729FF00BFA92A002000487047E7
:103C900064960010012907D15378012B02D1938833
:103CA000072B03D000207047012070471146A62340
:103CB000014A01F039BA00BFBC9500100346012249
:103CC00001481A70704700BF9C95001008B50B683A
:103CD000B3F5966F00D008BD00224FF0FF301146BB
:103CE000FDF7FAFE024A034B10601960704700BFEF
:103CF0002024002024240020184B70B51A68002AC4
:103D000028D0EFF3108172B6D2E8CF4F0120002CFB
:103D1000FAD1C2E8440F002CF6D1BFF35F8F002226
:103D20000F4C186859602270C0E88F2F81F31088FB
:103D3000002400250B4E3078FCF72CFE20B900241F
:103D400000252046294670BD3078FCF733FE20461A
:103D5000294670BD4FF47A740025EBE7BC2800209B
:103D6000AB2A0020AA2A0020014B1878FCF722BEBB
:103D7000AA2A002038B5044600200D4601F004FBB5
:103D8000A8B3002001F016FB88B3FDF72DFD4FF01E
:103D9000FF3E6FF0004C174A821841F10003964530
:103DA0007CEB03013CBF72466346134805F02CFAD6
:103DB000E8B1002001F0E8FA58B900214FF0FF30D7
:103DC00000F00AFD6FF002040B4805F015FA2046DA
:103DD00038BD002001F0EEFA0028EED021462A4638
:103DE000002001F0F1FA04460028EDD1EAE76FF077
:103DF0000204ECE740420F008C29002008B5FDF7D3
:103E0000F3FC4FF0FF3E6FF0004C0F4A821841F177
:103E1000000396457CEB03013CBF724663460B48AA
:103E200005F0F2F970B14FF0FF30002100F0D4FC42
:103E3000002001F011FB0028F5D1BDE8084003483F
:103E400005F0DAB908BD00BF40420F008C29002000
:103E50002DE9F84380460F46FDF7C6FC4FF0FF35CD
:103E60006FF00044334A821841F10003954274EB2D
:103E700003013CBF2A4623462F4805F0C5F908B97F
:103E8000BDE8F883002001F07FFA002847D0002F1A
:103E900040DD0025DFF8A890284E13E022460020E0
:103EA00001F020FB002104464FF0FF3000F094FCAD
:103EB000002001F0D1FAFDF797FCC9E90001254483
:103EC000AF4227DD002001F02DFB7C1B8442A8BF00
:103ED000044608EB0501002CE0D121464FF0FF30ED
:103EE00000F07AFC204601F0B7FA204601F04CFAC7
:103EF00080B1204601F016FB0028E1D1FDF774FCEB
:103F0000D9F80030D9F804209B1942F1000283420D
:103F10008A41D5D20848BDE8F84305F06DB90020C4
:103F20000021074BC3E90001BDE8F843024805F052
:103F300063B900BF40420F008C29002020A1070078
:103F4000981C002030B5002185B02E4805F064F99A
:103F5000F0B92D4B1A68CAB1EFF3108172B6D2E8EE
:103F6000CF5F0124002DFAD1C2E8454F002DF6D1D4
:103F7000BFF35F8F254C1D6822785960D3B20122B0
:103F80002270C5E88F0F81F31088CBB105B030BD2A
:103F900000214FF0FF3000F01FFC002001F00AFA72
:103FA0000446184805F028F9002CEFD0184B1B6880
:103FB000002BEBD0174A106805B0BDE83040184719
:103FC000FDF70AFA0446FDF70FFC4FF0FF3C6FF0D7
:103FD000004510F57A7241F10003944575EB030139
:103FE00038BF2B464FF000014FF0010520460A4C28
:103FF00038BF6246CDE901150094FDF7F1F905B02F
:1040000030BD00BF8C290020BC280020AB2A002036
:104010002024002024240020F93C00104FF05043BD
:1040200030B585B01C68FDF7D7F9FDF7EBFAA04273
:1040300002D0002005B030BD00212A4B08461B7875
:1040400001F038FD28480368002B47D00120FCF719
:1040500049FF0346254C2649C0B22370FCF7C6FC35
:1040600020780121FCF780FC0E20FCF7AFFC40BB60
:10407000204B0125C3E90000FDF7AEF90446FDF72A
:10408000B3FB4FF0FF3E6FF0004C10F57A7241F138
:10409000000396457CEB03014FF000012046164CCF
:1040A0003CBF72466346CDE901150094FDF798F9CF
:1040B0000028BEDB01211148FFF72CFD012005B0CF
:1040C00030BD0120FCF70CFC01460A48FCF766FFF6
:1040D00000220E200A49FCF7B9FCEBE7FCF742FF8F
:1040E000B4E700BF909700108C290020AA2A002076
:1040F000453F0010BC280020F93C0010601500204E
:10410000693D001000487047009700100048704754
:10411000AC96001038B5184B04461A780AB344B967
:1041200040F209424FF44173144D6A8013482B80CA
:1041300038BD052C1DD8124B104D53F824102846BD
:104140000023013903E0132B20F8022F0ED011F8C1
:10415000012F0133DBB2002AF5D15B0043F4407339
:10416000E4E71121184600F025F8D8E74FF44A7328
:10417000DCE7002038BD00BFC02900205824002003
:104180009496001000B545F247308BB0FDF798FCCF
:1041900001220346092101A89847DDE903320449B9
:1041A00012BA1BBAC1E900230BB05DF804FB00BFD3
:1041B00080290020012901F1FF3300F0B3805D491F
:1041C0000A784FEA121C9F2A8CBF0CF1370C0CF1B5
:1041D000300C012B80F800C000F0A78002F00F0225
:1041E000092A8CBF37323032022B427000F09D809A
:1041F0004A784FEA121C9F2A8CBF0CF1370C0CF145
:10420000300C032B80F802C000F08F8002F00F0208
:10421000092A8CBF37323032042BC27000F08580FF
:104220008A784FEA121C9F2A8CBF0CF1370C0CF1D4
:10423000300C052B80F804C077D002F00F02092A59
:104240008CBF37323032062B42716ED0CA784FEABB
:10425000121C9F2A8CBF0CF1370C0CF1300C072B71
:1042600080F806C061D002F00F02092A8CBF3732F5
:104270003032082BC27158D00A794FEA121C9F2A9B
:104280008CBF0CF1370C0CF1300C092B80F808C0F6
:104290004BD002F00F02092A8CBF373230320A2B82
:1042A000427242D04A794FEA121C9F2A8CBF0CF10D
:1042B000370C0CF1300C0B2B80F80AC035D002F013
:1042C0000F02092A8CBF373230320C2BC2722CD02D
:1042D0008A794FEA121C9F2A8CBF0CF1370C0CF123
:1042E000300C0D2B80F80CC01FD002F00F02092AF1
:1042F0008CBF373230320E2B427316D0CA79110977
:104300009F2A8CBF373130310F2B81730DD002F0D3
:104310000F02092A94BF30323732102BC27318BFF4
:10432000103002D00023037070471844002303703C
:10433000704700BF8029002070B500F02DF90C23D4
:104340004026194CFF22A3670E201849FCF77EFB7C
:1043500032460021164804F0D1FC012500238021BB
:104360001348144A4184457006830687826043607F
:10437000136042F8043C80F8213080F83B304362FF
:104380000D4B4FF00056C360C362803B836204F064
:1043900047FF4FF480320949094B25642846E664FB
:1043A000C4F89010DA6470BD000011509D03002025
:1043B00094240020840010500001105010D00100FF
:1043C0000020115001210E20FCF7CEBA0022024835
:1043D000114600F001B900BFB4240020044B19704D
:1043E00021B14FF40032034BC3F89020704700BF57
:1043F000A52A0020002011500B785B0602D14B78D3
:10440000052B00D070474B88014ADBB21360704720
:1044100000001150CB782DE9F04103F0030EBEF1FE
:10442000010FC3F301005BD0002791F802C0344CA8
:104430000CF07F025600898806EBDC1304EB431373
:104440004FEADC15D876C1F30A0185F0010083F844
:1044500002C019835870DF70D3008DBB2948043324
:1044600004EB821C03EB0008CCF808801F5082B3D9
:10447000254BD2001344CCF80430244B3F311A684A
:1044800021F03F01BEF1020F08BF4900114419603D
:104490001F4B771904EB47179942FA602BD82E442B
:1044A00004EB4613D97E82F0A04282F480125B684E
:1044B00042EA816242F000421A600120BDE8F081C8
:1044C000104804EB821C0344CCF8283040F83270CA
:1044D0004AB900220F4904EB4513D9605A60ECE752
:1044E0000020BDE8F081D20002F1A04202F5801266
:1044F000CCF82420C1E7FDF72FFBFA68CFE700BF17
:10450000942400208000105004001050A0280020A7
:10451000FF0F10500001105004F082BE8C4608B509
:10452000114607481A460CF07F034FEADC1C0CEBDF
:10453000430C00EB4C1000F04FF8012008BD00BF09
:104540009424002011F07F0205D100290CBF022025
:104550000120064B9866C909054B01EB420003EBAD
:1045600040104FF40062002104F04ABE00201150B8
:104570009424002011F07F0300D1704700220548E9
:104580005B0003EBD11300EB43106FF40061C270CA
:1045900004F036BE942400204FF0805209480A49A6
:1045A00008B50A4B02600A609968C94311F080514E
:1045B000FAD14FF48052064804F0A0FB0922054BC3
:1045C0005A6708BD0020024000300240000002404F
:1045D000000010500000115000234FF0010C10B5E6
:1045E00080F81AC08282C3820161044604F01CFE76
:1045F00020B14FF40032074BC3F89020204604F05E
:1046000007FE10B10123237710BD2046BDE81040FE
:1046100004F0E6BD002011502DE9F04100241D4EAC
:10462000054623463278DFF878801B4F0DE03B6863
:1046300013EB441324D0DB682846984732780134C2
:10464000E4B2511CA142234606DBA242A3EB0203C3
:10465000EDD808EB4313EEE7542200210F4804F095
:104660004DFB4FF0FF330D482022041D4360C4E989
:104670000133E360FF21BDE8F041143004F03EBB9C
:104680004FF0E023D3F8F03DDB0700D500BEBDE8D6
:10469000F08100BFA42A0020601E002030200020EE
:1046A00014970010704700BF704700BF002070478C
:1046B00000207047704700BF704700BF704700BFC1
:1046C000704700BF024B5878003818BF0120704770
:1046D00030200020024B1878C0F38000704700BFE4
:1046E000302000202DE9F047DFF8E4A09AF80030F0
:1046F000FF2B56D10E4600293ED0002154220746FA
:10470000294804F0FBFA0022284C294B20461A7055
:10471000FCF728FC274B28481C60284CFCF730FC91
:10472000204601F0ABFD264A264B146023B12648F3
:10473000FFF7C4FA254B18600024234D23462A783E
:10474000DFF89090DFF884800EE0D8F8003013EBAB
:10475000441311D05B687BB198472A780134E4B2E6
:10476000511CA142234611DBA242EED89B1A09EB51
:1047700043135B68002BEFD14FF0E023D3F8F03DFB
:10478000DB0700D500BE0020BDE8F0873146384683
:104790008AF80070FFF7D0FD0028EDD03846FFF70B
:1047A00011FE0120BDE8F0873020002028200020E5
:1047B000A62A0020842000208C15002078150020D7
:1047C00088200020BD3C0010A42A0020601E00208C
:1047D00094150020149700102DE9F04FDFF8C892CF
:1047E0008BB099F80030FF2B00F0F180A84CA94D58
:1047F000DFF8B0A2DFF8B4B226687369EFF3108275
:1048000072B6D3E8CF0F01210028FAD1C3E8401FC8
:104810000028F6D1BFF35F8FB261304607A901F0DF
:1048200077FB00237269C2E88F3FB36983F3108876
:10483000002800F0CC809DF81D30013B072B00F2D2
:104840007D83DFE803F0A7B1959D8E350A04089BB0
:10485000002BD1D009989847CEE79DF8201001F0A1
:104860007F0605EB460000EBD11090F8343023F0C2
:10487000010380F8343090F8343023F0040380F8DA
:104880003430002E00F0A680037D9AF80020934279
:1048900080F09380804A126812EB431300F09080FE
:1048A0009E699DF82120099B9DF81C00B047A3E755
:1048B0009BF80030002B00F083809BF80030013B18
:1048C000DBB28BF800309BF8003003F0FF00002BC8
:1048D00092D1704F9DF81C803B7843F001033B70F0
:1048E00097F8343060F3000387F8343097F83430A9
:1048F00060F3820387F8343097F8353060F30003B3
:1049000087F8353097F8353060F3820387F8353013
:1049100000F06CFC9DF8203003F06002602A6CD03F
:10492000402A7CD003F01F03012B00F0C180022B32
:1049300000F08180002B60D1202A00F0E981002A5C
:104940005BD19DF82130092B57D8DFE813F0B00177
:10495000A2015600C101560095016B01560060018D
:10496000F4002B78D9077FF547AFFFF7A9FE43E79F
:10497000EB78DA077FF540AF0898FFF795FE3BE745
:104980002B78D8077FF538AF2878C0F3C000FFF741
:1049900095FE31E79DF81C00FFF73EFE00F01CFC81
:1049A0009DF82030AB7027E79DF81C00FFF734FE20
:1049B00000F012FCFFF780FE1EE7501C984211DA4F
:1049C0004FF0E023D3F8F03DDC0700D500BE0BB07C
:1049D000BDE8F08F099B9DF821209DF81C0000F098
:1049E00019FC09E79B1A2D4A02EB431358E7FFF71E
:1049F0008DFB0246002840F082814FF0E023D3F87F
:104A0000F03DDE0700D500BE9DF81C000021FFF739
:104A100099FD80219DF81C00FFF794FDECE62048ED
:104A200000F0E4FB0121404608AAFFF733F9002813
:104A30007FF4E2AEE8E79DF8241011F0700FDCD1AE
:104A400001F07F0607EB4600164B00EBD1101B78F8
:104A5000007D7600019698424FEAD116009659D310
:104A60005E1C8642C0F26681C01A0C4B03EB4016F6
:104A7000002A00F06381706900F0B8FB0121404614
:104A8000736908AA984700287FF4B6AEBCE700BF58
:104A90008820002030200020601E00201497001085
:104AA000953C0010A42A002094150020A62A00207E
:104AB0009DF824300F2BA7D8AE4A3B441B791278BF
:104AC000934232D3511C99429EDBAB4E9B1A06EBAC
:104AD0004316706900F08AFB01214046736908AAF9
:104AE000984700287FF488AE9DF8203013F06006C8
:104AF0008AD19DF821300A3B012B85D800F076FB46
:104B00009DF821300A2B00F0F281404608A900F000
:104B1000F1FA71E6994B1B6803EB4016002A00F08E
:104B20000D81002E3FF470AFA5E7944A166816EB8E
:104B30004316CED168E77B789DF822609E4200F054
:104B40004F817B78002B40F0BE817E70002E00F0FC
:104B50004581701EC0B2FFF7D9FA0346002800F065
:104B60005F814278022A40F05B81C17903F1090636
:104B7000C1F340121201C1F3801142EA41123146E1
:104B8000387820F0300002433A705A88CDF80C8013
:104B90009A180192019B8B4240F2A4814A780B2A19
:104BA00000F0AF810123042A40F03A810026019AE7
:104BB0000096521A92B202926E4A049312781DE045
:104BC0006E4B1B6813EB461800F02A81029AD8F846
:104BD000103003980591984708280246059906F178
:104BE000010303D90298904280F0FF80DEB2614B4E
:104BF00000961A78531C9E4200F31281009BB24229
:104C0000A3EB0202DCD85C4B03EB4218DEE77B78B7
:104C100040468DF81A300DF11A02012308A900F060
:104C200083FAE9E5BDF82200030A013B020AC0B29B
:104C30000E2B3FF6E9AE01A151F823F0514E0010C2
:104C4000ED4C00108D4E0010094A0010094A00106A
:104C50006F4E0010ED4C0010094A0010094A001078
:104C6000094A0010094A0010094A0010094A0010B8
:104C7000094A0010434E001008A800F0BDFA404653
:104C80009DF82210FFF7A2FB3B7843F002033B7034
:104C9000B2E5BDF82230012B7FF4B6AE3B7840463A
:104CA00023F0080308A93B7000F024FAA4E540466D
:104CB0003B789A0802F00202C3F340131343ADF8A5
:104CC0001A300DF11A02022308A900F02DFA93E51B
:104CD000BDF82230012B7FF497AE3B78404643F07D
:104CE000080308A93B7000F005FA85E5022A3FF4A5
:104CF0007EAEFFF7DDFC024600283FF485AE40465D
:104D0000538808A900F010FA00287FF475AD7BE6FF
:104D10009DF824300F2B3FF677AE164A3B441B79A3
:104D2000127893421DD2154A166816EB43167FF48B
:104D3000A2AE69E6002A7FF467AE00269DF8212026
:104D400002F0FD03012B1BD0002A7FF456AE019B1D
:104D5000009A3B44134493F834304046C3F3400375
:104D6000ADE7511C9942FFF64FAE034E9B1A06EB7E
:104D7000431680E6A42A002014970010601E00202D
:104D8000BDF82230B3B9012A99F8000000F08680FE
:104D9000FFF7D8FB019B009A3B44134493F834205F
:104DA00042F0020283F8342093F8342042F00102EA
:104DB00083F83420002E3FF41FAD706900F016FA1E
:104DC0007369012108AA40469847002000F00EFAB6
:104DD00097F83530DF073FF50FAD96E6FFF76CFC2F
:104DE000404608A900F086F906E5049B012B00F077
:104DF0009E80002B00F08A80002091F8028005E060
:104E00008CF804605FFA80FC63457FD908EB000CE6
:104E100057FA8CFC9CF804E00130BEF1FF0FEFD094
:104E20004FF0E023D3F8F03DDA0700D500BE4FF095
:104E3000E023D3F8F03DDB0700D500BE00237B70F4
:104E4000E2E5FEF723FF024600287FF458AFDBE5DA
:104E5000FFF758F9024600283FF4CFAD4046122331
:104E600008A900F061F900287FF4C6ACCCE5FFF793
:104E70001DFC024600283FF4C7AD4046137808A940
:104E800000F052F900287FF4B7ACBDE5BDF824105E
:104E9000FFF740F902460028EFD1B5E50293FFF78E
:104EA00069FB019A009B3A441A4492F83410029B21
:104EB00063F3410182F8341092F8341063F3000177
:104EC00082F8341076E700214046FFF787FA404623
:104ED000FFF722FBBB7840460093FFF79DFB009B4A
:104EE000BB7032E6DDF80C80FFF7E4FB78E7404664
:104EF000012308A90DF11A028DF81A6000F014F9C7
:104F00007AE40A78CB7811444A784CE63346104864
:104F10000492029100F076FE0E4B049A02991B78DF
:104F20001144009A01339342BFF634AE78E7D8F8C3
:104F300010C00948844508BF02235DE74FF0E02315
:104F4000D3F8F03DDB077FF557AC00BE54E400BF5B
:104F500044200020A42A0020255600102DE9F84FF7
:104F60000A9F002A40D00C461E4615464FF0000A04
:104F7000DFF87C90DFF87C8018E0204698F802107B
:104F800099F800B000F00EFEE0B121465846FFF758
:104F900041FAF0B1A2780AF1010AD10916BF0B9BC0
:104FA0003A701A702278AA4514441DD06278052AF6
:104FB0000FD1E17801F00301B1420AD1A27812F0D9
:104FC000700FDAD04FF0E023D3F8F03DDA0700D5C8
:104FD00000BE4FF0E023D3F8F03DDB0702D4002001
:104FE000BDE8F88F00BEFAE70120BDE8F88F00BFEA
:104FF000941500203020002038B58B7813F0700F06
:1050000008D04FF0E023D3F8F03DDB0700D500BE19
:10501000002038BD074A084B0C46084691781D7899
:1050200000F0C0FD0028ECD021462846BDE83840FD
:10503000FFF7F0B930200020941500200B46064AF7
:1050400006481168DA09343203F07F0302EB4303A8
:10505000184400F061BD00BF8420002030200020F3
:105060000B46064A06481168DA09343203F07F031A
:1050700002EB4303184400F079BD00BF84200020F8
:105080003020002010B5194801F07F0C00EB4C00D7
:1050900000EBD11090F834C01CF0010F08D04FF095
:1050A000E023D3F8F03DDA0700D500BE002010BDA4
:1050B00000F1300494F804C00D484CF0010C007865
:1050C00084F804C0FFF72AFA0028F0D14FF0E0215D
:1050D000227960F300022271227960F38202227148
:1050E000D1F8F03DDB07E1D500BEDFE7302000203E
:1050F0009415002030B50B4C8C46A6460546086832
:1051000049680023AEE803009CF800102846C94314
:10511000C4E90233BDE830401A4601F08001FFF7D0
:10512000B1BF00BFF01F00202DE9F041284F4FF024
:105130000008BE468C46064608684968BA60AEE874
:105140000300A7F80E801546BCF80620934228BF3E
:105150001346BB819AB11C4633B3DDB197F90030D9
:10516000402C28BF4024002B29DB414623463046F3
:10517000184AFFF787FF68B10120BDE8F0819CF86D
:1051800000101346C943304601F08001FFF77AFF53
:105190000028F1D14FF0E023D3F8F03DDB0700D534
:1051A00000BE0020BDE8F0811A46397801F0800188
:1051B00023463046FFF766FF0028DDD1EAE72246A6
:1051C0002946044803F012FE8021024AF0E700BF9E
:1051D000F01F0020B01F00200022034BC3E9002273
:1051E000C3E902221A617047F01F0020014B1861C9
:1051F000704700BFF01F002030B40246044C002569
:10520000234600685168C4E9025530BC03C37047A7
:10521000F01F002070B53D4CC90922780646B1EB5D
:10522000D21F1D4682B017D053B14FF0E023D3F800
:10523000F03DDB0702D4002002B070BD00BEFAE7EB
:105240002146FFF7D9F823691BB1224603213046D6
:105250009847012002B070BD94F90030002B06DBA6
:10526000A0680028E7D02A46294903F0BFFDE0895D
:10527000A168E388284480B229448342E081A16088
:1052800016D03F2D14D9A28994F90040131A9BB26D
:10529000402B28BF4023002C27DB90424FF0000119
:1052A00031D01B4A3046FFF7EDFE0028D1D1BCE7D4
:1052B000236923B102213046144A984760B121780E
:1052C0000023C94330461A4601F08001FFF7DAFE99
:1052D0000028AAD00120BDE701463046FFF732F989
:1052E00080213046FFF72EF9B3E7904208D01A46E6
:1052F0000748019303F07AFD8021054A019BD1E71D
:1053000080210022CEE70A46CCE700BFF01F002034
:10531000B01F00202DE9F0410446FFF7D3F908B98A
:10532000BDE8F081FFF7D6F905460028F8D1C8237B
:1053300004FB03F3124EF718F9780029F0D010336C
:105340001E44304600F0D2FD3F28E9D92846F978BE
:10535000FFF774FE0028E3D0304600F0C7FD3F2879
:10536000F97808D9074A284602EBC4124023BDE861
:10537000F041FFF787BE2846BDE8F041FFF770BE59
:10538000E81E0020641E002010B50446FFF79AF9BD
:1053900008B9002010BDFFF79DF90028F9D1C822F7
:1053A000034B02FB0433187900F0010010BD00BF6D
:1053B000E81E0020C82208B5024B02FB003000F0B6
:1053C0007BFD08BDF81E00202DE9F8434FF6FF7362
:1053D000C8249A4228BF1A4600FB04F4DFF8748000
:1053E00004F110054544064692B2284600F0DAFD65
:1053F0000746FFF767F910B93846BDE8F883FFF7AD
:1054000069F981460028F7D1A04498F80330002BB1
:10541000F2D0284600F06AFD3F28EDD9484698F8BA
:105420000310FFF70BFE0028E6D0284600F05EFDD3
:105430003F2898F8031007D9054A4846402302EB55
:10544000C612FFF71FFED7E74846FFF709FED3E76E
:10545000641E0020E81E00202DE9F0410446FFF7FD
:1054600031F910B90020BDE8F081FFF733F90546A6
:105470000028F7D1C82604FB06F6DFF8648006F1A1
:1054800024074744384600F017FD0028EAD0B0440E
:10549000284698F80210FFF7D1FD0028E2D00F4E01
:1054A000384606EBC4163146402200F07BFD98F8E2
:1054B0000210044668B1034632462846FFF7E2FD73
:1054C00050B94FF0E023D3F8F03DDB07CAD500BE5A
:1054D000C8E7FFF7C5FDC5E72046C4E7A41E0020C6
:1054E000E81E002038B54FF6FF75C823AA4228BF32
:1054F0002A460B4C92B203FB00440546204600F0BE
:105500000FFE034620461C4600F0D6FC3F2801D87B
:10551000204638BD2846FFF79FFF204638BD00BF14
:105520000C1F0020C82208B5024B02FB003000F01F
:10553000DDFC08BD0C1F0020F0B5002483B0C8229C
:105540000021174803F0DAFBFF234FF4E131082272
:1055500014480470124800940746437181608273B6
:1055600000F1380101234022103000F075FC0123C6
:10557000402207F17801009307F1B80607F12400F3
:1055800000F06AFC07F1C0053046FBF7EBFC28464B
:10559000FBF7E8FCC7E90746C7E90C5403B0F0BDC8
:1055A000E81E0020E41E00200A4A116B136A61B154
:1055B0003BB10023C2E90C33D36100231362012005
:1055C00070470120C2E90C337047002BF7D0D1613E
:1055D000F3E700BFE81E0020002210B50E4C0F4874
:1055E000237802600271DA0707D59B070BD5BDE867
:1055F000104001210A4800F05DBE103000F03EFE70
:1056000023789B07F3D4064800F038FEBDE810402D
:105610000121034800F04EBEE41E0020E81E0020D9
:105620000C1F0020F0B54B7983B0022B02D18B798F
:10563000022B03D00025284603B0F0BD274FBB78CE
:105640003BB14FF0E023D3F8F03DDB07F2D500BECD
:10565000F0E78B7806463B700B78CC1861782429EC
:1056600008BF092507D036E023781C4461782B4415
:1056700024299DB207D1AA42F6D20020FFF74AFEA4
:10568000284603B0F0BD0B46052916D0042BF4D1F3
:1056900063790A2BF1D1124B2778019301330093E0
:1056A000022330461A46E119FFF758FC0028C8D0FB
:1056B0000E3517FA85F5ADB2DFE721463046FFF724
:1056C0009BFC0028BDD0A3787B7023785A191C441A
:1056D000637895B2DAE70B460925D5E7E81E002086
:1056E000EA1E0020137803F06003202B08D170B568
:1056F000264C938894F800C09C4503D0002070BDD0
:10570000002070475378203B032BF7D8DFE803F0E5
:1057100027230D0201292ED003291ED11C4BE3B1F2
:1057200000205188AFF3008017E0012923D003291E
:1057300013D15588174805F0010686F0010125713F
:1057400000F0B8FD144B43B131460020C5F34002D0
:10575000AFF3008001E0012911D0012070BD0129C3
:105760000DD00329F9D10D4B002BF6D000200C49A8
:10577000FEF7ACFAF1E71146FFF7BCFCEDE7114686
:105780000723074AFFF7D0FCE7E700BFE81E002029
:10579000000000000C1F002000000000CD3C0010A5
:1057A000F01E00202DE9F843354E0C46F2780746EE
:1057B0008A421D463DD0B3788B4212D04FF0E02391
:1057C000D3F8F03DDB0732D40020BDE8F8832D4B41
:1057D00023B12D4800F080FB00284DD00020FFF7BA
:1057E00099FDB378A34201D00120EEE7274B13B116
:1057F0000020AFF300800020FFF72EFE0028F3D139
:10580000234800F059FB0028EED1002DECD015F014
:105810003F05E9D13846B178FFF710FC0028E3D006
:105820002B462A463846B178FFF72CFCDCE700BE51
:10583000CAE79AB2174906F1100000F071FC164B46
:10584000002BC4D07379FF2BC1D0002DBFD0DFF85F
:10585000448008EB050902E0C845B8D0737918F810
:10586000012B9A42F8D1084800F036FB0028F3D10A
:105870007179AFF30080EFE7AFF30080AEE700BFD0
:10588000E81E002000000000F81E002000000000BC
:105890000C1F0020641E002000000000F0B54FF433
:1058A000137285B00021124803F028FA4026002325
:1058B0004FF480750E4F0F4C07F5A6721946CDE9CF
:1058C0000246009201951A4607F5947000F0C6F959
:1058D0000023384607F1280134440091012219467B
:1058E000CDE902460195043000F0B8F905B0F0BDED
:1058F000CC2100204C21002008B5054800F0DAF941
:10590000034BA3F5927000F0D5F9012008BD00BF4C
:10591000F422002038B50025064C04F59870257057
:1059200000F0ACFC04F10C0000F0A8FC84F8295154
:10593000657138BDCC2100202DE9F8434B79FF2B50
:1059400051D1354E96F82931002B4CD196F805806F
:10595000B8F1000F47D18B780C7833700B790F4674
:105960000C44ABB38146A51803E0A54230D9237897
:105970001C446378052BF8D1AC4229D22146484615
:10598000FFF73AFB40B3A378DB092FD1234800F09F
:1059900075FCA37896F8282186F82931A388484613
:1059A000C3F30A03A3F50073B3FA83F35B0963F34C
:1059B00041021B4986F8282100F0EAF960B12378FA
:1059C0003A7908F101081C445FFA88F39A42D0D86A
:1059D000E11B88B2BDE8F8834FF0E023D3F8F03D37
:1059E000DB0700D500BE0020BDE8F8830D4800F0BD
:1059F00045FCA37832797371A3880B49C3F30A037A
:105A0000A3F50073B3FA83F35B0963F3410200204B
:105A1000327100F085F9D2E7CC210020FC22002071
:105A2000F4220020D8210020D021002070B51B4C8A
:105A3000064694F829C11D468C4511D063798B42E6
:105A400001D0002070BD164B1BB10020A9B2AFF3EE
:105A500000803046134900F063F9C8B1012070BDE1
:105A6000B4F8343163B9104B23B100200F49AAB206
:105A7000AFF3008030460E4900F08AF90120EEE7CE
:105A8000D4F82C11AAB204F5987000F049FBEAE7AB
:105A90002A463046034900F00FF9DFE7CC21002009
:105AA00000000000D0210020000000004C21002058
:105AB000F422002010B582B0C9B101280CD80B78AF
:105AC00053B1144C012B235402D0012002B010BD5D
:105AD000FEF708FE0028F8D14FF0E023D3F8F03DA0
:105AE000DB0702D4002002B010BD00BEFAE701249B
:105AF000084601A9ADF80440FEF7F4FD38B94FF0AF
:105B0000E023D3F8F03DDA07EDD500BEEBE7014B1B
:105B10001C70E8E724200020F8B5037813F0010496
:105B20001AD1037805465A07C3F3800701D52046EA
:105B3000F8BD0E464FF0FF31304603F04DFB2B7899
:105B400013F001040BD12B785B0709D42B780124C7
:105B500043F004032B7003E000242046F8BD3C46CC
:105B6000304603F049FB2046F8BD00BF70B50C4637
:105B700005464FF0FF31204603F02EFB2B78C3F390
:105B800080065B0708D52B7813F0010311BF0026B0
:105B90002A7863F382022A70204603F02DFB3046F8
:105BA00070BD00BFC378828803F003000228C2F3EF
:105BB0000A0215D003280AD001281CD1022940F27C
:105BC000FF3308BF4FF4806393420DD3704702291F
:105BD00014BF40234FF48063934205D301207047E4
:105BE00002290AD0402AF9D94FF0E023D3F8F03D3A
:105BF000DB0700D500BE00207047B2F5007FEDD076
:105C0000F2E700BF0A44914226D291F801C0BCF1EC
:105C1000050F05D091F800C061448A42F5D870475D
:105C200000B591F802C00CF07F0E00EB4E0E4FEA6B
:105C3000DC1C0EF80C3091F800C061448A4209D98E
:105C400091F801C0BCF1050FEBD091F800C06144A0
:105C50008A42F5D85DF804FB704700BF2DE9F0419A
:105C60008E4682B0009390F800C0089EBDF8247064
:105C70006EF3000C04461546012331463A4600F8FF
:105C800008CBBDF82C8000F0E7F806B13FB9012041
:105C90000A9BA4F80280636002B0BDE8F08104F1C1
:105CA0001C063046FBF75EF90DB135460026C4E907
:105CB0000556ECE701207047F8B50746084640F264
:105CC000FF13154610F8082B0C4612F0020F0CBFFC
:105CD0003F261E4600F0F0F828B925B12E4202D129
:105CE0002378DA0701D50020F8BD38466178FFF740
:105CF000A5F90028F7D0237813F0010307D04FF05F
:105D0000E023D3F8F03DDB07EDD500BEEBE71A4604
:105D100038466178FFF7B6F90028F0D0F8BD00BF2B
:105D200070B501F10805064628460C4600F0C4F897
:105D300010B12378DA0701D5002070BD30466178B4
:105D4000FFF77CF90028F7D028466288616800F0E8
:105D500029F92378054603F0010340B173B14FF0F0
:105D6000E023D3F8F03DDB07E6D500BEE4E7002BE7
:105D7000E2D130466178FFF773F9DDE703466268E8
:105D800030466178FFF77EF90028E8D0284670BDDC
:105D90008A892DE9F0410B780C46064622B9DD07C9
:105DA00034D50020BDE8F08104F108079907384692
:105DB00047BF4FF47E484FF400754FF6C07840253A
:105DC00000F094F88542ECD82378DA07E9D430461D
:105DD0006178FFF733F90028E3D0384600F086F801
:105DE0002378854203F001032DD8BBB9658808EA02
:105DF0000008454528BF454661785DB362682B467B
:105E00003046FFF73FF948B12846CBE74978FFF71E
:105E100015F90028C5D02378D80707D54FF0E0231F
:105E2000D3F8F03DDB07BCD500BEBAE763886178E4
:105E30003BB162683046FFF725F90028EED0608854
:105E4000B0E71A46F6E7002BABD130466178FFF792
:105E500007F9A6E72A46D2E72DE9F041B2F5004F4F
:105E60009DF8188024D80446C06817460E461D4683
:105E700018B14FF0FF3103F0AFF9206918B14FF0BE
:105E8000FF3103F0A9F90022C5F30E03E06843EAED
:105E9000C83362812660A780E380228108B103F0C5
:105EA000ABF9206908B103F0A7F90120BDE8F08142
:105EB0000020BDE8F08100BF038942899BB292B205
:105EC0008088934236BFC2EB40029B1A9B189BB25C
:105ED000984228BF184670470289438990B29BB206
:105EE000C01AB0FA80F04009704700BF03894289A8
:105EF0009BB2808892B2934236BFC2EB40029B1A9B
:105F00009B189BB2984286BFC01A80B2002070478F
:105F100038B5044600690D4618B14FF0FF3103F063
:105F20005BF92189638989B29BB2A288994236BF05
:105F3000C3EB4200C81A401880B250B3824209D263
:105F400091422CBF891A89188BB29A42638103D877
:105F50009B1A9BB29A42FBD9E2882168C2F30E02D7
:105F600002FB0311284602F041FF6189012589B235
:105F70004B1C9BB29942A2880ED9002302FA05F16C
:105F80005B1A9BB22069638108B103F035F928469A
:105F900038BD054663899BB2B3EB420F4FEA42011D
:105FA000F0DBEDE72DE9F0470646006988469146AB
:105FB00018B14FF0FF3103F00FF9338974899BB2A8
:105FC000A4B2B588A34236BFC4EB45071F1BFF1818
:105FD000BFB2002F4AD0BD4240D3B94528BFB94611
:105FE000A5421FFA89F703D8641BA4B2A542FBD9C6
:105FF000B6F806A02B1B31689BB2CAF30E029F4273
:10600000924602FB041123D913FB02F31FFA83F912
:106010004A4640467D1B02F0E9FE621912FB0AF275
:10602000316808EB090092B202F0E0FE7289B5888F
:1060300092B2D3199BB29A421AD96A009B1A9BB2A8
:106040003069738108B103F0D7F83846BDE8F087AE
:10605000404607FB02F202F0C9FEE7E7AB422CBF65
:106060005B1B5B199CB22F467481B6E773899BB2A8
:10607000B3EB450F4FEA4502E2DBDFE7F8B5044634
:10608000C0680E4618B14FF0FF3103F0A5F825891E
:10609000238961899BB289B2A2888B4236BFC1EB4A
:1060A00042015B1A5B189BB29A42ADB208D8E779FD
:1060B000FF0905D1E06808B103F09EF83846F8BD45
:1060C000954228BF2B4618D39B1A9BB29342FBD212
:1060D000E2882068C2F30E0202FB0300314602F0A0
:1060E00085FE6B1C9BB29D42A28812D900235100F1
:1060F0005B1A9BB201272381DCE7E2882068C2F3A8
:106100000E0205FB0200314602F070FE0135A28846
:10611000ABB2B3EB420F4FEA4201EBDBE8E700BF63
:106120002DE9F04F174683B0002A75D00646C068A7
:10613000894618B14FF0FF3103F04EF8F379B6F805
:1061400008807289DB09B5881FFA88F892B23CD1C1
:10615000904536BFC2EB4502A8EB0202424492B220
:10616000AA425ED2AA1A92B2BA4228BF3A46B6F8FA
:1061700006B097B27B1B08EB070ACBF30E0B9BB262
:106180001FFA8AFAA845444603D3641BA4B2AC4262
:10619000FBD22D1B3068ADB2BD420BFB040057D3C0
:1061A00049460BFB07F202F021FEB288D0454FEAC8
:1061B000420302D8BAEB420F03DBAAEB03031FFA38
:1061C00083FA3D46A6F808A02CE0B6F806B0AF4228
:1061D000CBF30E0B2FD2904536BFC2EB4501A8EB97
:1061E0000201414489B2680039447B1B81429BB261
:1061F0000DDB02EB050A1FFA8AFAAAEB07081FFA61
:1062000088F8424537D9A8EB00001FFA80F807EB61
:10621000080A1FFA8AFAB5E71546284603B0BDE812
:10622000F08F0025F0680028F7D002F0E5FF28463F
:1062300003B0BDE8F08F002DF4D07F1B02EB050A00
:106240000BFB079990462F4600231FFA8AFA99E71D
:1062500015FB0BF5ADB22A464946019302F0C6FD87
:10626000019B3068E21812FB0BF209EB050192B2B8
:1062700002F0BCFD99E7404584DCC4E710B5044654
:10628000C06818B14FF0FF3102F0A6FF206918B1C5
:106290004FF0FF3102F0A0FF0023E068638123810B
:1062A00008B102F0A9FF206908B102F0A5FF0120A2
:1062B00010BD00BF38B50446C0680D4618B14FF098
:1062C000FF3102F089FF206918B14FF0FF3102F071
:1062D00083FFE379E06865F3C713E37108B102F067
:1062E0008BFF206908B102F087FF012038BD00BF95
:1062F000F8B504460D46EFF3108772B60C4B9B6859
:1063000053F82060B14204D00A4B9E420BD2FBF7F7
:1063100023FC074B9B6843F82450BFF35F8F87F340
:1063200010883046F8BD044B9E42F2D3EFE700BF21
:1063300000ED00E0100100101C0100102DE9F041FB
:1063400000270124944602680546D7665160D4664A
:106350001C1E38469DF818601EDD297986F001075D
:1063600089027F0204F1FF3E70450CBFB8464FF032
:1063700000081CF8013B0B4343EA08031361536B0D
:10638000D906FCD5D2F8801049B970451CD001302F
:1063900084424FF00001E7D12E71BDE8F0814FF04B
:1063A0000108536D536B9B05FCD5136EB8F1000FBC
:1063B000EDD069B1CB070BD411F0080F08BF4FF037
:1063C000FF302E71BDE8F081002EE0D1B046E9E744
:1063D0004FF0FF30E0E700BFF8B5044605200F4658
:1063E000FBF786FA00EB570CBCFBF7FC204D0CEBDF
:1063F0004C02A5FB02651F49AE088F4200EB40032B
:10640000ACEB95052ED801F1D64101F5A10101F6BD
:106410002C01A1FB03139B0D013300214F2A98BFD0
:1064200001222468B0FBFCF0E166216804F5805786
:1064300081F0040101F00601396088BF0C49E56173
:1064400084BFA1FB021292092662C4F8A020224652
:10645000012152F87C5F6B409BB202F580521360C1
:10646000E166F8BD0449A1FB0313DB0D0133D4E75A
:10647000CDCCCCCC3F420F00893BE6550E4A30B420
:10648000904214BF202210220C4D0D4B0D4C2A605F
:106490001A60A36832EA0303FBD140F265150324B6
:1064A00002680371D3661560D3639363C2F88840B2
:1064B00030BCFFF791BF00BFA015002000200240B4
:1064C000003002400000024010B49DF804400194E6
:1064D0005DF8044BFFF732BF70B51646026C0446F8
:1064E000856B2AB9066801354EB31046A56370BDA9
:1064F0008EB9406802F07AFC6368216CA2680B4494
:106500009342636028BF236805F1010528BF6360DB
:106510000020A56370BDC06802F068FC226CE368CF
:1065200051429B1A2268E360934202D2A3680B4453
:10653000E360022E08D001350020A56370BD80689D
:1065400001F03CFBA660D1E7012D38BF0125DFE754
:1065500070B5A0B3A1FB002305460E467BBB01FB33
:1065600000F010F1490F2AD8483001F08DFD0446A3
:1065700028B33EB300F148032360C4E90F5601F08D
:10658000DDFD0023FF20A363216CE36B226801FB88
:1065900003F3591A626013440A44C4E9023284F8CE
:1065A000440084F8450004F1100001F03FFF04F1BD
:1065B000240001F03BFF01F0CFFD204670BD002418
:1065C000204670BD0346D7E72DE9F043044685B069
:1065D0001F460192884601F0B1FDA26BE36B9A421F
:1065E00079D3022F77D0002204F12406019B002BDF
:1065F00000F0D480002A00F0CD8001F0ADFD00F065
:10660000C7FF01F09BFD94F84430FF2B04BF00232B
:1066100084F8443094F84530FF2B04BF002384F8FD
:10662000453001F099FD02A801A901F049FA0028BE
:1066300040F0BA8001F082FDA26BE36B9A425CD01D
:1066400001F08AFD01F07AFD94F8452055B2002D45
:1066500004DC11E06A1ED3B255B26BB1636A5BB160
:10666000304601F0B9F90028F4D001F059FA6A1E59
:10667000D3B255B2002BF1D1FF2384F8453001F09D
:106680006BFD01F05BFD94F8442055B2002D14DD44
:1066900004F1100903E06A1ED3B255B26BB123694D
:1066A0005BB1484601F098F90028F4D001F038FABF
:1066B0006A1ED3B255B2002BF1D1FF2384F84430C7
:1066C00001F04AFD00F06CFF01F038FDA16BE36BB7
:1066D000012299428AD23A4641462046FFF7FCFE03
:1066E000636A002B40F0A880002840F0A28001F0EF
:1066F00033FD012005B0BDE8F08304F1100901F07D
:106700002BFD4846019901F0B5F801F017FD94F80A
:1067100045305DB2002D04DC11E06B1EDAB25DB2D3
:106720006AB1636A5BB1304601F056F90028F4D0D3
:1067300001F0F6F96B1EDAB25DB2002AF1D1FF2347
:1067400084F8453001F008FD01F0F8FC94F844307D
:106750005DB2002D04DC11E06B1EDAB25DB26AB1ED
:1067600023695BB1484601F037F90028F4D001F005
:10677000D7F96B1EDAB25DB2002AF1D1FF2384F89B
:10678000443001F0E9FC00F00BFF00289CD101F03F
:10679000C9FC99E702A801F087F92EE701F0DCFCBB
:1067A000002005B0BDE8F08301F0C8FC94F8453046
:1067B0005DB2002D14DD04F1240603E06B1EDAB295
:1067C0005DB26AB1636A5BB1304601F005F9002839
:1067D000F4D001F0A5F96B1EDAB25DB2002AF1D156
:1067E000FF2384F8453001F0B7FC01F0A7FC94F8D2
:1067F00044305DB2002D14DD04F1100603E06B1E81
:10680000DAB25DB26AB123695BB1304601F0E4F8F7
:106810000028F4D001F084F96B1EDAB25DB2002AD0
:10682000F1D1FF2384F8443001F096FC00F0B8FE6B
:10683000B6E701F077FC5AE704F1240001F0CCF848
:1068400000283FF454AFF4E738B5482001F01CFCB1
:10685000044650B3002501232060C0E90F3501F044
:106860006DFCD4E90F31FF2001FB03F32268591AB4
:10687000626013440A44C4E90232A56384F8440008
:1068800084F8450004F1100001F0D0FD04F124006B
:1068900001F0CCFD01F060FC2B462A46294620463B
:1068A000A5602560E560FFF78FFE204638BD00BF7C
:1068B0002DE9F043044685B08846019201F03EFC84
:1068C000A56B002D40F01781019B002B00F0C680C6
:1068D00002A801F0E9F82F4604F1240601F03CFC7F
:1068E00000F056FE01F02AFC94F84430FF2B08BF5C
:1068F00084F8447094F84530FF2B08BF84F8457045
:1069000001F02AFC01A902A801F0DAF8002854D10C
:1069100001F014FCA36B002B40F0A68004F12409C5
:1069200001F01AFC4846019900F0A4FF01F006FCB2
:1069300094F845305DB2002D04DC11E06B1EDAB234
:106940005DB26AB1636A5BB1484601F045F8002860
:10695000F4D001F0E5F86B1EDAB25DB2002AF1D195
:10696000FF2384F8453001F0F7FB01F0E7FB94F8D2
:1069700044305DB2002D14DD04F1100903E06B1EFC
:10698000DAB25DB26AB123695BB1484601F024F81E
:106990000028F4D001F0C4F86B1EDAB25DB2002A10
:1069A000F1D1FF2384F8443001F0D6FB00F0F8FD6C
:1069B00000284AD101F0B6FB47E001F0BFFB94F894
:1069C00045305DB2002D04DC11E06B1EDAB25DB221
:1069D0006AB1636A5BB1304600F0FEFF0028F4D074
:1069E00001F09EF86B1EDAB25DB2002AF1D1FF23EE
:1069F00084F8453001F0B0FB01F0A0FB94F844307E
:106A00005DB2002D14DD04F1100903E06B1EDAB253
:106A10005DB26AB123695BB1484600F0DDFF002832
:106A2000F4D001F07DF86B1EDAB25DB2002AF1D12C
:106A3000FF2384F8443001F08FFB00F0B1FD01F03A
:106A40007DFBA36B53B101F087FB01F077FBA56BD6
:106A5000002D50D1019B002B7FF440AF01F07CFB57
:106A6000002005B0BDE8F08301F076FB01F066FB85
:106A700094F845305DB2002D14DD04F1240903E0E3
:106A80006B1EDAB25DB26AB1636A5BB1484600F070
:106A9000A3FF0028F4D001F043F86B1EDAB25DB218
:106AA000002AF1D1FF2384F8453001F055FB01F0B5
:106AB00045FB94F844305DB2002D14DD04F110095B
:106AC00003E06B1EDAB25DB26AB123695BB148467E
:106AD00000F082FF0028F4D001F022F86B1EDAB239
:106AE0005DB2002AF1D1FF2384F8443001F034FB79
:106AF00000F056FDA9E7226C5AB1E168A368114481
:106B00009942E16028BF2168404628BFE16002F059
:106B10006DF92369013DA5632BB901F01DFB01202F
:106B200005B0BDE8F08304F1100000F055FF002827
:106B3000F3D001F0F7FAF0E72DE9F043044685B011
:106B4000019101F0FBFAA56B002D40F03B81019B08
:106B5000002B00F0818002A800F0A6FF2F46A84677
:106B600004F1240601F0F8FA00F012FD01F0E6FA53
:106B700094F84430FF2B08BF84F8448094F84530E3
:106B8000FF2B08BF84F8458001F0E6FA01A902A8AE
:106B900000F096FF002862D101F0D0FAA36B002B21
:106BA00040F0AC8001F0D8FA2368002B00F001819E
:106BB00004F124094846019900F05CFE01F0BEFA98
:106BC00094F845305DB2002D04DC11E06B1EDAB2A2
:106BD0005DB26AB1636A5BB1484600F0FDFE002811
:106BE000F4D000F09DFF6B1EDAB25DB2002AF1D145
:106BF000FF2384F8453001F0AFFA01F09FFA94F8D2
:106C000044305DB2002D14DD04F1100903E06B1E69
:106C1000DAB25DB26AB123695BB1484600F0DCFECE
:106C20000028F4D000F07CFF6B1EDAB25DB2002ABF
:106C3000F1D1FF2384F8443001F08EFA00F0B0FC6B
:106C4000002800F0A58001F079FAA56B002D40F036
:106C5000B980019B002B85D101F07EFA4AE001F05A
:106C60006DFA94F845305DB2002D04DC11E06B1E26
:106C7000DAB25DB26AB1636A5BB1304600F0ACFE75
:106C80000028F4D000F04CFF6B1EDAB25DB2002A8F
:106C9000F1D1FF2384F8453001F05EFA01F04EFA9D
:106CA00094F844305DB2002D14DD04F1100903E0C6
:106CB0006B1EDAB25DB26AB123695BB1484600F07F
:106CC0008BFE0028F4D000F02BFF6B1EDAB25DB211
:106CD000002AF1D1FF2384F8443001F03DFA00F09E
:106CE0005FFC01F02BFAA36B002B4ED101F034FABC
:106CF000002F50D1002005B0BDE8F08301F02CFA40
:106D000001F01CFA94F845305DB2002D14DD04F159
:106D1000240903E06B1EDAB25DB26AB1636A5BB14B
:106D2000484600F059FE0028F4D000F0F9FE6B1E32
:106D3000DAB25DB2002AF1D1FF2384F8453001F0C8
:106D40000BFA01F0FBF994F844305DB2002D14DD2C
:106D500004F1100903E06B1EDAB25DB26AB1236977
:106D60005BB1484600F038FE0028F4D000F0D8FEB1
:106D70006B1EDAB25DB2002AF1D1FF2384F84430F1
:106D800001F0EAF900F00CFC5DE701F0E5F95AE7E3
:106D900001F0C8F957E701F0D1F9616A19B1236B25
:106DA0001968C1F10601A06800F03EFF01F0D4F9B6
:106DB000A0E701F0C3F9A06800F0B8FE074601F0B3
:106DC000CBF9F5E62368013DA56383B123692BB9AF
:106DD00001F0C2F9012005B0BDE8F08304F1100014
:106DE00000F0FAFD0028F3D001F09CF9F0E700F084
:106DF00057FFA060EAE700BF00296BD0564B5A68E6
:106E0000904200F08B801A6810B4002A3BD0DA68F8
:106E1000904200F09E809A68002A55D05A699042AC
:106E200000F095801A69002A55D0DA69904200F086
:106E300082809A69002A54D05A6A904256D01A6ABF
:106E4000002A57D0DA6A904277D09A6A002A56D040
:106E50005A6B904273D01A6B002A55D0DA6B90426D
:106E60006FD09A6B002A54D05A6C90426BD01A6C37
:106E7000002A59D0DA6C904267D09B6C002B58D016
:106E80005DF8044B7047DA68904262D05A699042CC
:106E90005DD01A46DC69A0424DD05C6AA04225D084
:106EA000DC6AA04249D05C6BA04248D0DC6BA042B7
:106EB00047D05C6CA04246D0DC6CA04245D0C2E911
:106EC00000105DF8044B70475A6990423FD003F1BF
:106ED0000802DFE77047DA6990422CD003F1100214
:106EE000DBE75A6A904201D01C4AD9E7042203EB3F
:106EF000C202E4E7DA6A90421FD0194AD3E75A6B1C
:106F000090421CD0174AD1E7DA6B904219D0164A4A
:106F1000CFE75A6C904216D0144ACDE7002203EB1B
:106F2000C202C2E900107047DA6C90420DD0104ADC
:106F3000C5E7104AC3E70322D9E70522D7E70622AF
:106F4000D5E70722D3E70822D1E70922CFE70222BB
:106F5000CDE70122CBE700BFA01C0020B81C002019
:106F6000C01C0020C81C0020D01C0020D81C002001
:106F7000E01C0020E81C002070B505460E461446B3
:106F800001F0DCF895F84430FF2B04BF002385F8AE
:106F9000443095F84530FF2B04BF002385F8453079
:106FA00001F0DAF8AB6B002B43D001F0C7F895F88D
:106FB00045305CB2002C14DD05F1240603E0631EAD
:106FC000DAB25CB26AB16B6A5BB1304600F004FDC4
:106FD0000028F4D000F0A4FD631EDAB25CB2002AEF
:106FE000F1D1FF2385F8453001F0B6F801F0A6F89D
:106FF00095F844305CB2002C14DD05F1100603E076
:10700000631EDAB25CB26AB12B695BB1304600F044
:10701000E3FC0028F4D000F083FD631EDAB25CB21A
:10702000002AF1D1FF2385F84430BDE8704001F01B
:1070300093B82246314605F1240000F067FCB4E71E
:107040002DE9F041044601F079F8364A364E1368CE
:10705000013313603368002B34D0344FE36A3A684D
:107060004AB3334D334934480A6804F1040C013201
:107070000A6002689A4238BF036003EB830305EBA2
:10708000830041689B00EA58D1F808E0A160C4F889
:107090000CE00132CEF804C0C1F808C06061EA50CB
:1070A00001F05AF83B6823B13268E36AD26A9A4227
:1070B00010D3BDE8F08132681D4DD26A9A4298BF64
:1070C0003460CFE734601368012B07D0E36A184DB2
:1070D000164FC7E7BDE8F04101F024B8144D2F4624
:1070E00005F178083846143701F0A0F94745F9D181
:1070F000DFF86080114F404601F098F9384601F002
:1071000095F90F4801F092F90E4801F08FF90E48F9
:1071100001F08CF90D4BC3F800800D4B1F60E36A42
:10712000024F9FE7D4290020EC280020642A002089
:1071300000290020E0290020E4290020242A002042
:10714000502A0020802A00206C2A0020F4280020E9
:10715000F8280020102A002080B5124D124F134E3F
:10716000DFF84C8014E000F0E9FFFB68DC68201DCC
:1071700001F092F93368013B33602B68013B2B60CF
:1071800000F0EAFF206B00F08BFF204600F088FF44
:107190002B68002BE7D1D8F80030012BF8D900F08C
:1071A000C1FFF5E7D8290020802A0020D42900203B
:1071B000002900202DE9F04F4C4B83B01D680135AC
:1071C0001D60002D67D04A490B689D4277D3494E18
:1071D00033681868002800F084800020AA4607461B
:1071E0008146DFF828E1444C019147E05869D3E932
:1071F000022CC2F808C0CCF8042042688A42026817
:1072000008BFC0F804C0013A5F610260986A70B1BB
:10721000D3E9072CC2F808C0CCF804204268AA427F
:10722000026808BFC0F804C0013A9F620260DA6ACF
:10723000DEF8000002EB820C04EB8C088242D8F8E6
:10724000040054F82C50D0F808B09860C3F80CB083
:10725000CBF804108160C3F81480284B88BFCEF8A7
:10726000002019680135336844F82C50C96A1B683E
:107270008A4288BF49F00109002B30D03368DB68AF
:10728000DB685A68191D924503F11805AED20199C1
:1072900048460A6014E0174B194A186811681960CB
:1072A000184910600A6801320A601A68126882B9C7
:1072B0004FF0FF330E490B600B689D4287D20020D0
:1072C000114B1B68002B18BF40F0010003B0BDE854
:1072D000F08F1B680649DB681B680B6074E7484643
:1072E00001994FF0FF330B60EAE700BF942A0020BA
:1072F000442A0020F428002000290020EC28002047
:10730000F8280020482A0020A02A0020E429002094
:107310002DE9F8439500804628460F46994600F02F
:10732000B3FE002872D00646702000F0ADFE044681
:10733000002868D0043D70220021354401F0DEFCB5
:1073400025F007052663002F3BD03B7884F83430C6
:10735000002B36D07B7884F8353093B3BB7884F833
:10736000363073B3FB7884F8373053B33B7984F805
:10737000383033B37B7984F8393013B3BB7984F870
:107380003A30F3B1FB7984F83B30D3B13B7A84F8DF
:107390003C30B3B17B7A84F83D3093B1BB7A84F84A
:1073A0003E3073B1FB7A84F83F3053B13B7B84F8B5
:1073B000403033B17B7B84F8413013B1BB7B84F820
:1073C0004230089F201D052F28BF0527E76267640C
:1073D00001F038F8C7F1060704F1180001F032F89F
:1073E0004B4642462846216BA7612461646200F047
:1073F000D5FE099B206003B11C602046FFF720FEEC
:107400000120BDE8F883304600F04AFE4FF0FF301F
:10741000BDE8F883F8B50446254E00F08FFE002C39
:107420003FD0271D384601F037F8A36A1BB104F19D
:10743000180001F031F81F4A1F4D13680133136023
:107440003368A3422B681FD01C4A1368013B1360AA
:107450001B4B1A68126892B11A681A4BD2681268EC
:107460001A6000F079FE206B00F01AFE204600F052
:1074700017FE2B6813B13368A34214D0F8BD4FF048
:10748000FF32104B1A60ECE7002BDDD039460E4876
:1074900000F0DCFF0D4A13680133136000F05CFE5E
:1074A000E7E73468BDE7BDE8F84000F03BBE00BF49
:1074B000EC280020E0290020642A0020D4290020A4
:1074C000F4280020442A0020802A0020D829002007
:1074D0002DE9F8434FF4007000F0D6FD88B306465E
:1074E000702000F0D1FD044678B30027DFF89890B3
:1074F0003946702201F002FC06F5FE75C4E90C69FC
:107500000626201D00F09EFF25F0070504F1180057
:1075100000F098FF3B46174A216B28462461A6617C
:10752000646200F03BFE0346DFF860802360204683
:107530000127C8F80040FFF783FD00F063FDB84263
:107540000AD00D4B1B68BDE8F883304600F0A8FD5B
:10755000094B1B68BDE8F88300F0FAFE4FF0FF34DA
:1075600000220649064B074804600F601A6000F0CD
:1075700051FEE6E75971001054970010642A00206C
:10758000942A0020442A002049444C453C2A0020EB
:10759000024A136801331360704700BFDC290020E2
:1075A0002DE9F04FDFF86C8183B000F0C7FDD8F80B
:1075B0000030013BC8F80030D8F800E0BEF1000F01
:1075C00040F081804C4B1B68002B7CD0DFF848C119
:1075D000DCF80030002B00F08B80484BDFF83C914A
:1075E000474E0193DCF80C30DB689A6AD3E9070157
:1075F00054688160486003F11800844208BF5160FC
:107600001168C3F828E0013911605A69D3E90241D1
:10761000A1604C6054681D1DAC4208BF51601168E8
:10762000D9F8000001391160DA6A8242354802EB6C
:10763000820188BFC9F80020006806EB81077C68DA
:10764000D0F82CA056F82100D4F808B001305245EB
:107650009C60C3F80CB0CBF80450A5605F6146F89D
:10766000210037D90122019B1A60DCF80030002B81
:10767000B8D1254B1A681268002A34D01A68234BF7
:10768000D26812681A60224D2C689CB10126019FB5
:1076900005E0FFF78FFD00B13E60013C09D0D8F84E
:1076A0000030002BF5D02B68013C03F101032B6067
:1076B000F5D12C60019B1B682BB1124B01241B6878
:1076C00000F030FD00E0002400F046FD204603B04D
:1076D000BDE8F08FDCF80030002B83D10A4B1A682C
:1076E0001268002ACAD14FF0FF32084B1A60CAE76D
:1076F000024B0193C7E700BFD4290020A02A002035
:1077000000290020EC280020F4280020442A002032
:107710004C2A0020DC290020502A0020E4290020E7
:1077200008B900F0FFBC194A2DE9F041136804467E
:10773000013313601649174B174D184A0E68176826
:10774000D3F800802868043000F0A6FE2B68A41946
:1077500029685C600DD23846043100F085FE104B7C
:107760001A68944238BF1C60FFF71AFF48B1BDE8A1
:10777000F0814046043100F077FEFFF711FF00284A
:10778000F5D1BDE8F04100F0CDBC00BFDC29002000
:10779000942A0020F8280020EC280020F42800205B
:1077A000442A0020014B1868704700BF942A00202B
:1077B000054B1B680BB9FFF7FDBC044A002013689A
:1077C00001331360704700BFDC2900204C2A0020E1
:1077D000234B1B681BB10122224B1A607047214AC0
:1077E00030B4214C13602068204A00EB800352F82B
:1077F000233081008BBB431E03EB830552F82550D9
:107800009900B5B9831E03EB830552F82550990002
:107810007DB9C31E03EB830552F82550990045B985
:10782000031F03EB830552F8255099000DB9431F40
:107830009900194402EB8100024641680832496808
:107840009142416008BFC168094A08BF4160C968E8
:1078500011602360136830BC70470346E9E700BF3E
:10786000DC290020A02A0020E42900200029002093
:10787000EC2800202DE9F0410C461E4D29681831F6
:1078800000F0F2FD1C4B1D491D4A0E681768D3F825
:1078900000802868043000F0FFFD631C15D02B68C1
:1078A000A41929685C600AD23846043100F0DCFD76
:1078B000144B1A68944238BF1C60BDE8F081404602
:1078C000BDE8F041043100F0CFBD0F4B29685A6884
:1078D0001C688A602E680134286829681C602D683D
:1078E000946804300431F460606091606B61BDE8BD
:1078F000F08100BFEC280020F8280020942A002006
:10790000F4280020442A00206C2A002094462DE907
:10791000F0412B4C0D4623684168D4F80080D961B2
:107920002768036826688A68D4F800E001331837AE
:107930001836C8F8202057608E60224ACEF82800FA
:1079400021490360214BBCF1000F1AD0096812686D
:107950001B682068043000F09FFD1D4B19685A68B1
:1079600001311960216890688A602168C8602168C7
:107970000431416021682068043191604361BDE8B1
:10798000F0810E681768D3F800802068043000F09A
:1079900083FD2368AD1921685D6005D34046BDE8CD
:1079A000F041043100F060BD3846043100F05CFD68
:1079B000084B1A68954238BF1D60BDE8F08100BFD2
:1079C000EC280020F4280020942A0020F828002029
:1079D0006C2A0020442A0020F0B40026C368DB682B
:1079E0009A6AD3E9070181604860506803F118047E
:1079F000A042274808BF5160116805680139D86A5C
:107A00009E621160002D2FD1D3E902415A69A16015
:107A10004C6054681E1DB44208BF516011680139A2
:107A200011601C4A116881421B4938BF106000EB8D
:107A3000800201EB82077D689200D5F808C08C585F
:107A40009D60C3F80CC0CCF80460AE605F61134B5E
:107A500001341B688C50DB6A834215D2F0BC0123D1
:107A60000F4A1846136070470E4A15685168013571
:107A700015608D68D9611D626C608C609A62074BDD
:107A80001B68DB6A8342E9D3F0BC0020704700BF6B
:107A9000DC290020E429002000290020EC28002017
:107AA000A02A0020502A0020034A044B12681B68B9
:107AB000C0E90023704700BF482A0020942A002014
:107AC000F8B50D46044600F039FB2B68124A581CE5
:107AD00011681BD0D4E90060DFF840C0DCF800700A
:107AE000BE4208D0884206D8002301242B6000F053
:107AF00033FB2046F8BD0F1ABB42F5D95B1ADCF800
:107B00000010126803442B60C4E90012002400F046
:107B100023FB2046F8BD00BF942A0020482A0020FD
:107B20000122014B1A607047A02A0020F8B50446D4
:107B3000C8B11F4DC36A2A68D26A934214D28269BF
:107B4000002A04DB2A68D26AC2F106028261194E59
:107B5000626903EB830306EB83039A420CD02B6824
:107B6000DB6AE3620120F8BD2B68406CDB6A984257
:107B70002CBF00200120F8BD271D384600F08CFCEA
:107B80002B680D4ADB6A1168E3628B4288BF136081
:107B900003EB8303980006EB8303596832588D6822
:107BA0000132A160E5606F608F6063613250D9E798
:107BB000EC28002000290020E429002058B1F8B565
:107BC000C16A836C426C013B91420446836400D0DD
:107BD0001BB10020F8BD00207047061D304600F0A4
:107BE0005BFC636C0E4AC3F10600A06101201168C2
:107BF000E3628B4288BF13600A4A03EB83034FEAB8
:107C0000830C02EB83035D6852F80C10AF680144EB
:107C1000A560E7607E60AE60636142F80C10F8BD5D
:107C2000E42900200029002060B1426CF8B591429F
:107C300038BF1146C36A04468B4202D0826C012AC7
:107C400001D0F8BD70478269134D002A03EB83030E
:107C50004269C16205EB8303A4BFC1F106018161E2
:107C60009A42EED1061D304600F016FC0B4AE36A3C
:107C700011688B4288BF136003EB8303980005EB08
:107C8000830359682A588F680132A160E7607E60DB
:107C90008E6063612A50F8BD00290020E42900208D
:107CA000034B186810B1836C01338364704700BFC5
:107CB000EC2800202DE9F04FB74FDFF8E4B2DFF8F1
:107CC000E482B64D87B03B681C68002C40F01D81F3
:107CD000FFF75EFCFFF766FDDBF80030814683426C
:107CE00048D8D8F80030CBF800001A68B2FA82F20F
:107CF00052092868A4EB0901FFF73EF9FFF750FC91
:107D0000002800F024810023CDE90233CDE90433BB
:107D10000022286802A9FEF7CBFD0028D3D0029BE1
:107D20000498002BC0F2E980DDF810A0DAF81430D6
:107D30001BB10AF1040000F0AFFBFFF733FDDBF8E5
:107D400000300190984243D3DDE90123013BCBF899
:107D50000020082BDCD8DFE803F06161C0A5C76113
:107D600061C0A50022F001028AF824205046DAF80A
:107D7000203098473B681A68002A00F0D880DA68FB
:107D8000D2F80CA014680AF10406304600F084FB17
:107D90009AF824205107E5D503E05046DAF8202070
:107DA0009047DAF81820CAF810A01119A418CAF8D8
:107DB0000410F2D33146D8F8000000F055FBD5E7A7
:107DC00021F0010189F824104846D9F8203098475D
:107DD0003B681968002900F0B480D968D1F80C908C
:107DE0000C6809F10406304600F056FB99F824109F
:107DF0004807E5D503E04846D9F820108847D9F868
:107E00001810C9F8109008196418C9F80400F2D3C2
:107E10003146D8F8000000F027FBD5E79AF8240097
:107E20000399DAF81840019A0B1940F001068AF814
:107E300024602CBF012600269342CAF80430CAF8F9
:107E400010A000F28780511A8C423FD8410712D40B
:107E500020F001008AF824005046DAF820309847D4
:107E600056E78C4200F2C680DAF820305046984738
:107E70003346DAF81840019AE6182CBF012000209A
:107E8000B242A2EB0301CAF80460CAF810A0E8D21B
:107E90009A4201D20028E7D038680AF1040100F0C4
:107EA000E3FAD9E70399019A9AF82430881843F045
:107EB000010390428AF82430CAF81810CAF8040066
:107EC000CAF810A04BD800293FF422AFD8F8000020
:107ED0000AF1040100F0C8FA1AE79AF8243023F0F6
:107EE00001038AF8243013E79AF824309A0777D5EB
:107EF00023F001038AF824300AE7039B0599984789
:107F0000029B002BFFF604AF0EE7DB681C68FFF74F
:107F10003FFBFFF747FCDBF80030814683423FF62A
:107F200029AF8442CBF800001FD90022E1E6D8F83F
:107F30000020CBF800903A60C8F80030FFF730FB23
:107F4000E1E6D8F80010C8F800303960FCE600F02F
:107F5000E9F8D8E6914202D9002E3FF477AF3868AD
:107F60000AF1040100F080FAD2E6FFF719FB3B6842
:107F7000DB68DE68331D1846019300F08DFA96F831
:107F80002420530716D422F0010286F8242030461C
:107F9000336A9847B7E600BFF0280020982A0020EF
:107FA000402A0020FC28002081421DD83046316A3A
:107FB00088475446B169A9EB040014EB010A2CBFB1
:107FC00001230023CA45C6F804A03661ECD94C450C
:107FD00001D9002BEAD00199386800F045FAD6E7BC
:107FE000504600F05DF893E60199D8F8000000F0E3
:107FF0003BFACCE7D8F800000AF1040100F034FAAB
:108000002AE700BFF0B5174C83B000F097F8256859
:108010007DB100F0A1F8206848B103241248002384
:1080200001908022114912480094FFF771F903B0C2
:10803000F0BD104E104F304600F0F8F9384600F011
:10804000F5F90E4A0E4B176010212A460A201E60D1
:10805000FEF77EFA20600028DBD00A49FEF7CCFE4E
:10806000D7E700BF982A00209C2A0020E094001047
:10807000B57C0010E8290020FC290020FC28002005
:10808000F0280020D894001010B50446FFF780FABD
:108090002046FAF7ADF80446FFF782FA204610BDF5
:1080A00050B110B50446FFF773FA2046FAF7B2F85C
:1080B000BDE81040FFF774BA704700BF002300B559
:1080C00083B0019300F044F9019B002BFCD003B076
:1080D0005DF804FB10B500F03BF90446FFF768FBC0
:1080E00028B14FF0E0234FF08052C3F8042D204612
:1080F000BDE8104000F038B910B504224FF0E0247C
:10810000002322610520A361F9F7F2FB0721044B4C
:10811000A3FB00239B09013B6361216110BD00BFEC
:10812000D34D62104FF0E0234FF08052C3F8042D7E
:10813000BFF34F8FBFF36F8F704700BF08B500F0DC
:1081400007F9044A136801331360BFF34F8FBFF37D
:108150006F8F08BDAC150020044B1A68013A1A60F5
:10816000186800B1704700F0FFB800BFAC150020E0
:10817000836913F8023C662B00D070474FF0E02370
:10818000D3F8882D42F47002C3F8882DD3F8342F29
:1081900042F04042C3F8342F00F0BCB82DE9F04F54
:1081A0004FF0113E4FF0807440E909E34FF0073380
:1081B00040F8044C164C40F8343C40E903424FF080
:1081C00005334FF006324FF0123B40E90F324FF0CB
:1081D000033A4FF002394FF001384FF010374FF0AB
:1081E00009364FF008354FF004346FF0020340E9D0
:1081F00005AB40E9078940E90B6740F8305C40F87F
:10820000404C40F8443C40F8481DBDE8F08F00BFAA
:10821000BD8000104FF0E0234FF07F42002110B5E9
:1082200084B00291C3F81C2DD3F81C3D1B0E8DF8B1
:1082300007309DF807309DF807301A060CD5029BD1
:10824000013302939DF807305B00DBB28DF80730F5
:108250009DF807301B06F2D4029B082B3AD0029AF5
:10826000C2F10702120202F4E0624FF0E0230024A0
:1082700019490E200A60D3F8202D184942F47F02D4
:10828000C3F8202DD3F8202D42F07F42C3F8202DD3
:10829000C3F81C4DFEF72CF811490F20FEF728F803
:1082A00010490B20FEF724F8FFF726FF4FF050424D
:1082B0000D490E4B0C6012681A7000F041F8FFF780
:1082C00087FA039400F044F8039B002BFCD00020B5
:1082D00004B010BD0022C8E7BC290020798300103B
:1082E000D5800010F9830010AC150020A8150020DF
:1082F00008B5F8F7E9FA044B044A0344136000F0A8
:1083000087F8034B186008BD04200020E8280020EF
:10831000382A0020094A1168086806C881F30B88CA
:10832000022181F31488203080F30988BFF36F8F16
:108330004FF0000080F3118810470000EC28002067
:1083400062B661B6BFF34F8FBFF36F8F66DF00BFBA
:10835000EFF311804FF0100181F31188BFF34F8FBD
:10836000BFF36F8F704700BF80F31188BFF34F8F4B
:10837000BFF36F8F704700BFEFF309811EF0100F3E
:1083800008BF21ED108AEFF30B82734621E9FC0F41
:1083900055FC084457FC096459FC0A8401E9F003C0
:1083A000144A136819604FF0100181F31188BFF36C
:1083B0004F8FBFF36F8FFFF70BFA4FF0000080F382
:1083C00011880C4A116808681838B0E8F00345ECC9
:1083D000004447EC016449EC0284B0E8FC0F13F060
:1083E000100F08BFB0EC108A82F30B8880F3098865
:1083F00018470000EC2800201EF0040F0CBFEFF31C
:108400000880EFF3098001490847000071810010DE
:1084100010B51820FFF738FE044620B1002340F8BD
:10842000043B00F003F8204610BD00BF4FF0FF31C1
:10843000002200F10803C0E90131C0E90333026002
:10844000704700BF00230361704700BF10B4D0E93C
:10845000003294680133C1E90124616091605DF8E4
:10846000044B08610360704730B40D686B1C10D07A
:1084700000F108031C465B681A68AA42FAD9026830
:108480004B60013299608C606160086130BC0260B1
:10849000704704696368F2E70346026910B45468E0
:1084A000406899689C428160486008BF5160002123
:1084B00010685DF8044B013819611060704700BF07
:1084C00070B5054682B00E460421F8F7CFF86C0867
:1084D0001F2D88BF04F003044FF0090094BF04F07F
:1084E00007040834F9F70AFAF9F704FD0022274BCC
:1084F000F9F792FCF9F7DEFC07EE900AFCEEE76A6A
:10850000234BCDED016AB3FBF6FC1FFA8CF09DF80E
:1085100004C0B3EE007A06EE90CAF8EEE66A77EE93
:10852000E67A67EE877AFCEEE77ACDED017A04EB26
:1085300084041849A3009DF80440B1FBF6F103F14F
:10854000804E44EA0C140EF5282ECEF80440CEF8E6
:108550001000E80758BF4FF6FF740F4A89B21A445B
:10856000106844BF0D4C0904414003F18043214091
:1085700002F58052116003F52822126803F52923C1
:10858000D24302F001021A6002B070BD00408F4079
:1085900040420F0020A107000C800A400000FFFFAE
:1085A0002DE9F04784460C4600252CF00F0864B2F4
:1085B00044EA0808384F394E4FFA88F884B048F03A
:1085C000080A39780DF10F02012330685FFA8AFA40
:1085D000009544EA0C148DF80FA0FDF775FF4FF4D9
:1085E00016700021F9F710F800950DF10F02012324
:1085F0003978306848F00C088DF80F80FDF764FF7B
:108600004FF416700021F8F7FFFF00950DF10F02EF
:1086100001233978306864B28DF80FA0FDF754FF5C
:108620004FF416700021F8F7EFFF44F008090095A9
:108630000DF10F02012339785FFA89F930688DF85E
:108640000F90FDF741FF4FF416700021F8F7DCFFA3
:1086500000950DF10F0201233978306844F00C04C5
:108660008DF80F40FDF730FF4FF416700021F8F73A
:10867000CBFF3978306801230DF10F0200958DF89A
:108680000F90FDF721FF4FF41670002104B0BDE8F4
:10869000F047F8F7B9BF00BFA72A002098280020AC
:1086A00000210120FFF77CBF10B5844684B08E46C0
:1086B000084B04AC0FCB04E90F00002104EB8C0C39
:1086C0005CF8100C80307044C0B204B0BDE81040BB
:1086D000FFF766BF5897001010B50446007830B118
:1086E0000121FFF75DFF14F8010F0028F8D110BD3C
:1086F00038B50A460546134B134C002103201A7067
:108700002560FFF74DFF00210320FFF749FF0021FF
:108710000320FFF745FF00210220FFF741FF002162
:108720000620FFF73DFF00212820FFF739FF002139
:108730000C20FFF735FFBDE8384000210120FFF78E
:108740002FBF00BFA72A002098280020024B014617
:10875000186800F00BB800BFC0190020024B01469A
:10876000186800F043BC00BFC019002001F10B03E2
:10877000162B2DE9F04F074683B023D8102900F2BD
:10878000AF8000F0AFFA102518230220BA4E334410
:108790005C68A3F10802944200F056816368384691
:1087A00023F00303D4E902122344CA6091605A689B
:1087B000083442F001025A6000F09AFA204603B0F1
:1087C000BDE8F08F002B23F00705C0F28980A94295
:1087D00000F2868000F086FAB5F5FC7FC0F07B825F
:1087E0006B0A00F08480042B00F26281AB0903F174
:1087F000390003F1380EC3009F4E3344A3F1080C37
:108800005C68A44507D10DE0002AE16880F216817A
:108810008C450C4606D0636823F003035A1B0F2ACD
:10882000F2DD7046DFF868823469444500F0F2807A
:10883000636823F0030CACEB05030F2B00F374818A
:10884000002BC6E9048880F26381BCF5007FD6F86E
:1088500004E080F0FF804FEADC0301224FEA5C1C59
:10886000013302FA0CF256F833104EEA020E06EB10
:10887000C302083AC6F804E0C4E9021246F83340DD
:10888000CC6083104FF0010C0CFA03FCF44534D893
:108890001CEA0E0F07D120F003004FEA4C0C043005
:1088A0001CEA0E0FF9D006EBC00A8146D646DEF868
:1088B0000C300BE05A681C46DB6822F00302511BA7
:1088C0000F2900F30181002980F215819E45F1D125
:1088D00009F101090EF1080E19F0030FE7D158E173
:1088E0000C233B600024204603B0BDE8F08F4FF41A
:1088F000007340204FF03F0E7EE7B468636823F0BA
:108900000309A945A9EB050302D30F2B00F38580CA
:108910005A4B08201B6803F1100804EB090300936D
:1089200000F056FA564AA84483461368013305D02E
:1089300008F1FF384342804403EA080841463846BC
:1089400000F02AFAB0F1FF3F82464D4A00F007815D
:1089500004EB0903834200F200814A4B0BF1FF3C18
:1089600018684044186000F064811168013100F01B
:108970006C8104EB0902AAEB020202441A601AF0AD
:108980000702CDE9002300F02781C2F10802384632
:1089900092445A44D04408EA0C01521A02EA0C0BE1
:1089A000594600F0F9F9421C019B00F06A81A0EBE6
:1089B0000A0000EB0B08186848F00102B442C6F840
:1089C00008A05844CAF80420186017D0B9F10F0F56
:1089D00040F23E816168A9F10C024FF0050C22F0D3
:1089E000070201F0010111430F2A616004EB02014B
:1089F000C1E901CC00F24D81DAF80420224B544643
:108A00001968814238BF1860204B1968814238BF0D
:108A10001860A6E0D6F804E033E7621945F00105D6
:108A200043F00103083444F8045C3846B2605360F4
:108A300000F05EF9204603B0BDE8F08FA268234441
:108A40003846D1608A60B2E6DC68A3427FF4A6AE05
:108A50000230E7E6BCF5206F4FEA5C2276D3142A99
:108A600000F2CD8002F15C035B32DB00F118F358B9
:108A70000839994211D1A5E0B8150020241D002025
:108A8000B0150020F41C00201C1D0020201D00201B
:108A9000C01500209B68994204D05A6822F0030256
:108AA0006245F7D8D968C4E902318C60DC60E8E639
:108AB000142B63D9542B00F2AB802B0B03F16F0006
:108AC00003F16E0EC30097E6D4F808C03846671964
:108AD00045F001056560CCF80C30C3F808C041F0E2
:108AE0000103C6E90477C7E902887B60A150083416
:108AF00000F0FEF8F7E622443846516841F00101E3
:108B0000516054F8082FD3609A6000F0F1F8EAE65B
:108B1000A44438460834DCF8043043F00103CCF8B0
:108B2000043000F0E5F8DEE6621943F0010145F09B
:108B3000010538466560C6E90422C2E90288516031
:108B400044F80C30083400F0D3F8CCE64FEA9C121D
:108B500002F139033832DB0088E7B44262D0B468EE
:108B6000626822F00308A845A8EB050302D30F2B87
:108B70003FF753AF384600F0BBF8B3E603F15C00B3
:108B800003F15B0EC30037E65AF80839534540F04D
:108B9000A08010F0030F00F1FF30F5D1736823EAD5
:108BA0000C0373604FEA4C0C0CF1FF329A4204D371
:108BB000A3E64FEA4C0C09F104091CEA030FF8D0B4
:108BC000484670E692104FF0010C0CFA02F24EEAA1
:108BD000020EC6F804E066E70AEB0802384602EA2D
:108BE0000C02ABEB020B0BEA0C0B594600F0D4F86D
:108BF000431C019B7FF4DBAEDDF800B0DBE6542ABA
:108C00002AD84FEA1C3202F16F036E32DB002DE7E7
:108C1000B3F5AA7F2AD8EB0B03F1780003F1770EA6
:108C2000C300E9E52E4B0BF1FF3C18684044186087
:108C30009BE61AEA0C0F7FF498AEC844D6F808A059
:108C400048F00102CAF80420D8E6C2F800A096E66F
:108C50000123CAF804308DE7B2F5AA7F24D84FEA81
:108C6000DC3202F178037732DB00FFE640F2545247
:108C7000934224D8AB0C03F17D0003F17C0EC300BA
:108C8000BAE5009A4FF0000B083A9044A8EB0A08A6
:108C900091E6384604F10801009300F0A7F9009B23
:108CA000D6F808A01868A7E640F254539A420CD8A8
:108CB0004FEA9C4202F17D037C32DB00D6E64FF4A2
:108CC0007E737F204FF07E0E96E54FF47E737E22FA
:108CD000CCE6736866E7E80805F1080356E500BFCF
:108CE000F41C0020014800F06FB800BFF01C002009
:108CF000014800F06BB800BFF01C0020830730B5BE
:108D000046D08418844604E003F8011B9D0704D074
:108D10009C46A4456346F7D130BD013A0244A2EB1C
:108D20000C02032A29D9CCB20F2A04EB042404EB49
:108D300004442FD9A2F1100C03F110052CF00F0CF4
:108D4000AC44C3E90044C3E9024410336345F8D19D
:108D500012F00C0F02F00F0E18D02EF0030CAEF133
:108D600004051A469C4442F8044B6245FBD125F0A9
:108D7000030404330EF003022344002ACCD0C9B20A
:108D80001A4403F8011B9342FBD130BD7246F4E74D
:108D90000346C6E79646E0E738B50022064D04468E
:108DA00008462A60FAF7B8FD431C00D038BD2B688E
:108DB000002BFBD0236038BD88240020014B1868AD
:108DC000704700BFC0190020704700BF704700BF48
:108DD000082802D14FF48050704708B5FFF7EEFF26
:108DE000162203464FF0FF301A6008BD844641EA60
:108DF000000313F0030349D1403A23D30B68036007
:108E00004B6843608B688360CB68C3600B69036108
:108E10004B6943618B698361CB69C3610B6A0362F0
:108E20004B6A43628B6A8362CB6AC3620B6B0363D8
:108E30004B6B43638B6B8363CB6BC36340304031BD
:108E4000403ADBD230320BD30B6803604B6843608F
:108E50008B688360CB68C36010301031103AF3D256
:108E60000C3205D351F8043B40F8043B043AF9D2E4
:108E7000043208D0D2071CBF11F8013B00F8013BB7
:108E800001D30B8803806046704700BF082A13D3C4
:108E90008B07B1D010F00303AED0C3F10403D21A94
:108EA000DB071CBF11F8013B00F8013BA4D331F8EC
:108EB000023B20F8023B9FE7043AD9D3013A11F86C
:108EC000013B00F8013BF9D20B7803704B784370FB
:108ED0008B7883706046704720F0030110F0030028
:108EE000C0F1000051F8043B00F1040C4FEACC0C37
:108EF0006FF000021CBF22FA0CF213434FF0010C7A
:108F00004CEA0C2C4CEA0C4CA3EB0C0222EA0302B8
:108F100012EACC1204BF51F8043B0430F4D0C2F181
:108F2000000102EA0102B2FA82F2C2F11F0200EB72
:108F3000D20070472DE9F8430646DFF8AC800820E0
:108F40008946FFF745FF05463046FFF7CBFED8F8C8
:108F500008305F6827F00307A7F11104A4EB0904A8
:108F60002C44B4FBF5F4013C05FB04F4A54208DCF9
:108F700000213046FFF710FFD8F808303B449842F4
:108F800005D03046FFF7B4FE0020BDE8F88361420B
:108F90003046FFF701FF01300FD03F1B104AD8F8D1
:108FA0000830304647F001075F6013681B1B1360F1
:108FB000FFF79EFE0120BDE8F88300213046FFF751
:108FC000EBFED8F80820831A0F2BDADD43F00103FB
:108FD00003495360034B1B68C01A0860D1E700BF08
:108FE000F41C0020B0150020B815002000295AD02C
:108FF000F8B50C460746FFF775FE734D54F804CCE0
:10900000A4F10802A8682CF001030CF0010ED1189D
:109010004E68884226F003067CD088194E6040686E
:1090200000F00100BEF1000F2ED154F8084C05F1FC
:10903000080C121B23449468644560D0D2F80CE0FD
:10904000C4F80CE0CEF8084000287DD043F00100C1
:1090500050600B60B3F5007F2ED25809D908012368
:10906000834068680131034355F831006B6005EBBC
:10907000C103083BC2E9020345F83120C26038460B
:10908000BDE8F840FFF734BE70B9334405F1080C71
:10909000886843F0010460456ED0C968C16088608B
:1090A0005460D350D6E770474CF00101B3F5007F10
:1090B00044F8041CD350D0D3B3F5206F4FEA5321AA
:1090C00044D2990901F1390001F13804C10068184E
:1090D00069580838884203D155E08968884204D02D
:1090E0004C6824F003049C42F7D8C868C2E9021017
:1090F00082603846CA60BDE8F840FFF7F9BD80BB22
:109100001E44D1E90213CB60996046F0010353601D
:109110009651B4E71E44BEF1000F07D154F8083C45
:10912000D21A1E44D2E90213CB60996046F00103C3
:109130005360264BAA601B68B342A0D8244B384624
:109140001968FFF7F7FE9AE73344A1E714290DD910
:1091500054291FD8190B01F16F0001F16E04C100F1
:10916000B5E743F0010050600B6088E701F15C0057
:1091700001F15B04C100AAE7C5E90422C2E902CCFF
:109180005460D3507BE7A4100123A3406C682343B1
:109190006B60ABE7B1F5AA7F06D8D90B01F1780077
:1091A00001F17704C10092E740F25450814206D8A1
:1091B000990C01F17D0001F17C04C10087E74FF4B7
:1091C0007E717E2483E700BFB8150020B41500200F
:1091D000241D0020F8B500BF5FF800F03502002024
:1091E0005FF800F00D0B00205FF800F099100020F0
:1091F0005FF800F0491100205FF800F06D020020D8
:109200005FF800F0C90A00205FF800F0CD010020EF
:109210005FF800F0950A00205FF800F011010020CF
:109220005FF800F0A90200205FF800F06D0A00204E
:10923000111C0010851B0010B91B00105D1C0010D4
:10924000F11B0010091B0010391C0010F51A00104A
:10925000190F00103D1C0010D9120010551B0010F2
:10926000251C0010D51B0010010900102909001051
:0C9270001902001085410010F18200106E
:1092800050756C736F733D256C6C75004672656329
:1092900075656E6369613D252E3266200000000011
:1092A00048656C6C6F00000066726F6D20525069EB
:1092B000205069636F210000496E696369616E64C3
:1092C0006F0000005465737420636F6E2031304B63
:1092D000487A0000496E696369616C697A616E64FD
:1092E0006F20706172616D6574726F7300000000B1
:1092F0004572726F7220616C206372656172206FBB
:10930000626A65746F732052544F530046696E2031
:10931000646520696E696369616C697A6163696F0C
:109320006E2C207265637572736F73206C69626551
:109330007261646F73000000536574656F00000014
:109340004C4344004672657143616C63756C617493
:109350006F7200000A2A2A2A2050414E4943202ACF
:109360002A2A0A000A0000004E6F207370696E6C92
:109370006F636B732061726520617661696C6162F5
:109380006C6500004E6F20757365722049525173F1
:109390002061726520617661696C61626C650000B4
:1093A000486172647761726520616C61726D20251D
:1093B0006420616C726561647920636C61696D65BC
:1093C0006400000048617264206173736572740008
:1093D0004F7574206F66206D656D6F7279000000A7
:1093E00052656C6561736500626F6F74325F7732CE
:1093F0003571303830000000302E3100322E312EE1
:10940000310000007069636F320000004669726DC0
:1094100077617265000000004D617920323820329A
:1094200030323500666E692B00000000666E690000
:109430006E616E00666E692D00000000555342207B
:10944000737464696E202F207374646F75740000E8
:109450005261737062657272792050690000000079
:109460005069636F00000000426F617264204344E2
:10947000430000005265736574000000556E68611A
:109480006E646C65642049525120307825780A005A
:10949000657020253032582077617320616C7265C9
:1094A00061647920617661696C61626C65000000BD
:1094B00043616E277420636F6E74696E75652078E2
:1094C000666572206F6E20696E61637469766520CF
:1094D0006570202530325800546D72510000000034
:1094E000546D72205376630006005250D3F07542DB
:1094F000E093001006005250E182887FE89300104C
:10950000060052503ABCA911F893001006005250C0
:10951000ABB36053FC93001006005250BBFF3CB647
:109520000494001006005250861C03020C94001094
:10953000060052505422A29D18940010050052506B
:10954000DE65F468A8B10010000000000000F03FE4
:10955000000000000000244000000000000059400E
:109560000000000000408F40000000000088C34061
:1095700000000000006AF8400000000080842E41D6
:1095800000000000D01263410000000084D7974122
:109590000000000065CDCD410D0A00000000000074
:1095A000013C001000000000053C0010113C0010C0
:1095B0003D3C0010393C0010000000000A00000093
:1095C00000000306A6000800020002009C00140030
:1095D000030057494E5553420000000000000000B0
:1095E00000008000040001002800440065007600AF
:1095F00069006300650049006E0074006500720038
:1096000066006100630065004700550049004400A2
:1096100000004E007B006200630037003300390019
:109620003800630031002D00370033006300640010
:109630002D0034006300620037002D00390038002F
:10964000620038002D00390031003300610038001D
:1096500066006300610037006200660036007D002E
:1096600000000000050F2100011C100500DF60DD77
:10967000D88945C74C9CD2659D9E648A9F00000393
:1096800006A60001000000000600525053B4F4A1E9
:109690003C940010000000005094001060940010F2
:1096A000C02900206894001074940010090254002E
:1096B000030100807D080B00020202000009040083
:1096C000000102020004052400200105240100011C
:1096D0000424020605240600010705810308001082
:1096E00009040100020A0000000705020240000010
:1096F000070582024000000904020000FF00010586
:1097000012011002EF0201408A2E0900000101023D
:10971000030100000000000039550010A955001099
:10972000D955001025560010E5560010A557001019
:1097300000000000000000009D580010F9580010C3
:109740001559001039590010953C00102D5A001081
:1097500000000000050000000000000040000000C4
:08976000140000005400000099
:0897680084F6FF7F0100000000
:10977000E8940010F4940010009500100C9500106F
:109780001895001024950010309500103C9500109D
:0497900088960010A7
:10979400034600B50268EFF3108C72B6D2E8CFEF3F
:1097A4000120BEF1000FF9D1C2E84E0FBEF1000F47
:1097B400F4D1BFF35F8F93F90420002A0ADB01B1CF
:1097C4000A60002000221B68C3E88F2F8CF31088E6
:1097D4005DF804FB4FF05042126801201A71F1E762
:1097E4004FF050412DE9F0410027044616461D462E
:1097F400D1F8008008E0C1E88F7F8CF310883046F0
:10980400294601F0A1F9E8B92168EFF3108C72B68A
:10981400D1E8CF2F0123002AFAD1C1E8423F002A20
:10982400F6D1BFF35F8F94F904302168002BE2DA9C
:10983400002384F80480C1E88F3F8CF31088012052
:10984400BDE8F0810020BDE8F08100BF30B50468B8
:10985400EFF3108C72B6D4E8CFEF0125BEF1000F00
:10986400F9D1C4E84E5FBEF1000FF4D1BFF35F8FAE
:1098740090F904400568002C10DB0021C5E88F1F17
:109884008CF310884FF0504595F90050A54201D152
:10989400084630BDBDE83040FFF7A2BF4FF050424C
:1098A400126800230271C5E88F3F8CF310880120F1
:1098B40030BD00BF70B505460C4601F049F90246BB
:1098C4000B464FF47A704FF0FF3E6FF0004CE4FB10
:1098D400002396457CEB030138BF72462846BDE859
:1098E400704038BF6346FFF77BBF00BF0368EFF3E8
:1098F400108272B6D3E8CFCF0121BCF1000FF9D1A9
:10990400C3E84C1FBCF1000FF4D1BFF35F8F4FF0DD
:10991400FF0C0023016880F804C0C1E88F3F82F384
:10992400108840BF704700BF002108B5134B4FF4A7
:10993400707299601248D960196159619961D9614D
:10994400196259629962D962196359639963D96337
:10995400196459649964D964196559659965D96517
:10996400196659669966D966196759679967D967F7
:1099740001F0F2F8034B044A1A6008BD00001050CD
:10998400D4240020A0280020800110502DE9F04F9D
:109994001F4B85B0D3F858A0BAF1000F22D0002491
:1099A40001254FF4E069DFF870801A4F01E0202CA4
:1099B40018D00AEA0502611C2346AB46CCB26D00FE
:1099C400002AF4D004F0010203F0FE06164407EB6B
:1099D40046163046C8F858B000F00AFC28B93AEAEE
:1099E4000B0AE4D105B0BDE8F08F00238DF80930EF
:1099F400B37801A88DF80830F38A0121ADF80490FA
:109A0400039300F013FC304600F098FBE7E700BF37
:109A1400000011509424002000301150F0B5BB4BCD
:109A240085B0D3F8985015F4003674D0B84BB94CBF
:109A3400996A94F83B30B84A022B116000F0D48044
:109A4400002694F87B30022B00F03B8194F8BB3065
:109A5400022B00F07D8194F8FB30022B00F06C8126
:109A640094F83B31022B00F0448194F87B31022BB3
:109A740000F0338194F8BB31022B00F0B68194F8E6
:109A8400FB31022B00F0A68194F83B32022B00F04C
:109A9400968194F87B32022B00F0868194F8BB32D5
:109AA400022B00F0768194F8FB32022B00F06681E1
:109AB40094F83B33022B00F0568194F87B33022B4D
:109AC40000F0A48094F8BB33022B00F0998194F841
:109AD400FB33022B00F0B4803EB9904B1B7823B9C2
:109AE4004FF400328E4BC3F890204FF44072874BF2
:109AF40001219B6C01A8C3F30A03ADF8042002936F
:109B040000F094FBEA064FF40036864C07D5FFF7C5
:109B14003DFF264603E0EA064FF01004F7D4EB03BA
:109B240022D57C4C46F48036A37E002B40F09980ED
:109B3400012394F83A20E370002A40F0AD80012319
:109B44004FF4C061784A84F82330ADF8041092E8E9
:109B5400030004AA02E90300194601A800F066FB09
:109B64004FF400326E4B1A65E90408D46A041DD41C
:109B74002B042AD4AE4240F0C58105B0F0BD0024C8
:109B8400624B46F480561C60FFF7CEFE4FF48073A0
:109B9400012101A8ADF804308DF8084000F046FB1F
:109BA4004FF400225E4B1A656A04E1D54FF48063DA
:109BB400012101A8ADF8043000F038FB1022584B05
:109BC40046F480461A652B04D4D54FF4A0630121D2
:109BD40001A8ADF8043000F029FB4FF40062504BAB
:109BE40046F400461A65C5E794F83A60002E3FF43F
:109BF40028AF94F83C30002B3FF423AF002304F14A
:109C0400200084F83C3000F0C1FA1AE794F87A7323
:109C1400002F3FF457AF94F87C33002B40F064815D
:109C240094F8BB33022B40F0F48094F8BA33002B41
:109C340040F0EB8094F8FB33022B7FF456AF3E46A2
:109C440094F8FA33002B3FF447AF94F8FC33002B1D
:109C54003FF44BAF0023354884F8FC3300F096FA08
:109C640043E70221324B294A1966536E9F07FCD5FC
:109C74004FF440520021274800F066FA254800F0CE
:109C84005DFA0222264B5A661A66012394F83A209A
:109C9400E370002A3FF453AF254A1366A2F500523D
:109CA400536ED807FCD54FF440520021214800F0F0
:109CB4004BFA204800F042FA0122194B5A661A6600
:109CC4003DE794F87A70002F3FF4C0AE94F87C30EE
:109CD400002B40F001813E46B8E694F87A71002FDB
:109CE4003FF4C8AE94F87C31002B40F0ED803E4642
:109CF400C0E694F83A71002F3FF4B7AE94F83C31C3
:109D0400002B40F0D9803E46AFE600BF0000115062
:109D140000000B409424002084240020A52A002065
:109D24000030115010000200000010507428002070
:109D340000201150B424002094F8FA70002F3FF44E
:109D44008FAE94F8FC30002B40F08E803E4687E6C0
:109D540094F8BA70002F3FF47EAE94F8BC30002B18
:109D64007AD13E4677E694F83A73002F3FF4A5AED5
:109D740094F83C33002B57D13E469EE694F8FA7291
:109D8400002F3FF495AE94F8FC32002B5CD13E4694
:109D94008EE694F8BA72002F3FF485AE94F8BC3284
:109DA400002B49D13E467EE694F87A72002F3FF4A8
:109DB40075AE94F87C32002B76D13E466EE694F86C
:109DC4003A72002F3FF465AE94F83C32002B63D115
:109DD4003E465EE694F8FA71002F3FF455AE94F8CF
:109DE400FC31002B50D13E464EE694F8BA71002F58
:109DF4003FF445AE94F8BC31002B3DD13E463EE6DF
:109E040094F8BA33002B3FF462AE94F8BC33002BC1
:109E140071D194F8FB33022B7FF467AE94F8FA33D4
:109E2400002B3FF462AE10E70023394884F83C333A
:109E34003E4600F0ABF940E60023364884F8BC32D5
:109E44003E4600F0A3F92EE60023334884F8FC32A2
:109E54003E4600F09BF92BE60023304884F8BC30E2
:109E64003E4600F093F9F6E500232D4884F8FC30D3
:109E74003E4600F08BF9F3E500232A4884F8BC3110
:109E84003E4600F083F9FAE50023274884F8FC31C4
:109E94003E4600F07BF9F7E50023244884F83C3281
:109EA4003E4600F073F9F4E50023214884F87C323F
:109EB4003E4600F06BF9F1E500231E4884F83C317E
:109EC4003E4600F063F9D0E500231B4884F87C315A
:109ED4003E4600F05BF9CDE50023184884F87C3059
:109EE4003E4600F053F9B1E50023154884F87C336D
:109EF40000F04CF994E60023124884F8BC3300F0D7
:109F040045F986E7104886EA050100F02DFE00BFFA
:109F1400B427002034270020742700203425002093
:109F2400742500203426002074260020B426002046
:109F3400F4260020B4250020F4250020F424002079
:109F4400F4270020342800207C9400102DE9F047E9
:109F5400848A058BC278A54228BF2546171E18BFE0
:109F64000127641B467882F00102A4B20346C27042
:109F7400848245F4806040EA4730A6BBD3E90326D7
:109F84006F1E02EB811E55B3052F98BF721C31D989
:109F940002EB811C721CACEB0204022C2AD932465F
:109FA4004FEA95094FEA890A06EB890852F8044BEF
:109FB40042454CF8044BF9D15545A7EB0A070EEB83
:109FC4000A040AD016F829600EF829602FB15678D1
:109FD400012F667001D09278A2701E699C8A2E446B
:109FE4001E6140F400400CB940F4804001B100040B
:109FF400BDE8F0870EF1FF3E2E4400E0013212F876
:10A00400014CB2420EF8014FF8D1E6E783680246EC
:10A01400186801B1000C5378C0F30900002B3CD040
:10A024002DE9F041D2E90334461E03EB811E40B30F
:10A03400052E3BD989014D1C1D44651B022D35D9C4
:10A044007346214600F47F774FEA9008FD1853F8D1
:10A0540004CBAB4241F804CBF9D1B842A6EB0706D6
:10A0640004EB07030EEB07010AD01EF8285004F88E
:10A0740028502EB14C78012E5C7001D089789970EB
:10A084001469D38A04440344D382138B1461834236
:10A0940084BF00239382BDE8F081D38A0344D38232
:10A0A400138B834284BF002393827047013C0EEBE1
:10A0B40000011EF8013B714504F8013FF9D1DFE7C7
:10A0C40010B50446836800211B68FFF79FFF63688F
:10A0D4001B685B0002D5238B834200D010BD204651
:10A0E400BDE810400121FFF791BF00BF084B1B6C76
:10A0F40013F0020302D18278D20901D10020704703
:10A10400C07EA0F10200B0FA80F04009704700BFA1
:10A114000000115008B5FFF7E9FF50B1054A064B9E
:10A12400906A1B68A0F54870C01AC6288CBF00202E
:10A13400012008BD00000B40842400200023C0E956
:10A1440004338376704700BF10B5836809B11C6877
:10A15400214082B1114352050DD51A6854050CD41F
:10A16400084A21F480641C60126C920703D40C2307
:10A17400033BFDD28368196010BD8178024800F06A
:10A18400F3FC00BF000011509094001030B54368F8
:10A19400002183B004461D68FFF7D8FE134B40F43A
:10A1A4008052196CA37889070ED55B060ED025F072
:10A1B400A04545F000550021204663681D6003B0AA
:10A1C400BDE83040FFF7C0BFDB09F0D0A38A002B05
:10A1D400EDD0012120460192FFF7B8FE019A25F047
:10A1E4000055024345F0A045E5E700BF00001150CB
:10A1F40038B5857E044695B1FFF762FFA38A0BB993
:10A20400284638BD2046FFF785FF20B10123237778
:10A214000025284638BD2046FFF7B8FFF8E78178C7
:10A22400014800F0A1FC00BFB09400102DE9F043F8
:10A2340043788146023B0D4685B0042B13D8DFE8F2
:10A2440003F0034A6A73440000217B4B1A7822F01E
:10A2540001021A701A7822F002021A7059701A78E0
:10A2640061F382021A70754B1C686369EFF3108204
:10A2740072B6D3E8CF0F01210028FAD1C3E8401FFA
:10A284000028F6D1BFF35F8FA2614946204600F053
:10A294006FFC00236269C2E88F3FA36983F31088CF
:10A2A40048B94FF0E023D3F8F03DDB070AD500BEF0
:10A2B40005B0BDE8F0832A4699F8011099F800002A
:10A2C40000F04EFC05B0BDE8F0835D4A137801331D
:10A2D400DBB21370C7E700245A4E23463178DFF807
:10A2E4006C81594F11E03B6813EB441307D0DB69D1
:10A2F4002BB1D9F8041099F800009847317801344B
:10A30400E4B24A1CA242234617DBA142EBD85B1AF3
:10A3140008EB4313EBE7484B1A78D607D2D51A78E3
:10A3240042F004021A709EE7434B1A78D407C9D549
:10A334001A7822F004021A7095E73F4C23785807E4
:10A344003AD4E378DA07BDD5032300263B4A99F8CB
:10A3540000101468D9F804208DF804108DF8053025
:10A364006369CDF80660CDF80A60ADF80E6002921C
:10A37400EFF3108272B6D3E8CF0F01210028FAD18F
:10A38400C3E8401F0028F6D1BFF35F8F2046A261C7
:10A3940001A900F0EDFB6369C3E88F6FA36983F340
:10A3A400108800283FF47DAF2A469DF805109DF8DB
:10A3B400040000F0D5FB85E72378002723F004038D
:10A3C400237005231D4A8DF80530166899F800207E
:10A3D400ADF80E708DF804207369CDF80670CDF8D1
:10A3E4000A70EFF3108272B6D3E8CF0F0121002870
:10A3F400FAD1C3E8401F0028F6D1BFF35F8F30467F
:10A40400B26101A900F0B4FB7369C3E88F7FB3693B
:10A4140083F3108838B94FF0E023D3F8F03DD9071F
:10A424008FD500BE8DE72A469DF805109DF80400DF
:10A4340000F096FB85E700BF302000208820002034
:10A44400A62A0020A42A0020601E002014970010D1
:10A4540081F0004102E000BF83F0004330B54FEAD1
:10A4640041044FEA430594EA050F08BF90EA020F3E
:10A474001FBF54EA000C55EA020C7FEA645C7FEAD1
:10A48400655C00F0E2804FEA5454D4EB5555B8BFF4
:10A494006D420CDD2C4480EA020281EA030382EA65
:10A4A400000083EA010180EA020281EA0303362DF7
:10A4B40088BF30BD11F0004F4FEA01314FF4801CCA
:10A4C4004CEA113102D0404261EB410113F0004FDC
:10A4D4004FEA03334CEA133302D0524263EB430393
:10A4E40094EA050F00F0A780A4F10104D5F1200E31
:10A4F4000DDB02FA0EFC22FA05F2801841F100018C
:10A5040003FA0EF2801843FA05F359410EE0A5F15F
:10A5140020050EF1200E012A03FA0EFC28BF4CF090
:10A52400020C43FA05F3C01851EBE37101F0004546
:10A5340007D54FF0000EDCF1000C7EEB00006EEB53
:10A544000101B1F5801F1BD3B1F5001F0CD34908DD
:10A554005FEA30004FEA3C0C04F101044FEA445234
:10A5640012F5800F80F09A80BCF1004F08BF5FEABB
:10A57400500C50F1000041EB045141EA050130BD9B
:10A584005FEA4C0C404141EB0101013C28BFB1F5AD
:10A59400801FE9D291F0000F04BF01460020B1FAF8
:10A5A40081F308BF2033A3F10B03B3F120020CDACB
:10A5B4000C3208DD02F1140CC2F10C0201FA0CF0A9
:10A5C40021FA02F10CE002F11402D8BFC2F1200C0E
:10A5D40001FA02F120FA0CFCDCBF41EA0C019040C4
:10A5E400E41AA2BF01EB0451294330BD6FEA04040D
:10A5F4001F3C1CDA0C340EDC04F11404C4F12002F8
:10A6040020FA04F001FA02F340EA030021FA04F309
:10A6140045EA030130BDC4F10C04C4F1200220FA60
:10A6240002F001FA04F340EA0300294630BD21FA9E
:10A6340004F0294630BD94F0000F83F4801306BF64
:10A6440081F480110134013D4EE77FEA645C18BF58
:10A654007FEA655C29D094EA050F08BF90EA020FEF
:10A6640005D054EA000C04BF1946104630BD91EAE7
:10A67400030F1EBF0021002030BD5FEA545C05D1EA
:10A684004000494128BF41F0004130BD14F5800429
:10A694003CBF01F5801130BD01F0004545F0FE419D
:10A6A40041F470014FF0000030BD7FEA645C1ABFD2
:10A6B400194610467FEA655C1CBF0B46024650EA09
:10A6C400013406BF52EA033591EA030F41F4002135
:10A6D40030BD00BF90F0000F04BF0021704730B5BB
:10A6E4004FF4806404F132044FF000054FF0000190
:10A6F40050E700BF90F0000F04BF0021704730B551
:10A704004FF4806404F1320410F0004548BF404225
:10A714004FF000013EE700BF42004FEAE2014FEA7A
:10A7240031014FEA02701FBF12F07F4393F07F4F55
:10A7340081F06051704732F07F4208BF704793F058
:10A744007F4F04BF41F40021704730B54FF460746B
:10A7540001F0004521F000411CE700BF50EA01026E
:10A7640008BF704730B54FF000050AE050EA010217
:10A7740008BF704730B511F0004502D5404261EB87
:10A7840041014FF4806404F132045FEA915C3FF4C8
:10A79400D8AE4FF003025FEADC0C18BF03325FEA65
:10A7A400DC0C18BF033202EBDC02C2F1200300FA16
:10A7B40003FC20FA02F001FA03FE40EA0E0021FA3B
:10A7C40002F11444BDE600BF53B94AB9002908BFD9
:10A7D40000281CBF4FF0FF314FF0FF3000F0B2B93A
:10A7E400ADF1080C6DE904CE00F006F8DDF804E0E4
:10A7F400DDE9022304B070472DE9F04F8C46099E31
:10A8040004460F46002B48D18A4215465ED9B2FA57
:10A8140082F33BB1C3F120029F409D409C4020FA4B
:10A8240002F217434FEA154E1FFA85FC220CB7FBC0
:10A83400FEF10EFB117701FB0CF042EA0742904255
:10A8440007D9AA1801F1FF3702D2904200F25881C9
:10A854003946121AA4B2B2FBFEF00EFB102200FB22
:10A864000CFC44EA0244A4450BD92C1900F1FF3234
:10A874002CBF01270027A44502D9002F00F04381F3
:10A88400104640EA0140A4EB0C0400211EB1DC4058
:10A894000023C6E90043BDE8F08F8B4206D90EB110
:10A8A400C6E9000100210846BDE8F08FB3FA83F140
:10A8B400002951D16345C0F01681824240F21381D0
:10A8C4000846002EE7D0C6E90047E4E7002A00F076
:10A8D400AF80B2FA82F3002B40F0C2808A1A4FEAAA
:10A8E400154EAFB20121200CB2FBFEFC0EFB1C2264
:10A8F40040EA024207FB0CF090420ED9AA180CF170
:10A90400FF382CBF4FF001094FF00009904203D9E2
:10A91400B9F1000F00F0F080C446121AA4B2B2FBE1
:10A92400FEF00EFB102200FB07F744EA0244A742A4
:10A934000ED92C1900F1FF322CBF4FF0010E4FF04D
:10A94400000EA74203D9BEF1000F00F0D2801046DA
:10A95400E41B40EA0C4099E7C1F120058B400CFA56
:10A9640001F400FA01F922FA05F72CFA05FC8A40F1
:10A974001F4320FA05F3380C23431FFA87FE1C0CEF
:10A98400BCFBF0F800FB18CC44EA0C4408FB0EFCBA
:10A99400A4450ED93C1908F1FF3A2CBF4FF0010B26
:10A9A4004FF0000BA44503D9BBF1000F00F0B880B1
:10A9B400D046A4EB0C041FFA83FCB4FBF0F300FBB9
:10A9C400134403FB0EFE4CEA0444A6450ED93C197D
:10A9D40003F1FF302CBF4FF0010C4FF0000CA645E3
:10A9E40003D9BCF1000F00F09F80034643EA0840FE
:10A9F400A4EB0E04A0FB02EC64457346E04602D3CC
:10AA040007D1F14505D2BEEB02036CEB070C01380C
:10AA1400E0465EB1B9EB030264EB080404FA05F501
:10AA240022FA01F3CC401D43C6E90054002132E769
:10AA340042082F464B08AC4642EAC172AE46C407F0
:10AA4400110C92B241EA034142EA0142B1FBF5F131
:10AA5400B3FBF5F01F23A2EB0C0241EA004142E7ED
:10AA64009D40C3F1200299409C402CFA02FC4FEA1D
:10AA7400154E20FA02F2AFB2BCFBFEF80A430EFBFD
:10AA840018CC110C41EA0C4108FB07FC8C4550D949
:10AA9400691808F1FF302CBF4FF001094FF000098D
:10AAA4008C4502D9B9F1000F30D0A1EB0C01B1FBF8
:10AAB400FEF808FB07FC0EFB181192B242EA0142B1
:10AAC400624534D2AA1808F1FF312CBF4FF00109B6
:10AAD4004FF000096245BED2B9F1000FBBD1A8F115
:10AAE40002012A44B7E7841A6CEB030201201746DB
:10AAF400E7E62C4402382BE7ACF1020C2A440CE7BD
:10AB040002392A44A5E62C440238BAE6A5EB0C0C1B
:10AB1400A8F102006144B1FBFEF808FB07FCCAE798
:10AB2400A8F102083C4444E7023B3C445EE741464A
:10AB340091E7A1EB0C014046B1FBFEF808FB07FCD2
:10AB4400B9E700BF704700BF5FF800F0E1160010DE
:10AB54005FF800F0E91700105FF800F0FD8C0010BA
:10AB64005FF800F0A54600105FF800F0C107001080
:10AB74005FF800F07D6000100000204110271000F5
:10AB840000000000000001000000000000000000C0
:10AB940000000200000000000000000000000300AC
:10ABA40000000000000000000000FF0000000000A2
:10ABB40001B5486801318E4600477046093801499D
:10ABC400884701BD290E00100000000000000000AD
:10ABD400000000000000000000000000181B00201E
:10ABE400513E0010FD3D0010753D0010E53C001085
:10ABF40000000000000100008C20002010000C0068
:10AC04000000000000000000000000000000000040
:10AC140000000000FF000000008009400000000068
:10AC24000000094000000000FF000000AAAAAAAA30
:10AC3400FFFFFFFF00000200000000000000000012
:10AC4400B8150020B8150020C0150020C01500203C
:10AC5400C8150020C8150020D0150020D0150020EC
:10AC6400D8150020D8150020E0150020E01500209C
:10AC7400E8150020E8150020F0150020F01500204C
:10AC8400F8150020F81500200016002000160020FA
:10AC940008160020081600201016002010160020A8
:10ACA4001816002018160020201600202016002058
:10ACB4002816002028160020301600203016002008
:10ACC40038160020381600204016002040160020B8
:10ACD4004816002048160020501600205016002068
:10ACE4005816002058160020601600206016002018
:10ACF40068160020681600207016002070160020C8
:10AD04007816002078160020801600208016002077
:10AD14008816002088160020901600209016002027
:10AD24009816002098160020A0160020A0160020D7
:10AD3400A8160020A8160020B0160020B016002087
:10AD4400B8160020B8160020C0160020C016002037
:10AD5400C8160020C8160020D0160020D0160020E7
:10AD6400D8160020D8160020E0160020E016002097
:10AD7400E8160020E8160020F0160020F016002047
:10AD8400F8160020F81600200017002000170020F5
:10AD940008170020081700201017002010170020A3
:10ADA4001817002018170020201700202017002053
:10ADB4002817002028170020301700203017002003
:10ADC40038170020381700204017002040170020B3
:10ADD4004817002048170020501700205017002063
:10ADE4005817002058170020601700206017002013
:10ADF40068170020681700207017002070170020C3
:10AE04007817002078170020801700208017002072
:10AE14008817002088170020901700209017002022
:10AE24009817002098170020A0170020A0170020D2
:10AE3400A8170020A8170020B0170020B017002082
:10AE4400B8170020B8170020C0170020C017002032
:10AE5400C8170020C8170020D0170020D0170020E2
:10AE6400D8170020D8170020E0170020E017002092
:10AE7400E8170020E8170020F0170020F017002042
:10AE8400F8170020F81700200018002000180020F0
:10AE9400081800200818002010180020101800209E
:10AEA400181800201818002020180020201800204E
:10AEB40028180020281800203018002030180020FE
:10AEC40038180020381800204018002040180020AE
:10AED400481800204818002050180020501800205E
:10AEE400581800205818002060180020601800200E
:10AEF40068180020681800207018002070180020BE
:10AF0400781800207818002080180020801800206D
:10AF1400881800208818002090180020901800201D
:10AF24009818002098180020A0180020A0180020CD
:10AF3400A8180020A8180020B0180020B01800207D
:10AF4400B8180020B8180020C0180020C01800202D
:10AF5400C8180020C8180020D0180020D0180020DD
:10AF6400D8180020D8180020E0180020E01800208D
:10AF7400E8180020E8180020F0180020F01800203D
:10AF8400F8180020F81800200019002000190020EB
:10AF94000819002008190020101900201019002099
:10AFA4001819002018190020201900202019002049
:10AFB40028190020281900203019002030190020F9
:10AFC40038190020381900204019002040190020A9
:10AFD4004819002048190020501900205019002059
:10AFE4005819002058190020601900206019002009
:10AFF40068190020681900207019002070190020B9
:10B004007819002078190020801900208019002068
:10B014008819002088190020901900209019002018
:10B024009819002098190020A0190020A0190020C8
:10B03400A8190020A8190020B0190020B019002078
:10B04400C81900200000000000000000281D002096
:10B05400901D0020F81D00200000000000000000EA
:10B0640000000000000000000000000000000000DC
:10B0740000000000000000000000000000000000CC
:10B0840000000000000000000000000000000000BC
:10B0940000000000000000000000000000000000AC
:10B0A400000000000000000000000000000000009C
:10B0B400000000000000000000000000000000008C
:10B0C400000000000000000000000000000000007C
:10B0D400000000000000000000000000000000006C
:10B0E40001000000000000000E33CDAB34126DE609
:10B0F400ECDE05000B000000000000000000000072
:10B10400000000000000000000000000000000003B
:10B11400000000000000000000000000000000002B
:10B12400000000000000000000000000000000001B
:10B13400000000000000000000000000000000000B
:10B1440000000000000000000000000000000000FB
:10B1540000000000000000000000000000000000EB
:10B1640000000000000000000000000000000000DB
:10B1740000000000000000000000000000000000CB
:10B1840000000000000000000000000000000000BB
:10B19400D3DEFFFFFE010000FF010000A44FFFFF0C
:04B1A400793512AB3C
:040000051000014D99
:00000001FF
