
C:/Users/nahue/Desktop/Accesos Directos/GitHUB/Tenicas Digitales III/2025_td3_511_Portas_Nahuel/3_trabajos_practicos/tp3/Firmware/build/Firmware.elf:     file format elf32-littlearm

Sections:
Idx Name          Size      VMA       LMA       File off  Algn
  0 .text         0000927c  10000000  10000000  00001000  2**3
                  CONTENTS, ALLOC, LOAD, READONLY, CODE
  1 .rodata       000004e8  10009280  10009280  0000a280  2**3
                  CONTENTS, ALLOC, LOAD, READONLY, DATA
  2 .ARM.exidx    00000008  10009768  10009768  0000a768  2**2
                  CONTENTS, ALLOC, LOAD, READONLY, DATA
  3 .binary_info  00000024  10009770  10009770  0000a770  2**2
                  CONTENTS, ALLOC, LOAD, READONLY, DATA
  4 .ram_vector_table 00000110  20000000  20000000  0000e000  2**2
                  ALLOC
  5 .uninitialized_data 00000000  20000110  20000110  0000d1a8  2**0
                  CONTENTS
  6 .data         00001a00  20000110  10009794  0000b110  2**3
                  CONTENTS, ALLOC, LOAD, READONLY, CODE
  7 .tdata        00000000  20001b10  20001b10  0000d1a8  2**0
                  CONTENTS, ALLOC, LOAD, DATA, THREAD_LOCAL
  8 .tbss         00000000  20001b10  20001b10  00000000  2**0
                  ALLOC, THREAD_LOCAL
  9 .bss          00000fa0  20001b10  1000b194  0000db10  2**3
                  ALLOC
 10 .heap         00000800  20002ab0  20002ab0  0000d1a8  2**2
                  CONTENTS, READONLY
 11 .scratch_x    00000000  20080000  20080000  0000d9a8  2**0
                  CONTENTS
 12 .scratch_y    00000000  20081000  20081000  0000d9a8  2**0
                  CONTENTS
 13 .stack_dummy  00000800  20081000  20081000  0000d9c0  2**5
                  CONTENTS, READONLY
 14 .flash_end    00000014  1000b194  1000b194  0000d194  2**2
                  CONTENTS, ALLOC, LOAD, READONLY, DATA
 15 .ARM.attributes 00000034  00000000  00000000  0000e1c0  2**0
                  CONTENTS, READONLY
 16 .comment      00000045  00000000  00000000  0000e1f4  2**0
                  CONTENTS, READONLY
 17 .debug_info   00041a48  00000000  00000000  0000e239  2**0
                  CONTENTS, READONLY, DEBUGGING, OCTETS
 18 .debug_abbrev 0000b3f4  00000000  00000000  0004fc81  2**0
                  CONTENTS, READONLY, DEBUGGING, OCTETS
 19 .debug_loclists 0002006f  00000000  00000000  0005b075  2**0
                  CONTENTS, READONLY, DEBUGGING, OCTETS
 20 .debug_aranges 00001970  00000000  00000000  0007b0e8  2**3
                  CONTENTS, READONLY, DEBUGGING, OCTETS
 21 .debug_rnglists 00005652  00000000  00000000  0007ca58  2**0
                  CONTENTS, READONLY, DEBUGGING, OCTETS
 22 .debug_line   0002c4dc  00000000  00000000  000820aa  2**0
                  CONTENTS, READONLY, DEBUGGING, OCTETS
 23 .debug_str    0000c103  00000000  00000000  000ae586  2**0
                  CONTENTS, READONLY, DEBUGGING, OCTETS
 24 .debug_frame  00004a64  00000000  00000000  000ba68c  2**2
                  CONTENTS, READONLY, DEBUGGING, OCTETS
 25 .debug_line_str 0000033d  00000000  00000000  000bf0f0  2**0
                  CONTENTS, READONLY, DEBUGGING, OCTETS

C:/Users/nahue/Desktop/Accesos Directos/GitHUB/Tenicas Digitales III/2025_td3_511_Portas_Nahuel/3_trabajos_practicos/tp3/Firmware/build/Firmware.elf:     file format elf32-littlearm


Disassembly of section .text:

10000000 <__VECTOR_TABLE>:
10000000:	20082000 	.word	0x20082000
10000004:	1000015d 	.word	0x1000015d
10000008:	10000113 	.word	0x10000113
1000000c:	10000115 	.word	0x10000115
10000010:	10000111 	.word	0x10000111
10000014:	10000111 	.word	0x10000111
10000018:	10000111 	.word	0x10000111
1000001c:	10000111 	.word	0x10000111
10000020:	10000111 	.word	0x10000111
10000024:	10000111 	.word	0x10000111
10000028:	10000111 	.word	0x10000111
1000002c:	100083f9 	.word	0x100083f9
10000030:	10000111 	.word	0x10000111
10000034:	10000111 	.word	0x10000111
10000038:	10008379 	.word	0x10008379
1000003c:	100080d5 	.word	0x100080d5
10000040:	1000011d 	.word	0x1000011d
10000044:	1000011d 	.word	0x1000011d
10000048:	1000011d 	.word	0x1000011d
1000004c:	1000011d 	.word	0x1000011d
10000050:	1000011d 	.word	0x1000011d
10000054:	1000011d 	.word	0x1000011d
10000058:	1000011d 	.word	0x1000011d
1000005c:	1000011d 	.word	0x1000011d
10000060:	1000011d 	.word	0x1000011d
10000064:	1000011d 	.word	0x1000011d
10000068:	1000011d 	.word	0x1000011d
1000006c:	1000011d 	.word	0x1000011d
10000070:	1000011d 	.word	0x1000011d
10000074:	1000011d 	.word	0x1000011d
10000078:	1000011d 	.word	0x1000011d
1000007c:	1000011d 	.word	0x1000011d
10000080:	1000011d 	.word	0x1000011d
10000084:	1000011d 	.word	0x1000011d
10000088:	1000011d 	.word	0x1000011d
1000008c:	1000011d 	.word	0x1000011d
10000090:	1000011d 	.word	0x1000011d
10000094:	1000011d 	.word	0x1000011d
10000098:	1000011d 	.word	0x1000011d
1000009c:	1000011d 	.word	0x1000011d
100000a0:	1000011d 	.word	0x1000011d
100000a4:	1000011d 	.word	0x1000011d
100000a8:	1000011d 	.word	0x1000011d
100000ac:	1000011d 	.word	0x1000011d
100000b0:	1000011d 	.word	0x1000011d
100000b4:	1000011d 	.word	0x1000011d
100000b8:	1000011d 	.word	0x1000011d
100000bc:	1000011d 	.word	0x1000011d
100000c0:	1000011d 	.word	0x1000011d
100000c4:	1000011d 	.word	0x1000011d
100000c8:	1000011d 	.word	0x1000011d
100000cc:	1000011d 	.word	0x1000011d
100000d0:	1000011d 	.word	0x1000011d
100000d4:	1000011d 	.word	0x1000011d
100000d8:	1000011d 	.word	0x1000011d
100000dc:	1000011d 	.word	0x1000011d
100000e0:	1000011d 	.word	0x1000011d
100000e4:	1000011d 	.word	0x1000011d
100000e8:	1000011d 	.word	0x1000011d
100000ec:	1000011d 	.word	0x1000011d
100000f0:	1000011d 	.word	0x1000011d
100000f4:	1000011d 	.word	0x1000011d
100000f8:	1000011d 	.word	0x1000011d
100000fc:	1000011d 	.word	0x1000011d
10000100:	1000011d 	.word	0x1000011d
10000104:	1000011d 	.word	0x1000011d
10000108:	1000011d 	.word	0x1000011d
1000010c:	1000011d 	.word	0x1000011d

10000110 <isr_invalid>:
10000110:	be00      	bkpt	0x0000

10000112 <isr_nmi>:
10000112:	be00      	bkpt	0x0000

10000114 <isr_hardfault>:
10000114:	be00      	bkpt	0x0000
10000116:	be00      	bkpt	0x0000
10000118:	be00      	bkpt	0x0000
1000011a:	be00      	bkpt	0x0000

1000011c <__unhandled_user_irq>:
1000011c:	f3ef 8005 	mrs	r0, IPSR
10000120:	3810      	subs	r0, #16

10000122 <unhandled_user_irq_num_in_r0>:
10000122:	be00      	bkpt	0x0000

10000124 <binary_info_header>:
10000124:	7188ebf2 	.word	0x7188ebf2
10000128:	10009770 	.word	0x10009770
1000012c:	10009794 	.word	0x10009794
10000130:	100001a8 	.word	0x100001a8
10000134:	e71aa390 	.word	0xe71aa390

10000138 <__binary_info_header_end>:
10000138:	ffffded3 	.word	0xffffded3
1000013c:	10210142 	.word	0x10210142
10000140:	000001ff 	.word	0x000001ff
10000144:	0000b05c 	.word	0x0000b05c
10000148:	ab123579 	.word	0xab123579

1000014c <_entry_point>:
1000014c:	f04f 0000 	mov.w	r0, #0

10000150 <_enter_vtable_in_r0>:
10000150:	4920      	ldr	r1, [pc, #128]	@ (100001d4 <data_cpy_table+0x2c>)
10000152:	6008      	str	r0, [r1, #0]
10000154:	c806      	ldmia	r0!, {r1, r2}
10000156:	f381 8808 	msr	MSP, r1
1000015a:	4710      	bx	r2

1000015c <_reset_handler>:
1000015c:	f04f 4050 	mov.w	r0, #3489660928	@ 0xd0000000
10000160:	6800      	ldr	r0, [r0, #0]
10000162:	b110      	cbz	r0, 1000016a <hold_non_core0_in_bootrom+0x6>

10000164 <hold_non_core0_in_bootrom>:
10000164:	f04f 0000 	mov.w	r0, #0
10000168:	e7f2      	b.n	10000150 <_enter_vtable_in_r0>
1000016a:	a40f      	add	r4, pc, #60	@ (adr r4, 100001a8 <data_cpy_table>)
1000016c:	cc0e      	ldmia	r4!, {r1, r2, r3}
1000016e:	2900      	cmp	r1, #0
10000170:	d002      	beq.n	10000178 <hold_non_core0_in_bootrom+0x14>
10000172:	f000 f815 	bl	100001a0 <data_cpy>
10000176:	e7f9      	b.n	1000016c <hold_non_core0_in_bootrom+0x8>
10000178:	4917      	ldr	r1, [pc, #92]	@ (100001d8 <data_cpy_table+0x30>)
1000017a:	4a18      	ldr	r2, [pc, #96]	@ (100001dc <data_cpy_table+0x34>)
1000017c:	2000      	movs	r0, #0
1000017e:	e000      	b.n	10000182 <bss_fill_test>

10000180 <bss_fill_loop>:
10000180:	c101      	stmia	r1!, {r0}

10000182 <bss_fill_test>:
10000182:	4291      	cmp	r1, r2
10000184:	d1fc      	bne.n	10000180 <bss_fill_loop>

10000186 <platform_entry>:
10000186:	2000      	movs	r0, #0
10000188:	f380 880a 	msr	MSPLIM, r0
1000018c:	4914      	ldr	r1, [pc, #80]	@ (100001e0 <data_cpy_table+0x38>)
1000018e:	4788      	blx	r1
10000190:	4914      	ldr	r1, [pc, #80]	@ (100001e4 <data_cpy_table+0x3c>)
10000192:	4788      	blx	r1
10000194:	4914      	ldr	r1, [pc, #80]	@ (100001e8 <data_cpy_table+0x40>)
10000196:	4788      	blx	r1
10000198:	be00      	bkpt	0x0000
1000019a:	e7fd      	b.n	10000198 <platform_entry+0x12>

1000019c <data_cpy_loop>:
1000019c:	c901      	ldmia	r1!, {r0}
1000019e:	c201      	stmia	r2!, {r0}

100001a0 <data_cpy>:
100001a0:	429a      	cmp	r2, r3
100001a2:	d3fb      	bcc.n	1000019c <data_cpy_loop>
100001a4:	4770      	bx	lr
100001a6:	bf00      	nop

100001a8 <data_cpy_table>:
100001a8:	10009794 	.word	0x10009794
100001ac:	20000110 	.word	0x20000110
100001b0:	20001b10 	.word	0x20001b10
100001b4:	1000b194 	.word	0x1000b194
100001b8:	20080000 	.word	0x20080000
100001bc:	20080000 	.word	0x20080000
100001c0:	1000b194 	.word	0x1000b194
100001c4:	20081000 	.word	0x20081000
100001c8:	20081000 	.word	0x20081000
100001cc:	00000000 	.word	0x00000000
100001d0:	4770      	bx	lr
100001d2:	0000      	.short	0x0000
100001d4:	e000ed08 	.word	0xe000ed08
100001d8:	20001b10 	.word	0x20001b10
100001dc:	20002ab0 	.word	0x20002ab0
100001e0:	1000394d 	.word	0x1000394d
100001e4:	1000042d 	.word	0x1000042d
100001e8:	10003945 	.word	0x10003945

100001ec <_init>:
100001ec:	b5f8      	push	{r3, r4, r5, r6, r7, lr}
100001ee:	bf00      	nop

100001f0 <register_tm_clones>:
100001f0:	4b06      	ldr	r3, [pc, #24]	@ (1000020c <register_tm_clones+0x1c>)
100001f2:	4907      	ldr	r1, [pc, #28]	@ (10000210 <register_tm_clones+0x20>)
100001f4:	1ac9      	subs	r1, r1, r3
100001f6:	1089      	asrs	r1, r1, #2
100001f8:	bf48      	it	mi
100001fa:	3101      	addmi	r1, #1
100001fc:	1049      	asrs	r1, r1, #1
100001fe:	d003      	beq.n	10000208 <register_tm_clones+0x18>
10000200:	4b04      	ldr	r3, [pc, #16]	@ (10000214 <register_tm_clones+0x24>)
10000202:	b10b      	cbz	r3, 10000208 <register_tm_clones+0x18>
10000204:	4801      	ldr	r0, [pc, #4]	@ (1000020c <register_tm_clones+0x1c>)
10000206:	4718      	bx	r3
10000208:	4770      	bx	lr
1000020a:	bf00      	nop
1000020c:	20001b10 	.word	0x20001b10
10000210:	20001b10 	.word	0x20001b10
10000214:	00000000 	.word	0x00000000

10000218 <frame_dummy>:
10000218:	b508      	push	{r3, lr}
1000021a:	4b05      	ldr	r3, [pc, #20]	@ (10000230 <frame_dummy+0x18>)
1000021c:	b11b      	cbz	r3, 10000226 <frame_dummy+0xe>
1000021e:	4905      	ldr	r1, [pc, #20]	@ (10000234 <frame_dummy+0x1c>)
10000220:	4805      	ldr	r0, [pc, #20]	@ (10000238 <frame_dummy+0x20>)
10000222:	f3af 8000 	nop.w
10000226:	e8bd 4008 	ldmia.w	sp!, {r3, lr}
1000022a:	f7ff bfe1 	b.w	100001f0 <register_tm_clones>
1000022e:	bf00      	nop
10000230:	00000000 	.word	0x00000000
10000234:	200028a4 	.word	0x200028a4
10000238:	1000927c 	.word	0x1000927c

1000023c <frequency_calculator_task>:
1000023c:	e92d 4ff8 	stmdb	sp!, {r3, r4, r5, r6, r7, r8, r9, sl, fp, lr}
10000240:	f04f 0a00 	mov.w	sl, #0
10000244:	ed2d 8b02 	vpush	{d8}
10000248:	f04f 0b00 	mov.w	fp, #0
1000024c:	4d21      	ldr	r5, [pc, #132]	@ (100002d4 <frequency_calculator_task+0x98>)
1000024e:	f8df 8098 	ldr.w	r8, [pc, #152]	@ 100002e8 <frequency_calculator_task+0xac>
10000252:	f8df 9098 	ldr.w	r9, [pc, #152]	@ 100002ec <frequency_calculator_task+0xb0>
10000256:	2100      	movs	r1, #0
10000258:	6828      	ldr	r0, [r5, #0]
1000025a:	f006 fc6d 	bl	10006b38 <xQueueSemaphoreTake>
1000025e:	2801      	cmp	r0, #1
10000260:	4604      	mov	r4, r0
10000262:	d12b      	bne.n	100002bc <frequency_calculator_task+0x80>
10000264:	e9d8 6700 	ldrd	r6, r7, [r8]
10000268:	4639      	mov	r1, r7
1000026a:	4630      	mov	r0, r6
1000026c:	e9c8 ab00 	strd	sl, fp, [r8]
10000270:	f001 ff80 	bl	10002174 <__wrap___aeabi_ul2f>
10000274:	edd9 7a00 	vldr	s15, [r9]
10000278:	ee07 0a10 	vmov	s14, r0
1000027c:	ee87 8a27 	vdiv.f32	s16, s14, s15
10000280:	2100      	movs	r1, #0
10000282:	4620      	mov	r0, r4
10000284:	f008 fa10 	bl	100086a8 <lcd_set_cursor>
10000288:	4632      	mov	r2, r6
1000028a:	463b      	mov	r3, r7
1000028c:	4912      	ldr	r1, [pc, #72]	@ (100002d8 <frequency_calculator_task+0x9c>)
1000028e:	4813      	ldr	r0, [pc, #76]	@ (100002dc <frequency_calculator_task+0xa0>)
10000290:	f003 fb12 	bl	100038b8 <__wrap_sprintf>
10000294:	4811      	ldr	r0, [pc, #68]	@ (100002dc <frequency_calculator_task+0xa0>)
10000296:	f008 fa1f 	bl	100086d8 <lcd_string>
1000029a:	2100      	movs	r1, #0
1000029c:	2002      	movs	r0, #2
1000029e:	f008 fa03 	bl	100086a8 <lcd_set_cursor>
100002a2:	ee18 0a10 	vmov	r0, s16
100002a6:	f008 ff9f 	bl	100091e8 <____aeabi_f2d_veneer>
100002aa:	4602      	mov	r2, r0
100002ac:	460b      	mov	r3, r1
100002ae:	480c      	ldr	r0, [pc, #48]	@ (100002e0 <frequency_calculator_task+0xa4>)
100002b0:	490c      	ldr	r1, [pc, #48]	@ (100002e4 <frequency_calculator_task+0xa8>)
100002b2:	f003 fb01 	bl	100038b8 <__wrap_sprintf>
100002b6:	480a      	ldr	r0, [pc, #40]	@ (100002e0 <frequency_calculator_task+0xa4>)
100002b8:	f008 fa0e 	bl	100086d8 <lcd_string>
100002bc:	2300      	movs	r3, #0
100002be:	6828      	ldr	r0, [r5, #0]
100002c0:	461a      	mov	r2, r3
100002c2:	4619      	mov	r1, r3
100002c4:	f006 f980 	bl	100065c8 <xQueueGenericSend>
100002c8:	f242 7010 	movw	r0, #10000	@ 0x2710
100002cc:	f007 fa28 	bl	10007720 <vTaskDelay>
100002d0:	e7c1      	b.n	10000256 <frequency_calculator_task+0x1a>
100002d2:	bf00      	nop
100002d4:	20002a68 	.word	0x20002a68
100002d8:	10009280 	.word	0x10009280
100002dc:	20002994 	.word	0x20002994
100002e0:	200029a8 	.word	0x200029a8
100002e4:	1000928c 	.word	0x1000928c
100002e8:	20001b10 	.word	0x20001b10
100002ec:	200014f8 	.word	0x200014f8

100002f0 <init_lcd>:
100002f0:	b508      	push	{r3, lr}
100002f2:	491e      	ldr	r1, [pc, #120]	@ (1000036c <init_lcd+0x7c>)
100002f4:	481e      	ldr	r0, [pc, #120]	@ (10000370 <init_lcd+0x80>)
100002f6:	f006 f8c1 	bl	1000647c <i2c_init>
100002fa:	2103      	movs	r1, #3
100002fc:	2002      	movs	r0, #2
100002fe:	f000 f9b5 	bl	1000066c <gpio_set_function>
10000302:	2103      	movs	r1, #3
10000304:	4608      	mov	r0, r1
10000306:	f000 f9b1 	bl	1000066c <gpio_set_function>
1000030a:	2200      	movs	r2, #0
1000030c:	2101      	movs	r1, #1
1000030e:	2002      	movs	r0, #2
10000310:	f000 f9ca 	bl	100006a8 <gpio_set_pulls>
10000314:	2200      	movs	r2, #0
10000316:	2101      	movs	r1, #1
10000318:	2003      	movs	r0, #3
1000031a:	f000 f9c5 	bl	100006a8 <gpio_set_pulls>
1000031e:	2127      	movs	r1, #39	@ 0x27
10000320:	4813      	ldr	r0, [pc, #76]	@ (10000370 <init_lcd+0x80>)
10000322:	f008 f9e5 	bl	100086f0 <lcd_init>
10000326:	f008 f9bb 	bl	100086a0 <lcd_clear>
1000032a:	4812      	ldr	r0, [pc, #72]	@ (10000374 <init_lcd+0x84>)
1000032c:	f008 f9d4 	bl	100086d8 <lcd_string>
10000330:	2102      	movs	r1, #2
10000332:	2001      	movs	r0, #1
10000334:	f008 f9b8 	bl	100086a8 <lcd_set_cursor>
10000338:	480f      	ldr	r0, [pc, #60]	@ (10000378 <init_lcd+0x88>)
1000033a:	f008 f9cd 	bl	100086d8 <lcd_string>
1000033e:	f008 f9af 	bl	100086a0 <lcd_clear>
10000342:	480e      	ldr	r0, [pc, #56]	@ (1000037c <init_lcd+0x8c>)
10000344:	f008 f9c8 	bl	100086d8 <lcd_string>
10000348:	f241 3088 	movw	r0, #5000	@ 0x1388
1000034c:	f007 f9e8 	bl	10007720 <vTaskDelay>
10000350:	f008 f9a6 	bl	100086a0 <lcd_clear>
10000354:	2100      	movs	r1, #0
10000356:	4608      	mov	r0, r1
10000358:	f008 f9a6 	bl	100086a8 <lcd_set_cursor>
1000035c:	4808      	ldr	r0, [pc, #32]	@ (10000380 <init_lcd+0x90>)
1000035e:	f008 f9bb 	bl	100086d8 <lcd_string>
10000362:	e8bd 4008 	ldmia.w	sp!, {r3, lr}
10000366:	2000      	movs	r0, #0
10000368:	f007 b854 	b.w	10007414 <vTaskDelete>
1000036c:	000186a0 	.word	0x000186a0
10000370:	20001598 	.word	0x20001598
10000374:	100092a0 	.word	0x100092a0
10000378:	100092a8 	.word	0x100092a8
1000037c:	100092b8 	.word	0x100092b8
10000380:	100092c4 	.word	0x100092c4

10000384 <gpio_callback>:
10000384:	280f      	cmp	r0, #15
10000386:	d000      	beq.n	1000038a <gpio_callback+0x6>
10000388:	4770      	bx	lr
1000038a:	070b      	lsls	r3, r1, #28
1000038c:	d5fc      	bpl.n	10000388 <gpio_callback+0x4>
1000038e:	b410      	push	{r4}
10000390:	4c05      	ldr	r4, [pc, #20]	@ (100003a8 <gpio_callback+0x24>)
10000392:	e9d4 2300 	ldrd	r2, r3, [r4]
10000396:	1c50      	adds	r0, r2, #1
10000398:	f143 0100 	adc.w	r1, r3, #0
1000039c:	e9c4 0100 	strd	r0, r1, [r4]
100003a0:	f85d 4b04 	ldr.w	r4, [sp], #4
100003a4:	4770      	bx	lr
100003a6:	bf00      	nop
100003a8:	20001b10 	.word	0x20001b10

100003ac <set_init>:
100003ac:	b510      	push	{r4, lr}
100003ae:	4818      	ldr	r0, [pc, #96]	@ (10000410 <set_init+0x64>)
100003b0:	f003 fc08 	bl	10003bc4 <__wrap_puts>
100003b4:	4b17      	ldr	r3, [pc, #92]	@ (10000414 <set_init+0x68>)
100003b6:	2006      	movs	r0, #6
100003b8:	8819      	ldrh	r1, [r3, #0]
100003ba:	f008 f881 	bl	100084c0 <pwm_user_init>
100003be:	200f      	movs	r0, #15
100003c0:	f000 f9da 	bl	10000778 <gpio_init>
100003c4:	200f      	movs	r0, #15
100003c6:	f04f 0300 	mov.w	r3, #0
100003ca:	ec43 0044 	gpioc_bit_oe_put r0, r3
100003ce:	4b12      	ldr	r3, [pc, #72]	@ (10000418 <set_init+0x6c>)
100003d0:	2201      	movs	r2, #1
100003d2:	2108      	movs	r1, #8
100003d4:	f000 f97c 	bl	100006d0 <gpio_set_irq_enabled_with_callback>
100003d8:	2200      	movs	r2, #0
100003da:	2108      	movs	r1, #8
100003dc:	2001      	movs	r0, #1
100003de:	f006 f8b7 	bl	10006550 <xQueueGenericCreate>
100003e2:	4603      	mov	r3, r0
100003e4:	4c0d      	ldr	r4, [pc, #52]	@ (1000041c <set_init+0x70>)
100003e6:	2001      	movs	r0, #1
100003e8:	6023      	str	r3, [r4, #0]
100003ea:	f006 fa2d 	bl	10006848 <xQueueCreateMutex>
100003ee:	4a0c      	ldr	r2, [pc, #48]	@ (10000420 <set_init+0x74>)
100003f0:	6823      	ldr	r3, [r4, #0]
100003f2:	6010      	str	r0, [r2, #0]
100003f4:	b143      	cbz	r3, 10000408 <set_init+0x5c>
100003f6:	b138      	cbz	r0, 10000408 <set_init+0x5c>
100003f8:	480a      	ldr	r0, [pc, #40]	@ (10000424 <set_init+0x78>)
100003fa:	f003 fbe3 	bl	10003bc4 <__wrap_puts>
100003fe:	e8bd 4010 	ldmia.w	sp!, {r4, lr}
10000402:	2000      	movs	r0, #0
10000404:	f007 b806 	b.w	10007414 <vTaskDelete>
10000408:	4807      	ldr	r0, [pc, #28]	@ (10000428 <set_init+0x7c>)
1000040a:	f003 fbdb 	bl	10003bc4 <__wrap_puts>
1000040e:	e7fe      	b.n	1000040e <set_init+0x62>
10000410:	100092d4 	.word	0x100092d4
10000414:	200014fc 	.word	0x200014fc
10000418:	10000385 	.word	0x10000385
1000041c:	200028e4 	.word	0x200028e4
10000420:	20002a68 	.word	0x20002a68
10000424:	1000930c 	.word	0x1000930c
10000428:	100092f0 	.word	0x100092f0

1000042c <main>:
1000042c:	b500      	push	{lr}
1000042e:	b083      	sub	sp, #12
10000430:	f003 fb84 	bl	10003b3c <stdio_init_all>
10000434:	2400      	movs	r4, #0
10000436:	f04f 0c02 	mov.w	ip, #2
1000043a:	f44f 7280 	mov.w	r2, #256	@ 0x100
1000043e:	4623      	mov	r3, r4
10000440:	e9cd c400 	strd	ip, r4, [sp]
10000444:	490e      	ldr	r1, [pc, #56]	@ (10000480 <main+0x54>)
10000446:	480f      	ldr	r0, [pc, #60]	@ (10000484 <main+0x58>)
10000448:	f006 ff62 	bl	10007310 <xTaskCreate>
1000044c:	f04f 0c03 	mov.w	ip, #3
10000450:	f44f 7280 	mov.w	r2, #256	@ 0x100
10000454:	4623      	mov	r3, r4
10000456:	e9cd c400 	strd	ip, r4, [sp]
1000045a:	490b      	ldr	r1, [pc, #44]	@ (10000488 <main+0x5c>)
1000045c:	480b      	ldr	r0, [pc, #44]	@ (1000048c <main+0x60>)
1000045e:	f006 ff57 	bl	10007310 <xTaskCreate>
10000462:	f04f 0c01 	mov.w	ip, #1
10000466:	f44f 7280 	mov.w	r2, #256	@ 0x100
1000046a:	4623      	mov	r3, r4
1000046c:	e9cd c400 	strd	ip, r4, [sp]
10000470:	4907      	ldr	r1, [pc, #28]	@ (10000490 <main+0x64>)
10000472:	4808      	ldr	r0, [pc, #32]	@ (10000494 <main+0x68>)
10000474:	f006 ff4c 	bl	10007310 <xTaskCreate>
10000478:	f007 f82a 	bl	100074d0 <vTaskStartScheduler>
1000047c:	e7fe      	b.n	1000047c <main+0x50>
1000047e:	bf00      	nop
10000480:	10009338 	.word	0x10009338
10000484:	100003ad 	.word	0x100003ad
10000488:	10009340 	.word	0x10009340
1000048c:	100002f1 	.word	0x100002f1
10000490:	10009344 	.word	0x10009344
10000494:	1000023d 	.word	0x1000023d

10000498 <gpio_default_irq_handler>:
10000498:	f04f 4250 	mov.w	r2, #3489660928	@ 0xd0000000
1000049c:	e92d 4ff8 	stmdb	sp!, {r3, r4, r5, r6, r7, r8, r9, sl, fp, lr}
100004a0:	4b6d      	ldr	r3, [pc, #436]	@ (10000658 <gpio_default_irq_handler+0x1c0>)
100004a2:	f8d2 a000 	ldr.w	sl, [r2]
100004a6:	f853 702a 	ldr.w	r7, [r3, sl, lsl #2]
100004aa:	f1ba 0f00 	cmp.w	sl, #0
100004ae:	d02c      	beq.n	1000050a <gpio_default_irq_handler+0x72>
100004b0:	f8df 81b0 	ldr.w	r8, [pc, #432]	@ 10000664 <gpio_default_irq_handler+0x1cc>
100004b4:	b36f      	cbz	r7, 10000512 <gpio_default_irq_handler+0x7a>
100004b6:	2600      	movs	r6, #0
100004b8:	f8df b1a0 	ldr.w	fp, [pc, #416]	@ 1000065c <gpio_default_irq_handler+0x1c4>
100004bc:	f8df 91a0 	ldr.w	r9, [pc, #416]	@ 10000660 <gpio_default_irq_handler+0x1c8>
100004c0:	08f3      	lsrs	r3, r6, #3
100004c2:	330c      	adds	r3, #12
100004c4:	f858 5023 	ldr.w	r5, [r8, r3, lsl #2]
100004c8:	4634      	mov	r4, r6
100004ca:	3608      	adds	r6, #8
100004cc:	b1cd      	cbz	r5, 10000502 <gpio_default_irq_handler+0x6a>
100004ce:	f005 010f 	and.w	r1, r5, #15
100004d2:	4620      	mov	r0, r4
100004d4:	092d      	lsrs	r5, r5, #4
100004d6:	3401      	adds	r4, #1
100004d8:	b189      	cbz	r1, 100004fe <gpio_default_irq_handler+0x66>
100004da:	f85b 202a 	ldr.w	r2, [fp, sl, lsl #2]
100004de:	f000 0307 	and.w	r3, r0, #7
100004e2:	40c2      	lsrs	r2, r0
100004e4:	ea4f 0cd0 	mov.w	ip, r0, lsr #3
100004e8:	009b      	lsls	r3, r3, #2
100004ea:	07d2      	lsls	r2, r2, #31
100004ec:	fa01 f303 	lsl.w	r3, r1, r3
100004f0:	f10c 0c8c 	add.w	ip, ip, #140	@ 0x8c
100004f4:	d402      	bmi.n	100004fc <gpio_default_irq_handler+0x64>
100004f6:	f849 302c 	str.w	r3, [r9, ip, lsl #2]
100004fa:	47b8      	blx	r7
100004fc:	b10d      	cbz	r5, 10000502 <gpio_default_irq_handler+0x6a>
100004fe:	42b4      	cmp	r4, r6
10000500:	d3e5      	bcc.n	100004ce <gpio_default_irq_handler+0x36>
10000502:	2e20      	cmp	r6, #32
10000504:	d1dc      	bne.n	100004c0 <gpio_default_irq_handler+0x28>
10000506:	e8bd 8ff8 	ldmia.w	sp!, {r3, r4, r5, r6, r7, r8, r9, sl, fp, pc}
1000050a:	f8df 815c 	ldr.w	r8, [pc, #348]	@ 10000668 <gpio_default_irq_handler+0x1d0>
1000050e:	2f00      	cmp	r7, #0
10000510:	d1d1      	bne.n	100004b6 <gpio_default_irq_handler+0x1e>
10000512:	4852      	ldr	r0, [pc, #328]	@ (1000065c <gpio_default_irq_handler+0x1c4>)
10000514:	08f9      	lsrs	r1, r7, #3
10000516:	f101 030c 	add.w	r3, r1, #12
1000051a:	f858 3023 	ldr.w	r3, [r8, r3, lsl #2]
1000051e:	2b00      	cmp	r3, #0
10000520:	d07b      	beq.n	1000061a <gpio_default_irq_handler+0x182>
10000522:	f013 050f 	ands.w	r5, r3, #15
10000526:	ea4f 1213 	mov.w	r2, r3, lsr #4
1000052a:	d00a      	beq.n	10000542 <gpio_default_irq_handler+0xaa>
1000052c:	f850 402a 	ldr.w	r4, [r0, sl, lsl #2]
10000530:	40fc      	lsrs	r4, r7
10000532:	07e6      	lsls	r6, r4, #31
10000534:	d403      	bmi.n	1000053e <gpio_default_irq_handler+0xa6>
10000536:	4c4a      	ldr	r4, [pc, #296]	@ (10000660 <gpio_default_irq_handler+0x1c8>)
10000538:	318c      	adds	r1, #140	@ 0x8c
1000053a:	f844 5021 	str.w	r5, [r4, r1, lsl #2]
1000053e:	2a00      	cmp	r2, #0
10000540:	d06b      	beq.n	1000061a <gpio_default_irq_handler+0x182>
10000542:	f012 020f 	ands.w	r2, r2, #15
10000546:	ea4f 2113 	mov.w	r1, r3, lsr #8
1000054a:	d00d      	beq.n	10000568 <gpio_default_irq_handler+0xd0>
1000054c:	f850 402a 	ldr.w	r4, [r0, sl, lsl #2]
10000550:	1c7d      	adds	r5, r7, #1
10000552:	40ec      	lsrs	r4, r5
10000554:	07e4      	lsls	r4, r4, #31
10000556:	d405      	bmi.n	10000564 <gpio_default_irq_handler+0xcc>
10000558:	08ec      	lsrs	r4, r5, #3
1000055a:	4d41      	ldr	r5, [pc, #260]	@ (10000660 <gpio_default_irq_handler+0x1c8>)
1000055c:	0112      	lsls	r2, r2, #4
1000055e:	348c      	adds	r4, #140	@ 0x8c
10000560:	f845 2024 	str.w	r2, [r5, r4, lsl #2]
10000564:	2900      	cmp	r1, #0
10000566:	d058      	beq.n	1000061a <gpio_default_irq_handler+0x182>
10000568:	f011 010f 	ands.w	r1, r1, #15
1000056c:	ea4f 3213 	mov.w	r2, r3, lsr #12
10000570:	d007      	beq.n	10000582 <gpio_default_irq_handler+0xea>
10000572:	f850 402a 	ldr.w	r4, [r0, sl, lsl #2]
10000576:	1cbd      	adds	r5, r7, #2
10000578:	40ec      	lsrs	r4, r5
1000057a:	07e6      	lsls	r6, r4, #31
1000057c:	d557      	bpl.n	1000062e <gpio_default_irq_handler+0x196>
1000057e:	2a00      	cmp	r2, #0
10000580:	d04b      	beq.n	1000061a <gpio_default_irq_handler+0x182>
10000582:	f012 020f 	ands.w	r2, r2, #15
10000586:	ea4f 4113 	mov.w	r1, r3, lsr #16
1000058a:	d007      	beq.n	1000059c <gpio_default_irq_handler+0x104>
1000058c:	f850 402a 	ldr.w	r4, [r0, sl, lsl #2]
10000590:	1cfd      	adds	r5, r7, #3
10000592:	40ec      	lsrs	r4, r5
10000594:	07e4      	lsls	r4, r4, #31
10000596:	d551      	bpl.n	1000063c <gpio_default_irq_handler+0x1a4>
10000598:	2900      	cmp	r1, #0
1000059a:	d03e      	beq.n	1000061a <gpio_default_irq_handler+0x182>
1000059c:	f011 010f 	ands.w	r1, r1, #15
100005a0:	ea4f 5213 	mov.w	r2, r3, lsr #20
100005a4:	d007      	beq.n	100005b6 <gpio_default_irq_handler+0x11e>
100005a6:	4c2d      	ldr	r4, [pc, #180]	@ (1000065c <gpio_default_irq_handler+0x1c4>)
100005a8:	f854 502a 	ldr.w	r5, [r4, sl, lsl #2]
100005ac:	1d3c      	adds	r4, r7, #4
100005ae:	40e5      	lsrs	r5, r4
100005b0:	07ee      	lsls	r6, r5, #31
100005b2:	d54a      	bpl.n	1000064a <gpio_default_irq_handler+0x1b2>
100005b4:	b38a      	cbz	r2, 1000061a <gpio_default_irq_handler+0x182>
100005b6:	f012 020f 	ands.w	r2, r2, #15
100005ba:	ea4f 6113 	mov.w	r1, r3, lsr #24
100005be:	d00d      	beq.n	100005dc <gpio_default_irq_handler+0x144>
100005c0:	4c26      	ldr	r4, [pc, #152]	@ (1000065c <gpio_default_irq_handler+0x1c4>)
100005c2:	f854 502a 	ldr.w	r5, [r4, sl, lsl #2]
100005c6:	1d7c      	adds	r4, r7, #5
100005c8:	40e5      	lsrs	r5, r4
100005ca:	07ed      	lsls	r5, r5, #31
100005cc:	d405      	bmi.n	100005da <gpio_default_irq_handler+0x142>
100005ce:	4d24      	ldr	r5, [pc, #144]	@ (10000660 <gpio_default_irq_handler+0x1c8>)
100005d0:	08e4      	lsrs	r4, r4, #3
100005d2:	0512      	lsls	r2, r2, #20
100005d4:	348c      	adds	r4, #140	@ 0x8c
100005d6:	f845 2024 	str.w	r2, [r5, r4, lsl #2]
100005da:	b1f1      	cbz	r1, 1000061a <gpio_default_irq_handler+0x182>
100005dc:	f011 010f 	ands.w	r1, r1, #15
100005e0:	ea4f 7313 	mov.w	r3, r3, lsr #28
100005e4:	d01f      	beq.n	10000626 <gpio_default_irq_handler+0x18e>
100005e6:	4c1d      	ldr	r4, [pc, #116]	@ (1000065c <gpio_default_irq_handler+0x1c4>)
100005e8:	1dbd      	adds	r5, r7, #6
100005ea:	f854 202a 	ldr.w	r2, [r4, sl, lsl #2]
100005ee:	40ea      	lsrs	r2, r5
100005f0:	07d6      	lsls	r6, r2, #31
100005f2:	d405      	bmi.n	10000600 <gpio_default_irq_handler+0x168>
100005f4:	08ea      	lsrs	r2, r5, #3
100005f6:	4d1a      	ldr	r5, [pc, #104]	@ (10000660 <gpio_default_irq_handler+0x1c8>)
100005f8:	0609      	lsls	r1, r1, #24
100005fa:	328c      	adds	r2, #140	@ 0x8c
100005fc:	f845 1022 	str.w	r1, [r5, r2, lsl #2]
10000600:	b15b      	cbz	r3, 1000061a <gpio_default_irq_handler+0x182>
10000602:	f854 102a 	ldr.w	r1, [r4, sl, lsl #2]
10000606:	1dfa      	adds	r2, r7, #7
10000608:	40d1      	lsrs	r1, r2
1000060a:	07c9      	lsls	r1, r1, #31
1000060c:	d405      	bmi.n	1000061a <gpio_default_irq_handler+0x182>
1000060e:	4914      	ldr	r1, [pc, #80]	@ (10000660 <gpio_default_irq_handler+0x1c8>)
10000610:	08d2      	lsrs	r2, r2, #3
10000612:	071b      	lsls	r3, r3, #28
10000614:	328c      	adds	r2, #140	@ 0x8c
10000616:	f841 3022 	str.w	r3, [r1, r2, lsl #2]
1000061a:	3708      	adds	r7, #8
1000061c:	2f20      	cmp	r7, #32
1000061e:	f47f af79 	bne.w	10000514 <gpio_default_irq_handler+0x7c>
10000622:	e8bd 8ff8 	ldmia.w	sp!, {r3, r4, r5, r6, r7, r8, r9, sl, fp, pc}
10000626:	2b00      	cmp	r3, #0
10000628:	d0f7      	beq.n	1000061a <gpio_default_irq_handler+0x182>
1000062a:	4c0c      	ldr	r4, [pc, #48]	@ (1000065c <gpio_default_irq_handler+0x1c4>)
1000062c:	e7e9      	b.n	10000602 <gpio_default_irq_handler+0x16a>
1000062e:	08ec      	lsrs	r4, r5, #3
10000630:	4d0b      	ldr	r5, [pc, #44]	@ (10000660 <gpio_default_irq_handler+0x1c8>)
10000632:	0209      	lsls	r1, r1, #8
10000634:	348c      	adds	r4, #140	@ 0x8c
10000636:	f845 1024 	str.w	r1, [r5, r4, lsl #2]
1000063a:	e7a0      	b.n	1000057e <gpio_default_irq_handler+0xe6>
1000063c:	08ec      	lsrs	r4, r5, #3
1000063e:	4d08      	ldr	r5, [pc, #32]	@ (10000660 <gpio_default_irq_handler+0x1c8>)
10000640:	0312      	lsls	r2, r2, #12
10000642:	348c      	adds	r4, #140	@ 0x8c
10000644:	f845 2024 	str.w	r2, [r5, r4, lsl #2]
10000648:	e7a6      	b.n	10000598 <gpio_default_irq_handler+0x100>
1000064a:	4d05      	ldr	r5, [pc, #20]	@ (10000660 <gpio_default_irq_handler+0x1c8>)
1000064c:	08e4      	lsrs	r4, r4, #3
1000064e:	0409      	lsls	r1, r1, #16
10000650:	348c      	adds	r4, #140	@ 0x8c
10000652:	f845 1024 	str.w	r1, [r5, r4, lsl #2]
10000656:	e7ad      	b.n	100005b4 <gpio_default_irq_handler+0x11c>
10000658:	20002418 	.word	0x20002418
1000065c:	20002978 	.word	0x20002978
10000660:	40028000 	.word	0x40028000
10000664:	40028290 	.word	0x40028290
10000668:	40028248 	.word	0x40028248

1000066c <gpio_set_function>:
1000066c:	b410      	push	{r4}
1000066e:	f44f 7480 	mov.w	r4, #256	@ 0x100
10000672:	4b0c      	ldr	r3, [pc, #48]	@ (100006a4 <gpio_set_function+0x38>)
10000674:	f853 2020 	ldr.w	r2, [r3, r0, lsl #2]
10000678:	eb03 0380 	add.w	r3, r3, r0, lsl #2
1000067c:	00c0      	lsls	r0, r0, #3
1000067e:	f082 0240 	eor.w	r2, r2, #64	@ 0x40
10000682:	f100 4080 	add.w	r0, r0, #1073741824	@ 0x40000000
10000686:	f503 5c80 	add.w	ip, r3, #4096	@ 0x1000
1000068a:	f002 02c0 	and.w	r2, r2, #192	@ 0xc0
1000068e:	f500 3020 	add.w	r0, r0, #163840	@ 0x28000
10000692:	f503 5340 	add.w	r3, r3, #12288	@ 0x3000
10000696:	f8cc 2000 	str.w	r2, [ip]
1000069a:	6041      	str	r1, [r0, #4]
1000069c:	601c      	str	r4, [r3, #0]
1000069e:	f85d 4b04 	ldr.w	r4, [sp], #4
100006a2:	4770      	bx	lr
100006a4:	40038004 	.word	0x40038004

100006a8 <gpio_set_pulls>:
100006a8:	b410      	push	{r4}
100006aa:	4c08      	ldr	r4, [pc, #32]	@ (100006cc <gpio_set_pulls+0x24>)
100006ac:	00c9      	lsls	r1, r1, #3
100006ae:	ea41 0182 	orr.w	r1, r1, r2, lsl #2
100006b2:	f854 2020 	ldr.w	r2, [r4, r0, lsl #2]
100006b6:	eb04 0380 	add.w	r3, r4, r0, lsl #2
100006ba:	4051      	eors	r1, r2
100006bc:	f503 5380 	add.w	r3, r3, #4096	@ 0x1000
100006c0:	f001 010c 	and.w	r1, r1, #12
100006c4:	f85d 4b04 	ldr.w	r4, [sp], #4
100006c8:	6019      	str	r1, [r3, #0]
100006ca:	4770      	bx	lr
100006cc:	40038004 	.word	0x40038004

100006d0 <gpio_set_irq_enabled_with_callback>:
100006d0:	e92d 43f0 	stmdb	sp!, {r4, r5, r6, r7, r8, r9, lr}
100006d4:	f04f 4950 	mov.w	r9, #3489660928	@ 0xd0000000
100006d8:	461f      	mov	r7, r3
100006da:	f8df 8098 	ldr.w	r8, [pc, #152]	@ 10000774 <gpio_set_irq_enabled_with_callback+0xa4>
100006de:	f8d9 3000 	ldr.w	r3, [r9]
100006e2:	4616      	mov	r6, r2
100006e4:	f858 2023 	ldr.w	r2, [r8, r3, lsl #2]
100006e8:	4604      	mov	r4, r0
100006ea:	460d      	mov	r5, r1
100006ec:	b083      	sub	sp, #12
100006ee:	b332      	cbz	r2, 1000073e <gpio_set_irq_enabled_with_callback+0x6e>
100006f0:	b387      	cbz	r7, 10000754 <gpio_set_irq_enabled_with_callback+0x84>
100006f2:	f848 7023 	str.w	r7, [r8, r3, lsl #2]
100006f6:	f04f 4350 	mov.w	r3, #3489660928	@ 0xd0000000
100006fa:	681b      	ldr	r3, [r3, #0]
100006fc:	b1bb      	cbz	r3, 1000072e <gpio_set_irq_enabled_with_callback+0x5e>
100006fe:	4b19      	ldr	r3, [pc, #100]	@ (10000764 <gpio_set_irq_enabled_with_callback+0x94>)
10000700:	08e1      	lsrs	r1, r4, #3
10000702:	f004 0407 	and.w	r4, r4, #7
10000706:	4a18      	ldr	r2, [pc, #96]	@ (10000768 <gpio_set_irq_enabled_with_callback+0x98>)
10000708:	00a4      	lsls	r4, r4, #2
1000070a:	fa05 f404 	lsl.w	r4, r5, r4
1000070e:	eb03 0381 	add.w	r3, r3, r1, lsl #2
10000712:	318c      	adds	r1, #140	@ 0x8c
10000714:	f842 4021 	str.w	r4, [r2, r1, lsl #2]
10000718:	b15e      	cbz	r6, 10000732 <gpio_set_irq_enabled_with_callback+0x62>
1000071a:	2101      	movs	r1, #1
1000071c:	2015      	movs	r0, #21
1000071e:	f503 5300 	add.w	r3, r3, #8192	@ 0x2000
10000722:	601c      	str	r4, [r3, #0]
10000724:	b003      	add	sp, #12
10000726:	e8bd 43f0 	ldmia.w	sp!, {r4, r5, r6, r7, r8, r9, lr}
1000072a:	f000 b91d 	b.w	10000968 <irq_set_enabled>
1000072e:	4b0f      	ldr	r3, [pc, #60]	@ (1000076c <gpio_set_irq_enabled_with_callback+0x9c>)
10000730:	e7e6      	b.n	10000700 <gpio_set_irq_enabled_with_callback+0x30>
10000732:	f503 5340 	add.w	r3, r3, #12288	@ 0x3000
10000736:	601c      	str	r4, [r3, #0]
10000738:	b003      	add	sp, #12
1000073a:	e8bd 83f0 	ldmia.w	sp!, {r4, r5, r6, r7, r8, r9, pc}
1000073e:	2f00      	cmp	r7, #0
10000740:	d0dc      	beq.n	100006fc <gpio_set_irq_enabled_with_callback+0x2c>
10000742:	2015      	movs	r0, #21
10000744:	490a      	ldr	r1, [pc, #40]	@ (10000770 <gpio_set_irq_enabled_with_callback+0xa0>)
10000746:	f848 7023 	str.w	r7, [r8, r3, lsl #2]
1000074a:	f000 f97f 	bl	10000a4c <irq_add_shared_handler>
1000074e:	f8d9 3000 	ldr.w	r3, [r9]
10000752:	e7d3      	b.n	100006fc <gpio_set_irq_enabled_with_callback+0x2c>
10000754:	2015      	movs	r0, #21
10000756:	4906      	ldr	r1, [pc, #24]	@ (10000770 <gpio_set_irq_enabled_with_callback+0xa0>)
10000758:	9301      	str	r3, [sp, #4]
1000075a:	f000 fa6b 	bl	10000c34 <irq_remove_handler>
1000075e:	9b01      	ldr	r3, [sp, #4]
10000760:	e7c7      	b.n	100006f2 <gpio_set_irq_enabled_with_callback+0x22>
10000762:	bf00      	nop
10000764:	40028290 	.word	0x40028290
10000768:	40028000 	.word	0x40028000
1000076c:	40028248 	.word	0x40028248
10000770:	10000499 	.word	0x10000499
10000774:	20002418 	.word	0x20002418

10000778 <gpio_init>:
10000778:	b430      	push	{r4, r5}
1000077a:	f04f 0300 	mov.w	r3, #0
1000077e:	ec43 0044 	gpioc_bit_oe_put r0, r3
10000782:	ec43 0040 	gpioc_bit_out_put r0, r3
10000786:	2505      	movs	r5, #5
10000788:	f44f 7480 	mov.w	r4, #256	@ 0x100
1000078c:	4b0b      	ldr	r3, [pc, #44]	@ (100007bc <gpio_init+0x44>)
1000078e:	00c2      	lsls	r2, r0, #3
10000790:	f853 1020 	ldr.w	r1, [r3, r0, lsl #2]
10000794:	eb03 0080 	add.w	r0, r3, r0, lsl #2
10000798:	f081 0140 	eor.w	r1, r1, #64	@ 0x40
1000079c:	f102 4380 	add.w	r3, r2, #1073741824	@ 0x40000000
100007a0:	f503 3320 	add.w	r3, r3, #163840	@ 0x28000
100007a4:	f001 02c0 	and.w	r2, r1, #192	@ 0xc0
100007a8:	f500 5180 	add.w	r1, r0, #4096	@ 0x1000
100007ac:	f500 5040 	add.w	r0, r0, #12288	@ 0x3000
100007b0:	600a      	str	r2, [r1, #0]
100007b2:	605d      	str	r5, [r3, #4]
100007b4:	6004      	str	r4, [r0, #0]
100007b6:	bc30      	pop	{r4, r5}
100007b8:	4770      	bx	lr
100007ba:	bf00      	nop
100007bc:	40038004 	.word	0x40038004

100007c0 <panic>:
100007c0:	b40f      	push	{r0, r1, r2, r3}
100007c2:	b500      	push	{lr}
100007c4:	b083      	sub	sp, #12
100007c6:	9c04      	ldr	r4, [sp, #16]
100007c8:	4807      	ldr	r0, [pc, #28]	@ (100007e8 <panic+0x28>)
100007ca:	f003 f9fb 	bl	10003bc4 <__wrap_puts>
100007ce:	b13c      	cbz	r4, 100007e0 <panic+0x20>
100007d0:	a905      	add	r1, sp, #20
100007d2:	4620      	mov	r0, r4
100007d4:	9101      	str	r1, [sp, #4]
100007d6:	f003 f885 	bl	100038e4 <weak_raw_vprintf>
100007da:	4804      	ldr	r0, [pc, #16]	@ (100007ec <panic+0x2c>)
100007dc:	f003 f9f2 	bl	10003bc4 <__wrap_puts>
100007e0:	2001      	movs	r0, #1
100007e2:	f003 f897 	bl	10003914 <_exit>
100007e6:	bf00      	nop
100007e8:	10009354 	.word	0x10009354
100007ec:	10009364 	.word	0x10009364

100007f0 <hw_claim_or_assert>:
100007f0:	b570      	push	{r4, r5, r6, lr}
100007f2:	4686      	mov	lr, r0
100007f4:	f3ef 8510 	mrs	r5, PRIMASK
100007f8:	b672      	cpsid	i
100007fa:	4c12      	ldr	r4, [pc, #72]	@ (10000844 <hw_claim_or_assert+0x54>)
100007fc:	e8d4 6fcf 	ldaexb	r6, [r4]
10000800:	2001      	movs	r0, #1
10000802:	2e00      	cmp	r6, #0
10000804:	d1fa      	bne.n	100007fc <hw_claim_or_assert+0xc>
10000806:	e8c4 0f46 	strexb	r6, r0, [r4]
1000080a:	2e00      	cmp	r6, #0
1000080c:	d1f6      	bne.n	100007fc <hw_claim_or_assert+0xc>
1000080e:	f3bf 8f5f 	dmb	sy
10000812:	f04f 0c01 	mov.w	ip, #1
10000816:	08c8      	lsrs	r0, r1, #3
10000818:	f001 0307 	and.w	r3, r1, #7
1000081c:	fa0c f303 	lsl.w	r3, ip, r3
10000820:	f81e c000 	ldrb.w	ip, [lr, r0]
10000824:	ea1c 0603 	ands.w	r6, ip, r3
10000828:	d108      	bne.n	1000083c <hw_claim_or_assert+0x4c>
1000082a:	ea4c 0c03 	orr.w	ip, ip, r3
1000082e:	f80e c000 	strb.w	ip, [lr, r0]
10000832:	e8c4 6f8f 	stlb	r6, [r4]
10000836:	f385 8810 	msr	PRIMASK, r5
1000083a:	bd70      	pop	{r4, r5, r6, pc}
1000083c:	4610      	mov	r0, r2
1000083e:	f7ff ffbf 	bl	100007c0 <panic>
10000842:	bf00      	nop
10000844:	2000200f 	.word	0x2000200f

10000848 <hw_claim_unused_from_range>:
10000848:	b5f8      	push	{r3, r4, r5, r6, r7, lr}
1000084a:	f3ef 8710 	mrs	r7, PRIMASK
1000084e:	b672      	cpsid	i
10000850:	4e1c      	ldr	r6, [pc, #112]	@ (100008c4 <hw_claim_unused_from_range+0x7c>)
10000852:	e8d6 5fcf 	ldaexb	r5, [r6]
10000856:	2401      	movs	r4, #1
10000858:	2d00      	cmp	r5, #0
1000085a:	d1fa      	bne.n	10000852 <hw_claim_unused_from_range+0xa>
1000085c:	e8c6 4f45 	strexb	r5, r4, [r6]
10000860:	2d00      	cmp	r5, #0
10000862:	d1f6      	bne.n	10000852 <hw_claim_unused_from_range+0xa>
10000864:	f3bf 8f5f 	dmb	sy
10000868:	429a      	cmp	r2, r3
1000086a:	d81b      	bhi.n	100008a4 <hw_claim_unused_from_range+0x5c>
1000086c:	2501      	movs	r5, #1
1000086e:	e002      	b.n	10000876 <hw_claim_unused_from_range+0x2e>
10000870:	3201      	adds	r2, #1
10000872:	4293      	cmp	r3, r2
10000874:	d322      	bcc.n	100008bc <hw_claim_unused_from_range+0x74>
10000876:	08d4      	lsrs	r4, r2, #3
10000878:	f810 e004 	ldrb.w	lr, [r0, r4]
1000087c:	f002 0c07 	and.w	ip, r2, #7
10000880:	fa05 fc0c 	lsl.w	ip, r5, ip
10000884:	ea1e 0f0c 	tst.w	lr, ip
10000888:	d1f2      	bne.n	10000870 <hw_claim_unused_from_range+0x28>
1000088a:	ea4e 0e0c 	orr.w	lr, lr, ip
1000088e:	f800 e004 	strb.w	lr, [r0, r4]
10000892:	4610      	mov	r0, r2
10000894:	2300      	movs	r3, #0
10000896:	e8c6 3f8f 	stlb	r3, [r6]
1000089a:	f387 8810 	msr	PRIMASK, r7
1000089e:	4298      	cmp	r0, r3
100008a0:	db07      	blt.n	100008b2 <hw_claim_unused_from_range+0x6a>
100008a2:	bdf8      	pop	{r3, r4, r5, r6, r7, pc}
100008a4:	2300      	movs	r3, #0
100008a6:	e8c6 3f8f 	stlb	r3, [r6]
100008aa:	f387 8810 	msr	PRIMASK, r7
100008ae:	f04f 30ff 	mov.w	r0, #4294967295
100008b2:	2900      	cmp	r1, #0
100008b4:	d0f5      	beq.n	100008a2 <hw_claim_unused_from_range+0x5a>
100008b6:	9806      	ldr	r0, [sp, #24]
100008b8:	f7ff ff82 	bl	100007c0 <panic>
100008bc:	f04f 30ff 	mov.w	r0, #4294967295
100008c0:	e7e8      	b.n	10000894 <hw_claim_unused_from_range+0x4c>
100008c2:	bf00      	nop
100008c4:	2000200f 	.word	0x2000200f

100008c8 <next_striped_spin_lock_num>:
100008c8:	4a04      	ldr	r2, [pc, #16]	@ (100008dc <next_striped_spin_lock_num+0x14>)
100008ca:	7810      	ldrb	r0, [r2, #0]
100008cc:	1c43      	adds	r3, r0, #1
100008ce:	b2db      	uxtb	r3, r3
100008d0:	2b18      	cmp	r3, #24
100008d2:	bf28      	it	cs
100008d4:	2310      	movcs	r3, #16
100008d6:	7013      	strb	r3, [r2, #0]
100008d8:	4770      	bx	lr
100008da:	bf00      	nop
100008dc:	200014fe 	.word	0x200014fe

100008e0 <spin_lock_claim_unused>:
100008e0:	b510      	push	{r4, lr}
100008e2:	4c05      	ldr	r4, [pc, #20]	@ (100008f8 <spin_lock_claim_unused+0x18>)
100008e4:	b082      	sub	sp, #8
100008e6:	4601      	mov	r1, r0
100008e8:	231f      	movs	r3, #31
100008ea:	2218      	movs	r2, #24
100008ec:	9400      	str	r4, [sp, #0]
100008ee:	4803      	ldr	r0, [pc, #12]	@ (100008fc <spin_lock_claim_unused+0x1c>)
100008f0:	f7ff ffaa 	bl	10000848 <hw_claim_unused_from_range>
100008f4:	b002      	add	sp, #8
100008f6:	bd10      	pop	{r4, pc}
100008f8:	10009368 	.word	0x10009368
100008fc:	20002428 	.word	0x20002428

10000900 <spinlock_set_extexclall>:
10000900:	f04f 22e0 	mov.w	r2, #3758153728	@ 0xe000e000
10000904:	6893      	ldr	r3, [r2, #8]
10000906:	f043 5300 	orr.w	r3, r3, #536870912	@ 0x20000000
1000090a:	6093      	str	r3, [r2, #8]
1000090c:	4770      	bx	lr
1000090e:	bf00      	nop

10000910 <spin_locks_reset>:
10000910:	2100      	movs	r1, #0
10000912:	4b04      	ldr	r3, [pc, #16]	@ (10000924 <spin_locks_reset+0x14>)
10000914:	f103 0220 	add.w	r2, r3, #32
10000918:	e8c3 1f8f 	stlb	r1, [r3]
1000091c:	3301      	adds	r3, #1
1000091e:	4293      	cmp	r3, r2
10000920:	d1fa      	bne.n	10000918 <spin_locks_reset+0x8>
10000922:	4770      	bx	lr
10000924:	20002004 	.word	0x20002004

10000928 <runtime_init_per_core_irq_priorities>:
10000928:	f04f 23e0 	mov.w	r3, #3758153728	@ 0xe000e000
1000092c:	f04f 3280 	mov.w	r2, #2155905152	@ 0x80808080
10000930:	f8c3 2400 	str.w	r2, [r3, #1024]	@ 0x400
10000934:	f8c3 2404 	str.w	r2, [r3, #1028]	@ 0x404
10000938:	f8c3 2408 	str.w	r2, [r3, #1032]	@ 0x408
1000093c:	f8c3 240c 	str.w	r2, [r3, #1036]	@ 0x40c
10000940:	f8c3 2410 	str.w	r2, [r3, #1040]	@ 0x410
10000944:	f8c3 2414 	str.w	r2, [r3, #1044]	@ 0x414
10000948:	f8c3 2418 	str.w	r2, [r3, #1048]	@ 0x418
1000094c:	f8c3 241c 	str.w	r2, [r3, #1052]	@ 0x41c
10000950:	f8c3 2420 	str.w	r2, [r3, #1056]	@ 0x420
10000954:	f8c3 2424 	str.w	r2, [r3, #1060]	@ 0x424
10000958:	f8c3 2428 	str.w	r2, [r3, #1064]	@ 0x428
1000095c:	f8c3 242c 	str.w	r2, [r3, #1068]	@ 0x42c
10000960:	f8c3 2430 	str.w	r2, [r3, #1072]	@ 0x430
10000964:	4770      	bx	lr
10000966:	bf00      	nop

10000968 <irq_set_enabled>:
10000968:	2301      	movs	r3, #1
1000096a:	f000 021f 	and.w	r2, r0, #31
1000096e:	4093      	lsls	r3, r2
10000970:	0940      	lsrs	r0, r0, #5
10000972:	b141      	cbz	r1, 10000986 <irq_set_enabled+0x1e>
10000974:	0080      	lsls	r0, r0, #2
10000976:	f100 4060 	add.w	r0, r0, #3758096384	@ 0xe0000000
1000097a:	f500 4061 	add.w	r0, r0, #57600	@ 0xe100
1000097e:	f8c0 3180 	str.w	r3, [r0, #384]	@ 0x180
10000982:	6003      	str	r3, [r0, #0]
10000984:	4770      	bx	lr
10000986:	4a02      	ldr	r2, [pc, #8]	@ (10000990 <irq_set_enabled+0x28>)
10000988:	3020      	adds	r0, #32
1000098a:	f842 3020 	str.w	r3, [r2, r0, lsl #2]
1000098e:	4770      	bx	lr
10000990:	e000e100 	.word	0xe000e100

10000994 <irq_is_enabled>:
10000994:	2301      	movs	r3, #1
10000996:	4a06      	ldr	r2, [pc, #24]	@ (100009b0 <irq_is_enabled+0x1c>)
10000998:	0941      	lsrs	r1, r0, #5
1000099a:	f852 2021 	ldr.w	r2, [r2, r1, lsl #2]
1000099e:	f000 001f 	and.w	r0, r0, #31
100009a2:	fa03 f000 	lsl.w	r0, r3, r0
100009a6:	4010      	ands	r0, r2
100009a8:	3800      	subs	r0, #0
100009aa:	bf18      	it	ne
100009ac:	2001      	movne	r0, #1
100009ae:	4770      	bx	lr
100009b0:	e000e100 	.word	0xe000e100

100009b4 <irq_set_pending>:
100009b4:	2201      	movs	r2, #1
100009b6:	0943      	lsrs	r3, r0, #5
100009b8:	4903      	ldr	r1, [pc, #12]	@ (100009c8 <irq_set_pending+0x14>)
100009ba:	f000 001f 	and.w	r0, r0, #31
100009be:	4082      	lsls	r2, r0
100009c0:	3340      	adds	r3, #64	@ 0x40
100009c2:	f841 2023 	str.w	r2, [r1, r3, lsl #2]
100009c6:	4770      	bx	lr
100009c8:	e000e100 	.word	0xe000e100

100009cc <irq_has_shared_handler>:
100009cc:	4a05      	ldr	r2, [pc, #20]	@ (100009e4 <irq_has_shared_handler+0x18>)
100009ce:	3010      	adds	r0, #16
100009d0:	6892      	ldr	r2, [r2, #8]
100009d2:	4b05      	ldr	r3, [pc, #20]	@ (100009e8 <irq_has_shared_handler+0x1c>)
100009d4:	f852 0020 	ldr.w	r0, [r2, r0, lsl #2]
100009d8:	1ac0      	subs	r0, r0, r3
100009da:	282f      	cmp	r0, #47	@ 0x2f
100009dc:	bf8c      	ite	hi
100009de:	2000      	movhi	r0, #0
100009e0:	2001      	movls	r0, #1
100009e2:	4770      	bx	lr
100009e4:	e000ed00 	.word	0xe000ed00
100009e8:	20001500 	.word	0x20001500

100009ec <irq_set_exclusive_handler>:
100009ec:	b5f8      	push	{r3, r4, r5, r6, r7, lr}
100009ee:	460d      	mov	r5, r1
100009f0:	f3ef 8710 	mrs	r7, PRIMASK
100009f4:	b672      	cpsid	i
100009f6:	4e12      	ldr	r6, [pc, #72]	@ (10000a40 <irq_set_exclusive_handler+0x54>)
100009f8:	e8d6 2fcf 	ldaexb	r2, [r6]
100009fc:	2301      	movs	r3, #1
100009fe:	2a00      	cmp	r2, #0
10000a00:	d1fa      	bne.n	100009f8 <irq_set_exclusive_handler+0xc>
10000a02:	e8c6 3f42 	strexb	r2, r3, [r6]
10000a06:	2a00      	cmp	r2, #0
10000a08:	d1f6      	bne.n	100009f8 <irq_set_exclusive_handler+0xc>
10000a0a:	f3bf 8f5f 	dmb	sy
10000a0e:	4b0d      	ldr	r3, [pc, #52]	@ (10000a44 <irq_set_exclusive_handler+0x58>)
10000a10:	f100 0410 	add.w	r4, r0, #16
10000a14:	689b      	ldr	r3, [r3, #8]
10000a16:	4a0c      	ldr	r2, [pc, #48]	@ (10000a48 <irq_set_exclusive_handler+0x5c>)
10000a18:	f853 3024 	ldr.w	r3, [r3, r4, lsl #2]
10000a1c:	4293      	cmp	r3, r2
10000a1e:	d003      	beq.n	10000a28 <irq_set_exclusive_handler+0x3c>
10000a20:	4299      	cmp	r1, r3
10000a22:	d001      	beq.n	10000a28 <irq_set_exclusive_handler+0x3c>
10000a24:	f001 f898 	bl	10001b58 <hard_assertion_failure>
10000a28:	4b06      	ldr	r3, [pc, #24]	@ (10000a44 <irq_set_exclusive_handler+0x58>)
10000a2a:	689b      	ldr	r3, [r3, #8]
10000a2c:	f843 5024 	str.w	r5, [r3, r4, lsl #2]
10000a30:	f3bf 8f5f 	dmb	sy
10000a34:	2300      	movs	r3, #0
10000a36:	e8c6 3f8f 	stlb	r3, [r6]
10000a3a:	f387 8810 	msr	PRIMASK, r7
10000a3e:	bdf8      	pop	{r3, r4, r5, r6, r7, pc}
10000a40:	2000200d 	.word	0x2000200d
10000a44:	e000ed00 	.word	0xe000ed00
10000a48:	1000011d 	.word	0x1000011d

10000a4c <irq_add_shared_handler>:
10000a4c:	e92d 4ff0 	stmdb	sp!, {r4, r5, r6, r7, r8, r9, sl, fp, lr}
10000a50:	4681      	mov	r9, r0
10000a52:	468b      	mov	fp, r1
10000a54:	4616      	mov	r6, r2
10000a56:	b083      	sub	sp, #12
10000a58:	f3ef 8310 	mrs	r3, PRIMASK
10000a5c:	b672      	cpsid	i
10000a5e:	f8df a1d0 	ldr.w	sl, [pc, #464]	@ 10000c30 <irq_add_shared_handler+0x1e4>
10000a62:	9300      	str	r3, [sp, #0]
10000a64:	e8da 1fcf 	ldaexb	r1, [sl]
10000a68:	2301      	movs	r3, #1
10000a6a:	2900      	cmp	r1, #0
10000a6c:	d1fa      	bne.n	10000a64 <irq_add_shared_handler+0x18>
10000a6e:	e8ca 3f41 	strexb	r1, r3, [sl]
10000a72:	2900      	cmp	r1, #0
10000a74:	d1f6      	bne.n	10000a64 <irq_add_shared_handler+0x18>
10000a76:	f3bf 8f5f 	dmb	sy
10000a7a:	4b66      	ldr	r3, [pc, #408]	@ (10000c14 <irq_add_shared_handler+0x1c8>)
10000a7c:	f993 4000 	ldrsb.w	r4, [r3]
10000a80:	2c00      	cmp	r4, #0
10000a82:	f2c0 80a0 	blt.w	10000bc6 <irq_add_shared_handler+0x17a>
10000a86:	4d64      	ldr	r5, [pc, #400]	@ (10000c18 <irq_add_shared_handler+0x1cc>)
10000a88:	eb04 0744 	add.w	r7, r4, r4, lsl #1
10000a8c:	eb05 0887 	add.w	r8, r5, r7, lsl #2
10000a90:	f898 1006 	ldrb.w	r1, [r8, #6]
10000a94:	f109 0910 	add.w	r9, r9, #16
10000a98:	7019      	strb	r1, [r3, #0]
10000a9a:	4b60      	ldr	r3, [pc, #384]	@ (10000c1c <irq_add_shared_handler+0x1d0>)
10000a9c:	00bf      	lsls	r7, r7, #2
10000a9e:	689b      	ldr	r3, [r3, #8]
10000aa0:	f853 0029 	ldr.w	r0, [r3, r9, lsl #2]
10000aa4:	0063      	lsls	r3, r4, #1
10000aa6:	1b41      	subs	r1, r0, r5
10000aa8:	292f      	cmp	r1, #47	@ 0x2f
10000aaa:	d92f      	bls.n	10000b0c <irq_add_shared_handler+0xc0>
10000aac:	495c      	ldr	r1, [pc, #368]	@ (10000c20 <irq_add_shared_handler+0x1d4>)
10000aae:	4288      	cmp	r0, r1
10000ab0:	f040 80a4 	bne.w	10000bfc <irq_add_shared_handler+0x1b0>
10000ab4:	441c      	add	r4, r3
10000ab6:	4b5b      	ldr	r3, [pc, #364]	@ (10000c24 <irq_add_shared_handler+0x1d8>)
10000ab8:	3702      	adds	r7, #2
10000aba:	442f      	add	r7, r5
10000abc:	3b04      	subs	r3, #4
10000abe:	1bdb      	subs	r3, r3, r7
10000ac0:	f3c3 034a 	ubfx	r3, r3, #1, #11
10000ac4:	ea6f 43c3 	mvn.w	r3, r3, lsl #19
10000ac8:	f44f 4121 	mov.w	r1, #41216	@ 0xa100
10000acc:	ea6f 43d3 	mvn.w	r3, r3, lsr #19
10000ad0:	f825 1024 	strh.w	r1, [r5, r4, lsl #2]
10000ad4:	eb05 0484 	add.w	r4, r5, r4, lsl #2
10000ad8:	8063      	strh	r3, [r4, #2]
10000ada:	f64b 5301 	movw	r3, #48385	@ 0xbd01
10000ade:	80a3      	strh	r3, [r4, #4]
10000ae0:	23ff      	movs	r3, #255	@ 0xff
10000ae2:	f048 0001 	orr.w	r0, r8, #1
10000ae6:	71e6      	strb	r6, [r4, #7]
10000ae8:	f8c4 b008 	str.w	fp, [r4, #8]
10000aec:	71a3      	strb	r3, [r4, #6]
10000aee:	4b4b      	ldr	r3, [pc, #300]	@ (10000c1c <irq_add_shared_handler+0x1d0>)
10000af0:	689b      	ldr	r3, [r3, #8]
10000af2:	f843 0029 	str.w	r0, [r3, r9, lsl #2]
10000af6:	f3bf 8f5f 	dmb	sy
10000afa:	2300      	movs	r3, #0
10000afc:	e8ca 3f8f 	stlb	r3, [sl]
10000b00:	9b00      	ldr	r3, [sp, #0]
10000b02:	f383 8810 	msr	PRIMASK, r3
10000b06:	b003      	add	sp, #12
10000b08:	e8bd 8ff0 	ldmia.w	sp!, {r4, r5, r6, r7, r8, r9, sl, fp, pc}
10000b0c:	f020 0e01 	bic.w	lr, r0, #1
10000b10:	f89e 1007 	ldrb.w	r1, [lr, #7]
10000b14:	42b1      	cmp	r1, r6
10000b16:	d82e      	bhi.n	10000b76 <irq_add_shared_handler+0x12a>
10000b18:	f44f 4321 	mov.w	r3, #41216	@ 0xa100
10000b1c:	53eb      	strh	r3, [r5, r7]
10000b1e:	4b41      	ldr	r3, [pc, #260]	@ (10000c24 <irq_add_shared_handler+0x1d8>)
10000b20:	1cb9      	adds	r1, r7, #2
10000b22:	4429      	add	r1, r5
10000b24:	3b04      	subs	r3, #4
10000b26:	3704      	adds	r7, #4
10000b28:	1a5b      	subs	r3, r3, r1
10000b2a:	442f      	add	r7, r5
10000b2c:	f1ae 0104 	sub.w	r1, lr, #4
10000b30:	1bc9      	subs	r1, r1, r7
10000b32:	f3c1 044a 	ubfx	r4, r1, #1, #11
10000b36:	493c      	ldr	r1, [pc, #240]	@ (10000c28 <irq_add_shared_handler+0x1dc>)
10000b38:	f3c3 034a 	ubfx	r3, r3, #1, #11
10000b3c:	430b      	orrs	r3, r1
10000b3e:	4321      	orrs	r1, r4
10000b40:	f8a8 1004 	strh.w	r1, [r8, #4]
10000b44:	4939      	ldr	r1, [pc, #228]	@ (10000c2c <irq_add_shared_handler+0x1e0>)
10000b46:	f8a8 3002 	strh.w	r3, [r8, #2]
10000b4a:	f64a 20aa 	movw	r0, #43690	@ 0xaaaa
10000b4e:	4673      	mov	r3, lr
10000b50:	1b5b      	subs	r3, r3, r5
10000b52:	415b      	adcs	r3, r3
10000b54:	4358      	muls	r0, r3
10000b56:	0d00      	lsrs	r0, r0, #20
10000b58:	f888 6007 	strb.w	r6, [r8, #7]
10000b5c:	f888 0006 	strb.w	r0, [r8, #6]
10000b60:	f8c8 b008 	str.w	fp, [r8, #8]
10000b64:	f048 0001 	orr.w	r0, r8, #1
10000b68:	f8ce 1000 	str.w	r1, [lr]
10000b6c:	e7bf      	b.n	10000aee <irq_add_shared_handler+0xa2>
10000b6e:	79d1      	ldrb	r1, [r2, #7]
10000b70:	42b1      	cmp	r1, r6
10000b72:	d92e      	bls.n	10000bd2 <irq_add_shared_handler+0x186>
10000b74:	4696      	mov	lr, r2
10000b76:	f99e c006 	ldrsb.w	ip, [lr, #6]
10000b7a:	eb0c 024c 	add.w	r2, ip, ip, lsl #1
10000b7e:	f1bc 0f00 	cmp.w	ip, #0
10000b82:	eb05 0282 	add.w	r2, r5, r2, lsl #2
10000b86:	daf2      	bge.n	10000b6e <irq_add_shared_handler+0x122>
10000b88:	f64b 5101 	movw	r1, #48385	@ 0xbd01
10000b8c:	f10e 0204 	add.w	r2, lr, #4
10000b90:	f1a8 0704 	sub.w	r7, r8, #4
10000b94:	1abf      	subs	r7, r7, r2
10000b96:	f3c7 074a 	ubfx	r7, r7, #1, #11
10000b9a:	ea6f 47c7 	mvn.w	r7, r7, lsl #19
10000b9e:	ea6f 47d7 	mvn.w	r7, r7, lsr #19
10000ba2:	f88e 4006 	strb.w	r4, [lr, #6]
10000ba6:	eb03 0804 	add.w	r8, r3, r4
10000baa:	4c20      	ldr	r4, [pc, #128]	@ (10000c2c <irq_add_shared_handler+0x1e0>)
10000bac:	eb05 0388 	add.w	r3, r5, r8, lsl #2
10000bb0:	f8ae 7004 	strh.w	r7, [lr, #4]
10000bb4:	f845 4028 	str.w	r4, [r5, r8, lsl #2]
10000bb8:	8099      	strh	r1, [r3, #4]
10000bba:	f883 c006 	strb.w	ip, [r3, #6]
10000bbe:	71de      	strb	r6, [r3, #7]
10000bc0:	f8c3 b008 	str.w	fp, [r3, #8]
10000bc4:	e793      	b.n	10000aee <irq_add_shared_handler+0xa2>
10000bc6:	f000 ffc7 	bl	10001b58 <hard_assertion_failure>
10000bca:	4b12      	ldr	r3, [pc, #72]	@ (10000c14 <irq_add_shared_handler+0x1c8>)
10000bcc:	f993 4000 	ldrsb.w	r4, [r3]
10000bd0:	e759      	b.n	10000a86 <irq_add_shared_handler+0x3a>
10000bd2:	4672      	mov	r2, lr
10000bd4:	f832 1f04 	ldrh.w	r1, [r2, #4]!
10000bd8:	0549      	lsls	r1, r1, #21
10000bda:	d414      	bmi.n	10000c06 <irq_add_shared_handler+0x1ba>
10000bdc:	1549      	asrs	r1, r1, #21
10000bde:	3102      	adds	r1, #2
10000be0:	eb02 0141 	add.w	r1, r2, r1, lsl #1
10000be4:	9101      	str	r1, [sp, #4]
10000be6:	f06f 0107 	mvn.w	r1, #7
10000bea:	1bc9      	subs	r1, r1, r7
10000bec:	9f01      	ldr	r7, [sp, #4]
10000bee:	1b49      	subs	r1, r1, r5
10000bf0:	4439      	add	r1, r7
10000bf2:	f3c1 014a 	ubfx	r1, r1, #1, #11
10000bf6:	f441 4160 	orr.w	r1, r1, #57344	@ 0xe000
10000bfa:	e7c9      	b.n	10000b90 <irq_add_shared_handler+0x144>
10000bfc:	9301      	str	r3, [sp, #4]
10000bfe:	f000 ffab 	bl	10001b58 <hard_assertion_failure>
10000c02:	9b01      	ldr	r3, [sp, #4]
10000c04:	e756      	b.n	10000ab4 <irq_add_shared_handler+0x68>
10000c06:	f501 11ff 	add.w	r1, r1, #2088960	@ 0x1fe000
10000c0a:	f501 51ff 	add.w	r1, r1, #8160	@ 0x1fe0
10000c0e:	311f      	adds	r1, #31
10000c10:	e7e4      	b.n	10000bdc <irq_add_shared_handler+0x190>
10000c12:	bf00      	nop
10000c14:	20002aa8 	.word	0x20002aa8
10000c18:	20001500 	.word	0x20001500
10000c1c:	e000ed00 	.word	0xe000ed00
10000c20:	1000011d 	.word	0x1000011d
10000c24:	20001530 	.word	0x20001530
10000c28:	ffffe000 	.word	0xffffe000
10000c2c:	47804801 	.word	0x47804801
10000c30:	2000200d 	.word	0x2000200d

10000c34 <irq_remove_handler>:
10000c34:	e92d 4ff0 	stmdb	sp!, {r4, r5, r6, r7, r8, r9, sl, fp, lr}
10000c38:	b083      	sub	sp, #12
10000c3a:	f3ef 8a10 	mrs	sl, PRIMASK
10000c3e:	b672      	cpsid	i
10000c40:	4e71      	ldr	r6, [pc, #452]	@ (10000e08 <irq_remove_handler+0x1d4>)
10000c42:	e8d6 2fcf 	ldaexb	r2, [r6]
10000c46:	2301      	movs	r3, #1
10000c48:	2a00      	cmp	r2, #0
10000c4a:	d1fa      	bne.n	10000c42 <irq_remove_handler+0xe>
10000c4c:	e8c6 3f42 	strexb	r2, r3, [r6]
10000c50:	2a00      	cmp	r2, #0
10000c52:	d1f6      	bne.n	10000c42 <irq_remove_handler+0xe>
10000c54:	f3bf 8f5f 	dmb	sy
10000c58:	4b6c      	ldr	r3, [pc, #432]	@ (10000e0c <irq_remove_handler+0x1d8>)
10000c5a:	f100 0810 	add.w	r8, r0, #16
10000c5e:	689b      	ldr	r3, [r3, #8]
10000c60:	4a6b      	ldr	r2, [pc, #428]	@ (10000e10 <irq_remove_handler+0x1dc>)
10000c62:	f853 5028 	ldr.w	r5, [r3, r8, lsl #2]
10000c66:	4295      	cmp	r5, r2
10000c68:	d045      	beq.n	10000cf6 <irq_remove_handler+0xc2>
10000c6a:	428d      	cmp	r5, r1
10000c6c:	460c      	mov	r4, r1
10000c6e:	d050      	beq.n	10000d12 <irq_remove_handler+0xde>
10000c70:	4f68      	ldr	r7, [pc, #416]	@ (10000e14 <irq_remove_handler+0x1e0>)
10000c72:	1beb      	subs	r3, r5, r7
10000c74:	2b2f      	cmp	r3, #47	@ 0x2f
10000c76:	d83e      	bhi.n	10000cf6 <irq_remove_handler+0xc2>
10000c78:	2101      	movs	r1, #1
10000c7a:	ea4f 1950 	mov.w	r9, r0, lsr #5
10000c7e:	ea4f 0989 	mov.w	r9, r9, lsl #2
10000c82:	f109 4960 	add.w	r9, r9, #3758096384	@ 0xe0000000
10000c86:	f509 4961 	add.w	r9, r9, #57600	@ 0xe100
10000c8a:	f000 031f 	and.w	r3, r0, #31
10000c8e:	fa01 f003 	lsl.w	r0, r1, r3
10000c92:	f8d9 3000 	ldr.w	r3, [r9]
10000c96:	f8c9 0080 	str.w	r0, [r9, #128]	@ 0x80
10000c9a:	ea00 0b03 	and.w	fp, r0, r3
10000c9e:	f3bf 8f5f 	dmb	sy
10000ca2:	f3ef 8105 	mrs	r1, IPSR
10000ca6:	b2c9      	uxtb	r1, r1
10000ca8:	2900      	cmp	r1, #0
10000caa:	d034      	beq.n	10000d16 <irq_remove_handler+0xe2>
10000cac:	4588      	cmp	r8, r1
10000cae:	d005      	beq.n	10000cbc <irq_remove_handler+0x88>
10000cb0:	e9cd 1000 	strd	r1, r0, [sp]
10000cb4:	f000 ff50 	bl	10001b58 <hard_assertion_failure>
10000cb8:	e9dd 1000 	ldrd	r1, r0, [sp]
10000cbc:	f025 0e01 	bic.w	lr, r5, #1
10000cc0:	f8de c008 	ldr.w	ip, [lr, #8]
10000cc4:	4564      	cmp	r4, ip
10000cc6:	d105      	bne.n	10000cd4 <irq_remove_handler+0xa0>
10000cc8:	e089      	b.n	10000dde <irq_remove_handler+0x1aa>
10000cca:	f8d3 c008 	ldr.w	ip, [r3, #8]
10000cce:	4564      	cmp	r4, ip
10000cd0:	d031      	beq.n	10000d36 <irq_remove_handler+0x102>
10000cd2:	469e      	mov	lr, r3
10000cd4:	f99e 2006 	ldrsb.w	r2, [lr, #6]
10000cd8:	eb02 0342 	add.w	r3, r2, r2, lsl #1
10000cdc:	2a00      	cmp	r2, #0
10000cde:	eb07 0383 	add.w	r3, r7, r3, lsl #2
10000ce2:	daf2      	bge.n	10000cca <irq_remove_handler+0x96>
10000ce4:	4564      	cmp	r4, ip
10000ce6:	d061      	beq.n	10000dac <irq_remove_handler+0x178>
10000ce8:	f1bb 0f00 	cmp.w	fp, #0
10000cec:	d020      	beq.n	10000d30 <irq_remove_handler+0xfc>
10000cee:	f8c9 0180 	str.w	r0, [r9, #384]	@ 0x180
10000cf2:	f8c9 0000 	str.w	r0, [r9]
10000cf6:	4b45      	ldr	r3, [pc, #276]	@ (10000e0c <irq_remove_handler+0x1d8>)
10000cf8:	689b      	ldr	r3, [r3, #8]
10000cfa:	f843 5028 	str.w	r5, [r3, r8, lsl #2]
10000cfe:	f3bf 8f5f 	dmb	sy
10000d02:	2300      	movs	r3, #0
10000d04:	e8c6 3f8f 	stlb	r3, [r6]
10000d08:	f38a 8810 	msr	PRIMASK, sl
10000d0c:	b003      	add	sp, #12
10000d0e:	e8bd 8ff0 	ldmia.w	sp!, {r4, r5, r6, r7, r8, r9, sl, fp, pc}
10000d12:	4615      	mov	r5, r2
10000d14:	e7ef      	b.n	10000cf6 <irq_remove_handler+0xc2>
10000d16:	f025 0e01 	bic.w	lr, r5, #1
10000d1a:	f8de c008 	ldr.w	ip, [lr, #8]
10000d1e:	4564      	cmp	r4, ip
10000d20:	d1d8      	bne.n	10000cd4 <irq_remove_handler+0xa0>
10000d22:	f99e 4006 	ldrsb.w	r4, [lr, #6]
10000d26:	4673      	mov	r3, lr
10000d28:	2c00      	cmp	r4, #0
10000d2a:	da08      	bge.n	10000d3e <irq_remove_handler+0x10a>
10000d2c:	4615      	mov	r5, r2
10000d2e:	e046      	b.n	10000dbe <irq_remove_handler+0x18a>
10000d30:	f8c9 0080 	str.w	r0, [r9, #128]	@ 0x80
10000d34:	e7df      	b.n	10000cf6 <irq_remove_handler+0xc2>
10000d36:	f993 4006 	ldrsb.w	r4, [r3, #6]
10000d3a:	2c00      	cmp	r4, #0
10000d3c:	db37      	blt.n	10000dae <irq_remove_handler+0x17a>
10000d3e:	eb04 0c44 	add.w	ip, r4, r4, lsl #1
10000d42:	eb07 0c8c 	add.w	ip, r7, ip, lsl #2
10000d46:	f89c 1007 	ldrb.w	r1, [ip, #7]
10000d4a:	f8dc 2008 	ldr.w	r2, [ip, #8]
10000d4e:	71d9      	strb	r1, [r3, #7]
10000d50:	609a      	str	r2, [r3, #8]
10000d52:	f99c 2006 	ldrsb.w	r2, [ip, #6]
10000d56:	0061      	lsls	r1, r4, #1
10000d58:	2a00      	cmp	r2, #0
10000d5a:	719a      	strb	r2, [r3, #6]
10000d5c:	db3d      	blt.n	10000dda <irq_remove_handler+0x1a6>
10000d5e:	f8bc e004 	ldrh.w	lr, [ip, #4]
10000d62:	ea5f 5e4e 	movs.w	lr, lr, lsl #21
10000d66:	d505      	bpl.n	10000d74 <irq_remove_handler+0x140>
10000d68:	f50e 1eff 	add.w	lr, lr, #2088960	@ 0x1fe000
10000d6c:	f50e 5eff 	add.w	lr, lr, #8160	@ 0x1fe0
10000d70:	f10e 0e1f 	add.w	lr, lr, #31
10000d74:	f06f 0c07 	mvn.w	ip, #7
10000d78:	190a      	adds	r2, r1, r4
10000d7a:	ea4f 5e6e 	mov.w	lr, lr, asr #21
10000d7e:	0092      	lsls	r2, r2, #2
10000d80:	eb02 024e 	add.w	r2, r2, lr, lsl #1
10000d84:	3208      	adds	r2, #8
10000d86:	443a      	add	r2, r7
10000d88:	ebac 0c03 	sub.w	ip, ip, r3
10000d8c:	4462      	add	r2, ip
10000d8e:	f3c2 024a 	ubfx	r2, r2, #1, #11
10000d92:	ea6f 42c2 	mvn.w	r2, r2, lsl #19
10000d96:	ea6f 42d2 	mvn.w	r2, r2, lsr #19
10000d9a:	809a      	strh	r2, [r3, #4]
10000d9c:	4b1e      	ldr	r3, [pc, #120]	@ (10000e18 <irq_remove_handler+0x1e4>)
10000d9e:	4421      	add	r1, r4
10000da0:	781a      	ldrb	r2, [r3, #0]
10000da2:	eb07 0181 	add.w	r1, r7, r1, lsl #2
10000da6:	701c      	strb	r4, [r3, #0]
10000da8:	718a      	strb	r2, [r1, #6]
10000daa:	e79d      	b.n	10000ce8 <irq_remove_handler+0xb4>
10000dac:	4673      	mov	r3, lr
10000dae:	b9d9      	cbnz	r1, 10000de8 <irq_remove_handler+0x1b4>
10000db0:	22ff      	movs	r2, #255	@ 0xff
10000db2:	f88e 2006 	strb.w	r2, [lr, #6]
10000db6:	f64b 5201 	movw	r2, #48385	@ 0xbd01
10000dba:	f8ae 2004 	strh.w	r2, [lr, #4]
10000dbe:	4c16      	ldr	r4, [pc, #88]	@ (10000e18 <irq_remove_handler+0x1e4>)
10000dc0:	f64a 22aa 	movw	r2, #43690	@ 0xaaaa
10000dc4:	f894 c000 	ldrb.w	ip, [r4]
10000dc8:	4619      	mov	r1, r3
10000dca:	1bc9      	subs	r1, r1, r7
10000dcc:	4149      	adcs	r1, r1
10000dce:	434a      	muls	r2, r1
10000dd0:	0d12      	lsrs	r2, r2, #20
10000dd2:	f883 c006 	strb.w	ip, [r3, #6]
10000dd6:	7022      	strb	r2, [r4, #0]
10000dd8:	e786      	b.n	10000ce8 <irq_remove_handler+0xb4>
10000dda:	4a10      	ldr	r2, [pc, #64]	@ (10000e1c <irq_remove_handler+0x1e8>)
10000ddc:	e7dd      	b.n	10000d9a <irq_remove_handler+0x166>
10000dde:	f99e 4006 	ldrsb.w	r4, [lr, #6]
10000de2:	4673      	mov	r3, lr
10000de4:	2c00      	cmp	r4, #0
10000de6:	daaa      	bge.n	10000d3e <irq_remove_handler+0x10a>
10000de8:	4a0d      	ldr	r2, [pc, #52]	@ (10000e20 <irq_remove_handler+0x1ec>)
10000dea:	4c0e      	ldr	r4, [pc, #56]	@ (10000e24 <irq_remove_handler+0x1f0>)
10000dec:	1ad2      	subs	r2, r2, r3
10000dee:	3a08      	subs	r2, #8
10000df0:	f3c2 310a 	ubfx	r1, r2, #12, #11
10000df4:	ea6f 5101 	mvn.w	r1, r1, lsl #20
10000df8:	ea6f 5111 	mvn.w	r1, r1, lsr #20
10000dfc:	ea44 0252 	orr.w	r2, r4, r2, lsr #1
10000e00:	80da      	strh	r2, [r3, #6]
10000e02:	8099      	strh	r1, [r3, #4]
10000e04:	e770      	b.n	10000ce8 <irq_remove_handler+0xb4>
10000e06:	bf00      	nop
10000e08:	2000200d 	.word	0x2000200d
10000e0c:	e000ed00 	.word	0xe000ed00
10000e10:	1000011d 	.word	0x1000011d
10000e14:	20001500 	.word	0x20001500
10000e18:	20002aa8 	.word	0x20002aa8
10000e1c:	ffffbd01 	.word	0xffffbd01
10000e20:	2000153a 	.word	0x2000153a
10000e24:	fffff800 	.word	0xfffff800

10000e28 <irq_add_tail_to_free_list>:
10000e28:	b5f0      	push	{r4, r5, r6, r7, lr}
10000e2a:	f3ef 8505 	mrs	r5, IPSR
10000e2e:	b2ed      	uxtb	r5, r5
10000e30:	f3ef 8c10 	mrs	ip, PRIMASK
10000e34:	b672      	cpsid	i
10000e36:	4926      	ldr	r1, [pc, #152]	@ (10000ed0 <irq_add_tail_to_free_list+0xa8>)
10000e38:	e8d1 2fcf 	ldaexb	r2, [r1]
10000e3c:	2301      	movs	r3, #1
10000e3e:	2a00      	cmp	r2, #0
10000e40:	d1fa      	bne.n	10000e38 <irq_add_tail_to_free_list+0x10>
10000e42:	e8c1 3f42 	strexb	r2, r3, [r1]
10000e46:	2a00      	cmp	r2, #0
10000e48:	d1f6      	bne.n	10000e38 <irq_add_tail_to_free_list+0x10>
10000e4a:	f3bf 8f5f 	dmb	sy
10000e4e:	4e21      	ldr	r6, [pc, #132]	@ (10000ed4 <irq_add_tail_to_free_list+0xac>)
10000e50:	f040 0e01 	orr.w	lr, r0, #1
10000e54:	68b4      	ldr	r4, [r6, #8]
10000e56:	f64a 23aa 	movw	r3, #43690	@ 0xaaaa
10000e5a:	f854 7025 	ldr.w	r7, [r4, r5, lsl #2]
10000e5e:	4a1e      	ldr	r2, [pc, #120]	@ (10000ed8 <irq_add_tail_to_free_list+0xb0>)
10000e60:	4604      	mov	r4, r0
10000e62:	1aa4      	subs	r4, r4, r2
10000e64:	4164      	adcs	r4, r4
10000e66:	4363      	muls	r3, r4
10000e68:	0d1b      	lsrs	r3, r3, #20
10000e6a:	4577      	cmp	r7, lr
10000e6c:	b25b      	sxtb	r3, r3
10000e6e:	d01b      	beq.n	10000ea8 <irq_add_tail_to_free_list+0x80>
10000e70:	f992 4006 	ldrsb.w	r4, [r2, #6]
10000e74:	429c      	cmp	r4, r3
10000e76:	d01c      	beq.n	10000eb2 <irq_add_tail_to_free_list+0x8a>
10000e78:	f992 4012 	ldrsb.w	r4, [r2, #18]
10000e7c:	429c      	cmp	r4, r3
10000e7e:	d023      	beq.n	10000ec8 <irq_add_tail_to_free_list+0xa0>
10000e80:	f992 401e 	ldrsb.w	r4, [r2, #30]
10000e84:	429c      	cmp	r4, r3
10000e86:	d021      	beq.n	10000ecc <irq_add_tail_to_free_list+0xa4>
10000e88:	f992 402a 	ldrsb.w	r4, [r2, #42]	@ 0x2a
10000e8c:	429c      	cmp	r4, r3
10000e8e:	bf08      	it	eq
10000e90:	2403      	moveq	r4, #3
10000e92:	d00f      	beq.n	10000eb4 <irq_add_tail_to_free_list+0x8c>
10000e94:	4a11      	ldr	r2, [pc, #68]	@ (10000edc <irq_add_tail_to_free_list+0xb4>)
10000e96:	2400      	movs	r4, #0
10000e98:	7815      	ldrb	r5, [r2, #0]
10000e9a:	7013      	strb	r3, [r2, #0]
10000e9c:	7185      	strb	r5, [r0, #6]
10000e9e:	e8c1 4f8f 	stlb	r4, [r1]
10000ea2:	f38c 8810 	msr	PRIMASK, ip
10000ea6:	bdf0      	pop	{r4, r5, r6, r7, pc}
10000ea8:	68b2      	ldr	r2, [r6, #8]
10000eaa:	4c0d      	ldr	r4, [pc, #52]	@ (10000ee0 <irq_add_tail_to_free_list+0xb8>)
10000eac:	f842 4025 	str.w	r4, [r2, r5, lsl #2]
10000eb0:	e7f0      	b.n	10000e94 <irq_add_tail_to_free_list+0x6c>
10000eb2:	2400      	movs	r4, #0
10000eb4:	eb04 0444 	add.w	r4, r4, r4, lsl #1
10000eb8:	eb02 0284 	add.w	r2, r2, r4, lsl #2
10000ebc:	24ff      	movs	r4, #255	@ 0xff
10000ebe:	7194      	strb	r4, [r2, #6]
10000ec0:	f64b 5401 	movw	r4, #48385	@ 0xbd01
10000ec4:	8094      	strh	r4, [r2, #4]
10000ec6:	e7e5      	b.n	10000e94 <irq_add_tail_to_free_list+0x6c>
10000ec8:	2401      	movs	r4, #1
10000eca:	e7f3      	b.n	10000eb4 <irq_add_tail_to_free_list+0x8c>
10000ecc:	2402      	movs	r4, #2
10000ece:	e7f1      	b.n	10000eb4 <irq_add_tail_to_free_list+0x8c>
10000ed0:	2000200d 	.word	0x2000200d
10000ed4:	e000ed00 	.word	0xe000ed00
10000ed8:	20001500 	.word	0x20001500
10000edc:	20002aa8 	.word	0x20002aa8
10000ee0:	1000011d 	.word	0x1000011d

10000ee4 <user_irq_claim_unused>:
10000ee4:	b510      	push	{r4, lr}
10000ee6:	4c07      	ldr	r4, [pc, #28]	@ (10000f04 <user_irq_claim_unused+0x20>)
10000ee8:	b082      	sub	sp, #8
10000eea:	4601      	mov	r1, r0
10000eec:	2305      	movs	r3, #5
10000eee:	2200      	movs	r2, #0
10000ef0:	9400      	str	r4, [sp, #0]
10000ef2:	4805      	ldr	r0, [pc, #20]	@ (10000f08 <user_irq_claim_unused+0x24>)
10000ef4:	f7ff fca8 	bl	10000848 <hw_claim_unused_from_range>
10000ef8:	2800      	cmp	r0, #0
10000efa:	bfa8      	it	ge
10000efc:	f1c0 0033 	rsbge	r0, r0, #51	@ 0x33
10000f00:	b002      	add	sp, #8
10000f02:	bd10      	pop	{r4, pc}
10000f04:	10009384 	.word	0x10009384
10000f08:	20002aac 	.word	0x20002aac

10000f0c <lock_init>:
10000f0c:	4b01      	ldr	r3, [pc, #4]	@ (10000f14 <lock_init+0x8>)
10000f0e:	440b      	add	r3, r1
10000f10:	6003      	str	r3, [r0, #0]
10000f12:	4770      	bx	lr
10000f14:	20002004 	.word	0x20002004

10000f18 <runtime_init_mutex>:
10000f18:	b570      	push	{r4, r5, r6, lr}
10000f1a:	4c10      	ldr	r4, [pc, #64]	@ (10000f5c <runtime_init_mutex+0x44>)
10000f1c:	4d10      	ldr	r5, [pc, #64]	@ (10000f60 <runtime_init_mutex+0x48>)
10000f1e:	42ac      	cmp	r4, r5
10000f20:	d20e      	bcs.n	10000f40 <runtime_init_mutex+0x28>
10000f22:	26ff      	movs	r6, #255	@ 0xff
10000f24:	6823      	ldr	r3, [r4, #0]
10000f26:	b163      	cbz	r3, 10000f42 <runtime_init_mutex+0x2a>
10000f28:	f7ff fcce 	bl	100008c8 <next_striped_spin_lock_num>
10000f2c:	4601      	mov	r1, r0
10000f2e:	4620      	mov	r0, r4
10000f30:	f7ff ffec 	bl	10000f0c <lock_init>
10000f34:	80a6      	strh	r6, [r4, #4]
10000f36:	f3bf 8f5f 	dmb	sy
10000f3a:	3408      	adds	r4, #8
10000f3c:	42ac      	cmp	r4, r5
10000f3e:	d3f1      	bcc.n	10000f24 <runtime_init_mutex+0xc>
10000f40:	bd70      	pop	{r4, r5, r6, pc}
10000f42:	f7ff fcc1 	bl	100008c8 <next_striped_spin_lock_num>
10000f46:	4601      	mov	r1, r0
10000f48:	4620      	mov	r0, r4
10000f4a:	f7ff ffdf 	bl	10000f0c <lock_init>
10000f4e:	7126      	strb	r6, [r4, #4]
10000f50:	f3bf 8f5f 	dmb	sy
10000f54:	3408      	adds	r4, #8
10000f56:	42ac      	cmp	r4, r5
10000f58:	d3e4      	bcc.n	10000f24 <runtime_init_mutex+0xc>
10000f5a:	bd70      	pop	{r4, r5, r6, pc}
10000f5c:	20001b08 	.word	0x20001b08
10000f60:	20001b10 	.word	0x20001b10

10000f64 <mutex_init>:
10000f64:	b510      	push	{r4, lr}
10000f66:	4604      	mov	r4, r0
10000f68:	f7ff fcae 	bl	100008c8 <next_striped_spin_lock_num>
10000f6c:	4601      	mov	r1, r0
10000f6e:	4620      	mov	r0, r4
10000f70:	f7ff ffcc 	bl	10000f0c <lock_init>
10000f74:	23ff      	movs	r3, #255	@ 0xff
10000f76:	7123      	strb	r3, [r4, #4]
10000f78:	f3bf 8f5f 	dmb	sy
10000f7c:	bd10      	pop	{r4, pc}
10000f7e:	bf00      	nop

10000f80 <critical_section_init>:
10000f80:	b510      	push	{r4, lr}
10000f82:	4604      	mov	r4, r0
10000f84:	2001      	movs	r0, #1
10000f86:	f7ff fcab 	bl	100008e0 <spin_lock_claim_unused>
10000f8a:	4b03      	ldr	r3, [pc, #12]	@ (10000f98 <critical_section_init+0x18>)
10000f8c:	4403      	add	r3, r0
10000f8e:	6023      	str	r3, [r4, #0]
10000f90:	f3bf 8f5f 	dmb	sy
10000f94:	bd10      	pop	{r4, pc}
10000f96:	bf00      	nop
10000f98:	20002004 	.word	0x20002004

10000f9c <critical_section_init_with_lock_num>:
10000f9c:	4b02      	ldr	r3, [pc, #8]	@ (10000fa8 <critical_section_init_with_lock_num+0xc>)
10000f9e:	440b      	add	r3, r1
10000fa0:	6003      	str	r3, [r0, #0]
10000fa2:	f3bf 8f5f 	dmb	sy
10000fa6:	4770      	bx	lr
10000fa8:	20002004 	.word	0x20002004

10000fac <sleep_until_callback>:
10000fac:	4b0d      	ldr	r3, [pc, #52]	@ (10000fe4 <sleep_until_callback+0x38>)
10000fae:	681a      	ldr	r2, [r3, #0]
10000fb0:	f3ef 8110 	mrs	r1, PRIMASK
10000fb4:	b672      	cpsid	i
10000fb6:	e8d2 cfcf 	ldaexb	ip, [r2]
10000fba:	2001      	movs	r0, #1
10000fbc:	f1bc 0f00 	cmp.w	ip, #0
10000fc0:	d1f9      	bne.n	10000fb6 <sleep_until_callback+0xa>
10000fc2:	e8c2 0f4c 	strexb	ip, r0, [r2]
10000fc6:	f1bc 0f00 	cmp.w	ip, #0
10000fca:	d1f4      	bne.n	10000fb6 <sleep_until_callback+0xa>
10000fcc:	f3bf 8f5f 	dmb	sy
10000fd0:	2200      	movs	r2, #0
10000fd2:	681b      	ldr	r3, [r3, #0]
10000fd4:	e8c3 2f8f 	stlb	r2, [r3]
10000fd8:	f381 8810 	msr	PRIMASK, r1
10000fdc:	bf40      	sev
10000fde:	2000      	movs	r0, #0
10000fe0:	2100      	movs	r1, #0
10000fe2:	4770      	bx	lr
10000fe4:	20002988 	.word	0x20002988

10000fe8 <alarm_pool_irq_handler>:
10000fe8:	e92d 4ff0 	stmdb	sp!, {r4, r5, r6, r7, r8, r9, sl, fp, lr}
10000fec:	ed2d 8b02 	vpush	{d8}
10000ff0:	b085      	sub	sp, #20
10000ff2:	f3ef 8305 	mrs	r3, IPSR
10000ff6:	b2db      	uxtb	r3, r3
10000ff8:	3b10      	subs	r3, #16
10000ffa:	089a      	lsrs	r2, r3, #2
10000ffc:	bf18      	it	ne
10000ffe:	2201      	movne	r2, #1
10001000:	f04f 0101 	mov.w	r1, #1
10001004:	f003 0b03 	and.w	fp, r3, #3
10001008:	bf18      	it	ne
1000100a:	4daf      	ldrne	r5, [pc, #700]	@ (100012c8 <alarm_pool_irq_handler+0x2e0>)
1000100c:	4baf      	ldr	r3, [pc, #700]	@ (100012cc <alarm_pool_irq_handler+0x2e4>)
1000100e:	bf08      	it	eq
10001010:	4daf      	ldreq	r5, [pc, #700]	@ (100012d0 <alarm_pool_irq_handler+0x2e8>)
10001012:	eb0b 0282 	add.w	r2, fp, r2, lsl #2
10001016:	f853 6022 	ldr.w	r6, [r3, r2, lsl #2]
1000101a:	fa01 f20b 	lsl.w	r2, r1, fp
1000101e:	f505 5341 	add.w	r3, r5, #12352	@ 0x3040
10001022:	ed9f 8ba7 	vldr	d8, [pc, #668]	@ 100012c0 <alarm_pool_irq_handler+0x2d8>
10001026:	9201      	str	r2, [sp, #4]
10001028:	605a      	str	r2, [r3, #4]
1000102a:	e02f      	b.n	1000108c <alarm_pool_irq_handler+0xa4>
1000102c:	88b3      	ldrh	r3, [r6, #4]
1000102e:	041c      	lsls	r4, r3, #16
10001030:	f140 8093 	bpl.w	1000115a <alarm_pool_irq_handler+0x172>
10001034:	79b3      	ldrb	r3, [r6, #6]
10001036:	2b00      	cmp	r3, #0
10001038:	f040 80dd 	bne.w	100011f6 <alarm_pool_irq_handler+0x20e>
1000103c:	f9b6 2008 	ldrsh.w	r2, [r6, #8]
10001040:	2a00      	cmp	r2, #0
10001042:	f2c0 811e 	blt.w	10001282 <alarm_pool_irq_handler+0x29a>
10001046:	6973      	ldr	r3, [r6, #20]
10001048:	eb02 0242 	add.w	r2, r2, r2, lsl #1
1000104c:	eb03 03c2 	add.w	r3, r3, r2, lsl #3
10001050:	e9d3 4702 	ldrd	r4, r7, [r3, #8]
10001054:	f1b7 3fff 	cmp.w	r7, #4294967295
10001058:	bf08      	it	eq
1000105a:	f1b4 3fff 	cmpeq.w	r4, #4294967295
1000105e:	d00e      	beq.n	1000107e <alarm_pool_irq_handler+0x96>
10001060:	eb05 018b 	add.w	r1, r5, fp, lsl #2
10001064:	6aab      	ldr	r3, [r5, #40]	@ 0x28
10001066:	690a      	ldr	r2, [r1, #16]
10001068:	1ad2      	subs	r2, r2, r3
1000106a:	1ae3      	subs	r3, r4, r3
1000106c:	4293      	cmp	r3, r2
1000106e:	d305      	bcc.n	1000107c <alarm_pool_irq_handler+0x94>
10001070:	2301      	movs	r3, #1
10001072:	6a2a      	ldr	r2, [r5, #32]
10001074:	fa03 f30b 	lsl.w	r3, r3, fp
10001078:	4213      	tst	r3, r2
1000107a:	d100      	bne.n	1000107e <alarm_pool_irq_handler+0x96>
1000107c:	610c      	str	r4, [r1, #16]
1000107e:	4628      	mov	r0, r5
10001080:	f000 fbaa 	bl	100017d8 <timer_time_us_64>
10001084:	42a0      	cmp	r0, r4
10001086:	41b9      	sbcs	r1, r7
10001088:	f2c0 80fb 	blt.w	10001282 <alarm_pool_irq_handler+0x29a>
1000108c:	f9b6 3008 	ldrsh.w	r3, [r6, #8]
10001090:	9a01      	ldr	r2, [sp, #4]
10001092:	2b00      	cmp	r3, #0
10001094:	9300      	str	r3, [sp, #0]
10001096:	63ea      	str	r2, [r5, #60]	@ 0x3c
10001098:	dbc8      	blt.n	1000102c <alarm_pool_irq_handler+0x44>
1000109a:	f8d6 8014 	ldr.w	r8, [r6, #20]
1000109e:	eb03 0943 	add.w	r9, r3, r3, lsl #1
100010a2:	4628      	mov	r0, r5
100010a4:	eb08 07c9 	add.w	r7, r8, r9, lsl #3
100010a8:	e9d7 4a02 	ldrd	r4, sl, [r7, #8]
100010ac:	f000 fb94 	bl	100017d8 <timer_time_us_64>
100010b0:	42a0      	cmp	r0, r4
100010b2:	eb71 010a 	sbcs.w	r1, r1, sl
100010b6:	dbb9      	blt.n	1000102c <alarm_pool_irq_handler+0x44>
100010b8:	f1ba 0f00 	cmp.w	sl, #0
100010bc:	f2c0 80c3 	blt.w	10001246 <alarm_pool_irq_handler+0x25e>
100010c0:	e9d7 3104 	ldrd	r3, r1, [r7, #16]
100010c4:	4a83      	ldr	r2, [pc, #524]	@ (100012d4 <alarm_pool_irq_handler+0x2ec>)
100010c6:	4293      	cmp	r3, r2
100010c8:	f000 80ed 	beq.w	100012a6 <alarm_pool_irq_handler+0x2be>
100010cc:	887a      	ldrh	r2, [r7, #2]
100010ce:	f9b6 0008 	ldrsh.w	r0, [r6, #8]
100010d2:	b292      	uxth	r2, r2
100010d4:	ea42 4000 	orr.w	r0, r2, r0, lsl #16
100010d8:	4798      	blx	r3
100010da:	4602      	mov	r2, r0
100010dc:	460b      	mov	r3, r1
100010de:	ea52 0103 	orrs.w	r1, r2, r3
100010e2:	f000 80b0 	beq.w	10001246 <alarm_pool_irq_handler+0x25e>
100010e6:	2b00      	cmp	r3, #0
100010e8:	f280 80d1 	bge.w	1000128e <alarm_pool_irq_handler+0x2a6>
100010ec:	ebb4 0e02 	subs.w	lr, r4, r2
100010f0:	eb6a 0a03 	sbc.w	sl, sl, r3
100010f4:	f938 3039 	ldrsh.w	r3, [r8, r9, lsl #3]
100010f8:	e9c7 ea02 	strd	lr, sl, [r7, #8]
100010fc:	2b00      	cmp	r3, #0
100010fe:	db95      	blt.n	1000102c <alarm_pool_irq_handler+0x44>
10001100:	6971      	ldr	r1, [r6, #20]
10001102:	eb03 0243 	add.w	r2, r3, r3, lsl #1
10001106:	eb01 02c2 	add.w	r2, r1, r2, lsl #3
1000110a:	e9d2 7002 	ldrd	r7, r0, [r2, #8]
1000110e:	45be      	cmp	lr, r7
10001110:	eb7a 0c00 	sbcs.w	ip, sl, r0
10001114:	ea4f 0243 	mov.w	r2, r3, lsl #1
10001118:	db88      	blt.n	1000102c <alarm_pool_irq_handler+0x44>
1000111a:	46b4      	mov	ip, r6
1000111c:	f82c 3f08 	strh.w	r3, [ip, #8]!
10001120:	e006      	b.n	10001130 <alarm_pool_irq_handler+0x148>
10001122:	eb03 0043 	add.w	r0, r3, r3, lsl #1
10001126:	eb01 00c0 	add.w	r0, r1, r0, lsl #3
1000112a:	005a      	lsls	r2, r3, #1
1000112c:	e9d0 7002 	ldrd	r7, r0, [r0, #8]
10001130:	45be      	cmp	lr, r7
10001132:	441a      	add	r2, r3
10001134:	eb7a 0000 	sbcs.w	r0, sl, r0
10001138:	eb01 04c2 	add.w	r4, r1, r2, lsl #3
1000113c:	db04      	blt.n	10001148 <alarm_pool_irq_handler+0x160>
1000113e:	f931 3032 	ldrsh.w	r3, [r1, r2, lsl #3]
10001142:	46a4      	mov	ip, r4
10001144:	2b00      	cmp	r3, #0
10001146:	daec      	bge.n	10001122 <alarm_pool_irq_handler+0x13a>
10001148:	f828 3039 	strh.w	r3, [r8, r9, lsl #3]
1000114c:	9b00      	ldr	r3, [sp, #0]
1000114e:	f8ac 3000 	strh.w	r3, [ip]
10001152:	88b3      	ldrh	r3, [r6, #4]
10001154:	041c      	lsls	r4, r3, #16
10001156:	f53f af6d 	bmi.w	10001034 <alarm_pool_irq_handler+0x4c>
1000115a:	6933      	ldr	r3, [r6, #16]
1000115c:	f3ef 8210 	mrs	r2, PRIMASK
10001160:	b672      	cpsid	i
10001162:	e8d3 0fcf 	ldaexb	r0, [r3]
10001166:	2101      	movs	r1, #1
10001168:	2800      	cmp	r0, #0
1000116a:	d1fa      	bne.n	10001162 <alarm_pool_irq_handler+0x17a>
1000116c:	e8c3 1f40 	strexb	r0, r1, [r3]
10001170:	2800      	cmp	r0, #0
10001172:	d1f6      	bne.n	10001162 <alarm_pool_irq_handler+0x17a>
10001174:	f3bf 8f5f 	dmb	sy
10001178:	f64f 74ff 	movw	r4, #65535	@ 0xffff
1000117c:	88b0      	ldrh	r0, [r6, #4]
1000117e:	2300      	movs	r3, #0
10001180:	6931      	ldr	r1, [r6, #16]
10001182:	b200      	sxth	r0, r0
10001184:	80b4      	strh	r4, [r6, #4]
10001186:	e8c1 3f8f 	stlb	r3, [r1]
1000118a:	f382 8810 	msr	PRIMASK, r2
1000118e:	4298      	cmp	r0, r3
10001190:	f6ff af50 	blt.w	10001034 <alarm_pool_irq_handler+0x4c>
10001194:	4607      	mov	r7, r0
10001196:	46a9      	mov	r9, r5
10001198:	6974      	ldr	r4, [r6, #20]
1000119a:	f106 0808 	add.w	r8, r6, #8
1000119e:	eb07 0e47 	add.w	lr, r7, r7, lsl #1
100011a2:	eb04 03ce 	add.w	r3, r4, lr, lsl #3
100011a6:	e9d3 5002 	ldrd	r5, r0, [r3, #8]
100011aa:	f9b6 3008 	ldrsh.w	r3, [r6, #8]
100011ae:	46c4      	mov	ip, r8
100011b0:	2b00      	cmp	r3, #0
100011b2:	db13      	blt.n	100011dc <alarm_pool_irq_handler+0x1f4>
100011b4:	46b2      	mov	sl, r6
100011b6:	9700      	str	r7, [sp, #0]
100011b8:	e004      	b.n	100011c4 <alarm_pool_irq_handler+0x1dc>
100011ba:	f934 3036 	ldrsh.w	r3, [r4, r6, lsl #3]
100011be:	4694      	mov	ip, r2
100011c0:	2b00      	cmp	r3, #0
100011c2:	db09      	blt.n	100011d8 <alarm_pool_irq_handler+0x1f0>
100011c4:	eb03 0643 	add.w	r6, r3, r3, lsl #1
100011c8:	eb04 02c6 	add.w	r2, r4, r6, lsl #3
100011cc:	e9d2 7102 	ldrd	r7, r1, [r2, #8]
100011d0:	42bd      	cmp	r5, r7
100011d2:	eb70 0101 	sbcs.w	r1, r0, r1
100011d6:	daf0      	bge.n	100011ba <alarm_pool_irq_handler+0x1d2>
100011d8:	4656      	mov	r6, sl
100011da:	9f00      	ldr	r7, [sp, #0]
100011dc:	f8ac 7000 	strh.w	r7, [ip]
100011e0:	f934 703e 	ldrsh.w	r7, [r4, lr, lsl #3]
100011e4:	f824 303e 	strh.w	r3, [r4, lr, lsl #3]
100011e8:	2f00      	cmp	r7, #0
100011ea:	dad8      	bge.n	1000119e <alarm_pool_irq_handler+0x1b6>
100011ec:	79b3      	ldrb	r3, [r6, #6]
100011ee:	464d      	mov	r5, r9
100011f0:	2b00      	cmp	r3, #0
100011f2:	f43f af23 	beq.w	1000103c <alarm_pool_irq_handler+0x54>
100011f6:	2300      	movs	r3, #0
100011f8:	71b3      	strb	r3, [r6, #6]
100011fa:	f9b6 3008 	ldrsh.w	r3, [r6, #8]
100011fe:	f106 0808 	add.w	r8, r6, #8
10001202:	1c58      	adds	r0, r3, #1
10001204:	d03d      	beq.n	10001282 <alarm_pool_irq_handler+0x29a>
10001206:	461a      	mov	r2, r3
10001208:	6977      	ldr	r7, [r6, #20]
1000120a:	e003      	b.n	10001214 <alarm_pool_irq_handler+0x22c>
1000120c:	4680      	mov	r8, r0
1000120e:	1c59      	adds	r1, r3, #1
10001210:	f43f af16 	beq.w	10001040 <alarm_pool_irq_handler+0x58>
10001214:	eb03 0143 	add.w	r1, r3, r3, lsl #1
10001218:	eb07 00c1 	add.w	r0, r7, r1, lsl #3
1000121c:	f8b0 c002 	ldrh.w	ip, [r0, #2]
10001220:	461c      	mov	r4, r3
10001222:	f41c 4f00 	tst.w	ip, #32768	@ 0x8000
10001226:	469e      	mov	lr, r3
10001228:	f937 3031 	ldrsh.w	r3, [r7, r1, lsl #3]
1000122c:	d0ee      	beq.n	1000120c <alarm_pool_irq_handler+0x224>
1000122e:	4294      	cmp	r4, r2
10001230:	ed80 8b02 	vstr	d8, [r0, #8]
10001234:	d005      	beq.n	10001242 <alarm_pool_irq_handler+0x25a>
10001236:	f8a8 3000 	strh.w	r3, [r8]
1000123a:	8932      	ldrh	r2, [r6, #8]
1000123c:	f827 2031 	strh.w	r2, [r7, r1, lsl #3]
10001240:	8134      	strh	r4, [r6, #8]
10001242:	4672      	mov	r2, lr
10001244:	e7e3      	b.n	1000120e <alarm_pool_irq_handler+0x226>
10001246:	f838 3039 	ldrh.w	r3, [r8, r9, lsl #3]
1000124a:	8133      	strh	r3, [r6, #8]
1000124c:	6933      	ldr	r3, [r6, #16]
1000124e:	f3ef 8210 	mrs	r2, PRIMASK
10001252:	b672      	cpsid	i
10001254:	e8d3 0fcf 	ldaexb	r0, [r3]
10001258:	2101      	movs	r1, #1
1000125a:	2800      	cmp	r0, #0
1000125c:	d1fa      	bne.n	10001254 <alarm_pool_irq_handler+0x26c>
1000125e:	e8c3 1f40 	strexb	r0, r1, [r3]
10001262:	2800      	cmp	r0, #0
10001264:	d1f6      	bne.n	10001254 <alarm_pool_irq_handler+0x26c>
10001266:	f3bf 8f5f 	dmb	sy
1000126a:	8873      	ldrh	r3, [r6, #2]
1000126c:	6931      	ldr	r1, [r6, #16]
1000126e:	f828 3039 	strh.w	r3, [r8, r9, lsl #3]
10001272:	9b00      	ldr	r3, [sp, #0]
10001274:	8073      	strh	r3, [r6, #2]
10001276:	2300      	movs	r3, #0
10001278:	e8c1 3f8f 	stlb	r3, [r1]
1000127c:	f382 8810 	msr	PRIMASK, r2
10001280:	e6d4      	b.n	1000102c <alarm_pool_irq_handler+0x44>
10001282:	bf40      	sev
10001284:	b005      	add	sp, #20
10001286:	ecbd 8b02 	vpop	{d8}
1000128a:	e8bd 8ff0 	ldmia.w	sp!, {r4, r5, r6, r7, r8, r9, sl, fp, pc}
1000128e:	4628      	mov	r0, r5
10001290:	e9cd 2302 	strd	r2, r3, [sp, #8]
10001294:	f000 faa0 	bl	100017d8 <timer_time_us_64>
10001298:	9a02      	ldr	r2, [sp, #8]
1000129a:	9b03      	ldr	r3, [sp, #12]
1000129c:	eb10 0e02 	adds.w	lr, r0, r2
100012a0:	eb43 0a01 	adc.w	sl, r3, r1
100012a4:	e726      	b.n	100010f4 <alarm_pool_irq_handler+0x10c>
100012a6:	4608      	mov	r0, r1
100012a8:	690b      	ldr	r3, [r1, #16]
100012aa:	9102      	str	r1, [sp, #8]
100012ac:	4798      	blx	r3
100012ae:	2800      	cmp	r0, #0
100012b0:	d0c9      	beq.n	10001246 <alarm_pool_irq_handler+0x25e>
100012b2:	9902      	ldr	r1, [sp, #8]
100012b4:	e9d1 2300 	ldrd	r2, r3, [r1]
100012b8:	e711      	b.n	100010de <alarm_pool_irq_handler+0xf6>
100012ba:	bf00      	nop
100012bc:	f3af 8000 	nop.w
100012c0:	ffffffff 	.word	0xffffffff
100012c4:	ffffffff 	.word	0xffffffff
100012c8:	400b8000 	.word	0x400b8000
100012cc:	200028c4 	.word	0x200028c4
100012d0:	400b0000 	.word	0x400b0000
100012d4:	10000fe9 	.word	0x10000fe9

100012d8 <runtime_init_default_alarm_pool>:
100012d8:	e92d 4ff8 	stmdb	sp!, {r3, r4, r5, r6, r7, r8, r9, sl, fp, lr}
100012dc:	4c36      	ldr	r4, [pc, #216]	@ (100013b8 <runtime_init_default_alarm_pool+0xe0>)
100012de:	6925      	ldr	r5, [r4, #16]
100012e0:	b12d      	cbz	r5, 100012ee <runtime_init_default_alarm_pool+0x16>
100012e2:	e8bd 4ff8 	ldmia.w	sp!, {r3, r4, r5, r6, r7, r8, r9, sl, fp, lr}
100012e6:	210a      	movs	r1, #10
100012e8:	4834      	ldr	r0, [pc, #208]	@ (100013bc <runtime_init_default_alarm_pool+0xe4>)
100012ea:	f7ff be0f 	b.w	10000f0c <lock_init>
100012ee:	f8df 80e4 	ldr.w	r8, [pc, #228]	@ 100013d4 <runtime_init_default_alarm_pool+0xfc>
100012f2:	2103      	movs	r1, #3
100012f4:	4640      	mov	r0, r8
100012f6:	f000 fa5d 	bl	100017b4 <timer_hardware_alarm_claim>
100012fa:	2603      	movs	r6, #3
100012fc:	f8c4 800c 	str.w	r8, [r4, #12]
10001300:	f7ff fae2 	bl	100008c8 <next_striped_spin_lock_num>
10001304:	f04f 4c50 	mov.w	ip, #3489660928	@ 0xd0000000
10001308:	4b2d      	ldr	r3, [pc, #180]	@ (100013c0 <runtime_init_default_alarm_pool+0xe8>)
1000130a:	7026      	strb	r6, [r4, #0]
1000130c:	4403      	add	r3, r0
1000130e:	6123      	str	r3, [r4, #16]
10001310:	f8dc 3000 	ldr.w	r3, [ip]
10001314:	210f      	movs	r1, #15
10001316:	7063      	strb	r3, [r4, #1]
10001318:	6963      	ldr	r3, [r4, #20]
1000131a:	8061      	strh	r1, [r4, #2]
1000131c:	831d      	strh	r5, [r3, #24]
1000131e:	f04f 0504 	mov.w	r5, #4
10001322:	f8a3 5078 	strh.w	r5, [r3, #120]	@ 0x78
10001326:	f04f 0505 	mov.w	r5, #5
1000132a:	f8a3 5090 	strh.w	r5, [r3, #144]	@ 0x90
1000132e:	f04f 0506 	mov.w	r5, #6
10001332:	f8a3 50a8 	strh.w	r5, [r3, #168]	@ 0xa8
10001336:	f04f 0507 	mov.w	r5, #7
1000133a:	210e      	movs	r1, #14
1000133c:	f64f 72ff 	movw	r2, #65535	@ 0xffff
10001340:	2708      	movs	r7, #8
10001342:	f04f 0e0a 	mov.w	lr, #10
10001346:	f8a3 50c0 	strh.w	r5, [r3, #192]	@ 0xc0
1000134a:	f04f 0901 	mov.w	r9, #1
1000134e:	f04f 0c0c 	mov.w	ip, #12
10001352:	f04f 0b02 	mov.w	fp, #2
10001356:	f04f 0a09 	mov.w	sl, #9
1000135a:	200d      	movs	r0, #13
1000135c:	f04f 050b 	mov.w	r5, #11
10001360:	f8a3 1168 	strh.w	r1, [r3, #360]	@ 0x168
10001364:	4917      	ldr	r1, [pc, #92]	@ (100013c4 <runtime_init_default_alarm_pool+0xec>)
10001366:	80a2      	strh	r2, [r4, #4]
10001368:	f8a3 e108 	strh.w	lr, [r3, #264]	@ 0x108
1000136c:	60a1      	str	r1, [r4, #8]
1000136e:	f8a3 b048 	strh.w	fp, [r3, #72]	@ 0x48
10001372:	f8a3 a0f0 	strh.w	sl, [r3, #240]	@ 0xf0
10001376:	f8a3 5120 	strh.w	r5, [r3, #288]	@ 0x120
1000137a:	f8a3 c138 	strh.w	ip, [r3, #312]	@ 0x138
1000137e:	f8a3 0150 	strh.w	r0, [r3, #336]	@ 0x150
10001382:	f8a3 9030 	strh.w	r9, [r3, #48]	@ 0x30
10001386:	f8a3 6060 	strh.w	r6, [r3, #96]	@ 0x60
1000138a:	f8a3 70d8 	strh.w	r7, [r3, #216]	@ 0xd8
1000138e:	801a      	strh	r2, [r3, #0]
10001390:	4b0d      	ldr	r3, [pc, #52]	@ (100013c8 <runtime_init_default_alarm_pool+0xf0>)
10001392:	4630      	mov	r0, r6
10001394:	f8c8 7020 	str.w	r7, [r8, #32]
10001398:	490c      	ldr	r1, [pc, #48]	@ (100013cc <runtime_init_default_alarm_pool+0xf4>)
1000139a:	60dc      	str	r4, [r3, #12]
1000139c:	f7ff fb26 	bl	100009ec <irq_set_exclusive_handler>
100013a0:	4649      	mov	r1, r9
100013a2:	4630      	mov	r0, r6
100013a4:	f7ff fae0 	bl	10000968 <irq_set_enabled>
100013a8:	4b09      	ldr	r3, [pc, #36]	@ (100013d0 <runtime_init_default_alarm_pool+0xf8>)
100013aa:	210a      	movs	r1, #10
100013ac:	641f      	str	r7, [r3, #64]	@ 0x40
100013ae:	4803      	ldr	r0, [pc, #12]	@ (100013bc <runtime_init_default_alarm_pool+0xe4>)
100013b0:	e8bd 4ff8 	ldmia.w	sp!, {r3, r4, r5, r6, r7, r8, r9, sl, fp, lr}
100013b4:	f7ff bdaa 	b.w	10000f0c <lock_init>
100013b8:	20001548 	.word	0x20001548
100013bc:	20002988 	.word	0x20002988
100013c0:	20002004 	.word	0x20002004
100013c4:	0010ffff 	.word	0x0010ffff
100013c8:	200028c4 	.word	0x200028c4
100013cc:	10000fe9 	.word	0x10000fe9
100013d0:	400b2000 	.word	0x400b2000
100013d4:	400b0000 	.word	0x400b0000

100013d8 <alarm_pool_get_default>:
100013d8:	4800      	ldr	r0, [pc, #0]	@ (100013dc <alarm_pool_get_default+0x4>)
100013da:	4770      	bx	lr
100013dc:	20001548 	.word	0x20001548

100013e0 <alarm_pool_add_alarm_at>:
100013e0:	b5f8      	push	{r3, r4, r5, r6, r7, lr}
100013e2:	f89d 5020 	ldrb.w	r5, [sp, #32]
100013e6:	4604      	mov	r4, r0
100013e8:	4617      	mov	r7, r2
100013ea:	461e      	mov	r6, r3
100013ec:	b935      	cbnz	r5, 100013fc <alarm_pool_add_alarm_at+0x1c>
100013ee:	f000 f9fb 	bl	100017e8 <time_us_64>
100013f2:	4287      	cmp	r7, r0
100013f4:	eb66 0101 	sbc.w	r1, r6, r1
100013f8:	2900      	cmp	r1, #0
100013fa:	db5c      	blt.n	100014b6 <alarm_pool_add_alarm_at+0xd6>
100013fc:	6921      	ldr	r1, [r4, #16]
100013fe:	f3ef 8310 	mrs	r3, PRIMASK
10001402:	b672      	cpsid	i
10001404:	e8d1 0fcf 	ldaexb	r0, [r1]
10001408:	2201      	movs	r2, #1
1000140a:	2800      	cmp	r0, #0
1000140c:	d1fa      	bne.n	10001404 <alarm_pool_add_alarm_at+0x24>
1000140e:	e8c1 2f40 	strexb	r0, r2, [r1]
10001412:	2800      	cmp	r0, #0
10001414:	d1f6      	bne.n	10001404 <alarm_pool_add_alarm_at+0x24>
10001416:	f3bf 8f5f 	dmb	sy
1000141a:	f9b4 2002 	ldrsh.w	r2, [r4, #2]
1000141e:	6965      	ldr	r5, [r4, #20]
10001420:	eb02 0142 	add.w	r1, r2, r2, lsl #1
10001424:	2a00      	cmp	r2, #0
10001426:	ea4f 0cc1 	mov.w	ip, r1, lsl #3
1000142a:	6920      	ldr	r0, [r4, #16]
1000142c:	eb05 01c1 	add.w	r1, r5, r1, lsl #3
10001430:	db39      	blt.n	100014a6 <alarm_pool_add_alarm_at+0xc6>
10001432:	f835 e00c 	ldrh.w	lr, [r5, ip]
10001436:	f8a4 e002 	strh.w	lr, [r4, #2]
1000143a:	f04f 0e00 	mov.w	lr, #0
1000143e:	e8c0 ef8f 	stlb	lr, [r0]
10001442:	f383 8810 	msr	PRIMASK, r3
10001446:	8848      	ldrh	r0, [r1, #2]
10001448:	9b06      	ldr	r3, [sp, #24]
1000144a:	3001      	adds	r0, #1
1000144c:	f3c0 000e 	ubfx	r0, r0, #0, #15
10001450:	2801      	cmp	r0, #1
10001452:	bf38      	it	cc
10001454:	2001      	movcc	r0, #1
10001456:	610b      	str	r3, [r1, #16]
10001458:	9b07      	ldr	r3, [sp, #28]
1000145a:	8048      	strh	r0, [r1, #2]
1000145c:	614b      	str	r3, [r1, #20]
1000145e:	e9c1 7602 	strd	r7, r6, [r1, #8]
10001462:	ea40 4002 	orr.w	r0, r0, r2, lsl #16
10001466:	6923      	ldr	r3, [r4, #16]
10001468:	f3ef 8110 	mrs	r1, PRIMASK
1000146c:	b672      	cpsid	i
1000146e:	e8d3 7fcf 	ldaexb	r7, [r3]
10001472:	2601      	movs	r6, #1
10001474:	2f00      	cmp	r7, #0
10001476:	d1fa      	bne.n	1000146e <alarm_pool_add_alarm_at+0x8e>
10001478:	e8c3 6f47 	strexb	r7, r6, [r3]
1000147c:	2f00      	cmp	r7, #0
1000147e:	d1f6      	bne.n	1000146e <alarm_pool_add_alarm_at+0x8e>
10001480:	f3bf 8f5f 	dmb	sy
10001484:	88a3      	ldrh	r3, [r4, #4]
10001486:	f825 300c 	strh.w	r3, [r5, ip]
1000148a:	80a2      	strh	r2, [r4, #4]
1000148c:	6923      	ldr	r3, [r4, #16]
1000148e:	e8c3 ef8f 	stlb	lr, [r3]
10001492:	f381 8810 	msr	PRIMASK, r1
10001496:	2201      	movs	r2, #1
10001498:	68e3      	ldr	r3, [r4, #12]
1000149a:	7821      	ldrb	r1, [r4, #0]
1000149c:	f503 5301 	add.w	r3, r3, #8256	@ 0x2040
100014a0:	408a      	lsls	r2, r1
100014a2:	605a      	str	r2, [r3, #4]
100014a4:	bdf8      	pop	{r3, r4, r5, r6, r7, pc}
100014a6:	2200      	movs	r2, #0
100014a8:	e8c0 2f8f 	stlb	r2, [r0]
100014ac:	f383 8810 	msr	PRIMASK, r3
100014b0:	f04f 30ff 	mov.w	r0, #4294967295
100014b4:	bdf8      	pop	{r3, r4, r5, r6, r7, pc}
100014b6:	4628      	mov	r0, r5
100014b8:	bdf8      	pop	{r3, r4, r5, r6, r7, pc}
100014ba:	bf00      	nop

100014bc <alarm_pool_add_alarm_at_force_in_context>:
100014bc:	4601      	mov	r1, r0
100014be:	b5f0      	push	{r4, r5, r6, r7, lr}
100014c0:	6900      	ldr	r0, [r0, #16]
100014c2:	f3ef 8710 	mrs	r7, PRIMASK
100014c6:	b672      	cpsid	i
100014c8:	e8d0 5fcf 	ldaexb	r5, [r0]
100014cc:	2401      	movs	r4, #1
100014ce:	2d00      	cmp	r5, #0
100014d0:	d1fa      	bne.n	100014c8 <alarm_pool_add_alarm_at_force_in_context+0xc>
100014d2:	e8c0 4f45 	strexb	r5, r4, [r0]
100014d6:	2d00      	cmp	r5, #0
100014d8:	d1f6      	bne.n	100014c8 <alarm_pool_add_alarm_at_force_in_context+0xc>
100014da:	f3bf 8f5f 	dmb	sy
100014de:	f9b1 e002 	ldrsh.w	lr, [r1, #2]
100014e2:	694c      	ldr	r4, [r1, #20]
100014e4:	eb0e 0c4e 	add.w	ip, lr, lr, lsl #1
100014e8:	f1be 0f00 	cmp.w	lr, #0
100014ec:	ea4f 05cc 	mov.w	r5, ip, lsl #3
100014f0:	6908      	ldr	r0, [r1, #16]
100014f2:	eb04 0ccc 	add.w	ip, r4, ip, lsl #3
100014f6:	db3c      	blt.n	10001572 <alarm_pool_add_alarm_at_force_in_context+0xb6>
100014f8:	5b66      	ldrh	r6, [r4, r5]
100014fa:	804e      	strh	r6, [r1, #2]
100014fc:	2600      	movs	r6, #0
100014fe:	e8c0 6f8f 	stlb	r6, [r0]
10001502:	f387 8810 	msr	PRIMASK, r7
10001506:	f8bc 0002 	ldrh.w	r0, [ip, #2]
1000150a:	e9cc 2302 	strd	r2, r3, [ip, #8]
1000150e:	3001      	adds	r0, #1
10001510:	f3c0 000e 	ubfx	r0, r0, #0, #15
10001514:	2801      	cmp	r0, #1
10001516:	bf38      	it	cc
10001518:	2001      	movcc	r0, #1
1000151a:	9b05      	ldr	r3, [sp, #20]
1000151c:	f8ac 0002 	strh.w	r0, [ip, #2]
10001520:	f8cc 3010 	str.w	r3, [ip, #16]
10001524:	9b06      	ldr	r3, [sp, #24]
10001526:	ea40 400e 	orr.w	r0, r0, lr, lsl #16
1000152a:	f8cc 3014 	str.w	r3, [ip, #20]
1000152e:	690b      	ldr	r3, [r1, #16]
10001530:	f3ef 8210 	mrs	r2, PRIMASK
10001534:	b672      	cpsid	i
10001536:	e8d3 cfcf 	ldaexb	ip, [r3]
1000153a:	2701      	movs	r7, #1
1000153c:	f1bc 0f00 	cmp.w	ip, #0
10001540:	d1f9      	bne.n	10001536 <alarm_pool_add_alarm_at_force_in_context+0x7a>
10001542:	e8c3 7f4c 	strexb	ip, r7, [r3]
10001546:	f1bc 0f00 	cmp.w	ip, #0
1000154a:	d1f4      	bne.n	10001536 <alarm_pool_add_alarm_at_force_in_context+0x7a>
1000154c:	f3bf 8f5f 	dmb	sy
10001550:	888b      	ldrh	r3, [r1, #4]
10001552:	5363      	strh	r3, [r4, r5]
10001554:	f8a1 e004 	strh.w	lr, [r1, #4]
10001558:	690b      	ldr	r3, [r1, #16]
1000155a:	e8c3 6f8f 	stlb	r6, [r3]
1000155e:	f382 8810 	msr	PRIMASK, r2
10001562:	2201      	movs	r2, #1
10001564:	68cb      	ldr	r3, [r1, #12]
10001566:	7809      	ldrb	r1, [r1, #0]
10001568:	f503 5301 	add.w	r3, r3, #8256	@ 0x2040
1000156c:	408a      	lsls	r2, r1
1000156e:	605a      	str	r2, [r3, #4]
10001570:	bdf0      	pop	{r4, r5, r6, r7, pc}
10001572:	2300      	movs	r3, #0
10001574:	e8c0 3f8f 	stlb	r3, [r0]
10001578:	f387 8810 	msr	PRIMASK, r7
1000157c:	f04f 30ff 	mov.w	r0, #4294967295
10001580:	bdf0      	pop	{r4, r5, r6, r7, pc}
10001582:	bf00      	nop

10001584 <alarm_pool_cancel_alarm>:
10001584:	4603      	mov	r3, r0
10001586:	8940      	ldrh	r0, [r0, #10]
10001588:	ebb0 4f21 	cmp.w	r0, r1, asr #16
1000158c:	dd37      	ble.n	100015fe <alarm_pool_cancel_alarm+0x7a>
1000158e:	6958      	ldr	r0, [r3, #20]
10001590:	140a      	asrs	r2, r1, #16
10001592:	eb02 0242 	add.w	r2, r2, r2, lsl #1
10001596:	b510      	push	{r4, lr}
10001598:	eb00 00c2 	add.w	r0, r0, r2, lsl #3
1000159c:	691c      	ldr	r4, [r3, #16]
1000159e:	f3ef 8c10 	mrs	ip, PRIMASK
100015a2:	b672      	cpsid	i
100015a4:	e8d4 efcf 	ldaexb	lr, [r4]
100015a8:	2201      	movs	r2, #1
100015aa:	f1be 0f00 	cmp.w	lr, #0
100015ae:	d1f9      	bne.n	100015a4 <alarm_pool_cancel_alarm+0x20>
100015b0:	e8c4 2f4e 	strexb	lr, r2, [r4]
100015b4:	f1be 0f00 	cmp.w	lr, #0
100015b8:	d1f4      	bne.n	100015a4 <alarm_pool_cancel_alarm+0x20>
100015ba:	f3bf 8f5f 	dmb	sy
100015be:	8842      	ldrh	r2, [r0, #2]
100015c0:	b289      	uxth	r1, r1
100015c2:	b292      	uxth	r2, r2
100015c4:	428a      	cmp	r2, r1
100015c6:	d007      	beq.n	100015d8 <alarm_pool_cancel_alarm+0x54>
100015c8:	2200      	movs	r2, #0
100015ca:	691b      	ldr	r3, [r3, #16]
100015cc:	e8c3 2f8f 	stlb	r2, [r3]
100015d0:	f38c 8810 	msr	PRIMASK, ip
100015d4:	2000      	movs	r0, #0
100015d6:	bd10      	pop	{r4, pc}
100015d8:	f442 4200 	orr.w	r2, r2, #32768	@ 0x8000
100015dc:	8042      	strh	r2, [r0, #2]
100015de:	2101      	movs	r1, #1
100015e0:	2200      	movs	r2, #0
100015e2:	6918      	ldr	r0, [r3, #16]
100015e4:	7199      	strb	r1, [r3, #6]
100015e6:	e8c0 2f8f 	stlb	r2, [r0]
100015ea:	f38c 8810 	msr	PRIMASK, ip
100015ee:	781c      	ldrb	r4, [r3, #0]
100015f0:	68da      	ldr	r2, [r3, #12]
100015f2:	4608      	mov	r0, r1
100015f4:	f502 5301 	add.w	r3, r2, #8256	@ 0x2040
100015f8:	40a1      	lsls	r1, r4
100015fa:	6059      	str	r1, [r3, #4]
100015fc:	bd10      	pop	{r4, pc}
100015fe:	2000      	movs	r0, #0
10001600:	4770      	bx	lr
10001602:	bf00      	nop

10001604 <alarm_pool_core_num>:
10001604:	7840      	ldrb	r0, [r0, #1]
10001606:	4770      	bx	lr

10001608 <sleep_us>:
10001608:	e92d 41f0 	stmdb	sp!, {r4, r5, r6, r7, r8, lr}
1000160c:	b082      	sub	sp, #8
1000160e:	4604      	mov	r4, r0
10001610:	460e      	mov	r6, r1
10001612:	f000 f8e9 	bl	100017e8 <time_us_64>
10001616:	f04f 32ff 	mov.w	r2, #4294967295
1000161a:	f06f 4300 	mvn.w	r3, #2147483648	@ 0x80000000
1000161e:	1824      	adds	r4, r4, r0
10001620:	eb46 0601 	adc.w	r6, r6, r1
10001624:	42a2      	cmp	r2, r4
10001626:	eb73 0106 	sbcs.w	r1, r3, r6
1000162a:	bf3c      	itt	cc
1000162c:	4614      	movcc	r4, r2
1000162e:	461e      	movcc	r6, r3
10001630:	1fa5      	subs	r5, r4, #6
10001632:	f146 37ff 	adc.w	r7, r6, #4294967295
10001636:	42ac      	cmp	r4, r5
10001638:	eb76 0307 	sbcs.w	r3, r6, r7
1000163c:	bf3c      	itt	cc
1000163e:	2500      	movcc	r5, #0
10001640:	462f      	movcc	r7, r5
10001642:	f000 f8d1 	bl	100017e8 <time_us_64>
10001646:	1a28      	subs	r0, r5, r0
10001648:	eb67 0c01 	sbc.w	ip, r7, r1
1000164c:	2801      	cmp	r0, #1
1000164e:	f17c 0c00 	sbcs.w	ip, ip, #0
10001652:	da06      	bge.n	10001662 <sleep_us+0x5a>
10001654:	4620      	mov	r0, r4
10001656:	4631      	mov	r1, r6
10001658:	b002      	add	sp, #8
1000165a:	e8bd 41f0 	ldmia.w	sp!, {r4, r5, r6, r7, r8, lr}
1000165e:	f000 b8cd 	b.w	100017fc <busy_wait_until>
10001662:	f000 f8c1 	bl	100017e8 <time_us_64>
10001666:	4285      	cmp	r5, r0
10001668:	eb67 0101 	sbc.w	r1, r7, r1
1000166c:	2900      	cmp	r1, #0
1000166e:	db0a      	blt.n	10001686 <sleep_us+0x7e>
10001670:	2100      	movs	r1, #0
10001672:	4b17      	ldr	r3, [pc, #92]	@ (100016d0 <sleep_us+0xc8>)
10001674:	462a      	mov	r2, r5
10001676:	9300      	str	r3, [sp, #0]
10001678:	4816      	ldr	r0, [pc, #88]	@ (100016d4 <sleep_us+0xcc>)
1000167a:	463b      	mov	r3, r7
1000167c:	9101      	str	r1, [sp, #4]
1000167e:	f7ff ff1d 	bl	100014bc <alarm_pool_add_alarm_at_force_in_context>
10001682:	3001      	adds	r0, #1
10001684:	d0e6      	beq.n	10001654 <sleep_us+0x4c>
10001686:	f04f 0c00 	mov.w	ip, #0
1000168a:	4a13      	ldr	r2, [pc, #76]	@ (100016d8 <sleep_us+0xd0>)
1000168c:	4913      	ldr	r1, [pc, #76]	@ (100016dc <sleep_us+0xd4>)
1000168e:	6a53      	ldr	r3, [r2, #36]	@ 0x24
10001690:	429f      	cmp	r7, r3
10001692:	d804      	bhi.n	1000169e <sleep_us+0x96>
10001694:	6a90      	ldr	r0, [r2, #40]	@ 0x28
10001696:	42a8      	cmp	r0, r5
10001698:	d2dc      	bcs.n	10001654 <sleep_us+0x4c>
1000169a:	429f      	cmp	r7, r3
1000169c:	d1da      	bne.n	10001654 <sleep_us+0x4c>
1000169e:	680b      	ldr	r3, [r1, #0]
100016a0:	f3ef 8010 	mrs	r0, PRIMASK
100016a4:	b672      	cpsid	i
100016a6:	e8d3 8fcf 	ldaexb	r8, [r3]
100016aa:	f05f 0e01 	movs.w	lr, #1
100016ae:	f1b8 0f00 	cmp.w	r8, #0
100016b2:	d1f8      	bne.n	100016a6 <sleep_us+0x9e>
100016b4:	e8c3 ef48 	strexb	r8, lr, [r3]
100016b8:	f1b8 0f00 	cmp.w	r8, #0
100016bc:	d1f3      	bne.n	100016a6 <sleep_us+0x9e>
100016be:	f3bf 8f5f 	dmb	sy
100016c2:	680b      	ldr	r3, [r1, #0]
100016c4:	e8c3 cf8f 	stlb	ip, [r3]
100016c8:	f380 8810 	msr	PRIMASK, r0
100016cc:	bf20      	wfe
100016ce:	e7de      	b.n	1000168e <sleep_us+0x86>
100016d0:	10000fad 	.word	0x10000fad
100016d4:	20001548 	.word	0x20001548
100016d8:	400b0000 	.word	0x400b0000
100016dc:	20002988 	.word	0x20002988

100016e0 <best_effort_wfe_or_timeout>:
100016e0:	e92d 43f0 	stmdb	sp!, {r4, r5, r6, r7, r8, r9, lr}
100016e4:	4606      	mov	r6, r0
100016e6:	460d      	mov	r5, r1
100016e8:	b083      	sub	sp, #12
100016ea:	f3ef 8405 	mrs	r4, IPSR
100016ee:	b2e4      	uxtb	r4, r4
100016f0:	b13c      	cbz	r4, 10001702 <best_effort_wfe_or_timeout+0x22>
100016f2:	4b2d      	ldr	r3, [pc, #180]	@ (100017a8 <best_effort_wfe_or_timeout+0xc8>)
100016f4:	6a5a      	ldr	r2, [r3, #36]	@ 0x24
100016f6:	42aa      	cmp	r2, r5
100016f8:	d21c      	bcs.n	10001734 <best_effort_wfe_or_timeout+0x54>
100016fa:	2000      	movs	r0, #0
100016fc:	b003      	add	sp, #12
100016fe:	e8bd 83f0 	ldmia.w	sp!, {r4, r5, r6, r7, r8, r9, pc}
10001702:	4f2a      	ldr	r7, [pc, #168]	@ (100017ac <best_effort_wfe_or_timeout+0xcc>)
10001704:	f8d7 900c 	ldr.w	r9, [r7, #12]
10001708:	f897 8000 	ldrb.w	r8, [r7]
1000170c:	4648      	mov	r0, r9
1000170e:	f000 f863 	bl	100017d8 <timer_time_us_64>
10001712:	f108 0804 	add.w	r8, r8, #4
10001716:	f859 3028 	ldr.w	r3, [r9, r8, lsl #2]
1000171a:	1a1b      	subs	r3, r3, r0
1000171c:	1a30      	subs	r0, r6, r0
1000171e:	eb65 0101 	sbc.w	r1, r5, r1
10001722:	4298      	cmp	r0, r3
10001724:	f171 0100 	sbcs.w	r1, r1, #0
10001728:	db10      	blt.n	1000174c <best_effort_wfe_or_timeout+0x6c>
1000172a:	bf20      	wfe
1000172c:	4b1e      	ldr	r3, [pc, #120]	@ (100017a8 <best_effort_wfe_or_timeout+0xc8>)
1000172e:	6a5a      	ldr	r2, [r3, #36]	@ 0x24
10001730:	42aa      	cmp	r2, r5
10001732:	d3e2      	bcc.n	100016fa <best_effort_wfe_or_timeout+0x1a>
10001734:	bf14      	ite	ne
10001736:	2401      	movne	r4, #1
10001738:	2400      	moveq	r4, #0
1000173a:	6a9b      	ldr	r3, [r3, #40]	@ 0x28
1000173c:	42b3      	cmp	r3, r6
1000173e:	bf34      	ite	cc
10001740:	4620      	movcc	r0, r4
10001742:	f044 0001 	orrcs.w	r0, r4, #1
10001746:	b003      	add	sp, #12
10001748:	e8bd 83f0 	ldmia.w	sp!, {r4, r5, r6, r7, r8, r9, pc}
1000174c:	f000 f84c 	bl	100017e8 <time_us_64>
10001750:	4286      	cmp	r6, r0
10001752:	eb65 0101 	sbc.w	r1, r5, r1
10001756:	2900      	cmp	r1, #0
10001758:	db14      	blt.n	10001784 <best_effort_wfe_or_timeout+0xa4>
1000175a:	4b15      	ldr	r3, [pc, #84]	@ (100017b0 <best_effort_wfe_or_timeout+0xd0>)
1000175c:	4638      	mov	r0, r7
1000175e:	e9cd 3400 	strd	r3, r4, [sp]
10001762:	4632      	mov	r2, r6
10001764:	462b      	mov	r3, r5
10001766:	f7ff fea9 	bl	100014bc <alarm_pool_add_alarm_at_force_in_context>
1000176a:	1e01      	subs	r1, r0, #0
1000176c:	dd0a      	ble.n	10001784 <best_effort_wfe_or_timeout+0xa4>
1000176e:	4b0e      	ldr	r3, [pc, #56]	@ (100017a8 <best_effort_wfe_or_timeout+0xc8>)
10001770:	6a5a      	ldr	r2, [r3, #36]	@ 0x24
10001772:	42aa      	cmp	r2, r5
10001774:	d316      	bcc.n	100017a4 <best_effort_wfe_or_timeout+0xc4>
10001776:	6a9b      	ldr	r3, [r3, #40]	@ 0x28
10001778:	42b3      	cmp	r3, r6
1000177a:	d311      	bcc.n	100017a0 <best_effort_wfe_or_timeout+0xc0>
1000177c:	480b      	ldr	r0, [pc, #44]	@ (100017ac <best_effort_wfe_or_timeout+0xcc>)
1000177e:	f7ff ff01 	bl	10001584 <alarm_pool_cancel_alarm>
10001782:	e7b6      	b.n	100016f2 <best_effort_wfe_or_timeout+0x12>
10001784:	4b08      	ldr	r3, [pc, #32]	@ (100017a8 <best_effort_wfe_or_timeout+0xc8>)
10001786:	6a5c      	ldr	r4, [r3, #36]	@ 0x24
10001788:	42ac      	cmp	r4, r5
1000178a:	d3b6      	bcc.n	100016fa <best_effort_wfe_or_timeout+0x1a>
1000178c:	1b64      	subs	r4, r4, r5
1000178e:	bf18      	it	ne
10001790:	2401      	movne	r4, #1
10001792:	6a9b      	ldr	r3, [r3, #40]	@ 0x28
10001794:	42b3      	cmp	r3, r6
10001796:	bf34      	ite	cc
10001798:	4620      	movcc	r0, r4
1000179a:	f044 0001 	orrcs.w	r0, r4, #1
1000179e:	e7ad      	b.n	100016fc <best_effort_wfe_or_timeout+0x1c>
100017a0:	42aa      	cmp	r2, r5
100017a2:	d1eb      	bne.n	1000177c <best_effort_wfe_or_timeout+0x9c>
100017a4:	bf20      	wfe
100017a6:	e7e9      	b.n	1000177c <best_effort_wfe_or_timeout+0x9c>
100017a8:	400b0000 	.word	0x400b0000
100017ac:	20001548 	.word	0x20001548
100017b0:	10000fad 	.word	0x10000fad

100017b4 <timer_hardware_alarm_claim>:
100017b4:	b410      	push	{r4}
100017b6:	4b05      	ldr	r3, [pc, #20]	@ (100017cc <timer_hardware_alarm_claim+0x18>)
100017b8:	4c05      	ldr	r4, [pc, #20]	@ (100017d0 <timer_hardware_alarm_claim+0x1c>)
100017ba:	4a06      	ldr	r2, [pc, #24]	@ (100017d4 <timer_hardware_alarm_claim+0x20>)
100017bc:	42a0      	cmp	r0, r4
100017be:	bf14      	ite	ne
100017c0:	4618      	movne	r0, r3
100017c2:	1c58      	addeq	r0, r3, #1
100017c4:	f85d 4b04 	ldr.w	r4, [sp], #4
100017c8:	f7ff b812 	b.w	100007f0 <hw_claim_or_assert>
100017cc:	2000242c 	.word	0x2000242c
100017d0:	400b8000 	.word	0x400b8000
100017d4:	100093a0 	.word	0x100093a0

100017d8 <timer_time_us_64>:
100017d8:	4603      	mov	r3, r0
100017da:	6a41      	ldr	r1, [r0, #36]	@ 0x24
100017dc:	460a      	mov	r2, r1
100017de:	6a98      	ldr	r0, [r3, #40]	@ 0x28
100017e0:	6a59      	ldr	r1, [r3, #36]	@ 0x24
100017e2:	428a      	cmp	r2, r1
100017e4:	d1fa      	bne.n	100017dc <timer_time_us_64+0x4>
100017e6:	4770      	bx	lr

100017e8 <time_us_64>:
100017e8:	4b03      	ldr	r3, [pc, #12]	@ (100017f8 <time_us_64+0x10>)
100017ea:	6a59      	ldr	r1, [r3, #36]	@ 0x24
100017ec:	460a      	mov	r2, r1
100017ee:	6a98      	ldr	r0, [r3, #40]	@ 0x28
100017f0:	6a59      	ldr	r1, [r3, #36]	@ 0x24
100017f2:	4291      	cmp	r1, r2
100017f4:	d1fa      	bne.n	100017ec <time_us_64+0x4>
100017f6:	4770      	bx	lr
100017f8:	400b0000 	.word	0x400b0000

100017fc <busy_wait_until>:
100017fc:	4a07      	ldr	r2, [pc, #28]	@ (1000181c <busy_wait_until+0x20>)
100017fe:	6a53      	ldr	r3, [r2, #36]	@ 0x24
10001800:	4299      	cmp	r1, r3
10001802:	d8fc      	bhi.n	100017fe <busy_wait_until+0x2>
10001804:	4299      	cmp	r1, r3
10001806:	d107      	bne.n	10001818 <busy_wait_until+0x1c>
10001808:	4b04      	ldr	r3, [pc, #16]	@ (1000181c <busy_wait_until+0x20>)
1000180a:	e002      	b.n	10001812 <busy_wait_until+0x16>
1000180c:	6a5a      	ldr	r2, [r3, #36]	@ 0x24
1000180e:	4291      	cmp	r1, r2
10001810:	d102      	bne.n	10001818 <busy_wait_until+0x1c>
10001812:	6a9a      	ldr	r2, [r3, #40]	@ 0x28
10001814:	4290      	cmp	r0, r2
10001816:	d8f9      	bhi.n	1000180c <busy_wait_until+0x10>
10001818:	4770      	bx	lr
1000181a:	bf00      	nop
1000181c:	400b0000 	.word	0x400b0000

10001820 <clock_configure_undivided>:
10001820:	eb00 0c40 	add.w	ip, r0, r0, lsl #1
10001824:	ea4f 0c8c 	mov.w	ip, ip, lsl #2
10001828:	f10c 4c80 	add.w	ip, ip, #1073741824	@ 0x40000000
1000182c:	f50c 3c80 	add.w	ip, ip, #65536	@ 0x10000
10001830:	b5f0      	push	{r4, r5, r6, r7, lr}
10001832:	4616      	mov	r6, r2
10001834:	f8dc 2004 	ldr.w	r2, [ip, #4]
10001838:	1f05      	subs	r5, r0, #4
1000183a:	f5b2 3f80 	cmp.w	r2, #65536	@ 0x10000
1000183e:	bf38      	it	cc
10001840:	f44f 3280 	movcc.w	r2, #65536	@ 0x10000
10001844:	b2ed      	uxtb	r5, r5
10001846:	bf38      	it	cc
10001848:	f8cc 2004 	strcc.w	r2, [ip, #4]
1000184c:	2d01      	cmp	r5, #1
1000184e:	d92a      	bls.n	100018a6 <clock_configure_undivided+0x86>
10001850:	f44f 6700 	mov.w	r7, #2048	@ 0x800
10001854:	4c25      	ldr	r4, [pc, #148]	@ (100018ec <clock_configure_undivided+0xcc>)
10001856:	f50c 5240 	add.w	r2, ip, #12288	@ 0x3000
1000185a:	6017      	str	r7, [r2, #0]
1000185c:	f854 2020 	ldr.w	r2, [r4, r0, lsl #2]
10001860:	b9b2      	cbnz	r2, 10001890 <clock_configure_undivided+0x70>
10001862:	f8dc 2000 	ldr.w	r2, [ip]
10001866:	2d01      	cmp	r5, #1
10001868:	ea82 1246 	eor.w	r2, r2, r6, lsl #5
1000186c:	f002 02e0 	and.w	r2, r2, #224	@ 0xe0
10001870:	f50c 5680 	add.w	r6, ip, #4096	@ 0x1000
10001874:	6032      	str	r2, [r6, #0]
10001876:	d92a      	bls.n	100018ce <clock_configure_undivided+0xae>
10001878:	f44f 6100 	mov.w	r1, #2048	@ 0x800
1000187c:	f844 3020 	str.w	r3, [r4, r0, lsl #2]
10001880:	f44f 3380 	mov.w	r3, #65536	@ 0x10000
10001884:	f50c 5200 	add.w	r2, ip, #8192	@ 0x2000
10001888:	6011      	str	r1, [r2, #0]
1000188a:	f8cc 3004 	str.w	r3, [ip, #4]
1000188e:	bdf0      	pop	{r4, r5, r6, r7, pc}
10001890:	6967      	ldr	r7, [r4, #20]
10001892:	fbb7 fef2 	udiv	lr, r7, r2
10001896:	f10e 0e01 	add.w	lr, lr, #1
1000189a:	eb0e 0e4e 	add.w	lr, lr, lr, lsl #1
1000189e:	f1be 0e03 	subs.w	lr, lr, #3
100018a2:	d2fc      	bcs.n	1000189e <clock_configure_undivided+0x7e>
100018a4:	e7dd      	b.n	10001862 <clock_configure_undivided+0x42>
100018a6:	2901      	cmp	r1, #1
100018a8:	d1d2      	bne.n	10001850 <clock_configure_undivided+0x30>
100018aa:	2403      	movs	r4, #3
100018ac:	f50c 5240 	add.w	r2, ip, #12288	@ 0x3000
100018b0:	6014      	str	r4, [r2, #0]
100018b2:	f8dc 2008 	ldr.w	r2, [ip, #8]
100018b6:	07d2      	lsls	r2, r2, #31
100018b8:	d5fb      	bpl.n	100018b2 <clock_configure_undivided+0x92>
100018ba:	f8dc 2000 	ldr.w	r2, [ip]
100018be:	4c0b      	ldr	r4, [pc, #44]	@ (100018ec <clock_configure_undivided+0xcc>)
100018c0:	ea82 1246 	eor.w	r2, r2, r6, lsl #5
100018c4:	f002 02e0 	and.w	r2, r2, #224	@ 0xe0
100018c8:	f50c 5680 	add.w	r6, ip, #4096	@ 0x1000
100018cc:	6032      	str	r2, [r6, #0]
100018ce:	2201      	movs	r2, #1
100018d0:	f8dc 5000 	ldr.w	r5, [ip]
100018d4:	404d      	eors	r5, r1
100018d6:	f005 0503 	and.w	r5, r5, #3
100018da:	6035      	str	r5, [r6, #0]
100018dc:	fa02 f101 	lsl.w	r1, r2, r1
100018e0:	f8dc 2008 	ldr.w	r2, [ip, #8]
100018e4:	420a      	tst	r2, r1
100018e6:	d0fb      	beq.n	100018e0 <clock_configure_undivided+0xc0>
100018e8:	e7c6      	b.n	10001878 <clock_configure_undivided+0x58>
100018ea:	bf00      	nop
100018ec:	20002430 	.word	0x20002430

100018f0 <clock_get_hz>:
100018f0:	4b01      	ldr	r3, [pc, #4]	@ (100018f8 <clock_get_hz+0x8>)
100018f2:	f853 0020 	ldr.w	r0, [r3, r0, lsl #2]
100018f6:	4770      	bx	lr
100018f8:	20002430 	.word	0x20002430

100018fc <frequency_count_khz>:
100018fc:	b430      	push	{r4, r5}
100018fe:	4a11      	ldr	r2, [pc, #68]	@ (10001944 <frequency_count_khz+0x48>)
10001900:	f8d2 30a4 	ldr.w	r3, [r2, #164]	@ 0xa4
10001904:	f413 7380 	ands.w	r3, r3, #256	@ 0x100
10001908:	d1fa      	bne.n	10001900 <frequency_count_khz+0x4>
1000190a:	490f      	ldr	r1, [pc, #60]	@ (10001948 <frequency_count_khz+0x4c>)
1000190c:	4c0f      	ldr	r4, [pc, #60]	@ (1000194c <frequency_count_khz+0x50>)
1000190e:	6909      	ldr	r1, [r1, #16]
10001910:	250a      	movs	r5, #10
10001912:	fba4 4101 	umull	r4, r1, r4, r1
10001916:	f04f 34ff 	mov.w	r4, #4294967295
1000191a:	0989      	lsrs	r1, r1, #6
1000191c:	f8c2 108c 	str.w	r1, [r2, #140]	@ 0x8c
10001920:	4908      	ldr	r1, [pc, #32]	@ (10001944 <frequency_count_khz+0x48>)
10001922:	f8c2 509c 	str.w	r5, [r2, #156]	@ 0x9c
10001926:	f8c2 3090 	str.w	r3, [r2, #144]	@ 0x90
1000192a:	f8c2 4094 	str.w	r4, [r2, #148]	@ 0x94
1000192e:	f8c2 00a0 	str.w	r0, [r2, #160]	@ 0xa0
10001932:	f8d1 30a4 	ldr.w	r3, [r1, #164]	@ 0xa4
10001936:	06db      	lsls	r3, r3, #27
10001938:	d5fb      	bpl.n	10001932 <frequency_count_khz+0x36>
1000193a:	bc30      	pop	{r4, r5}
1000193c:	f8d1 00a8 	ldr.w	r0, [r1, #168]	@ 0xa8
10001940:	0940      	lsrs	r0, r0, #5
10001942:	4770      	bx	lr
10001944:	40010000 	.word	0x40010000
10001948:	20002430 	.word	0x20002430
1000194c:	10624dd3 	.word	0x10624dd3

10001950 <pll_init>:
10001950:	b470      	push	{r4, r5, r6}
10001952:	9d03      	ldr	r5, [sp, #12]
10001954:	6804      	ldr	r4, [r0, #0]
10001956:	032d      	lsls	r5, r5, #12
10001958:	ea45 4503 	orr.w	r5, r5, r3, lsl #16
1000195c:	4b1b      	ldr	r3, [pc, #108]	@ (100019cc <pll_init+0x7c>)
1000195e:	2c00      	cmp	r4, #0
10001960:	fbb3 f3f1 	udiv	r3, r3, r1
10001964:	fbb2 f6f3 	udiv	r6, r2, r3
10001968:	db1f      	blt.n	100019aa <pll_init+0x5a>
1000196a:	4a19      	ldr	r2, [pc, #100]	@ (100019d0 <pll_init+0x80>)
1000196c:	4b19      	ldr	r3, [pc, #100]	@ (100019d4 <pll_init+0x84>)
1000196e:	4290      	cmp	r0, r2
10001970:	bf14      	ite	ne
10001972:	f44f 4280 	movne.w	r2, #16384	@ 0x4000
10001976:	f44f 4200 	moveq.w	r2, #32768	@ 0x8000
1000197a:	4c17      	ldr	r4, [pc, #92]	@ (100019d8 <pll_init+0x88>)
1000197c:	601a      	str	r2, [r3, #0]
1000197e:	f503 5380 	add.w	r3, r3, #4096	@ 0x1000
10001982:	601a      	str	r2, [r3, #0]
10001984:	68a3      	ldr	r3, [r4, #8]
10001986:	ea32 0303 	bics.w	r3, r2, r3
1000198a:	d1fb      	bne.n	10001984 <pll_init+0x34>
1000198c:	2221      	movs	r2, #33	@ 0x21
1000198e:	f500 5340 	add.w	r3, r0, #12288	@ 0x3000
10001992:	3304      	adds	r3, #4
10001994:	6001      	str	r1, [r0, #0]
10001996:	6086      	str	r6, [r0, #8]
10001998:	601a      	str	r2, [r3, #0]
1000199a:	6802      	ldr	r2, [r0, #0]
1000199c:	2a00      	cmp	r2, #0
1000199e:	dafc      	bge.n	1000199a <pll_init+0x4a>
100019a0:	2208      	movs	r2, #8
100019a2:	60c5      	str	r5, [r0, #12]
100019a4:	601a      	str	r2, [r3, #0]
100019a6:	bc70      	pop	{r4, r5, r6}
100019a8:	4770      	bx	lr
100019aa:	6803      	ldr	r3, [r0, #0]
100019ac:	f003 033f 	and.w	r3, r3, #63	@ 0x3f
100019b0:	428b      	cmp	r3, r1
100019b2:	d1da      	bne.n	1000196a <pll_init+0x1a>
100019b4:	6883      	ldr	r3, [r0, #8]
100019b6:	f3c3 030b 	ubfx	r3, r3, #0, #12
100019ba:	42b3      	cmp	r3, r6
100019bc:	d1d5      	bne.n	1000196a <pll_init+0x1a>
100019be:	68c3      	ldr	r3, [r0, #12]
100019c0:	f403 23ee 	and.w	r3, r3, #487424	@ 0x77000
100019c4:	42ab      	cmp	r3, r5
100019c6:	d1d0      	bne.n	1000196a <pll_init+0x1a>
100019c8:	e7ed      	b.n	100019a6 <pll_init+0x56>
100019ca:	bf00      	nop
100019cc:	00b71b00 	.word	0x00b71b00
100019d0:	40058000 	.word	0x40058000
100019d4:	40022000 	.word	0x40022000
100019d8:	40020000 	.word	0x40020000

100019dc <watchdog_reboot>:
100019dc:	b430      	push	{r4, r5}
100019de:	f04f 4480 	mov.w	r4, #1073741824	@ 0x40000000
100019e2:	4b1c      	ldr	r3, [pc, #112]	@ (10001a54 <watchdog_reboot+0x78>)
100019e4:	601c      	str	r4, [r3, #0]
100019e6:	b1e0      	cbz	r0, 10001a22 <watchdog_reboot+0x46>
100019e8:	4c1b      	ldr	r4, [pc, #108]	@ (10001a58 <watchdog_reboot+0x7c>)
100019ea:	f5a3 5340 	sub.w	r3, r3, #12288	@ 0x3000
100019ee:	61dc      	str	r4, [r3, #28]
100019f0:	4c1a      	ldr	r4, [pc, #104]	@ (10001a5c <watchdog_reboot+0x80>)
100019f2:	f040 0001 	orr.w	r0, r0, #1
100019f6:	4044      	eors	r4, r0
100019f8:	621c      	str	r4, [r3, #32]
100019fa:	6259      	str	r1, [r3, #36]	@ 0x24
100019fc:	6298      	str	r0, [r3, #40]	@ 0x28
100019fe:	f04f 4580 	mov.w	r5, #1073741824	@ 0x40000000
10001a02:	f04f 61e0 	mov.w	r1, #117440512	@ 0x7000000
10001a06:	4b13      	ldr	r3, [pc, #76]	@ (10001a54 <watchdog_reboot+0x78>)
10001a08:	4815      	ldr	r0, [pc, #84]	@ (10001a60 <watchdog_reboot+0x84>)
10001a0a:	4c16      	ldr	r4, [pc, #88]	@ (10001a64 <watchdog_reboot+0x88>)
10001a0c:	601d      	str	r5, [r3, #0]
10001a0e:	6084      	str	r4, [r0, #8]
10001a10:	6019      	str	r1, [r3, #0]
10001a12:	b94a      	cbnz	r2, 10001a28 <watchdog_reboot+0x4c>
10001a14:	bc30      	pop	{r4, r5}
10001a16:	f04f 4200 	mov.w	r2, #2147483648	@ 0x80000000
10001a1a:	f5a3 5380 	sub.w	r3, r3, #4096	@ 0x1000
10001a1e:	601a      	str	r2, [r3, #0]
10001a20:	4770      	bx	lr
10001a22:	4b11      	ldr	r3, [pc, #68]	@ (10001a68 <watchdog_reboot+0x8c>)
10001a24:	61d8      	str	r0, [r3, #28]
10001a26:	e7ea      	b.n	100019fe <watchdog_reboot+0x22>
10001a28:	f44f 737a 	mov.w	r3, #1000	@ 0x3e8
10001a2c:	fb03 f202 	mul.w	r2, r3, r2
10001a30:	f1b2 7f80 	cmp.w	r2, #16777216	@ 0x1000000
10001a34:	bf2a      	itet	cs
10001a36:	f06f 437f 	mvncs.w	r3, #4278190080	@ 0xff000000
10001a3a:	4613      	movcc	r3, r2
10001a3c:	461a      	movcs	r2, r3
10001a3e:	f04f 4180 	mov.w	r1, #1073741824	@ 0x40000000
10001a42:	4c0a      	ldr	r4, [pc, #40]	@ (10001a6c <watchdog_reboot+0x90>)
10001a44:	4808      	ldr	r0, [pc, #32]	@ (10001a68 <watchdog_reboot+0x8c>)
10001a46:	6023      	str	r3, [r4, #0]
10001a48:	4b09      	ldr	r3, [pc, #36]	@ (10001a70 <watchdog_reboot+0x94>)
10001a4a:	6042      	str	r2, [r0, #4]
10001a4c:	bc30      	pop	{r4, r5}
10001a4e:	6019      	str	r1, [r3, #0]
10001a50:	4770      	bx	lr
10001a52:	bf00      	nop
10001a54:	400db000 	.word	0x400db000
10001a58:	b007c0d3 	.word	0xb007c0d3
10001a5c:	4ff83f2d 	.word	0x4ff83f2d
10001a60:	4001a000 	.word	0x4001a000
10001a64:	01fffff3 	.word	0x01fffff3
10001a68:	400d8000 	.word	0x400d8000
10001a6c:	2000289c 	.word	0x2000289c
10001a70:	400da000 	.word	0x400da000

10001a74 <tick_start>:
10001a74:	2301      	movs	r3, #1
10001a76:	eb00 0040 	add.w	r0, r0, r0, lsl #1
10001a7a:	0080      	lsls	r0, r0, #2
10001a7c:	f100 4080 	add.w	r0, r0, #1073741824	@ 0x40000000
10001a80:	f500 1084 	add.w	r0, r0, #1081344	@ 0x108000
10001a84:	6041      	str	r1, [r0, #4]
10001a86:	6003      	str	r3, [r0, #0]
10001a88:	4770      	bx	lr
10001a8a:	bf00      	nop

10001a8c <rom_reboot.constprop.0.isra.0>:
10001a8c:	2300      	movs	r3, #0
10001a8e:	b570      	push	{r4, r5, r6, lr}
10001a90:	8adb      	ldrh	r3, [r3, #22]
10001a92:	4604      	mov	r4, r0
10001a94:	460d      	mov	r5, r1
10001a96:	2200      	movs	r2, #0
10001a98:	e842 f200 	tt	r2, r2
10001a9c:	0252      	lsls	r2, r2, #9
10001a9e:	bf54      	ite	pl
10001aa0:	2110      	movpl	r1, #16
10001aa2:	2104      	movmi	r1, #4
10001aa4:	f244 2052 	movw	r0, #16978	@ 0x4252
10001aa8:	4798      	blx	r3
10001aaa:	4686      	mov	lr, r0
10001aac:	462b      	mov	r3, r5
10001aae:	4622      	mov	r2, r4
10001ab0:	46f4      	mov	ip, lr
10001ab2:	e8bd 4070 	ldmia.w	sp!, {r4, r5, r6, lr}
10001ab6:	210a      	movs	r1, #10
10001ab8:	f44f 7081 	mov.w	r0, #258	@ 0x102
10001abc:	4760      	bx	ip
10001abe:	bf00      	nop

10001ac0 <rom_func_lookup>:
10001ac0:	2300      	movs	r3, #0
10001ac2:	8adb      	ldrh	r3, [r3, #22]
10001ac4:	2200      	movs	r2, #0
10001ac6:	e842 f200 	tt	r2, r2
10001aca:	0252      	lsls	r2, r2, #9
10001acc:	d401      	bmi.n	10001ad2 <rom_func_lookup+0x12>
10001ace:	2110      	movs	r1, #16
10001ad0:	4718      	bx	r3
10001ad2:	2104      	movs	r1, #4
10001ad4:	4718      	bx	r3
10001ad6:	bf00      	nop

10001ad8 <rom_reset_usb_boot_extra>:
10001ad8:	b508      	push	{r3, lr}
10001ada:	4603      	mov	r3, r0
10001adc:	4608      	mov	r0, r1
10001ade:	1e19      	subs	r1, r3, #0
10001ae0:	db02      	blt.n	10001ae8 <rom_reset_usb_boot_extra+0x10>
10001ae2:	b11a      	cbz	r2, 10001aec <rom_reset_usb_boot_extra+0x14>
10001ae4:	f040 0030 	orr.w	r0, r0, #48	@ 0x30
10001ae8:	f7ff ffd0 	bl	10001a8c <rom_reboot.constprop.0.isra.0>
10001aec:	f040 0020 	orr.w	r0, r0, #32
10001af0:	e7fa      	b.n	10001ae8 <rom_reset_usb_boot_extra+0x10>
10001af2:	bf00      	nop

10001af4 <runtime_init_bootrom_locking_enable>:
10001af4:	4a03      	ldr	r2, [pc, #12]	@ (10001b04 <runtime_init_bootrom_locking_enable+0x10>)
10001af6:	f8d2 3828 	ldr.w	r3, [r2, #2088]	@ 0x828
10001afa:	2b00      	cmp	r3, #0
10001afc:	d0fb      	beq.n	10001af6 <runtime_init_bootrom_locking_enable+0x2>
10001afe:	f3bf 8f5f 	dmb	sy
10001b02:	4770      	bx	lr
10001b04:	400e0000 	.word	0x400e0000

10001b08 <runtime_init_boot_locks_reset>:
10001b08:	2100      	movs	r1, #0
10001b0a:	4b04      	ldr	r3, [pc, #16]	@ (10001b1c <runtime_init_boot_locks_reset+0x14>)
10001b0c:	4a04      	ldr	r2, [pc, #16]	@ (10001b20 <runtime_init_boot_locks_reset+0x18>)
10001b0e:	f3bf 8f5f 	dmb	sy
10001b12:	f843 1b04 	str.w	r1, [r3], #4
10001b16:	4293      	cmp	r3, r2
10001b18:	d1f9      	bne.n	10001b0e <runtime_init_boot_locks_reset+0x6>
10001b1a:	4770      	bx	lr
10001b1c:	400e080c 	.word	0x400e080c
10001b20:	400e082c 	.word	0x400e082c

10001b24 <xosc_init>:
10001b24:	b410      	push	{r4}
10001b26:	f44f 708d 	mov.w	r0, #282	@ 0x11a
10001b2a:	f44f 642a 	mov.w	r4, #2720	@ 0xaa0
10001b2e:	4a06      	ldr	r2, [pc, #24]	@ (10001b48 <xosc_init+0x24>)
10001b30:	4b06      	ldr	r3, [pc, #24]	@ (10001b4c <xosc_init+0x28>)
10001b32:	4907      	ldr	r1, [pc, #28]	@ (10001b50 <xosc_init+0x2c>)
10001b34:	6014      	str	r4, [r2, #0]
10001b36:	60d0      	str	r0, [r2, #12]
10001b38:	6019      	str	r1, [r3, #0]
10001b3a:	6853      	ldr	r3, [r2, #4]
10001b3c:	2b00      	cmp	r3, #0
10001b3e:	dafc      	bge.n	10001b3a <xosc_init+0x16>
10001b40:	f85d 4b04 	ldr.w	r4, [sp], #4
10001b44:	4770      	bx	lr
10001b46:	bf00      	nop
10001b48:	40048000 	.word	0x40048000
10001b4c:	4004a000 	.word	0x4004a000
10001b50:	00fab000 	.word	0x00fab000

10001b54 <first_per_core_initializer>:
10001b54:	4770      	bx	lr
10001b56:	bf00      	nop

10001b58 <hard_assertion_failure>:
10001b58:	b508      	push	{r3, lr}
10001b5a:	4801      	ldr	r0, [pc, #4]	@ (10001b60 <hard_assertion_failure+0x8>)
10001b5c:	f7fe fe30 	bl	100007c0 <panic>
10001b60:	100093c4 	.word	0x100093c4

10001b64 <runtime_run_initializers>:
10001b64:	b538      	push	{r3, r4, r5, lr}
10001b66:	4c05      	ldr	r4, [pc, #20]	@ (10001b7c <runtime_run_initializers+0x18>)
10001b68:	4d05      	ldr	r5, [pc, #20]	@ (10001b80 <runtime_run_initializers+0x1c>)
10001b6a:	42ac      	cmp	r4, r5
10001b6c:	d204      	bcs.n	10001b78 <runtime_run_initializers+0x14>
10001b6e:	f854 3b04 	ldr.w	r3, [r4], #4
10001b72:	4798      	blx	r3
10001b74:	42ac      	cmp	r4, r5
10001b76:	d3fa      	bcc.n	10001b6e <runtime_run_initializers+0xa>
10001b78:	bd38      	pop	{r3, r4, r5, pc}
10001b7a:	bf00      	nop
10001b7c:	10009230 	.word	0x10009230
10001b80:	10009270 	.word	0x10009270

10001b84 <runtime_init_early_resets>:
10001b84:	b410      	push	{r4}
10001b86:	4807      	ldr	r0, [pc, #28]	@ (10001ba4 <runtime_init_early_resets+0x20>)
10001b88:	4c07      	ldr	r4, [pc, #28]	@ (10001ba8 <runtime_init_early_resets+0x24>)
10001b8a:	4b08      	ldr	r3, [pc, #32]	@ (10001bac <runtime_init_early_resets+0x28>)
10001b8c:	4a08      	ldr	r2, [pc, #32]	@ (10001bb0 <runtime_init_early_resets+0x2c>)
10001b8e:	4909      	ldr	r1, [pc, #36]	@ (10001bb4 <runtime_init_early_resets+0x30>)
10001b90:	6004      	str	r4, [r0, #0]
10001b92:	601a      	str	r2, [r3, #0]
10001b94:	688b      	ldr	r3, [r1, #8]
10001b96:	ea32 0303 	bics.w	r3, r2, r3
10001b9a:	d1fb      	bne.n	10001b94 <runtime_init_early_resets+0x10>
10001b9c:	f85d 4b04 	ldr.w	r4, [sp], #4
10001ba0:	4770      	bx	lr
10001ba2:	bf00      	nop
10001ba4:	40022000 	.word	0x40022000
10001ba8:	efef3b7f 	.word	0xefef3b7f
10001bac:	40023000 	.word	0x40023000
10001bb0:	03f3fff6 	.word	0x03f3fff6
10001bb4:	40020000 	.word	0x40020000

10001bb8 <runtime_init_usb_power_down>:
10001bb8:	4b04      	ldr	r3, [pc, #16]	@ (10001bcc <runtime_init_usb_power_down+0x14>)
10001bba:	6cdb      	ldr	r3, [r3, #76]	@ 0x4c
10001bbc:	f5b3 4f00 	cmp.w	r3, #32768	@ 0x8000
10001bc0:	d103      	bne.n	10001bca <runtime_init_usb_power_down+0x12>
10001bc2:	f44f 2280 	mov.w	r2, #262144	@ 0x40000
10001bc6:	4b02      	ldr	r3, [pc, #8]	@ (10001bd0 <runtime_init_usb_power_down+0x18>)
10001bc8:	64da      	str	r2, [r3, #76]	@ 0x4c
10001bca:	4770      	bx	lr
10001bcc:	50110000 	.word	0x50110000
10001bd0:	50112000 	.word	0x50112000

10001bd4 <runtime_init_per_core_enable_coprocessors>:
10001bd4:	f04f 22e0 	mov.w	r2, #3758153728	@ 0xe000e000
10001bd8:	4b04      	ldr	r3, [pc, #16]	@ (10001bec <runtime_init_per_core_enable_coprocessors+0x18>)
10001bda:	f8d2 1d88 	ldr.w	r1, [r2, #3464]	@ 0xd88
10001bde:	430b      	orrs	r3, r1
10001be0:	f8c2 3d88 	str.w	r3, [r2, #3464]	@ 0xd88
10001be4:	ee10 0430 			dcp_rcmp r0
10001be8:	4770      	bx	lr
10001bea:	bf00      	nop
10001bec:	00300303 	.word	0x00300303

10001bf0 <runtime_init_post_clock_resets>:
10001bf0:	f06f 4160 	mvn.w	r1, #3758096384	@ 0xe0000000
10001bf4:	4b04      	ldr	r3, [pc, #16]	@ (10001c08 <runtime_init_post_clock_resets+0x18>)
10001bf6:	4a05      	ldr	r2, [pc, #20]	@ (10001c0c <runtime_init_post_clock_resets+0x1c>)
10001bf8:	6019      	str	r1, [r3, #0]
10001bfa:	6893      	ldr	r3, [r2, #8]
10001bfc:	43db      	mvns	r3, r3
10001bfe:	f033 4360 	bics.w	r3, r3, #3758096384	@ 0xe0000000
10001c02:	d1fa      	bne.n	10001bfa <runtime_init_post_clock_resets+0xa>
10001c04:	4770      	bx	lr
10001c06:	bf00      	nop
10001c08:	40023000 	.word	0x40023000
10001c0c:	40020000 	.word	0x40020000

10001c10 <runtime_init_bootrom_reset>:
10001c10:	b510      	push	{r4, lr}
10001c12:	f245 2053 	movw	r0, #21075	@ 0x5253
10001c16:	f7ff ff53 	bl	10001ac0 <rom_func_lookup>
10001c1a:	e8bd 4010 	ldmia.w	sp!, {r4, lr}
10001c1e:	4603      	mov	r3, r0
10001c20:	2004      	movs	r0, #4
10001c22:	4718      	bx	r3

10001c24 <runtime_init_per_core_bootrom_reset>:
10001c24:	b510      	push	{r4, lr}
10001c26:	f245 2053 	movw	r0, #21075	@ 0x5253
10001c2a:	f7ff ff49 	bl	10001ac0 <rom_func_lookup>
10001c2e:	e8bd 4010 	ldmia.w	sp!, {r4, lr}
10001c32:	4603      	mov	r3, r0
10001c34:	2001      	movs	r0, #1
10001c36:	4718      	bx	r3

10001c38 <runtime_init_spin_locks_reset>:
10001c38:	f7fe be6a 	b.w	10000910 <spin_locks_reset>

10001c3c <runtime_init_install_ram_vector_table>:
10001c3c:	b510      	push	{r4, lr}
10001c3e:	4b05      	ldr	r3, [pc, #20]	@ (10001c54 <runtime_init_install_ram_vector_table+0x18>)
10001c40:	4c05      	ldr	r4, [pc, #20]	@ (10001c58 <runtime_init_install_ram_vector_table+0x1c>)
10001c42:	f44f 7288 	mov.w	r2, #272	@ 0x110
10001c46:	4618      	mov	r0, r3
10001c48:	68a1      	ldr	r1, [r4, #8]
10001c4a:	f007 f8cf 	bl	10008dec <memcpy>
10001c4e:	60a0      	str	r0, [r4, #8]
10001c50:	bd10      	pop	{r4, pc}
10001c52:	bf00      	nop
10001c54:	20000000 	.word	0x20000000
10001c58:	e000ed00 	.word	0xe000ed00

10001c5c <runtime_init_clocks>:
10001c5c:	2300      	movs	r3, #0
10001c5e:	b570      	push	{r4, r5, r6, lr}
10001c60:	4c2b      	ldr	r4, [pc, #172]	@ (10001d10 <runtime_init_clocks+0xb4>)
10001c62:	b082      	sub	sp, #8
10001c64:	f8c4 3084 	str.w	r3, [r4, #132]	@ 0x84
10001c68:	f7ff ff5c 	bl	10001b24 <xosc_init>
10001c6c:	2201      	movs	r2, #1
10001c6e:	4b29      	ldr	r3, [pc, #164]	@ (10001d14 <runtime_init_clocks+0xb8>)
10001c70:	63da      	str	r2, [r3, #60]	@ 0x3c
10001c72:	6c63      	ldr	r3, [r4, #68]	@ 0x44
10001c74:	2b01      	cmp	r3, #1
10001c76:	d1fc      	bne.n	10001c72 <runtime_init_clocks+0x16>
10001c78:	2103      	movs	r1, #3
10001c7a:	4a26      	ldr	r2, [pc, #152]	@ (10001d14 <runtime_init_clocks+0xb8>)
10001c7c:	4b24      	ldr	r3, [pc, #144]	@ (10001d10 <runtime_init_clocks+0xb4>)
10001c7e:	6311      	str	r1, [r2, #48]	@ 0x30
10001c80:	6b9c      	ldr	r4, [r3, #56]	@ 0x38
10001c82:	2c01      	cmp	r4, #1
10001c84:	d1fc      	bne.n	10001c80 <runtime_init_clocks+0x24>
10001c86:	2602      	movs	r6, #2
10001c88:	2505      	movs	r5, #5
10001c8a:	4621      	mov	r1, r4
10001c8c:	2305      	movs	r3, #5
10001c8e:	4a22      	ldr	r2, [pc, #136]	@ (10001d18 <runtime_init_clocks+0xbc>)
10001c90:	4822      	ldr	r0, [pc, #136]	@ (10001d1c <runtime_init_clocks+0xc0>)
10001c92:	9600      	str	r6, [sp, #0]
10001c94:	f7ff fe5c 	bl	10001950 <pll_init>
10001c98:	4621      	mov	r1, r4
10001c9a:	462b      	mov	r3, r5
10001c9c:	4a20      	ldr	r2, [pc, #128]	@ (10001d20 <runtime_init_clocks+0xc4>)
10001c9e:	4821      	ldr	r0, [pc, #132]	@ (10001d24 <runtime_init_clocks+0xc8>)
10001ca0:	9500      	str	r5, [sp, #0]
10001ca2:	f7ff fe55 	bl	10001950 <pll_init>
10001ca6:	2200      	movs	r2, #0
10001ca8:	2004      	movs	r0, #4
10001caa:	4631      	mov	r1, r6
10001cac:	4b1e      	ldr	r3, [pc, #120]	@ (10001d28 <runtime_init_clocks+0xcc>)
10001cae:	f7ff fdb7 	bl	10001820 <clock_configure_undivided>
10001cb2:	4621      	mov	r1, r4
10001cb4:	4628      	mov	r0, r5
10001cb6:	2200      	movs	r2, #0
10001cb8:	4b1c      	ldr	r3, [pc, #112]	@ (10001d2c <runtime_init_clocks+0xd0>)
10001cba:	f7ff fdb1 	bl	10001820 <clock_configure_undivided>
10001cbe:	2200      	movs	r2, #0
10001cc0:	2008      	movs	r0, #8
10001cc2:	4611      	mov	r1, r2
10001cc4:	4b1a      	ldr	r3, [pc, #104]	@ (10001d30 <runtime_init_clocks+0xd4>)
10001cc6:	f7ff fdab 	bl	10001820 <clock_configure_undivided>
10001cca:	2200      	movs	r2, #0
10001ccc:	2009      	movs	r0, #9
10001cce:	4611      	mov	r1, r2
10001cd0:	4b17      	ldr	r3, [pc, #92]	@ (10001d30 <runtime_init_clocks+0xd4>)
10001cd2:	f7ff fda5 	bl	10001820 <clock_configure_undivided>
10001cd6:	2200      	movs	r2, #0
10001cd8:	2006      	movs	r0, #6
10001cda:	4611      	mov	r1, r2
10001cdc:	4b13      	ldr	r3, [pc, #76]	@ (10001d2c <runtime_init_clocks+0xd0>)
10001cde:	f7ff fd9f 	bl	10001820 <clock_configure_undivided>
10001ce2:	2200      	movs	r2, #0
10001ce4:	4b11      	ldr	r3, [pc, #68]	@ (10001d2c <runtime_init_clocks+0xd0>)
10001ce6:	2007      	movs	r0, #7
10001ce8:	4611      	mov	r1, r2
10001cea:	f7ff fd99 	bl	10001820 <clock_configure_undivided>
10001cee:	2004      	movs	r0, #4
10001cf0:	f7ff fdfe 	bl	100018f0 <clock_get_hz>
10001cf4:	2400      	movs	r4, #0
10001cf6:	4b0f      	ldr	r3, [pc, #60]	@ (10001d34 <runtime_init_clocks+0xd8>)
10001cf8:	fba3 3500 	umull	r3, r5, r3, r0
10001cfc:	0cad      	lsrs	r5, r5, #18
10001cfe:	b2e0      	uxtb	r0, r4
10001d00:	4629      	mov	r1, r5
10001d02:	3401      	adds	r4, #1
10001d04:	f7ff feb6 	bl	10001a74 <tick_start>
10001d08:	2c06      	cmp	r4, #6
10001d0a:	d1f8      	bne.n	10001cfe <runtime_init_clocks+0xa2>
10001d0c:	b002      	add	sp, #8
10001d0e:	bd70      	pop	{r4, r5, r6, pc}
10001d10:	40010000 	.word	0x40010000
10001d14:	40013000 	.word	0x40013000
10001d18:	59682f00 	.word	0x59682f00
10001d1c:	40050000 	.word	0x40050000
10001d20:	47868c00 	.word	0x47868c00
10001d24:	40058000 	.word	0x40058000
10001d28:	00b71b00 	.word	0x00b71b00
10001d2c:	08f0d180 	.word	0x08f0d180
10001d30:	02dc6c00 	.word	0x02dc6c00
10001d34:	431bde83 	.word	0x431bde83

10001d38 <generic_save_state>:
10001d38:	b086      	sub	sp, #24
10001d3a:	b403      	push	{r0, r1}
10001d3c:	fc51 0408 	dcp_pxmd r0, r1
10001d40:	e9cd 0102 	strd	r0, r1, [sp, #8]
10001d44:	fc51 0409 	dcp_pymd r0, r1
10001d48:	e9cd 0104 	strd	r0, r1, [sp, #16]
10001d4c:	ec51 040a 	dcp_refd r0, r1
10001d50:	e9cd 0106 	strd	r0, r1, [sp, #24]
10001d54:	bc03      	pop	{r0, r1}
10001d56:	47f0      	blx	lr

10001d58 <generic_restore_state>:
10001d58:	e8bd 5000 	ldmia.w	sp!, {ip, lr}
10001d5c:	ec4e c400 	dcp_wxmd ip, lr
10001d60:	e8bd 5000 	ldmia.w	sp!, {ip, lr}
10001d64:	ec4e c401 	dcp_wymd ip, lr
10001d68:	e8bd 5000 	ldmia.w	sp!, {ip, lr}
10001d6c:	ec4e c402 	dcp_wefd ip, lr
10001d70:	bd00      	pop	{pc}
10001d72:	0000      	movs	r0, r0
10001d74:	b500      	push	{lr}
10001d76:	f7ff ffdf 	bl	10001d38 <generic_save_state>
10001d7a:	e002      	b.n	10001d82 <__wrap___aeabi_dadd+0x6>

10001d7c <__wrap___aeabi_dadd>:
10001d7c:	fe10 f430 	dcp_pcmp APSR_nzcv
10001d80:	d4f8      	bmi.n	10001d74 <generic_restore_state+0x1c>
10001d82:	ec41 0410 	dcp_wxup r0, r1
10001d86:	ec43 2411 	dcp_wyup r2, r3
10001d8a:	ee00 0401 			dcp_add0
10001d8e:	ee10 0401 			dcp_add1
10001d92:	ee80 0420 			dcp_nrdd
10001d96:	ec51 0410 	dcp_rdda r0, r1
10001d9a:	4770      	bx	lr
10001d9c:	b500      	push	{lr}
10001d9e:	f7ff ffcb 	bl	10001d38 <generic_save_state>
10001da2:	e002      	b.n	10001daa <__wrap___aeabi_dsub+0x6>

10001da4 <__wrap___aeabi_dsub>:
10001da4:	fe10 f430 	dcp_pcmp APSR_nzcv
10001da8:	d4f8      	bmi.n	10001d9c <__wrap___aeabi_dadd+0x20>
10001daa:	ec41 0410 	dcp_wxup r0, r1
10001dae:	ec43 2411 	dcp_wyup r2, r3
10001db2:	ee00 0401 			dcp_add0
10001db6:	ee10 0421 			dcp_sub1
10001dba:	ee80 0420 			dcp_nrdd
10001dbe:	ec51 0430 	dcp_rdds r0, r1
10001dc2:	4770      	bx	lr
10001dc4:	b500      	push	{lr}
10001dc6:	f7ff ffb7 	bl	10001d38 <generic_save_state>
10001dca:	e002      	b.n	10001dd2 <__wrap___aeabi_dmul+0x6>

10001dcc <__wrap___aeabi_dmul>:
10001dcc:	fe10 f430 	dcp_pcmp APSR_nzcv
10001dd0:	d4f8      	bmi.n	10001dc4 <__wrap___aeabi_dsub+0x20>
10001dd2:	b510      	push	{r4, lr}
10001dd4:	ec41 0410 	dcp_wxup r0, r1
10001dd8:	ec43 2411 	dcp_wyup r2, r3
10001ddc:	ec51 0404 	dcp_rxms r0, r1, #0x0
10001de0:	ec53 2405 	dcp_ryms r2, r3, #0x0
10001de4:	fba0 4c02 	umull	r4, ip, r0, r2
10001de8:	f05f 0e00 	movs.w	lr, #0
10001dec:	fbe0 ce03 	umlal	ip, lr, r0, r3
10001df0:	fbe1 ce02 	umlal	ip, lr, r1, r2
10001df4:	ec4c 4420 	dcp_wxms r4, ip
10001df8:	2400      	movs	r4, #0
10001dfa:	fbe1 e403 	umlal	lr, r4, r1, r3
10001dfe:	ec44 e430 	dcp_wxmo lr, r4
10001e02:	ee80 0420 			dcp_nrdd
10001e06:	ec51 0450 	dcp_rddm r0, r1
10001e0a:	e8bd 4010 	ldmia.w	sp!, {r4, lr}
10001e0e:	4770      	bx	lr
10001e10:	b500      	push	{lr}
10001e12:	f7ff ff91 	bl	10001d38 <generic_save_state>
10001e16:	e002      	b.n	10001e1e <__wrap___aeabi_ddiv+0x6>

10001e18 <__wrap___aeabi_ddiv>:
10001e18:	fe10 f430 	dcp_pcmp APSR_nzcv
10001e1c:	d4f8      	bmi.n	10001e10 <__wrap___aeabi_dmul+0x44>
10001e1e:	ec41 0410 	dcp_wxup r0, r1
10001e22:	ec43 2411 	dcp_wyup r2, r3
10001e26:	ec51 0421 	dcp_rymr r0, r1
10001e2a:	fba0 1201 	umull	r1, r2, r0, r1
10001e2e:	ea6f 0282 	mvn.w	r2, r2, lsl #2
10001e32:	fb52 0010 	smmlar	r0, r2, r0, r0
10001e36:	fb52 f212 	smmulr	r2, r2, r2
10001e3a:	fb52 0010 	smmlar	r0, r2, r0, r0
10001e3e:	eba0 7cd0 	sub.w	ip, r0, r0, lsr #31
10001e42:	ec53 2404 	dcp_rxms r2, r3, #0x0
10001e46:	fb5c f113 	smmulr	r1, ip, r3
10001e4a:	ec53 2415 	dcp_ryms r2, r3, #0x1
10001e4e:	fba1 2002 	umull	r2, r0, r1, r2
10001e52:	fb01 0003 	mla	r0, r1, r3, r0
10001e56:	ec53 2444 	dcp_rxms r2, r3, #0x4
10001e5a:	eba2 0000 	sub.w	r0, r2, r0
10001e5e:	fb50 f21c 	smmulr	r2, r0, ip
10001e62:	ea4f 1311 	mov.w	r3, r1, lsr #4
10001e66:	eb12 7001 	adds.w	r0, r2, r1, lsl #28
10001e6a:	eb43 71e2 	adc.w	r1, r3, r2, asr #31
10001e6e:	ea40 5051 	orr.w	r0, r0, r1, lsr #21
10001e72:	ea20 5091 	bic.w	r0, r0, r1, lsr #22
10001e76:	f020 0007 	bic.w	r0, r0, #7
10001e7a:	ec53 2475 	dcp_ryms r2, r3, #0x7
10001e7e:	fba0 3c02 	umull	r3, ip, r0, r2
10001e82:	ec53 2475 	dcp_ryms r2, r3, #0x7
10001e86:	fb00 cc03 	mla	ip, r0, r3, ip
10001e8a:	fb01 cc02 	mla	ip, r1, r2, ip
10001e8e:	ec53 2404 	dcp_rxms r2, r3, #0x0
10001e92:	ebac 4c82 	sub.w	ip, ip, r2, lsl #18
10001e96:	ea40 705c 	orr.w	r0, r0, ip, lsr #29
10001e9a:	f1a0 0001 	sub.w	r0, r0, #1
10001e9e:	ec41 0440 	dcp_wxdd r0, r1
10001ea2:	ee80 0420 			dcp_nrdd
10001ea6:	ec51 0470 	dcp_rddd r0, r1
10001eaa:	4770      	bx	lr
10001eac:	b500      	push	{lr}
10001eae:	f7ff ff43 	bl	10001d38 <generic_save_state>
10001eb2:	e002      	b.n	10001eba <__wrap___aeabi_d2f+0x6>

10001eb4 <__wrap___aeabi_d2f>:
10001eb4:	fe10 f430 	dcp_pcmp APSR_nzcv
10001eb8:	d4f8      	bmi.n	10001eac <__wrap___aeabi_ddiv+0x94>
10001eba:	ec41 0410 	dcp_wxup r0, r1
10001ebe:	ee80 0422 			dcp_nrdf
10001ec2:	ee10 04b2 			dcp_rdfg r0
10001ec6:	4770      	bx	lr
10001ec8:	b500      	push	{lr}
10001eca:	f7ff ff35 	bl	10001d38 <generic_save_state>
10001ece:	e002      	b.n	10001ed6 <__wrap___aeabi_i2d+0x6>

10001ed0 <__wrap___aeabi_i2d>:
10001ed0:	fe10 f430 	dcp_pcmp APSR_nzcv
10001ed4:	d4f8      	bmi.n	10001ec8 <__wrap___aeabi_d2f+0x14>
10001ed6:	ec40 0470 	dcp_wxic r0, r0
10001eda:	ee00 0401 			dcp_add0
10001ede:	ee10 0421 			dcp_sub1
10001ee2:	ee80 0420 			dcp_nrdd
10001ee6:	ec51 0430 	dcp_rdds r0, r1
10001eea:	4770      	bx	lr
10001eec:	b500      	push	{lr}
10001eee:	f7ff ff23 	bl	10001d38 <generic_save_state>
10001ef2:	e002      	b.n	10001efa <__wrap___aeabi_ui2d+0x6>

10001ef4 <__wrap___aeabi_ui2d>:
10001ef4:	fe10 f430 	dcp_pcmp APSR_nzcv
10001ef8:	d4f8      	bmi.n	10001eec <__wrap___aeabi_i2d+0x1c>
10001efa:	ec40 0460 	dcp_wxuc r0, r0
10001efe:	ee00 0401 			dcp_add0
10001f02:	ee10 0421 			dcp_sub1
10001f06:	ee80 0420 			dcp_nrdd
10001f0a:	ec51 0430 	dcp_rdds r0, r1
10001f0e:	4770      	bx	lr
10001f10:	b500      	push	{lr}
10001f12:	f7ff ff11 	bl	10001d38 <generic_save_state>
10001f16:	e002      	b.n	10001f1e <double2int_z_entry>

10001f18 <__wrap___aeabi_d2iz>:
10001f18:	fe10 f430 	dcp_pcmp APSR_nzcv
10001f1c:	d4f8      	bmi.n	10001f10 <__wrap___aeabi_ui2d+0x1c>

10001f1e <double2int_z_entry>:
10001f1e:	ec41 0480 	dcp_wxdc r0, r1
10001f22:	ee00 0401 			dcp_add0
10001f26:	ee10 0401 			dcp_add1
10001f2a:	ee80 0440 			dcp_ntdc
10001f2e:	ee10 0413 			dcp_rdic r0
10001f32:	4770      	bx	lr
10001f34:	b500      	push	{lr}
10001f36:	f7ff feff 	bl	10001d38 <generic_save_state>
10001f3a:	e002      	b.n	10001f42 <double2uint_z_entry>

10001f3c <__wrap___aeabi_d2uiz>:
10001f3c:	fe10 f430 	dcp_pcmp APSR_nzcv
10001f40:	d4f8      	bmi.n	10001f34 <double2int_z_entry+0x16>

10001f42 <double2uint_z_entry>:
10001f42:	ec41 0480 	dcp_wxdc r0, r1
10001f46:	ee00 0401 			dcp_add0
10001f4a:	ee10 0401 			dcp_add1
10001f4e:	ee80 0440 			dcp_ntdc
10001f52:	ee10 0433 			dcp_rduc r0
10001f56:	4770      	bx	lr
10001f58:	b500      	push	{lr}
10001f5a:	f7ff feed 	bl	10001d38 <generic_save_state>
10001f5e:	e002      	b.n	10001f66 <__wrap___aeabi_dcmpun+0x6>

10001f60 <__wrap___aeabi_dcmpun>:
10001f60:	fe10 f430 	dcp_pcmp APSR_nzcv
10001f64:	d4f8      	bmi.n	10001f58 <double2uint_z_entry+0x16>
10001f66:	ec41 0410 	dcp_wxup r0, r1
10001f6a:	ec43 2411 	dcp_wyup r2, r3
10001f6e:	ee00 0401 			dcp_add0
10001f72:	ee10 0430 			dcp_rcmp r0
10001f76:	f3c0 7000 	ubfx	r0, r0, #28, #1
10001f7a:	4770      	bx	lr
10001f7c:	b500      	push	{lr}
10001f7e:	f7ff fedb 	bl	10001d38 <generic_save_state>
10001f82:	e002      	b.n	10001f8a <__wrap___aeabi_dcmplt+0x6>

10001f84 <__wrap___aeabi_dcmplt>:
10001f84:	fe10 f430 	dcp_pcmp APSR_nzcv
10001f88:	d4f8      	bmi.n	10001f7c <__wrap___aeabi_dcmpun+0x1c>
10001f8a:	ec43 2410 	dcp_wxup r2, r3
10001f8e:	ec41 0411 	dcp_wyup r0, r1
10001f92:	ee00 0401 			dcp_add0
10001f96:	ee10 f430 			dcp_rcmp APSR_nzcv
10001f9a:	bf8c      	ite	hi
10001f9c:	2001      	movhi	r0, #1
10001f9e:	2000      	movls	r0, #0
10001fa0:	4770      	bx	lr
10001fa2:	bf00      	nop
10001fa4:	b500      	push	{lr}
10001fa6:	f7ff fec7 	bl	10001d38 <generic_save_state>
10001faa:	e002      	b.n	10001fb2 <__wrap___aeabi_dcmple+0x6>

10001fac <__wrap___aeabi_dcmple>:
10001fac:	fe10 f430 	dcp_pcmp APSR_nzcv
10001fb0:	d4f8      	bmi.n	10001fa4 <__wrap___aeabi_dcmplt+0x20>
10001fb2:	ec43 2410 	dcp_wxup r2, r3
10001fb6:	ec41 0411 	dcp_wyup r0, r1
10001fba:	ee00 0401 			dcp_add0
10001fbe:	ee10 f430 			dcp_rcmp APSR_nzcv
10001fc2:	bf2c      	ite	cs
10001fc4:	2001      	movcs	r0, #1
10001fc6:	2000      	movcc	r0, #0
10001fc8:	4770      	bx	lr
10001fca:	bf00      	nop
10001fcc:	b500      	push	{lr}
10001fce:	f7ff feb3 	bl	10001d38 <generic_save_state>
10001fd2:	e002      	b.n	10001fda <__wrap___aeabi_dcmpge+0x6>

10001fd4 <__wrap___aeabi_dcmpge>:
10001fd4:	fe10 f430 	dcp_pcmp APSR_nzcv
10001fd8:	d4f8      	bmi.n	10001fcc <__wrap___aeabi_dcmple+0x20>
10001fda:	ec41 0410 	dcp_wxup r0, r1
10001fde:	ec43 2411 	dcp_wyup r2, r3
10001fe2:	ee00 0401 			dcp_add0
10001fe6:	ee10 f430 			dcp_rcmp APSR_nzcv
10001fea:	bf2c      	ite	cs
10001fec:	2001      	movcs	r0, #1
10001fee:	2000      	movcc	r0, #0
10001ff0:	4770      	bx	lr
10001ff2:	bf00      	nop
10001ff4:	b500      	push	{lr}
10001ff6:	f7ff fe9f 	bl	10001d38 <generic_save_state>
10001ffa:	e002      	b.n	10002002 <__wrap___aeabi_dcmpgt+0x6>

10001ffc <__wrap___aeabi_dcmpgt>:
10001ffc:	fe10 f430 	dcp_pcmp APSR_nzcv
10002000:	d4f8      	bmi.n	10001ff4 <__wrap___aeabi_dcmpge+0x20>
10002002:	ec41 0410 	dcp_wxup r0, r1
10002006:	ec43 2411 	dcp_wyup r2, r3
1000200a:	ee00 0401 			dcp_add0
1000200e:	ee10 f430 			dcp_rcmp APSR_nzcv
10002012:	bf8c      	ite	hi
10002014:	2001      	movhi	r0, #1
10002016:	2000      	movls	r0, #0
10002018:	4770      	bx	lr
1000201a:	bf00      	nop

1000201c <__wrap___aeabi_l2f>:
1000201c:	2200      	movs	r2, #0

1000201e <fix642float>:
1000201e:	2900      	cmp	r1, #0
10002020:	f280 80a9 	bge.w	10002176 <ufix642float>
10002024:	4240      	negs	r0, r0
10002026:	eb61 0141 	sbc.w	r1, r1, r1, lsl #1
1000202a:	b3b1      	cbz	r1, 1000209a <fix642float+0x7c>
1000202c:	fab1 f381 	clz	r3, r1
10002030:	3b08      	subs	r3, #8
10002032:	d416      	bmi.n	10002062 <fix642float+0x44>
10002034:	4099      	lsls	r1, r3
10002036:	fa10 fc03 	lsls.w	ip, r0, r3
1000203a:	f1c3 0320 	rsb	r3, r3, #32
1000203e:	fa20 f003 	lsr.w	r0, r0, r3
10002042:	ea40 0001 	orr.w	r0, r0, r1
10002046:	eba2 0203 	sub.w	r2, r2, r3
1000204a:	f1c2 0295 	rsb	r2, r2, #149	@ 0x95
1000204e:	eb1c 0c0c 	adds.w	ip, ip, ip
10002052:	eb40 50c2 	adc.w	r0, r0, r2, lsl #23
10002056:	f040 4000 	orr.w	r0, r0, #2147483648	@ 0x80000000
1000205a:	d020      	beq.n	1000209e <fix642float+0x80>
1000205c:	2afe      	cmp	r2, #254	@ 0xfe
1000205e:	d216      	bcs.n	1000208e <fix642float+0x70>
10002060:	4770      	bx	lr
10002062:	f103 0321 	add.w	r3, r3, #33	@ 0x21
10002066:	fa11 fc03 	lsls.w	ip, r1, r3
1000206a:	ea5c 0c00 	orrs.w	ip, ip, r0
1000206e:	f1c3 0321 	rsb	r3, r3, #33	@ 0x21
10002072:	fa21 f003 	lsr.w	r0, r1, r3
10002076:	eba3 0202 	sub.w	r2, r3, r2
1000207a:	f102 02b5 	add.w	r2, r2, #181	@ 0xb5
1000207e:	eb40 50c2 	adc.w	r0, r0, r2, lsl #23
10002082:	f040 4000 	orr.w	r0, r0, #2147483648	@ 0x80000000
10002086:	d00a      	beq.n	1000209e <fix642float+0x80>
10002088:	2afe      	cmp	r2, #254	@ 0xfe
1000208a:	bf38      	it	cc
1000208c:	4770      	bxcc	lr
1000208e:	f04f 4000 	mov.w	r0, #2147483648	@ 0x80000000
10002092:	bfa8      	it	ge
10002094:	f6cf 7080 	movtge	r0, #65408	@ 0xff80
10002098:	4770      	bx	lr
1000209a:	4611      	mov	r1, r2
1000209c:	e00a      	b.n	100020b4 <fix2float_neg>
1000209e:	bf28      	it	cs
100020a0:	f020 0001 	biccs.w	r0, r0, #1
100020a4:	2afe      	cmp	r2, #254	@ 0xfe
100020a6:	bf38      	it	cc
100020a8:	4770      	bxcc	lr
100020aa:	e7f0      	b.n	1000208e <fix642float+0x70>

100020ac <fix2float>:
100020ac:	2800      	cmp	r0, #0
100020ae:	f280 8033 	bge.w	10002118 <ufix2float>
100020b2:	4240      	negs	r0, r0

100020b4 <fix2float_neg>:
100020b4:	fab0 f380 	clz	r3, r0
100020b8:	3b08      	subs	r3, #8
100020ba:	d40c      	bmi.n	100020d6 <fix2float_neg+0x22>
100020bc:	4098      	lsls	r0, r3
100020be:	eb01 0203 	add.w	r2, r1, r3
100020c2:	f1c2 0295 	rsb	r2, r2, #149	@ 0x95
100020c6:	eb00 50c2 	add.w	r0, r0, r2, lsl #23
100020ca:	f040 4000 	orr.w	r0, r0, #2147483648	@ 0x80000000
100020ce:	2afe      	cmp	r2, #254	@ 0xfe
100020d0:	bf38      	it	cc
100020d2:	4770      	bxcc	lr
100020d4:	e013      	b.n	100020fe <fix2float_neg+0x4a>
100020d6:	f103 0321 	add.w	r3, r3, #33	@ 0x21
100020da:	fa10 fc03 	lsls.w	ip, r0, r3
100020de:	f1c3 0321 	rsb	r3, r3, #33	@ 0x21
100020e2:	fa20 f003 	lsr.w	r0, r0, r3
100020e6:	eba3 0201 	sub.w	r2, r3, r1
100020ea:	f102 0295 	add.w	r2, r2, #149	@ 0x95
100020ee:	eb40 50c2 	adc.w	r0, r0, r2, lsl #23
100020f2:	f040 4000 	orr.w	r0, r0, #2147483648	@ 0x80000000
100020f6:	d008      	beq.n	1000210a <fix2float_neg+0x56>
100020f8:	2afe      	cmp	r2, #254	@ 0xfe
100020fa:	bf38      	it	cc
100020fc:	4770      	bxcc	lr
100020fe:	f04f 4000 	mov.w	r0, #2147483648	@ 0x80000000
10002102:	bfa8      	it	ge
10002104:	f040 40ff 	orrge.w	r0, r0, #2139095040	@ 0x7f800000
10002108:	4770      	bx	lr
1000210a:	bf28      	it	cs
1000210c:	f020 0001 	biccs.w	r0, r0, #1
10002110:	2afe      	cmp	r2, #254	@ 0xfe
10002112:	bf38      	it	cc
10002114:	4770      	bxcc	lr
10002116:	e7f2      	b.n	100020fe <fix2float_neg+0x4a>

10002118 <ufix2float>:
10002118:	b320      	cbz	r0, 10002164 <ufix2float+0x4c>
1000211a:	fab0 f380 	clz	r3, r0
1000211e:	3b08      	subs	r3, #8
10002120:	d40a      	bmi.n	10002138 <ufix2float+0x20>
10002122:	4098      	lsls	r0, r3
10002124:	eb01 0203 	add.w	r2, r1, r3
10002128:	f1c2 0295 	rsb	r2, r2, #149	@ 0x95
1000212c:	eb00 50c2 	add.w	r0, r0, r2, lsl #23
10002130:	2afe      	cmp	r2, #254	@ 0xfe
10002132:	bf38      	it	cc
10002134:	4770      	bxcc	lr
10002136:	e011      	b.n	1000215c <ufix2float+0x44>
10002138:	f103 0321 	add.w	r3, r3, #33	@ 0x21
1000213c:	fa10 fc03 	lsls.w	ip, r0, r3
10002140:	f1c3 0321 	rsb	r3, r3, #33	@ 0x21
10002144:	fa20 f003 	lsr.w	r0, r0, r3
10002148:	eba3 0201 	sub.w	r2, r3, r1
1000214c:	f102 0295 	add.w	r2, r2, #149	@ 0x95
10002150:	eb40 50c2 	adc.w	r0, r0, r2, lsl #23
10002154:	d007      	beq.n	10002166 <ufix2float+0x4e>
10002156:	2afe      	cmp	r2, #254	@ 0xfe
10002158:	bf38      	it	cc
1000215a:	4770      	bxcc	lr
1000215c:	bfac      	ite	ge
1000215e:	f04f 40ff 	movge.w	r0, #2139095040	@ 0x7f800000
10002162:	2000      	movlt	r0, #0
10002164:	4770      	bx	lr
10002166:	bf28      	it	cs
10002168:	f020 0001 	biccs.w	r0, r0, #1
1000216c:	2afe      	cmp	r2, #254	@ 0xfe
1000216e:	bf38      	it	cc
10002170:	4770      	bxcc	lr
10002172:	e7f3      	b.n	1000215c <ufix2float+0x44>

10002174 <__wrap___aeabi_ul2f>:
10002174:	2200      	movs	r2, #0

10002176 <ufix642float>:
10002176:	b389      	cbz	r1, 100021dc <ufix642float+0x66>
10002178:	fab1 f381 	clz	r3, r1
1000217c:	3b08      	subs	r3, #8
1000217e:	d414      	bmi.n	100021aa <ufix642float+0x34>
10002180:	4099      	lsls	r1, r3
10002182:	fa10 fc03 	lsls.w	ip, r0, r3
10002186:	f1c3 0320 	rsb	r3, r3, #32
1000218a:	fa20 f003 	lsr.w	r0, r0, r3
1000218e:	ea40 0001 	orr.w	r0, r0, r1
10002192:	eba2 0203 	sub.w	r2, r2, r3
10002196:	f1c2 0295 	rsb	r2, r2, #149	@ 0x95
1000219a:	eb1c 0c0c 	adds.w	ip, ip, ip
1000219e:	eb40 50c2 	adc.w	r0, r0, r2, lsl #23
100021a2:	d01e      	beq.n	100021e2 <ufix642float+0x6c>
100021a4:	2afe      	cmp	r2, #254	@ 0xfe
100021a6:	d214      	bcs.n	100021d2 <ufix642float+0x5c>
100021a8:	4770      	bx	lr
100021aa:	f103 0321 	add.w	r3, r3, #33	@ 0x21
100021ae:	fa11 fc03 	lsls.w	ip, r1, r3
100021b2:	ea5c 0c00 	orrs.w	ip, ip, r0
100021b6:	f1c3 0321 	rsb	r3, r3, #33	@ 0x21
100021ba:	fa21 f003 	lsr.w	r0, r1, r3
100021be:	eba3 0202 	sub.w	r2, r3, r2
100021c2:	f102 02b5 	add.w	r2, r2, #181	@ 0xb5
100021c6:	eb40 50c2 	adc.w	r0, r0, r2, lsl #23
100021ca:	d00a      	beq.n	100021e2 <ufix642float+0x6c>
100021cc:	2afe      	cmp	r2, #254	@ 0xfe
100021ce:	bf38      	it	cc
100021d0:	4770      	bxcc	lr
100021d2:	bfac      	ite	ge
100021d4:	f04f 40ff 	movge.w	r0, #2139095040	@ 0x7f800000
100021d8:	2000      	movlt	r0, #0
100021da:	4770      	bx	lr
100021dc:	4611      	mov	r1, r2
100021de:	f7ff bf9b 	b.w	10002118 <ufix2float>
100021e2:	bf28      	it	cs
100021e4:	f020 0001 	biccs.w	r0, r0, #1
100021e8:	2afe      	cmp	r2, #254	@ 0xfe
100021ea:	bf38      	it	cc
100021ec:	4770      	bxcc	lr
100021ee:	e7f0      	b.n	100021d2 <ufix642float+0x5c>

100021f0 <__wrap_malloc>:
100021f0:	b510      	push	{r4, lr}
100021f2:	4604      	mov	r4, r0
100021f4:	f006 faaa 	bl	1000874c <malloc>
100021f8:	b128      	cbz	r0, 10002206 <__wrap_malloc+0x16>
100021fa:	4603      	mov	r3, r0
100021fc:	4a03      	ldr	r2, [pc, #12]	@ (1000220c <__wrap_malloc+0x1c>)
100021fe:	4423      	add	r3, r4
10002200:	4293      	cmp	r3, r2
10002202:	d800      	bhi.n	10002206 <__wrap_malloc+0x16>
10002204:	bd10      	pop	{r4, pc}
10002206:	4802      	ldr	r0, [pc, #8]	@ (10002210 <__wrap_malloc+0x20>)
10002208:	f7fe fada 	bl	100007c0 <panic>
1000220c:	20080000 	.word	0x20080000
10002210:	100093d0 	.word	0x100093d0

10002214 <__wrap_free>:
10002214:	f006 baa2 	b.w	1000875c <free>

10002218 <_out_buffer>:
10002218:	429a      	cmp	r2, r3
1000221a:	bf38      	it	cc
1000221c:	5488      	strbcc	r0, [r1, r2]
1000221e:	4770      	bx	lr

10002220 <_out_null>:
10002220:	4770      	bx	lr
10002222:	bf00      	nop

10002224 <_out_rev>:
10002224:	e92d 4ff0 	stmdb	sp!, {r4, r5, r6, r7, r8, r9, sl, fp, lr}
10002228:	b083      	sub	sp, #12
1000222a:	4699      	mov	r9, r3
1000222c:	e9dd ab0d 	ldrd	sl, fp, [sp, #52]	@ 0x34
10002230:	9b0f      	ldr	r3, [sp, #60]	@ 0x3c
10002232:	4688      	mov	r8, r1
10002234:	4611      	mov	r1, r2
10002236:	079a      	lsls	r2, r3, #30
10002238:	4607      	mov	r7, r0
1000223a:	d116      	bne.n	1000226a <_out_rev+0x46>
1000223c:	45da      	cmp	sl, fp
1000223e:	d23a      	bcs.n	100022b6 <_out_rev+0x92>
10002240:	460c      	mov	r4, r1
10002242:	460d      	mov	r5, r1
10002244:	ebab 060a 	sub.w	r6, fp, sl
10002248:	440e      	add	r6, r1
1000224a:	4622      	mov	r2, r4
1000224c:	464b      	mov	r3, r9
1000224e:	4641      	mov	r1, r8
10002250:	2020      	movs	r0, #32
10002252:	3401      	adds	r4, #1
10002254:	47b8      	blx	r7
10002256:	42b4      	cmp	r4, r6
10002258:	d1f7      	bne.n	1000224a <_out_rev+0x26>
1000225a:	4629      	mov	r1, r5
1000225c:	f1ba 0f00 	cmp.w	sl, #0
10002260:	d108      	bne.n	10002274 <_out_rev+0x50>
10002262:	4620      	mov	r0, r4
10002264:	b003      	add	sp, #12
10002266:	e8bd 8ff0 	ldmia.w	sp!, {r4, r5, r6, r7, r8, r9, sl, fp, pc}
1000226a:	460c      	mov	r4, r1
1000226c:	f1ba 0f00 	cmp.w	sl, #0
10002270:	d010      	beq.n	10002294 <_out_rev+0x70>
10002272:	460e      	mov	r6, r1
10002274:	4655      	mov	r5, sl
10002276:	9b0c      	ldr	r3, [sp, #48]	@ 0x30
10002278:	442e      	add	r6, r5
1000227a:	449a      	add	sl, r3
1000227c:	9101      	str	r1, [sp, #4]
1000227e:	1b72      	subs	r2, r6, r5
10002280:	464b      	mov	r3, r9
10002282:	3d01      	subs	r5, #1
10002284:	4641      	mov	r1, r8
10002286:	f81a 0d01 	ldrb.w	r0, [sl, #-1]!
1000228a:	4634      	mov	r4, r6
1000228c:	47b8      	blx	r7
1000228e:	2d00      	cmp	r5, #0
10002290:	d1f5      	bne.n	1000227e <_out_rev+0x5a>
10002292:	9901      	ldr	r1, [sp, #4]
10002294:	9b0f      	ldr	r3, [sp, #60]	@ 0x3c
10002296:	079b      	lsls	r3, r3, #30
10002298:	d5e3      	bpl.n	10002262 <_out_rev+0x3e>
1000229a:	1a65      	subs	r5, r4, r1
1000229c:	45ab      	cmp	fp, r5
1000229e:	d9e0      	bls.n	10002262 <_out_rev+0x3e>
100022a0:	4622      	mov	r2, r4
100022a2:	464b      	mov	r3, r9
100022a4:	4641      	mov	r1, r8
100022a6:	2020      	movs	r0, #32
100022a8:	3501      	adds	r5, #1
100022aa:	47b8      	blx	r7
100022ac:	455d      	cmp	r5, fp
100022ae:	f104 0401 	add.w	r4, r4, #1
100022b2:	d3f5      	bcc.n	100022a0 <_out_rev+0x7c>
100022b4:	e7d5      	b.n	10002262 <_out_rev+0x3e>
100022b6:	460c      	mov	r4, r1
100022b8:	f1ba 0f00 	cmp.w	sl, #0
100022bc:	d1d9      	bne.n	10002272 <_out_rev+0x4e>
100022be:	e7d0      	b.n	10002262 <_out_rev+0x3e>

100022c0 <_ntoa_format>:
100022c0:	e92d 4ff0 	stmdb	sp!, {r4, r5, r6, r7, r8, r9, sl, fp, lr}
100022c4:	9f0f      	ldr	r7, [sp, #60]	@ 0x3c
100022c6:	f8dd 8024 	ldr.w	r8, [sp, #36]	@ 0x24
100022ca:	f017 0f02 	tst.w	r7, #2
100022ce:	9c0a      	ldr	r4, [sp, #40]	@ 0x28
100022d0:	f89d a02c 	ldrb.w	sl, [sp, #44]	@ 0x2c
100022d4:	9d0e      	ldr	r5, [sp, #56]	@ 0x38
100022d6:	e9dd 960c 	ldrd	r9, r6, [sp, #48]	@ 0x30
100022da:	d144      	bne.n	10002366 <_ntoa_format+0xa6>
100022dc:	bbf5      	cbnz	r5, 1000235c <_ntoa_format+0x9c>
100022de:	42b4      	cmp	r4, r6
100022e0:	d241      	bcs.n	10002366 <_ntoa_format+0xa6>
100022e2:	f007 0b01 	and.w	fp, r7, #1
100022e6:	f104 3cff 	add.w	ip, r4, #4294967295
100022ea:	f04f 0e30 	mov.w	lr, #48	@ 0x30
100022ee:	44c4      	add	ip, r8
100022f0:	e004      	b.n	100022fc <_ntoa_format+0x3c>
100022f2:	3401      	adds	r4, #1
100022f4:	42a6      	cmp	r6, r4
100022f6:	f80c ef01 	strb.w	lr, [ip, #1]!
100022fa:	d901      	bls.n	10002300 <_ntoa_format+0x40>
100022fc:	2c20      	cmp	r4, #32
100022fe:	d1f8      	bne.n	100022f2 <_ntoa_format+0x32>
10002300:	f1bb 0f00 	cmp.w	fp, #0
10002304:	f000 8088 	beq.w	10002418 <_ntoa_format+0x158>
10002308:	42a5      	cmp	r5, r4
1000230a:	d92c      	bls.n	10002366 <_ntoa_format+0xa6>
1000230c:	f104 3cff 	add.w	ip, r4, #4294967295
10002310:	f04f 0e30 	mov.w	lr, #48	@ 0x30
10002314:	44c4      	add	ip, r8
10002316:	e004      	b.n	10002322 <_ntoa_format+0x62>
10002318:	3401      	adds	r4, #1
1000231a:	42ac      	cmp	r4, r5
1000231c:	f80c ef01 	strb.w	lr, [ip, #1]!
10002320:	d021      	beq.n	10002366 <_ntoa_format+0xa6>
10002322:	2c20      	cmp	r4, #32
10002324:	d1f8      	bne.n	10002318 <_ntoa_format+0x58>
10002326:	f017 0f10 	tst.w	r7, #16
1000232a:	d00e      	beq.n	1000234a <_ntoa_format+0x8a>
1000232c:	f417 6f80 	tst.w	r7, #1024	@ 0x400
10002330:	d154      	bne.n	100023dc <_ntoa_format+0x11c>
10002332:	42a6      	cmp	r6, r4
10002334:	d063      	beq.n	100023fe <_ntoa_format+0x13e>
10002336:	42a5      	cmp	r5, r4
10002338:	d061      	beq.n	100023fe <_ntoa_format+0x13e>
1000233a:	f1b9 0f10 	cmp.w	r9, #16
1000233e:	d050      	beq.n	100023e2 <_ntoa_format+0x122>
10002340:	f1b9 0f02 	cmp.w	r9, #2
10002344:	d056      	beq.n	100023f4 <_ntoa_format+0x134>
10002346:	2c20      	cmp	r4, #32
10002348:	d129      	bne.n	1000239e <_ntoa_format+0xde>
1000234a:	2420      	movs	r4, #32
1000234c:	e9cd 570b 	strd	r5, r7, [sp, #44]	@ 0x2c
10002350:	e9cd 8409 	strd	r8, r4, [sp, #36]	@ 0x24
10002354:	e8bd 4ff0 	ldmia.w	sp!, {r4, r5, r6, r7, r8, r9, sl, fp, lr}
10002358:	f7ff bf64 	b.w	10002224 <_out_rev>
1000235c:	f017 0b01 	ands.w	fp, r7, #1
10002360:	d134      	bne.n	100023cc <_ntoa_format+0x10c>
10002362:	42b4      	cmp	r4, r6
10002364:	d3bf      	bcc.n	100022e6 <_ntoa_format+0x26>
10002366:	f017 0f10 	tst.w	r7, #16
1000236a:	d01e      	beq.n	100023aa <_ntoa_format+0xea>
1000236c:	f417 6f80 	tst.w	r7, #1024	@ 0x400
10002370:	d1e3      	bne.n	1000233a <_ntoa_format+0x7a>
10002372:	2c00      	cmp	r4, #0
10002374:	d1dd      	bne.n	10002332 <_ntoa_format+0x72>
10002376:	f1b9 0f10 	cmp.w	r9, #16
1000237a:	d063      	beq.n	10002444 <_ntoa_format+0x184>
1000237c:	f1b9 0f02 	cmp.w	r9, #2
10002380:	d077      	beq.n	10002472 <_ntoa_format+0x1b2>
10002382:	2430      	movs	r4, #48	@ 0x30
10002384:	f888 4000 	strb.w	r4, [r8]
10002388:	2401      	movs	r4, #1
1000238a:	f1ba 0f00 	cmp.w	sl, #0
1000238e:	d111      	bne.n	100023b4 <_ntoa_format+0xf4>
10002390:	077e      	lsls	r6, r7, #29
10002392:	d548      	bpl.n	10002426 <_ntoa_format+0x166>
10002394:	262b      	movs	r6, #43	@ 0x2b
10002396:	f808 6004 	strb.w	r6, [r8, r4]
1000239a:	3401      	adds	r4, #1
1000239c:	e7d6      	b.n	1000234c <_ntoa_format+0x8c>
1000239e:	4626      	mov	r6, r4
100023a0:	3401      	adds	r4, #1
100023a2:	f04f 0c30 	mov.w	ip, #48	@ 0x30
100023a6:	f808 c006 	strb.w	ip, [r8, r6]
100023aa:	2c20      	cmp	r4, #32
100023ac:	d0cd      	beq.n	1000234a <_ntoa_format+0x8a>
100023ae:	f1ba 0f00 	cmp.w	sl, #0
100023b2:	d0ed      	beq.n	10002390 <_ntoa_format+0xd0>
100023b4:	262d      	movs	r6, #45	@ 0x2d
100023b6:	f808 6004 	strb.w	r6, [r8, r4]
100023ba:	3401      	adds	r4, #1
100023bc:	e9cd 570b 	strd	r5, r7, [sp, #44]	@ 0x2c
100023c0:	e9cd 8409 	strd	r8, r4, [sp, #36]	@ 0x24
100023c4:	e8bd 4ff0 	ldmia.w	sp!, {r4, r5, r6, r7, r8, r9, sl, fp, lr}
100023c8:	f7ff bf2c 	b.w	10002224 <_out_rev>
100023cc:	f1ba 0f00 	cmp.w	sl, #0
100023d0:	d030      	beq.n	10002434 <_ntoa_format+0x174>
100023d2:	42b4      	cmp	r4, r6
100023d4:	f105 35ff 	add.w	r5, r5, #4294967295
100023d8:	d385      	bcc.n	100022e6 <_ntoa_format+0x26>
100023da:	e795      	b.n	10002308 <_ntoa_format+0x48>
100023dc:	f1b9 0f10 	cmp.w	r9, #16
100023e0:	d1b3      	bne.n	1000234a <_ntoa_format+0x8a>
100023e2:	06be      	lsls	r6, r7, #26
100023e4:	d53b      	bpl.n	1000245e <_ntoa_format+0x19e>
100023e6:	2c20      	cmp	r4, #32
100023e8:	d0af      	beq.n	1000234a <_ntoa_format+0x8a>
100023ea:	2658      	movs	r6, #88	@ 0x58
100023ec:	f808 6004 	strb.w	r6, [r8, r4]
100023f0:	3401      	adds	r4, #1
100023f2:	e7a8      	b.n	10002346 <_ntoa_format+0x86>
100023f4:	2c20      	cmp	r4, #32
100023f6:	d0a8      	beq.n	1000234a <_ntoa_format+0x8a>
100023f8:	4626      	mov	r6, r4
100023fa:	3401      	adds	r4, #1
100023fc:	e007      	b.n	1000240e <_ntoa_format+0x14e>
100023fe:	1e66      	subs	r6, r4, #1
10002400:	d0b9      	beq.n	10002376 <_ntoa_format+0xb6>
10002402:	f1b9 0f10 	cmp.w	r9, #16
10002406:	d036      	beq.n	10002476 <_ntoa_format+0x1b6>
10002408:	f1b9 0f02 	cmp.w	r9, #2
1000240c:	d1c9      	bne.n	100023a2 <_ntoa_format+0xe2>
1000240e:	f04f 0c62 	mov.w	ip, #98	@ 0x62
10002412:	f808 c006 	strb.w	ip, [r8, r6]
10002416:	e796      	b.n	10002346 <_ntoa_format+0x86>
10002418:	f017 0f10 	tst.w	r7, #16
1000241c:	d0c5      	beq.n	100023aa <_ntoa_format+0xea>
1000241e:	f417 6f80 	tst.w	r7, #1024	@ 0x400
10002422:	d086      	beq.n	10002332 <_ntoa_format+0x72>
10002424:	e789      	b.n	1000233a <_ntoa_format+0x7a>
10002426:	073e      	lsls	r6, r7, #28
10002428:	d590      	bpl.n	1000234c <_ntoa_format+0x8c>
1000242a:	2620      	movs	r6, #32
1000242c:	f808 6004 	strb.w	r6, [r8, r4]
10002430:	3401      	adds	r4, #1
10002432:	e78b      	b.n	1000234c <_ntoa_format+0x8c>
10002434:	f017 0f0c 	tst.w	r7, #12
10002438:	d000      	beq.n	1000243c <_ntoa_format+0x17c>
1000243a:	3d01      	subs	r5, #1
1000243c:	42b4      	cmp	r4, r6
1000243e:	f4ff af52 	bcc.w	100022e6 <_ntoa_format+0x26>
10002442:	e761      	b.n	10002308 <_ntoa_format+0x48>
10002444:	06bc      	lsls	r4, r7, #26
10002446:	d412      	bmi.n	1000246e <_ntoa_format+0x1ae>
10002448:	2478      	movs	r4, #120	@ 0x78
1000244a:	f888 4000 	strb.w	r4, [r8]
1000244e:	2430      	movs	r4, #48	@ 0x30
10002450:	f888 4001 	strb.w	r4, [r8, #1]
10002454:	2402      	movs	r4, #2
10002456:	f1ba 0f00 	cmp.w	sl, #0
1000245a:	d099      	beq.n	10002390 <_ntoa_format+0xd0>
1000245c:	e7aa      	b.n	100023b4 <_ntoa_format+0xf4>
1000245e:	2c20      	cmp	r4, #32
10002460:	f43f af73 	beq.w	1000234a <_ntoa_format+0x8a>
10002464:	2678      	movs	r6, #120	@ 0x78
10002466:	f808 6004 	strb.w	r6, [r8, r4]
1000246a:	3401      	adds	r4, #1
1000246c:	e76b      	b.n	10002346 <_ntoa_format+0x86>
1000246e:	2458      	movs	r4, #88	@ 0x58
10002470:	e7eb      	b.n	1000244a <_ntoa_format+0x18a>
10002472:	2462      	movs	r4, #98	@ 0x62
10002474:	e7e9      	b.n	1000244a <_ntoa_format+0x18a>
10002476:	f017 0f20 	tst.w	r7, #32
1000247a:	f1a4 0c02 	sub.w	ip, r4, #2
1000247e:	d004      	beq.n	1000248a <_ntoa_format+0x1ca>
10002480:	f04f 0e58 	mov.w	lr, #88	@ 0x58
10002484:	f808 e00c 	strb.w	lr, [r8, ip]
10002488:	e78b      	b.n	100023a2 <_ntoa_format+0xe2>
1000248a:	f04f 0e78 	mov.w	lr, #120	@ 0x78
1000248e:	f808 e00c 	strb.w	lr, [r8, ip]
10002492:	e786      	b.n	100023a2 <_ntoa_format+0xe2>

10002494 <_out_char>:
10002494:	b900      	cbnz	r0, 10002498 <_out_char+0x4>
10002496:	4770      	bx	lr
10002498:	f001 bb52 	b.w	10003b40 <__wrap_putchar>
1000249c:	0000      	movs	r0, r0
	...

100024a0 <_ftoa>:
100024a0:	e92d 4ff0 	stmdb	sp!, {r4, r5, r6, r7, r8, r9, sl, fp, lr}
100024a4:	b097      	sub	sp, #92	@ 0x5c
100024a6:	ed9d 7b20 	vldr	d7, [sp, #128]	@ 0x80
100024aa:	e9dd 5b22 	ldrd	r5, fp, [sp, #136]	@ 0x88
100024ae:	4607      	mov	r7, r0
100024b0:	4688      	mov	r8, r1
100024b2:	ec51 0b17 	vmov	r0, r1, d7
100024b6:	9c24      	ldr	r4, [sp, #144]	@ 0x90
100024b8:	4699      	mov	r9, r3
100024ba:	920c      	str	r2, [sp, #48]	@ 0x30
100024bc:	460b      	mov	r3, r1
100024be:	4602      	mov	r2, r0
100024c0:	ed8d 7b04 	vstr	d7, [sp, #16]
100024c4:	9407      	str	r4, [sp, #28]
100024c6:	f7ff fd4b 	bl	10001f60 <__wrap___aeabi_dcmpun>
100024ca:	2800      	cmp	r0, #0
100024cc:	f040 81f4 	bne.w	100028b8 <_ftoa+0x418>
100024d0:	e9dd 0104 	ldrd	r0, r1, [sp, #16]
100024d4:	f04f 32ff 	mov.w	r2, #4294967295
100024d8:	f46f 1380 	mvn.w	r3, #1048576	@ 0x100000
100024dc:	f7ff fd52 	bl	10001f84 <__wrap___aeabi_dcmplt>
100024e0:	2800      	cmp	r0, #0
100024e2:	f040 811b 	bne.w	1000271c <_ftoa+0x27c>
100024e6:	e9dd 0104 	ldrd	r0, r1, [sp, #16]
100024ea:	f04f 32ff 	mov.w	r2, #4294967295
100024ee:	4bac      	ldr	r3, [pc, #688]	@ (100027a0 <_ftoa+0x300>)
100024f0:	f7ff fd84 	bl	10001ffc <__wrap___aeabi_dcmpgt>
100024f4:	2800      	cmp	r0, #0
100024f6:	f040 80ee 	bne.w	100026d6 <_ftoa+0x236>
100024fa:	e9dd 0104 	ldrd	r0, r1, [sp, #16]
100024fe:	a3a4      	add	r3, pc, #656	@ (adr r3, 10002790 <_ftoa+0x2f0>)
10002500:	e9d3 2300 	ldrd	r2, r3, [r3]
10002504:	f7ff fd7a 	bl	10001ffc <__wrap___aeabi_dcmpgt>
10002508:	2800      	cmp	r0, #0
1000250a:	f040 80d3 	bne.w	100026b4 <_ftoa+0x214>
1000250e:	e9dd 0104 	ldrd	r0, r1, [sp, #16]
10002512:	a3a1      	add	r3, pc, #644	@ (adr r3, 10002798 <_ftoa+0x2f8>)
10002514:	e9d3 2300 	ldrd	r2, r3, [r3]
10002518:	f7ff fd34 	bl	10001f84 <__wrap___aeabi_dcmplt>
1000251c:	2800      	cmp	r0, #0
1000251e:	f040 80c9 	bne.w	100026b4 <_ftoa+0x214>
10002522:	e9dd 0104 	ldrd	r0, r1, [sp, #16]
10002526:	2200      	movs	r2, #0
10002528:	2300      	movs	r3, #0
1000252a:	f7ff fd2b 	bl	10001f84 <__wrap___aeabi_dcmplt>
1000252e:	2800      	cmp	r0, #0
10002530:	f040 80e8 	bne.w	10002704 <_ftoa+0x264>
10002534:	4623      	mov	r3, r4
10002536:	900d      	str	r0, [sp, #52]	@ 0x34
10002538:	f413 6f80 	tst.w	r3, #1024	@ 0x400
1000253c:	bf08      	it	eq
1000253e:	2506      	moveq	r5, #6
10002540:	2130      	movs	r1, #48	@ 0x30
10002542:	462b      	mov	r3, r5
10002544:	aa0e      	add	r2, sp, #56	@ 0x38
10002546:	f1a5 0620 	sub.w	r6, r5, #32
1000254a:	e005      	b.n	10002558 <_ftoa+0xb8>
1000254c:	3b01      	subs	r3, #1
1000254e:	42b3      	cmp	r3, r6
10002550:	f802 1b01 	strb.w	r1, [r2], #1
10002554:	f000 8193 	beq.w	1000287e <_ftoa+0x3de>
10002558:	2b09      	cmp	r3, #9
1000255a:	d8f7      	bhi.n	1000254c <_ftoa+0xac>
1000255c:	461e      	mov	r6, r3
1000255e:	1aed      	subs	r5, r5, r3
10002560:	e9dd 0104 	ldrd	r0, r1, [sp, #16]
10002564:	f7ff fcd8 	bl	10001f18 <__wrap___aeabi_d2iz>
10002568:	4b8e      	ldr	r3, [pc, #568]	@ (100027a4 <_ftoa+0x304>)
1000256a:	4604      	mov	r4, r0
1000256c:	eb03 03c6 	add.w	r3, r3, r6, lsl #3
10002570:	ed93 7b00 	vldr	d7, [r3]
10002574:	ed8d 7b08 	vstr	d7, [sp, #32]
10002578:	f7ff fcaa 	bl	10001ed0 <__wrap___aeabi_i2d>
1000257c:	4602      	mov	r2, r0
1000257e:	460b      	mov	r3, r1
10002580:	e9dd 0104 	ldrd	r0, r1, [sp, #16]
10002584:	f7ff fc0e 	bl	10001da4 <__wrap___aeabi_dsub>
10002588:	e9dd 2308 	ldrd	r2, r3, [sp, #32]
1000258c:	f7ff fc1e 	bl	10001dcc <__wrap___aeabi_dmul>
10002590:	4602      	mov	r2, r0
10002592:	460b      	mov	r3, r1
10002594:	e9cd 230a 	strd	r2, r3, [sp, #40]	@ 0x28
10002598:	f7ff fcd0 	bl	10001f3c <__wrap___aeabi_d2uiz>
1000259c:	4682      	mov	sl, r0
1000259e:	f7ff fca9 	bl	10001ef4 <__wrap___aeabi_ui2d>
100025a2:	4602      	mov	r2, r0
100025a4:	460b      	mov	r3, r1
100025a6:	e9dd 010a 	ldrd	r0, r1, [sp, #40]	@ 0x28
100025aa:	f7ff fbfb 	bl	10001da4 <__wrap___aeabi_dsub>
100025ae:	4602      	mov	r2, r0
100025b0:	460b      	mov	r3, r1
100025b2:	e9cd 230a 	strd	r2, r3, [sp, #40]	@ 0x28
100025b6:	2200      	movs	r2, #0
100025b8:	4b7b      	ldr	r3, [pc, #492]	@ (100027a8 <_ftoa+0x308>)
100025ba:	f7ff fd1f 	bl	10001ffc <__wrap___aeabi_dcmpgt>
100025be:	2800      	cmp	r0, #0
100025c0:	f000 80fe 	beq.w	100027c0 <_ftoa+0x320>
100025c4:	f10a 0a01 	add.w	sl, sl, #1
100025c8:	4650      	mov	r0, sl
100025ca:	f7ff fc93 	bl	10001ef4 <__wrap___aeabi_ui2d>
100025ce:	4602      	mov	r2, r0
100025d0:	460b      	mov	r3, r1
100025d2:	e9dd 0108 	ldrd	r0, r1, [sp, #32]
100025d6:	f7ff fce9 	bl	10001fac <__wrap___aeabi_dcmple>
100025da:	b110      	cbz	r0, 100025e2 <_ftoa+0x142>
100025dc:	f04f 0a00 	mov.w	sl, #0
100025e0:	3401      	adds	r4, #1
100025e2:	2e00      	cmp	r6, #0
100025e4:	f000 80fd 	beq.w	100027e2 <_ftoa+0x342>
100025e8:	1e68      	subs	r0, r5, #1
100025ea:	ab0e      	add	r3, sp, #56	@ 0x38
100025ec:	f8df c1cc 	ldr.w	ip, [pc, #460]	@ 100027bc <_ftoa+0x31c>
100025f0:	4418      	add	r0, r3
100025f2:	e00f      	b.n	10002614 <_ftoa+0x174>
100025f4:	fbac 210a 	umull	r2, r1, ip, sl
100025f8:	08c9      	lsrs	r1, r1, #3
100025fa:	eb01 0281 	add.w	r2, r1, r1, lsl #2
100025fe:	ebaa 0242 	sub.w	r2, sl, r2, lsl #1
10002602:	3230      	adds	r2, #48	@ 0x30
10002604:	f1ba 0f09 	cmp.w	sl, #9
10002608:	f800 2f01 	strb.w	r2, [r0, #1]!
1000260c:	f240 811c 	bls.w	10002848 <_ftoa+0x3a8>
10002610:	468a      	mov	sl, r1
10002612:	461d      	mov	r5, r3
10002614:	2d20      	cmp	r5, #32
10002616:	f105 0301 	add.w	r3, r5, #1
1000261a:	f106 36ff 	add.w	r6, r6, #4294967295
1000261e:	d1e9      	bne.n	100025f4 <_ftoa+0x154>
10002620:	2520      	movs	r5, #32
10002622:	1e69      	subs	r1, r5, #1
10002624:	ab0e      	add	r3, sp, #56	@ 0x38
10002626:	4861      	ldr	r0, [pc, #388]	@ (100027ac <_ftoa+0x30c>)
10002628:	4419      	add	r1, r3
1000262a:	e010      	b.n	1000264e <_ftoa+0x1ae>
1000262c:	fb80 6204 	smull	r6, r2, r0, r4
10002630:	ebc3 03a2 	rsb	r3, r3, r2, asr #2
10002634:	eb03 0283 	add.w	r2, r3, r3, lsl #2
10002638:	eba4 0442 	sub.w	r4, r4, r2, lsl #1
1000263c:	f104 0230 	add.w	r2, r4, #48	@ 0x30
10002640:	3501      	adds	r5, #1
10002642:	461c      	mov	r4, r3
10002644:	f801 2f01 	strb.w	r2, [r1, #1]!
10002648:	2b00      	cmp	r3, #0
1000264a:	f000 80eb 	beq.w	10002824 <_ftoa+0x384>
1000264e:	2d20      	cmp	r5, #32
10002650:	ea4f 73e4 	mov.w	r3, r4, asr #31
10002654:	d1ea      	bne.n	1000262c <_ftoa+0x18c>
10002656:	9b07      	ldr	r3, [sp, #28]
10002658:	f003 0303 	and.w	r3, r3, #3
1000265c:	2b01      	cmp	r3, #1
1000265e:	d118      	bne.n	10002692 <_ftoa+0x1f2>
10002660:	f1bb 0f00 	cmp.w	fp, #0
10002664:	d015      	beq.n	10002692 <_ftoa+0x1f2>
10002666:	9b0d      	ldr	r3, [sp, #52]	@ 0x34
10002668:	2b00      	cmp	r3, #0
1000266a:	f000 810a 	beq.w	10002882 <_ftoa+0x3e2>
1000266e:	f10b 3bff 	add.w	fp, fp, #4294967295
10002672:	f1bb 0f20 	cmp.w	fp, #32
10002676:	d90c      	bls.n	10002692 <_ftoa+0x1f2>
10002678:	1e6b      	subs	r3, r5, #1
1000267a:	a90e      	add	r1, sp, #56	@ 0x38
1000267c:	2230      	movs	r2, #48	@ 0x30
1000267e:	440b      	add	r3, r1
10002680:	e005      	b.n	1000268e <_ftoa+0x1ee>
10002682:	3501      	adds	r5, #1
10002684:	455d      	cmp	r5, fp
10002686:	f803 2f01 	strb.w	r2, [r3, #1]!
1000268a:	f080 80d1 	bcs.w	10002830 <_ftoa+0x390>
1000268e:	2d20      	cmp	r5, #32
10002690:	d1f7      	bne.n	10002682 <_ftoa+0x1e2>
10002692:	9b07      	ldr	r3, [sp, #28]
10002694:	ac0e      	add	r4, sp, #56	@ 0x38
10002696:	e9cd b302 	strd	fp, r3, [sp, #8]
1000269a:	4641      	mov	r1, r8
1000269c:	464b      	mov	r3, r9
1000269e:	4638      	mov	r0, r7
100026a0:	9a0c      	ldr	r2, [sp, #48]	@ 0x30
100026a2:	9501      	str	r5, [sp, #4]
100026a4:	9400      	str	r4, [sp, #0]
100026a6:	f7ff fdbd 	bl	10002224 <_out_rev>
100026aa:	4682      	mov	sl, r0
100026ac:	4650      	mov	r0, sl
100026ae:	b017      	add	sp, #92	@ 0x5c
100026b0:	e8bd 8ff0 	ldmia.w	sp!, {r4, r5, r6, r7, r8, r9, sl, fp, pc}
100026b4:	9b07      	ldr	r3, [sp, #28]
100026b6:	ed9d 7b04 	vldr	d7, [sp, #16]
100026ba:	e9cd b323 	strd	fp, r3, [sp, #140]	@ 0x8c
100026be:	4641      	mov	r1, r8
100026c0:	464b      	mov	r3, r9
100026c2:	4638      	mov	r0, r7
100026c4:	9a0c      	ldr	r2, [sp, #48]	@ 0x30
100026c6:	ed8d 7b20 	vstr	d7, [sp, #128]	@ 0x80
100026ca:	9522      	str	r5, [sp, #136]	@ 0x88
100026cc:	b017      	add	sp, #92	@ 0x5c
100026ce:	e8bd 4ff0 	ldmia.w	sp!, {r4, r5, r6, r7, r8, r9, sl, fp, lr}
100026d2:	f000 b945 	b.w	10002960 <_etoa>
100026d6:	0761      	lsls	r1, r4, #29
100026d8:	4623      	mov	r3, r4
100026da:	bf4c      	ite	mi
100026dc:	2304      	movmi	r3, #4
100026de:	2303      	movpl	r3, #3
100026e0:	4641      	mov	r1, r8
100026e2:	9321      	str	r3, [sp, #132]	@ 0x84
100026e4:	4638      	mov	r0, r7
100026e6:	464b      	mov	r3, r9
100026e8:	9a07      	ldr	r2, [sp, #28]
100026ea:	bf48      	it	mi
100026ec:	4c30      	ldrmi	r4, [pc, #192]	@ (100027b0 <_ftoa+0x310>)
100026ee:	e9cd b222 	strd	fp, r2, [sp, #136]	@ 0x88
100026f2:	bf58      	it	pl
100026f4:	4c2f      	ldrpl	r4, [pc, #188]	@ (100027b4 <_ftoa+0x314>)
100026f6:	9a0c      	ldr	r2, [sp, #48]	@ 0x30
100026f8:	9420      	str	r4, [sp, #128]	@ 0x80
100026fa:	b017      	add	sp, #92	@ 0x5c
100026fc:	e8bd 4ff0 	ldmia.w	sp!, {r4, r5, r6, r7, r8, r9, sl, fp, lr}
10002700:	f7ff bd90 	b.w	10002224 <_out_rev>
10002704:	e9dd 2304 	ldrd	r2, r3, [sp, #16]
10002708:	2000      	movs	r0, #0
1000270a:	2100      	movs	r1, #0
1000270c:	f7ff fb4a 	bl	10001da4 <__wrap___aeabi_dsub>
10002710:	2301      	movs	r3, #1
10002712:	e9cd 0104 	strd	r0, r1, [sp, #16]
10002716:	930d      	str	r3, [sp, #52]	@ 0x34
10002718:	4623      	mov	r3, r4
1000271a:	e70d      	b.n	10002538 <_ftoa+0x98>
1000271c:	4623      	mov	r3, r4
1000271e:	079c      	lsls	r4, r3, #30
10002720:	f040 80aa 	bne.w	10002878 <_ftoa+0x3d8>
10002724:	f1bb 0f04 	cmp.w	fp, #4
10002728:	f240 80a6 	bls.w	10002878 <_ftoa+0x3d8>
1000272c:	9b0c      	ldr	r3, [sp, #48]	@ 0x30
1000272e:	461d      	mov	r5, r3
10002730:	1f1c      	subs	r4, r3, #4
10002732:	eb04 0a0b 	add.w	sl, r4, fp
10002736:	462a      	mov	r2, r5
10002738:	464b      	mov	r3, r9
1000273a:	4641      	mov	r1, r8
1000273c:	2020      	movs	r0, #32
1000273e:	3501      	adds	r5, #1
10002740:	47b8      	blx	r7
10002742:	45aa      	cmp	sl, r5
10002744:	d1f7      	bne.n	10002736 <_ftoa+0x296>
10002746:	4655      	mov	r5, sl
10002748:	4c1b      	ldr	r4, [pc, #108]	@ (100027b8 <_ftoa+0x318>)
1000274a:	1f26      	subs	r6, r4, #4
1000274c:	f814 0d01 	ldrb.w	r0, [r4, #-1]!
10002750:	462a      	mov	r2, r5
10002752:	464b      	mov	r3, r9
10002754:	4641      	mov	r1, r8
10002756:	47b8      	blx	r7
10002758:	42b4      	cmp	r4, r6
1000275a:	f105 0501 	add.w	r5, r5, #1
1000275e:	d1f5      	bne.n	1000274c <_ftoa+0x2ac>
10002760:	9b07      	ldr	r3, [sp, #28]
10002762:	f10a 0a04 	add.w	sl, sl, #4
10002766:	0798      	lsls	r0, r3, #30
10002768:	d5a0      	bpl.n	100026ac <_ftoa+0x20c>
1000276a:	9c0c      	ldr	r4, [sp, #48]	@ 0x30
1000276c:	ebaa 0304 	sub.w	r3, sl, r4
10002770:	459b      	cmp	fp, r3
10002772:	d99b      	bls.n	100026ac <_ftoa+0x20c>
10002774:	4652      	mov	r2, sl
10002776:	464b      	mov	r3, r9
10002778:	4641      	mov	r1, r8
1000277a:	2020      	movs	r0, #32
1000277c:	f10a 0a01 	add.w	sl, sl, #1
10002780:	47b8      	blx	r7
10002782:	ebaa 0304 	sub.w	r3, sl, r4
10002786:	455b      	cmp	r3, fp
10002788:	d3f4      	bcc.n	10002774 <_ftoa+0x2d4>
1000278a:	e78f      	b.n	100026ac <_ftoa+0x20c>
1000278c:	f3af 8000 	nop.w
10002790:	00000000 	.word	0x00000000
10002794:	41cdcd65 	.word	0x41cdcd65
10002798:	00000000 	.word	0x00000000
1000279c:	c1cdcd65 	.word	0xc1cdcd65
100027a0:	7fefffff 	.word	0x7fefffff
100027a4:	10009548 	.word	0x10009548
100027a8:	3fe00000 	.word	0x3fe00000
100027ac:	66666667 	.word	0x66666667
100027b0:	10009424 	.word	0x10009424
100027b4:	1000942c 	.word	0x1000942c
100027b8:	10009438 	.word	0x10009438
100027bc:	cccccccd 	.word	0xcccccccd
100027c0:	2200      	movs	r2, #0
100027c2:	e9dd 010a 	ldrd	r0, r1, [sp, #40]	@ 0x28
100027c6:	4b63      	ldr	r3, [pc, #396]	@ (10002954 <_ftoa+0x4b4>)
100027c8:	f7ff fbdc 	bl	10001f84 <__wrap___aeabi_dcmplt>
100027cc:	2800      	cmp	r0, #0
100027ce:	f47f af08 	bne.w	100025e2 <_ftoa+0x142>
100027d2:	f1ba 0f00 	cmp.w	sl, #0
100027d6:	d16a      	bne.n	100028ae <_ftoa+0x40e>
100027d8:	f10a 0a01 	add.w	sl, sl, #1
100027dc:	2e00      	cmp	r6, #0
100027de:	f47f af03 	bne.w	100025e8 <_ftoa+0x148>
100027e2:	4620      	mov	r0, r4
100027e4:	f7ff fb74 	bl	10001ed0 <__wrap___aeabi_i2d>
100027e8:	4602      	mov	r2, r0
100027ea:	460b      	mov	r3, r1
100027ec:	e9dd 0104 	ldrd	r0, r1, [sp, #16]
100027f0:	f7ff fad8 	bl	10001da4 <__wrap___aeabi_dsub>
100027f4:	4602      	mov	r2, r0
100027f6:	460b      	mov	r3, r1
100027f8:	e9cd 2304 	strd	r2, r3, [sp, #16]
100027fc:	2200      	movs	r2, #0
100027fe:	4b55      	ldr	r3, [pc, #340]	@ (10002954 <_ftoa+0x4b4>)
10002800:	f7ff fbc0 	bl	10001f84 <__wrap___aeabi_dcmplt>
10002804:	2800      	cmp	r0, #0
10002806:	f47f af0c 	bne.w	10002622 <_ftoa+0x182>
1000280a:	e9dd 0104 	ldrd	r0, r1, [sp, #16]
1000280e:	2200      	movs	r2, #0
10002810:	4b50      	ldr	r3, [pc, #320]	@ (10002954 <_ftoa+0x4b4>)
10002812:	f7ff fbf3 	bl	10001ffc <__wrap___aeabi_dcmpgt>
10002816:	2800      	cmp	r0, #0
10002818:	f47f af03 	bne.w	10002622 <_ftoa+0x182>
1000281c:	3401      	adds	r4, #1
1000281e:	f024 0401 	bic.w	r4, r4, #1
10002822:	e6fe      	b.n	10002622 <_ftoa+0x182>
10002824:	9b07      	ldr	r3, [sp, #28]
10002826:	f003 0303 	and.w	r3, r3, #3
1000282a:	2b01      	cmp	r3, #1
1000282c:	f000 8082 	beq.w	10002934 <_ftoa+0x494>
10002830:	2d20      	cmp	r5, #32
10002832:	f43f af2e 	beq.w	10002692 <_ftoa+0x1f2>
10002836:	9b0d      	ldr	r3, [sp, #52]	@ 0x34
10002838:	b37b      	cbz	r3, 1000289a <_ftoa+0x3fa>
1000283a:	222d      	movs	r2, #45	@ 0x2d
1000283c:	eb0d 0305 	add.w	r3, sp, r5
10002840:	f883 2038 	strb.w	r2, [r3, #56]	@ 0x38
10002844:	3501      	adds	r5, #1
10002846:	e724      	b.n	10002692 <_ftoa+0x1f2>
10002848:	2b20      	cmp	r3, #32
1000284a:	f43f aee9 	beq.w	10002620 <_ftoa+0x180>
1000284e:	aa0e      	add	r2, sp, #56	@ 0x38
10002850:	4415      	add	r5, r2
10002852:	441e      	add	r6, r3
10002854:	2230      	movs	r2, #48	@ 0x30
10002856:	e004      	b.n	10002862 <_ftoa+0x3c2>
10002858:	2b20      	cmp	r3, #32
1000285a:	f805 2f01 	strb.w	r2, [r5, #1]!
1000285e:	f43f aedf 	beq.w	10002620 <_ftoa+0x180>
10002862:	429e      	cmp	r6, r3
10002864:	f103 0301 	add.w	r3, r3, #1
10002868:	d1f6      	bne.n	10002858 <_ftoa+0x3b8>
1000286a:	222e      	movs	r2, #46	@ 0x2e
1000286c:	eb0d 0306 	add.w	r3, sp, r6
10002870:	f883 2038 	strb.w	r2, [r3, #56]	@ 0x38
10002874:	1c75      	adds	r5, r6, #1
10002876:	e6d4      	b.n	10002622 <_ftoa+0x182>
10002878:	f8dd a030 	ldr.w	sl, [sp, #48]	@ 0x30
1000287c:	e763      	b.n	10002746 <_ftoa+0x2a6>
1000287e:	2520      	movs	r5, #32
10002880:	e66e      	b.n	10002560 <_ftoa+0xc0>
10002882:	9b07      	ldr	r3, [sp, #28]
10002884:	f013 0f0c 	tst.w	r3, #12
10002888:	d050      	beq.n	1000292c <_ftoa+0x48c>
1000288a:	f10b 3bff 	add.w	fp, fp, #4294967295
1000288e:	45ab      	cmp	fp, r5
10002890:	f63f aef2 	bhi.w	10002678 <_ftoa+0x1d8>
10002894:	2d20      	cmp	r5, #32
10002896:	f43f aefc 	beq.w	10002692 <_ftoa+0x1f2>
1000289a:	9b07      	ldr	r3, [sp, #28]
1000289c:	075a      	lsls	r2, r3, #29
1000289e:	d501      	bpl.n	100028a4 <_ftoa+0x404>
100028a0:	222b      	movs	r2, #43	@ 0x2b
100028a2:	e7cb      	b.n	1000283c <_ftoa+0x39c>
100028a4:	071b      	lsls	r3, r3, #28
100028a6:	f57f aef4 	bpl.w	10002692 <_ftoa+0x1f2>
100028aa:	2220      	movs	r2, #32
100028ac:	e7c6      	b.n	1000283c <_ftoa+0x39c>
100028ae:	f01a 0f01 	tst.w	sl, #1
100028b2:	f43f ae96 	beq.w	100025e2 <_ftoa+0x142>
100028b6:	e78f      	b.n	100027d8 <_ftoa+0x338>
100028b8:	07a6      	lsls	r6, r4, #30
100028ba:	d134      	bne.n	10002926 <_ftoa+0x486>
100028bc:	f1bb 0f03 	cmp.w	fp, #3
100028c0:	d931      	bls.n	10002926 <_ftoa+0x486>
100028c2:	9b0c      	ldr	r3, [sp, #48]	@ 0x30
100028c4:	461d      	mov	r5, r3
100028c6:	1edc      	subs	r4, r3, #3
100028c8:	eb04 0a0b 	add.w	sl, r4, fp
100028cc:	462a      	mov	r2, r5
100028ce:	464b      	mov	r3, r9
100028d0:	4641      	mov	r1, r8
100028d2:	2020      	movs	r0, #32
100028d4:	3501      	adds	r5, #1
100028d6:	47b8      	blx	r7
100028d8:	4555      	cmp	r5, sl
100028da:	d1f7      	bne.n	100028cc <_ftoa+0x42c>
100028dc:	4655      	mov	r5, sl
100028de:	4c1e      	ldr	r4, [pc, #120]	@ (10002958 <_ftoa+0x4b8>)
100028e0:	1ee6      	subs	r6, r4, #3
100028e2:	f814 0d01 	ldrb.w	r0, [r4, #-1]!
100028e6:	462a      	mov	r2, r5
100028e8:	464b      	mov	r3, r9
100028ea:	4641      	mov	r1, r8
100028ec:	47b8      	blx	r7
100028ee:	42a6      	cmp	r6, r4
100028f0:	f105 0501 	add.w	r5, r5, #1
100028f4:	d1f5      	bne.n	100028e2 <_ftoa+0x442>
100028f6:	9b07      	ldr	r3, [sp, #28]
100028f8:	f10a 0a03 	add.w	sl, sl, #3
100028fc:	079d      	lsls	r5, r3, #30
100028fe:	f57f aed5 	bpl.w	100026ac <_ftoa+0x20c>
10002902:	9c0c      	ldr	r4, [sp, #48]	@ 0x30
10002904:	ebaa 0304 	sub.w	r3, sl, r4
10002908:	459b      	cmp	fp, r3
1000290a:	f67f aecf 	bls.w	100026ac <_ftoa+0x20c>
1000290e:	4652      	mov	r2, sl
10002910:	464b      	mov	r3, r9
10002912:	4641      	mov	r1, r8
10002914:	2020      	movs	r0, #32
10002916:	f10a 0a01 	add.w	sl, sl, #1
1000291a:	47b8      	blx	r7
1000291c:	ebaa 0304 	sub.w	r3, sl, r4
10002920:	459b      	cmp	fp, r3
10002922:	d8f4      	bhi.n	1000290e <_ftoa+0x46e>
10002924:	e6c2      	b.n	100026ac <_ftoa+0x20c>
10002926:	f8dd a030 	ldr.w	sl, [sp, #48]	@ 0x30
1000292a:	e7d7      	b.n	100028dc <_ftoa+0x43c>
1000292c:	45ab      	cmp	fp, r5
1000292e:	f63f aea3 	bhi.w	10002678 <_ftoa+0x1d8>
10002932:	e6ae      	b.n	10002692 <_ftoa+0x1f2>
10002934:	f1bb 0f00 	cmp.w	fp, #0
10002938:	f43f af7a 	beq.w	10002830 <_ftoa+0x390>
1000293c:	9b0d      	ldr	r3, [sp, #52]	@ 0x34
1000293e:	2b00      	cmp	r3, #0
10002940:	d09f      	beq.n	10002882 <_ftoa+0x3e2>
10002942:	f10b 3bff 	add.w	fp, fp, #4294967295
10002946:	455d      	cmp	r5, fp
10002948:	f4ff ae96 	bcc.w	10002678 <_ftoa+0x1d8>
1000294c:	2d20      	cmp	r5, #32
1000294e:	f47f af74 	bne.w	1000283a <_ftoa+0x39a>
10002952:	e69e      	b.n	10002692 <_ftoa+0x1f2>
10002954:	3fe00000 	.word	0x3fe00000
10002958:	10009433 	.word	0x10009433
1000295c:	00000000 	.word	0x00000000

10002960 <_etoa>:
10002960:	e92d 4ff0 	stmdb	sp!, {r4, r5, r6, r7, r8, r9, sl, fp, lr}
10002964:	b09f      	sub	sp, #124	@ 0x7c
10002966:	9e2a      	ldr	r6, [sp, #168]	@ 0xa8
10002968:	e9dd 4528 	ldrd	r4, r5, [sp, #160]	@ 0xa0
1000296c:	4607      	mov	r7, r0
1000296e:	4693      	mov	fp, r2
10002970:	9108      	str	r1, [sp, #32]
10002972:	9309      	str	r3, [sp, #36]	@ 0x24
10002974:	4622      	mov	r2, r4
10002976:	462b      	mov	r3, r5
10002978:	4620      	mov	r0, r4
1000297a:	4629      	mov	r1, r5
1000297c:	960e      	str	r6, [sp, #56]	@ 0x38
1000297e:	e9dd a62b 	ldrd	sl, r6, [sp, #172]	@ 0xac
10002982:	f7ff faed 	bl	10001f60 <__wrap___aeabi_dcmpun>
10002986:	2800      	cmp	r0, #0
10002988:	f040 80be 	bne.w	10002b08 <_etoa+0x1a8>
1000298c:	4620      	mov	r0, r4
1000298e:	4629      	mov	r1, r5
10002990:	f04f 32ff 	mov.w	r2, #4294967295
10002994:	4b78      	ldr	r3, [pc, #480]	@ (10002b78 <_etoa+0x218>)
10002996:	f7ff fb31 	bl	10001ffc <__wrap___aeabi_dcmpgt>
1000299a:	2800      	cmp	r0, #0
1000299c:	f040 80b4 	bne.w	10002b08 <_etoa+0x1a8>
100029a0:	4620      	mov	r0, r4
100029a2:	4629      	mov	r1, r5
100029a4:	f04f 32ff 	mov.w	r2, #4294967295
100029a8:	f46f 1380 	mvn.w	r3, #1048576	@ 0x100000
100029ac:	f7ff faea 	bl	10001f84 <__wrap___aeabi_dcmplt>
100029b0:	2800      	cmp	r0, #0
100029b2:	f040 80a9 	bne.w	10002b08 <_etoa+0x1a8>
100029b6:	4620      	mov	r0, r4
100029b8:	4629      	mov	r1, r5
100029ba:	2200      	movs	r2, #0
100029bc:	2300      	movs	r3, #0
100029be:	f7ff fae1 	bl	10001f84 <__wrap___aeabi_dcmplt>
100029c2:	2800      	cmp	r0, #0
100029c4:	f040 81d5 	bne.w	10002d72 <_etoa+0x412>
100029c8:	e9cd 450a 	strd	r4, r5, [sp, #40]	@ 0x28
100029cc:	e9dd 230a 	ldrd	r2, r3, [sp, #40]	@ 0x28
100029d0:	4690      	mov	r8, r2
100029d2:	4699      	mov	r9, r3
100029d4:	f406 6200 	and.w	r2, r6, #2048	@ 0x800
100029d8:	f416 6380 	ands.w	r3, r6, #1024	@ 0x400
100029dc:	920f      	str	r2, [sp, #60]	@ 0x3c
100029de:	9313      	str	r3, [sp, #76]	@ 0x4c
100029e0:	f040 80a1 	bne.w	10002b26 <_etoa+0x1c6>
100029e4:	ea58 0309 	orrs.w	r3, r8, r9
100029e8:	f040 80ca 	bne.w	10002b80 <_etoa+0x220>
100029ec:	2a00      	cmp	r2, #0
100029ee:	f040 81e3 	bne.w	10002db8 <_etoa+0x458>
100029f2:	2306      	movs	r3, #6
100029f4:	930e      	str	r3, [sp, #56]	@ 0x38
100029f6:	f016 0202 	ands.w	r2, r6, #2
100029fa:	9210      	str	r2, [sp, #64]	@ 0x40
100029fc:	f040 81d4 	bne.w	10002da8 <_etoa+0x448>
10002a00:	4653      	mov	r3, sl
10002a02:	2b04      	cmp	r3, #4
10002a04:	bf38      	it	cc
10002a06:	2304      	movcc	r3, #4
10002a08:	920c      	str	r2, [sp, #48]	@ 0x30
10002a0a:	2204      	movs	r2, #4
10002a0c:	3b04      	subs	r3, #4
10002a0e:	9212      	str	r2, [sp, #72]	@ 0x48
10002a10:	930f      	str	r3, [sp, #60]	@ 0x3c
10002a12:	4620      	mov	r0, r4
10002a14:	4629      	mov	r1, r5
10002a16:	2200      	movs	r2, #0
10002a18:	2300      	movs	r3, #0
10002a1a:	f7ff fab3 	bl	10001f84 <__wrap___aeabi_dcmplt>
10002a1e:	2800      	cmp	r0, #0
10002a20:	f040 81f3 	bne.w	10002e0a <_etoa+0x4aa>
10002a24:	ed9d 7b0a 	vldr	d7, [sp, #40]	@ 0x28
10002a28:	9b0f      	ldr	r3, [sp, #60]	@ 0x3c
10002a2a:	465a      	mov	r2, fp
10002a2c:	9303      	str	r3, [sp, #12]
10002a2e:	9b0e      	ldr	r3, [sp, #56]	@ 0x38
10002a30:	ed8d 7b00 	vstr	d7, [sp]
10002a34:	9302      	str	r3, [sp, #8]
10002a36:	f426 6300 	bic.w	r3, r6, #2048	@ 0x800
10002a3a:	9304      	str	r3, [sp, #16]
10002a3c:	4638      	mov	r0, r7
10002a3e:	9b09      	ldr	r3, [sp, #36]	@ 0x24
10002a40:	9908      	ldr	r1, [sp, #32]
10002a42:	f7ff fd2d 	bl	100024a0 <_ftoa>
10002a46:	4602      	mov	r2, r0
10002a48:	f016 0f20 	tst.w	r6, #32
10002a4c:	9b09      	ldr	r3, [sp, #36]	@ 0x24
10002a4e:	9908      	ldr	r1, [sp, #32]
10002a50:	bf0c      	ite	eq
10002a52:	2065      	moveq	r0, #101	@ 0x65
10002a54:	2045      	movne	r0, #69	@ 0x45
10002a56:	f102 0801 	add.w	r8, r2, #1
10002a5a:	47b8      	blx	r7
10002a5c:	9a0c      	ldr	r2, [sp, #48]	@ 0x30
10002a5e:	9b12      	ldr	r3, [sp, #72]	@ 0x48
10002a60:	ac16      	add	r4, sp, #88	@ 0x58
10002a62:	1e5d      	subs	r5, r3, #1
10002a64:	ea82 73e2 	eor.w	r3, r2, r2, asr #31
10002a68:	eba3 73e2 	sub.w	r3, r3, r2, asr #31
10002a6c:	0fd1      	lsrs	r1, r2, #31
10002a6e:	2600      	movs	r6, #0
10002a70:	4622      	mov	r2, r4
10002a72:	4699      	mov	r9, r3
10002a74:	f8df c104 	ldr.w	ip, [pc, #260]	@ 10002b7c <_etoa+0x21c>
10002a78:	e001      	b.n	10002a7e <_etoa+0x11e>
10002a7a:	2e20      	cmp	r6, #32
10002a7c:	d010      	beq.n	10002aa0 <_etoa+0x140>
10002a7e:	46ce      	mov	lr, r9
10002a80:	fbac 3009 	umull	r3, r0, ip, r9
10002a84:	08c0      	lsrs	r0, r0, #3
10002a86:	eb00 0380 	add.w	r3, r0, r0, lsl #2
10002a8a:	eba9 0343 	sub.w	r3, r9, r3, lsl #1
10002a8e:	3330      	adds	r3, #48	@ 0x30
10002a90:	f1be 0f09 	cmp.w	lr, #9
10002a94:	4681      	mov	r9, r0
10002a96:	f106 0601 	add.w	r6, r6, #1
10002a9a:	f802 3b01 	strb.w	r3, [r2], #1
10002a9e:	d8ec      	bhi.n	10002a7a <_etoa+0x11a>
10002aa0:	2305      	movs	r3, #5
10002aa2:	2000      	movs	r0, #0
10002aa4:	9306      	str	r3, [sp, #24]
10002aa6:	230a      	movs	r3, #10
10002aa8:	9505      	str	r5, [sp, #20]
10002aaa:	9400      	str	r4, [sp, #0]
10002aac:	9d09      	ldr	r5, [sp, #36]	@ 0x24
10002aae:	9c08      	ldr	r4, [sp, #32]
10002ab0:	4642      	mov	r2, r8
10002ab2:	e9cd 3003 	strd	r3, r0, [sp, #12]
10002ab6:	e9cd 6101 	strd	r6, r1, [sp, #4]
10002aba:	462b      	mov	r3, r5
10002abc:	4621      	mov	r1, r4
10002abe:	4638      	mov	r0, r7
10002ac0:	f7ff fbfe 	bl	100022c0 <_ntoa_format>
10002ac4:	9a10      	ldr	r2, [sp, #64]	@ 0x40
10002ac6:	4680      	mov	r8, r0
10002ac8:	b1d2      	cbz	r2, 10002b00 <_etoa+0x1a0>
10002aca:	eba0 060b 	sub.w	r6, r0, fp
10002ace:	45b2      	cmp	sl, r6
10002ad0:	d916      	bls.n	10002b00 <_etoa+0x1a0>
10002ad2:	eb0b 0206 	add.w	r2, fp, r6
10002ad6:	462b      	mov	r3, r5
10002ad8:	4621      	mov	r1, r4
10002ada:	2020      	movs	r0, #32
10002adc:	3601      	adds	r6, #1
10002ade:	47b8      	blx	r7
10002ae0:	45b2      	cmp	sl, r6
10002ae2:	d8f6      	bhi.n	10002ad2 <_etoa+0x172>
10002ae4:	f10b 33ff 	add.w	r3, fp, #4294967295
10002ae8:	4453      	add	r3, sl
10002aea:	f1cb 0201 	rsb	r2, fp, #1
10002aee:	eba3 0308 	sub.w	r3, r3, r8
10002af2:	4442      	add	r2, r8
10002af4:	4592      	cmp	sl, r2
10002af6:	bf38      	it	cc
10002af8:	2300      	movcc	r3, #0
10002afa:	f108 0801 	add.w	r8, r8, #1
10002afe:	4498      	add	r8, r3
10002b00:	4640      	mov	r0, r8
10002b02:	b01f      	add	sp, #124	@ 0x7c
10002b04:	e8bd 8ff0 	ldmia.w	sp!, {r4, r5, r6, r7, r8, r9, sl, fp, pc}
10002b08:	465a      	mov	r2, fp
10002b0a:	4638      	mov	r0, r7
10002b0c:	e9cd 4528 	strd	r4, r5, [sp, #160]	@ 0xa0
10002b10:	e9cd a62b 	strd	sl, r6, [sp, #172]	@ 0xac
10002b14:	9c0e      	ldr	r4, [sp, #56]	@ 0x38
10002b16:	9b09      	ldr	r3, [sp, #36]	@ 0x24
10002b18:	9908      	ldr	r1, [sp, #32]
10002b1a:	942a      	str	r4, [sp, #168]	@ 0xa8
10002b1c:	b01f      	add	sp, #124	@ 0x7c
10002b1e:	e8bd 4ff0 	ldmia.w	sp!, {r4, r5, r6, r7, r8, r9, sl, fp, lr}
10002b22:	f7ff bcbd 	b.w	100024a0 <_ftoa>
10002b26:	ea58 0309 	orrs.w	r3, r8, r9
10002b2a:	d12b      	bne.n	10002b84 <_etoa+0x224>
10002b2c:	2a00      	cmp	r2, #0
10002b2e:	f43f af62 	beq.w	100029f6 <_etoa+0x96>
10002b32:	2300      	movs	r3, #0
10002b34:	930c      	str	r3, [sp, #48]	@ 0x30
10002b36:	9b0e      	ldr	r3, [sp, #56]	@ 0x38
10002b38:	9a0c      	ldr	r2, [sp, #48]	@ 0x30
10002b3a:	4293      	cmp	r3, r2
10002b3c:	f300 81b9 	bgt.w	10002eb2 <_etoa+0x552>
10002b40:	f04f 0800 	mov.w	r8, #0
10002b44:	4620      	mov	r0, r4
10002b46:	4629      	mov	r1, r5
10002b48:	2200      	movs	r2, #0
10002b4a:	2300      	movs	r3, #0
10002b4c:	f7ff fa1a 	bl	10001f84 <__wrap___aeabi_dcmplt>
10002b50:	2800      	cmp	r0, #0
10002b52:	f040 8113 	bne.w	10002d7c <_etoa+0x41c>
10002b56:	ed9d 7b0a 	vldr	d7, [sp, #40]	@ 0x28
10002b5a:	f426 6600 	bic.w	r6, r6, #2048	@ 0x800
10002b5e:	f446 6680 	orr.w	r6, r6, #1024	@ 0x400
10002b62:	ed8d 7b28 	vstr	d7, [sp, #160]	@ 0xa0
10002b66:	465a      	mov	r2, fp
10002b68:	4638      	mov	r0, r7
10002b6a:	e9cd 8a2a 	strd	r8, sl, [sp, #168]	@ 0xa8
10002b6e:	9b09      	ldr	r3, [sp, #36]	@ 0x24
10002b70:	9908      	ldr	r1, [sp, #32]
10002b72:	962c      	str	r6, [sp, #176]	@ 0xb0
10002b74:	e7d2      	b.n	10002b1c <_etoa+0x1bc>
10002b76:	bf00      	nop
10002b78:	7fefffff 	.word	0x7fefffff
10002b7c:	cccccccd 	.word	0xcccccccd
10002b80:	2306      	movs	r3, #6
10002b82:	930e      	str	r3, [sp, #56]	@ 0x38
10002b84:	f3c9 500a 	ubfx	r0, r9, #20, #11
10002b88:	f2a0 30ff 	subw	r0, r0, #1023	@ 0x3ff
10002b8c:	f7ff f9a0 	bl	10001ed0 <__wrap___aeabi_i2d>
10002b90:	a3c1      	add	r3, pc, #772	@ (adr r3, 10002e98 <_etoa+0x538>)
10002b92:	e9d3 2300 	ldrd	r2, r3, [r3]
10002b96:	f7ff f919 	bl	10001dcc <__wrap___aeabi_dmul>
10002b9a:	a3c1      	add	r3, pc, #772	@ (adr r3, 10002ea0 <_etoa+0x540>)
10002b9c:	e9d3 2300 	ldrd	r2, r3, [r3]
10002ba0:	f7ff f8ec 	bl	10001d7c <__wrap___aeabi_dadd>
10002ba4:	f3c9 0913 	ubfx	r9, r9, #0, #20
10002ba8:	e9cd 010c 	strd	r0, r1, [sp, #48]	@ 0x30
10002bac:	f049 517f 	orr.w	r1, r9, #1069547520	@ 0x3fc00000
10002bb0:	4640      	mov	r0, r8
10002bb2:	2200      	movs	r2, #0
10002bb4:	4bb2      	ldr	r3, [pc, #712]	@ (10002e80 <_etoa+0x520>)
10002bb6:	f441 1140 	orr.w	r1, r1, #3145728	@ 0x300000
10002bba:	f7ff f8f3 	bl	10001da4 <__wrap___aeabi_dsub>
10002bbe:	a3a4      	add	r3, pc, #656	@ (adr r3, 10002e50 <_etoa+0x4f0>)
10002bc0:	e9d3 2300 	ldrd	r2, r3, [r3]
10002bc4:	f7ff f902 	bl	10001dcc <__wrap___aeabi_dmul>
10002bc8:	4602      	mov	r2, r0
10002bca:	460b      	mov	r3, r1
10002bcc:	e9dd 010c 	ldrd	r0, r1, [sp, #48]	@ 0x30
10002bd0:	f7ff f8d4 	bl	10001d7c <__wrap___aeabi_dadd>
10002bd4:	f7ff f9a0 	bl	10001f18 <__wrap___aeabi_d2iz>
10002bd8:	900c      	str	r0, [sp, #48]	@ 0x30
10002bda:	f7ff f979 	bl	10001ed0 <__wrap___aeabi_i2d>
10002bde:	a39e      	add	r3, pc, #632	@ (adr r3, 10002e58 <_etoa+0x4f8>)
10002be0:	e9d3 2300 	ldrd	r2, r3, [r3]
10002be4:	4680      	mov	r8, r0
10002be6:	4689      	mov	r9, r1
10002be8:	f7ff f8f0 	bl	10001dcc <__wrap___aeabi_dmul>
10002bec:	2200      	movs	r2, #0
10002bee:	4ba5      	ldr	r3, [pc, #660]	@ (10002e84 <_etoa+0x524>)
10002bf0:	f7ff f8c4 	bl	10001d7c <__wrap___aeabi_dadd>
10002bf4:	f7ff f990 	bl	10001f18 <__wrap___aeabi_d2iz>
10002bf8:	4603      	mov	r3, r0
10002bfa:	4649      	mov	r1, r9
10002bfc:	4640      	mov	r0, r8
10002bfe:	9312      	str	r3, [sp, #72]	@ 0x48
10002c00:	a397      	add	r3, pc, #604	@ (adr r3, 10002e60 <_etoa+0x500>)
10002c02:	e9d3 2300 	ldrd	r2, r3, [r3]
10002c06:	f7ff f8e1 	bl	10001dcc <__wrap___aeabi_dmul>
10002c0a:	4680      	mov	r8, r0
10002c0c:	9812      	ldr	r0, [sp, #72]	@ 0x48
10002c0e:	4689      	mov	r9, r1
10002c10:	f7ff f95e 	bl	10001ed0 <__wrap___aeabi_i2d>
10002c14:	a394      	add	r3, pc, #592	@ (adr r3, 10002e68 <_etoa+0x508>)
10002c16:	e9d3 2300 	ldrd	r2, r3, [r3]
10002c1a:	f7ff f8d7 	bl	10001dcc <__wrap___aeabi_dmul>
10002c1e:	4602      	mov	r2, r0
10002c20:	460b      	mov	r3, r1
10002c22:	4640      	mov	r0, r8
10002c24:	4649      	mov	r1, r9
10002c26:	f7ff f8bd 	bl	10001da4 <__wrap___aeabi_dsub>
10002c2a:	4602      	mov	r2, r0
10002c2c:	460b      	mov	r3, r1
10002c2e:	4680      	mov	r8, r0
10002c30:	4689      	mov	r9, r1
10002c32:	f7ff f8cb 	bl	10001dcc <__wrap___aeabi_dmul>
10002c36:	4642      	mov	r2, r8
10002c38:	464b      	mov	r3, r9
10002c3a:	e9cd 0110 	strd	r0, r1, [sp, #64]	@ 0x40
10002c3e:	4640      	mov	r0, r8
10002c40:	4649      	mov	r1, r9
10002c42:	f7ff f89b 	bl	10001d7c <__wrap___aeabi_dadd>
10002c46:	2200      	movs	r2, #0
10002c48:	e9cd 0114 	strd	r0, r1, [sp, #80]	@ 0x50
10002c4c:	e9dd 0110 	ldrd	r0, r1, [sp, #64]	@ 0x40
10002c50:	4b8d      	ldr	r3, [pc, #564]	@ (10002e88 <_etoa+0x528>)
10002c52:	f7ff f8e1 	bl	10001e18 <__wrap___aeabi_ddiv>
10002c56:	2200      	movs	r2, #0
10002c58:	4b8c      	ldr	r3, [pc, #560]	@ (10002e8c <_etoa+0x52c>)
10002c5a:	f7ff f88f 	bl	10001d7c <__wrap___aeabi_dadd>
10002c5e:	4602      	mov	r2, r0
10002c60:	460b      	mov	r3, r1
10002c62:	e9dd 0110 	ldrd	r0, r1, [sp, #64]	@ 0x40
10002c66:	f7ff f8d7 	bl	10001e18 <__wrap___aeabi_ddiv>
10002c6a:	2200      	movs	r2, #0
10002c6c:	4b88      	ldr	r3, [pc, #544]	@ (10002e90 <_etoa+0x530>)
10002c6e:	f7ff f885 	bl	10001d7c <__wrap___aeabi_dadd>
10002c72:	4602      	mov	r2, r0
10002c74:	460b      	mov	r3, r1
10002c76:	e9dd 0110 	ldrd	r0, r1, [sp, #64]	@ 0x40
10002c7a:	f7ff f8cd 	bl	10001e18 <__wrap___aeabi_ddiv>
10002c7e:	4642      	mov	r2, r8
10002c80:	464b      	mov	r3, r9
10002c82:	4680      	mov	r8, r0
10002c84:	4689      	mov	r9, r1
10002c86:	2000      	movs	r0, #0
10002c88:	f04f 4180 	mov.w	r1, #1073741824	@ 0x40000000
10002c8c:	f7ff f88a 	bl	10001da4 <__wrap___aeabi_dsub>
10002c90:	4602      	mov	r2, r0
10002c92:	460b      	mov	r3, r1
10002c94:	4640      	mov	r0, r8
10002c96:	4649      	mov	r1, r9
10002c98:	f7ff f870 	bl	10001d7c <__wrap___aeabi_dadd>
10002c9c:	4602      	mov	r2, r0
10002c9e:	460b      	mov	r3, r1
10002ca0:	e9dd 0114 	ldrd	r0, r1, [sp, #80]	@ 0x50
10002ca4:	f7ff f8b8 	bl	10001e18 <__wrap___aeabi_ddiv>
10002ca8:	2200      	movs	r2, #0
10002caa:	4b7a      	ldr	r3, [pc, #488]	@ (10002e94 <_etoa+0x534>)
10002cac:	f7ff f866 	bl	10001d7c <__wrap___aeabi_dadd>
10002cb0:	9b12      	ldr	r3, [sp, #72]	@ 0x48
10002cb2:	2200      	movs	r2, #0
10002cb4:	f203 3cff 	addw	ip, r3, #1023	@ 0x3ff
10002cb8:	ea4f 530c 	mov.w	r3, ip, lsl #20
10002cbc:	f7ff f886 	bl	10001dcc <__wrap___aeabi_dmul>
10002cc0:	4680      	mov	r8, r0
10002cc2:	4689      	mov	r9, r1
10002cc4:	e9dd 010a 	ldrd	r0, r1, [sp, #40]	@ 0x28
10002cc8:	4642      	mov	r2, r8
10002cca:	464b      	mov	r3, r9
10002ccc:	f7ff f95a 	bl	10001f84 <__wrap___aeabi_dcmplt>
10002cd0:	b150      	cbz	r0, 10002ce8 <_etoa+0x388>
10002cd2:	9b0c      	ldr	r3, [sp, #48]	@ 0x30
10002cd4:	4640      	mov	r0, r8
10002cd6:	3b01      	subs	r3, #1
10002cd8:	4649      	mov	r1, r9
10002cda:	930c      	str	r3, [sp, #48]	@ 0x30
10002cdc:	2200      	movs	r2, #0
10002cde:	4b6b      	ldr	r3, [pc, #428]	@ (10002e8c <_etoa+0x52c>)
10002ce0:	f7ff f89a 	bl	10001e18 <__wrap___aeabi_ddiv>
10002ce4:	4680      	mov	r8, r0
10002ce6:	4689      	mov	r9, r1
10002ce8:	9a0c      	ldr	r2, [sp, #48]	@ 0x30
10002cea:	4643      	mov	r3, r8
10002cec:	3263      	adds	r2, #99	@ 0x63
10002cee:	2ac6      	cmp	r2, #198	@ 0xc6
10002cf0:	f006 0202 	and.w	r2, r6, #2
10002cf4:	9210      	str	r2, [sp, #64]	@ 0x40
10002cf6:	4649      	mov	r1, r9
10002cf8:	9a0f      	ldr	r2, [sp, #60]	@ 0x3c
10002cfa:	d82c      	bhi.n	10002d56 <_etoa+0x3f6>
10002cfc:	2a00      	cmp	r2, #0
10002cfe:	d05e      	beq.n	10002dbe <_etoa+0x45e>
10002d00:	2204      	movs	r2, #4
10002d02:	9212      	str	r2, [sp, #72]	@ 0x48
10002d04:	430b      	orrs	r3, r1
10002d06:	f43f af16 	beq.w	10002b36 <_etoa+0x1d6>
10002d0a:	e9dd 010a 	ldrd	r0, r1, [sp, #40]	@ 0x28
10002d0e:	a358      	add	r3, pc, #352	@ (adr r3, 10002e70 <_etoa+0x510>)
10002d10:	e9d3 2300 	ldrd	r2, r3, [r3]
10002d14:	f7ff f95e 	bl	10001fd4 <__wrap___aeabi_dcmpge>
10002d18:	b148      	cbz	r0, 10002d2e <_etoa+0x3ce>
10002d1a:	e9dd 010a 	ldrd	r0, r1, [sp, #40]	@ 0x28
10002d1e:	a356      	add	r3, pc, #344	@ (adr r3, 10002e78 <_etoa+0x518>)
10002d20:	e9d3 2300 	ldrd	r2, r3, [r3]
10002d24:	f7ff f92e 	bl	10001f84 <__wrap___aeabi_dcmplt>
10002d28:	2800      	cmp	r0, #0
10002d2a:	f47f af04 	bne.w	10002b36 <_etoa+0x1d6>
10002d2e:	9b0e      	ldr	r3, [sp, #56]	@ 0x38
10002d30:	2b00      	cmp	r3, #0
10002d32:	d050      	beq.n	10002dd6 <_etoa+0x476>
10002d34:	9a13      	ldr	r2, [sp, #76]	@ 0x4c
10002d36:	2a00      	cmp	r2, #0
10002d38:	d07d      	beq.n	10002e36 <_etoa+0x4d6>
10002d3a:	3b01      	subs	r3, #1
10002d3c:	930e      	str	r3, [sp, #56]	@ 0x38
10002d3e:	9b12      	ldr	r3, [sp, #72]	@ 0x48
10002d40:	459a      	cmp	sl, r3
10002d42:	d905      	bls.n	10002d50 <_etoa+0x3f0>
10002d44:	9b10      	ldr	r3, [sp, #64]	@ 0x40
10002d46:	2b00      	cmp	r3, #0
10002d48:	f000 80ae 	beq.w	10002ea8 <_etoa+0x548>
10002d4c:	2302      	movs	r3, #2
10002d4e:	9310      	str	r3, [sp, #64]	@ 0x40
10002d50:	2300      	movs	r3, #0
10002d52:	930f      	str	r3, [sp, #60]	@ 0x3c
10002d54:	e044      	b.n	10002de0 <_etoa+0x480>
10002d56:	bb22      	cbnz	r2, 10002da2 <_etoa+0x442>
10002d58:	f1ba 0f05 	cmp.w	sl, #5
10002d5c:	d94f      	bls.n	10002dfe <_etoa+0x49e>
10002d5e:	f006 0302 	and.w	r3, r6, #2
10002d62:	2b00      	cmp	r3, #0
10002d64:	d149      	bne.n	10002dfa <_etoa+0x49a>
10002d66:	2305      	movs	r3, #5
10002d68:	9312      	str	r3, [sp, #72]	@ 0x48
10002d6a:	f1aa 0305 	sub.w	r3, sl, #5
10002d6e:	930f      	str	r3, [sp, #60]	@ 0x3c
10002d70:	e03a      	b.n	10002de8 <_etoa+0x488>
10002d72:	f105 4300 	add.w	r3, r5, #2147483648	@ 0x80000000
10002d76:	940a      	str	r4, [sp, #40]	@ 0x28
10002d78:	930b      	str	r3, [sp, #44]	@ 0x2c
10002d7a:	e627      	b.n	100029cc <_etoa+0x6c>
10002d7c:	f426 6600 	bic.w	r6, r6, #2048	@ 0x800
10002d80:	f446 6680 	orr.w	r6, r6, #1024	@ 0x400
10002d84:	4638      	mov	r0, r7
10002d86:	962c      	str	r6, [sp, #176]	@ 0xb0
10002d88:	e9dd 670a 	ldrd	r6, r7, [sp, #40]	@ 0x28
10002d8c:	4634      	mov	r4, r6
10002d8e:	f107 4500 	add.w	r5, r7, #2147483648	@ 0x80000000
10002d92:	465a      	mov	r2, fp
10002d94:	e9cd 8a2a 	strd	r8, sl, [sp, #168]	@ 0xa8
10002d98:	e9cd 4528 	strd	r4, r5, [sp, #160]	@ 0xa0
10002d9c:	9b09      	ldr	r3, [sp, #36]	@ 0x24
10002d9e:	9908      	ldr	r1, [sp, #32]
10002da0:	e6bc      	b.n	10002b1c <_etoa+0x1bc>
10002da2:	2205      	movs	r2, #5
10002da4:	9212      	str	r2, [sp, #72]	@ 0x48
10002da6:	e7ad      	b.n	10002d04 <_etoa+0x3a4>
10002da8:	2300      	movs	r3, #0
10002daa:	2202      	movs	r2, #2
10002dac:	e9cd 320f 	strd	r3, r2, [sp, #60]	@ 0x3c
10002db0:	2204      	movs	r2, #4
10002db2:	930c      	str	r3, [sp, #48]	@ 0x30
10002db4:	9212      	str	r2, [sp, #72]	@ 0x48
10002db6:	e62c      	b.n	10002a12 <_etoa+0xb2>
10002db8:	f04f 0805 	mov.w	r8, #5
10002dbc:	e6c2      	b.n	10002b44 <_etoa+0x1e4>
10002dbe:	f1ba 0f04 	cmp.w	sl, #4
10002dc2:	d91f      	bls.n	10002e04 <_etoa+0x4a4>
10002dc4:	9b10      	ldr	r3, [sp, #64]	@ 0x40
10002dc6:	2b00      	cmp	r3, #0
10002dc8:	d178      	bne.n	10002ebc <_etoa+0x55c>
10002dca:	2304      	movs	r3, #4
10002dcc:	9312      	str	r3, [sp, #72]	@ 0x48
10002dce:	f1aa 0304 	sub.w	r3, sl, #4
10002dd2:	930f      	str	r3, [sp, #60]	@ 0x3c
10002dd4:	e004      	b.n	10002de0 <_etoa+0x480>
10002dd6:	9b12      	ldr	r3, [sp, #72]	@ 0x48
10002dd8:	459a      	cmp	sl, r3
10002dda:	d831      	bhi.n	10002e40 <_etoa+0x4e0>
10002ddc:	9b0e      	ldr	r3, [sp, #56]	@ 0x38
10002dde:	930f      	str	r3, [sp, #60]	@ 0x3c
10002de0:	9b0c      	ldr	r3, [sp, #48]	@ 0x30
10002de2:	2b00      	cmp	r3, #0
10002de4:	f43f ae15 	beq.w	10002a12 <_etoa+0xb2>
10002de8:	e9dd 010a 	ldrd	r0, r1, [sp, #40]	@ 0x28
10002dec:	4642      	mov	r2, r8
10002dee:	464b      	mov	r3, r9
10002df0:	f7ff f812 	bl	10001e18 <__wrap___aeabi_ddiv>
10002df4:	e9cd 010a 	strd	r0, r1, [sp, #40]	@ 0x28
10002df8:	e60b      	b.n	10002a12 <_etoa+0xb2>
10002dfa:	2302      	movs	r3, #2
10002dfc:	9310      	str	r3, [sp, #64]	@ 0x40
10002dfe:	2305      	movs	r3, #5
10002e00:	9312      	str	r3, [sp, #72]	@ 0x48
10002e02:	e7f1      	b.n	10002de8 <_etoa+0x488>
10002e04:	2304      	movs	r3, #4
10002e06:	9312      	str	r3, [sp, #72]	@ 0x48
10002e08:	e7ea      	b.n	10002de0 <_etoa+0x480>
10002e0a:	e9dd 450a 	ldrd	r4, r5, [sp, #40]	@ 0x28
10002e0e:	46a0      	mov	r8, r4
10002e10:	9b0f      	ldr	r3, [sp, #60]	@ 0x3c
10002e12:	f105 4900 	add.w	r9, r5, #2147483648	@ 0x80000000
10002e16:	9303      	str	r3, [sp, #12]
10002e18:	9b0e      	ldr	r3, [sp, #56]	@ 0x38
10002e1a:	465a      	mov	r2, fp
10002e1c:	9302      	str	r3, [sp, #8]
10002e1e:	f426 6300 	bic.w	r3, r6, #2048	@ 0x800
10002e22:	9304      	str	r3, [sp, #16]
10002e24:	4638      	mov	r0, r7
10002e26:	e9cd 8900 	strd	r8, r9, [sp]
10002e2a:	9b09      	ldr	r3, [sp, #36]	@ 0x24
10002e2c:	9908      	ldr	r1, [sp, #32]
10002e2e:	f7ff fb37 	bl	100024a0 <_ftoa>
10002e32:	4602      	mov	r2, r0
10002e34:	e608      	b.n	10002a48 <_etoa+0xe8>
10002e36:	9b12      	ldr	r3, [sp, #72]	@ 0x48
10002e38:	459a      	cmp	sl, r3
10002e3a:	d844      	bhi.n	10002ec6 <_etoa+0x566>
10002e3c:	920f      	str	r2, [sp, #60]	@ 0x3c
10002e3e:	e7cf      	b.n	10002de0 <_etoa+0x480>
10002e40:	9b10      	ldr	r3, [sp, #64]	@ 0x40
10002e42:	b38b      	cbz	r3, 10002ea8 <_etoa+0x548>
10002e44:	9b0e      	ldr	r3, [sp, #56]	@ 0x38
10002e46:	930f      	str	r3, [sp, #60]	@ 0x3c
10002e48:	2302      	movs	r3, #2
10002e4a:	9310      	str	r3, [sp, #64]	@ 0x40
10002e4c:	e7c8      	b.n	10002de0 <_etoa+0x480>
10002e4e:	bf00      	nop
10002e50:	636f4361 	.word	0x636f4361
10002e54:	3fd287a7 	.word	0x3fd287a7
10002e58:	0979a371 	.word	0x0979a371
10002e5c:	400a934f 	.word	0x400a934f
10002e60:	bbb55516 	.word	0xbbb55516
10002e64:	40026bb1 	.word	0x40026bb1
10002e68:	fefa39ef 	.word	0xfefa39ef
10002e6c:	3fe62e42 	.word	0x3fe62e42
10002e70:	eb1c432d 	.word	0xeb1c432d
10002e74:	3f1a36e2 	.word	0x3f1a36e2
10002e78:	00000000 	.word	0x00000000
10002e7c:	412e8480 	.word	0x412e8480
10002e80:	3ff80000 	.word	0x3ff80000
10002e84:	3fe00000 	.word	0x3fe00000
10002e88:	402c0000 	.word	0x402c0000
10002e8c:	40240000 	.word	0x40240000
10002e90:	40180000 	.word	0x40180000
10002e94:	3ff00000 	.word	0x3ff00000
10002e98:	509f79fb 	.word	0x509f79fb
10002e9c:	3fd34413 	.word	0x3fd34413
10002ea0:	8b60c8b3 	.word	0x8b60c8b3
10002ea4:	3fc68a28 	.word	0x3fc68a28
10002ea8:	9b12      	ldr	r3, [sp, #72]	@ 0x48
10002eaa:	ebaa 0303 	sub.w	r3, sl, r3
10002eae:	930f      	str	r3, [sp, #60]	@ 0x3c
10002eb0:	e796      	b.n	10002de0 <_etoa+0x480>
10002eb2:	eba3 0802 	sub.w	r8, r3, r2
10002eb6:	f108 38ff 	add.w	r8, r8, #4294967295
10002eba:	e643      	b.n	10002b44 <_etoa+0x1e4>
10002ebc:	2304      	movs	r3, #4
10002ebe:	9312      	str	r3, [sp, #72]	@ 0x48
10002ec0:	2302      	movs	r3, #2
10002ec2:	9310      	str	r3, [sp, #64]	@ 0x40
10002ec4:	e78c      	b.n	10002de0 <_etoa+0x480>
10002ec6:	9b10      	ldr	r3, [sp, #64]	@ 0x40
10002ec8:	2b00      	cmp	r3, #0
10002eca:	d0ed      	beq.n	10002ea8 <_etoa+0x548>
10002ecc:	2302      	movs	r3, #2
10002ece:	920f      	str	r2, [sp, #60]	@ 0x3c
10002ed0:	9310      	str	r3, [sp, #64]	@ 0x40
10002ed2:	e785      	b.n	10002de0 <_etoa+0x480>

10002ed4 <_vsnprintf>:
10002ed4:	e92d 4ff0 	stmdb	sp!, {r4, r5, r6, r7, r8, r9, sl, fp, lr}
10002ed8:	b09b      	sub	sp, #108	@ 0x6c
10002eda:	9c24      	ldr	r4, [sp, #144]	@ 0x90
10002edc:	4d95      	ldr	r5, [pc, #596]	@ (10003134 <_vsnprintf+0x260>)
10002ede:	940a      	str	r4, [sp, #40]	@ 0x28
10002ee0:	4c95      	ldr	r4, [pc, #596]	@ (10003138 <_vsnprintf+0x264>)
10002ee2:	f1b1 0a00 	subs.w	sl, r1, #0
10002ee6:	bf18      	it	ne
10002ee8:	4683      	movne	fp, r0
10002eea:	6025      	str	r5, [r4, #0]
10002eec:	7818      	ldrb	r0, [r3, #0]
10002eee:	4c93      	ldr	r4, [pc, #588]	@ (1000313c <_vsnprintf+0x268>)
10002ef0:	4691      	mov	r9, r2
10002ef2:	bf08      	it	eq
10002ef4:	46a3      	moveq	fp, r4
10002ef6:	9309      	str	r3, [sp, #36]	@ 0x24
10002ef8:	2800      	cmp	r0, #0
10002efa:	f000 8293 	beq.w	10003424 <_vsnprintf+0x550>
10002efe:	f04f 0800 	mov.w	r8, #0
10002f02:	e00a      	b.n	10002f1a <_vsnprintf+0x46>
10002f04:	4642      	mov	r2, r8
10002f06:	464b      	mov	r3, r9
10002f08:	4651      	mov	r1, sl
10002f0a:	f108 0801 	add.w	r8, r8, #1
10002f0e:	47d8      	blx	fp
10002f10:	9b09      	ldr	r3, [sp, #36]	@ 0x24
10002f12:	7818      	ldrb	r0, [r3, #0]
10002f14:	2800      	cmp	r0, #0
10002f16:	f000 80ce 	beq.w	100030b6 <_vsnprintf+0x1e2>
10002f1a:	9b09      	ldr	r3, [sp, #36]	@ 0x24
10002f1c:	2825      	cmp	r0, #37	@ 0x25
10002f1e:	f103 0301 	add.w	r3, r3, #1
10002f22:	9309      	str	r3, [sp, #36]	@ 0x24
10002f24:	d1ee      	bne.n	10002f04 <_vsnprintf+0x30>
10002f26:	461c      	mov	r4, r3
10002f28:	2300      	movs	r3, #0
10002f2a:	4622      	mov	r2, r4
10002f2c:	f812 0b01 	ldrb.w	r0, [r2], #1
10002f30:	f1a0 0120 	sub.w	r1, r0, #32
10002f34:	2910      	cmp	r1, #16
10002f36:	d80a      	bhi.n	10002f4e <_vsnprintf+0x7a>
10002f38:	e8df f001 	tbb	[pc, r1]
10002f3c:	3c090940 	.word	0x3c090940
10002f40:	09090909 	.word	0x09090909
10002f44:	38090909 	.word	0x38090909
10002f48:	09093409 	.word	0x09093409
10002f4c:	30          	.byte	0x30
10002f4d:	00          	.byte	0x00
10002f4e:	f1a0 0130 	sub.w	r1, r0, #48	@ 0x30
10002f52:	2909      	cmp	r1, #9
10002f54:	9409      	str	r4, [sp, #36]	@ 0x24
10002f56:	f240 808a 	bls.w	1000306e <_vsnprintf+0x19a>
10002f5a:	282a      	cmp	r0, #42	@ 0x2a
10002f5c:	f000 80f0 	beq.w	10003140 <_vsnprintf+0x26c>
10002f60:	2500      	movs	r5, #0
10002f62:	282e      	cmp	r0, #46	@ 0x2e
10002f64:	f000 8096 	beq.w	10003094 <_vsnprintf+0x1c0>
10002f68:	2600      	movs	r6, #0
10002f6a:	f1a0 0168 	sub.w	r1, r0, #104	@ 0x68
10002f6e:	2912      	cmp	r1, #18
10002f70:	d82d      	bhi.n	10002fce <_vsnprintf+0xfa>
10002f72:	e8df f011 	tbh	[pc, r1, lsl #1]
10002f76:	0149      	.short	0x0149
10002f78:	0143002c 	.word	0x0143002c
10002f7c:	0138002c 	.word	0x0138002c
10002f80:	002c002c 	.word	0x002c002c
10002f84:	002c002c 	.word	0x002c002c
10002f88:	002c002c 	.word	0x002c002c
10002f8c:	0027002c 	.word	0x0027002c
10002f90:	002c002c 	.word	0x002c002c
10002f94:	002c002c 	.word	0x002c002c
10002f98:	0027002c 	.word	0x0027002c
10002f9c:	4614      	mov	r4, r2
10002f9e:	f043 0301 	orr.w	r3, r3, #1
10002fa2:	e7c2      	b.n	10002f2a <_vsnprintf+0x56>
10002fa4:	4614      	mov	r4, r2
10002fa6:	f043 0302 	orr.w	r3, r3, #2
10002faa:	e7be      	b.n	10002f2a <_vsnprintf+0x56>
10002fac:	4614      	mov	r4, r2
10002fae:	f043 0304 	orr.w	r3, r3, #4
10002fb2:	e7ba      	b.n	10002f2a <_vsnprintf+0x56>
10002fb4:	4614      	mov	r4, r2
10002fb6:	f043 0310 	orr.w	r3, r3, #16
10002fba:	e7b6      	b.n	10002f2a <_vsnprintf+0x56>
10002fbc:	4614      	mov	r4, r2
10002fbe:	f043 0308 	orr.w	r3, r3, #8
10002fc2:	e7b2      	b.n	10002f2a <_vsnprintf+0x56>
10002fc4:	9909      	ldr	r1, [sp, #36]	@ 0x24
10002fc6:	7848      	ldrb	r0, [r1, #1]
10002fc8:	f443 7380 	orr.w	r3, r3, #256	@ 0x100
10002fcc:	3201      	adds	r2, #1
10002fce:	2867      	cmp	r0, #103	@ 0x67
10002fd0:	9209      	str	r2, [sp, #36]	@ 0x24
10002fd2:	d87e      	bhi.n	100030d2 <_vsnprintf+0x1fe>
10002fd4:	2824      	cmp	r0, #36	@ 0x24
10002fd6:	f240 80c1 	bls.w	1000315c <_vsnprintf+0x288>
10002fda:	f1a0 0225 	sub.w	r2, r0, #37	@ 0x25
10002fde:	2a42      	cmp	r2, #66	@ 0x42
10002fe0:	f200 80bc 	bhi.w	1000315c <_vsnprintf+0x288>
10002fe4:	e8df f012 	tbh	[pc, r2, lsl #1]
10002fe8:	00ba0150 	.word	0x00ba0150
10002fec:	00ba00ba 	.word	0x00ba00ba
10002ff0:	00ba00ba 	.word	0x00ba00ba
10002ff4:	00ba00ba 	.word	0x00ba00ba
10002ff8:	00ba00ba 	.word	0x00ba00ba
10002ffc:	00ba00ba 	.word	0x00ba00ba
10003000:	00ba00ba 	.word	0x00ba00ba
10003004:	00ba00ba 	.word	0x00ba00ba
10003008:	00ba00ba 	.word	0x00ba00ba
1000300c:	00ba00ba 	.word	0x00ba00ba
10003010:	00ba00ba 	.word	0x00ba00ba
10003014:	00ba00ba 	.word	0x00ba00ba
10003018:	00ba00ba 	.word	0x00ba00ba
1000301c:	00ba00ba 	.word	0x00ba00ba
10003020:	00ba00ba 	.word	0x00ba00ba
10003024:	00ba00ba 	.word	0x00ba00ba
10003028:	01370119 	.word	0x01370119
1000302c:	00ba0119 	.word	0x00ba0119
10003030:	00ba00ba 	.word	0x00ba00ba
10003034:	00ba00ba 	.word	0x00ba00ba
10003038:	00ba00ba 	.word	0x00ba00ba
1000303c:	00ba00ba 	.word	0x00ba00ba
10003040:	00ba00ba 	.word	0x00ba00ba
10003044:	00ba00ba 	.word	0x00ba00ba
10003048:	00ba00ba 	.word	0x00ba00ba
1000304c:	01bc00ba 	.word	0x01bc00ba
10003050:	00ba00ba 	.word	0x00ba00ba
10003054:	00ba00ba 	.word	0x00ba00ba
10003058:	00ba00ba 	.word	0x00ba00ba
1000305c:	00ba00ba 	.word	0x00ba00ba
10003060:	01bc00ba 	.word	0x01bc00ba
10003064:	01bc0158 	.word	0x01bc0158
10003068:	01370119 	.word	0x01370119
1000306c:	0119      	.short	0x0119
1000306e:	2500      	movs	r5, #0
10003070:	e000      	b.n	10003074 <_vsnprintf+0x1a0>
10003072:	3201      	adds	r2, #1
10003074:	eb05 0585 	add.w	r5, r5, r5, lsl #2
10003078:	eb00 0545 	add.w	r5, r0, r5, lsl #1
1000307c:	7810      	ldrb	r0, [r2, #0]
1000307e:	3d30      	subs	r5, #48	@ 0x30
10003080:	f1a0 0130 	sub.w	r1, r0, #48	@ 0x30
10003084:	2909      	cmp	r1, #9
10003086:	d9f4      	bls.n	10003072 <_vsnprintf+0x19e>
10003088:	282e      	cmp	r0, #46	@ 0x2e
1000308a:	9209      	str	r2, [sp, #36]	@ 0x24
1000308c:	f102 0201 	add.w	r2, r2, #1
10003090:	f47f af6a 	bne.w	10002f68 <_vsnprintf+0x94>
10003094:	9909      	ldr	r1, [sp, #36]	@ 0x24
10003096:	f443 6380 	orr.w	r3, r3, #1024	@ 0x400
1000309a:	7848      	ldrb	r0, [r1, #1]
1000309c:	4611      	mov	r1, r2
1000309e:	f1a0 0630 	sub.w	r6, r0, #48	@ 0x30
100030a2:	2e09      	cmp	r6, #9
100030a4:	f240 8121 	bls.w	100032ea <_vsnprintf+0x416>
100030a8:	282a      	cmp	r0, #42	@ 0x2a
100030aa:	f000 812f 	beq.w	1000330c <_vsnprintf+0x438>
100030ae:	9209      	str	r2, [sp, #36]	@ 0x24
100030b0:	2600      	movs	r6, #0
100030b2:	3201      	adds	r2, #1
100030b4:	e759      	b.n	10002f6a <_vsnprintf+0x96>
100030b6:	4644      	mov	r4, r8
100030b8:	45c1      	cmp	r9, r8
100030ba:	d801      	bhi.n	100030c0 <_vsnprintf+0x1ec>
100030bc:	f109 38ff 	add.w	r8, r9, #4294967295
100030c0:	464b      	mov	r3, r9
100030c2:	4642      	mov	r2, r8
100030c4:	4651      	mov	r1, sl
100030c6:	2000      	movs	r0, #0
100030c8:	47d8      	blx	fp
100030ca:	4620      	mov	r0, r4
100030cc:	b01b      	add	sp, #108	@ 0x6c
100030ce:	e8bd 8ff0 	ldmia.w	sp!, {r4, r5, r6, r7, r8, r9, sl, fp, pc}
100030d2:	f1a0 0269 	sub.w	r2, r0, #105	@ 0x69
100030d6:	b2d2      	uxtb	r2, r2
100030d8:	2a0f      	cmp	r2, #15
100030da:	d83f      	bhi.n	1000315c <_vsnprintf+0x288>
100030dc:	2101      	movs	r1, #1
100030de:	f249 0741 	movw	r7, #36929	@ 0x9041
100030e2:	4091      	lsls	r1, r2
100030e4:	4039      	ands	r1, r7
100030e6:	f040 80f3 	bne.w	100032d0 <_vsnprintf+0x3fc>
100030ea:	2a0a      	cmp	r2, #10
100030ec:	d03d      	beq.n	1000316a <_vsnprintf+0x296>
100030ee:	2a07      	cmp	r2, #7
100030f0:	d134      	bne.n	1000315c <_vsnprintf+0x288>
100030f2:	9d0a      	ldr	r5, [sp, #40]	@ 0x28
100030f4:	f855 2b04 	ldr.w	r2, [r5], #4
100030f8:	2a00      	cmp	r2, #0
100030fa:	f000 8113 	beq.w	10003324 <_vsnprintf+0x450>
100030fe:	f043 0021 	orr.w	r0, r3, #33	@ 0x21
10003102:	ab12      	add	r3, sp, #72	@ 0x48
10003104:	461f      	mov	r7, r3
10003106:	930b      	str	r3, [sp, #44]	@ 0x2c
10003108:	e003      	b.n	10003112 <_vsnprintf+0x23e>
1000310a:	2920      	cmp	r1, #32
1000310c:	f000 8114 	beq.w	10003338 <_vsnprintf+0x464>
10003110:	461a      	mov	r2, r3
10003112:	f002 040f 	and.w	r4, r2, #15
10003116:	4623      	mov	r3, r4
10003118:	2c09      	cmp	r4, #9
1000311a:	bf94      	ite	ls
1000311c:	3330      	addls	r3, #48	@ 0x30
1000311e:	3337      	addhi	r3, #55	@ 0x37
10003120:	2a0f      	cmp	r2, #15
10003122:	f807 3b01 	strb.w	r3, [r7], #1
10003126:	f101 0101 	add.w	r1, r1, #1
1000312a:	ea4f 1312 	mov.w	r3, r2, lsr #4
1000312e:	d8ec      	bhi.n	1000310a <_vsnprintf+0x236>
10003130:	e102      	b.n	10003338 <_vsnprintf+0x464>
10003132:	bf00      	nop
10003134:	10002ed5 	.word	0x10002ed5
10003138:	20002894 	.word	0x20002894
1000313c:	10002221 	.word	0x10002221
10003140:	990a      	ldr	r1, [sp, #40]	@ 0x28
10003142:	9809      	ldr	r0, [sp, #36]	@ 0x24
10003144:	f851 5b04 	ldr.w	r5, [r1], #4
10003148:	7840      	ldrb	r0, [r0, #1]
1000314a:	2d00      	cmp	r5, #0
1000314c:	e9cd 2109 	strd	r2, r1, [sp, #36]	@ 0x24
10003150:	bfbc      	itt	lt
10003152:	f043 0302 	orrlt.w	r3, r3, #2
10003156:	426d      	neglt	r5, r5
10003158:	3201      	adds	r2, #1
1000315a:	e702      	b.n	10002f62 <_vsnprintf+0x8e>
1000315c:	4642      	mov	r2, r8
1000315e:	464b      	mov	r3, r9
10003160:	4651      	mov	r1, sl
10003162:	f108 0801 	add.w	r8, r8, #1
10003166:	47d8      	blx	fp
10003168:	e6d2      	b.n	10002f10 <_vsnprintf+0x3c>
1000316a:	990a      	ldr	r1, [sp, #40]	@ 0x28
1000316c:	2e00      	cmp	r6, #0
1000316e:	f851 7b04 	ldr.w	r7, [r1], #4
10003172:	bf18      	it	ne
10003174:	4632      	movne	r2, r6
10003176:	7838      	ldrb	r0, [r7, #0]
10003178:	bf08      	it	eq
1000317a:	f04f 32ff 	moveq.w	r2, #4294967295
1000317e:	2800      	cmp	r0, #0
10003180:	f000 837b 	beq.w	1000387a <_vsnprintf+0x9a6>
10003184:	18bc      	adds	r4, r7, r2
10003186:	46a4      	mov	ip, r4
10003188:	463a      	mov	r2, r7
1000318a:	e004      	b.n	10003196 <_vsnprintf+0x2c2>
1000318c:	f812 4f01 	ldrb.w	r4, [r2, #1]!
10003190:	2c00      	cmp	r4, #0
10003192:	f000 813f 	beq.w	10003414 <_vsnprintf+0x540>
10003196:	4594      	cmp	ip, r2
10003198:	d1f8      	bne.n	1000318c <_vsnprintf+0x2b8>
1000319a:	4664      	mov	r4, ip
1000319c:	1be4      	subs	r4, r4, r7
1000319e:	055a      	lsls	r2, r3, #21
100031a0:	f140 8122 	bpl.w	100033e8 <_vsnprintf+0x514>
100031a4:	42b4      	cmp	r4, r6
100031a6:	bf28      	it	cs
100031a8:	4634      	movcs	r4, r6
100031aa:	f013 0302 	ands.w	r3, r3, #2
100031ae:	f000 8288 	beq.w	100036c2 <_vsnprintf+0x7ee>
100031b2:	2302      	movs	r3, #2
100031b4:	e9cd 510a 	strd	r5, r1, [sp, #40]	@ 0x28
100031b8:	4642      	mov	r2, r8
100031ba:	461d      	mov	r5, r3
100031bc:	4446      	add	r6, r8
100031be:	e008      	b.n	100031d2 <_vsnprintf+0x2fe>
100031c0:	464b      	mov	r3, r9
100031c2:	4651      	mov	r1, sl
100031c4:	47d8      	blx	fp
100031c6:	f817 0f01 	ldrb.w	r0, [r7, #1]!
100031ca:	f108 0801 	add.w	r8, r8, #1
100031ce:	b110      	cbz	r0, 100031d6 <_vsnprintf+0x302>
100031d0:	4642      	mov	r2, r8
100031d2:	4546      	cmp	r6, r8
100031d4:	d1f4      	bne.n	100031c0 <_vsnprintf+0x2ec>
100031d6:	462b      	mov	r3, r5
100031d8:	990b      	ldr	r1, [sp, #44]	@ 0x2c
100031da:	9d0a      	ldr	r5, [sp, #40]	@ 0x28
100031dc:	2b00      	cmp	r3, #0
100031de:	f040 8141 	bne.w	10003464 <_vsnprintf+0x590>
100031e2:	910a      	str	r1, [sp, #40]	@ 0x28
100031e4:	e694      	b.n	10002f10 <_vsnprintf+0x3c>
100031e6:	9909      	ldr	r1, [sp, #36]	@ 0x24
100031e8:	7848      	ldrb	r0, [r1, #1]
100031ea:	286c      	cmp	r0, #108	@ 0x6c
100031ec:	f47f aeec 	bne.w	10002fc8 <_vsnprintf+0xf4>
100031f0:	460a      	mov	r2, r1
100031f2:	7888      	ldrb	r0, [r1, #2]
100031f4:	f443 7340 	orr.w	r3, r3, #768	@ 0x300
100031f8:	3203      	adds	r2, #3
100031fa:	e6e8      	b.n	10002fce <_vsnprintf+0xfa>
100031fc:	9909      	ldr	r1, [sp, #36]	@ 0x24
100031fe:	f443 7300 	orr.w	r3, r3, #512	@ 0x200
10003202:	7848      	ldrb	r0, [r1, #1]
10003204:	3201      	adds	r2, #1
10003206:	e6e2      	b.n	10002fce <_vsnprintf+0xfa>
10003208:	9909      	ldr	r1, [sp, #36]	@ 0x24
1000320a:	7848      	ldrb	r0, [r1, #1]
1000320c:	2868      	cmp	r0, #104	@ 0x68
1000320e:	f000 8103 	beq.w	10003418 <_vsnprintf+0x544>
10003212:	f043 0380 	orr.w	r3, r3, #128	@ 0x80
10003216:	3201      	adds	r2, #1
10003218:	e6d9      	b.n	10002fce <_vsnprintf+0xfa>
1000321a:	2867      	cmp	r0, #103	@ 0x67
1000321c:	f000 80d9 	beq.w	100033d2 <_vsnprintf+0x4fe>
10003220:	2847      	cmp	r0, #71	@ 0x47
10003222:	f000 80dc 	beq.w	100033de <_vsnprintf+0x50a>
10003226:	2845      	cmp	r0, #69	@ 0x45
10003228:	f000 80db 	beq.w	100033e2 <_vsnprintf+0x50e>
1000322c:	e9cd 5303 	strd	r5, r3, [sp, #12]
10003230:	9b0a      	ldr	r3, [sp, #40]	@ 0x28
10003232:	9602      	str	r6, [sp, #8]
10003234:	3307      	adds	r3, #7
10003236:	f023 0307 	bic.w	r3, r3, #7
1000323a:	461c      	mov	r4, r3
1000323c:	4642      	mov	r2, r8
1000323e:	e8f4 6702 	ldrd	r6, r7, [r4], #8
10003242:	464b      	mov	r3, r9
10003244:	4651      	mov	r1, sl
10003246:	4658      	mov	r0, fp
10003248:	e9cd 6700 	strd	r6, r7, [sp]
1000324c:	940a      	str	r4, [sp, #40]	@ 0x28
1000324e:	f7ff fb87 	bl	10002960 <_etoa>
10003252:	4680      	mov	r8, r0
10003254:	e65c      	b.n	10002f10 <_vsnprintf+0x3c>
10003256:	2846      	cmp	r0, #70	@ 0x46
10003258:	bf08      	it	eq
1000325a:	f043 0320 	orreq.w	r3, r3, #32
1000325e:	e9cd 5303 	strd	r5, r3, [sp, #12]
10003262:	9b0a      	ldr	r3, [sp, #40]	@ 0x28
10003264:	9602      	str	r6, [sp, #8]
10003266:	3307      	adds	r3, #7
10003268:	f023 0307 	bic.w	r3, r3, #7
1000326c:	461c      	mov	r4, r3
1000326e:	4642      	mov	r2, r8
10003270:	e8f4 6702 	ldrd	r6, r7, [r4], #8
10003274:	464b      	mov	r3, r9
10003276:	4651      	mov	r1, sl
10003278:	4658      	mov	r0, fp
1000327a:	e9cd 6700 	strd	r6, r7, [sp]
1000327e:	940a      	str	r4, [sp, #40]	@ 0x28
10003280:	f7ff f90e 	bl	100024a0 <_ftoa>
10003284:	4680      	mov	r8, r0
10003286:	e643      	b.n	10002f10 <_vsnprintf+0x3c>
10003288:	4642      	mov	r2, r8
1000328a:	464b      	mov	r3, r9
1000328c:	4651      	mov	r1, sl
1000328e:	2025      	movs	r0, #37	@ 0x25
10003290:	f108 0801 	add.w	r8, r8, #1
10003294:	47d8      	blx	fp
10003296:	e63b      	b.n	10002f10 <_vsnprintf+0x3c>
10003298:	9a0a      	ldr	r2, [sp, #40]	@ 0x28
1000329a:	0799      	lsls	r1, r3, #30
1000329c:	f102 0404 	add.w	r4, r2, #4
100032a0:	f108 0601 	add.w	r6, r8, #1
100032a4:	f140 80c6 	bpl.w	10003434 <_vsnprintf+0x560>
100032a8:	7810      	ldrb	r0, [r2, #0]
100032aa:	464b      	mov	r3, r9
100032ac:	4642      	mov	r2, r8
100032ae:	4651      	mov	r1, sl
100032b0:	47d8      	blx	fp
100032b2:	2d01      	cmp	r5, #1
100032b4:	bf88      	it	hi
100032b6:	44a8      	addhi	r8, r5
100032b8:	f240 81bd 	bls.w	10003636 <_vsnprintf+0x762>
100032bc:	4632      	mov	r2, r6
100032be:	464b      	mov	r3, r9
100032c0:	4651      	mov	r1, sl
100032c2:	2020      	movs	r0, #32
100032c4:	3601      	adds	r6, #1
100032c6:	47d8      	blx	fp
100032c8:	4546      	cmp	r6, r8
100032ca:	d1f7      	bne.n	100032bc <_vsnprintf+0x3e8>
100032cc:	940a      	str	r4, [sp, #40]	@ 0x28
100032ce:	e61f      	b.n	10002f10 <_vsnprintf+0x3c>
100032d0:	286f      	cmp	r0, #111	@ 0x6f
100032d2:	f000 8081 	beq.w	100033d8 <_vsnprintf+0x504>
100032d6:	f240 8248 	bls.w	1000376a <_vsnprintf+0x896>
100032da:	2878      	cmp	r0, #120	@ 0x78
100032dc:	f000 8190 	beq.w	10003600 <_vsnprintf+0x72c>
100032e0:	270a      	movs	r7, #10
100032e2:	f023 0310 	bic.w	r3, r3, #16
100032e6:	46bc      	mov	ip, r7
100032e8:	e041      	b.n	1000336e <_vsnprintf+0x49a>
100032ea:	2600      	movs	r6, #0
100032ec:	eb06 0686 	add.w	r6, r6, r6, lsl #2
100032f0:	eb00 0046 	add.w	r0, r0, r6, lsl #1
100032f4:	f1a0 0630 	sub.w	r6, r0, #48	@ 0x30
100032f8:	f811 0f01 	ldrb.w	r0, [r1, #1]!
100032fc:	f1a0 0230 	sub.w	r2, r0, #48	@ 0x30
10003300:	2a09      	cmp	r2, #9
10003302:	d9f3      	bls.n	100032ec <_vsnprintf+0x418>
10003304:	460a      	mov	r2, r1
10003306:	9109      	str	r1, [sp, #36]	@ 0x24
10003308:	3201      	adds	r2, #1
1000330a:	e62e      	b.n	10002f6a <_vsnprintf+0x96>
1000330c:	e9dd 2109 	ldrd	r2, r1, [sp, #36]	@ 0x24
10003310:	f851 6b04 	ldr.w	r6, [r1], #4
10003314:	7890      	ldrb	r0, [r2, #2]
10003316:	3202      	adds	r2, #2
10003318:	9209      	str	r2, [sp, #36]	@ 0x24
1000331a:	910a      	str	r1, [sp, #40]	@ 0x28
1000331c:	3201      	adds	r2, #1
1000331e:	ea26 76e6 	bic.w	r6, r6, r6, asr #31
10003322:	e622      	b.n	10002f6a <_vsnprintf+0x96>
10003324:	f023 0010 	bic.w	r0, r3, #16
10003328:	f413 6280 	ands.w	r2, r3, #1024	@ 0x400
1000332c:	f040 0021 	orr.w	r0, r0, #33	@ 0x21
10003330:	f43f aee7 	beq.w	10003102 <_vsnprintf+0x22e>
10003334:	ab12      	add	r3, sp, #72	@ 0x48
10003336:	930b      	str	r3, [sp, #44]	@ 0x2c
10003338:	9b0b      	ldr	r3, [sp, #44]	@ 0x2c
1000333a:	9006      	str	r0, [sp, #24]
1000333c:	9300      	str	r3, [sp, #0]
1000333e:	2308      	movs	r3, #8
10003340:	2010      	movs	r0, #16
10003342:	9305      	str	r3, [sp, #20]
10003344:	2300      	movs	r3, #0
10003346:	4642      	mov	r2, r8
10003348:	e9cd 3002 	strd	r3, r0, [sp, #8]
1000334c:	9101      	str	r1, [sp, #4]
1000334e:	464b      	mov	r3, r9
10003350:	4651      	mov	r1, sl
10003352:	4658      	mov	r0, fp
10003354:	9604      	str	r6, [sp, #16]
10003356:	f7fe ffb3 	bl	100022c0 <_ntoa_format>
1000335a:	950a      	str	r5, [sp, #40]	@ 0x28
1000335c:	4680      	mov	r8, r0
1000335e:	e5d7      	b.n	10002f10 <_vsnprintf+0x3c>
10003360:	2858      	cmp	r0, #88	@ 0x58
10003362:	d062      	beq.n	1000342a <_vsnprintf+0x556>
10003364:	2862      	cmp	r0, #98	@ 0x62
10003366:	f040 808f 	bne.w	10003488 <_vsnprintf+0x5b4>
1000336a:	2702      	movs	r7, #2
1000336c:	46bc      	mov	ip, r7
1000336e:	f413 6080 	ands.w	r0, r3, #1024	@ 0x400
10003372:	f000 80dd 	beq.w	10003530 <_vsnprintf+0x65c>
10003376:	f023 030d 	bic.w	r3, r3, #13
1000337a:	f413 7200 	ands.w	r2, r3, #512	@ 0x200
1000337e:	f040 8181 	bne.w	10003684 <_vsnprintf+0x7b0>
10003382:	990a      	ldr	r1, [sp, #40]	@ 0x28
10003384:	1d0f      	adds	r7, r1, #4
10003386:	f413 7180 	ands.w	r1, r3, #256	@ 0x100
1000338a:	f040 8237 	bne.w	100037fc <_vsnprintf+0x928>
1000338e:	065c      	lsls	r4, r3, #25
10003390:	9a0a      	ldr	r2, [sp, #40]	@ 0x28
10003392:	f140 813b 	bpl.w	1000360c <_vsnprintf+0x738>
10003396:	7812      	ldrb	r2, [r2, #0]
10003398:	2a00      	cmp	r2, #0
1000339a:	f040 814e 	bne.w	1000363a <_vsnprintf+0x766>
1000339e:	f023 0310 	bic.w	r3, r3, #16
100033a2:	2800      	cmp	r0, #0
100033a4:	f000 8149 	beq.w	1000363a <_vsnprintf+0x766>
100033a8:	4611      	mov	r1, r2
100033aa:	aa12      	add	r2, sp, #72	@ 0x48
100033ac:	920b      	str	r2, [sp, #44]	@ 0x2c
100033ae:	e9cd 5305 	strd	r5, r3, [sp, #20]
100033b2:	e9cd c603 	strd	ip, r6, [sp, #12]
100033b6:	9101      	str	r1, [sp, #4]
100033b8:	9b0b      	ldr	r3, [sp, #44]	@ 0x2c
100033ba:	4642      	mov	r2, r8
100033bc:	9300      	str	r3, [sp, #0]
100033be:	2300      	movs	r3, #0
100033c0:	4651      	mov	r1, sl
100033c2:	9302      	str	r3, [sp, #8]
100033c4:	4658      	mov	r0, fp
100033c6:	464b      	mov	r3, r9
100033c8:	f7fe ff7a 	bl	100022c0 <_ntoa_format>
100033cc:	970a      	str	r7, [sp, #40]	@ 0x28
100033ce:	4680      	mov	r8, r0
100033d0:	e59e      	b.n	10002f10 <_vsnprintf+0x3c>
100033d2:	f443 6300 	orr.w	r3, r3, #2048	@ 0x800
100033d6:	e729      	b.n	1000322c <_vsnprintf+0x358>
100033d8:	2708      	movs	r7, #8
100033da:	46bc      	mov	ip, r7
100033dc:	e7c7      	b.n	1000336e <_vsnprintf+0x49a>
100033de:	f443 6300 	orr.w	r3, r3, #2048	@ 0x800
100033e2:	f043 0320 	orr.w	r3, r3, #32
100033e6:	e721      	b.n	1000322c <_vsnprintf+0x358>
100033e8:	f013 0302 	ands.w	r3, r3, #2
100033ec:	f000 818e 	beq.w	1000370c <_vsnprintf+0x838>
100033f0:	2302      	movs	r3, #2
100033f2:	950a      	str	r5, [sp, #40]	@ 0x28
100033f4:	461e      	mov	r6, r3
100033f6:	460d      	mov	r5, r1
100033f8:	4642      	mov	r2, r8
100033fa:	464b      	mov	r3, r9
100033fc:	4651      	mov	r1, sl
100033fe:	47d8      	blx	fp
10003400:	f817 0f01 	ldrb.w	r0, [r7, #1]!
10003404:	f108 0801 	add.w	r8, r8, #1
10003408:	2800      	cmp	r0, #0
1000340a:	d1f5      	bne.n	100033f8 <_vsnprintf+0x524>
1000340c:	4629      	mov	r1, r5
1000340e:	4633      	mov	r3, r6
10003410:	9d0a      	ldr	r5, [sp, #40]	@ 0x28
10003412:	e6e3      	b.n	100031dc <_vsnprintf+0x308>
10003414:	1bd4      	subs	r4, r2, r7
10003416:	e6c2      	b.n	1000319e <_vsnprintf+0x2ca>
10003418:	460a      	mov	r2, r1
1000341a:	7888      	ldrb	r0, [r1, #2]
1000341c:	f043 03c0 	orr.w	r3, r3, #192	@ 0xc0
10003420:	3203      	adds	r2, #3
10003422:	e5d4      	b.n	10002fce <_vsnprintf+0xfa>
10003424:	4604      	mov	r4, r0
10003426:	4680      	mov	r8, r0
10003428:	e646      	b.n	100030b8 <_vsnprintf+0x1e4>
1000342a:	2710      	movs	r7, #16
1000342c:	f043 0320 	orr.w	r3, r3, #32
10003430:	46bc      	mov	ip, r7
10003432:	e79c      	b.n	1000336e <_vsnprintf+0x49a>
10003434:	2d01      	cmp	r5, #1
10003436:	f240 80f8 	bls.w	1000362a <_vsnprintf+0x756>
1000343a:	4646      	mov	r6, r8
1000343c:	f108 37ff 	add.w	r7, r8, #4294967295
10003440:	442f      	add	r7, r5
10003442:	4632      	mov	r2, r6
10003444:	464b      	mov	r3, r9
10003446:	4651      	mov	r1, sl
10003448:	2020      	movs	r0, #32
1000344a:	3601      	adds	r6, #1
1000344c:	47d8      	blx	fp
1000344e:	42be      	cmp	r6, r7
10003450:	d1f7      	bne.n	10003442 <_vsnprintf+0x56e>
10003452:	9b0a      	ldr	r3, [sp, #40]	@ 0x28
10003454:	4632      	mov	r2, r6
10003456:	7818      	ldrb	r0, [r3, #0]
10003458:	4651      	mov	r1, sl
1000345a:	464b      	mov	r3, r9
1000345c:	47d8      	blx	fp
1000345e:	44a8      	add	r8, r5
10003460:	940a      	str	r4, [sp, #40]	@ 0x28
10003462:	e555      	b.n	10002f10 <_vsnprintf+0x3c>
10003464:	4646      	mov	r6, r8
10003466:	42a5      	cmp	r5, r4
10003468:	f67f aebb 	bls.w	100031e2 <_vsnprintf+0x30e>
1000346c:	44a8      	add	r8, r5
1000346e:	eba8 0804 	sub.w	r8, r8, r4
10003472:	460c      	mov	r4, r1
10003474:	4632      	mov	r2, r6
10003476:	464b      	mov	r3, r9
10003478:	4651      	mov	r1, sl
1000347a:	2020      	movs	r0, #32
1000347c:	3601      	adds	r6, #1
1000347e:	47d8      	blx	fp
10003480:	4546      	cmp	r6, r8
10003482:	d1f7      	bne.n	10003474 <_vsnprintf+0x5a0>
10003484:	4621      	mov	r1, r4
10003486:	e6ac      	b.n	100031e2 <_vsnprintf+0x30e>
10003488:	f413 6280 	ands.w	r2, r3, #1024	@ 0x400
1000348c:	f000 80bb 	beq.w	10003606 <_vsnprintf+0x732>
10003490:	f44f 6280 	mov.w	r2, #1024	@ 0x400
10003494:	f023 0c11 	bic.w	ip, r3, #17
10003498:	f41c 7700 	ands.w	r7, ip, #512	@ 0x200
1000349c:	9b0a      	ldr	r3, [sp, #40]	@ 0x28
1000349e:	d14a      	bne.n	10003536 <_vsnprintf+0x662>
100034a0:	f41c 7080 	ands.w	r0, ip, #256	@ 0x100
100034a4:	f103 0404 	add.w	r4, r3, #4
100034a8:	f040 8134 	bne.w	10003714 <_vsnprintf+0x840>
100034ac:	f01c 0f40 	tst.w	ip, #64	@ 0x40
100034b0:	f040 80a3 	bne.w	100035fa <_vsnprintf+0x726>
100034b4:	f01c 0f80 	tst.w	ip, #128	@ 0x80
100034b8:	f000 81d3 	beq.w	10003862 <_vsnprintf+0x98e>
100034bc:	f9b3 1000 	ldrsh.w	r1, [r3]
100034c0:	ea81 77e1 	eor.w	r7, r1, r1, asr #31
100034c4:	eba7 77e1 	sub.w	r7, r7, r1, asr #31
100034c8:	b2bf      	uxth	r7, r7
100034ca:	0fcb      	lsrs	r3, r1, #31
100034cc:	2900      	cmp	r1, #0
100034ce:	f000 8156 	beq.w	1000377e <_vsnprintf+0x8aa>
100034d2:	463a      	mov	r2, r7
100034d4:	a912      	add	r1, sp, #72	@ 0x48
100034d6:	460f      	mov	r7, r1
100034d8:	f8df e3d8 	ldr.w	lr, [pc, #984]	@ 100038b4 <_vsnprintf+0x9e0>
100034dc:	910b      	str	r1, [sp, #44]	@ 0x2c
100034de:	930a      	str	r3, [sp, #40]	@ 0x28
100034e0:	950c      	str	r5, [sp, #48]	@ 0x30
100034e2:	e001      	b.n	100034e8 <_vsnprintf+0x614>
100034e4:	2820      	cmp	r0, #32
100034e6:	d00f      	beq.n	10003508 <_vsnprintf+0x634>
100034e8:	4615      	mov	r5, r2
100034ea:	fbae 1302 	umull	r1, r3, lr, r2
100034ee:	08db      	lsrs	r3, r3, #3
100034f0:	eb03 0183 	add.w	r1, r3, r3, lsl #2
100034f4:	eba2 0141 	sub.w	r1, r2, r1, lsl #1
100034f8:	3130      	adds	r1, #48	@ 0x30
100034fa:	2d09      	cmp	r5, #9
100034fc:	461a      	mov	r2, r3
100034fe:	f100 0001 	add.w	r0, r0, #1
10003502:	f807 1b01 	strb.w	r1, [r7], #1
10003506:	d8ed      	bhi.n	100034e4 <_vsnprintf+0x610>
10003508:	9b0a      	ldr	r3, [sp, #40]	@ 0x28
1000350a:	9d0c      	ldr	r5, [sp, #48]	@ 0x30
1000350c:	e9cd 5c05 	strd	r5, ip, [sp, #20]
10003510:	e9cd 0301 	strd	r0, r3, [sp, #4]
10003514:	9604      	str	r6, [sp, #16]
10003516:	9b0b      	ldr	r3, [sp, #44]	@ 0x2c
10003518:	4642      	mov	r2, r8
1000351a:	9300      	str	r3, [sp, #0]
1000351c:	230a      	movs	r3, #10
1000351e:	4651      	mov	r1, sl
10003520:	9303      	str	r3, [sp, #12]
10003522:	4658      	mov	r0, fp
10003524:	464b      	mov	r3, r9
10003526:	f7fe fecb 	bl	100022c0 <_ntoa_format>
1000352a:	940a      	str	r4, [sp, #40]	@ 0x28
1000352c:	4680      	mov	r8, r0
1000352e:	e4ef      	b.n	10002f10 <_vsnprintf+0x3c>
10003530:	f023 030c 	bic.w	r3, r3, #12
10003534:	e721      	b.n	1000337a <_vsnprintf+0x4a6>
10003536:	3307      	adds	r3, #7
10003538:	f023 0307 	bic.w	r3, r3, #7
1000353c:	4619      	mov	r1, r3
1000353e:	4608      	mov	r0, r1
10003540:	685b      	ldr	r3, [r3, #4]
10003542:	f850 1b08 	ldr.w	r1, [r0], #8
10003546:	0fdf      	lsrs	r7, r3, #31
10003548:	900a      	str	r0, [sp, #40]	@ 0x28
1000354a:	ea51 0003 	orrs.w	r0, r1, r3
1000354e:	d162      	bne.n	10003616 <_vsnprintf+0x742>
10003550:	2a00      	cmp	r2, #0
10003552:	f040 819f 	bne.w	10003894 <_vsnprintf+0x9c0>
10003556:	4613      	mov	r3, r2
10003558:	4611      	mov	r1, r2
1000355a:	aa12      	add	r2, sp, #72	@ 0x48
1000355c:	e9cd 750c 	strd	r7, r5, [sp, #48]	@ 0x30
10003560:	2000      	movs	r0, #0
10003562:	4615      	mov	r5, r2
10003564:	e9cd 680e 	strd	r6, r8, [sp, #56]	@ 0x38
10003568:	f8df e348 	ldr.w	lr, [pc, #840]	@ 100038b4 <_vsnprintf+0x9e0>
1000356c:	920b      	str	r2, [sp, #44]	@ 0x2c
1000356e:	e001      	b.n	10003574 <_vsnprintf+0x6a0>
10003570:	2820      	cmp	r0, #32
10003572:	d02d      	beq.n	100035d0 <_vsnprintf+0x6fc>
10003574:	185a      	adds	r2, r3, r1
10003576:	f142 0200 	adc.w	r2, r2, #0
1000357a:	fbae 7802 	umull	r7, r8, lr, r2
1000357e:	f028 0703 	bic.w	r7, r8, #3
10003582:	eb07 0798 	add.w	r7, r7, r8, lsr #2
10003586:	1bd2      	subs	r2, r2, r7
10003588:	461e      	mov	r6, r3
1000358a:	1a9b      	subs	r3, r3, r2
1000358c:	f161 0700 	sbc.w	r7, r1, #0
10003590:	460c      	mov	r4, r1
10003592:	f04f 31cc 	mov.w	r1, #3435973836	@ 0xcccccccc
10003596:	fb01 f103 	mul.w	r1, r1, r3
1000359a:	fb0e 1107 	mla	r1, lr, r7, r1
1000359e:	fba3 730e 	umull	r7, r3, r3, lr
100035a2:	4419      	add	r1, r3
100035a4:	2305      	movs	r3, #5
100035a6:	f007 0801 	and.w	r8, r7, #1
100035aa:	fba8 3803 	umull	r3, r8, r8, r3
100035ae:	189b      	adds	r3, r3, r2
100035b0:	2e0a      	cmp	r6, #10
100035b2:	f103 0330 	add.w	r3, r3, #48	@ 0x30
100035b6:	ea4f 0757 	mov.w	r7, r7, lsr #1
100035ba:	f174 0400 	sbcs.w	r4, r4, #0
100035be:	f805 3b01 	strb.w	r3, [r5], #1
100035c2:	f100 0001 	add.w	r0, r0, #1
100035c6:	ea47 73c1 	orr.w	r3, r7, r1, lsl #31
100035ca:	ea4f 0151 	mov.w	r1, r1, lsr #1
100035ce:	d2cf      	bcs.n	10003570 <_vsnprintf+0x69c>
100035d0:	e9dd 750c 	ldrd	r7, r5, [sp, #48]	@ 0x30
100035d4:	e9dd 680e 	ldrd	r6, r8, [sp, #56]	@ 0x38
100035d8:	9b0b      	ldr	r3, [sp, #44]	@ 0x2c
100035da:	4642      	mov	r2, r8
100035dc:	9300      	str	r3, [sp, #0]
100035de:	230a      	movs	r3, #10
100035e0:	e9cd 5c05 	strd	r5, ip, [sp, #20]
100035e4:	e9cd 0701 	strd	r0, r7, [sp, #4]
100035e8:	9604      	str	r6, [sp, #16]
100035ea:	9303      	str	r3, [sp, #12]
100035ec:	464b      	mov	r3, r9
100035ee:	4651      	mov	r1, sl
100035f0:	4658      	mov	r0, fp
100035f2:	f7fe fe65 	bl	100022c0 <_ntoa_format>
100035f6:	4680      	mov	r8, r0
100035f8:	e48a      	b.n	10002f10 <_vsnprintf+0x3c>
100035fa:	7819      	ldrb	r1, [r3, #0]
100035fc:	460f      	mov	r7, r1
100035fe:	e764      	b.n	100034ca <_vsnprintf+0x5f6>
10003600:	2710      	movs	r7, #16
10003602:	46bc      	mov	ip, r7
10003604:	e6b3      	b.n	1000336e <_vsnprintf+0x49a>
10003606:	f023 0c10 	bic.w	ip, r3, #16
1000360a:	e745      	b.n	10003498 <_vsnprintf+0x5c4>
1000360c:	061c      	lsls	r4, r3, #24
1000360e:	bf4c      	ite	mi
10003610:	8812      	ldrhmi	r2, [r2, #0]
10003612:	6812      	ldrpl	r2, [r2, #0]
10003614:	e6c0      	b.n	10003398 <_vsnprintf+0x4c4>
10003616:	460a      	mov	r2, r1
10003618:	1e19      	subs	r1, r3, #0
1000361a:	db01      	blt.n	10003620 <_vsnprintf+0x74c>
1000361c:	4613      	mov	r3, r2
1000361e:	e79c      	b.n	1000355a <_vsnprintf+0x686>
10003620:	4252      	negs	r2, r2
10003622:	4613      	mov	r3, r2
10003624:	eb61 0141 	sbc.w	r1, r1, r1, lsl #1
10003628:	e797      	b.n	1000355a <_vsnprintf+0x686>
1000362a:	4613      	mov	r3, r2
1000362c:	4651      	mov	r1, sl
1000362e:	7818      	ldrb	r0, [r3, #0]
10003630:	4642      	mov	r2, r8
10003632:	464b      	mov	r3, r9
10003634:	47d8      	blx	fp
10003636:	46b0      	mov	r8, r6
10003638:	e648      	b.n	100032cc <_vsnprintf+0x3f8>
1000363a:	f013 0f20 	tst.w	r3, #32
1000363e:	bf14      	ite	ne
10003640:	2041      	movne	r0, #65	@ 0x41
10003642:	2061      	moveq	r0, #97	@ 0x61
10003644:	ac12      	add	r4, sp, #72	@ 0x48
10003646:	46a6      	mov	lr, r4
10003648:	940b      	str	r4, [sp, #44]	@ 0x2c
1000364a:	930a      	str	r3, [sp, #40]	@ 0x28
1000364c:	f1a0 040a 	sub.w	r4, r0, #10
10003650:	950c      	str	r5, [sp, #48]	@ 0x30
10003652:	e002      	b.n	1000365a <_vsnprintf+0x786>
10003654:	2920      	cmp	r1, #32
10003656:	d012      	beq.n	1000367e <_vsnprintf+0x7aa>
10003658:	462a      	mov	r2, r5
1000365a:	fbb2 f5fc 	udiv	r5, r2, ip
1000365e:	fb0c 2015 	mls	r0, ip, r5, r2
10003662:	b2c3      	uxtb	r3, r0
10003664:	2809      	cmp	r0, #9
10003666:	f103 0030 	add.w	r0, r3, #48	@ 0x30
1000366a:	bf8a      	itet	hi
1000366c:	191b      	addhi	r3, r3, r4
1000366e:	b2c3      	uxtbls	r3, r0
10003670:	b2db      	uxtbhi	r3, r3
10003672:	4562      	cmp	r2, ip
10003674:	f80e 3b01 	strb.w	r3, [lr], #1
10003678:	f101 0101 	add.w	r1, r1, #1
1000367c:	d2ea      	bcs.n	10003654 <_vsnprintf+0x780>
1000367e:	9b0a      	ldr	r3, [sp, #40]	@ 0x28
10003680:	9d0c      	ldr	r5, [sp, #48]	@ 0x30
10003682:	e694      	b.n	100033ae <_vsnprintf+0x4da>
10003684:	9a0a      	ldr	r2, [sp, #40]	@ 0x28
10003686:	3207      	adds	r2, #7
10003688:	f022 0207 	bic.w	r2, r2, #7
1000368c:	6851      	ldr	r1, [r2, #4]
1000368e:	f852 4b08 	ldr.w	r4, [r2], #8
10003692:	468e      	mov	lr, r1
10003694:	920a      	str	r2, [sp, #40]	@ 0x28
10003696:	ea54 0201 	orrs.w	r2, r4, r1
1000369a:	d176      	bne.n	1000378a <_vsnprintf+0x8b6>
1000369c:	f023 0310 	bic.w	r3, r3, #16
100036a0:	2800      	cmp	r0, #0
100036a2:	d072      	beq.n	1000378a <_vsnprintf+0x8b6>
100036a4:	2200      	movs	r2, #0
100036a6:	4611      	mov	r1, r2
100036a8:	aa12      	add	r2, sp, #72	@ 0x48
100036aa:	920b      	str	r2, [sp, #44]	@ 0x2c
100036ac:	e9cd 5305 	strd	r5, r3, [sp, #20]
100036b0:	9b0b      	ldr	r3, [sp, #44]	@ 0x2c
100036b2:	4642      	mov	r2, r8
100036b4:	9300      	str	r3, [sp, #0]
100036b6:	2300      	movs	r3, #0
100036b8:	e9cd c603 	strd	ip, r6, [sp, #12]
100036bc:	9101      	str	r1, [sp, #4]
100036be:	9302      	str	r3, [sp, #8]
100036c0:	e794      	b.n	100035ec <_vsnprintf+0x718>
100036c2:	42a5      	cmp	r5, r4
100036c4:	bf98      	it	ls
100036c6:	3401      	addls	r4, #1
100036c8:	f67f ad74 	bls.w	100031b4 <_vsnprintf+0x2e0>
100036cc:	f44f 6380 	mov.w	r3, #1024	@ 0x400
100036d0:	e9cd 750a 	strd	r7, r5, [sp, #40]	@ 0x28
100036d4:	eb05 0208 	add.w	r2, r5, r8
100036d8:	461f      	mov	r7, r3
100036da:	460d      	mov	r5, r1
100036dc:	1b14      	subs	r4, r2, r4
100036de:	4642      	mov	r2, r8
100036e0:	464b      	mov	r3, r9
100036e2:	4651      	mov	r1, sl
100036e4:	2020      	movs	r0, #32
100036e6:	f108 0801 	add.w	r8, r8, #1
100036ea:	47d8      	blx	fp
100036ec:	45a0      	cmp	r8, r4
100036ee:	d1f6      	bne.n	100036de <_vsnprintf+0x80a>
100036f0:	463b      	mov	r3, r7
100036f2:	9f0a      	ldr	r7, [sp, #40]	@ 0x28
100036f4:	4629      	mov	r1, r5
100036f6:	7838      	ldrb	r0, [r7, #0]
100036f8:	9d0b      	ldr	r5, [sp, #44]	@ 0x2c
100036fa:	1c6c      	adds	r4, r5, #1
100036fc:	2800      	cmp	r0, #0
100036fe:	f43f ad70 	beq.w	100031e2 <_vsnprintf+0x30e>
10003702:	2b00      	cmp	r3, #0
10003704:	f43f ae75 	beq.w	100033f2 <_vsnprintf+0x51e>
10003708:	2300      	movs	r3, #0
1000370a:	e553      	b.n	100031b4 <_vsnprintf+0x2e0>
1000370c:	42a5      	cmp	r5, r4
1000370e:	d8df      	bhi.n	100036d0 <_vsnprintf+0x7fc>
10003710:	3401      	adds	r4, #1
10003712:	e66e      	b.n	100033f2 <_vsnprintf+0x51e>
10003714:	6819      	ldr	r1, [r3, #0]
10003716:	0fcb      	lsrs	r3, r1, #31
10003718:	2900      	cmp	r1, #0
1000371a:	f000 80a8 	beq.w	1000386e <_vsnprintf+0x99a>
1000371e:	ea81 72e1 	eor.w	r2, r1, r1, asr #31
10003722:	eba2 72e1 	sub.w	r2, r2, r1, asr #31
10003726:	a912      	add	r1, sp, #72	@ 0x48
10003728:	4608      	mov	r0, r1
1000372a:	f8df e188 	ldr.w	lr, [pc, #392]	@ 100038b4 <_vsnprintf+0x9e0>
1000372e:	910b      	str	r1, [sp, #44]	@ 0x2c
10003730:	930a      	str	r3, [sp, #40]	@ 0x28
10003732:	950c      	str	r5, [sp, #48]	@ 0x30
10003734:	e001      	b.n	1000373a <_vsnprintf+0x866>
10003736:	2f20      	cmp	r7, #32
10003738:	d00f      	beq.n	1000375a <_vsnprintf+0x886>
1000373a:	4615      	mov	r5, r2
1000373c:	fbae 1302 	umull	r1, r3, lr, r2
10003740:	08db      	lsrs	r3, r3, #3
10003742:	eb03 0183 	add.w	r1, r3, r3, lsl #2
10003746:	eba2 0141 	sub.w	r1, r2, r1, lsl #1
1000374a:	3130      	adds	r1, #48	@ 0x30
1000374c:	2d09      	cmp	r5, #9
1000374e:	461a      	mov	r2, r3
10003750:	f107 0701 	add.w	r7, r7, #1
10003754:	f800 1b01 	strb.w	r1, [r0], #1
10003758:	d8ed      	bhi.n	10003736 <_vsnprintf+0x862>
1000375a:	9b0a      	ldr	r3, [sp, #40]	@ 0x28
1000375c:	9d0c      	ldr	r5, [sp, #48]	@ 0x30
1000375e:	e9cd 5c05 	strd	r5, ip, [sp, #20]
10003762:	e9cd 7301 	strd	r7, r3, [sp, #4]
10003766:	9604      	str	r6, [sp, #16]
10003768:	e6d5      	b.n	10003516 <_vsnprintf+0x642>
1000376a:	2869      	cmp	r0, #105	@ 0x69
1000376c:	f023 0c10 	bic.w	ip, r3, #16
10003770:	f040 808c 	bne.w	1000388c <_vsnprintf+0x9b8>
10003774:	f413 6280 	ands.w	r2, r3, #1024	@ 0x400
10003778:	f43f ae8e 	beq.w	10003498 <_vsnprintf+0x5c4>
1000377c:	e688      	b.n	10003490 <_vsnprintf+0x5bc>
1000377e:	2a00      	cmp	r2, #0
10003780:	f43f aea8 	beq.w	100034d4 <_vsnprintf+0x600>
10003784:	aa12      	add	r2, sp, #72	@ 0x48
10003786:	920b      	str	r2, [sp, #44]	@ 0x2c
10003788:	e6c0      	b.n	1000350c <_vsnprintf+0x638>
1000378a:	f013 0f20 	tst.w	r3, #32
1000378e:	bf14      	ite	ne
10003790:	2241      	movne	r2, #65	@ 0x41
10003792:	2261      	moveq	r2, #97	@ 0x61
10003794:	2000      	movs	r0, #0
10003796:	a912      	add	r1, sp, #72	@ 0x48
10003798:	3a0a      	subs	r2, #10
1000379a:	e9cd 680e 	strd	r6, r8, [sp, #56]	@ 0x38
1000379e:	e9cd 350c 	strd	r3, r5, [sp, #48]	@ 0x30
100037a2:	f8cd b044 	str.w	fp, [sp, #68]	@ 0x44
100037a6:	4606      	mov	r6, r0
100037a8:	4688      	mov	r8, r1
100037aa:	4675      	mov	r5, lr
100037ac:	4693      	mov	fp, r2
100037ae:	910b      	str	r1, [sp, #44]	@ 0x2c
100037b0:	f8cd c040 	str.w	ip, [sp, #64]	@ 0x40
100037b4:	e003      	b.n	100037be <_vsnprintf+0x8ea>
100037b6:	2e20      	cmp	r6, #32
100037b8:	d017      	beq.n	100037ea <_vsnprintf+0x916>
100037ba:	4604      	mov	r4, r0
100037bc:	460d      	mov	r5, r1
100037be:	4629      	mov	r1, r5
100037c0:	463a      	mov	r2, r7
100037c2:	2300      	movs	r3, #0
100037c4:	4620      	mov	r0, r4
100037c6:	f005 fd13 	bl	100091f0 <____aeabi_uldivmod_veneer>
100037ca:	b2d2      	uxtb	r2, r2
100037cc:	2a09      	cmp	r2, #9
100037ce:	f102 0330 	add.w	r3, r2, #48	@ 0x30
100037d2:	bf88      	it	hi
100037d4:	eb02 030b 	addhi.w	r3, r2, fp
100037d8:	42bc      	cmp	r4, r7
100037da:	b2db      	uxtb	r3, r3
100037dc:	f175 0500 	sbcs.w	r5, r5, #0
100037e0:	f808 3b01 	strb.w	r3, [r8], #1
100037e4:	f106 0601 	add.w	r6, r6, #1
100037e8:	d2e5      	bcs.n	100037b6 <_vsnprintf+0x8e2>
100037ea:	4631      	mov	r1, r6
100037ec:	e9dd 350c 	ldrd	r3, r5, [sp, #48]	@ 0x30
100037f0:	e9dd cb10 	ldrd	ip, fp, [sp, #64]	@ 0x40
100037f4:	f8dd 803c 	ldr.w	r8, [sp, #60]	@ 0x3c
100037f8:	9e0e      	ldr	r6, [sp, #56]	@ 0x38
100037fa:	e757      	b.n	100036ac <_vsnprintf+0x7d8>
100037fc:	990a      	ldr	r1, [sp, #40]	@ 0x28
100037fe:	6809      	ldr	r1, [r1, #0]
10003800:	b951      	cbnz	r1, 10003818 <_vsnprintf+0x944>
10003802:	f023 0310 	bic.w	r3, r3, #16
10003806:	b138      	cbz	r0, 10003818 <_vsnprintf+0x944>
10003808:	a912      	add	r1, sp, #72	@ 0x48
1000380a:	910b      	str	r1, [sp, #44]	@ 0x2c
1000380c:	e9cd 5305 	strd	r5, r3, [sp, #20]
10003810:	e9cd c603 	strd	ip, r6, [sp, #12]
10003814:	9201      	str	r2, [sp, #4]
10003816:	e5cf      	b.n	100033b8 <_vsnprintf+0x4e4>
10003818:	f013 0f20 	tst.w	r3, #32
1000381c:	bf14      	ite	ne
1000381e:	2041      	movne	r0, #65	@ 0x41
10003820:	2061      	moveq	r0, #97	@ 0x61
10003822:	ac12      	add	r4, sp, #72	@ 0x48
10003824:	46a6      	mov	lr, r4
10003826:	940b      	str	r4, [sp, #44]	@ 0x2c
10003828:	930a      	str	r3, [sp, #40]	@ 0x28
1000382a:	f1a0 040a 	sub.w	r4, r0, #10
1000382e:	950c      	str	r5, [sp, #48]	@ 0x30
10003830:	e002      	b.n	10003838 <_vsnprintf+0x964>
10003832:	2a20      	cmp	r2, #32
10003834:	d012      	beq.n	1000385c <_vsnprintf+0x988>
10003836:	4629      	mov	r1, r5
10003838:	fbb1 f5fc 	udiv	r5, r1, ip
1000383c:	fb0c 1015 	mls	r0, ip, r5, r1
10003840:	b2c3      	uxtb	r3, r0
10003842:	2809      	cmp	r0, #9
10003844:	f103 0030 	add.w	r0, r3, #48	@ 0x30
10003848:	bf8a      	itet	hi
1000384a:	191b      	addhi	r3, r3, r4
1000384c:	b2c3      	uxtbls	r3, r0
1000384e:	b2db      	uxtbhi	r3, r3
10003850:	4561      	cmp	r1, ip
10003852:	f80e 3b01 	strb.w	r3, [lr], #1
10003856:	f102 0201 	add.w	r2, r2, #1
1000385a:	d2ea      	bcs.n	10003832 <_vsnprintf+0x95e>
1000385c:	9b0a      	ldr	r3, [sp, #40]	@ 0x28
1000385e:	9d0c      	ldr	r5, [sp, #48]	@ 0x30
10003860:	e7d4      	b.n	1000380c <_vsnprintf+0x938>
10003862:	6819      	ldr	r1, [r3, #0]
10003864:	ea81 77e1 	eor.w	r7, r1, r1, asr #31
10003868:	eba7 77e1 	sub.w	r7, r7, r1, asr #31
1000386c:	e62d      	b.n	100034ca <_vsnprintf+0x5f6>
1000386e:	2a00      	cmp	r2, #0
10003870:	f43f af59 	beq.w	10003726 <_vsnprintf+0x852>
10003874:	aa12      	add	r2, sp, #72	@ 0x48
10003876:	920b      	str	r2, [sp, #44]	@ 0x2c
10003878:	e771      	b.n	1000375e <_vsnprintf+0x88a>
1000387a:	f413 6480 	ands.w	r4, r3, #1024	@ 0x400
1000387e:	d00d      	beq.n	1000389c <_vsnprintf+0x9c8>
10003880:	f013 0402 	ands.w	r4, r3, #2
10003884:	d012      	beq.n	100038ac <_vsnprintf+0x9d8>
10003886:	4604      	mov	r4, r0
10003888:	4646      	mov	r6, r8
1000388a:	e5ec      	b.n	10003466 <_vsnprintf+0x592>
1000388c:	270a      	movs	r7, #10
1000388e:	4663      	mov	r3, ip
10003890:	46bc      	mov	ip, r7
10003892:	e56c      	b.n	1000336e <_vsnprintf+0x49a>
10003894:	ab12      	add	r3, sp, #72	@ 0x48
10003896:	2000      	movs	r0, #0
10003898:	930b      	str	r3, [sp, #44]	@ 0x2c
1000389a:	e69d      	b.n	100035d8 <_vsnprintf+0x704>
1000389c:	f013 0302 	ands.w	r3, r3, #2
100038a0:	f47f ade0 	bne.w	10003464 <_vsnprintf+0x590>
100038a4:	2d00      	cmp	r5, #0
100038a6:	f47f af13 	bne.w	100036d0 <_vsnprintf+0x7fc>
100038aa:	e49a      	b.n	100031e2 <_vsnprintf+0x30e>
100038ac:	2d00      	cmp	r5, #0
100038ae:	f47f af0d 	bne.w	100036cc <_vsnprintf+0x7f8>
100038b2:	e496      	b.n	100031e2 <_vsnprintf+0x30e>
100038b4:	cccccccd 	.word	0xcccccccd

100038b8 <__wrap_sprintf>:
100038b8:	b40e      	push	{r1, r2, r3}
100038ba:	b510      	push	{r4, lr}
100038bc:	b085      	sub	sp, #20
100038be:	ac07      	add	r4, sp, #28
100038c0:	f854 3b04 	ldr.w	r3, [r4], #4
100038c4:	4601      	mov	r1, r0
100038c6:	f04f 32ff 	mov.w	r2, #4294967295
100038ca:	9400      	str	r4, [sp, #0]
100038cc:	4804      	ldr	r0, [pc, #16]	@ (100038e0 <__wrap_sprintf+0x28>)
100038ce:	9403      	str	r4, [sp, #12]
100038d0:	f7ff fb00 	bl	10002ed4 <_vsnprintf>
100038d4:	b005      	add	sp, #20
100038d6:	e8bd 4010 	ldmia.w	sp!, {r4, lr}
100038da:	b003      	add	sp, #12
100038dc:	4770      	bx	lr
100038de:	bf00      	nop
100038e0:	10002219 	.word	0x10002219

100038e4 <weak_raw_vprintf>:
100038e4:	b510      	push	{r4, lr}
100038e6:	4b09      	ldr	r3, [pc, #36]	@ (1000390c <weak_raw_vprintf+0x28>)
100038e8:	b084      	sub	sp, #16
100038ea:	681c      	ldr	r4, [r3, #0]
100038ec:	b14c      	cbz	r4, 10003902 <weak_raw_vprintf+0x1e>
100038ee:	4603      	mov	r3, r0
100038f0:	9100      	str	r1, [sp, #0]
100038f2:	f04f 32ff 	mov.w	r2, #4294967295
100038f6:	a903      	add	r1, sp, #12
100038f8:	4805      	ldr	r0, [pc, #20]	@ (10003910 <weak_raw_vprintf+0x2c>)
100038fa:	47a0      	blx	r4
100038fc:	2001      	movs	r0, #1
100038fe:	b004      	add	sp, #16
10003900:	bd10      	pop	{r4, pc}
10003902:	f000 f95f 	bl	10003bc4 <__wrap_puts>
10003906:	4620      	mov	r0, r4
10003908:	b004      	add	sp, #16
1000390a:	bd10      	pop	{r4, pc}
1000390c:	20002894 	.word	0x20002894
10003910:	10002495 	.word	0x10002495

10003914 <_exit>:
10003914:	be00      	bkpt	0x0000
10003916:	e7fd      	b.n	10003914 <_exit>

10003918 <_sbrk>:
10003918:	4a07      	ldr	r2, [pc, #28]	@ (10003938 <_sbrk+0x20>)
1000391a:	4603      	mov	r3, r0
1000391c:	6810      	ldr	r0, [r2, #0]
1000391e:	b138      	cbz	r0, 10003930 <_sbrk+0x18>
10003920:	4906      	ldr	r1, [pc, #24]	@ (1000393c <_sbrk+0x24>)
10003922:	4403      	add	r3, r0
10003924:	428b      	cmp	r3, r1
10003926:	bf8c      	ite	hi
10003928:	f04f 30ff 	movhi.w	r0, #4294967295
1000392c:	6013      	strls	r3, [r2, #0]
1000392e:	4770      	bx	lr
10003930:	4903      	ldr	r1, [pc, #12]	@ (10003940 <_sbrk+0x28>)
10003932:	4608      	mov	r0, r1
10003934:	6011      	str	r1, [r2, #0]
10003936:	e7f3      	b.n	10003920 <_sbrk+0x8>
10003938:	20002490 	.word	0x20002490
1000393c:	20080000 	.word	0x20080000
10003940:	20002ab0 	.word	0x20002ab0

10003944 <exit>:
10003944:	b508      	push	{r3, lr}
10003946:	f7ff ffe5 	bl	10003914 <_exit>
1000394a:	bf00      	nop

1000394c <runtime_init>:
1000394c:	b538      	push	{r3, r4, r5, lr}
1000394e:	4c06      	ldr	r4, [pc, #24]	@ (10003968 <runtime_init+0x1c>)
10003950:	4d06      	ldr	r5, [pc, #24]	@ (1000396c <runtime_init+0x20>)
10003952:	f7fe f907 	bl	10001b64 <runtime_run_initializers>
10003956:	42ac      	cmp	r4, r5
10003958:	d204      	bcs.n	10003964 <runtime_init+0x18>
1000395a:	f854 3b04 	ldr.w	r3, [r4], #4
1000395e:	4798      	blx	r3
10003960:	42ac      	cmp	r4, r5
10003962:	d3fa      	bcc.n	1000395a <runtime_init+0xe>
10003964:	bd38      	pop	{r3, r4, r5, pc}
10003966:	bf00      	nop
10003968:	10009270 	.word	0x10009270
1000396c:	1000927c 	.word	0x1000927c

10003970 <stdio_out_chars_no_crlf>:
10003970:	6803      	ldr	r3, [r0, #0]
10003972:	4608      	mov	r0, r1
10003974:	4611      	mov	r1, r2
10003976:	4718      	bx	r3

10003978 <stdio_out_chars_crlf>:
10003978:	e92d 41f0 	stmdb	sp!, {r4, r5, r6, r7, r8, lr}
1000397c:	4615      	mov	r5, r2
1000397e:	7d42      	ldrb	r2, [r0, #21]
10003980:	4607      	mov	r7, r0
10003982:	4688      	mov	r8, r1
10003984:	2a00      	cmp	r2, #0
10003986:	d046      	beq.n	10003a16 <stdio_out_chars_crlf+0x9e>
10003988:	2d00      	cmp	r5, #0
1000398a:	dd1d      	ble.n	100039c8 <stdio_out_chars_crlf+0x50>
1000398c:	780b      	ldrb	r3, [r1, #0]
1000398e:	2b0a      	cmp	r3, #10
10003990:	d023      	beq.n	100039da <stdio_out_chars_crlf+0x62>
10003992:	2d01      	cmp	r5, #1
10003994:	f04f 0c00 	mov.w	ip, #0
10003998:	d018      	beq.n	100039cc <stdio_out_chars_crlf+0x54>
1000399a:	4646      	mov	r6, r8
1000399c:	2401      	movs	r4, #1
1000399e:	f816 2f01 	ldrb.w	r2, [r6, #1]!
100039a2:	4621      	mov	r1, r4
100039a4:	2a0a      	cmp	r2, #10
100039a6:	f104 0401 	add.w	r4, r4, #1
100039aa:	d022      	beq.n	100039f2 <stdio_out_chars_crlf+0x7a>
100039ac:	42a5      	cmp	r5, r4
100039ae:	d1f6      	bne.n	1000399e <stdio_out_chars_crlf+0x26>
100039b0:	4565      	cmp	r5, ip
100039b2:	dc0b      	bgt.n	100039cc <stdio_out_chars_crlf+0x54>
100039b4:	eb08 0305 	add.w	r3, r8, r5
100039b8:	f813 3c01 	ldrb.w	r3, [r3, #-1]
100039bc:	f1a3 030d 	sub.w	r3, r3, #13
100039c0:	fab3 f383 	clz	r3, r3
100039c4:	095b      	lsrs	r3, r3, #5
100039c6:	753b      	strb	r3, [r7, #20]
100039c8:	e8bd 81f0 	ldmia.w	sp!, {r4, r5, r6, r7, r8, pc}
100039cc:	683b      	ldr	r3, [r7, #0]
100039ce:	eba5 010c 	sub.w	r1, r5, ip
100039d2:	eb08 000c 	add.w	r0, r8, ip
100039d6:	4798      	blx	r3
100039d8:	e7ec      	b.n	100039b4 <stdio_out_chars_crlf+0x3c>
100039da:	7d03      	ldrb	r3, [r0, #20]
100039dc:	2b00      	cmp	r3, #0
100039de:	d1d8      	bne.n	10003992 <stdio_out_chars_crlf+0x1a>
100039e0:	6803      	ldr	r3, [r0, #0]
100039e2:	2102      	movs	r1, #2
100039e4:	480f      	ldr	r0, [pc, #60]	@ (10003a24 <stdio_out_chars_crlf+0xac>)
100039e6:	4798      	blx	r3
100039e8:	2d01      	cmp	r5, #1
100039ea:	d0e3      	beq.n	100039b4 <stdio_out_chars_crlf+0x3c>
100039ec:	f04f 0c01 	mov.w	ip, #1
100039f0:	e7d3      	b.n	1000399a <stdio_out_chars_crlf+0x22>
100039f2:	f816 3c01 	ldrb.w	r3, [r6, #-1]
100039f6:	2b0d      	cmp	r3, #13
100039f8:	d0d8      	beq.n	100039ac <stdio_out_chars_crlf+0x34>
100039fa:	458c      	cmp	ip, r1
100039fc:	eb08 000c 	add.w	r0, r8, ip
10003a00:	eba1 010c 	sub.w	r1, r1, ip
10003a04:	da01      	bge.n	10003a0a <stdio_out_chars_crlf+0x92>
10003a06:	683b      	ldr	r3, [r7, #0]
10003a08:	4798      	blx	r3
10003a0a:	2102      	movs	r1, #2
10003a0c:	4805      	ldr	r0, [pc, #20]	@ (10003a24 <stdio_out_chars_crlf+0xac>)
10003a0e:	683b      	ldr	r3, [r7, #0]
10003a10:	4798      	blx	r3
10003a12:	46a4      	mov	ip, r4
10003a14:	e7ca      	b.n	100039ac <stdio_out_chars_crlf+0x34>
10003a16:	4629      	mov	r1, r5
10003a18:	4640      	mov	r0, r8
10003a1a:	683b      	ldr	r3, [r7, #0]
10003a1c:	e8bd 41f0 	ldmia.w	sp!, {r4, r5, r6, r7, r8, lr}
10003a20:	4718      	bx	r3
10003a22:	bf00      	nop
10003a24:	10009598 	.word	0x10009598

10003a28 <stdio_put_string>:
10003a28:	e92d 47f0 	stmdb	sp!, {r4, r5, r6, r7, r8, r9, sl, lr}
10003a2c:	b082      	sub	sp, #8
10003a2e:	460d      	mov	r5, r1
10003a30:	4691      	mov	r9, r2
10003a32:	461c      	mov	r4, r3
10003a34:	4606      	mov	r6, r0
10003a36:	f7fd fed7 	bl	100017e8 <time_us_64>
10003a3a:	f04f 3cff 	mov.w	ip, #4294967295
10003a3e:	f06f 4700 	mvn.w	r7, #2147483648	@ 0x80000000
10003a42:	4a2e      	ldr	r2, [pc, #184]	@ (10003afc <stdio_put_string+0xd4>)
10003a44:	1882      	adds	r2, r0, r2
10003a46:	f141 0300 	adc.w	r3, r1, #0
10003a4a:	4594      	cmp	ip, r2
10003a4c:	eb77 0103 	sbcs.w	r1, r7, r3
10003a50:	bf3c      	itt	cc
10003a52:	4662      	movcc	r2, ip
10003a54:	463b      	movcc	r3, r7
10003a56:	482a      	ldr	r0, [pc, #168]	@ (10003b00 <stdio_put_string+0xd8>)
10003a58:	f005 fbd6 	bl	10009208 <__mutex_try_enter_block_until_veneer>
10003a5c:	1c6b      	adds	r3, r5, #1
10003a5e:	4680      	mov	r8, r0
10003a60:	d040      	beq.n	10003ae4 <stdio_put_string+0xbc>
10003a62:	b30c      	cbz	r4, 10003aa8 <stdio_put_string+0x80>
10003a64:	4f27      	ldr	r7, [pc, #156]	@ (10003b04 <stdio_put_string+0xdc>)
10003a66:	4b28      	ldr	r3, [pc, #160]	@ (10003b08 <stdio_put_string+0xe0>)
10003a68:	681c      	ldr	r4, [r3, #0]
10003a6a:	b1b4      	cbz	r4, 10003a9a <stdio_put_string+0x72>
10003a6c:	f1b9 0f00 	cmp.w	r9, #0
10003a70:	d11c      	bne.n	10003aac <stdio_put_string+0x84>
10003a72:	f8df 909c 	ldr.w	r9, [pc, #156]	@ 10003b10 <stdio_put_string+0xe8>
10003a76:	e001      	b.n	10003a7c <stdio_put_string+0x54>
10003a78:	6924      	ldr	r4, [r4, #16]
10003a7a:	b174      	cbz	r4, 10003a9a <stdio_put_string+0x72>
10003a7c:	6823      	ldr	r3, [r4, #0]
10003a7e:	2b00      	cmp	r3, #0
10003a80:	d0fa      	beq.n	10003a78 <stdio_put_string+0x50>
10003a82:	f8d9 3000 	ldr.w	r3, [r9]
10003a86:	b10b      	cbz	r3, 10003a8c <stdio_put_string+0x64>
10003a88:	429c      	cmp	r4, r3
10003a8a:	d1f5      	bne.n	10003a78 <stdio_put_string+0x50>
10003a8c:	4620      	mov	r0, r4
10003a8e:	462a      	mov	r2, r5
10003a90:	4631      	mov	r1, r6
10003a92:	47b8      	blx	r7
10003a94:	6924      	ldr	r4, [r4, #16]
10003a96:	2c00      	cmp	r4, #0
10003a98:	d1f0      	bne.n	10003a7c <stdio_put_string+0x54>
10003a9a:	f1b8 0f00 	cmp.w	r8, #0
10003a9e:	d126      	bne.n	10003aee <stdio_put_string+0xc6>
10003aa0:	4628      	mov	r0, r5
10003aa2:	b002      	add	sp, #8
10003aa4:	e8bd 87f0 	ldmia.w	sp!, {r4, r5, r6, r7, r8, r9, sl, pc}
10003aa8:	4f18      	ldr	r7, [pc, #96]	@ (10003b0c <stdio_put_string+0xe4>)
10003aaa:	e7dc      	b.n	10003a66 <stdio_put_string+0x3e>
10003aac:	f04f 0a0a 	mov.w	sl, #10
10003ab0:	f8df 905c 	ldr.w	r9, [pc, #92]	@ 10003b10 <stdio_put_string+0xe8>
10003ab4:	e002      	b.n	10003abc <stdio_put_string+0x94>
10003ab6:	6924      	ldr	r4, [r4, #16]
10003ab8:	2c00      	cmp	r4, #0
10003aba:	d0ee      	beq.n	10003a9a <stdio_put_string+0x72>
10003abc:	6823      	ldr	r3, [r4, #0]
10003abe:	2b00      	cmp	r3, #0
10003ac0:	d0f9      	beq.n	10003ab6 <stdio_put_string+0x8e>
10003ac2:	f8d9 3000 	ldr.w	r3, [r9]
10003ac6:	b10b      	cbz	r3, 10003acc <stdio_put_string+0xa4>
10003ac8:	42a3      	cmp	r3, r4
10003aca:	d1f4      	bne.n	10003ab6 <stdio_put_string+0x8e>
10003acc:	462a      	mov	r2, r5
10003ace:	4631      	mov	r1, r6
10003ad0:	4620      	mov	r0, r4
10003ad2:	47b8      	blx	r7
10003ad4:	2201      	movs	r2, #1
10003ad6:	4620      	mov	r0, r4
10003ad8:	f10d 0107 	add.w	r1, sp, #7
10003adc:	f88d a007 	strb.w	sl, [sp, #7]
10003ae0:	47b8      	blx	r7
10003ae2:	e7e8      	b.n	10003ab6 <stdio_put_string+0x8e>
10003ae4:	4630      	mov	r0, r6
10003ae6:	f005 f9f7 	bl	10008ed8 <strlen>
10003aea:	4605      	mov	r5, r0
10003aec:	e7b9      	b.n	10003a62 <stdio_put_string+0x3a>
10003aee:	4804      	ldr	r0, [pc, #16]	@ (10003b00 <stdio_put_string+0xd8>)
10003af0:	f005 fb82 	bl	100091f8 <__mutex_exit_veneer>
10003af4:	4628      	mov	r0, r5
10003af6:	b002      	add	sp, #8
10003af8:	e8bd 87f0 	ldmia.w	sp!, {r4, r5, r6, r7, r8, r9, sl, pc}
10003afc:	000f4240 	.word	0x000f4240
10003b00:	20001b08 	.word	0x20001b08
10003b04:	10003979 	.word	0x10003979
10003b08:	20002480 	.word	0x20002480
10003b0c:	10003971 	.word	0x10003971
10003b10:	2000248c 	.word	0x2000248c

10003b14 <stdio_set_driver_enabled>:
10003b14:	4a08      	ldr	r2, [pc, #32]	@ (10003b38 <stdio_set_driver_enabled+0x24>)
10003b16:	6813      	ldr	r3, [r2, #0]
10003b18:	b923      	cbnz	r3, 10003b24 <stdio_set_driver_enabled+0x10>
10003b1a:	e00a      	b.n	10003b32 <stdio_set_driver_enabled+0x1e>
10003b1c:	f103 0210 	add.w	r2, r3, #16
10003b20:	691b      	ldr	r3, [r3, #16]
10003b22:	b133      	cbz	r3, 10003b32 <stdio_set_driver_enabled+0x1e>
10003b24:	4283      	cmp	r3, r0
10003b26:	d1f9      	bne.n	10003b1c <stdio_set_driver_enabled+0x8>
10003b28:	b929      	cbnz	r1, 10003b36 <stdio_set_driver_enabled+0x22>
10003b2a:	6918      	ldr	r0, [r3, #16]
10003b2c:	6010      	str	r0, [r2, #0]
10003b2e:	6119      	str	r1, [r3, #16]
10003b30:	4770      	bx	lr
10003b32:	b101      	cbz	r1, 10003b36 <stdio_set_driver_enabled+0x22>
10003b34:	6010      	str	r0, [r2, #0]
10003b36:	4770      	bx	lr
10003b38:	20002480 	.word	0x20002480

10003b3c <stdio_init_all>:
10003b3c:	f000 ba6e 	b.w	1000401c <stdio_usb_init>

10003b40 <__wrap_putchar>:
10003b40:	b5f0      	push	{r4, r5, r6, r7, lr}
10003b42:	b083      	sub	sp, #12
10003b44:	4606      	mov	r6, r0
10003b46:	f88d 0007 	strb.w	r0, [sp, #7]
10003b4a:	f7fd fe4d 	bl	100017e8 <time_us_64>
10003b4e:	f04f 35ff 	mov.w	r5, #4294967295
10003b52:	f06f 4400 	mvn.w	r4, #2147483648	@ 0x80000000
10003b56:	4a17      	ldr	r2, [pc, #92]	@ (10003bb4 <__wrap_putchar+0x74>)
10003b58:	1882      	adds	r2, r0, r2
10003b5a:	f141 0300 	adc.w	r3, r1, #0
10003b5e:	4295      	cmp	r5, r2
10003b60:	eb74 0103 	sbcs.w	r1, r4, r3
10003b64:	bf3c      	itt	cc
10003b66:	4623      	movcc	r3, r4
10003b68:	462a      	movcc	r2, r5
10003b6a:	4813      	ldr	r0, [pc, #76]	@ (10003bb8 <__wrap_putchar+0x78>)
10003b6c:	f005 fb4c 	bl	10009208 <__mutex_try_enter_block_until_veneer>
10003b70:	4b12      	ldr	r3, [pc, #72]	@ (10003bbc <__wrap_putchar+0x7c>)
10003b72:	4607      	mov	r7, r0
10003b74:	681c      	ldr	r4, [r3, #0]
10003b76:	b19c      	cbz	r4, 10003ba0 <__wrap_putchar+0x60>
10003b78:	4d11      	ldr	r5, [pc, #68]	@ (10003bc0 <__wrap_putchar+0x80>)
10003b7a:	e001      	b.n	10003b80 <__wrap_putchar+0x40>
10003b7c:	6924      	ldr	r4, [r4, #16]
10003b7e:	b17c      	cbz	r4, 10003ba0 <__wrap_putchar+0x60>
10003b80:	6823      	ldr	r3, [r4, #0]
10003b82:	2b00      	cmp	r3, #0
10003b84:	d0fa      	beq.n	10003b7c <__wrap_putchar+0x3c>
10003b86:	682b      	ldr	r3, [r5, #0]
10003b88:	b10b      	cbz	r3, 10003b8e <__wrap_putchar+0x4e>
10003b8a:	429c      	cmp	r4, r3
10003b8c:	d1f6      	bne.n	10003b7c <__wrap_putchar+0x3c>
10003b8e:	4620      	mov	r0, r4
10003b90:	2201      	movs	r2, #1
10003b92:	f10d 0107 	add.w	r1, sp, #7
10003b96:	f7ff feef 	bl	10003978 <stdio_out_chars_crlf>
10003b9a:	6924      	ldr	r4, [r4, #16]
10003b9c:	2c00      	cmp	r4, #0
10003b9e:	d1ef      	bne.n	10003b80 <__wrap_putchar+0x40>
10003ba0:	b917      	cbnz	r7, 10003ba8 <__wrap_putchar+0x68>
10003ba2:	4630      	mov	r0, r6
10003ba4:	b003      	add	sp, #12
10003ba6:	bdf0      	pop	{r4, r5, r6, r7, pc}
10003ba8:	4803      	ldr	r0, [pc, #12]	@ (10003bb8 <__wrap_putchar+0x78>)
10003baa:	f005 fb25 	bl	100091f8 <__mutex_exit_veneer>
10003bae:	4630      	mov	r0, r6
10003bb0:	b003      	add	sp, #12
10003bb2:	bdf0      	pop	{r4, r5, r6, r7, pc}
10003bb4:	000f4240 	.word	0x000f4240
10003bb8:	20001b08 	.word	0x20001b08
10003bbc:	20002480 	.word	0x20002480
10003bc0:	2000248c 	.word	0x2000248c

10003bc4 <__wrap_puts>:
10003bc4:	b538      	push	{r3, r4, r5, lr}
10003bc6:	4604      	mov	r4, r0
10003bc8:	f005 f986 	bl	10008ed8 <strlen>
10003bcc:	2301      	movs	r3, #1
10003bce:	4605      	mov	r5, r0
10003bd0:	461a      	mov	r2, r3
10003bd2:	4620      	mov	r0, r4
10003bd4:	4629      	mov	r1, r5
10003bd6:	f7ff ff27 	bl	10003a28 <stdio_put_string>
10003bda:	4b08      	ldr	r3, [pc, #32]	@ (10003bfc <__wrap_puts+0x38>)
10003bdc:	681c      	ldr	r4, [r3, #0]
10003bde:	b12c      	cbz	r4, 10003bec <__wrap_puts+0x28>
10003be0:	6863      	ldr	r3, [r4, #4]
10003be2:	b12b      	cbz	r3, 10003bf0 <__wrap_puts+0x2c>
10003be4:	4798      	blx	r3
10003be6:	6924      	ldr	r4, [r4, #16]
10003be8:	2c00      	cmp	r4, #0
10003bea:	d1f9      	bne.n	10003be0 <__wrap_puts+0x1c>
10003bec:	4628      	mov	r0, r5
10003bee:	bd38      	pop	{r3, r4, r5, pc}
10003bf0:	6924      	ldr	r4, [r4, #16]
10003bf2:	2c00      	cmp	r4, #0
10003bf4:	d1f4      	bne.n	10003be0 <__wrap_puts+0x1c>
10003bf6:	4628      	mov	r0, r5
10003bf8:	bd38      	pop	{r3, r4, r5, pc}
10003bfa:	bf00      	nop
10003bfc:	20002480 	.word	0x20002480

10003c00 <resetd_init>:
10003c00:	4770      	bx	lr
10003c02:	bf00      	nop

10003c04 <resetd_reset>:
10003c04:	2200      	movs	r2, #0
10003c06:	4b01      	ldr	r3, [pc, #4]	@ (10003c0c <resetd_reset+0x8>)
10003c08:	701a      	strb	r2, [r3, #0]
10003c0a:	4770      	bx	lr
10003c0c:	20002aa9 	.word	0x20002aa9

10003c10 <resetd_open>:
10003c10:	794b      	ldrb	r3, [r1, #5]
10003c12:	2bff      	cmp	r3, #255	@ 0xff
10003c14:	d10b      	bne.n	10003c2e <resetd_open+0x1e>
10003c16:	7988      	ldrb	r0, [r1, #6]
10003c18:	b948      	cbnz	r0, 10003c2e <resetd_open+0x1e>
10003c1a:	79cb      	ldrb	r3, [r1, #7]
10003c1c:	2b01      	cmp	r3, #1
10003c1e:	d107      	bne.n	10003c30 <resetd_open+0x20>
10003c20:	2a08      	cmp	r2, #8
10003c22:	d905      	bls.n	10003c30 <resetd_open+0x20>
10003c24:	4b03      	ldr	r3, [pc, #12]	@ (10003c34 <resetd_open+0x24>)
10003c26:	788a      	ldrb	r2, [r1, #2]
10003c28:	2009      	movs	r0, #9
10003c2a:	701a      	strb	r2, [r3, #0]
10003c2c:	4770      	bx	lr
10003c2e:	2000      	movs	r0, #0
10003c30:	4770      	bx	lr
10003c32:	bf00      	nop
10003c34:	20002aa9 	.word	0x20002aa9

10003c38 <resetd_xfer_cb>:
10003c38:	2001      	movs	r0, #1
10003c3a:	4770      	bx	lr

10003c3c <resetd_control_xfer_cb>:
10003c3c:	2901      	cmp	r1, #1
10003c3e:	d001      	beq.n	10003c44 <resetd_control_xfer_cb+0x8>
10003c40:	2001      	movs	r0, #1
10003c42:	4770      	bx	lr
10003c44:	b508      	push	{r3, lr}
10003c46:	4b10      	ldr	r3, [pc, #64]	@ (10003c88 <resetd_control_xfer_cb+0x4c>)
10003c48:	8891      	ldrh	r1, [r2, #4]
10003c4a:	781b      	ldrb	r3, [r3, #0]
10003c4c:	4299      	cmp	r1, r3
10003c4e:	d001      	beq.n	10003c54 <resetd_control_xfer_cb+0x18>
10003c50:	2000      	movs	r0, #0
10003c52:	bd08      	pop	{r3, pc}
10003c54:	7853      	ldrb	r3, [r2, #1]
10003c56:	2b01      	cmp	r3, #1
10003c58:	d008      	beq.n	10003c6c <resetd_control_xfer_cb+0x30>
10003c5a:	2b02      	cmp	r3, #2
10003c5c:	d1f8      	bne.n	10003c50 <resetd_control_xfer_cb+0x14>
10003c5e:	2100      	movs	r1, #0
10003c60:	2264      	movs	r2, #100	@ 0x64
10003c62:	4608      	mov	r0, r1
10003c64:	f7fd feba 	bl	100019dc <watchdog_reboot>
10003c68:	2001      	movs	r0, #1
10003c6a:	bd08      	pop	{r3, pc}
10003c6c:	8851      	ldrh	r1, [r2, #2]
10003c6e:	05cb      	lsls	r3, r1, #23
10003c70:	bf48      	it	mi
10003c72:	0a48      	lsrmi	r0, r1, #9
10003c74:	f3c1 2240 	ubfx	r2, r1, #9, #1
10003c78:	bf58      	it	pl
10003c7a:	f04f 30ff 	movpl.w	r0, #4294967295
10003c7e:	f001 017f 	and.w	r1, r1, #127	@ 0x7f
10003c82:	f7fd ff29 	bl	10001ad8 <rom_reset_usb_boot_extra>
10003c86:	bf00      	nop
10003c88:	20002aa9 	.word	0x20002aa9

10003c8c <tud_descriptor_bos_cb>:
10003c8c:	4800      	ldr	r0, [pc, #0]	@ (10003c90 <tud_descriptor_bos_cb+0x4>)
10003c8e:	4770      	bx	lr
10003c90:	10009664 	.word	0x10009664

10003c94 <tud_vendor_control_xfer_cb>:
10003c94:	2901      	cmp	r1, #1
10003c96:	d107      	bne.n	10003ca8 <tud_vendor_control_xfer_cb+0x14>
10003c98:	7853      	ldrb	r3, [r2, #1]
10003c9a:	2b01      	cmp	r3, #1
10003c9c:	d102      	bne.n	10003ca4 <tud_vendor_control_xfer_cb+0x10>
10003c9e:	8893      	ldrh	r3, [r2, #4]
10003ca0:	2b07      	cmp	r3, #7
10003ca2:	d003      	beq.n	10003cac <tud_vendor_control_xfer_cb+0x18>
10003ca4:	2000      	movs	r0, #0
10003ca6:	4770      	bx	lr
10003ca8:	2001      	movs	r0, #1
10003caa:	4770      	bx	lr
10003cac:	4611      	mov	r1, r2
10003cae:	23a6      	movs	r3, #166	@ 0xa6
10003cb0:	4a01      	ldr	r2, [pc, #4]	@ (10003cb8 <tud_vendor_control_xfer_cb+0x24>)
10003cb2:	f001 ba39 	b.w	10005128 <tud_control_xfer>
10003cb6:	bf00      	nop
10003cb8:	100095bc 	.word	0x100095bc

10003cbc <usbd_app_driver_get_cb>:
10003cbc:	4603      	mov	r3, r0
10003cbe:	2201      	movs	r2, #1
10003cc0:	4801      	ldr	r0, [pc, #4]	@ (10003cc8 <usbd_app_driver_get_cb+0xc>)
10003cc2:	701a      	strb	r2, [r3, #0]
10003cc4:	4770      	bx	lr
10003cc6:	bf00      	nop
10003cc8:	1000959c 	.word	0x1000959c

10003ccc <tud_cdc_line_coding_cb>:
10003ccc:	b508      	push	{r3, lr}
10003cce:	680b      	ldr	r3, [r1, #0]
10003cd0:	f5b3 6f96 	cmp.w	r3, #1200	@ 0x4b0
10003cd4:	d000      	beq.n	10003cd8 <tud_cdc_line_coding_cb+0xc>
10003cd6:	bd08      	pop	{r3, pc}
10003cd8:	2200      	movs	r2, #0
10003cda:	f04f 30ff 	mov.w	r0, #4294967295
10003cde:	4611      	mov	r1, r2
10003ce0:	f7fd fefa 	bl	10001ad8 <rom_reset_usb_boot_extra>

10003ce4 <stdio_usb_set_chars_available_callback>:
10003ce4:	4a02      	ldr	r2, [pc, #8]	@ (10003cf0 <stdio_usb_set_chars_available_callback+0xc>)
10003ce6:	4b03      	ldr	r3, [pc, #12]	@ (10003cf4 <stdio_usb_set_chars_available_callback+0x10>)
10003ce8:	6010      	str	r0, [r2, #0]
10003cea:	6019      	str	r1, [r3, #0]
10003cec:	4770      	bx	lr
10003cee:	bf00      	nop
10003cf0:	20002420 	.word	0x20002420
10003cf4:	20002424 	.word	0x20002424

10003cf8 <timer_task>:
10003cf8:	4b18      	ldr	r3, [pc, #96]	@ (10003d5c <timer_task+0x64>)
10003cfa:	b570      	push	{r4, r5, r6, lr}
10003cfc:	681a      	ldr	r2, [r3, #0]
10003cfe:	2a00      	cmp	r2, #0
10003d00:	d028      	beq.n	10003d54 <timer_task+0x5c>
10003d02:	f3ef 8110 	mrs	r1, PRIMASK
10003d06:	b672      	cpsid	i
10003d08:	e8d2 4fcf 	ldaexb	r4, [r2]
10003d0c:	2001      	movs	r0, #1
10003d0e:	2c00      	cmp	r4, #0
10003d10:	d1fa      	bne.n	10003d08 <timer_task+0x10>
10003d12:	e8c2 0f44 	strexb	r4, r0, [r2]
10003d16:	2c00      	cmp	r4, #0
10003d18:	d1f6      	bne.n	10003d08 <timer_task+0x10>
10003d1a:	f3bf 8f5f 	dmb	sy
10003d1e:	2200      	movs	r2, #0
10003d20:	4c0f      	ldr	r4, [pc, #60]	@ (10003d60 <timer_task+0x68>)
10003d22:	6818      	ldr	r0, [r3, #0]
10003d24:	6059      	str	r1, [r3, #4]
10003d26:	7022      	strb	r2, [r4, #0]
10003d28:	e8c0 2f8f 	stlb	r2, [r0]
10003d2c:	f381 8810 	msr	PRIMASK, r1
10003d30:	2400      	movs	r4, #0
10003d32:	2500      	movs	r5, #0
10003d34:	4e0b      	ldr	r6, [pc, #44]	@ (10003d64 <timer_task+0x6c>)
10003d36:	7830      	ldrb	r0, [r6, #0]
10003d38:	f7fc fe2c 	bl	10000994 <irq_is_enabled>
10003d3c:	b920      	cbnz	r0, 10003d48 <timer_task+0x50>
10003d3e:	2400      	movs	r4, #0
10003d40:	2500      	movs	r5, #0
10003d42:	4620      	mov	r0, r4
10003d44:	4629      	mov	r1, r5
10003d46:	bd70      	pop	{r4, r5, r6, pc}
10003d48:	7830      	ldrb	r0, [r6, #0]
10003d4a:	f7fc fe33 	bl	100009b4 <irq_set_pending>
10003d4e:	4620      	mov	r0, r4
10003d50:	4629      	mov	r1, r5
10003d52:	bd70      	pop	{r4, r5, r6, pc}
10003d54:	f44f 747a 	mov.w	r4, #1000	@ 0x3e8
10003d58:	2500      	movs	r5, #0
10003d5a:	e7eb      	b.n	10003d34 <timer_task+0x3c>
10003d5c:	200028bc 	.word	0x200028bc
10003d60:	20002aab 	.word	0x20002aab
10003d64:	20002aaa 	.word	0x20002aaa

10003d68 <usb_irq>:
10003d68:	4b01      	ldr	r3, [pc, #4]	@ (10003d70 <usb_irq+0x8>)
10003d6a:	7818      	ldrb	r0, [r3, #0]
10003d6c:	f7fc be22 	b.w	100009b4 <irq_set_pending>
10003d70:	20002aaa 	.word	0x20002aaa

10003d74 <stdio_usb_in_chars>:
10003d74:	b538      	push	{r3, r4, r5, lr}
10003d76:	4604      	mov	r4, r0
10003d78:	2000      	movs	r0, #0
10003d7a:	460d      	mov	r5, r1
10003d7c:	f001 fb04 	bl	10005388 <tud_cdc_n_connected>
10003d80:	b3a8      	cbz	r0, 10003dee <stdio_usb_in_chars+0x7a>
10003d82:	2000      	movs	r0, #0
10003d84:	f001 fb16 	bl	100053b4 <tud_cdc_n_available>
10003d88:	b388      	cbz	r0, 10003dee <stdio_usb_in_chars+0x7a>
10003d8a:	f7fd fd2d 	bl	100017e8 <time_us_64>
10003d8e:	f04f 3eff 	mov.w	lr, #4294967295
10003d92:	f06f 4c00 	mvn.w	ip, #2147483648	@ 0x80000000
10003d96:	4a17      	ldr	r2, [pc, #92]	@ (10003df4 <stdio_usb_in_chars+0x80>)
10003d98:	1882      	adds	r2, r0, r2
10003d9a:	f141 0300 	adc.w	r3, r1, #0
10003d9e:	4596      	cmp	lr, r2
10003da0:	eb7c 0103 	sbcs.w	r1, ip, r3
10003da4:	bf3c      	itt	cc
10003da6:	4672      	movcc	r2, lr
10003da8:	4663      	movcc	r3, ip
10003daa:	4813      	ldr	r0, [pc, #76]	@ (10003df8 <stdio_usb_in_chars+0x84>)
10003dac:	f005 fa2c 	bl	10009208 <__mutex_try_enter_block_until_veneer>
10003db0:	b1e8      	cbz	r0, 10003dee <stdio_usb_in_chars+0x7a>
10003db2:	2000      	movs	r0, #0
10003db4:	f001 fae8 	bl	10005388 <tud_cdc_n_connected>
10003db8:	b958      	cbnz	r0, 10003dd2 <stdio_usb_in_chars+0x5e>
10003dba:	2100      	movs	r1, #0
10003dbc:	f04f 30ff 	mov.w	r0, #4294967295
10003dc0:	f000 fd0a 	bl	100047d8 <tud_task_ext>
10003dc4:	f06f 0402 	mvn.w	r4, #2
10003dc8:	480b      	ldr	r0, [pc, #44]	@ (10003df8 <stdio_usb_in_chars+0x84>)
10003dca:	f005 fa15 	bl	100091f8 <__mutex_exit_veneer>
10003dce:	4620      	mov	r0, r4
10003dd0:	bd38      	pop	{r3, r4, r5, pc}
10003dd2:	2000      	movs	r0, #0
10003dd4:	f001 faee 	bl	100053b4 <tud_cdc_n_available>
10003dd8:	2800      	cmp	r0, #0
10003dda:	d0ee      	beq.n	10003dba <stdio_usb_in_chars+0x46>
10003ddc:	4621      	mov	r1, r4
10003dde:	462a      	mov	r2, r5
10003de0:	2000      	movs	r0, #0
10003de2:	f001 faf1 	bl	100053c8 <tud_cdc_n_read>
10003de6:	4604      	mov	r4, r0
10003de8:	2800      	cmp	r0, #0
10003dea:	d1ed      	bne.n	10003dc8 <stdio_usb_in_chars+0x54>
10003dec:	e7ea      	b.n	10003dc4 <stdio_usb_in_chars+0x50>
10003dee:	f06f 0402 	mvn.w	r4, #2
10003df2:	e7ec      	b.n	10003dce <stdio_usb_in_chars+0x5a>
10003df4:	000f4240 	.word	0x000f4240
10003df8:	2000298c 	.word	0x2000298c

10003dfc <stdio_usb_out_flush>:
10003dfc:	b508      	push	{r3, lr}
10003dfe:	f7fd fcf3 	bl	100017e8 <time_us_64>
10003e02:	f04f 3eff 	mov.w	lr, #4294967295
10003e06:	f06f 4c00 	mvn.w	ip, #2147483648	@ 0x80000000
10003e0a:	4a0f      	ldr	r2, [pc, #60]	@ (10003e48 <stdio_usb_out_flush+0x4c>)
10003e0c:	1882      	adds	r2, r0, r2
10003e0e:	f141 0300 	adc.w	r3, r1, #0
10003e12:	4596      	cmp	lr, r2
10003e14:	eb7c 0103 	sbcs.w	r1, ip, r3
10003e18:	bf3c      	itt	cc
10003e1a:	4672      	movcc	r2, lr
10003e1c:	4663      	movcc	r3, ip
10003e1e:	480b      	ldr	r0, [pc, #44]	@ (10003e4c <stdio_usb_out_flush+0x50>)
10003e20:	f005 f9f2 	bl	10009208 <__mutex_try_enter_block_until_veneer>
10003e24:	b170      	cbz	r0, 10003e44 <stdio_usb_out_flush+0x48>
10003e26:	f04f 30ff 	mov.w	r0, #4294967295
10003e2a:	2100      	movs	r1, #0
10003e2c:	f000 fcd4 	bl	100047d8 <tud_task_ext>
10003e30:	2000      	movs	r0, #0
10003e32:	f001 fb11 	bl	10005458 <tud_cdc_n_write_flush>
10003e36:	2800      	cmp	r0, #0
10003e38:	d1f5      	bne.n	10003e26 <stdio_usb_out_flush+0x2a>
10003e3a:	e8bd 4008 	ldmia.w	sp!, {r3, lr}
10003e3e:	4803      	ldr	r0, [pc, #12]	@ (10003e4c <stdio_usb_out_flush+0x50>)
10003e40:	f005 b9da 	b.w	100091f8 <__mutex_exit_veneer>
10003e44:	bd08      	pop	{r3, pc}
10003e46:	bf00      	nop
10003e48:	000f4240 	.word	0x000f4240
10003e4c:	2000298c 	.word	0x2000298c

10003e50 <stdio_usb_out_chars>:
10003e50:	e92d 43f8 	stmdb	sp!, {r3, r4, r5, r6, r7, r8, r9, lr}
10003e54:	4680      	mov	r8, r0
10003e56:	460f      	mov	r7, r1
10003e58:	f7fd fcc6 	bl	100017e8 <time_us_64>
10003e5c:	f04f 35ff 	mov.w	r5, #4294967295
10003e60:	f06f 4400 	mvn.w	r4, #2147483648	@ 0x80000000
10003e64:	4a33      	ldr	r2, [pc, #204]	@ (10003f34 <stdio_usb_out_chars+0xe4>)
10003e66:	1882      	adds	r2, r0, r2
10003e68:	f141 0300 	adc.w	r3, r1, #0
10003e6c:	4295      	cmp	r5, r2
10003e6e:	eb74 0103 	sbcs.w	r1, r4, r3
10003e72:	bf3c      	itt	cc
10003e74:	462a      	movcc	r2, r5
10003e76:	4623      	movcc	r3, r4
10003e78:	482f      	ldr	r0, [pc, #188]	@ (10003f38 <stdio_usb_out_chars+0xe8>)
10003e7a:	f005 f9c5 	bl	10009208 <__mutex_try_enter_block_until_veneer>
10003e7e:	b908      	cbnz	r0, 10003e84 <stdio_usb_out_chars+0x34>
10003e80:	e8bd 83f8 	ldmia.w	sp!, {r3, r4, r5, r6, r7, r8, r9, pc}
10003e84:	2000      	movs	r0, #0
10003e86:	f001 fa7f 	bl	10005388 <tud_cdc_n_connected>
10003e8a:	2800      	cmp	r0, #0
10003e8c:	d047      	beq.n	10003f1e <stdio_usb_out_chars+0xce>
10003e8e:	2f00      	cmp	r7, #0
10003e90:	dd40      	ble.n	10003f14 <stdio_usb_out_chars+0xc4>
10003e92:	2500      	movs	r5, #0
10003e94:	f8df 90a8 	ldr.w	r9, [pc, #168]	@ 10003f40 <stdio_usb_out_chars+0xf0>
10003e98:	4e28      	ldr	r6, [pc, #160]	@ (10003f3c <stdio_usb_out_chars+0xec>)
10003e9a:	e013      	b.n	10003ec4 <stdio_usb_out_chars+0x74>
10003e9c:	4622      	mov	r2, r4
10003e9e:	2000      	movs	r0, #0
10003ea0:	f001 fb20 	bl	100054e4 <tud_cdc_n_write>
10003ea4:	2100      	movs	r1, #0
10003ea6:	4604      	mov	r4, r0
10003ea8:	f04f 30ff 	mov.w	r0, #4294967295
10003eac:	f000 fc94 	bl	100047d8 <tud_task_ext>
10003eb0:	2000      	movs	r0, #0
10003eb2:	f001 fad1 	bl	10005458 <tud_cdc_n_write_flush>
10003eb6:	f7fd fc97 	bl	100017e8 <time_us_64>
10003eba:	e9c9 0100 	strd	r0, r1, [r9]
10003ebe:	4425      	add	r5, r4
10003ec0:	42af      	cmp	r7, r5
10003ec2:	dd27      	ble.n	10003f14 <stdio_usb_out_chars+0xc4>
10003ec4:	2000      	movs	r0, #0
10003ec6:	f001 fb2d 	bl	10005524 <tud_cdc_n_write_available>
10003eca:	1b7c      	subs	r4, r7, r5
10003ecc:	4284      	cmp	r4, r0
10003ece:	bfa8      	it	ge
10003ed0:	4604      	movge	r4, r0
10003ed2:	eb08 0105 	add.w	r1, r8, r5
10003ed6:	2c00      	cmp	r4, #0
10003ed8:	d1e0      	bne.n	10003e9c <stdio_usb_out_chars+0x4c>
10003eda:	4621      	mov	r1, r4
10003edc:	f04f 30ff 	mov.w	r0, #4294967295
10003ee0:	f000 fc7a 	bl	100047d8 <tud_task_ext>
10003ee4:	4620      	mov	r0, r4
10003ee6:	f001 fab7 	bl	10005458 <tud_cdc_n_write_flush>
10003eea:	4620      	mov	r0, r4
10003eec:	f001 fa4c 	bl	10005388 <tud_cdc_n_connected>
10003ef0:	b180      	cbz	r0, 10003f14 <stdio_usb_out_chars+0xc4>
10003ef2:	4620      	mov	r0, r4
10003ef4:	f001 fb16 	bl	10005524 <tud_cdc_n_write_available>
10003ef8:	2800      	cmp	r0, #0
10003efa:	d1e1      	bne.n	10003ec0 <stdio_usb_out_chars+0x70>
10003efc:	f7fd fc74 	bl	100017e8 <time_us_64>
10003f00:	f8d9 3000 	ldr.w	r3, [r9]
10003f04:	f8d9 2004 	ldr.w	r2, [r9, #4]
10003f08:	199b      	adds	r3, r3, r6
10003f0a:	f142 0200 	adc.w	r2, r2, #0
10003f0e:	4283      	cmp	r3, r0
10003f10:	418a      	sbcs	r2, r1
10003f12:	d2d5      	bcs.n	10003ec0 <stdio_usb_out_chars+0x70>
10003f14:	4808      	ldr	r0, [pc, #32]	@ (10003f38 <stdio_usb_out_chars+0xe8>)
10003f16:	e8bd 43f8 	ldmia.w	sp!, {r3, r4, r5, r6, r7, r8, r9, lr}
10003f1a:	f005 b96d 	b.w	100091f8 <__mutex_exit_veneer>
10003f1e:	2000      	movs	r0, #0
10003f20:	2100      	movs	r1, #0
10003f22:	4b07      	ldr	r3, [pc, #28]	@ (10003f40 <stdio_usb_out_chars+0xf0>)
10003f24:	e9c3 0100 	strd	r0, r1, [r3]
10003f28:	e8bd 43f8 	ldmia.w	sp!, {r3, r4, r5, r6, r7, r8, r9, lr}
10003f2c:	4802      	ldr	r0, [pc, #8]	@ (10003f38 <stdio_usb_out_chars+0xe8>)
10003f2e:	f005 b963 	b.w	100091f8 <__mutex_exit_veneer>
10003f32:	bf00      	nop
10003f34:	000f4240 	.word	0x000f4240
10003f38:	2000298c 	.word	0x2000298c
10003f3c:	0007a120 	.word	0x0007a120
10003f40:	20001c98 	.word	0x20001c98

10003f44 <low_priority_worker_irq>:
10003f44:	b530      	push	{r4, r5, lr}
10003f46:	2100      	movs	r1, #0
10003f48:	b085      	sub	sp, #20
10003f4a:	482e      	ldr	r0, [pc, #184]	@ (10004004 <low_priority_worker_irq+0xc0>)
10003f4c:	f005 f964 	bl	10009218 <__mutex_try_enter_veneer>
10003f50:	b9f0      	cbnz	r0, 10003f90 <low_priority_worker_irq+0x4c>
10003f52:	4b2d      	ldr	r3, [pc, #180]	@ (10004008 <low_priority_worker_irq+0xc4>)
10003f54:	681a      	ldr	r2, [r3, #0]
10003f56:	b1ca      	cbz	r2, 10003f8c <low_priority_worker_irq+0x48>
10003f58:	f3ef 8110 	mrs	r1, PRIMASK
10003f5c:	b672      	cpsid	i
10003f5e:	e8d2 5fcf 	ldaexb	r5, [r2]
10003f62:	2401      	movs	r4, #1
10003f64:	2d00      	cmp	r5, #0
10003f66:	d1fa      	bne.n	10003f5e <low_priority_worker_irq+0x1a>
10003f68:	e8c2 4f45 	strexb	r5, r4, [r2]
10003f6c:	2d00      	cmp	r5, #0
10003f6e:	d1f6      	bne.n	10003f5e <low_priority_worker_irq+0x1a>
10003f70:	f3bf 8f5f 	dmb	sy
10003f74:	4c25      	ldr	r4, [pc, #148]	@ (1000400c <low_priority_worker_irq+0xc8>)
10003f76:	681d      	ldr	r5, [r3, #0]
10003f78:	7822      	ldrb	r2, [r4, #0]
10003f7a:	6059      	str	r1, [r3, #4]
10003f7c:	b2d3      	uxtb	r3, r2
10003f7e:	2201      	movs	r2, #1
10003f80:	7022      	strb	r2, [r4, #0]
10003f82:	e8c5 0f8f 	stlb	r0, [r5]
10003f86:	f381 8810 	msr	PRIMASK, r1
10003f8a:	b1cb      	cbz	r3, 10003fc0 <low_priority_worker_irq+0x7c>
10003f8c:	b005      	add	sp, #20
10003f8e:	bd30      	pop	{r4, r5, pc}
10003f90:	2100      	movs	r1, #0
10003f92:	f04f 30ff 	mov.w	r0, #4294967295
10003f96:	f000 fc1f 	bl	100047d8 <tud_task_ext>
10003f9a:	2000      	movs	r0, #0
10003f9c:	f001 fa0a 	bl	100053b4 <tud_cdc_n_available>
10003fa0:	4604      	mov	r4, r0
10003fa2:	4818      	ldr	r0, [pc, #96]	@ (10004004 <low_priority_worker_irq+0xc0>)
10003fa4:	f005 f928 	bl	100091f8 <__mutex_exit_veneer>
10003fa8:	2c00      	cmp	r4, #0
10003faa:	d0ef      	beq.n	10003f8c <low_priority_worker_irq+0x48>
10003fac:	4b18      	ldr	r3, [pc, #96]	@ (10004010 <low_priority_worker_irq+0xcc>)
10003fae:	681b      	ldr	r3, [r3, #0]
10003fb0:	2b00      	cmp	r3, #0
10003fb2:	d0eb      	beq.n	10003f8c <low_priority_worker_irq+0x48>
10003fb4:	4a17      	ldr	r2, [pc, #92]	@ (10004014 <low_priority_worker_irq+0xd0>)
10003fb6:	6810      	ldr	r0, [r2, #0]
10003fb8:	b005      	add	sp, #20
10003fba:	e8bd 4030 	ldmia.w	sp!, {r4, r5, lr}
10003fbe:	4718      	bx	r3
10003fc0:	f7fd fa0a 	bl	100013d8 <alarm_pool_get_default>
10003fc4:	4604      	mov	r4, r0
10003fc6:	f7fd fc0f 	bl	100017e8 <time_us_64>
10003fca:	f04f 3cff 	mov.w	ip, #4294967295
10003fce:	f06f 4500 	mvn.w	r5, #2147483648	@ 0x80000000
10003fd2:	f510 727a 	adds.w	r2, r0, #1000	@ 0x3e8
10003fd6:	f141 0300 	adc.w	r3, r1, #0
10003fda:	4594      	cmp	ip, r2
10003fdc:	eb75 0103 	sbcs.w	r1, r5, r3
10003fe0:	bf38      	it	cc
10003fe2:	462b      	movcc	r3, r5
10003fe4:	f04f 0100 	mov.w	r1, #0
10003fe8:	f04f 0501 	mov.w	r5, #1
10003fec:	4620      	mov	r0, r4
10003fee:	4c0a      	ldr	r4, [pc, #40]	@ (10004018 <low_priority_worker_irq+0xd4>)
10003ff0:	bf38      	it	cc
10003ff2:	4662      	movcc	r2, ip
10003ff4:	e9cd 1501 	strd	r1, r5, [sp, #4]
10003ff8:	9400      	str	r4, [sp, #0]
10003ffa:	f7fd f9f1 	bl	100013e0 <alarm_pool_add_alarm_at>
10003ffe:	b005      	add	sp, #20
10004000:	bd30      	pop	{r4, r5, pc}
10004002:	bf00      	nop
10004004:	2000298c 	.word	0x2000298c
10004008:	200028bc 	.word	0x200028bc
1000400c:	20002aab 	.word	0x20002aab
10004010:	20002420 	.word	0x20002420
10004014:	20002424 	.word	0x20002424
10004018:	10003cf9 	.word	0x10003cf9

1000401c <stdio_usb_init>:
1000401c:	f04f 4350 	mov.w	r3, #3489660928	@ 0xd0000000
10004020:	b530      	push	{r4, r5, lr}
10004022:	b085      	sub	sp, #20
10004024:	681c      	ldr	r4, [r3, #0]
10004026:	f7fd f9d7 	bl	100013d8 <alarm_pool_get_default>
1000402a:	f7fd faeb 	bl	10001604 <alarm_pool_core_num>
1000402e:	42a0      	cmp	r0, r4
10004030:	d002      	beq.n	10004038 <stdio_usb_init+0x1c>
10004032:	2000      	movs	r0, #0
10004034:	b005      	add	sp, #20
10004036:	bd30      	pop	{r4, r5, pc}
10004038:	2100      	movs	r1, #0
1000403a:	4b2a      	ldr	r3, [pc, #168]	@ (100040e4 <stdio_usb_init+0xc8>)
1000403c:	4608      	mov	r0, r1
1000403e:	781b      	ldrb	r3, [r3, #0]
10004040:	f001 fd38 	bl	10005ab4 <tusb_rhport_init>
10004044:	4828      	ldr	r0, [pc, #160]	@ (100040e8 <stdio_usb_init+0xcc>)
10004046:	6803      	ldr	r3, [r0, #0]
10004048:	2b00      	cmp	r3, #0
1000404a:	d047      	beq.n	100040dc <stdio_usb_init+0xc0>
1000404c:	2001      	movs	r0, #1
1000404e:	f7fc ff49 	bl	10000ee4 <user_irq_claim_unused>
10004052:	4603      	mov	r3, r0
10004054:	4c25      	ldr	r4, [pc, #148]	@ (100040ec <stdio_usb_init+0xd0>)
10004056:	4926      	ldr	r1, [pc, #152]	@ (100040f0 <stdio_usb_init+0xd4>)
10004058:	b2c0      	uxtb	r0, r0
1000405a:	7023      	strb	r3, [r4, #0]
1000405c:	f7fc fcc6 	bl	100009ec <irq_set_exclusive_handler>
10004060:	7820      	ldrb	r0, [r4, #0]
10004062:	2101      	movs	r1, #1
10004064:	f7fc fc80 	bl	10000968 <irq_set_enabled>
10004068:	200e      	movs	r0, #14
1000406a:	f7fc fcaf 	bl	100009cc <irq_has_shared_handler>
1000406e:	bb40      	cbnz	r0, 100040c2 <stdio_usb_init+0xa6>
10004070:	4b20      	ldr	r3, [pc, #128]	@ (100040f4 <stdio_usb_init+0xd8>)
10004072:	2501      	movs	r5, #1
10004074:	e9c3 0000 	strd	r0, r0, [r3]
10004078:	f7fd f9ae 	bl	100013d8 <alarm_pool_get_default>
1000407c:	4604      	mov	r4, r0
1000407e:	f7fd fbb3 	bl	100017e8 <time_us_64>
10004082:	f04f 3eff 	mov.w	lr, #4294967295
10004086:	f06f 4c00 	mvn.w	ip, #2147483648	@ 0x80000000
1000408a:	f510 727a 	adds.w	r2, r0, #1000	@ 0x3e8
1000408e:	f141 0300 	adc.w	r3, r1, #0
10004092:	4596      	cmp	lr, r2
10004094:	eb7c 0103 	sbcs.w	r1, ip, r3
10004098:	f04f 0100 	mov.w	r1, #0
1000409c:	4620      	mov	r0, r4
1000409e:	4c16      	ldr	r4, [pc, #88]	@ (100040f8 <stdio_usb_init+0xdc>)
100040a0:	bf3c      	itt	cc
100040a2:	4672      	movcc	r2, lr
100040a4:	4663      	movcc	r3, ip
100040a6:	e9cd 1501 	strd	r1, r5, [sp, #4]
100040aa:	9400      	str	r4, [sp, #0]
100040ac:	f7fd f998 	bl	100013e0 <alarm_pool_add_alarm_at>
100040b0:	2800      	cmp	r0, #0
100040b2:	dbbe      	blt.n	10004032 <stdio_usb_init+0x16>
100040b4:	2101      	movs	r1, #1
100040b6:	4811      	ldr	r0, [pc, #68]	@ (100040fc <stdio_usb_init+0xe0>)
100040b8:	f7ff fd2c 	bl	10003b14 <stdio_set_driver_enabled>
100040bc:	2001      	movs	r0, #1
100040be:	b005      	add	sp, #20
100040c0:	bd30      	pop	{r4, r5, pc}
100040c2:	2001      	movs	r0, #1
100040c4:	f7fc fc0c 	bl	100008e0 <spin_lock_claim_unused>
100040c8:	4601      	mov	r1, r0
100040ca:	480a      	ldr	r0, [pc, #40]	@ (100040f4 <stdio_usb_init+0xd8>)
100040cc:	f7fc ff66 	bl	10000f9c <critical_section_init_with_lock_num>
100040d0:	2200      	movs	r2, #0
100040d2:	200e      	movs	r0, #14
100040d4:	490a      	ldr	r1, [pc, #40]	@ (10004100 <stdio_usb_init+0xe4>)
100040d6:	f7fc fcb9 	bl	10000a4c <irq_add_shared_handler>
100040da:	e7eb      	b.n	100040b4 <stdio_usb_init+0x98>
100040dc:	f7fc ff42 	bl	10000f64 <mutex_init>
100040e0:	e7b4      	b.n	1000404c <stdio_usb_init+0x30>
100040e2:	bf00      	nop
100040e4:	10009790 	.word	0x10009790
100040e8:	2000298c 	.word	0x2000298c
100040ec:	20002aaa 	.word	0x20002aaa
100040f0:	10003f45 	.word	0x10003f45
100040f4:	200028bc 	.word	0x200028bc
100040f8:	10003cf9 	.word	0x10003cf9
100040fc:	20001560 	.word	0x20001560
10004100:	10003d69 	.word	0x10003d69

10004104 <tud_descriptor_device_cb>:
10004104:	4800      	ldr	r0, [pc, #0]	@ (10004108 <tud_descriptor_device_cb+0x4>)
10004106:	4770      	bx	lr
10004108:	10009700 	.word	0x10009700

1000410c <tud_descriptor_configuration_cb>:
1000410c:	4800      	ldr	r0, [pc, #0]	@ (10004110 <tud_descriptor_configuration_cb+0x4>)
1000410e:	4770      	bx	lr
10004110:	100096ac 	.word	0x100096ac

10004114 <tud_descriptor_string_cb>:
10004114:	b538      	push	{r3, r4, r5, lr}
10004116:	4b18      	ldr	r3, [pc, #96]	@ (10004178 <tud_descriptor_string_cb+0x64>)
10004118:	4604      	mov	r4, r0
1000411a:	781a      	ldrb	r2, [r3, #0]
1000411c:	b30a      	cbz	r2, 10004162 <tud_descriptor_string_cb+0x4e>
1000411e:	b944      	cbnz	r4, 10004132 <tud_descriptor_string_cb+0x1e>
10004120:	f240 4209 	movw	r2, #1033	@ 0x409
10004124:	f44f 7341 	mov.w	r3, #772	@ 0x304
10004128:	4d14      	ldr	r5, [pc, #80]	@ (1000417c <tud_descriptor_string_cb+0x68>)
1000412a:	806a      	strh	r2, [r5, #2]
1000412c:	4813      	ldr	r0, [pc, #76]	@ (1000417c <tud_descriptor_string_cb+0x68>)
1000412e:	802b      	strh	r3, [r5, #0]
10004130:	bd38      	pop	{r3, r4, r5, pc}
10004132:	2c05      	cmp	r4, #5
10004134:	d81d      	bhi.n	10004172 <tud_descriptor_string_cb+0x5e>
10004136:	4b12      	ldr	r3, [pc, #72]	@ (10004180 <tud_descriptor_string_cb+0x6c>)
10004138:	4d10      	ldr	r5, [pc, #64]	@ (1000417c <tud_descriptor_string_cb+0x68>)
1000413a:	f853 1024 	ldr.w	r1, [r3, r4, lsl #2]
1000413e:	4628      	mov	r0, r5
10004140:	2300      	movs	r3, #0
10004142:	3901      	subs	r1, #1
10004144:	e003      	b.n	1000414e <tud_descriptor_string_cb+0x3a>
10004146:	2b13      	cmp	r3, #19
10004148:	f820 2f02 	strh.w	r2, [r0, #2]!
1000414c:	d00e      	beq.n	1000416c <tud_descriptor_string_cb+0x58>
1000414e:	f811 2f01 	ldrb.w	r2, [r1, #1]!
10004152:	3301      	adds	r3, #1
10004154:	b2db      	uxtb	r3, r3
10004156:	2a00      	cmp	r2, #0
10004158:	d1f5      	bne.n	10004146 <tud_descriptor_string_cb+0x32>
1000415a:	005b      	lsls	r3, r3, #1
1000415c:	f443 7340 	orr.w	r3, r3, #768	@ 0x300
10004160:	e7e4      	b.n	1000412c <tud_descriptor_string_cb+0x18>
10004162:	2111      	movs	r1, #17
10004164:	4618      	mov	r0, r3
10004166:	f000 f825 	bl	100041b4 <pico_get_unique_board_id_string>
1000416a:	e7d8      	b.n	1000411e <tud_descriptor_string_cb+0xa>
1000416c:	f44f 734a 	mov.w	r3, #808	@ 0x328
10004170:	e7dc      	b.n	1000412c <tud_descriptor_string_cb+0x18>
10004172:	2000      	movs	r0, #0
10004174:	bd38      	pop	{r3, r4, r5, pc}
10004176:	bf00      	nop
10004178:	200029c0 	.word	0x200029c0
1000417c:	20002458 	.word	0x20002458
10004180:	10009694 	.word	0x10009694

10004184 <_retrieve_unique_id_on_boot>:
10004184:	b500      	push	{lr}
10004186:	f245 3047 	movw	r0, #21319	@ 0x5347
1000418a:	b08b      	sub	sp, #44	@ 0x2c
1000418c:	f7fd fc98 	bl	10001ac0 <rom_func_lookup>
10004190:	2201      	movs	r2, #1
10004192:	4603      	mov	r3, r0
10004194:	2109      	movs	r1, #9
10004196:	a801      	add	r0, sp, #4
10004198:	4798      	blx	r3
1000419a:	e9dd 3203 	ldrd	r3, r2, [sp, #12]
1000419e:	4904      	ldr	r1, [pc, #16]	@ (100041b0 <_retrieve_unique_id_on_boot+0x2c>)
100041a0:	ba12      	rev	r2, r2
100041a2:	ba1b      	rev	r3, r3
100041a4:	e9c1 2300 	strd	r2, r3, [r1]
100041a8:	b00b      	add	sp, #44	@ 0x2c
100041aa:	f85d fb04 	ldr.w	pc, [sp], #4
100041ae:	bf00      	nop
100041b0:	20002980 	.word	0x20002980

100041b4 <pico_get_unique_board_id_string>:
100041b4:	2901      	cmp	r1, #1
100041b6:	f101 33ff 	add.w	r3, r1, #4294967295
100041ba:	f000 80b3 	beq.w	10004324 <pico_get_unique_board_id_string+0x170>
100041be:	495d      	ldr	r1, [pc, #372]	@ (10004334 <pico_get_unique_board_id_string+0x180>)
100041c0:	780a      	ldrb	r2, [r1, #0]
100041c2:	ea4f 1c12 	mov.w	ip, r2, lsr #4
100041c6:	2a9f      	cmp	r2, #159	@ 0x9f
100041c8:	bf8c      	ite	hi
100041ca:	f10c 0c37 	addhi.w	ip, ip, #55	@ 0x37
100041ce:	f10c 0c30 	addls.w	ip, ip, #48	@ 0x30
100041d2:	2b01      	cmp	r3, #1
100041d4:	f880 c000 	strb.w	ip, [r0]
100041d8:	f000 80a7 	beq.w	1000432a <pico_get_unique_board_id_string+0x176>
100041dc:	f002 020f 	and.w	r2, r2, #15
100041e0:	2a09      	cmp	r2, #9
100041e2:	bf8c      	ite	hi
100041e4:	3237      	addhi	r2, #55	@ 0x37
100041e6:	3230      	addls	r2, #48	@ 0x30
100041e8:	2b02      	cmp	r3, #2
100041ea:	7042      	strb	r2, [r0, #1]
100041ec:	f000 809d 	beq.w	1000432a <pico_get_unique_board_id_string+0x176>
100041f0:	784a      	ldrb	r2, [r1, #1]
100041f2:	ea4f 1c12 	mov.w	ip, r2, lsr #4
100041f6:	2a9f      	cmp	r2, #159	@ 0x9f
100041f8:	bf8c      	ite	hi
100041fa:	f10c 0c37 	addhi.w	ip, ip, #55	@ 0x37
100041fe:	f10c 0c30 	addls.w	ip, ip, #48	@ 0x30
10004202:	2b03      	cmp	r3, #3
10004204:	f880 c002 	strb.w	ip, [r0, #2]
10004208:	f000 808f 	beq.w	1000432a <pico_get_unique_board_id_string+0x176>
1000420c:	f002 020f 	and.w	r2, r2, #15
10004210:	2a09      	cmp	r2, #9
10004212:	bf8c      	ite	hi
10004214:	3237      	addhi	r2, #55	@ 0x37
10004216:	3230      	addls	r2, #48	@ 0x30
10004218:	2b04      	cmp	r3, #4
1000421a:	70c2      	strb	r2, [r0, #3]
1000421c:	f000 8085 	beq.w	1000432a <pico_get_unique_board_id_string+0x176>
10004220:	788a      	ldrb	r2, [r1, #2]
10004222:	ea4f 1c12 	mov.w	ip, r2, lsr #4
10004226:	2a9f      	cmp	r2, #159	@ 0x9f
10004228:	bf8c      	ite	hi
1000422a:	f10c 0c37 	addhi.w	ip, ip, #55	@ 0x37
1000422e:	f10c 0c30 	addls.w	ip, ip, #48	@ 0x30
10004232:	2b05      	cmp	r3, #5
10004234:	f880 c004 	strb.w	ip, [r0, #4]
10004238:	d077      	beq.n	1000432a <pico_get_unique_board_id_string+0x176>
1000423a:	f002 020f 	and.w	r2, r2, #15
1000423e:	2a09      	cmp	r2, #9
10004240:	bf8c      	ite	hi
10004242:	3237      	addhi	r2, #55	@ 0x37
10004244:	3230      	addls	r2, #48	@ 0x30
10004246:	2b06      	cmp	r3, #6
10004248:	7142      	strb	r2, [r0, #5]
1000424a:	d06e      	beq.n	1000432a <pico_get_unique_board_id_string+0x176>
1000424c:	78ca      	ldrb	r2, [r1, #3]
1000424e:	ea4f 1c12 	mov.w	ip, r2, lsr #4
10004252:	2a9f      	cmp	r2, #159	@ 0x9f
10004254:	bf8c      	ite	hi
10004256:	f10c 0c37 	addhi.w	ip, ip, #55	@ 0x37
1000425a:	f10c 0c30 	addls.w	ip, ip, #48	@ 0x30
1000425e:	2b07      	cmp	r3, #7
10004260:	f880 c006 	strb.w	ip, [r0, #6]
10004264:	d061      	beq.n	1000432a <pico_get_unique_board_id_string+0x176>
10004266:	f002 020f 	and.w	r2, r2, #15
1000426a:	2a09      	cmp	r2, #9
1000426c:	bf8c      	ite	hi
1000426e:	3237      	addhi	r2, #55	@ 0x37
10004270:	3230      	addls	r2, #48	@ 0x30
10004272:	2b08      	cmp	r3, #8
10004274:	71c2      	strb	r2, [r0, #7]
10004276:	d058      	beq.n	1000432a <pico_get_unique_board_id_string+0x176>
10004278:	790a      	ldrb	r2, [r1, #4]
1000427a:	ea4f 1c12 	mov.w	ip, r2, lsr #4
1000427e:	2a9f      	cmp	r2, #159	@ 0x9f
10004280:	bf8c      	ite	hi
10004282:	f10c 0c37 	addhi.w	ip, ip, #55	@ 0x37
10004286:	f10c 0c30 	addls.w	ip, ip, #48	@ 0x30
1000428a:	2b09      	cmp	r3, #9
1000428c:	f880 c008 	strb.w	ip, [r0, #8]
10004290:	d04b      	beq.n	1000432a <pico_get_unique_board_id_string+0x176>
10004292:	f002 020f 	and.w	r2, r2, #15
10004296:	2a09      	cmp	r2, #9
10004298:	bf8c      	ite	hi
1000429a:	3237      	addhi	r2, #55	@ 0x37
1000429c:	3230      	addls	r2, #48	@ 0x30
1000429e:	2b0a      	cmp	r3, #10
100042a0:	7242      	strb	r2, [r0, #9]
100042a2:	d042      	beq.n	1000432a <pico_get_unique_board_id_string+0x176>
100042a4:	794a      	ldrb	r2, [r1, #5]
100042a6:	ea4f 1c12 	mov.w	ip, r2, lsr #4
100042aa:	2a9f      	cmp	r2, #159	@ 0x9f
100042ac:	bf8c      	ite	hi
100042ae:	f10c 0c37 	addhi.w	ip, ip, #55	@ 0x37
100042b2:	f10c 0c30 	addls.w	ip, ip, #48	@ 0x30
100042b6:	2b0b      	cmp	r3, #11
100042b8:	f880 c00a 	strb.w	ip, [r0, #10]
100042bc:	d035      	beq.n	1000432a <pico_get_unique_board_id_string+0x176>
100042be:	f002 020f 	and.w	r2, r2, #15
100042c2:	2a09      	cmp	r2, #9
100042c4:	bf8c      	ite	hi
100042c6:	3237      	addhi	r2, #55	@ 0x37
100042c8:	3230      	addls	r2, #48	@ 0x30
100042ca:	2b0c      	cmp	r3, #12
100042cc:	72c2      	strb	r2, [r0, #11]
100042ce:	d02c      	beq.n	1000432a <pico_get_unique_board_id_string+0x176>
100042d0:	798a      	ldrb	r2, [r1, #6]
100042d2:	ea4f 1c12 	mov.w	ip, r2, lsr #4
100042d6:	2a9f      	cmp	r2, #159	@ 0x9f
100042d8:	bf8c      	ite	hi
100042da:	f10c 0c37 	addhi.w	ip, ip, #55	@ 0x37
100042de:	f10c 0c30 	addls.w	ip, ip, #48	@ 0x30
100042e2:	2b0d      	cmp	r3, #13
100042e4:	f880 c00c 	strb.w	ip, [r0, #12]
100042e8:	d01f      	beq.n	1000432a <pico_get_unique_board_id_string+0x176>
100042ea:	f002 020f 	and.w	r2, r2, #15
100042ee:	2a09      	cmp	r2, #9
100042f0:	bf8c      	ite	hi
100042f2:	3237      	addhi	r2, #55	@ 0x37
100042f4:	3230      	addls	r2, #48	@ 0x30
100042f6:	2b0e      	cmp	r3, #14
100042f8:	7342      	strb	r2, [r0, #13]
100042fa:	d016      	beq.n	1000432a <pico_get_unique_board_id_string+0x176>
100042fc:	79ca      	ldrb	r2, [r1, #7]
100042fe:	0911      	lsrs	r1, r2, #4
10004300:	2a9f      	cmp	r2, #159	@ 0x9f
10004302:	bf8c      	ite	hi
10004304:	3137      	addhi	r1, #55	@ 0x37
10004306:	3130      	addls	r1, #48	@ 0x30
10004308:	2b0f      	cmp	r3, #15
1000430a:	7381      	strb	r1, [r0, #14]
1000430c:	d00d      	beq.n	1000432a <pico_get_unique_board_id_string+0x176>
1000430e:	f002 020f 	and.w	r2, r2, #15
10004312:	2a09      	cmp	r2, #9
10004314:	bf94      	ite	ls
10004316:	3230      	addls	r2, #48	@ 0x30
10004318:	3237      	addhi	r2, #55	@ 0x37
1000431a:	2b10      	cmp	r3, #16
1000431c:	73c2      	strb	r2, [r0, #15]
1000431e:	bf18      	it	ne
10004320:	3010      	addne	r0, #16
10004322:	d002      	beq.n	1000432a <pico_get_unique_board_id_string+0x176>
10004324:	2300      	movs	r3, #0
10004326:	7003      	strb	r3, [r0, #0]
10004328:	4770      	bx	lr
1000432a:	4418      	add	r0, r3
1000432c:	2300      	movs	r3, #0
1000432e:	7003      	strb	r3, [r0, #0]
10004330:	4770      	bx	lr
10004332:	bf00      	nop
10004334:	20002980 	.word	0x20002980

10004338 <dcd_init>:
10004338:	b570      	push	{r4, r5, r6, lr}
1000433a:	f000 f92d 	bl	10004598 <rp2040_usb_init>
1000433e:	230c      	movs	r3, #12
10004340:	2640      	movs	r6, #64	@ 0x40
10004342:	4c19      	ldr	r4, [pc, #100]	@ (100043a8 <dcd_init+0x70>)
10004344:	22ff      	movs	r2, #255	@ 0xff
10004346:	67a3      	str	r3, [r4, #120]	@ 0x78
10004348:	200e      	movs	r0, #14
1000434a:	4918      	ldr	r1, [pc, #96]	@ (100043ac <dcd_init+0x74>)
1000434c:	f7fc fb7e 	bl	10000a4c <irq_add_shared_handler>
10004350:	4632      	mov	r2, r6
10004352:	2100      	movs	r1, #0
10004354:	4816      	ldr	r0, [pc, #88]	@ (100043b0 <dcd_init+0x78>)
10004356:	f004 fcd1 	bl	10008cfc <memset>
1000435a:	2501      	movs	r5, #1
1000435c:	2300      	movs	r3, #0
1000435e:	2180      	movs	r1, #128	@ 0x80
10004360:	4813      	ldr	r0, [pc, #76]	@ (100043b0 <dcd_init+0x78>)
10004362:	4a14      	ldr	r2, [pc, #80]	@ (100043b4 <dcd_init+0x7c>)
10004364:	8441      	strh	r1, [r0, #34]	@ 0x22
10004366:	7045      	strb	r5, [r0, #1]
10004368:	8306      	strh	r6, [r0, #24]
1000436a:	8706      	strh	r6, [r0, #56]	@ 0x38
1000436c:	6082      	str	r2, [r0, #8]
1000436e:	6043      	str	r3, [r0, #4]
10004370:	6013      	str	r3, [r2, #0]
10004372:	f842 3c04 	str.w	r3, [r2, #-4]
10004376:	f880 3021 	strb.w	r3, [r0, #33]	@ 0x21
1000437a:	f880 303b 	strb.w	r3, [r0, #59]	@ 0x3b
1000437e:	6243      	str	r3, [r0, #36]	@ 0x24
10004380:	4b0d      	ldr	r3, [pc, #52]	@ (100043b8 <dcd_init+0x80>)
10004382:	f04f 5600 	mov.w	r6, #536870912	@ 0x20000000
10004386:	60c3      	str	r3, [r0, #12]
10004388:	62c3      	str	r3, [r0, #44]	@ 0x2c
1000438a:	3b80      	subs	r3, #128	@ 0x80
1000438c:	6283      	str	r3, [r0, #40]	@ 0x28
1000438e:	f004 ff47 	bl	10009220 <__reset_non_control_endpoints_veneer>
10004392:	f44f 3280 	mov.w	r2, #65536	@ 0x10000
10004396:	4909      	ldr	r1, [pc, #36]	@ (100043bc <dcd_init+0x84>)
10004398:	4b09      	ldr	r3, [pc, #36]	@ (100043c0 <dcd_init+0x88>)
1000439a:	6425      	str	r5, [r4, #64]	@ 0x40
1000439c:	4628      	mov	r0, r5
1000439e:	64e6      	str	r6, [r4, #76]	@ 0x4c
100043a0:	f8c4 1090 	str.w	r1, [r4, #144]	@ 0x90
100043a4:	64da      	str	r2, [r3, #76]	@ 0x4c
100043a6:	bd70      	pop	{r4, r5, r6, pc}
100043a8:	50110000 	.word	0x50110000
100043ac:	2000039d 	.word	0x2000039d
100043b0:	20002494 	.word	0x20002494
100043b4:	50100084 	.word	0x50100084
100043b8:	50100100 	.word	0x50100100
100043bc:	0001d010 	.word	0x0001d010
100043c0:	50112000 	.word	0x50112000

100043c4 <dcd_int_enable>:
100043c4:	2101      	movs	r1, #1
100043c6:	200e      	movs	r0, #14
100043c8:	f7fc bace 	b.w	10000968 <irq_set_enabled>

100043cc <dcd_set_address>:
100043cc:	2200      	movs	r2, #0
100043ce:	4802      	ldr	r0, [pc, #8]	@ (100043d8 <dcd_set_address+0xc>)
100043d0:	4611      	mov	r1, r2
100043d2:	f000 b901 	b.w	100045d8 <hw_endpoint_xfer_start>
100043d6:	bf00      	nop
100043d8:	200024b4 	.word	0x200024b4

100043dc <dcd_sof_enable>:
100043dc:	4b04      	ldr	r3, [pc, #16]	@ (100043f0 <dcd_sof_enable+0x14>)
100043de:	7019      	strb	r1, [r3, #0]
100043e0:	b121      	cbz	r1, 100043ec <dcd_sof_enable+0x10>
100043e2:	f44f 3200 	mov.w	r2, #131072	@ 0x20000
100043e6:	4b03      	ldr	r3, [pc, #12]	@ (100043f4 <dcd_sof_enable+0x18>)
100043e8:	f8c3 2090 	str.w	r2, [r3, #144]	@ 0x90
100043ec:	4770      	bx	lr
100043ee:	bf00      	nop
100043f0:	20002aa5 	.word	0x20002aa5
100043f4:	50112000 	.word	0x50112000

100043f8 <dcd_edpt0_status_complete>:
100043f8:	780b      	ldrb	r3, [r1, #0]
100043fa:	065b      	lsls	r3, r3, #25
100043fc:	d102      	bne.n	10004404 <dcd_edpt0_status_complete+0xc>
100043fe:	784b      	ldrb	r3, [r1, #1]
10004400:	2b05      	cmp	r3, #5
10004402:	d000      	beq.n	10004406 <dcd_edpt0_status_complete+0xe>
10004404:	4770      	bx	lr
10004406:	884b      	ldrh	r3, [r1, #2]
10004408:	4a01      	ldr	r2, [pc, #4]	@ (10004410 <dcd_edpt0_status_complete+0x18>)
1000440a:	b2db      	uxtb	r3, r3
1000440c:	6013      	str	r3, [r2, #0]
1000440e:	4770      	bx	lr
10004410:	50110000 	.word	0x50110000

10004414 <dcd_edpt_open>:
10004414:	78cb      	ldrb	r3, [r1, #3]
10004416:	e92d 41f0 	stmdb	sp!, {r4, r5, r6, r7, r8, lr}
1000441a:	f003 0e03 	and.w	lr, r3, #3
1000441e:	f1be 0f01 	cmp.w	lr, #1
10004422:	f3c3 0001 	ubfx	r0, r3, #0, #2
10004426:	d05b      	beq.n	100044e0 <dcd_edpt_open+0xcc>
10004428:	2700      	movs	r7, #0
1000442a:	f891 c002 	ldrb.w	ip, [r1, #2]
1000442e:	4c34      	ldr	r4, [pc, #208]	@ (10004500 <dcd_edpt_open+0xec>)
10004430:	f00c 027f 	and.w	r2, ip, #127	@ 0x7f
10004434:	0056      	lsls	r6, r2, #1
10004436:	8889      	ldrh	r1, [r1, #4]
10004438:	eb06 13dc 	add.w	r3, r6, ip, lsr #7
1000443c:	eb04 1343 	add.w	r3, r4, r3, lsl #5
10004440:	ea4f 15dc 	mov.w	r5, ip, lsr #7
10004444:	76d8      	strb	r0, [r3, #27]
10004446:	f3c1 010a 	ubfx	r1, r1, #0, #11
1000444a:	f085 0001 	eor.w	r0, r5, #1
1000444e:	f883 c002 	strb.w	ip, [r3, #2]
10004452:	8319      	strh	r1, [r3, #24]
10004454:	7058      	strb	r0, [r3, #1]
10004456:	70df      	strb	r7, [r3, #3]
10004458:	00d3      	lsls	r3, r2, #3
1000445a:	bb8d      	cbnz	r5, 100044c0 <dcd_edpt_open+0xac>
1000445c:	4829      	ldr	r0, [pc, #164]	@ (10004504 <dcd_edpt_open+0xf0>)
1000445e:	3304      	adds	r3, #4
10004460:	eb04 1c82 	add.w	ip, r4, r2, lsl #6
10004464:	eb03 0800 	add.w	r8, r3, r0
10004468:	f8cc 8008 	str.w	r8, [ip, #8]
1000446c:	501f      	str	r7, [r3, r0]
1000446e:	b382      	cbz	r2, 100044d2 <dcd_edpt_open+0xbe>
10004470:	4b25      	ldr	r3, [pc, #148]	@ (10004508 <dcd_edpt_open+0xf4>)
10004472:	00d2      	lsls	r2, r2, #3
10004474:	4413      	add	r3, r2
10004476:	f8cc 3004 	str.w	r3, [ip, #4]
1000447a:	4b24      	ldr	r3, [pc, #144]	@ (1000450c <dcd_edpt_open+0xf8>)
1000447c:	313f      	adds	r1, #63	@ 0x3f
1000447e:	681a      	ldr	r2, [r3, #0]
10004480:	f021 013f 	bic.w	r1, r1, #63	@ 0x3f
10004484:	f1be 0f02 	cmp.w	lr, #2
10004488:	bf08      	it	eq
1000448a:	0049      	lsleq	r1, r1, #1
1000448c:	4411      	add	r1, r2
1000448e:	6019      	str	r1, [r3, #0]
10004490:	4b1f      	ldr	r3, [pc, #124]	@ (10004510 <dcd_edpt_open+0xfc>)
10004492:	1977      	adds	r7, r6, r5
10004494:	eb04 1747 	add.w	r7, r4, r7, lsl #5
10004498:	4299      	cmp	r1, r3
1000449a:	60fa      	str	r2, [r7, #12]
1000449c:	d82b      	bhi.n	100044f6 <dcd_edpt_open+0xe2>
1000449e:	442e      	add	r6, r5
100044a0:	eb04 1346 	add.w	r3, r4, r6, lsl #5
100044a4:	7ed9      	ldrb	r1, [r3, #27]
100044a6:	f082 42a0 	eor.w	r2, r2, #1342177280	@ 0x50000000
100044aa:	f482 1280 	eor.w	r2, r2, #1048576	@ 0x100000
100044ae:	685b      	ldr	r3, [r3, #4]
100044b0:	ea42 6281 	orr.w	r2, r2, r1, lsl #26
100044b4:	f042 4200 	orr.w	r2, r2, #2147483648	@ 0x80000000
100044b8:	601a      	str	r2, [r3, #0]
100044ba:	2001      	movs	r0, #1
100044bc:	e8bd 81f0 	ldmia.w	sp!, {r4, r5, r6, r7, r8, pc}
100044c0:	4810      	ldr	r0, [pc, #64]	@ (10004504 <dcd_edpt_open+0xf0>)
100044c2:	eb04 1c82 	add.w	ip, r4, r2, lsl #6
100044c6:	4403      	add	r3, r0
100044c8:	f8cc 3028 	str.w	r3, [ip, #40]	@ 0x28
100044cc:	f840 7032 	str.w	r7, [r0, r2, lsl #3]
100044d0:	b94a      	cbnz	r2, 100044e6 <dcd_edpt_open+0xd2>
100044d2:	2200      	movs	r2, #0
100044d4:	490f      	ldr	r1, [pc, #60]	@ (10004514 <dcd_edpt_open+0x100>)
100044d6:	eb04 1345 	add.w	r3, r4, r5, lsl #5
100044da:	60d9      	str	r1, [r3, #12]
100044dc:	605a      	str	r2, [r3, #4]
100044de:	e7ec      	b.n	100044ba <dcd_edpt_open+0xa6>
100044e0:	2000      	movs	r0, #0
100044e2:	e8bd 81f0 	ldmia.w	sp!, {r4, r5, r6, r7, r8, pc}
100044e6:	00d2      	lsls	r2, r2, #3
100044e8:	f102 42a0 	add.w	r2, r2, #1342177280	@ 0x50000000
100044ec:	f502 1280 	add.w	r2, r2, #1048576	@ 0x100000
100044f0:	f8cc 2024 	str.w	r2, [ip, #36]	@ 0x24
100044f4:	e7c1      	b.n	1000447a <dcd_edpt_open+0x66>
100044f6:	f7fd fb2f 	bl	10001b58 <hard_assertion_failure>
100044fa:	68fa      	ldr	r2, [r7, #12]
100044fc:	e7cf      	b.n	1000449e <dcd_edpt_open+0x8a>
100044fe:	bf00      	nop
10004500:	20002494 	.word	0x20002494
10004504:	50100080 	.word	0x50100080
10004508:	50100004 	.word	0x50100004
1000450c:	200028a0 	.word	0x200028a0
10004510:	50100fff 	.word	0x50100fff
10004514:	50100100 	.word	0x50100100

10004518 <dcd_edpt_close_all>:
10004518:	f004 be82 	b.w	10009220 <__reset_non_control_endpoints_veneer>

1000451c <dcd_edpt_xfer>:
1000451c:	468c      	mov	ip, r1
1000451e:	b508      	push	{r3, lr}
10004520:	4611      	mov	r1, r2
10004522:	4807      	ldr	r0, [pc, #28]	@ (10004540 <dcd_edpt_xfer+0x24>)
10004524:	461a      	mov	r2, r3
10004526:	f00c 037f 	and.w	r3, ip, #127	@ 0x7f
1000452a:	ea4f 1cdc 	mov.w	ip, ip, lsr #7
1000452e:	eb0c 0c43 	add.w	ip, ip, r3, lsl #1
10004532:	eb00 104c 	add.w	r0, r0, ip, lsl #5
10004536:	f000 f84f 	bl	100045d8 <hw_endpoint_xfer_start>
1000453a:	2001      	movs	r0, #1
1000453c:	bd08      	pop	{r3, pc}
1000453e:	bf00      	nop
10004540:	20002494 	.word	0x20002494

10004544 <dcd_edpt_stall>:
10004544:	f011 027f 	ands.w	r2, r1, #127	@ 0x7f
10004548:	d105      	bne.n	10004556 <dcd_edpt_stall+0x12>
1000454a:	2900      	cmp	r1, #0
1000454c:	bf0c      	ite	eq
1000454e:	2002      	moveq	r0, #2
10004550:	2001      	movne	r0, #1
10004552:	4b06      	ldr	r3, [pc, #24]	@ (1000456c <dcd_edpt_stall+0x28>)
10004554:	6698      	str	r0, [r3, #104]	@ 0x68
10004556:	09c9      	lsrs	r1, r1, #7
10004558:	4b05      	ldr	r3, [pc, #20]	@ (10004570 <dcd_edpt_stall+0x2c>)
1000455a:	eb01 0042 	add.w	r0, r1, r2, lsl #1
1000455e:	eb03 1040 	add.w	r0, r3, r0, lsl #5
10004562:	f44f 6200 	mov.w	r2, #2048	@ 0x800
10004566:	2100      	movs	r1, #0
10004568:	f004 be4a 	b.w	10009200 <___hw_endpoint_buffer_control_update32_veneer>
1000456c:	50112000 	.word	0x50112000
10004570:	20002494 	.word	0x20002494

10004574 <dcd_edpt_clear_stall>:
10004574:	f011 037f 	ands.w	r3, r1, #127	@ 0x7f
10004578:	d100      	bne.n	1000457c <dcd_edpt_clear_stall+0x8>
1000457a:	4770      	bx	lr
1000457c:	2200      	movs	r2, #0
1000457e:	4805      	ldr	r0, [pc, #20]	@ (10004594 <dcd_edpt_clear_stall+0x20>)
10004580:	005b      	lsls	r3, r3, #1
10004582:	eb03 13d1 	add.w	r3, r3, r1, lsr #7
10004586:	eb00 1043 	add.w	r0, r0, r3, lsl #5
1000458a:	f46f 6100 	mvn.w	r1, #2048	@ 0x800
1000458e:	70c2      	strb	r2, [r0, #3]
10004590:	f004 be36 	b.w	10009200 <___hw_endpoint_buffer_control_update32_veneer>
10004594:	20002494 	.word	0x20002494

10004598 <rp2040_usb_init>:
10004598:	f04f 5280 	mov.w	r2, #268435456	@ 0x10000000
1000459c:	4809      	ldr	r0, [pc, #36]	@ (100045c4 <rp2040_usb_init+0x2c>)
1000459e:	490a      	ldr	r1, [pc, #40]	@ (100045c8 <rp2040_usb_init+0x30>)
100045a0:	b508      	push	{r3, lr}
100045a2:	4b0a      	ldr	r3, [pc, #40]	@ (100045cc <rp2040_usb_init+0x34>)
100045a4:	6002      	str	r2, [r0, #0]
100045a6:	600a      	str	r2, [r1, #0]
100045a8:	6899      	ldr	r1, [r3, #8]
100045aa:	43c9      	mvns	r1, r1
100045ac:	f011 5180 	ands.w	r1, r1, #268435456	@ 0x10000000
100045b0:	d1fa      	bne.n	100045a8 <rp2040_usb_init+0x10>
100045b2:	f44f 5280 	mov.w	r2, #4096	@ 0x1000
100045b6:	4806      	ldr	r0, [pc, #24]	@ (100045d0 <rp2040_usb_init+0x38>)
100045b8:	f004 fba0 	bl	10008cfc <memset>
100045bc:	2209      	movs	r2, #9
100045be:	4b05      	ldr	r3, [pc, #20]	@ (100045d4 <rp2040_usb_init+0x3c>)
100045c0:	675a      	str	r2, [r3, #116]	@ 0x74
100045c2:	bd08      	pop	{r3, pc}
100045c4:	40022000 	.word	0x40022000
100045c8:	40023000 	.word	0x40023000
100045cc:	40020000 	.word	0x40020000
100045d0:	50100000 	.word	0x50100000
100045d4:	50110000 	.word	0x50110000

100045d8 <hw_endpoint_xfer_start>:
100045d8:	2300      	movs	r3, #0
100045da:	f04f 0c01 	mov.w	ip, #1
100045de:	b510      	push	{r4, lr}
100045e0:	f880 c01a 	strb.w	ip, [r0, #26]
100045e4:	8282      	strh	r2, [r0, #20]
100045e6:	82c3      	strh	r3, [r0, #22]
100045e8:	6101      	str	r1, [r0, #16]
100045ea:	4604      	mov	r4, r0
100045ec:	f004 fe1c 	bl	10009228 <__e15_is_bulkin_ep_veneer>
100045f0:	b120      	cbz	r0, 100045fc <hw_endpoint_xfer_start+0x24>
100045f2:	f44f 3200 	mov.w	r2, #131072	@ 0x20000
100045f6:	4b07      	ldr	r3, [pc, #28]	@ (10004614 <hw_endpoint_xfer_start+0x3c>)
100045f8:	f8c3 2090 	str.w	r2, [r3, #144]	@ 0x90
100045fc:	4620      	mov	r0, r4
100045fe:	f004 fe07 	bl	10009210 <__e15_is_critical_frame_period_veneer>
10004602:	b110      	cbz	r0, 1000460a <hw_endpoint_xfer_start+0x32>
10004604:	2301      	movs	r3, #1
10004606:	7723      	strb	r3, [r4, #28]
10004608:	bd10      	pop	{r4, pc}
1000460a:	4620      	mov	r0, r4
1000460c:	e8bd 4010 	ldmia.w	sp!, {r4, lr}
10004610:	f004 bde6 	b.w	100091e0 <__hw_endpoint_start_next_buffer_veneer>
10004614:	50112000 	.word	0x50112000

10004618 <configuration_reset>:
10004618:	e92d 41f0 	stmdb	sp!, {r4, r5, r6, r7, r8, lr}
1000461c:	2400      	movs	r4, #0
1000461e:	4e1d      	ldr	r6, [pc, #116]	@ (10004694 <configuration_reset+0x7c>)
10004620:	4605      	mov	r5, r0
10004622:	4623      	mov	r3, r4
10004624:	7832      	ldrb	r2, [r6, #0]
10004626:	f8df 8078 	ldr.w	r8, [pc, #120]	@ 100046a0 <configuration_reset+0x88>
1000462a:	4f1b      	ldr	r7, [pc, #108]	@ (10004698 <configuration_reset+0x80>)
1000462c:	e00d      	b.n	1000464a <configuration_reset+0x32>
1000462e:	683b      	ldr	r3, [r7, #0]
10004630:	eb13 1344 	adds.w	r3, r3, r4, lsl #5
10004634:	d024      	beq.n	10004680 <configuration_reset+0x68>
10004636:	68db      	ldr	r3, [r3, #12]
10004638:	4628      	mov	r0, r5
1000463a:	4798      	blx	r3
1000463c:	7832      	ldrb	r2, [r6, #0]
1000463e:	3401      	adds	r4, #1
10004640:	b2e4      	uxtb	r4, r4
10004642:	1c51      	adds	r1, r2, #1
10004644:	42a1      	cmp	r1, r4
10004646:	4623      	mov	r3, r4
10004648:	db06      	blt.n	10004658 <configuration_reset+0x40>
1000464a:	42a2      	cmp	r2, r4
1000464c:	eba3 0302 	sub.w	r3, r3, r2
10004650:	d8ed      	bhi.n	1000462e <configuration_reset+0x16>
10004652:	eb08 1343 	add.w	r3, r8, r3, lsl #5
10004656:	e7ee      	b.n	10004636 <configuration_reset+0x1e>
10004658:	2254      	movs	r2, #84	@ 0x54
1000465a:	2100      	movs	r1, #0
1000465c:	480f      	ldr	r0, [pc, #60]	@ (1000469c <configuration_reset+0x84>)
1000465e:	f004 fb4d 	bl	10008cfc <memset>
10004662:	f04f 33ff 	mov.w	r3, #4294967295
10004666:	480d      	ldr	r0, [pc, #52]	@ (1000469c <configuration_reset+0x84>)
10004668:	2220      	movs	r2, #32
1000466a:	1d04      	adds	r4, r0, #4
1000466c:	6043      	str	r3, [r0, #4]
1000466e:	e9c4 3301 	strd	r3, r3, [r4, #4]
10004672:	60e3      	str	r3, [r4, #12]
10004674:	21ff      	movs	r1, #255	@ 0xff
10004676:	e8bd 41f0 	ldmia.w	sp!, {r4, r5, r6, r7, r8, lr}
1000467a:	3014      	adds	r0, #20
1000467c:	f004 bb3e 	b.w	10008cfc <memset>
10004680:	f04f 23e0 	mov.w	r3, #3758153728	@ 0xe000e000
10004684:	f8d3 3df0 	ldr.w	r3, [r3, #3568]	@ 0xdf0
10004688:	07db      	lsls	r3, r3, #31
1000468a:	d500      	bpl.n	1000468e <configuration_reset+0x76>
1000468c:	be00      	bkpt	0x0000
1000468e:	e8bd 81f0 	ldmia.w	sp!, {r4, r5, r6, r7, r8, pc}
10004692:	bf00      	nop
10004694:	20002aa4 	.word	0x20002aa4
10004698:	20001e60 	.word	0x20001e60
1000469c:	20002030 	.word	0x20002030
100046a0:	10009714 	.word	0x10009714

100046a4 <tud_event_hook_cb>:
100046a4:	4770      	bx	lr
100046a6:	bf00      	nop

100046a8 <tud_sof_cb>:
100046a8:	4770      	bx	lr
100046aa:	bf00      	nop

100046ac <tud_descriptor_device_qualifier_cb>:
100046ac:	2000      	movs	r0, #0
100046ae:	4770      	bx	lr

100046b0 <tud_descriptor_other_speed_configuration_cb>:
100046b0:	2000      	movs	r0, #0
100046b2:	4770      	bx	lr

100046b4 <tud_mount_cb>:
100046b4:	4770      	bx	lr
100046b6:	bf00      	nop

100046b8 <tud_umount_cb>:
100046b8:	4770      	bx	lr
100046ba:	bf00      	nop

100046bc <tud_suspend_cb>:
100046bc:	4770      	bx	lr
100046be:	bf00      	nop

100046c0 <tud_resume_cb>:
100046c0:	4770      	bx	lr
100046c2:	bf00      	nop

100046c4 <tud_mounted>:
100046c4:	4b02      	ldr	r3, [pc, #8]	@ (100046d0 <tud_mounted+0xc>)
100046c6:	7858      	ldrb	r0, [r3, #1]
100046c8:	3800      	subs	r0, #0
100046ca:	bf18      	it	ne
100046cc:	2001      	movne	r0, #1
100046ce:	4770      	bx	lr
100046d0:	20002030 	.word	0x20002030

100046d4 <tud_suspended>:
100046d4:	4b02      	ldr	r3, [pc, #8]	@ (100046e0 <tud_suspended+0xc>)
100046d6:	7818      	ldrb	r0, [r3, #0]
100046d8:	f3c0 0080 	ubfx	r0, r0, #2, #1
100046dc:	4770      	bx	lr
100046de:	bf00      	nop
100046e0:	20002030 	.word	0x20002030

100046e4 <tud_rhport_init>:
100046e4:	e92d 47f0 	stmdb	sp!, {r4, r5, r6, r7, r8, r9, sl, lr}
100046e8:	f8df a0e4 	ldr.w	sl, [pc, #228]	@ 100047d0 <tud_rhport_init+0xec>
100046ec:	f89a 3000 	ldrb.w	r3, [sl]
100046f0:	2bff      	cmp	r3, #255	@ 0xff
100046f2:	d156      	bne.n	100047a2 <tud_rhport_init+0xbe>
100046f4:	460e      	mov	r6, r1
100046f6:	2900      	cmp	r1, #0
100046f8:	d03e      	beq.n	10004778 <tud_rhport_init+0x94>
100046fa:	2100      	movs	r1, #0
100046fc:	2254      	movs	r2, #84	@ 0x54
100046fe:	4607      	mov	r7, r0
10004700:	4829      	ldr	r0, [pc, #164]	@ (100047a8 <tud_rhport_init+0xc4>)
10004702:	f004 fafb 	bl	10008cfc <memset>
10004706:	2200      	movs	r2, #0
10004708:	4c28      	ldr	r4, [pc, #160]	@ (100047ac <tud_rhport_init+0xc8>)
1000470a:	4b29      	ldr	r3, [pc, #164]	@ (100047b0 <tud_rhport_init+0xcc>)
1000470c:	4620      	mov	r0, r4
1000470e:	701a      	strb	r2, [r3, #0]
10004710:	f7fc fc28 	bl	10000f64 <mutex_init>
10004714:	4b27      	ldr	r3, [pc, #156]	@ (100047b4 <tud_rhport_init+0xd0>)
10004716:	4828      	ldr	r0, [pc, #160]	@ (100047b8 <tud_rhport_init+0xd4>)
10004718:	601c      	str	r4, [r3, #0]
1000471a:	4c28      	ldr	r4, [pc, #160]	@ (100047bc <tud_rhport_init+0xd8>)
1000471c:	f7fc fc30 	bl	10000f80 <critical_section_init>
10004720:	4620      	mov	r0, r4
10004722:	f001 fdab 	bl	1000627c <tu_fifo_clear>
10004726:	4a26      	ldr	r2, [pc, #152]	@ (100047c0 <tud_rhport_init+0xdc>)
10004728:	4b26      	ldr	r3, [pc, #152]	@ (100047c4 <tud_rhport_init+0xe0>)
1000472a:	6014      	str	r4, [r2, #0]
1000472c:	b123      	cbz	r3, 10004738 <tud_rhport_init+0x54>
1000472e:	4826      	ldr	r0, [pc, #152]	@ (100047c8 <tud_rhport_init+0xe4>)
10004730:	f7ff fac4 	bl	10003cbc <usbd_app_driver_get_cb>
10004734:	4b25      	ldr	r3, [pc, #148]	@ (100047cc <tud_rhport_init+0xe8>)
10004736:	6018      	str	r0, [r3, #0]
10004738:	2400      	movs	r4, #0
1000473a:	4d23      	ldr	r5, [pc, #140]	@ (100047c8 <tud_rhport_init+0xe4>)
1000473c:	4623      	mov	r3, r4
1000473e:	782a      	ldrb	r2, [r5, #0]
10004740:	f8df 9090 	ldr.w	r9, [pc, #144]	@ 100047d4 <tud_rhport_init+0xf0>
10004744:	f8df 8084 	ldr.w	r8, [pc, #132]	@ 100047cc <tud_rhport_init+0xe8>
10004748:	e00e      	b.n	10004768 <tud_rhport_init+0x84>
1000474a:	f8d8 3000 	ldr.w	r3, [r8]
1000474e:	eb13 1344 	adds.w	r3, r3, r4, lsl #5
10004752:	d011      	beq.n	10004778 <tud_rhport_init+0x94>
10004754:	685b      	ldr	r3, [r3, #4]
10004756:	b17b      	cbz	r3, 10004778 <tud_rhport_init+0x94>
10004758:	4798      	blx	r3
1000475a:	782a      	ldrb	r2, [r5, #0]
1000475c:	3401      	adds	r4, #1
1000475e:	b2e4      	uxtb	r4, r4
10004760:	1c51      	adds	r1, r2, #1
10004762:	42a1      	cmp	r1, r4
10004764:	4623      	mov	r3, r4
10004766:	db11      	blt.n	1000478c <tud_rhport_init+0xa8>
10004768:	42a2      	cmp	r2, r4
1000476a:	d8ee      	bhi.n	1000474a <tud_rhport_init+0x66>
1000476c:	1a9b      	subs	r3, r3, r2
1000476e:	eb09 1343 	add.w	r3, r9, r3, lsl #5
10004772:	685b      	ldr	r3, [r3, #4]
10004774:	2b00      	cmp	r3, #0
10004776:	d1ef      	bne.n	10004758 <tud_rhport_init+0x74>
10004778:	f04f 23e0 	mov.w	r3, #3758153728	@ 0xe000e000
1000477c:	f8d3 3df0 	ldr.w	r3, [r3, #3568]	@ 0xdf0
10004780:	07db      	lsls	r3, r3, #31
10004782:	d500      	bpl.n	10004786 <tud_rhport_init+0xa2>
10004784:	be00      	bkpt	0x0000
10004786:	2000      	movs	r0, #0
10004788:	e8bd 87f0 	ldmia.w	sp!, {r4, r5, r6, r7, r8, r9, sl, pc}
1000478c:	4631      	mov	r1, r6
1000478e:	4638      	mov	r0, r7
10004790:	f88a 7000 	strb.w	r7, [sl]
10004794:	f7ff fdd0 	bl	10004338 <dcd_init>
10004798:	2800      	cmp	r0, #0
1000479a:	d0ed      	beq.n	10004778 <tud_rhport_init+0x94>
1000479c:	4638      	mov	r0, r7
1000479e:	f7ff fe11 	bl	100043c4 <dcd_int_enable>
100047a2:	2001      	movs	r0, #1
100047a4:	e8bd 87f0 	ldmia.w	sp!, {r4, r5, r6, r7, r8, r9, sl, pc}
100047a8:	20002030 	.word	0x20002030
100047ac:	20002028 	.word	0x20002028
100047b0:	20002aa6 	.word	0x20002aa6
100047b4:	20002084 	.word	0x20002084
100047b8:	2000158c 	.word	0x2000158c
100047bc:	20001578 	.word	0x20001578
100047c0:	20002088 	.word	0x20002088
100047c4:	10003cbd 	.word	0x10003cbd
100047c8:	20002aa4 	.word	0x20002aa4
100047cc:	20001e60 	.word	0x20001e60
100047d0:	20001594 	.word	0x20001594
100047d4:	10009714 	.word	0x10009714

100047d8 <tud_task_ext>:
100047d8:	e92d 4ff0 	stmdb	sp!, {r4, r5, r6, r7, r8, r9, sl, fp, lr}
100047dc:	f8df 92c8 	ldr.w	r9, [pc, #712]	@ 10004aa8 <tud_task_ext+0x2d0>
100047e0:	b08b      	sub	sp, #44	@ 0x2c
100047e2:	f899 3000 	ldrb.w	r3, [r9]
100047e6:	2bff      	cmp	r3, #255	@ 0xff
100047e8:	f000 80f1 	beq.w	100049ce <tud_task_ext+0x1f6>
100047ec:	4ca8      	ldr	r4, [pc, #672]	@ (10004a90 <tud_task_ext+0x2b8>)
100047ee:	4da9      	ldr	r5, [pc, #676]	@ (10004a94 <tud_task_ext+0x2bc>)
100047f0:	f8df a2b0 	ldr.w	sl, [pc, #688]	@ 10004aa4 <tud_task_ext+0x2cc>
100047f4:	f8df b2b4 	ldr.w	fp, [pc, #692]	@ 10004aac <tud_task_ext+0x2d4>
100047f8:	6826      	ldr	r6, [r4, #0]
100047fa:	6973      	ldr	r3, [r6, #20]
100047fc:	f3ef 8210 	mrs	r2, PRIMASK
10004800:	b672      	cpsid	i
10004802:	e8d3 0fcf 	ldaexb	r0, [r3]
10004806:	2101      	movs	r1, #1
10004808:	2800      	cmp	r0, #0
1000480a:	d1fa      	bne.n	10004802 <tud_task_ext+0x2a>
1000480c:	e8c3 1f40 	strexb	r0, r1, [r3]
10004810:	2800      	cmp	r0, #0
10004812:	d1f6      	bne.n	10004802 <tud_task_ext+0x2a>
10004814:	f3bf 8f5f 	dmb	sy
10004818:	61b2      	str	r2, [r6, #24]
1000481a:	4630      	mov	r0, r6
1000481c:	a907      	add	r1, sp, #28
1000481e:	f001 fb77 	bl	10005f10 <tu_fifo_read>
10004822:	2300      	movs	r3, #0
10004824:	6972      	ldr	r2, [r6, #20]
10004826:	e8c2 3f8f 	stlb	r3, [r2]
1000482a:	69b3      	ldr	r3, [r6, #24]
1000482c:	f383 8810 	msr	PRIMASK, r3
10004830:	2800      	cmp	r0, #0
10004832:	f000 80cc 	beq.w	100049ce <tud_task_ext+0x1f6>
10004836:	f89d 301d 	ldrb.w	r3, [sp, #29]
1000483a:	3b01      	subs	r3, #1
1000483c:	2b07      	cmp	r3, #7
1000483e:	f200 837d 	bhi.w	10004f3c <tud_task_ext+0x764>
10004842:	e8df f003 	tbb	[pc, r3]
10004846:	b1a7      	.short	0xb1a7
10004848:	358e9d95 	.word	0x358e9d95
1000484c:	040a      	.short	0x040a
1000484e:	9b08      	ldr	r3, [sp, #32]
10004850:	2b00      	cmp	r3, #0
10004852:	d0d1      	beq.n	100047f8 <tud_task_ext+0x20>
10004854:	9809      	ldr	r0, [sp, #36]	@ 0x24
10004856:	4798      	blx	r3
10004858:	e7ce      	b.n	100047f8 <tud_task_ext+0x20>
1000485a:	f89d 1020 	ldrb.w	r1, [sp, #32]
1000485e:	f001 067f 	and.w	r6, r1, #127	@ 0x7f
10004862:	eb05 0046 	add.w	r0, r5, r6, lsl #1
10004866:	eb00 10d1 	add.w	r0, r0, r1, lsr #7
1000486a:	f890 3034 	ldrb.w	r3, [r0, #52]	@ 0x34
1000486e:	f023 0301 	bic.w	r3, r3, #1
10004872:	f880 3034 	strb.w	r3, [r0, #52]	@ 0x34
10004876:	f890 3034 	ldrb.w	r3, [r0, #52]	@ 0x34
1000487a:	f023 0304 	bic.w	r3, r3, #4
1000487e:	f880 3034 	strb.w	r3, [r0, #52]	@ 0x34
10004882:	2e00      	cmp	r6, #0
10004884:	f000 80a6 	beq.w	100049d4 <tud_task_ext+0x1fc>
10004888:	7d03      	ldrb	r3, [r0, #20]
1000488a:	f89a 2000 	ldrb.w	r2, [sl]
1000488e:	4293      	cmp	r3, r2
10004890:	f080 8093 	bcs.w	100049ba <tud_task_ext+0x1e2>
10004894:	4a80      	ldr	r2, [pc, #512]	@ (10004a98 <tud_task_ext+0x2c0>)
10004896:	6812      	ldr	r2, [r2, #0]
10004898:	eb12 1343 	adds.w	r3, r2, r3, lsl #5
1000489c:	f000 8090 	beq.w	100049c0 <tud_task_ext+0x1e8>
100048a0:	699e      	ldr	r6, [r3, #24]
100048a2:	f89d 2021 	ldrb.w	r2, [sp, #33]	@ 0x21
100048a6:	9b09      	ldr	r3, [sp, #36]	@ 0x24
100048a8:	f89d 001c 	ldrb.w	r0, [sp, #28]
100048ac:	47b0      	blx	r6
100048ae:	e7a3      	b.n	100047f8 <tud_task_ext+0x20>
100048b0:	f89b 3000 	ldrb.w	r3, [fp]
100048b4:	2b00      	cmp	r3, #0
100048b6:	f000 8083 	beq.w	100049c0 <tud_task_ext+0x1e8>
100048ba:	f89b 3000 	ldrb.w	r3, [fp]
100048be:	3b01      	subs	r3, #1
100048c0:	b2db      	uxtb	r3, r3
100048c2:	f88b 3000 	strb.w	r3, [fp]
100048c6:	f89b 3000 	ldrb.w	r3, [fp]
100048ca:	f003 00ff 	and.w	r0, r3, #255	@ 0xff
100048ce:	2b00      	cmp	r3, #0
100048d0:	d192      	bne.n	100047f8 <tud_task_ext+0x20>
100048d2:	4f70      	ldr	r7, [pc, #448]	@ (10004a94 <tud_task_ext+0x2bc>)
100048d4:	f89d 801c 	ldrb.w	r8, [sp, #28]
100048d8:	783b      	ldrb	r3, [r7, #0]
100048da:	f043 0301 	orr.w	r3, r3, #1
100048de:	703b      	strb	r3, [r7, #0]
100048e0:	f897 3034 	ldrb.w	r3, [r7, #52]	@ 0x34
100048e4:	f360 0300 	bfi	r3, r0, #0, #1
100048e8:	f887 3034 	strb.w	r3, [r7, #52]	@ 0x34
100048ec:	f897 3034 	ldrb.w	r3, [r7, #52]	@ 0x34
100048f0:	f360 0382 	bfi	r3, r0, #2, #1
100048f4:	f887 3034 	strb.w	r3, [r7, #52]	@ 0x34
100048f8:	f897 3035 	ldrb.w	r3, [r7, #53]	@ 0x35
100048fc:	f360 0300 	bfi	r3, r0, #0, #1
10004900:	f887 3035 	strb.w	r3, [r7, #53]	@ 0x35
10004904:	f897 3035 	ldrb.w	r3, [r7, #53]	@ 0x35
10004908:	f360 0382 	bfi	r3, r0, #2, #1
1000490c:	f887 3035 	strb.w	r3, [r7, #53]	@ 0x35
10004910:	f000 fc6c 	bl	100051ec <usbd_control_set_complete_callback>
10004914:	f89d 3020 	ldrb.w	r3, [sp, #32]
10004918:	f003 0260 	and.w	r2, r3, #96	@ 0x60
1000491c:	2a60      	cmp	r2, #96	@ 0x60
1000491e:	d06c      	beq.n	100049fa <tud_task_ext+0x222>
10004920:	2a40      	cmp	r2, #64	@ 0x40
10004922:	d07c      	beq.n	10004a1e <tud_task_ext+0x246>
10004924:	f003 031f 	and.w	r3, r3, #31
10004928:	2b01      	cmp	r3, #1
1000492a:	f000 80c1 	beq.w	10004ab0 <tud_task_ext+0x2d8>
1000492e:	2b02      	cmp	r3, #2
10004930:	f000 8081 	beq.w	10004a36 <tud_task_ext+0x25e>
10004934:	2b00      	cmp	r3, #0
10004936:	d160      	bne.n	100049fa <tud_task_ext+0x222>
10004938:	2a20      	cmp	r2, #32
1000493a:	f000 81e9 	beq.w	10004d10 <tud_task_ext+0x538>
1000493e:	2a00      	cmp	r2, #0
10004940:	d15b      	bne.n	100049fa <tud_task_ext+0x222>
10004942:	f89d 3021 	ldrb.w	r3, [sp, #33]	@ 0x21
10004946:	2b09      	cmp	r3, #9
10004948:	d857      	bhi.n	100049fa <tud_task_ext+0x222>
1000494a:	e8df f013 	tbh	[pc, r3, lsl #1]
1000494e:	01b0      	.short	0x01b0
10004950:	005601a2 	.word	0x005601a2
10004954:	005601c1 	.word	0x005601c1
10004958:	016b0195 	.word	0x016b0195
1000495c:	01600056 	.word	0x01600056
10004960:	00f4      	.short	0x00f4
10004962:	782b      	ldrb	r3, [r5, #0]
10004964:	07d9      	lsls	r1, r3, #31
10004966:	f57f af47 	bpl.w	100047f8 <tud_task_ext+0x20>
1000496a:	f7ff fea9 	bl	100046c0 <tud_resume_cb>
1000496e:	e743      	b.n	100047f8 <tud_task_ext+0x20>
10004970:	78eb      	ldrb	r3, [r5, #3]
10004972:	07da      	lsls	r2, r3, #31
10004974:	f57f af40 	bpl.w	100047f8 <tud_task_ext+0x20>
10004978:	9808      	ldr	r0, [sp, #32]
1000497a:	f7ff fe95 	bl	100046a8 <tud_sof_cb>
1000497e:	e73b      	b.n	100047f8 <tud_task_ext+0x20>
10004980:	782b      	ldrb	r3, [r5, #0]
10004982:	07d8      	lsls	r0, r3, #31
10004984:	f57f af38 	bpl.w	100047f8 <tud_task_ext+0x20>
10004988:	7828      	ldrb	r0, [r5, #0]
1000498a:	f3c0 00c0 	ubfx	r0, r0, #3, #1
1000498e:	f7ff fe95 	bl	100046bc <tud_suspend_cb>
10004992:	e731      	b.n	100047f8 <tud_task_ext+0x20>
10004994:	f89d 001c 	ldrb.w	r0, [sp, #28]
10004998:	f7ff fe3e 	bl	10004618 <configuration_reset>
1000499c:	f000 fc1c 	bl	100051d8 <usbd_control_reset>
100049a0:	f89d 3020 	ldrb.w	r3, [sp, #32]
100049a4:	70ab      	strb	r3, [r5, #2]
100049a6:	e727      	b.n	100047f8 <tud_task_ext+0x20>
100049a8:	f89d 001c 	ldrb.w	r0, [sp, #28]
100049ac:	f7ff fe34 	bl	10004618 <configuration_reset>
100049b0:	f000 fc12 	bl	100051d8 <usbd_control_reset>
100049b4:	f7ff fe80 	bl	100046b8 <tud_umount_cb>
100049b8:	e71e      	b.n	100047f8 <tud_task_ext+0x20>
100049ba:	1c50      	adds	r0, r2, #1
100049bc:	4298      	cmp	r0, r3
100049be:	da11      	bge.n	100049e4 <tud_task_ext+0x20c>
100049c0:	f04f 23e0 	mov.w	r3, #3758153728	@ 0xe000e000
100049c4:	f8d3 3df0 	ldr.w	r3, [r3, #3568]	@ 0xdf0
100049c8:	07dc      	lsls	r4, r3, #31
100049ca:	d500      	bpl.n	100049ce <tud_task_ext+0x1f6>
100049cc:	be00      	bkpt	0x0000
100049ce:	b00b      	add	sp, #44	@ 0x2c
100049d0:	e8bd 8ff0 	ldmia.w	sp!, {r4, r5, r6, r7, r8, r9, sl, fp, pc}
100049d4:	9b09      	ldr	r3, [sp, #36]	@ 0x24
100049d6:	f89d 2021 	ldrb.w	r2, [sp, #33]	@ 0x21
100049da:	f89d 001c 	ldrb.w	r0, [sp, #28]
100049de:	f000 fc19 	bl	10005214 <usbd_control_xfer_cb>
100049e2:	e709      	b.n	100047f8 <tud_task_ext+0x20>
100049e4:	1a9b      	subs	r3, r3, r2
100049e6:	4a2d      	ldr	r2, [pc, #180]	@ (10004a9c <tud_task_ext+0x2c4>)
100049e8:	eb02 1343 	add.w	r3, r2, r3, lsl #5
100049ec:	e758      	b.n	100048a0 <tud_task_ext+0xc8>
100049ee:	f7ff fb8d 	bl	1000410c <tud_descriptor_configuration_cb>
100049f2:	4602      	mov	r2, r0
100049f4:	2800      	cmp	r0, #0
100049f6:	f040 8182 	bne.w	10004cfe <tud_task_ext+0x526>
100049fa:	f04f 23e0 	mov.w	r3, #3758153728	@ 0xe000e000
100049fe:	f8d3 3df0 	ldr.w	r3, [r3, #3568]	@ 0xdf0
10004a02:	07de      	lsls	r6, r3, #31
10004a04:	d500      	bpl.n	10004a08 <tud_task_ext+0x230>
10004a06:	be00      	bkpt	0x0000
10004a08:	f89d 001c 	ldrb.w	r0, [sp, #28]
10004a0c:	2100      	movs	r1, #0
10004a0e:	f7ff fd99 	bl	10004544 <dcd_edpt_stall>
10004a12:	2180      	movs	r1, #128	@ 0x80
10004a14:	f89d 001c 	ldrb.w	r0, [sp, #28]
10004a18:	f7ff fd94 	bl	10004544 <dcd_edpt_stall>
10004a1c:	e6ec      	b.n	100047f8 <tud_task_ext+0x20>
10004a1e:	4820      	ldr	r0, [pc, #128]	@ (10004aa0 <tud_task_ext+0x2c8>)
10004a20:	f000 fbe4 	bl	100051ec <usbd_control_set_complete_callback>
10004a24:	2101      	movs	r1, #1
10004a26:	4640      	mov	r0, r8
10004a28:	aa08      	add	r2, sp, #32
10004a2a:	f7ff f933 	bl	10003c94 <tud_vendor_control_xfer_cb>
10004a2e:	2800      	cmp	r0, #0
10004a30:	f47f aee2 	bne.w	100047f8 <tud_task_ext+0x20>
10004a34:	e7e8      	b.n	10004a08 <tud_task_ext+0x230>
10004a36:	f89d 1024 	ldrb.w	r1, [sp, #36]	@ 0x24
10004a3a:	f011 0f70 	tst.w	r1, #112	@ 0x70
10004a3e:	d1dc      	bne.n	100049fa <tud_task_ext+0x222>
10004a40:	f001 067f 	and.w	r6, r1, #127	@ 0x7f
10004a44:	eb07 0046 	add.w	r0, r7, r6, lsl #1
10004a48:	4b16      	ldr	r3, [pc, #88]	@ (10004aa4 <tud_task_ext+0x2cc>)
10004a4a:	eb00 10d1 	add.w	r0, r0, r1, lsr #7
10004a4e:	781b      	ldrb	r3, [r3, #0]
10004a50:	7d00      	ldrb	r0, [r0, #20]
10004a52:	0076      	lsls	r6, r6, #1
10004a54:	9601      	str	r6, [sp, #4]
10004a56:	4298      	cmp	r0, r3
10004a58:	ea4f 16d1 	mov.w	r6, r1, lsr #7
10004a5c:	9600      	str	r6, [sp, #0]
10004a5e:	d359      	bcc.n	10004b14 <tud_task_ext+0x33c>
10004a60:	1c5e      	adds	r6, r3, #1
10004a62:	4286      	cmp	r6, r0
10004a64:	f2c0 8166 	blt.w	10004d34 <tud_task_ext+0x55c>
10004a68:	1ac0      	subs	r0, r0, r3
10004a6a:	4b0c      	ldr	r3, [pc, #48]	@ (10004a9c <tud_task_ext+0x2c4>)
10004a6c:	eb03 1640 	add.w	r6, r3, r0, lsl #5
10004a70:	2a00      	cmp	r2, #0
10004a72:	f000 8163 	beq.w	10004d3c <tud_task_ext+0x564>
10004a76:	6970      	ldr	r0, [r6, #20]
10004a78:	f000 fbb8 	bl	100051ec <usbd_control_set_complete_callback>
10004a7c:	2101      	movs	r1, #1
10004a7e:	4640      	mov	r0, r8
10004a80:	6973      	ldr	r3, [r6, #20]
10004a82:	aa08      	add	r2, sp, #32
10004a84:	4798      	blx	r3
10004a86:	2800      	cmp	r0, #0
10004a88:	f47f aeb6 	bne.w	100047f8 <tud_task_ext+0x20>
10004a8c:	e7bc      	b.n	10004a08 <tud_task_ext+0x230>
10004a8e:	bf00      	nop
10004a90:	20002088 	.word	0x20002088
10004a94:	20002030 	.word	0x20002030
10004a98:	20001e60 	.word	0x20001e60
10004a9c:	10009714 	.word	0x10009714
10004aa0:	10003c95 	.word	0x10003c95
10004aa4:	20002aa4 	.word	0x20002aa4
10004aa8:	20001594 	.word	0x20001594
10004aac:	20002aa6 	.word	0x20002aa6
10004ab0:	f89d 3024 	ldrb.w	r3, [sp, #36]	@ 0x24
10004ab4:	2b0f      	cmp	r3, #15
10004ab6:	d8a7      	bhi.n	10004a08 <tud_task_ext+0x230>
10004ab8:	4aae      	ldr	r2, [pc, #696]	@ (10004d74 <tud_task_ext+0x59c>)
10004aba:	443b      	add	r3, r7
10004abc:	791b      	ldrb	r3, [r3, #4]
10004abe:	7812      	ldrb	r2, [r2, #0]
10004ac0:	4293      	cmp	r3, r2
10004ac2:	d332      	bcc.n	10004b2a <tud_task_ext+0x352>
10004ac4:	1c51      	adds	r1, r2, #1
10004ac6:	4299      	cmp	r1, r3
10004ac8:	db9e      	blt.n	10004a08 <tud_task_ext+0x230>
10004aca:	4eab      	ldr	r6, [pc, #684]	@ (10004d78 <tud_task_ext+0x5a0>)
10004acc:	1a9b      	subs	r3, r3, r2
10004ace:	eb06 1643 	add.w	r6, r6, r3, lsl #5
10004ad2:	6970      	ldr	r0, [r6, #20]
10004ad4:	f000 fb8a 	bl	100051ec <usbd_control_set_complete_callback>
10004ad8:	2101      	movs	r1, #1
10004ada:	4640      	mov	r0, r8
10004adc:	6973      	ldr	r3, [r6, #20]
10004ade:	aa08      	add	r2, sp, #32
10004ae0:	4798      	blx	r3
10004ae2:	2800      	cmp	r0, #0
10004ae4:	f47f ae88 	bne.w	100047f8 <tud_task_ext+0x20>
10004ae8:	f89d 3020 	ldrb.w	r3, [sp, #32]
10004aec:	f013 0660 	ands.w	r6, r3, #96	@ 0x60
10004af0:	d18a      	bne.n	10004a08 <tud_task_ext+0x230>
10004af2:	f89d 3021 	ldrb.w	r3, [sp, #33]	@ 0x21
10004af6:	3b0a      	subs	r3, #10
10004af8:	2b01      	cmp	r3, #1
10004afa:	d885      	bhi.n	10004a08 <tud_task_ext+0x230>
10004afc:	f000 fb76 	bl	100051ec <usbd_control_set_complete_callback>
10004b00:	f89d 3021 	ldrb.w	r3, [sp, #33]	@ 0x21
10004b04:	2b0a      	cmp	r3, #10
10004b06:	f000 81f2 	beq.w	10004eee <tud_task_ext+0x716>
10004b0a:	4640      	mov	r0, r8
10004b0c:	a908      	add	r1, sp, #32
10004b0e:	f000 faf1 	bl	100050f4 <tud_control_status>
10004b12:	e671      	b.n	100047f8 <tud_task_ext+0x20>
10004b14:	4b99      	ldr	r3, [pc, #612]	@ (10004d7c <tud_task_ext+0x5a4>)
10004b16:	681b      	ldr	r3, [r3, #0]
10004b18:	eb03 1640 	add.w	r6, r3, r0, lsl #5
10004b1c:	2a00      	cmp	r2, #0
10004b1e:	f000 810d 	beq.w	10004d3c <tud_task_ext+0x564>
10004b22:	2e00      	cmp	r6, #0
10004b24:	f43f af70 	beq.w	10004a08 <tud_task_ext+0x230>
10004b28:	e7a5      	b.n	10004a76 <tud_task_ext+0x29e>
10004b2a:	4a94      	ldr	r2, [pc, #592]	@ (10004d7c <tud_task_ext+0x5a4>)
10004b2c:	6816      	ldr	r6, [r2, #0]
10004b2e:	eb16 1643 	adds.w	r6, r6, r3, lsl #5
10004b32:	d1ce      	bne.n	10004ad2 <tud_task_ext+0x2fa>
10004b34:	e768      	b.n	10004a08 <tud_task_ext+0x230>
10004b36:	787b      	ldrb	r3, [r7, #1]
10004b38:	f89d 6022 	ldrb.w	r6, [sp, #34]	@ 0x22
10004b3c:	429e      	cmp	r6, r3
10004b3e:	f000 814f 	beq.w	10004de0 <tud_task_ext+0x608>
10004b42:	787b      	ldrb	r3, [r7, #1]
10004b44:	2b00      	cmp	r3, #0
10004b46:	f040 81be 	bne.w	10004ec6 <tud_task_ext+0x6ee>
10004b4a:	707e      	strb	r6, [r7, #1]
10004b4c:	2e00      	cmp	r6, #0
10004b4e:	f000 8145 	beq.w	10004ddc <tud_task_ext+0x604>
10004b52:	1e70      	subs	r0, r6, #1
10004b54:	b2c0      	uxtb	r0, r0
10004b56:	f7ff fad9 	bl	1000410c <tud_descriptor_configuration_cb>
10004b5a:	4603      	mov	r3, r0
10004b5c:	2800      	cmp	r0, #0
10004b5e:	f000 815f 	beq.w	10004e20 <tud_task_ext+0x648>
10004b62:	7842      	ldrb	r2, [r0, #1]
10004b64:	2a02      	cmp	r2, #2
10004b66:	f040 815b 	bne.w	10004e20 <tud_task_ext+0x648>
10004b6a:	79c1      	ldrb	r1, [r0, #7]
10004b6c:	f103 0609 	add.w	r6, r3, #9
10004b70:	f3c1 1240 	ubfx	r2, r1, #5, #1
10004b74:	0112      	lsls	r2, r2, #4
10004b76:	f3c1 1180 	ubfx	r1, r1, #6, #1
10004b7a:	ea42 1241 	orr.w	r2, r2, r1, lsl #5
10004b7e:	4631      	mov	r1, r6
10004b80:	7838      	ldrb	r0, [r7, #0]
10004b82:	f020 0030 	bic.w	r0, r0, #48	@ 0x30
10004b86:	4302      	orrs	r2, r0
10004b88:	703a      	strb	r2, [r7, #0]
10004b8a:	885a      	ldrh	r2, [r3, #2]
10004b8c:	f8cd 800c 	str.w	r8, [sp, #12]
10004b90:	189a      	adds	r2, r3, r2
10004b92:	9201      	str	r2, [sp, #4]
10004b94:	9b01      	ldr	r3, [sp, #4]
10004b96:	428b      	cmp	r3, r1
10004b98:	f240 81a4 	bls.w	10004ee4 <tud_task_ext+0x70c>
10004b9c:	784a      	ldrb	r2, [r1, #1]
10004b9e:	2a0b      	cmp	r2, #11
10004ba0:	f000 81af 	beq.w	10004f02 <tud_task_ext+0x72a>
10004ba4:	2301      	movs	r3, #1
10004ba6:	2a04      	cmp	r2, #4
10004ba8:	f040 813a 	bne.w	10004e20 <tud_task_ext+0x648>
10004bac:	2600      	movs	r6, #0
10004bae:	9a01      	ldr	r2, [sp, #4]
10004bb0:	9600      	str	r6, [sp, #0]
10004bb2:	1a52      	subs	r2, r2, r1
10004bb4:	b292      	uxth	r2, r2
10004bb6:	9202      	str	r2, [sp, #8]
10004bb8:	4a6e      	ldr	r2, [pc, #440]	@ (10004d74 <tud_task_ext+0x59c>)
10004bba:	9304      	str	r3, [sp, #16]
10004bbc:	7812      	ldrb	r2, [r2, #0]
10004bbe:	e01d      	b.n	10004bfc <tud_task_ext+0x424>
10004bc0:	4b6e      	ldr	r3, [pc, #440]	@ (10004d7c <tud_task_ext+0x5a4>)
10004bc2:	681b      	ldr	r3, [r3, #0]
10004bc4:	eb13 1846 	adds.w	r8, r3, r6, lsl #5
10004bc8:	f000 812a 	beq.w	10004e20 <tud_task_ext+0x648>
10004bcc:	9a02      	ldr	r2, [sp, #8]
10004bce:	f8d8 3010 	ldr.w	r3, [r8, #16]
10004bd2:	9803      	ldr	r0, [sp, #12]
10004bd4:	9105      	str	r1, [sp, #20]
10004bd6:	4798      	blx	r3
10004bd8:	2808      	cmp	r0, #8
10004bda:	4602      	mov	r2, r0
10004bdc:	9905      	ldr	r1, [sp, #20]
10004bde:	f106 0301 	add.w	r3, r6, #1
10004be2:	d903      	bls.n	10004bec <tud_task_ext+0x414>
10004be4:	9802      	ldr	r0, [sp, #8]
10004be6:	4290      	cmp	r0, r2
10004be8:	f080 80ff 	bcs.w	10004dea <tud_task_ext+0x612>
10004bec:	b2de      	uxtb	r6, r3
10004bee:	4b61      	ldr	r3, [pc, #388]	@ (10004d74 <tud_task_ext+0x59c>)
10004bf0:	9600      	str	r6, [sp, #0]
10004bf2:	781a      	ldrb	r2, [r3, #0]
10004bf4:	1c53      	adds	r3, r2, #1
10004bf6:	429e      	cmp	r6, r3
10004bf8:	f300 8112 	bgt.w	10004e20 <tud_task_ext+0x648>
10004bfc:	9b00      	ldr	r3, [sp, #0]
10004bfe:	42b2      	cmp	r2, r6
10004c00:	eba3 0202 	sub.w	r2, r3, r2
10004c04:	d8dc      	bhi.n	10004bc0 <tud_task_ext+0x3e8>
10004c06:	4b5c      	ldr	r3, [pc, #368]	@ (10004d78 <tud_task_ext+0x5a0>)
10004c08:	eb03 1842 	add.w	r8, r3, r2, lsl #5
10004c0c:	e7de      	b.n	10004bcc <tud_task_ext+0x3f4>
10004c0e:	787b      	ldrb	r3, [r7, #1]
10004c10:	4640      	mov	r0, r8
10004c12:	f88d 301a 	strb.w	r3, [sp, #26]
10004c16:	f10d 021a 	add.w	r2, sp, #26
10004c1a:	2301      	movs	r3, #1
10004c1c:	a908      	add	r1, sp, #32
10004c1e:	f000 fa83 	bl	10005128 <tud_control_xfer>
10004c22:	e5e9      	b.n	100047f8 <tud_task_ext+0x20>
10004c24:	f8bd 0022 	ldrh.w	r0, [sp, #34]	@ 0x22
10004c28:	0a03      	lsrs	r3, r0, #8
10004c2a:	3b01      	subs	r3, #1
10004c2c:	0a02      	lsrs	r2, r0, #8
10004c2e:	b2c0      	uxtb	r0, r0
10004c30:	2b0e      	cmp	r3, #14
10004c32:	f63f aee9 	bhi.w	10004a08 <tud_task_ext+0x230>
10004c36:	a101      	add	r1, pc, #4	@ (adr r1, 10004c3c <tud_task_ext+0x464>)
10004c38:	f851 f023 	ldr.w	pc, [r1, r3, lsl #2]
10004c3c:	10004e51 	.word	0x10004e51
10004c40:	10004ced 	.word	0x10004ced
10004c44:	10004e8d 	.word	0x10004e8d
10004c48:	10004a09 	.word	0x10004a09
10004c4c:	10004a09 	.word	0x10004a09
10004c50:	10004e6f 	.word	0x10004e6f
10004c54:	10004ced 	.word	0x10004ced
10004c58:	10004a09 	.word	0x10004a09
10004c5c:	10004a09 	.word	0x10004a09
10004c60:	10004a09 	.word	0x10004a09
10004c64:	10004a09 	.word	0x10004a09
10004c68:	10004a09 	.word	0x10004a09
10004c6c:	10004a09 	.word	0x10004a09
10004c70:	10004a09 	.word	0x10004a09
10004c74:	10004e43 	.word	0x10004e43
10004c78:	a808      	add	r0, sp, #32
10004c7a:	f000 fabd 	bl	100051f8 <usbd_control_set_request>
10004c7e:	4640      	mov	r0, r8
10004c80:	f89d 1022 	ldrb.w	r1, [sp, #34]	@ 0x22
10004c84:	f7ff fba2 	bl	100043cc <dcd_set_address>
10004c88:	783b      	ldrb	r3, [r7, #0]
10004c8a:	f043 0302 	orr.w	r3, r3, #2
10004c8e:	703b      	strb	r3, [r7, #0]
10004c90:	e5b2      	b.n	100047f8 <tud_task_ext+0x20>
10004c92:	f8bd 3022 	ldrh.w	r3, [sp, #34]	@ 0x22
10004c96:	2b01      	cmp	r3, #1
10004c98:	f47f aeb6 	bne.w	10004a08 <tud_task_ext+0x230>
10004c9c:	783b      	ldrb	r3, [r7, #0]
10004c9e:	4640      	mov	r0, r8
10004ca0:	f023 0308 	bic.w	r3, r3, #8
10004ca4:	a908      	add	r1, sp, #32
10004ca6:	703b      	strb	r3, [r7, #0]
10004ca8:	f000 fa24 	bl	100050f4 <tud_control_status>
10004cac:	e5a4      	b.n	100047f8 <tud_task_ext+0x20>
10004cae:	4640      	mov	r0, r8
10004cb0:	783b      	ldrb	r3, [r7, #0]
10004cb2:	089a      	lsrs	r2, r3, #2
10004cb4:	f002 0202 	and.w	r2, r2, #2
10004cb8:	f3c3 1340 	ubfx	r3, r3, #5, #1
10004cbc:	4313      	orrs	r3, r2
10004cbe:	f8ad 301a 	strh.w	r3, [sp, #26]
10004cc2:	f10d 021a 	add.w	r2, sp, #26
10004cc6:	2302      	movs	r3, #2
10004cc8:	a908      	add	r1, sp, #32
10004cca:	f000 fa2d 	bl	10005128 <tud_control_xfer>
10004cce:	e593      	b.n	100047f8 <tud_task_ext+0x20>
10004cd0:	f8bd 3022 	ldrh.w	r3, [sp, #34]	@ 0x22
10004cd4:	2b01      	cmp	r3, #1
10004cd6:	f47f ae97 	bne.w	10004a08 <tud_task_ext+0x230>
10004cda:	783b      	ldrb	r3, [r7, #0]
10004cdc:	4640      	mov	r0, r8
10004cde:	f043 0308 	orr.w	r3, r3, #8
10004ce2:	a908      	add	r1, sp, #32
10004ce4:	703b      	strb	r3, [r7, #0]
10004ce6:	f000 fa05 	bl	100050f4 <tud_control_status>
10004cea:	e585      	b.n	100047f8 <tud_task_ext+0x20>
10004cec:	2a02      	cmp	r2, #2
10004cee:	f43f ae7e 	beq.w	100049ee <tud_task_ext+0x216>
10004cf2:	f7ff fcdd 	bl	100046b0 <tud_descriptor_other_speed_configuration_cb>
10004cf6:	4602      	mov	r2, r0
10004cf8:	2800      	cmp	r0, #0
10004cfa:	f43f ae85 	beq.w	10004a08 <tud_task_ext+0x230>
10004cfe:	4640      	mov	r0, r8
10004d00:	8853      	ldrh	r3, [r2, #2]
10004d02:	a908      	add	r1, sp, #32
10004d04:	f000 fa10 	bl	10005128 <tud_control_xfer>
10004d08:	2800      	cmp	r0, #0
10004d0a:	f47f ad75 	bne.w	100047f8 <tud_task_ext+0x20>
10004d0e:	e67b      	b.n	10004a08 <tud_task_ext+0x230>
10004d10:	f89d 3024 	ldrb.w	r3, [sp, #36]	@ 0x24
10004d14:	2b0f      	cmp	r3, #15
10004d16:	f63f ae77 	bhi.w	10004a08 <tud_task_ext+0x230>
10004d1a:	4a16      	ldr	r2, [pc, #88]	@ (10004d74 <tud_task_ext+0x59c>)
10004d1c:	443b      	add	r3, r7
10004d1e:	791b      	ldrb	r3, [r3, #4]
10004d20:	7812      	ldrb	r2, [r2, #0]
10004d22:	4293      	cmp	r3, r2
10004d24:	d21d      	bcs.n	10004d62 <tud_task_ext+0x58a>
10004d26:	4a15      	ldr	r2, [pc, #84]	@ (10004d7c <tud_task_ext+0x5a4>)
10004d28:	6816      	ldr	r6, [r2, #0]
10004d2a:	eb16 1643 	adds.w	r6, r6, r3, lsl #5
10004d2e:	f47f aea2 	bne.w	10004a76 <tud_task_ext+0x29e>
10004d32:	e669      	b.n	10004a08 <tud_task_ext+0x230>
10004d34:	2a00      	cmp	r2, #0
10004d36:	f47f ae67 	bne.w	10004a08 <tud_task_ext+0x230>
10004d3a:	2600      	movs	r6, #0
10004d3c:	f89d 2021 	ldrb.w	r2, [sp, #33]	@ 0x21
10004d40:	f002 03fd 	and.w	r3, r2, #253	@ 0xfd
10004d44:	2b01      	cmp	r3, #1
10004d46:	d01b      	beq.n	10004d80 <tud_task_ext+0x5a8>
10004d48:	2a00      	cmp	r2, #0
10004d4a:	f47f ae56 	bne.w	100049fa <tud_task_ext+0x222>
10004d4e:	9b01      	ldr	r3, [sp, #4]
10004d50:	9a00      	ldr	r2, [sp, #0]
10004d52:	443b      	add	r3, r7
10004d54:	4413      	add	r3, r2
10004d56:	f893 3034 	ldrb.w	r3, [r3, #52]	@ 0x34
10004d5a:	4640      	mov	r0, r8
10004d5c:	f3c3 0340 	ubfx	r3, r3, #1, #1
10004d60:	e7ad      	b.n	10004cbe <tud_task_ext+0x4e6>
10004d62:	1c51      	adds	r1, r2, #1
10004d64:	4299      	cmp	r1, r3
10004d66:	f6ff ae4f 	blt.w	10004a08 <tud_task_ext+0x230>
10004d6a:	4e03      	ldr	r6, [pc, #12]	@ (10004d78 <tud_task_ext+0x5a0>)
10004d6c:	1a9b      	subs	r3, r3, r2
10004d6e:	eb06 1643 	add.w	r6, r6, r3, lsl #5
10004d72:	e680      	b.n	10004a76 <tud_task_ext+0x29e>
10004d74:	20002aa4 	.word	0x20002aa4
10004d78:	10009714 	.word	0x10009714
10004d7c:	20001e60 	.word	0x20001e60
10004d80:	f8bd 3022 	ldrh.w	r3, [sp, #34]	@ 0x22
10004d84:	b9b3      	cbnz	r3, 10004db4 <tud_task_ext+0x5dc>
10004d86:	2a01      	cmp	r2, #1
10004d88:	f899 0000 	ldrb.w	r0, [r9]
10004d8c:	f000 8086 	beq.w	10004e9c <tud_task_ext+0x6c4>
10004d90:	f7ff fbd8 	bl	10004544 <dcd_edpt_stall>
10004d94:	9b01      	ldr	r3, [sp, #4]
10004d96:	9a00      	ldr	r2, [sp, #0]
10004d98:	443b      	add	r3, r7
10004d9a:	4413      	add	r3, r2
10004d9c:	f893 2034 	ldrb.w	r2, [r3, #52]	@ 0x34
10004da0:	f042 0202 	orr.w	r2, r2, #2
10004da4:	f883 2034 	strb.w	r2, [r3, #52]	@ 0x34
10004da8:	f893 2034 	ldrb.w	r2, [r3, #52]	@ 0x34
10004dac:	f042 0201 	orr.w	r2, r2, #1
10004db0:	f883 2034 	strb.w	r2, [r3, #52]	@ 0x34
10004db4:	2e00      	cmp	r6, #0
10004db6:	f43f ad1f 	beq.w	100047f8 <tud_task_ext+0x20>
10004dba:	6970      	ldr	r0, [r6, #20]
10004dbc:	f000 fa16 	bl	100051ec <usbd_control_set_complete_callback>
10004dc0:	6973      	ldr	r3, [r6, #20]
10004dc2:	2101      	movs	r1, #1
10004dc4:	aa08      	add	r2, sp, #32
10004dc6:	4640      	mov	r0, r8
10004dc8:	4798      	blx	r3
10004dca:	2000      	movs	r0, #0
10004dcc:	f000 fa0e 	bl	100051ec <usbd_control_set_complete_callback>
10004dd0:	f897 3035 	ldrb.w	r3, [r7, #53]	@ 0x35
10004dd4:	07df      	lsls	r7, r3, #31
10004dd6:	f53f ad0f 	bmi.w	100047f8 <tud_task_ext+0x20>
10004dda:	e696      	b.n	10004b0a <tud_task_ext+0x332>
10004ddc:	f7ff fc6c 	bl	100046b8 <tud_umount_cb>
10004de0:	4640      	mov	r0, r8
10004de2:	a908      	add	r1, sp, #32
10004de4:	f000 f986 	bl	100050f4 <tud_control_status>
10004de8:	e506      	b.n	100047f8 <tud_task_ext+0x20>
10004dea:	9b04      	ldr	r3, [sp, #16]
10004dec:	2b01      	cmp	r3, #1
10004dee:	f000 809e 	beq.w	10004f2e <tud_task_ext+0x756>
10004df2:	2b00      	cmp	r3, #0
10004df4:	f000 808a 	beq.w	10004f0c <tud_task_ext+0x734>
10004df8:	2000      	movs	r0, #0
10004dfa:	f891 8002 	ldrb.w	r8, [r1, #2]
10004dfe:	e005      	b.n	10004e0c <tud_task_ext+0x634>
10004e00:	f88c 6004 	strb.w	r6, [ip, #4]
10004e04:	fa5f fc80 	uxtb.w	ip, r0
10004e08:	4563      	cmp	r3, ip
10004e0a:	d97f      	bls.n	10004f0c <tud_task_ext+0x734>
10004e0c:	eb08 0c00 	add.w	ip, r8, r0
10004e10:	fa57 fc8c 	uxtab	ip, r7, ip
10004e14:	f89c e004 	ldrb.w	lr, [ip, #4]
10004e18:	3001      	adds	r0, #1
10004e1a:	f1be 0fff 	cmp.w	lr, #255	@ 0xff
10004e1e:	d0ef      	beq.n	10004e00 <tud_task_ext+0x628>
10004e20:	f04f 23e0 	mov.w	r3, #3758153728	@ 0xe000e000
10004e24:	f8d3 3df0 	ldr.w	r3, [r3, #3568]	@ 0xdf0
10004e28:	07da      	lsls	r2, r3, #31
10004e2a:	d500      	bpl.n	10004e2e <tud_task_ext+0x656>
10004e2c:	be00      	bkpt	0x0000
10004e2e:	f04f 23e0 	mov.w	r3, #3758153728	@ 0xe000e000
10004e32:	f8d3 3df0 	ldr.w	r3, [r3, #3568]	@ 0xdf0
10004e36:	07db      	lsls	r3, r3, #31
10004e38:	d500      	bpl.n	10004e3c <tud_task_ext+0x664>
10004e3a:	be00      	bkpt	0x0000
10004e3c:	2300      	movs	r3, #0
10004e3e:	707b      	strb	r3, [r7, #1]
10004e40:	e5e2      	b.n	10004a08 <tud_task_ext+0x230>
10004e42:	f7fe ff23 	bl	10003c8c <tud_descriptor_bos_cb>
10004e46:	4602      	mov	r2, r0
10004e48:	2800      	cmp	r0, #0
10004e4a:	f47f af58 	bne.w	10004cfe <tud_task_ext+0x526>
10004e4e:	e5db      	b.n	10004a08 <tud_task_ext+0x230>
10004e50:	f7ff f958 	bl	10004104 <tud_descriptor_device_cb>
10004e54:	4602      	mov	r2, r0
10004e56:	2800      	cmp	r0, #0
10004e58:	f43f adcf 	beq.w	100049fa <tud_task_ext+0x222>
10004e5c:	4640      	mov	r0, r8
10004e5e:	2312      	movs	r3, #18
10004e60:	a908      	add	r1, sp, #32
10004e62:	f000 f961 	bl	10005128 <tud_control_xfer>
10004e66:	2800      	cmp	r0, #0
10004e68:	f47f acc6 	bne.w	100047f8 <tud_task_ext+0x20>
10004e6c:	e5cc      	b.n	10004a08 <tud_task_ext+0x230>
10004e6e:	f7ff fc1d 	bl	100046ac <tud_descriptor_device_qualifier_cb>
10004e72:	4602      	mov	r2, r0
10004e74:	2800      	cmp	r0, #0
10004e76:	f43f adc7 	beq.w	10004a08 <tud_task_ext+0x230>
10004e7a:	4640      	mov	r0, r8
10004e7c:	7813      	ldrb	r3, [r2, #0]
10004e7e:	a908      	add	r1, sp, #32
10004e80:	f000 f952 	bl	10005128 <tud_control_xfer>
10004e84:	2800      	cmp	r0, #0
10004e86:	f47f acb7 	bne.w	100047f8 <tud_task_ext+0x20>
10004e8a:	e5bd      	b.n	10004a08 <tud_task_ext+0x230>
10004e8c:	f8bd 1024 	ldrh.w	r1, [sp, #36]	@ 0x24
10004e90:	f7ff f940 	bl	10004114 <tud_descriptor_string_cb>
10004e94:	4602      	mov	r2, r0
10004e96:	2800      	cmp	r0, #0
10004e98:	d1ef      	bne.n	10004e7a <tud_task_ext+0x6a2>
10004e9a:	e5b5      	b.n	10004a08 <tud_task_ext+0x230>
10004e9c:	9302      	str	r3, [sp, #8]
10004e9e:	f7ff fb69 	bl	10004574 <dcd_edpt_clear_stall>
10004ea2:	9a01      	ldr	r2, [sp, #4]
10004ea4:	9b00      	ldr	r3, [sp, #0]
10004ea6:	443a      	add	r2, r7
10004ea8:	441a      	add	r2, r3
10004eaa:	f892 1034 	ldrb.w	r1, [r2, #52]	@ 0x34
10004eae:	9b02      	ldr	r3, [sp, #8]
10004eb0:	f363 0141 	bfi	r1, r3, #1, #1
10004eb4:	f882 1034 	strb.w	r1, [r2, #52]	@ 0x34
10004eb8:	f892 1034 	ldrb.w	r1, [r2, #52]	@ 0x34
10004ebc:	f363 0100 	bfi	r1, r3, #0, #1
10004ec0:	f882 1034 	strb.w	r1, [r2, #52]	@ 0x34
10004ec4:	e776      	b.n	10004db4 <tud_task_ext+0x5dc>
10004ec6:	2100      	movs	r1, #0
10004ec8:	4640      	mov	r0, r8
10004eca:	f7ff fa87 	bl	100043dc <dcd_sof_enable>
10004ece:	4640      	mov	r0, r8
10004ed0:	f7ff fb22 	bl	10004518 <dcd_edpt_close_all>
10004ed4:	78bb      	ldrb	r3, [r7, #2]
10004ed6:	4640      	mov	r0, r8
10004ed8:	9300      	str	r3, [sp, #0]
10004eda:	f7ff fb9d 	bl	10004618 <configuration_reset>
10004ede:	9b00      	ldr	r3, [sp, #0]
10004ee0:	70bb      	strb	r3, [r7, #2]
10004ee2:	e632      	b.n	10004b4a <tud_task_ext+0x372>
10004ee4:	f8dd 800c 	ldr.w	r8, [sp, #12]
10004ee8:	f7ff fbe4 	bl	100046b4 <tud_mount_cb>
10004eec:	e778      	b.n	10004de0 <tud_task_ext+0x608>
10004eee:	4640      	mov	r0, r8
10004ef0:	2301      	movs	r3, #1
10004ef2:	a908      	add	r1, sp, #32
10004ef4:	f10d 021a 	add.w	r2, sp, #26
10004ef8:	f88d 601a 	strb.w	r6, [sp, #26]
10004efc:	f000 f914 	bl	10005128 <tud_control_xfer>
10004f00:	e47a      	b.n	100047f8 <tud_task_ext+0x20>
10004f02:	780a      	ldrb	r2, [r1, #0]
10004f04:	78cb      	ldrb	r3, [r1, #3]
10004f06:	4411      	add	r1, r2
10004f08:	784a      	ldrb	r2, [r1, #1]
10004f0a:	e64c      	b.n	10004ba6 <tud_task_ext+0x3ce>
10004f0c:	4633      	mov	r3, r6
10004f0e:	4810      	ldr	r0, [pc, #64]	@ (10004f50 <tud_task_ext+0x778>)
10004f10:	9204      	str	r2, [sp, #16]
10004f12:	9102      	str	r1, [sp, #8]
10004f14:	f000 fe76 	bl	10005c04 <tu_edpt_bind_driver>
10004f18:	4b0e      	ldr	r3, [pc, #56]	@ (10004f54 <tud_task_ext+0x77c>)
10004f1a:	9a04      	ldr	r2, [sp, #16]
10004f1c:	9902      	ldr	r1, [sp, #8]
10004f1e:	781b      	ldrb	r3, [r3, #0]
10004f20:	4411      	add	r1, r2
10004f22:	9a00      	ldr	r2, [sp, #0]
10004f24:	3301      	adds	r3, #1
10004f26:	4293      	cmp	r3, r2
10004f28:	f6bf ae34 	bge.w	10004b94 <tud_task_ext+0x3bc>
10004f2c:	e778      	b.n	10004e20 <tud_task_ext+0x648>
10004f2e:	f8d8 c010 	ldr.w	ip, [r8, #16]
10004f32:	4809      	ldr	r0, [pc, #36]	@ (10004f58 <tud_task_ext+0x780>)
10004f34:	4584      	cmp	ip, r0
10004f36:	bf08      	it	eq
10004f38:	2302      	moveq	r3, #2
10004f3a:	e75d      	b.n	10004df8 <tud_task_ext+0x620>
10004f3c:	f04f 23e0 	mov.w	r3, #3758153728	@ 0xe000e000
10004f40:	f8d3 3df0 	ldr.w	r3, [r3, #3568]	@ 0xdf0
10004f44:	07db      	lsls	r3, r3, #31
10004f46:	f57f ac57 	bpl.w	100047f8 <tud_task_ext+0x20>
10004f4a:	be00      	bkpt	0x0000
10004f4c:	e454      	b.n	100047f8 <tud_task_ext+0x20>
10004f4e:	bf00      	nop
10004f50:	20002044 	.word	0x20002044
10004f54:	20002aa4 	.word	0x20002aa4
10004f58:	10005625 	.word	0x10005625

10004f5c <usbd_open_edpt_pair>:
10004f5c:	e92d 4ff8 	stmdb	sp!, {r3, r4, r5, r6, r7, r8, r9, sl, fp, lr}
10004f60:	9f0a      	ldr	r7, [sp, #40]	@ 0x28
10004f62:	2a00      	cmp	r2, #0
10004f64:	d040      	beq.n	10004fe8 <usbd_open_edpt_pair+0x8c>
10004f66:	460c      	mov	r4, r1
10004f68:	461e      	mov	r6, r3
10004f6a:	4615      	mov	r5, r2
10004f6c:	f04f 0a00 	mov.w	sl, #0
10004f70:	f8df 907c 	ldr.w	r9, [pc, #124]	@ 10004ff0 <usbd_open_edpt_pair+0x94>
10004f74:	f8df 807c 	ldr.w	r8, [pc, #124]	@ 10004ff4 <usbd_open_edpt_pair+0x98>
10004f78:	e018      	b.n	10004fac <usbd_open_edpt_pair+0x50>
10004f7a:	4620      	mov	r0, r4
10004f7c:	f898 1002 	ldrb.w	r1, [r8, #2]
10004f80:	f899 b000 	ldrb.w	fp, [r9]
10004f84:	f000 fe0e 	bl	10005ba4 <tu_edpt_validate>
10004f88:	b1e0      	cbz	r0, 10004fc4 <usbd_open_edpt_pair+0x68>
10004f8a:	4621      	mov	r1, r4
10004f8c:	4658      	mov	r0, fp
10004f8e:	f7ff fa41 	bl	10004414 <dcd_edpt_open>
10004f92:	b1f0      	cbz	r0, 10004fd2 <usbd_open_edpt_pair+0x76>
10004f94:	78a2      	ldrb	r2, [r4, #2]
10004f96:	f10a 0a01 	add.w	sl, sl, #1
10004f9a:	09d1      	lsrs	r1, r2, #7
10004f9c:	bf16      	itet	ne
10004f9e:	9b0b      	ldrne	r3, [sp, #44]	@ 0x2c
10004fa0:	703a      	strbeq	r2, [r7, #0]
10004fa2:	701a      	strbne	r2, [r3, #0]
10004fa4:	7822      	ldrb	r2, [r4, #0]
10004fa6:	45aa      	cmp	sl, r5
10004fa8:	4414      	add	r4, r2
10004faa:	d01d      	beq.n	10004fe8 <usbd_open_edpt_pair+0x8c>
10004fac:	7862      	ldrb	r2, [r4, #1]
10004fae:	2a05      	cmp	r2, #5
10004fb0:	d10f      	bne.n	10004fd2 <usbd_open_edpt_pair+0x76>
10004fb2:	78e1      	ldrb	r1, [r4, #3]
10004fb4:	f001 0103 	and.w	r1, r1, #3
10004fb8:	42b1      	cmp	r1, r6
10004fba:	d10a      	bne.n	10004fd2 <usbd_open_edpt_pair+0x76>
10004fbc:	78a2      	ldrb	r2, [r4, #2]
10004fbe:	f012 0f70 	tst.w	r2, #112	@ 0x70
10004fc2:	d0da      	beq.n	10004f7a <usbd_open_edpt_pair+0x1e>
10004fc4:	f04f 23e0 	mov.w	r3, #3758153728	@ 0xe000e000
10004fc8:	f8d3 3df0 	ldr.w	r3, [r3, #3568]	@ 0xdf0
10004fcc:	07da      	lsls	r2, r3, #31
10004fce:	d500      	bpl.n	10004fd2 <usbd_open_edpt_pair+0x76>
10004fd0:	be00      	bkpt	0x0000
10004fd2:	f04f 23e0 	mov.w	r3, #3758153728	@ 0xe000e000
10004fd6:	f8d3 3df0 	ldr.w	r3, [r3, #3568]	@ 0xdf0
10004fda:	07db      	lsls	r3, r3, #31
10004fdc:	d402      	bmi.n	10004fe4 <usbd_open_edpt_pair+0x88>
10004fde:	2000      	movs	r0, #0
10004fe0:	e8bd 8ff8 	ldmia.w	sp!, {r3, r4, r5, r6, r7, r8, r9, sl, fp, pc}
10004fe4:	be00      	bkpt	0x0000
10004fe6:	e7fa      	b.n	10004fde <usbd_open_edpt_pair+0x82>
10004fe8:	2001      	movs	r0, #1
10004fea:	e8bd 8ff8 	ldmia.w	sp!, {r3, r4, r5, r6, r7, r8, r9, sl, fp, pc}
10004fee:	bf00      	nop
10004ff0:	20001594 	.word	0x20001594
10004ff4:	20002030 	.word	0x20002030

10004ff8 <usbd_edpt_open>:
10004ff8:	b538      	push	{r3, r4, r5, lr}
10004ffa:	788b      	ldrb	r3, [r1, #2]
10004ffc:	f013 0f70 	tst.w	r3, #112	@ 0x70
10005000:	d008      	beq.n	10005014 <usbd_edpt_open+0x1c>
10005002:	f04f 23e0 	mov.w	r3, #3758153728	@ 0xe000e000
10005006:	f8d3 3df0 	ldr.w	r3, [r3, #3568]	@ 0xdf0
1000500a:	07db      	lsls	r3, r3, #31
1000500c:	d500      	bpl.n	10005010 <usbd_edpt_open+0x18>
1000500e:	be00      	bkpt	0x0000
10005010:	2000      	movs	r0, #0
10005012:	bd38      	pop	{r3, r4, r5, pc}
10005014:	4a07      	ldr	r2, [pc, #28]	@ (10005034 <usbd_edpt_open+0x3c>)
10005016:	4b08      	ldr	r3, [pc, #32]	@ (10005038 <usbd_edpt_open+0x40>)
10005018:	460c      	mov	r4, r1
1000501a:	4608      	mov	r0, r1
1000501c:	7891      	ldrb	r1, [r2, #2]
1000501e:	781d      	ldrb	r5, [r3, #0]
10005020:	f000 fdc0 	bl	10005ba4 <tu_edpt_validate>
10005024:	2800      	cmp	r0, #0
10005026:	d0ec      	beq.n	10005002 <usbd_edpt_open+0xa>
10005028:	4621      	mov	r1, r4
1000502a:	4628      	mov	r0, r5
1000502c:	e8bd 4038 	ldmia.w	sp!, {r3, r4, r5, lr}
10005030:	f7ff b9f0 	b.w	10004414 <dcd_edpt_open>
10005034:	20002030 	.word	0x20002030
10005038:	20001594 	.word	0x20001594

1000503c <usbd_edpt_claim>:
1000503c:	460b      	mov	r3, r1
1000503e:	4a06      	ldr	r2, [pc, #24]	@ (10005058 <usbd_edpt_claim+0x1c>)
10005040:	4806      	ldr	r0, [pc, #24]	@ (1000505c <usbd_edpt_claim+0x20>)
10005042:	6811      	ldr	r1, [r2, #0]
10005044:	09da      	lsrs	r2, r3, #7
10005046:	3234      	adds	r2, #52	@ 0x34
10005048:	f003 037f 	and.w	r3, r3, #127	@ 0x7f
1000504c:	eb02 0343 	add.w	r3, r2, r3, lsl #1
10005050:	4418      	add	r0, r3
10005052:	f000 bd61 	b.w	10005b18 <tu_edpt_claim>
10005056:	bf00      	nop
10005058:	20002084 	.word	0x20002084
1000505c:	20002030 	.word	0x20002030

10005060 <usbd_edpt_release>:
10005060:	460b      	mov	r3, r1
10005062:	4a06      	ldr	r2, [pc, #24]	@ (1000507c <usbd_edpt_release+0x1c>)
10005064:	4806      	ldr	r0, [pc, #24]	@ (10005080 <usbd_edpt_release+0x20>)
10005066:	6811      	ldr	r1, [r2, #0]
10005068:	09da      	lsrs	r2, r3, #7
1000506a:	3234      	adds	r2, #52	@ 0x34
1000506c:	f003 037f 	and.w	r3, r3, #127	@ 0x7f
10005070:	eb02 0343 	add.w	r3, r2, r3, lsl #1
10005074:	4418      	add	r0, r3
10005076:	f000 bd79 	b.w	10005b6c <tu_edpt_release>
1000507a:	bf00      	nop
1000507c:	20002084 	.word	0x20002084
10005080:	20002030 	.word	0x20002030

10005084 <usbd_edpt_xfer>:
10005084:	b510      	push	{r4, lr}
10005086:	4819      	ldr	r0, [pc, #100]	@ (100050ec <usbd_edpt_xfer+0x68>)
10005088:	f001 0c7f 	and.w	ip, r1, #127	@ 0x7f
1000508c:	eb00 004c 	add.w	r0, r0, ip, lsl #1
10005090:	eb00 10d1 	add.w	r0, r0, r1, lsr #7
10005094:	f890 c034 	ldrb.w	ip, [r0, #52]	@ 0x34
10005098:	f01c 0f01 	tst.w	ip, #1
1000509c:	d008      	beq.n	100050b0 <usbd_edpt_xfer+0x2c>
1000509e:	f04f 23e0 	mov.w	r3, #3758153728	@ 0xe000e000
100050a2:	f8d3 3df0 	ldr.w	r3, [r3, #3568]	@ 0xdf0
100050a6:	07da      	lsls	r2, r3, #31
100050a8:	d500      	bpl.n	100050ac <usbd_edpt_xfer+0x28>
100050aa:	be00      	bkpt	0x0000
100050ac:	2000      	movs	r0, #0
100050ae:	bd10      	pop	{r4, pc}
100050b0:	f100 0430 	add.w	r4, r0, #48	@ 0x30
100050b4:	f894 c004 	ldrb.w	ip, [r4, #4]
100050b8:	480d      	ldr	r0, [pc, #52]	@ (100050f0 <usbd_edpt_xfer+0x6c>)
100050ba:	f04c 0c01 	orr.w	ip, ip, #1
100050be:	7800      	ldrb	r0, [r0, #0]
100050c0:	f884 c004 	strb.w	ip, [r4, #4]
100050c4:	f7ff fa2a 	bl	1000451c <dcd_edpt_xfer>
100050c8:	2800      	cmp	r0, #0
100050ca:	d1f0      	bne.n	100050ae <usbd_edpt_xfer+0x2a>
100050cc:	f04f 21e0 	mov.w	r1, #3758153728	@ 0xe000e000
100050d0:	7922      	ldrb	r2, [r4, #4]
100050d2:	f360 0200 	bfi	r2, r0, #0, #1
100050d6:	7122      	strb	r2, [r4, #4]
100050d8:	7922      	ldrb	r2, [r4, #4]
100050da:	f360 0282 	bfi	r2, r0, #2, #1
100050de:	7122      	strb	r2, [r4, #4]
100050e0:	f8d1 3df0 	ldr.w	r3, [r1, #3568]	@ 0xdf0
100050e4:	07db      	lsls	r3, r3, #31
100050e6:	d5e1      	bpl.n	100050ac <usbd_edpt_xfer+0x28>
100050e8:	be00      	bkpt	0x0000
100050ea:	e7df      	b.n	100050ac <usbd_edpt_xfer+0x28>
100050ec:	20002030 	.word	0x20002030
100050f0:	20001594 	.word	0x20001594

100050f4 <tud_control_status>:
100050f4:	b530      	push	{r4, r5, lr}
100050f6:	4c0b      	ldr	r4, [pc, #44]	@ (10005124 <tud_control_status+0x30>)
100050f8:	468c      	mov	ip, r1
100050fa:	46a6      	mov	lr, r4
100050fc:	4605      	mov	r5, r0
100050fe:	6808      	ldr	r0, [r1, #0]
10005100:	6849      	ldr	r1, [r1, #4]
10005102:	2300      	movs	r3, #0
10005104:	e8ae 0003 	stmia.w	lr!, {r0, r1}
10005108:	f89c 1000 	ldrb.w	r1, [ip]
1000510c:	4628      	mov	r0, r5
1000510e:	43c9      	mvns	r1, r1
10005110:	e9c4 3302 	strd	r3, r3, [r4, #8]
10005114:	e8bd 4030 	ldmia.w	sp!, {r4, r5, lr}
10005118:	461a      	mov	r2, r3
1000511a:	f001 0180 	and.w	r1, r1, #128	@ 0x80
1000511e:	f7ff bfb1 	b.w	10005084 <usbd_edpt_xfer>
10005122:	bf00      	nop
10005124:	20001ff0 	.word	0x20001ff0

10005128 <tud_control_xfer>:
10005128:	e92d 41f0 	stmdb	sp!, {r4, r5, r6, r7, r8, lr}
1000512c:	4f28      	ldr	r7, [pc, #160]	@ (100051d0 <tud_control_xfer+0xa8>)
1000512e:	f04f 0800 	mov.w	r8, #0
10005132:	46be      	mov	lr, r7
10005134:	468c      	mov	ip, r1
10005136:	4606      	mov	r6, r0
10005138:	6808      	ldr	r0, [r1, #0]
1000513a:	6849      	ldr	r1, [r1, #4]
1000513c:	60ba      	str	r2, [r7, #8]
1000513e:	e8ae 0003 	stmia.w	lr!, {r0, r1}
10005142:	f8a7 800e 	strh.w	r8, [r7, #14]
10005146:	4615      	mov	r5, r2
10005148:	f8bc 2006 	ldrh.w	r2, [ip, #6]
1000514c:	4293      	cmp	r3, r2
1000514e:	bf28      	it	cs
10005150:	4613      	movcs	r3, r2
10005152:	81bb      	strh	r3, [r7, #12]
10005154:	b19a      	cbz	r2, 1000517e <tud_control_xfer+0x56>
10005156:	461c      	mov	r4, r3
10005158:	b333      	cbz	r3, 100051a8 <tud_control_xfer+0x80>
1000515a:	b1dd      	cbz	r5, 10005194 <tud_control_xfer+0x6c>
1000515c:	f997 3000 	ldrsb.w	r3, [r7]
10005160:	2c40      	cmp	r4, #64	@ 0x40
10005162:	bf28      	it	cs
10005164:	2440      	movcs	r4, #64	@ 0x40
10005166:	2b00      	cmp	r3, #0
10005168:	db29      	blt.n	100051be <tud_control_xfer+0x96>
1000516a:	4641      	mov	r1, r8
1000516c:	4623      	mov	r3, r4
1000516e:	4630      	mov	r0, r6
10005170:	4a18      	ldr	r2, [pc, #96]	@ (100051d4 <tud_control_xfer+0xac>)
10005172:	f7ff ff87 	bl	10005084 <usbd_edpt_xfer>
10005176:	b168      	cbz	r0, 10005194 <tud_control_xfer+0x6c>
10005178:	2001      	movs	r0, #1
1000517a:	e8bd 81f0 	ldmia.w	sp!, {r4, r5, r6, r7, r8, pc}
1000517e:	f89c 1000 	ldrb.w	r1, [ip]
10005182:	4613      	mov	r3, r2
10005184:	43c9      	mvns	r1, r1
10005186:	4630      	mov	r0, r6
10005188:	f001 0180 	and.w	r1, r1, #128	@ 0x80
1000518c:	f7ff ff7a 	bl	10005084 <usbd_edpt_xfer>
10005190:	2800      	cmp	r0, #0
10005192:	d1f1      	bne.n	10005178 <tud_control_xfer+0x50>
10005194:	f04f 23e0 	mov.w	r3, #3758153728	@ 0xe000e000
10005198:	f8d3 3df0 	ldr.w	r3, [r3, #3568]	@ 0xdf0
1000519c:	07db      	lsls	r3, r3, #31
1000519e:	d500      	bpl.n	100051a2 <tud_control_xfer+0x7a>
100051a0:	be00      	bkpt	0x0000
100051a2:	2000      	movs	r0, #0
100051a4:	e8bd 81f0 	ldmia.w	sp!, {r4, r5, r6, r7, r8, pc}
100051a8:	461a      	mov	r2, r3
100051aa:	7839      	ldrb	r1, [r7, #0]
100051ac:	f001 0180 	and.w	r1, r1, #128	@ 0x80
100051b0:	4623      	mov	r3, r4
100051b2:	4630      	mov	r0, r6
100051b4:	f7ff ff66 	bl	10005084 <usbd_edpt_xfer>
100051b8:	2800      	cmp	r0, #0
100051ba:	d1dd      	bne.n	10005178 <tud_control_xfer+0x50>
100051bc:	e7ea      	b.n	10005194 <tud_control_xfer+0x6c>
100051be:	4622      	mov	r2, r4
100051c0:	4629      	mov	r1, r5
100051c2:	4804      	ldr	r0, [pc, #16]	@ (100051d4 <tud_control_xfer+0xac>)
100051c4:	f003 fe12 	bl	10008dec <memcpy>
100051c8:	2180      	movs	r1, #128	@ 0x80
100051ca:	4a02      	ldr	r2, [pc, #8]	@ (100051d4 <tud_control_xfer+0xac>)
100051cc:	e7f0      	b.n	100051b0 <tud_control_xfer+0x88>
100051ce:	bf00      	nop
100051d0:	20001ff0 	.word	0x20001ff0
100051d4:	20001fb0 	.word	0x20001fb0

100051d8 <usbd_control_reset>:
100051d8:	2200      	movs	r2, #0
100051da:	4b03      	ldr	r3, [pc, #12]	@ (100051e8 <usbd_control_reset+0x10>)
100051dc:	e9c3 2200 	strd	r2, r2, [r3]
100051e0:	e9c3 2202 	strd	r2, r2, [r3, #8]
100051e4:	611a      	str	r2, [r3, #16]
100051e6:	4770      	bx	lr
100051e8:	20001ff0 	.word	0x20001ff0

100051ec <usbd_control_set_complete_callback>:
100051ec:	4b01      	ldr	r3, [pc, #4]	@ (100051f4 <usbd_control_set_complete_callback+0x8>)
100051ee:	6118      	str	r0, [r3, #16]
100051f0:	4770      	bx	lr
100051f2:	bf00      	nop
100051f4:	20001ff0 	.word	0x20001ff0

100051f8 <usbd_control_set_request>:
100051f8:	b430      	push	{r4, r5}
100051fa:	4602      	mov	r2, r0
100051fc:	4c04      	ldr	r4, [pc, #16]	@ (10005210 <usbd_control_set_request+0x18>)
100051fe:	2500      	movs	r5, #0
10005200:	4623      	mov	r3, r4
10005202:	6800      	ldr	r0, [r0, #0]
10005204:	6851      	ldr	r1, [r2, #4]
10005206:	e9c4 5502 	strd	r5, r5, [r4, #8]
1000520a:	bc30      	pop	{r4, r5}
1000520c:	c303      	stmia	r3!, {r0, r1}
1000520e:	4770      	bx	lr
10005210:	20001ff0 	.word	0x20001ff0

10005214 <usbd_control_xfer_cb>:
10005214:	b570      	push	{r4, r5, r6, lr}
10005216:	4c3d      	ldr	r4, [pc, #244]	@ (1000530c <usbd_control_xfer_cb+0xf8>)
10005218:	09c9      	lsrs	r1, r1, #7
1000521a:	7822      	ldrb	r2, [r4, #0]
1000521c:	4606      	mov	r6, r0
1000521e:	ebb1 1fd2 	cmp.w	r1, r2, lsr #7
10005222:	461d      	mov	r5, r3
10005224:	b082      	sub	sp, #8
10005226:	d017      	beq.n	10005258 <usbd_control_xfer_cb+0x44>
10005228:	b153      	cbz	r3, 10005240 <usbd_control_xfer_cb+0x2c>
1000522a:	f04f 23e0 	mov.w	r3, #3758153728	@ 0xe000e000
1000522e:	f8d3 3df0 	ldr.w	r3, [r3, #3568]	@ 0xdf0
10005232:	07db      	lsls	r3, r3, #31
10005234:	d402      	bmi.n	1000523c <usbd_control_xfer_cb+0x28>
10005236:	2000      	movs	r0, #0
10005238:	b002      	add	sp, #8
1000523a:	bd70      	pop	{r4, r5, r6, pc}
1000523c:	be00      	bkpt	0x0000
1000523e:	e7fa      	b.n	10005236 <usbd_control_xfer_cb+0x22>
10005240:	4621      	mov	r1, r4
10005242:	f7ff f8d9 	bl	100043f8 <dcd_edpt0_status_complete>
10005246:	6923      	ldr	r3, [r4, #16]
10005248:	b11b      	cbz	r3, 10005252 <usbd_control_xfer_cb+0x3e>
1000524a:	4622      	mov	r2, r4
1000524c:	2103      	movs	r1, #3
1000524e:	4630      	mov	r0, r6
10005250:	4798      	blx	r3
10005252:	2001      	movs	r0, #1
10005254:	b002      	add	sp, #8
10005256:	bd70      	pop	{r4, r5, r6, pc}
10005258:	f994 3000 	ldrsb.w	r3, [r4]
1000525c:	2b00      	cmp	r3, #0
1000525e:	db06      	blt.n	1000526e <usbd_control_xfer_cb+0x5a>
10005260:	68a0      	ldr	r0, [r4, #8]
10005262:	2800      	cmp	r0, #0
10005264:	d0e7      	beq.n	10005236 <usbd_control_xfer_cb+0x22>
10005266:	462a      	mov	r2, r5
10005268:	4929      	ldr	r1, [pc, #164]	@ (10005310 <usbd_control_xfer_cb+0xfc>)
1000526a:	f003 fdbf 	bl	10008dec <memcpy>
1000526e:	89e0      	ldrh	r0, [r4, #14]
10005270:	68a1      	ldr	r1, [r4, #8]
10005272:	88e3      	ldrh	r3, [r4, #6]
10005274:	4428      	add	r0, r5
10005276:	b280      	uxth	r0, r0
10005278:	4429      	add	r1, r5
1000527a:	4283      	cmp	r3, r0
1000527c:	81e0      	strh	r0, [r4, #14]
1000527e:	60a1      	str	r1, [r4, #8]
10005280:	d016      	beq.n	100052b0 <usbd_control_xfer_cb+0x9c>
10005282:	2d3f      	cmp	r5, #63	@ 0x3f
10005284:	d914      	bls.n	100052b0 <usbd_control_xfer_cb+0x9c>
10005286:	89a2      	ldrh	r2, [r4, #12]
10005288:	f994 4000 	ldrsb.w	r4, [r4]
1000528c:	1a13      	subs	r3, r2, r0
1000528e:	b29b      	uxth	r3, r3
10005290:	2b40      	cmp	r3, #64	@ 0x40
10005292:	bf28      	it	cs
10005294:	2340      	movcs	r3, #64	@ 0x40
10005296:	2c00      	cmp	r4, #0
10005298:	db27      	blt.n	100052ea <usbd_control_xfer_cb+0xd6>
1000529a:	4290      	cmp	r0, r2
1000529c:	f04f 0100 	mov.w	r1, #0
100052a0:	d031      	beq.n	10005306 <usbd_control_xfer_cb+0xf2>
100052a2:	4a1b      	ldr	r2, [pc, #108]	@ (10005310 <usbd_control_xfer_cb+0xfc>)
100052a4:	4630      	mov	r0, r6
100052a6:	f7ff feed 	bl	10005084 <usbd_edpt_xfer>
100052aa:	2800      	cmp	r0, #0
100052ac:	d1d1      	bne.n	10005252 <usbd_control_xfer_cb+0x3e>
100052ae:	e7bc      	b.n	1000522a <usbd_control_xfer_cb+0x16>
100052b0:	6923      	ldr	r3, [r4, #16]
100052b2:	b123      	cbz	r3, 100052be <usbd_control_xfer_cb+0xaa>
100052b4:	2102      	movs	r1, #2
100052b6:	4630      	mov	r0, r6
100052b8:	4a14      	ldr	r2, [pc, #80]	@ (1000530c <usbd_control_xfer_cb+0xf8>)
100052ba:	4798      	blx	r3
100052bc:	b160      	cbz	r0, 100052d8 <usbd_control_xfer_cb+0xc4>
100052be:	7821      	ldrb	r1, [r4, #0]
100052c0:	2300      	movs	r3, #0
100052c2:	43c9      	mvns	r1, r1
100052c4:	4630      	mov	r0, r6
100052c6:	461a      	mov	r2, r3
100052c8:	f001 0180 	and.w	r1, r1, #128	@ 0x80
100052cc:	f7ff feda 	bl	10005084 <usbd_edpt_xfer>
100052d0:	2800      	cmp	r0, #0
100052d2:	d0aa      	beq.n	1000522a <usbd_control_xfer_cb+0x16>
100052d4:	2001      	movs	r0, #1
100052d6:	e7bd      	b.n	10005254 <usbd_control_xfer_cb+0x40>
100052d8:	4601      	mov	r1, r0
100052da:	4630      	mov	r0, r6
100052dc:	f7ff f932 	bl	10004544 <dcd_edpt_stall>
100052e0:	2180      	movs	r1, #128	@ 0x80
100052e2:	4630      	mov	r0, r6
100052e4:	f7ff f92e 	bl	10004544 <dcd_edpt_stall>
100052e8:	e7b3      	b.n	10005252 <usbd_control_xfer_cb+0x3e>
100052ea:	4290      	cmp	r0, r2
100052ec:	d008      	beq.n	10005300 <usbd_control_xfer_cb+0xec>
100052ee:	461a      	mov	r2, r3
100052f0:	4807      	ldr	r0, [pc, #28]	@ (10005310 <usbd_control_xfer_cb+0xfc>)
100052f2:	9301      	str	r3, [sp, #4]
100052f4:	f003 fd7a 	bl	10008dec <memcpy>
100052f8:	2180      	movs	r1, #128	@ 0x80
100052fa:	4a05      	ldr	r2, [pc, #20]	@ (10005310 <usbd_control_xfer_cb+0xfc>)
100052fc:	9b01      	ldr	r3, [sp, #4]
100052fe:	e7d1      	b.n	100052a4 <usbd_control_xfer_cb+0x90>
10005300:	2180      	movs	r1, #128	@ 0x80
10005302:	2200      	movs	r2, #0
10005304:	e7ce      	b.n	100052a4 <usbd_control_xfer_cb+0x90>
10005306:	460a      	mov	r2, r1
10005308:	e7cc      	b.n	100052a4 <usbd_control_xfer_cb+0x90>
1000530a:	bf00      	nop
1000530c:	20001ff0 	.word	0x20001ff0
10005310:	20001fb0 	.word	0x20001fb0

10005314 <_prep_out_transaction.isra.0>:
10005314:	e92d 41f0 	stmdb	sp!, {r4, r5, r6, r7, r8, lr}
10005318:	4604      	mov	r4, r0
1000531a:	f7ff f9d3 	bl	100046c4 <tud_mounted>
1000531e:	b908      	cbnz	r0, 10005324 <_prep_out_transaction.isra.0+0x10>
10005320:	e8bd 81f0 	ldmia.w	sp!, {r4, r5, r6, r7, r8, pc}
10005324:	f7ff f9d6 	bl	100046d4 <tud_suspended>
10005328:	4605      	mov	r5, r0
1000532a:	2800      	cmp	r0, #0
1000532c:	d1f8      	bne.n	10005320 <_prep_out_transaction.isra.0+0xc>
1000532e:	23c8      	movs	r3, #200	@ 0xc8
10005330:	fb04 f303 	mul.w	r3, r4, r3
10005334:	4e12      	ldr	r6, [pc, #72]	@ (10005380 <_prep_out_transaction.isra.0+0x6c>)
10005336:	18f7      	adds	r7, r6, r3
10005338:	78f9      	ldrb	r1, [r7, #3]
1000533a:	2900      	cmp	r1, #0
1000533c:	d0f0      	beq.n	10005320 <_prep_out_transaction.isra.0+0xc>
1000533e:	3310      	adds	r3, #16
10005340:	441e      	add	r6, r3
10005342:	4630      	mov	r0, r6
10005344:	f000 fdd2 	bl	10005eec <tu_fifo_remaining>
10005348:	283f      	cmp	r0, #63	@ 0x3f
1000534a:	d9e9      	bls.n	10005320 <_prep_out_transaction.isra.0+0xc>
1000534c:	4628      	mov	r0, r5
1000534e:	78f9      	ldrb	r1, [r7, #3]
10005350:	f7ff fe74 	bl	1000503c <usbd_edpt_claim>
10005354:	2800      	cmp	r0, #0
10005356:	d0e3      	beq.n	10005320 <_prep_out_transaction.isra.0+0xc>
10005358:	4630      	mov	r0, r6
1000535a:	f000 fdc7 	bl	10005eec <tu_fifo_remaining>
1000535e:	283f      	cmp	r0, #63	@ 0x3f
10005360:	78f9      	ldrb	r1, [r7, #3]
10005362:	d908      	bls.n	10005376 <_prep_out_transaction.isra.0+0x62>
10005364:	4a07      	ldr	r2, [pc, #28]	@ (10005384 <_prep_out_transaction.isra.0+0x70>)
10005366:	4628      	mov	r0, r5
10005368:	eb02 12c4 	add.w	r2, r2, r4, lsl #7
1000536c:	2340      	movs	r3, #64	@ 0x40
1000536e:	e8bd 41f0 	ldmia.w	sp!, {r4, r5, r6, r7, r8, lr}
10005372:	f7ff be87 	b.w	10005084 <usbd_edpt_xfer>
10005376:	4628      	mov	r0, r5
10005378:	e8bd 41f0 	ldmia.w	sp!, {r4, r5, r6, r7, r8, lr}
1000537c:	f7ff be70 	b.w	10005060 <usbd_edpt_release>
10005380:	20001ee8 	.word	0x20001ee8
10005384:	20001e64 	.word	0x20001e64

10005388 <tud_cdc_n_connected>:
10005388:	b510      	push	{r4, lr}
1000538a:	4604      	mov	r4, r0
1000538c:	f7ff f99a 	bl	100046c4 <tud_mounted>
10005390:	b908      	cbnz	r0, 10005396 <tud_cdc_n_connected+0xe>
10005392:	2000      	movs	r0, #0
10005394:	bd10      	pop	{r4, pc}
10005396:	f7ff f99d 	bl	100046d4 <tud_suspended>
1000539a:	2800      	cmp	r0, #0
1000539c:	d1f9      	bne.n	10005392 <tud_cdc_n_connected+0xa>
1000539e:	22c8      	movs	r2, #200	@ 0xc8
100053a0:	4b03      	ldr	r3, [pc, #12]	@ (100053b0 <tud_cdc_n_connected+0x28>)
100053a2:	fb02 3304 	mla	r3, r2, r4, r3
100053a6:	7918      	ldrb	r0, [r3, #4]
100053a8:	f000 0001 	and.w	r0, r0, #1
100053ac:	bd10      	pop	{r4, pc}
100053ae:	bf00      	nop
100053b0:	20001ee8 	.word	0x20001ee8

100053b4 <tud_cdc_n_available>:
100053b4:	22c8      	movs	r2, #200	@ 0xc8
100053b6:	b508      	push	{r3, lr}
100053b8:	4b02      	ldr	r3, [pc, #8]	@ (100053c4 <tud_cdc_n_available+0x10>)
100053ba:	fb02 3000 	mla	r0, r2, r0, r3
100053be:	f000 fd7b 	bl	10005eb8 <tu_fifo_count>
100053c2:	bd08      	pop	{r3, pc}
100053c4:	20001ef8 	.word	0x20001ef8

100053c8 <tud_cdc_n_read>:
100053c8:	e92d 43f8 	stmdb	sp!, {r3, r4, r5, r6, r7, r8, r9, lr}
100053cc:	f64f 73ff 	movw	r3, #65535	@ 0xffff
100053d0:	24c8      	movs	r4, #200	@ 0xc8
100053d2:	429a      	cmp	r2, r3
100053d4:	bf28      	it	cs
100053d6:	461a      	movcs	r2, r3
100053d8:	fb00 f404 	mul.w	r4, r0, r4
100053dc:	f8df 8074 	ldr.w	r8, [pc, #116]	@ 10005454 <tud_cdc_n_read+0x8c>
100053e0:	f104 0510 	add.w	r5, r4, #16
100053e4:	4445      	add	r5, r8
100053e6:	4606      	mov	r6, r0
100053e8:	b292      	uxth	r2, r2
100053ea:	4628      	mov	r0, r5
100053ec:	f000 fdda 	bl	10005fa4 <tu_fifo_read_n>
100053f0:	4607      	mov	r7, r0
100053f2:	f7ff f967 	bl	100046c4 <tud_mounted>
100053f6:	b910      	cbnz	r0, 100053fe <tud_cdc_n_read+0x36>
100053f8:	4638      	mov	r0, r7
100053fa:	e8bd 83f8 	ldmia.w	sp!, {r3, r4, r5, r6, r7, r8, r9, pc}
100053fe:	f7ff f969 	bl	100046d4 <tud_suspended>
10005402:	4681      	mov	r9, r0
10005404:	2800      	cmp	r0, #0
10005406:	d1f7      	bne.n	100053f8 <tud_cdc_n_read+0x30>
10005408:	44a0      	add	r8, r4
1000540a:	f898 3003 	ldrb.w	r3, [r8, #3]
1000540e:	2b00      	cmp	r3, #0
10005410:	d0f2      	beq.n	100053f8 <tud_cdc_n_read+0x30>
10005412:	4628      	mov	r0, r5
10005414:	f000 fd6a 	bl	10005eec <tu_fifo_remaining>
10005418:	283f      	cmp	r0, #63	@ 0x3f
1000541a:	d9ed      	bls.n	100053f8 <tud_cdc_n_read+0x30>
1000541c:	4648      	mov	r0, r9
1000541e:	f898 1003 	ldrb.w	r1, [r8, #3]
10005422:	f7ff fe0b 	bl	1000503c <usbd_edpt_claim>
10005426:	2800      	cmp	r0, #0
10005428:	d0e6      	beq.n	100053f8 <tud_cdc_n_read+0x30>
1000542a:	4628      	mov	r0, r5
1000542c:	f000 fd5e 	bl	10005eec <tu_fifo_remaining>
10005430:	283f      	cmp	r0, #63	@ 0x3f
10005432:	f898 1003 	ldrb.w	r1, [r8, #3]
10005436:	d907      	bls.n	10005448 <tud_cdc_n_read+0x80>
10005438:	4a05      	ldr	r2, [pc, #20]	@ (10005450 <tud_cdc_n_read+0x88>)
1000543a:	4648      	mov	r0, r9
1000543c:	2340      	movs	r3, #64	@ 0x40
1000543e:	eb02 12c6 	add.w	r2, r2, r6, lsl #7
10005442:	f7ff fe1f 	bl	10005084 <usbd_edpt_xfer>
10005446:	e7d7      	b.n	100053f8 <tud_cdc_n_read+0x30>
10005448:	4648      	mov	r0, r9
1000544a:	f7ff fe09 	bl	10005060 <usbd_edpt_release>
1000544e:	e7d3      	b.n	100053f8 <tud_cdc_n_read+0x30>
10005450:	20001e64 	.word	0x20001e64
10005454:	20001ee8 	.word	0x20001ee8

10005458 <tud_cdc_n_write_flush>:
10005458:	e92d 41f0 	stmdb	sp!, {r4, r5, r6, r7, r8, lr}
1000545c:	4604      	mov	r4, r0
1000545e:	f7ff f931 	bl	100046c4 <tud_mounted>
10005462:	b910      	cbnz	r0, 1000546a <tud_cdc_n_write_flush+0x12>
10005464:	2000      	movs	r0, #0
10005466:	e8bd 81f0 	ldmia.w	sp!, {r4, r5, r6, r7, r8, pc}
1000546a:	f7ff f933 	bl	100046d4 <tud_suspended>
1000546e:	4605      	mov	r5, r0
10005470:	2800      	cmp	r0, #0
10005472:	d1f7      	bne.n	10005464 <tud_cdc_n_write_flush+0xc>
10005474:	26c8      	movs	r6, #200	@ 0xc8
10005476:	fb04 f606 	mul.w	r6, r4, r6
1000547a:	f8df 8064 	ldr.w	r8, [pc, #100]	@ 100054e0 <tud_cdc_n_write_flush+0x88>
1000547e:	f106 0724 	add.w	r7, r6, #36	@ 0x24
10005482:	4447      	add	r7, r8
10005484:	4638      	mov	r0, r7
10005486:	f000 fd17 	bl	10005eb8 <tu_fifo_count>
1000548a:	2800      	cmp	r0, #0
1000548c:	d0ea      	beq.n	10005464 <tud_cdc_n_write_flush+0xc>
1000548e:	44b0      	add	r8, r6
10005490:	4628      	mov	r0, r5
10005492:	f898 1002 	ldrb.w	r1, [r8, #2]
10005496:	f7ff fdd1 	bl	1000503c <usbd_edpt_claim>
1000549a:	2800      	cmp	r0, #0
1000549c:	d0e2      	beq.n	10005464 <tud_cdc_n_write_flush+0xc>
1000549e:	4e0f      	ldr	r6, [pc, #60]	@ (100054dc <tud_cdc_n_write_flush+0x84>)
100054a0:	4638      	mov	r0, r7
100054a2:	eb06 16c4 	add.w	r6, r6, r4, lsl #7
100054a6:	4631      	mov	r1, r6
100054a8:	2240      	movs	r2, #64	@ 0x40
100054aa:	f000 fd7b 	bl	10005fa4 <tu_fifo_read_n>
100054ae:	f898 1002 	ldrb.w	r1, [r8, #2]
100054b2:	4604      	mov	r4, r0
100054b4:	b168      	cbz	r0, 100054d2 <tud_cdc_n_write_flush+0x7a>
100054b6:	4603      	mov	r3, r0
100054b8:	4632      	mov	r2, r6
100054ba:	4628      	mov	r0, r5
100054bc:	f7ff fde2 	bl	10005084 <usbd_edpt_xfer>
100054c0:	b950      	cbnz	r0, 100054d8 <tud_cdc_n_write_flush+0x80>
100054c2:	f04f 23e0 	mov.w	r3, #3758153728	@ 0xe000e000
100054c6:	f8d3 3df0 	ldr.w	r3, [r3, #3568]	@ 0xdf0
100054ca:	07db      	lsls	r3, r3, #31
100054cc:	d5ca      	bpl.n	10005464 <tud_cdc_n_write_flush+0xc>
100054ce:	be00      	bkpt	0x0000
100054d0:	e7c8      	b.n	10005464 <tud_cdc_n_write_flush+0xc>
100054d2:	f7ff fdc5 	bl	10005060 <usbd_edpt_release>
100054d6:	e7c5      	b.n	10005464 <tud_cdc_n_write_flush+0xc>
100054d8:	4620      	mov	r0, r4
100054da:	e7c4      	b.n	10005466 <tud_cdc_n_write_flush+0xe>
100054dc:	20001ea4 	.word	0x20001ea4
100054e0:	20001ee8 	.word	0x20001ee8

100054e4 <tud_cdc_n_write>:
100054e4:	b538      	push	{r3, r4, r5, lr}
100054e6:	f64f 75ff 	movw	r5, #65535	@ 0xffff
100054ea:	23c8      	movs	r3, #200	@ 0xc8
100054ec:	42aa      	cmp	r2, r5
100054ee:	bf28      	it	cs
100054f0:	462a      	movcs	r2, r5
100054f2:	4c0b      	ldr	r4, [pc, #44]	@ (10005520 <tud_cdc_n_write+0x3c>)
100054f4:	b292      	uxth	r2, r2
100054f6:	fb03 4400 	mla	r4, r3, r0, r4
100054fa:	4605      	mov	r5, r0
100054fc:	4620      	mov	r0, r4
100054fe:	f000 fe0f 	bl	10006120 <tu_fifo_write_n>
10005502:	4603      	mov	r3, r0
10005504:	4620      	mov	r0, r4
10005506:	461c      	mov	r4, r3
10005508:	f000 fcd6 	bl	10005eb8 <tu_fifo_count>
1000550c:	283f      	cmp	r0, #63	@ 0x3f
1000550e:	d801      	bhi.n	10005514 <tud_cdc_n_write+0x30>
10005510:	4620      	mov	r0, r4
10005512:	bd38      	pop	{r3, r4, r5, pc}
10005514:	4628      	mov	r0, r5
10005516:	f7ff ff9f 	bl	10005458 <tud_cdc_n_write_flush>
1000551a:	4620      	mov	r0, r4
1000551c:	bd38      	pop	{r3, r4, r5, pc}
1000551e:	bf00      	nop
10005520:	20001f0c 	.word	0x20001f0c

10005524 <tud_cdc_n_write_available>:
10005524:	22c8      	movs	r2, #200	@ 0xc8
10005526:	b508      	push	{r3, lr}
10005528:	4b02      	ldr	r3, [pc, #8]	@ (10005534 <tud_cdc_n_write_available+0x10>)
1000552a:	fb02 3000 	mla	r0, r2, r0, r3
1000552e:	f000 fcdd 	bl	10005eec <tu_fifo_remaining>
10005532:	bd08      	pop	{r3, pc}
10005534:	20001f0c 	.word	0x20001f0c

10005538 <cdcd_init>:
10005538:	b5f0      	push	{r4, r5, r6, r7, lr}
1000553a:	2400      	movs	r4, #0
1000553c:	b083      	sub	sp, #12
1000553e:	22c8      	movs	r2, #200	@ 0xc8
10005540:	2100      	movs	r1, #0
10005542:	4817      	ldr	r0, [pc, #92]	@ (100055a0 <cdcd_init+0x68>)
10005544:	f003 fbda 	bl	10008cfc <memset>
10005548:	23ff      	movs	r3, #255	@ 0xff
1000554a:	f44f 31e1 	mov.w	r1, #115200	@ 0x1c200
1000554e:	2208      	movs	r2, #8
10005550:	4814      	ldr	r0, [pc, #80]	@ (100055a4 <cdcd_init+0x6c>)
10005552:	7004      	strb	r4, [r0, #0]
10005554:	4812      	ldr	r0, [pc, #72]	@ (100055a0 <cdcd_init+0x68>)
10005556:	9400      	str	r4, [sp, #0]
10005558:	4607      	mov	r7, r0
1000555a:	7143      	strb	r3, [r0, #5]
1000555c:	6081      	str	r1, [r0, #8]
1000555e:	7382      	strb	r2, [r0, #14]
10005560:	f100 0138 	add.w	r1, r0, #56	@ 0x38
10005564:	2301      	movs	r3, #1
10005566:	2240      	movs	r2, #64	@ 0x40
10005568:	3010      	adds	r0, #16
1000556a:	f000 fc75 	bl	10005e58 <tu_fifo_config>
1000556e:	2301      	movs	r3, #1
10005570:	2240      	movs	r2, #64	@ 0x40
10005572:	f107 0178 	add.w	r1, r7, #120	@ 0x78
10005576:	9300      	str	r3, [sp, #0]
10005578:	f107 06b8 	add.w	r6, r7, #184	@ 0xb8
1000557c:	f107 0024 	add.w	r0, r7, #36	@ 0x24
10005580:	f000 fc6a 	bl	10005e58 <tu_fifo_config>
10005584:	f107 05c0 	add.w	r5, r7, #192	@ 0xc0
10005588:	4630      	mov	r0, r6
1000558a:	f7fb fceb 	bl	10000f64 <mutex_init>
1000558e:	4628      	mov	r0, r5
10005590:	f7fb fce8 	bl	10000f64 <mutex_init>
10005594:	e9c7 4607 	strd	r4, r6, [r7, #28]
10005598:	e9c7 540c 	strd	r5, r4, [r7, #48]	@ 0x30
1000559c:	b003      	add	sp, #12
1000559e:	bdf0      	pop	{r4, r5, r6, r7, pc}
100055a0:	20001ee8 	.word	0x20001ee8
100055a4:	20001ee4 	.word	0x20001ee4

100055a8 <cdcd_deinit>:
100055a8:	4a0a      	ldr	r2, [pc, #40]	@ (100055d4 <cdcd_deinit+0x2c>)
100055aa:	6b11      	ldr	r1, [r2, #48]	@ 0x30
100055ac:	6a13      	ldr	r3, [r2, #32]
100055ae:	b161      	cbz	r1, 100055ca <cdcd_deinit+0x22>
100055b0:	b13b      	cbz	r3, 100055c2 <cdcd_deinit+0x1a>
100055b2:	2300      	movs	r3, #0
100055b4:	e9c2 330c 	strd	r3, r3, [r2, #48]	@ 0x30
100055b8:	61d3      	str	r3, [r2, #28]
100055ba:	2300      	movs	r3, #0
100055bc:	6213      	str	r3, [r2, #32]
100055be:	2001      	movs	r0, #1
100055c0:	4770      	bx	lr
100055c2:	2001      	movs	r0, #1
100055c4:	e9c2 330c 	strd	r3, r3, [r2, #48]	@ 0x30
100055c8:	4770      	bx	lr
100055ca:	2b00      	cmp	r3, #0
100055cc:	d0f7      	beq.n	100055be <cdcd_deinit+0x16>
100055ce:	61d1      	str	r1, [r2, #28]
100055d0:	e7f3      	b.n	100055ba <cdcd_deinit+0x12>
100055d2:	bf00      	nop
100055d4:	20001ee8 	.word	0x20001ee8

100055d8 <cdcd_reset>:
100055d8:	2200      	movs	r2, #0
100055da:	b510      	push	{r4, lr}
100055dc:	4c0e      	ldr	r4, [pc, #56]	@ (10005618 <cdcd_reset+0x40>)
100055de:	480f      	ldr	r0, [pc, #60]	@ (1000561c <cdcd_reset+0x44>)
100055e0:	7823      	ldrb	r3, [r4, #0]
100055e2:	6002      	str	r2, [r0, #0]
100055e4:	7102      	strb	r2, [r0, #4]
100055e6:	07da      	lsls	r2, r3, #31
100055e8:	d507      	bpl.n	100055fa <cdcd_reset+0x22>
100055ea:	079b      	lsls	r3, r3, #30
100055ec:	d50b      	bpl.n	10005606 <cdcd_reset+0x2e>
100055ee:	e8bd 4010 	ldmia.w	sp!, {r4, lr}
100055f2:	2101      	movs	r1, #1
100055f4:	480a      	ldr	r0, [pc, #40]	@ (10005620 <cdcd_reset+0x48>)
100055f6:	f000 be5d 	b.w	100062b4 <tu_fifo_set_overwritable>
100055fa:	3010      	adds	r0, #16
100055fc:	f000 fe3e 	bl	1000627c <tu_fifo_clear>
10005600:	7823      	ldrb	r3, [r4, #0]
10005602:	079b      	lsls	r3, r3, #30
10005604:	d4f3      	bmi.n	100055ee <cdcd_reset+0x16>
10005606:	4806      	ldr	r0, [pc, #24]	@ (10005620 <cdcd_reset+0x48>)
10005608:	f000 fe38 	bl	1000627c <tu_fifo_clear>
1000560c:	e8bd 4010 	ldmia.w	sp!, {r4, lr}
10005610:	2101      	movs	r1, #1
10005612:	4803      	ldr	r0, [pc, #12]	@ (10005620 <cdcd_reset+0x48>)
10005614:	f000 be4e 	b.w	100062b4 <tu_fifo_set_overwritable>
10005618:	20001ee4 	.word	0x20001ee4
1000561c:	20001ee8 	.word	0x20001ee8
10005620:	20001f0c 	.word	0x20001f0c

10005624 <cdcd_open>:
10005624:	b5f0      	push	{r4, r5, r6, r7, lr}
10005626:	794b      	ldrb	r3, [r1, #5]
10005628:	b083      	sub	sp, #12
1000562a:	2b02      	cmp	r3, #2
1000562c:	d102      	bne.n	10005634 <cdcd_open+0x10>
1000562e:	798b      	ldrb	r3, [r1, #6]
10005630:	2b02      	cmp	r3, #2
10005632:	d003      	beq.n	1000563c <cdcd_open+0x18>
10005634:	2500      	movs	r5, #0
10005636:	4628      	mov	r0, r5
10005638:	b003      	add	sp, #12
1000563a:	bdf0      	pop	{r4, r5, r6, r7, pc}
1000563c:	4f27      	ldr	r7, [pc, #156]	@ (100056dc <cdcd_open+0xb8>)
1000563e:	78bb      	ldrb	r3, [r7, #2]
10005640:	b13b      	cbz	r3, 10005652 <cdcd_open+0x2e>
10005642:	f04f 23e0 	mov.w	r3, #3758153728	@ 0xe000e000
10005646:	f8d3 3df0 	ldr.w	r3, [r3, #3568]	@ 0xdf0
1000564a:	07db      	lsls	r3, r3, #31
1000564c:	d5f2      	bpl.n	10005634 <cdcd_open+0x10>
1000564e:	be00      	bkpt	0x0000
10005650:	e7f0      	b.n	10005634 <cdcd_open+0x10>
10005652:	788b      	ldrb	r3, [r1, #2]
10005654:	4606      	mov	r6, r0
10005656:	703b      	strb	r3, [r7, #0]
10005658:	780b      	ldrb	r3, [r1, #0]
1000565a:	18cc      	adds	r4, r1, r3
1000565c:	7861      	ldrb	r1, [r4, #1]
1000565e:	2924      	cmp	r1, #36	@ 0x24
10005660:	bf08      	it	eq
10005662:	2509      	moveq	r5, #9
10005664:	d007      	beq.n	10005676 <cdcd_open+0x52>
10005666:	e036      	b.n	100056d6 <cdcd_open+0xb2>
10005668:	7823      	ldrb	r3, [r4, #0]
1000566a:	441c      	add	r4, r3
1000566c:	7861      	ldrb	r1, [r4, #1]
1000566e:	442b      	add	r3, r5
10005670:	2924      	cmp	r1, #36	@ 0x24
10005672:	b29d      	uxth	r5, r3
10005674:	d107      	bne.n	10005686 <cdcd_open+0x62>
10005676:	42aa      	cmp	r2, r5
10005678:	d2f6      	bcs.n	10005668 <cdcd_open+0x44>
1000567a:	2000      	movs	r0, #0
1000567c:	f7ff fe4a 	bl	10005314 <_prep_out_transaction.isra.0>
10005680:	4628      	mov	r0, r5
10005682:	b003      	add	sp, #12
10005684:	bdf0      	pop	{r4, r5, r6, r7, pc}
10005686:	460b      	mov	r3, r1
10005688:	2905      	cmp	r1, #5
1000568a:	d016      	beq.n	100056ba <cdcd_open+0x96>
1000568c:	2b04      	cmp	r3, #4
1000568e:	d1f4      	bne.n	1000567a <cdcd_open+0x56>
10005690:	7963      	ldrb	r3, [r4, #5]
10005692:	2b0a      	cmp	r3, #10
10005694:	d1f1      	bne.n	1000567a <cdcd_open+0x56>
10005696:	4b12      	ldr	r3, [pc, #72]	@ (100056e0 <cdcd_open+0xbc>)
10005698:	7827      	ldrb	r7, [r4, #0]
1000569a:	9301      	str	r3, [sp, #4]
1000569c:	3301      	adds	r3, #1
1000569e:	9300      	str	r3, [sp, #0]
100056a0:	2302      	movs	r3, #2
100056a2:	4630      	mov	r0, r6
100056a4:	461a      	mov	r2, r3
100056a6:	19e1      	adds	r1, r4, r7
100056a8:	f7ff fc58 	bl	10004f5c <usbd_open_edpt_pair>
100056ac:	2800      	cmp	r0, #0
100056ae:	d0c8      	beq.n	10005642 <cdcd_open+0x1e>
100056b0:	350e      	adds	r5, #14
100056b2:	fa17 f585 	uxtah	r5, r7, r5
100056b6:	b2ad      	uxth	r5, r5
100056b8:	e7df      	b.n	1000567a <cdcd_open+0x56>
100056ba:	4621      	mov	r1, r4
100056bc:	4630      	mov	r0, r6
100056be:	f7ff fc9b 	bl	10004ff8 <usbd_edpt_open>
100056c2:	2800      	cmp	r0, #0
100056c4:	d0bd      	beq.n	10005642 <cdcd_open+0x1e>
100056c6:	78a3      	ldrb	r3, [r4, #2]
100056c8:	707b      	strb	r3, [r7, #1]
100056ca:	7823      	ldrb	r3, [r4, #0]
100056cc:	195a      	adds	r2, r3, r5
100056ce:	441c      	add	r4, r3
100056d0:	7863      	ldrb	r3, [r4, #1]
100056d2:	b295      	uxth	r5, r2
100056d4:	e7da      	b.n	1000568c <cdcd_open+0x68>
100056d6:	460b      	mov	r3, r1
100056d8:	2509      	movs	r5, #9
100056da:	e7d5      	b.n	10005688 <cdcd_open+0x64>
100056dc:	20001ee8 	.word	0x20001ee8
100056e0:	20001eea 	.word	0x20001eea

100056e4 <cdcd_control_xfer_cb>:
100056e4:	7813      	ldrb	r3, [r2, #0]
100056e6:	f003 0360 	and.w	r3, r3, #96	@ 0x60
100056ea:	2b20      	cmp	r3, #32
100056ec:	d108      	bne.n	10005700 <cdcd_control_xfer_cb+0x1c>
100056ee:	b570      	push	{r4, r5, r6, lr}
100056f0:	4c26      	ldr	r4, [pc, #152]	@ (1000578c <cdcd_control_xfer_cb+0xa8>)
100056f2:	8893      	ldrh	r3, [r2, #4]
100056f4:	f894 c000 	ldrb.w	ip, [r4]
100056f8:	459c      	cmp	ip, r3
100056fa:	d003      	beq.n	10005704 <cdcd_control_xfer_cb+0x20>
100056fc:	2000      	movs	r0, #0
100056fe:	bd70      	pop	{r4, r5, r6, pc}
10005700:	2000      	movs	r0, #0
10005702:	4770      	bx	lr
10005704:	7853      	ldrb	r3, [r2, #1]
10005706:	3b20      	subs	r3, #32
10005708:	2b03      	cmp	r3, #3
1000570a:	d8f7      	bhi.n	100056fc <cdcd_control_xfer_cb+0x18>
1000570c:	e8df f003 	tbb	[pc, r3]
10005710:	020d2327 	.word	0x020d2327
10005714:	2901      	cmp	r1, #1
10005716:	d02e      	beq.n	10005776 <cdcd_control_xfer_cb+0x92>
10005718:	2903      	cmp	r1, #3
1000571a:	d11e      	bne.n	1000575a <cdcd_control_xfer_cb+0x76>
1000571c:	4b1c      	ldr	r3, [pc, #112]	@ (10005790 <cdcd_control_xfer_cb+0xac>)
1000571e:	b1e3      	cbz	r3, 1000575a <cdcd_control_xfer_cb+0x76>
10005720:	2000      	movs	r0, #0
10005722:	8851      	ldrh	r1, [r2, #2]
10005724:	f3af 8000 	nop.w
10005728:	e017      	b.n	1000575a <cdcd_control_xfer_cb+0x76>
1000572a:	2901      	cmp	r1, #1
1000572c:	d023      	beq.n	10005776 <cdcd_control_xfer_cb+0x92>
1000572e:	2903      	cmp	r1, #3
10005730:	d113      	bne.n	1000575a <cdcd_control_xfer_cb+0x76>
10005732:	8855      	ldrh	r5, [r2, #2]
10005734:	4817      	ldr	r0, [pc, #92]	@ (10005794 <cdcd_control_xfer_cb+0xb0>)
10005736:	f005 0601 	and.w	r6, r5, #1
1000573a:	f086 0101 	eor.w	r1, r6, #1
1000573e:	7125      	strb	r5, [r4, #4]
10005740:	f000 fdb8 	bl	100062b4 <tu_fifo_set_overwritable>
10005744:	4b14      	ldr	r3, [pc, #80]	@ (10005798 <cdcd_control_xfer_cb+0xb4>)
10005746:	b143      	cbz	r3, 1000575a <cdcd_control_xfer_cb+0x76>
10005748:	4631      	mov	r1, r6
1000574a:	2000      	movs	r0, #0
1000574c:	f3c5 0240 	ubfx	r2, r5, #1, #1
10005750:	f3af 8000 	nop.w
10005754:	e001      	b.n	1000575a <cdcd_control_xfer_cb+0x76>
10005756:	2901      	cmp	r1, #1
10005758:	d011      	beq.n	1000577e <cdcd_control_xfer_cb+0x9a>
1000575a:	2001      	movs	r0, #1
1000575c:	bd70      	pop	{r4, r5, r6, pc}
1000575e:	2901      	cmp	r1, #1
10005760:	d00d      	beq.n	1000577e <cdcd_control_xfer_cb+0x9a>
10005762:	2903      	cmp	r1, #3
10005764:	d1f9      	bne.n	1000575a <cdcd_control_xfer_cb+0x76>
10005766:	4b0d      	ldr	r3, [pc, #52]	@ (1000579c <cdcd_control_xfer_cb+0xb8>)
10005768:	2b00      	cmp	r3, #0
1000576a:	d0f6      	beq.n	1000575a <cdcd_control_xfer_cb+0x76>
1000576c:	2000      	movs	r0, #0
1000576e:	490c      	ldr	r1, [pc, #48]	@ (100057a0 <cdcd_control_xfer_cb+0xbc>)
10005770:	f7fe faac 	bl	10003ccc <tud_cdc_line_coding_cb>
10005774:	e7f1      	b.n	1000575a <cdcd_control_xfer_cb+0x76>
10005776:	4611      	mov	r1, r2
10005778:	f7ff fcbc 	bl	100050f4 <tud_control_status>
1000577c:	e7ed      	b.n	1000575a <cdcd_control_xfer_cb+0x76>
1000577e:	4611      	mov	r1, r2
10005780:	2307      	movs	r3, #7
10005782:	4a07      	ldr	r2, [pc, #28]	@ (100057a0 <cdcd_control_xfer_cb+0xbc>)
10005784:	f7ff fcd0 	bl	10005128 <tud_control_xfer>
10005788:	e7e7      	b.n	1000575a <cdcd_control_xfer_cb+0x76>
1000578a:	bf00      	nop
1000578c:	20001ee8 	.word	0x20001ee8
10005790:	00000000 	.word	0x00000000
10005794:	20001f0c 	.word	0x20001f0c
10005798:	00000000 	.word	0x00000000
1000579c:	10003ccd 	.word	0x10003ccd
100057a0:	20001ef0 	.word	0x20001ef0

100057a4 <cdcd_xfer_cb>:
100057a4:	e92d 43f8 	stmdb	sp!, {r3, r4, r5, r6, r7, r8, r9, lr}
100057a8:	4e35      	ldr	r6, [pc, #212]	@ (10005880 <cdcd_xfer_cb+0xdc>)
100057aa:	460c      	mov	r4, r1
100057ac:	78f2      	ldrb	r2, [r6, #3]
100057ae:	4607      	mov	r7, r0
100057b0:	428a      	cmp	r2, r1
100057b2:	461d      	mov	r5, r3
100057b4:	d03d      	beq.n	10005832 <cdcd_xfer_cb+0x8e>
100057b6:	78b3      	ldrb	r3, [r6, #2]
100057b8:	428b      	cmp	r3, r1
100057ba:	d012      	beq.n	100057e2 <cdcd_xfer_cb+0x3e>
100057bc:	f04f 23e0 	mov.w	r3, #3758153728	@ 0xe000e000
100057c0:	f8d3 3df0 	ldr.w	r3, [r3, #3568]	@ 0xdf0
100057c4:	07db      	lsls	r3, r3, #31
100057c6:	d432      	bmi.n	1000582e <cdcd_xfer_cb+0x8a>
100057c8:	2000      	movs	r0, #0
100057ca:	e8bd 83f8 	ldmia.w	sp!, {r3, r4, r5, r6, r7, r8, r9, pc}
100057ce:	4b2d      	ldr	r3, [pc, #180]	@ (10005884 <cdcd_xfer_cb+0xe0>)
100057d0:	b123      	cbz	r3, 100057dc <cdcd_xfer_cb+0x38>
100057d2:	482d      	ldr	r0, [pc, #180]	@ (10005888 <cdcd_xfer_cb+0xe4>)
100057d4:	f000 fb80 	bl	10005ed8 <tu_fifo_empty>
100057d8:	2800      	cmp	r0, #0
100057da:	d04d      	beq.n	10005878 <cdcd_xfer_cb+0xd4>
100057dc:	2000      	movs	r0, #0
100057de:	f7ff fd99 	bl	10005314 <_prep_out_transaction.isra.0>
100057e2:	78b3      	ldrb	r3, [r6, #2]
100057e4:	42a3      	cmp	r3, r4
100057e6:	d001      	beq.n	100057ec <cdcd_xfer_cb+0x48>
100057e8:	2001      	movs	r0, #1
100057ea:	e7ee      	b.n	100057ca <cdcd_xfer_cb+0x26>
100057ec:	4b27      	ldr	r3, [pc, #156]	@ (1000588c <cdcd_xfer_cb+0xe8>)
100057ee:	b113      	cbz	r3, 100057f6 <cdcd_xfer_cb+0x52>
100057f0:	2000      	movs	r0, #0
100057f2:	f3af 8000 	nop.w
100057f6:	2000      	movs	r0, #0
100057f8:	f7ff fe2e 	bl	10005458 <tud_cdc_n_write_flush>
100057fc:	2800      	cmp	r0, #0
100057fe:	d1f3      	bne.n	100057e8 <cdcd_xfer_cb+0x44>
10005800:	4823      	ldr	r0, [pc, #140]	@ (10005890 <cdcd_xfer_cb+0xec>)
10005802:	f000 fb59 	bl	10005eb8 <tu_fifo_count>
10005806:	2800      	cmp	r0, #0
10005808:	d1ee      	bne.n	100057e8 <cdcd_xfer_cb+0x44>
1000580a:	2d00      	cmp	r5, #0
1000580c:	d0ec      	beq.n	100057e8 <cdcd_xfer_cb+0x44>
1000580e:	f015 053f 	ands.w	r5, r5, #63	@ 0x3f
10005812:	d1e9      	bne.n	100057e8 <cdcd_xfer_cb+0x44>
10005814:	4638      	mov	r0, r7
10005816:	78b1      	ldrb	r1, [r6, #2]
10005818:	f7ff fc10 	bl	1000503c <usbd_edpt_claim>
1000581c:	2800      	cmp	r0, #0
1000581e:	d0e3      	beq.n	100057e8 <cdcd_xfer_cb+0x44>
10005820:	462b      	mov	r3, r5
10005822:	462a      	mov	r2, r5
10005824:	4638      	mov	r0, r7
10005826:	78b1      	ldrb	r1, [r6, #2]
10005828:	f7ff fc2c 	bl	10005084 <usbd_edpt_xfer>
1000582c:	e7dc      	b.n	100057e8 <cdcd_xfer_cb+0x44>
1000582e:	be00      	bkpt	0x0000
10005830:	e7ca      	b.n	100057c8 <cdcd_xfer_cb+0x24>
10005832:	b29a      	uxth	r2, r3
10005834:	4917      	ldr	r1, [pc, #92]	@ (10005894 <cdcd_xfer_cb+0xf0>)
10005836:	f106 0010 	add.w	r0, r6, #16
1000583a:	f000 fc71 	bl	10006120 <tu_fifo_write_n>
1000583e:	4b16      	ldr	r3, [pc, #88]	@ (10005898 <cdcd_xfer_cb+0xf4>)
10005840:	2b00      	cmp	r3, #0
10005842:	d0c4      	beq.n	100057ce <cdcd_xfer_cb+0x2a>
10005844:	7973      	ldrb	r3, [r6, #5]
10005846:	2bff      	cmp	r3, #255	@ 0xff
10005848:	d0c1      	beq.n	100057ce <cdcd_xfer_cb+0x2a>
1000584a:	2d00      	cmp	r5, #0
1000584c:	d0bf      	beq.n	100057ce <cdcd_xfer_cb+0x2a>
1000584e:	f8df 8044 	ldr.w	r8, [pc, #68]	@ 10005894 <cdcd_xfer_cb+0xf0>
10005852:	eb08 0905 	add.w	r9, r8, r5
10005856:	e002      	b.n	1000585e <cdcd_xfer_cb+0xba>
10005858:	45c8      	cmp	r8, r9
1000585a:	d0b8      	beq.n	100057ce <cdcd_xfer_cb+0x2a>
1000585c:	7973      	ldrb	r3, [r6, #5]
1000585e:	f818 2b01 	ldrb.w	r2, [r8], #1
10005862:	429a      	cmp	r2, r3
10005864:	d1f8      	bne.n	10005858 <cdcd_xfer_cb+0xb4>
10005866:	4808      	ldr	r0, [pc, #32]	@ (10005888 <cdcd_xfer_cb+0xe4>)
10005868:	f000 fb36 	bl	10005ed8 <tu_fifo_empty>
1000586c:	2800      	cmp	r0, #0
1000586e:	d1f3      	bne.n	10005858 <cdcd_xfer_cb+0xb4>
10005870:	7971      	ldrb	r1, [r6, #5]
10005872:	f3af 8000 	nop.w
10005876:	e7ef      	b.n	10005858 <cdcd_xfer_cb+0xb4>
10005878:	f3af 8000 	nop.w
1000587c:	e7ae      	b.n	100057dc <cdcd_xfer_cb+0x38>
1000587e:	bf00      	nop
10005880:	20001ee8 	.word	0x20001ee8
10005884:	00000000 	.word	0x00000000
10005888:	20001ef8 	.word	0x20001ef8
1000588c:	00000000 	.word	0x00000000
10005890:	20001f0c 	.word	0x20001f0c
10005894:	20001e64 	.word	0x20001e64
10005898:	00000000 	.word	0x00000000

1000589c <vendord_init>:
1000589c:	b5f0      	push	{r4, r5, r6, r7, lr}
1000589e:	f44f 7213 	mov.w	r2, #588	@ 0x24c
100058a2:	b085      	sub	sp, #20
100058a4:	2100      	movs	r1, #0
100058a6:	4812      	ldr	r0, [pc, #72]	@ (100058f0 <vendord_init+0x54>)
100058a8:	f003 fa28 	bl	10008cfc <memset>
100058ac:	2640      	movs	r6, #64	@ 0x40
100058ae:	2300      	movs	r3, #0
100058b0:	f44f 7580 	mov.w	r5, #256	@ 0x100
100058b4:	4f0e      	ldr	r7, [pc, #56]	@ (100058f0 <vendord_init+0x54>)
100058b6:	4c0f      	ldr	r4, [pc, #60]	@ (100058f4 <vendord_init+0x58>)
100058b8:	f507 72a6 	add.w	r2, r7, #332	@ 0x14c
100058bc:	4619      	mov	r1, r3
100058be:	e9cd 4602 	strd	r4, r6, [sp, #8]
100058c2:	9200      	str	r2, [sp, #0]
100058c4:	9501      	str	r5, [sp, #4]
100058c6:	461a      	mov	r2, r3
100058c8:	f507 7094 	add.w	r0, r7, #296	@ 0x128
100058cc:	f000 f9c6 	bl	10005c5c <tu_edpt_stream_init>
100058d0:	2300      	movs	r3, #0
100058d2:	4638      	mov	r0, r7
100058d4:	f107 0128 	add.w	r1, r7, #40	@ 0x28
100058d8:	4434      	add	r4, r6
100058da:	9100      	str	r1, [sp, #0]
100058dc:	2201      	movs	r2, #1
100058de:	4619      	mov	r1, r3
100058e0:	e9cd 4602 	strd	r4, r6, [sp, #8]
100058e4:	9501      	str	r5, [sp, #4]
100058e6:	3004      	adds	r0, #4
100058e8:	f000 f9b8 	bl	10005c5c <tu_edpt_stream_init>
100058ec:	b005      	add	sp, #20
100058ee:	bdf0      	pop	{r4, r5, r6, r7, pc}
100058f0:	200021cc 	.word	0x200021cc
100058f4:	2000214c 	.word	0x2000214c

100058f8 <vendord_deinit>:
100058f8:	b508      	push	{r3, lr}
100058fa:	4805      	ldr	r0, [pc, #20]	@ (10005910 <vendord_deinit+0x18>)
100058fc:	f000 f9da 	bl	10005cb4 <tu_edpt_stream_deinit>
10005900:	4b03      	ldr	r3, [pc, #12]	@ (10005910 <vendord_deinit+0x18>)
10005902:	f5a3 7092 	sub.w	r0, r3, #292	@ 0x124
10005906:	f000 f9d5 	bl	10005cb4 <tu_edpt_stream_deinit>
1000590a:	2001      	movs	r0, #1
1000590c:	bd08      	pop	{r3, pc}
1000590e:	bf00      	nop
10005910:	200022f4 	.word	0x200022f4

10005914 <vendord_reset>:
10005914:	b538      	push	{r3, r4, r5, lr}
10005916:	2500      	movs	r5, #0
10005918:	4c06      	ldr	r4, [pc, #24]	@ (10005934 <vendord_reset+0x20>)
1000591a:	f504 7098 	add.w	r0, r4, #304	@ 0x130
1000591e:	7025      	strb	r5, [r4, #0]
10005920:	f000 fcac 	bl	1000627c <tu_fifo_clear>
10005924:	f104 000c 	add.w	r0, r4, #12
10005928:	f000 fca8 	bl	1000627c <tu_fifo_clear>
1000592c:	f884 5129 	strb.w	r5, [r4, #297]	@ 0x129
10005930:	7165      	strb	r5, [r4, #5]
10005932:	bd38      	pop	{r3, r4, r5, pc}
10005934:	200021cc 	.word	0x200021cc

10005938 <vendord_open>:
10005938:	e92d 43f8 	stmdb	sp!, {r3, r4, r5, r6, r7, r8, r9, lr}
1000593c:	794b      	ldrb	r3, [r1, #5]
1000593e:	2bff      	cmp	r3, #255	@ 0xff
10005940:	d151      	bne.n	100059e6 <vendord_open+0xae>
10005942:	4e35      	ldr	r6, [pc, #212]	@ (10005a18 <vendord_open+0xe0>)
10005944:	f896 3129 	ldrb.w	r3, [r6, #297]	@ 0x129
10005948:	2b00      	cmp	r3, #0
1000594a:	d14c      	bne.n	100059e6 <vendord_open+0xae>
1000594c:	f896 8005 	ldrb.w	r8, [r6, #5]
10005950:	f1b8 0f00 	cmp.w	r8, #0
10005954:	d147      	bne.n	100059e6 <vendord_open+0xae>
10005956:	788b      	ldrb	r3, [r1, #2]
10005958:	780c      	ldrb	r4, [r1, #0]
1000595a:	7033      	strb	r3, [r6, #0]
1000595c:	790b      	ldrb	r3, [r1, #4]
1000595e:	460f      	mov	r7, r1
10005960:	440c      	add	r4, r1
10005962:	b3ab      	cbz	r3, 100059d0 <vendord_open+0x98>
10005964:	4681      	mov	r9, r0
10005966:	18a5      	adds	r5, r4, r2
10005968:	e003      	b.n	10005972 <vendord_open+0x3a>
1000596a:	42a5      	cmp	r5, r4
1000596c:	d930      	bls.n	100059d0 <vendord_open+0x98>
1000596e:	7823      	ldrb	r3, [r4, #0]
10005970:	441c      	add	r4, r3
10005972:	7863      	ldrb	r3, [r4, #1]
10005974:	2b05      	cmp	r3, #5
10005976:	d1f8      	bne.n	1000596a <vendord_open+0x32>
10005978:	42ac      	cmp	r4, r5
1000597a:	d229      	bcs.n	100059d0 <vendord_open+0x98>
1000597c:	4621      	mov	r1, r4
1000597e:	4648      	mov	r0, r9
10005980:	f7ff fb3a 	bl	10004ff8 <usbd_edpt_open>
10005984:	b340      	cbz	r0, 100059d8 <vendord_open+0xa0>
10005986:	78a3      	ldrb	r3, [r4, #2]
10005988:	09db      	lsrs	r3, r3, #7
1000598a:	d12f      	bne.n	100059ec <vendord_open+0xb4>
1000598c:	4823      	ldr	r0, [pc, #140]	@ (10005a1c <vendord_open+0xe4>)
1000598e:	f000 fc75 	bl	1000627c <tu_fifo_clear>
10005992:	78a3      	ldrb	r3, [r4, #2]
10005994:	f896 2128 	ldrb.w	r2, [r6, #296]	@ 0x128
10005998:	f886 3129 	strb.w	r3, [r6, #297]	@ 0x129
1000599c:	88a3      	ldrh	r3, [r4, #4]
1000599e:	4648      	mov	r0, r9
100059a0:	f3c3 030a 	ubfx	r3, r3, #0, #11
100059a4:	f5a3 7300 	sub.w	r3, r3, #512	@ 0x200
100059a8:	fab3 f383 	clz	r3, r3
100059ac:	095b      	lsrs	r3, r3, #5
100059ae:	f363 0241 	bfi	r2, r3, #1, #1
100059b2:	491b      	ldr	r1, [pc, #108]	@ (10005a20 <vendord_open+0xe8>)
100059b4:	f886 2128 	strb.w	r2, [r6, #296]	@ 0x128
100059b8:	f000 f9ea 	bl	10005d90 <tu_edpt_stream_read_xfer>
100059bc:	b160      	cbz	r0, 100059d8 <vendord_open+0xa0>
100059be:	7823      	ldrb	r3, [r4, #0]
100059c0:	793a      	ldrb	r2, [r7, #4]
100059c2:	f108 0801 	add.w	r8, r8, #1
100059c6:	441c      	add	r4, r3
100059c8:	fa5f f388 	uxtb.w	r3, r8
100059cc:	429a      	cmp	r2, r3
100059ce:	d8d0      	bhi.n	10005972 <vendord_open+0x3a>
100059d0:	1be1      	subs	r1, r4, r7
100059d2:	b288      	uxth	r0, r1
100059d4:	e8bd 83f8 	ldmia.w	sp!, {r3, r4, r5, r6, r7, r8, r9, pc}
100059d8:	f04f 23e0 	mov.w	r3, #3758153728	@ 0xe000e000
100059dc:	f8d3 3df0 	ldr.w	r3, [r3, #3568]	@ 0xdf0
100059e0:	07db      	lsls	r3, r3, #31
100059e2:	d500      	bpl.n	100059e6 <vendord_open+0xae>
100059e4:	be00      	bkpt	0x0000
100059e6:	2000      	movs	r0, #0
100059e8:	e8bd 83f8 	ldmia.w	sp!, {r3, r4, r5, r6, r7, r8, r9, pc}
100059ec:	480d      	ldr	r0, [pc, #52]	@ (10005a24 <vendord_open+0xec>)
100059ee:	f000 fc45 	bl	1000627c <tu_fifo_clear>
100059f2:	78a3      	ldrb	r3, [r4, #2]
100059f4:	7932      	ldrb	r2, [r6, #4]
100059f6:	7173      	strb	r3, [r6, #5]
100059f8:	88a3      	ldrh	r3, [r4, #4]
100059fa:	490b      	ldr	r1, [pc, #44]	@ (10005a28 <vendord_open+0xf0>)
100059fc:	f3c3 030a 	ubfx	r3, r3, #0, #11
10005a00:	f5a3 7300 	sub.w	r3, r3, #512	@ 0x200
10005a04:	fab3 f383 	clz	r3, r3
10005a08:	095b      	lsrs	r3, r3, #5
10005a0a:	f363 0241 	bfi	r2, r3, #1, #1
10005a0e:	2000      	movs	r0, #0
10005a10:	7132      	strb	r2, [r6, #4]
10005a12:	f000 f985 	bl	10005d20 <tu_edpt_stream_write_xfer>
10005a16:	e7d2      	b.n	100059be <vendord_open+0x86>
10005a18:	200021cc 	.word	0x200021cc
10005a1c:	200022fc 	.word	0x200022fc
10005a20:	200022f4 	.word	0x200022f4
10005a24:	200021d8 	.word	0x200021d8
10005a28:	200021d0 	.word	0x200021d0

10005a2c <vendord_xfer_cb>:
10005a2c:	b570      	push	{r4, r5, r6, lr}
10005a2e:	4c1b      	ldr	r4, [pc, #108]	@ (10005a9c <vendord_xfer_cb+0x70>)
10005a30:	4606      	mov	r6, r0
10005a32:	f894 c129 	ldrb.w	ip, [r4, #297]	@ 0x129
10005a36:	461d      	mov	r5, r3
10005a38:	458c      	cmp	ip, r1
10005a3a:	d011      	beq.n	10005a60 <vendord_xfer_cb+0x34>
10005a3c:	7963      	ldrb	r3, [r4, #5]
10005a3e:	428b      	cmp	r3, r1
10005a40:	d001      	beq.n	10005a46 <vendord_xfer_cb+0x1a>
10005a42:	2000      	movs	r0, #0
10005a44:	bd70      	pop	{r4, r5, r6, pc}
10005a46:	4b16      	ldr	r3, [pc, #88]	@ (10005aa0 <vendord_xfer_cb+0x74>)
10005a48:	b11b      	cbz	r3, 10005a52 <vendord_xfer_cb+0x26>
10005a4a:	2000      	movs	r0, #0
10005a4c:	b2a9      	uxth	r1, r5
10005a4e:	f3af 8000 	nop.w
10005a52:	4630      	mov	r0, r6
10005a54:	4913      	ldr	r1, [pc, #76]	@ (10005aa4 <vendord_xfer_cb+0x78>)
10005a56:	f000 f963 	bl	10005d20 <tu_edpt_stream_write_xfer>
10005a5a:	b1c8      	cbz	r0, 10005a90 <vendord_xfer_cb+0x64>
10005a5c:	2001      	movs	r0, #1
10005a5e:	bd70      	pop	{r4, r5, r6, pc}
10005a60:	f8b4 3134 	ldrh.w	r3, [r4, #308]	@ 0x134
10005a64:	b963      	cbnz	r3, 10005a80 <vendord_xfer_cb+0x54>
10005a66:	4b10      	ldr	r3, [pc, #64]	@ (10005aa8 <vendord_xfer_cb+0x7c>)
10005a68:	b123      	cbz	r3, 10005a74 <vendord_xfer_cb+0x48>
10005a6a:	2000      	movs	r0, #0
10005a6c:	490f      	ldr	r1, [pc, #60]	@ (10005aac <vendord_xfer_cb+0x80>)
10005a6e:	b2aa      	uxth	r2, r5
10005a70:	f3af 8000 	nop.w
10005a74:	4630      	mov	r0, r6
10005a76:	490e      	ldr	r1, [pc, #56]	@ (10005ab0 <vendord_xfer_cb+0x84>)
10005a78:	f000 f98a 	bl	10005d90 <tu_edpt_stream_read_xfer>
10005a7c:	2001      	movs	r0, #1
10005a7e:	e7ee      	b.n	10005a5e <vendord_xfer_cb+0x32>
10005a80:	f8d4 112c 	ldr.w	r1, [r4, #300]	@ 0x12c
10005a84:	b2aa      	uxth	r2, r5
10005a86:	f504 7098 	add.w	r0, r4, #304	@ 0x130
10005a8a:	f000 fb49 	bl	10006120 <tu_fifo_write_n>
10005a8e:	e7ea      	b.n	10005a66 <vendord_xfer_cb+0x3a>
10005a90:	462a      	mov	r2, r5
10005a92:	4630      	mov	r0, r6
10005a94:	4903      	ldr	r1, [pc, #12]	@ (10005aa4 <vendord_xfer_cb+0x78>)
10005a96:	f000 f90f 	bl	10005cb8 <tu_edpt_stream_write_zlp_if_needed>
10005a9a:	e7df      	b.n	10005a5c <vendord_xfer_cb+0x30>
10005a9c:	200021cc 	.word	0x200021cc
10005aa0:	00000000 	.word	0x00000000
10005aa4:	200021d0 	.word	0x200021d0
10005aa8:	00000000 	.word	0x00000000
10005aac:	2000214c 	.word	0x2000214c
10005ab0:	200022f4 	.word	0x200022f4

10005ab4 <tusb_rhport_init>:
10005ab4:	b510      	push	{r4, lr}
10005ab6:	b082      	sub	sp, #8
10005ab8:	b1c9      	cbz	r1, 10005aee <tusb_rhport_init+0x3a>
10005aba:	2801      	cmp	r0, #1
10005abc:	d80c      	bhi.n	10005ad8 <tusb_rhport_init+0x24>
10005abe:	780b      	ldrb	r3, [r1, #0]
10005ac0:	b153      	cbz	r3, 10005ad8 <tusb_rhport_init+0x24>
10005ac2:	4c14      	ldr	r4, [pc, #80]	@ (10005b14 <tusb_rhport_init+0x60>)
10005ac4:	2b01      	cmp	r3, #1
10005ac6:	5423      	strb	r3, [r4, r0]
10005ac8:	d002      	beq.n	10005ad0 <tusb_rhport_init+0x1c>
10005aca:	2001      	movs	r0, #1
10005acc:	b002      	add	sp, #8
10005ace:	bd10      	pop	{r4, pc}
10005ad0:	f7fe fe08 	bl	100046e4 <tud_rhport_init>
10005ad4:	2800      	cmp	r0, #0
10005ad6:	d1f8      	bne.n	10005aca <tusb_rhport_init+0x16>
10005ad8:	f04f 23e0 	mov.w	r3, #3758153728	@ 0xe000e000
10005adc:	f8d3 3df0 	ldr.w	r3, [r3, #3568]	@ 0xdf0
10005ae0:	07db      	lsls	r3, r3, #31
10005ae2:	d402      	bmi.n	10005aea <tusb_rhport_init+0x36>
10005ae4:	2000      	movs	r0, #0
10005ae6:	b002      	add	sp, #8
10005ae8:	bd10      	pop	{r4, pc}
10005aea:	be00      	bkpt	0x0000
10005aec:	e7fa      	b.n	10005ae4 <tusb_rhport_init+0x30>
10005aee:	2401      	movs	r4, #1
10005af0:	4608      	mov	r0, r1
10005af2:	a901      	add	r1, sp, #4
10005af4:	f8ad 4004 	strh.w	r4, [sp, #4]
10005af8:	f7fe fdf4 	bl	100046e4 <tud_rhport_init>
10005afc:	b938      	cbnz	r0, 10005b0e <tusb_rhport_init+0x5a>
10005afe:	f04f 23e0 	mov.w	r3, #3758153728	@ 0xe000e000
10005b02:	f8d3 3df0 	ldr.w	r3, [r3, #3568]	@ 0xdf0
10005b06:	07da      	lsls	r2, r3, #31
10005b08:	d5ed      	bpl.n	10005ae6 <tusb_rhport_init+0x32>
10005b0a:	be00      	bkpt	0x0000
10005b0c:	e7eb      	b.n	10005ae6 <tusb_rhport_init+0x32>
10005b0e:	4b01      	ldr	r3, [pc, #4]	@ (10005b14 <tusb_rhport_init+0x60>)
10005b10:	701c      	strb	r4, [r3, #0]
10005b12:	e7e8      	b.n	10005ae6 <tusb_rhport_init+0x32>
10005b14:	20002024 	.word	0x20002024

10005b18 <tu_edpt_claim>:
10005b18:	b5f8      	push	{r3, r4, r5, r6, r7, lr}
10005b1a:	7803      	ldrb	r3, [r0, #0]
10005b1c:	f013 0401 	ands.w	r4, r3, #1
10005b20:	d11a      	bne.n	10005b58 <tu_edpt_claim+0x40>
10005b22:	7803      	ldrb	r3, [r0, #0]
10005b24:	4605      	mov	r5, r0
10005b26:	075a      	lsls	r2, r3, #29
10005b28:	f3c3 0780 	ubfx	r7, r3, #2, #1
10005b2c:	d501      	bpl.n	10005b32 <tu_edpt_claim+0x1a>
10005b2e:	4620      	mov	r0, r4
10005b30:	bdf8      	pop	{r3, r4, r5, r6, r7, pc}
10005b32:	460e      	mov	r6, r1
10005b34:	f04f 31ff 	mov.w	r1, #4294967295
10005b38:	4630      	mov	r0, r6
10005b3a:	f003 fb4d 	bl	100091d8 <__mutex_enter_timeout_ms_veneer>
10005b3e:	782b      	ldrb	r3, [r5, #0]
10005b40:	f013 0401 	ands.w	r4, r3, #1
10005b44:	d10b      	bne.n	10005b5e <tu_edpt_claim+0x46>
10005b46:	782b      	ldrb	r3, [r5, #0]
10005b48:	075b      	lsls	r3, r3, #29
10005b4a:	d409      	bmi.n	10005b60 <tu_edpt_claim+0x48>
10005b4c:	782b      	ldrb	r3, [r5, #0]
10005b4e:	2401      	movs	r4, #1
10005b50:	f043 0304 	orr.w	r3, r3, #4
10005b54:	702b      	strb	r3, [r5, #0]
10005b56:	e003      	b.n	10005b60 <tu_edpt_claim+0x48>
10005b58:	2400      	movs	r4, #0
10005b5a:	4620      	mov	r0, r4
10005b5c:	bdf8      	pop	{r3, r4, r5, r6, r7, pc}
10005b5e:	463c      	mov	r4, r7
10005b60:	4630      	mov	r0, r6
10005b62:	f003 fb49 	bl	100091f8 <__mutex_exit_veneer>
10005b66:	4620      	mov	r0, r4
10005b68:	bdf8      	pop	{r3, r4, r5, r6, r7, pc}
10005b6a:	bf00      	nop

10005b6c <tu_edpt_release>:
10005b6c:	b570      	push	{r4, r5, r6, lr}
10005b6e:	460c      	mov	r4, r1
10005b70:	4605      	mov	r5, r0
10005b72:	f04f 31ff 	mov.w	r1, #4294967295
10005b76:	4620      	mov	r0, r4
10005b78:	f003 fb2e 	bl	100091d8 <__mutex_enter_timeout_ms_veneer>
10005b7c:	782b      	ldrb	r3, [r5, #0]
10005b7e:	f3c3 0680 	ubfx	r6, r3, #2, #1
10005b82:	075b      	lsls	r3, r3, #29
10005b84:	d508      	bpl.n	10005b98 <tu_edpt_release+0x2c>
10005b86:	782b      	ldrb	r3, [r5, #0]
10005b88:	f013 0301 	ands.w	r3, r3, #1
10005b8c:	bf11      	iteee	ne
10005b8e:	2600      	movne	r6, #0
10005b90:	782a      	ldrbeq	r2, [r5, #0]
10005b92:	f363 0282 	bfieq	r2, r3, #2, #1
10005b96:	702a      	strbeq	r2, [r5, #0]
10005b98:	4620      	mov	r0, r4
10005b9a:	f003 fb2d 	bl	100091f8 <__mutex_exit_veneer>
10005b9e:	4630      	mov	r0, r6
10005ba0:	bd70      	pop	{r4, r5, r6, pc}
10005ba2:	bf00      	nop

10005ba4 <tu_edpt_validate>:
10005ba4:	78c3      	ldrb	r3, [r0, #3]
10005ba6:	8882      	ldrh	r2, [r0, #4]
10005ba8:	f003 0003 	and.w	r0, r3, #3
10005bac:	2802      	cmp	r0, #2
10005bae:	f3c2 020a 	ubfx	r2, r2, #0, #11
10005bb2:	d015      	beq.n	10005be0 <tu_edpt_validate+0x3c>
10005bb4:	2803      	cmp	r0, #3
10005bb6:	d00a      	beq.n	10005bce <tu_edpt_validate+0x2a>
10005bb8:	2801      	cmp	r0, #1
10005bba:	d11c      	bne.n	10005bf6 <tu_edpt_validate+0x52>
10005bbc:	2902      	cmp	r1, #2
10005bbe:	f240 33ff 	movw	r3, #1023	@ 0x3ff
10005bc2:	bf08      	it	eq
10005bc4:	f44f 6380 	moveq.w	r3, #1024	@ 0x400
10005bc8:	4293      	cmp	r3, r2
10005bca:	d30d      	bcc.n	10005be8 <tu_edpt_validate+0x44>
10005bcc:	4770      	bx	lr
10005bce:	2902      	cmp	r1, #2
10005bd0:	bf14      	ite	ne
10005bd2:	2340      	movne	r3, #64	@ 0x40
10005bd4:	f44f 6380 	moveq.w	r3, #1024	@ 0x400
10005bd8:	4293      	cmp	r3, r2
10005bda:	d305      	bcc.n	10005be8 <tu_edpt_validate+0x44>
10005bdc:	2001      	movs	r0, #1
10005bde:	4770      	bx	lr
10005be0:	2902      	cmp	r1, #2
10005be2:	d00a      	beq.n	10005bfa <tu_edpt_validate+0x56>
10005be4:	2a40      	cmp	r2, #64	@ 0x40
10005be6:	d9f9      	bls.n	10005bdc <tu_edpt_validate+0x38>
10005be8:	f04f 23e0 	mov.w	r3, #3758153728	@ 0xe000e000
10005bec:	f8d3 3df0 	ldr.w	r3, [r3, #3568]	@ 0xdf0
10005bf0:	07db      	lsls	r3, r3, #31
10005bf2:	d500      	bpl.n	10005bf6 <tu_edpt_validate+0x52>
10005bf4:	be00      	bkpt	0x0000
10005bf6:	2000      	movs	r0, #0
10005bf8:	4770      	bx	lr
10005bfa:	f5b2 7f00 	cmp.w	r2, #512	@ 0x200
10005bfe:	d0ed      	beq.n	10005bdc <tu_edpt_validate+0x38>
10005c00:	e7f2      	b.n	10005be8 <tu_edpt_validate+0x44>
10005c02:	bf00      	nop

10005c04 <tu_edpt_bind_driver>:
10005c04:	440a      	add	r2, r1
10005c06:	4291      	cmp	r1, r2
10005c08:	d226      	bcs.n	10005c58 <tu_edpt_bind_driver+0x54>
10005c0a:	f891 c001 	ldrb.w	ip, [r1, #1]
10005c0e:	f1bc 0f05 	cmp.w	ip, #5
10005c12:	d005      	beq.n	10005c20 <tu_edpt_bind_driver+0x1c>
10005c14:	f891 c000 	ldrb.w	ip, [r1]
10005c18:	4461      	add	r1, ip
10005c1a:	428a      	cmp	r2, r1
10005c1c:	d8f5      	bhi.n	10005c0a <tu_edpt_bind_driver+0x6>
10005c1e:	4770      	bx	lr
10005c20:	b500      	push	{lr}
10005c22:	f891 c002 	ldrb.w	ip, [r1, #2]
10005c26:	f00c 0e7f 	and.w	lr, ip, #127	@ 0x7f
10005c2a:	eb00 0e4e 	add.w	lr, r0, lr, lsl #1
10005c2e:	ea4f 1cdc 	mov.w	ip, ip, lsr #7
10005c32:	f80e 300c 	strb.w	r3, [lr, ip]
10005c36:	f891 c000 	ldrb.w	ip, [r1]
10005c3a:	4461      	add	r1, ip
10005c3c:	428a      	cmp	r2, r1
10005c3e:	d909      	bls.n	10005c54 <tu_edpt_bind_driver+0x50>
10005c40:	f891 c001 	ldrb.w	ip, [r1, #1]
10005c44:	f1bc 0f05 	cmp.w	ip, #5
10005c48:	d0eb      	beq.n	10005c22 <tu_edpt_bind_driver+0x1e>
10005c4a:	f891 c000 	ldrb.w	ip, [r1]
10005c4e:	4461      	add	r1, ip
10005c50:	428a      	cmp	r2, r1
10005c52:	d8f5      	bhi.n	10005c40 <tu_edpt_bind_driver+0x3c>
10005c54:	f85d fb04 	ldr.w	pc, [sp], #4
10005c58:	4770      	bx	lr
10005c5a:	bf00      	nop

10005c5c <tu_edpt_stream_init>:
10005c5c:	e92d 41f0 	stmdb	sp!, {r4, r5, r6, r7, r8, lr}
10005c60:	468e      	mov	lr, r1
10005c62:	b082      	sub	sp, #8
10005c64:	9300      	str	r3, [sp, #0]
10005c66:	f890 c000 	ldrb.w	ip, [r0]
10005c6a:	9e08      	ldr	r6, [sp, #32]
10005c6c:	f8bd 7024 	ldrh.w	r7, [sp, #36]	@ 0x24
10005c70:	f36e 0c00 	bfi	ip, lr, #0, #1
10005c74:	4604      	mov	r4, r0
10005c76:	4615      	mov	r5, r2
10005c78:	2301      	movs	r3, #1
10005c7a:	4631      	mov	r1, r6
10005c7c:	463a      	mov	r2, r7
10005c7e:	f800 cb08 	strb.w	ip, [r0], #8
10005c82:	f8bd 802c 	ldrh.w	r8, [sp, #44]	@ 0x2c
10005c86:	f000 f8e7 	bl	10005e58 <tu_fifo_config>
10005c8a:	b106      	cbz	r6, 10005c8e <tu_edpt_stream_init+0x32>
10005c8c:	b93f      	cbnz	r7, 10005c9e <tu_edpt_stream_init+0x42>
10005c8e:	2001      	movs	r0, #1
10005c90:	9b0a      	ldr	r3, [sp, #40]	@ 0x28
10005c92:	f8a4 8002 	strh.w	r8, [r4, #2]
10005c96:	6063      	str	r3, [r4, #4]
10005c98:	b002      	add	sp, #8
10005c9a:	e8bd 81f0 	ldmia.w	sp!, {r4, r5, r6, r7, r8, pc}
10005c9e:	f104 061c 	add.w	r6, r4, #28
10005ca2:	4630      	mov	r0, r6
10005ca4:	f7fb f95e 	bl	10000f64 <mutex_init>
10005ca8:	b10d      	cbz	r5, 10005cae <tu_edpt_stream_init+0x52>
10005caa:	4635      	mov	r5, r6
10005cac:	2600      	movs	r6, #0
10005cae:	e9c4 5605 	strd	r5, r6, [r4, #20]
10005cb2:	e7ec      	b.n	10005c8e <tu_edpt_stream_init+0x32>

10005cb4 <tu_edpt_stream_deinit>:
10005cb4:	2001      	movs	r0, #1
10005cb6:	4770      	bx	lr

10005cb8 <tu_edpt_stream_write_zlp_if_needed>:
10005cb8:	b5f8      	push	{r3, r4, r5, r6, r7, lr}
10005cba:	4607      	mov	r7, r0
10005cbc:	4608      	mov	r0, r1
10005cbe:	f240 13ff 	movw	r3, #511	@ 0x1ff
10005cc2:	4615      	mov	r5, r2
10005cc4:	f810 2b08 	ldrb.w	r2, [r0], #8
10005cc8:	460c      	mov	r4, r1
10005cca:	f012 0f02 	tst.w	r2, #2
10005cce:	bf0c      	ite	eq
10005cd0:	263f      	moveq	r6, #63	@ 0x3f
10005cd2:	461e      	movne	r6, r3
10005cd4:	f000 f8f0 	bl	10005eb8 <tu_fifo_count>
10005cd8:	b928      	cbnz	r0, 10005ce6 <tu_edpt_stream_write_zlp_if_needed+0x2e>
10005cda:	b125      	cbz	r5, 10005ce6 <tu_edpt_stream_write_zlp_if_needed+0x2e>
10005cdc:	422e      	tst	r6, r5
10005cde:	d102      	bne.n	10005ce6 <tu_edpt_stream_write_zlp_if_needed+0x2e>
10005ce0:	7823      	ldrb	r3, [r4, #0]
10005ce2:	07da      	lsls	r2, r3, #31
10005ce4:	d501      	bpl.n	10005cea <tu_edpt_stream_write_zlp_if_needed+0x32>
10005ce6:	2000      	movs	r0, #0
10005ce8:	bdf8      	pop	{r3, r4, r5, r6, r7, pc}
10005cea:	4638      	mov	r0, r7
10005cec:	7861      	ldrb	r1, [r4, #1]
10005cee:	f7ff f9a5 	bl	1000503c <usbd_edpt_claim>
10005cf2:	2800      	cmp	r0, #0
10005cf4:	d0f7      	beq.n	10005ce6 <tu_edpt_stream_write_zlp_if_needed+0x2e>
10005cf6:	7823      	ldrb	r3, [r4, #0]
10005cf8:	f013 0301 	ands.w	r3, r3, #1
10005cfc:	d007      	beq.n	10005d0e <tu_edpt_stream_write_zlp_if_needed+0x56>
10005cfe:	f04f 23e0 	mov.w	r3, #3758153728	@ 0xe000e000
10005d02:	f8d3 3df0 	ldr.w	r3, [r3, #3568]	@ 0xdf0
10005d06:	07db      	lsls	r3, r3, #31
10005d08:	d5ed      	bpl.n	10005ce6 <tu_edpt_stream_write_zlp_if_needed+0x2e>
10005d0a:	be00      	bkpt	0x0000
10005d0c:	e7eb      	b.n	10005ce6 <tu_edpt_stream_write_zlp_if_needed+0x2e>
10005d0e:	461a      	mov	r2, r3
10005d10:	4638      	mov	r0, r7
10005d12:	7861      	ldrb	r1, [r4, #1]
10005d14:	f7ff f9b6 	bl	10005084 <usbd_edpt_xfer>
10005d18:	2800      	cmp	r0, #0
10005d1a:	d0f0      	beq.n	10005cfe <tu_edpt_stream_write_zlp_if_needed+0x46>
10005d1c:	bdf8      	pop	{r3, r4, r5, r6, r7, pc}
10005d1e:	bf00      	nop

10005d20 <tu_edpt_stream_write_xfer>:
10005d20:	b570      	push	{r4, r5, r6, lr}
10005d22:	f101 0508 	add.w	r5, r1, #8
10005d26:	4606      	mov	r6, r0
10005d28:	4628      	mov	r0, r5
10005d2a:	460c      	mov	r4, r1
10005d2c:	f000 f8c4 	bl	10005eb8 <tu_fifo_count>
10005d30:	b110      	cbz	r0, 10005d38 <tu_edpt_stream_write_xfer+0x18>
10005d32:	7823      	ldrb	r3, [r4, #0]
10005d34:	07da      	lsls	r2, r3, #31
10005d36:	d501      	bpl.n	10005d3c <tu_edpt_stream_write_xfer+0x1c>
10005d38:	2000      	movs	r0, #0
10005d3a:	bd70      	pop	{r4, r5, r6, pc}
10005d3c:	4630      	mov	r0, r6
10005d3e:	7861      	ldrb	r1, [r4, #1]
10005d40:	f7ff f97c 	bl	1000503c <usbd_edpt_claim>
10005d44:	2800      	cmp	r0, #0
10005d46:	d0f7      	beq.n	10005d38 <tu_edpt_stream_write_xfer+0x18>
10005d48:	4628      	mov	r0, r5
10005d4a:	8862      	ldrh	r2, [r4, #2]
10005d4c:	6861      	ldr	r1, [r4, #4]
10005d4e:	f000 f929 	bl	10005fa4 <tu_fifo_read_n>
10005d52:	7823      	ldrb	r3, [r4, #0]
10005d54:	4605      	mov	r5, r0
10005d56:	f003 0301 	and.w	r3, r3, #1
10005d5a:	b140      	cbz	r0, 10005d6e <tu_edpt_stream_write_xfer+0x4e>
10005d5c:	b173      	cbz	r3, 10005d7c <tu_edpt_stream_write_xfer+0x5c>
10005d5e:	f04f 23e0 	mov.w	r3, #3758153728	@ 0xe000e000
10005d62:	f8d3 3df0 	ldr.w	r3, [r3, #3568]	@ 0xdf0
10005d66:	07db      	lsls	r3, r3, #31
10005d68:	d5e6      	bpl.n	10005d38 <tu_edpt_stream_write_xfer+0x18>
10005d6a:	be00      	bkpt	0x0000
10005d6c:	e7e4      	b.n	10005d38 <tu_edpt_stream_write_xfer+0x18>
10005d6e:	2b00      	cmp	r3, #0
10005d70:	d1e2      	bne.n	10005d38 <tu_edpt_stream_write_xfer+0x18>
10005d72:	4630      	mov	r0, r6
10005d74:	7861      	ldrb	r1, [r4, #1]
10005d76:	f7ff f973 	bl	10005060 <usbd_edpt_release>
10005d7a:	e7dd      	b.n	10005d38 <tu_edpt_stream_write_xfer+0x18>
10005d7c:	4603      	mov	r3, r0
10005d7e:	6862      	ldr	r2, [r4, #4]
10005d80:	4630      	mov	r0, r6
10005d82:	7861      	ldrb	r1, [r4, #1]
10005d84:	f7ff f97e 	bl	10005084 <usbd_edpt_xfer>
10005d88:	2800      	cmp	r0, #0
10005d8a:	d0e8      	beq.n	10005d5e <tu_edpt_stream_write_xfer+0x3e>
10005d8c:	4628      	mov	r0, r5
10005d8e:	bd70      	pop	{r4, r5, r6, pc}

10005d90 <tu_edpt_stream_read_xfer>:
10005d90:	898a      	ldrh	r2, [r1, #12]
10005d92:	e92d 41f0 	stmdb	sp!, {r4, r5, r6, r7, r8, lr}
10005d96:	780b      	ldrb	r3, [r1, #0]
10005d98:	460c      	mov	r4, r1
10005d9a:	4606      	mov	r6, r0
10005d9c:	b922      	cbnz	r2, 10005da8 <tu_edpt_stream_read_xfer+0x18>
10005d9e:	07dd      	lsls	r5, r3, #31
10005da0:	d534      	bpl.n	10005e0c <tu_edpt_stream_read_xfer+0x7c>
10005da2:	2000      	movs	r0, #0
10005da4:	e8bd 81f0 	ldmia.w	sp!, {r4, r5, r6, r7, r8, pc}
10005da8:	f104 0708 	add.w	r7, r4, #8
10005dac:	0799      	lsls	r1, r3, #30
10005dae:	4638      	mov	r0, r7
10005db0:	bf47      	ittee	mi
10005db2:	f44f 487e 	movmi.w	r8, #65024	@ 0xfe00
10005db6:	f44f 7500 	movmi.w	r5, #512	@ 0x200
10005dba:	f64f 78c0 	movwpl	r8, #65472	@ 0xffc0
10005dbe:	2540      	movpl	r5, #64	@ 0x40
10005dc0:	f000 f894 	bl	10005eec <tu_fifo_remaining>
10005dc4:	4285      	cmp	r5, r0
10005dc6:	d8ec      	bhi.n	10005da2 <tu_edpt_stream_read_xfer+0x12>
10005dc8:	7823      	ldrb	r3, [r4, #0]
10005dca:	07da      	lsls	r2, r3, #31
10005dcc:	d4e9      	bmi.n	10005da2 <tu_edpt_stream_read_xfer+0x12>
10005dce:	4630      	mov	r0, r6
10005dd0:	7861      	ldrb	r1, [r4, #1]
10005dd2:	f7ff f933 	bl	1000503c <usbd_edpt_claim>
10005dd6:	2800      	cmp	r0, #0
10005dd8:	d0e3      	beq.n	10005da2 <tu_edpt_stream_read_xfer+0x12>
10005dda:	4638      	mov	r0, r7
10005ddc:	f000 f886 	bl	10005eec <tu_fifo_remaining>
10005de0:	7823      	ldrb	r3, [r4, #0]
10005de2:	4285      	cmp	r5, r0
10005de4:	f003 0301 	and.w	r3, r3, #1
10005de8:	d82d      	bhi.n	10005e46 <tu_edpt_stream_read_xfer+0xb6>
10005dea:	b9bb      	cbnz	r3, 10005e1c <tu_edpt_stream_read_xfer+0x8c>
10005dec:	8865      	ldrh	r5, [r4, #2]
10005dee:	ea08 0800 	and.w	r8, r8, r0
10005df2:	4545      	cmp	r5, r8
10005df4:	bf28      	it	cs
10005df6:	4645      	movcs	r5, r8
10005df8:	7861      	ldrb	r1, [r4, #1]
10005dfa:	b35d      	cbz	r5, 10005e54 <tu_edpt_stream_read_xfer+0xc4>
10005dfc:	6862      	ldr	r2, [r4, #4]
10005dfe:	462b      	mov	r3, r5
10005e00:	4630      	mov	r0, r6
10005e02:	f7ff f93f 	bl	10005084 <usbd_edpt_xfer>
10005e06:	b148      	cbz	r0, 10005e1c <tu_edpt_stream_read_xfer+0x8c>
10005e08:	4628      	mov	r0, r5
10005e0a:	e7cb      	b.n	10005da4 <tu_edpt_stream_read_xfer+0x14>
10005e0c:	7849      	ldrb	r1, [r1, #1]
10005e0e:	f7ff f915 	bl	1000503c <usbd_edpt_claim>
10005e12:	2800      	cmp	r0, #0
10005e14:	d0c5      	beq.n	10005da2 <tu_edpt_stream_read_xfer+0x12>
10005e16:	7823      	ldrb	r3, [r4, #0]
10005e18:	07d8      	lsls	r0, r3, #31
10005e1a:	d507      	bpl.n	10005e2c <tu_edpt_stream_read_xfer+0x9c>
10005e1c:	f04f 23e0 	mov.w	r3, #3758153728	@ 0xe000e000
10005e20:	f8d3 3df0 	ldr.w	r3, [r3, #3568]	@ 0xdf0
10005e24:	07db      	lsls	r3, r3, #31
10005e26:	d5bc      	bpl.n	10005da2 <tu_edpt_stream_read_xfer+0x12>
10005e28:	be00      	bkpt	0x0000
10005e2a:	e7ba      	b.n	10005da2 <tu_edpt_stream_read_xfer+0x12>
10005e2c:	8863      	ldrh	r3, [r4, #2]
10005e2e:	7861      	ldrb	r1, [r4, #1]
10005e30:	b13b      	cbz	r3, 10005e42 <tu_edpt_stream_read_xfer+0xb2>
10005e32:	6862      	ldr	r2, [r4, #4]
10005e34:	4630      	mov	r0, r6
10005e36:	f7ff f925 	bl	10005084 <usbd_edpt_xfer>
10005e3a:	2800      	cmp	r0, #0
10005e3c:	d0ee      	beq.n	10005e1c <tu_edpt_stream_read_xfer+0x8c>
10005e3e:	8860      	ldrh	r0, [r4, #2]
10005e40:	e7b0      	b.n	10005da4 <tu_edpt_stream_read_xfer+0x14>
10005e42:	461a      	mov	r2, r3
10005e44:	e7f6      	b.n	10005e34 <tu_edpt_stream_read_xfer+0xa4>
10005e46:	2b00      	cmp	r3, #0
10005e48:	d1ab      	bne.n	10005da2 <tu_edpt_stream_read_xfer+0x12>
10005e4a:	4630      	mov	r0, r6
10005e4c:	7861      	ldrb	r1, [r4, #1]
10005e4e:	f7ff f907 	bl	10005060 <usbd_edpt_release>
10005e52:	e7a6      	b.n	10005da2 <tu_edpt_stream_read_xfer+0x12>
10005e54:	462a      	mov	r2, r5
10005e56:	e7d2      	b.n	10005dfe <tu_edpt_stream_read_xfer+0x6e>

10005e58 <tu_fifo_config>:
10005e58:	e92d 41f0 	stmdb	sp!, {r4, r5, r6, r7, r8, lr}
10005e5c:	f5b2 4f00 	cmp.w	r2, #32768	@ 0x8000
10005e60:	f89d 8018 	ldrb.w	r8, [sp, #24]
10005e64:	d824      	bhi.n	10005eb0 <tu_fifo_config+0x58>
10005e66:	4604      	mov	r4, r0
10005e68:	68c0      	ldr	r0, [r0, #12]
10005e6a:	4617      	mov	r7, r2
10005e6c:	460e      	mov	r6, r1
10005e6e:	461d      	mov	r5, r3
10005e70:	b118      	cbz	r0, 10005e7a <tu_fifo_config+0x22>
10005e72:	f04f 31ff 	mov.w	r1, #4294967295
10005e76:	f003 f9af 	bl	100091d8 <__mutex_enter_timeout_ms_veneer>
10005e7a:	6920      	ldr	r0, [r4, #16]
10005e7c:	b118      	cbz	r0, 10005e86 <tu_fifo_config+0x2e>
10005e7e:	f04f 31ff 	mov.w	r1, #4294967295
10005e82:	f003 f9a9 	bl	100091d8 <__mutex_enter_timeout_ms_veneer>
10005e86:	2200      	movs	r2, #0
10005e88:	f3c5 030e 	ubfx	r3, r5, #0, #15
10005e8c:	68e0      	ldr	r0, [r4, #12]
10005e8e:	ea43 33c8 	orr.w	r3, r3, r8, lsl #15
10005e92:	8162      	strh	r2, [r4, #10]
10005e94:	6026      	str	r6, [r4, #0]
10005e96:	80a7      	strh	r7, [r4, #4]
10005e98:	80e3      	strh	r3, [r4, #6]
10005e9a:	8122      	strh	r2, [r4, #8]
10005e9c:	b108      	cbz	r0, 10005ea2 <tu_fifo_config+0x4a>
10005e9e:	f003 f9ab 	bl	100091f8 <__mutex_exit_veneer>
10005ea2:	6920      	ldr	r0, [r4, #16]
10005ea4:	b108      	cbz	r0, 10005eaa <tu_fifo_config+0x52>
10005ea6:	f003 f9a7 	bl	100091f8 <__mutex_exit_veneer>
10005eaa:	2001      	movs	r0, #1
10005eac:	e8bd 81f0 	ldmia.w	sp!, {r4, r5, r6, r7, r8, pc}
10005eb0:	2000      	movs	r0, #0
10005eb2:	e8bd 81f0 	ldmia.w	sp!, {r4, r5, r6, r7, r8, pc}
10005eb6:	bf00      	nop

10005eb8 <tu_fifo_count>:
10005eb8:	8903      	ldrh	r3, [r0, #8]
10005eba:	8942      	ldrh	r2, [r0, #10]
10005ebc:	b29b      	uxth	r3, r3
10005ebe:	b292      	uxth	r2, r2
10005ec0:	8880      	ldrh	r0, [r0, #4]
10005ec2:	4293      	cmp	r3, r2
10005ec4:	bf36      	itet	cc
10005ec6:	ebc2 0240 	rsbcc	r2, r2, r0, lsl #1
10005eca:	1a9b      	subcs	r3, r3, r2
10005ecc:	189b      	addcc	r3, r3, r2
10005ece:	b29b      	uxth	r3, r3
10005ed0:	4298      	cmp	r0, r3
10005ed2:	bf28      	it	cs
10005ed4:	4618      	movcs	r0, r3
10005ed6:	4770      	bx	lr

10005ed8 <tu_fifo_empty>:
10005ed8:	8902      	ldrh	r2, [r0, #8]
10005eda:	8943      	ldrh	r3, [r0, #10]
10005edc:	b290      	uxth	r0, r2
10005ede:	b29b      	uxth	r3, r3
10005ee0:	1ac0      	subs	r0, r0, r3
10005ee2:	fab0 f080 	clz	r0, r0
10005ee6:	0940      	lsrs	r0, r0, #5
10005ee8:	4770      	bx	lr
10005eea:	bf00      	nop

10005eec <tu_fifo_remaining>:
10005eec:	8903      	ldrh	r3, [r0, #8]
10005eee:	8942      	ldrh	r2, [r0, #10]
10005ef0:	b29b      	uxth	r3, r3
10005ef2:	8880      	ldrh	r0, [r0, #4]
10005ef4:	b292      	uxth	r2, r2
10005ef6:	4293      	cmp	r3, r2
10005ef8:	bf36      	itet	cc
10005efa:	ebc2 0240 	rsbcc	r2, r2, r0, lsl #1
10005efe:	1a9b      	subcs	r3, r3, r2
10005f00:	189b      	addcc	r3, r3, r2
10005f02:	b29b      	uxth	r3, r3
10005f04:	4298      	cmp	r0, r3
10005f06:	bf86      	itte	hi
10005f08:	1ac0      	subhi	r0, r0, r3
10005f0a:	b280      	uxthhi	r0, r0
10005f0c:	2000      	movls	r0, #0
10005f0e:	4770      	bx	lr

10005f10 <tu_fifo_read>:
10005f10:	b538      	push	{r3, r4, r5, lr}
10005f12:	4604      	mov	r4, r0
10005f14:	6900      	ldr	r0, [r0, #16]
10005f16:	460d      	mov	r5, r1
10005f18:	b118      	cbz	r0, 10005f22 <tu_fifo_read+0x12>
10005f1a:	f04f 31ff 	mov.w	r1, #4294967295
10005f1e:	f003 f95b 	bl	100091d8 <__mutex_enter_timeout_ms_veneer>
10005f22:	8921      	ldrh	r1, [r4, #8]
10005f24:	8963      	ldrh	r3, [r4, #10]
10005f26:	b289      	uxth	r1, r1
10005f28:	b29b      	uxth	r3, r3
10005f2a:	88a2      	ldrh	r2, [r4, #4]
10005f2c:	4299      	cmp	r1, r3
10005f2e:	bf36      	itet	cc
10005f30:	ebc3 0042 	rsbcc	r0, r3, r2, lsl #1
10005f34:	1ac8      	subcs	r0, r1, r3
10005f36:	1840      	addcc	r0, r0, r1
10005f38:	b280      	uxth	r0, r0
10005f3a:	b350      	cbz	r0, 10005f92 <tu_fifo_read+0x82>
10005f3c:	4282      	cmp	r2, r0
10005f3e:	d209      	bcs.n	10005f54 <tu_fifo_read+0x44>
10005f40:	4291      	cmp	r1, r2
10005f42:	bf2c      	ite	cs
10005f44:	1a89      	subcs	r1, r1, r2
10005f46:	1889      	addcc	r1, r1, r2
10005f48:	b28b      	uxth	r3, r1
10005f4a:	429a      	cmp	r2, r3
10005f4c:	8163      	strh	r3, [r4, #10]
10005f4e:	d803      	bhi.n	10005f58 <tu_fifo_read+0x48>
10005f50:	1a9b      	subs	r3, r3, r2
10005f52:	b29b      	uxth	r3, r3
10005f54:	429a      	cmp	r2, r3
10005f56:	d9fb      	bls.n	10005f50 <tu_fifo_read+0x40>
10005f58:	88e2      	ldrh	r2, [r4, #6]
10005f5a:	6821      	ldr	r1, [r4, #0]
10005f5c:	f3c2 020e 	ubfx	r2, r2, #0, #15
10005f60:	fb02 1103 	mla	r1, r2, r3, r1
10005f64:	4628      	mov	r0, r5
10005f66:	f002 ff41 	bl	10008dec <memcpy>
10005f6a:	8961      	ldrh	r1, [r4, #10]
10005f6c:	2501      	movs	r5, #1
10005f6e:	b289      	uxth	r1, r1
10005f70:	1c4b      	adds	r3, r1, #1
10005f72:	b29b      	uxth	r3, r3
10005f74:	4299      	cmp	r1, r3
10005f76:	88a2      	ldrh	r2, [r4, #4]
10005f78:	d90e      	bls.n	10005f98 <tu_fifo_read+0x88>
10005f7a:	2300      	movs	r3, #0
10005f7c:	fa02 f105 	lsl.w	r1, r2, r5
10005f80:	1a5b      	subs	r3, r3, r1
10005f82:	b29b      	uxth	r3, r3
10005f84:	6920      	ldr	r0, [r4, #16]
10005f86:	8163      	strh	r3, [r4, #10]
10005f88:	b108      	cbz	r0, 10005f8e <tu_fifo_read+0x7e>
10005f8a:	f003 f935 	bl	100091f8 <__mutex_exit_veneer>
10005f8e:	4628      	mov	r0, r5
10005f90:	bd38      	pop	{r3, r4, r5, pc}
10005f92:	4605      	mov	r5, r0
10005f94:	8963      	ldrh	r3, [r4, #10]
10005f96:	b29b      	uxth	r3, r3
10005f98:	ebb3 0f42 	cmp.w	r3, r2, lsl #1
10005f9c:	ea4f 0142 	mov.w	r1, r2, lsl #1
10005fa0:	dbf0      	blt.n	10005f84 <tu_fifo_read+0x74>
10005fa2:	e7ed      	b.n	10005f80 <tu_fifo_read+0x70>

10005fa4 <tu_fifo_read_n>:
10005fa4:	e92d 47f0 	stmdb	sp!, {r4, r5, r6, r7, r8, r9, sl, lr}
10005fa8:	4606      	mov	r6, r0
10005faa:	6900      	ldr	r0, [r0, #16]
10005fac:	4688      	mov	r8, r1
10005fae:	4691      	mov	r9, r2
10005fb0:	b118      	cbz	r0, 10005fba <tu_fifo_read_n+0x16>
10005fb2:	f04f 31ff 	mov.w	r1, #4294967295
10005fb6:	f003 f90f 	bl	100091d8 <__mutex_enter_timeout_ms_veneer>
10005fba:	8933      	ldrh	r3, [r6, #8]
10005fbc:	8974      	ldrh	r4, [r6, #10]
10005fbe:	b29b      	uxth	r3, r3
10005fc0:	b2a4      	uxth	r4, r4
10005fc2:	88b5      	ldrh	r5, [r6, #4]
10005fc4:	42a3      	cmp	r3, r4
10005fc6:	bf36      	itet	cc
10005fc8:	ebc4 0745 	rsbcc	r7, r4, r5, lsl #1
10005fcc:	1b1f      	subcs	r7, r3, r4
10005fce:	18ff      	addcc	r7, r7, r3
10005fd0:	b2bf      	uxth	r7, r7
10005fd2:	2f00      	cmp	r7, #0
10005fd4:	d04a      	beq.n	1000606c <tu_fifo_read_n+0xc8>
10005fd6:	42bd      	cmp	r5, r7
10005fd8:	d340      	bcc.n	1000605c <tu_fifo_read_n+0xb8>
10005fda:	45b9      	cmp	r9, r7
10005fdc:	bf28      	it	cs
10005fde:	46b9      	movcs	r9, r7
10005fe0:	42a5      	cmp	r5, r4
10005fe2:	fa1f f789 	uxth.w	r7, r9
10005fe6:	d803      	bhi.n	10005ff0 <tu_fifo_read_n+0x4c>
10005fe8:	1b64      	subs	r4, r4, r5
10005fea:	b2a4      	uxth	r4, r4
10005fec:	42a5      	cmp	r5, r4
10005fee:	d9fb      	bls.n	10005fe8 <tu_fifo_read_n+0x44>
10005ff0:	f8b6 a006 	ldrh.w	sl, [r6, #6]
10005ff4:	1b2b      	subs	r3, r5, r4
10005ff6:	6831      	ldr	r1, [r6, #0]
10005ff8:	b29b      	uxth	r3, r3
10005ffa:	f3ca 020e 	ubfx	r2, sl, #0, #15
10005ffe:	429f      	cmp	r7, r3
10006000:	4692      	mov	sl, r2
10006002:	fb02 1104 	mla	r1, r2, r4, r1
10006006:	d923      	bls.n	10006050 <tu_fifo_read_n+0xac>
10006008:	fb13 f302 	smulbb	r3, r3, r2
1000600c:	fa1f f983 	uxth.w	r9, r3
10006010:	464a      	mov	r2, r9
10006012:	4640      	mov	r0, r8
10006014:	1b7d      	subs	r5, r7, r5
10006016:	f002 fee9 	bl	10008dec <memcpy>
1000601a:	1962      	adds	r2, r4, r5
1000601c:	fb12 f20a 	smulbb	r2, r2, sl
10006020:	6831      	ldr	r1, [r6, #0]
10006022:	eb08 0009 	add.w	r0, r8, r9
10006026:	b292      	uxth	r2, r2
10006028:	f002 fee0 	bl	10008dec <memcpy>
1000602c:	8972      	ldrh	r2, [r6, #10]
1000602e:	88b5      	ldrh	r5, [r6, #4]
10006030:	b292      	uxth	r2, r2
10006032:	19d3      	adds	r3, r2, r7
10006034:	b29b      	uxth	r3, r3
10006036:	429a      	cmp	r2, r3
10006038:	d91a      	bls.n	10006070 <tu_fifo_read_n+0xcc>
1000603a:	006a      	lsls	r2, r5, #1
1000603c:	1a9b      	subs	r3, r3, r2
1000603e:	b29b      	uxth	r3, r3
10006040:	6930      	ldr	r0, [r6, #16]
10006042:	8173      	strh	r3, [r6, #10]
10006044:	b108      	cbz	r0, 1000604a <tu_fifo_read_n+0xa6>
10006046:	f003 f8d7 	bl	100091f8 <__mutex_exit_veneer>
1000604a:	4638      	mov	r0, r7
1000604c:	e8bd 87f0 	ldmia.w	sp!, {r4, r5, r6, r7, r8, r9, sl, pc}
10006050:	4640      	mov	r0, r8
10006052:	fb07 f202 	mul.w	r2, r7, r2
10006056:	f002 fec9 	bl	10008dec <memcpy>
1000605a:	e7e7      	b.n	1000602c <tu_fifo_read_n+0x88>
1000605c:	42ab      	cmp	r3, r5
1000605e:	bf2c      	ite	cs
10006060:	1b5b      	subcs	r3, r3, r5
10006062:	195b      	addcc	r3, r3, r5
10006064:	b29c      	uxth	r4, r3
10006066:	462f      	mov	r7, r5
10006068:	8174      	strh	r4, [r6, #10]
1000606a:	e7b6      	b.n	10005fda <tu_fifo_read_n+0x36>
1000606c:	8973      	ldrh	r3, [r6, #10]
1000606e:	b29b      	uxth	r3, r3
10006070:	ebb3 0f45 	cmp.w	r3, r5, lsl #1
10006074:	ea4f 0245 	mov.w	r2, r5, lsl #1
10006078:	dbe2      	blt.n	10006040 <tu_fifo_read_n+0x9c>
1000607a:	e7df      	b.n	1000603c <tu_fifo_read_n+0x98>

1000607c <tu_fifo_write>:
1000607c:	b5f8      	push	{r3, r4, r5, r6, r7, lr}
1000607e:	4604      	mov	r4, r0
10006080:	68c0      	ldr	r0, [r0, #12]
10006082:	460e      	mov	r6, r1
10006084:	b118      	cbz	r0, 1000608e <tu_fifo_write+0x12>
10006086:	f04f 31ff 	mov.w	r1, #4294967295
1000608a:	f003 f8a5 	bl	100091d8 <__mutex_enter_timeout_ms_veneer>
1000608e:	8925      	ldrh	r5, [r4, #8]
10006090:	8923      	ldrh	r3, [r4, #8]
10006092:	8961      	ldrh	r1, [r4, #10]
10006094:	b29b      	uxth	r3, r3
10006096:	b289      	uxth	r1, r1
10006098:	88a2      	ldrh	r2, [r4, #4]
1000609a:	428b      	cmp	r3, r1
1000609c:	bf36      	itet	cc
1000609e:	ebc1 0142 	rsbcc	r1, r1, r2, lsl #1
100060a2:	1a5b      	subcs	r3, r3, r1
100060a4:	185b      	addcc	r3, r3, r1
100060a6:	b29b      	uxth	r3, r3
100060a8:	429a      	cmp	r2, r3
100060aa:	b2ad      	uxth	r5, r5
100060ac:	d808      	bhi.n	100060c0 <tu_fifo_write+0x44>
100060ae:	79e7      	ldrb	r7, [r4, #7]
100060b0:	09ff      	lsrs	r7, r7, #7
100060b2:	d105      	bne.n	100060c0 <tu_fifo_write+0x44>
100060b4:	68e0      	ldr	r0, [r4, #12]
100060b6:	b108      	cbz	r0, 100060bc <tu_fifo_write+0x40>
100060b8:	f003 f89e 	bl	100091f8 <__mutex_exit_veneer>
100060bc:	4638      	mov	r0, r7
100060be:	bdf8      	pop	{r3, r4, r5, r6, r7, pc}
100060c0:	4295      	cmp	r5, r2
100060c2:	bf28      	it	cs
100060c4:	462b      	movcs	r3, r5
100060c6:	d318      	bcc.n	100060fa <tu_fifo_write+0x7e>
100060c8:	1a9b      	subs	r3, r3, r2
100060ca:	b29b      	uxth	r3, r3
100060cc:	4293      	cmp	r3, r2
100060ce:	d2fb      	bcs.n	100060c8 <tu_fifo_write+0x4c>
100060d0:	88e2      	ldrh	r2, [r4, #6]
100060d2:	6820      	ldr	r0, [r4, #0]
100060d4:	f3c2 020e 	ubfx	r2, r2, #0, #15
100060d8:	fb02 0003 	mla	r0, r2, r3, r0
100060dc:	4631      	mov	r1, r6
100060de:	f002 fe85 	bl	10008dec <memcpy>
100060e2:	1c6b      	adds	r3, r5, #1
100060e4:	b29b      	uxth	r3, r3
100060e6:	429d      	cmp	r5, r3
100060e8:	88a2      	ldrh	r2, [r4, #4]
100060ea:	d912      	bls.n	10006112 <tu_fifo_write+0x96>
100060ec:	2300      	movs	r3, #0
100060ee:	0051      	lsls	r1, r2, #1
100060f0:	1a5b      	subs	r3, r3, r1
100060f2:	b29b      	uxth	r3, r3
100060f4:	2701      	movs	r7, #1
100060f6:	8123      	strh	r3, [r4, #8]
100060f8:	e7dc      	b.n	100060b4 <tu_fifo_write+0x38>
100060fa:	88e2      	ldrh	r2, [r4, #6]
100060fc:	6820      	ldr	r0, [r4, #0]
100060fe:	f3c2 020e 	ubfx	r2, r2, #0, #15
10006102:	fb05 0002 	mla	r0, r5, r2, r0
10006106:	4631      	mov	r1, r6
10006108:	f002 fe70 	bl	10008dec <memcpy>
1000610c:	3501      	adds	r5, #1
1000610e:	88a2      	ldrh	r2, [r4, #4]
10006110:	b2ab      	uxth	r3, r5
10006112:	ebb3 0f42 	cmp.w	r3, r2, lsl #1
10006116:	ea4f 0142 	mov.w	r1, r2, lsl #1
1000611a:	dbeb      	blt.n	100060f4 <tu_fifo_write+0x78>
1000611c:	e7e8      	b.n	100060f0 <tu_fifo_write+0x74>
1000611e:	bf00      	nop

10006120 <tu_fifo_write_n>:
10006120:	e92d 4ff0 	stmdb	sp!, {r4, r5, r6, r7, r8, r9, sl, fp, lr}
10006124:	4617      	mov	r7, r2
10006126:	b083      	sub	sp, #12
10006128:	2a00      	cmp	r2, #0
1000612a:	d075      	beq.n	10006218 <tu_fifo_write_n+0xf8>
1000612c:	4606      	mov	r6, r0
1000612e:	68c0      	ldr	r0, [r0, #12]
10006130:	4689      	mov	r9, r1
10006132:	b118      	cbz	r0, 1000613c <tu_fifo_write_n+0x1c>
10006134:	f04f 31ff 	mov.w	r1, #4294967295
10006138:	f003 f84e 	bl	100091d8 <__mutex_enter_timeout_ms_veneer>
1000613c:	79f3      	ldrb	r3, [r6, #7]
1000613e:	f8b6 8008 	ldrh.w	r8, [r6, #8]
10006142:	8972      	ldrh	r2, [r6, #10]
10006144:	09db      	lsrs	r3, r3, #7
10006146:	88b5      	ldrh	r5, [r6, #4]
10006148:	fa1f f888 	uxth.w	r8, r8
1000614c:	b292      	uxth	r2, r2
1000614e:	d13c      	bne.n	100061ca <tu_fifo_write_n+0xaa>
10006150:	4590      	cmp	r8, r2
10006152:	bf36      	itet	cc
10006154:	ebc2 0245 	rsbcc	r2, r2, r5, lsl #1
10006158:	eba8 0202 	subcs.w	r2, r8, r2
1000615c:	4442      	addcc	r2, r8
1000615e:	b292      	uxth	r2, r2
10006160:	42aa      	cmp	r2, r5
10006162:	d25e      	bcs.n	10006222 <tu_fifo_write_n+0x102>
10006164:	1aaa      	subs	r2, r5, r2
10006166:	b292      	uxth	r2, r2
10006168:	42ba      	cmp	r2, r7
1000616a:	bf28      	it	cs
1000616c:	463a      	movcs	r2, r7
1000616e:	f8b6 b006 	ldrh.w	fp, [r6, #6]
10006172:	b297      	uxth	r7, r2
10006174:	1b7b      	subs	r3, r7, r5
10006176:	eb08 0a07 	add.w	sl, r8, r7
1000617a:	f3cb 0b0e 	ubfx	fp, fp, #0, #15
1000617e:	b29b      	uxth	r3, r3
10006180:	fa1f fa8a 	uxth.w	sl, sl
10006184:	45a8      	cmp	r8, r5
10006186:	4644      	mov	r4, r8
10006188:	d303      	bcc.n	10006192 <tu_fifo_write_n+0x72>
1000618a:	1b64      	subs	r4, r4, r5
1000618c:	b2a4      	uxth	r4, r4
1000618e:	42ac      	cmp	r4, r5
10006190:	d2fb      	bcs.n	1000618a <tu_fifo_write_n+0x6a>
10006192:	1b2d      	subs	r5, r5, r4
10006194:	6830      	ldr	r0, [r6, #0]
10006196:	b2ad      	uxth	r5, r5
10006198:	42bd      	cmp	r5, r7
1000619a:	fb0b 0004 	mla	r0, fp, r4, r0
1000619e:	d357      	bcc.n	10006250 <tu_fifo_write_n+0x130>
100061a0:	4649      	mov	r1, r9
100061a2:	fb0b f207 	mul.w	r2, fp, r7
100061a6:	f002 fe21 	bl	10008dec <memcpy>
100061aa:	88b2      	ldrh	r2, [r6, #4]
100061ac:	45d0      	cmp	r8, sl
100061ae:	ea4f 0342 	mov.w	r3, r2, lsl #1
100061b2:	d802      	bhi.n	100061ba <tu_fifo_write_n+0x9a>
100061b4:	ebba 0f42 	cmp.w	sl, r2, lsl #1
100061b8:	db03      	blt.n	100061c2 <tu_fifo_write_n+0xa2>
100061ba:	ebaa 0303 	sub.w	r3, sl, r3
100061be:	fa1f fa83 	uxth.w	sl, r3
100061c2:	463d      	mov	r5, r7
100061c4:	f8a6 a008 	strh.w	sl, [r6, #8]
100061c8:	e02c      	b.n	10006224 <tu_fifo_write_n+0x104>
100061ca:	f8b6 b006 	ldrh.w	fp, [r6, #6]
100061ce:	42af      	cmp	r7, r5
100061d0:	f3cb 0b0e 	ubfx	fp, fp, #0, #15
100061d4:	d22f      	bcs.n	10006236 <tu_fifo_write_n+0x116>
100061d6:	4590      	cmp	r8, r2
100061d8:	bf36      	itet	cc
100061da:	ebc2 0145 	rsbcc	r1, r2, r5, lsl #1
100061de:	eba8 0102 	subcs.w	r1, r8, r2
100061e2:	4441      	addcc	r1, r8
100061e4:	b289      	uxth	r1, r1
100061e6:	0068      	lsls	r0, r5, #1
100061e8:	4439      	add	r1, r7
100061ea:	1b7b      	subs	r3, r7, r5
100061ec:	4281      	cmp	r1, r0
100061ee:	b29b      	uxth	r3, r3
100061f0:	db0d      	blt.n	1000620e <tu_fifo_write_n+0xee>
100061f2:	eb02 0a05 	add.w	sl, r2, r5
100061f6:	fa1f fa8a 	uxth.w	sl, sl
100061fa:	ebaa 0807 	sub.w	r8, sl, r7
100061fe:	fa1f f888 	uxth.w	r8, r8
10006202:	4542      	cmp	r2, r8
10006204:	d937      	bls.n	10006276 <tu_fifo_write_n+0x156>
10006206:	eba8 0000 	sub.w	r0, r8, r0
1000620a:	fa1f f880 	uxth.w	r8, r0
1000620e:	eb07 0a08 	add.w	sl, r7, r8
10006212:	fa1f fa8a 	uxth.w	sl, sl
10006216:	e7b5      	b.n	10006184 <tu_fifo_write_n+0x64>
10006218:	4615      	mov	r5, r2
1000621a:	4628      	mov	r0, r5
1000621c:	b003      	add	sp, #12
1000621e:	e8bd 8ff0 	ldmia.w	sp!, {r4, r5, r6, r7, r8, r9, sl, fp, pc}
10006222:	2500      	movs	r5, #0
10006224:	68f0      	ldr	r0, [r6, #12]
10006226:	2800      	cmp	r0, #0
10006228:	d0f7      	beq.n	1000621a <tu_fifo_write_n+0xfa>
1000622a:	f002 ffe5 	bl	100091f8 <__mutex_exit_veneer>
1000622e:	4628      	mov	r0, r5
10006230:	b003      	add	sp, #12
10006232:	e8bd 8ff0 	ldmia.w	sp!, {r4, r5, r6, r7, r8, r9, sl, fp, pc}
10006236:	2d00      	cmp	r5, #0
10006238:	d0f4      	beq.n	10006224 <tu_fifo_write_n+0x104>
1000623a:	1b7f      	subs	r7, r7, r5
1000623c:	eb02 0a05 	add.w	sl, r2, r5
10006240:	fb0b 9907 	mla	r9, fp, r7, r9
10006244:	4690      	mov	r8, r2
10006246:	462f      	mov	r7, r5
10006248:	2300      	movs	r3, #0
1000624a:	fa1f fa8a 	uxth.w	sl, sl
1000624e:	e799      	b.n	10006184 <tu_fifo_write_n+0x64>
10006250:	fb15 f50b 	smulbb	r5, r5, fp
10006254:	b2ad      	uxth	r5, r5
10006256:	462a      	mov	r2, r5
10006258:	4649      	mov	r1, r9
1000625a:	9301      	str	r3, [sp, #4]
1000625c:	f002 fdc6 	bl	10008dec <memcpy>
10006260:	9b01      	ldr	r3, [sp, #4]
10006262:	6830      	ldr	r0, [r6, #0]
10006264:	18e2      	adds	r2, r4, r3
10006266:	fb12 f20b 	smulbb	r2, r2, fp
1000626a:	eb09 0105 	add.w	r1, r9, r5
1000626e:	b292      	uxth	r2, r2
10006270:	f002 fdbc 	bl	10008dec <memcpy>
10006274:	e799      	b.n	100061aa <tu_fifo_write_n+0x8a>
10006276:	4540      	cmp	r0, r8
10006278:	dc84      	bgt.n	10006184 <tu_fifo_write_n+0x64>
1000627a:	e7c4      	b.n	10006206 <tu_fifo_write_n+0xe6>

1000627c <tu_fifo_clear>:
1000627c:	b510      	push	{r4, lr}
1000627e:	4604      	mov	r4, r0
10006280:	68c0      	ldr	r0, [r0, #12]
10006282:	b118      	cbz	r0, 1000628c <tu_fifo_clear+0x10>
10006284:	f04f 31ff 	mov.w	r1, #4294967295
10006288:	f002 ffa6 	bl	100091d8 <__mutex_enter_timeout_ms_veneer>
1000628c:	6920      	ldr	r0, [r4, #16]
1000628e:	b118      	cbz	r0, 10006298 <tu_fifo_clear+0x1c>
10006290:	f04f 31ff 	mov.w	r1, #4294967295
10006294:	f002 ffa0 	bl	100091d8 <__mutex_enter_timeout_ms_veneer>
10006298:	2300      	movs	r3, #0
1000629a:	68e0      	ldr	r0, [r4, #12]
1000629c:	8163      	strh	r3, [r4, #10]
1000629e:	8123      	strh	r3, [r4, #8]
100062a0:	b108      	cbz	r0, 100062a6 <tu_fifo_clear+0x2a>
100062a2:	f002 ffa9 	bl	100091f8 <__mutex_exit_veneer>
100062a6:	6920      	ldr	r0, [r4, #16]
100062a8:	b108      	cbz	r0, 100062ae <tu_fifo_clear+0x32>
100062aa:	f002 ffa5 	bl	100091f8 <__mutex_exit_veneer>
100062ae:	2001      	movs	r0, #1
100062b0:	bd10      	pop	{r4, pc}
100062b2:	bf00      	nop

100062b4 <tu_fifo_set_overwritable>:
100062b4:	b538      	push	{r3, r4, r5, lr}
100062b6:	4604      	mov	r4, r0
100062b8:	68c0      	ldr	r0, [r0, #12]
100062ba:	460d      	mov	r5, r1
100062bc:	b118      	cbz	r0, 100062c6 <tu_fifo_set_overwritable+0x12>
100062be:	f04f 31ff 	mov.w	r1, #4294967295
100062c2:	f002 ff89 	bl	100091d8 <__mutex_enter_timeout_ms_veneer>
100062c6:	6920      	ldr	r0, [r4, #16]
100062c8:	b118      	cbz	r0, 100062d2 <tu_fifo_set_overwritable+0x1e>
100062ca:	f04f 31ff 	mov.w	r1, #4294967295
100062ce:	f002 ff83 	bl	100091d8 <__mutex_enter_timeout_ms_veneer>
100062d2:	79e3      	ldrb	r3, [r4, #7]
100062d4:	68e0      	ldr	r0, [r4, #12]
100062d6:	f365 13c7 	bfi	r3, r5, #7, #1
100062da:	71e3      	strb	r3, [r4, #7]
100062dc:	b108      	cbz	r0, 100062e2 <tu_fifo_set_overwritable+0x2e>
100062de:	f002 ff8b 	bl	100091f8 <__mutex_exit_veneer>
100062e2:	6920      	ldr	r0, [r4, #16]
100062e4:	b108      	cbz	r0, 100062ea <tu_fifo_set_overwritable+0x36>
100062e6:	f002 ff87 	bl	100091f8 <__mutex_exit_veneer>
100062ea:	2001      	movs	r0, #1
100062ec:	bd38      	pop	{r3, r4, r5, pc}
100062ee:	bf00      	nop

100062f0 <exception_set_exclusive_handler>:
100062f0:	b5f8      	push	{r3, r4, r5, r6, r7, lr}
100062f2:	4604      	mov	r4, r0
100062f4:	460d      	mov	r5, r1
100062f6:	f3ef 8710 	mrs	r7, PRIMASK
100062fa:	b672      	cpsid	i
100062fc:	4b0c      	ldr	r3, [pc, #48]	@ (10006330 <exception_set_exclusive_handler+0x40>)
100062fe:	689b      	ldr	r3, [r3, #8]
10006300:	f853 6020 	ldr.w	r6, [r3, r0, lsl #2]
10006304:	42b1      	cmp	r1, r6
10006306:	d004      	beq.n	10006312 <exception_set_exclusive_handler+0x22>
10006308:	4b0a      	ldr	r3, [pc, #40]	@ (10006334 <exception_set_exclusive_handler+0x44>)
1000630a:	429e      	cmp	r6, r3
1000630c:	d20b      	bcs.n	10006326 <exception_set_exclusive_handler+0x36>
1000630e:	f7fb fc23 	bl	10001b58 <hard_assertion_failure>
10006312:	4b07      	ldr	r3, [pc, #28]	@ (10006330 <exception_set_exclusive_handler+0x40>)
10006314:	689b      	ldr	r3, [r3, #8]
10006316:	f843 5024 	str.w	r5, [r3, r4, lsl #2]
1000631a:	f3bf 8f5f 	dmb	sy
1000631e:	f387 8810 	msr	PRIMASK, r7
10006322:	4630      	mov	r0, r6
10006324:	bdf8      	pop	{r3, r4, r5, r6, r7, pc}
10006326:	4b04      	ldr	r3, [pc, #16]	@ (10006338 <exception_set_exclusive_handler+0x48>)
10006328:	429e      	cmp	r6, r3
1000632a:	d3f2      	bcc.n	10006312 <exception_set_exclusive_handler+0x22>
1000632c:	e7ef      	b.n	1000630e <exception_set_exclusive_handler+0x1e>
1000632e:	bf00      	nop
10006330:	e000ed00 	.word	0xe000ed00
10006334:	10000110 	.word	0x10000110
10006338:	1000011c 	.word	0x1000011c

1000633c <i2c_write_blocking_internal.constprop.0>:
1000633c:	e92d 41f0 	stmdb	sp!, {r4, r5, r6, r7, r8, lr}
10006340:	2700      	movs	r7, #0
10006342:	2401      	movs	r4, #1
10006344:	4694      	mov	ip, r2
10006346:	6802      	ldr	r2, [r0, #0]
10006348:	4605      	mov	r5, r0
1000634a:	66d7      	str	r7, [r2, #108]	@ 0x6c
1000634c:	6051      	str	r1, [r2, #4]
1000634e:	66d4      	str	r4, [r2, #108]	@ 0x6c
10006350:	1e1c      	subs	r4, r3, #0
10006352:	4638      	mov	r0, r7
10006354:	f89d 6018 	ldrb.w	r6, [sp, #24]
10006358:	dd1e      	ble.n	10006398 <i2c_write_blocking_internal.constprop.0+0x5c>
1000635a:	7929      	ldrb	r1, [r5, #4]
1000635c:	f086 0701 	eor.w	r7, r6, #1
10006360:	0289      	lsls	r1, r1, #10
10006362:	027f      	lsls	r7, r7, #9
10006364:	f104 3eff 	add.w	lr, r4, #4294967295
10006368:	4570      	cmp	r0, lr
1000636a:	bf0c      	ite	eq
1000636c:	46b8      	moveq	r8, r7
1000636e:	f04f 0800 	movne.w	r8, #0
10006372:	f81c 3b01 	ldrb.w	r3, [ip], #1
10006376:	430b      	orrs	r3, r1
10006378:	ea43 0308 	orr.w	r3, r3, r8
1000637c:	6113      	str	r3, [r2, #16]
1000637e:	6b53      	ldr	r3, [r2, #52]	@ 0x34
10006380:	06d9      	lsls	r1, r3, #27
10006382:	d5fc      	bpl.n	1000637e <i2c_write_blocking_internal.constprop.0+0x42>
10006384:	f8d2 1080 	ldr.w	r1, [r2, #128]	@ 0x80
10006388:	b949      	cbnz	r1, 1000639e <i2c_write_blocking_internal.constprop.0+0x62>
1000638a:	4570      	cmp	r0, lr
1000638c:	d01c      	beq.n	100063c8 <i2c_write_blocking_internal.constprop.0+0x8c>
1000638e:	3001      	adds	r0, #1
10006390:	4284      	cmp	r4, r0
10006392:	f04f 0100 	mov.w	r1, #0
10006396:	d1e7      	bne.n	10006368 <i2c_write_blocking_internal.constprop.0+0x2c>
10006398:	712e      	strb	r6, [r5, #4]
1000639a:	e8bd 81f0 	ldmia.w	sp!, {r4, r5, r6, r7, r8, pc}
1000639e:	f04f 0801 	mov.w	r8, #1
100063a2:	6d53      	ldr	r3, [r2, #84]	@ 0x54
100063a4:	6b53      	ldr	r3, [r2, #52]	@ 0x34
100063a6:	059b      	lsls	r3, r3, #22
100063a8:	d5fc      	bpl.n	100063a4 <i2c_write_blocking_internal.constprop.0+0x68>
100063aa:	6e13      	ldr	r3, [r2, #96]	@ 0x60
100063ac:	f1b8 0f00 	cmp.w	r8, #0
100063b0:	d0ed      	beq.n	1000638e <i2c_write_blocking_internal.constprop.0+0x52>
100063b2:	b169      	cbz	r1, 100063d0 <i2c_write_blocking_internal.constprop.0+0x94>
100063b4:	07cb      	lsls	r3, r1, #31
100063b6:	d40b      	bmi.n	100063d0 <i2c_write_blocking_internal.constprop.0+0x94>
100063b8:	f011 0f08 	tst.w	r1, #8
100063bc:	bf08      	it	eq
100063be:	f04f 30ff 	moveq.w	r0, #4294967295
100063c2:	712e      	strb	r6, [r5, #4]
100063c4:	e8bd 81f0 	ldmia.w	sp!, {r4, r5, r6, r7, r8, pc}
100063c8:	2e00      	cmp	r6, #0
100063ca:	d1e0      	bne.n	1000638e <i2c_write_blocking_internal.constprop.0+0x52>
100063cc:	46b0      	mov	r8, r6
100063ce:	e7e9      	b.n	100063a4 <i2c_write_blocking_internal.constprop.0+0x68>
100063d0:	f04f 30ff 	mov.w	r0, #4294967295
100063d4:	e7e0      	b.n	10006398 <i2c_write_blocking_internal.constprop.0+0x5c>
100063d6:	bf00      	nop

100063d8 <i2c_set_baudrate>:
100063d8:	b5f8      	push	{r3, r4, r5, r6, r7, lr}
100063da:	4604      	mov	r4, r0
100063dc:	2005      	movs	r0, #5
100063de:	460f      	mov	r7, r1
100063e0:	f7fb fa86 	bl	100018f0 <clock_get_hz>
100063e4:	eb00 0c57 	add.w	ip, r0, r7, lsr #1
100063e8:	fbbc fcf7 	udiv	ip, ip, r7
100063ec:	4d20      	ldr	r5, [pc, #128]	@ (10006470 <i2c_set_baudrate+0x98>)
100063ee:	eb0c 024c 	add.w	r2, ip, ip, lsl #1
100063f2:	fba5 6502 	umull	r6, r5, r5, r2
100063f6:	491f      	ldr	r1, [pc, #124]	@ (10006474 <i2c_set_baudrate+0x9c>)
100063f8:	08ae      	lsrs	r6, r5, #2
100063fa:	428f      	cmp	r7, r1
100063fc:	eb00 0340 	add.w	r3, r0, r0, lsl #1
10006400:	ebac 0595 	sub.w	r5, ip, r5, lsr #2
10006404:	d82e      	bhi.n	10006464 <i2c_set_baudrate+0x8c>
10006406:	f101 41d6 	add.w	r1, r1, #1795162112	@ 0x6b000000
1000640a:	f501 01a1 	add.w	r1, r1, #5275648	@ 0x508000
1000640e:	f601 012c 	addw	r1, r1, #2092	@ 0x82c
10006412:	fba1 1303 	umull	r1, r3, r1, r3
10006416:	0d9b      	lsrs	r3, r3, #22
10006418:	3301      	adds	r3, #1
1000641a:	2100      	movs	r1, #0
1000641c:	2a4f      	cmp	r2, #79	@ 0x4f
1000641e:	bf98      	it	ls
10006420:	2201      	movls	r2, #1
10006422:	6824      	ldr	r4, [r4, #0]
10006424:	fbb0 f0fc 	udiv	r0, r0, ip
10006428:	66e1      	str	r1, [r4, #108]	@ 0x6c
1000642a:	6821      	ldr	r1, [r4, #0]
1000642c:	f504 5780 	add.w	r7, r4, #4096	@ 0x1000
10006430:	f081 0104 	eor.w	r1, r1, #4
10006434:	f001 0106 	and.w	r1, r1, #6
10006438:	6039      	str	r1, [r7, #0]
1000643a:	bf88      	it	hi
1000643c:	490c      	ldrhi	r1, [pc, #48]	@ (10006470 <i2c_set_baudrate+0x98>)
1000643e:	61e5      	str	r5, [r4, #28]
10006440:	bf84      	itt	hi
10006442:	fba1 1202 	umullhi	r1, r2, r1, r2
10006446:	0992      	lsrhi	r2, r2, #6
10006448:	6226      	str	r6, [r4, #32]
1000644a:	f8c4 20a0 	str.w	r2, [r4, #160]	@ 0xa0
1000644e:	4622      	mov	r2, r4
10006450:	2101      	movs	r1, #1
10006452:	f852 5f7c 	ldr.w	r5, [r2, #124]!
10006456:	406b      	eors	r3, r5
10006458:	b29b      	uxth	r3, r3
1000645a:	f502 5280 	add.w	r2, r2, #4096	@ 0x1000
1000645e:	6013      	str	r3, [r2, #0]
10006460:	66e1      	str	r1, [r4, #108]	@ 0x6c
10006462:	bdf8      	pop	{r3, r4, r5, r6, r7, pc}
10006464:	4904      	ldr	r1, [pc, #16]	@ (10006478 <i2c_set_baudrate+0xa0>)
10006466:	fba1 1303 	umull	r1, r3, r1, r3
1000646a:	0ddb      	lsrs	r3, r3, #23
1000646c:	3301      	adds	r3, #1
1000646e:	e7d4      	b.n	1000641a <i2c_set_baudrate+0x42>
10006470:	cccccccd 	.word	0xcccccccd
10006474:	000f423f 	.word	0x000f423f
10006478:	55e63b89 	.word	0x55e63b89

1000647c <i2c_init>:
1000647c:	4a0e      	ldr	r2, [pc, #56]	@ (100064b8 <i2c_init+0x3c>)
1000647e:	b430      	push	{r4, r5}
10006480:	4290      	cmp	r0, r2
10006482:	bf14      	ite	ne
10006484:	2220      	movne	r2, #32
10006486:	2210      	moveq	r2, #16
10006488:	4d0c      	ldr	r5, [pc, #48]	@ (100064bc <i2c_init+0x40>)
1000648a:	4b0d      	ldr	r3, [pc, #52]	@ (100064c0 <i2c_init+0x44>)
1000648c:	4c0d      	ldr	r4, [pc, #52]	@ (100064c4 <i2c_init+0x48>)
1000648e:	602a      	str	r2, [r5, #0]
10006490:	601a      	str	r2, [r3, #0]
10006492:	68a3      	ldr	r3, [r4, #8]
10006494:	ea32 0303 	bics.w	r3, r2, r3
10006498:	d1fb      	bne.n	10006492 <i2c_init+0x16>
1000649a:	f240 1565 	movw	r5, #357	@ 0x165
1000649e:	2403      	movs	r4, #3
100064a0:	6802      	ldr	r2, [r0, #0]
100064a2:	7103      	strb	r3, [r0, #4]
100064a4:	66d3      	str	r3, [r2, #108]	@ 0x6c
100064a6:	6015      	str	r5, [r2, #0]
100064a8:	63d3      	str	r3, [r2, #60]	@ 0x3c
100064aa:	6393      	str	r3, [r2, #56]	@ 0x38
100064ac:	f8c2 4088 	str.w	r4, [r2, #136]	@ 0x88
100064b0:	bc30      	pop	{r4, r5}
100064b2:	f7ff bf91 	b.w	100063d8 <i2c_set_baudrate>
100064b6:	bf00      	nop
100064b8:	200015a0 	.word	0x200015a0
100064bc:	40022000 	.word	0x40022000
100064c0:	40023000 	.word	0x40023000
100064c4:	40020000 	.word	0x40020000

100064c8 <i2c_write_blocking>:
100064c8:	b410      	push	{r4}
100064ca:	f89d 4004 	ldrb.w	r4, [sp, #4]
100064ce:	9401      	str	r4, [sp, #4]
100064d0:	f85d 4b04 	ldr.w	r4, [sp], #4
100064d4:	f7ff bf32 	b.w	1000633c <i2c_write_blocking_internal.constprop.0>

100064d8 <prvCopyDataToQueue>:
100064d8:	b570      	push	{r4, r5, r6, lr}
100064da:	4616      	mov	r6, r2
100064dc:	6c02      	ldr	r2, [r0, #64]	@ 0x40
100064de:	4604      	mov	r4, r0
100064e0:	6b85      	ldr	r5, [r0, #56]	@ 0x38
100064e2:	b92a      	cbnz	r2, 100064f0 <prvCopyDataToQueue+0x18>
100064e4:	6806      	ldr	r6, [r0, #0]
100064e6:	3501      	adds	r5, #1
100064e8:	b34e      	cbz	r6, 1000653e <prvCopyDataToQueue+0x66>
100064ea:	4610      	mov	r0, r2
100064ec:	63a5      	str	r5, [r4, #56]	@ 0x38
100064ee:	bd70      	pop	{r4, r5, r6, pc}
100064f0:	b98e      	cbnz	r6, 10006516 <prvCopyDataToQueue+0x3e>
100064f2:	6840      	ldr	r0, [r0, #4]
100064f4:	f002 fc7a 	bl	10008dec <memcpy>
100064f8:	6863      	ldr	r3, [r4, #4]
100064fa:	6c21      	ldr	r1, [r4, #64]	@ 0x40
100064fc:	68a2      	ldr	r2, [r4, #8]
100064fe:	440b      	add	r3, r1
10006500:	4293      	cmp	r3, r2
10006502:	6063      	str	r3, [r4, #4]
10006504:	bf28      	it	cs
10006506:	6823      	ldrcs	r3, [r4, #0]
10006508:	f105 0501 	add.w	r5, r5, #1
1000650c:	bf28      	it	cs
1000650e:	6063      	strcs	r3, [r4, #4]
10006510:	2000      	movs	r0, #0
10006512:	63a5      	str	r5, [r4, #56]	@ 0x38
10006514:	bd70      	pop	{r4, r5, r6, pc}
10006516:	68c0      	ldr	r0, [r0, #12]
10006518:	f002 fc68 	bl	10008dec <memcpy>
1000651c:	6c22      	ldr	r2, [r4, #64]	@ 0x40
1000651e:	68e3      	ldr	r3, [r4, #12]
10006520:	4251      	negs	r1, r2
10006522:	1a9b      	subs	r3, r3, r2
10006524:	6822      	ldr	r2, [r4, #0]
10006526:	60e3      	str	r3, [r4, #12]
10006528:	4293      	cmp	r3, r2
1000652a:	d202      	bcs.n	10006532 <prvCopyDataToQueue+0x5a>
1000652c:	68a3      	ldr	r3, [r4, #8]
1000652e:	440b      	add	r3, r1
10006530:	60e3      	str	r3, [r4, #12]
10006532:	2e02      	cmp	r6, #2
10006534:	d008      	beq.n	10006548 <prvCopyDataToQueue+0x70>
10006536:	3501      	adds	r5, #1
10006538:	2000      	movs	r0, #0
1000653a:	63a5      	str	r5, [r4, #56]	@ 0x38
1000653c:	bd70      	pop	{r4, r5, r6, pc}
1000653e:	6880      	ldr	r0, [r0, #8]
10006540:	f001 fb3c 	bl	10007bbc <xTaskPriorityDisinherit>
10006544:	60a6      	str	r6, [r4, #8]
10006546:	e7d1      	b.n	100064ec <prvCopyDataToQueue+0x14>
10006548:	2d01      	cmp	r5, #1
1000654a:	bf38      	it	cc
1000654c:	2501      	movcc	r5, #1
1000654e:	e7df      	b.n	10006510 <prvCopyDataToQueue+0x38>

10006550 <xQueueGenericCreate>:
10006550:	b570      	push	{r4, r5, r6, lr}
10006552:	b3a0      	cbz	r0, 100065be <xQueueGenericCreate+0x6e>
10006554:	fba1 2300 	umull	r2, r3, r1, r0
10006558:	4605      	mov	r5, r0
1000655a:	460e      	mov	r6, r1
1000655c:	bb7b      	cbnz	r3, 100065be <xQueueGenericCreate+0x6e>
1000655e:	fb01 f000 	mul.w	r0, r1, r0
10006562:	f110 0f49 	cmn.w	r0, #73	@ 0x49
10006566:	d82a      	bhi.n	100065be <xQueueGenericCreate+0x6e>
10006568:	3048      	adds	r0, #72	@ 0x48
1000656a:	f001 fd8d 	bl	10008088 <pvPortMalloc>
1000656e:	4604      	mov	r4, r0
10006570:	b328      	cbz	r0, 100065be <xQueueGenericCreate+0x6e>
10006572:	b33e      	cbz	r6, 100065c4 <xQueueGenericCreate+0x74>
10006574:	f100 0348 	add.w	r3, r0, #72	@ 0x48
10006578:	6023      	str	r3, [r4, #0]
1000657a:	e9c4 560f 	strd	r5, r6, [r4, #60]	@ 0x3c
1000657e:	f001 fddd 	bl	1000813c <vPortEnterCritical>
10006582:	2300      	movs	r3, #0
10006584:	20ff      	movs	r0, #255	@ 0xff
10006586:	63a3      	str	r3, [r4, #56]	@ 0x38
10006588:	6c21      	ldr	r1, [r4, #64]	@ 0x40
1000658a:	6be3      	ldr	r3, [r4, #60]	@ 0x3c
1000658c:	6822      	ldr	r2, [r4, #0]
1000658e:	fb01 f303 	mul.w	r3, r1, r3
10006592:	1a59      	subs	r1, r3, r1
10006594:	6062      	str	r2, [r4, #4]
10006596:	4413      	add	r3, r2
10006598:	440a      	add	r2, r1
1000659a:	e9c4 3202 	strd	r3, r2, [r4, #8]
1000659e:	f884 0044 	strb.w	r0, [r4, #68]	@ 0x44
100065a2:	f884 0045 	strb.w	r0, [r4, #69]	@ 0x45
100065a6:	f104 0010 	add.w	r0, r4, #16
100065aa:	f001 ff3f 	bl	1000842c <vListInitialise>
100065ae:	f104 0024 	add.w	r0, r4, #36	@ 0x24
100065b2:	f001 ff3b 	bl	1000842c <vListInitialise>
100065b6:	f001 fdcf 	bl	10008158 <vPortExitCritical>
100065ba:	4620      	mov	r0, r4
100065bc:	bd70      	pop	{r4, r5, r6, pc}
100065be:	2400      	movs	r4, #0
100065c0:	4620      	mov	r0, r4
100065c2:	bd70      	pop	{r4, r5, r6, pc}
100065c4:	4603      	mov	r3, r0
100065c6:	e7d7      	b.n	10006578 <xQueueGenericCreate+0x28>

100065c8 <xQueueGenericSend>:
100065c8:	e92d 43f0 	stmdb	sp!, {r4, r5, r6, r7, r8, r9, lr}
100065cc:	4604      	mov	r4, r0
100065ce:	b085      	sub	sp, #20
100065d0:	461f      	mov	r7, r3
100065d2:	9201      	str	r2, [sp, #4]
100065d4:	4688      	mov	r8, r1
100065d6:	f001 fdb1 	bl	1000813c <vPortEnterCritical>
100065da:	6ba2      	ldr	r2, [r4, #56]	@ 0x38
100065dc:	6be3      	ldr	r3, [r4, #60]	@ 0x3c
100065de:	429a      	cmp	r2, r3
100065e0:	d379      	bcc.n	100066d6 <xQueueGenericSend+0x10e>
100065e2:	2f02      	cmp	r7, #2
100065e4:	d077      	beq.n	100066d6 <xQueueGenericSend+0x10e>
100065e6:	2200      	movs	r2, #0
100065e8:	f104 0624 	add.w	r6, r4, #36	@ 0x24
100065ec:	9b01      	ldr	r3, [sp, #4]
100065ee:	2b00      	cmp	r3, #0
100065f0:	f000 80d4 	beq.w	1000679c <xQueueGenericSend+0x1d4>
100065f4:	2a00      	cmp	r2, #0
100065f6:	f000 80cd 	beq.w	10006794 <xQueueGenericSend+0x1cc>
100065fa:	f001 fdad 	bl	10008158 <vPortExitCritical>
100065fe:	f000 ffc7 	bl	10007590 <vTaskSuspendAll>
10006602:	f001 fd9b 	bl	1000813c <vPortEnterCritical>
10006606:	f894 3044 	ldrb.w	r3, [r4, #68]	@ 0x44
1000660a:	2bff      	cmp	r3, #255	@ 0xff
1000660c:	bf04      	itt	eq
1000660e:	2300      	moveq	r3, #0
10006610:	f884 3044 	strbeq.w	r3, [r4, #68]	@ 0x44
10006614:	f894 3045 	ldrb.w	r3, [r4, #69]	@ 0x45
10006618:	2bff      	cmp	r3, #255	@ 0xff
1000661a:	bf04      	itt	eq
1000661c:	2300      	moveq	r3, #0
1000661e:	f884 3045 	strbeq.w	r3, [r4, #69]	@ 0x45
10006622:	f001 fd99 	bl	10008158 <vPortExitCritical>
10006626:	a802      	add	r0, sp, #8
10006628:	a901      	add	r1, sp, #4
1000662a:	f001 fa49 	bl	10007ac0 <xTaskCheckForTimeOut>
1000662e:	2800      	cmp	r0, #0
10006630:	f040 80ba 	bne.w	100067a8 <xQueueGenericSend+0x1e0>
10006634:	f001 fd82 	bl	1000813c <vPortEnterCritical>
10006638:	6ba2      	ldr	r2, [r4, #56]	@ 0x38
1000663a:	6be3      	ldr	r3, [r4, #60]	@ 0x3c
1000663c:	429a      	cmp	r2, r3
1000663e:	d05c      	beq.n	100066fa <xQueueGenericSend+0x132>
10006640:	f001 fd8a 	bl	10008158 <vPortExitCritical>
10006644:	f001 fd7a 	bl	1000813c <vPortEnterCritical>
10006648:	f894 2045 	ldrb.w	r2, [r4, #69]	@ 0x45
1000664c:	b255      	sxtb	r5, r2
1000664e:	2d00      	cmp	r5, #0
10006650:	dc04      	bgt.n	1000665c <xQueueGenericSend+0x94>
10006652:	e011      	b.n	10006678 <xQueueGenericSend+0xb0>
10006654:	1e6a      	subs	r2, r5, #1
10006656:	b2d3      	uxtb	r3, r2
10006658:	b255      	sxtb	r5, r2
1000665a:	b16b      	cbz	r3, 10006678 <xQueueGenericSend+0xb0>
1000665c:	6a63      	ldr	r3, [r4, #36]	@ 0x24
1000665e:	b15b      	cbz	r3, 10006678 <xQueueGenericSend+0xb0>
10006660:	4630      	mov	r0, r6
10006662:	f001 f9b9 	bl	100079d8 <xTaskRemoveFromEventList>
10006666:	2800      	cmp	r0, #0
10006668:	d0f4      	beq.n	10006654 <xQueueGenericSend+0x8c>
1000666a:	f001 fa59 	bl	10007b20 <vTaskMissedYield>
1000666e:	1e6a      	subs	r2, r5, #1
10006670:	b2d3      	uxtb	r3, r2
10006672:	b255      	sxtb	r5, r2
10006674:	2b00      	cmp	r3, #0
10006676:	d1f1      	bne.n	1000665c <xQueueGenericSend+0x94>
10006678:	23ff      	movs	r3, #255	@ 0xff
1000667a:	f884 3045 	strb.w	r3, [r4, #69]	@ 0x45
1000667e:	f001 fd6b 	bl	10008158 <vPortExitCritical>
10006682:	f001 fd5b 	bl	1000813c <vPortEnterCritical>
10006686:	f894 2044 	ldrb.w	r2, [r4, #68]	@ 0x44
1000668a:	b255      	sxtb	r5, r2
1000668c:	2d00      	cmp	r5, #0
1000668e:	dd14      	ble.n	100066ba <xQueueGenericSend+0xf2>
10006690:	f104 0910 	add.w	r9, r4, #16
10006694:	e003      	b.n	1000669e <xQueueGenericSend+0xd6>
10006696:	1e6a      	subs	r2, r5, #1
10006698:	b2d3      	uxtb	r3, r2
1000669a:	b255      	sxtb	r5, r2
1000669c:	b16b      	cbz	r3, 100066ba <xQueueGenericSend+0xf2>
1000669e:	6923      	ldr	r3, [r4, #16]
100066a0:	b15b      	cbz	r3, 100066ba <xQueueGenericSend+0xf2>
100066a2:	4648      	mov	r0, r9
100066a4:	f001 f998 	bl	100079d8 <xTaskRemoveFromEventList>
100066a8:	2800      	cmp	r0, #0
100066aa:	d0f4      	beq.n	10006696 <xQueueGenericSend+0xce>
100066ac:	f001 fa38 	bl	10007b20 <vTaskMissedYield>
100066b0:	1e6a      	subs	r2, r5, #1
100066b2:	b2d3      	uxtb	r3, r2
100066b4:	b255      	sxtb	r5, r2
100066b6:	2b00      	cmp	r3, #0
100066b8:	d1f1      	bne.n	1000669e <xQueueGenericSend+0xd6>
100066ba:	23ff      	movs	r3, #255	@ 0xff
100066bc:	f884 3044 	strb.w	r3, [r4, #68]	@ 0x44
100066c0:	f001 fd4a 	bl	10008158 <vPortExitCritical>
100066c4:	f000 ff6c 	bl	100075a0 <xTaskResumeAll>
100066c8:	f001 fd38 	bl	1000813c <vPortEnterCritical>
100066cc:	6ba1      	ldr	r1, [r4, #56]	@ 0x38
100066ce:	6be3      	ldr	r3, [r4, #60]	@ 0x3c
100066d0:	2201      	movs	r2, #1
100066d2:	4299      	cmp	r1, r3
100066d4:	d28a      	bcs.n	100065ec <xQueueGenericSend+0x24>
100066d6:	463a      	mov	r2, r7
100066d8:	4641      	mov	r1, r8
100066da:	4620      	mov	r0, r4
100066dc:	f7ff fefc 	bl	100064d8 <prvCopyDataToQueue>
100066e0:	6a63      	ldr	r3, [r4, #36]	@ 0x24
100066e2:	2b00      	cmp	r3, #0
100066e4:	f040 80a8 	bne.w	10006838 <xQueueGenericSend+0x270>
100066e8:	2800      	cmp	r0, #0
100066ea:	f040 80a2 	bne.w	10006832 <xQueueGenericSend+0x26a>
100066ee:	f001 fd33 	bl	10008158 <vPortExitCritical>
100066f2:	2001      	movs	r0, #1
100066f4:	b005      	add	sp, #20
100066f6:	e8bd 83f0 	ldmia.w	sp!, {r4, r5, r6, r7, r8, r9, pc}
100066fa:	f104 0910 	add.w	r9, r4, #16
100066fe:	f001 fd2b 	bl	10008158 <vPortExitCritical>
10006702:	4648      	mov	r0, r9
10006704:	9901      	ldr	r1, [sp, #4]
10006706:	f001 f8b5 	bl	10007874 <vTaskPlaceOnEventList>
1000670a:	f001 fd17 	bl	1000813c <vPortEnterCritical>
1000670e:	f894 3045 	ldrb.w	r3, [r4, #69]	@ 0x45
10006712:	b25d      	sxtb	r5, r3
10006714:	2d00      	cmp	r5, #0
10006716:	dc04      	bgt.n	10006722 <xQueueGenericSend+0x15a>
10006718:	e011      	b.n	1000673e <xQueueGenericSend+0x176>
1000671a:	1e6b      	subs	r3, r5, #1
1000671c:	b2da      	uxtb	r2, r3
1000671e:	b25d      	sxtb	r5, r3
10006720:	b16a      	cbz	r2, 1000673e <xQueueGenericSend+0x176>
10006722:	6a63      	ldr	r3, [r4, #36]	@ 0x24
10006724:	b15b      	cbz	r3, 1000673e <xQueueGenericSend+0x176>
10006726:	4630      	mov	r0, r6
10006728:	f001 f956 	bl	100079d8 <xTaskRemoveFromEventList>
1000672c:	2800      	cmp	r0, #0
1000672e:	d0f4      	beq.n	1000671a <xQueueGenericSend+0x152>
10006730:	f001 f9f6 	bl	10007b20 <vTaskMissedYield>
10006734:	1e6b      	subs	r3, r5, #1
10006736:	b2da      	uxtb	r2, r3
10006738:	b25d      	sxtb	r5, r3
1000673a:	2a00      	cmp	r2, #0
1000673c:	d1f1      	bne.n	10006722 <xQueueGenericSend+0x15a>
1000673e:	23ff      	movs	r3, #255	@ 0xff
10006740:	f884 3045 	strb.w	r3, [r4, #69]	@ 0x45
10006744:	f001 fd08 	bl	10008158 <vPortExitCritical>
10006748:	f001 fcf8 	bl	1000813c <vPortEnterCritical>
1000674c:	f894 3044 	ldrb.w	r3, [r4, #68]	@ 0x44
10006750:	b25d      	sxtb	r5, r3
10006752:	2d00      	cmp	r5, #0
10006754:	dc04      	bgt.n	10006760 <xQueueGenericSend+0x198>
10006756:	e011      	b.n	1000677c <xQueueGenericSend+0x1b4>
10006758:	1e6b      	subs	r3, r5, #1
1000675a:	b2da      	uxtb	r2, r3
1000675c:	b25d      	sxtb	r5, r3
1000675e:	b16a      	cbz	r2, 1000677c <xQueueGenericSend+0x1b4>
10006760:	6923      	ldr	r3, [r4, #16]
10006762:	b15b      	cbz	r3, 1000677c <xQueueGenericSend+0x1b4>
10006764:	4648      	mov	r0, r9
10006766:	f001 f937 	bl	100079d8 <xTaskRemoveFromEventList>
1000676a:	2800      	cmp	r0, #0
1000676c:	d0f4      	beq.n	10006758 <xQueueGenericSend+0x190>
1000676e:	f001 f9d7 	bl	10007b20 <vTaskMissedYield>
10006772:	1e6b      	subs	r3, r5, #1
10006774:	b2da      	uxtb	r2, r3
10006776:	b25d      	sxtb	r5, r3
10006778:	2a00      	cmp	r2, #0
1000677a:	d1f1      	bne.n	10006760 <xQueueGenericSend+0x198>
1000677c:	23ff      	movs	r3, #255	@ 0xff
1000677e:	f884 3044 	strb.w	r3, [r4, #68]	@ 0x44
10006782:	f001 fce9 	bl	10008158 <vPortExitCritical>
10006786:	f000 ff0b 	bl	100075a0 <xTaskResumeAll>
1000678a:	2800      	cmp	r0, #0
1000678c:	d19c      	bne.n	100066c8 <xQueueGenericSend+0x100>
1000678e:	f001 fcc9 	bl	10008124 <vPortYield>
10006792:	e799      	b.n	100066c8 <xQueueGenericSend+0x100>
10006794:	a802      	add	r0, sp, #8
10006796:	f001 f987 	bl	10007aa8 <vTaskInternalSetTimeOutState>
1000679a:	e72e      	b.n	100065fa <xQueueGenericSend+0x32>
1000679c:	f001 fcdc 	bl	10008158 <vPortExitCritical>
100067a0:	2000      	movs	r0, #0
100067a2:	b005      	add	sp, #20
100067a4:	e8bd 83f0 	ldmia.w	sp!, {r4, r5, r6, r7, r8, r9, pc}
100067a8:	f001 fcc8 	bl	1000813c <vPortEnterCritical>
100067ac:	f894 3045 	ldrb.w	r3, [r4, #69]	@ 0x45
100067b0:	b25d      	sxtb	r5, r3
100067b2:	2d00      	cmp	r5, #0
100067b4:	dd14      	ble.n	100067e0 <xQueueGenericSend+0x218>
100067b6:	f104 0624 	add.w	r6, r4, #36	@ 0x24
100067ba:	e003      	b.n	100067c4 <xQueueGenericSend+0x1fc>
100067bc:	1e6b      	subs	r3, r5, #1
100067be:	b2da      	uxtb	r2, r3
100067c0:	b25d      	sxtb	r5, r3
100067c2:	b16a      	cbz	r2, 100067e0 <xQueueGenericSend+0x218>
100067c4:	6a63      	ldr	r3, [r4, #36]	@ 0x24
100067c6:	b15b      	cbz	r3, 100067e0 <xQueueGenericSend+0x218>
100067c8:	4630      	mov	r0, r6
100067ca:	f001 f905 	bl	100079d8 <xTaskRemoveFromEventList>
100067ce:	2800      	cmp	r0, #0
100067d0:	d0f4      	beq.n	100067bc <xQueueGenericSend+0x1f4>
100067d2:	f001 f9a5 	bl	10007b20 <vTaskMissedYield>
100067d6:	1e6b      	subs	r3, r5, #1
100067d8:	b2da      	uxtb	r2, r3
100067da:	b25d      	sxtb	r5, r3
100067dc:	2a00      	cmp	r2, #0
100067de:	d1f1      	bne.n	100067c4 <xQueueGenericSend+0x1fc>
100067e0:	23ff      	movs	r3, #255	@ 0xff
100067e2:	f884 3045 	strb.w	r3, [r4, #69]	@ 0x45
100067e6:	f001 fcb7 	bl	10008158 <vPortExitCritical>
100067ea:	f001 fca7 	bl	1000813c <vPortEnterCritical>
100067ee:	f894 3044 	ldrb.w	r3, [r4, #68]	@ 0x44
100067f2:	b25d      	sxtb	r5, r3
100067f4:	2d00      	cmp	r5, #0
100067f6:	dd14      	ble.n	10006822 <xQueueGenericSend+0x25a>
100067f8:	f104 0610 	add.w	r6, r4, #16
100067fc:	e003      	b.n	10006806 <xQueueGenericSend+0x23e>
100067fe:	1e6b      	subs	r3, r5, #1
10006800:	b2da      	uxtb	r2, r3
10006802:	b25d      	sxtb	r5, r3
10006804:	b16a      	cbz	r2, 10006822 <xQueueGenericSend+0x25a>
10006806:	6923      	ldr	r3, [r4, #16]
10006808:	b15b      	cbz	r3, 10006822 <xQueueGenericSend+0x25a>
1000680a:	4630      	mov	r0, r6
1000680c:	f001 f8e4 	bl	100079d8 <xTaskRemoveFromEventList>
10006810:	2800      	cmp	r0, #0
10006812:	d0f4      	beq.n	100067fe <xQueueGenericSend+0x236>
10006814:	f001 f984 	bl	10007b20 <vTaskMissedYield>
10006818:	1e6b      	subs	r3, r5, #1
1000681a:	b2da      	uxtb	r2, r3
1000681c:	b25d      	sxtb	r5, r3
1000681e:	2a00      	cmp	r2, #0
10006820:	d1f1      	bne.n	10006806 <xQueueGenericSend+0x23e>
10006822:	23ff      	movs	r3, #255	@ 0xff
10006824:	f884 3044 	strb.w	r3, [r4, #68]	@ 0x44
10006828:	f001 fc96 	bl	10008158 <vPortExitCritical>
1000682c:	f000 feb8 	bl	100075a0 <xTaskResumeAll>
10006830:	e7b6      	b.n	100067a0 <xQueueGenericSend+0x1d8>
10006832:	f001 fc77 	bl	10008124 <vPortYield>
10006836:	e75a      	b.n	100066ee <xQueueGenericSend+0x126>
10006838:	f104 0024 	add.w	r0, r4, #36	@ 0x24
1000683c:	f001 f8cc 	bl	100079d8 <xTaskRemoveFromEventList>
10006840:	2800      	cmp	r0, #0
10006842:	f43f af54 	beq.w	100066ee <xQueueGenericSend+0x126>
10006846:	e7f4      	b.n	10006832 <xQueueGenericSend+0x26a>

10006848 <xQueueCreateMutex>:
10006848:	b538      	push	{r3, r4, r5, lr}
1000684a:	2048      	movs	r0, #72	@ 0x48
1000684c:	f001 fc1c 	bl	10008088 <pvPortMalloc>
10006850:	4604      	mov	r4, r0
10006852:	b350      	cbz	r0, 100068aa <xQueueCreateMutex+0x62>
10006854:	2500      	movs	r5, #0
10006856:	2301      	movs	r3, #1
10006858:	6020      	str	r0, [r4, #0]
1000685a:	e9c0 350f 	strd	r3, r5, [r0, #60]	@ 0x3c
1000685e:	f001 fc6d 	bl	1000813c <vPortEnterCritical>
10006862:	e9d4 310f 	ldrd	r3, r1, [r4, #60]	@ 0x3c
10006866:	20ff      	movs	r0, #255	@ 0xff
10006868:	fb01 f303 	mul.w	r3, r1, r3
1000686c:	6822      	ldr	r2, [r4, #0]
1000686e:	1a59      	subs	r1, r3, r1
10006870:	6062      	str	r2, [r4, #4]
10006872:	4413      	add	r3, r2
10006874:	440a      	add	r2, r1
10006876:	e9c4 3202 	strd	r3, r2, [r4, #8]
1000687a:	63a5      	str	r5, [r4, #56]	@ 0x38
1000687c:	f884 0044 	strb.w	r0, [r4, #68]	@ 0x44
10006880:	f884 0045 	strb.w	r0, [r4, #69]	@ 0x45
10006884:	f104 0010 	add.w	r0, r4, #16
10006888:	f001 fdd0 	bl	1000842c <vListInitialise>
1000688c:	f104 0024 	add.w	r0, r4, #36	@ 0x24
10006890:	f001 fdcc 	bl	1000842c <vListInitialise>
10006894:	f001 fc60 	bl	10008158 <vPortExitCritical>
10006898:	462b      	mov	r3, r5
1000689a:	462a      	mov	r2, r5
1000689c:	4629      	mov	r1, r5
1000689e:	4620      	mov	r0, r4
100068a0:	60a5      	str	r5, [r4, #8]
100068a2:	6025      	str	r5, [r4, #0]
100068a4:	60e5      	str	r5, [r4, #12]
100068a6:	f7ff fe8f 	bl	100065c8 <xQueueGenericSend>
100068aa:	4620      	mov	r0, r4
100068ac:	bd38      	pop	{r3, r4, r5, pc}
100068ae:	bf00      	nop

100068b0 <xQueueReceive>:
100068b0:	e92d 43f0 	stmdb	sp!, {r4, r5, r6, r7, r8, r9, lr}
100068b4:	4604      	mov	r4, r0
100068b6:	b085      	sub	sp, #20
100068b8:	4688      	mov	r8, r1
100068ba:	9201      	str	r2, [sp, #4]
100068bc:	f001 fc3e 	bl	1000813c <vPortEnterCritical>
100068c0:	6ba5      	ldr	r5, [r4, #56]	@ 0x38
100068c2:	2d00      	cmp	r5, #0
100068c4:	f040 8117 	bne.w	10006af6 <xQueueReceive+0x246>
100068c8:	9b01      	ldr	r3, [sp, #4]
100068ca:	2b00      	cmp	r3, #0
100068cc:	f000 80c6 	beq.w	10006a5c <xQueueReceive+0x1ac>
100068d0:	a802      	add	r0, sp, #8
100068d2:	f001 f8e9 	bl	10007aa8 <vTaskInternalSetTimeOutState>
100068d6:	462f      	mov	r7, r5
100068d8:	f104 0624 	add.w	r6, r4, #36	@ 0x24
100068dc:	f001 fc3c 	bl	10008158 <vPortExitCritical>
100068e0:	f000 fe56 	bl	10007590 <vTaskSuspendAll>
100068e4:	f001 fc2a 	bl	1000813c <vPortEnterCritical>
100068e8:	f894 3044 	ldrb.w	r3, [r4, #68]	@ 0x44
100068ec:	2bff      	cmp	r3, #255	@ 0xff
100068ee:	bf08      	it	eq
100068f0:	f884 7044 	strbeq.w	r7, [r4, #68]	@ 0x44
100068f4:	f894 3045 	ldrb.w	r3, [r4, #69]	@ 0x45
100068f8:	2bff      	cmp	r3, #255	@ 0xff
100068fa:	bf08      	it	eq
100068fc:	f884 7045 	strbeq.w	r7, [r4, #69]	@ 0x45
10006900:	f001 fc2a 	bl	10008158 <vPortExitCritical>
10006904:	a901      	add	r1, sp, #4
10006906:	a802      	add	r0, sp, #8
10006908:	f001 f8da 	bl	10007ac0 <xTaskCheckForTimeOut>
1000690c:	2800      	cmp	r0, #0
1000690e:	d154      	bne.n	100069ba <xQueueReceive+0x10a>
10006910:	f001 fc14 	bl	1000813c <vPortEnterCritical>
10006914:	6ba3      	ldr	r3, [r4, #56]	@ 0x38
10006916:	2b00      	cmp	r3, #0
10006918:	f040 80a6 	bne.w	10006a68 <xQueueReceive+0x1b8>
1000691c:	f104 0924 	add.w	r9, r4, #36	@ 0x24
10006920:	f001 fc1a 	bl	10008158 <vPortExitCritical>
10006924:	4648      	mov	r0, r9
10006926:	9901      	ldr	r1, [sp, #4]
10006928:	f000 ffa4 	bl	10007874 <vTaskPlaceOnEventList>
1000692c:	f001 fc06 	bl	1000813c <vPortEnterCritical>
10006930:	f894 3045 	ldrb.w	r3, [r4, #69]	@ 0x45
10006934:	b25d      	sxtb	r5, r3
10006936:	2d00      	cmp	r5, #0
10006938:	dc04      	bgt.n	10006944 <xQueueReceive+0x94>
1000693a:	e011      	b.n	10006960 <xQueueReceive+0xb0>
1000693c:	1e6b      	subs	r3, r5, #1
1000693e:	b2da      	uxtb	r2, r3
10006940:	b25d      	sxtb	r5, r3
10006942:	b16a      	cbz	r2, 10006960 <xQueueReceive+0xb0>
10006944:	6a63      	ldr	r3, [r4, #36]	@ 0x24
10006946:	b15b      	cbz	r3, 10006960 <xQueueReceive+0xb0>
10006948:	4648      	mov	r0, r9
1000694a:	f001 f845 	bl	100079d8 <xTaskRemoveFromEventList>
1000694e:	2800      	cmp	r0, #0
10006950:	d0f4      	beq.n	1000693c <xQueueReceive+0x8c>
10006952:	f001 f8e5 	bl	10007b20 <vTaskMissedYield>
10006956:	1e6b      	subs	r3, r5, #1
10006958:	b2da      	uxtb	r2, r3
1000695a:	b25d      	sxtb	r5, r3
1000695c:	2a00      	cmp	r2, #0
1000695e:	d1f1      	bne.n	10006944 <xQueueReceive+0x94>
10006960:	23ff      	movs	r3, #255	@ 0xff
10006962:	f884 3045 	strb.w	r3, [r4, #69]	@ 0x45
10006966:	f001 fbf7 	bl	10008158 <vPortExitCritical>
1000696a:	f001 fbe7 	bl	1000813c <vPortEnterCritical>
1000696e:	f894 3044 	ldrb.w	r3, [r4, #68]	@ 0x44
10006972:	b25d      	sxtb	r5, r3
10006974:	2d00      	cmp	r5, #0
10006976:	dd14      	ble.n	100069a2 <xQueueReceive+0xf2>
10006978:	f104 0910 	add.w	r9, r4, #16
1000697c:	e003      	b.n	10006986 <xQueueReceive+0xd6>
1000697e:	1e6b      	subs	r3, r5, #1
10006980:	b2da      	uxtb	r2, r3
10006982:	b25d      	sxtb	r5, r3
10006984:	b16a      	cbz	r2, 100069a2 <xQueueReceive+0xf2>
10006986:	6923      	ldr	r3, [r4, #16]
10006988:	b15b      	cbz	r3, 100069a2 <xQueueReceive+0xf2>
1000698a:	4648      	mov	r0, r9
1000698c:	f001 f824 	bl	100079d8 <xTaskRemoveFromEventList>
10006990:	2800      	cmp	r0, #0
10006992:	d0f4      	beq.n	1000697e <xQueueReceive+0xce>
10006994:	f001 f8c4 	bl	10007b20 <vTaskMissedYield>
10006998:	1e6b      	subs	r3, r5, #1
1000699a:	b2da      	uxtb	r2, r3
1000699c:	b25d      	sxtb	r5, r3
1000699e:	2a00      	cmp	r2, #0
100069a0:	d1f1      	bne.n	10006986 <xQueueReceive+0xd6>
100069a2:	23ff      	movs	r3, #255	@ 0xff
100069a4:	f884 3044 	strb.w	r3, [r4, #68]	@ 0x44
100069a8:	f001 fbd6 	bl	10008158 <vPortExitCritical>
100069ac:	f000 fdf8 	bl	100075a0 <xTaskResumeAll>
100069b0:	2800      	cmp	r0, #0
100069b2:	d14a      	bne.n	10006a4a <xQueueReceive+0x19a>
100069b4:	f001 fbb6 	bl	10008124 <vPortYield>
100069b8:	e047      	b.n	10006a4a <xQueueReceive+0x19a>
100069ba:	f001 fbbf 	bl	1000813c <vPortEnterCritical>
100069be:	f894 3045 	ldrb.w	r3, [r4, #69]	@ 0x45
100069c2:	b25d      	sxtb	r5, r3
100069c4:	2d00      	cmp	r5, #0
100069c6:	dc04      	bgt.n	100069d2 <xQueueReceive+0x122>
100069c8:	e011      	b.n	100069ee <xQueueReceive+0x13e>
100069ca:	1e6b      	subs	r3, r5, #1
100069cc:	b2da      	uxtb	r2, r3
100069ce:	b25d      	sxtb	r5, r3
100069d0:	b16a      	cbz	r2, 100069ee <xQueueReceive+0x13e>
100069d2:	6a63      	ldr	r3, [r4, #36]	@ 0x24
100069d4:	b15b      	cbz	r3, 100069ee <xQueueReceive+0x13e>
100069d6:	4630      	mov	r0, r6
100069d8:	f000 fffe 	bl	100079d8 <xTaskRemoveFromEventList>
100069dc:	2800      	cmp	r0, #0
100069de:	d0f4      	beq.n	100069ca <xQueueReceive+0x11a>
100069e0:	f001 f89e 	bl	10007b20 <vTaskMissedYield>
100069e4:	1e6b      	subs	r3, r5, #1
100069e6:	b2da      	uxtb	r2, r3
100069e8:	b25d      	sxtb	r5, r3
100069ea:	2a00      	cmp	r2, #0
100069ec:	d1f1      	bne.n	100069d2 <xQueueReceive+0x122>
100069ee:	23ff      	movs	r3, #255	@ 0xff
100069f0:	f884 3045 	strb.w	r3, [r4, #69]	@ 0x45
100069f4:	f001 fbb0 	bl	10008158 <vPortExitCritical>
100069f8:	f001 fba0 	bl	1000813c <vPortEnterCritical>
100069fc:	f894 3044 	ldrb.w	r3, [r4, #68]	@ 0x44
10006a00:	b25d      	sxtb	r5, r3
10006a02:	2d00      	cmp	r5, #0
10006a04:	dd14      	ble.n	10006a30 <xQueueReceive+0x180>
10006a06:	f104 0910 	add.w	r9, r4, #16
10006a0a:	e003      	b.n	10006a14 <xQueueReceive+0x164>
10006a0c:	1e6b      	subs	r3, r5, #1
10006a0e:	b2da      	uxtb	r2, r3
10006a10:	b25d      	sxtb	r5, r3
10006a12:	b16a      	cbz	r2, 10006a30 <xQueueReceive+0x180>
10006a14:	6923      	ldr	r3, [r4, #16]
10006a16:	b15b      	cbz	r3, 10006a30 <xQueueReceive+0x180>
10006a18:	4648      	mov	r0, r9
10006a1a:	f000 ffdd 	bl	100079d8 <xTaskRemoveFromEventList>
10006a1e:	2800      	cmp	r0, #0
10006a20:	d0f4      	beq.n	10006a0c <xQueueReceive+0x15c>
10006a22:	f001 f87d 	bl	10007b20 <vTaskMissedYield>
10006a26:	1e6b      	subs	r3, r5, #1
10006a28:	b2da      	uxtb	r2, r3
10006a2a:	b25d      	sxtb	r5, r3
10006a2c:	2a00      	cmp	r2, #0
10006a2e:	d1f1      	bne.n	10006a14 <xQueueReceive+0x164>
10006a30:	23ff      	movs	r3, #255	@ 0xff
10006a32:	f884 3044 	strb.w	r3, [r4, #68]	@ 0x44
10006a36:	f001 fb8f 	bl	10008158 <vPortExitCritical>
10006a3a:	f000 fdb1 	bl	100075a0 <xTaskResumeAll>
10006a3e:	f001 fb7d 	bl	1000813c <vPortEnterCritical>
10006a42:	6ba3      	ldr	r3, [r4, #56]	@ 0x38
10006a44:	b153      	cbz	r3, 10006a5c <xQueueReceive+0x1ac>
10006a46:	f001 fb87 	bl	10008158 <vPortExitCritical>
10006a4a:	f001 fb77 	bl	1000813c <vPortEnterCritical>
10006a4e:	6ba5      	ldr	r5, [r4, #56]	@ 0x38
10006a50:	2d00      	cmp	r5, #0
10006a52:	d150      	bne.n	10006af6 <xQueueReceive+0x246>
10006a54:	9b01      	ldr	r3, [sp, #4]
10006a56:	2b00      	cmp	r3, #0
10006a58:	f47f af40 	bne.w	100068dc <xQueueReceive+0x2c>
10006a5c:	f001 fb7c 	bl	10008158 <vPortExitCritical>
10006a60:	2000      	movs	r0, #0
10006a62:	b005      	add	sp, #20
10006a64:	e8bd 83f0 	ldmia.w	sp!, {r4, r5, r6, r7, r8, r9, pc}
10006a68:	f001 fb76 	bl	10008158 <vPortExitCritical>
10006a6c:	f001 fb66 	bl	1000813c <vPortEnterCritical>
10006a70:	f894 3045 	ldrb.w	r3, [r4, #69]	@ 0x45
10006a74:	b25d      	sxtb	r5, r3
10006a76:	2d00      	cmp	r5, #0
10006a78:	dd14      	ble.n	10006aa4 <xQueueReceive+0x1f4>
10006a7a:	f104 0924 	add.w	r9, r4, #36	@ 0x24
10006a7e:	e003      	b.n	10006a88 <xQueueReceive+0x1d8>
10006a80:	1e6b      	subs	r3, r5, #1
10006a82:	b2da      	uxtb	r2, r3
10006a84:	b25d      	sxtb	r5, r3
10006a86:	b16a      	cbz	r2, 10006aa4 <xQueueReceive+0x1f4>
10006a88:	6a63      	ldr	r3, [r4, #36]	@ 0x24
10006a8a:	b15b      	cbz	r3, 10006aa4 <xQueueReceive+0x1f4>
10006a8c:	4648      	mov	r0, r9
10006a8e:	f000 ffa3 	bl	100079d8 <xTaskRemoveFromEventList>
10006a92:	2800      	cmp	r0, #0
10006a94:	d0f4      	beq.n	10006a80 <xQueueReceive+0x1d0>
10006a96:	f001 f843 	bl	10007b20 <vTaskMissedYield>
10006a9a:	1e6b      	subs	r3, r5, #1
10006a9c:	b2da      	uxtb	r2, r3
10006a9e:	b25d      	sxtb	r5, r3
10006aa0:	2a00      	cmp	r2, #0
10006aa2:	d1f1      	bne.n	10006a88 <xQueueReceive+0x1d8>
10006aa4:	23ff      	movs	r3, #255	@ 0xff
10006aa6:	f884 3045 	strb.w	r3, [r4, #69]	@ 0x45
10006aaa:	f001 fb55 	bl	10008158 <vPortExitCritical>
10006aae:	f001 fb45 	bl	1000813c <vPortEnterCritical>
10006ab2:	f894 3044 	ldrb.w	r3, [r4, #68]	@ 0x44
10006ab6:	b25d      	sxtb	r5, r3
10006ab8:	2d00      	cmp	r5, #0
10006aba:	dd14      	ble.n	10006ae6 <xQueueReceive+0x236>
10006abc:	f104 0910 	add.w	r9, r4, #16
10006ac0:	e003      	b.n	10006aca <xQueueReceive+0x21a>
10006ac2:	1e6b      	subs	r3, r5, #1
10006ac4:	b2da      	uxtb	r2, r3
10006ac6:	b25d      	sxtb	r5, r3
10006ac8:	b16a      	cbz	r2, 10006ae6 <xQueueReceive+0x236>
10006aca:	6923      	ldr	r3, [r4, #16]
10006acc:	b15b      	cbz	r3, 10006ae6 <xQueueReceive+0x236>
10006ace:	4648      	mov	r0, r9
10006ad0:	f000 ff82 	bl	100079d8 <xTaskRemoveFromEventList>
10006ad4:	2800      	cmp	r0, #0
10006ad6:	d0f4      	beq.n	10006ac2 <xQueueReceive+0x212>
10006ad8:	f001 f822 	bl	10007b20 <vTaskMissedYield>
10006adc:	1e6b      	subs	r3, r5, #1
10006ade:	b2da      	uxtb	r2, r3
10006ae0:	b25d      	sxtb	r5, r3
10006ae2:	2a00      	cmp	r2, #0
10006ae4:	d1f1      	bne.n	10006aca <xQueueReceive+0x21a>
10006ae6:	23ff      	movs	r3, #255	@ 0xff
10006ae8:	f884 3044 	strb.w	r3, [r4, #68]	@ 0x44
10006aec:	f001 fb34 	bl	10008158 <vPortExitCritical>
10006af0:	f000 fd56 	bl	100075a0 <xTaskResumeAll>
10006af4:	e7a9      	b.n	10006a4a <xQueueReceive+0x19a>
10006af6:	6c22      	ldr	r2, [r4, #64]	@ 0x40
10006af8:	b15a      	cbz	r2, 10006b12 <xQueueReceive+0x262>
10006afa:	68e1      	ldr	r1, [r4, #12]
10006afc:	68a3      	ldr	r3, [r4, #8]
10006afe:	4411      	add	r1, r2
10006b00:	4299      	cmp	r1, r3
10006b02:	60e1      	str	r1, [r4, #12]
10006b04:	bf28      	it	cs
10006b06:	6821      	ldrcs	r1, [r4, #0]
10006b08:	4640      	mov	r0, r8
10006b0a:	bf28      	it	cs
10006b0c:	60e1      	strcs	r1, [r4, #12]
10006b0e:	f002 f96d 	bl	10008dec <memcpy>
10006b12:	6923      	ldr	r3, [r4, #16]
10006b14:	3d01      	subs	r5, #1
10006b16:	63a5      	str	r5, [r4, #56]	@ 0x38
10006b18:	b92b      	cbnz	r3, 10006b26 <xQueueReceive+0x276>
10006b1a:	f001 fb1d 	bl	10008158 <vPortExitCritical>
10006b1e:	2001      	movs	r0, #1
10006b20:	b005      	add	sp, #20
10006b22:	e8bd 83f0 	ldmia.w	sp!, {r4, r5, r6, r7, r8, r9, pc}
10006b26:	f104 0010 	add.w	r0, r4, #16
10006b2a:	f000 ff55 	bl	100079d8 <xTaskRemoveFromEventList>
10006b2e:	2800      	cmp	r0, #0
10006b30:	d0f3      	beq.n	10006b1a <xQueueReceive+0x26a>
10006b32:	f001 faf7 	bl	10008124 <vPortYield>
10006b36:	e7f0      	b.n	10006b1a <xQueueReceive+0x26a>

10006b38 <xQueueSemaphoreTake>:
10006b38:	e92d 43f0 	stmdb	sp!, {r4, r5, r6, r7, r8, r9, lr}
10006b3c:	4604      	mov	r4, r0
10006b3e:	b085      	sub	sp, #20
10006b40:	9101      	str	r1, [sp, #4]
10006b42:	f001 fafb 	bl	1000813c <vPortEnterCritical>
10006b46:	6ba5      	ldr	r5, [r4, #56]	@ 0x38
10006b48:	2d00      	cmp	r5, #0
10006b4a:	f040 813b 	bne.w	10006dc4 <xQueueSemaphoreTake+0x28c>
10006b4e:	9b01      	ldr	r3, [sp, #4]
10006b50:	2b00      	cmp	r3, #0
10006b52:	f000 8081 	beq.w	10006c58 <xQueueSemaphoreTake+0x120>
10006b56:	a802      	add	r0, sp, #8
10006b58:	f000 ffa6 	bl	10007aa8 <vTaskInternalSetTimeOutState>
10006b5c:	462f      	mov	r7, r5
10006b5e:	46a8      	mov	r8, r5
10006b60:	f104 0624 	add.w	r6, r4, #36	@ 0x24
10006b64:	f001 faf8 	bl	10008158 <vPortExitCritical>
10006b68:	f000 fd12 	bl	10007590 <vTaskSuspendAll>
10006b6c:	f001 fae6 	bl	1000813c <vPortEnterCritical>
10006b70:	f894 3044 	ldrb.w	r3, [r4, #68]	@ 0x44
10006b74:	2bff      	cmp	r3, #255	@ 0xff
10006b76:	bf08      	it	eq
10006b78:	f884 8044 	strbeq.w	r8, [r4, #68]	@ 0x44
10006b7c:	f894 3045 	ldrb.w	r3, [r4, #69]	@ 0x45
10006b80:	2bff      	cmp	r3, #255	@ 0xff
10006b82:	bf08      	it	eq
10006b84:	f884 8045 	strbeq.w	r8, [r4, #69]	@ 0x45
10006b88:	f001 fae6 	bl	10008158 <vPortExitCritical>
10006b8c:	a901      	add	r1, sp, #4
10006b8e:	a802      	add	r0, sp, #8
10006b90:	f000 ff96 	bl	10007ac0 <xTaskCheckForTimeOut>
10006b94:	2800      	cmp	r0, #0
10006b96:	d162      	bne.n	10006c5e <xQueueSemaphoreTake+0x126>
10006b98:	f001 fad0 	bl	1000813c <vPortEnterCritical>
10006b9c:	6ba3      	ldr	r3, [r4, #56]	@ 0x38
10006b9e:	2b00      	cmp	r3, #0
10006ba0:	f040 80ac 	bne.w	10006cfc <xQueueSemaphoreTake+0x1c4>
10006ba4:	f001 fad8 	bl	10008158 <vPortExitCritical>
10006ba8:	6823      	ldr	r3, [r4, #0]
10006baa:	2b00      	cmp	r3, #0
10006bac:	f000 8101 	beq.w	10006db2 <xQueueSemaphoreTake+0x27a>
10006bb0:	f104 0924 	add.w	r9, r4, #36	@ 0x24
10006bb4:	4648      	mov	r0, r9
10006bb6:	9901      	ldr	r1, [sp, #4]
10006bb8:	f000 fe5c 	bl	10007874 <vTaskPlaceOnEventList>
10006bbc:	f001 fabe 	bl	1000813c <vPortEnterCritical>
10006bc0:	f894 3045 	ldrb.w	r3, [r4, #69]	@ 0x45
10006bc4:	b25d      	sxtb	r5, r3
10006bc6:	2d00      	cmp	r5, #0
10006bc8:	dc04      	bgt.n	10006bd4 <xQueueSemaphoreTake+0x9c>
10006bca:	e011      	b.n	10006bf0 <xQueueSemaphoreTake+0xb8>
10006bcc:	1e6b      	subs	r3, r5, #1
10006bce:	b2da      	uxtb	r2, r3
10006bd0:	b25d      	sxtb	r5, r3
10006bd2:	b16a      	cbz	r2, 10006bf0 <xQueueSemaphoreTake+0xb8>
10006bd4:	6a63      	ldr	r3, [r4, #36]	@ 0x24
10006bd6:	b15b      	cbz	r3, 10006bf0 <xQueueSemaphoreTake+0xb8>
10006bd8:	4648      	mov	r0, r9
10006bda:	f000 fefd 	bl	100079d8 <xTaskRemoveFromEventList>
10006bde:	2800      	cmp	r0, #0
10006be0:	d0f4      	beq.n	10006bcc <xQueueSemaphoreTake+0x94>
10006be2:	f000 ff9d 	bl	10007b20 <vTaskMissedYield>
10006be6:	1e6b      	subs	r3, r5, #1
10006be8:	b2da      	uxtb	r2, r3
10006bea:	b25d      	sxtb	r5, r3
10006bec:	2a00      	cmp	r2, #0
10006bee:	d1f1      	bne.n	10006bd4 <xQueueSemaphoreTake+0x9c>
10006bf0:	23ff      	movs	r3, #255	@ 0xff
10006bf2:	f884 3045 	strb.w	r3, [r4, #69]	@ 0x45
10006bf6:	f001 faaf 	bl	10008158 <vPortExitCritical>
10006bfa:	f001 fa9f 	bl	1000813c <vPortEnterCritical>
10006bfe:	f894 3044 	ldrb.w	r3, [r4, #68]	@ 0x44
10006c02:	b25d      	sxtb	r5, r3
10006c04:	2d00      	cmp	r5, #0
10006c06:	dd14      	ble.n	10006c32 <xQueueSemaphoreTake+0xfa>
10006c08:	f104 0910 	add.w	r9, r4, #16
10006c0c:	e003      	b.n	10006c16 <xQueueSemaphoreTake+0xde>
10006c0e:	1e6b      	subs	r3, r5, #1
10006c10:	b2da      	uxtb	r2, r3
10006c12:	b25d      	sxtb	r5, r3
10006c14:	b16a      	cbz	r2, 10006c32 <xQueueSemaphoreTake+0xfa>
10006c16:	6923      	ldr	r3, [r4, #16]
10006c18:	b15b      	cbz	r3, 10006c32 <xQueueSemaphoreTake+0xfa>
10006c1a:	4648      	mov	r0, r9
10006c1c:	f000 fedc 	bl	100079d8 <xTaskRemoveFromEventList>
10006c20:	2800      	cmp	r0, #0
10006c22:	d0f4      	beq.n	10006c0e <xQueueSemaphoreTake+0xd6>
10006c24:	f000 ff7c 	bl	10007b20 <vTaskMissedYield>
10006c28:	1e6b      	subs	r3, r5, #1
10006c2a:	b2da      	uxtb	r2, r3
10006c2c:	b25d      	sxtb	r5, r3
10006c2e:	2a00      	cmp	r2, #0
10006c30:	d1f1      	bne.n	10006c16 <xQueueSemaphoreTake+0xde>
10006c32:	23ff      	movs	r3, #255	@ 0xff
10006c34:	f884 3044 	strb.w	r3, [r4, #68]	@ 0x44
10006c38:	f001 fa8e 	bl	10008158 <vPortExitCritical>
10006c3c:	f000 fcb0 	bl	100075a0 <xTaskResumeAll>
10006c40:	2800      	cmp	r0, #0
10006c42:	f000 80a5 	beq.w	10006d90 <xQueueSemaphoreTake+0x258>
10006c46:	f001 fa79 	bl	1000813c <vPortEnterCritical>
10006c4a:	6ba5      	ldr	r5, [r4, #56]	@ 0x38
10006c4c:	2d00      	cmp	r5, #0
10006c4e:	f040 80b9 	bne.w	10006dc4 <xQueueSemaphoreTake+0x28c>
10006c52:	9b01      	ldr	r3, [sp, #4]
10006c54:	2b00      	cmp	r3, #0
10006c56:	d185      	bne.n	10006b64 <xQueueSemaphoreTake+0x2c>
10006c58:	f001 fa7e 	bl	10008158 <vPortExitCritical>
10006c5c:	e04a      	b.n	10006cf4 <xQueueSemaphoreTake+0x1bc>
10006c5e:	f001 fa6d 	bl	1000813c <vPortEnterCritical>
10006c62:	f894 3045 	ldrb.w	r3, [r4, #69]	@ 0x45
10006c66:	b25d      	sxtb	r5, r3
10006c68:	2d00      	cmp	r5, #0
10006c6a:	dc04      	bgt.n	10006c76 <xQueueSemaphoreTake+0x13e>
10006c6c:	e011      	b.n	10006c92 <xQueueSemaphoreTake+0x15a>
10006c6e:	1e6b      	subs	r3, r5, #1
10006c70:	b2da      	uxtb	r2, r3
10006c72:	b25d      	sxtb	r5, r3
10006c74:	b16a      	cbz	r2, 10006c92 <xQueueSemaphoreTake+0x15a>
10006c76:	6a63      	ldr	r3, [r4, #36]	@ 0x24
10006c78:	b15b      	cbz	r3, 10006c92 <xQueueSemaphoreTake+0x15a>
10006c7a:	4630      	mov	r0, r6
10006c7c:	f000 feac 	bl	100079d8 <xTaskRemoveFromEventList>
10006c80:	2800      	cmp	r0, #0
10006c82:	d0f4      	beq.n	10006c6e <xQueueSemaphoreTake+0x136>
10006c84:	f000 ff4c 	bl	10007b20 <vTaskMissedYield>
10006c88:	1e6b      	subs	r3, r5, #1
10006c8a:	b2da      	uxtb	r2, r3
10006c8c:	b25d      	sxtb	r5, r3
10006c8e:	2a00      	cmp	r2, #0
10006c90:	d1f1      	bne.n	10006c76 <xQueueSemaphoreTake+0x13e>
10006c92:	23ff      	movs	r3, #255	@ 0xff
10006c94:	f884 3045 	strb.w	r3, [r4, #69]	@ 0x45
10006c98:	f001 fa5e 	bl	10008158 <vPortExitCritical>
10006c9c:	f001 fa4e 	bl	1000813c <vPortEnterCritical>
10006ca0:	f894 3044 	ldrb.w	r3, [r4, #68]	@ 0x44
10006ca4:	b25d      	sxtb	r5, r3
10006ca6:	2d00      	cmp	r5, #0
10006ca8:	dd14      	ble.n	10006cd4 <xQueueSemaphoreTake+0x19c>
10006caa:	f104 0910 	add.w	r9, r4, #16
10006cae:	e003      	b.n	10006cb8 <xQueueSemaphoreTake+0x180>
10006cb0:	1e6b      	subs	r3, r5, #1
10006cb2:	b2da      	uxtb	r2, r3
10006cb4:	b25d      	sxtb	r5, r3
10006cb6:	b16a      	cbz	r2, 10006cd4 <xQueueSemaphoreTake+0x19c>
10006cb8:	6923      	ldr	r3, [r4, #16]
10006cba:	b15b      	cbz	r3, 10006cd4 <xQueueSemaphoreTake+0x19c>
10006cbc:	4648      	mov	r0, r9
10006cbe:	f000 fe8b 	bl	100079d8 <xTaskRemoveFromEventList>
10006cc2:	2800      	cmp	r0, #0
10006cc4:	d0f4      	beq.n	10006cb0 <xQueueSemaphoreTake+0x178>
10006cc6:	f000 ff2b 	bl	10007b20 <vTaskMissedYield>
10006cca:	1e6b      	subs	r3, r5, #1
10006ccc:	b2da      	uxtb	r2, r3
10006cce:	b25d      	sxtb	r5, r3
10006cd0:	2a00      	cmp	r2, #0
10006cd2:	d1f1      	bne.n	10006cb8 <xQueueSemaphoreTake+0x180>
10006cd4:	23ff      	movs	r3, #255	@ 0xff
10006cd6:	f884 3044 	strb.w	r3, [r4, #68]	@ 0x44
10006cda:	f001 fa3d 	bl	10008158 <vPortExitCritical>
10006cde:	f000 fc5f 	bl	100075a0 <xTaskResumeAll>
10006ce2:	f001 fa2b 	bl	1000813c <vPortEnterCritical>
10006ce6:	6ba3      	ldr	r3, [r4, #56]	@ 0x38
10006ce8:	2b00      	cmp	r3, #0
10006cea:	d14e      	bne.n	10006d8a <xQueueSemaphoreTake+0x252>
10006cec:	f001 fa34 	bl	10008158 <vPortExitCritical>
10006cf0:	2f00      	cmp	r7, #0
10006cf2:	d150      	bne.n	10006d96 <xQueueSemaphoreTake+0x25e>
10006cf4:	2000      	movs	r0, #0
10006cf6:	b005      	add	sp, #20
10006cf8:	e8bd 83f0 	ldmia.w	sp!, {r4, r5, r6, r7, r8, r9, pc}
10006cfc:	f001 fa2c 	bl	10008158 <vPortExitCritical>
10006d00:	f001 fa1c 	bl	1000813c <vPortEnterCritical>
10006d04:	f894 3045 	ldrb.w	r3, [r4, #69]	@ 0x45
10006d08:	b25d      	sxtb	r5, r3
10006d0a:	2d00      	cmp	r5, #0
10006d0c:	dd14      	ble.n	10006d38 <xQueueSemaphoreTake+0x200>
10006d0e:	f104 0924 	add.w	r9, r4, #36	@ 0x24
10006d12:	e003      	b.n	10006d1c <xQueueSemaphoreTake+0x1e4>
10006d14:	1e6b      	subs	r3, r5, #1
10006d16:	b2da      	uxtb	r2, r3
10006d18:	b25d      	sxtb	r5, r3
10006d1a:	b16a      	cbz	r2, 10006d38 <xQueueSemaphoreTake+0x200>
10006d1c:	6a63      	ldr	r3, [r4, #36]	@ 0x24
10006d1e:	b15b      	cbz	r3, 10006d38 <xQueueSemaphoreTake+0x200>
10006d20:	4648      	mov	r0, r9
10006d22:	f000 fe59 	bl	100079d8 <xTaskRemoveFromEventList>
10006d26:	2800      	cmp	r0, #0
10006d28:	d0f4      	beq.n	10006d14 <xQueueSemaphoreTake+0x1dc>
10006d2a:	f000 fef9 	bl	10007b20 <vTaskMissedYield>
10006d2e:	1e6b      	subs	r3, r5, #1
10006d30:	b2da      	uxtb	r2, r3
10006d32:	b25d      	sxtb	r5, r3
10006d34:	2a00      	cmp	r2, #0
10006d36:	d1f1      	bne.n	10006d1c <xQueueSemaphoreTake+0x1e4>
10006d38:	23ff      	movs	r3, #255	@ 0xff
10006d3a:	f884 3045 	strb.w	r3, [r4, #69]	@ 0x45
10006d3e:	f001 fa0b 	bl	10008158 <vPortExitCritical>
10006d42:	f001 f9fb 	bl	1000813c <vPortEnterCritical>
10006d46:	f894 3044 	ldrb.w	r3, [r4, #68]	@ 0x44
10006d4a:	b25d      	sxtb	r5, r3
10006d4c:	2d00      	cmp	r5, #0
10006d4e:	dd14      	ble.n	10006d7a <xQueueSemaphoreTake+0x242>
10006d50:	f104 0910 	add.w	r9, r4, #16
10006d54:	e003      	b.n	10006d5e <xQueueSemaphoreTake+0x226>
10006d56:	1e6b      	subs	r3, r5, #1
10006d58:	b2da      	uxtb	r2, r3
10006d5a:	b25d      	sxtb	r5, r3
10006d5c:	b16a      	cbz	r2, 10006d7a <xQueueSemaphoreTake+0x242>
10006d5e:	6923      	ldr	r3, [r4, #16]
10006d60:	b15b      	cbz	r3, 10006d7a <xQueueSemaphoreTake+0x242>
10006d62:	4648      	mov	r0, r9
10006d64:	f000 fe38 	bl	100079d8 <xTaskRemoveFromEventList>
10006d68:	2800      	cmp	r0, #0
10006d6a:	d0f4      	beq.n	10006d56 <xQueueSemaphoreTake+0x21e>
10006d6c:	f000 fed8 	bl	10007b20 <vTaskMissedYield>
10006d70:	1e6b      	subs	r3, r5, #1
10006d72:	b2da      	uxtb	r2, r3
10006d74:	b25d      	sxtb	r5, r3
10006d76:	2a00      	cmp	r2, #0
10006d78:	d1f1      	bne.n	10006d5e <xQueueSemaphoreTake+0x226>
10006d7a:	23ff      	movs	r3, #255	@ 0xff
10006d7c:	f884 3044 	strb.w	r3, [r4, #68]	@ 0x44
10006d80:	f001 f9ea 	bl	10008158 <vPortExitCritical>
10006d84:	f000 fc0c 	bl	100075a0 <xTaskResumeAll>
10006d88:	e75d      	b.n	10006c46 <xQueueSemaphoreTake+0x10e>
10006d8a:	f001 f9e5 	bl	10008158 <vPortExitCritical>
10006d8e:	e75a      	b.n	10006c46 <xQueueSemaphoreTake+0x10e>
10006d90:	f001 f9c8 	bl	10008124 <vPortYield>
10006d94:	e757      	b.n	10006c46 <xQueueSemaphoreTake+0x10e>
10006d96:	f001 f9d1 	bl	1000813c <vPortEnterCritical>
10006d9a:	6a61      	ldr	r1, [r4, #36]	@ 0x24
10006d9c:	b119      	cbz	r1, 10006da6 <xQueueSemaphoreTake+0x26e>
10006d9e:	6b23      	ldr	r3, [r4, #48]	@ 0x30
10006da0:	6819      	ldr	r1, [r3, #0]
10006da2:	f1c1 0106 	rsb	r1, r1, #6
10006da6:	68a0      	ldr	r0, [r4, #8]
10006da8:	f000 ff3e 	bl	10007c28 <vTaskPriorityDisinheritAfterTimeout>
10006dac:	f001 f9d4 	bl	10008158 <vPortExitCritical>
10006db0:	e7a0      	b.n	10006cf4 <xQueueSemaphoreTake+0x1bc>
10006db2:	f001 f9c3 	bl	1000813c <vPortEnterCritical>
10006db6:	68a0      	ldr	r0, [r4, #8]
10006db8:	f000 feb8 	bl	10007b2c <xTaskPriorityInherit>
10006dbc:	4607      	mov	r7, r0
10006dbe:	f001 f9cb 	bl	10008158 <vPortExitCritical>
10006dc2:	e6f5      	b.n	10006bb0 <xQueueSemaphoreTake+0x78>
10006dc4:	6823      	ldr	r3, [r4, #0]
10006dc6:	3d01      	subs	r5, #1
10006dc8:	63a5      	str	r5, [r4, #56]	@ 0x38
10006dca:	b183      	cbz	r3, 10006dee <xQueueSemaphoreTake+0x2b6>
10006dcc:	6923      	ldr	r3, [r4, #16]
10006dce:	b92b      	cbnz	r3, 10006ddc <xQueueSemaphoreTake+0x2a4>
10006dd0:	f001 f9c2 	bl	10008158 <vPortExitCritical>
10006dd4:	2001      	movs	r0, #1
10006dd6:	b005      	add	sp, #20
10006dd8:	e8bd 83f0 	ldmia.w	sp!, {r4, r5, r6, r7, r8, r9, pc}
10006ddc:	f104 0010 	add.w	r0, r4, #16
10006de0:	f000 fdfa 	bl	100079d8 <xTaskRemoveFromEventList>
10006de4:	2800      	cmp	r0, #0
10006de6:	d0f3      	beq.n	10006dd0 <xQueueSemaphoreTake+0x298>
10006de8:	f001 f99c 	bl	10008124 <vPortYield>
10006dec:	e7f0      	b.n	10006dd0 <xQueueSemaphoreTake+0x298>
10006dee:	f000 ff57 	bl	10007ca0 <pvTaskIncrementMutexHeldCount>
10006df2:	60a0      	str	r0, [r4, #8]
10006df4:	e7ea      	b.n	10006dcc <xQueueSemaphoreTake+0x294>
10006df6:	bf00      	nop

10006df8 <vQueueAddToRegistry>:
10006df8:	2900      	cmp	r1, #0
10006dfa:	d06b      	beq.n	10006ed4 <vQueueAddToRegistry+0xdc>
10006dfc:	4b56      	ldr	r3, [pc, #344]	@ (10006f58 <vQueueAddToRegistry+0x160>)
10006dfe:	685a      	ldr	r2, [r3, #4]
10006e00:	4290      	cmp	r0, r2
10006e02:	f000 808b 	beq.w	10006f1c <vQueueAddToRegistry+0x124>
10006e06:	681a      	ldr	r2, [r3, #0]
10006e08:	b410      	push	{r4}
10006e0a:	2a00      	cmp	r2, #0
10006e0c:	d03b      	beq.n	10006e86 <vQueueAddToRegistry+0x8e>
10006e0e:	68da      	ldr	r2, [r3, #12]
10006e10:	4290      	cmp	r0, r2
10006e12:	f000 809e 	beq.w	10006f52 <vQueueAddToRegistry+0x15a>
10006e16:	689a      	ldr	r2, [r3, #8]
10006e18:	2a00      	cmp	r2, #0
10006e1a:	d055      	beq.n	10006ec8 <vQueueAddToRegistry+0xd0>
10006e1c:	695a      	ldr	r2, [r3, #20]
10006e1e:	4290      	cmp	r0, r2
10006e20:	f000 8095 	beq.w	10006f4e <vQueueAddToRegistry+0x156>
10006e24:	691a      	ldr	r2, [r3, #16]
10006e26:	2a00      	cmp	r2, #0
10006e28:	d055      	beq.n	10006ed6 <vQueueAddToRegistry+0xde>
10006e2a:	69da      	ldr	r2, [r3, #28]
10006e2c:	4290      	cmp	r0, r2
10006e2e:	f000 8082 	beq.w	10006f36 <vQueueAddToRegistry+0x13e>
10006e32:	699a      	ldr	r2, [r3, #24]
10006e34:	2a00      	cmp	r2, #0
10006e36:	d054      	beq.n	10006ee2 <vQueueAddToRegistry+0xea>
10006e38:	6a5a      	ldr	r2, [r3, #36]	@ 0x24
10006e3a:	4290      	cmp	r0, r2
10006e3c:	d056      	beq.n	10006eec <vQueueAddToRegistry+0xf4>
10006e3e:	6a1a      	ldr	r2, [r3, #32]
10006e40:	2a00      	cmp	r2, #0
10006e42:	d057      	beq.n	10006ef4 <vQueueAddToRegistry+0xfc>
10006e44:	6ada      	ldr	r2, [r3, #44]	@ 0x2c
10006e46:	4290      	cmp	r0, r2
10006e48:	d077      	beq.n	10006f3a <vQueueAddToRegistry+0x142>
10006e4a:	6a9a      	ldr	r2, [r3, #40]	@ 0x28
10006e4c:	2a00      	cmp	r2, #0
10006e4e:	d056      	beq.n	10006efe <vQueueAddToRegistry+0x106>
10006e50:	6b5a      	ldr	r2, [r3, #52]	@ 0x34
10006e52:	4290      	cmp	r0, r2
10006e54:	d073      	beq.n	10006f3e <vQueueAddToRegistry+0x146>
10006e56:	6b1a      	ldr	r2, [r3, #48]	@ 0x30
10006e58:	2a00      	cmp	r2, #0
10006e5a:	d055      	beq.n	10006f08 <vQueueAddToRegistry+0x110>
10006e5c:	6bda      	ldr	r2, [r3, #60]	@ 0x3c
10006e5e:	4290      	cmp	r0, r2
10006e60:	d06f      	beq.n	10006f42 <vQueueAddToRegistry+0x14a>
10006e62:	6b9a      	ldr	r2, [r3, #56]	@ 0x38
10006e64:	2a00      	cmp	r2, #0
10006e66:	d054      	beq.n	10006f12 <vQueueAddToRegistry+0x11a>
10006e68:	6c5a      	ldr	r2, [r3, #68]	@ 0x44
10006e6a:	4290      	cmp	r0, r2
10006e6c:	d06b      	beq.n	10006f46 <vQueueAddToRegistry+0x14e>
10006e6e:	6c1a      	ldr	r2, [r3, #64]	@ 0x40
10006e70:	2a00      	cmp	r2, #0
10006e72:	d059      	beq.n	10006f28 <vQueueAddToRegistry+0x130>
10006e74:	6cda      	ldr	r2, [r3, #76]	@ 0x4c
10006e76:	4290      	cmp	r0, r2
10006e78:	d067      	beq.n	10006f4a <vQueueAddToRegistry+0x152>
10006e7a:	6c9b      	ldr	r3, [r3, #72]	@ 0x48
10006e7c:	2b00      	cmp	r3, #0
10006e7e:	d058      	beq.n	10006f32 <vQueueAddToRegistry+0x13a>
10006e80:	f85d 4b04 	ldr.w	r4, [sp], #4
10006e84:	4770      	bx	lr
10006e86:	68da      	ldr	r2, [r3, #12]
10006e88:	4290      	cmp	r0, r2
10006e8a:	d062      	beq.n	10006f52 <vQueueAddToRegistry+0x15a>
10006e8c:	695a      	ldr	r2, [r3, #20]
10006e8e:	4290      	cmp	r0, r2
10006e90:	d05d      	beq.n	10006f4e <vQueueAddToRegistry+0x156>
10006e92:	461a      	mov	r2, r3
10006e94:	69dc      	ldr	r4, [r3, #28]
10006e96:	42a0      	cmp	r0, r4
10006e98:	d04d      	beq.n	10006f36 <vQueueAddToRegistry+0x13e>
10006e9a:	6a5c      	ldr	r4, [r3, #36]	@ 0x24
10006e9c:	42a0      	cmp	r0, r4
10006e9e:	d025      	beq.n	10006eec <vQueueAddToRegistry+0xf4>
10006ea0:	6adc      	ldr	r4, [r3, #44]	@ 0x2c
10006ea2:	42a0      	cmp	r0, r4
10006ea4:	d049      	beq.n	10006f3a <vQueueAddToRegistry+0x142>
10006ea6:	6b5c      	ldr	r4, [r3, #52]	@ 0x34
10006ea8:	42a0      	cmp	r0, r4
10006eaa:	d048      	beq.n	10006f3e <vQueueAddToRegistry+0x146>
10006eac:	6bdc      	ldr	r4, [r3, #60]	@ 0x3c
10006eae:	42a0      	cmp	r0, r4
10006eb0:	d047      	beq.n	10006f42 <vQueueAddToRegistry+0x14a>
10006eb2:	6c5c      	ldr	r4, [r3, #68]	@ 0x44
10006eb4:	42a0      	cmp	r0, r4
10006eb6:	d046      	beq.n	10006f46 <vQueueAddToRegistry+0x14e>
10006eb8:	6cdc      	ldr	r4, [r3, #76]	@ 0x4c
10006eba:	42a0      	cmp	r0, r4
10006ebc:	d045      	beq.n	10006f4a <vQueueAddToRegistry+0x152>
10006ebe:	e9c2 1000 	strd	r1, r0, [r2]
10006ec2:	f85d 4b04 	ldr.w	r4, [sp], #4
10006ec6:	4770      	bx	lr
10006ec8:	695a      	ldr	r2, [r3, #20]
10006eca:	4290      	cmp	r0, r2
10006ecc:	d03f      	beq.n	10006f4e <vQueueAddToRegistry+0x156>
10006ece:	f103 0208 	add.w	r2, r3, #8
10006ed2:	e7df      	b.n	10006e94 <vQueueAddToRegistry+0x9c>
10006ed4:	4770      	bx	lr
10006ed6:	69da      	ldr	r2, [r3, #28]
10006ed8:	4290      	cmp	r0, r2
10006eda:	d02c      	beq.n	10006f36 <vQueueAddToRegistry+0x13e>
10006edc:	f103 0210 	add.w	r2, r3, #16
10006ee0:	e7db      	b.n	10006e9a <vQueueAddToRegistry+0xa2>
10006ee2:	6a5a      	ldr	r2, [r3, #36]	@ 0x24
10006ee4:	4290      	cmp	r0, r2
10006ee6:	d001      	beq.n	10006eec <vQueueAddToRegistry+0xf4>
10006ee8:	4a1c      	ldr	r2, [pc, #112]	@ (10006f5c <vQueueAddToRegistry+0x164>)
10006eea:	e7d9      	b.n	10006ea0 <vQueueAddToRegistry+0xa8>
10006eec:	2204      	movs	r2, #4
10006eee:	eb03 02c2 	add.w	r2, r3, r2, lsl #3
10006ef2:	e7e4      	b.n	10006ebe <vQueueAddToRegistry+0xc6>
10006ef4:	6ada      	ldr	r2, [r3, #44]	@ 0x2c
10006ef6:	4290      	cmp	r0, r2
10006ef8:	d01f      	beq.n	10006f3a <vQueueAddToRegistry+0x142>
10006efa:	4a19      	ldr	r2, [pc, #100]	@ (10006f60 <vQueueAddToRegistry+0x168>)
10006efc:	e7d3      	b.n	10006ea6 <vQueueAddToRegistry+0xae>
10006efe:	6b5a      	ldr	r2, [r3, #52]	@ 0x34
10006f00:	4290      	cmp	r0, r2
10006f02:	d01c      	beq.n	10006f3e <vQueueAddToRegistry+0x146>
10006f04:	4a17      	ldr	r2, [pc, #92]	@ (10006f64 <vQueueAddToRegistry+0x16c>)
10006f06:	e7d1      	b.n	10006eac <vQueueAddToRegistry+0xb4>
10006f08:	6bda      	ldr	r2, [r3, #60]	@ 0x3c
10006f0a:	4290      	cmp	r0, r2
10006f0c:	d019      	beq.n	10006f42 <vQueueAddToRegistry+0x14a>
10006f0e:	4a16      	ldr	r2, [pc, #88]	@ (10006f68 <vQueueAddToRegistry+0x170>)
10006f10:	e7cf      	b.n	10006eb2 <vQueueAddToRegistry+0xba>
10006f12:	6c5a      	ldr	r2, [r3, #68]	@ 0x44
10006f14:	4290      	cmp	r0, r2
10006f16:	d016      	beq.n	10006f46 <vQueueAddToRegistry+0x14e>
10006f18:	4a14      	ldr	r2, [pc, #80]	@ (10006f6c <vQueueAddToRegistry+0x174>)
10006f1a:	e7cd      	b.n	10006eb8 <vQueueAddToRegistry+0xc0>
10006f1c:	2200      	movs	r2, #0
10006f1e:	eb03 02c2 	add.w	r2, r3, r2, lsl #3
10006f22:	e9c2 1000 	strd	r1, r0, [r2]
10006f26:	4770      	bx	lr
10006f28:	6cda      	ldr	r2, [r3, #76]	@ 0x4c
10006f2a:	4290      	cmp	r0, r2
10006f2c:	d00d      	beq.n	10006f4a <vQueueAddToRegistry+0x152>
10006f2e:	4a10      	ldr	r2, [pc, #64]	@ (10006f70 <vQueueAddToRegistry+0x178>)
10006f30:	e7c5      	b.n	10006ebe <vQueueAddToRegistry+0xc6>
10006f32:	4a10      	ldr	r2, [pc, #64]	@ (10006f74 <vQueueAddToRegistry+0x17c>)
10006f34:	e7c3      	b.n	10006ebe <vQueueAddToRegistry+0xc6>
10006f36:	2203      	movs	r2, #3
10006f38:	e7d9      	b.n	10006eee <vQueueAddToRegistry+0xf6>
10006f3a:	2205      	movs	r2, #5
10006f3c:	e7d7      	b.n	10006eee <vQueueAddToRegistry+0xf6>
10006f3e:	2206      	movs	r2, #6
10006f40:	e7d5      	b.n	10006eee <vQueueAddToRegistry+0xf6>
10006f42:	2207      	movs	r2, #7
10006f44:	e7d3      	b.n	10006eee <vQueueAddToRegistry+0xf6>
10006f46:	2208      	movs	r2, #8
10006f48:	e7d1      	b.n	10006eee <vQueueAddToRegistry+0xf6>
10006f4a:	2209      	movs	r2, #9
10006f4c:	e7cf      	b.n	10006eee <vQueueAddToRegistry+0xf6>
10006f4e:	2202      	movs	r2, #2
10006f50:	e7cd      	b.n	10006eee <vQueueAddToRegistry+0xf6>
10006f52:	2201      	movs	r2, #1
10006f54:	e7cb      	b.n	10006eee <vQueueAddToRegistry+0xf6>
10006f56:	bf00      	nop
10006f58:	20001ca0 	.word	0x20001ca0
10006f5c:	20001cb8 	.word	0x20001cb8
10006f60:	20001cc0 	.word	0x20001cc0
10006f64:	20001cc8 	.word	0x20001cc8
10006f68:	20001cd0 	.word	0x20001cd0
10006f6c:	20001cd8 	.word	0x20001cd8
10006f70:	20001ce0 	.word	0x20001ce0
10006f74:	20001ce8 	.word	0x20001ce8

10006f78 <vQueueWaitForMessageRestricted>:
10006f78:	b570      	push	{r4, r5, r6, lr}
10006f7a:	4605      	mov	r5, r0
10006f7c:	460e      	mov	r6, r1
10006f7e:	4614      	mov	r4, r2
10006f80:	f001 f8dc 	bl	1000813c <vPortEnterCritical>
10006f84:	f895 3044 	ldrb.w	r3, [r5, #68]	@ 0x44
10006f88:	2bff      	cmp	r3, #255	@ 0xff
10006f8a:	bf04      	itt	eq
10006f8c:	2300      	moveq	r3, #0
10006f8e:	f885 3044 	strbeq.w	r3, [r5, #68]	@ 0x44
10006f92:	f895 3045 	ldrb.w	r3, [r5, #69]	@ 0x45
10006f96:	2bff      	cmp	r3, #255	@ 0xff
10006f98:	bf04      	itt	eq
10006f9a:	2300      	moveq	r3, #0
10006f9c:	f885 3045 	strbeq.w	r3, [r5, #69]	@ 0x45
10006fa0:	f001 f8da 	bl	10008158 <vPortExitCritical>
10006fa4:	6bab      	ldr	r3, [r5, #56]	@ 0x38
10006fa6:	2b00      	cmp	r3, #0
10006fa8:	d043      	beq.n	10007032 <vQueueWaitForMessageRestricted+0xba>
10006faa:	f001 f8c7 	bl	1000813c <vPortEnterCritical>
10006fae:	f895 3045 	ldrb.w	r3, [r5, #69]	@ 0x45
10006fb2:	b25c      	sxtb	r4, r3
10006fb4:	2c00      	cmp	r4, #0
10006fb6:	dd14      	ble.n	10006fe2 <vQueueWaitForMessageRestricted+0x6a>
10006fb8:	f105 0624 	add.w	r6, r5, #36	@ 0x24
10006fbc:	e003      	b.n	10006fc6 <vQueueWaitForMessageRestricted+0x4e>
10006fbe:	1e63      	subs	r3, r4, #1
10006fc0:	b2da      	uxtb	r2, r3
10006fc2:	b25c      	sxtb	r4, r3
10006fc4:	b16a      	cbz	r2, 10006fe2 <vQueueWaitForMessageRestricted+0x6a>
10006fc6:	6a6b      	ldr	r3, [r5, #36]	@ 0x24
10006fc8:	b15b      	cbz	r3, 10006fe2 <vQueueWaitForMessageRestricted+0x6a>
10006fca:	4630      	mov	r0, r6
10006fcc:	f000 fd04 	bl	100079d8 <xTaskRemoveFromEventList>
10006fd0:	2800      	cmp	r0, #0
10006fd2:	d0f4      	beq.n	10006fbe <vQueueWaitForMessageRestricted+0x46>
10006fd4:	f000 fda4 	bl	10007b20 <vTaskMissedYield>
10006fd8:	1e63      	subs	r3, r4, #1
10006fda:	b2da      	uxtb	r2, r3
10006fdc:	b25c      	sxtb	r4, r3
10006fde:	2a00      	cmp	r2, #0
10006fe0:	d1f1      	bne.n	10006fc6 <vQueueWaitForMessageRestricted+0x4e>
10006fe2:	23ff      	movs	r3, #255	@ 0xff
10006fe4:	f885 3045 	strb.w	r3, [r5, #69]	@ 0x45
10006fe8:	f001 f8b6 	bl	10008158 <vPortExitCritical>
10006fec:	f001 f8a6 	bl	1000813c <vPortEnterCritical>
10006ff0:	f895 3044 	ldrb.w	r3, [r5, #68]	@ 0x44
10006ff4:	b25c      	sxtb	r4, r3
10006ff6:	2c00      	cmp	r4, #0
10006ff8:	dd14      	ble.n	10007024 <vQueueWaitForMessageRestricted+0xac>
10006ffa:	f105 0610 	add.w	r6, r5, #16
10006ffe:	e003      	b.n	10007008 <vQueueWaitForMessageRestricted+0x90>
10007000:	1e63      	subs	r3, r4, #1
10007002:	b2da      	uxtb	r2, r3
10007004:	b25c      	sxtb	r4, r3
10007006:	b16a      	cbz	r2, 10007024 <vQueueWaitForMessageRestricted+0xac>
10007008:	692b      	ldr	r3, [r5, #16]
1000700a:	b15b      	cbz	r3, 10007024 <vQueueWaitForMessageRestricted+0xac>
1000700c:	4630      	mov	r0, r6
1000700e:	f000 fce3 	bl	100079d8 <xTaskRemoveFromEventList>
10007012:	2800      	cmp	r0, #0
10007014:	d0f4      	beq.n	10007000 <vQueueWaitForMessageRestricted+0x88>
10007016:	f000 fd83 	bl	10007b20 <vTaskMissedYield>
1000701a:	1e63      	subs	r3, r4, #1
1000701c:	b2da      	uxtb	r2, r3
1000701e:	b25c      	sxtb	r4, r3
10007020:	2a00      	cmp	r2, #0
10007022:	d1f1      	bne.n	10007008 <vQueueWaitForMessageRestricted+0x90>
10007024:	23ff      	movs	r3, #255	@ 0xff
10007026:	f885 3044 	strb.w	r3, [r5, #68]	@ 0x44
1000702a:	e8bd 4070 	ldmia.w	sp!, {r4, r5, r6, lr}
1000702e:	f001 b893 	b.w	10008158 <vPortExitCritical>
10007032:	4622      	mov	r2, r4
10007034:	4631      	mov	r1, r6
10007036:	f105 0024 	add.w	r0, r5, #36	@ 0x24
1000703a:	f000 fc67 	bl	1000790c <vTaskPlaceOnEventListRestricted>
1000703e:	e7b4      	b.n	10006faa <vQueueWaitForMessageRestricted+0x32>

10007040 <prvAddNewTaskToReadyList>:
10007040:	e92d 41f0 	stmdb	sp!, {r4, r5, r6, r7, r8, lr}
10007044:	4604      	mov	r4, r0
10007046:	f001 f879 	bl	1000813c <vPortEnterCritical>
1000704a:	4a36      	ldr	r2, [pc, #216]	@ (10007124 <prvAddNewTaskToReadyList+0xe4>)
1000704c:	4e36      	ldr	r6, [pc, #216]	@ (10007128 <prvAddNewTaskToReadyList+0xe8>)
1000704e:	6813      	ldr	r3, [r2, #0]
10007050:	3301      	adds	r3, #1
10007052:	6013      	str	r3, [r2, #0]
10007054:	6833      	ldr	r3, [r6, #0]
10007056:	2b00      	cmp	r3, #0
10007058:	d034      	beq.n	100070c4 <prvAddNewTaskToReadyList+0x84>
1000705a:	4f34      	ldr	r7, [pc, #208]	@ (1000712c <prvAddNewTaskToReadyList+0xec>)
1000705c:	6ae3      	ldr	r3, [r4, #44]	@ 0x2c
1000705e:	683a      	ldr	r2, [r7, #0]
10007060:	b34a      	cbz	r2, 100070b6 <prvAddNewTaskToReadyList+0x76>
10007062:	4d33      	ldr	r5, [pc, #204]	@ (10007130 <prvAddNewTaskToReadyList+0xf0>)
10007064:	4933      	ldr	r1, [pc, #204]	@ (10007134 <prvAddNewTaskToReadyList+0xf4>)
10007066:	4834      	ldr	r0, [pc, #208]	@ (10007138 <prvAddNewTaskToReadyList+0xf8>)
10007068:	680a      	ldr	r2, [r1, #0]
1000706a:	f104 0c04 	add.w	ip, r4, #4
1000706e:	3201      	adds	r2, #1
10007070:	600a      	str	r2, [r1, #0]
10007072:	6802      	ldr	r2, [r0, #0]
10007074:	429a      	cmp	r2, r3
10007076:	bf38      	it	cc
10007078:	6003      	strcc	r3, [r0, #0]
1000707a:	eb03 0383 	add.w	r3, r3, r3, lsl #2
1000707e:	eb05 0083 	add.w	r0, r5, r3, lsl #2
10007082:	6841      	ldr	r1, [r0, #4]
10007084:	009b      	lsls	r3, r3, #2
10007086:	58ea      	ldr	r2, [r5, r3]
10007088:	f8d1 e008 	ldr.w	lr, [r1, #8]
1000708c:	60a1      	str	r1, [r4, #8]
1000708e:	f8c4 e00c 	str.w	lr, [r4, #12]
10007092:	3201      	adds	r2, #1
10007094:	f8ce c004 	str.w	ip, [lr, #4]
10007098:	f8c1 c008 	str.w	ip, [r1, #8]
1000709c:	6160      	str	r0, [r4, #20]
1000709e:	50ea      	str	r2, [r5, r3]
100070a0:	f001 f85a 	bl	10008158 <vPortExitCritical>
100070a4:	683b      	ldr	r3, [r7, #0]
100070a6:	b123      	cbz	r3, 100070b2 <prvAddNewTaskToReadyList+0x72>
100070a8:	6832      	ldr	r2, [r6, #0]
100070aa:	6ae3      	ldr	r3, [r4, #44]	@ 0x2c
100070ac:	6ad2      	ldr	r2, [r2, #44]	@ 0x2c
100070ae:	429a      	cmp	r2, r3
100070b0:	d310      	bcc.n	100070d4 <prvAddNewTaskToReadyList+0x94>
100070b2:	e8bd 81f0 	ldmia.w	sp!, {r4, r5, r6, r7, r8, pc}
100070b6:	6832      	ldr	r2, [r6, #0]
100070b8:	4d1d      	ldr	r5, [pc, #116]	@ (10007130 <prvAddNewTaskToReadyList+0xf0>)
100070ba:	6ad2      	ldr	r2, [r2, #44]	@ 0x2c
100070bc:	429a      	cmp	r2, r3
100070be:	bf98      	it	ls
100070c0:	6034      	strls	r4, [r6, #0]
100070c2:	e7cf      	b.n	10007064 <prvAddNewTaskToReadyList+0x24>
100070c4:	6034      	str	r4, [r6, #0]
100070c6:	6813      	ldr	r3, [r2, #0]
100070c8:	2b01      	cmp	r3, #1
100070ca:	d007      	beq.n	100070dc <prvAddNewTaskToReadyList+0x9c>
100070cc:	6ae3      	ldr	r3, [r4, #44]	@ 0x2c
100070ce:	4d18      	ldr	r5, [pc, #96]	@ (10007130 <prvAddNewTaskToReadyList+0xf0>)
100070d0:	4f16      	ldr	r7, [pc, #88]	@ (1000712c <prvAddNewTaskToReadyList+0xec>)
100070d2:	e7c7      	b.n	10007064 <prvAddNewTaskToReadyList+0x24>
100070d4:	e8bd 41f0 	ldmia.w	sp!, {r4, r5, r6, r7, r8, lr}
100070d8:	f001 b824 	b.w	10008124 <vPortYield>
100070dc:	4d14      	ldr	r5, [pc, #80]	@ (10007130 <prvAddNewTaskToReadyList+0xf0>)
100070de:	462f      	mov	r7, r5
100070e0:	f105 0878 	add.w	r8, r5, #120	@ 0x78
100070e4:	4638      	mov	r0, r7
100070e6:	3714      	adds	r7, #20
100070e8:	f001 f9a0 	bl	1000842c <vListInitialise>
100070ec:	4547      	cmp	r7, r8
100070ee:	d1f9      	bne.n	100070e4 <prvAddNewTaskToReadyList+0xa4>
100070f0:	f8df 8060 	ldr.w	r8, [pc, #96]	@ 10007154 <prvAddNewTaskToReadyList+0x114>
100070f4:	4f11      	ldr	r7, [pc, #68]	@ (1000713c <prvAddNewTaskToReadyList+0xfc>)
100070f6:	4640      	mov	r0, r8
100070f8:	f001 f998 	bl	1000842c <vListInitialise>
100070fc:	4638      	mov	r0, r7
100070fe:	f001 f995 	bl	1000842c <vListInitialise>
10007102:	480f      	ldr	r0, [pc, #60]	@ (10007140 <prvAddNewTaskToReadyList+0x100>)
10007104:	f001 f992 	bl	1000842c <vListInitialise>
10007108:	480e      	ldr	r0, [pc, #56]	@ (10007144 <prvAddNewTaskToReadyList+0x104>)
1000710a:	f001 f98f 	bl	1000842c <vListInitialise>
1000710e:	480e      	ldr	r0, [pc, #56]	@ (10007148 <prvAddNewTaskToReadyList+0x108>)
10007110:	f001 f98c 	bl	1000842c <vListInitialise>
10007114:	4b0d      	ldr	r3, [pc, #52]	@ (1000714c <prvAddNewTaskToReadyList+0x10c>)
10007116:	f8c3 8000 	str.w	r8, [r3]
1000711a:	4b0d      	ldr	r3, [pc, #52]	@ (10007150 <prvAddNewTaskToReadyList+0x110>)
1000711c:	601f      	str	r7, [r3, #0]
1000711e:	6ae3      	ldr	r3, [r4, #44]	@ 0x2c
10007120:	4f02      	ldr	r7, [pc, #8]	@ (1000712c <prvAddNewTaskToReadyList+0xec>)
10007122:	e79f      	b.n	10007064 <prvAddNewTaskToReadyList+0x24>
10007124:	200029d4 	.word	0x200029d4
10007128:	200028ec 	.word	0x200028ec
1000712c:	20002a64 	.word	0x20002a64
10007130:	20002900 	.word	0x20002900
10007134:	200029e0 	.word	0x200029e0
10007138:	200029e4 	.word	0x200029e4
1000713c:	20002a24 	.word	0x20002a24
10007140:	20002a50 	.word	0x20002a50
10007144:	20002a80 	.word	0x20002a80
10007148:	20002a6c 	.word	0x20002a6c
1000714c:	200028f4 	.word	0x200028f4
10007150:	200028f8 	.word	0x200028f8
10007154:	20002a10 	.word	0x20002a10

10007158 <prvIdleTask>:
10007158:	b580      	push	{r7, lr}
1000715a:	4d12      	ldr	r5, [pc, #72]	@ (100071a4 <prvIdleTask+0x4c>)
1000715c:	4f12      	ldr	r7, [pc, #72]	@ (100071a8 <prvIdleTask+0x50>)
1000715e:	4e13      	ldr	r6, [pc, #76]	@ (100071ac <prvIdleTask+0x54>)
10007160:	f8df 804c 	ldr.w	r8, [pc, #76]	@ 100071b0 <prvIdleTask+0x58>
10007164:	e014      	b.n	10007190 <prvIdleTask+0x38>
10007166:	f000 ffe9 	bl	1000813c <vPortEnterCritical>
1000716a:	68fb      	ldr	r3, [r7, #12]
1000716c:	68dc      	ldr	r4, [r3, #12]
1000716e:	1d20      	adds	r0, r4, #4
10007170:	f001 f992 	bl	10008498 <uxListRemove>
10007174:	6833      	ldr	r3, [r6, #0]
10007176:	3b01      	subs	r3, #1
10007178:	6033      	str	r3, [r6, #0]
1000717a:	682b      	ldr	r3, [r5, #0]
1000717c:	3b01      	subs	r3, #1
1000717e:	602b      	str	r3, [r5, #0]
10007180:	f000 ffea 	bl	10008158 <vPortExitCritical>
10007184:	6b20      	ldr	r0, [r4, #48]	@ 0x30
10007186:	f000 ff8b 	bl	100080a0 <vPortFree>
1000718a:	4620      	mov	r0, r4
1000718c:	f000 ff88 	bl	100080a0 <vPortFree>
10007190:	682b      	ldr	r3, [r5, #0]
10007192:	2b00      	cmp	r3, #0
10007194:	d1e7      	bne.n	10007166 <prvIdleTask+0xe>
10007196:	f8d8 3000 	ldr.w	r3, [r8]
1000719a:	2b01      	cmp	r3, #1
1000719c:	d9f8      	bls.n	10007190 <prvIdleTask+0x38>
1000719e:	f000 ffc1 	bl	10008124 <vPortYield>
100071a2:	e7f5      	b.n	10007190 <prvIdleTask+0x38>
100071a4:	200029d8 	.word	0x200029d8
100071a8:	20002a80 	.word	0x20002a80
100071ac:	200029d4 	.word	0x200029d4
100071b0:	20002900 	.word	0x20002900

100071b4 <xTaskIncrementTick.part.0>:
100071b4:	e92d 4ff0 	stmdb	sp!, {r4, r5, r6, r7, r8, r9, sl, fp, lr}
100071b8:	4b4c      	ldr	r3, [pc, #304]	@ (100072ec <xTaskIncrementTick.part.0+0x138>)
100071ba:	b083      	sub	sp, #12
100071bc:	681d      	ldr	r5, [r3, #0]
100071be:	3501      	adds	r5, #1
100071c0:	601d      	str	r5, [r3, #0]
100071c2:	2d00      	cmp	r5, #0
100071c4:	d067      	beq.n	10007296 <xTaskIncrementTick.part.0+0xe2>
100071c6:	494a      	ldr	r1, [pc, #296]	@ (100072f0 <xTaskIncrementTick.part.0+0x13c>)
100071c8:	680b      	ldr	r3, [r1, #0]
100071ca:	429d      	cmp	r5, r3
100071cc:	d377      	bcc.n	100072be <xTaskIncrementTick.part.0+0x10a>
100071ce:	4e49      	ldr	r6, [pc, #292]	@ (100072f4 <xTaskIncrementTick.part.0+0x140>)
100071d0:	6833      	ldr	r3, [r6, #0]
100071d2:	6818      	ldr	r0, [r3, #0]
100071d4:	2800      	cmp	r0, #0
100071d6:	f000 8084 	beq.w	100072e2 <xTaskIncrementTick.part.0+0x12e>
100071da:	2000      	movs	r0, #0
100071dc:	46aa      	mov	sl, r5
100071de:	4607      	mov	r7, r0
100071e0:	4681      	mov	r9, r0
100071e2:	f8df e128 	ldr.w	lr, [pc, #296]	@ 1000730c <xTaskIncrementTick.part.0+0x158>
100071e6:	4c44      	ldr	r4, [pc, #272]	@ (100072f8 <xTaskIncrementTick.part.0+0x144>)
100071e8:	9101      	str	r1, [sp, #4]
100071ea:	e047      	b.n	1000727c <xTaskIncrementTick.part.0+0xc8>
100071ec:	6958      	ldr	r0, [r3, #20]
100071ee:	e9d3 2c02 	ldrd	r2, ip, [r3, #8]
100071f2:	f8c2 c008 	str.w	ip, [r2, #8]
100071f6:	f8cc 2004 	str.w	r2, [ip, #4]
100071fa:	6842      	ldr	r2, [r0, #4]
100071fc:	428a      	cmp	r2, r1
100071fe:	6802      	ldr	r2, [r0, #0]
10007200:	bf08      	it	eq
10007202:	f8c0 c004 	streq.w	ip, [r0, #4]
10007206:	3a01      	subs	r2, #1
10007208:	615f      	str	r7, [r3, #20]
1000720a:	6002      	str	r2, [r0, #0]
1000720c:	6a98      	ldr	r0, [r3, #40]	@ 0x28
1000720e:	b170      	cbz	r0, 1000722e <xTaskIncrementTick.part.0+0x7a>
10007210:	e9d3 2c07 	ldrd	r2, ip, [r3, #28]
10007214:	f8c2 c008 	str.w	ip, [r2, #8]
10007218:	f8cc 2004 	str.w	r2, [ip, #4]
1000721c:	6842      	ldr	r2, [r0, #4]
1000721e:	42aa      	cmp	r2, r5
10007220:	6802      	ldr	r2, [r0, #0]
10007222:	bf08      	it	eq
10007224:	f8c0 c004 	streq.w	ip, [r0, #4]
10007228:	3a01      	subs	r2, #1
1000722a:	629f      	str	r7, [r3, #40]	@ 0x28
1000722c:	6002      	str	r2, [r0, #0]
1000722e:	6ada      	ldr	r2, [r3, #44]	@ 0x2c
10007230:	f8de 0000 	ldr.w	r0, [lr]
10007234:	eb02 0c82 	add.w	ip, r2, r2, lsl #2
10007238:	eb04 088c 	add.w	r8, r4, ip, lsl #2
1000723c:	4282      	cmp	r2, r0
1000723e:	f8d8 0004 	ldr.w	r0, [r8, #4]
10007242:	f854 502c 	ldr.w	r5, [r4, ip, lsl #2]
10007246:	f8d0 b008 	ldr.w	fp, [r0, #8]
1000724a:	6098      	str	r0, [r3, #8]
1000724c:	f8c3 b00c 	str.w	fp, [r3, #12]
10007250:	f8cb 1004 	str.w	r1, [fp, #4]
10007254:	6081      	str	r1, [r0, #8]
10007256:	f8c3 8014 	str.w	r8, [r3, #20]
1000725a:	4b28      	ldr	r3, [pc, #160]	@ (100072fc <xTaskIncrementTick.part.0+0x148>)
1000725c:	bf88      	it	hi
1000725e:	f8ce 2000 	strhi.w	r2, [lr]
10007262:	6819      	ldr	r1, [r3, #0]
10007264:	3501      	adds	r5, #1
10007266:	6833      	ldr	r3, [r6, #0]
10007268:	f844 502c 	str.w	r5, [r4, ip, lsl #2]
1000726c:	6ac9      	ldr	r1, [r1, #44]	@ 0x2c
1000726e:	681b      	ldr	r3, [r3, #0]
10007270:	428a      	cmp	r2, r1
10007272:	bf88      	it	hi
10007274:	f049 0901 	orrhi.w	r9, r9, #1
10007278:	2b00      	cmp	r3, #0
1000727a:	d030      	beq.n	100072de <xTaskIncrementTick.part.0+0x12a>
1000727c:	6833      	ldr	r3, [r6, #0]
1000727e:	68db      	ldr	r3, [r3, #12]
10007280:	68db      	ldr	r3, [r3, #12]
10007282:	685a      	ldr	r2, [r3, #4]
10007284:	1d19      	adds	r1, r3, #4
10007286:	4592      	cmp	sl, r2
10007288:	f103 0518 	add.w	r5, r3, #24
1000728c:	d2ae      	bcs.n	100071ec <xTaskIncrementTick.part.0+0x38>
1000728e:	9901      	ldr	r1, [sp, #4]
10007290:	4648      	mov	r0, r9
10007292:	600a      	str	r2, [r1, #0]
10007294:	e014      	b.n	100072c0 <xTaskIncrementTick.part.0+0x10c>
10007296:	4b17      	ldr	r3, [pc, #92]	@ (100072f4 <xTaskIncrementTick.part.0+0x140>)
10007298:	4a19      	ldr	r2, [pc, #100]	@ (10007300 <xTaskIncrementTick.part.0+0x14c>)
1000729a:	6818      	ldr	r0, [r3, #0]
1000729c:	6811      	ldr	r1, [r2, #0]
1000729e:	6019      	str	r1, [r3, #0]
100072a0:	4918      	ldr	r1, [pc, #96]	@ (10007304 <xTaskIncrementTick.part.0+0x150>)
100072a2:	6010      	str	r0, [r2, #0]
100072a4:	680a      	ldr	r2, [r1, #0]
100072a6:	3201      	adds	r2, #1
100072a8:	600a      	str	r2, [r1, #0]
100072aa:	681a      	ldr	r2, [r3, #0]
100072ac:	6812      	ldr	r2, [r2, #0]
100072ae:	b982      	cbnz	r2, 100072d2 <xTaskIncrementTick.part.0+0x11e>
100072b0:	f04f 33ff 	mov.w	r3, #4294967295
100072b4:	490e      	ldr	r1, [pc, #56]	@ (100072f0 <xTaskIncrementTick.part.0+0x13c>)
100072b6:	600b      	str	r3, [r1, #0]
100072b8:	680b      	ldr	r3, [r1, #0]
100072ba:	429d      	cmp	r5, r3
100072bc:	d287      	bcs.n	100071ce <xTaskIncrementTick.part.0+0x1a>
100072be:	2000      	movs	r0, #0
100072c0:	4b11      	ldr	r3, [pc, #68]	@ (10007308 <xTaskIncrementTick.part.0+0x154>)
100072c2:	681b      	ldr	r3, [r3, #0]
100072c4:	2b00      	cmp	r3, #0
100072c6:	bf18      	it	ne
100072c8:	f040 0001 	orrne.w	r0, r0, #1
100072cc:	b003      	add	sp, #12
100072ce:	e8bd 8ff0 	ldmia.w	sp!, {r4, r5, r6, r7, r8, r9, sl, fp, pc}
100072d2:	681b      	ldr	r3, [r3, #0]
100072d4:	4906      	ldr	r1, [pc, #24]	@ (100072f0 <xTaskIncrementTick.part.0+0x13c>)
100072d6:	68db      	ldr	r3, [r3, #12]
100072d8:	681b      	ldr	r3, [r3, #0]
100072da:	600b      	str	r3, [r1, #0]
100072dc:	e774      	b.n	100071c8 <xTaskIncrementTick.part.0+0x14>
100072de:	4648      	mov	r0, r9
100072e0:	9901      	ldr	r1, [sp, #4]
100072e2:	f04f 33ff 	mov.w	r3, #4294967295
100072e6:	600b      	str	r3, [r1, #0]
100072e8:	e7ea      	b.n	100072c0 <xTaskIncrementTick.part.0+0x10c>
100072ea:	bf00      	nop
100072ec:	20002a94 	.word	0x20002a94
100072f0:	20002a44 	.word	0x20002a44
100072f4:	200028f4 	.word	0x200028f4
100072f8:	20002900 	.word	0x20002900
100072fc:	200028ec 	.word	0x200028ec
10007300:	200028f8 	.word	0x200028f8
10007304:	20002a48 	.word	0x20002a48
10007308:	20002aa0 	.word	0x20002aa0
1000730c:	200029e4 	.word	0x200029e4

10007310 <xTaskCreate>:
10007310:	e92d 43f8 	stmdb	sp!, {r3, r4, r5, r6, r7, r8, r9, lr}
10007314:	0095      	lsls	r5, r2, #2
10007316:	4680      	mov	r8, r0
10007318:	4628      	mov	r0, r5
1000731a:	460f      	mov	r7, r1
1000731c:	4699      	mov	r9, r3
1000731e:	f000 feb3 	bl	10008088 <pvPortMalloc>
10007322:	2800      	cmp	r0, #0
10007324:	d072      	beq.n	1000740c <xTaskCreate+0xfc>
10007326:	4606      	mov	r6, r0
10007328:	2070      	movs	r0, #112	@ 0x70
1000732a:	f000 fead 	bl	10008088 <pvPortMalloc>
1000732e:	4604      	mov	r4, r0
10007330:	2800      	cmp	r0, #0
10007332:	d068      	beq.n	10007406 <xTaskCreate+0xf6>
10007334:	3d04      	subs	r5, #4
10007336:	2270      	movs	r2, #112	@ 0x70
10007338:	2100      	movs	r1, #0
1000733a:	4435      	add	r5, r6
1000733c:	f001 fcde 	bl	10008cfc <memset>
10007340:	f025 0507 	bic.w	r5, r5, #7
10007344:	6326      	str	r6, [r4, #48]	@ 0x30
10007346:	2f00      	cmp	r7, #0
10007348:	d03b      	beq.n	100073c2 <xTaskCreate+0xb2>
1000734a:	783b      	ldrb	r3, [r7, #0]
1000734c:	f884 3034 	strb.w	r3, [r4, #52]	@ 0x34
10007350:	2b00      	cmp	r3, #0
10007352:	d036      	beq.n	100073c2 <xTaskCreate+0xb2>
10007354:	787b      	ldrb	r3, [r7, #1]
10007356:	f884 3035 	strb.w	r3, [r4, #53]	@ 0x35
1000735a:	b393      	cbz	r3, 100073c2 <xTaskCreate+0xb2>
1000735c:	78bb      	ldrb	r3, [r7, #2]
1000735e:	f884 3036 	strb.w	r3, [r4, #54]	@ 0x36
10007362:	b373      	cbz	r3, 100073c2 <xTaskCreate+0xb2>
10007364:	78fb      	ldrb	r3, [r7, #3]
10007366:	f884 3037 	strb.w	r3, [r4, #55]	@ 0x37
1000736a:	b353      	cbz	r3, 100073c2 <xTaskCreate+0xb2>
1000736c:	793b      	ldrb	r3, [r7, #4]
1000736e:	f884 3038 	strb.w	r3, [r4, #56]	@ 0x38
10007372:	b333      	cbz	r3, 100073c2 <xTaskCreate+0xb2>
10007374:	797b      	ldrb	r3, [r7, #5]
10007376:	f884 3039 	strb.w	r3, [r4, #57]	@ 0x39
1000737a:	b313      	cbz	r3, 100073c2 <xTaskCreate+0xb2>
1000737c:	79bb      	ldrb	r3, [r7, #6]
1000737e:	f884 303a 	strb.w	r3, [r4, #58]	@ 0x3a
10007382:	b1f3      	cbz	r3, 100073c2 <xTaskCreate+0xb2>
10007384:	79fb      	ldrb	r3, [r7, #7]
10007386:	f884 303b 	strb.w	r3, [r4, #59]	@ 0x3b
1000738a:	b1d3      	cbz	r3, 100073c2 <xTaskCreate+0xb2>
1000738c:	7a3b      	ldrb	r3, [r7, #8]
1000738e:	f884 303c 	strb.w	r3, [r4, #60]	@ 0x3c
10007392:	b1b3      	cbz	r3, 100073c2 <xTaskCreate+0xb2>
10007394:	7a7b      	ldrb	r3, [r7, #9]
10007396:	f884 303d 	strb.w	r3, [r4, #61]	@ 0x3d
1000739a:	b193      	cbz	r3, 100073c2 <xTaskCreate+0xb2>
1000739c:	7abb      	ldrb	r3, [r7, #10]
1000739e:	f884 303e 	strb.w	r3, [r4, #62]	@ 0x3e
100073a2:	b173      	cbz	r3, 100073c2 <xTaskCreate+0xb2>
100073a4:	7afb      	ldrb	r3, [r7, #11]
100073a6:	f884 303f 	strb.w	r3, [r4, #63]	@ 0x3f
100073aa:	b153      	cbz	r3, 100073c2 <xTaskCreate+0xb2>
100073ac:	7b3b      	ldrb	r3, [r7, #12]
100073ae:	f884 3040 	strb.w	r3, [r4, #64]	@ 0x40
100073b2:	b133      	cbz	r3, 100073c2 <xTaskCreate+0xb2>
100073b4:	7b7b      	ldrb	r3, [r7, #13]
100073b6:	f884 3041 	strb.w	r3, [r4, #65]	@ 0x41
100073ba:	b113      	cbz	r3, 100073c2 <xTaskCreate+0xb2>
100073bc:	7bbb      	ldrb	r3, [r7, #14]
100073be:	f884 3042 	strb.w	r3, [r4, #66]	@ 0x42
100073c2:	9f08      	ldr	r7, [sp, #32]
100073c4:	1d20      	adds	r0, r4, #4
100073c6:	2f05      	cmp	r7, #5
100073c8:	bf28      	it	cs
100073ca:	2705      	movcs	r7, #5
100073cc:	62e7      	str	r7, [r4, #44]	@ 0x2c
100073ce:	6467      	str	r7, [r4, #68]	@ 0x44
100073d0:	f001 f838 	bl	10008444 <vListInitialiseItem>
100073d4:	f1c7 0706 	rsb	r7, r7, #6
100073d8:	f104 0018 	add.w	r0, r4, #24
100073dc:	f001 f832 	bl	10008444 <vListInitialiseItem>
100073e0:	464b      	mov	r3, r9
100073e2:	4642      	mov	r2, r8
100073e4:	4628      	mov	r0, r5
100073e6:	6b21      	ldr	r1, [r4, #48]	@ 0x30
100073e8:	61a7      	str	r7, [r4, #24]
100073ea:	6124      	str	r4, [r4, #16]
100073ec:	6264      	str	r4, [r4, #36]	@ 0x24
100073ee:	f000 fed5 	bl	1000819c <pxPortInitialiseStack>
100073f2:	9b09      	ldr	r3, [sp, #36]	@ 0x24
100073f4:	6020      	str	r0, [r4, #0]
100073f6:	b103      	cbz	r3, 100073fa <xTaskCreate+0xea>
100073f8:	601c      	str	r4, [r3, #0]
100073fa:	4620      	mov	r0, r4
100073fc:	f7ff fe20 	bl	10007040 <prvAddNewTaskToReadyList>
10007400:	2001      	movs	r0, #1
10007402:	e8bd 83f8 	ldmia.w	sp!, {r3, r4, r5, r6, r7, r8, r9, pc}
10007406:	4630      	mov	r0, r6
10007408:	f000 fe4a 	bl	100080a0 <vPortFree>
1000740c:	f04f 30ff 	mov.w	r0, #4294967295
10007410:	e8bd 83f8 	ldmia.w	sp!, {r3, r4, r5, r6, r7, r8, r9, pc}

10007414 <vTaskDelete>:
10007414:	b5f8      	push	{r3, r4, r5, r6, r7, lr}
10007416:	4604      	mov	r4, r0
10007418:	4e25      	ldr	r6, [pc, #148]	@ (100074b0 <vTaskDelete+0x9c>)
1000741a:	f000 fe8f 	bl	1000813c <vPortEnterCritical>
1000741e:	2c00      	cmp	r4, #0
10007420:	d03f      	beq.n	100074a2 <vTaskDelete+0x8e>
10007422:	1d27      	adds	r7, r4, #4
10007424:	4638      	mov	r0, r7
10007426:	f001 f837 	bl	10008498 <uxListRemove>
1000742a:	6aa3      	ldr	r3, [r4, #40]	@ 0x28
1000742c:	b11b      	cbz	r3, 10007436 <vTaskDelete+0x22>
1000742e:	f104 0018 	add.w	r0, r4, #24
10007432:	f001 f831 	bl	10008498 <uxListRemove>
10007436:	4a1f      	ldr	r2, [pc, #124]	@ (100074b4 <vTaskDelete+0xa0>)
10007438:	4d1f      	ldr	r5, [pc, #124]	@ (100074b8 <vTaskDelete+0xa4>)
1000743a:	6813      	ldr	r3, [r2, #0]
1000743c:	3301      	adds	r3, #1
1000743e:	6013      	str	r3, [r2, #0]
10007440:	6833      	ldr	r3, [r6, #0]
10007442:	42a3      	cmp	r3, r4
10007444:	682b      	ldr	r3, [r5, #0]
10007446:	d01f      	beq.n	10007488 <vTaskDelete+0x74>
10007448:	4a1c      	ldr	r2, [pc, #112]	@ (100074bc <vTaskDelete+0xa8>)
1000744a:	6813      	ldr	r3, [r2, #0]
1000744c:	3b01      	subs	r3, #1
1000744e:	6013      	str	r3, [r2, #0]
10007450:	4b1b      	ldr	r3, [pc, #108]	@ (100074c0 <vTaskDelete+0xac>)
10007452:	681a      	ldr	r2, [r3, #0]
10007454:	6812      	ldr	r2, [r2, #0]
10007456:	b192      	cbz	r2, 1000747e <vTaskDelete+0x6a>
10007458:	681a      	ldr	r2, [r3, #0]
1000745a:	4b1a      	ldr	r3, [pc, #104]	@ (100074c4 <vTaskDelete+0xb0>)
1000745c:	68d2      	ldr	r2, [r2, #12]
1000745e:	6812      	ldr	r2, [r2, #0]
10007460:	601a      	str	r2, [r3, #0]
10007462:	f000 fe79 	bl	10008158 <vPortExitCritical>
10007466:	6b20      	ldr	r0, [r4, #48]	@ 0x30
10007468:	f000 fe1a 	bl	100080a0 <vPortFree>
1000746c:	4620      	mov	r0, r4
1000746e:	f000 fe17 	bl	100080a0 <vPortFree>
10007472:	682b      	ldr	r3, [r5, #0]
10007474:	b113      	cbz	r3, 1000747c <vTaskDelete+0x68>
10007476:	6833      	ldr	r3, [r6, #0]
10007478:	42a3      	cmp	r3, r4
1000747a:	d014      	beq.n	100074a6 <vTaskDelete+0x92>
1000747c:	bdf8      	pop	{r3, r4, r5, r6, r7, pc}
1000747e:	f04f 32ff 	mov.w	r2, #4294967295
10007482:	4b10      	ldr	r3, [pc, #64]	@ (100074c4 <vTaskDelete+0xb0>)
10007484:	601a      	str	r2, [r3, #0]
10007486:	e7ec      	b.n	10007462 <vTaskDelete+0x4e>
10007488:	2b00      	cmp	r3, #0
1000748a:	d0dd      	beq.n	10007448 <vTaskDelete+0x34>
1000748c:	4639      	mov	r1, r7
1000748e:	480e      	ldr	r0, [pc, #56]	@ (100074c8 <vTaskDelete+0xb4>)
10007490:	f000 ffdc 	bl	1000844c <vListInsertEnd>
10007494:	4a0d      	ldr	r2, [pc, #52]	@ (100074cc <vTaskDelete+0xb8>)
10007496:	6813      	ldr	r3, [r2, #0]
10007498:	3301      	adds	r3, #1
1000749a:	6013      	str	r3, [r2, #0]
1000749c:	f000 fe5c 	bl	10008158 <vPortExitCritical>
100074a0:	e7e7      	b.n	10007472 <vTaskDelete+0x5e>
100074a2:	6834      	ldr	r4, [r6, #0]
100074a4:	e7bd      	b.n	10007422 <vTaskDelete+0xe>
100074a6:	e8bd 40f8 	ldmia.w	sp!, {r3, r4, r5, r6, r7, lr}
100074aa:	f000 be3b 	b.w	10008124 <vPortYield>
100074ae:	bf00      	nop
100074b0:	200028ec 	.word	0x200028ec
100074b4:	200029e0 	.word	0x200029e0
100074b8:	20002a64 	.word	0x20002a64
100074bc:	200029d4 	.word	0x200029d4
100074c0:	200028f4 	.word	0x200028f4
100074c4:	20002a44 	.word	0x20002a44
100074c8:	20002a80 	.word	0x20002a80
100074cc:	200029d8 	.word	0x200029d8

100074d0 <vTaskStartScheduler>:
100074d0:	e92d 43f8 	stmdb	sp!, {r3, r4, r5, r6, r7, r8, r9, lr}
100074d4:	f44f 7000 	mov.w	r0, #512	@ 0x200
100074d8:	f000 fdd6 	bl	10008088 <pvPortMalloc>
100074dc:	b388      	cbz	r0, 10007542 <vTaskStartScheduler+0x72>
100074de:	4606      	mov	r6, r0
100074e0:	2070      	movs	r0, #112	@ 0x70
100074e2:	f000 fdd1 	bl	10008088 <pvPortMalloc>
100074e6:	4604      	mov	r4, r0
100074e8:	b378      	cbz	r0, 1000754a <vTaskStartScheduler+0x7a>
100074ea:	2700      	movs	r7, #0
100074ec:	f8df 9098 	ldr.w	r9, [pc, #152]	@ 10007588 <vTaskStartScheduler+0xb8>
100074f0:	4639      	mov	r1, r7
100074f2:	2270      	movs	r2, #112	@ 0x70
100074f4:	f001 fc02 	bl	10008cfc <memset>
100074f8:	f506 75fe 	add.w	r5, r6, #508	@ 0x1fc
100074fc:	e9c4 690c 	strd	r6, r9, [r4, #48]	@ 0x30
10007500:	2606      	movs	r6, #6
10007502:	1d20      	adds	r0, r4, #4
10007504:	f000 ff9e 	bl	10008444 <vListInitialiseItem>
10007508:	f025 0507 	bic.w	r5, r5, #7
1000750c:	f104 0018 	add.w	r0, r4, #24
10007510:	f000 ff98 	bl	10008444 <vListInitialiseItem>
10007514:	463b      	mov	r3, r7
10007516:	4a17      	ldr	r2, [pc, #92]	@ (10007574 <vTaskStartScheduler+0xa4>)
10007518:	6b21      	ldr	r1, [r4, #48]	@ 0x30
1000751a:	4628      	mov	r0, r5
1000751c:	6124      	str	r4, [r4, #16]
1000751e:	61a6      	str	r6, [r4, #24]
10007520:	6264      	str	r4, [r4, #36]	@ 0x24
10007522:	f000 fe3b 	bl	1000819c <pxPortInitialiseStack>
10007526:	4603      	mov	r3, r0
10007528:	f8df 8060 	ldr.w	r8, [pc, #96]	@ 1000758c <vTaskStartScheduler+0xbc>
1000752c:	6023      	str	r3, [r4, #0]
1000752e:	4620      	mov	r0, r4
10007530:	2701      	movs	r7, #1
10007532:	f8c8 4000 	str.w	r4, [r8]
10007536:	f7ff fd83 	bl	10007040 <prvAddNewTaskToReadyList>
1000753a:	f000 fd63 	bl	10008004 <xTimerCreateTimerTask>
1000753e:	42b8      	cmp	r0, r7
10007540:	d00a      	beq.n	10007558 <vTaskStartScheduler+0x88>
10007542:	4b0d      	ldr	r3, [pc, #52]	@ (10007578 <vTaskStartScheduler+0xa8>)
10007544:	681b      	ldr	r3, [r3, #0]
10007546:	e8bd 83f8 	ldmia.w	sp!, {r3, r4, r5, r6, r7, r8, r9, pc}
1000754a:	4630      	mov	r0, r6
1000754c:	f000 fda8 	bl	100080a0 <vPortFree>
10007550:	4b09      	ldr	r3, [pc, #36]	@ (10007578 <vTaskStartScheduler+0xa8>)
10007552:	681b      	ldr	r3, [r3, #0]
10007554:	e8bd 83f8 	ldmia.w	sp!, {r3, r4, r5, r6, r7, r8, r9, pc}
10007558:	f000 fefa 	bl	10008350 <ulSetInterruptMask>
1000755c:	f04f 34ff 	mov.w	r4, #4294967295
10007560:	2200      	movs	r2, #0
10007562:	4906      	ldr	r1, [pc, #24]	@ (1000757c <vTaskStartScheduler+0xac>)
10007564:	4b06      	ldr	r3, [pc, #24]	@ (10007580 <vTaskStartScheduler+0xb0>)
10007566:	4807      	ldr	r0, [pc, #28]	@ (10007584 <vTaskStartScheduler+0xb4>)
10007568:	6004      	str	r4, [r0, #0]
1000756a:	600f      	str	r7, [r1, #0]
1000756c:	601a      	str	r2, [r3, #0]
1000756e:	f000 fe51 	bl	10008214 <xPortStartScheduler>
10007572:	e7e6      	b.n	10007542 <vTaskStartScheduler+0x72>
10007574:	10007159 	.word	0x10007159
10007578:	10009754 	.word	0x10009754
1000757c:	20002a64 	.word	0x20002a64
10007580:	20002a94 	.word	0x20002a94
10007584:	20002a44 	.word	0x20002a44
10007588:	454c4449 	.word	0x454c4449
1000758c:	20002a3c 	.word	0x20002a3c

10007590 <vTaskSuspendAll>:
10007590:	4a02      	ldr	r2, [pc, #8]	@ (1000759c <vTaskSuspendAll+0xc>)
10007592:	6813      	ldr	r3, [r2, #0]
10007594:	3301      	adds	r3, #1
10007596:	6013      	str	r3, [r2, #0]
10007598:	4770      	bx	lr
1000759a:	bf00      	nop
1000759c:	200029dc 	.word	0x200029dc

100075a0 <xTaskResumeAll>:
100075a0:	e92d 4ff0 	stmdb	sp!, {r4, r5, r6, r7, r8, r9, sl, fp, lr}
100075a4:	f8df 816c 	ldr.w	r8, [pc, #364]	@ 10007714 <xTaskResumeAll+0x174>
100075a8:	b083      	sub	sp, #12
100075aa:	f000 fdc7 	bl	1000813c <vPortEnterCritical>
100075ae:	f8d8 3000 	ldr.w	r3, [r8]
100075b2:	3b01      	subs	r3, #1
100075b4:	f8c8 3000 	str.w	r3, [r8]
100075b8:	f8d8 e000 	ldr.w	lr, [r8]
100075bc:	f1be 0f00 	cmp.w	lr, #0
100075c0:	f040 8081 	bne.w	100076c6 <xTaskResumeAll+0x126>
100075c4:	4b4c      	ldr	r3, [pc, #304]	@ (100076f8 <xTaskResumeAll+0x158>)
100075c6:	681b      	ldr	r3, [r3, #0]
100075c8:	2b00      	cmp	r3, #0
100075ca:	d07c      	beq.n	100076c6 <xTaskResumeAll+0x126>
100075cc:	f8df c148 	ldr.w	ip, [pc, #328]	@ 10007718 <xTaskResumeAll+0x178>
100075d0:	f8dc 3000 	ldr.w	r3, [ip]
100075d4:	2b00      	cmp	r3, #0
100075d6:	f000 808b 	beq.w	100076f0 <xTaskResumeAll+0x150>
100075da:	4b48      	ldr	r3, [pc, #288]	@ (100076fc <xTaskResumeAll+0x15c>)
100075dc:	f8df 913c 	ldr.w	r9, [pc, #316]	@ 1000771c <xTaskResumeAll+0x17c>
100075e0:	4e47      	ldr	r6, [pc, #284]	@ (10007700 <xTaskResumeAll+0x160>)
100075e2:	9301      	str	r3, [sp, #4]
100075e4:	f8dc 300c 	ldr.w	r3, [ip, #12]
100075e8:	68db      	ldr	r3, [r3, #12]
100075ea:	6a9a      	ldr	r2, [r3, #40]	@ 0x28
100075ec:	e9d3 0107 	ldrd	r0, r1, [r3, #28]
100075f0:	6854      	ldr	r4, [r2, #4]
100075f2:	6081      	str	r1, [r0, #8]
100075f4:	6048      	str	r0, [r1, #4]
100075f6:	f103 0018 	add.w	r0, r3, #24
100075fa:	4284      	cmp	r4, r0
100075fc:	bf08      	it	eq
100075fe:	6051      	streq	r1, [r2, #4]
10007600:	6811      	ldr	r1, [r2, #0]
10007602:	f8c3 e028 	str.w	lr, [r3, #40]	@ 0x28
10007606:	3901      	subs	r1, #1
10007608:	6011      	str	r1, [r2, #0]
1000760a:	695a      	ldr	r2, [r3, #20]
1000760c:	e9d3 4102 	ldrd	r4, r1, [r3, #8]
10007610:	60a1      	str	r1, [r4, #8]
10007612:	604c      	str	r4, [r1, #4]
10007614:	6854      	ldr	r4, [r2, #4]
10007616:	1d1d      	adds	r5, r3, #4
10007618:	42ac      	cmp	r4, r5
1000761a:	bf08      	it	eq
1000761c:	6051      	streq	r1, [r2, #4]
1000761e:	6811      	ldr	r1, [r2, #0]
10007620:	f8d9 0000 	ldr.w	r0, [r9]
10007624:	3901      	subs	r1, #1
10007626:	6011      	str	r1, [r2, #0]
10007628:	6ada      	ldr	r2, [r3, #44]	@ 0x2c
1000762a:	4282      	cmp	r2, r0
1000762c:	4835      	ldr	r0, [pc, #212]	@ (10007704 <xTaskResumeAll+0x164>)
1000762e:	eb02 0182 	add.w	r1, r2, r2, lsl #2
10007632:	bf88      	it	hi
10007634:	f8c9 2000 	strhi.w	r2, [r9]
10007638:	6800      	ldr	r0, [r0, #0]
1000763a:	eb06 0781 	add.w	r7, r6, r1, lsl #2
1000763e:	687c      	ldr	r4, [r7, #4]
10007640:	f8d0 a02c 	ldr.w	sl, [r0, #44]	@ 0x2c
10007644:	f856 0021 	ldr.w	r0, [r6, r1, lsl #2]
10007648:	f8d4 b008 	ldr.w	fp, [r4, #8]
1000764c:	3001      	adds	r0, #1
1000764e:	4552      	cmp	r2, sl
10007650:	609c      	str	r4, [r3, #8]
10007652:	f8c3 b00c 	str.w	fp, [r3, #12]
10007656:	f8cb 5004 	str.w	r5, [fp, #4]
1000765a:	60a5      	str	r5, [r4, #8]
1000765c:	615f      	str	r7, [r3, #20]
1000765e:	f846 0021 	str.w	r0, [r6, r1, lsl #2]
10007662:	d937      	bls.n	100076d4 <xTaskResumeAll+0x134>
10007664:	2201      	movs	r2, #1
10007666:	9b01      	ldr	r3, [sp, #4]
10007668:	601a      	str	r2, [r3, #0]
1000766a:	f8dc 3000 	ldr.w	r3, [ip]
1000766e:	2b00      	cmp	r3, #0
10007670:	d1b8      	bne.n	100075e4 <xTaskResumeAll+0x44>
10007672:	4b25      	ldr	r3, [pc, #148]	@ (10007708 <xTaskResumeAll+0x168>)
10007674:	681a      	ldr	r2, [r3, #0]
10007676:	6812      	ldr	r2, [r2, #0]
10007678:	2a00      	cmp	r2, #0
1000767a:	d034      	beq.n	100076e6 <xTaskResumeAll+0x146>
1000767c:	681a      	ldr	r2, [r3, #0]
1000767e:	4b23      	ldr	r3, [pc, #140]	@ (1000770c <xTaskResumeAll+0x16c>)
10007680:	68d2      	ldr	r2, [r2, #12]
10007682:	6812      	ldr	r2, [r2, #0]
10007684:	601a      	str	r2, [r3, #0]
10007686:	4d22      	ldr	r5, [pc, #136]	@ (10007710 <xTaskResumeAll+0x170>)
10007688:	682c      	ldr	r4, [r5, #0]
1000768a:	b19c      	cbz	r4, 100076b4 <xTaskResumeAll+0x114>
1000768c:	2601      	movs	r6, #1
1000768e:	9f01      	ldr	r7, [sp, #4]
10007690:	e005      	b.n	1000769e <xTaskResumeAll+0xfe>
10007692:	f7ff fd8f 	bl	100071b4 <xTaskIncrementTick.part.0>
10007696:	b100      	cbz	r0, 1000769a <xTaskResumeAll+0xfa>
10007698:	603e      	str	r6, [r7, #0]
1000769a:	3c01      	subs	r4, #1
1000769c:	d009      	beq.n	100076b2 <xTaskResumeAll+0x112>
1000769e:	f8d8 3000 	ldr.w	r3, [r8]
100076a2:	2b00      	cmp	r3, #0
100076a4:	d0f5      	beq.n	10007692 <xTaskResumeAll+0xf2>
100076a6:	682b      	ldr	r3, [r5, #0]
100076a8:	3c01      	subs	r4, #1
100076aa:	f103 0301 	add.w	r3, r3, #1
100076ae:	602b      	str	r3, [r5, #0]
100076b0:	d1f5      	bne.n	1000769e <xTaskResumeAll+0xfe>
100076b2:	602c      	str	r4, [r5, #0]
100076b4:	9b01      	ldr	r3, [sp, #4]
100076b6:	681b      	ldr	r3, [r3, #0]
100076b8:	b12b      	cbz	r3, 100076c6 <xTaskResumeAll+0x126>
100076ba:	4b12      	ldr	r3, [pc, #72]	@ (10007704 <xTaskResumeAll+0x164>)
100076bc:	2401      	movs	r4, #1
100076be:	681b      	ldr	r3, [r3, #0]
100076c0:	f000 fd30 	bl	10008124 <vPortYield>
100076c4:	e000      	b.n	100076c8 <xTaskResumeAll+0x128>
100076c6:	2400      	movs	r4, #0
100076c8:	f000 fd46 	bl	10008158 <vPortExitCritical>
100076cc:	4620      	mov	r0, r4
100076ce:	b003      	add	sp, #12
100076d0:	e8bd 8ff0 	ldmia.w	sp!, {r4, r5, r6, r7, r8, r9, sl, fp, pc}
100076d4:	f8dc 3000 	ldr.w	r3, [ip]
100076d8:	2b00      	cmp	r3, #0
100076da:	d183      	bne.n	100075e4 <xTaskResumeAll+0x44>
100076dc:	4b0a      	ldr	r3, [pc, #40]	@ (10007708 <xTaskResumeAll+0x168>)
100076de:	681a      	ldr	r2, [r3, #0]
100076e0:	6812      	ldr	r2, [r2, #0]
100076e2:	2a00      	cmp	r2, #0
100076e4:	d1ca      	bne.n	1000767c <xTaskResumeAll+0xdc>
100076e6:	f04f 32ff 	mov.w	r2, #4294967295
100076ea:	4b08      	ldr	r3, [pc, #32]	@ (1000770c <xTaskResumeAll+0x16c>)
100076ec:	601a      	str	r2, [r3, #0]
100076ee:	e7ca      	b.n	10007686 <xTaskResumeAll+0xe6>
100076f0:	4b02      	ldr	r3, [pc, #8]	@ (100076fc <xTaskResumeAll+0x15c>)
100076f2:	9301      	str	r3, [sp, #4]
100076f4:	e7c7      	b.n	10007686 <xTaskResumeAll+0xe6>
100076f6:	bf00      	nop
100076f8:	200029d4 	.word	0x200029d4
100076fc:	20002aa0 	.word	0x20002aa0
10007700:	20002900 	.word	0x20002900
10007704:	200028ec 	.word	0x200028ec
10007708:	200028f4 	.word	0x200028f4
1000770c:	20002a44 	.word	0x20002a44
10007710:	20002a4c 	.word	0x20002a4c
10007714:	200029dc 	.word	0x200029dc
10007718:	20002a50 	.word	0x20002a50
1000771c:	200029e4 	.word	0x200029e4

10007720 <vTaskDelay>:
10007720:	b908      	cbnz	r0, 10007726 <vTaskDelay+0x6>
10007722:	f000 bcff 	b.w	10008124 <vPortYield>
10007726:	4a19      	ldr	r2, [pc, #100]	@ (1000778c <vTaskDelay+0x6c>)
10007728:	e92d 41f0 	stmdb	sp!, {r4, r5, r6, r7, r8, lr}
1000772c:	6813      	ldr	r3, [r2, #0]
1000772e:	4604      	mov	r4, r0
10007730:	3301      	adds	r3, #1
10007732:	6013      	str	r3, [r2, #0]
10007734:	4916      	ldr	r1, [pc, #88]	@ (10007790 <vTaskDelay+0x70>)
10007736:	4b17      	ldr	r3, [pc, #92]	@ (10007794 <vTaskDelay+0x74>)
10007738:	4d17      	ldr	r5, [pc, #92]	@ (10007798 <vTaskDelay+0x78>)
1000773a:	4a18      	ldr	r2, [pc, #96]	@ (1000779c <vTaskDelay+0x7c>)
1000773c:	680e      	ldr	r6, [r1, #0]
1000773e:	6817      	ldr	r7, [r2, #0]
10007740:	f8d3 8000 	ldr.w	r8, [r3]
10007744:	6828      	ldr	r0, [r5, #0]
10007746:	3004      	adds	r0, #4
10007748:	f000 fea6 	bl	10008498 <uxListRemove>
1000774c:	682b      	ldr	r3, [r5, #0]
1000774e:	19a4      	adds	r4, r4, r6
10007750:	6829      	ldr	r1, [r5, #0]
10007752:	605c      	str	r4, [r3, #4]
10007754:	d20d      	bcs.n	10007772 <vTaskDelay+0x52>
10007756:	4638      	mov	r0, r7
10007758:	3104      	adds	r1, #4
1000775a:	f000 fe85 	bl	10008468 <vListInsert>
1000775e:	4b10      	ldr	r3, [pc, #64]	@ (100077a0 <vTaskDelay+0x80>)
10007760:	681a      	ldr	r2, [r3, #0]
10007762:	4294      	cmp	r4, r2
10007764:	bf38      	it	cc
10007766:	601c      	strcc	r4, [r3, #0]
10007768:	f7ff ff1a 	bl	100075a0 <xTaskResumeAll>
1000776c:	b148      	cbz	r0, 10007782 <vTaskDelay+0x62>
1000776e:	e8bd 81f0 	ldmia.w	sp!, {r4, r5, r6, r7, r8, pc}
10007772:	4640      	mov	r0, r8
10007774:	3104      	adds	r1, #4
10007776:	f000 fe77 	bl	10008468 <vListInsert>
1000777a:	f7ff ff11 	bl	100075a0 <xTaskResumeAll>
1000777e:	2800      	cmp	r0, #0
10007780:	d1f5      	bne.n	1000776e <vTaskDelay+0x4e>
10007782:	e8bd 41f0 	ldmia.w	sp!, {r4, r5, r6, r7, r8, lr}
10007786:	f000 bccd 	b.w	10008124 <vPortYield>
1000778a:	bf00      	nop
1000778c:	200029dc 	.word	0x200029dc
10007790:	20002a94 	.word	0x20002a94
10007794:	200028f8 	.word	0x200028f8
10007798:	200028ec 	.word	0x200028ec
1000779c:	200028f4 	.word	0x200028f4
100077a0:	20002a44 	.word	0x20002a44

100077a4 <xTaskGetTickCount>:
100077a4:	4b01      	ldr	r3, [pc, #4]	@ (100077ac <xTaskGetTickCount+0x8>)
100077a6:	6818      	ldr	r0, [r3, #0]
100077a8:	4770      	bx	lr
100077aa:	bf00      	nop
100077ac:	20002a94 	.word	0x20002a94

100077b0 <xTaskIncrementTick>:
100077b0:	4b05      	ldr	r3, [pc, #20]	@ (100077c8 <xTaskIncrementTick+0x18>)
100077b2:	681b      	ldr	r3, [r3, #0]
100077b4:	b90b      	cbnz	r3, 100077ba <xTaskIncrementTick+0xa>
100077b6:	f7ff bcfd 	b.w	100071b4 <xTaskIncrementTick.part.0>
100077ba:	4a04      	ldr	r2, [pc, #16]	@ (100077cc <xTaskIncrementTick+0x1c>)
100077bc:	2000      	movs	r0, #0
100077be:	6813      	ldr	r3, [r2, #0]
100077c0:	3301      	adds	r3, #1
100077c2:	6013      	str	r3, [r2, #0]
100077c4:	4770      	bx	lr
100077c6:	bf00      	nop
100077c8:	200029dc 	.word	0x200029dc
100077cc:	20002a4c 	.word	0x20002a4c

100077d0 <vTaskSwitchContext>:
100077d0:	4b23      	ldr	r3, [pc, #140]	@ (10007860 <vTaskSwitchContext+0x90>)
100077d2:	681b      	ldr	r3, [r3, #0]
100077d4:	b11b      	cbz	r3, 100077de <vTaskSwitchContext+0xe>
100077d6:	2201      	movs	r2, #1
100077d8:	4b22      	ldr	r3, [pc, #136]	@ (10007864 <vTaskSwitchContext+0x94>)
100077da:	601a      	str	r2, [r3, #0]
100077dc:	4770      	bx	lr
100077de:	4a21      	ldr	r2, [pc, #132]	@ (10007864 <vTaskSwitchContext+0x94>)
100077e0:	b430      	push	{r4, r5}
100077e2:	4c21      	ldr	r4, [pc, #132]	@ (10007868 <vTaskSwitchContext+0x98>)
100077e4:	6013      	str	r3, [r2, #0]
100077e6:	6820      	ldr	r0, [r4, #0]
100077e8:	4a20      	ldr	r2, [pc, #128]	@ (1000786c <vTaskSwitchContext+0x9c>)
100077ea:	eb00 0380 	add.w	r3, r0, r0, lsl #2
100077ee:	f852 3023 	ldr.w	r3, [r2, r3, lsl #2]
100077f2:	0081      	lsls	r1, r0, #2
100077f4:	bb8b      	cbnz	r3, 1000785a <vTaskSwitchContext+0x8a>
100077f6:	1e43      	subs	r3, r0, #1
100077f8:	eb03 0583 	add.w	r5, r3, r3, lsl #2
100077fc:	f852 5025 	ldr.w	r5, [r2, r5, lsl #2]
10007800:	0099      	lsls	r1, r3, #2
10007802:	b9b5      	cbnz	r5, 10007832 <vTaskSwitchContext+0x62>
10007804:	1e83      	subs	r3, r0, #2
10007806:	eb03 0583 	add.w	r5, r3, r3, lsl #2
1000780a:	f852 5025 	ldr.w	r5, [r2, r5, lsl #2]
1000780e:	0099      	lsls	r1, r3, #2
10007810:	b97d      	cbnz	r5, 10007832 <vTaskSwitchContext+0x62>
10007812:	1ec3      	subs	r3, r0, #3
10007814:	eb03 0583 	add.w	r5, r3, r3, lsl #2
10007818:	f852 5025 	ldr.w	r5, [r2, r5, lsl #2]
1000781c:	0099      	lsls	r1, r3, #2
1000781e:	b945      	cbnz	r5, 10007832 <vTaskSwitchContext+0x62>
10007820:	1f03      	subs	r3, r0, #4
10007822:	eb03 0583 	add.w	r5, r3, r3, lsl #2
10007826:	f852 5025 	ldr.w	r5, [r2, r5, lsl #2]
1000782a:	0099      	lsls	r1, r3, #2
1000782c:	b90d      	cbnz	r5, 10007832 <vTaskSwitchContext+0x62>
1000782e:	1f43      	subs	r3, r0, #5
10007830:	0099      	lsls	r1, r3, #2
10007832:	4419      	add	r1, r3
10007834:	eb02 0081 	add.w	r0, r2, r1, lsl #2
10007838:	4602      	mov	r2, r0
1000783a:	6841      	ldr	r1, [r0, #4]
1000783c:	3208      	adds	r2, #8
1000783e:	6849      	ldr	r1, [r1, #4]
10007840:	4291      	cmp	r1, r2
10007842:	6041      	str	r1, [r0, #4]
10007844:	bf08      	it	eq
10007846:	68c1      	ldreq	r1, [r0, #12]
10007848:	4a09      	ldr	r2, [pc, #36]	@ (10007870 <vTaskSwitchContext+0xa0>)
1000784a:	bf08      	it	eq
1000784c:	6041      	streq	r1, [r0, #4]
1000784e:	68c9      	ldr	r1, [r1, #12]
10007850:	6011      	str	r1, [r2, #0]
10007852:	6023      	str	r3, [r4, #0]
10007854:	6813      	ldr	r3, [r2, #0]
10007856:	bc30      	pop	{r4, r5}
10007858:	4770      	bx	lr
1000785a:	4603      	mov	r3, r0
1000785c:	e7e9      	b.n	10007832 <vTaskSwitchContext+0x62>
1000785e:	bf00      	nop
10007860:	200029dc 	.word	0x200029dc
10007864:	20002aa0 	.word	0x20002aa0
10007868:	200029e4 	.word	0x200029e4
1000786c:	20002900 	.word	0x20002900
10007870:	200028ec 	.word	0x200028ec

10007874 <vTaskPlaceOnEventList>:
10007874:	e92d 41f0 	stmdb	sp!, {r4, r5, r6, r7, r8, lr}
10007878:	460c      	mov	r4, r1
1000787a:	4d1e      	ldr	r5, [pc, #120]	@ (100078f4 <vTaskPlaceOnEventList+0x80>)
1000787c:	6829      	ldr	r1, [r5, #0]
1000787e:	3118      	adds	r1, #24
10007880:	f000 fdf2 	bl	10008468 <vListInsert>
10007884:	4b1c      	ldr	r3, [pc, #112]	@ (100078f8 <vTaskPlaceOnEventList+0x84>)
10007886:	491d      	ldr	r1, [pc, #116]	@ (100078fc <vTaskPlaceOnEventList+0x88>)
10007888:	4a1d      	ldr	r2, [pc, #116]	@ (10007900 <vTaskPlaceOnEventList+0x8c>)
1000788a:	680e      	ldr	r6, [r1, #0]
1000788c:	6817      	ldr	r7, [r2, #0]
1000788e:	f8d3 8000 	ldr.w	r8, [r3]
10007892:	6828      	ldr	r0, [r5, #0]
10007894:	3004      	adds	r0, #4
10007896:	f000 fdff 	bl	10008498 <uxListRemove>
1000789a:	1c63      	adds	r3, r4, #1
1000789c:	d015      	beq.n	100078ca <vTaskPlaceOnEventList+0x56>
1000789e:	682b      	ldr	r3, [r5, #0]
100078a0:	19a4      	adds	r4, r4, r6
100078a2:	6829      	ldr	r1, [r5, #0]
100078a4:	605c      	str	r4, [r3, #4]
100078a6:	d20a      	bcs.n	100078be <vTaskPlaceOnEventList+0x4a>
100078a8:	4638      	mov	r0, r7
100078aa:	3104      	adds	r1, #4
100078ac:	f000 fddc 	bl	10008468 <vListInsert>
100078b0:	4b14      	ldr	r3, [pc, #80]	@ (10007904 <vTaskPlaceOnEventList+0x90>)
100078b2:	681a      	ldr	r2, [r3, #0]
100078b4:	4294      	cmp	r4, r2
100078b6:	bf38      	it	cc
100078b8:	601c      	strcc	r4, [r3, #0]
100078ba:	e8bd 81f0 	ldmia.w	sp!, {r4, r5, r6, r7, r8, pc}
100078be:	4640      	mov	r0, r8
100078c0:	e8bd 41f0 	ldmia.w	sp!, {r4, r5, r6, r7, r8, lr}
100078c4:	3104      	adds	r1, #4
100078c6:	f000 bdcf 	b.w	10008468 <vListInsert>
100078ca:	4b0f      	ldr	r3, [pc, #60]	@ (10007908 <vTaskPlaceOnEventList+0x94>)
100078cc:	6829      	ldr	r1, [r5, #0]
100078ce:	685a      	ldr	r2, [r3, #4]
100078d0:	681c      	ldr	r4, [r3, #0]
100078d2:	608a      	str	r2, [r1, #8]
100078d4:	682e      	ldr	r6, [r5, #0]
100078d6:	3401      	adds	r4, #1
100078d8:	6828      	ldr	r0, [r5, #0]
100078da:	6829      	ldr	r1, [r5, #0]
100078dc:	601c      	str	r4, [r3, #0]
100078de:	682d      	ldr	r5, [r5, #0]
100078e0:	6894      	ldr	r4, [r2, #8]
100078e2:	3004      	adds	r0, #4
100078e4:	3104      	adds	r1, #4
100078e6:	60f4      	str	r4, [r6, #12]
100078e8:	6060      	str	r0, [r4, #4]
100078ea:	6091      	str	r1, [r2, #8]
100078ec:	616b      	str	r3, [r5, #20]
100078ee:	e8bd 81f0 	ldmia.w	sp!, {r4, r5, r6, r7, r8, pc}
100078f2:	bf00      	nop
100078f4:	200028ec 	.word	0x200028ec
100078f8:	200028f8 	.word	0x200028f8
100078fc:	20002a94 	.word	0x20002a94
10007900:	200028f4 	.word	0x200028f4
10007904:	20002a44 	.word	0x20002a44
10007908:	20002a6c 	.word	0x20002a6c

1000790c <vTaskPlaceOnEventListRestricted>:
1000790c:	4694      	mov	ip, r2
1000790e:	e92d 41f0 	stmdb	sp!, {r4, r5, r6, r7, r8, lr}
10007912:	4c2b      	ldr	r4, [pc, #172]	@ (100079c0 <vTaskPlaceOnEventListRestricted+0xb4>)
10007914:	460d      	mov	r5, r1
10007916:	6823      	ldr	r3, [r4, #0]
10007918:	6841      	ldr	r1, [r0, #4]
1000791a:	f8d4 8000 	ldr.w	r8, [r4]
1000791e:	61d9      	str	r1, [r3, #28]
10007920:	6827      	ldr	r7, [r4, #0]
10007922:	6803      	ldr	r3, [r0, #0]
10007924:	6826      	ldr	r6, [r4, #0]
10007926:	688a      	ldr	r2, [r1, #8]
10007928:	f8d4 e000 	ldr.w	lr, [r4]
1000792c:	3301      	adds	r3, #1
1000792e:	3718      	adds	r7, #24
10007930:	3618      	adds	r6, #24
10007932:	f8c8 2020 	str.w	r2, [r8, #32]
10007936:	6057      	str	r7, [r2, #4]
10007938:	608e      	str	r6, [r1, #8]
1000793a:	4a22      	ldr	r2, [pc, #136]	@ (100079c4 <vTaskPlaceOnEventListRestricted+0xb8>)
1000793c:	f8ce 0028 	str.w	r0, [lr, #40]	@ 0x28
10007940:	4921      	ldr	r1, [pc, #132]	@ (100079c8 <vTaskPlaceOnEventListRestricted+0xbc>)
10007942:	6003      	str	r3, [r0, #0]
10007944:	4b21      	ldr	r3, [pc, #132]	@ (100079cc <vTaskPlaceOnEventListRestricted+0xc0>)
10007946:	f1bc 0f00 	cmp.w	ip, #0
1000794a:	d01a      	beq.n	10007982 <vTaskPlaceOnEventListRestricted+0x76>
1000794c:	6809      	ldr	r1, [r1, #0]
1000794e:	6812      	ldr	r2, [r2, #0]
10007950:	681b      	ldr	r3, [r3, #0]
10007952:	6820      	ldr	r0, [r4, #0]
10007954:	3004      	adds	r0, #4
10007956:	f000 fd9f 	bl	10008498 <uxListRemove>
1000795a:	4b1d      	ldr	r3, [pc, #116]	@ (100079d0 <vTaskPlaceOnEventListRestricted+0xc4>)
1000795c:	6819      	ldr	r1, [r3, #0]
1000795e:	685a      	ldr	r2, [r3, #4]
10007960:	3101      	adds	r1, #1
10007962:	6019      	str	r1, [r3, #0]
10007964:	6821      	ldr	r1, [r4, #0]
10007966:	6890      	ldr	r0, [r2, #8]
10007968:	608a      	str	r2, [r1, #8]
1000796a:	6821      	ldr	r1, [r4, #0]
1000796c:	60c8      	str	r0, [r1, #12]
1000796e:	6821      	ldr	r1, [r4, #0]
10007970:	3104      	adds	r1, #4
10007972:	6041      	str	r1, [r0, #4]
10007974:	6821      	ldr	r1, [r4, #0]
10007976:	6820      	ldr	r0, [r4, #0]
10007978:	3104      	adds	r1, #4
1000797a:	6091      	str	r1, [r2, #8]
1000797c:	6143      	str	r3, [r0, #20]
1000797e:	e8bd 81f0 	ldmia.w	sp!, {r4, r5, r6, r7, r8, pc}
10007982:	680e      	ldr	r6, [r1, #0]
10007984:	6817      	ldr	r7, [r2, #0]
10007986:	f8d3 8000 	ldr.w	r8, [r3]
1000798a:	6820      	ldr	r0, [r4, #0]
1000798c:	3004      	adds	r0, #4
1000798e:	f000 fd83 	bl	10008498 <uxListRemove>
10007992:	6823      	ldr	r3, [r4, #0]
10007994:	19ad      	adds	r5, r5, r6
10007996:	6821      	ldr	r1, [r4, #0]
10007998:	605d      	str	r5, [r3, #4]
1000799a:	d305      	bcc.n	100079a8 <vTaskPlaceOnEventListRestricted+0x9c>
1000799c:	4640      	mov	r0, r8
1000799e:	e8bd 41f0 	ldmia.w	sp!, {r4, r5, r6, r7, r8, lr}
100079a2:	3104      	adds	r1, #4
100079a4:	f000 bd60 	b.w	10008468 <vListInsert>
100079a8:	4638      	mov	r0, r7
100079aa:	3104      	adds	r1, #4
100079ac:	f000 fd5c 	bl	10008468 <vListInsert>
100079b0:	4b08      	ldr	r3, [pc, #32]	@ (100079d4 <vTaskPlaceOnEventListRestricted+0xc8>)
100079b2:	681a      	ldr	r2, [r3, #0]
100079b4:	4295      	cmp	r5, r2
100079b6:	bf38      	it	cc
100079b8:	601d      	strcc	r5, [r3, #0]
100079ba:	e8bd 81f0 	ldmia.w	sp!, {r4, r5, r6, r7, r8, pc}
100079be:	bf00      	nop
100079c0:	200028ec 	.word	0x200028ec
100079c4:	200028f4 	.word	0x200028f4
100079c8:	20002a94 	.word	0x20002a94
100079cc:	200028f8 	.word	0x200028f8
100079d0:	20002a6c 	.word	0x20002a6c
100079d4:	20002a44 	.word	0x20002a44

100079d8 <xTaskRemoveFromEventList>:
100079d8:	b4f0      	push	{r4, r5, r6, r7}
100079da:	2600      	movs	r6, #0
100079dc:	68c3      	ldr	r3, [r0, #12]
100079de:	68db      	ldr	r3, [r3, #12]
100079e0:	6a9a      	ldr	r2, [r3, #40]	@ 0x28
100079e2:	e9d3 0107 	ldrd	r0, r1, [r3, #28]
100079e6:	6081      	str	r1, [r0, #8]
100079e8:	6048      	str	r0, [r1, #4]
100079ea:	6850      	ldr	r0, [r2, #4]
100079ec:	f103 0418 	add.w	r4, r3, #24
100079f0:	42a0      	cmp	r0, r4
100079f2:	4827      	ldr	r0, [pc, #156]	@ (10007a90 <xTaskRemoveFromEventList+0xb8>)
100079f4:	bf08      	it	eq
100079f6:	6051      	streq	r1, [r2, #4]
100079f8:	6811      	ldr	r1, [r2, #0]
100079fa:	6805      	ldr	r5, [r0, #0]
100079fc:	3901      	subs	r1, #1
100079fe:	6ad8      	ldr	r0, [r3, #44]	@ 0x2c
10007a00:	629e      	str	r6, [r3, #40]	@ 0x28
10007a02:	6011      	str	r1, [r2, #0]
10007a04:	2d00      	cmp	r5, #0
10007a06:	d12f      	bne.n	10007a68 <xTaskRemoveFromEventList+0x90>
10007a08:	e9d3 4102 	ldrd	r4, r1, [r3, #8]
10007a0c:	695a      	ldr	r2, [r3, #20]
10007a0e:	60a1      	str	r1, [r4, #8]
10007a10:	604c      	str	r4, [r1, #4]
10007a12:	6854      	ldr	r4, [r2, #4]
10007a14:	1d1e      	adds	r6, r3, #4
10007a16:	42b4      	cmp	r4, r6
10007a18:	bf08      	it	eq
10007a1a:	6051      	streq	r1, [r2, #4]
10007a1c:	6811      	ldr	r1, [r2, #0]
10007a1e:	3901      	subs	r1, #1
10007a20:	6011      	str	r1, [r2, #0]
10007a22:	4a1c      	ldr	r2, [pc, #112]	@ (10007a94 <xTaskRemoveFromEventList+0xbc>)
10007a24:	6811      	ldr	r1, [r2, #0]
10007a26:	4281      	cmp	r1, r0
10007a28:	491b      	ldr	r1, [pc, #108]	@ (10007a98 <xTaskRemoveFromEventList+0xc0>)
10007a2a:	bf38      	it	cc
10007a2c:	6010      	strcc	r0, [r2, #0]
10007a2e:	eb00 0280 	add.w	r2, r0, r0, lsl #2
10007a32:	eb01 0782 	add.w	r7, r1, r2, lsl #2
10007a36:	687d      	ldr	r5, [r7, #4]
10007a38:	0092      	lsls	r2, r2, #2
10007a3a:	f8d5 c008 	ldr.w	ip, [r5, #8]
10007a3e:	588c      	ldr	r4, [r1, r2]
10007a40:	609d      	str	r5, [r3, #8]
10007a42:	f8c3 c00c 	str.w	ip, [r3, #12]
10007a46:	f8cc 6004 	str.w	r6, [ip, #4]
10007a4a:	60ae      	str	r6, [r5, #8]
10007a4c:	615f      	str	r7, [r3, #20]
10007a4e:	4b13      	ldr	r3, [pc, #76]	@ (10007a9c <xTaskRemoveFromEventList+0xc4>)
10007a50:	3401      	adds	r4, #1
10007a52:	681b      	ldr	r3, [r3, #0]
10007a54:	508c      	str	r4, [r1, r2]
10007a56:	6adb      	ldr	r3, [r3, #44]	@ 0x2c
10007a58:	4283      	cmp	r3, r0
10007a5a:	d215      	bcs.n	10007a88 <xTaskRemoveFromEventList+0xb0>
10007a5c:	bcf0      	pop	{r4, r5, r6, r7}
10007a5e:	2301      	movs	r3, #1
10007a60:	4a0f      	ldr	r2, [pc, #60]	@ (10007aa0 <xTaskRemoveFromEventList+0xc8>)
10007a62:	4618      	mov	r0, r3
10007a64:	6013      	str	r3, [r2, #0]
10007a66:	4770      	bx	lr
10007a68:	4a0e      	ldr	r2, [pc, #56]	@ (10007aa4 <xTaskRemoveFromEventList+0xcc>)
10007a6a:	6815      	ldr	r5, [r2, #0]
10007a6c:	6851      	ldr	r1, [r2, #4]
10007a6e:	3501      	adds	r5, #1
10007a70:	6015      	str	r5, [r2, #0]
10007a72:	688d      	ldr	r5, [r1, #8]
10007a74:	61d9      	str	r1, [r3, #28]
10007a76:	621d      	str	r5, [r3, #32]
10007a78:	606c      	str	r4, [r5, #4]
10007a7a:	608c      	str	r4, [r1, #8]
10007a7c:	629a      	str	r2, [r3, #40]	@ 0x28
10007a7e:	4b07      	ldr	r3, [pc, #28]	@ (10007a9c <xTaskRemoveFromEventList+0xc4>)
10007a80:	681b      	ldr	r3, [r3, #0]
10007a82:	6adb      	ldr	r3, [r3, #44]	@ 0x2c
10007a84:	4283      	cmp	r3, r0
10007a86:	d3e9      	bcc.n	10007a5c <xTaskRemoveFromEventList+0x84>
10007a88:	bcf0      	pop	{r4, r5, r6, r7}
10007a8a:	2000      	movs	r0, #0
10007a8c:	4770      	bx	lr
10007a8e:	bf00      	nop
10007a90:	200029dc 	.word	0x200029dc
10007a94:	200029e4 	.word	0x200029e4
10007a98:	20002900 	.word	0x20002900
10007a9c:	200028ec 	.word	0x200028ec
10007aa0:	20002aa0 	.word	0x20002aa0
10007aa4:	20002a50 	.word	0x20002a50

10007aa8 <vTaskInternalSetTimeOutState>:
10007aa8:	4a03      	ldr	r2, [pc, #12]	@ (10007ab8 <vTaskInternalSetTimeOutState+0x10>)
10007aaa:	4b04      	ldr	r3, [pc, #16]	@ (10007abc <vTaskInternalSetTimeOutState+0x14>)
10007aac:	6812      	ldr	r2, [r2, #0]
10007aae:	681b      	ldr	r3, [r3, #0]
10007ab0:	e9c0 2300 	strd	r2, r3, [r0]
10007ab4:	4770      	bx	lr
10007ab6:	bf00      	nop
10007ab8:	20002a48 	.word	0x20002a48
10007abc:	20002a94 	.word	0x20002a94

10007ac0 <xTaskCheckForTimeOut>:
10007ac0:	b5f8      	push	{r3, r4, r5, r6, r7, lr}
10007ac2:	460d      	mov	r5, r1
10007ac4:	4604      	mov	r4, r0
10007ac6:	f000 fb39 	bl	1000813c <vPortEnterCritical>
10007aca:	682b      	ldr	r3, [r5, #0]
10007acc:	4a12      	ldr	r2, [pc, #72]	@ (10007b18 <xTaskCheckForTimeOut+0x58>)
10007ace:	1c58      	adds	r0, r3, #1
10007ad0:	6811      	ldr	r1, [r2, #0]
10007ad2:	d01b      	beq.n	10007b0c <xTaskCheckForTimeOut+0x4c>
10007ad4:	e9d4 6000 	ldrd	r6, r0, [r4]
10007ad8:	f8df c040 	ldr.w	ip, [pc, #64]	@ 10007b1c <xTaskCheckForTimeOut+0x5c>
10007adc:	f8dc 7000 	ldr.w	r7, [ip]
10007ae0:	42be      	cmp	r6, r7
10007ae2:	d008      	beq.n	10007af6 <xTaskCheckForTimeOut+0x36>
10007ae4:	4288      	cmp	r0, r1
10007ae6:	d806      	bhi.n	10007af6 <xTaskCheckForTimeOut+0x36>
10007ae8:	2300      	movs	r3, #0
10007aea:	2401      	movs	r4, #1
10007aec:	602b      	str	r3, [r5, #0]
10007aee:	f000 fb33 	bl	10008158 <vPortExitCritical>
10007af2:	4620      	mov	r0, r4
10007af4:	bdf8      	pop	{r3, r4, r5, r6, r7, pc}
10007af6:	1a0f      	subs	r7, r1, r0
10007af8:	42bb      	cmp	r3, r7
10007afa:	d9f5      	bls.n	10007ae8 <xTaskCheckForTimeOut+0x28>
10007afc:	1a5b      	subs	r3, r3, r1
10007afe:	f8dc 1000 	ldr.w	r1, [ip]
10007b02:	6812      	ldr	r2, [r2, #0]
10007b04:	4403      	add	r3, r0
10007b06:	602b      	str	r3, [r5, #0]
10007b08:	e9c4 1200 	strd	r1, r2, [r4]
10007b0c:	2400      	movs	r4, #0
10007b0e:	f000 fb23 	bl	10008158 <vPortExitCritical>
10007b12:	4620      	mov	r0, r4
10007b14:	bdf8      	pop	{r3, r4, r5, r6, r7, pc}
10007b16:	bf00      	nop
10007b18:	20002a94 	.word	0x20002a94
10007b1c:	20002a48 	.word	0x20002a48

10007b20 <vTaskMissedYield>:
10007b20:	2201      	movs	r2, #1
10007b22:	4b01      	ldr	r3, [pc, #4]	@ (10007b28 <vTaskMissedYield+0x8>)
10007b24:	601a      	str	r2, [r3, #0]
10007b26:	4770      	bx	lr
10007b28:	20002aa0 	.word	0x20002aa0

10007b2c <xTaskPriorityInherit>:
10007b2c:	b5f8      	push	{r3, r4, r5, r6, r7, lr}
10007b2e:	4604      	mov	r4, r0
10007b30:	b1c8      	cbz	r0, 10007b66 <xTaskPriorityInherit+0x3a>
10007b32:	4d1f      	ldr	r5, [pc, #124]	@ (10007bb0 <xTaskPriorityInherit+0x84>)
10007b34:	6ac3      	ldr	r3, [r0, #44]	@ 0x2c
10007b36:	682a      	ldr	r2, [r5, #0]
10007b38:	6ad2      	ldr	r2, [r2, #44]	@ 0x2c
10007b3a:	4293      	cmp	r3, r2
10007b3c:	d214      	bcs.n	10007b68 <xTaskPriorityInherit+0x3c>
10007b3e:	6982      	ldr	r2, [r0, #24]
10007b40:	2a00      	cmp	r2, #0
10007b42:	db04      	blt.n	10007b4e <xTaskPriorityInherit+0x22>
10007b44:	682a      	ldr	r2, [r5, #0]
10007b46:	6ad2      	ldr	r2, [r2, #44]	@ 0x2c
10007b48:	f1c2 0206 	rsb	r2, r2, #6
10007b4c:	6182      	str	r2, [r0, #24]
10007b4e:	4e19      	ldr	r6, [pc, #100]	@ (10007bb4 <xTaskPriorityInherit+0x88>)
10007b50:	6962      	ldr	r2, [r4, #20]
10007b52:	eb03 0383 	add.w	r3, r3, r3, lsl #2
10007b56:	eb06 0383 	add.w	r3, r6, r3, lsl #2
10007b5a:	429a      	cmp	r2, r3
10007b5c:	d00c      	beq.n	10007b78 <xTaskPriorityInherit+0x4c>
10007b5e:	682b      	ldr	r3, [r5, #0]
10007b60:	6adb      	ldr	r3, [r3, #44]	@ 0x2c
10007b62:	62e3      	str	r3, [r4, #44]	@ 0x2c
10007b64:	2001      	movs	r0, #1
10007b66:	bdf8      	pop	{r3, r4, r5, r6, r7, pc}
10007b68:	682b      	ldr	r3, [r5, #0]
10007b6a:	6c40      	ldr	r0, [r0, #68]	@ 0x44
10007b6c:	6adb      	ldr	r3, [r3, #44]	@ 0x2c
10007b6e:	4298      	cmp	r0, r3
10007b70:	bf2c      	ite	cs
10007b72:	2000      	movcs	r0, #0
10007b74:	2001      	movcc	r0, #1
10007b76:	bdf8      	pop	{r3, r4, r5, r6, r7, pc}
10007b78:	1d27      	adds	r7, r4, #4
10007b7a:	4638      	mov	r0, r7
10007b7c:	f000 fc8c 	bl	10008498 <uxListRemove>
10007b80:	682b      	ldr	r3, [r5, #0]
10007b82:	4a0d      	ldr	r2, [pc, #52]	@ (10007bb8 <xTaskPriorityInherit+0x8c>)
10007b84:	6adb      	ldr	r3, [r3, #44]	@ 0x2c
10007b86:	6811      	ldr	r1, [r2, #0]
10007b88:	62e3      	str	r3, [r4, #44]	@ 0x2c
10007b8a:	428b      	cmp	r3, r1
10007b8c:	bf88      	it	hi
10007b8e:	6013      	strhi	r3, [r2, #0]
10007b90:	eb03 0383 	add.w	r3, r3, r3, lsl #2
10007b94:	0098      	lsls	r0, r3, #2
10007b96:	eb06 0383 	add.w	r3, r6, r3, lsl #2
10007b9a:	6859      	ldr	r1, [r3, #4]
10007b9c:	5832      	ldr	r2, [r6, r0]
10007b9e:	688d      	ldr	r5, [r1, #8]
10007ba0:	3201      	adds	r2, #1
10007ba2:	60a1      	str	r1, [r4, #8]
10007ba4:	60e5      	str	r5, [r4, #12]
10007ba6:	606f      	str	r7, [r5, #4]
10007ba8:	608f      	str	r7, [r1, #8]
10007baa:	6163      	str	r3, [r4, #20]
10007bac:	5032      	str	r2, [r6, r0]
10007bae:	e7d9      	b.n	10007b64 <xTaskPriorityInherit+0x38>
10007bb0:	200028ec 	.word	0x200028ec
10007bb4:	20002900 	.word	0x20002900
10007bb8:	200029e4 	.word	0x200029e4

10007bbc <xTaskPriorityDisinherit>:
10007bbc:	b158      	cbz	r0, 10007bd6 <xTaskPriorityDisinherit+0x1a>
10007bbe:	b5f8      	push	{r3, r4, r5, r6, r7, lr}
10007bc0:	6ac1      	ldr	r1, [r0, #44]	@ 0x2c
10007bc2:	6c83      	ldr	r3, [r0, #72]	@ 0x48
10007bc4:	6c42      	ldr	r2, [r0, #68]	@ 0x44
10007bc6:	3b01      	subs	r3, #1
10007bc8:	4291      	cmp	r1, r2
10007bca:	4604      	mov	r4, r0
10007bcc:	6483      	str	r3, [r0, #72]	@ 0x48
10007bce:	d000      	beq.n	10007bd2 <xTaskPriorityDisinherit+0x16>
10007bd0:	b11b      	cbz	r3, 10007bda <xTaskPriorityDisinherit+0x1e>
10007bd2:	2000      	movs	r0, #0
10007bd4:	bdf8      	pop	{r3, r4, r5, r6, r7, pc}
10007bd6:	2000      	movs	r0, #0
10007bd8:	4770      	bx	lr
10007bda:	1d06      	adds	r6, r0, #4
10007bdc:	4630      	mov	r0, r6
10007bde:	f000 fc5b 	bl	10008498 <uxListRemove>
10007be2:	6c63      	ldr	r3, [r4, #68]	@ 0x44
10007be4:	4a0e      	ldr	r2, [pc, #56]	@ (10007c20 <xTaskPriorityDisinherit+0x64>)
10007be6:	f1c3 0006 	rsb	r0, r3, #6
10007bea:	61a0      	str	r0, [r4, #24]
10007bec:	2001      	movs	r0, #1
10007bee:	6811      	ldr	r1, [r2, #0]
10007bf0:	62e3      	str	r3, [r4, #44]	@ 0x2c
10007bf2:	428b      	cmp	r3, r1
10007bf4:	bf88      	it	hi
10007bf6:	6013      	strhi	r3, [r2, #0]
10007bf8:	4a0a      	ldr	r2, [pc, #40]	@ (10007c24 <xTaskPriorityDisinherit+0x68>)
10007bfa:	eb03 0383 	add.w	r3, r3, r3, lsl #2
10007bfe:	ea4f 0c83 	mov.w	ip, r3, lsl #2
10007c02:	eb02 0383 	add.w	r3, r2, r3, lsl #2
10007c06:	685d      	ldr	r5, [r3, #4]
10007c08:	f852 100c 	ldr.w	r1, [r2, ip]
10007c0c:	68af      	ldr	r7, [r5, #8]
10007c0e:	4401      	add	r1, r0
10007c10:	60a5      	str	r5, [r4, #8]
10007c12:	60e7      	str	r7, [r4, #12]
10007c14:	607e      	str	r6, [r7, #4]
10007c16:	60ae      	str	r6, [r5, #8]
10007c18:	6163      	str	r3, [r4, #20]
10007c1a:	f842 100c 	str.w	r1, [r2, ip]
10007c1e:	bdf8      	pop	{r3, r4, r5, r6, r7, pc}
10007c20:	200029e4 	.word	0x200029e4
10007c24:	20002900 	.word	0x20002900

10007c28 <vTaskPriorityDisinheritAfterTimeout>:
10007c28:	b160      	cbz	r0, 10007c44 <vTaskPriorityDisinheritAfterTimeout+0x1c>
10007c2a:	6c42      	ldr	r2, [r0, #68]	@ 0x44
10007c2c:	b5f8      	push	{r3, r4, r5, r6, r7, lr}
10007c2e:	4291      	cmp	r1, r2
10007c30:	bf38      	it	cc
10007c32:	4611      	movcc	r1, r2
10007c34:	6ac3      	ldr	r3, [r0, #44]	@ 0x2c
10007c36:	4604      	mov	r4, r0
10007c38:	428b      	cmp	r3, r1
10007c3a:	d002      	beq.n	10007c42 <vTaskPriorityDisinheritAfterTimeout+0x1a>
10007c3c:	6c82      	ldr	r2, [r0, #72]	@ 0x48
10007c3e:	2a01      	cmp	r2, #1
10007c40:	d001      	beq.n	10007c46 <vTaskPriorityDisinheritAfterTimeout+0x1e>
10007c42:	bdf8      	pop	{r3, r4, r5, r6, r7, pc}
10007c44:	4770      	bx	lr
10007c46:	6982      	ldr	r2, [r0, #24]
10007c48:	4d13      	ldr	r5, [pc, #76]	@ (10007c98 <vTaskPriorityDisinheritAfterTimeout+0x70>)
10007c4a:	2a00      	cmp	r2, #0
10007c4c:	eb03 0383 	add.w	r3, r3, r3, lsl #2
10007c50:	6942      	ldr	r2, [r0, #20]
10007c52:	62c1      	str	r1, [r0, #44]	@ 0x2c
10007c54:	eb05 0383 	add.w	r3, r5, r3, lsl #2
10007c58:	bfa4      	itt	ge
10007c5a:	f1c1 0106 	rsbge	r1, r1, #6
10007c5e:	6181      	strge	r1, [r0, #24]
10007c60:	429a      	cmp	r2, r3
10007c62:	d1ee      	bne.n	10007c42 <vTaskPriorityDisinheritAfterTimeout+0x1a>
10007c64:	1d06      	adds	r6, r0, #4
10007c66:	4630      	mov	r0, r6
10007c68:	f000 fc16 	bl	10008498 <uxListRemove>
10007c6c:	4a0b      	ldr	r2, [pc, #44]	@ (10007c9c <vTaskPriorityDisinheritAfterTimeout+0x74>)
10007c6e:	6ae3      	ldr	r3, [r4, #44]	@ 0x2c
10007c70:	6811      	ldr	r1, [r2, #0]
10007c72:	428b      	cmp	r3, r1
10007c74:	bf88      	it	hi
10007c76:	6013      	strhi	r3, [r2, #0]
10007c78:	eb03 0383 	add.w	r3, r3, r3, lsl #2
10007c7c:	0098      	lsls	r0, r3, #2
10007c7e:	eb05 0383 	add.w	r3, r5, r3, lsl #2
10007c82:	6859      	ldr	r1, [r3, #4]
10007c84:	582a      	ldr	r2, [r5, r0]
10007c86:	688f      	ldr	r7, [r1, #8]
10007c88:	3201      	adds	r2, #1
10007c8a:	60a1      	str	r1, [r4, #8]
10007c8c:	60e7      	str	r7, [r4, #12]
10007c8e:	607e      	str	r6, [r7, #4]
10007c90:	608e      	str	r6, [r1, #8]
10007c92:	6163      	str	r3, [r4, #20]
10007c94:	502a      	str	r2, [r5, r0]
10007c96:	bdf8      	pop	{r3, r4, r5, r6, r7, pc}
10007c98:	20002900 	.word	0x20002900
10007c9c:	200029e4 	.word	0x200029e4

10007ca0 <pvTaskIncrementMutexHeldCount>:
10007ca0:	4b03      	ldr	r3, [pc, #12]	@ (10007cb0 <pvTaskIncrementMutexHeldCount+0x10>)
10007ca2:	6818      	ldr	r0, [r3, #0]
10007ca4:	b110      	cbz	r0, 10007cac <pvTaskIncrementMutexHeldCount+0xc>
10007ca6:	6c83      	ldr	r3, [r0, #72]	@ 0x48
10007ca8:	3301      	adds	r3, #1
10007caa:	6483      	str	r3, [r0, #72]	@ 0x48
10007cac:	4770      	bx	lr
10007cae:	bf00      	nop
10007cb0:	200028ec 	.word	0x200028ec

10007cb4 <prvTimerTask>:
10007cb4:	e92d 4ff0 	stmdb	sp!, {r4, r5, r6, r7, r8, r9, sl, fp, lr}
10007cb8:	4fb7      	ldr	r7, [pc, #732]	@ (10007f98 <prvTimerTask+0x2e4>)
10007cba:	f8df b2e4 	ldr.w	fp, [pc, #740]	@ 10007fa0 <prvTimerTask+0x2ec>
10007cbe:	f8df 82e4 	ldr.w	r8, [pc, #740]	@ 10007fa4 <prvTimerTask+0x2f0>
10007cc2:	4db6      	ldr	r5, [pc, #728]	@ (10007f9c <prvTimerTask+0x2e8>)
10007cc4:	b087      	sub	sp, #28
10007cc6:	683b      	ldr	r3, [r7, #0]
10007cc8:	681c      	ldr	r4, [r3, #0]
10007cca:	2c00      	cmp	r4, #0
10007ccc:	f040 811d 	bne.w	10007f0a <prvTimerTask+0x256>
10007cd0:	f7ff fc5e 	bl	10007590 <vTaskSuspendAll>
10007cd4:	f7ff fd66 	bl	100077a4 <xTaskGetTickCount>
10007cd8:	f8db 3000 	ldr.w	r3, [fp]
10007cdc:	4681      	mov	r9, r0
10007cde:	4283      	cmp	r3, r0
10007ce0:	d848      	bhi.n	10007d74 <prvTimerTask+0xc0>
10007ce2:	f8d8 3000 	ldr.w	r3, [r8]
10007ce6:	f8cb 0000 	str.w	r0, [fp]
10007cea:	681a      	ldr	r2, [r3, #0]
10007cec:	fab2 f282 	clz	r2, r2
10007cf0:	0952      	lsrs	r2, r2, #5
10007cf2:	6828      	ldr	r0, [r5, #0]
10007cf4:	eba4 0109 	sub.w	r1, r4, r9
10007cf8:	f7ff f93e 	bl	10006f78 <vQueueWaitForMessageRestricted>
10007cfc:	f7ff fc50 	bl	100075a0 <xTaskResumeAll>
10007d00:	2800      	cmp	r0, #0
10007d02:	f000 8124 	beq.w	10007f4e <prvTimerTask+0x29a>
10007d06:	2300      	movs	r3, #0
10007d08:	e9cd 3302 	strd	r3, r3, [sp, #8]
10007d0c:	e9cd 3304 	strd	r3, r3, [sp, #16]
10007d10:	2200      	movs	r2, #0
10007d12:	6828      	ldr	r0, [r5, #0]
10007d14:	a902      	add	r1, sp, #8
10007d16:	f7fe fdcb 	bl	100068b0 <xQueueReceive>
10007d1a:	2800      	cmp	r0, #0
10007d1c:	d0d3      	beq.n	10007cc6 <prvTimerTask+0x12>
10007d1e:	9b02      	ldr	r3, [sp, #8]
10007d20:	9804      	ldr	r0, [sp, #16]
10007d22:	2b00      	cmp	r3, #0
10007d24:	f2c0 80e9 	blt.w	10007efa <prvTimerTask+0x246>
10007d28:	f8dd a010 	ldr.w	sl, [sp, #16]
10007d2c:	f8da 3014 	ldr.w	r3, [sl, #20]
10007d30:	b11b      	cbz	r3, 10007d3a <prvTimerTask+0x86>
10007d32:	f10a 0004 	add.w	r0, sl, #4
10007d36:	f000 fbaf 	bl	10008498 <uxListRemove>
10007d3a:	f7ff fd33 	bl	100077a4 <xTaskGetTickCount>
10007d3e:	f8db 3000 	ldr.w	r3, [fp]
10007d42:	9001      	str	r0, [sp, #4]
10007d44:	4298      	cmp	r0, r3
10007d46:	d343      	bcc.n	10007dd0 <prvTimerTask+0x11c>
10007d48:	e9dd 2301 	ldrd	r2, r3, [sp, #4]
10007d4c:	3b01      	subs	r3, #1
10007d4e:	f8cb 2000 	str.w	r2, [fp]
10007d52:	2b08      	cmp	r3, #8
10007d54:	d8dc      	bhi.n	10007d10 <prvTimerTask+0x5c>
10007d56:	e8df f003 	tbb	[pc, r3]
10007d5a:	6161      	.short	0x6161
10007d5c:	61c7a5c0 	.word	0x61c7a5c0
10007d60:	c061      	.short	0xc061
10007d62:	a5          	.byte	0xa5
10007d63:	00          	.byte	0x00
10007d64:	f022 0201 	bic.w	r2, r2, #1
10007d68:	f88a 2024 	strb.w	r2, [sl, #36]	@ 0x24
10007d6c:	4650      	mov	r0, sl
10007d6e:	f8da 3020 	ldr.w	r3, [sl, #32]
10007d72:	4798      	blx	r3
10007d74:	683b      	ldr	r3, [r7, #0]
10007d76:	681a      	ldr	r2, [r3, #0]
10007d78:	2a00      	cmp	r2, #0
10007d7a:	f000 80d8 	beq.w	10007f2e <prvTimerTask+0x27a>
10007d7e:	68da      	ldr	r2, [r3, #12]
10007d80:	f8d2 a00c 	ldr.w	sl, [r2, #12]
10007d84:	6814      	ldr	r4, [r2, #0]
10007d86:	f10a 0604 	add.w	r6, sl, #4
10007d8a:	4630      	mov	r0, r6
10007d8c:	f000 fb84 	bl	10008498 <uxListRemove>
10007d90:	f89a 2024 	ldrb.w	r2, [sl, #36]	@ 0x24
10007d94:	0751      	lsls	r1, r2, #29
10007d96:	d5e5      	bpl.n	10007d64 <prvTimerTask+0xb0>
10007d98:	e003      	b.n	10007da2 <prvTimerTask+0xee>
10007d9a:	4650      	mov	r0, sl
10007d9c:	f8da 2020 	ldr.w	r2, [sl, #32]
10007da0:	4790      	blx	r2
10007da2:	f8da 2018 	ldr.w	r2, [sl, #24]
10007da6:	f8ca a010 	str.w	sl, [sl, #16]
10007daa:	1911      	adds	r1, r2, r4
10007dac:	18a4      	adds	r4, r4, r2
10007dae:	f8ca 1004 	str.w	r1, [sl, #4]
10007db2:	d3f2      	bcc.n	10007d9a <prvTimerTask+0xe6>
10007db4:	4631      	mov	r1, r6
10007db6:	f8d8 0000 	ldr.w	r0, [r8]
10007dba:	f000 fb55 	bl	10008468 <vListInsert>
10007dbe:	e7d5      	b.n	10007d6c <prvTimerTask+0xb8>
10007dc0:	f021 0101 	bic.w	r1, r1, #1
10007dc4:	f889 1024 	strb.w	r1, [r9, #36]	@ 0x24
10007dc8:	4648      	mov	r0, r9
10007dca:	f8d9 3020 	ldr.w	r3, [r9, #32]
10007dce:	4798      	blx	r3
10007dd0:	683b      	ldr	r3, [r7, #0]
10007dd2:	6819      	ldr	r1, [r3, #0]
10007dd4:	2900      	cmp	r1, #0
10007dd6:	f000 80b4 	beq.w	10007f42 <prvTimerTask+0x28e>
10007dda:	68d9      	ldr	r1, [r3, #12]
10007ddc:	f8d1 900c 	ldr.w	r9, [r1, #12]
10007de0:	680c      	ldr	r4, [r1, #0]
10007de2:	f109 0604 	add.w	r6, r9, #4
10007de6:	4630      	mov	r0, r6
10007de8:	f000 fb56 	bl	10008498 <uxListRemove>
10007dec:	f899 1024 	ldrb.w	r1, [r9, #36]	@ 0x24
10007df0:	0748      	lsls	r0, r1, #29
10007df2:	d5e5      	bpl.n	10007dc0 <prvTimerTask+0x10c>
10007df4:	e003      	b.n	10007dfe <prvTimerTask+0x14a>
10007df6:	4648      	mov	r0, r9
10007df8:	f8d9 1020 	ldr.w	r1, [r9, #32]
10007dfc:	4788      	blx	r1
10007dfe:	f8d9 1018 	ldr.w	r1, [r9, #24]
10007e02:	f8c9 9010 	str.w	r9, [r9, #16]
10007e06:	1908      	adds	r0, r1, r4
10007e08:	1864      	adds	r4, r4, r1
10007e0a:	f8c9 0004 	str.w	r0, [r9, #4]
10007e0e:	d3f2      	bcc.n	10007df6 <prvTimerTask+0x142>
10007e10:	4631      	mov	r1, r6
10007e12:	f8d8 0000 	ldr.w	r0, [r8]
10007e16:	f000 fb27 	bl	10008468 <vListInsert>
10007e1a:	e7d5      	b.n	10007dc8 <prvTimerTask+0x114>
10007e1c:	f89a 0024 	ldrb.w	r0, [sl, #36]	@ 0x24
10007e20:	9903      	ldr	r1, [sp, #12]
10007e22:	f8da 4018 	ldr.w	r4, [sl, #24]
10007e26:	9a01      	ldr	r2, [sp, #4]
10007e28:	190b      	adds	r3, r1, r4
10007e2a:	f040 0601 	orr.w	r6, r0, #1
10007e2e:	f88a 6024 	strb.w	r6, [sl, #36]	@ 0x24
10007e32:	bf2c      	ite	cs
10007e34:	2601      	movcs	r6, #1
10007e36:	2600      	movcc	r6, #0
10007e38:	4293      	cmp	r3, r2
10007e3a:	f8ca 3004 	str.w	r3, [sl, #4]
10007e3e:	f8ca a010 	str.w	sl, [sl, #16]
10007e42:	f200 8087 	bhi.w	10007f54 <prvTimerTask+0x2a0>
10007e46:	1a51      	subs	r1, r2, r1
10007e48:	428c      	cmp	r4, r1
10007e4a:	d83f      	bhi.n	10007ecc <prvTimerTask+0x218>
10007e4c:	0741      	lsls	r1, r0, #29
10007e4e:	d412      	bmi.n	10007e76 <prvTimerTask+0x1c2>
10007e50:	f020 0001 	bic.w	r0, r0, #1
10007e54:	f88a 0024 	strb.w	r0, [sl, #36]	@ 0x24
10007e58:	4650      	mov	r0, sl
10007e5a:	f8da 3020 	ldr.w	r3, [sl, #32]
10007e5e:	4798      	blx	r3
10007e60:	e756      	b.n	10007d10 <prvTimerTask+0x5c>
10007e62:	428c      	cmp	r4, r1
10007e64:	f200 80c6 	bhi.w	10007ff4 <prvTimerTask+0x340>
10007e68:	f8da 3020 	ldr.w	r3, [sl, #32]
10007e6c:	4650      	mov	r0, sl
10007e6e:	4798      	blx	r3
10007e70:	4633      	mov	r3, r6
10007e72:	f8da 4018 	ldr.w	r4, [sl, #24]
10007e76:	9a01      	ldr	r2, [sp, #4]
10007e78:	18e6      	adds	r6, r4, r3
10007e7a:	bf2c      	ite	cs
10007e7c:	2001      	movcs	r0, #1
10007e7e:	2000      	movcc	r0, #0
10007e80:	42b2      	cmp	r2, r6
10007e82:	eba2 0103 	sub.w	r1, r2, r3
10007e86:	f8ca 6004 	str.w	r6, [sl, #4]
10007e8a:	f8ca a010 	str.w	sl, [sl, #16]
10007e8e:	d2e8      	bcs.n	10007e62 <prvTimerTask+0x1ae>
10007e90:	429a      	cmp	r2, r3
10007e92:	d201      	bcs.n	10007e98 <prvTimerTask+0x1e4>
10007e94:	2800      	cmp	r0, #0
10007e96:	d0e7      	beq.n	10007e68 <prvTimerTask+0x1b4>
10007e98:	6838      	ldr	r0, [r7, #0]
10007e9a:	f10a 0104 	add.w	r1, sl, #4
10007e9e:	f000 fae3 	bl	10008468 <vListInsert>
10007ea2:	e7d9      	b.n	10007e58 <prvTimerTask+0x1a4>
10007ea4:	9903      	ldr	r1, [sp, #12]
10007ea6:	9a01      	ldr	r2, [sp, #4]
10007ea8:	f89a 3024 	ldrb.w	r3, [sl, #36]	@ 0x24
10007eac:	1888      	adds	r0, r1, r2
10007eae:	f043 0301 	orr.w	r3, r3, #1
10007eb2:	4290      	cmp	r0, r2
10007eb4:	f88a 3024 	strb.w	r3, [sl, #36]	@ 0x24
10007eb8:	f8ca 1018 	str.w	r1, [sl, #24]
10007ebc:	f8ca 0004 	str.w	r0, [sl, #4]
10007ec0:	f8ca a010 	str.w	sl, [sl, #16]
10007ec4:	d84b      	bhi.n	10007f5e <prvTimerTask+0x2aa>
10007ec6:	2900      	cmp	r1, #0
10007ec8:	f43f af22 	beq.w	10007d10 <prvTimerTask+0x5c>
10007ecc:	f8d8 0000 	ldr.w	r0, [r8]
10007ed0:	f10a 0104 	add.w	r1, sl, #4
10007ed4:	f000 fac8 	bl	10008468 <vListInsert>
10007ed8:	e71a      	b.n	10007d10 <prvTimerTask+0x5c>
10007eda:	f89a 3024 	ldrb.w	r3, [sl, #36]	@ 0x24
10007ede:	f023 0301 	bic.w	r3, r3, #1
10007ee2:	f88a 3024 	strb.w	r3, [sl, #36]	@ 0x24
10007ee6:	e713      	b.n	10007d10 <prvTimerTask+0x5c>
10007ee8:	f89a 3024 	ldrb.w	r3, [sl, #36]	@ 0x24
10007eec:	079a      	lsls	r2, r3, #30
10007eee:	d577      	bpl.n	10007fe0 <prvTimerTask+0x32c>
10007ef0:	f023 0301 	bic.w	r3, r3, #1
10007ef4:	f88a 3024 	strb.w	r3, [sl, #36]	@ 0x24
10007ef8:	e70a      	b.n	10007d10 <prvTimerTask+0x5c>
10007efa:	9b03      	ldr	r3, [sp, #12]
10007efc:	9905      	ldr	r1, [sp, #20]
10007efe:	4798      	blx	r3
10007f00:	9b02      	ldr	r3, [sp, #8]
10007f02:	2b00      	cmp	r3, #0
10007f04:	f6ff af04 	blt.w	10007d10 <prvTimerTask+0x5c>
10007f08:	e70e      	b.n	10007d28 <prvTimerTask+0x74>
10007f0a:	68db      	ldr	r3, [r3, #12]
10007f0c:	681c      	ldr	r4, [r3, #0]
10007f0e:	f7ff fb3f 	bl	10007590 <vTaskSuspendAll>
10007f12:	f7ff fc47 	bl	100077a4 <xTaskGetTickCount>
10007f16:	f8db 3000 	ldr.w	r3, [fp]
10007f1a:	4681      	mov	r9, r0
10007f1c:	4283      	cmp	r3, r0
10007f1e:	f63f af29 	bhi.w	10007d74 <prvTimerTask+0xc0>
10007f22:	4284      	cmp	r4, r0
10007f24:	f8cb 0000 	str.w	r0, [fp]
10007f28:	d91f      	bls.n	10007f6a <prvTimerTask+0x2b6>
10007f2a:	2200      	movs	r2, #0
10007f2c:	e6e1      	b.n	10007cf2 <prvTimerTask+0x3e>
10007f2e:	f8d8 2000 	ldr.w	r2, [r8]
10007f32:	f8cb 9000 	str.w	r9, [fp]
10007f36:	603a      	str	r2, [r7, #0]
10007f38:	f8c8 3000 	str.w	r3, [r8]
10007f3c:	f7ff fb30 	bl	100075a0 <xTaskResumeAll>
10007f40:	e6e1      	b.n	10007d06 <prvTimerTask+0x52>
10007f42:	f8d8 1000 	ldr.w	r1, [r8]
10007f46:	f8c8 3000 	str.w	r3, [r8]
10007f4a:	6039      	str	r1, [r7, #0]
10007f4c:	e6fc      	b.n	10007d48 <prvTimerTask+0x94>
10007f4e:	f000 f8e9 	bl	10008124 <vPortYield>
10007f52:	e6d8      	b.n	10007d06 <prvTimerTask+0x52>
10007f54:	4291      	cmp	r1, r2
10007f56:	d902      	bls.n	10007f5e <prvTimerTask+0x2aa>
10007f58:	2e00      	cmp	r6, #0
10007f5a:	f43f af77 	beq.w	10007e4c <prvTimerTask+0x198>
10007f5e:	6838      	ldr	r0, [r7, #0]
10007f60:	f10a 0104 	add.w	r1, sl, #4
10007f64:	f000 fa80 	bl	10008468 <vListInsert>
10007f68:	e6d2      	b.n	10007d10 <prvTimerTask+0x5c>
10007f6a:	f7ff fb19 	bl	100075a0 <xTaskResumeAll>
10007f6e:	683b      	ldr	r3, [r7, #0]
10007f70:	68db      	ldr	r3, [r3, #12]
10007f72:	68de      	ldr	r6, [r3, #12]
10007f74:	1d33      	adds	r3, r6, #4
10007f76:	4618      	mov	r0, r3
10007f78:	9301      	str	r3, [sp, #4]
10007f7a:	f000 fa8d 	bl	10008498 <uxListRemove>
10007f7e:	f896 2024 	ldrb.w	r2, [r6, #36]	@ 0x24
10007f82:	0753      	lsls	r3, r2, #29
10007f84:	d416      	bmi.n	10007fb4 <prvTimerTask+0x300>
10007f86:	f022 0201 	bic.w	r2, r2, #1
10007f8a:	f886 2024 	strb.w	r2, [r6, #36]	@ 0x24
10007f8e:	4630      	mov	r0, r6
10007f90:	6a33      	ldr	r3, [r6, #32]
10007f92:	4798      	blx	r3
10007f94:	e6b7      	b.n	10007d06 <prvTimerTask+0x52>
10007f96:	bf00      	nop
10007f98:	200028f0 	.word	0x200028f0
10007f9c:	20002a98 	.word	0x20002a98
10007fa0:	20002a40 	.word	0x20002a40
10007fa4:	200028fc 	.word	0x200028fc
10007fa8:	4281      	cmp	r1, r0
10007faa:	d81d      	bhi.n	10007fe8 <prvTimerTask+0x334>
10007fac:	4630      	mov	r0, r6
10007fae:	6a31      	ldr	r1, [r6, #32]
10007fb0:	4788      	blx	r1
10007fb2:	4654      	mov	r4, sl
10007fb4:	69b1      	ldr	r1, [r6, #24]
10007fb6:	eba9 0004 	sub.w	r0, r9, r4
10007fba:	eb14 0a01 	adds.w	sl, r4, r1
10007fbe:	bf2c      	ite	cs
10007fc0:	2301      	movcs	r3, #1
10007fc2:	2300      	movcc	r3, #0
10007fc4:	45ca      	cmp	sl, r9
10007fc6:	f8c6 a004 	str.w	sl, [r6, #4]
10007fca:	6136      	str	r6, [r6, #16]
10007fcc:	d9ec      	bls.n	10007fa8 <prvTimerTask+0x2f4>
10007fce:	454c      	cmp	r4, r9
10007fd0:	d901      	bls.n	10007fd6 <prvTimerTask+0x322>
10007fd2:	2b00      	cmp	r3, #0
10007fd4:	d0ea      	beq.n	10007fac <prvTimerTask+0x2f8>
10007fd6:	9901      	ldr	r1, [sp, #4]
10007fd8:	6838      	ldr	r0, [r7, #0]
10007fda:	f000 fa45 	bl	10008468 <vListInsert>
10007fde:	e7d6      	b.n	10007f8e <prvTimerTask+0x2da>
10007fe0:	4650      	mov	r0, sl
10007fe2:	f000 f85d 	bl	100080a0 <vPortFree>
10007fe6:	e693      	b.n	10007d10 <prvTimerTask+0x5c>
10007fe8:	9901      	ldr	r1, [sp, #4]
10007fea:	f8d8 0000 	ldr.w	r0, [r8]
10007fee:	f000 fa3b 	bl	10008468 <vListInsert>
10007ff2:	e7cc      	b.n	10007f8e <prvTimerTask+0x2da>
10007ff4:	f8d8 0000 	ldr.w	r0, [r8]
10007ff8:	f10a 0104 	add.w	r1, sl, #4
10007ffc:	f000 fa34 	bl	10008468 <vListInsert>
10008000:	e72a      	b.n	10007e58 <prvTimerTask+0x1a4>
10008002:	bf00      	nop

10008004 <xTimerCreateTimerTask>:
10008004:	b5f0      	push	{r4, r5, r6, r7, lr}
10008006:	4c17      	ldr	r4, [pc, #92]	@ (10008064 <xTimerCreateTimerTask+0x60>)
10008008:	b083      	sub	sp, #12
1000800a:	f000 f897 	bl	1000813c <vPortEnterCritical>
1000800e:	6825      	ldr	r5, [r4, #0]
10008010:	b17d      	cbz	r5, 10008032 <xTimerCreateTimerTask+0x2e>
10008012:	f000 f8a1 	bl	10008158 <vPortExitCritical>
10008016:	6820      	ldr	r0, [r4, #0]
10008018:	b148      	cbz	r0, 1000802e <xTimerCreateTimerTask+0x2a>
1000801a:	2403      	movs	r4, #3
1000801c:	4812      	ldr	r0, [pc, #72]	@ (10008068 <xTimerCreateTimerTask+0x64>)
1000801e:	2300      	movs	r3, #0
10008020:	9001      	str	r0, [sp, #4]
10008022:	2280      	movs	r2, #128	@ 0x80
10008024:	4911      	ldr	r1, [pc, #68]	@ (1000806c <xTimerCreateTimerTask+0x68>)
10008026:	4812      	ldr	r0, [pc, #72]	@ (10008070 <xTimerCreateTimerTask+0x6c>)
10008028:	9400      	str	r4, [sp, #0]
1000802a:	f7ff f971 	bl	10007310 <xTaskCreate>
1000802e:	b003      	add	sp, #12
10008030:	bdf0      	pop	{r4, r5, r6, r7, pc}
10008032:	4e10      	ldr	r6, [pc, #64]	@ (10008074 <xTimerCreateTimerTask+0x70>)
10008034:	4f10      	ldr	r7, [pc, #64]	@ (10008078 <xTimerCreateTimerTask+0x74>)
10008036:	4630      	mov	r0, r6
10008038:	f000 f9f8 	bl	1000842c <vListInitialise>
1000803c:	4638      	mov	r0, r7
1000803e:	f000 f9f5 	bl	1000842c <vListInitialise>
10008042:	4a0e      	ldr	r2, [pc, #56]	@ (1000807c <xTimerCreateTimerTask+0x78>)
10008044:	4b0e      	ldr	r3, [pc, #56]	@ (10008080 <xTimerCreateTimerTask+0x7c>)
10008046:	6017      	str	r7, [r2, #0]
10008048:	2110      	movs	r1, #16
1000804a:	462a      	mov	r2, r5
1000804c:	200a      	movs	r0, #10
1000804e:	601e      	str	r6, [r3, #0]
10008050:	f7fe fa7e 	bl	10006550 <xQueueGenericCreate>
10008054:	6020      	str	r0, [r4, #0]
10008056:	2800      	cmp	r0, #0
10008058:	d0db      	beq.n	10008012 <xTimerCreateTimerTask+0xe>
1000805a:	490a      	ldr	r1, [pc, #40]	@ (10008084 <xTimerCreateTimerTask+0x80>)
1000805c:	f7fe fecc 	bl	10006df8 <vQueueAddToRegistry>
10008060:	e7d7      	b.n	10008012 <xTimerCreateTimerTask+0xe>
10008062:	bf00      	nop
10008064:	20002a98 	.word	0x20002a98
10008068:	20002a9c 	.word	0x20002a9c
1000806c:	100094e0 	.word	0x100094e0
10008070:	10007cb5 	.word	0x10007cb5
10008074:	200029e8 	.word	0x200029e8
10008078:	200029fc 	.word	0x200029fc
1000807c:	200028fc 	.word	0x200028fc
10008080:	200028f0 	.word	0x200028f0
10008084:	100094d8 	.word	0x100094d8

10008088 <pvPortMalloc>:
10008088:	b510      	push	{r4, lr}
1000808a:	4604      	mov	r4, r0
1000808c:	f7ff fa80 	bl	10007590 <vTaskSuspendAll>
10008090:	4620      	mov	r0, r4
10008092:	f7fa f8ad 	bl	100021f0 <__wrap_malloc>
10008096:	4604      	mov	r4, r0
10008098:	f7ff fa82 	bl	100075a0 <xTaskResumeAll>
1000809c:	4620      	mov	r0, r4
1000809e:	bd10      	pop	{r4, pc}

100080a0 <vPortFree>:
100080a0:	b150      	cbz	r0, 100080b8 <vPortFree+0x18>
100080a2:	b510      	push	{r4, lr}
100080a4:	4604      	mov	r4, r0
100080a6:	f7ff fa73 	bl	10007590 <vTaskSuspendAll>
100080aa:	4620      	mov	r0, r4
100080ac:	f7fa f8b2 	bl	10002214 <__wrap_free>
100080b0:	e8bd 4010 	ldmia.w	sp!, {r4, lr}
100080b4:	f7ff ba74 	b.w	100075a0 <xTaskResumeAll>
100080b8:	4770      	bx	lr
100080ba:	bf00      	nop

100080bc <prvTaskExitError>:
100080bc:	2300      	movs	r3, #0
100080be:	b500      	push	{lr}
100080c0:	b083      	sub	sp, #12
100080c2:	9301      	str	r3, [sp, #4]
100080c4:	f000 f944 	bl	10008350 <ulSetInterruptMask>
100080c8:	9b01      	ldr	r3, [sp, #4]
100080ca:	2b00      	cmp	r3, #0
100080cc:	d0fc      	beq.n	100080c8 <prvTaskExitError+0xc>
100080ce:	b003      	add	sp, #12
100080d0:	f85d fb04 	ldr.w	pc, [sp], #4

100080d4 <isr_systick>:
100080d4:	b510      	push	{r4, lr}
100080d6:	f000 f93b 	bl	10008350 <ulSetInterruptMask>
100080da:	4604      	mov	r4, r0
100080dc:	f7ff fb68 	bl	100077b0 <xTaskIncrementTick>
100080e0:	b128      	cbz	r0, 100080ee <isr_systick+0x1a>
100080e2:	f04f 23e0 	mov.w	r3, #3758153728	@ 0xe000e000
100080e6:	f04f 5280 	mov.w	r2, #268435456	@ 0x10000000
100080ea:	f8c3 2d04 	str.w	r2, [r3, #3332]	@ 0xd04
100080ee:	4620      	mov	r0, r4
100080f0:	e8bd 4010 	ldmia.w	sp!, {r4, lr}
100080f4:	f000 b938 	b.w	10008368 <vClearInterruptMask>

100080f8 <vPortSetupTimerInterrupt>:
100080f8:	b510      	push	{r4, lr}
100080fa:	2204      	movs	r2, #4
100080fc:	f04f 24e0 	mov.w	r4, #3758153728	@ 0xe000e000
10008100:	2300      	movs	r3, #0
10008102:	6122      	str	r2, [r4, #16]
10008104:	2005      	movs	r0, #5
10008106:	61a3      	str	r3, [r4, #24]
10008108:	f7f9 fbf2 	bl	100018f0 <clock_get_hz>
1000810c:	2107      	movs	r1, #7
1000810e:	4b04      	ldr	r3, [pc, #16]	@ (10008120 <vPortSetupTimerInterrupt+0x28>)
10008110:	fba3 2300 	umull	r2, r3, r3, r0
10008114:	099b      	lsrs	r3, r3, #6
10008116:	3b01      	subs	r3, #1
10008118:	6163      	str	r3, [r4, #20]
1000811a:	6121      	str	r1, [r4, #16]
1000811c:	bd10      	pop	{r4, pc}
1000811e:	bf00      	nop
10008120:	10624dd3 	.word	0x10624dd3

10008124 <vPortYield>:
10008124:	f04f 23e0 	mov.w	r3, #3758153728	@ 0xe000e000
10008128:	f04f 5280 	mov.w	r2, #268435456	@ 0x10000000
1000812c:	f8c3 2d04 	str.w	r2, [r3, #3332]	@ 0xd04
10008130:	f3bf 8f4f 	dsb	sy
10008134:	f3bf 8f6f 	isb	sy
10008138:	4770      	bx	lr
1000813a:	bf00      	nop

1000813c <vPortEnterCritical>:
1000813c:	b508      	push	{r3, lr}
1000813e:	f000 f907 	bl	10008350 <ulSetInterruptMask>
10008142:	4a04      	ldr	r2, [pc, #16]	@ (10008154 <vPortEnterCritical+0x18>)
10008144:	6813      	ldr	r3, [r2, #0]
10008146:	3301      	adds	r3, #1
10008148:	6013      	str	r3, [r2, #0]
1000814a:	f3bf 8f4f 	dsb	sy
1000814e:	f3bf 8f6f 	isb	sy
10008152:	bd08      	pop	{r3, pc}
10008154:	200015ac 	.word	0x200015ac

10008158 <vPortExitCritical>:
10008158:	4b04      	ldr	r3, [pc, #16]	@ (1000816c <vPortExitCritical+0x14>)
1000815a:	681a      	ldr	r2, [r3, #0]
1000815c:	3a01      	subs	r2, #1
1000815e:	601a      	str	r2, [r3, #0]
10008160:	6818      	ldr	r0, [r3, #0]
10008162:	b100      	cbz	r0, 10008166 <vPortExitCritical+0xe>
10008164:	4770      	bx	lr
10008166:	f000 b8ff 	b.w	10008368 <vClearInterruptMask>
1000816a:	bf00      	nop
1000816c:	200015ac 	.word	0x200015ac

10008170 <vPortSVCHandler_C>:
10008170:	6983      	ldr	r3, [r0, #24]
10008172:	f813 3c02 	ldrb.w	r3, [r3, #-2]
10008176:	2b66      	cmp	r3, #102	@ 0x66
10008178:	d000      	beq.n	1000817c <vPortSVCHandler_C+0xc>
1000817a:	4770      	bx	lr
1000817c:	f04f 23e0 	mov.w	r3, #3758153728	@ 0xe000e000
10008180:	f8d3 2d88 	ldr.w	r2, [r3, #3464]	@ 0xd88
10008184:	f442 0270 	orr.w	r2, r2, #15728640	@ 0xf00000
10008188:	f8c3 2d88 	str.w	r2, [r3, #3464]	@ 0xd88
1000818c:	f8d3 2f34 	ldr.w	r2, [r3, #3892]	@ 0xf34
10008190:	f042 4240 	orr.w	r2, r2, #3221225472	@ 0xc0000000
10008194:	f8c3 2f34 	str.w	r2, [r3, #3892]	@ 0xf34
10008198:	f000 b8bc 	b.w	10008314 <vRestoreContextOfFirstTask>

1000819c <pxPortInitialiseStack>:
1000819c:	e92d 4ff0 	stmdb	sp!, {r4, r5, r6, r7, r8, r9, sl, fp, lr}
100081a0:	f04f 3e11 	mov.w	lr, #286331153	@ 0x11111111
100081a4:	f04f 7480 	mov.w	r4, #16777216	@ 0x1000000
100081a8:	e940 e309 	strd	lr, r3, [r0, #-36]	@ 0x24
100081ac:	f04f 3307 	mov.w	r3, #117901063	@ 0x7070707
100081b0:	f840 4c04 	str.w	r4, [r0, #-4]
100081b4:	4c16      	ldr	r4, [pc, #88]	@ (10008210 <pxPortInitialiseStack+0x74>)
100081b6:	f840 3c34 	str.w	r3, [r0, #-52]
100081ba:	e940 4203 	strd	r4, r2, [r0, #-12]
100081be:	f04f 3305 	mov.w	r3, #84215045	@ 0x5050505
100081c2:	f04f 3206 	mov.w	r2, #101058054	@ 0x6060606
100081c6:	f04f 3b12 	mov.w	fp, #303174162	@ 0x12121212
100081ca:	e940 320f 	strd	r3, r2, [r0, #-60]	@ 0x3c
100081ce:	f04f 3a03 	mov.w	sl, #50529027	@ 0x3030303
100081d2:	f04f 3902 	mov.w	r9, #33686018	@ 0x2020202
100081d6:	f04f 3801 	mov.w	r8, #16843009	@ 0x1010101
100081da:	f04f 3710 	mov.w	r7, #269488144	@ 0x10101010
100081de:	f04f 3609 	mov.w	r6, #151587081	@ 0x9090909
100081e2:	f04f 3508 	mov.w	r5, #134744072	@ 0x8080808
100081e6:	f04f 3404 	mov.w	r4, #67372036	@ 0x4040404
100081ea:	f06f 0302 	mvn.w	r3, #2
100081ee:	e940 ab05 	strd	sl, fp, [r0, #-20]
100081f2:	e940 8907 	strd	r8, r9, [r0, #-28]
100081f6:	e940 670b 	strd	r6, r7, [r0, #-44]	@ 0x2c
100081fa:	f840 5c30 	str.w	r5, [r0, #-48]
100081fe:	f840 4c40 	str.w	r4, [r0, #-64]
10008202:	f840 3c44 	str.w	r3, [r0, #-68]
10008206:	f840 1d48 	str.w	r1, [r0, #-72]!
1000820a:	e8bd 8ff0 	ldmia.w	sp!, {r4, r5, r6, r7, r8, r9, sl, fp, pc}
1000820e:	bf00      	nop
10008210:	100080bd 	.word	0x100080bd

10008214 <xPortStartScheduler>:
10008214:	f04f 23e0 	mov.w	r3, #3758153728	@ 0xe000e000
10008218:	f04f 427f 	mov.w	r2, #4278190080	@ 0xff000000
1000821c:	2100      	movs	r1, #0
1000821e:	b510      	push	{r4, lr}
10008220:	b084      	sub	sp, #16
10008222:	9102      	str	r1, [sp, #8]
10008224:	f8c3 2d1c 	str.w	r2, [r3, #3356]	@ 0xd1c
10008228:	f8d3 3d1c 	ldr.w	r3, [r3, #3356]	@ 0xd1c
1000822c:	0e1b      	lsrs	r3, r3, #24
1000822e:	f88d 3007 	strb.w	r3, [sp, #7]
10008232:	f89d 3007 	ldrb.w	r3, [sp, #7]
10008236:	f89d 3007 	ldrb.w	r3, [sp, #7]
1000823a:	061a      	lsls	r2, r3, #24
1000823c:	d50c      	bpl.n	10008258 <xPortStartScheduler+0x44>
1000823e:	9b02      	ldr	r3, [sp, #8]
10008240:	3301      	adds	r3, #1
10008242:	9302      	str	r3, [sp, #8]
10008244:	f89d 3007 	ldrb.w	r3, [sp, #7]
10008248:	005b      	lsls	r3, r3, #1
1000824a:	b2db      	uxtb	r3, r3
1000824c:	f88d 3007 	strb.w	r3, [sp, #7]
10008250:	f89d 3007 	ldrb.w	r3, [sp, #7]
10008254:	061b      	lsls	r3, r3, #24
10008256:	d4f2      	bmi.n	1000823e <xPortStartScheduler+0x2a>
10008258:	9b02      	ldr	r3, [sp, #8]
1000825a:	2b08      	cmp	r3, #8
1000825c:	d03a      	beq.n	100082d4 <xPortStartScheduler+0xc0>
1000825e:	9a02      	ldr	r2, [sp, #8]
10008260:	f1c2 0207 	rsb	r2, r2, #7
10008264:	0212      	lsls	r2, r2, #8
10008266:	f402 62e0 	and.w	r2, r2, #1792	@ 0x700
1000826a:	f04f 23e0 	mov.w	r3, #3758153728	@ 0xe000e000
1000826e:	2400      	movs	r4, #0
10008270:	4919      	ldr	r1, [pc, #100]	@ (100082d8 <xPortStartScheduler+0xc4>)
10008272:	200e      	movs	r0, #14
10008274:	600a      	str	r2, [r1, #0]
10008276:	f8d3 2d20 	ldr.w	r2, [r3, #3360]	@ 0xd20
1000827a:	4918      	ldr	r1, [pc, #96]	@ (100082dc <xPortStartScheduler+0xc8>)
1000827c:	f442 027f 	orr.w	r2, r2, #16711680	@ 0xff0000
10008280:	f8c3 2d20 	str.w	r2, [r3, #3360]	@ 0xd20
10008284:	f8d3 2d20 	ldr.w	r2, [r3, #3360]	@ 0xd20
10008288:	f042 427f 	orr.w	r2, r2, #4278190080	@ 0xff000000
1000828c:	f8c3 2d20 	str.w	r2, [r3, #3360]	@ 0xd20
10008290:	f8c3 4d1c 	str.w	r4, [r3, #3356]	@ 0xd1c
10008294:	f7fe f82c 	bl	100062f0 <exception_set_exclusive_handler>
10008298:	4911      	ldr	r1, [pc, #68]	@ (100082e0 <xPortStartScheduler+0xcc>)
1000829a:	200f      	movs	r0, #15
1000829c:	f7fe f828 	bl	100062f0 <exception_set_exclusive_handler>
100082a0:	4910      	ldr	r1, [pc, #64]	@ (100082e4 <xPortStartScheduler+0xd0>)
100082a2:	200b      	movs	r0, #11
100082a4:	f7fe f824 	bl	100062f0 <exception_set_exclusive_handler>
100082a8:	f7ff ff26 	bl	100080f8 <vPortSetupTimerInterrupt>
100082ac:	f04f 4250 	mov.w	r2, #3489660928	@ 0xd0000000
100082b0:	490d      	ldr	r1, [pc, #52]	@ (100082e8 <xPortStartScheduler+0xd4>)
100082b2:	4b0e      	ldr	r3, [pc, #56]	@ (100082ec <xPortStartScheduler+0xd8>)
100082b4:	600c      	str	r4, [r1, #0]
100082b6:	6812      	ldr	r2, [r2, #0]
100082b8:	701a      	strb	r2, [r3, #0]
100082ba:	f000 f841 	bl	10008340 <vStartFirstTask>
100082be:	f7ff fa87 	bl	100077d0 <vTaskSwitchContext>
100082c2:	9403      	str	r4, [sp, #12]
100082c4:	f000 f844 	bl	10008350 <ulSetInterruptMask>
100082c8:	9b03      	ldr	r3, [sp, #12]
100082ca:	2b00      	cmp	r3, #0
100082cc:	d0fc      	beq.n	100082c8 <xPortStartScheduler+0xb4>
100082ce:	2000      	movs	r0, #0
100082d0:	b004      	add	sp, #16
100082d2:	bd10      	pop	{r4, pc}
100082d4:	2200      	movs	r2, #0
100082d6:	e7c8      	b.n	1000826a <xPortStartScheduler+0x56>
100082d8:	200029bc 	.word	0x200029bc
100082dc:	10008379 	.word	0x10008379
100082e0:	100080d5 	.word	0x100080d5
100082e4:	100083f9 	.word	0x100083f9
100082e8:	200015ac 	.word	0x200015ac
100082ec:	200015a8 	.word	0x200015a8

100082f0 <prvRuntimeInitializer>:
100082f0:	b508      	push	{r3, lr}
100082f2:	f7f8 fae9 	bl	100008c8 <next_striped_spin_lock_num>
100082f6:	4b04      	ldr	r3, [pc, #16]	@ (10008308 <prvRuntimeInitializer+0x18>)
100082f8:	4a04      	ldr	r2, [pc, #16]	@ (1000830c <prvRuntimeInitializer+0x1c>)
100082fa:	4403      	add	r3, r0
100082fc:	6013      	str	r3, [r2, #0]
100082fe:	f000 f887 	bl	10008410 <xEventGroupCreate>
10008302:	4b03      	ldr	r3, [pc, #12]	@ (10008310 <prvRuntimeInitializer+0x20>)
10008304:	6018      	str	r0, [r3, #0]
10008306:	bd08      	pop	{r3, pc}
10008308:	20002004 	.word	0x20002004
1000830c:	200028e8 	.word	0x200028e8
10008310:	20002a38 	.word	0x20002a38

10008314 <vRestoreContextOfFirstTask>:
10008314:	4a09      	ldr	r2, [pc, #36]	@ (1000833c <vRestoreContextOfFirstTask+0x28>)
10008316:	6811      	ldr	r1, [r2, #0]
10008318:	6808      	ldr	r0, [r1, #0]
1000831a:	c806      	ldmia	r0!, {r1, r2}
1000831c:	f381 880b 	msr	PSPLIM, r1
10008320:	2102      	movs	r1, #2
10008322:	f381 8814 	msr	CONTROL, r1
10008326:	3020      	adds	r0, #32
10008328:	f380 8809 	msr	PSP, r0
1000832c:	f3bf 8f6f 	isb	sy
10008330:	f04f 0000 	mov.w	r0, #0
10008334:	f380 8811 	msr	BASEPRI, r0
10008338:	4710      	bx	r2
1000833a:	0000      	.short	0x0000
1000833c:	200028ec 	.word	0x200028ec

10008340 <vStartFirstTask>:
10008340:	b662      	cpsie	i
10008342:	b661      	cpsie	f
10008344:	f3bf 8f4f 	dsb	sy
10008348:	f3bf 8f6f 	isb	sy
1000834c:	df66      	svc	102	@ 0x66
1000834e:	bf00      	nop

10008350 <ulSetInterruptMask>:
10008350:	f3ef 8011 	mrs	r0, BASEPRI
10008354:	f04f 0110 	mov.w	r1, #16
10008358:	f381 8811 	msr	BASEPRI, r1
1000835c:	f3bf 8f4f 	dsb	sy
10008360:	f3bf 8f6f 	isb	sy
10008364:	4770      	bx	lr
10008366:	bf00      	nop

10008368 <vClearInterruptMask>:
10008368:	f380 8811 	msr	BASEPRI, r0
1000836c:	f3bf 8f4f 	dsb	sy
10008370:	f3bf 8f6f 	isb	sy
10008374:	4770      	bx	lr
10008376:	bf00      	nop

10008378 <isr_pendsv>:
10008378:	f3ef 8109 	mrs	r1, PSP
1000837c:	f01e 0f10 	tst.w	lr, #16
10008380:	bf08      	it	eq
10008382:	ed21 8a10 	vstmdbeq	r1!, {s16-s31}
10008386:	f3ef 820b 	mrs	r2, PSPLIM
1000838a:	4673      	mov	r3, lr
1000838c:	e921 0ffc 	stmdb	r1!, {r2, r3, r4, r5, r6, r7, r8, r9, sl, fp}
10008390:	fc55 4408 	dcp_pxmd r4, r5
10008394:	fc57 6409 	dcp_pymd r6, r7
10008398:	fc59 840a 	dcp_pefd r8, r9
1000839c:	e901 03f0 	stmdb	r1, {r4, r5, r6, r7, r8, r9}
100083a0:	4a14      	ldr	r2, [pc, #80]	@ (100083f4 <isr_pendsv+0x7c>)
100083a2:	6813      	ldr	r3, [r2, #0]
100083a4:	6019      	str	r1, [r3, #0]
100083a6:	f04f 0110 	mov.w	r1, #16
100083aa:	f381 8811 	msr	BASEPRI, r1
100083ae:	f3bf 8f4f 	dsb	sy
100083b2:	f3bf 8f6f 	isb	sy
100083b6:	f7ff fa0b 	bl	100077d0 <vTaskSwitchContext>
100083ba:	f04f 0000 	mov.w	r0, #0
100083be:	f380 8811 	msr	BASEPRI, r0
100083c2:	4a0c      	ldr	r2, [pc, #48]	@ (100083f4 <isr_pendsv+0x7c>)
100083c4:	6811      	ldr	r1, [r2, #0]
100083c6:	6808      	ldr	r0, [r1, #0]
100083c8:	3818      	subs	r0, #24
100083ca:	e8b0 03f0 	ldmia.w	r0!, {r4, r5, r6, r7, r8, r9}
100083ce:	ec45 4400 	dcp_wxmd r4, r5
100083d2:	ec47 6401 	dcp_wymd r6, r7
100083d6:	ec49 8402 	dcp_wefd r8, r9
100083da:	e8b0 0ffc 	ldmia.w	r0!, {r2, r3, r4, r5, r6, r7, r8, r9, sl, fp}
100083de:	f013 0f10 	tst.w	r3, #16
100083e2:	bf08      	it	eq
100083e4:	ecb0 8a10 	vldmiaeq	r0!, {s16-s31}
100083e8:	f382 880b 	msr	PSPLIM, r2
100083ec:	f380 8809 	msr	PSP, r0
100083f0:	4718      	bx	r3
100083f2:	0000      	.short	0x0000
100083f4:	200028ec 	.word	0x200028ec

100083f8 <isr_svcall>:
100083f8:	f01e 0f04 	tst.w	lr, #4
100083fc:	bf0c      	ite	eq
100083fe:	f3ef 8008 	mrseq	r0, MSP
10008402:	f3ef 8009 	mrsne	r0, PSP
10008406:	4901      	ldr	r1, [pc, #4]	@ (1000840c <isr_svcall+0x14>)
10008408:	4708      	bx	r1
1000840a:	0000      	.short	0x0000
1000840c:	10008171 	.word	0x10008171

10008410 <xEventGroupCreate>:
10008410:	b510      	push	{r4, lr}
10008412:	2018      	movs	r0, #24
10008414:	f7ff fe38 	bl	10008088 <pvPortMalloc>
10008418:	4604      	mov	r4, r0
1000841a:	b120      	cbz	r0, 10008426 <xEventGroupCreate+0x16>
1000841c:	2300      	movs	r3, #0
1000841e:	f840 3b04 	str.w	r3, [r0], #4
10008422:	f000 f803 	bl	1000842c <vListInitialise>
10008426:	4620      	mov	r0, r4
10008428:	bd10      	pop	{r4, pc}
1000842a:	bf00      	nop

1000842c <vListInitialise>:
1000842c:	f04f 31ff 	mov.w	r1, #4294967295
10008430:	2200      	movs	r2, #0
10008432:	f100 0308 	add.w	r3, r0, #8
10008436:	e9c0 3101 	strd	r3, r1, [r0, #4]
1000843a:	e9c0 3303 	strd	r3, r3, [r0, #12]
1000843e:	6002      	str	r2, [r0, #0]
10008440:	4770      	bx	lr
10008442:	bf00      	nop

10008444 <vListInitialiseItem>:
10008444:	2300      	movs	r3, #0
10008446:	6103      	str	r3, [r0, #16]
10008448:	4770      	bx	lr
1000844a:	bf00      	nop

1000844c <vListInsertEnd>:
1000844c:	b410      	push	{r4}
1000844e:	e9d0 3200 	ldrd	r3, r2, [r0]
10008452:	6894      	ldr	r4, [r2, #8]
10008454:	3301      	adds	r3, #1
10008456:	e9c1 2401 	strd	r2, r4, [r1, #4]
1000845a:	6061      	str	r1, [r4, #4]
1000845c:	6091      	str	r1, [r2, #8]
1000845e:	f85d 4b04 	ldr.w	r4, [sp], #4
10008462:	6108      	str	r0, [r1, #16]
10008464:	6003      	str	r3, [r0, #0]
10008466:	4770      	bx	lr

10008468 <vListInsert>:
10008468:	b430      	push	{r4, r5}
1000846a:	680d      	ldr	r5, [r1, #0]
1000846c:	1c6b      	adds	r3, r5, #1
1000846e:	d010      	beq.n	10008492 <vListInsert+0x2a>
10008470:	f100 0308 	add.w	r3, r0, #8
10008474:	461c      	mov	r4, r3
10008476:	685b      	ldr	r3, [r3, #4]
10008478:	681a      	ldr	r2, [r3, #0]
1000847a:	42aa      	cmp	r2, r5
1000847c:	d9fa      	bls.n	10008474 <vListInsert+0xc>
1000847e:	6802      	ldr	r2, [r0, #0]
10008480:	604b      	str	r3, [r1, #4]
10008482:	3201      	adds	r2, #1
10008484:	6099      	str	r1, [r3, #8]
10008486:	608c      	str	r4, [r1, #8]
10008488:	6061      	str	r1, [r4, #4]
1000848a:	6108      	str	r0, [r1, #16]
1000848c:	bc30      	pop	{r4, r5}
1000848e:	6002      	str	r2, [r0, #0]
10008490:	4770      	bx	lr
10008492:	6904      	ldr	r4, [r0, #16]
10008494:	6863      	ldr	r3, [r4, #4]
10008496:	e7f2      	b.n	1000847e <vListInsert+0x16>

10008498 <uxListRemove>:
10008498:	4603      	mov	r3, r0
1000849a:	6902      	ldr	r2, [r0, #16]
1000849c:	b410      	push	{r4}
1000849e:	6854      	ldr	r4, [r2, #4]
100084a0:	6840      	ldr	r0, [r0, #4]
100084a2:	6899      	ldr	r1, [r3, #8]
100084a4:	429c      	cmp	r4, r3
100084a6:	6081      	str	r1, [r0, #8]
100084a8:	6048      	str	r0, [r1, #4]
100084aa:	bf08      	it	eq
100084ac:	6051      	streq	r1, [r2, #4]
100084ae:	2100      	movs	r1, #0
100084b0:	6810      	ldr	r0, [r2, #0]
100084b2:	f85d 4b04 	ldr.w	r4, [sp], #4
100084b6:	3801      	subs	r0, #1
100084b8:	6119      	str	r1, [r3, #16]
100084ba:	6010      	str	r0, [r2, #0]
100084bc:	4770      	bx	lr
100084be:	bf00      	nop

100084c0 <pwm_user_init>:
100084c0:	b570      	push	{r4, r5, r6, lr}
100084c2:	4605      	mov	r5, r0
100084c4:	b082      	sub	sp, #8
100084c6:	460e      	mov	r6, r1
100084c8:	2104      	movs	r1, #4
100084ca:	f7f8 f8cf 	bl	1000066c <gpio_set_function>
100084ce:	086c      	lsrs	r4, r5, #1
100084d0:	2d1f      	cmp	r5, #31
100084d2:	bf88      	it	hi
100084d4:	f004 0403 	andhi.w	r4, r4, #3
100084d8:	f04f 0009 	mov.w	r0, #9
100084dc:	bf94      	ite	ls
100084de:	f004 0407 	andls.w	r4, r4, #7
100084e2:	3408      	addhi	r4, #8
100084e4:	f7f9 fa0a 	bl	100018fc <frequency_count_khz>
100084e8:	f7f9 fd04 	bl	10001ef4 <__wrap___aeabi_ui2d>
100084ec:	2200      	movs	r2, #0
100084ee:	4b27      	ldr	r3, [pc, #156]	@ (1000858c <pwm_user_init+0xcc>)
100084f0:	f7f9 fc92 	bl	10001e18 <__wrap___aeabi_ddiv>
100084f4:	f7f9 fcde 	bl	10001eb4 <__wrap___aeabi_d2f>
100084f8:	ee07 0a90 	vmov	s15, r0
100084fc:	eefc 6ae7 	vcvt.u32.f32	s13, s15
10008500:	4b23      	ldr	r3, [pc, #140]	@ (10008590 <pwm_user_init+0xd0>)
10008502:	edcd 6a01 	vstr	s13, [sp, #4]
10008506:	fbb3 fcf6 	udiv	ip, r3, r6
1000850a:	fa1f f08c 	uxth.w	r0, ip
1000850e:	f89d c004 	ldrb.w	ip, [sp, #4]
10008512:	eeb3 7a00 	vmov.f32	s14, #48	@ 0x41800000  16.0
10008516:	ee06 ca90 	vmov	s13, ip
1000851a:	eef8 6ae6 	vcvt.f32.s32	s13, s13
1000851e:	ee77 7ae6 	vsub.f32	s15, s15, s13
10008522:	ee67 7a87 	vmul.f32	s15, s15, s14
10008526:	eefc 7ae7 	vcvt.u32.f32	s15, s15
1000852a:	edcd 7a01 	vstr	s15, [sp, #4]
1000852e:	eb04 0484 	add.w	r4, r4, r4, lsl #2
10008532:	4918      	ldr	r1, [pc, #96]	@ (10008594 <pwm_user_init+0xd4>)
10008534:	00a3      	lsls	r3, r4, #2
10008536:	f89d 4004 	ldrb.w	r4, [sp, #4]
1000853a:	fbb1 f1f6 	udiv	r1, r1, r6
1000853e:	f103 4e80 	add.w	lr, r3, #1073741824	@ 0x40000000
10008542:	ea44 140c 	orr.w	r4, r4, ip, lsl #4
10008546:	f50e 2e28 	add.w	lr, lr, #688128	@ 0xa8000
1000854a:	f8ce 4004 	str.w	r4, [lr, #4]
1000854e:	f8ce 0010 	str.w	r0, [lr, #16]
10008552:	07e8      	lsls	r0, r5, #31
10008554:	bf58      	it	pl
10008556:	f64f 74ff 	movwpl	r4, #65535	@ 0xffff
1000855a:	4a0f      	ldr	r2, [pc, #60]	@ (10008598 <pwm_user_init+0xd8>)
1000855c:	b289      	uxth	r1, r1
1000855e:	441a      	add	r2, r3
10008560:	6810      	ldr	r0, [r2, #0]
10008562:	bf44      	itt	mi
10008564:	4c0d      	ldrmi	r4, [pc, #52]	@ (1000859c <pwm_user_init+0xdc>)
10008566:	0409      	lslmi	r1, r1, #16
10008568:	4041      	eors	r1, r0
1000856a:	f103 4380 	add.w	r3, r3, #1073741824	@ 0x40000000
1000856e:	4021      	ands	r1, r4
10008570:	f502 5280 	add.w	r2, r2, #4096	@ 0x1000
10008574:	6011      	str	r1, [r2, #0]
10008576:	f503 2228 	add.w	r2, r3, #688128	@ 0xa8000
1000857a:	6812      	ldr	r2, [r2, #0]
1000857c:	f503 2329 	add.w	r3, r3, #692224	@ 0xa9000
10008580:	43d2      	mvns	r2, r2
10008582:	f002 0201 	and.w	r2, r2, #1
10008586:	601a      	str	r2, [r3, #0]
10008588:	b002      	add	sp, #8
1000858a:	bd70      	pop	{r4, r5, r6, pc}
1000858c:	408f4000 	.word	0x408f4000
10008590:	000f4240 	.word	0x000f4240
10008594:	0007a120 	.word	0x0007a120
10008598:	400a800c 	.word	0x400a800c
1000859c:	ffff0000 	.word	0xffff0000

100085a0 <lcd_send_byte>:
100085a0:	e92d 47f0 	stmdb	sp!, {r4, r5, r6, r7, r8, r9, sl, lr}
100085a4:	4684      	mov	ip, r0
100085a6:	460c      	mov	r4, r1
100085a8:	2500      	movs	r5, #0
100085aa:	f02c 080f 	bic.w	r8, ip, #15
100085ae:	b264      	sxtb	r4, r4
100085b0:	ea44 0808 	orr.w	r8, r4, r8
100085b4:	4f38      	ldr	r7, [pc, #224]	@ (10008698 <lcd_send_byte+0xf8>)
100085b6:	4e39      	ldr	r6, [pc, #228]	@ (1000869c <lcd_send_byte+0xfc>)
100085b8:	fa4f f888 	sxtb.w	r8, r8
100085bc:	b084      	sub	sp, #16
100085be:	f048 0a08 	orr.w	sl, r8, #8
100085c2:	7839      	ldrb	r1, [r7, #0]
100085c4:	f10d 020f 	add.w	r2, sp, #15
100085c8:	2301      	movs	r3, #1
100085ca:	6830      	ldr	r0, [r6, #0]
100085cc:	fa5f fa8a 	uxtb.w	sl, sl
100085d0:	9500      	str	r5, [sp, #0]
100085d2:	ea44 140c 	orr.w	r4, r4, ip, lsl #4
100085d6:	f88d a00f 	strb.w	sl, [sp, #15]
100085da:	f7fd ff75 	bl	100064c8 <i2c_write_blocking>
100085de:	f44f 7016 	mov.w	r0, #600	@ 0x258
100085e2:	2100      	movs	r1, #0
100085e4:	f7f9 f810 	bl	10001608 <sleep_us>
100085e8:	9500      	str	r5, [sp, #0]
100085ea:	f10d 020f 	add.w	r2, sp, #15
100085ee:	2301      	movs	r3, #1
100085f0:	7839      	ldrb	r1, [r7, #0]
100085f2:	6830      	ldr	r0, [r6, #0]
100085f4:	f048 080c 	orr.w	r8, r8, #12
100085f8:	f88d 800f 	strb.w	r8, [sp, #15]
100085fc:	f7fd ff64 	bl	100064c8 <i2c_write_blocking>
10008600:	f44f 7016 	mov.w	r0, #600	@ 0x258
10008604:	2100      	movs	r1, #0
10008606:	f7f8 ffff 	bl	10001608 <sleep_us>
1000860a:	9500      	str	r5, [sp, #0]
1000860c:	f10d 020f 	add.w	r2, sp, #15
10008610:	2301      	movs	r3, #1
10008612:	7839      	ldrb	r1, [r7, #0]
10008614:	6830      	ldr	r0, [r6, #0]
10008616:	b264      	sxtb	r4, r4
10008618:	f88d a00f 	strb.w	sl, [sp, #15]
1000861c:	f7fd ff54 	bl	100064c8 <i2c_write_blocking>
10008620:	f44f 7016 	mov.w	r0, #600	@ 0x258
10008624:	2100      	movs	r1, #0
10008626:	f7f8 ffef 	bl	10001608 <sleep_us>
1000862a:	f044 0908 	orr.w	r9, r4, #8
1000862e:	9500      	str	r5, [sp, #0]
10008630:	f10d 020f 	add.w	r2, sp, #15
10008634:	2301      	movs	r3, #1
10008636:	7839      	ldrb	r1, [r7, #0]
10008638:	fa5f f989 	uxtb.w	r9, r9
1000863c:	6830      	ldr	r0, [r6, #0]
1000863e:	f88d 900f 	strb.w	r9, [sp, #15]
10008642:	f7fd ff41 	bl	100064c8 <i2c_write_blocking>
10008646:	f44f 7016 	mov.w	r0, #600	@ 0x258
1000864a:	2100      	movs	r1, #0
1000864c:	f7f8 ffdc 	bl	10001608 <sleep_us>
10008650:	9500      	str	r5, [sp, #0]
10008652:	f10d 020f 	add.w	r2, sp, #15
10008656:	2301      	movs	r3, #1
10008658:	7839      	ldrb	r1, [r7, #0]
1000865a:	6830      	ldr	r0, [r6, #0]
1000865c:	f044 040c 	orr.w	r4, r4, #12
10008660:	f88d 400f 	strb.w	r4, [sp, #15]
10008664:	f7fd ff30 	bl	100064c8 <i2c_write_blocking>
10008668:	f44f 7016 	mov.w	r0, #600	@ 0x258
1000866c:	2100      	movs	r1, #0
1000866e:	f7f8 ffcb 	bl	10001608 <sleep_us>
10008672:	7839      	ldrb	r1, [r7, #0]
10008674:	6830      	ldr	r0, [r6, #0]
10008676:	2301      	movs	r3, #1
10008678:	f10d 020f 	add.w	r2, sp, #15
1000867c:	9500      	str	r5, [sp, #0]
1000867e:	f88d 900f 	strb.w	r9, [sp, #15]
10008682:	f7fd ff21 	bl	100064c8 <i2c_write_blocking>
10008686:	f44f 7016 	mov.w	r0, #600	@ 0x258
1000868a:	2100      	movs	r1, #0
1000868c:	b004      	add	sp, #16
1000868e:	e8bd 47f0 	ldmia.w	sp!, {r4, r5, r6, r7, r8, r9, sl, lr}
10008692:	f7f8 bfb9 	b.w	10001608 <sleep_us>
10008696:	bf00      	nop
10008698:	20002aa7 	.word	0x20002aa7
1000869c:	20002898 	.word	0x20002898

100086a0 <lcd_clear>:
100086a0:	2100      	movs	r1, #0
100086a2:	2001      	movs	r0, #1
100086a4:	f7ff bf7c 	b.w	100085a0 <lcd_send_byte>

100086a8 <lcd_set_cursor>:
100086a8:	b510      	push	{r4, lr}
100086aa:	4684      	mov	ip, r0
100086ac:	b084      	sub	sp, #16
100086ae:	468e      	mov	lr, r1
100086b0:	4b08      	ldr	r3, [pc, #32]	@ (100086d4 <lcd_set_cursor+0x2c>)
100086b2:	ac04      	add	r4, sp, #16
100086b4:	cb0f      	ldmia	r3, {r0, r1, r2, r3}
100086b6:	e904 000f 	stmdb	r4, {r0, r1, r2, r3}
100086ba:	2100      	movs	r1, #0
100086bc:	eb04 0c8c 	add.w	ip, r4, ip, lsl #2
100086c0:	f85c 0c10 	ldr.w	r0, [ip, #-16]
100086c4:	3080      	adds	r0, #128	@ 0x80
100086c6:	4470      	add	r0, lr
100086c8:	b2c0      	uxtb	r0, r0
100086ca:	b004      	add	sp, #16
100086cc:	e8bd 4010 	ldmia.w	sp!, {r4, lr}
100086d0:	f7ff bf66 	b.w	100085a0 <lcd_send_byte>
100086d4:	10009758 	.word	0x10009758

100086d8 <lcd_string>:
100086d8:	b510      	push	{r4, lr}
100086da:	4604      	mov	r4, r0
100086dc:	7800      	ldrb	r0, [r0, #0]
100086de:	b130      	cbz	r0, 100086ee <lcd_string+0x16>
100086e0:	2101      	movs	r1, #1
100086e2:	f7ff ff5d 	bl	100085a0 <lcd_send_byte>
100086e6:	f814 0f01 	ldrb.w	r0, [r4, #1]!
100086ea:	2800      	cmp	r0, #0
100086ec:	d1f8      	bne.n	100086e0 <lcd_string+0x8>
100086ee:	bd10      	pop	{r4, pc}

100086f0 <lcd_init>:
100086f0:	b538      	push	{r3, r4, r5, lr}
100086f2:	460a      	mov	r2, r1
100086f4:	4605      	mov	r5, r0
100086f6:	4b13      	ldr	r3, [pc, #76]	@ (10008744 <lcd_init+0x54>)
100086f8:	4c13      	ldr	r4, [pc, #76]	@ (10008748 <lcd_init+0x58>)
100086fa:	2100      	movs	r1, #0
100086fc:	2003      	movs	r0, #3
100086fe:	701a      	strb	r2, [r3, #0]
10008700:	6025      	str	r5, [r4, #0]
10008702:	f7ff ff4d 	bl	100085a0 <lcd_send_byte>
10008706:	2100      	movs	r1, #0
10008708:	2003      	movs	r0, #3
1000870a:	f7ff ff49 	bl	100085a0 <lcd_send_byte>
1000870e:	2100      	movs	r1, #0
10008710:	2003      	movs	r0, #3
10008712:	f7ff ff45 	bl	100085a0 <lcd_send_byte>
10008716:	2100      	movs	r1, #0
10008718:	2002      	movs	r0, #2
1000871a:	f7ff ff41 	bl	100085a0 <lcd_send_byte>
1000871e:	2100      	movs	r1, #0
10008720:	2006      	movs	r0, #6
10008722:	f7ff ff3d 	bl	100085a0 <lcd_send_byte>
10008726:	2100      	movs	r1, #0
10008728:	2028      	movs	r0, #40	@ 0x28
1000872a:	f7ff ff39 	bl	100085a0 <lcd_send_byte>
1000872e:	2100      	movs	r1, #0
10008730:	200c      	movs	r0, #12
10008732:	f7ff ff35 	bl	100085a0 <lcd_send_byte>
10008736:	e8bd 4038 	ldmia.w	sp!, {r3, r4, r5, lr}
1000873a:	2100      	movs	r1, #0
1000873c:	2001      	movs	r0, #1
1000873e:	f7ff bf2f 	b.w	100085a0 <lcd_send_byte>
10008742:	bf00      	nop
10008744:	20002aa7 	.word	0x20002aa7
10008748:	20002898 	.word	0x20002898

1000874c <malloc>:
1000874c:	4b02      	ldr	r3, [pc, #8]	@ (10008758 <malloc+0xc>)
1000874e:	4601      	mov	r1, r0
10008750:	6818      	ldr	r0, [r3, #0]
10008752:	f000 b80b 	b.w	1000876c <_malloc_r>
10008756:	bf00      	nop
10008758:	200019c0 	.word	0x200019c0

1000875c <free>:
1000875c:	4b02      	ldr	r3, [pc, #8]	@ (10008768 <free+0xc>)
1000875e:	4601      	mov	r1, r0
10008760:	6818      	ldr	r0, [r3, #0]
10008762:	f000 bc43 	b.w	10008fec <_free_r>
10008766:	bf00      	nop
10008768:	200019c0 	.word	0x200019c0

1000876c <_malloc_r>:
1000876c:	f101 030b 	add.w	r3, r1, #11
10008770:	2b16      	cmp	r3, #22
10008772:	e92d 4ff0 	stmdb	sp!, {r4, r5, r6, r7, r8, r9, sl, fp, lr}
10008776:	4607      	mov	r7, r0
10008778:	b083      	sub	sp, #12
1000877a:	d823      	bhi.n	100087c4 <_malloc_r+0x58>
1000877c:	2910      	cmp	r1, #16
1000877e:	f200 80af 	bhi.w	100088e0 <_malloc_r+0x174>
10008782:	f000 faaf 	bl	10008ce4 <__malloc_lock>
10008786:	2510      	movs	r5, #16
10008788:	2318      	movs	r3, #24
1000878a:	2002      	movs	r0, #2
1000878c:	4eba      	ldr	r6, [pc, #744]	@ (10008a78 <_malloc_r+0x30c>)
1000878e:	4433      	add	r3, r6
10008790:	685c      	ldr	r4, [r3, #4]
10008792:	f1a3 0208 	sub.w	r2, r3, #8
10008796:	4294      	cmp	r4, r2
10008798:	f000 8156 	beq.w	10008a48 <_malloc_r+0x2dc>
1000879c:	6863      	ldr	r3, [r4, #4]
1000879e:	4638      	mov	r0, r7
100087a0:	f023 0303 	bic.w	r3, r3, #3
100087a4:	e9d4 1202 	ldrd	r1, r2, [r4, #8]
100087a8:	4423      	add	r3, r4
100087aa:	60ca      	str	r2, [r1, #12]
100087ac:	6091      	str	r1, [r2, #8]
100087ae:	685a      	ldr	r2, [r3, #4]
100087b0:	3408      	adds	r4, #8
100087b2:	f042 0201 	orr.w	r2, r2, #1
100087b6:	605a      	str	r2, [r3, #4]
100087b8:	f000 fa9a 	bl	10008cf0 <__malloc_unlock>
100087bc:	4620      	mov	r0, r4
100087be:	b003      	add	sp, #12
100087c0:	e8bd 8ff0 	ldmia.w	sp!, {r4, r5, r6, r7, r8, r9, sl, fp, pc}
100087c4:	2b00      	cmp	r3, #0
100087c6:	f023 0507 	bic.w	r5, r3, #7
100087ca:	f2c0 8089 	blt.w	100088e0 <_malloc_r+0x174>
100087ce:	42a9      	cmp	r1, r5
100087d0:	f200 8086 	bhi.w	100088e0 <_malloc_r+0x174>
100087d4:	f000 fa86 	bl	10008ce4 <__malloc_lock>
100087d8:	f5b5 7ffc 	cmp.w	r5, #504	@ 0x1f8
100087dc:	f0c0 827b 	bcc.w	10008cd6 <_malloc_r+0x56a>
100087e0:	0a6b      	lsrs	r3, r5, #9
100087e2:	f000 8084 	beq.w	100088ee <_malloc_r+0x182>
100087e6:	2b04      	cmp	r3, #4
100087e8:	f200 8162 	bhi.w	10008ab0 <_malloc_r+0x344>
100087ec:	09ab      	lsrs	r3, r5, #6
100087ee:	f103 0039 	add.w	r0, r3, #57	@ 0x39
100087f2:	f103 0e38 	add.w	lr, r3, #56	@ 0x38
100087f6:	00c3      	lsls	r3, r0, #3
100087f8:	4e9f      	ldr	r6, [pc, #636]	@ (10008a78 <_malloc_r+0x30c>)
100087fa:	4433      	add	r3, r6
100087fc:	f1a3 0c08 	sub.w	ip, r3, #8
10008800:	685c      	ldr	r4, [r3, #4]
10008802:	45a4      	cmp	ip, r4
10008804:	d107      	bne.n	10008816 <_malloc_r+0xaa>
10008806:	e00d      	b.n	10008824 <_malloc_r+0xb8>
10008808:	2a00      	cmp	r2, #0
1000880a:	68e1      	ldr	r1, [r4, #12]
1000880c:	f280 8116 	bge.w	10008a3c <_malloc_r+0x2d0>
10008810:	458c      	cmp	ip, r1
10008812:	460c      	mov	r4, r1
10008814:	d006      	beq.n	10008824 <_malloc_r+0xb8>
10008816:	6863      	ldr	r3, [r4, #4]
10008818:	f023 0303 	bic.w	r3, r3, #3
1000881c:	1b5a      	subs	r2, r3, r5
1000881e:	2a0f      	cmp	r2, #15
10008820:	ddf2      	ble.n	10008808 <_malloc_r+0x9c>
10008822:	4670      	mov	r0, lr
10008824:	f8df 8268 	ldr.w	r8, [pc, #616]	@ 10008a90 <_malloc_r+0x324>
10008828:	6934      	ldr	r4, [r6, #16]
1000882a:	4544      	cmp	r4, r8
1000882c:	f000 80f2 	beq.w	10008a14 <_malloc_r+0x2a8>
10008830:	6863      	ldr	r3, [r4, #4]
10008832:	f023 0c03 	bic.w	ip, r3, #3
10008836:	ebac 0305 	sub.w	r3, ip, r5
1000883a:	2b0f      	cmp	r3, #15
1000883c:	f300 8174 	bgt.w	10008b28 <_malloc_r+0x3bc>
10008840:	2b00      	cmp	r3, #0
10008842:	e9c6 8804 	strd	r8, r8, [r6, #16]
10008846:	f280 8163 	bge.w	10008b10 <_malloc_r+0x3a4>
1000884a:	f5bc 7f00 	cmp.w	ip, #512	@ 0x200
1000884e:	f8d6 e004 	ldr.w	lr, [r6, #4]
10008852:	f080 80ff 	bcs.w	10008a54 <_malloc_r+0x2e8>
10008856:	ea4f 03dc 	mov.w	r3, ip, lsr #3
1000885a:	2201      	movs	r2, #1
1000885c:	ea4f 1c5c 	mov.w	ip, ip, lsr #5
10008860:	3301      	adds	r3, #1
10008862:	fa02 f20c 	lsl.w	r2, r2, ip
10008866:	f856 1033 	ldr.w	r1, [r6, r3, lsl #3]
1000886a:	ea4e 0e02 	orr.w	lr, lr, r2
1000886e:	eb06 02c3 	add.w	r2, r6, r3, lsl #3
10008872:	3a08      	subs	r2, #8
10008874:	f8c6 e004 	str.w	lr, [r6, #4]
10008878:	e9c4 1202 	strd	r1, r2, [r4, #8]
1000887c:	f846 4033 	str.w	r4, [r6, r3, lsl #3]
10008880:	60cc      	str	r4, [r1, #12]
10008882:	1083      	asrs	r3, r0, #2
10008884:	f04f 0c01 	mov.w	ip, #1
10008888:	fa0c fc03 	lsl.w	ip, ip, r3
1000888c:	45f4      	cmp	ip, lr
1000888e:	d834      	bhi.n	100088fa <_malloc_r+0x18e>
10008890:	ea1c 0f0e 	tst.w	ip, lr
10008894:	d107      	bne.n	100088a6 <_malloc_r+0x13a>
10008896:	f020 0003 	bic.w	r0, r0, #3
1000889a:	ea4f 0c4c 	mov.w	ip, ip, lsl #1
1000889e:	3004      	adds	r0, #4
100088a0:	ea1c 0f0e 	tst.w	ip, lr
100088a4:	d0f9      	beq.n	1000889a <_malloc_r+0x12e>
100088a6:	eb06 0ac0 	add.w	sl, r6, r0, lsl #3
100088aa:	4681      	mov	r9, r0
100088ac:	46d6      	mov	lr, sl
100088ae:	f8de 300c 	ldr.w	r3, [lr, #12]
100088b2:	e00b      	b.n	100088cc <_malloc_r+0x160>
100088b4:	685a      	ldr	r2, [r3, #4]
100088b6:	461c      	mov	r4, r3
100088b8:	68db      	ldr	r3, [r3, #12]
100088ba:	f022 0203 	bic.w	r2, r2, #3
100088be:	1b51      	subs	r1, r2, r5
100088c0:	290f      	cmp	r1, #15
100088c2:	f300 8101 	bgt.w	10008ac8 <_malloc_r+0x35c>
100088c6:	2900      	cmp	r1, #0
100088c8:	f280 8115 	bge.w	10008af6 <_malloc_r+0x38a>
100088cc:	459e      	cmp	lr, r3
100088ce:	d1f1      	bne.n	100088b4 <_malloc_r+0x148>
100088d0:	f109 0901 	add.w	r9, r9, #1
100088d4:	f10e 0e08 	add.w	lr, lr, #8
100088d8:	f019 0f03 	tst.w	r9, #3
100088dc:	d1e7      	bne.n	100088ae <_malloc_r+0x142>
100088de:	e158      	b.n	10008b92 <_malloc_r+0x426>
100088e0:	230c      	movs	r3, #12
100088e2:	603b      	str	r3, [r7, #0]
100088e4:	2400      	movs	r4, #0
100088e6:	4620      	mov	r0, r4
100088e8:	b003      	add	sp, #12
100088ea:	e8bd 8ff0 	ldmia.w	sp!, {r4, r5, r6, r7, r8, r9, sl, fp, pc}
100088ee:	f44f 7300 	mov.w	r3, #512	@ 0x200
100088f2:	2040      	movs	r0, #64	@ 0x40
100088f4:	f04f 0e3f 	mov.w	lr, #63	@ 0x3f
100088f8:	e77e      	b.n	100087f8 <_malloc_r+0x8c>
100088fa:	68b4      	ldr	r4, [r6, #8]
100088fc:	6863      	ldr	r3, [r4, #4]
100088fe:	f023 0903 	bic.w	r9, r3, #3
10008902:	45a9      	cmp	r9, r5
10008904:	eba9 0305 	sub.w	r3, r9, r5
10008908:	d302      	bcc.n	10008910 <_malloc_r+0x1a4>
1000890a:	2b0f      	cmp	r3, #15
1000890c:	f300 8085 	bgt.w	10008a1a <_malloc_r+0x2ae>
10008910:	4b5a      	ldr	r3, [pc, #360]	@ (10008a7c <_malloc_r+0x310>)
10008912:	2008      	movs	r0, #8
10008914:	681b      	ldr	r3, [r3, #0]
10008916:	f103 0810 	add.w	r8, r3, #16
1000891a:	eb04 0309 	add.w	r3, r4, r9
1000891e:	9300      	str	r3, [sp, #0]
10008920:	f000 fa56 	bl	10008dd0 <sysconf>
10008924:	4a56      	ldr	r2, [pc, #344]	@ (10008a80 <_malloc_r+0x314>)
10008926:	44a8      	add	r8, r5
10008928:	4683      	mov	fp, r0
1000892a:	6813      	ldr	r3, [r2, #0]
1000892c:	3301      	adds	r3, #1
1000892e:	d005      	beq.n	1000893c <_malloc_r+0x1d0>
10008930:	f108 38ff 	add.w	r8, r8, #4294967295
10008934:	4243      	negs	r3, r0
10008936:	4480      	add	r8, r0
10008938:	ea03 0808 	and.w	r8, r3, r8
1000893c:	4641      	mov	r1, r8
1000893e:	4638      	mov	r0, r7
10008940:	f000 fa2a 	bl	10008d98 <_sbrk_r>
10008944:	f1b0 3fff 	cmp.w	r0, #4294967295
10008948:	4682      	mov	sl, r0
1000894a:	4a4d      	ldr	r2, [pc, #308]	@ (10008a80 <_malloc_r+0x314>)
1000894c:	f000 8107 	beq.w	10008b5e <_malloc_r+0x3f2>
10008950:	eb04 0309 	add.w	r3, r4, r9
10008954:	4283      	cmp	r3, r0
10008956:	f200 8100 	bhi.w	10008b5a <_malloc_r+0x3ee>
1000895a:	4b4a      	ldr	r3, [pc, #296]	@ (10008a84 <_malloc_r+0x318>)
1000895c:	f10b 3cff 	add.w	ip, fp, #4294967295
10008960:	6818      	ldr	r0, [r3, #0]
10008962:	4440      	add	r0, r8
10008964:	6018      	str	r0, [r3, #0]
10008966:	f000 8164 	beq.w	10008c32 <_malloc_r+0x4c6>
1000896a:	6811      	ldr	r1, [r2, #0]
1000896c:	3101      	adds	r1, #1
1000896e:	f000 816c 	beq.w	10008c4a <_malloc_r+0x4de>
10008972:	eb04 0209 	add.w	r2, r4, r9
10008976:	ebaa 0202 	sub.w	r2, sl, r2
1000897a:	4402      	add	r2, r0
1000897c:	601a      	str	r2, [r3, #0]
1000897e:	f01a 0207 	ands.w	r2, sl, #7
10008982:	e9cd 2300 	strd	r2, r3, [sp]
10008986:	f000 8127 	beq.w	10008bd8 <_malloc_r+0x46c>
1000898a:	f1c2 0208 	rsb	r2, r2, #8
1000898e:	4638      	mov	r0, r7
10008990:	4492      	add	sl, r2
10008992:	445a      	add	r2, fp
10008994:	44d0      	add	r8, sl
10008996:	ea08 010c 	and.w	r1, r8, ip
1000899a:	1a52      	subs	r2, r2, r1
1000899c:	ea02 0b0c 	and.w	fp, r2, ip
100089a0:	4659      	mov	r1, fp
100089a2:	f000 f9f9 	bl	10008d98 <_sbrk_r>
100089a6:	1c42      	adds	r2, r0, #1
100089a8:	9b01      	ldr	r3, [sp, #4]
100089aa:	f000 816a 	beq.w	10008c82 <_malloc_r+0x516>
100089ae:	eba0 000a 	sub.w	r0, r0, sl
100089b2:	eb00 080b 	add.w	r8, r0, fp
100089b6:	6818      	ldr	r0, [r3, #0]
100089b8:	f048 0201 	orr.w	r2, r8, #1
100089bc:	42b4      	cmp	r4, r6
100089be:	f8c6 a008 	str.w	sl, [r6, #8]
100089c2:	4458      	add	r0, fp
100089c4:	f8ca 2004 	str.w	r2, [sl, #4]
100089c8:	6018      	str	r0, [r3, #0]
100089ca:	d017      	beq.n	100089fc <_malloc_r+0x290>
100089cc:	f1b9 0f0f 	cmp.w	r9, #15
100089d0:	f240 813e 	bls.w	10008c50 <_malloc_r+0x4e4>
100089d4:	6861      	ldr	r1, [r4, #4]
100089d6:	f1a9 020c 	sub.w	r2, r9, #12
100089da:	f04f 0c05 	mov.w	ip, #5
100089de:	f022 0207 	bic.w	r2, r2, #7
100089e2:	f001 0101 	and.w	r1, r1, #1
100089e6:	4311      	orrs	r1, r2
100089e8:	2a0f      	cmp	r2, #15
100089ea:	6061      	str	r1, [r4, #4]
100089ec:	eb04 0102 	add.w	r1, r4, r2
100089f0:	e9c1 cc01 	strd	ip, ip, [r1, #4]
100089f4:	f200 814d 	bhi.w	10008c92 <_malloc_r+0x526>
100089f8:	f8da 2004 	ldr.w	r2, [sl, #4]
100089fc:	4b22      	ldr	r3, [pc, #136]	@ (10008a88 <_malloc_r+0x31c>)
100089fe:	4654      	mov	r4, sl
10008a00:	6819      	ldr	r1, [r3, #0]
10008a02:	4281      	cmp	r1, r0
10008a04:	bf38      	it	cc
10008a06:	6018      	strcc	r0, [r3, #0]
10008a08:	4b20      	ldr	r3, [pc, #128]	@ (10008a8c <_malloc_r+0x320>)
10008a0a:	6819      	ldr	r1, [r3, #0]
10008a0c:	4281      	cmp	r1, r0
10008a0e:	bf38      	it	cc
10008a10:	6018      	strcc	r0, [r3, #0]
10008a12:	e0a6      	b.n	10008b62 <_malloc_r+0x3f6>
10008a14:	f8d6 e004 	ldr.w	lr, [r6, #4]
10008a18:	e733      	b.n	10008882 <_malloc_r+0x116>
10008a1a:	1962      	adds	r2, r4, r5
10008a1c:	f045 0501 	orr.w	r5, r5, #1
10008a20:	f043 0301 	orr.w	r3, r3, #1
10008a24:	3408      	adds	r4, #8
10008a26:	f844 5c04 	str.w	r5, [r4, #-4]
10008a2a:	4638      	mov	r0, r7
10008a2c:	60b2      	str	r2, [r6, #8]
10008a2e:	6053      	str	r3, [r2, #4]
10008a30:	f000 f95e 	bl	10008cf0 <__malloc_unlock>
10008a34:	4620      	mov	r0, r4
10008a36:	b003      	add	sp, #12
10008a38:	e8bd 8ff0 	ldmia.w	sp!, {r4, r5, r6, r7, r8, r9, sl, fp, pc}
10008a3c:	68a2      	ldr	r2, [r4, #8]
10008a3e:	4423      	add	r3, r4
10008a40:	4638      	mov	r0, r7
10008a42:	60d1      	str	r1, [r2, #12]
10008a44:	608a      	str	r2, [r1, #8]
10008a46:	e6b2      	b.n	100087ae <_malloc_r+0x42>
10008a48:	68dc      	ldr	r4, [r3, #12]
10008a4a:	42a3      	cmp	r3, r4
10008a4c:	f47f aea6 	bne.w	1000879c <_malloc_r+0x30>
10008a50:	3002      	adds	r0, #2
10008a52:	e6e7      	b.n	10008824 <_malloc_r+0xb8>
10008a54:	f5bc 6f20 	cmp.w	ip, #2560	@ 0xa00
10008a58:	ea4f 225c 	mov.w	r2, ip, lsr #9
10008a5c:	d376      	bcc.n	10008b4c <_malloc_r+0x3e0>
10008a5e:	2a14      	cmp	r2, #20
10008a60:	f200 80cd 	bhi.w	10008bfe <_malloc_r+0x492>
10008a64:	f102 035c 	add.w	r3, r2, #92	@ 0x5c
10008a68:	325b      	adds	r2, #91	@ 0x5b
10008a6a:	00db      	lsls	r3, r3, #3
10008a6c:	18f1      	adds	r1, r6, r3
10008a6e:	58f3      	ldr	r3, [r6, r3]
10008a70:	3908      	subs	r1, #8
10008a72:	4299      	cmp	r1, r3
10008a74:	d111      	bne.n	10008a9a <_malloc_r+0x32e>
10008a76:	e0a5      	b.n	10008bc4 <_malloc_r+0x458>
10008a78:	200015b8 	.word	0x200015b8
10008a7c:	20001d24 	.word	0x20001d24
10008a80:	200015b0 	.word	0x200015b0
10008a84:	20001cf4 	.word	0x20001cf4
10008a88:	20001d1c 	.word	0x20001d1c
10008a8c:	20001d20 	.word	0x20001d20
10008a90:	200015c0 	.word	0x200015c0
10008a94:	689b      	ldr	r3, [r3, #8]
10008a96:	4299      	cmp	r1, r3
10008a98:	d004      	beq.n	10008aa4 <_malloc_r+0x338>
10008a9a:	685a      	ldr	r2, [r3, #4]
10008a9c:	f022 0203 	bic.w	r2, r2, #3
10008aa0:	4562      	cmp	r2, ip
10008aa2:	d8f7      	bhi.n	10008a94 <_malloc_r+0x328>
10008aa4:	68d9      	ldr	r1, [r3, #12]
10008aa6:	e9c4 3102 	strd	r3, r1, [r4, #8]
10008aaa:	608c      	str	r4, [r1, #8]
10008aac:	60dc      	str	r4, [r3, #12]
10008aae:	e6e8      	b.n	10008882 <_malloc_r+0x116>
10008ab0:	2b14      	cmp	r3, #20
10008ab2:	d963      	bls.n	10008b7c <_malloc_r+0x410>
10008ab4:	2b54      	cmp	r3, #84	@ 0x54
10008ab6:	f200 80ab 	bhi.w	10008c10 <_malloc_r+0x4a4>
10008aba:	0b2b      	lsrs	r3, r5, #12
10008abc:	f103 006f 	add.w	r0, r3, #111	@ 0x6f
10008ac0:	f103 0e6e 	add.w	lr, r3, #110	@ 0x6e
10008ac4:	00c3      	lsls	r3, r0, #3
10008ac6:	e697      	b.n	100087f8 <_malloc_r+0x8c>
10008ac8:	f8d4 c008 	ldr.w	ip, [r4, #8]
10008acc:	4638      	mov	r0, r7
10008ace:	1967      	adds	r7, r4, r5
10008ad0:	f045 0501 	orr.w	r5, r5, #1
10008ad4:	6065      	str	r5, [r4, #4]
10008ad6:	f8cc 300c 	str.w	r3, [ip, #12]
10008ada:	f8c3 c008 	str.w	ip, [r3, #8]
10008ade:	f041 0301 	orr.w	r3, r1, #1
10008ae2:	e9c6 7704 	strd	r7, r7, [r6, #16]
10008ae6:	e9c7 8802 	strd	r8, r8, [r7, #8]
10008aea:	607b      	str	r3, [r7, #4]
10008aec:	50a1      	str	r1, [r4, r2]
10008aee:	3408      	adds	r4, #8
10008af0:	f000 f8fe 	bl	10008cf0 <__malloc_unlock>
10008af4:	e6f7      	b.n	100088e6 <_malloc_r+0x17a>
10008af6:	4422      	add	r2, r4
10008af8:	4638      	mov	r0, r7
10008afa:	6851      	ldr	r1, [r2, #4]
10008afc:	f041 0101 	orr.w	r1, r1, #1
10008b00:	6051      	str	r1, [r2, #4]
10008b02:	f854 2f08 	ldr.w	r2, [r4, #8]!
10008b06:	60d3      	str	r3, [r2, #12]
10008b08:	609a      	str	r2, [r3, #8]
10008b0a:	f000 f8f1 	bl	10008cf0 <__malloc_unlock>
10008b0e:	e6ea      	b.n	100088e6 <_malloc_r+0x17a>
10008b10:	44a4      	add	ip, r4
10008b12:	4638      	mov	r0, r7
10008b14:	3408      	adds	r4, #8
10008b16:	f8dc 3004 	ldr.w	r3, [ip, #4]
10008b1a:	f043 0301 	orr.w	r3, r3, #1
10008b1e:	f8cc 3004 	str.w	r3, [ip, #4]
10008b22:	f000 f8e5 	bl	10008cf0 <__malloc_unlock>
10008b26:	e6de      	b.n	100088e6 <_malloc_r+0x17a>
10008b28:	1962      	adds	r2, r4, r5
10008b2a:	f043 0101 	orr.w	r1, r3, #1
10008b2e:	f045 0501 	orr.w	r5, r5, #1
10008b32:	4638      	mov	r0, r7
10008b34:	6065      	str	r5, [r4, #4]
10008b36:	e9c6 2204 	strd	r2, r2, [r6, #16]
10008b3a:	e9c2 8802 	strd	r8, r8, [r2, #8]
10008b3e:	6051      	str	r1, [r2, #4]
10008b40:	f844 300c 	str.w	r3, [r4, ip]
10008b44:	3408      	adds	r4, #8
10008b46:	f000 f8d3 	bl	10008cf0 <__malloc_unlock>
10008b4a:	e6cc      	b.n	100088e6 <_malloc_r+0x17a>
10008b4c:	ea4f 129c 	mov.w	r2, ip, lsr #6
10008b50:	f102 0339 	add.w	r3, r2, #57	@ 0x39
10008b54:	3238      	adds	r2, #56	@ 0x38
10008b56:	00db      	lsls	r3, r3, #3
10008b58:	e788      	b.n	10008a6c <_malloc_r+0x300>
10008b5a:	42b4      	cmp	r4, r6
10008b5c:	d062      	beq.n	10008c24 <_malloc_r+0x4b8>
10008b5e:	68b4      	ldr	r4, [r6, #8]
10008b60:	6862      	ldr	r2, [r4, #4]
10008b62:	f022 0803 	bic.w	r8, r2, #3
10008b66:	45a8      	cmp	r8, r5
10008b68:	eba8 0305 	sub.w	r3, r8, r5
10008b6c:	d302      	bcc.n	10008b74 <_malloc_r+0x408>
10008b6e:	2b0f      	cmp	r3, #15
10008b70:	f73f af53 	bgt.w	10008a1a <_malloc_r+0x2ae>
10008b74:	4638      	mov	r0, r7
10008b76:	f000 f8bb 	bl	10008cf0 <__malloc_unlock>
10008b7a:	e6b3      	b.n	100088e4 <_malloc_r+0x178>
10008b7c:	f103 005c 	add.w	r0, r3, #92	@ 0x5c
10008b80:	f103 0e5b 	add.w	lr, r3, #91	@ 0x5b
10008b84:	00c3      	lsls	r3, r0, #3
10008b86:	e637      	b.n	100087f8 <_malloc_r+0x8c>
10008b88:	f85a 3908 	ldr.w	r3, [sl], #-8
10008b8c:	4553      	cmp	r3, sl
10008b8e:	f040 80a0 	bne.w	10008cd2 <_malloc_r+0x566>
10008b92:	f010 0f03 	tst.w	r0, #3
10008b96:	f100 30ff 	add.w	r0, r0, #4294967295
10008b9a:	d1f5      	bne.n	10008b88 <_malloc_r+0x41c>
10008b9c:	6873      	ldr	r3, [r6, #4]
10008b9e:	ea23 030c 	bic.w	r3, r3, ip
10008ba2:	6073      	str	r3, [r6, #4]
10008ba4:	ea4f 0c4c 	mov.w	ip, ip, lsl #1
10008ba8:	f10c 32ff 	add.w	r2, ip, #4294967295
10008bac:	429a      	cmp	r2, r3
10008bae:	d304      	bcc.n	10008bba <_malloc_r+0x44e>
10008bb0:	e6a3      	b.n	100088fa <_malloc_r+0x18e>
10008bb2:	ea4f 0c4c 	mov.w	ip, ip, lsl #1
10008bb6:	f109 0904 	add.w	r9, r9, #4
10008bba:	ea1c 0f03 	tst.w	ip, r3
10008bbe:	d0f8      	beq.n	10008bb2 <_malloc_r+0x446>
10008bc0:	4648      	mov	r0, r9
10008bc2:	e670      	b.n	100088a6 <_malloc_r+0x13a>
10008bc4:	1092      	asrs	r2, r2, #2
10008bc6:	f04f 0c01 	mov.w	ip, #1
10008bca:	fa0c f202 	lsl.w	r2, ip, r2
10008bce:	ea4e 0e02 	orr.w	lr, lr, r2
10008bd2:	f8c6 e004 	str.w	lr, [r6, #4]
10008bd6:	e766      	b.n	10008aa6 <_malloc_r+0x33a>
10008bd8:	eb0a 0208 	add.w	r2, sl, r8
10008bdc:	4638      	mov	r0, r7
10008bde:	ea02 020c 	and.w	r2, r2, ip
10008be2:	ebab 0b02 	sub.w	fp, fp, r2
10008be6:	ea0b 0b0c 	and.w	fp, fp, ip
10008bea:	4659      	mov	r1, fp
10008bec:	f000 f8d4 	bl	10008d98 <_sbrk_r>
10008bf0:	1c43      	adds	r3, r0, #1
10008bf2:	9b01      	ldr	r3, [sp, #4]
10008bf4:	f47f aedb 	bne.w	100089ae <_malloc_r+0x242>
10008bf8:	f8dd b000 	ldr.w	fp, [sp]
10008bfc:	e6db      	b.n	100089b6 <_malloc_r+0x24a>
10008bfe:	2a54      	cmp	r2, #84	@ 0x54
10008c00:	d82a      	bhi.n	10008c58 <_malloc_r+0x4ec>
10008c02:	ea4f 321c 	mov.w	r2, ip, lsr #12
10008c06:	f102 036f 	add.w	r3, r2, #111	@ 0x6f
10008c0a:	326e      	adds	r2, #110	@ 0x6e
10008c0c:	00db      	lsls	r3, r3, #3
10008c0e:	e72d      	b.n	10008a6c <_malloc_r+0x300>
10008c10:	f5b3 7faa 	cmp.w	r3, #340	@ 0x154
10008c14:	d82a      	bhi.n	10008c6c <_malloc_r+0x500>
10008c16:	0beb      	lsrs	r3, r5, #15
10008c18:	f103 0078 	add.w	r0, r3, #120	@ 0x78
10008c1c:	f103 0e77 	add.w	lr, r3, #119	@ 0x77
10008c20:	00c3      	lsls	r3, r0, #3
10008c22:	e5e9      	b.n	100087f8 <_malloc_r+0x8c>
10008c24:	4b2e      	ldr	r3, [pc, #184]	@ (10008ce0 <_malloc_r+0x574>)
10008c26:	f10b 3cff 	add.w	ip, fp, #4294967295
10008c2a:	6818      	ldr	r0, [r3, #0]
10008c2c:	4440      	add	r0, r8
10008c2e:	6018      	str	r0, [r3, #0]
10008c30:	e69b      	b.n	1000896a <_malloc_r+0x1fe>
10008c32:	ea1a 0f0c 	tst.w	sl, ip
10008c36:	f47f ae98 	bne.w	1000896a <_malloc_r+0x1fe>
10008c3a:	44c8      	add	r8, r9
10008c3c:	f8d6 a008 	ldr.w	sl, [r6, #8]
10008c40:	f048 0201 	orr.w	r2, r8, #1
10008c44:	f8ca 2004 	str.w	r2, [sl, #4]
10008c48:	e6d8      	b.n	100089fc <_malloc_r+0x290>
10008c4a:	f8c2 a000 	str.w	sl, [r2]
10008c4e:	e696      	b.n	1000897e <_malloc_r+0x212>
10008c50:	2301      	movs	r3, #1
10008c52:	f8ca 3004 	str.w	r3, [sl, #4]
10008c56:	e78d      	b.n	10008b74 <_malloc_r+0x408>
10008c58:	f5b2 7faa 	cmp.w	r2, #340	@ 0x154
10008c5c:	d824      	bhi.n	10008ca8 <_malloc_r+0x53c>
10008c5e:	ea4f 32dc 	mov.w	r2, ip, lsr #15
10008c62:	f102 0378 	add.w	r3, r2, #120	@ 0x78
10008c66:	3277      	adds	r2, #119	@ 0x77
10008c68:	00db      	lsls	r3, r3, #3
10008c6a:	e6ff      	b.n	10008a6c <_malloc_r+0x300>
10008c6c:	f240 5254 	movw	r2, #1364	@ 0x554
10008c70:	4293      	cmp	r3, r2
10008c72:	d824      	bhi.n	10008cbe <_malloc_r+0x552>
10008c74:	0cab      	lsrs	r3, r5, #18
10008c76:	f103 007d 	add.w	r0, r3, #125	@ 0x7d
10008c7a:	f103 0e7c 	add.w	lr, r3, #124	@ 0x7c
10008c7e:	00c3      	lsls	r3, r0, #3
10008c80:	e5ba      	b.n	100087f8 <_malloc_r+0x8c>
10008c82:	9a00      	ldr	r2, [sp, #0]
10008c84:	f04f 0b00 	mov.w	fp, #0
10008c88:	3a08      	subs	r2, #8
10008c8a:	4490      	add	r8, r2
10008c8c:	eba8 080a 	sub.w	r8, r8, sl
10008c90:	e691      	b.n	100089b6 <_malloc_r+0x24a>
10008c92:	4638      	mov	r0, r7
10008c94:	f104 0108 	add.w	r1, r4, #8
10008c98:	9300      	str	r3, [sp, #0]
10008c9a:	f000 f9a7 	bl	10008fec <_free_r>
10008c9e:	9b00      	ldr	r3, [sp, #0]
10008ca0:	f8d6 a008 	ldr.w	sl, [r6, #8]
10008ca4:	6818      	ldr	r0, [r3, #0]
10008ca6:	e6a7      	b.n	100089f8 <_malloc_r+0x28c>
10008ca8:	f240 5354 	movw	r3, #1364	@ 0x554
10008cac:	429a      	cmp	r2, r3
10008cae:	d80c      	bhi.n	10008cca <_malloc_r+0x55e>
10008cb0:	ea4f 429c 	mov.w	r2, ip, lsr #18
10008cb4:	f102 037d 	add.w	r3, r2, #125	@ 0x7d
10008cb8:	327c      	adds	r2, #124	@ 0x7c
10008cba:	00db      	lsls	r3, r3, #3
10008cbc:	e6d6      	b.n	10008a6c <_malloc_r+0x300>
10008cbe:	f44f 737e 	mov.w	r3, #1016	@ 0x3f8
10008cc2:	207f      	movs	r0, #127	@ 0x7f
10008cc4:	f04f 0e7e 	mov.w	lr, #126	@ 0x7e
10008cc8:	e596      	b.n	100087f8 <_malloc_r+0x8c>
10008cca:	f44f 737e 	mov.w	r3, #1016	@ 0x3f8
10008cce:	227e      	movs	r2, #126	@ 0x7e
10008cd0:	e6cc      	b.n	10008a6c <_malloc_r+0x300>
10008cd2:	6873      	ldr	r3, [r6, #4]
10008cd4:	e766      	b.n	10008ba4 <_malloc_r+0x438>
10008cd6:	08e8      	lsrs	r0, r5, #3
10008cd8:	f105 0308 	add.w	r3, r5, #8
10008cdc:	e556      	b.n	1000878c <_malloc_r+0x20>
10008cde:	bf00      	nop
10008ce0:	20001cf4 	.word	0x20001cf4

10008ce4 <__malloc_lock>:
10008ce4:	4801      	ldr	r0, [pc, #4]	@ (10008cec <__malloc_lock+0x8>)
10008ce6:	f000 b86f 	b.w	10008dc8 <__retarget_lock_acquire_recursive>
10008cea:	bf00      	nop
10008cec:	20001cf0 	.word	0x20001cf0

10008cf0 <__malloc_unlock>:
10008cf0:	4801      	ldr	r0, [pc, #4]	@ (10008cf8 <__malloc_unlock+0x8>)
10008cf2:	f000 b86b 	b.w	10008dcc <__retarget_lock_release_recursive>
10008cf6:	bf00      	nop
10008cf8:	20001cf0 	.word	0x20001cf0

10008cfc <memset>:
10008cfc:	0783      	lsls	r3, r0, #30
10008cfe:	b530      	push	{r4, r5, lr}
10008d00:	d046      	beq.n	10008d90 <memset+0x94>
10008d02:	1884      	adds	r4, r0, r2
10008d04:	4684      	mov	ip, r0
10008d06:	e004      	b.n	10008d12 <memset+0x16>
10008d08:	f803 1b01 	strb.w	r1, [r3], #1
10008d0c:	079d      	lsls	r5, r3, #30
10008d0e:	d004      	beq.n	10008d1a <memset+0x1e>
10008d10:	469c      	mov	ip, r3
10008d12:	45a4      	cmp	ip, r4
10008d14:	4663      	mov	r3, ip
10008d16:	d1f7      	bne.n	10008d08 <memset+0xc>
10008d18:	bd30      	pop	{r4, r5, pc}
10008d1a:	3a01      	subs	r2, #1
10008d1c:	4402      	add	r2, r0
10008d1e:	eba2 020c 	sub.w	r2, r2, ip
10008d22:	2a03      	cmp	r2, #3
10008d24:	d929      	bls.n	10008d7a <memset+0x7e>
10008d26:	b2cc      	uxtb	r4, r1
10008d28:	2a0f      	cmp	r2, #15
10008d2a:	eb04 2404 	add.w	r4, r4, r4, lsl #8
10008d2e:	eb04 4404 	add.w	r4, r4, r4, lsl #16
10008d32:	d92f      	bls.n	10008d94 <memset+0x98>
10008d34:	f1a2 0c10 	sub.w	ip, r2, #16
10008d38:	f103 0510 	add.w	r5, r3, #16
10008d3c:	f02c 0c0f 	bic.w	ip, ip, #15
10008d40:	44ac      	add	ip, r5
10008d42:	e9c3 4400 	strd	r4, r4, [r3]
10008d46:	e9c3 4402 	strd	r4, r4, [r3, #8]
10008d4a:	3310      	adds	r3, #16
10008d4c:	4563      	cmp	r3, ip
10008d4e:	d1f8      	bne.n	10008d42 <memset+0x46>
10008d50:	f012 0f0c 	tst.w	r2, #12
10008d54:	f002 0e0f 	and.w	lr, r2, #15
10008d58:	d018      	beq.n	10008d8c <memset+0x90>
10008d5a:	f02e 0c03 	bic.w	ip, lr, #3
10008d5e:	f1ae 0504 	sub.w	r5, lr, #4
10008d62:	461a      	mov	r2, r3
10008d64:	449c      	add	ip, r3
10008d66:	f842 4b04 	str.w	r4, [r2], #4
10008d6a:	4562      	cmp	r2, ip
10008d6c:	d1fb      	bne.n	10008d66 <memset+0x6a>
10008d6e:	f025 0403 	bic.w	r4, r5, #3
10008d72:	3304      	adds	r3, #4
10008d74:	f00e 0203 	and.w	r2, lr, #3
10008d78:	4423      	add	r3, r4
10008d7a:	2a00      	cmp	r2, #0
10008d7c:	d0cc      	beq.n	10008d18 <memset+0x1c>
10008d7e:	b2c9      	uxtb	r1, r1
10008d80:	441a      	add	r2, r3
10008d82:	f803 1b01 	strb.w	r1, [r3], #1
10008d86:	4293      	cmp	r3, r2
10008d88:	d1fb      	bne.n	10008d82 <memset+0x86>
10008d8a:	bd30      	pop	{r4, r5, pc}
10008d8c:	4672      	mov	r2, lr
10008d8e:	e7f4      	b.n	10008d7a <memset+0x7e>
10008d90:	4603      	mov	r3, r0
10008d92:	e7c6      	b.n	10008d22 <memset+0x26>
10008d94:	4696      	mov	lr, r2
10008d96:	e7e0      	b.n	10008d5a <memset+0x5e>

10008d98 <_sbrk_r>:
10008d98:	b538      	push	{r3, r4, r5, lr}
10008d9a:	2200      	movs	r2, #0
10008d9c:	4d06      	ldr	r5, [pc, #24]	@ (10008db8 <_sbrk_r+0x20>)
10008d9e:	4604      	mov	r4, r0
10008da0:	4608      	mov	r0, r1
10008da2:	602a      	str	r2, [r5, #0]
10008da4:	f7fa fdb8 	bl	10003918 <_sbrk>
10008da8:	1c43      	adds	r3, r0, #1
10008daa:	d000      	beq.n	10008dae <_sbrk_r+0x16>
10008dac:	bd38      	pop	{r3, r4, r5, pc}
10008dae:	682b      	ldr	r3, [r5, #0]
10008db0:	2b00      	cmp	r3, #0
10008db2:	d0fb      	beq.n	10008dac <_sbrk_r+0x14>
10008db4:	6023      	str	r3, [r4, #0]
10008db6:	bd38      	pop	{r3, r4, r5, pc}
10008db8:	20002488 	.word	0x20002488

10008dbc <__errno>:
10008dbc:	4b01      	ldr	r3, [pc, #4]	@ (10008dc4 <__errno+0x8>)
10008dbe:	6818      	ldr	r0, [r3, #0]
10008dc0:	4770      	bx	lr
10008dc2:	bf00      	nop
10008dc4:	200019c0 	.word	0x200019c0

10008dc8 <__retarget_lock_acquire_recursive>:
10008dc8:	4770      	bx	lr
10008dca:	bf00      	nop

10008dcc <__retarget_lock_release_recursive>:
10008dcc:	4770      	bx	lr
10008dce:	bf00      	nop

10008dd0 <sysconf>:
10008dd0:	2808      	cmp	r0, #8
10008dd2:	d102      	bne.n	10008dda <sysconf+0xa>
10008dd4:	f44f 5080 	mov.w	r0, #4096	@ 0x1000
10008dd8:	4770      	bx	lr
10008dda:	b508      	push	{r3, lr}
10008ddc:	f7ff ffee 	bl	10008dbc <__errno>
10008de0:	2216      	movs	r2, #22
10008de2:	4603      	mov	r3, r0
10008de4:	f04f 30ff 	mov.w	r0, #4294967295
10008de8:	601a      	str	r2, [r3, #0]
10008dea:	bd08      	pop	{r3, pc}

10008dec <memcpy>:
10008dec:	4684      	mov	ip, r0
10008dee:	ea41 0300 	orr.w	r3, r1, r0
10008df2:	f013 0303 	ands.w	r3, r3, #3
10008df6:	d149      	bne.n	10008e8c <memcpy+0xa0>
10008df8:	3a40      	subs	r2, #64	@ 0x40
10008dfa:	d323      	bcc.n	10008e44 <memcpy+0x58>
10008dfc:	680b      	ldr	r3, [r1, #0]
10008dfe:	6003      	str	r3, [r0, #0]
10008e00:	684b      	ldr	r3, [r1, #4]
10008e02:	6043      	str	r3, [r0, #4]
10008e04:	688b      	ldr	r3, [r1, #8]
10008e06:	6083      	str	r3, [r0, #8]
10008e08:	68cb      	ldr	r3, [r1, #12]
10008e0a:	60c3      	str	r3, [r0, #12]
10008e0c:	690b      	ldr	r3, [r1, #16]
10008e0e:	6103      	str	r3, [r0, #16]
10008e10:	694b      	ldr	r3, [r1, #20]
10008e12:	6143      	str	r3, [r0, #20]
10008e14:	698b      	ldr	r3, [r1, #24]
10008e16:	6183      	str	r3, [r0, #24]
10008e18:	69cb      	ldr	r3, [r1, #28]
10008e1a:	61c3      	str	r3, [r0, #28]
10008e1c:	6a0b      	ldr	r3, [r1, #32]
10008e1e:	6203      	str	r3, [r0, #32]
10008e20:	6a4b      	ldr	r3, [r1, #36]	@ 0x24
10008e22:	6243      	str	r3, [r0, #36]	@ 0x24
10008e24:	6a8b      	ldr	r3, [r1, #40]	@ 0x28
10008e26:	6283      	str	r3, [r0, #40]	@ 0x28
10008e28:	6acb      	ldr	r3, [r1, #44]	@ 0x2c
10008e2a:	62c3      	str	r3, [r0, #44]	@ 0x2c
10008e2c:	6b0b      	ldr	r3, [r1, #48]	@ 0x30
10008e2e:	6303      	str	r3, [r0, #48]	@ 0x30
10008e30:	6b4b      	ldr	r3, [r1, #52]	@ 0x34
10008e32:	6343      	str	r3, [r0, #52]	@ 0x34
10008e34:	6b8b      	ldr	r3, [r1, #56]	@ 0x38
10008e36:	6383      	str	r3, [r0, #56]	@ 0x38
10008e38:	6bcb      	ldr	r3, [r1, #60]	@ 0x3c
10008e3a:	63c3      	str	r3, [r0, #60]	@ 0x3c
10008e3c:	3040      	adds	r0, #64	@ 0x40
10008e3e:	3140      	adds	r1, #64	@ 0x40
10008e40:	3a40      	subs	r2, #64	@ 0x40
10008e42:	d2db      	bcs.n	10008dfc <memcpy+0x10>
10008e44:	3230      	adds	r2, #48	@ 0x30
10008e46:	d30b      	bcc.n	10008e60 <memcpy+0x74>
10008e48:	680b      	ldr	r3, [r1, #0]
10008e4a:	6003      	str	r3, [r0, #0]
10008e4c:	684b      	ldr	r3, [r1, #4]
10008e4e:	6043      	str	r3, [r0, #4]
10008e50:	688b      	ldr	r3, [r1, #8]
10008e52:	6083      	str	r3, [r0, #8]
10008e54:	68cb      	ldr	r3, [r1, #12]
10008e56:	60c3      	str	r3, [r0, #12]
10008e58:	3010      	adds	r0, #16
10008e5a:	3110      	adds	r1, #16
10008e5c:	3a10      	subs	r2, #16
10008e5e:	d2f3      	bcs.n	10008e48 <memcpy+0x5c>
10008e60:	320c      	adds	r2, #12
10008e62:	d305      	bcc.n	10008e70 <memcpy+0x84>
10008e64:	f851 3b04 	ldr.w	r3, [r1], #4
10008e68:	f840 3b04 	str.w	r3, [r0], #4
10008e6c:	3a04      	subs	r2, #4
10008e6e:	d2f9      	bcs.n	10008e64 <memcpy+0x78>
10008e70:	3204      	adds	r2, #4
10008e72:	d008      	beq.n	10008e86 <memcpy+0x9a>
10008e74:	07d2      	lsls	r2, r2, #31
10008e76:	bf1c      	itt	ne
10008e78:	f811 3b01 	ldrbne.w	r3, [r1], #1
10008e7c:	f800 3b01 	strbne.w	r3, [r0], #1
10008e80:	d301      	bcc.n	10008e86 <memcpy+0x9a>
10008e82:	880b      	ldrh	r3, [r1, #0]
10008e84:	8003      	strh	r3, [r0, #0]
10008e86:	4660      	mov	r0, ip
10008e88:	4770      	bx	lr
10008e8a:	bf00      	nop
10008e8c:	2a08      	cmp	r2, #8
10008e8e:	d313      	bcc.n	10008eb8 <memcpy+0xcc>
10008e90:	078b      	lsls	r3, r1, #30
10008e92:	d0b1      	beq.n	10008df8 <memcpy+0xc>
10008e94:	f010 0303 	ands.w	r3, r0, #3
10008e98:	d0ae      	beq.n	10008df8 <memcpy+0xc>
10008e9a:	f1c3 0304 	rsb	r3, r3, #4
10008e9e:	1ad2      	subs	r2, r2, r3
10008ea0:	07db      	lsls	r3, r3, #31
10008ea2:	bf1c      	itt	ne
10008ea4:	f811 3b01 	ldrbne.w	r3, [r1], #1
10008ea8:	f800 3b01 	strbne.w	r3, [r0], #1
10008eac:	d3a4      	bcc.n	10008df8 <memcpy+0xc>
10008eae:	f831 3b02 	ldrh.w	r3, [r1], #2
10008eb2:	f820 3b02 	strh.w	r3, [r0], #2
10008eb6:	e79f      	b.n	10008df8 <memcpy+0xc>
10008eb8:	3a04      	subs	r2, #4
10008eba:	d3d9      	bcc.n	10008e70 <memcpy+0x84>
10008ebc:	3a01      	subs	r2, #1
10008ebe:	f811 3b01 	ldrb.w	r3, [r1], #1
10008ec2:	f800 3b01 	strb.w	r3, [r0], #1
10008ec6:	d2f9      	bcs.n	10008ebc <memcpy+0xd0>
10008ec8:	780b      	ldrb	r3, [r1, #0]
10008eca:	7003      	strb	r3, [r0, #0]
10008ecc:	784b      	ldrb	r3, [r1, #1]
10008ece:	7043      	strb	r3, [r0, #1]
10008ed0:	788b      	ldrb	r3, [r1, #2]
10008ed2:	7083      	strb	r3, [r0, #2]
10008ed4:	4660      	mov	r0, ip
10008ed6:	4770      	bx	lr

10008ed8 <strlen>:
10008ed8:	f020 0103 	bic.w	r1, r0, #3
10008edc:	f010 0003 	ands.w	r0, r0, #3
10008ee0:	f1c0 0000 	rsb	r0, r0, #0
10008ee4:	f851 3b04 	ldr.w	r3, [r1], #4
10008ee8:	f100 0c04 	add.w	ip, r0, #4
10008eec:	ea4f 0ccc 	mov.w	ip, ip, lsl #3
10008ef0:	f06f 0200 	mvn.w	r2, #0
10008ef4:	bf1c      	itt	ne
10008ef6:	fa22 f20c 	lsrne.w	r2, r2, ip
10008efa:	4313      	orrne	r3, r2
10008efc:	f04f 0c01 	mov.w	ip, #1
10008f00:	ea4c 2c0c 	orr.w	ip, ip, ip, lsl #8
10008f04:	ea4c 4c0c 	orr.w	ip, ip, ip, lsl #16
10008f08:	eba3 020c 	sub.w	r2, r3, ip
10008f0c:	ea22 0203 	bic.w	r2, r2, r3
10008f10:	ea12 12cc 	ands.w	r2, r2, ip, lsl #7
10008f14:	bf04      	itt	eq
10008f16:	f851 3b04 	ldreq.w	r3, [r1], #4
10008f1a:	3004      	addeq	r0, #4
10008f1c:	d0f4      	beq.n	10008f08 <strlen+0x30>
10008f1e:	f1c2 0100 	rsb	r1, r2, #0
10008f22:	ea02 0201 	and.w	r2, r2, r1
10008f26:	fab2 f282 	clz	r2, r2
10008f2a:	f1c2 021f 	rsb	r2, r2, #31
10008f2e:	eb00 00d2 	add.w	r0, r0, r2, lsr #3
10008f32:	4770      	bx	lr

10008f34 <_malloc_trim_r>:
10008f34:	e92d 43f8 	stmdb	sp!, {r3, r4, r5, r6, r7, r8, r9, lr}
10008f38:	4606      	mov	r6, r0
10008f3a:	f8df 80ac 	ldr.w	r8, [pc, #172]	@ 10008fe8 <_malloc_trim_r+0xb4>
10008f3e:	2008      	movs	r0, #8
10008f40:	4689      	mov	r9, r1
10008f42:	f7ff ff45 	bl	10008dd0 <sysconf>
10008f46:	4605      	mov	r5, r0
10008f48:	4630      	mov	r0, r6
10008f4a:	f7ff fecb 	bl	10008ce4 <__malloc_lock>
10008f4e:	f8d8 3008 	ldr.w	r3, [r8, #8]
10008f52:	685f      	ldr	r7, [r3, #4]
10008f54:	f027 0703 	bic.w	r7, r7, #3
10008f58:	f1a7 0411 	sub.w	r4, r7, #17
10008f5c:	eba4 0409 	sub.w	r4, r4, r9
10008f60:	442c      	add	r4, r5
10008f62:	fbb4 f4f5 	udiv	r4, r4, r5
10008f66:	3c01      	subs	r4, #1
10008f68:	fb05 f404 	mul.w	r4, r5, r4
10008f6c:	42a5      	cmp	r5, r4
10008f6e:	dc08      	bgt.n	10008f82 <_malloc_trim_r+0x4e>
10008f70:	2100      	movs	r1, #0
10008f72:	4630      	mov	r0, r6
10008f74:	f7ff ff10 	bl	10008d98 <_sbrk_r>
10008f78:	f8d8 3008 	ldr.w	r3, [r8, #8]
10008f7c:	443b      	add	r3, r7
10008f7e:	4298      	cmp	r0, r3
10008f80:	d005      	beq.n	10008f8e <_malloc_trim_r+0x5a>
10008f82:	4630      	mov	r0, r6
10008f84:	f7ff feb4 	bl	10008cf0 <__malloc_unlock>
10008f88:	2000      	movs	r0, #0
10008f8a:	e8bd 83f8 	ldmia.w	sp!, {r3, r4, r5, r6, r7, r8, r9, pc}
10008f8e:	4261      	negs	r1, r4
10008f90:	4630      	mov	r0, r6
10008f92:	f7ff ff01 	bl	10008d98 <_sbrk_r>
10008f96:	3001      	adds	r0, #1
10008f98:	d00f      	beq.n	10008fba <_malloc_trim_r+0x86>
10008f9a:	1b3f      	subs	r7, r7, r4
10008f9c:	4a10      	ldr	r2, [pc, #64]	@ (10008fe0 <_malloc_trim_r+0xac>)
10008f9e:	f8d8 3008 	ldr.w	r3, [r8, #8]
10008fa2:	4630      	mov	r0, r6
10008fa4:	f047 0701 	orr.w	r7, r7, #1
10008fa8:	605f      	str	r7, [r3, #4]
10008faa:	6813      	ldr	r3, [r2, #0]
10008fac:	1b1b      	subs	r3, r3, r4
10008fae:	6013      	str	r3, [r2, #0]
10008fb0:	f7ff fe9e 	bl	10008cf0 <__malloc_unlock>
10008fb4:	2001      	movs	r0, #1
10008fb6:	e8bd 83f8 	ldmia.w	sp!, {r3, r4, r5, r6, r7, r8, r9, pc}
10008fba:	2100      	movs	r1, #0
10008fbc:	4630      	mov	r0, r6
10008fbe:	f7ff feeb 	bl	10008d98 <_sbrk_r>
10008fc2:	f8d8 2008 	ldr.w	r2, [r8, #8]
10008fc6:	1a83      	subs	r3, r0, r2
10008fc8:	2b0f      	cmp	r3, #15
10008fca:	ddda      	ble.n	10008f82 <_malloc_trim_r+0x4e>
10008fcc:	f043 0301 	orr.w	r3, r3, #1
10008fd0:	4903      	ldr	r1, [pc, #12]	@ (10008fe0 <_malloc_trim_r+0xac>)
10008fd2:	6053      	str	r3, [r2, #4]
10008fd4:	4b03      	ldr	r3, [pc, #12]	@ (10008fe4 <_malloc_trim_r+0xb0>)
10008fd6:	681b      	ldr	r3, [r3, #0]
10008fd8:	1ac0      	subs	r0, r0, r3
10008fda:	6008      	str	r0, [r1, #0]
10008fdc:	e7d1      	b.n	10008f82 <_malloc_trim_r+0x4e>
10008fde:	bf00      	nop
10008fe0:	20001cf4 	.word	0x20001cf4
10008fe4:	200015b0 	.word	0x200015b0
10008fe8:	200015b8 	.word	0x200015b8

10008fec <_free_r>:
10008fec:	2900      	cmp	r1, #0
10008fee:	d05a      	beq.n	100090a6 <_free_r+0xba>
10008ff0:	b5f8      	push	{r3, r4, r5, r6, r7, lr}
10008ff2:	460c      	mov	r4, r1
10008ff4:	4607      	mov	r7, r0
10008ff6:	f7ff fe75 	bl	10008ce4 <__malloc_lock>
10008ffa:	4d73      	ldr	r5, [pc, #460]	@ (100091c8 <_free_r+0x1dc>)
10008ffc:	f854 cc04 	ldr.w	ip, [r4, #-4]
10009000:	f1a4 0208 	sub.w	r2, r4, #8
10009004:	68a8      	ldr	r0, [r5, #8]
10009006:	f02c 0301 	bic.w	r3, ip, #1
1000900a:	f00c 0e01 	and.w	lr, ip, #1
1000900e:	18d1      	adds	r1, r2, r3
10009010:	684e      	ldr	r6, [r1, #4]
10009012:	4288      	cmp	r0, r1
10009014:	f026 0603 	bic.w	r6, r6, #3
10009018:	d07c      	beq.n	10009114 <_free_r+0x128>
1000901a:	1988      	adds	r0, r1, r6
1000901c:	604e      	str	r6, [r1, #4]
1000901e:	6840      	ldr	r0, [r0, #4]
10009020:	f000 0001 	and.w	r0, r0, #1
10009024:	f1be 0f00 	cmp.w	lr, #0
10009028:	d12e      	bne.n	10009088 <_free_r+0x9c>
1000902a:	f854 4c08 	ldr.w	r4, [r4, #-8]
1000902e:	f105 0c08 	add.w	ip, r5, #8
10009032:	1b12      	subs	r2, r2, r4
10009034:	4423      	add	r3, r4
10009036:	6894      	ldr	r4, [r2, #8]
10009038:	4564      	cmp	r4, ip
1000903a:	d060      	beq.n	100090fe <_free_r+0x112>
1000903c:	f8d2 e00c 	ldr.w	lr, [r2, #12]
10009040:	f8c4 e00c 	str.w	lr, [r4, #12]
10009044:	f8ce 4008 	str.w	r4, [lr, #8]
10009048:	2800      	cmp	r0, #0
1000904a:	d07d      	beq.n	10009148 <_free_r+0x15c>
1000904c:	f043 0001 	orr.w	r0, r3, #1
10009050:	6050      	str	r0, [r2, #4]
10009052:	600b      	str	r3, [r1, #0]
10009054:	f5b3 7f00 	cmp.w	r3, #512	@ 0x200
10009058:	d22e      	bcs.n	100090b8 <_free_r+0xcc>
1000905a:	0958      	lsrs	r0, r3, #5
1000905c:	08d9      	lsrs	r1, r3, #3
1000905e:	2301      	movs	r3, #1
10009060:	4083      	lsls	r3, r0
10009062:	6868      	ldr	r0, [r5, #4]
10009064:	3101      	adds	r1, #1
10009066:	4303      	orrs	r3, r0
10009068:	f855 0031 	ldr.w	r0, [r5, r1, lsl #3]
1000906c:	606b      	str	r3, [r5, #4]
1000906e:	eb05 03c1 	add.w	r3, r5, r1, lsl #3
10009072:	3b08      	subs	r3, #8
10009074:	e9c2 0302 	strd	r0, r3, [r2, #8]
10009078:	f845 2031 	str.w	r2, [r5, r1, lsl #3]
1000907c:	60c2      	str	r2, [r0, #12]
1000907e:	4638      	mov	r0, r7
10009080:	e8bd 40f8 	ldmia.w	sp!, {r3, r4, r5, r6, r7, lr}
10009084:	f7ff be34 	b.w	10008cf0 <__malloc_unlock>
10009088:	b970      	cbnz	r0, 100090a8 <_free_r+0xbc>
1000908a:	4433      	add	r3, r6
1000908c:	f105 0c08 	add.w	ip, r5, #8
10009090:	6888      	ldr	r0, [r1, #8]
10009092:	f043 0401 	orr.w	r4, r3, #1
10009096:	4560      	cmp	r0, ip
10009098:	d06e      	beq.n	10009178 <_free_r+0x18c>
1000909a:	68c9      	ldr	r1, [r1, #12]
1000909c:	60c1      	str	r1, [r0, #12]
1000909e:	6088      	str	r0, [r1, #8]
100090a0:	6054      	str	r4, [r2, #4]
100090a2:	50d3      	str	r3, [r2, r3]
100090a4:	e7d6      	b.n	10009054 <_free_r+0x68>
100090a6:	4770      	bx	lr
100090a8:	f04c 0101 	orr.w	r1, ip, #1
100090ac:	f5b3 7f00 	cmp.w	r3, #512	@ 0x200
100090b0:	f844 1c04 	str.w	r1, [r4, #-4]
100090b4:	50d3      	str	r3, [r2, r3]
100090b6:	d3d0      	bcc.n	1000905a <_free_r+0x6e>
100090b8:	f5b3 6f20 	cmp.w	r3, #2560	@ 0xa00
100090bc:	ea4f 2153 	mov.w	r1, r3, lsr #9
100090c0:	d244      	bcs.n	1000914c <_free_r+0x160>
100090c2:	0999      	lsrs	r1, r3, #6
100090c4:	f101 0039 	add.w	r0, r1, #57	@ 0x39
100090c8:	f101 0438 	add.w	r4, r1, #56	@ 0x38
100090cc:	00c1      	lsls	r1, r0, #3
100090ce:	1868      	adds	r0, r5, r1
100090d0:	5869      	ldr	r1, [r5, r1]
100090d2:	3808      	subs	r0, #8
100090d4:	4288      	cmp	r0, r1
100090d6:	d103      	bne.n	100090e0 <_free_r+0xf4>
100090d8:	e055      	b.n	10009186 <_free_r+0x19a>
100090da:	6889      	ldr	r1, [r1, #8]
100090dc:	4288      	cmp	r0, r1
100090de:	d004      	beq.n	100090ea <_free_r+0xfe>
100090e0:	684c      	ldr	r4, [r1, #4]
100090e2:	f024 0403 	bic.w	r4, r4, #3
100090e6:	429c      	cmp	r4, r3
100090e8:	d8f7      	bhi.n	100090da <_free_r+0xee>
100090ea:	68c8      	ldr	r0, [r1, #12]
100090ec:	e9c2 1002 	strd	r1, r0, [r2, #8]
100090f0:	6082      	str	r2, [r0, #8]
100090f2:	4638      	mov	r0, r7
100090f4:	60ca      	str	r2, [r1, #12]
100090f6:	e8bd 40f8 	ldmia.w	sp!, {r3, r4, r5, r6, r7, lr}
100090fa:	f7ff bdf9 	b.w	10008cf0 <__malloc_unlock>
100090fe:	bb80      	cbnz	r0, 10009162 <_free_r+0x176>
10009100:	441e      	add	r6, r3
10009102:	e9d1 1302 	ldrd	r1, r3, [r1, #8]
10009106:	60cb      	str	r3, [r1, #12]
10009108:	6099      	str	r1, [r3, #8]
1000910a:	f046 0301 	orr.w	r3, r6, #1
1000910e:	6053      	str	r3, [r2, #4]
10009110:	5196      	str	r6, [r2, r6]
10009112:	e7b4      	b.n	1000907e <_free_r+0x92>
10009114:	441e      	add	r6, r3
10009116:	f1be 0f00 	cmp.w	lr, #0
1000911a:	d107      	bne.n	1000912c <_free_r+0x140>
1000911c:	f854 3c08 	ldr.w	r3, [r4, #-8]
10009120:	1ad2      	subs	r2, r2, r3
10009122:	441e      	add	r6, r3
10009124:	e9d2 1302 	ldrd	r1, r3, [r2, #8]
10009128:	60cb      	str	r3, [r1, #12]
1000912a:	6099      	str	r1, [r3, #8]
1000912c:	f046 0301 	orr.w	r3, r6, #1
10009130:	6053      	str	r3, [r2, #4]
10009132:	4b26      	ldr	r3, [pc, #152]	@ (100091cc <_free_r+0x1e0>)
10009134:	60aa      	str	r2, [r5, #8]
10009136:	681b      	ldr	r3, [r3, #0]
10009138:	42b3      	cmp	r3, r6
1000913a:	d8a0      	bhi.n	1000907e <_free_r+0x92>
1000913c:	4b24      	ldr	r3, [pc, #144]	@ (100091d0 <_free_r+0x1e4>)
1000913e:	4638      	mov	r0, r7
10009140:	6819      	ldr	r1, [r3, #0]
10009142:	f7ff fef7 	bl	10008f34 <_malloc_trim_r>
10009146:	e79a      	b.n	1000907e <_free_r+0x92>
10009148:	4433      	add	r3, r6
1000914a:	e7a1      	b.n	10009090 <_free_r+0xa4>
1000914c:	2914      	cmp	r1, #20
1000914e:	d90d      	bls.n	1000916c <_free_r+0x180>
10009150:	2954      	cmp	r1, #84	@ 0x54
10009152:	d81f      	bhi.n	10009194 <_free_r+0x1a8>
10009154:	0b19      	lsrs	r1, r3, #12
10009156:	f101 006f 	add.w	r0, r1, #111	@ 0x6f
1000915a:	f101 046e 	add.w	r4, r1, #110	@ 0x6e
1000915e:	00c1      	lsls	r1, r0, #3
10009160:	e7b5      	b.n	100090ce <_free_r+0xe2>
10009162:	f043 0001 	orr.w	r0, r3, #1
10009166:	6050      	str	r0, [r2, #4]
10009168:	600b      	str	r3, [r1, #0]
1000916a:	e788      	b.n	1000907e <_free_r+0x92>
1000916c:	f101 005c 	add.w	r0, r1, #92	@ 0x5c
10009170:	f101 045b 	add.w	r4, r1, #91	@ 0x5b
10009174:	00c1      	lsls	r1, r0, #3
10009176:	e7aa      	b.n	100090ce <_free_r+0xe2>
10009178:	e9c5 2204 	strd	r2, r2, [r5, #16]
1000917c:	e9c2 cc02 	strd	ip, ip, [r2, #8]
10009180:	6054      	str	r4, [r2, #4]
10009182:	50d3      	str	r3, [r2, r3]
10009184:	e77b      	b.n	1000907e <_free_r+0x92>
10009186:	10a4      	asrs	r4, r4, #2
10009188:	2301      	movs	r3, #1
1000918a:	40a3      	lsls	r3, r4
1000918c:	686c      	ldr	r4, [r5, #4]
1000918e:	4323      	orrs	r3, r4
10009190:	606b      	str	r3, [r5, #4]
10009192:	e7ab      	b.n	100090ec <_free_r+0x100>
10009194:	f5b1 7faa 	cmp.w	r1, #340	@ 0x154
10009198:	d806      	bhi.n	100091a8 <_free_r+0x1bc>
1000919a:	0bd9      	lsrs	r1, r3, #15
1000919c:	f101 0078 	add.w	r0, r1, #120	@ 0x78
100091a0:	f101 0477 	add.w	r4, r1, #119	@ 0x77
100091a4:	00c1      	lsls	r1, r0, #3
100091a6:	e792      	b.n	100090ce <_free_r+0xe2>
100091a8:	f240 5054 	movw	r0, #1364	@ 0x554
100091ac:	4281      	cmp	r1, r0
100091ae:	d806      	bhi.n	100091be <_free_r+0x1d2>
100091b0:	0c99      	lsrs	r1, r3, #18
100091b2:	f101 007d 	add.w	r0, r1, #125	@ 0x7d
100091b6:	f101 047c 	add.w	r4, r1, #124	@ 0x7c
100091ba:	00c1      	lsls	r1, r0, #3
100091bc:	e787      	b.n	100090ce <_free_r+0xe2>
100091be:	f44f 717e 	mov.w	r1, #1016	@ 0x3f8
100091c2:	247e      	movs	r4, #126	@ 0x7e
100091c4:	e783      	b.n	100090ce <_free_r+0xe2>
100091c6:	bf00      	nop
100091c8:	200015b8 	.word	0x200015b8
100091cc:	200015b4 	.word	0x200015b4
100091d0:	20001d24 	.word	0x20001d24

100091d4 <_fini>:
100091d4:	b5f8      	push	{r3, r4, r5, r6, r7, lr}
100091d6:	bf00      	nop

100091d8 <__mutex_enter_timeout_ms_veneer>:
100091d8:	f85f f000 	ldr.w	pc, [pc]	@ 100091dc <__mutex_enter_timeout_ms_veneer+0x4>
100091dc:	20000235 	.word	0x20000235

100091e0 <__hw_endpoint_start_next_buffer_veneer>:
100091e0:	f85f f000 	ldr.w	pc, [pc]	@ 100091e4 <__hw_endpoint_start_next_buffer_veneer+0x4>
100091e4:	20000b0d 	.word	0x20000b0d

100091e8 <____aeabi_f2d_veneer>:
100091e8:	f85f f000 	ldr.w	pc, [pc]	@ 100091ec <____aeabi_f2d_veneer+0x4>
100091ec:	20001099 	.word	0x20001099

100091f0 <____aeabi_uldivmod_veneer>:
100091f0:	f85f f000 	ldr.w	pc, [pc]	@ 100091f4 <____aeabi_uldivmod_veneer+0x4>
100091f4:	20001149 	.word	0x20001149

100091f8 <__mutex_exit_veneer>:
100091f8:	f85f f000 	ldr.w	pc, [pc]	@ 100091fc <__mutex_exit_veneer+0x4>
100091fc:	2000026d 	.word	0x2000026d

10009200 <___hw_endpoint_buffer_control_update32_veneer>:
10009200:	f85f f000 	ldr.w	pc, [pc]	@ 10009204 <___hw_endpoint_buffer_control_update32_veneer+0x4>
10009204:	20000ac9 	.word	0x20000ac9

10009208 <__mutex_try_enter_block_until_veneer>:
10009208:	f85f f000 	ldr.w	pc, [pc]	@ 1000920c <__mutex_try_enter_block_until_veneer+0x4>
1000920c:	200001cd 	.word	0x200001cd

10009210 <__e15_is_critical_frame_period_veneer>:
10009210:	f85f f000 	ldr.w	pc, [pc]	@ 10009214 <__e15_is_critical_frame_period_veneer+0x4>
10009214:	20000a95 	.word	0x20000a95

10009218 <__mutex_try_enter_veneer>:
10009218:	f85f f000 	ldr.w	pc, [pc]	@ 1000921c <__mutex_try_enter_veneer+0x4>
1000921c:	20000111 	.word	0x20000111

10009220 <__reset_non_control_endpoints_veneer>:
10009220:	f85f f000 	ldr.w	pc, [pc]	@ 10009224 <__reset_non_control_endpoints_veneer+0x4>
10009224:	200002a9 	.word	0x200002a9

10009228 <__e15_is_bulkin_ep_veneer>:
10009228:	f85f f000 	ldr.w	pc, [pc]	@ 1000922c <__e15_is_bulkin_ep_veneer+0x4>
1000922c:	20000a6d 	.word	0x20000a6d

10009230 <__pre_init_runtime_init_bootrom_reset>:
10009230:	10001c11                                ....

10009234 <__pre_init_runtime_init_early_resets>:
10009234:	10001b85                                ....

10009238 <__pre_init_runtime_init_usb_power_down>:
10009238:	10001bb9                                ....

1000923c <__pre_init_runtime_init_clocks>:
1000923c:	10001c5d                                ]...

10009240 <__pre_init_runtime_init_post_clock_resets>:
10009240:	10001bf1                                ....

10009244 <__pre_init_runtime_init_boot_locks_reset>:
10009244:	10001b09                                ....

10009248 <__pre_init_runtime_init_spin_locks_reset>:
10009248:	10001c39                                9...

1000924c <__pre_init_runtime_init_bootrom_locking_enable>:
1000924c:	10001af5                                ....

10009250 <__pre_init_runtime_init_mutex>:
10009250:	10000f19                                ....

10009254 <__pre_init_runtime_init_install_ram_vector_table>:
10009254:	10001c3d                                =...

10009258 <__pre_init_runtime_init_default_alarm_pool>:
10009258:	100012d9                                ....

1000925c <__pre_init_first_per_core_initializer>:
1000925c:	10001b55                                U...

10009260 <__pre_init_runtime_init_per_core_bootrom_reset>:
10009260:	10001c25                                %...

10009264 <__pre_init_runtime_init_per_core_enable_coprocessors>:
10009264:	10001bd5                                ....

10009268 <__pre_init_spinlock_set_extexclall>:
10009268:	10000901                                ....

1000926c <__pre_init_runtime_init_per_core_irq_priorities>:
1000926c:	10000929                                )...

10009270 <__frame_dummy_init_array_entry>:
10009270:	10000219 10004185 100082f1              .....A......

Disassembly of section .data:

20000110 <mutex_try_enter>:
20000110:	4603      	mov	r3, r0
20000112:	b500      	push	{lr}
20000114:	6802      	ldr	r2, [r0, #0]
20000116:	f3ef 8c10 	mrs	ip, PRIMASK
2000011a:	b672      	cpsid	i
2000011c:	e8d2 efcf 	ldaexb	lr, [r2]
20000120:	2001      	movs	r0, #1
20000122:	f1be 0f00 	cmp.w	lr, #0
20000126:	d1f9      	bne.n	2000011c <mutex_try_enter+0xc>
20000128:	e8c2 0f4e 	strexb	lr, r0, [r2]
2000012c:	f1be 0f00 	cmp.w	lr, #0
20000130:	d1f4      	bne.n	2000011c <mutex_try_enter+0xc>
20000132:	f3bf 8f5f 	dmb	sy
20000136:	f993 2004 	ldrsb.w	r2, [r3, #4]
2000013a:	2a00      	cmp	r2, #0
2000013c:	db0a      	blt.n	20000154 <mutex_try_enter+0x44>
2000013e:	b101      	cbz	r1, 20000142 <mutex_try_enter+0x32>
20000140:	600a      	str	r2, [r1, #0]
20000142:	2000      	movs	r0, #0
20000144:	2200      	movs	r2, #0
20000146:	681b      	ldr	r3, [r3, #0]
20000148:	e8c3 2f8f 	stlb	r2, [r3]
2000014c:	f38c 8810 	msr	PRIMASK, ip
20000150:	f85d fb04 	ldr.w	pc, [sp], #4
20000154:	f04f 4250 	mov.w	r2, #3489660928	@ 0xd0000000
20000158:	6812      	ldr	r2, [r2, #0]
2000015a:	2001      	movs	r0, #1
2000015c:	711a      	strb	r2, [r3, #4]
2000015e:	e7f1      	b.n	20000144 <mutex_try_enter+0x34>

20000160 <mutex_enter_block_until>:
20000160:	f04f 4150 	mov.w	r1, #3489660928	@ 0xd0000000
20000164:	e92d 41f0 	stmdb	sp!, {r4, r5, r6, r7, r8, lr}
20000168:	2700      	movs	r7, #0
2000016a:	4604      	mov	r4, r0
2000016c:	4616      	mov	r6, r2
2000016e:	461d      	mov	r5, r3
20000170:	f8d1 8000 	ldr.w	r8, [r1]
20000174:	e008      	b.n	20000188 <mutex_enter_block_until+0x28>
20000176:	e8c1 7f8f 	stlb	r7, [r1]
2000017a:	f38c 8810 	msr	PRIMASK, ip
2000017e:	4630      	mov	r0, r6
20000180:	4629      	mov	r1, r5
20000182:	f001 f9a1 	bl	200014c8 <__best_effort_wfe_or_timeout_veneer>
20000186:	b9e8      	cbnz	r0, 200001c4 <mutex_enter_block_until+0x64>
20000188:	6821      	ldr	r1, [r4, #0]
2000018a:	f3ef 8c10 	mrs	ip, PRIMASK
2000018e:	b672      	cpsid	i
20000190:	e8d1 2fcf 	ldaexb	r2, [r1]
20000194:	2301      	movs	r3, #1
20000196:	2a00      	cmp	r2, #0
20000198:	d1fa      	bne.n	20000190 <mutex_enter_block_until+0x30>
2000019a:	e8c1 3f42 	strexb	r2, r3, [r1]
2000019e:	2a00      	cmp	r2, #0
200001a0:	d1f6      	bne.n	20000190 <mutex_enter_block_until+0x30>
200001a2:	f3bf 8f5f 	dmb	sy
200001a6:	f994 3004 	ldrsb.w	r3, [r4, #4]
200001aa:	6821      	ldr	r1, [r4, #0]
200001ac:	2b00      	cmp	r3, #0
200001ae:	dae2      	bge.n	20000176 <mutex_enter_block_until+0x16>
200001b0:	2300      	movs	r3, #0
200001b2:	f884 8004 	strb.w	r8, [r4, #4]
200001b6:	e8c1 3f8f 	stlb	r3, [r1]
200001ba:	f38c 8810 	msr	PRIMASK, ip
200001be:	2001      	movs	r0, #1
200001c0:	e8bd 81f0 	ldmia.w	sp!, {r4, r5, r6, r7, r8, pc}
200001c4:	2000      	movs	r0, #0
200001c6:	e8bd 81f0 	ldmia.w	sp!, {r4, r5, r6, r7, r8, pc}
200001ca:	bf00      	nop

200001cc <mutex_try_enter_block_until>:
200001cc:	b530      	push	{r4, r5, lr}
200001ce:	6804      	ldr	r4, [r0, #0]
200001d0:	f3ef 8c10 	mrs	ip, PRIMASK
200001d4:	b672      	cpsid	i
200001d6:	e8d4 efcf 	ldaexb	lr, [r4]
200001da:	2501      	movs	r5, #1
200001dc:	f1be 0f00 	cmp.w	lr, #0
200001e0:	d1f9      	bne.n	200001d6 <mutex_try_enter_block_until+0xa>
200001e2:	e8c4 5f4e 	strexb	lr, r5, [r4]
200001e6:	f1be 0f00 	cmp.w	lr, #0
200001ea:	d1f4      	bne.n	200001d6 <mutex_try_enter_block_until+0xa>
200001ec:	f3bf 8f5f 	dmb	sy
200001f0:	f990 4004 	ldrsb.w	r4, [r0, #4]
200001f4:	6805      	ldr	r5, [r0, #0]
200001f6:	2c00      	cmp	r4, #0
200001f8:	db10      	blt.n	2000021c <mutex_try_enter_block_until+0x50>
200001fa:	2100      	movs	r1, #0
200001fc:	e8c5 1f8f 	stlb	r1, [r5]
20000200:	f38c 8810 	msr	PRIMASK, ip
20000204:	f04f 4550 	mov.w	r5, #3489660928	@ 0xd0000000
20000208:	f995 5000 	ldrsb.w	r5, [r5]
2000020c:	42a5      	cmp	r5, r4
2000020e:	d101      	bne.n	20000214 <mutex_try_enter_block_until+0x48>
20000210:	4608      	mov	r0, r1
20000212:	bd30      	pop	{r4, r5, pc}
20000214:	e8bd 4030 	ldmia.w	sp!, {r4, r5, lr}
20000218:	f7ff bfa2 	b.w	20000160 <mutex_enter_block_until>
2000021c:	f04f 4250 	mov.w	r2, #3489660928	@ 0xd0000000
20000220:	6812      	ldr	r2, [r2, #0]
20000222:	2300      	movs	r3, #0
20000224:	7102      	strb	r2, [r0, #4]
20000226:	e8c5 3f8f 	stlb	r3, [r5]
2000022a:	f38c 8810 	msr	PRIMASK, ip
2000022e:	2001      	movs	r0, #1
20000230:	bd30      	pop	{r4, r5, pc}
20000232:	bf00      	nop

20000234 <mutex_enter_timeout_ms>:
20000234:	b570      	push	{r4, r5, r6, lr}
20000236:	4605      	mov	r5, r0
20000238:	460c      	mov	r4, r1
2000023a:	f001 f949 	bl	200014d0 <__time_us_64_veneer>
2000023e:	4602      	mov	r2, r0
20000240:	460b      	mov	r3, r1
20000242:	f44f 707a 	mov.w	r0, #1000	@ 0x3e8
20000246:	f04f 3eff 	mov.w	lr, #4294967295
2000024a:	f06f 4c00 	mvn.w	ip, #2147483648	@ 0x80000000
2000024e:	fbe4 2300 	umlal	r2, r3, r4, r0
20000252:	4596      	cmp	lr, r2
20000254:	eb7c 0103 	sbcs.w	r1, ip, r3
20000258:	bf38      	it	cc
2000025a:	4672      	movcc	r2, lr
2000025c:	4628      	mov	r0, r5
2000025e:	e8bd 4070 	ldmia.w	sp!, {r4, r5, r6, lr}
20000262:	bf38      	it	cc
20000264:	4663      	movcc	r3, ip
20000266:	f7ff bf7b 	b.w	20000160 <mutex_enter_block_until>
2000026a:	bf00      	nop

2000026c <mutex_exit>:
2000026c:	6803      	ldr	r3, [r0, #0]
2000026e:	f3ef 8210 	mrs	r2, PRIMASK
20000272:	b672      	cpsid	i
20000274:	e8d3 cfcf 	ldaexb	ip, [r3]
20000278:	2101      	movs	r1, #1
2000027a:	f1bc 0f00 	cmp.w	ip, #0
2000027e:	d1f9      	bne.n	20000274 <mutex_exit+0x8>
20000280:	e8c3 1f4c 	strexb	ip, r1, [r3]
20000284:	f1bc 0f00 	cmp.w	ip, #0
20000288:	d1f4      	bne.n	20000274 <mutex_exit+0x8>
2000028a:	f3bf 8f5f 	dmb	sy
2000028e:	f04f 0cff 	mov.w	ip, #255	@ 0xff
20000292:	2300      	movs	r3, #0
20000294:	6801      	ldr	r1, [r0, #0]
20000296:	f880 c004 	strb.w	ip, [r0, #4]
2000029a:	e8c1 3f8f 	stlb	r3, [r1]
2000029e:	f382 8810 	msr	PRIMASK, r2
200002a2:	bf40      	sev
200002a4:	4770      	bx	lr
200002a6:	bf00      	nop

200002a8 <reset_non_control_endpoints>:
200002a8:	2100      	movs	r1, #0
200002aa:	b508      	push	{r3, lr}
200002ac:	4b13      	ldr	r3, [pc, #76]	@ (200002fc <reset_non_control_endpoints+0x54>)
200002ae:	f44f 7270 	mov.w	r2, #960	@ 0x3c0
200002b2:	6099      	str	r1, [r3, #8]
200002b4:	4812      	ldr	r0, [pc, #72]	@ (20000300 <reset_non_control_endpoints+0x58>)
200002b6:	60d9      	str	r1, [r3, #12]
200002b8:	6119      	str	r1, [r3, #16]
200002ba:	6159      	str	r1, [r3, #20]
200002bc:	6199      	str	r1, [r3, #24]
200002be:	61d9      	str	r1, [r3, #28]
200002c0:	6219      	str	r1, [r3, #32]
200002c2:	6259      	str	r1, [r3, #36]	@ 0x24
200002c4:	6299      	str	r1, [r3, #40]	@ 0x28
200002c6:	62d9      	str	r1, [r3, #44]	@ 0x2c
200002c8:	6319      	str	r1, [r3, #48]	@ 0x30
200002ca:	6359      	str	r1, [r3, #52]	@ 0x34
200002cc:	6399      	str	r1, [r3, #56]	@ 0x38
200002ce:	63d9      	str	r1, [r3, #60]	@ 0x3c
200002d0:	6419      	str	r1, [r3, #64]	@ 0x40
200002d2:	6459      	str	r1, [r3, #68]	@ 0x44
200002d4:	6499      	str	r1, [r3, #72]	@ 0x48
200002d6:	64d9      	str	r1, [r3, #76]	@ 0x4c
200002d8:	6519      	str	r1, [r3, #80]	@ 0x50
200002da:	6559      	str	r1, [r3, #84]	@ 0x54
200002dc:	6599      	str	r1, [r3, #88]	@ 0x58
200002de:	65d9      	str	r1, [r3, #92]	@ 0x5c
200002e0:	6619      	str	r1, [r3, #96]	@ 0x60
200002e2:	6659      	str	r1, [r3, #100]	@ 0x64
200002e4:	6699      	str	r1, [r3, #104]	@ 0x68
200002e6:	66d9      	str	r1, [r3, #108]	@ 0x6c
200002e8:	6719      	str	r1, [r3, #112]	@ 0x70
200002ea:	6759      	str	r1, [r3, #116]	@ 0x74
200002ec:	6799      	str	r1, [r3, #120]	@ 0x78
200002ee:	67d9      	str	r1, [r3, #124]	@ 0x7c
200002f0:	f001 f8f2 	bl	200014d8 <__memset_veneer>
200002f4:	4b03      	ldr	r3, [pc, #12]	@ (20000304 <reset_non_control_endpoints+0x5c>)
200002f6:	4a04      	ldr	r2, [pc, #16]	@ (20000308 <reset_non_control_endpoints+0x60>)
200002f8:	601a      	str	r2, [r3, #0]
200002fa:	bd08      	pop	{r3, pc}
200002fc:	50100000 	.word	0x50100000
20000300:	200024d4 	.word	0x200024d4
20000304:	200028a0 	.word	0x200028a0
20000308:	50100180 	.word	0x50100180

2000030c <hw_handle_buff_status>:
2000030c:	e92d 4ff0 	stmdb	sp!, {r4, r5, r6, r7, r8, r9, sl, fp, lr}
20000310:	4b1f      	ldr	r3, [pc, #124]	@ (20000390 <hw_handle_buff_status+0x84>)
20000312:	b085      	sub	sp, #20
20000314:	f8d3 a058 	ldr.w	sl, [r3, #88]	@ 0x58
20000318:	f1ba 0f00 	cmp.w	sl, #0
2000031c:	d022      	beq.n	20000364 <hw_handle_buff_status+0x58>
2000031e:	2400      	movs	r4, #0
20000320:	2501      	movs	r5, #1
20000322:	f44f 69e0 	mov.w	r9, #1792	@ 0x700
20000326:	f8df 8070 	ldr.w	r8, [pc, #112]	@ 20000398 <hw_handle_buff_status+0x8c>
2000032a:	4f1a      	ldr	r7, [pc, #104]	@ (20000394 <hw_handle_buff_status+0x88>)
2000032c:	e001      	b.n	20000332 <hw_handle_buff_status+0x26>
2000032e:	2c20      	cmp	r4, #32
20000330:	d018      	beq.n	20000364 <hw_handle_buff_status+0x58>
20000332:	ea0a 0205 	and.w	r2, sl, r5
20000336:	1c61      	adds	r1, r4, #1
20000338:	4623      	mov	r3, r4
2000033a:	46ab      	mov	fp, r5
2000033c:	b2cc      	uxtb	r4, r1
2000033e:	006d      	lsls	r5, r5, #1
20000340:	2a00      	cmp	r2, #0
20000342:	d0f4      	beq.n	2000032e <hw_handle_buff_status+0x22>
20000344:	f004 0201 	and.w	r2, r4, #1
20000348:	f003 06fe 	and.w	r6, r3, #254	@ 0xfe
2000034c:	4416      	add	r6, r2
2000034e:	eb07 1646 	add.w	r6, r7, r6, lsl #5
20000352:	4630      	mov	r0, r6
20000354:	f8c8 b058 	str.w	fp, [r8, #88]	@ 0x58
20000358:	f000 fc0a 	bl	20000b70 <hw_endpoint_xfer_continue>
2000035c:	b928      	cbnz	r0, 2000036a <hw_handle_buff_status+0x5e>
2000035e:	ea3a 0a0b 	bics.w	sl, sl, fp
20000362:	d1e4      	bne.n	2000032e <hw_handle_buff_status+0x22>
20000364:	b005      	add	sp, #20
20000366:	e8bd 8ff0 	ldmia.w	sp!, {r4, r5, r6, r7, r8, r9, sl, fp, pc}
2000036a:	2300      	movs	r3, #0
2000036c:	f88d 3009 	strb.w	r3, [sp, #9]
20000370:	78b3      	ldrb	r3, [r6, #2]
20000372:	a801      	add	r0, sp, #4
20000374:	f88d 3008 	strb.w	r3, [sp, #8]
20000378:	8af3      	ldrh	r3, [r6, #22]
2000037a:	2101      	movs	r1, #1
2000037c:	f8ad 9004 	strh.w	r9, [sp, #4]
20000380:	9303      	str	r3, [sp, #12]
20000382:	f000 fc13 	bl	20000bac <dcd_event_handler>
20000386:	4630      	mov	r0, r6
20000388:	f000 fb98 	bl	20000abc <hw_endpoint_reset_transfer>
2000038c:	e7e7      	b.n	2000035e <hw_handle_buff_status+0x52>
2000038e:	bf00      	nop
20000390:	50110000 	.word	0x50110000
20000394:	20002494 	.word	0x20002494
20000398:	50113000 	.word	0x50113000

2000039c <dcd_rp2040_irq>:
2000039c:	b5f0      	push	{r4, r5, r6, r7, lr}
2000039e:	4bbb      	ldr	r3, [pc, #748]	@ (2000068c <dcd_rp2040_irq+0x2f0>)
200003a0:	b085      	sub	sp, #20
200003a2:	f8d3 5098 	ldr.w	r5, [r3, #152]	@ 0x98
200003a6:	f415 3600 	ands.w	r6, r5, #131072	@ 0x20000
200003aa:	d074      	beq.n	20000496 <dcd_rp2040_irq+0xfa>
200003ac:	4bb8      	ldr	r3, [pc, #736]	@ (20000690 <dcd_rp2040_irq+0x2f4>)
200003ae:	4cb9      	ldr	r4, [pc, #740]	@ (20000694 <dcd_rp2040_irq+0x2f8>)
200003b0:	6a99      	ldr	r1, [r3, #40]	@ 0x28
200003b2:	f894 303b 	ldrb.w	r3, [r4, #59]	@ 0x3b
200003b6:	4ab8      	ldr	r2, [pc, #736]	@ (20000698 <dcd_rp2040_irq+0x2fc>)
200003b8:	2b02      	cmp	r3, #2
200003ba:	6011      	str	r1, [r2, #0]
200003bc:	f000 80d4 	beq.w	20000568 <dcd_rp2040_irq+0x1cc>
200003c0:	2600      	movs	r6, #0
200003c2:	f894 307b 	ldrb.w	r3, [r4, #123]	@ 0x7b
200003c6:	2b02      	cmp	r3, #2
200003c8:	f000 813b 	beq.w	20000642 <dcd_rp2040_irq+0x2a6>
200003cc:	f894 30bb 	ldrb.w	r3, [r4, #187]	@ 0xbb
200003d0:	2b02      	cmp	r3, #2
200003d2:	f000 817d 	beq.w	200006d0 <dcd_rp2040_irq+0x334>
200003d6:	f894 30fb 	ldrb.w	r3, [r4, #251]	@ 0xfb
200003da:	2b02      	cmp	r3, #2
200003dc:	f000 816c 	beq.w	200006b8 <dcd_rp2040_irq+0x31c>
200003e0:	f894 313b 	ldrb.w	r3, [r4, #315]	@ 0x13b
200003e4:	2b02      	cmp	r3, #2
200003e6:	f000 8144 	beq.w	20000672 <dcd_rp2040_irq+0x2d6>
200003ea:	f894 317b 	ldrb.w	r3, [r4, #379]	@ 0x17b
200003ee:	2b02      	cmp	r3, #2
200003f0:	f000 8133 	beq.w	2000065a <dcd_rp2040_irq+0x2be>
200003f4:	f894 31bb 	ldrb.w	r3, [r4, #443]	@ 0x1bb
200003f8:	2b02      	cmp	r3, #2
200003fa:	f000 81b6 	beq.w	2000076a <dcd_rp2040_irq+0x3ce>
200003fe:	f894 31fb 	ldrb.w	r3, [r4, #507]	@ 0x1fb
20000402:	2b02      	cmp	r3, #2
20000404:	f000 81a6 	beq.w	20000754 <dcd_rp2040_irq+0x3b8>
20000408:	f894 323b 	ldrb.w	r3, [r4, #571]	@ 0x23b
2000040c:	2b02      	cmp	r3, #2
2000040e:	f000 8196 	beq.w	2000073e <dcd_rp2040_irq+0x3a2>
20000412:	f894 327b 	ldrb.w	r3, [r4, #635]	@ 0x27b
20000416:	2b02      	cmp	r3, #2
20000418:	f000 8186 	beq.w	20000728 <dcd_rp2040_irq+0x38c>
2000041c:	f894 32bb 	ldrb.w	r3, [r4, #699]	@ 0x2bb
20000420:	2b02      	cmp	r3, #2
20000422:	f000 8176 	beq.w	20000712 <dcd_rp2040_irq+0x376>
20000426:	f894 32fb 	ldrb.w	r3, [r4, #763]	@ 0x2fb
2000042a:	2b02      	cmp	r3, #2
2000042c:	f000 8166 	beq.w	200006fc <dcd_rp2040_irq+0x360>
20000430:	f894 333b 	ldrb.w	r3, [r4, #827]	@ 0x33b
20000434:	2b02      	cmp	r3, #2
20000436:	f000 8156 	beq.w	200006e6 <dcd_rp2040_irq+0x34a>
2000043a:	f894 337b 	ldrb.w	r3, [r4, #891]	@ 0x37b
2000043e:	2b02      	cmp	r3, #2
20000440:	f000 80a4 	beq.w	2000058c <dcd_rp2040_irq+0x1f0>
20000444:	f894 33bb 	ldrb.w	r3, [r4, #955]	@ 0x3bb
20000448:	2b02      	cmp	r3, #2
2000044a:	f000 8199 	beq.w	20000780 <dcd_rp2040_irq+0x3e4>
2000044e:	f894 33fb 	ldrb.w	r3, [r4, #1019]	@ 0x3fb
20000452:	2b02      	cmp	r3, #2
20000454:	f000 80b4 	beq.w	200005c0 <dcd_rp2040_irq+0x224>
20000458:	b93e      	cbnz	r6, 2000046a <dcd_rp2040_irq+0xce>
2000045a:	4b90      	ldr	r3, [pc, #576]	@ (2000069c <dcd_rp2040_irq+0x300>)
2000045c:	781b      	ldrb	r3, [r3, #0]
2000045e:	b923      	cbnz	r3, 2000046a <dcd_rp2040_irq+0xce>
20000460:	f44f 3200 	mov.w	r2, #131072	@ 0x20000
20000464:	4b8e      	ldr	r3, [pc, #568]	@ (200006a0 <dcd_rp2040_irq+0x304>)
20000466:	f8c3 2090 	str.w	r2, [r3, #144]	@ 0x90
2000046a:	f44f 7240 	mov.w	r2, #768	@ 0x300
2000046e:	4b87      	ldr	r3, [pc, #540]	@ (2000068c <dcd_rp2040_irq+0x2f0>)
20000470:	2101      	movs	r1, #1
20000472:	6c9b      	ldr	r3, [r3, #72]	@ 0x48
20000474:	a801      	add	r0, sp, #4
20000476:	f3c3 030a 	ubfx	r3, r3, #0, #11
2000047a:	f8ad 2004 	strh.w	r2, [sp, #4]
2000047e:	9302      	str	r3, [sp, #8]
20000480:	f000 fb94 	bl	20000bac <dcd_event_handler>
20000484:	06ea      	lsls	r2, r5, #27
20000486:	f44f 3600 	mov.w	r6, #131072	@ 0x20000
2000048a:	4c86      	ldr	r4, [pc, #536]	@ (200006a4 <dcd_rp2040_irq+0x308>)
2000048c:	d507      	bpl.n	2000049e <dcd_rp2040_irq+0x102>
2000048e:	f7ff ff3d 	bl	2000030c <hw_handle_buff_status>
20000492:	4626      	mov	r6, r4
20000494:	e003      	b.n	2000049e <dcd_rp2040_irq+0x102>
20000496:	06ea      	lsls	r2, r5, #27
20000498:	f04f 0410 	mov.w	r4, #16
2000049c:	d4f7      	bmi.n	2000048e <dcd_rp2040_irq+0xf2>
2000049e:	03eb      	lsls	r3, r5, #15
200004a0:	d522      	bpl.n	200004e8 <dcd_rp2040_irq+0x14c>
200004a2:	4c7c      	ldr	r4, [pc, #496]	@ (20000694 <dcd_rp2040_irq+0x2f8>)
200004a4:	f446 3680 	orr.w	r6, r6, #65536	@ 0x10000
200004a8:	7ea3      	ldrb	r3, [r4, #26]
200004aa:	2b00      	cmp	r3, #0
200004ac:	f040 8099 	bne.w	200005e2 <dcd_rp2040_irq+0x246>
200004b0:	2301      	movs	r3, #1
200004b2:	f894 203a 	ldrb.w	r2, [r4, #58]	@ 0x3a
200004b6:	70e3      	strb	r3, [r4, #3]
200004b8:	2a00      	cmp	r2, #0
200004ba:	f040 80ad 	bne.w	20000618 <dcd_rp2040_irq+0x27c>
200004be:	2301      	movs	r3, #1
200004c0:	f44f 61c0 	mov.w	r1, #1536	@ 0x600
200004c4:	4a78      	ldr	r2, [pc, #480]	@ (200006a8 <dcd_rp2040_irq+0x30c>)
200004c6:	f884 3023 	strb.w	r3, [r4, #35]	@ 0x23
200004ca:	f8ad 1004 	strh.w	r1, [sp, #4]
200004ce:	e892 0003 	ldmia.w	r2, {r0, r1}
200004d2:	aa04      	add	r2, sp, #16
200004d4:	e902 0003 	stmdb	r2, {r0, r1}
200004d8:	4619      	mov	r1, r3
200004da:	a801      	add	r0, sp, #4
200004dc:	f000 fb66 	bl	20000bac <dcd_event_handler>
200004e0:	f44f 3200 	mov.w	r2, #131072	@ 0x20000
200004e4:	4b6e      	ldr	r3, [pc, #440]	@ (200006a0 <dcd_rp2040_irq+0x304>)
200004e6:	651a      	str	r2, [r3, #80]	@ 0x50
200004e8:	04e9      	lsls	r1, r5, #19
200004ea:	d408      	bmi.n	200004fe <dcd_rp2040_irq+0x162>
200004ec:	046a      	lsls	r2, r5, #17
200004ee:	d41d      	bmi.n	2000052c <dcd_rp2040_irq+0x190>
200004f0:	042b      	lsls	r3, r5, #16
200004f2:	d42a      	bmi.n	2000054a <dcd_rp2040_irq+0x1ae>
200004f4:	42ae      	cmp	r6, r5
200004f6:	f040 81c5 	bne.w	20000884 <dcd_rp2040_irq+0x4e8>
200004fa:	b005      	add	sp, #20
200004fc:	bdf0      	pop	{r4, r5, r6, r7, pc}
200004fe:	2400      	movs	r4, #0
20000500:	4b62      	ldr	r3, [pc, #392]	@ (2000068c <dcd_rp2040_irq+0x2f0>)
20000502:	f446 5680 	orr.w	r6, r6, #4096	@ 0x1000
20000506:	601c      	str	r4, [r3, #0]
20000508:	f7ff fece 	bl	200002a8 <reset_non_control_endpoints>
2000050c:	f44f 7380 	mov.w	r3, #256	@ 0x100
20000510:	2101      	movs	r1, #1
20000512:	a801      	add	r0, sp, #4
20000514:	f8ad 3004 	strh.w	r3, [sp, #4]
20000518:	f88d 4008 	strb.w	r4, [sp, #8]
2000051c:	f000 fb46 	bl	20000bac <dcd_event_handler>
20000520:	f44f 2200 	mov.w	r2, #524288	@ 0x80000
20000524:	4b5e      	ldr	r3, [pc, #376]	@ (200006a0 <dcd_rp2040_irq+0x304>)
20000526:	651a      	str	r2, [r3, #80]	@ 0x50
20000528:	046a      	lsls	r2, r5, #17
2000052a:	d5e1      	bpl.n	200004f0 <dcd_rp2040_irq+0x154>
2000052c:	f44f 6380 	mov.w	r3, #1024	@ 0x400
20000530:	2101      	movs	r1, #1
20000532:	a801      	add	r0, sp, #4
20000534:	f8ad 3004 	strh.w	r3, [sp, #4]
20000538:	f000 fb38 	bl	20000bac <dcd_event_handler>
2000053c:	2210      	movs	r2, #16
2000053e:	4b58      	ldr	r3, [pc, #352]	@ (200006a0 <dcd_rp2040_irq+0x304>)
20000540:	f446 4680 	orr.w	r6, r6, #16384	@ 0x4000
20000544:	651a      	str	r2, [r3, #80]	@ 0x50
20000546:	042b      	lsls	r3, r5, #16
20000548:	d5d4      	bpl.n	200004f4 <dcd_rp2040_irq+0x158>
2000054a:	f44f 63a0 	mov.w	r3, #1280	@ 0x500
2000054e:	2101      	movs	r1, #1
20000550:	a801      	add	r0, sp, #4
20000552:	f8ad 3004 	strh.w	r3, [sp, #4]
20000556:	f000 fb29 	bl	20000bac <dcd_event_handler>
2000055a:	f44f 6200 	mov.w	r2, #2048	@ 0x800
2000055e:	4b50      	ldr	r3, [pc, #320]	@ (200006a0 <dcd_rp2040_irq+0x304>)
20000560:	f446 4600 	orr.w	r6, r6, #32768	@ 0x8000
20000564:	651a      	str	r2, [r3, #80]	@ 0x50
20000566:	e7c5      	b.n	200004f4 <dcd_rp2040_irq+0x158>
20000568:	f894 603a 	ldrb.w	r6, [r4, #58]	@ 0x3a
2000056c:	2e00      	cmp	r6, #0
2000056e:	f43f af28 	beq.w	200003c2 <dcd_rp2040_irq+0x26>
20000572:	f894 303c 	ldrb.w	r3, [r4, #60]	@ 0x3c
20000576:	2b00      	cmp	r3, #0
20000578:	f43f af23 	beq.w	200003c2 <dcd_rp2040_irq+0x26>
2000057c:	2300      	movs	r3, #0
2000057e:	f104 0020 	add.w	r0, r4, #32
20000582:	f884 303c 	strb.w	r3, [r4, #60]	@ 0x3c
20000586:	f000 fac1 	bl	20000b0c <hw_endpoint_start_next_buffer>
2000058a:	e71a      	b.n	200003c2 <dcd_rp2040_irq+0x26>
2000058c:	f894 737a 	ldrb.w	r7, [r4, #890]	@ 0x37a
20000590:	2f00      	cmp	r7, #0
20000592:	f43f af57 	beq.w	20000444 <dcd_rp2040_irq+0xa8>
20000596:	f894 337c 	ldrb.w	r3, [r4, #892]	@ 0x37c
2000059a:	2b00      	cmp	r3, #0
2000059c:	f040 8164 	bne.w	20000868 <dcd_rp2040_irq+0x4cc>
200005a0:	f894 33bb 	ldrb.w	r3, [r4, #955]	@ 0x3bb
200005a4:	2b02      	cmp	r3, #2
200005a6:	f040 80f4 	bne.w	20000792 <dcd_rp2040_irq+0x3f6>
200005aa:	f894 33ba 	ldrb.w	r3, [r4, #954]	@ 0x3ba
200005ae:	2b00      	cmp	r3, #0
200005b0:	f040 80eb 	bne.w	2000078a <dcd_rp2040_irq+0x3ee>
200005b4:	f894 33fb 	ldrb.w	r3, [r4, #1019]	@ 0x3fb
200005b8:	2b02      	cmp	r3, #2
200005ba:	f47f af56 	bne.w	2000046a <dcd_rp2040_irq+0xce>
200005be:	463e      	mov	r6, r7
200005c0:	f894 33fa 	ldrb.w	r3, [r4, #1018]	@ 0x3fa
200005c4:	2b00      	cmp	r3, #0
200005c6:	f43f af47 	beq.w	20000458 <dcd_rp2040_irq+0xbc>
200005ca:	f894 33fc 	ldrb.w	r3, [r4, #1020]	@ 0x3fc
200005ce:	2b00      	cmp	r3, #0
200005d0:	f43f af4b 	beq.w	2000046a <dcd_rp2040_irq+0xce>
200005d4:	2300      	movs	r3, #0
200005d6:	4835      	ldr	r0, [pc, #212]	@ (200006ac <dcd_rp2040_irq+0x310>)
200005d8:	f884 33fc 	strb.w	r3, [r4, #1020]	@ 0x3fc
200005dc:	f000 fa96 	bl	20000b0c <hw_endpoint_start_next_buffer>
200005e0:	e743      	b.n	2000046a <dcd_rp2040_irq+0xce>
200005e2:	2102      	movs	r1, #2
200005e4:	4b32      	ldr	r3, [pc, #200]	@ (200006b0 <dcd_rp2040_irq+0x314>)
200005e6:	4a29      	ldr	r2, [pc, #164]	@ (2000068c <dcd_rp2040_irq+0x2f0>)
200005e8:	6619      	str	r1, [r3, #96]	@ 0x60
200005ea:	6e53      	ldr	r3, [r2, #100]	@ 0x64
200005ec:	079f      	lsls	r7, r3, #30
200005ee:	d5fc      	bpl.n	200005ea <dcd_rp2040_irq+0x24e>
200005f0:	f44f 5240 	mov.w	r2, #12288	@ 0x3000
200005f4:	2100      	movs	r1, #0
200005f6:	4827      	ldr	r0, [pc, #156]	@ (20000694 <dcd_rp2040_irq+0x2f8>)
200005f8:	f000 fa66 	bl	20000ac8 <_hw_endpoint_buffer_control_update32>
200005fc:	4825      	ldr	r0, [pc, #148]	@ (20000694 <dcd_rp2040_irq+0x2f8>)
200005fe:	f000 fa5d 	bl	20000abc <hw_endpoint_reset_transfer>
20000602:	2202      	movs	r2, #2
20000604:	4b26      	ldr	r3, [pc, #152]	@ (200006a0 <dcd_rp2040_irq+0x304>)
20000606:	665a      	str	r2, [r3, #100]	@ 0x64
20000608:	661a      	str	r2, [r3, #96]	@ 0x60
2000060a:	2301      	movs	r3, #1
2000060c:	f894 203a 	ldrb.w	r2, [r4, #58]	@ 0x3a
20000610:	70e3      	strb	r3, [r4, #3]
20000612:	2a00      	cmp	r2, #0
20000614:	f43f af53 	beq.w	200004be <dcd_rp2040_irq+0x122>
20000618:	4a25      	ldr	r2, [pc, #148]	@ (200006b0 <dcd_rp2040_irq+0x314>)
2000061a:	6613      	str	r3, [r2, #96]	@ 0x60
2000061c:	f5a2 5200 	sub.w	r2, r2, #8192	@ 0x2000
20000620:	6e53      	ldr	r3, [r2, #100]	@ 0x64
20000622:	07d8      	lsls	r0, r3, #31
20000624:	d5fc      	bpl.n	20000620 <dcd_rp2040_irq+0x284>
20000626:	f44f 5240 	mov.w	r2, #12288	@ 0x3000
2000062a:	2100      	movs	r1, #0
2000062c:	4821      	ldr	r0, [pc, #132]	@ (200006b4 <dcd_rp2040_irq+0x318>)
2000062e:	f000 fa4b 	bl	20000ac8 <_hw_endpoint_buffer_control_update32>
20000632:	4820      	ldr	r0, [pc, #128]	@ (200006b4 <dcd_rp2040_irq+0x318>)
20000634:	f000 fa42 	bl	20000abc <hw_endpoint_reset_transfer>
20000638:	2201      	movs	r2, #1
2000063a:	4b19      	ldr	r3, [pc, #100]	@ (200006a0 <dcd_rp2040_irq+0x304>)
2000063c:	665a      	str	r2, [r3, #100]	@ 0x64
2000063e:	661a      	str	r2, [r3, #96]	@ 0x60
20000640:	e73d      	b.n	200004be <dcd_rp2040_irq+0x122>
20000642:	f894 707a 	ldrb.w	r7, [r4, #122]	@ 0x7a
20000646:	2f00      	cmp	r7, #0
20000648:	f43f aec0 	beq.w	200003cc <dcd_rp2040_irq+0x30>
2000064c:	f894 307c 	ldrb.w	r3, [r4, #124]	@ 0x7c
20000650:	2b00      	cmp	r3, #0
20000652:	f040 8101 	bne.w	20000858 <dcd_rp2040_irq+0x4bc>
20000656:	463e      	mov	r6, r7
20000658:	e6b8      	b.n	200003cc <dcd_rp2040_irq+0x30>
2000065a:	f894 717a 	ldrb.w	r7, [r4, #378]	@ 0x17a
2000065e:	2f00      	cmp	r7, #0
20000660:	f43f aec8 	beq.w	200003f4 <dcd_rp2040_irq+0x58>
20000664:	f894 317c 	ldrb.w	r3, [r4, #380]	@ 0x17c
20000668:	2b00      	cmp	r3, #0
2000066a:	f040 80ed 	bne.w	20000848 <dcd_rp2040_irq+0x4ac>
2000066e:	463e      	mov	r6, r7
20000670:	e6c0      	b.n	200003f4 <dcd_rp2040_irq+0x58>
20000672:	f894 713a 	ldrb.w	r7, [r4, #314]	@ 0x13a
20000676:	2f00      	cmp	r7, #0
20000678:	f43f aeb7 	beq.w	200003ea <dcd_rp2040_irq+0x4e>
2000067c:	f894 313c 	ldrb.w	r3, [r4, #316]	@ 0x13c
20000680:	2b00      	cmp	r3, #0
20000682:	f040 80d9 	bne.w	20000838 <dcd_rp2040_irq+0x49c>
20000686:	463e      	mov	r6, r7
20000688:	e6af      	b.n	200003ea <dcd_rp2040_irq+0x4e>
2000068a:	bf00      	nop
2000068c:	50110000 	.word	0x50110000
20000690:	400b0000 	.word	0x400b0000
20000694:	20002494 	.word	0x20002494
20000698:	20002484 	.word	0x20002484
2000069c:	20002aa5 	.word	0x20002aa5
200006a0:	50113000 	.word	0x50113000
200006a4:	00020010 	.word	0x00020010
200006a8:	50100000 	.word	0x50100000
200006ac:	20002874 	.word	0x20002874
200006b0:	50112000 	.word	0x50112000
200006b4:	200024b4 	.word	0x200024b4
200006b8:	f894 70fa 	ldrb.w	r7, [r4, #250]	@ 0xfa
200006bc:	2f00      	cmp	r7, #0
200006be:	f43f ae8f 	beq.w	200003e0 <dcd_rp2040_irq+0x44>
200006c2:	f894 30fc 	ldrb.w	r3, [r4, #252]	@ 0xfc
200006c6:	2b00      	cmp	r3, #0
200006c8:	f040 808e 	bne.w	200007e8 <dcd_rp2040_irq+0x44c>
200006cc:	463e      	mov	r6, r7
200006ce:	e687      	b.n	200003e0 <dcd_rp2040_irq+0x44>
200006d0:	f894 70ba 	ldrb.w	r7, [r4, #186]	@ 0xba
200006d4:	2f00      	cmp	r7, #0
200006d6:	f43f ae7e 	beq.w	200003d6 <dcd_rp2040_irq+0x3a>
200006da:	f894 30bc 	ldrb.w	r3, [r4, #188]	@ 0xbc
200006de:	2b00      	cmp	r3, #0
200006e0:	d17a      	bne.n	200007d8 <dcd_rp2040_irq+0x43c>
200006e2:	463e      	mov	r6, r7
200006e4:	e677      	b.n	200003d6 <dcd_rp2040_irq+0x3a>
200006e6:	f894 733a 	ldrb.w	r7, [r4, #826]	@ 0x33a
200006ea:	2f00      	cmp	r7, #0
200006ec:	f43f aea5 	beq.w	2000043a <dcd_rp2040_irq+0x9e>
200006f0:	f894 333c 	ldrb.w	r3, [r4, #828]	@ 0x33c
200006f4:	2b00      	cmp	r3, #0
200006f6:	d157      	bne.n	200007a8 <dcd_rp2040_irq+0x40c>
200006f8:	463e      	mov	r6, r7
200006fa:	e69e      	b.n	2000043a <dcd_rp2040_irq+0x9e>
200006fc:	f894 72fa 	ldrb.w	r7, [r4, #762]	@ 0x2fa
20000700:	2f00      	cmp	r7, #0
20000702:	f43f ae95 	beq.w	20000430 <dcd_rp2040_irq+0x94>
20000706:	f894 32fc 	ldrb.w	r3, [r4, #764]	@ 0x2fc
2000070a:	2b00      	cmp	r3, #0
2000070c:	d15c      	bne.n	200007c8 <dcd_rp2040_irq+0x42c>
2000070e:	463e      	mov	r6, r7
20000710:	e68e      	b.n	20000430 <dcd_rp2040_irq+0x94>
20000712:	f894 72ba 	ldrb.w	r7, [r4, #698]	@ 0x2ba
20000716:	2f00      	cmp	r7, #0
20000718:	f43f ae85 	beq.w	20000426 <dcd_rp2040_irq+0x8a>
2000071c:	f894 32bc 	ldrb.w	r3, [r4, #700]	@ 0x2bc
20000720:	2b00      	cmp	r3, #0
20000722:	d149      	bne.n	200007b8 <dcd_rp2040_irq+0x41c>
20000724:	463e      	mov	r6, r7
20000726:	e67e      	b.n	20000426 <dcd_rp2040_irq+0x8a>
20000728:	f894 727a 	ldrb.w	r7, [r4, #634]	@ 0x27a
2000072c:	2f00      	cmp	r7, #0
2000072e:	f43f ae75 	beq.w	2000041c <dcd_rp2040_irq+0x80>
20000732:	f894 327c 	ldrb.w	r3, [r4, #636]	@ 0x27c
20000736:	2b00      	cmp	r3, #0
20000738:	d176      	bne.n	20000828 <dcd_rp2040_irq+0x48c>
2000073a:	463e      	mov	r6, r7
2000073c:	e66e      	b.n	2000041c <dcd_rp2040_irq+0x80>
2000073e:	f894 723a 	ldrb.w	r7, [r4, #570]	@ 0x23a
20000742:	2f00      	cmp	r7, #0
20000744:	f43f ae65 	beq.w	20000412 <dcd_rp2040_irq+0x76>
20000748:	f894 323c 	ldrb.w	r3, [r4, #572]	@ 0x23c
2000074c:	2b00      	cmp	r3, #0
2000074e:	d163      	bne.n	20000818 <dcd_rp2040_irq+0x47c>
20000750:	463e      	mov	r6, r7
20000752:	e65e      	b.n	20000412 <dcd_rp2040_irq+0x76>
20000754:	f894 71fa 	ldrb.w	r7, [r4, #506]	@ 0x1fa
20000758:	2f00      	cmp	r7, #0
2000075a:	f43f ae55 	beq.w	20000408 <dcd_rp2040_irq+0x6c>
2000075e:	f894 31fc 	ldrb.w	r3, [r4, #508]	@ 0x1fc
20000762:	2b00      	cmp	r3, #0
20000764:	d150      	bne.n	20000808 <dcd_rp2040_irq+0x46c>
20000766:	463e      	mov	r6, r7
20000768:	e64e      	b.n	20000408 <dcd_rp2040_irq+0x6c>
2000076a:	f894 71ba 	ldrb.w	r7, [r4, #442]	@ 0x1ba
2000076e:	2f00      	cmp	r7, #0
20000770:	f43f ae45 	beq.w	200003fe <dcd_rp2040_irq+0x62>
20000774:	f894 31bc 	ldrb.w	r3, [r4, #444]	@ 0x1bc
20000778:	2b00      	cmp	r3, #0
2000077a:	d13d      	bne.n	200007f8 <dcd_rp2040_irq+0x45c>
2000077c:	463e      	mov	r6, r7
2000077e:	e63e      	b.n	200003fe <dcd_rp2040_irq+0x62>
20000780:	f894 33ba 	ldrb.w	r3, [r4, #954]	@ 0x3ba
20000784:	2b00      	cmp	r3, #0
20000786:	f43f ae62 	beq.w	2000044e <dcd_rp2040_irq+0xb2>
2000078a:	f894 33bc 	ldrb.w	r3, [r4, #956]	@ 0x3bc
2000078e:	2b00      	cmp	r3, #0
20000790:	d171      	bne.n	20000876 <dcd_rp2040_irq+0x4da>
20000792:	f894 33fb 	ldrb.w	r3, [r4, #1019]	@ 0x3fb
20000796:	2b02      	cmp	r3, #2
20000798:	f47f ae67 	bne.w	2000046a <dcd_rp2040_irq+0xce>
2000079c:	f894 33fa 	ldrb.w	r3, [r4, #1018]	@ 0x3fa
200007a0:	2b00      	cmp	r3, #0
200007a2:	f43f ae62 	beq.w	2000046a <dcd_rp2040_irq+0xce>
200007a6:	e710      	b.n	200005ca <dcd_rp2040_irq+0x22e>
200007a8:	2300      	movs	r3, #0
200007aa:	4839      	ldr	r0, [pc, #228]	@ (20000890 <dcd_rp2040_irq+0x4f4>)
200007ac:	f884 333c 	strb.w	r3, [r4, #828]	@ 0x33c
200007b0:	463e      	mov	r6, r7
200007b2:	f000 f9ab 	bl	20000b0c <hw_endpoint_start_next_buffer>
200007b6:	e640      	b.n	2000043a <dcd_rp2040_irq+0x9e>
200007b8:	2300      	movs	r3, #0
200007ba:	4836      	ldr	r0, [pc, #216]	@ (20000894 <dcd_rp2040_irq+0x4f8>)
200007bc:	f884 32bc 	strb.w	r3, [r4, #700]	@ 0x2bc
200007c0:	463e      	mov	r6, r7
200007c2:	f000 f9a3 	bl	20000b0c <hw_endpoint_start_next_buffer>
200007c6:	e62e      	b.n	20000426 <dcd_rp2040_irq+0x8a>
200007c8:	2300      	movs	r3, #0
200007ca:	4833      	ldr	r0, [pc, #204]	@ (20000898 <dcd_rp2040_irq+0x4fc>)
200007cc:	f884 32fc 	strb.w	r3, [r4, #764]	@ 0x2fc
200007d0:	463e      	mov	r6, r7
200007d2:	f000 f99b 	bl	20000b0c <hw_endpoint_start_next_buffer>
200007d6:	e62b      	b.n	20000430 <dcd_rp2040_irq+0x94>
200007d8:	2300      	movs	r3, #0
200007da:	4830      	ldr	r0, [pc, #192]	@ (2000089c <dcd_rp2040_irq+0x500>)
200007dc:	f884 30bc 	strb.w	r3, [r4, #188]	@ 0xbc
200007e0:	463e      	mov	r6, r7
200007e2:	f000 f993 	bl	20000b0c <hw_endpoint_start_next_buffer>
200007e6:	e5f6      	b.n	200003d6 <dcd_rp2040_irq+0x3a>
200007e8:	2300      	movs	r3, #0
200007ea:	482d      	ldr	r0, [pc, #180]	@ (200008a0 <dcd_rp2040_irq+0x504>)
200007ec:	f884 30fc 	strb.w	r3, [r4, #252]	@ 0xfc
200007f0:	463e      	mov	r6, r7
200007f2:	f000 f98b 	bl	20000b0c <hw_endpoint_start_next_buffer>
200007f6:	e5f3      	b.n	200003e0 <dcd_rp2040_irq+0x44>
200007f8:	2300      	movs	r3, #0
200007fa:	482a      	ldr	r0, [pc, #168]	@ (200008a4 <dcd_rp2040_irq+0x508>)
200007fc:	f884 31bc 	strb.w	r3, [r4, #444]	@ 0x1bc
20000800:	463e      	mov	r6, r7
20000802:	f000 f983 	bl	20000b0c <hw_endpoint_start_next_buffer>
20000806:	e5fa      	b.n	200003fe <dcd_rp2040_irq+0x62>
20000808:	2300      	movs	r3, #0
2000080a:	4827      	ldr	r0, [pc, #156]	@ (200008a8 <dcd_rp2040_irq+0x50c>)
2000080c:	f884 31fc 	strb.w	r3, [r4, #508]	@ 0x1fc
20000810:	463e      	mov	r6, r7
20000812:	f000 f97b 	bl	20000b0c <hw_endpoint_start_next_buffer>
20000816:	e5f7      	b.n	20000408 <dcd_rp2040_irq+0x6c>
20000818:	2300      	movs	r3, #0
2000081a:	4824      	ldr	r0, [pc, #144]	@ (200008ac <dcd_rp2040_irq+0x510>)
2000081c:	f884 323c 	strb.w	r3, [r4, #572]	@ 0x23c
20000820:	463e      	mov	r6, r7
20000822:	f000 f973 	bl	20000b0c <hw_endpoint_start_next_buffer>
20000826:	e5f4      	b.n	20000412 <dcd_rp2040_irq+0x76>
20000828:	2300      	movs	r3, #0
2000082a:	4821      	ldr	r0, [pc, #132]	@ (200008b0 <dcd_rp2040_irq+0x514>)
2000082c:	f884 327c 	strb.w	r3, [r4, #636]	@ 0x27c
20000830:	463e      	mov	r6, r7
20000832:	f000 f96b 	bl	20000b0c <hw_endpoint_start_next_buffer>
20000836:	e5f1      	b.n	2000041c <dcd_rp2040_irq+0x80>
20000838:	2300      	movs	r3, #0
2000083a:	481e      	ldr	r0, [pc, #120]	@ (200008b4 <dcd_rp2040_irq+0x518>)
2000083c:	f884 313c 	strb.w	r3, [r4, #316]	@ 0x13c
20000840:	463e      	mov	r6, r7
20000842:	f000 f963 	bl	20000b0c <hw_endpoint_start_next_buffer>
20000846:	e5d0      	b.n	200003ea <dcd_rp2040_irq+0x4e>
20000848:	2300      	movs	r3, #0
2000084a:	481b      	ldr	r0, [pc, #108]	@ (200008b8 <dcd_rp2040_irq+0x51c>)
2000084c:	f884 317c 	strb.w	r3, [r4, #380]	@ 0x17c
20000850:	463e      	mov	r6, r7
20000852:	f000 f95b 	bl	20000b0c <hw_endpoint_start_next_buffer>
20000856:	e5cd      	b.n	200003f4 <dcd_rp2040_irq+0x58>
20000858:	2300      	movs	r3, #0
2000085a:	4818      	ldr	r0, [pc, #96]	@ (200008bc <dcd_rp2040_irq+0x520>)
2000085c:	f884 307c 	strb.w	r3, [r4, #124]	@ 0x7c
20000860:	463e      	mov	r6, r7
20000862:	f000 f953 	bl	20000b0c <hw_endpoint_start_next_buffer>
20000866:	e5b1      	b.n	200003cc <dcd_rp2040_irq+0x30>
20000868:	2300      	movs	r3, #0
2000086a:	4815      	ldr	r0, [pc, #84]	@ (200008c0 <dcd_rp2040_irq+0x524>)
2000086c:	f884 337c 	strb.w	r3, [r4, #892]	@ 0x37c
20000870:	f000 f94c 	bl	20000b0c <hw_endpoint_start_next_buffer>
20000874:	e694      	b.n	200005a0 <dcd_rp2040_irq+0x204>
20000876:	2300      	movs	r3, #0
20000878:	4812      	ldr	r0, [pc, #72]	@ (200008c4 <dcd_rp2040_irq+0x528>)
2000087a:	f884 33bc 	strb.w	r3, [r4, #956]	@ 0x3bc
2000087e:	f000 f945 	bl	20000b0c <hw_endpoint_start_next_buffer>
20000882:	e786      	b.n	20000792 <dcd_rp2040_irq+0x3f6>
20000884:	4810      	ldr	r0, [pc, #64]	@ (200008c8 <dcd_rp2040_irq+0x52c>)
20000886:	ea86 0105 	eor.w	r1, r6, r5
2000088a:	f000 fe2d 	bl	200014e8 <__panic_veneer>
2000088e:	bf00      	nop
20000890:	200027b4 	.word	0x200027b4
20000894:	20002734 	.word	0x20002734
20000898:	20002774 	.word	0x20002774
2000089c:	20002534 	.word	0x20002534
200008a0:	20002574 	.word	0x20002574
200008a4:	20002634 	.word	0x20002634
200008a8:	20002674 	.word	0x20002674
200008ac:	200026b4 	.word	0x200026b4
200008b0:	200026f4 	.word	0x200026f4
200008b4:	200025b4 	.word	0x200025b4
200008b8:	200025f4 	.word	0x200025f4
200008bc:	200024f4 	.word	0x200024f4
200008c0:	200027f4 	.word	0x200027f4
200008c4:	20002834 	.word	0x20002834
200008c8:	1000947c 	.word	0x1000947c

200008cc <prepare_ep_buffer>:
200008cc:	e92d 47f0 	stmdb	sp!, {r4, r5, r6, r7, r8, r9, sl, lr}
200008d0:	8a84      	ldrh	r4, [r0, #20]
200008d2:	8b05      	ldrh	r5, [r0, #24]
200008d4:	78c2      	ldrb	r2, [r0, #3]
200008d6:	42a5      	cmp	r5, r4
200008d8:	bf28      	it	cs
200008da:	4625      	movcs	r5, r4
200008dc:	1e17      	subs	r7, r2, #0
200008de:	bf18      	it	ne
200008e0:	2701      	movne	r7, #1
200008e2:	1b64      	subs	r4, r4, r5
200008e4:	7846      	ldrb	r6, [r0, #1]
200008e6:	f082 0201 	eor.w	r2, r2, #1
200008ea:	b2a4      	uxth	r4, r4
200008ec:	4603      	mov	r3, r0
200008ee:	70c2      	strb	r2, [r0, #3]
200008f0:	8284      	strh	r4, [r0, #20]
200008f2:	f445 6080 	orr.w	r0, r5, #1024	@ 0x400
200008f6:	ea40 3047 	orr.w	r0, r0, r7, lsl #13
200008fa:	bba6      	cbnz	r6, 20000966 <prepare_ep_buffer+0x9a>
200008fc:	e9d3 2603 	ldrd	r2, r6, [r3, #12]
20000900:	1e6f      	subs	r7, r5, #1
20000902:	eb02 1e81 	add.w	lr, r2, r1, lsl #6
20000906:	b355      	cbz	r5, 2000095e <prepare_ep_buffer+0x92>
20000908:	2f05      	cmp	r7, #5
2000090a:	bf98      	it	ls
2000090c:	1c72      	addls	r2, r6, #1
2000090e:	d931      	bls.n	20000974 <prepare_ep_buffer+0xa8>
20000910:	eb02 1c81 	add.w	ip, r2, r1, lsl #6
20000914:	1c72      	adds	r2, r6, #1
20000916:	ebac 0402 	sub.w	r4, ip, r2
2000091a:	2c02      	cmp	r4, #2
2000091c:	d92a      	bls.n	20000974 <prepare_ep_buffer+0xa8>
2000091e:	4632      	mov	r2, r6
20000920:	ea4f 0995 	mov.w	r9, r5, lsr #2
20000924:	ea4f 0a89 	mov.w	sl, r9, lsl #2
20000928:	eb06 0889 	add.w	r8, r6, r9, lsl #2
2000092c:	f852 4b04 	ldr.w	r4, [r2], #4
20000930:	4542      	cmp	r2, r8
20000932:	f84c 4b04 	str.w	r4, [ip], #4
20000936:	d1f9      	bne.n	2000092c <prepare_ep_buffer+0x60>
20000938:	4555      	cmp	r5, sl
2000093a:	eba7 070a 	sub.w	r7, r7, sl
2000093e:	eb0e 040a 	add.w	r4, lr, sl
20000942:	d00a      	beq.n	2000095a <prepare_ep_buffer+0x8e>
20000944:	f816 6029 	ldrb.w	r6, [r6, r9, lsl #2]
20000948:	f80e 6029 	strb.w	r6, [lr, r9, lsl #2]
2000094c:	b12f      	cbz	r7, 2000095a <prepare_ep_buffer+0x8e>
2000094e:	7856      	ldrb	r6, [r2, #1]
20000950:	2f01      	cmp	r7, #1
20000952:	7066      	strb	r6, [r4, #1]
20000954:	d001      	beq.n	2000095a <prepare_ep_buffer+0x8e>
20000956:	7892      	ldrb	r2, [r2, #2]
20000958:	70a2      	strb	r2, [r4, #2]
2000095a:	691e      	ldr	r6, [r3, #16]
2000095c:	8a9c      	ldrh	r4, [r3, #20]
2000095e:	442e      	add	r6, r5
20000960:	611e      	str	r6, [r3, #16]
20000962:	f440 4000 	orr.w	r0, r0, #32768	@ 0x8000
20000966:	b90c      	cbnz	r4, 2000096c <prepare_ep_buffer+0xa0>
20000968:	f440 4080 	orr.w	r0, r0, #16384	@ 0x4000
2000096c:	b101      	cbz	r1, 20000970 <prepare_ep_buffer+0xa4>
2000096e:	0400      	lsls	r0, r0, #16
20000970:	e8bd 87f0 	ldmia.w	sp!, {r4, r5, r6, r7, r8, r9, sl, pc}
20000974:	f10e 3eff 	add.w	lr, lr, #4294967295
20000978:	442e      	add	r6, r5
2000097a:	e000      	b.n	2000097e <prepare_ep_buffer+0xb2>
2000097c:	3201      	adds	r2, #1
2000097e:	f812 4c01 	ldrb.w	r4, [r2, #-1]
20000982:	42b2      	cmp	r2, r6
20000984:	f80e 4f01 	strb.w	r4, [lr, #1]!
20000988:	d1f8      	bne.n	2000097c <prepare_ep_buffer+0xb0>
2000098a:	e7e6      	b.n	2000095a <prepare_ep_buffer+0x8e>

2000098c <sync_ep_buffer>:
2000098c:	6883      	ldr	r3, [r0, #8]
2000098e:	4602      	mov	r2, r0
20000990:	6818      	ldr	r0, [r3, #0]
20000992:	b101      	cbz	r1, 20000996 <sync_ep_buffer+0xa>
20000994:	0c00      	lsrs	r0, r0, #16
20000996:	7853      	ldrb	r3, [r2, #1]
20000998:	f3c0 0009 	ubfx	r0, r0, #0, #10
2000099c:	2b00      	cmp	r3, #0
2000099e:	d03c      	beq.n	20000a1a <sync_ep_buffer+0x8e>
200009a0:	e92d 41f0 	stmdb	sp!, {r4, r5, r6, r7, r8, lr}
200009a4:	e9d2 3403 	ldrd	r3, r4, [r2, #12]
200009a8:	1e46      	subs	r6, r0, #1
200009aa:	eb03 1e81 	add.w	lr, r3, r1, lsl #6
200009ae:	b340      	cbz	r0, 20000a02 <sync_ep_buffer+0x76>
200009b0:	2e05      	cmp	r6, #5
200009b2:	d93b      	bls.n	20000a2c <sync_ep_buffer+0xa0>
200009b4:	0189      	lsls	r1, r1, #6
200009b6:	1c4d      	adds	r5, r1, #1
200009b8:	441d      	add	r5, r3
200009ba:	1b65      	subs	r5, r4, r5
200009bc:	2d02      	cmp	r5, #2
200009be:	d935      	bls.n	20000a2c <sync_ep_buffer+0xa0>
200009c0:	4673      	mov	r3, lr
200009c2:	4621      	mov	r1, r4
200009c4:	f400 777f 	and.w	r7, r0, #1020	@ 0x3fc
200009c8:	ea4f 0890 	mov.w	r8, r0, lsr #2
200009cc:	18fd      	adds	r5, r7, r3
200009ce:	f853 cb04 	ldr.w	ip, [r3], #4
200009d2:	42ab      	cmp	r3, r5
200009d4:	f841 cb04 	str.w	ip, [r1], #4
200009d8:	d1f9      	bne.n	200009ce <sync_ep_buffer+0x42>
200009da:	42b8      	cmp	r0, r7
200009dc:	eba6 0607 	sub.w	r6, r6, r7
200009e0:	eb04 0307 	add.w	r3, r4, r7
200009e4:	eb0e 0107 	add.w	r1, lr, r7
200009e8:	d00a      	beq.n	20000a00 <sync_ep_buffer+0x74>
200009ea:	f81e 5028 	ldrb.w	r5, [lr, r8, lsl #2]
200009ee:	f804 5028 	strb.w	r5, [r4, r8, lsl #2]
200009f2:	b12e      	cbz	r6, 20000a00 <sync_ep_buffer+0x74>
200009f4:	784c      	ldrb	r4, [r1, #1]
200009f6:	2e01      	cmp	r6, #1
200009f8:	705c      	strb	r4, [r3, #1]
200009fa:	d001      	beq.n	20000a00 <sync_ep_buffer+0x74>
200009fc:	7889      	ldrb	r1, [r1, #2]
200009fe:	7099      	strb	r1, [r3, #2]
20000a00:	6914      	ldr	r4, [r2, #16]
20000a02:	8ad3      	ldrh	r3, [r2, #22]
20000a04:	4404      	add	r4, r0
20000a06:	4403      	add	r3, r0
20000a08:	82d3      	strh	r3, [r2, #22]
20000a0a:	8b13      	ldrh	r3, [r2, #24]
20000a0c:	6114      	str	r4, [r2, #16]
20000a0e:	4283      	cmp	r3, r0
20000a10:	bf84      	itt	hi
20000a12:	2300      	movhi	r3, #0
20000a14:	8293      	strhhi	r3, [r2, #20]
20000a16:	e8bd 81f0 	ldmia.w	sp!, {r4, r5, r6, r7, r8, pc}
20000a1a:	8ad3      	ldrh	r3, [r2, #22]
20000a1c:	4403      	add	r3, r0
20000a1e:	82d3      	strh	r3, [r2, #22]
20000a20:	8b13      	ldrh	r3, [r2, #24]
20000a22:	4283      	cmp	r3, r0
20000a24:	bf84      	itt	hi
20000a26:	2300      	movhi	r3, #0
20000a28:	8293      	strhhi	r3, [r2, #20]
20000a2a:	4770      	bx	lr
20000a2c:	3c01      	subs	r4, #1
20000a2e:	eb0e 0100 	add.w	r1, lr, r0
20000a32:	f81e 3b01 	ldrb.w	r3, [lr], #1
20000a36:	4571      	cmp	r1, lr
20000a38:	f804 3f01 	strb.w	r3, [r4, #1]!
20000a3c:	d1f9      	bne.n	20000a32 <sync_ep_buffer+0xa6>
20000a3e:	e7df      	b.n	20000a00 <sync_ep_buffer+0x74>

20000a40 <_hw_endpoint_xfer_sync>:
20000a40:	b510      	push	{r4, lr}
20000a42:	4604      	mov	r4, r0
20000a44:	6883      	ldr	r3, [r0, #8]
20000a46:	2100      	movs	r1, #0
20000a48:	681b      	ldr	r3, [r3, #0]
20000a4a:	f7ff ff9f 	bl	2000098c <sync_ep_buffer>
20000a4e:	6863      	ldr	r3, [r4, #4]
20000a50:	681b      	ldr	r3, [r3, #0]
20000a52:	005b      	lsls	r3, r3, #1
20000a54:	d502      	bpl.n	20000a5c <_hw_endpoint_xfer_sync+0x1c>
20000a56:	8b23      	ldrh	r3, [r4, #24]
20000a58:	4283      	cmp	r3, r0
20000a5a:	d000      	beq.n	20000a5e <_hw_endpoint_xfer_sync+0x1e>
20000a5c:	bd10      	pop	{r4, pc}
20000a5e:	4620      	mov	r0, r4
20000a60:	e8bd 4010 	ldmia.w	sp!, {r4, lr}
20000a64:	2101      	movs	r1, #1
20000a66:	f7ff bf91 	b.w	2000098c <sync_ep_buffer>
20000a6a:	bf00      	nop

20000a6c <e15_is_bulkin_ep>:
20000a6c:	4b08      	ldr	r3, [pc, #32]	@ (20000a90 <e15_is_bulkin_ep+0x24>)
20000a6e:	6c1b      	ldr	r3, [r3, #64]	@ 0x40
20000a70:	f013 0302 	ands.w	r3, r3, #2
20000a74:	d102      	bne.n	20000a7c <e15_is_bulkin_ep+0x10>
20000a76:	7882      	ldrb	r2, [r0, #2]
20000a78:	09d2      	lsrs	r2, r2, #7
20000a7a:	d101      	bne.n	20000a80 <e15_is_bulkin_ep+0x14>
20000a7c:	2000      	movs	r0, #0
20000a7e:	4770      	bx	lr
20000a80:	7ec0      	ldrb	r0, [r0, #27]
20000a82:	f1a0 0002 	sub.w	r0, r0, #2
20000a86:	fab0 f080 	clz	r0, r0
20000a8a:	0940      	lsrs	r0, r0, #5
20000a8c:	4770      	bx	lr
20000a8e:	bf00      	nop
20000a90:	50110000 	.word	0x50110000

20000a94 <e15_is_critical_frame_period>:
20000a94:	b508      	push	{r3, lr}
20000a96:	f7ff ffe9 	bl	20000a6c <e15_is_bulkin_ep>
20000a9a:	b150      	cbz	r0, 20000ab2 <e15_is_critical_frame_period+0x1e>
20000a9c:	4a05      	ldr	r2, [pc, #20]	@ (20000ab4 <e15_is_critical_frame_period+0x20>)
20000a9e:	4b06      	ldr	r3, [pc, #24]	@ (20000ab8 <e15_is_critical_frame_period+0x24>)
20000aa0:	6a90      	ldr	r0, [r2, #40]	@ 0x28
20000aa2:	681b      	ldr	r3, [r3, #0]
20000aa4:	f5a0 7048 	sub.w	r0, r0, #800	@ 0x320
20000aa8:	1ac0      	subs	r0, r0, r3
20000aaa:	28c6      	cmp	r0, #198	@ 0xc6
20000aac:	bf8c      	ite	hi
20000aae:	2000      	movhi	r0, #0
20000ab0:	2001      	movls	r0, #1
20000ab2:	bd08      	pop	{r3, pc}
20000ab4:	400b0000 	.word	0x400b0000
20000ab8:	20002484 	.word	0x20002484

20000abc <hw_endpoint_reset_transfer>:
20000abc:	2300      	movs	r3, #0
20000abe:	e9c0 3304 	strd	r3, r3, [r0, #16]
20000ac2:	7683      	strb	r3, [r0, #26]
20000ac4:	4770      	bx	lr
20000ac6:	bf00      	nop

20000ac8 <_hw_endpoint_buffer_control_update32>:
20000ac8:	b510      	push	{r4, lr}
20000aca:	6883      	ldr	r3, [r0, #8]
20000acc:	b109      	cbz	r1, 20000ad2 <_hw_endpoint_buffer_control_update32+0xa>
20000ace:	681c      	ldr	r4, [r3, #0]
20000ad0:	4021      	ands	r1, r4
20000ad2:	b182      	cbz	r2, 20000af6 <_hw_endpoint_buffer_control_update32+0x2e>
20000ad4:	4311      	orrs	r1, r2
20000ad6:	0552      	lsls	r2, r2, #21
20000ad8:	d50d      	bpl.n	20000af6 <_hw_endpoint_buffer_control_update32+0x2e>
20000ada:	681a      	ldr	r2, [r3, #0]
20000adc:	0554      	lsls	r4, r2, #21
20000ade:	d40c      	bmi.n	20000afa <_hw_endpoint_buffer_control_update32+0x32>
20000ae0:	4a08      	ldr	r2, [pc, #32]	@ (20000b04 <_hw_endpoint_buffer_control_update32+0x3c>)
20000ae2:	f421 6480 	bic.w	r4, r1, #1024	@ 0x400
20000ae6:	601c      	str	r4, [r3, #0]
20000ae8:	6c12      	ldr	r2, [r2, #64]	@ 0x40
20000aea:	0792      	lsls	r2, r2, #30
20000aec:	d403      	bmi.n	20000af6 <_hw_endpoint_buffer_control_update32+0x2e>
20000aee:	230c      	movs	r3, #12
20000af0:	3b03      	subs	r3, #3
20000af2:	d2fd      	bcs.n	20000af0 <_hw_endpoint_buffer_control_update32+0x28>
20000af4:	6883      	ldr	r3, [r0, #8]
20000af6:	6019      	str	r1, [r3, #0]
20000af8:	bd10      	pop	{r4, pc}
20000afa:	7881      	ldrb	r1, [r0, #2]
20000afc:	4802      	ldr	r0, [pc, #8]	@ (20000b08 <_hw_endpoint_buffer_control_update32+0x40>)
20000afe:	f000 fcf3 	bl	200014e8 <__panic_veneer>
20000b02:	bf00      	nop
20000b04:	50110000 	.word	0x50110000
20000b08:	10009490 	.word	0x10009490

20000b0c <hw_endpoint_start_next_buffer>:
20000b0c:	b530      	push	{r4, r5, lr}
20000b0e:	6843      	ldr	r3, [r0, #4]
20000b10:	2100      	movs	r1, #0
20000b12:	b083      	sub	sp, #12
20000b14:	4604      	mov	r4, r0
20000b16:	681d      	ldr	r5, [r3, #0]
20000b18:	f7ff fed8 	bl	200008cc <prepare_ep_buffer>
20000b1c:	4b13      	ldr	r3, [pc, #76]	@ (20000b6c <hw_endpoint_start_next_buffer+0x60>)
20000b1e:	f440 5280 	orr.w	r2, r0, #4096	@ 0x1000
20000b22:	6c19      	ldr	r1, [r3, #64]	@ 0x40
20000b24:	78a3      	ldrb	r3, [r4, #2]
20000b26:	0789      	lsls	r1, r1, #30
20000b28:	d50e      	bpl.n	20000b48 <hw_endpoint_start_next_buffer+0x3c>
20000b2a:	065b      	lsls	r3, r3, #25
20000b2c:	d00e      	beq.n	20000b4c <hw_endpoint_start_next_buffer+0x40>
20000b2e:	f025 45a0 	bic.w	r5, r5, #1342177280	@ 0x50000000
20000b32:	f045 5500 	orr.w	r5, r5, #536870912	@ 0x20000000
20000b36:	2100      	movs	r1, #0
20000b38:	4620      	mov	r0, r4
20000b3a:	6863      	ldr	r3, [r4, #4]
20000b3c:	601d      	str	r5, [r3, #0]
20000b3e:	b003      	add	sp, #12
20000b40:	e8bd 4030 	ldmia.w	sp!, {r4, r5, lr}
20000b44:	f7ff bfc0 	b.w	20000ac8 <_hw_endpoint_buffer_control_update32>
20000b48:	09db      	lsrs	r3, r3, #7
20000b4a:	d0f0      	beq.n	20000b2e <hw_endpoint_start_next_buffer+0x22>
20000b4c:	8aa3      	ldrh	r3, [r4, #20]
20000b4e:	2b00      	cmp	r3, #0
20000b50:	d0ed      	beq.n	20000b2e <hw_endpoint_start_next_buffer+0x22>
20000b52:	2101      	movs	r1, #1
20000b54:	4620      	mov	r0, r4
20000b56:	9201      	str	r2, [sp, #4]
20000b58:	f7ff feb8 	bl	200008cc <prepare_ep_buffer>
20000b5c:	9a01      	ldr	r2, [sp, #4]
20000b5e:	f025 5500 	bic.w	r5, r5, #536870912	@ 0x20000000
20000b62:	4302      	orrs	r2, r0
20000b64:	f045 45a0 	orr.w	r5, r5, #1342177280	@ 0x50000000
20000b68:	e7e5      	b.n	20000b36 <hw_endpoint_start_next_buffer+0x2a>
20000b6a:	bf00      	nop
20000b6c:	50110000 	.word	0x50110000

20000b70 <hw_endpoint_xfer_continue>:
20000b70:	b538      	push	{r3, r4, r5, lr}
20000b72:	7e85      	ldrb	r5, [r0, #26]
20000b74:	4604      	mov	r4, r0
20000b76:	b195      	cbz	r5, 20000b9e <hw_endpoint_xfer_continue+0x2e>
20000b78:	f7ff ff62 	bl	20000a40 <_hw_endpoint_xfer_sync>
20000b7c:	8aa3      	ldrh	r3, [r4, #20]
20000b7e:	b90b      	cbnz	r3, 20000b84 <hw_endpoint_xfer_continue+0x14>
20000b80:	4628      	mov	r0, r5
20000b82:	bd38      	pop	{r3, r4, r5, pc}
20000b84:	4620      	mov	r0, r4
20000b86:	f7ff ff85 	bl	20000a94 <e15_is_critical_frame_period>
20000b8a:	b120      	cbz	r0, 20000b96 <hw_endpoint_xfer_continue+0x26>
20000b8c:	2301      	movs	r3, #1
20000b8e:	7723      	strb	r3, [r4, #28]
20000b90:	2500      	movs	r5, #0
20000b92:	4628      	mov	r0, r5
20000b94:	bd38      	pop	{r3, r4, r5, pc}
20000b96:	4620      	mov	r0, r4
20000b98:	f7ff ffb8 	bl	20000b0c <hw_endpoint_start_next_buffer>
20000b9c:	e7f8      	b.n	20000b90 <hw_endpoint_xfer_continue+0x20>
20000b9e:	7881      	ldrb	r1, [r0, #2]
20000ba0:	4801      	ldr	r0, [pc, #4]	@ (20000ba8 <hw_endpoint_xfer_continue+0x38>)
20000ba2:	f000 fca1 	bl	200014e8 <__panic_veneer>
20000ba6:	bf00      	nop
20000ba8:	100094b0 	.word	0x100094b0

20000bac <dcd_event_handler>:
20000bac:	e92d 43f0 	stmdb	sp!, {r4, r5, r6, r7, r8, r9, lr}
20000bb0:	7843      	ldrb	r3, [r0, #1]
20000bb2:	4681      	mov	r9, r0
20000bb4:	3b02      	subs	r3, #2
20000bb6:	460d      	mov	r5, r1
20000bb8:	b085      	sub	sp, #20
20000bba:	2b04      	cmp	r3, #4
20000bbc:	d813      	bhi.n	20000be6 <dcd_event_handler+0x3a>
20000bbe:	e8df f003 	tbb	[pc, r3]
20000bc2:	4a03      	.short	0x4a03
20000bc4:	736a      	.short	0x736a
20000bc6:	44          	.byte	0x44
20000bc7:	00          	.byte	0x00
20000bc8:	2100      	movs	r1, #0
20000bca:	4b7b      	ldr	r3, [pc, #492]	@ (20000db8 <dcd_event_handler+0x20c>)
20000bcc:	781a      	ldrb	r2, [r3, #0]
20000bce:	f022 0201 	bic.w	r2, r2, #1
20000bd2:	701a      	strb	r2, [r3, #0]
20000bd4:	781a      	ldrb	r2, [r3, #0]
20000bd6:	f022 0202 	bic.w	r2, r2, #2
20000bda:	701a      	strb	r2, [r3, #0]
20000bdc:	7059      	strb	r1, [r3, #1]
20000bde:	781a      	ldrb	r2, [r3, #0]
20000be0:	f361 0282 	bfi	r2, r1, #2, #1
20000be4:	701a      	strb	r2, [r3, #0]
20000be6:	4b75      	ldr	r3, [pc, #468]	@ (20000dbc <dcd_event_handler+0x210>)
20000be8:	681c      	ldr	r4, [r3, #0]
20000bea:	6963      	ldr	r3, [r4, #20]
20000bec:	f3ef 8210 	mrs	r2, PRIMASK
20000bf0:	b672      	cpsid	i
20000bf2:	e8d3 0fcf 	ldaexb	r0, [r3]
20000bf6:	2101      	movs	r1, #1
20000bf8:	2800      	cmp	r0, #0
20000bfa:	d1fa      	bne.n	20000bf2 <dcd_event_handler+0x46>
20000bfc:	e8c3 1f40 	strexb	r0, r1, [r3]
20000c00:	2800      	cmp	r0, #0
20000c02:	d1f6      	bne.n	20000bf2 <dcd_event_handler+0x46>
20000c04:	f3bf 8f5f 	dmb	sy
20000c08:	61a2      	str	r2, [r4, #24]
20000c0a:	4649      	mov	r1, r9
20000c0c:	4620      	mov	r0, r4
20000c0e:	f000 fc6f 	bl	200014f0 <__tu_fifo_write_veneer>
20000c12:	2300      	movs	r3, #0
20000c14:	6962      	ldr	r2, [r4, #20]
20000c16:	e8c2 3f8f 	stlb	r3, [r2]
20000c1a:	69a3      	ldr	r3, [r4, #24]
20000c1c:	f383 8810 	msr	PRIMASK, r3
20000c20:	b948      	cbnz	r0, 20000c36 <dcd_event_handler+0x8a>
20000c22:	f04f 23e0 	mov.w	r3, #3758153728	@ 0xe000e000
20000c26:	f8d3 3df0 	ldr.w	r3, [r3, #3568]	@ 0xdf0
20000c2a:	07db      	lsls	r3, r3, #31
20000c2c:	d50a      	bpl.n	20000c44 <dcd_event_handler+0x98>
20000c2e:	be00      	bkpt	0x0000
20000c30:	b005      	add	sp, #20
20000c32:	e8bd 83f0 	ldmia.w	sp!, {r4, r5, r6, r7, r8, r9, pc}
20000c36:	462a      	mov	r2, r5
20000c38:	f899 1001 	ldrb.w	r1, [r9, #1]
20000c3c:	f899 0000 	ldrb.w	r0, [r9]
20000c40:	f000 fc4e 	bl	200014e0 <__tud_event_hook_cb_veneer>
20000c44:	b005      	add	sp, #20
20000c46:	e8bd 83f0 	ldmia.w	sp!, {r4, r5, r6, r7, r8, r9, pc}
20000c4a:	4a5d      	ldr	r2, [pc, #372]	@ (20000dc0 <dcd_event_handler+0x214>)
20000c4c:	7813      	ldrb	r3, [r2, #0]
20000c4e:	3301      	adds	r3, #1
20000c50:	b2db      	uxtb	r3, r3
20000c52:	7013      	strb	r3, [r2, #0]
20000c54:	e7c7      	b.n	20000be6 <dcd_event_handler+0x3a>
20000c56:	2400      	movs	r4, #0
20000c58:	4e5a      	ldr	r6, [pc, #360]	@ (20000dc4 <dcd_event_handler+0x218>)
20000c5a:	4623      	mov	r3, r4
20000c5c:	7831      	ldrb	r1, [r6, #0]
20000c5e:	f8df 816c 	ldr.w	r8, [pc, #364]	@ 20000dcc <dcd_event_handler+0x220>
20000c62:	4f59      	ldr	r7, [pc, #356]	@ (20000dc8 <dcd_event_handler+0x21c>)
20000c64:	e011      	b.n	20000c8a <dcd_event_handler+0xde>
20000c66:	683b      	ldr	r3, [r7, #0]
20000c68:	eb13 1344 	adds.w	r3, r3, r4, lsl #5
20000c6c:	d007      	beq.n	20000c7e <dcd_event_handler+0xd2>
20000c6e:	69db      	ldr	r3, [r3, #28]
20000c70:	b12b      	cbz	r3, 20000c7e <dcd_event_handler+0xd2>
20000c72:	f8d9 1004 	ldr.w	r1, [r9, #4]
20000c76:	f899 0000 	ldrb.w	r0, [r9]
20000c7a:	4798      	blx	r3
20000c7c:	7831      	ldrb	r1, [r6, #0]
20000c7e:	3401      	adds	r4, #1
20000c80:	b2e4      	uxtb	r4, r4
20000c82:	1c4a      	adds	r2, r1, #1
20000c84:	42a2      	cmp	r2, r4
20000c86:	4623      	mov	r3, r4
20000c88:	db17      	blt.n	20000cba <dcd_event_handler+0x10e>
20000c8a:	42a1      	cmp	r1, r4
20000c8c:	d8eb      	bhi.n	20000c66 <dcd_event_handler+0xba>
20000c8e:	1a5b      	subs	r3, r3, r1
20000c90:	eb08 1343 	add.w	r3, r8, r3, lsl #5
20000c94:	e7eb      	b.n	20000c6e <dcd_event_handler+0xc2>
20000c96:	4b48      	ldr	r3, [pc, #288]	@ (20000db8 <dcd_event_handler+0x20c>)
20000c98:	781a      	ldrb	r2, [r3, #0]
20000c9a:	07d6      	lsls	r6, r2, #31
20000c9c:	d5d2      	bpl.n	20000c44 <dcd_event_handler+0x98>
20000c9e:	781a      	ldrb	r2, [r3, #0]
20000ca0:	f042 0204 	orr.w	r2, r2, #4
20000ca4:	701a      	strb	r2, [r3, #0]
20000ca6:	e79e      	b.n	20000be6 <dcd_event_handler+0x3a>
20000ca8:	4b43      	ldr	r3, [pc, #268]	@ (20000db8 <dcd_event_handler+0x20c>)
20000caa:	781a      	ldrb	r2, [r3, #0]
20000cac:	07d4      	lsls	r4, r2, #31
20000cae:	d5c9      	bpl.n	20000c44 <dcd_event_handler+0x98>
20000cb0:	781a      	ldrb	r2, [r3, #0]
20000cb2:	f022 0204 	bic.w	r2, r2, #4
20000cb6:	701a      	strb	r2, [r3, #0]
20000cb8:	e795      	b.n	20000be6 <dcd_event_handler+0x3a>
20000cba:	4c3f      	ldr	r4, [pc, #252]	@ (20000db8 <dcd_event_handler+0x20c>)
20000cbc:	7823      	ldrb	r3, [r4, #0]
20000cbe:	0758      	lsls	r0, r3, #29
20000cc0:	d43a      	bmi.n	20000d38 <dcd_event_handler+0x18c>
20000cc2:	78e3      	ldrb	r3, [r4, #3]
20000cc4:	07da      	lsls	r2, r3, #31
20000cc6:	d5bd      	bpl.n	20000c44 <dcd_event_handler+0x98>
20000cc8:	2303      	movs	r3, #3
20000cca:	2600      	movs	r6, #0
20000ccc:	4a3b      	ldr	r2, [pc, #236]	@ (20000dbc <dcd_event_handler+0x210>)
20000cce:	f899 1000 	ldrb.w	r1, [r9]
20000cd2:	6814      	ldr	r4, [r2, #0]
20000cd4:	f8d9 2004 	ldr.w	r2, [r9, #4]
20000cd8:	f88d 1004 	strb.w	r1, [sp, #4]
20000cdc:	f88d 3005 	strb.w	r3, [sp, #5]
20000ce0:	6963      	ldr	r3, [r4, #20]
20000ce2:	f8cd 6006 	str.w	r6, [sp, #6]
20000ce6:	f8cd 600a 	str.w	r6, [sp, #10]
20000cea:	f8ad 600e 	strh.w	r6, [sp, #14]
20000cee:	9202      	str	r2, [sp, #8]
20000cf0:	f3ef 8210 	mrs	r2, PRIMASK
20000cf4:	b672      	cpsid	i
20000cf6:	e8d3 0fcf 	ldaexb	r0, [r3]
20000cfa:	2101      	movs	r1, #1
20000cfc:	2800      	cmp	r0, #0
20000cfe:	d1fa      	bne.n	20000cf6 <dcd_event_handler+0x14a>
20000d00:	e8c3 1f40 	strexb	r0, r1, [r3]
20000d04:	2800      	cmp	r0, #0
20000d06:	d1f6      	bne.n	20000cf6 <dcd_event_handler+0x14a>
20000d08:	f3bf 8f5f 	dmb	sy
20000d0c:	4620      	mov	r0, r4
20000d0e:	61a2      	str	r2, [r4, #24]
20000d10:	a901      	add	r1, sp, #4
20000d12:	f000 fbed 	bl	200014f0 <__tu_fifo_write_veneer>
20000d16:	6963      	ldr	r3, [r4, #20]
20000d18:	e8c3 6f8f 	stlb	r6, [r3]
20000d1c:	69a3      	ldr	r3, [r4, #24]
20000d1e:	f383 8810 	msr	PRIMASK, r3
20000d22:	2800      	cmp	r0, #0
20000d24:	f43f af7d 	beq.w	20000c22 <dcd_event_handler+0x76>
20000d28:	462a      	mov	r2, r5
20000d2a:	f89d 1005 	ldrb.w	r1, [sp, #5]
20000d2e:	f89d 0004 	ldrb.w	r0, [sp, #4]
20000d32:	f000 fbd5 	bl	200014e0 <__tud_event_hook_cb_veneer>
20000d36:	e785      	b.n	20000c44 <dcd_event_handler+0x98>
20000d38:	7823      	ldrb	r3, [r4, #0]
20000d3a:	2700      	movs	r7, #0
20000d3c:	f023 0304 	bic.w	r3, r3, #4
20000d40:	7023      	strb	r3, [r4, #0]
20000d42:	2305      	movs	r3, #5
20000d44:	4a1d      	ldr	r2, [pc, #116]	@ (20000dbc <dcd_event_handler+0x210>)
20000d46:	f88d 3005 	strb.w	r3, [sp, #5]
20000d4a:	6816      	ldr	r6, [r2, #0]
20000d4c:	f899 2000 	ldrb.w	r2, [r9]
20000d50:	f8ad 700e 	strh.w	r7, [sp, #14]
20000d54:	f88d 2004 	strb.w	r2, [sp, #4]
20000d58:	6973      	ldr	r3, [r6, #20]
20000d5a:	f8cd 7006 	str.w	r7, [sp, #6]
20000d5e:	f8cd 700a 	str.w	r7, [sp, #10]
20000d62:	f3ef 8210 	mrs	r2, PRIMASK
20000d66:	b672      	cpsid	i
20000d68:	e8d3 0fcf 	ldaexb	r0, [r3]
20000d6c:	2101      	movs	r1, #1
20000d6e:	2800      	cmp	r0, #0
20000d70:	d1fa      	bne.n	20000d68 <dcd_event_handler+0x1bc>
20000d72:	e8c3 1f40 	strexb	r0, r1, [r3]
20000d76:	2800      	cmp	r0, #0
20000d78:	d1f6      	bne.n	20000d68 <dcd_event_handler+0x1bc>
20000d7a:	f3bf 8f5f 	dmb	sy
20000d7e:	4630      	mov	r0, r6
20000d80:	61b2      	str	r2, [r6, #24]
20000d82:	a901      	add	r1, sp, #4
20000d84:	f000 fbb4 	bl	200014f0 <__tu_fifo_write_veneer>
20000d88:	6973      	ldr	r3, [r6, #20]
20000d8a:	e8c3 7f8f 	stlb	r7, [r3]
20000d8e:	69b3      	ldr	r3, [r6, #24]
20000d90:	f383 8810 	msr	PRIMASK, r3
20000d94:	b938      	cbnz	r0, 20000da6 <dcd_event_handler+0x1fa>
20000d96:	f04f 23e0 	mov.w	r3, #3758153728	@ 0xe000e000
20000d9a:	f8d3 3df0 	ldr.w	r3, [r3, #3568]	@ 0xdf0
20000d9e:	07d9      	lsls	r1, r3, #31
20000da0:	d58f      	bpl.n	20000cc2 <dcd_event_handler+0x116>
20000da2:	be00      	bkpt	0x0000
20000da4:	e78d      	b.n	20000cc2 <dcd_event_handler+0x116>
20000da6:	462a      	mov	r2, r5
20000da8:	f89d 1005 	ldrb.w	r1, [sp, #5]
20000dac:	f89d 0004 	ldrb.w	r0, [sp, #4]
20000db0:	f000 fb96 	bl	200014e0 <__tud_event_hook_cb_veneer>
20000db4:	e785      	b.n	20000cc2 <dcd_event_handler+0x116>
20000db6:	bf00      	nop
20000db8:	20002030 	.word	0x20002030
20000dbc:	20002088 	.word	0x20002088
20000dc0:	20002aa6 	.word	0x20002aa6
20000dc4:	20002aa4 	.word	0x20002aa4
20000dc8:	20001e60 	.word	0x20001e60
20000dcc:	10009714 	.word	0x10009714

20000dd0 <__aeabi_drsub>:
20000dd0:	f081 4100 	eor.w	r1, r1, #2147483648	@ 0x80000000
20000dd4:	e002      	b.n	20000ddc <__adddf3>
20000dd6:	bf00      	nop

20000dd8 <__aeabi_dsub>:
20000dd8:	f083 4300 	eor.w	r3, r3, #2147483648	@ 0x80000000

20000ddc <__adddf3>:
20000ddc:	b530      	push	{r4, r5, lr}
20000dde:	ea4f 0441 	mov.w	r4, r1, lsl #1
20000de2:	ea4f 0543 	mov.w	r5, r3, lsl #1
20000de6:	ea94 0f05 	teq	r4, r5
20000dea:	bf08      	it	eq
20000dec:	ea90 0f02 	teqeq	r0, r2
20000df0:	bf1f      	itttt	ne
20000df2:	ea54 0c00 	orrsne.w	ip, r4, r0
20000df6:	ea55 0c02 	orrsne.w	ip, r5, r2
20000dfa:	ea7f 5c64 	mvnsne.w	ip, r4, asr #21
20000dfe:	ea7f 5c65 	mvnsne.w	ip, r5, asr #21
20000e02:	f000 80e2 	beq.w	20000fca <__adddf3+0x1ee>
20000e06:	ea4f 5454 	mov.w	r4, r4, lsr #21
20000e0a:	ebd4 5555 	rsbs	r5, r4, r5, lsr #21
20000e0e:	bfb8      	it	lt
20000e10:	426d      	neglt	r5, r5
20000e12:	dd0c      	ble.n	20000e2e <__adddf3+0x52>
20000e14:	442c      	add	r4, r5
20000e16:	ea80 0202 	eor.w	r2, r0, r2
20000e1a:	ea81 0303 	eor.w	r3, r1, r3
20000e1e:	ea82 0000 	eor.w	r0, r2, r0
20000e22:	ea83 0101 	eor.w	r1, r3, r1
20000e26:	ea80 0202 	eor.w	r2, r0, r2
20000e2a:	ea81 0303 	eor.w	r3, r1, r3
20000e2e:	2d36      	cmp	r5, #54	@ 0x36
20000e30:	bf88      	it	hi
20000e32:	bd30      	pophi	{r4, r5, pc}
20000e34:	f011 4f00 	tst.w	r1, #2147483648	@ 0x80000000
20000e38:	ea4f 3101 	mov.w	r1, r1, lsl #12
20000e3c:	f44f 1c80 	mov.w	ip, #1048576	@ 0x100000
20000e40:	ea4c 3111 	orr.w	r1, ip, r1, lsr #12
20000e44:	d002      	beq.n	20000e4c <__adddf3+0x70>
20000e46:	4240      	negs	r0, r0
20000e48:	eb61 0141 	sbc.w	r1, r1, r1, lsl #1
20000e4c:	f013 4f00 	tst.w	r3, #2147483648	@ 0x80000000
20000e50:	ea4f 3303 	mov.w	r3, r3, lsl #12
20000e54:	ea4c 3313 	orr.w	r3, ip, r3, lsr #12
20000e58:	d002      	beq.n	20000e60 <__adddf3+0x84>
20000e5a:	4252      	negs	r2, r2
20000e5c:	eb63 0343 	sbc.w	r3, r3, r3, lsl #1
20000e60:	ea94 0f05 	teq	r4, r5
20000e64:	f000 80a7 	beq.w	20000fb6 <__adddf3+0x1da>
20000e68:	f1a4 0401 	sub.w	r4, r4, #1
20000e6c:	f1d5 0e20 	rsbs	lr, r5, #32
20000e70:	db0d      	blt.n	20000e8e <__adddf3+0xb2>
20000e72:	fa02 fc0e 	lsl.w	ip, r2, lr
20000e76:	fa22 f205 	lsr.w	r2, r2, r5
20000e7a:	1880      	adds	r0, r0, r2
20000e7c:	f141 0100 	adc.w	r1, r1, #0
20000e80:	fa03 f20e 	lsl.w	r2, r3, lr
20000e84:	1880      	adds	r0, r0, r2
20000e86:	fa43 f305 	asr.w	r3, r3, r5
20000e8a:	4159      	adcs	r1, r3
20000e8c:	e00e      	b.n	20000eac <__adddf3+0xd0>
20000e8e:	f1a5 0520 	sub.w	r5, r5, #32
20000e92:	f10e 0e20 	add.w	lr, lr, #32
20000e96:	2a01      	cmp	r2, #1
20000e98:	fa03 fc0e 	lsl.w	ip, r3, lr
20000e9c:	bf28      	it	cs
20000e9e:	f04c 0c02 	orrcs.w	ip, ip, #2
20000ea2:	fa43 f305 	asr.w	r3, r3, r5
20000ea6:	18c0      	adds	r0, r0, r3
20000ea8:	eb51 71e3 	adcs.w	r1, r1, r3, asr #31
20000eac:	f001 4500 	and.w	r5, r1, #2147483648	@ 0x80000000
20000eb0:	d507      	bpl.n	20000ec2 <__adddf3+0xe6>
20000eb2:	f04f 0e00 	mov.w	lr, #0
20000eb6:	f1dc 0c00 	rsbs	ip, ip, #0
20000eba:	eb7e 0000 	sbcs.w	r0, lr, r0
20000ebe:	eb6e 0101 	sbc.w	r1, lr, r1
20000ec2:	f5b1 1f80 	cmp.w	r1, #1048576	@ 0x100000
20000ec6:	d31b      	bcc.n	20000f00 <__adddf3+0x124>
20000ec8:	f5b1 1f00 	cmp.w	r1, #2097152	@ 0x200000
20000ecc:	d30c      	bcc.n	20000ee8 <__adddf3+0x10c>
20000ece:	0849      	lsrs	r1, r1, #1
20000ed0:	ea5f 0030 	movs.w	r0, r0, rrx
20000ed4:	ea4f 0c3c 	mov.w	ip, ip, rrx
20000ed8:	f104 0401 	add.w	r4, r4, #1
20000edc:	ea4f 5244 	mov.w	r2, r4, lsl #21
20000ee0:	f512 0f80 	cmn.w	r2, #4194304	@ 0x400000
20000ee4:	f080 809a 	bcs.w	2000101c <__adddf3+0x240>
20000ee8:	f1bc 4f00 	cmp.w	ip, #2147483648	@ 0x80000000
20000eec:	bf08      	it	eq
20000eee:	ea5f 0c50 	movseq.w	ip, r0, lsr #1
20000ef2:	f150 0000 	adcs.w	r0, r0, #0
20000ef6:	eb41 5104 	adc.w	r1, r1, r4, lsl #20
20000efa:	ea41 0105 	orr.w	r1, r1, r5
20000efe:	bd30      	pop	{r4, r5, pc}
20000f00:	ea5f 0c4c 	movs.w	ip, ip, lsl #1
20000f04:	4140      	adcs	r0, r0
20000f06:	eb41 0101 	adc.w	r1, r1, r1
20000f0a:	3c01      	subs	r4, #1
20000f0c:	bf28      	it	cs
20000f0e:	f5b1 1f80 	cmpcs.w	r1, #1048576	@ 0x100000
20000f12:	d2e9      	bcs.n	20000ee8 <__adddf3+0x10c>
20000f14:	f091 0f00 	teq	r1, #0
20000f18:	bf04      	itt	eq
20000f1a:	4601      	moveq	r1, r0
20000f1c:	2000      	moveq	r0, #0
20000f1e:	fab1 f381 	clz	r3, r1
20000f22:	bf08      	it	eq
20000f24:	3320      	addeq	r3, #32
20000f26:	f1a3 030b 	sub.w	r3, r3, #11
20000f2a:	f1b3 0220 	subs.w	r2, r3, #32
20000f2e:	da0c      	bge.n	20000f4a <__adddf3+0x16e>
20000f30:	320c      	adds	r2, #12
20000f32:	dd08      	ble.n	20000f46 <__adddf3+0x16a>
20000f34:	f102 0c14 	add.w	ip, r2, #20
20000f38:	f1c2 020c 	rsb	r2, r2, #12
20000f3c:	fa01 f00c 	lsl.w	r0, r1, ip
20000f40:	fa21 f102 	lsr.w	r1, r1, r2
20000f44:	e00c      	b.n	20000f60 <__adddf3+0x184>
20000f46:	f102 0214 	add.w	r2, r2, #20
20000f4a:	bfd8      	it	le
20000f4c:	f1c2 0c20 	rsble	ip, r2, #32
20000f50:	fa01 f102 	lsl.w	r1, r1, r2
20000f54:	fa20 fc0c 	lsr.w	ip, r0, ip
20000f58:	bfdc      	itt	le
20000f5a:	ea41 010c 	orrle.w	r1, r1, ip
20000f5e:	4090      	lslle	r0, r2
20000f60:	1ae4      	subs	r4, r4, r3
20000f62:	bfa2      	ittt	ge
20000f64:	eb01 5104 	addge.w	r1, r1, r4, lsl #20
20000f68:	4329      	orrge	r1, r5
20000f6a:	bd30      	popge	{r4, r5, pc}
20000f6c:	ea6f 0404 	mvn.w	r4, r4
20000f70:	3c1f      	subs	r4, #31
20000f72:	da1c      	bge.n	20000fae <__adddf3+0x1d2>
20000f74:	340c      	adds	r4, #12
20000f76:	dc0e      	bgt.n	20000f96 <__adddf3+0x1ba>
20000f78:	f104 0414 	add.w	r4, r4, #20
20000f7c:	f1c4 0220 	rsb	r2, r4, #32
20000f80:	fa20 f004 	lsr.w	r0, r0, r4
20000f84:	fa01 f302 	lsl.w	r3, r1, r2
20000f88:	ea40 0003 	orr.w	r0, r0, r3
20000f8c:	fa21 f304 	lsr.w	r3, r1, r4
20000f90:	ea45 0103 	orr.w	r1, r5, r3
20000f94:	bd30      	pop	{r4, r5, pc}
20000f96:	f1c4 040c 	rsb	r4, r4, #12
20000f9a:	f1c4 0220 	rsb	r2, r4, #32
20000f9e:	fa20 f002 	lsr.w	r0, r0, r2
20000fa2:	fa01 f304 	lsl.w	r3, r1, r4
20000fa6:	ea40 0003 	orr.w	r0, r0, r3
20000faa:	4629      	mov	r1, r5
20000fac:	bd30      	pop	{r4, r5, pc}
20000fae:	fa21 f004 	lsr.w	r0, r1, r4
20000fb2:	4629      	mov	r1, r5
20000fb4:	bd30      	pop	{r4, r5, pc}
20000fb6:	f094 0f00 	teq	r4, #0
20000fba:	f483 1380 	eor.w	r3, r3, #1048576	@ 0x100000
20000fbe:	bf06      	itte	eq
20000fc0:	f481 1180 	eoreq.w	r1, r1, #1048576	@ 0x100000
20000fc4:	3401      	addeq	r4, #1
20000fc6:	3d01      	subne	r5, #1
20000fc8:	e74e      	b.n	20000e68 <__adddf3+0x8c>
20000fca:	ea7f 5c64 	mvns.w	ip, r4, asr #21
20000fce:	bf18      	it	ne
20000fd0:	ea7f 5c65 	mvnsne.w	ip, r5, asr #21
20000fd4:	d029      	beq.n	2000102a <__adddf3+0x24e>
20000fd6:	ea94 0f05 	teq	r4, r5
20000fda:	bf08      	it	eq
20000fdc:	ea90 0f02 	teqeq	r0, r2
20000fe0:	d005      	beq.n	20000fee <__adddf3+0x212>
20000fe2:	ea54 0c00 	orrs.w	ip, r4, r0
20000fe6:	bf04      	itt	eq
20000fe8:	4619      	moveq	r1, r3
20000fea:	4610      	moveq	r0, r2
20000fec:	bd30      	pop	{r4, r5, pc}
20000fee:	ea91 0f03 	teq	r1, r3
20000ff2:	bf1e      	ittt	ne
20000ff4:	2100      	movne	r1, #0
20000ff6:	2000      	movne	r0, #0
20000ff8:	bd30      	popne	{r4, r5, pc}
20000ffa:	ea5f 5c54 	movs.w	ip, r4, lsr #21
20000ffe:	d105      	bne.n	2000100c <__adddf3+0x230>
20001000:	0040      	lsls	r0, r0, #1
20001002:	4149      	adcs	r1, r1
20001004:	bf28      	it	cs
20001006:	f041 4100 	orrcs.w	r1, r1, #2147483648	@ 0x80000000
2000100a:	bd30      	pop	{r4, r5, pc}
2000100c:	f514 0480 	adds.w	r4, r4, #4194304	@ 0x400000
20001010:	bf3c      	itt	cc
20001012:	f501 1180 	addcc.w	r1, r1, #1048576	@ 0x100000
20001016:	bd30      	popcc	{r4, r5, pc}
20001018:	f001 4500 	and.w	r5, r1, #2147483648	@ 0x80000000
2000101c:	f045 41fe 	orr.w	r1, r5, #2130706432	@ 0x7f000000
20001020:	f441 0170 	orr.w	r1, r1, #15728640	@ 0xf00000
20001024:	f04f 0000 	mov.w	r0, #0
20001028:	bd30      	pop	{r4, r5, pc}
2000102a:	ea7f 5c64 	mvns.w	ip, r4, asr #21
2000102e:	bf1a      	itte	ne
20001030:	4619      	movne	r1, r3
20001032:	4610      	movne	r0, r2
20001034:	ea7f 5c65 	mvnseq.w	ip, r5, asr #21
20001038:	bf1c      	itt	ne
2000103a:	460b      	movne	r3, r1
2000103c:	4602      	movne	r2, r0
2000103e:	ea50 3401 	orrs.w	r4, r0, r1, lsl #12
20001042:	bf06      	itte	eq
20001044:	ea52 3503 	orrseq.w	r5, r2, r3, lsl #12
20001048:	ea91 0f03 	teqeq	r1, r3
2000104c:	f441 2100 	orrne.w	r1, r1, #524288	@ 0x80000
20001050:	bd30      	pop	{r4, r5, pc}
20001052:	bf00      	nop

20001054 <__aeabi_ui2d>:
20001054:	f090 0f00 	teq	r0, #0
20001058:	bf04      	itt	eq
2000105a:	2100      	moveq	r1, #0
2000105c:	4770      	bxeq	lr
2000105e:	b530      	push	{r4, r5, lr}
20001060:	f44f 6480 	mov.w	r4, #1024	@ 0x400
20001064:	f104 0432 	add.w	r4, r4, #50	@ 0x32
20001068:	f04f 0500 	mov.w	r5, #0
2000106c:	f04f 0100 	mov.w	r1, #0
20001070:	e750      	b.n	20000f14 <__adddf3+0x138>
20001072:	bf00      	nop

20001074 <__aeabi_i2d>:
20001074:	f090 0f00 	teq	r0, #0
20001078:	bf04      	itt	eq
2000107a:	2100      	moveq	r1, #0
2000107c:	4770      	bxeq	lr
2000107e:	b530      	push	{r4, r5, lr}
20001080:	f44f 6480 	mov.w	r4, #1024	@ 0x400
20001084:	f104 0432 	add.w	r4, r4, #50	@ 0x32
20001088:	f010 4500 	ands.w	r5, r0, #2147483648	@ 0x80000000
2000108c:	bf48      	it	mi
2000108e:	4240      	negmi	r0, r0
20001090:	f04f 0100 	mov.w	r1, #0
20001094:	e73e      	b.n	20000f14 <__adddf3+0x138>
20001096:	bf00      	nop

20001098 <__aeabi_f2d>:
20001098:	0042      	lsls	r2, r0, #1
2000109a:	ea4f 01e2 	mov.w	r1, r2, asr #3
2000109e:	ea4f 0131 	mov.w	r1, r1, rrx
200010a2:	ea4f 7002 	mov.w	r0, r2, lsl #28
200010a6:	bf1f      	itttt	ne
200010a8:	f012 437f 	andsne.w	r3, r2, #4278190080	@ 0xff000000
200010ac:	f093 4f7f 	teqne	r3, #4278190080	@ 0xff000000
200010b0:	f081 5160 	eorne.w	r1, r1, #939524096	@ 0x38000000
200010b4:	4770      	bxne	lr
200010b6:	f032 427f 	bics.w	r2, r2, #4278190080	@ 0xff000000
200010ba:	bf08      	it	eq
200010bc:	4770      	bxeq	lr
200010be:	f093 4f7f 	teq	r3, #4278190080	@ 0xff000000
200010c2:	bf04      	itt	eq
200010c4:	f441 2100 	orreq.w	r1, r1, #524288	@ 0x80000
200010c8:	4770      	bxeq	lr
200010ca:	b530      	push	{r4, r5, lr}
200010cc:	f44f 7460 	mov.w	r4, #896	@ 0x380
200010d0:	f001 4500 	and.w	r5, r1, #2147483648	@ 0x80000000
200010d4:	f021 4100 	bic.w	r1, r1, #2147483648	@ 0x80000000
200010d8:	e71c      	b.n	20000f14 <__adddf3+0x138>
200010da:	bf00      	nop

200010dc <__aeabi_ul2d>:
200010dc:	ea50 0201 	orrs.w	r2, r0, r1
200010e0:	bf08      	it	eq
200010e2:	4770      	bxeq	lr
200010e4:	b530      	push	{r4, r5, lr}
200010e6:	f04f 0500 	mov.w	r5, #0
200010ea:	e00a      	b.n	20001102 <__aeabi_l2d+0x16>

200010ec <__aeabi_l2d>:
200010ec:	ea50 0201 	orrs.w	r2, r0, r1
200010f0:	bf08      	it	eq
200010f2:	4770      	bxeq	lr
200010f4:	b530      	push	{r4, r5, lr}
200010f6:	f011 4500 	ands.w	r5, r1, #2147483648	@ 0x80000000
200010fa:	d502      	bpl.n	20001102 <__aeabi_l2d+0x16>
200010fc:	4240      	negs	r0, r0
200010fe:	eb61 0141 	sbc.w	r1, r1, r1, lsl #1
20001102:	f44f 6480 	mov.w	r4, #1024	@ 0x400
20001106:	f104 0432 	add.w	r4, r4, #50	@ 0x32
2000110a:	ea5f 5c91 	movs.w	ip, r1, lsr #22
2000110e:	f43f aed8 	beq.w	20000ec2 <__adddf3+0xe6>
20001112:	f04f 0203 	mov.w	r2, #3
20001116:	ea5f 0cdc 	movs.w	ip, ip, lsr #3
2000111a:	bf18      	it	ne
2000111c:	3203      	addne	r2, #3
2000111e:	ea5f 0cdc 	movs.w	ip, ip, lsr #3
20001122:	bf18      	it	ne
20001124:	3203      	addne	r2, #3
20001126:	eb02 02dc 	add.w	r2, r2, ip, lsr #3
2000112a:	f1c2 0320 	rsb	r3, r2, #32
2000112e:	fa00 fc03 	lsl.w	ip, r0, r3
20001132:	fa20 f002 	lsr.w	r0, r0, r2
20001136:	fa01 fe03 	lsl.w	lr, r1, r3
2000113a:	ea40 000e 	orr.w	r0, r0, lr
2000113e:	fa21 f102 	lsr.w	r1, r1, r2
20001142:	4414      	add	r4, r2
20001144:	e6bd      	b.n	20000ec2 <__adddf3+0xe6>
20001146:	bf00      	nop

20001148 <__aeabi_uldivmod>:
20001148:	b953      	cbnz	r3, 20001160 <__aeabi_uldivmod+0x18>
2000114a:	b94a      	cbnz	r2, 20001160 <__aeabi_uldivmod+0x18>
2000114c:	2900      	cmp	r1, #0
2000114e:	bf08      	it	eq
20001150:	2800      	cmpeq	r0, #0
20001152:	bf1c      	itt	ne
20001154:	f04f 31ff 	movne.w	r1, #4294967295
20001158:	f04f 30ff 	movne.w	r0, #4294967295
2000115c:	f000 b9b2 	b.w	200014c4 <__aeabi_idiv0>
20001160:	f1ad 0c08 	sub.w	ip, sp, #8
20001164:	e96d ce04 	strd	ip, lr, [sp, #-16]!
20001168:	f000 f806 	bl	20001178 <__udivmoddi4>
2000116c:	f8dd e004 	ldr.w	lr, [sp, #4]
20001170:	e9dd 2302 	ldrd	r2, r3, [sp, #8]
20001174:	b004      	add	sp, #16
20001176:	4770      	bx	lr

20001178 <__udivmoddi4>:
20001178:	e92d 4ff0 	stmdb	sp!, {r4, r5, r6, r7, r8, r9, sl, fp, lr}
2000117c:	468c      	mov	ip, r1
2000117e:	9e09      	ldr	r6, [sp, #36]	@ 0x24
20001180:	4604      	mov	r4, r0
20001182:	460f      	mov	r7, r1
20001184:	2b00      	cmp	r3, #0
20001186:	d148      	bne.n	2000121a <__udivmoddi4+0xa2>
20001188:	428a      	cmp	r2, r1
2000118a:	4615      	mov	r5, r2
2000118c:	d95e      	bls.n	2000124c <__udivmoddi4+0xd4>
2000118e:	fab2 f382 	clz	r3, r2
20001192:	b13b      	cbz	r3, 200011a4 <__udivmoddi4+0x2c>
20001194:	f1c3 0220 	rsb	r2, r3, #32
20001198:	409f      	lsls	r7, r3
2000119a:	409d      	lsls	r5, r3
2000119c:	409c      	lsls	r4, r3
2000119e:	fa20 f202 	lsr.w	r2, r0, r2
200011a2:	4317      	orrs	r7, r2
200011a4:	ea4f 4e15 	mov.w	lr, r5, lsr #16
200011a8:	fa1f fc85 	uxth.w	ip, r5
200011ac:	0c22      	lsrs	r2, r4, #16
200011ae:	fbb7 f1fe 	udiv	r1, r7, lr
200011b2:	fb0e 7711 	mls	r7, lr, r1, r7
200011b6:	fb01 f00c 	mul.w	r0, r1, ip
200011ba:	ea42 4207 	orr.w	r2, r2, r7, lsl #16
200011be:	4290      	cmp	r0, r2
200011c0:	d907      	bls.n	200011d2 <__udivmoddi4+0x5a>
200011c2:	18aa      	adds	r2, r5, r2
200011c4:	f101 37ff 	add.w	r7, r1, #4294967295
200011c8:	d202      	bcs.n	200011d0 <__udivmoddi4+0x58>
200011ca:	4290      	cmp	r0, r2
200011cc:	f200 8158 	bhi.w	20001480 <__udivmoddi4+0x308>
200011d0:	4639      	mov	r1, r7
200011d2:	1a12      	subs	r2, r2, r0
200011d4:	b2a4      	uxth	r4, r4
200011d6:	fbb2 f0fe 	udiv	r0, r2, lr
200011da:	fb0e 2210 	mls	r2, lr, r0, r2
200011de:	fb00 fc0c 	mul.w	ip, r0, ip
200011e2:	ea44 4402 	orr.w	r4, r4, r2, lsl #16
200011e6:	45a4      	cmp	ip, r4
200011e8:	d90b      	bls.n	20001202 <__udivmoddi4+0x8a>
200011ea:	192c      	adds	r4, r5, r4
200011ec:	f100 32ff 	add.w	r2, r0, #4294967295
200011f0:	bf2c      	ite	cs
200011f2:	2701      	movcs	r7, #1
200011f4:	2700      	movcc	r7, #0
200011f6:	45a4      	cmp	ip, r4
200011f8:	d902      	bls.n	20001200 <__udivmoddi4+0x88>
200011fa:	2f00      	cmp	r7, #0
200011fc:	f000 8143 	beq.w	20001486 <__udivmoddi4+0x30e>
20001200:	4610      	mov	r0, r2
20001202:	ea40 4001 	orr.w	r0, r0, r1, lsl #16
20001206:	eba4 040c 	sub.w	r4, r4, ip
2000120a:	2100      	movs	r1, #0
2000120c:	b11e      	cbz	r6, 20001216 <__udivmoddi4+0x9e>
2000120e:	40dc      	lsrs	r4, r3
20001210:	2300      	movs	r3, #0
20001212:	e9c6 4300 	strd	r4, r3, [r6]
20001216:	e8bd 8ff0 	ldmia.w	sp!, {r4, r5, r6, r7, r8, r9, sl, fp, pc}
2000121a:	428b      	cmp	r3, r1
2000121c:	d906      	bls.n	2000122c <__udivmoddi4+0xb4>
2000121e:	b10e      	cbz	r6, 20001224 <__udivmoddi4+0xac>
20001220:	e9c6 0100 	strd	r0, r1, [r6]
20001224:	2100      	movs	r1, #0
20001226:	4608      	mov	r0, r1
20001228:	e8bd 8ff0 	ldmia.w	sp!, {r4, r5, r6, r7, r8, r9, sl, fp, pc}
2000122c:	fab3 f183 	clz	r1, r3
20001230:	2900      	cmp	r1, #0
20001232:	d151      	bne.n	200012d8 <__udivmoddi4+0x160>
20001234:	4563      	cmp	r3, ip
20001236:	f0c0 8116 	bcc.w	20001466 <__udivmoddi4+0x2ee>
2000123a:	4282      	cmp	r2, r0
2000123c:	f240 8113 	bls.w	20001466 <__udivmoddi4+0x2ee>
20001240:	4608      	mov	r0, r1
20001242:	2e00      	cmp	r6, #0
20001244:	d0e7      	beq.n	20001216 <__udivmoddi4+0x9e>
20001246:	e9c6 4700 	strd	r4, r7, [r6]
2000124a:	e7e4      	b.n	20001216 <__udivmoddi4+0x9e>
2000124c:	2a00      	cmp	r2, #0
2000124e:	f000 80af 	beq.w	200013b0 <__udivmoddi4+0x238>
20001252:	fab2 f382 	clz	r3, r2
20001256:	2b00      	cmp	r3, #0
20001258:	f040 80c2 	bne.w	200013e0 <__udivmoddi4+0x268>
2000125c:	1a8a      	subs	r2, r1, r2
2000125e:	ea4f 4e15 	mov.w	lr, r5, lsr #16
20001262:	b2af      	uxth	r7, r5
20001264:	2101      	movs	r1, #1
20001266:	0c20      	lsrs	r0, r4, #16
20001268:	fbb2 fcfe 	udiv	ip, r2, lr
2000126c:	fb0e 221c 	mls	r2, lr, ip, r2
20001270:	ea40 4202 	orr.w	r2, r0, r2, lsl #16
20001274:	fb07 f00c 	mul.w	r0, r7, ip
20001278:	4290      	cmp	r0, r2
2000127a:	d90e      	bls.n	2000129a <__udivmoddi4+0x122>
2000127c:	18aa      	adds	r2, r5, r2
2000127e:	f10c 38ff 	add.w	r8, ip, #4294967295
20001282:	bf2c      	ite	cs
20001284:	f04f 0901 	movcs.w	r9, #1
20001288:	f04f 0900 	movcc.w	r9, #0
2000128c:	4290      	cmp	r0, r2
2000128e:	d903      	bls.n	20001298 <__udivmoddi4+0x120>
20001290:	f1b9 0f00 	cmp.w	r9, #0
20001294:	f000 80f0 	beq.w	20001478 <__udivmoddi4+0x300>
20001298:	46c4      	mov	ip, r8
2000129a:	1a12      	subs	r2, r2, r0
2000129c:	b2a4      	uxth	r4, r4
2000129e:	fbb2 f0fe 	udiv	r0, r2, lr
200012a2:	fb0e 2210 	mls	r2, lr, r0, r2
200012a6:	fb00 f707 	mul.w	r7, r0, r7
200012aa:	ea44 4402 	orr.w	r4, r4, r2, lsl #16
200012ae:	42a7      	cmp	r7, r4
200012b0:	d90e      	bls.n	200012d0 <__udivmoddi4+0x158>
200012b2:	192c      	adds	r4, r5, r4
200012b4:	f100 32ff 	add.w	r2, r0, #4294967295
200012b8:	bf2c      	ite	cs
200012ba:	f04f 0e01 	movcs.w	lr, #1
200012be:	f04f 0e00 	movcc.w	lr, #0
200012c2:	42a7      	cmp	r7, r4
200012c4:	d903      	bls.n	200012ce <__udivmoddi4+0x156>
200012c6:	f1be 0f00 	cmp.w	lr, #0
200012ca:	f000 80d2 	beq.w	20001472 <__udivmoddi4+0x2fa>
200012ce:	4610      	mov	r0, r2
200012d0:	1be4      	subs	r4, r4, r7
200012d2:	ea40 400c 	orr.w	r0, r0, ip, lsl #16
200012d6:	e799      	b.n	2000120c <__udivmoddi4+0x94>
200012d8:	f1c1 0520 	rsb	r5, r1, #32
200012dc:	408b      	lsls	r3, r1
200012de:	fa0c f401 	lsl.w	r4, ip, r1
200012e2:	fa00 f901 	lsl.w	r9, r0, r1
200012e6:	fa22 f705 	lsr.w	r7, r2, r5
200012ea:	fa2c fc05 	lsr.w	ip, ip, r5
200012ee:	408a      	lsls	r2, r1
200012f0:	431f      	orrs	r7, r3
200012f2:	fa20 f305 	lsr.w	r3, r0, r5
200012f6:	0c38      	lsrs	r0, r7, #16
200012f8:	4323      	orrs	r3, r4
200012fa:	fa1f fe87 	uxth.w	lr, r7
200012fe:	0c1c      	lsrs	r4, r3, #16
20001300:	fbbc f8f0 	udiv	r8, ip, r0
20001304:	fb00 cc18 	mls	ip, r0, r8, ip
20001308:	ea44 440c 	orr.w	r4, r4, ip, lsl #16
2000130c:	fb08 fc0e 	mul.w	ip, r8, lr
20001310:	45a4      	cmp	ip, r4
20001312:	d90e      	bls.n	20001332 <__udivmoddi4+0x1ba>
20001314:	193c      	adds	r4, r7, r4
20001316:	f108 3aff 	add.w	sl, r8, #4294967295
2000131a:	bf2c      	ite	cs
2000131c:	f04f 0b01 	movcs.w	fp, #1
20001320:	f04f 0b00 	movcc.w	fp, #0
20001324:	45a4      	cmp	ip, r4
20001326:	d903      	bls.n	20001330 <__udivmoddi4+0x1b8>
20001328:	f1bb 0f00 	cmp.w	fp, #0
2000132c:	f000 80b8 	beq.w	200014a0 <__udivmoddi4+0x328>
20001330:	46d0      	mov	r8, sl
20001332:	eba4 040c 	sub.w	r4, r4, ip
20001336:	fa1f fc83 	uxth.w	ip, r3
2000133a:	fbb4 f3f0 	udiv	r3, r4, r0
2000133e:	fb00 4413 	mls	r4, r0, r3, r4
20001342:	fb03 fe0e 	mul.w	lr, r3, lr
20001346:	ea4c 4404 	orr.w	r4, ip, r4, lsl #16
2000134a:	45a6      	cmp	lr, r4
2000134c:	d90e      	bls.n	2000136c <__udivmoddi4+0x1f4>
2000134e:	193c      	adds	r4, r7, r4
20001350:	f103 30ff 	add.w	r0, r3, #4294967295
20001354:	bf2c      	ite	cs
20001356:	f04f 0c01 	movcs.w	ip, #1
2000135a:	f04f 0c00 	movcc.w	ip, #0
2000135e:	45a6      	cmp	lr, r4
20001360:	d903      	bls.n	2000136a <__udivmoddi4+0x1f2>
20001362:	f1bc 0f00 	cmp.w	ip, #0
20001366:	f000 809f 	beq.w	200014a8 <__udivmoddi4+0x330>
2000136a:	4603      	mov	r3, r0
2000136c:	ea43 4008 	orr.w	r0, r3, r8, lsl #16
20001370:	eba4 040e 	sub.w	r4, r4, lr
20001374:	fba0 ec02 	umull	lr, ip, r0, r2
20001378:	4564      	cmp	r4, ip
2000137a:	4673      	mov	r3, lr
2000137c:	46e0      	mov	r8, ip
2000137e:	d302      	bcc.n	20001386 <__udivmoddi4+0x20e>
20001380:	d107      	bne.n	20001392 <__udivmoddi4+0x21a>
20001382:	45f1      	cmp	r9, lr
20001384:	d205      	bcs.n	20001392 <__udivmoddi4+0x21a>
20001386:	ebbe 0302 	subs.w	r3, lr, r2
2000138a:	eb6c 0c07 	sbc.w	ip, ip, r7
2000138e:	3801      	subs	r0, #1
20001390:	46e0      	mov	r8, ip
20001392:	b15e      	cbz	r6, 200013ac <__udivmoddi4+0x234>
20001394:	ebb9 0203 	subs.w	r2, r9, r3
20001398:	eb64 0408 	sbc.w	r4, r4, r8
2000139c:	fa04 f505 	lsl.w	r5, r4, r5
200013a0:	fa22 f301 	lsr.w	r3, r2, r1
200013a4:	40cc      	lsrs	r4, r1
200013a6:	431d      	orrs	r5, r3
200013a8:	e9c6 5400 	strd	r5, r4, [r6]
200013ac:	2100      	movs	r1, #0
200013ae:	e732      	b.n	20001216 <__udivmoddi4+0x9e>
200013b0:	0842      	lsrs	r2, r0, #1
200013b2:	462f      	mov	r7, r5
200013b4:	084b      	lsrs	r3, r1, #1
200013b6:	46ac      	mov	ip, r5
200013b8:	ea42 72c1 	orr.w	r2, r2, r1, lsl #31
200013bc:	46ae      	mov	lr, r5
200013be:	07c4      	lsls	r4, r0, #31
200013c0:	0c11      	lsrs	r1, r2, #16
200013c2:	b292      	uxth	r2, r2
200013c4:	ea41 4103 	orr.w	r1, r1, r3, lsl #16
200013c8:	ea42 4201 	orr.w	r2, r2, r1, lsl #16
200013cc:	fbb1 f1f5 	udiv	r1, r1, r5
200013d0:	fbb3 f0f5 	udiv	r0, r3, r5
200013d4:	231f      	movs	r3, #31
200013d6:	eba2 020c 	sub.w	r2, r2, ip
200013da:	ea41 4100 	orr.w	r1, r1, r0, lsl #16
200013de:	e742      	b.n	20001266 <__udivmoddi4+0xee>
200013e0:	409d      	lsls	r5, r3
200013e2:	f1c3 0220 	rsb	r2, r3, #32
200013e6:	4099      	lsls	r1, r3
200013e8:	409c      	lsls	r4, r3
200013ea:	fa2c fc02 	lsr.w	ip, ip, r2
200013ee:	ea4f 4e15 	mov.w	lr, r5, lsr #16
200013f2:	fa20 f202 	lsr.w	r2, r0, r2
200013f6:	b2af      	uxth	r7, r5
200013f8:	fbbc f8fe 	udiv	r8, ip, lr
200013fc:	430a      	orrs	r2, r1
200013fe:	fb0e cc18 	mls	ip, lr, r8, ip
20001402:	0c11      	lsrs	r1, r2, #16
20001404:	ea41 410c 	orr.w	r1, r1, ip, lsl #16
20001408:	fb08 fc07 	mul.w	ip, r8, r7
2000140c:	458c      	cmp	ip, r1
2000140e:	d950      	bls.n	200014b2 <__udivmoddi4+0x33a>
20001410:	1869      	adds	r1, r5, r1
20001412:	f108 30ff 	add.w	r0, r8, #4294967295
20001416:	bf2c      	ite	cs
20001418:	f04f 0901 	movcs.w	r9, #1
2000141c:	f04f 0900 	movcc.w	r9, #0
20001420:	458c      	cmp	ip, r1
20001422:	d902      	bls.n	2000142a <__udivmoddi4+0x2b2>
20001424:	f1b9 0f00 	cmp.w	r9, #0
20001428:	d030      	beq.n	2000148c <__udivmoddi4+0x314>
2000142a:	eba1 010c 	sub.w	r1, r1, ip
2000142e:	fbb1 f8fe 	udiv	r8, r1, lr
20001432:	fb08 fc07 	mul.w	ip, r8, r7
20001436:	fb0e 1118 	mls	r1, lr, r8, r1
2000143a:	b292      	uxth	r2, r2
2000143c:	ea42 4201 	orr.w	r2, r2, r1, lsl #16
20001440:	4562      	cmp	r2, ip
20001442:	d234      	bcs.n	200014ae <__udivmoddi4+0x336>
20001444:	18aa      	adds	r2, r5, r2
20001446:	f108 31ff 	add.w	r1, r8, #4294967295
2000144a:	bf2c      	ite	cs
2000144c:	f04f 0901 	movcs.w	r9, #1
20001450:	f04f 0900 	movcc.w	r9, #0
20001454:	4562      	cmp	r2, ip
20001456:	d2be      	bcs.n	200013d6 <__udivmoddi4+0x25e>
20001458:	f1b9 0f00 	cmp.w	r9, #0
2000145c:	d1bb      	bne.n	200013d6 <__udivmoddi4+0x25e>
2000145e:	f1a8 0102 	sub.w	r1, r8, #2
20001462:	442a      	add	r2, r5
20001464:	e7b7      	b.n	200013d6 <__udivmoddi4+0x25e>
20001466:	1a84      	subs	r4, r0, r2
20001468:	eb6c 0203 	sbc.w	r2, ip, r3
2000146c:	2001      	movs	r0, #1
2000146e:	4617      	mov	r7, r2
20001470:	e6e7      	b.n	20001242 <__udivmoddi4+0xca>
20001472:	442c      	add	r4, r5
20001474:	3802      	subs	r0, #2
20001476:	e72b      	b.n	200012d0 <__udivmoddi4+0x158>
20001478:	f1ac 0c02 	sub.w	ip, ip, #2
2000147c:	442a      	add	r2, r5
2000147e:	e70c      	b.n	2000129a <__udivmoddi4+0x122>
20001480:	3902      	subs	r1, #2
20001482:	442a      	add	r2, r5
20001484:	e6a5      	b.n	200011d2 <__udivmoddi4+0x5a>
20001486:	442c      	add	r4, r5
20001488:	3802      	subs	r0, #2
2000148a:	e6ba      	b.n	20001202 <__udivmoddi4+0x8a>
2000148c:	eba5 0c0c 	sub.w	ip, r5, ip
20001490:	f1a8 0002 	sub.w	r0, r8, #2
20001494:	4461      	add	r1, ip
20001496:	fbb1 f8fe 	udiv	r8, r1, lr
2000149a:	fb08 fc07 	mul.w	ip, r8, r7
2000149e:	e7ca      	b.n	20001436 <__udivmoddi4+0x2be>
200014a0:	f1a8 0802 	sub.w	r8, r8, #2
200014a4:	443c      	add	r4, r7
200014a6:	e744      	b.n	20001332 <__udivmoddi4+0x1ba>
200014a8:	3b02      	subs	r3, #2
200014aa:	443c      	add	r4, r7
200014ac:	e75e      	b.n	2000136c <__udivmoddi4+0x1f4>
200014ae:	4641      	mov	r1, r8
200014b0:	e791      	b.n	200013d6 <__udivmoddi4+0x25e>
200014b2:	eba1 010c 	sub.w	r1, r1, ip
200014b6:	4640      	mov	r0, r8
200014b8:	fbb1 f8fe 	udiv	r8, r1, lr
200014bc:	fb08 fc07 	mul.w	ip, r8, r7
200014c0:	e7b9      	b.n	20001436 <__udivmoddi4+0x2be>
200014c2:	bf00      	nop

200014c4 <__aeabi_idiv0>:
200014c4:	4770      	bx	lr
200014c6:	bf00      	nop

200014c8 <__best_effort_wfe_or_timeout_veneer>:
200014c8:	f85f f000 	ldr.w	pc, [pc]	@ 200014cc <__best_effort_wfe_or_timeout_veneer+0x4>
200014cc:	100016e1 	.word	0x100016e1

200014d0 <__time_us_64_veneer>:
200014d0:	f85f f000 	ldr.w	pc, [pc]	@ 200014d4 <__time_us_64_veneer+0x4>
200014d4:	100017e9 	.word	0x100017e9

200014d8 <__memset_veneer>:
200014d8:	f85f f000 	ldr.w	pc, [pc]	@ 200014dc <__memset_veneer+0x4>
200014dc:	10008cfd 	.word	0x10008cfd

200014e0 <__tud_event_hook_cb_veneer>:
200014e0:	f85f f000 	ldr.w	pc, [pc]	@ 200014e4 <__tud_event_hook_cb_veneer+0x4>
200014e4:	100046a5 	.word	0x100046a5

200014e8 <__panic_veneer>:
200014e8:	f85f f000 	ldr.w	pc, [pc]	@ 200014ec <__panic_veneer+0x4>
200014ec:	100007c1 	.word	0x100007c1

200014f0 <__tu_fifo_write_veneer>:
200014f0:	f85f f000 	ldr.w	pc, [pc]	@ 200014f4 <__tu_fifo_write_veneer+0x4>
200014f4:	1000607d 	.word	0x1000607d

200014f8 <ventana>:
200014f8:	41200000                                .. A

200014fc <fre>:
200014fc:	                                         .'

200014fe <striped_spin_lock_num>:
200014fe:	                                         ..

20001500 <irq_handler_chain_slots>:
20001500:	00000000 	.word	0x00000000
20001504:	00010000 	.word	0x00010000
	...
20001510:	00020000 	.word	0x00020000
	...
2000151c:	00030000 	.word	0x00030000
	...
20001528:	00ff0000 	.word	0x00ff0000
2000152c:	00000000 	.word	0x00000000

20001530 <irq_handler_chain_first_slot>:
20001530:	b501      	push	{r0, lr}
20001532:	6848      	ldr	r0, [r1, #4]
20001534:	3101      	adds	r1, #1
20001536:	468e      	mov	lr, r1
20001538:	4700      	bx	r0

2000153a <irq_handler_chain_remove_tail>:
2000153a:	4670      	mov	r0, lr
2000153c:	3809      	subs	r0, #9
2000153e:	4901      	ldr	r1, [pc, #4]	@ (20001544 <irq_handler_chain_remove_tail+0xa>)
20001540:	4788      	blx	r1
20001542:	bd01      	pop	{r0, pc}
20001544:	10000e29 	.word	0x10000e29

20001548 <default_alarm_pool>:
	...
2000155c:	20001b18                                ... 

20001560 <stdio_usb>:
20001560:	10003e51 10003dfd 10003d75 10003ce5     Q>...=..u=...<..
20001570:	00000000 00000100                       ........

20001578 <_usbd_qdef>:
20001578:	2000208c 000c0010 00000000 00000000     . . ............
	...

20001594 <_usbd_rhport>:
20001594:	000000ff                                ....

20001598 <i2c1_inst>:
20001598:	40098000 00000000                       ...@....

200015a0 <i2c0_inst>:
200015a0:	40090000 00000000                       ...@....

200015a8 <ucPrimaryCoreNum>:
200015a8:	000000ff                                ....

200015ac <ulCriticalNesting>:
200015ac:	aaaaaaaa                                ....

200015b0 <__malloc_sbrk_base>:
200015b0:	ffffffff                                ....

200015b4 <__malloc_trim_threshold>:
200015b4:	00020000                                ....

200015b8 <__malloc_av_>:
	...
200015c0:	200015b8 200015b8 200015c0 200015c0     ... ... ... ... 
200015d0:	200015c8 200015c8 200015d0 200015d0     ... ... ... ... 
200015e0:	200015d8 200015d8 200015e0 200015e0     ... ... ... ... 
200015f0:	200015e8 200015e8 200015f0 200015f0     ... ... ... ... 
20001600:	200015f8 200015f8 20001600 20001600     ... ... ... ... 
20001610:	20001608 20001608 20001610 20001610     ... ... ... ... 
20001620:	20001618 20001618 20001620 20001620     ... ...  ..  .. 
20001630:	20001628 20001628 20001630 20001630     (.. (.. 0.. 0.. 
20001640:	20001638 20001638 20001640 20001640     8.. 8.. @.. @.. 
20001650:	20001648 20001648 20001650 20001650     H.. H.. P.. P.. 
20001660:	20001658 20001658 20001660 20001660     X.. X.. `.. `.. 
20001670:	20001668 20001668 20001670 20001670     h.. h.. p.. p.. 
20001680:	20001678 20001678 20001680 20001680     x.. x.. ... ... 
20001690:	20001688 20001688 20001690 20001690     ... ... ... ... 
200016a0:	20001698 20001698 200016a0 200016a0     ... ... ... ... 
200016b0:	200016a8 200016a8 200016b0 200016b0     ... ... ... ... 
200016c0:	200016b8 200016b8 200016c0 200016c0     ... ... ... ... 
200016d0:	200016c8 200016c8 200016d0 200016d0     ... ... ... ... 
200016e0:	200016d8 200016d8 200016e0 200016e0     ... ... ... ... 
200016f0:	200016e8 200016e8 200016f0 200016f0     ... ... ... ... 
20001700:	200016f8 200016f8 20001700 20001700     ... ... ... ... 
20001710:	20001708 20001708 20001710 20001710     ... ... ... ... 
20001720:	20001718 20001718 20001720 20001720     ... ...  ..  .. 
20001730:	20001728 20001728 20001730 20001730     (.. (.. 0.. 0.. 
20001740:	20001738 20001738 20001740 20001740     8.. 8.. @.. @.. 
20001750:	20001748 20001748 20001750 20001750     H.. H.. P.. P.. 
20001760:	20001758 20001758 20001760 20001760     X.. X.. `.. `.. 
20001770:	20001768 20001768 20001770 20001770     h.. h.. p.. p.. 
20001780:	20001778 20001778 20001780 20001780     x.. x.. ... ... 
20001790:	20001788 20001788 20001790 20001790     ... ... ... ... 
200017a0:	20001798 20001798 200017a0 200017a0     ... ... ... ... 
200017b0:	200017a8 200017a8 200017b0 200017b0     ... ... ... ... 
200017c0:	200017b8 200017b8 200017c0 200017c0     ... ... ... ... 
200017d0:	200017c8 200017c8 200017d0 200017d0     ... ... ... ... 
200017e0:	200017d8 200017d8 200017e0 200017e0     ... ... ... ... 
200017f0:	200017e8 200017e8 200017f0 200017f0     ... ... ... ... 
20001800:	200017f8 200017f8 20001800 20001800     ... ... ... ... 
20001810:	20001808 20001808 20001810 20001810     ... ... ... ... 
20001820:	20001818 20001818 20001820 20001820     ... ...  ..  .. 
20001830:	20001828 20001828 20001830 20001830     (.. (.. 0.. 0.. 
20001840:	20001838 20001838 20001840 20001840     8.. 8.. @.. @.. 
20001850:	20001848 20001848 20001850 20001850     H.. H.. P.. P.. 
20001860:	20001858 20001858 20001860 20001860     X.. X.. `.. `.. 
20001870:	20001868 20001868 20001870 20001870     h.. h.. p.. p.. 
20001880:	20001878 20001878 20001880 20001880     x.. x.. ... ... 
20001890:	20001888 20001888 20001890 20001890     ... ... ... ... 
200018a0:	20001898 20001898 200018a0 200018a0     ... ... ... ... 
200018b0:	200018a8 200018a8 200018b0 200018b0     ... ... ... ... 
200018c0:	200018b8 200018b8 200018c0 200018c0     ... ... ... ... 
200018d0:	200018c8 200018c8 200018d0 200018d0     ... ... ... ... 
200018e0:	200018d8 200018d8 200018e0 200018e0     ... ... ... ... 
200018f0:	200018e8 200018e8 200018f0 200018f0     ... ... ... ... 
20001900:	200018f8 200018f8 20001900 20001900     ... ... ... ... 
20001910:	20001908 20001908 20001910 20001910     ... ... ... ... 
20001920:	20001918 20001918 20001920 20001920     ... ...  ..  .. 
20001930:	20001928 20001928 20001930 20001930     (.. (.. 0.. 0.. 
20001940:	20001938 20001938 20001940 20001940     8.. 8.. @.. @.. 
20001950:	20001948 20001948 20001950 20001950     H.. H.. P.. P.. 
20001960:	20001958 20001958 20001960 20001960     X.. X.. `.. `.. 
20001970:	20001968 20001968 20001970 20001970     h.. h.. p.. p.. 
20001980:	20001978 20001978 20001980 20001980     x.. x.. ... ... 
20001990:	20001988 20001988 20001990 20001990     ... ... ... ... 
200019a0:	20001998 20001998 200019a0 200019a0     ... ... ... ... 
200019b0:	200019a8 200019a8 200019b0 200019b0     ... ... ... ... 

200019c0 <_impure_ptr>:
200019c0:	200019c8 00000000                       ... ....

200019c8 <_impure_data>:
200019c8:	00000000 20001d28 20001d90 20001df8     ....(.. ... ... 
	...
20001a60:	00000001 00000000 abcd330e e66d1234     .........3..4.m.
20001a70:	0005deec 0000000b 00000000 00000000     ................
	...

20001b08 <print_mutex>:
	...
